{
"type": "FeatureCollection",
"name": "districts_ap_ts",
"crs": { "type": "name", "properties": { "name": "urn:ogc:def:crs:OGC:1.3:CRS84" } },
"features": [
{ "type": "Feature", "properties": { "district": "Tirupati", "state": "Andhra Pradesh" }, "geometry": { "type": "Polygon", "coordinates": [ [ [ 79.8001868, 14.2658503 ], [ 79.816975, 14.2567145 ], [ 79.8127202, 14.2498786 ], [ 79.8183971, 14.2434322 ], [ 79.817868, 14.225962 ], [ 79.8398239, 14.2168549 ], [ 79.8485161, 14.2088667 ], [ 79.8479837, 14.1987475 ], [ 79.8574338, 14.1795319 ], [ 79.8559199, 14.1762588 ], [ 79.8894698, 14.158091 ], [ 79.9020424, 14.160053 ], [ 79.905558, 14.1540866 ], [ 79.9133744, 14.1522371 ], [ 79.9127848, 14.1494688 ], [ 79.9330825, 14.1423323 ], [ 79.9409918, 14.1500702 ], [ 79.9417111, 14.1612517 ], [ 79.9470056, 14.1616047 ], [ 79.9537008, 14.1529201 ], [ 79.9632886, 14.1606434 ], [ 79.9679644, 14.1602078 ], [ 79.9704075, 14.1666107 ], [ 79.9740745, 14.165761 ], [ 79.9756338, 14.1718904 ], [ 79.972715, 14.175337 ], [ 79.9759778, 14.1855528 ], [ 79.9823583, 14.1855054 ], [ 79.9864763, 14.1932414 ], [ 79.989439, 14.1925072 ], [ 79.9891567, 14.1815076 ], [ 79.9975707, 14.1908948 ], [ 80.0046293, 14.1846459 ], [ 80.0077664, 14.1958602 ], [ 80.0158888, 14.1980626 ], [ 80.021614, 14.1923767 ], [ 80.0201197, 14.1844197 ], [ 80.0236751, 14.1838265 ], [ 80.0340233, 14.1950792 ], [ 80.0285763, 14.1999992 ], [ 80.0303371, 14.2039452 ], [ 80.041655, 14.1982064 ], [ 80.047874, 14.1990064 ], [ 80.0478068, 14.2082376 ], [ 80.0532702, 14.2103877 ], [ 80.057617, 14.2208535 ], [ 80.0645429, 14.2092043 ], [ 80.0683161, 14.213023 ], [ 80.0711312, 14.2250043 ], [ 80.0978225, 14.2311693 ], [ 80.1029503, 14.2348545 ], [ 80.1060113, 14.2384996 ], [ 80.0984621, 14.2519439 ], [ 80.1016531, 14.2555712 ], [ 80.1220417, 14.251427 ], [ 80.1388226, 14.2581145 ], [ 80.1301072, 14.2311609 ], [ 80.1262623, 14.173189 ], [ 80.129325, 14.1255787 ], [ 80.1357004, 14.086614 ], [ 80.1419504, 14.0748671 ], [ 80.1430294, 14.0567737 ], [ 80.1499503, 14.0312996 ], [ 80.198163, 13.9171726 ], [ 80.2183711, 13.8805168 ], [ 80.2175299, 13.8766331 ], [ 80.2191191, 13.8782307 ], [ 80.2208817, 13.8749516 ], [ 80.2536529, 13.7824057 ], [ 80.237533, 13.7238575 ], [ 80.2338666, 13.6967554 ], [ 80.2336496, 13.6584477 ], [ 80.2425715, 13.6164399 ], [ 80.2685393, 13.5645375 ], [ 80.2640496, 13.5626374 ], [ 80.241814, 13.470647 ], [ 80.2258881, 13.4850705 ], [ 80.2138305, 13.4860961 ], [ 80.2145986, 13.4902718 ], [ 80.2106039, 13.4904765 ], [ 80.2099121, 13.4862938 ], [ 80.186529, 13.4906502 ], [ 80.1630449, 13.4882274 ], [ 80.145145, 13.4914152 ], [ 80.1455334, 13.4994869 ], [ 80.1392128, 13.5042738 ], [ 80.131708, 13.501435 ], [ 80.1127715, 13.5059474 ], [ 80.1115147, 13.4932814 ], [ 80.108213, 13.4889199 ], [ 80.1051599, 13.4933532 ], [ 80.1009346, 13.4898456 ], [ 80.1030639, 13.4869489 ], [ 80.0781901, 13.4888114 ], [ 80.0771419, 13.5268049 ], [ 80.0886406, 13.5353997 ], [ 80.0812594, 13.5497512 ], [ 80.068401, 13.544613 ], [ 80.0627514, 13.5453567 ], [ 80.0569346, 13.5366365 ], [ 80.0284381, 13.5388246 ], [ 80.0238981, 13.5460352 ], [ 80.0168945, 13.5471793 ], [ 79.9985997, 13.5427238 ], [ 80.0005191, 13.5256754 ], [ 80.0176531, 13.5295586 ], [ 80.0195204, 13.5192508 ], [ 80.0271859, 13.5137005 ], [ 80.0355203, 13.5183054 ], [ 80.0484232, 13.5122508 ], [ 80.0466183, 13.4936838 ], [ 80.0299998, 13.4981881 ], [ 80.0159046, 13.4979515 ], [ 80.0158396, 13.4890256 ], [ 80.0074905, 13.4786405 ], [ 79.9840773, 13.4795786 ], [ 79.9823969, 13.4704564 ], [ 79.9724203, 13.4690917 ], [ 79.9733387, 13.4296725 ], [ 79.9566518, 13.4221924 ], [ 79.9525521, 13.4258448 ], [ 79.9396096, 13.4250294 ], [ 79.9418382, 13.41672 ], [ 79.9345755, 13.4164539 ], [ 79.9457047, 13.4077306 ], [ 79.941282, 13.400609 ], [ 79.9443564, 13.3968677 ], [ 79.9625692, 13.3942323 ], [ 79.9579959, 13.3791504 ], [ 79.9538999, 13.3771194 ], [ 79.9482163, 13.3832369 ], [ 79.9450477, 13.3817765 ], [ 79.949471, 13.37548 ], [ 79.9456475, 13.3637388 ], [ 79.9421993, 13.3635578 ], [ 79.9380071, 13.3555229 ], [ 79.9313002, 13.3515131 ], [ 79.9252899, 13.3583581 ], [ 79.9159724, 13.3598692 ], [ 79.914851, 13.348138 ], [ 79.9037699, 13.3404199 ], [ 79.883505, 13.3328593 ], [ 79.8828997, 13.3233193 ], [ 79.8680653, 13.3310664 ], [ 79.8628089, 13.3169208 ], [ 79.8535456, 13.3207073 ], [ 79.8532643, 13.3159622 ], [ 79.8360862, 13.3142231 ], [ 79.8291897, 13.3175097 ], [ 79.8089991, 13.3172354 ], [ 79.8035998, 13.3109752 ], [ 79.801645, 13.3005048 ], [ 79.7917328, 13.2935241 ], [ 79.7855883, 13.2966645 ], [ 79.7802274, 13.306145 ], [ 79.7751972, 13.3059807 ], [ 79.7561366, 13.3207994 ], [ 79.7575526, 13.3278174 ], [ 79.7491153, 13.3443223 ], [ 79.7372889, 13.3440339 ], [ 79.7327488, 13.3472316 ], [ 79.7320364, 13.3762013 ], [ 79.7238919, 13.39483 ], [ 79.7145972, 13.4023278 ], [ 79.7089688, 13.4134707 ], [ 79.7098893, 13.4186404 ], [ 79.715846, 13.4217785 ], [ 79.7143416, 13.4366434 ], [ 79.7126112, 13.4396587 ], [ 79.7000443, 13.4432844 ], [ 79.694273, 13.4441545 ], [ 79.6882268, 13.4351814 ], [ 79.6915797, 13.4027355 ], [ 79.6789858, 13.4021119 ], [ 79.6752284, 13.4040656 ], [ 79.6752291, 13.4079748 ], [ 79.670968, 13.4078994 ], [ 79.6693414, 13.3981651 ], [ 79.6567897, 13.4005413 ], [ 79.6605788, 13.392767 ], [ 79.664964, 13.3910393 ], [ 79.6658513, 13.3668287 ], [ 79.6491648, 13.3613148 ], [ 79.6482779, 13.3533021 ], [ 79.5846642, 13.3616622 ], [ 79.5784504, 13.3667326 ], [ 79.56621, 13.3630327 ], [ 79.5522038, 13.353962 ], [ 79.5373006, 13.3386477 ], [ 79.525935, 13.3443868 ], [ 79.5109827, 13.3419032 ], [ 79.5088054, 13.3593332 ], [ 79.5198171, 13.3726452 ], [ 79.5357221, 13.3771396 ], [ 79.5421192, 13.393147 ], [ 79.5377119, 13.4021899 ], [ 79.5301587, 13.4035884 ], [ 79.5225529, 13.3980485 ], [ 79.5105789, 13.3958105 ], [ 79.4986034, 13.3836226 ], [ 79.4793941, 13.3856878 ], [ 79.4863436, 13.4001516 ], [ 79.4790155, 13.4071463 ], [ 79.4788422, 13.4120455 ], [ 79.483698, 13.4198937 ], [ 79.5000209, 13.4230751 ], [ 79.4970208, 13.4352763 ], [ 79.4996462, 13.442216 ], [ 79.5144708, 13.4457937 ], [ 79.5252298, 13.4445235 ], [ 79.5313646, 13.448743 ], [ 79.5233354, 13.4585526 ], [ 79.5242483, 13.4617757 ], [ 79.5138806, 13.4593838 ], [ 79.5006574, 13.4642924 ], [ 79.485824, 13.4550676 ], [ 79.4784246, 13.4608194 ], [ 79.4748928, 13.4735793 ], [ 79.4860082, 13.4738231 ], [ 79.4908731, 13.4688858 ], [ 79.4986029, 13.4708298 ], [ 79.5028157, 13.4748288 ], [ 79.5018088, 13.4842207 ], [ 79.5090034, 13.484997 ], [ 79.5089776, 13.4906604 ], [ 79.5179873, 13.4913412 ], [ 79.5181985, 13.4939851 ], [ 79.5013298, 13.4997371 ], [ 79.4909829, 13.4953153 ], [ 79.4905034, 13.5106366 ], [ 79.4785714, 13.5087306 ], [ 79.4737536, 13.5045138 ], [ 79.4700686, 13.5081332 ], [ 79.4588658, 13.507278 ], [ 79.4499319, 13.4994346 ], [ 79.4436918, 13.497258 ], [ 79.4391803, 13.499894 ], [ 79.4201, 13.4915282 ], [ 79.4195957, 13.4865117 ], [ 79.416544, 13.4915695 ], [ 79.3924321, 13.4919158 ], [ 79.3853891, 13.4891142 ], [ 79.3677639, 13.471038 ], [ 79.3598792, 13.4715063 ], [ 79.3523387, 13.4665253 ], [ 79.3415518, 13.4653445 ], [ 79.3411587, 13.4690414 ], [ 79.3288387, 13.4674215 ], [ 79.3284955, 13.4745531 ], [ 79.3428649, 13.4874041 ], [ 79.3345701, 13.4904083 ], [ 79.3095631, 13.4877049 ], [ 79.2984683, 13.4794493 ], [ 79.2699444, 13.4754981 ], [ 79.2708924, 13.4723892 ], [ 79.2596259, 13.4700794 ], [ 79.2550245, 13.4556918 ], [ 79.2407855, 13.4482104 ], [ 79.239515, 13.441032 ], [ 79.2312025, 13.4422695 ], [ 79.2269545, 13.4482532 ], [ 79.2254077, 13.4425054 ], [ 79.216585, 13.4368937 ], [ 79.2293578, 13.437636 ], [ 79.2333152, 13.4337606 ], [ 79.2395459, 13.4368572 ], [ 79.2416791, 13.4264732 ], [ 79.2582771, 13.4231669 ], [ 79.2458835, 13.4177284 ], [ 79.2338539, 13.4171724 ], [ 79.229276, 13.4177727 ], [ 79.2268033, 13.4226374 ], [ 79.2213729, 13.4172095 ], [ 79.2135987, 13.4217343 ], [ 79.2110736, 13.4275159 ], [ 79.20477, 13.4215307 ], [ 79.2042642, 13.4169505 ], [ 79.2073045, 13.4128803 ], [ 79.2276303, 13.4109039 ], [ 79.2262972, 13.4017851 ], [ 79.2153738, 13.4069161 ], [ 79.1984575, 13.4084517 ], [ 79.1908167, 13.4024172 ], [ 79.1680236, 13.3993364 ], [ 79.1659813, 13.4024546 ], [ 79.1569509, 13.4008064 ], [ 79.1577708, 13.4079415 ], [ 79.1533171, 13.4079039 ], [ 79.1529713, 13.4140284 ], [ 79.1490459, 13.414351 ], [ 79.1495299, 13.4089593 ], [ 79.1454444, 13.4118065 ], [ 79.1415882, 13.4100917 ], [ 79.143051, 13.4210401 ], [ 79.1322128, 13.421096 ], [ 79.1275174, 13.4172155 ], [ 79.1066112, 13.4260915 ], [ 79.0905793, 13.4255639 ], [ 79.0908031, 13.4410003 ], [ 79.0818206, 13.445467 ], [ 79.0774844, 13.4437116 ], [ 79.0698089, 13.4506312 ], [ 79.057651, 13.4420304 ], [ 79.0531212, 13.442207 ], [ 79.0503917, 13.4436611 ], [ 79.0474869, 13.4603684 ], [ 79.0329152, 13.4725435 ], [ 79.0108353, 13.4795766 ], [ 78.9969565, 13.4930647 ], [ 78.9805305, 13.4914595 ], [ 78.983324, 13.5103767 ], [ 78.9955203, 13.5176902 ], [ 79.0090333, 13.5324954 ], [ 79.01687, 13.5381995 ], [ 79.0436906, 13.5399649 ], [ 79.040249, 13.5552869 ], [ 79.0428467, 13.5556755 ], [ 79.0477196, 13.54866 ], [ 79.0534524, 13.5536433 ], [ 79.0612362, 13.5515776 ], [ 79.0748239, 13.5413045 ], [ 79.0834884, 13.5301884 ], [ 79.0777997, 13.5267834 ], [ 79.0800276, 13.5252214 ], [ 79.0776212, 13.5206999 ], [ 79.0821653, 13.5141968 ], [ 79.1119569, 13.5153409 ], [ 79.1191814, 13.521742 ], [ 79.1440985, 13.5220677 ], [ 79.1798295, 13.546503 ], [ 79.169546, 13.5656202 ], [ 79.1769508, 13.5928392 ], [ 79.1719999, 13.6030749 ], [ 79.1589335, 13.6004881 ], [ 79.1476183, 13.6054269 ], [ 79.0890397, 13.612144 ], [ 79.0525381, 13.6130653 ], [ 79.0499082, 13.6202143 ], [ 79.0534863, 13.6289065 ], [ 79.053934, 13.6475373 ], [ 79.0679867, 13.6571964 ], [ 79.076575, 13.669267 ], [ 79.0746816, 13.6859346 ], [ 79.0845126, 13.7022434 ], [ 79.0926604, 13.7247866 ], [ 79.0868131, 13.7351869 ], [ 79.0887721, 13.7373197 ], [ 79.0816766, 13.7397936 ], [ 79.082948, 13.762639 ], [ 79.0891596, 13.7689178 ], [ 79.0887112, 13.7820259 ], [ 79.0624711, 13.7817707 ], [ 79.0487686, 13.778752 ], [ 79.0414889, 13.7719719 ], [ 79.023113, 13.7726702 ], [ 79.0188987, 13.7847935 ], [ 79.0212542, 13.8026987 ], [ 79.0420468, 13.8051901 ], [ 79.0421174, 13.813918 ], [ 79.0367588, 13.8187527 ], [ 79.0256141, 13.8179198 ], [ 79.0208986, 13.8251633 ], [ 79.0137218, 13.8262107 ], [ 79.0156087, 13.8306038 ], [ 79.0106747, 13.8441188 ], [ 79.0189989, 13.8449913 ], [ 79.0251742, 13.8493603 ], [ 79.0209348, 13.8557704 ], [ 79.022673, 13.8579619 ], [ 79.0450052, 13.8588051 ], [ 79.0485689, 13.863675 ], [ 79.044757, 13.8617728 ], [ 79.0347972, 13.8756742 ], [ 79.0208283, 13.879097 ], [ 79.0202153, 13.8850272 ], [ 79.0246466, 13.8870382 ], [ 79.0226506, 13.8923123 ], [ 79.0101432, 13.8956182 ], [ 79.0095218, 13.9013857 ], [ 79.005781, 13.9010879 ], [ 79.0014266, 13.9087222 ], [ 79.0240857, 13.8963111 ], [ 79.0235568, 13.8914934 ], [ 79.0817524, 13.8791941 ], [ 79.0906344, 13.8806417 ], [ 79.0995309, 13.8503001 ], [ 79.1267744, 13.8500555 ], [ 79.148677, 13.8652493 ], [ 79.1501944, 13.8586594 ], [ 79.1567176, 13.853038 ], [ 79.171582, 13.8478854 ], [ 79.1773881, 13.8379607 ], [ 79.2160147, 13.8134468 ], [ 79.2104712, 13.8068172 ], [ 79.2037349, 13.8079372 ], [ 79.1950174, 13.8028888 ], [ 79.1909223, 13.7933311 ], [ 79.2035412, 13.7799614 ], [ 79.2159441, 13.7747274 ], [ 79.224903, 13.7576623 ], [ 79.2421601, 13.7517246 ], [ 79.2418686, 13.7605954 ], [ 79.2930322, 13.7597292 ], [ 79.3057606, 13.7241306 ], [ 79.3724471, 13.7563618 ], [ 79.4178587, 13.7649532 ], [ 79.4218049, 13.7721973 ], [ 79.4167236, 13.7789415 ], [ 79.4182862, 13.7841382 ], [ 79.44451, 13.7824957 ], [ 79.4544713, 13.785027 ], [ 79.468903, 13.7983972 ], [ 79.4567656, 13.8015957 ], [ 79.4543707, 13.8262697 ], [ 79.4344466, 13.8651968 ], [ 79.4339352, 13.8766593 ], [ 79.4446202, 13.8957679 ], [ 79.4418645, 13.905038 ], [ 79.4551919, 13.9233794 ], [ 79.4588436, 13.9463869 ], [ 79.4523119, 13.9537493 ], [ 79.4498643, 13.9712256 ], [ 79.4549863, 13.9875421 ], [ 79.4522178, 13.9929074 ], [ 79.4427299, 13.9978185 ], [ 79.4367314, 14.0237349 ], [ 79.4434371, 14.0400556 ], [ 79.4425778, 14.0607141 ], [ 79.4517383, 14.075542 ], [ 79.4500439, 14.088652 ], [ 79.4542139, 14.100702 ], [ 79.4447201, 14.1163047 ], [ 79.4280336, 14.1846865 ], [ 79.4894765, 14.1799952 ], [ 79.5074042, 14.1742309 ], [ 79.5288679, 14.1719037 ], [ 79.5515865, 14.1559274 ], [ 79.5884233, 14.1415568 ], [ 79.5996747, 14.1315063 ], [ 79.5994313, 14.1197291 ], [ 79.6073702, 14.1146458 ], [ 79.6276547, 14.1101156 ], [ 79.63052, 14.1062669 ], [ 79.6424362, 14.1163018 ], [ 79.6403489, 14.1524899 ], [ 79.6564142, 14.1539022 ], [ 79.6594125, 14.1504017 ], [ 79.6652787, 14.1501268 ], [ 79.6624508, 14.1417071 ], [ 79.6682088, 14.1206595 ], [ 79.681014, 14.1189965 ], [ 79.7078313, 14.1090232 ], [ 79.7162806, 14.1099771 ], [ 79.7250057, 14.1174503 ], [ 79.7282, 14.1251019 ], [ 79.7345809, 14.1268973 ], [ 79.7346415, 14.1352922 ], [ 79.7376328, 14.1356014 ], [ 79.7452129, 14.1560576 ], [ 79.7530507, 14.1662437 ], [ 79.7612233, 14.1675791 ], [ 79.7635319, 14.174757 ], [ 79.7746004, 14.1787195 ], [ 79.7782147, 14.1837951 ], [ 79.7867586, 14.1812792 ], [ 79.8004067, 14.1831922 ], [ 79.8009446, 14.1883657 ], [ 79.7939863, 14.1997799 ], [ 79.7985092, 14.204994 ], [ 79.7956444, 14.2105494 ], [ 79.789669, 14.2097969 ], [ 79.7897622, 14.2174556 ], [ 79.7746514, 14.2233759 ], [ 79.7744929, 14.2274848 ], [ 79.7918784, 14.259796 ], [ 79.7957436, 14.2599762 ], [ 79.8001868, 14.2658503 ] ], [ [ 79.8433748, 13.3216732 ], [ 79.8469806, 13.3237524 ], [ 79.8500365, 13.3239908 ], [ 79.8456677, 13.3275767 ], [ 79.8433748, 13.3216732 ] ] ] } },
{ "type": "Feature", "properties": { "district": "Annamayya", "state": "Andhra Pradesh" }, "geometry": { "type": "Polygon", "coordinates": [ [ [ 78.5474021, 14.155059 ], [ 78.5644249, 14.1359358 ], [ 78.5468084, 14.1327579 ], [ 78.5425651, 14.1220087 ], [ 78.5496664, 14.1223414 ], [ 78.5489074, 14.1154427 ], [ 78.5566706, 14.1180552 ], [ 78.5650591, 14.1124514 ], [ 78.5761965, 14.1258307 ], [ 78.576074, 14.1304897 ], [ 78.5812563, 14.1328056 ], [ 78.5629684, 14.1431101 ], [ 78.5648996, 14.1515613 ], [ 78.5754805, 14.1594224 ], [ 78.5743182, 14.1643553 ], [ 78.5647611, 14.1603244 ], [ 78.5658453, 14.1713174 ], [ 78.5881569, 14.1765985 ], [ 78.5901409, 14.1892751 ], [ 78.5980252, 14.1911292 ], [ 78.6081096, 14.2021479 ], [ 78.6266408, 14.2099659 ], [ 78.6263777, 14.2150434 ], [ 78.6164381, 14.2284804 ], [ 78.6182185, 14.234206 ], [ 78.5990252, 14.250826 ], [ 78.5935074, 14.2734601 ], [ 78.6001206, 14.2761062 ], [ 78.6019907, 14.2822582 ], [ 78.607343, 14.2829756 ], [ 78.6107262, 14.2786794 ], [ 78.6191514, 14.2824217 ], [ 78.6418999, 14.271005 ], [ 78.6495163, 14.2735092 ], [ 78.6592087, 14.2650631 ], [ 78.6532889, 14.2487945 ], [ 78.6681741, 14.245714 ], [ 78.6753882, 14.2469777 ], [ 78.6835841, 14.2689647 ], [ 78.6766978, 14.288513 ], [ 78.6656091, 14.2964911 ], [ 78.6834568, 14.2987532 ], [ 78.701804, 14.2945075 ], [ 78.7331289, 14.2931776 ], [ 78.7482835, 14.2996477 ], [ 78.7442838, 14.3095066 ], [ 78.7495869, 14.3054004 ], [ 78.7548969, 14.3063218 ], [ 78.7632394, 14.3093523 ], [ 78.7625812, 14.3141302 ], [ 78.7695476, 14.3160189 ], [ 78.8018165, 14.3005442 ], [ 78.8140149, 14.2906373 ], [ 78.8267108, 14.2914984 ], [ 78.8383772, 14.2979432 ], [ 78.870995, 14.2972087 ], [ 78.8724783, 14.3097482 ], [ 78.8801338, 14.3228328 ], [ 78.902125, 14.3212788 ], [ 78.9112668, 14.2964774 ], [ 78.9283641, 14.2760172 ], [ 78.9385924, 14.2704467 ], [ 78.9695968, 14.282282 ], [ 78.9935707, 14.2698854 ], [ 78.998619, 14.2772637 ], [ 79.0262346, 14.2897929 ], [ 79.0400813, 14.2810916 ], [ 79.0456842, 14.2845304 ], [ 79.0580694, 14.2835307 ], [ 79.0710177, 14.2776786 ], [ 79.0810521, 14.2955823 ], [ 79.0902545, 14.2956533 ], [ 79.0951564, 14.304665 ], [ 79.1003207, 14.3054365 ], [ 79.1178034, 14.305602 ], [ 79.1367546, 14.2991748 ], [ 79.1345688, 14.2960998 ], [ 79.1459364, 14.2941028 ], [ 79.1561888, 14.3151782 ], [ 79.1551587, 14.3263116 ], [ 79.1403122, 14.3302715 ], [ 79.1312541, 14.3373289 ], [ 79.1207682, 14.3589937 ], [ 79.1247969, 14.3639121 ], [ 79.1207626, 14.3698671 ], [ 79.1410295, 14.3706729 ], [ 79.1568201, 14.355746 ], [ 79.1651357, 14.3563777 ], [ 79.1825608, 14.3828149 ], [ 79.2059168, 14.3881459 ], [ 79.2026473, 14.3944871 ], [ 79.231615, 14.4133958 ], [ 79.2425586, 14.4406603 ], [ 79.2736352, 14.4472343 ], [ 79.284563, 14.4454848 ], [ 79.2802527, 14.4538424 ], [ 79.2820733, 14.472549 ], [ 79.2929249, 14.4846488 ], [ 79.3052026, 14.4838181 ], [ 79.3164433, 14.4765569 ], [ 79.326673, 14.457222 ], [ 79.3246634, 14.4557368 ], [ 79.3299756, 14.4257582 ], [ 79.3430543, 14.4080032 ], [ 79.3486752, 14.4050228 ], [ 79.3590021, 14.3812838 ], [ 79.3642274, 14.3783733 ], [ 79.3675186, 14.3680512 ], [ 79.365995, 14.3513371 ], [ 79.3895155, 14.3406257 ], [ 79.422368, 14.2782977 ], [ 79.4194277, 14.2768087 ], [ 79.4196354, 14.2649739 ], [ 79.4276597, 14.2502497 ], [ 79.4353643, 14.2430871 ], [ 79.4247426, 14.2212695 ], [ 79.4255195, 14.2129777 ], [ 79.4223732, 14.2060357 ], [ 79.4287578, 14.193279 ], [ 79.4283018, 14.1806818 ], [ 79.4447201, 14.1163047 ], [ 79.4542139, 14.100702 ], [ 79.4500439, 14.088652 ], [ 79.4517383, 14.075542 ], [ 79.4425778, 14.0607141 ], [ 79.4434371, 14.0400556 ], [ 79.4367314, 14.0237349 ], [ 79.4427299, 13.9978185 ], [ 79.4522178, 13.9929074 ], [ 79.4549863, 13.9875421 ], [ 79.4498643, 13.9712256 ], [ 79.4523119, 13.9537493 ], [ 79.4588436, 13.9463869 ], [ 79.4551919, 13.9233794 ], [ 79.4418645, 13.905038 ], [ 79.4446202, 13.8957679 ], [ 79.4337664, 13.8721538 ], [ 79.4377387, 13.8559074 ], [ 79.4543707, 13.8262697 ], [ 79.4567656, 13.8015957 ], [ 79.468843, 13.7977397 ], [ 79.4552284, 13.7852929 ], [ 79.4463072, 13.7828076 ], [ 79.4182862, 13.7841382 ], [ 79.4167236, 13.7789415 ], [ 79.4218049, 13.7721973 ], [ 79.4178587, 13.7649532 ], [ 79.3724471, 13.7563618 ], [ 79.3057606, 13.7241306 ], [ 79.2930322, 13.7597292 ], [ 79.2418686, 13.7605954 ], [ 79.2421601, 13.7517246 ], [ 79.224903, 13.7576623 ], [ 79.2159441, 13.7747274 ], [ 79.2035412, 13.7799614 ], [ 79.1909223, 13.7933311 ], [ 79.1950174, 13.8028888 ], [ 79.2037349, 13.8079372 ], [ 79.2104712, 13.8068172 ], [ 79.2160147, 13.8134468 ], [ 79.1773881, 13.8379607 ], [ 79.171582, 13.8478854 ], [ 79.1567176, 13.853038 ], [ 79.1501944, 13.8586594 ], [ 79.148677, 13.8652493 ], [ 79.1267744, 13.8500555 ], [ 79.0995309, 13.8503001 ], [ 79.0906344, 13.8806417 ], [ 79.0817524, 13.8791941 ], [ 79.0235568, 13.8914934 ], [ 79.0240857, 13.8963111 ], [ 79.0014266, 13.9087222 ], [ 79.005781, 13.9010879 ], [ 79.0095218, 13.9013857 ], [ 79.0101432, 13.8956182 ], [ 79.0226506, 13.8923123 ], [ 79.0246466, 13.8870382 ], [ 79.0202153, 13.8850272 ], [ 79.0208283, 13.879097 ], [ 79.0347972, 13.8756742 ], [ 79.044757, 13.8617728 ], [ 79.0485689, 13.863675 ], [ 79.0450052, 13.8588051 ], [ 79.022673, 13.8579619 ], [ 79.0209348, 13.8557704 ], [ 79.0251742, 13.8493603 ], [ 79.0189989, 13.8449913 ], [ 79.0106747, 13.8441188 ], [ 79.0156087, 13.8306038 ], [ 79.0137218, 13.8262107 ], [ 79.0208986, 13.8251633 ], [ 79.0256141, 13.8179198 ], [ 79.0367588, 13.8187527 ], [ 79.0421174, 13.813918 ], [ 79.0420468, 13.8051901 ], [ 79.0213317, 13.8028529 ], [ 79.0191603, 13.7906979 ], [ 79.023113, 13.7726702 ], [ 79.0362138, 13.7712391 ], [ 79.0346763, 13.7627181 ], [ 79.0386895, 13.7494409 ], [ 79.030878, 13.74225 ], [ 79.0158029, 13.7408376 ], [ 78.9985434, 13.7243499 ], [ 78.9932264, 13.7250664 ], [ 78.9775929, 13.7170444 ], [ 78.9803504, 13.6881228 ], [ 78.9832092, 13.6804743 ], [ 78.9880949, 13.6791901 ], [ 78.9943903, 13.6692886 ], [ 78.9926853, 13.6643234 ], [ 78.9867373, 13.665582 ], [ 78.9807051, 13.657824 ], [ 78.9752171, 13.6575627 ], [ 78.9779293, 13.652747 ], [ 78.988524, 13.6547986 ], [ 78.9969057, 13.6315583 ], [ 78.964316, 13.6243533 ], [ 78.9645377, 13.6207488 ], [ 78.9686207, 13.6203359 ], [ 78.973975, 13.6131626 ], [ 78.9692329, 13.5952552 ], [ 78.9578021, 13.5942269 ], [ 78.9536937, 13.5836358 ], [ 78.9504319, 13.5830965 ], [ 78.9439321, 13.590238 ], [ 78.9334806, 13.5928171 ], [ 78.9280943, 13.5821798 ], [ 78.9214267, 13.5800509 ], [ 78.9110981, 13.5799772 ], [ 78.897387, 13.5944554 ], [ 78.8791045, 13.5924076 ], [ 78.8710099, 13.5981833 ], [ 78.8729365, 13.6101149 ], [ 78.8808162, 13.6229785 ], [ 78.8865661, 13.6261546 ], [ 78.8850403, 13.6348828 ], [ 78.8821615, 13.6348831 ], [ 78.8823596, 13.6595638 ], [ 78.8624988, 13.6582254 ], [ 78.8624707, 13.6656095 ], [ 78.8524872, 13.6781127 ], [ 78.8517808, 13.649948 ], [ 78.823779, 13.6242965 ], [ 78.8191367, 13.612591 ], [ 78.8064853, 13.6110836 ], [ 78.798394, 13.615049 ], [ 78.7948546, 13.6118207 ], [ 78.8037546, 13.5887421 ], [ 78.8010951, 13.5820415 ], [ 78.7876002, 13.581091 ], [ 78.7503563, 13.586522 ], [ 78.7389092, 13.5686078 ], [ 78.7385568, 13.5587762 ], [ 78.7413756, 13.5560163 ], [ 78.7384918, 13.5467374 ], [ 78.7412672, 13.5420657 ], [ 78.7374707, 13.5399641 ], [ 78.7392473, 13.5317232 ], [ 78.7350611, 13.5214574 ], [ 78.7309448, 13.5153539 ], [ 78.7303126, 13.5179198 ], [ 78.7107387, 13.5042332 ], [ 78.6926907, 13.5023745 ], [ 78.6838739, 13.486031 ], [ 78.6757128, 13.4821913 ], [ 78.677059, 13.4716517 ], [ 78.6715591, 13.4715217 ], [ 78.6736315, 13.4665319 ], [ 78.6695299, 13.460933 ], [ 78.6581243, 13.4614184 ], [ 78.6543429, 13.4654321 ], [ 78.6560985, 13.4716055 ], [ 78.6638991, 13.4781756 ], [ 78.6628635, 13.4993131 ], [ 78.6436165, 13.5085106 ], [ 78.6376317, 13.507531 ], [ 78.6275811, 13.5171385 ], [ 78.5871301, 13.5187112 ], [ 78.5812747, 13.5239762 ], [ 78.5832079, 13.5376769 ], [ 78.5862081, 13.5407772 ], [ 78.583877, 13.5420935 ], [ 78.5754309, 13.532323 ], [ 78.572696, 13.5208878 ], [ 78.5612548, 13.5115457 ], [ 78.5614944, 13.5063468 ], [ 78.5520495, 13.4991971 ], [ 78.5448912, 13.4845384 ], [ 78.5397008, 13.4834475 ], [ 78.5373398, 13.4866871 ], [ 78.5395046, 13.4899418 ], [ 78.5298016, 13.490065 ], [ 78.5220731, 13.4843855 ], [ 78.4987198, 13.4832486 ], [ 78.4862759, 13.4675067 ], [ 78.4838156, 13.459287 ], [ 78.4763887, 13.4551323 ], [ 78.4865163, 13.4500659 ], [ 78.4833616, 13.4460135 ], [ 78.5115286, 13.4479408 ], [ 78.5025576, 13.4376006 ], [ 78.5006572, 13.4249091 ], [ 78.5098169, 13.4258218 ], [ 78.5254031, 13.4050706 ], [ 78.5199223, 13.3964679 ], [ 78.5240336, 13.379029 ], [ 78.5058871, 13.3708318 ], [ 78.4945484, 13.3572371 ], [ 78.5030607, 13.3552474 ], [ 78.5048766, 13.3513841 ], [ 78.500793, 13.3489823 ], [ 78.4956287, 13.327125 ], [ 78.4849503, 13.3277495 ], [ 78.4833471, 13.3211792 ], [ 78.4768975, 13.3226377 ], [ 78.4666633, 13.315121 ], [ 78.4442057, 13.308111 ], [ 78.4403847, 13.3284294 ], [ 78.4333978, 13.3305055 ], [ 78.4279475, 13.3312929 ], [ 78.421758, 13.328266 ], [ 78.418877, 13.3205744 ], [ 78.4011042, 13.3154695 ], [ 78.3871336, 13.3317922 ], [ 78.3771479, 13.331971 ], [ 78.3782509, 13.3371864 ], [ 78.3830278, 13.343586 ], [ 78.3876847, 13.3427995 ], [ 78.3848692, 13.334886 ], [ 78.4034919, 13.3360645 ], [ 78.4072905, 13.3375239 ], [ 78.4083991, 13.3456859 ], [ 78.3932052, 13.3507399 ], [ 78.3948577, 13.3543283 ], [ 78.3776366, 13.3631462 ], [ 78.370833, 13.3615145 ], [ 78.36967, 13.3582605 ], [ 78.3658112, 13.3586535 ], [ 78.3650771, 13.361799 ], [ 78.3690553, 13.3731882 ], [ 78.3787791, 13.3836452 ], [ 78.3816755, 13.3969832 ], [ 78.3807521, 13.4188663 ], [ 78.3756038, 13.4373778 ], [ 78.3789744, 13.4400714 ], [ 78.3728468, 13.4521382 ], [ 78.374563, 13.4619429 ], [ 78.3708236, 13.4695243 ], [ 78.3787892, 13.4820387 ], [ 78.3753163, 13.508954 ], [ 78.3855241, 13.5155625 ], [ 78.3841099, 13.524901 ], [ 78.3936353, 13.540625 ], [ 78.3931305, 13.5525603 ], [ 78.4066722, 13.5768552 ], [ 78.4015505, 13.5785031 ], [ 78.4020014, 13.587971 ], [ 78.3841967, 13.5918334 ], [ 78.348627, 13.5868672 ], [ 78.346566, 13.5904996 ], [ 78.326171, 13.5948375 ], [ 78.3149586, 13.5914184 ], [ 78.2704751, 13.5881486 ], [ 78.2586049, 13.5830058 ], [ 78.2436935, 13.5968413 ], [ 78.2363401, 13.5985818 ], [ 78.232579, 13.5859832 ], [ 78.2192254, 13.5924627 ], [ 78.2029217, 13.5687833 ], [ 78.192972, 13.5648465 ], [ 78.1896054, 13.5752121 ], [ 78.1902557, 13.5901363 ], [ 78.2033343, 13.6065092 ], [ 78.2041967, 13.6284215 ], [ 78.1682238, 13.6328517 ], [ 78.169037, 13.6539617 ], [ 78.1560904, 13.6585925 ], [ 78.1142925, 13.6573621 ], [ 78.1022507, 13.6510592 ], [ 78.0989461, 13.6427989 ], [ 78.0871087, 13.6430662 ], [ 78.089743, 13.6590991 ], [ 78.078549, 13.6672727 ], [ 78.0770128, 13.673353 ], [ 78.0657166, 13.6761406 ], [ 78.0735854, 13.6877265 ], [ 78.0696093, 13.6908043 ], [ 78.0690761, 13.6978085 ], [ 78.0924184, 13.6911744 ], [ 78.1132201, 13.6927353 ], [ 78.1205525, 13.7159282 ], [ 78.1043286, 13.7365442 ], [ 78.0915234, 13.7422769 ], [ 78.0998813, 13.7584591 ], [ 78.1138022, 13.7634316 ], [ 78.1265444, 13.7878974 ], [ 78.1378593, 13.781872 ], [ 78.1470335, 13.7813788 ], [ 78.1511817, 13.7855679 ], [ 78.1648781, 13.7836227 ], [ 78.1893571, 13.7882346 ], [ 78.1958759, 13.7848388 ], [ 78.2025208, 13.7855056 ], [ 78.2088077, 13.7810023 ], [ 78.2369983, 13.7787966 ], [ 78.2487461, 13.7857765 ], [ 78.2511621, 13.7916311 ], [ 78.2614178, 13.7913522 ], [ 78.2629673, 13.7983084 ], [ 78.2549696, 13.8062594 ], [ 78.2549019, 13.8206113 ], [ 78.2588255, 13.8237855 ], [ 78.2556933, 13.8271599 ], [ 78.2565602, 13.83441 ], [ 78.2408292, 13.8451173 ], [ 78.2421992, 13.8505001 ], [ 78.2574554, 13.853927 ], [ 78.2589859, 13.8581291 ], [ 78.2650012, 13.857642 ], [ 78.2631326, 13.8642303 ], [ 78.2687999, 13.8675224 ], [ 78.2678107, 13.8728186 ], [ 78.2781825, 13.8895576 ], [ 78.2727381, 13.8949284 ], [ 78.279959, 13.8975148 ], [ 78.2893469, 13.8920577 ], [ 78.2980686, 13.8937315 ], [ 78.2993001, 13.9062695 ], [ 78.306334, 13.9083275 ], [ 78.3181547, 13.9207817 ], [ 78.3255576, 13.9217355 ], [ 78.3313781, 13.9179763 ], [ 78.3364926, 13.9267606 ], [ 78.3372605, 13.9366515 ], [ 78.3467993, 13.9347585 ], [ 78.3483659, 13.939857 ], [ 78.352088, 13.9384487 ], [ 78.3703398, 13.9567472 ], [ 78.3755851, 13.9522577 ], [ 78.3723966, 13.9444236 ], [ 78.3874212, 13.9389372 ], [ 78.4043404, 13.9562526 ], [ 78.4204946, 13.9632844 ], [ 78.4270629, 13.979189 ], [ 78.4532805, 13.9841612 ], [ 78.4603903, 13.987345 ], [ 78.4667537, 13.9950782 ], [ 78.4692619, 14.0070139 ], [ 78.4583344, 14.0080785 ], [ 78.4403427, 14.0184941 ], [ 78.4398032, 14.0429856 ], [ 78.4487163, 14.0520599 ], [ 78.4459476, 14.0565308 ], [ 78.4471928, 14.0705433 ], [ 78.4424184, 14.0804149 ], [ 78.4443531, 14.0841317 ], [ 78.448005, 14.0821061 ], [ 78.4543189, 14.0842382 ], [ 78.4584723, 14.0906709 ], [ 78.4612807, 14.1063986 ], [ 78.4539639, 14.1152785 ], [ 78.4442252, 14.1397616 ], [ 78.4614974, 14.148226 ], [ 78.4766032, 14.1599014 ], [ 78.4781648, 14.1649165 ], [ 78.4901872, 14.1641008 ], [ 78.4987151, 14.1714101 ], [ 78.5087971, 14.167736 ], [ 78.5175298, 14.1705805 ], [ 78.5247604, 14.169122 ], [ 78.5282991, 14.1540391 ], [ 78.5474021, 14.155059 ] ] ] } },
{ "type": "Feature", "properties": { "district": "Sri Sathya Sai", "state": "Andhra Pradesh" }, "geometry": { "type": "Polygon", "coordinates": [ [ [ 77.8779593, 14.6432737 ], [ 77.8844782, 14.6473253 ], [ 77.8936275, 14.6477328 ], [ 77.8979745, 14.6442052 ], [ 77.9223669, 14.641399 ], [ 77.9430977, 14.6332503 ], [ 77.9499193, 14.6351374 ], [ 77.9580718, 14.6328169 ], [ 77.9698902, 14.6226809 ], [ 77.9847192, 14.6189474 ], [ 77.9904041, 14.6118978 ], [ 77.9819435, 14.5953141 ], [ 77.9873781, 14.5844903 ], [ 77.9853157, 14.5720395 ], [ 77.9885331, 14.5698397 ], [ 77.98597, 14.5672812 ], [ 77.9753816, 14.5686149 ], [ 77.9694507, 14.5749873 ], [ 77.9657893, 14.5883641 ], [ 77.9618664, 14.5817375 ], [ 77.9536256, 14.5795035 ], [ 77.9440493, 14.5702665 ], [ 77.9525107, 14.5621078 ], [ 77.9611682, 14.5600058 ], [ 77.9769189, 14.5377536 ], [ 77.972497, 14.5320935 ], [ 77.9980627, 14.5004485 ], [ 78.0005599, 14.4885816 ], [ 78.0635528, 14.4344921 ], [ 78.0850445, 14.421379 ], [ 78.0858225, 14.4149809 ], [ 78.106658, 14.392865 ], [ 78.1369134, 14.3785897 ], [ 78.1708894, 14.354323 ], [ 78.1885239, 14.349766 ], [ 78.1911785, 14.3435918 ], [ 78.2179477, 14.3284532 ], [ 78.2198906, 14.322366 ], [ 78.2288831, 14.3153198 ], [ 78.2472852, 14.3072306 ], [ 78.2511097, 14.3081216 ], [ 78.2532822, 14.3045957 ], [ 78.2772389, 14.3046382 ], [ 78.2849396, 14.2917437 ], [ 78.2944923, 14.2932458 ], [ 78.3074187, 14.290248 ], [ 78.3205092, 14.2934316 ], [ 78.3386194, 14.2882205 ], [ 78.3570839, 14.2926643 ], [ 78.3641743, 14.2868816 ], [ 78.3682964, 14.2876966 ], [ 78.3956122, 14.2767462 ], [ 78.4158887, 14.2777171 ], [ 78.4205029, 14.2829215 ], [ 78.4238289, 14.2733786 ], [ 78.408471, 14.2268532 ], [ 78.4058779, 14.2009944 ], [ 78.4143268, 14.1960286 ], [ 78.4232001, 14.1983409 ], [ 78.4293055, 14.1963261 ], [ 78.4302427, 14.1827996 ], [ 78.4236414, 14.1781774 ], [ 78.419828, 14.1679449 ], [ 78.4216759, 14.1484195 ], [ 78.4282655, 14.1388915 ], [ 78.4382011, 14.1367877 ], [ 78.4387529, 14.1340491 ], [ 78.4434313, 14.1376981 ], [ 78.4489973, 14.1307091 ], [ 78.4539639, 14.1152785 ], [ 78.4612488, 14.1068007 ], [ 78.4585755, 14.0910019 ], [ 78.4543189, 14.0842382 ], [ 78.448005, 14.0821061 ], [ 78.4443531, 14.0841317 ], [ 78.4424184, 14.0804149 ], [ 78.4471928, 14.0705433 ], [ 78.4459476, 14.0565308 ], [ 78.4487163, 14.0520599 ], [ 78.4398032, 14.0429856 ], [ 78.4403427, 14.0184941 ], [ 78.4428544, 14.0151194 ], [ 78.4583344, 14.0080785 ], [ 78.4692619, 14.0070139 ], [ 78.4667537, 13.9950782 ], [ 78.4603903, 13.987345 ], [ 78.4270629, 13.979189 ], [ 78.4204946, 13.9632844 ], [ 78.4043404, 13.9562526 ], [ 78.3865091, 13.9385348 ], [ 78.3723966, 13.9444236 ], [ 78.3755851, 13.9522577 ], [ 78.3703398, 13.9567472 ], [ 78.352088, 13.9384487 ], [ 78.3483659, 13.939857 ], [ 78.3467993, 13.9347585 ], [ 78.3372605, 13.9366515 ], [ 78.3364926, 13.9267606 ], [ 78.3313781, 13.9179763 ], [ 78.3255576, 13.9217355 ], [ 78.3181547, 13.9207817 ], [ 78.306334, 13.9083275 ], [ 78.2993001, 13.9062695 ], [ 78.2980686, 13.8937315 ], [ 78.2893469, 13.8920577 ], [ 78.279959, 13.8975148 ], [ 78.2727381, 13.8949284 ], [ 78.2781825, 13.8895576 ], [ 78.2678107, 13.8728186 ], [ 78.2687999, 13.8675224 ], [ 78.2631326, 13.8642303 ], [ 78.2650012, 13.857642 ], [ 78.2589859, 13.8581291 ], [ 78.2574554, 13.853927 ], [ 78.2421992, 13.8505001 ], [ 78.2408292, 13.8451173 ], [ 78.2565602, 13.83441 ], [ 78.2556933, 13.8271599 ], [ 78.2588255, 13.8237855 ], [ 78.2549019, 13.8206113 ], [ 78.2549696, 13.8062594 ], [ 78.2629673, 13.7983084 ], [ 78.2614634, 13.7914115 ], [ 78.2511621, 13.7916311 ], [ 78.2487461, 13.7857765 ], [ 78.2369983, 13.7787966 ], [ 78.2088077, 13.7810023 ], [ 78.2025208, 13.7855056 ], [ 78.1958759, 13.7848388 ], [ 78.1893571, 13.7882346 ], [ 78.1648781, 13.7836227 ], [ 78.1511817, 13.7855679 ], [ 78.1470335, 13.7813788 ], [ 78.1288517, 13.7854608 ], [ 78.1226876, 13.7987777 ], [ 78.113753, 13.807468 ], [ 78.125435, 13.8320827 ], [ 78.122201, 13.8389496 ], [ 78.1236345, 13.8453538 ], [ 78.1165438, 13.8518749 ], [ 78.1147762, 13.8628883 ], [ 78.1018527, 13.8616986 ], [ 78.089937, 13.8646978 ], [ 78.081906, 13.8612409 ], [ 78.0789986, 13.8811551 ], [ 78.0495315, 13.8959931 ], [ 78.0508335, 13.8759866 ], [ 78.0461928, 13.8621332 ], [ 78.0413027, 13.8602762 ], [ 78.0318496, 13.8642522 ], [ 78.0212296, 13.8638275 ], [ 78.0167192, 13.8649553 ], [ 78.011524, 13.8719386 ], [ 78.0004838, 13.8729283 ], [ 77.9983227, 13.8690805 ], [ 77.9920641, 13.8688168 ], [ 77.9888467, 13.8537736 ], [ 77.9829788, 13.8472729 ], [ 77.9761028, 13.8294923 ], [ 77.9529824, 13.8273537 ], [ 77.9562505, 13.8359303 ], [ 77.9490647, 13.8707038 ], [ 77.9490788, 13.886449 ], [ 77.9596035, 13.8920734 ], [ 77.9843149, 13.8971935 ], [ 77.9866172, 13.903003 ], [ 77.9830975, 13.9048664 ], [ 77.9802486, 13.9278571 ], [ 77.9875258, 13.9554982 ], [ 77.9681297, 13.960188 ], [ 77.9619501, 13.9549659 ], [ 77.9573396, 13.9367232 ], [ 77.9545085, 13.9385409 ], [ 77.946203, 13.9353444 ], [ 77.926767, 13.9053268 ], [ 77.9154189, 13.907855 ], [ 77.8958178, 13.9203619 ], [ 77.8989094, 13.930643 ], [ 77.8956945, 13.941042 ], [ 77.8686078, 13.9360124 ], [ 77.854847, 13.9381762 ], [ 77.838825, 13.9358882 ], [ 77.8265883, 13.9447246 ], [ 77.8148434, 13.9319278 ], [ 77.8134924, 13.9146232 ], [ 77.8170288, 13.9083107 ], [ 77.8161779, 13.9029935 ], [ 77.8319561, 13.8956692 ], [ 77.8355394, 13.8809686 ], [ 77.8273298, 13.8744412 ], [ 77.8370724, 13.869741 ], [ 77.820195, 13.8632092 ], [ 77.8120303, 13.8489759 ], [ 77.7930066, 13.8489428 ], [ 77.7822687, 13.8440805 ], [ 77.7842614, 13.834392 ], [ 77.7889893, 13.8297716 ], [ 77.7887565, 13.8231632 ], [ 77.7815346, 13.8182932 ], [ 77.7635083, 13.8172188 ], [ 77.7479286, 13.8103861 ], [ 77.7407247, 13.8124231 ], [ 77.7315754, 13.8075733 ], [ 77.7292932, 13.8022099 ], [ 77.7193087, 13.8002749 ], [ 77.7222786, 13.7939395 ], [ 77.7186829, 13.7840961 ], [ 77.7222234, 13.7688514 ], [ 77.7171502, 13.741341 ], [ 77.7151446, 13.7437595 ], [ 77.7084561, 13.7410424 ], [ 77.7032945, 13.7697886 ], [ 77.6951849, 13.7706992 ], [ 77.6717182, 13.7604808 ], [ 77.6798738, 13.772335 ], [ 77.6800783, 13.7867777 ], [ 77.6512937, 13.7840746 ], [ 77.6459943, 13.7787649 ], [ 77.6210723, 13.7684385 ], [ 77.6175027, 13.761931 ], [ 77.6188439, 13.7549621 ], [ 77.6296445, 13.7542031 ], [ 77.642234, 13.7468019 ], [ 77.6414288, 13.7419483 ], [ 77.6277168, 13.7346002 ], [ 77.6244298, 13.7352283 ], [ 77.6135549, 13.7519114 ], [ 77.5999723, 13.7507595 ], [ 77.5863662, 13.733499 ], [ 77.5716811, 13.7382044 ], [ 77.5605675, 13.7224066 ], [ 77.5492863, 13.7406386 ], [ 77.5474419, 13.7529007 ], [ 77.5408571, 13.7559489 ], [ 77.526632, 13.7536203 ], [ 77.5220243, 13.7445475 ], [ 77.536637, 13.7306013 ], [ 77.5338553, 13.7052514 ], [ 77.5283369, 13.6930108 ], [ 77.5247001, 13.691179 ], [ 77.5196319, 13.6962656 ], [ 77.5123699, 13.6972475 ], [ 77.5141686, 13.7132109 ], [ 77.4850399, 13.7147825 ], [ 77.4919487, 13.6897875 ], [ 77.4878287, 13.6891685 ], [ 77.4878801, 13.6866618 ], [ 77.4553341, 13.6822616 ], [ 77.4560894, 13.6907165 ], [ 77.4500742, 13.7109001 ], [ 77.4649616, 13.7108349 ], [ 77.464644, 13.7341301 ], [ 77.4705514, 13.7580207 ], [ 77.4651488, 13.7586816 ], [ 77.4613846, 13.7883938 ], [ 77.4564874, 13.7887189 ], [ 77.4608717, 13.8030049 ], [ 77.4646313, 13.8031844 ], [ 77.4645908, 13.8060768 ], [ 77.4453316, 13.8110223 ], [ 77.4370272, 13.7967027 ], [ 77.4225677, 13.7990919 ], [ 77.4286503, 13.8068052 ], [ 77.4196655, 13.8095952 ], [ 77.4184542, 13.80626 ], [ 77.4164283, 13.8087552 ], [ 77.43252, 13.8432165 ], [ 77.429167, 13.8448035 ], [ 77.4268306, 13.8411162 ], [ 77.4155426, 13.8397267 ], [ 77.381898, 13.8393628 ], [ 77.3794005, 13.840836 ], [ 77.3811859, 13.8472851 ], [ 77.3768936, 13.8506881 ], [ 77.3624304, 13.854246 ], [ 77.3368421, 13.8327473 ], [ 77.3253817, 13.8332437 ], [ 77.3214494, 13.8559192 ], [ 77.311495, 13.8665828 ], [ 77.3099857, 13.8628352 ], [ 77.2949177, 13.8574029 ], [ 77.2882842, 13.8474762 ], [ 77.2802718, 13.8510477 ], [ 77.2566946, 13.8465223 ], [ 77.2591142, 13.8631365 ], [ 77.2463601, 13.8679136 ], [ 77.2486802, 13.8735212 ], [ 77.2447208, 13.8832712 ], [ 77.2477811, 13.8883223 ], [ 77.2482688, 13.901211 ], [ 77.236467, 13.9010176 ], [ 77.2356219, 13.9041363 ], [ 77.2306483, 13.9033339 ], [ 77.2298891, 13.8916113 ], [ 77.2198505, 13.8677173 ], [ 77.2154054, 13.8679132 ], [ 77.2170303, 13.8837391 ], [ 77.2131269, 13.88619 ], [ 77.2004308, 13.8630372 ], [ 77.1813891, 13.8698435 ], [ 77.1856786, 13.876165 ], [ 77.1858398, 13.892326 ], [ 77.1908365, 13.9118661 ], [ 77.1847096, 13.9251859 ], [ 77.1699218, 13.9206108 ], [ 77.1619342, 13.9066249 ], [ 77.1620454, 13.8990559 ], [ 77.1687567, 13.8895732 ], [ 77.171358, 13.8711107 ], [ 77.1685799, 13.8644906 ], [ 77.1476373, 13.8684757 ], [ 77.136039, 13.856517 ], [ 77.128199, 13.8564584 ], [ 77.1321674, 13.846204 ], [ 77.1560146, 13.8443542 ], [ 77.1536778, 13.8341363 ], [ 77.1654851, 13.8331135 ], [ 77.168685, 13.8296195 ], [ 77.1677216, 13.8212093 ], [ 77.1595215, 13.8168583 ], [ 77.1625772, 13.8086599 ], [ 77.1575178, 13.8060303 ], [ 77.1621003, 13.8047553 ], [ 77.1651555, 13.7944689 ], [ 77.1785075, 13.7826847 ], [ 77.1730522, 13.7620098 ], [ 77.1511139, 13.7662066 ], [ 77.1408726, 13.7650368 ], [ 77.1368406, 13.7582986 ], [ 77.1059597, 13.7677612 ], [ 77.090443, 13.7671401 ], [ 77.0902218, 13.7623586 ], [ 77.0854689, 13.7623352 ], [ 77.0838332, 13.756636 ], [ 77.0856344, 13.7424359 ], [ 77.0647004, 13.7438323 ], [ 77.0574948, 13.7529645 ], [ 77.0580381, 13.7602996 ], [ 77.0485606, 13.770185 ], [ 77.0440554, 13.7708627 ], [ 77.0433707, 13.7777937 ], [ 77.0244725, 13.7792236 ], [ 77.0238765, 13.7679024 ], [ 77.0173535, 13.7560996 ], [ 77.016502, 13.7385092 ], [ 76.9985033, 13.7455735 ], [ 76.9983893, 13.7550504 ], [ 76.9852011, 13.7907951 ], [ 76.9916897, 13.8026689 ], [ 76.9896893, 13.8129473 ], [ 76.9764095, 13.8173277 ], [ 76.9780212, 13.8268666 ], [ 76.988898, 13.8352588 ], [ 76.9922308, 13.8490075 ], [ 77.0065401, 13.8520575 ], [ 77.0140194, 13.8601654 ], [ 77.0131862, 13.8715162 ], [ 77.0184729, 13.8725355 ], [ 77.0162514, 13.8844067 ], [ 77.0232452, 13.8959295 ], [ 77.0230746, 13.9022125 ], [ 77.0472928, 13.9065997 ], [ 77.0416571, 13.9334332 ], [ 77.0243727, 13.9399521 ], [ 77.0141647, 13.9548784 ], [ 76.9937659, 13.9625641 ], [ 77.0003301, 13.9894175 ], [ 76.9653857, 14.011495 ], [ 76.9499416, 14.0150928 ], [ 76.9437787, 14.0233015 ], [ 76.9434657, 14.0297415 ], [ 76.9350235, 14.0328031 ], [ 76.9311346, 14.0302009 ], [ 76.9343968, 14.0446436 ], [ 76.9323847, 14.0539248 ], [ 76.9503125, 14.0535627 ], [ 76.9717395, 14.058016 ], [ 76.9775701, 14.0712888 ], [ 76.9734455, 14.0835194 ], [ 76.9594104, 14.0916319 ], [ 76.9484003, 14.0920511 ], [ 76.9535283, 14.0996553 ], [ 76.94569, 14.1182135 ], [ 76.9249679, 14.1370897 ], [ 76.9175701, 14.1288398 ], [ 76.912842, 14.1288134 ], [ 76.885914, 14.1382382 ], [ 76.8905175, 14.1428249 ], [ 76.8945344, 14.1678113 ], [ 76.9096612, 14.1679635 ], [ 76.9197483, 14.1644597 ], [ 76.9219214, 14.1694213 ], [ 76.9421776, 14.1733119 ], [ 76.9445417, 14.1861065 ], [ 76.9427062, 14.195402 ], [ 76.9475662, 14.1981754 ], [ 76.9606047, 14.1817713 ], [ 76.983772, 14.1788158 ], [ 77.0054604, 14.1839685 ], [ 77.0233292, 14.1766877 ], [ 77.026035, 14.1747863 ], [ 77.0204066, 14.1571635 ], [ 77.0201044, 14.1309033 ], [ 77.0258561, 14.1299378 ], [ 77.0262196, 14.1250166 ], [ 77.0218119, 14.1232477 ], [ 77.024058, 14.1126059 ], [ 77.0146737, 14.1000021 ], [ 77.0298011, 14.088173 ], [ 77.0254411, 14.0657272 ], [ 77.0276836, 14.0617464 ], [ 77.0347596, 14.0556981 ], [ 77.0761231, 14.0532722 ], [ 77.0753152, 14.0434834 ], [ 77.0789216, 14.042639 ], [ 77.1274019, 14.0470143 ], [ 77.1318366, 14.0439187 ], [ 77.1363957, 14.0229042 ], [ 77.1403622, 14.0179554 ], [ 77.1410743, 14.0038554 ], [ 77.1492227, 14.0011629 ], [ 77.1728325, 14.0010836 ], [ 77.1709468, 14.0120003 ], [ 77.1740019, 14.0129849 ], [ 77.2046686, 14.0082502 ], [ 77.2198195, 14.0135732 ], [ 77.2453541, 14.0119444 ], [ 77.2605902, 14.0288563 ], [ 77.2703578, 14.0344826 ], [ 77.2787601, 14.032412 ], [ 77.2749975, 14.0112837 ], [ 77.2982713, 14.0216059 ], [ 77.3065754, 14.0320031 ], [ 77.3222305, 14.0299946 ], [ 77.3226836, 14.0230093 ], [ 77.3368557, 14.0044689 ], [ 77.3362204, 13.9953677 ], [ 77.361091, 13.9908121 ], [ 77.352125, 13.9687516 ], [ 77.3538531, 13.9627947 ], [ 77.3494879, 13.9581402 ], [ 77.3712865, 13.9527514 ], [ 77.3478388, 13.9159637 ], [ 77.3528349, 13.9135 ], [ 77.3544452, 13.9041107 ], [ 77.3978762, 13.9061832 ], [ 77.3987427, 13.8881259 ], [ 77.4054646, 13.8894495 ], [ 77.4105682, 13.896314 ], [ 77.4205061, 13.8993314 ], [ 77.4284095, 13.9059284 ], [ 77.4350414, 13.9150066 ], [ 77.4349016, 13.9196687 ], [ 77.4158785, 13.9241969 ], [ 77.4120858, 13.9455588 ], [ 77.4307175, 13.9450844 ], [ 77.4353639, 13.9475148 ], [ 77.437584, 13.9555078 ], [ 77.4347503, 13.9643824 ], [ 77.4378814, 13.9755216 ], [ 77.4340183, 13.9801638 ], [ 77.4276595, 13.9796771 ], [ 77.4258385, 13.986107 ], [ 77.3956908, 13.9837306 ], [ 77.3816432, 13.9762337 ], [ 77.379674, 13.989842 ], [ 77.3901578, 14.0166962 ], [ 77.3323026, 14.0306882 ], [ 77.3405049, 14.0601912 ], [ 77.3605449, 14.0625598 ], [ 77.3636606, 14.0730058 ], [ 77.375619, 14.0793512 ], [ 77.3812677, 14.0978394 ], [ 77.3888104, 14.0994797 ], [ 77.3976094, 14.1095526 ], [ 77.4009204, 14.1187126 ], [ 77.3973647, 14.1254375 ], [ 77.3906131, 14.1266401 ], [ 77.3616808, 14.1153327 ], [ 77.3474666, 14.1036356 ], [ 77.3517148, 14.1311044 ], [ 77.3789436, 14.1358415 ], [ 77.3850664, 14.1532629 ], [ 77.3880443, 14.1536333 ], [ 77.3892488, 14.1596484 ], [ 77.3948761, 14.1607688 ], [ 77.3916209, 14.1728217 ], [ 77.3937192, 14.1742452 ], [ 77.4078505, 14.1735162 ], [ 77.4203567, 14.176949 ], [ 77.422604, 14.1729789 ], [ 77.4301951, 14.1704647 ], [ 77.4670002, 14.1716425 ], [ 77.4680861, 14.1648856 ], [ 77.4807986, 14.1647361 ], [ 77.503506, 14.1571179 ], [ 77.5170294, 14.1860428 ], [ 77.5046483, 14.1939768 ], [ 77.5013303, 14.2047668 ], [ 77.503282, 14.2105388 ], [ 77.4944852, 14.2242403 ], [ 77.4959207, 14.2319945 ], [ 77.4927884, 14.2310064 ], [ 77.5034108, 14.259771 ], [ 77.4982815, 14.2788483 ], [ 77.4927529, 14.2781505 ], [ 77.4871245, 14.2817232 ], [ 77.4831155, 14.2907136 ], [ 77.4789269, 14.2921615 ], [ 77.4596495, 14.2805049 ], [ 77.4502798, 14.2807068 ], [ 77.445182, 14.2952283 ], [ 77.4462218, 14.3174665 ], [ 77.4312601, 14.3129603 ], [ 77.4283992, 14.3286422 ], [ 77.4230829, 14.3281778 ], [ 77.4064447, 14.3377473 ], [ 77.394171, 14.336587 ], [ 77.3790377, 14.3227183 ], [ 77.3770728, 14.3047955 ], [ 77.3824024, 14.2990109 ], [ 77.3887739, 14.2808438 ], [ 77.3872027, 14.2711639 ], [ 77.3957841, 14.2661155 ], [ 77.405385, 14.2666885 ], [ 77.4088315, 14.2598507 ], [ 77.4096698, 14.2319174 ], [ 77.417693, 14.2258425 ], [ 77.4193905, 14.2116248 ], [ 77.4140915, 14.2047732 ], [ 77.400767, 14.2032126 ], [ 77.3925953, 14.1988431 ], [ 77.3870921, 14.2000303 ], [ 77.3832245, 14.2074435 ], [ 77.3842024, 14.2209514 ], [ 77.3791713, 14.2264829 ], [ 77.359486, 14.2340065 ], [ 77.3638269, 14.2546912 ], [ 77.3637746, 14.2758338 ], [ 77.3570486, 14.2765811 ], [ 77.356933, 14.2941365 ], [ 77.3500645, 14.2975752 ], [ 77.349192, 14.3077255 ], [ 77.3457254, 14.306663 ], [ 77.3458975, 14.3022883 ], [ 77.3414948, 14.3017048 ], [ 77.3332958, 14.3044241 ], [ 77.3329984, 14.3084282 ], [ 77.3197148, 14.3112139 ], [ 77.3192416, 14.3313337 ], [ 77.3167333, 14.3339769 ], [ 77.3278849, 14.3368491 ], [ 77.3290474, 14.341459 ], [ 77.3258298, 14.3442061 ], [ 77.3320861, 14.351637 ], [ 77.3271202, 14.3570276 ], [ 77.3260608, 14.3680047 ], [ 77.3186561, 14.3724997 ], [ 77.3214921, 14.3774806 ], [ 77.3171622, 14.3770006 ], [ 77.316104, 14.3812078 ], [ 77.3237227, 14.433624 ], [ 77.3345856, 14.4451412 ], [ 77.3326272, 14.4518338 ], [ 77.3408589, 14.4522735 ], [ 77.3528185, 14.4600164 ], [ 77.3629798, 14.4614632 ], [ 77.3587298, 14.4830786 ], [ 77.3770092, 14.4975406 ], [ 77.357606, 14.5290071 ], [ 77.3558749, 14.5384005 ], [ 77.3805852, 14.5446655 ], [ 77.3901002, 14.5534255 ], [ 77.3982035, 14.5535951 ], [ 77.4073952, 14.5491542 ], [ 77.4156554, 14.5502795 ], [ 77.4472823, 14.5595502 ], [ 77.4619018, 14.5681143 ], [ 77.469151, 14.5670974 ], [ 77.471345, 14.5641761 ], [ 77.469402, 14.5545525 ], [ 77.4727468, 14.5556362 ], [ 77.4741622, 14.5529253 ], [ 77.478209, 14.532508 ], [ 77.4717589, 14.5146122 ], [ 77.4782104, 14.4964495 ], [ 77.4881328, 14.4816891 ], [ 77.4861481, 14.4748114 ], [ 77.4912703, 14.4715249 ], [ 77.517602, 14.488467 ], [ 77.5315282, 14.4841942 ], [ 77.5312813, 14.4747908 ], [ 77.546524, 14.4593652 ], [ 77.5708592, 14.4618069 ], [ 77.5685335, 14.4526374 ], [ 77.5712728, 14.4521218 ], [ 77.5731504, 14.4551752 ], [ 77.5806711, 14.4541579 ], [ 77.5805657, 14.4586473 ], [ 77.5849426, 14.4598299 ], [ 77.6061733, 14.4587594 ], [ 77.6118328, 14.4617822 ], [ 77.616049, 14.477553 ], [ 77.627547, 14.4801918 ], [ 77.6355986, 14.4891704 ], [ 77.6445632, 14.4886197 ], [ 77.6559597, 14.4821187 ], [ 77.6672112, 14.4866743 ], [ 77.6765407, 14.497468 ], [ 77.6769994, 14.5050801 ], [ 77.6601434, 14.5167003 ], [ 77.6495724, 14.517805 ], [ 77.6543276, 14.5355547 ], [ 77.6684677, 14.540765 ], [ 77.6782465, 14.536673 ], [ 77.6933445, 14.5368707 ], [ 77.7040204, 14.545885 ], [ 77.7143401, 14.5754734 ], [ 77.7205191, 14.5792 ], [ 77.7284876, 14.5737838 ], [ 77.7359638, 14.5760574 ], [ 77.7382487, 14.5857419 ], [ 77.7339846, 14.5885301 ], [ 77.7368304, 14.5923566 ], [ 77.7580696, 14.5959588 ], [ 77.7606381, 14.5932067 ], [ 77.7733448, 14.594733 ], [ 77.7946098, 14.6119924 ], [ 77.7989425, 14.6112975 ], [ 77.8042955, 14.6151874 ], [ 77.8174195, 14.6003285 ], [ 77.8248961, 14.6047921 ], [ 77.8457939, 14.5979124 ], [ 77.8519166, 14.5996174 ], [ 77.8551497, 14.6079469 ], [ 77.8399386, 14.6119785 ], [ 77.8556531, 14.6140987 ], [ 77.8535774, 14.6340237 ], [ 77.8502366, 14.6376353 ], [ 77.86071, 14.6425288 ], [ 77.8698148, 14.6536768 ], [ 77.8779593, 14.6432737 ] ] ] } },
{ "type": "Feature", "properties": { "district": "Chittoor", "state": "Andhra Pradesh" }, "geometry": { "type": "MultiPolygon", "coordinates": [ [ [ [ 79.7129823, 13.4047057 ], [ 79.7238919, 13.39483 ], [ 79.7320364, 13.3762013 ], [ 79.7327488, 13.3472316 ], [ 79.7372889, 13.3440339 ], [ 79.7491153, 13.3443223 ], [ 79.7575526, 13.3278174 ], [ 79.7561366, 13.3207994 ], [ 79.7607561, 13.3184444 ], [ 79.7618597, 13.3126406 ], [ 79.7566913, 13.2952342 ], [ 79.7442283, 13.2885912 ], [ 79.7392415, 13.2913457 ], [ 79.7340447, 13.2890158 ], [ 79.7306508, 13.2828662 ], [ 79.7350361, 13.2759362 ], [ 79.7417151, 13.270953 ], [ 79.7480824, 13.2709863 ], [ 79.7611934, 13.2575211 ], [ 79.7815966, 13.2515894 ], [ 79.794732, 13.2421039 ], [ 79.794493, 13.2263217 ], [ 79.7930896, 13.2293042 ], [ 79.7847816, 13.2279046 ], [ 79.7779558, 13.2235858 ], [ 79.7754775, 13.2153096 ], [ 79.7735891, 13.2190329 ], [ 79.7642522, 13.2191146 ], [ 79.7598433, 13.2074432 ], [ 79.754991, 13.2064782 ], [ 79.7500821, 13.2079943 ], [ 79.7509956, 13.2164236 ], [ 79.7390764, 13.2294971 ], [ 79.7373171, 13.2365348 ], [ 79.7326393, 13.2368756 ], [ 79.7302754, 13.2325333 ], [ 79.7314015, 13.2224453 ], [ 79.7216451, 13.2234567 ], [ 79.7183312, 13.2165376 ], [ 79.7027078, 13.2223961 ], [ 79.7060975, 13.2341957 ], [ 79.7140652, 13.2357343 ], [ 79.7125458, 13.2446654 ], [ 79.7091246, 13.2510435 ], [ 79.700982, 13.2530255 ], [ 79.6963425, 13.2432509 ], [ 79.693067, 13.2432924 ], [ 79.6959353, 13.2385553 ], [ 79.6842738, 13.2444288 ], [ 79.6782933, 13.2616536 ], [ 79.6874207, 13.2665553 ], [ 79.6911244, 13.260982 ], [ 79.6954405, 13.2691114 ], [ 79.6902956, 13.2681229 ], [ 79.6887921, 13.2709253 ], [ 79.6936652, 13.2734776 ], [ 79.6939345, 13.2797957 ], [ 79.6812563, 13.2879922 ], [ 79.6829237, 13.2955529 ], [ 79.6782864, 13.2974294 ], [ 79.6749383, 13.2829362 ], [ 79.6653861, 13.2787165 ], [ 79.6666422, 13.2859791 ], [ 79.6638741, 13.2897667 ], [ 79.6578332, 13.283847 ], [ 79.6517938, 13.2918334 ], [ 79.6424817, 13.2901482 ], [ 79.6412675, 13.2755867 ], [ 79.6384671, 13.2874864 ], [ 79.6380471, 13.2842505 ], [ 79.6332621, 13.2823841 ], [ 79.6343648, 13.2774263 ], [ 79.6315548, 13.2771867 ], [ 79.6340602, 13.2715691 ], [ 79.631361, 13.2696981 ], [ 79.6141174, 13.2826954 ], [ 79.6060889, 13.2795492 ], [ 79.6080861, 13.28749 ], [ 79.5955908, 13.2846639 ], [ 79.5931806, 13.2646922 ], [ 79.5825654, 13.2573418 ], [ 79.5739464, 13.2590394 ], [ 79.5584076, 13.2727202 ], [ 79.5400206, 13.2723618 ], [ 79.5346024, 13.2753969 ], [ 79.5351523, 13.2850913 ], [ 79.5412313, 13.2924375 ], [ 79.537096, 13.2944336 ], [ 79.5348645, 13.3013701 ], [ 79.5441067, 13.3167846 ], [ 79.539356, 13.3218808 ], [ 79.5418461, 13.3273005 ], [ 79.5373006, 13.3386477 ], [ 79.5522038, 13.353962 ], [ 79.56621, 13.3630327 ], [ 79.5784504, 13.3667326 ], [ 79.5846642, 13.3616622 ], [ 79.6482779, 13.3533021 ], [ 79.6491648, 13.3613148 ], [ 79.6658513, 13.3668287 ], [ 79.664964, 13.3910393 ], [ 79.6605788, 13.392767 ], [ 79.6567897, 13.4005413 ], [ 79.6693414, 13.3981651 ], [ 79.670968, 13.4078994 ], [ 79.6752291, 13.4079748 ], [ 79.6752284, 13.4040656 ], [ 79.6789858, 13.4021119 ], [ 79.6915797, 13.4027355 ], [ 79.6878939, 13.4330348 ], [ 79.694273, 13.4441545 ], [ 79.7126112, 13.4396587 ], [ 79.7143416, 13.4366434 ], [ 79.715846, 13.4217785 ], [ 79.7088633, 13.415527 ], [ 79.7129823, 13.4047057 ] ] ], [ [ [ 79.0514482, 13.7797152 ], [ 79.0887112, 13.7820259 ], [ 79.089198, 13.7693836 ], [ 79.082948, 13.762639 ], [ 79.0816766, 13.7397936 ], [ 79.0887721, 13.7373197 ], [ 79.0868131, 13.7351869 ], [ 79.0926604, 13.7247866 ], [ 79.0845126, 13.7022434 ], [ 79.0746816, 13.6859346 ], [ 79.076575, 13.669267 ], [ 79.0679867, 13.6571964 ], [ 79.053934, 13.6475373 ], [ 79.0534863, 13.6289065 ], [ 79.0499181, 13.6188541 ], [ 79.0553733, 13.6120093 ], [ 79.0929235, 13.6117273 ], [ 79.1483396, 13.6053321 ], [ 79.1589335, 13.6004881 ], [ 79.1719999, 13.6030749 ], [ 79.1769508, 13.5928392 ], [ 79.169546, 13.5656202 ], [ 79.1798295, 13.546503 ], [ 79.1440985, 13.5220677 ], [ 79.1191814, 13.521742 ], [ 79.1119569, 13.5153409 ], [ 79.0821653, 13.5141968 ], [ 79.0776212, 13.5206999 ], [ 79.0800276, 13.5252214 ], [ 79.0777997, 13.5267834 ], [ 79.0834884, 13.5301884 ], [ 79.0748239, 13.5413045 ], [ 79.0612362, 13.5515776 ], [ 79.0534524, 13.5536433 ], [ 79.0477196, 13.54866 ], [ 79.0428467, 13.5556755 ], [ 79.040249, 13.5552869 ], [ 79.0436906, 13.5399649 ], [ 79.01687, 13.5381995 ], [ 79.0090333, 13.5324954 ], [ 78.9955203, 13.5176902 ], [ 78.983324, 13.5103767 ], [ 78.9805305, 13.4914595 ], [ 78.9969565, 13.4930647 ], [ 79.0108353, 13.4795766 ], [ 79.0329152, 13.4725435 ], [ 79.0474869, 13.4603684 ], [ 79.0503917, 13.4436611 ], [ 79.0531212, 13.442207 ], [ 79.057651, 13.4420304 ], [ 79.0698089, 13.4506312 ], [ 79.0774844, 13.4437116 ], [ 79.0818206, 13.445467 ], [ 79.0908031, 13.4410003 ], [ 79.0905793, 13.4255639 ], [ 79.1066112, 13.4260915 ], [ 79.1275174, 13.4172155 ], [ 79.1322128, 13.421096 ], [ 79.143051, 13.4210401 ], [ 79.1415882, 13.4100917 ], [ 79.1454444, 13.4118065 ], [ 79.1495299, 13.4089593 ], [ 79.1490459, 13.414351 ], [ 79.1529713, 13.4140284 ], [ 79.1533171, 13.4079039 ], [ 79.1577708, 13.4079415 ], [ 79.1569509, 13.4008064 ], [ 79.1659813, 13.4024546 ], [ 79.1680236, 13.3993364 ], [ 79.1908167, 13.4024172 ], [ 79.1984575, 13.4084517 ], [ 79.2153738, 13.4069161 ], [ 79.2262972, 13.4017851 ], [ 79.2276303, 13.4109039 ], [ 79.2073045, 13.4128803 ], [ 79.2042642, 13.4169505 ], [ 79.20477, 13.4215307 ], [ 79.2110736, 13.4275159 ], [ 79.2135987, 13.4217343 ], [ 79.2213729, 13.4172095 ], [ 79.2268033, 13.4226374 ], [ 79.229276, 13.4177727 ], [ 79.2338539, 13.4171724 ], [ 79.2458835, 13.4177284 ], [ 79.2582771, 13.4231669 ], [ 79.2416791, 13.4264732 ], [ 79.2395459, 13.4368572 ], [ 79.2333152, 13.4337606 ], [ 79.2267426, 13.4380087 ], [ 79.2167069, 13.4358869 ], [ 79.2254077, 13.4425054 ], [ 79.2266097, 13.4480342 ], [ 79.2312025, 13.4422695 ], [ 79.239515, 13.441032 ], [ 79.2407855, 13.4482104 ], [ 79.2550245, 13.4556918 ], [ 79.2596259, 13.4700794 ], [ 79.2871032, 13.4798434 ], [ 79.2989992, 13.4796348 ], [ 79.3095631, 13.4877049 ], [ 79.3345701, 13.4904083 ], [ 79.3428649, 13.4874041 ], [ 79.3271984, 13.4723293 ], [ 79.3288387, 13.4674215 ], [ 79.3411587, 13.4690414 ], [ 79.3415518, 13.4653445 ], [ 79.3525973, 13.4666021 ], [ 79.3598792, 13.4715063 ], [ 79.3677639, 13.471038 ], [ 79.3853891, 13.4891142 ], [ 79.3924321, 13.4919158 ], [ 79.416544, 13.4915695 ], [ 79.4195957, 13.4865117 ], [ 79.4201, 13.4915282 ], [ 79.4391803, 13.499894 ], [ 79.4436918, 13.497258 ], [ 79.4499319, 13.4994346 ], [ 79.4588658, 13.507278 ], [ 79.4700686, 13.5081332 ], [ 79.4737536, 13.5045138 ], [ 79.4785714, 13.5087306 ], [ 79.4905034, 13.5106366 ], [ 79.4909829, 13.4953153 ], [ 79.5001197, 13.4998497 ], [ 79.5181985, 13.4939851 ], [ 79.5179873, 13.4913412 ], [ 79.5089776, 13.4906604 ], [ 79.5090034, 13.484997 ], [ 79.5018088, 13.4842207 ], [ 79.5028157, 13.4748288 ], [ 79.4986029, 13.4708298 ], [ 79.4908731, 13.4688858 ], [ 79.4825448, 13.4739467 ], [ 79.4739914, 13.4712973 ], [ 79.4784246, 13.4608194 ], [ 79.485824, 13.4550676 ], [ 79.5017762, 13.4642724 ], [ 79.5138806, 13.4593838 ], [ 79.5242483, 13.4617757 ], [ 79.5238714, 13.4576534 ], [ 79.5311237, 13.4507317 ], [ 79.5252298, 13.4445235 ], [ 79.5144708, 13.4457937 ], [ 79.4996462, 13.442216 ], [ 79.4970208, 13.4352763 ], [ 79.5000209, 13.4230751 ], [ 79.483698, 13.4198937 ], [ 79.4788422, 13.4120455 ], [ 79.4790155, 13.4071463 ], [ 79.4863436, 13.4001516 ], [ 79.4793941, 13.3856878 ], [ 79.485408, 13.3835294 ], [ 79.4986034, 13.3836226 ], [ 79.5105789, 13.3958105 ], [ 79.5225529, 13.3980485 ], [ 79.5301587, 13.4035884 ], [ 79.5377119, 13.4021899 ], [ 79.5409958, 13.3976937 ], [ 79.5419082, 13.3889433 ], [ 79.5357221, 13.3771396 ], [ 79.5198171, 13.3726452 ], [ 79.5088054, 13.3593332 ], [ 79.5100814, 13.3341749 ], [ 79.4973839, 13.332038 ], [ 79.4997084, 13.3477874 ], [ 79.4804862, 13.3399996 ], [ 79.4654397, 13.338726 ], [ 79.4640654, 13.3417229 ], [ 79.4562551, 13.3385707 ], [ 79.435429, 13.3517097 ], [ 79.4316688, 13.3367148 ], [ 79.4209889, 13.3362873 ], [ 79.4147205, 13.3300333 ], [ 79.4053614, 13.3350375 ], [ 79.4024765, 13.3302289 ], [ 79.3983597, 13.3302022 ], [ 79.4020231, 13.3173529 ], [ 79.387809, 13.3180497 ], [ 79.3825526, 13.3108684 ], [ 79.381888, 13.3074878 ], [ 79.3886579, 13.3097835 ], [ 79.3898389, 13.2974272 ], [ 79.3941167, 13.2999308 ], [ 79.4053023, 13.2975663 ], [ 79.413798, 13.3001505 ], [ 79.4185276, 13.2973974 ], [ 79.4200353, 13.2895468 ], [ 79.4305398, 13.3002473 ], [ 79.4454222, 13.3012517 ], [ 79.4463103, 13.2916159 ], [ 79.4347229, 13.2890652 ], [ 79.4337323, 13.274987 ], [ 79.4175873, 13.2717372 ], [ 79.4136828, 13.2662361 ], [ 79.4084181, 13.2652696 ], [ 79.4161688, 13.2604101 ], [ 79.4168596, 13.2516828 ], [ 79.4226358, 13.2513163 ], [ 79.4170434, 13.2458528 ], [ 79.4196638, 13.2457168 ], [ 79.4184962, 13.2429601 ], [ 79.4376793, 13.2428888 ], [ 79.4381307, 13.2400278 ], [ 79.431491, 13.2360656 ], [ 79.4397859, 13.2358605 ], [ 79.4308664, 13.229848 ], [ 79.4399969, 13.2306042 ], [ 79.4414934, 13.2379933 ], [ 79.4531517, 13.2383518 ], [ 79.453736, 13.2169269 ], [ 79.4485273, 13.2156922 ], [ 79.4373786, 13.2195545 ], [ 79.4362192, 13.2127393 ], [ 79.4438523, 13.2077751 ], [ 79.4395619, 13.205887 ], [ 79.4356622, 13.1972149 ], [ 79.4323825, 13.1969715 ], [ 79.4384277, 13.1881751 ], [ 79.4101717, 13.190512 ], [ 79.4091851, 13.1940374 ], [ 79.4008361, 13.1916563 ], [ 79.3990646, 13.1878058 ], [ 79.3920217, 13.1923791 ], [ 79.387395, 13.1890989 ], [ 79.3740325, 13.1892571 ], [ 79.3781377, 13.1847061 ], [ 79.3856052, 13.1830473 ], [ 79.3877267, 13.177529 ], [ 79.3726952, 13.1788396 ], [ 79.3695222, 13.1729143 ], [ 79.3792355, 13.1715135 ], [ 79.3800381, 13.1629263 ], [ 79.3561154, 13.1645793 ], [ 79.3611409, 13.138642 ], [ 79.3655212, 13.1339329 ], [ 79.3605048, 13.1235375 ], [ 79.3535974, 13.1205269 ], [ 79.3453847, 13.1214255 ], [ 79.3446441, 13.1366741 ], [ 79.341306, 13.1368204 ], [ 79.3396237, 13.1304545 ], [ 79.3290175, 13.1305249 ], [ 79.3267727, 13.1260772 ], [ 79.3186712, 13.1234721 ], [ 79.3242382, 13.118538 ], [ 79.3119222, 13.116569 ], [ 79.3188985, 13.1136015 ], [ 79.3099084, 13.1120127 ], [ 79.3071899, 13.1055219 ], [ 79.2943054, 13.109599 ], [ 79.3015434, 13.1136644 ], [ 79.2992639, 13.1186578 ], [ 79.3124637, 13.1261416 ], [ 79.2840176, 13.1227699 ], [ 79.2803394, 13.1528687 ], [ 79.2745364, 13.155673 ], [ 79.2620875, 13.1490418 ], [ 79.2603668, 13.1595626 ], [ 79.2574561, 13.1607363 ], [ 79.2522093, 13.1577236 ], [ 79.2539079, 13.1457703 ], [ 79.2452731, 13.1382758 ], [ 79.2401846, 13.1443659 ], [ 79.2449597, 13.14882 ], [ 79.2420823, 13.1496303 ], [ 79.2442052, 13.1527389 ], [ 79.2411137, 13.1596144 ], [ 79.2426869, 13.171003 ], [ 79.2349292, 13.1708435 ], [ 79.225608, 13.1588568 ], [ 79.2273223, 13.1556157 ], [ 79.2146862, 13.1569578 ], [ 79.21003, 13.1484581 ], [ 79.2219737, 13.1462395 ], [ 79.232873, 13.1393702 ], [ 79.2303776, 13.126373 ], [ 79.2384117, 13.1185509 ], [ 79.2342692, 13.1146613 ], [ 79.2344267, 13.1052289 ], [ 79.2008635, 13.0888341 ], [ 79.1982934, 13.0813413 ], [ 79.1930976, 13.0822873 ], [ 79.1906878, 13.0887327 ], [ 79.1876574, 13.0834636 ], [ 79.1806588, 13.0842424 ], [ 79.1813679, 13.0799035 ], [ 79.1832402, 13.0819323 ], [ 79.1853283, 13.0796722 ], [ 79.1840082, 13.0727304 ], [ 79.1907994, 13.0733526 ], [ 79.1921211, 13.0674316 ], [ 79.1880913, 13.0656608 ], [ 79.1873157, 13.0606578 ], [ 79.1800739, 13.0643111 ], [ 79.178298, 13.0591862 ], [ 79.1847424, 13.0568032 ], [ 79.1913445, 13.0585644 ], [ 79.1920999, 13.0561462 ], [ 79.1796617, 13.0544992 ], [ 79.1804397, 13.0488495 ], [ 79.1929965, 13.0466955 ], [ 79.1848334, 13.0298528 ], [ 79.1822017, 13.0318736 ], [ 79.1631211, 13.0202704 ], [ 79.1483115, 13.0246558 ], [ 79.1373414, 13.0348118 ], [ 79.1144818, 13.0392721 ], [ 79.1074658, 13.0382773 ], [ 79.098308, 13.0260644 ], [ 79.0868162, 13.0280061 ], [ 79.0809073, 13.0257271 ], [ 79.0628663, 13.0406377 ], [ 79.0633976, 13.0531073 ], [ 79.0386851, 13.0611356 ], [ 79.0369481, 13.0705944 ], [ 79.0094951, 13.0772267 ], [ 79.0039173, 13.0846 ], [ 78.9950012, 13.0866087 ], [ 78.9723022, 13.0838065 ], [ 78.9702795, 13.0747139 ], [ 78.9687869, 13.0778555 ], [ 78.9621343, 13.0787299 ], [ 78.9554482, 13.0758394 ], [ 78.9495758, 13.0801708 ], [ 78.9491941, 13.0839945 ], [ 78.9414793, 13.0785187 ], [ 78.9239415, 13.0808091 ], [ 78.92174, 13.0660937 ], [ 78.9125978, 13.0659322 ], [ 78.9036754, 13.0477056 ], [ 78.9163521, 13.0438535 ], [ 78.9217506, 13.047012 ], [ 78.9289142, 13.0457678 ], [ 78.9337393, 13.0392587 ], [ 78.9402522, 13.0365771 ], [ 78.937107, 13.0304267 ], [ 78.9357481, 13.0347884 ], [ 78.9291245, 13.0364936 ], [ 78.891643, 13.0330584 ], [ 78.8912896, 13.0688129 ], [ 78.8889523, 13.0733597 ], [ 78.8956893, 13.0951211 ], [ 78.8912123, 13.0971507 ], [ 78.8750976, 13.0968164 ], [ 78.8698001, 13.0895171 ], [ 78.8708781, 13.0819404 ], [ 78.8611141, 13.0836637 ], [ 78.8420364, 13.0786131 ], [ 78.8131399, 13.0891423 ], [ 78.7976252, 13.0748468 ], [ 78.794304, 13.0665839 ], [ 78.751776, 13.0549418 ], [ 78.740289, 13.0639956 ], [ 78.7145163, 13.0686783 ], [ 78.7052714, 13.0152386 ], [ 78.6562147, 13.0311694 ], [ 78.6555204, 13.0152481 ], [ 78.6300082, 12.9944999 ], [ 78.6208991, 12.9912385 ], [ 78.6471693, 12.9662371 ], [ 78.6380585, 12.9647593 ], [ 78.6461154, 12.9458948 ], [ 78.6570139, 12.9321064 ], [ 78.6522633, 12.9291007 ], [ 78.6335324, 12.9313211 ], [ 78.6268592, 12.907317 ], [ 78.6228559, 12.9042475 ], [ 78.616685, 12.888579 ], [ 78.6130932, 12.8679366 ], [ 78.6015593, 12.8508038 ], [ 78.6077577, 12.8219026 ], [ 78.6003878, 12.8184228 ], [ 78.6011634, 12.8036791 ], [ 78.5930668, 12.7982329 ], [ 78.592521, 12.7826756 ], [ 78.5760488, 12.7719091 ], [ 78.5765609, 12.7673802 ], [ 78.5683799, 12.7669162 ], [ 78.5655837, 12.7593613 ], [ 78.5615305, 12.7614536 ], [ 78.5556281, 12.7557851 ], [ 78.5583423, 12.7499411 ], [ 78.5631586, 12.7522197 ], [ 78.5631957, 12.7513203 ], [ 78.5556292, 12.739212 ], [ 78.5638574, 12.7376232 ], [ 78.5544197, 12.7192753 ], [ 78.5615859, 12.7100118 ], [ 78.554879, 12.7075196 ], [ 78.5558756, 12.7001573 ], [ 78.5360518, 12.6904923 ], [ 78.5313031, 12.6970171 ], [ 78.5296085, 12.7099518 ], [ 78.5327476, 12.7115846 ], [ 78.5350511, 12.7073188 ], [ 78.5442802, 12.7109378 ], [ 78.5369732, 12.7133172 ], [ 78.5375197, 12.7169873 ], [ 78.5332347, 12.7139847 ], [ 78.5250716, 12.7154188 ], [ 78.5270257, 12.7214851 ], [ 78.5227129, 12.7192144 ], [ 78.5209238, 12.7361309 ], [ 78.5166932, 12.7243733 ], [ 78.5116968, 12.7267349 ], [ 78.5138295, 12.7344691 ], [ 78.507143, 12.7371056 ], [ 78.5052708, 12.7429622 ], [ 78.4931651, 12.7471493 ], [ 78.489088, 12.7419804 ], [ 78.4969611, 12.7313378 ], [ 78.5016532, 12.7311143 ], [ 78.5059715, 12.7225245 ], [ 78.5092717, 12.7242345 ], [ 78.5202408, 12.7186846 ], [ 78.5175309, 12.7146926 ], [ 78.519691, 12.712393 ], [ 78.5117794, 12.7076981 ], [ 78.5031708, 12.7163719 ], [ 78.5019338, 12.7044483 ], [ 78.4965757, 12.7032524 ], [ 78.5039853, 12.6986415 ], [ 78.5029114, 12.6919066 ], [ 78.5074414, 12.691407 ], [ 78.5033589, 12.6899091 ], [ 78.5038601, 12.681914 ], [ 78.4997846, 12.6761403 ], [ 78.4844338, 12.6716831 ], [ 78.4678997, 12.6758921 ], [ 78.4705146, 12.6505627 ], [ 78.4747756, 12.6476325 ], [ 78.4705632, 12.6445922 ], [ 78.4717232, 12.6320404 ], [ 78.4649691, 12.6240292 ], [ 78.4584586, 12.6296447 ], [ 78.4348259, 12.629551 ], [ 78.4270676, 12.6352428 ], [ 78.4125, 12.6268743 ], [ 78.3794192, 12.625014 ], [ 78.3714252, 12.6271064 ], [ 78.3556478, 12.6364567 ], [ 78.3435923, 12.64874 ], [ 78.3322107, 12.649355 ], [ 78.3183668, 12.6619238 ], [ 78.3011554, 12.665919 ], [ 78.2864543, 12.6890099 ], [ 78.2710861, 12.705058 ], [ 78.2445385, 12.7062926 ], [ 78.2392876, 12.7009952 ], [ 78.2377068, 12.68576 ], [ 78.210589, 12.6860767 ], [ 78.2123482, 12.6884806 ], [ 78.2098629, 12.6904069 ], [ 78.2010111, 12.6917381 ], [ 78.1993641, 12.6954537 ], [ 78.2099398, 12.7005038 ], [ 78.205439, 12.7057163 ], [ 78.2071753, 12.70817 ], [ 78.2121701, 12.7076262 ], [ 78.2134602, 12.710984 ], [ 78.2180724, 12.708804 ], [ 78.227121, 12.7148256 ], [ 78.2311714, 12.7125552 ], [ 78.2410079, 12.7299431 ], [ 78.2360895, 12.7380987 ], [ 78.2309512, 12.7606597 ], [ 78.2389819, 12.768375 ], [ 78.2456403, 12.7882633 ], [ 78.2523341, 12.8289243 ], [ 78.252198, 12.860551 ], [ 78.2652731, 12.8620082 ], [ 78.2683967, 12.8676926 ], [ 78.2820966, 12.8593147 ], [ 78.3124464, 12.8585182 ], [ 78.3155932, 12.8675549 ], [ 78.3136269, 12.8764532 ], [ 78.3310201, 12.8755783 ], [ 78.3322415, 12.8807044 ], [ 78.3370799, 12.8823646 ], [ 78.3379926, 12.8862114 ], [ 78.3345183, 12.8892118 ], [ 78.329182, 12.8845908 ], [ 78.32033, 12.8872594 ], [ 78.3240719, 12.8929107 ], [ 78.3235329, 12.9017834 ], [ 78.3263071, 12.9044962 ], [ 78.3310628, 12.901867 ], [ 78.3396587, 12.9031794 ], [ 78.3440698, 12.9084988 ], [ 78.341967, 12.9118953 ], [ 78.3465988, 12.9140434 ], [ 78.3490477, 12.9289918 ], [ 78.3538456, 12.9302493 ], [ 78.3497075, 12.9357132 ], [ 78.3540958, 12.9396872 ], [ 78.3602622, 12.9369311 ], [ 78.3782501, 12.9138452 ], [ 78.3856324, 12.9114367 ], [ 78.3886957, 12.9068581 ], [ 78.3963995, 12.9073137 ], [ 78.398667, 12.9173089 ], [ 78.4122111, 12.9032335 ], [ 78.4285928, 12.9020901 ], [ 78.4337003, 12.9045429 ], [ 78.4349479, 12.9118381 ], [ 78.4455797, 12.911796 ], [ 78.4439624, 12.9030048 ], [ 78.4492319, 12.8982444 ], [ 78.4472426, 12.8922104 ], [ 78.4558895, 12.8874674 ], [ 78.4641139, 12.8777023 ], [ 78.4620458, 12.8710583 ], [ 78.4647711, 12.8667637 ], [ 78.4694557, 12.8896375 ], [ 78.4666967, 12.9054097 ], [ 78.4592514, 12.9087335 ], [ 78.4522961, 12.9176691 ], [ 78.4445283, 12.919634 ], [ 78.4380161, 12.9290139 ], [ 78.4281822, 12.9320931 ], [ 78.4188175, 12.9217248 ], [ 78.4111631, 12.945268 ], [ 78.4137626, 12.9483525 ], [ 78.4203811, 12.947742 ], [ 78.4192654, 12.9586806 ], [ 78.4291566, 12.957464 ], [ 78.4379727, 12.9639854 ], [ 78.432715, 12.9677964 ], [ 78.4347449, 12.9714393 ], [ 78.4324753, 12.977962 ], [ 78.4353301, 12.9810398 ], [ 78.4674613, 12.9750225 ], [ 78.4685814, 12.9827153 ], [ 78.4748146, 12.9914418 ], [ 78.467701, 12.9985355 ], [ 78.4682559, 13.0046181 ], [ 78.4636132, 13.00532 ], [ 78.4621959, 13.0432141 ], [ 78.4731219, 13.042922 ], [ 78.4784946, 13.0545368 ], [ 78.4873615, 13.0523567 ], [ 78.4980611, 13.0611999 ], [ 78.5142516, 13.0618554 ], [ 78.5151208, 13.0699659 ], [ 78.5086173, 13.0790239 ], [ 78.5094704, 13.0914951 ], [ 78.5160718, 13.0965516 ], [ 78.5233901, 13.0946936 ], [ 78.5244821, 13.1012011 ], [ 78.538506, 13.1057302 ], [ 78.5185282, 13.1198233 ], [ 78.517045, 13.1315904 ], [ 78.5233383, 13.1304519 ], [ 78.5266683, 13.1389403 ], [ 78.5312554, 13.1413737 ], [ 78.5446454, 13.1420034 ], [ 78.5483581, 13.1485388 ], [ 78.5413969, 13.1557364 ], [ 78.5501135, 13.1641889 ], [ 78.5682049, 13.1617622 ], [ 78.573374, 13.1688953 ], [ 78.5797652, 13.1673616 ], [ 78.5760596, 13.1866918 ], [ 78.5672959, 13.1932648 ], [ 78.5558176, 13.188643 ], [ 78.5497587, 13.189694 ], [ 78.5500603, 13.2001814 ], [ 78.5605286, 13.1987716 ], [ 78.5677929, 13.2015176 ], [ 78.5711134, 13.2120175 ], [ 78.5762622, 13.2115109 ], [ 78.5794642, 13.2156277 ], [ 78.5764408, 13.2190097 ], [ 78.5664015, 13.2208549 ], [ 78.5719428, 13.2425915 ], [ 78.5701389, 13.2471012 ], [ 78.5852957, 13.2622026 ], [ 78.5873642, 13.2806425 ], [ 78.578648, 13.2803517 ], [ 78.5775512, 13.2952839 ], [ 78.569537, 13.3092248 ], [ 78.5655491, 13.3120033 ], [ 78.5632055, 13.3093859 ], [ 78.5648107, 13.2947341 ], [ 78.5563878, 13.2838353 ], [ 78.5393227, 13.2878703 ], [ 78.5363892, 13.2724125 ], [ 78.5321787, 13.2669378 ], [ 78.5219607, 13.2730034 ], [ 78.5199307, 13.2827692 ], [ 78.5133542, 13.285234 ], [ 78.5139427, 13.290577 ], [ 78.5048469, 13.2913674 ], [ 78.4987845, 13.2995608 ], [ 78.4793099, 13.3012903 ], [ 78.4849503, 13.3277495 ], [ 78.4956287, 13.327125 ], [ 78.500793, 13.3489823 ], [ 78.5047389, 13.3497389 ], [ 78.5043304, 13.354448 ], [ 78.4945484, 13.3572371 ], [ 78.5058871, 13.3708318 ], [ 78.5240336, 13.379029 ], [ 78.5199223, 13.3964679 ], [ 78.5254031, 13.4050706 ], [ 78.5098169, 13.4258218 ], [ 78.5006572, 13.4249091 ], [ 78.5025576, 13.4376006 ], [ 78.5115286, 13.4479408 ], [ 78.4833616, 13.4460135 ], [ 78.4865163, 13.4500659 ], [ 78.4763887, 13.4551323 ], [ 78.4838156, 13.459287 ], [ 78.4862759, 13.4675067 ], [ 78.495693, 13.4797047 ], [ 78.5057152, 13.4855623 ], [ 78.5220731, 13.4843855 ], [ 78.5298016, 13.490065 ], [ 78.5395046, 13.4899418 ], [ 78.5373398, 13.4866871 ], [ 78.5397008, 13.4834475 ], [ 78.5448912, 13.4845384 ], [ 78.5520495, 13.4991971 ], [ 78.5614944, 13.5063468 ], [ 78.5612548, 13.5115457 ], [ 78.572696, 13.5208878 ], [ 78.5754309, 13.532323 ], [ 78.583877, 13.5420935 ], [ 78.5862081, 13.5407772 ], [ 78.5832079, 13.5376769 ], [ 78.5812747, 13.5239762 ], [ 78.5871301, 13.5187112 ], [ 78.6275811, 13.5171385 ], [ 78.6376317, 13.507531 ], [ 78.6436165, 13.5085106 ], [ 78.6628635, 13.4993131 ], [ 78.6638991, 13.4781756 ], [ 78.6560985, 13.4716055 ], [ 78.6543429, 13.4654321 ], [ 78.6581243, 13.4614184 ], [ 78.6695299, 13.460933 ], [ 78.6736315, 13.4665319 ], [ 78.6715591, 13.4715217 ], [ 78.677059, 13.4716517 ], [ 78.6757128, 13.4821913 ], [ 78.6838739, 13.486031 ], [ 78.6926907, 13.5023745 ], [ 78.7107387, 13.5042332 ], [ 78.7303126, 13.5179198 ], [ 78.7309448, 13.5153539 ], [ 78.7350611, 13.5214574 ], [ 78.7392473, 13.5317232 ], [ 78.7374707, 13.5399641 ], [ 78.7412672, 13.5420657 ], [ 78.7384918, 13.5467374 ], [ 78.7413756, 13.5560163 ], [ 78.7385568, 13.5587762 ], [ 78.7389092, 13.5686078 ], [ 78.7503563, 13.586522 ], [ 78.7876002, 13.581091 ], [ 78.8010951, 13.5820415 ], [ 78.8037546, 13.5887421 ], [ 78.7948546, 13.6118207 ], [ 78.798394, 13.615049 ], [ 78.8064853, 13.6110836 ], [ 78.8191367, 13.612591 ], [ 78.823779, 13.6242965 ], [ 78.8517808, 13.649948 ], [ 78.8524872, 13.6781127 ], [ 78.8624707, 13.6656095 ], [ 78.8624988, 13.6582254 ], [ 78.8823596, 13.6595638 ], [ 78.8821615, 13.6348831 ], [ 78.8850403, 13.6348828 ], [ 78.8865661, 13.6261546 ], [ 78.8808162, 13.6229785 ], [ 78.8729365, 13.6101149 ], [ 78.8710099, 13.5981833 ], [ 78.8791045, 13.5924076 ], [ 78.897387, 13.5944554 ], [ 78.911737, 13.5797833 ], [ 78.9272587, 13.5815228 ], [ 78.9334806, 13.5928171 ], [ 78.9439321, 13.590238 ], [ 78.9485847, 13.5836161 ], [ 78.9536937, 13.5836358 ], [ 78.9578021, 13.5942269 ], [ 78.9692329, 13.5952552 ], [ 78.9716758, 13.6008315 ], [ 78.973975, 13.6131626 ], [ 78.9686207, 13.6203359 ], [ 78.9645377, 13.6207488 ], [ 78.964316, 13.6243533 ], [ 78.9969057, 13.6315583 ], [ 78.988524, 13.6547986 ], [ 78.9779293, 13.652747 ], [ 78.9752171, 13.6575627 ], [ 78.9807051, 13.657824 ], [ 78.9867373, 13.665582 ], [ 78.9926853, 13.6643234 ], [ 78.9943903, 13.6692886 ], [ 78.9880949, 13.6791901 ], [ 78.9832092, 13.6804743 ], [ 78.9803504, 13.6881228 ], [ 78.9775929, 13.7170444 ], [ 78.9932264, 13.7250664 ], [ 78.9985434, 13.7243499 ], [ 79.0158029, 13.7408376 ], [ 79.030878, 13.74225 ], [ 79.0366357, 13.7457884 ], [ 79.0386895, 13.7494409 ], [ 79.0346763, 13.7627181 ], [ 79.0362138, 13.7712391 ], [ 79.0450732, 13.7731357 ], [ 79.0514482, 13.7797152 ] ] ] ] } },
{ "type": "Feature", "properties": { "district": "Narayanpet", "state": "Telangana" }, "geometry": { "type": "Polygon", "coordinates": [ [ [ 77.7340224, 17.0336632 ], [ 77.7310895, 17.0288841 ], [ 77.7401372, 17.0296638 ], [ 77.7657915, 17.0217817 ], [ 77.7608901, 17.0139082 ], [ 77.7593961, 16.9939222 ], [ 77.7504551, 16.9775303 ], [ 77.7553366, 16.9762864 ], [ 77.7558281, 16.9686722 ], [ 77.7508565, 16.9541584 ], [ 77.7364106, 16.94451 ], [ 77.7301854, 16.9437868 ], [ 77.7301458, 16.9392501 ], [ 77.740312, 16.9383783 ], [ 77.7401814, 16.9198565 ], [ 77.7459657, 16.910728 ], [ 77.7406496, 16.9011841 ], [ 77.7395966, 16.8834643 ], [ 77.731475, 16.8734133 ], [ 77.7342562, 16.8599855 ], [ 77.7273986, 16.850326 ], [ 77.7436829, 16.8273996 ], [ 77.7295228, 16.8111327 ], [ 77.7377367, 16.8026644 ], [ 77.7415382, 16.7930713 ], [ 77.7353275, 16.7893 ], [ 77.7111407, 16.7927694 ], [ 77.7082055, 16.783206 ], [ 77.6944845, 16.7932558 ], [ 77.6867407, 16.7913714 ], [ 77.6793895, 16.7948742 ], [ 77.6804541, 16.7811706 ], [ 77.6790919, 16.7772765 ], [ 77.6743724, 16.7767027 ], [ 77.6794948, 16.7566532 ], [ 77.6968051, 16.7482573 ], [ 77.7266399, 16.7513625 ], [ 77.7451981, 16.7394692 ], [ 77.753415, 16.7237863 ], [ 77.7491552, 16.6933511 ], [ 77.7646429, 16.6881825 ], [ 77.7674771, 16.6682097 ], [ 77.7734916, 16.6547002 ], [ 77.7978593, 16.6305337 ], [ 77.798898, 16.6163448 ], [ 77.7812033, 16.6156775 ], [ 77.7874745, 16.5744206 ], [ 77.7783576, 16.5651991 ], [ 77.7495769, 16.5665015 ], [ 77.7497351, 16.5500896 ], [ 77.7644742, 16.5260457 ], [ 77.7625306, 16.5032245 ], [ 77.7674506, 16.4959742 ], [ 77.7684307, 16.4847651 ], [ 77.7679805, 16.4796934 ], [ 77.7593937, 16.4802838 ], [ 77.755505, 16.4735462 ], [ 77.748708, 16.4741174 ], [ 77.7394129, 16.4663484 ], [ 77.7487081, 16.4431476 ], [ 77.750408, 16.4310649 ], [ 77.7455394, 16.4187497 ], [ 77.7510036, 16.4035774 ], [ 77.7425692, 16.3991948 ], [ 77.7235991, 16.4201631 ], [ 77.7222551, 16.4312375 ], [ 77.7170807, 16.4311316 ], [ 77.7167901, 16.4205552 ], [ 77.7112423, 16.4108941 ], [ 77.7131414, 16.4003329 ], [ 77.6886974, 16.4001018 ], [ 77.6830315, 16.3934645 ], [ 77.6724825, 16.3887692 ], [ 77.6651755, 16.379649 ], [ 77.6667307, 16.3659614 ], [ 77.6603048, 16.360762 ], [ 77.6388728, 16.3630858 ], [ 77.6008348, 16.3430048 ], [ 77.5733943, 16.3407355 ], [ 77.555001, 16.348768 ], [ 77.5460406, 16.3569295 ], [ 77.5387723, 16.3582051 ], [ 77.5233988, 16.3758331 ], [ 77.5143663, 16.3749745 ], [ 77.489691, 16.3850148 ], [ 77.4409839, 16.3807654 ], [ 77.4288539, 16.3691928 ], [ 77.4194133, 16.3662895 ], [ 77.4017045, 16.3713031 ], [ 77.3786639, 16.3854107 ], [ 77.3497103, 16.3836331 ], [ 77.3334195, 16.3953689 ], [ 77.3139325, 16.3980071 ], [ 77.2879585, 16.4086423 ], [ 77.2689503, 16.4304616 ], [ 77.2620744, 16.4518385 ], [ 77.2444089, 16.4633142 ], [ 77.2358219, 16.4728343 ], [ 77.245813, 16.4777312 ], [ 77.264993, 16.4725134 ], [ 77.2939966, 16.4766703 ], [ 77.2993204, 16.4879069 ], [ 77.2987129, 16.4961615 ], [ 77.320299, 16.4922151 ], [ 77.3235739, 16.4868437 ], [ 77.3295637, 16.4859054 ], [ 77.3443851, 16.486943 ], [ 77.3514324, 16.4910601 ], [ 77.3690128, 16.4886714 ], [ 77.3700705, 16.5045821 ], [ 77.3777888, 16.5137048 ], [ 77.4022055, 16.5215154 ], [ 77.4168863, 16.5172999 ], [ 77.4191168, 16.5223783 ], [ 77.4190171, 16.5489244 ], [ 77.4037568, 16.5511945 ], [ 77.3975031, 16.5647615 ], [ 77.3926211, 16.5639923 ], [ 77.3928745, 16.5699744 ], [ 77.4000095, 16.5675249 ], [ 77.4049386, 16.5718934 ], [ 77.4153667, 16.5675227 ], [ 77.4237577, 16.568881 ], [ 77.4397108, 16.587147 ], [ 77.4622237, 16.5854778 ], [ 77.4648272, 16.5924167 ], [ 77.4622524, 16.5976615 ], [ 77.4673009, 16.5985415 ], [ 77.4677895, 16.6097575 ], [ 77.4581869, 16.6107207 ], [ 77.4536478, 16.6167472 ], [ 77.4561621, 16.6229859 ], [ 77.4639249, 16.6282375 ], [ 77.4761107, 16.6501071 ], [ 77.4624037, 16.6542714 ], [ 77.4446817, 16.6392328 ], [ 77.4343436, 16.6413821 ], [ 77.4385957, 16.6453297 ], [ 77.4297218, 16.6562029 ], [ 77.4190123, 16.6584373 ], [ 77.4188604, 16.6685723 ], [ 77.442552, 16.6698452 ], [ 77.4477165, 16.6793095 ], [ 77.4638975, 16.6763031 ], [ 77.4699614, 16.6877348 ], [ 77.4698923, 16.7055992 ], [ 77.4740496, 16.7165588 ], [ 77.463811, 16.7191749 ], [ 77.4577942, 16.7159423 ], [ 77.4471845, 16.7207279 ], [ 77.4461316, 16.7164924 ], [ 77.4419784, 16.7170318 ], [ 77.438462, 16.7116792 ], [ 77.4328047, 16.7173014 ], [ 77.427672, 16.7166356 ], [ 77.426012, 16.7214914 ], [ 77.4309651, 16.7231244 ], [ 77.4269556, 16.7289117 ], [ 77.4333041, 16.7366878 ], [ 77.4431491, 16.7625106 ], [ 77.4378818, 16.7747111 ], [ 77.4394988, 16.7891316 ], [ 77.4410698, 16.7862301 ], [ 77.4671948, 16.7804529 ], [ 77.474498, 16.7812403 ], [ 77.476494, 16.7883698 ], [ 77.4733874, 16.7892099 ], [ 77.4742571, 16.8023184 ], [ 77.465703, 16.8059214 ], [ 77.462437, 16.8137436 ], [ 77.4632383, 16.8222102 ], [ 77.457083, 16.8301798 ], [ 77.4640581, 16.8505926 ], [ 77.460357, 16.8847509 ], [ 77.4558946, 16.8853355 ], [ 77.4579133, 16.9095065 ], [ 77.4540159, 16.9138977 ], [ 77.4592023, 16.9173114 ], [ 77.4665167, 16.915107 ], [ 77.4694353, 16.9191974 ], [ 77.4694114, 16.9280618 ], [ 77.4642022, 16.9298533 ], [ 77.4682858, 16.9395924 ], [ 77.4648378, 16.9441843 ], [ 77.466206, 16.9540963 ], [ 77.5230663, 16.9483015 ], [ 77.5158249, 16.9334155 ], [ 77.5249235, 16.9255062 ], [ 77.5321215, 16.9311244 ], [ 77.5377347, 16.9302936 ], [ 77.546585, 16.9094179 ], [ 77.5536727, 16.9029313 ], [ 77.5576482, 16.902231 ], [ 77.5659235, 16.91154 ], [ 77.568355, 16.9075846 ], [ 77.5788487, 16.9057932 ], [ 77.5838653, 16.9125195 ], [ 77.5964905, 16.9143384 ], [ 77.5932288, 16.9306569 ], [ 77.602848, 16.9360073 ], [ 77.6036362, 16.9466372 ], [ 77.6230668, 16.9529261 ], [ 77.623977, 16.9843556 ], [ 77.6441232, 16.9903301 ], [ 77.6468313, 16.9935141 ], [ 77.6448526, 16.9951383 ], [ 77.6532318, 17.0031322 ], [ 77.6530684, 17.0069486 ], [ 77.6480093, 17.0080536 ], [ 77.6379205, 17.0024311 ], [ 77.6306392, 17.0021424 ], [ 77.6415368, 17.0191647 ], [ 77.6518521, 17.0178413 ], [ 77.6593912, 17.0320585 ], [ 77.6670647, 17.0345418 ], [ 77.6856312, 17.0206965 ], [ 77.7041315, 17.026517 ], [ 77.7116372, 17.0327948 ], [ 77.7145861, 17.0402335 ], [ 77.7275528, 17.0384472 ], [ 77.7340224, 17.0336632 ] ] ] } },
{ "type": "Feature", "properties": { "district": "Wanaparthy", "state": "Telangana" }, "geometry": { "type": "Polygon", "coordinates": [ [ [ 78.0380548, 16.6256572 ], [ 78.0690353, 16.6245171 ], [ 78.0701767, 16.614494 ], [ 78.076786, 16.6087712 ], [ 78.1016002, 16.5979583 ], [ 78.1160724, 16.5977821 ], [ 78.1189428, 16.5919617 ], [ 78.1251731, 16.591448 ], [ 78.1161559, 16.5730066 ], [ 78.1185365, 16.5731555 ], [ 78.1196186, 16.563154 ], [ 78.1229961, 16.5634677 ], [ 78.1226157, 16.5522104 ], [ 78.1111165, 16.5375537 ], [ 78.0998931, 16.4872268 ], [ 78.1312358, 16.4696636 ], [ 78.1300933, 16.4664304 ], [ 78.147836, 16.456112 ], [ 78.2007729, 16.4471896 ], [ 78.1985045, 16.4327051 ], [ 78.2013929, 16.4092078 ], [ 78.2222094, 16.4123496 ], [ 78.2331711, 16.4183832 ], [ 78.2467987, 16.4155026 ], [ 78.2645344, 16.4007056 ], [ 78.2739854, 16.3994662 ], [ 78.2775108, 16.4034834 ], [ 78.2814782, 16.3998523 ], [ 78.2882636, 16.4002353 ], [ 78.2966133, 16.3927056 ], [ 78.3096453, 16.3883491 ], [ 78.3145226, 16.380742 ], [ 78.3149537, 16.3693033 ], [ 78.3086076, 16.3484139 ], [ 78.3034826, 16.3501068 ], [ 78.3014776, 16.3475757 ], [ 78.2972742, 16.3338319 ], [ 78.2909244, 16.3319837 ], [ 78.2928132, 16.3260103 ], [ 78.2636814, 16.3328153 ], [ 78.2596149, 16.3027525 ], [ 78.2554485, 16.2975843 ], [ 78.2543145, 16.2881598 ], [ 78.2437651, 16.2958138 ], [ 78.221172, 16.3036141 ], [ 78.2178235, 16.3198204 ], [ 78.2133036, 16.3214407 ], [ 78.2095016, 16.3184958 ], [ 78.1897809, 16.3218551 ], [ 78.188761, 16.3165429 ], [ 78.1684932, 16.3082925 ], [ 78.1627438, 16.2962295 ], [ 78.1642218, 16.2670538 ], [ 78.1988465, 16.2597027 ], [ 78.2000453, 16.2355353 ], [ 78.192472, 16.2277501 ], [ 78.1998675, 16.2218374 ], [ 78.2008297, 16.2143712 ], [ 78.1966557, 16.2085951 ], [ 78.2111928, 16.2007467 ], [ 78.2091816, 16.1799956 ], [ 78.2271843, 16.1745899 ], [ 78.2264464, 16.1630435 ], [ 78.2149691, 16.1373822 ], [ 78.2241239, 16.1346588 ], [ 78.2368904, 16.1059471 ], [ 78.2286404, 16.0595871 ], [ 78.2511388, 16.0448875 ], [ 78.2398242, 16.0285018 ], [ 78.2585544, 16.023228 ], [ 78.2555058, 16.0128513 ], [ 78.2598214, 15.9955643 ], [ 78.2512258, 15.9750788 ], [ 78.2403782, 15.9549661 ], [ 78.221445, 15.9438668 ], [ 78.1943834, 15.9437093 ], [ 78.159735, 15.9482411 ], [ 78.1517975, 15.9536894 ], [ 78.1465896, 15.9623206 ], [ 78.1402397, 15.9918223 ], [ 78.1280421, 16.002148 ], [ 78.1135286, 16.0019848 ], [ 78.0694379, 16.0143198 ], [ 78.0465204, 16.0325779 ], [ 78.0292823, 16.0598014 ], [ 78.0143026, 16.0673697 ], [ 77.9938552, 16.0873247 ], [ 77.9738158, 16.0951559 ], [ 77.9465843, 16.1192365 ], [ 77.9409597, 16.1377046 ], [ 77.9423873, 16.15325 ], [ 77.9311003, 16.1747884 ], [ 77.9317137, 16.19316 ], [ 77.9123357, 16.2127447 ], [ 77.7749225, 16.306805 ], [ 77.7287343, 16.3316708 ], [ 77.7037437, 16.3369276 ], [ 77.6856417, 16.3476695 ], [ 77.6775069, 16.360468 ], [ 77.6646795, 16.363688 ], [ 77.6651755, 16.379649 ], [ 77.6724825, 16.3887692 ], [ 77.6830315, 16.3934645 ], [ 77.6886974, 16.4001018 ], [ 77.7131414, 16.4003329 ], [ 77.7112423, 16.4108941 ], [ 77.7167901, 16.4205552 ], [ 77.7170807, 16.4311316 ], [ 77.7222551, 16.4312375 ], [ 77.7235991, 16.4201631 ], [ 77.7425692, 16.3991948 ], [ 77.7510036, 16.4035774 ], [ 77.7491618, 16.3879433 ], [ 77.7618426, 16.3939241 ], [ 77.754223, 16.421272 ], [ 77.7934121, 16.4218571 ], [ 77.7913266, 16.409211 ], [ 77.8021651, 16.3975755 ], [ 77.8171258, 16.3914421 ], [ 77.8318044, 16.3971138 ], [ 77.840075, 16.3950194 ], [ 77.8550181, 16.3718942 ], [ 77.8626563, 16.371811 ], [ 77.8700418, 16.421315 ], [ 77.8634624, 16.4364037 ], [ 77.8638096, 16.4465487 ], [ 77.8958877, 16.4511333 ], [ 77.9005002, 16.4496701 ], [ 77.9026878, 16.4444186 ], [ 77.9163861, 16.4423831 ], [ 77.9239394, 16.4515256 ], [ 77.9186711, 16.4651529 ], [ 77.9068895, 16.4635256 ], [ 77.8910708, 16.4748021 ], [ 77.8933136, 16.4959567 ], [ 77.8973027, 16.5023967 ], [ 77.8901029, 16.5161215 ], [ 77.8941645, 16.5252627 ], [ 77.8978881, 16.5280583 ], [ 77.9242609, 16.5206819 ], [ 77.9340426, 16.5216779 ], [ 77.9302984, 16.518281 ], [ 77.9287555, 16.5064166 ], [ 77.921669, 16.499415 ], [ 77.923228, 16.4927625 ], [ 77.9186622, 16.4880754 ], [ 77.9211029, 16.4838941 ], [ 77.9309808, 16.4819853 ], [ 77.9412349, 16.5003484 ], [ 77.9676416, 16.5005069 ], [ 77.9681188, 16.5038732 ], [ 77.982445, 16.5024968 ], [ 77.9868254, 16.5112193 ], [ 77.9848937, 16.5138061 ], [ 77.9898456, 16.5181616 ], [ 77.9947598, 16.5159039 ], [ 77.9932801, 16.5194506 ], [ 77.9979207, 16.5310117 ], [ 78.0072044, 16.5321658 ], [ 78.0186316, 16.5284145 ], [ 78.0200874, 16.5330902 ], [ 78.0138766, 16.5452114 ], [ 77.9978386, 16.5541457 ], [ 78.0040776, 16.5680819 ], [ 77.996729, 16.5843231 ], [ 77.9889123, 16.5922952 ], [ 78.0003495, 16.5943569 ], [ 77.9980256, 16.6004445 ], [ 78.0000485, 16.6070175 ], [ 78.0083393, 16.6153829 ], [ 78.0254417, 16.6161934 ], [ 78.0380548, 16.6256572 ] ] ] } },
{ "type": "Feature", "properties": { "district": "Mahabubnagar", "state": "Telangana" }, "geometry": { "type": "Polygon", "coordinates": [ [ [ 78.1466192, 17.0134053 ], [ 78.1740891, 17.0081584 ], [ 78.1765457, 16.997526 ], [ 78.1858429, 16.988275 ], [ 78.1812146, 16.9734227 ], [ 78.2028572, 16.9539307 ], [ 78.2111861, 16.9521075 ], [ 78.2112534, 16.9463104 ], [ 78.21946, 16.9387782 ], [ 78.2330538, 16.9403482 ], [ 78.240546, 16.9634788 ], [ 78.2616658, 16.9608394 ], [ 78.2694594, 16.9647653 ], [ 78.2763381, 16.9573527 ], [ 78.2718549, 16.9328665 ], [ 78.2748158, 16.9244676 ], [ 78.301563, 16.9189707 ], [ 78.3040898, 16.8895282 ], [ 78.3030134, 16.8799023 ], [ 78.299276, 16.8789229 ], [ 78.3049263, 16.8751553 ], [ 78.3162176, 16.8743399 ], [ 78.3204732, 16.8560853 ], [ 78.3283112, 16.8514351 ], [ 78.3228731, 16.8250265 ], [ 78.3343528, 16.8072298 ], [ 78.3332677, 16.7978705 ], [ 78.3404298, 16.792973 ], [ 78.3446941, 16.7851334 ], [ 78.3485614, 16.7856836 ], [ 78.3479193, 16.7907425 ], [ 78.3550306, 16.7965038 ], [ 78.3890737, 16.783919 ], [ 78.398064, 16.7989237 ], [ 78.4132112, 16.7979921 ], [ 78.4268455, 16.7882165 ], [ 78.4343257, 16.7782446 ], [ 78.4529494, 16.7787188 ], [ 78.4648911, 16.7738722 ], [ 78.4743334, 16.7778338 ], [ 78.4881362, 16.7681282 ], [ 78.4937176, 16.7593845 ], [ 78.4869869, 16.7510264 ], [ 78.4652042, 16.7521621 ], [ 78.4643744, 16.7306806 ], [ 78.4428403, 16.7077377 ], [ 78.4303324, 16.7055945 ], [ 78.4243127, 16.6800414 ], [ 78.4049136, 16.6739307 ], [ 78.4048141, 16.6554724 ], [ 78.3901994, 16.6611439 ], [ 78.3784986, 16.6606338 ], [ 78.3687205, 16.6562981 ], [ 78.3661573, 16.6447211 ], [ 78.3428658, 16.6582713 ], [ 78.3291258, 16.6559152 ], [ 78.3169811, 16.6845282 ], [ 78.2982288, 16.6901012 ], [ 78.29547, 16.6967797 ], [ 78.2820058, 16.7055901 ], [ 78.2671265, 16.7095408 ], [ 78.259475, 16.7216761 ], [ 78.2350373, 16.7420405 ], [ 78.233782, 16.7389562 ], [ 78.2235598, 16.7413073 ], [ 78.2134575, 16.7223662 ], [ 78.2115656, 16.7106772 ], [ 78.1982654, 16.701004 ], [ 78.1824423, 16.7036859 ], [ 78.1831512, 16.7308346 ], [ 78.162959, 16.7288721 ], [ 78.1553752, 16.700743 ], [ 78.1445851, 16.6878648 ], [ 78.1402907, 16.6745699 ], [ 78.1400612, 16.660809 ], [ 78.1507793, 16.6476625 ], [ 78.1302397, 16.6257473 ], [ 78.1251731, 16.591448 ], [ 78.1189428, 16.5919617 ], [ 78.1160724, 16.5977821 ], [ 78.1016002, 16.5979583 ], [ 78.076786, 16.6087712 ], [ 78.0701767, 16.614494 ], [ 78.0690353, 16.6245171 ], [ 78.0380548, 16.6256572 ], [ 78.0254417, 16.6161934 ], [ 78.0083393, 16.6153829 ], [ 78.0000485, 16.6070175 ], [ 77.9980256, 16.6004445 ], [ 78.0003495, 16.5943569 ], [ 77.9889123, 16.5922952 ], [ 77.996729, 16.5843231 ], [ 78.0040776, 16.5680819 ], [ 77.9978386, 16.5541457 ], [ 78.0138766, 16.5452114 ], [ 78.0200874, 16.5330902 ], [ 78.0186316, 16.5284145 ], [ 78.0072044, 16.5321658 ], [ 77.9979207, 16.5310117 ], [ 77.9932801, 16.5194506 ], [ 77.9947598, 16.5159039 ], [ 77.9898456, 16.5181616 ], [ 77.9848937, 16.5138061 ], [ 77.9868254, 16.5112193 ], [ 77.982445, 16.5024968 ], [ 77.9681188, 16.5038732 ], [ 77.9676416, 16.5005069 ], [ 77.9412349, 16.5003484 ], [ 77.9309808, 16.4819853 ], [ 77.9211029, 16.4838941 ], [ 77.9186622, 16.4880754 ], [ 77.923228, 16.4927625 ], [ 77.921669, 16.499415 ], [ 77.9287555, 16.5064166 ], [ 77.9302984, 16.518281 ], [ 77.9340426, 16.5216779 ], [ 77.9242609, 16.5206819 ], [ 77.8957941, 16.5272004 ], [ 77.8901099, 16.5173655 ], [ 77.8973027, 16.5023967 ], [ 77.8933136, 16.4959567 ], [ 77.8910708, 16.4748021 ], [ 77.9068895, 16.4635256 ], [ 77.9186711, 16.4651529 ], [ 77.9239394, 16.4515256 ], [ 77.9163861, 16.4423831 ], [ 77.9026878, 16.4444186 ], [ 77.9005002, 16.4496701 ], [ 77.8958877, 16.4511333 ], [ 77.8638096, 16.4465487 ], [ 77.8634624, 16.4364037 ], [ 77.8700418, 16.421315 ], [ 77.8626563, 16.371811 ], [ 77.8550181, 16.3718942 ], [ 77.840075, 16.3950194 ], [ 77.8318044, 16.3971138 ], [ 77.8171258, 16.3914421 ], [ 77.8021651, 16.3975755 ], [ 77.7913266, 16.409211 ], [ 77.7934121, 16.4218571 ], [ 77.754223, 16.421272 ], [ 77.7618426, 16.3939241 ], [ 77.7491618, 16.3879433 ], [ 77.7510053, 16.4036022 ], [ 77.7455394, 16.4187497 ], [ 77.7504315, 16.4337519 ], [ 77.7394129, 16.4663484 ], [ 77.748708, 16.4741174 ], [ 77.755505, 16.4735462 ], [ 77.7593937, 16.4802838 ], [ 77.7679805, 16.4796934 ], [ 77.7684307, 16.4847651 ], [ 77.7674506, 16.4959742 ], [ 77.7625306, 16.5032245 ], [ 77.7644742, 16.5260457 ], [ 77.7497351, 16.5500896 ], [ 77.7495769, 16.5665015 ], [ 77.7783576, 16.5651991 ], [ 77.7874745, 16.5744206 ], [ 77.7812033, 16.6156775 ], [ 77.798898, 16.6163448 ], [ 77.7978593, 16.6305337 ], [ 77.7734916, 16.6547002 ], [ 77.7674771, 16.6682097 ], [ 77.7646429, 16.6881825 ], [ 77.7491552, 16.6933511 ], [ 77.753415, 16.7237863 ], [ 77.7451981, 16.7394692 ], [ 77.7266399, 16.7513625 ], [ 77.6968051, 16.7482573 ], [ 77.6794948, 16.7566532 ], [ 77.6743724, 16.7767027 ], [ 77.6790919, 16.7772765 ], [ 77.6804541, 16.7811706 ], [ 77.6793895, 16.7948742 ], [ 77.6867407, 16.7913714 ], [ 77.6944845, 16.7932558 ], [ 77.7082055, 16.783206 ], [ 77.7111407, 16.7927694 ], [ 77.7353275, 16.7893 ], [ 77.7415382, 16.7930713 ], [ 77.7377367, 16.8026644 ], [ 77.7295228, 16.8111327 ], [ 77.7436829, 16.8273996 ], [ 77.7273986, 16.850326 ], [ 77.7342562, 16.8599855 ], [ 77.731475, 16.8734133 ], [ 77.7395966, 16.8834643 ], [ 77.7406496, 16.9011841 ], [ 77.7459657, 16.910728 ], [ 77.7401814, 16.9198565 ], [ 77.740312, 16.9383783 ], [ 77.7301458, 16.9392501 ], [ 77.7301854, 16.9437868 ], [ 77.7503273, 16.9530165 ], [ 77.7558281, 16.9686722 ], [ 77.7553366, 16.9762864 ], [ 77.7504551, 16.9775303 ], [ 77.7591564, 16.9932453 ], [ 77.7602393, 17.0022318 ], [ 77.7983801, 16.9989117 ], [ 77.7988384, 16.992568 ], [ 77.8134373, 16.99458 ], [ 77.8251131, 16.986894 ], [ 77.8343048, 16.9876743 ], [ 77.8246228, 16.9565553 ], [ 77.8334605, 16.948666 ], [ 77.8371526, 16.9491103 ], [ 77.8416281, 16.9607937 ], [ 77.8490352, 16.9505838 ], [ 77.8609505, 16.9503295 ], [ 77.8672105, 16.9551738 ], [ 77.8704092, 16.9675961 ], [ 77.8783418, 16.9679382 ], [ 77.8841662, 16.957893 ], [ 77.8695541, 16.927457 ], [ 77.8773426, 16.9286295 ], [ 77.8897291, 16.9246166 ], [ 77.9032536, 16.9262023 ], [ 77.9146399, 16.921018 ], [ 77.9317767, 16.9067806 ], [ 77.9363133, 16.8884872 ], [ 77.9481835, 16.8718149 ], [ 77.9594488, 16.8629362 ], [ 77.9669404, 16.8501361 ], [ 77.9774325, 16.8468237 ], [ 77.9870439, 16.8595285 ], [ 77.9903689, 16.870612 ], [ 77.9784614, 16.876536 ], [ 77.9815219, 16.893238 ], [ 77.986035, 16.8981215 ], [ 78.0082244, 16.9024033 ], [ 78.0111692, 16.9091538 ], [ 78.0089171, 16.9282442 ], [ 78.0045539, 16.9359129 ], [ 78.0084423, 16.9438548 ], [ 78.0121522, 16.9432878 ], [ 78.0107987, 16.9496396 ], [ 77.9986877, 16.9523874 ], [ 77.9940479, 16.9492122 ], [ 77.9877549, 16.9529821 ], [ 77.9854612, 16.9596619 ], [ 77.9951979, 16.9637158 ], [ 77.9996899, 16.9797052 ], [ 78.0105256, 16.9783133 ], [ 78.0126306, 16.9813319 ], [ 78.0138038, 16.9863022 ], [ 78.0087595, 16.9901416 ], [ 78.0119166, 17.0032574 ], [ 78.0306039, 17.0107924 ], [ 78.0577758, 17.0010075 ], [ 78.0683153, 17.0054155 ], [ 78.0851035, 16.9962996 ], [ 78.0921119, 16.9831735 ], [ 78.1083912, 16.9828145 ], [ 78.1143748, 16.9862238 ], [ 78.1196643, 16.9829183 ], [ 78.1247689, 16.9863718 ], [ 78.1267099, 16.9941629 ], [ 78.1363402, 16.9929767 ], [ 78.1358108, 17.0073204 ], [ 78.1466192, 17.0134053 ] ] ] } },
{ "type": "Feature", "properties": { "district": "Vikarabad", "state": "Telangana" }, "geometry": { "type": "Polygon", "coordinates": [ [ [ 77.7967694, 17.6261066 ], [ 77.8155038, 17.6263746 ], [ 77.8229096, 17.6320243 ], [ 77.8430606, 17.6189598 ], [ 77.8515422, 17.6168916 ], [ 77.8559098, 17.6129307 ], [ 77.8528068, 17.6084252 ], [ 77.8674144, 17.6195746 ], [ 77.8674904, 17.6107791 ], [ 77.8749159, 17.6030014 ], [ 77.8686958, 17.5967894 ], [ 77.8727473, 17.5825699 ], [ 77.8861067, 17.5801025 ], [ 77.897285, 17.5821426 ], [ 77.9293811, 17.5722047 ], [ 77.932364, 17.567231 ], [ 77.9365128, 17.5675341 ], [ 77.933792, 17.5607555 ], [ 77.9401714, 17.5509193 ], [ 77.9366604, 17.5388972 ], [ 77.9623518, 17.534095 ], [ 77.967932, 17.5300604 ], [ 77.9742398, 17.5178095 ], [ 77.9659736, 17.5046987 ], [ 77.9676125, 17.4916147 ], [ 77.9645851, 17.484498 ], [ 77.9808158, 17.4838493 ], [ 77.9910142, 17.5069117 ], [ 77.995231, 17.5006764 ], [ 78.0077716, 17.4960802 ], [ 78.0005037, 17.4829098 ], [ 78.0042545, 17.4750998 ], [ 78.0199392, 17.469477 ], [ 78.0225871, 17.4649907 ], [ 78.0306512, 17.4681091 ], [ 78.0306396, 17.4712787 ], [ 78.0404352, 17.4712155 ], [ 78.0408479, 17.4578228 ], [ 78.045415, 17.4580246 ], [ 78.0476634, 17.4513291 ], [ 78.0629238, 17.4487074 ], [ 78.0722763, 17.4375281 ], [ 78.0713589, 17.4115226 ], [ 78.0512284, 17.4119164 ], [ 78.0464744, 17.400363 ], [ 78.0359297, 17.390574 ], [ 78.0328505, 17.3788858 ], [ 78.0251402, 17.3700196 ], [ 78.0220083, 17.370051 ], [ 78.0229517, 17.3639441 ], [ 78.0171537, 17.3441891 ], [ 78.0125629, 17.344316 ], [ 78.0055775, 17.3378721 ], [ 78.0053492, 17.3284051 ], [ 78.0094841, 17.3201333 ], [ 78.0128933, 17.3196938 ], [ 78.0147622, 17.3118791 ], [ 78.0324987, 17.3086214 ], [ 78.0315192, 17.3030255 ], [ 78.0472168, 17.2952075 ], [ 78.0433786, 17.275009 ], [ 78.0594738, 17.2512411 ], [ 78.050811, 17.2435945 ], [ 78.0509694, 17.2354114 ], [ 78.0695216, 17.2306497 ], [ 78.0640472, 17.2110382 ], [ 78.0547507, 17.2143776 ], [ 78.0469258, 17.2083501 ], [ 78.0408468, 17.1884054 ], [ 78.0452676, 17.1877735 ], [ 78.0442177, 17.1686101 ], [ 78.0160513, 17.1654842 ], [ 78.0113331, 17.1476299 ], [ 78.003979, 17.1474443 ], [ 77.9986852, 17.1335533 ], [ 77.9916654, 17.1282159 ], [ 77.9933716, 17.1223887 ], [ 77.990012, 17.1033375 ], [ 77.9836092, 17.1039131 ], [ 77.9752669, 17.0995002 ], [ 77.9541519, 17.0992079 ], [ 77.9542087, 17.095541 ], [ 77.9338252, 17.0853336 ], [ 77.9381584, 17.0818946 ], [ 77.9491862, 17.0806929 ], [ 77.9490177, 17.075549 ], [ 77.9420946, 17.0753348 ], [ 77.9228744, 17.0633855 ], [ 77.922744, 17.0517977 ], [ 77.9322153, 17.0479686 ], [ 77.9306366, 17.0396195 ], [ 77.9349433, 17.0280306 ], [ 77.9439192, 17.0213505 ], [ 77.9507389, 17.0203289 ], [ 77.9482785, 17.0168443 ], [ 77.95357, 17.0144022 ], [ 77.9677334, 17.0139698 ], [ 77.9782699, 17.0100789 ], [ 77.9780382, 17.0043192 ], [ 77.9837077, 16.9961419 ], [ 77.9988209, 16.9825991 ], [ 77.9951979, 16.9637158 ], [ 77.9857009, 16.9603929 ], [ 77.9877549, 16.9529821 ], [ 77.9940479, 16.9492122 ], [ 77.9986877, 16.9523874 ], [ 78.011313, 16.9476105 ], [ 78.0121522, 16.9432878 ], [ 78.0084423, 16.9438548 ], [ 78.0045539, 16.9359129 ], [ 78.0089171, 16.9282442 ], [ 78.0111692, 16.9091538 ], [ 78.0082244, 16.9024033 ], [ 77.986035, 16.8981215 ], [ 77.9815219, 16.893238 ], [ 77.9784614, 16.876536 ], [ 77.9903689, 16.870612 ], [ 77.9870439, 16.8595285 ], [ 77.9774325, 16.8468237 ], [ 77.9669404, 16.8501361 ], [ 77.9594488, 16.8629362 ], [ 77.9481835, 16.8718149 ], [ 77.9363133, 16.8884872 ], [ 77.9317767, 16.9067806 ], [ 77.9146399, 16.921018 ], [ 77.9032536, 16.9262023 ], [ 77.8897291, 16.9246166 ], [ 77.8773426, 16.9286295 ], [ 77.8695541, 16.927457 ], [ 77.8841662, 16.957893 ], [ 77.8783418, 16.9679382 ], [ 77.8704092, 16.9675961 ], [ 77.8672105, 16.9551738 ], [ 77.8609505, 16.9503295 ], [ 77.8490352, 16.9505838 ], [ 77.8416281, 16.9607937 ], [ 77.8371526, 16.9491103 ], [ 77.8334605, 16.948666 ], [ 77.8246228, 16.9565553 ], [ 77.8343048, 16.9876743 ], [ 77.8251131, 16.986894 ], [ 77.8134373, 16.99458 ], [ 77.7988384, 16.992568 ], [ 77.7983801, 16.9989117 ], [ 77.7602393, 17.0022318 ], [ 77.7608901, 17.0139082 ], [ 77.7657915, 17.0217817 ], [ 77.7401372, 17.0296638 ], [ 77.7310895, 17.0288841 ], [ 77.7340224, 17.0336632 ], [ 77.7275528, 17.0384472 ], [ 77.7145861, 17.0402335 ], [ 77.7116372, 17.0327948 ], [ 77.7041315, 17.026517 ], [ 77.6872699, 17.0206306 ], [ 77.6670647, 17.0345418 ], [ 77.6593912, 17.0320585 ], [ 77.6518521, 17.0178413 ], [ 77.6415368, 17.0191647 ], [ 77.6306392, 17.0021424 ], [ 77.6379205, 17.0024311 ], [ 77.6480093, 17.0080536 ], [ 77.6530684, 17.0069486 ], [ 77.6532318, 17.0031322 ], [ 77.6448526, 16.9951383 ], [ 77.6468313, 16.9935141 ], [ 77.6441232, 16.9903301 ], [ 77.623977, 16.9843556 ], [ 77.6230668, 16.9529261 ], [ 77.6036362, 16.9466372 ], [ 77.602848, 16.9360073 ], [ 77.5932288, 16.9306569 ], [ 77.5964905, 16.9143384 ], [ 77.5838653, 16.9125195 ], [ 77.5788487, 16.9057932 ], [ 77.568355, 16.9075846 ], [ 77.5659235, 16.91154 ], [ 77.5576482, 16.902231 ], [ 77.5536727, 16.9029313 ], [ 77.546585, 16.9094179 ], [ 77.5377347, 16.9302936 ], [ 77.5321215, 16.9311244 ], [ 77.5249235, 16.9255062 ], [ 77.5158249, 16.9334155 ], [ 77.5230663, 16.9483015 ], [ 77.466206, 16.9540963 ], [ 77.4659458, 16.9589296 ], [ 77.4721466, 16.9571421 ], [ 77.4819164, 16.9720391 ], [ 77.4827465, 16.9872283 ], [ 77.4795162, 16.9960175 ], [ 77.4865589, 17.0032117 ], [ 77.5022016, 17.0093741 ], [ 77.5025316, 17.0141045 ], [ 77.494946, 17.0270893 ], [ 77.4966513, 17.0427206 ], [ 77.4881061, 17.0471712 ], [ 77.4898365, 17.0505361 ], [ 77.4799268, 17.0688032 ], [ 77.4809801, 17.0792347 ], [ 77.4672526, 17.08633 ], [ 77.4628551, 17.0940891 ], [ 77.4636228, 17.1099968 ], [ 77.4591919, 17.1090995 ], [ 77.4542752, 17.1148529 ], [ 77.4457957, 17.1179552 ], [ 77.4360031, 17.114981 ], [ 77.4066584, 17.1245112 ], [ 77.4038216, 17.1329151 ], [ 77.3777476, 17.1400913 ], [ 77.378227, 17.1525745 ], [ 77.3668967, 17.154413 ], [ 77.3624456, 17.1638282 ], [ 77.3719008, 17.181128 ], [ 77.3694565, 17.1863235 ], [ 77.3733529, 17.1908687 ], [ 77.3722717, 17.1955628 ], [ 77.3817431, 17.1976547 ], [ 77.3938936, 17.1943966 ], [ 77.3964095, 17.2075296 ], [ 77.3983889, 17.2103126 ], [ 77.4037479, 17.2098921 ], [ 77.4019762, 17.2141211 ], [ 77.388762, 17.2153241 ], [ 77.3801876, 17.2225305 ], [ 77.4049458, 17.2365297 ], [ 77.4082705, 17.2412053 ], [ 77.4114482, 17.2376717 ], [ 77.4204186, 17.2376248 ], [ 77.4263297, 17.2564624 ], [ 77.4357822, 17.2601828 ], [ 77.4439961, 17.2705493 ], [ 77.4508148, 17.2705334 ], [ 77.4585352, 17.2789973 ], [ 77.4548778, 17.2872415 ], [ 77.4379259, 17.2919188 ], [ 77.4405091, 17.3013016 ], [ 77.4488434, 17.3096209 ], [ 77.4524543, 17.3274748 ], [ 77.4560249, 17.331396 ], [ 77.4570576, 17.3474099 ], [ 77.451678, 17.3526798 ], [ 77.4510644, 17.3593801 ], [ 77.4536062, 17.3739899 ], [ 77.4790959, 17.3707212 ], [ 77.4744315, 17.3615127 ], [ 77.4838185, 17.3549974 ], [ 77.4882008, 17.3587269 ], [ 77.5026252, 17.3570652 ], [ 77.524103, 17.3641708 ], [ 77.5332363, 17.3801084 ], [ 77.5261306, 17.3820025 ], [ 77.5242855, 17.3879962 ], [ 77.5378441, 17.4060928 ], [ 77.5141738, 17.4141812 ], [ 77.5129984, 17.4308703 ], [ 77.537301, 17.4437469 ], [ 77.5758618, 17.4307144 ], [ 77.5761861, 17.4561676 ], [ 77.6029183, 17.4441516 ], [ 77.6142714, 17.4459464 ], [ 77.6152311, 17.4728907 ], [ 77.6382414, 17.4735187 ], [ 77.6447852, 17.4775662 ], [ 77.6478755, 17.4960754 ], [ 77.6571316, 17.5065835 ], [ 77.6523155, 17.4827343 ], [ 77.688614, 17.4753406 ], [ 77.6880051, 17.4894261 ], [ 77.6925187, 17.4989346 ], [ 77.6869737, 17.5121804 ], [ 77.6905386, 17.5262798 ], [ 77.709415, 17.525763 ], [ 77.761284, 17.5581229 ], [ 77.7614807, 17.5791727 ], [ 77.7650428, 17.5843682 ], [ 77.7699117, 17.5840915 ], [ 77.7741601, 17.6009969 ], [ 77.767412, 17.6126255 ], [ 77.7604419, 17.6154389 ], [ 77.7495632, 17.6135221 ], [ 77.7498635, 17.617663 ], [ 77.745648, 17.6177057 ], [ 77.746397, 17.6240706 ], [ 77.7623174, 17.6276886 ], [ 77.7762297, 17.6268221 ], [ 77.7819145, 17.6307015 ], [ 77.7835056, 17.6387198 ], [ 77.7902201, 17.6377247 ], [ 77.7967694, 17.6261066 ] ] ] } },
{ "type": "Feature", "properties": { "district": "Sangareddy", "state": "Telangana" }, "geometry": { "type": "Polygon", "coordinates": [ [ [ 77.6256261, 18.2840105 ], [ 77.6651276, 18.2835824 ], [ 77.6862607, 18.2665065 ], [ 77.6875849, 18.2602413 ], [ 77.7068294, 18.2609762 ], [ 77.7116407, 18.2580213 ], [ 77.7196383, 18.2602864 ], [ 77.728852, 18.2533557 ], [ 77.7280617, 18.2333591 ], [ 77.736369, 18.2349238 ], [ 77.7378002, 18.2240809 ], [ 77.7433884, 18.2243814 ], [ 77.7420543, 18.205258 ], [ 77.7584767, 18.2050353 ], [ 77.7695754, 18.1881332 ], [ 77.7766597, 18.1904562 ], [ 77.7798159, 18.1998341 ], [ 77.7864505, 18.1964335 ], [ 77.7965602, 18.2046924 ], [ 77.8109701, 18.1957169 ], [ 77.8269731, 18.1939556 ], [ 77.8293073, 18.2003213 ], [ 77.8399715, 18.2037761 ], [ 77.8487951, 18.2017386 ], [ 77.8542034, 18.207455 ], [ 77.8650143, 18.2021873 ], [ 77.8624385, 18.1943546 ], [ 77.8686512, 18.1891565 ], [ 77.8822839, 18.1866886 ], [ 77.9036861, 18.1923593 ], [ 77.900216, 18.1730856 ], [ 77.903407, 18.168139 ], [ 77.8958915, 18.1615709 ], [ 77.8946625, 18.1565751 ], [ 77.9042019, 18.1524151 ], [ 77.9026779, 18.1443468 ], [ 77.9099579, 18.1472419 ], [ 77.9148439, 18.1413392 ], [ 77.9143912, 18.1484073 ], [ 77.918575, 18.145199 ], [ 77.9252287, 18.1493606 ], [ 77.9204652, 18.1502885 ], [ 77.9216132, 18.1532221 ], [ 77.9279346, 18.1557254 ], [ 77.9311793, 18.1491202 ], [ 77.9354801, 18.1492304 ], [ 77.9291459, 18.1448471 ], [ 77.932297, 18.1421277 ], [ 77.9304733, 18.1402392 ], [ 77.9248607, 18.1417718 ], [ 77.919083, 18.1364275 ], [ 77.9252019, 18.1312763 ], [ 77.9234879, 18.1278927 ], [ 77.9089781, 18.1241198 ], [ 77.9091319, 18.1199995 ], [ 77.9141779, 18.1198254 ], [ 77.9131437, 18.1158219 ], [ 77.918618, 18.1132663 ], [ 77.9293781, 18.1160084 ], [ 77.9268538, 18.1041494 ], [ 77.9179953, 18.1063659 ], [ 77.914097, 18.1009086 ], [ 77.9088288, 18.1014775 ], [ 77.9051702, 18.1057769 ], [ 77.9079993, 18.0998674 ], [ 77.898776, 18.0992944 ], [ 77.9018841, 18.0973028 ], [ 77.8951729, 18.0933656 ], [ 77.8954326, 18.0873525 ], [ 77.8882265, 18.0705948 ], [ 77.8756276, 18.0744635 ], [ 77.8513678, 18.0729997 ], [ 77.8526571, 18.0508749 ], [ 77.8657766, 18.0222928 ], [ 77.8708781, 18.0170896 ], [ 77.8713624, 18.0017808 ], [ 77.8912891, 18.0049584 ], [ 77.9049325, 18.0006945 ], [ 77.8919909, 17.9923417 ], [ 77.8879733, 17.9847166 ], [ 77.8906122, 17.9642929 ], [ 77.9066846, 17.9589884 ], [ 77.9070016, 17.947881 ], [ 77.9029631, 17.9375796 ], [ 77.8996704, 17.9362467 ], [ 77.902529, 17.919741 ], [ 77.898287, 17.9106077 ], [ 77.8839594, 17.9106995 ], [ 77.8800495, 17.9184722 ], [ 77.8550289, 17.9179607 ], [ 77.8512636, 17.9111107 ], [ 77.8554852, 17.9110952 ], [ 77.8541542, 17.9075572 ], [ 77.8659479, 17.9031144 ], [ 77.8660526, 17.8977769 ], [ 77.8792455, 17.8959636 ], [ 77.8779682, 17.8887465 ], [ 77.8864023, 17.8886194 ], [ 77.8875556, 17.8793164 ], [ 77.8948089, 17.8724522 ], [ 77.8947364, 17.8470089 ], [ 77.9055448, 17.8471087 ], [ 77.9127288, 17.8571594 ], [ 77.9179348, 17.8550841 ], [ 77.9196771, 17.8572027 ], [ 77.9224444, 17.8495916 ], [ 77.9316635, 17.8438256 ], [ 77.952467, 17.8419318 ], [ 77.9557292, 17.8560888 ], [ 77.970604, 17.8539641 ], [ 77.9751946, 17.8669115 ], [ 77.9722405, 17.8821879 ], [ 77.9958471, 17.8840118 ], [ 77.9986785, 17.8875084 ], [ 78.0141051, 17.8895365 ], [ 78.0346451, 17.8784955 ], [ 78.0474182, 17.8926517 ], [ 78.0467643, 17.9143337 ], [ 78.0531258, 17.9180456 ], [ 78.0601776, 17.9171497 ], [ 78.0617654, 17.9204632 ], [ 78.0591888, 17.922224 ], [ 78.0635599, 17.9246425 ], [ 78.0718723, 17.9195928 ], [ 78.0790995, 17.9052544 ], [ 78.0725699, 17.877379 ], [ 78.0733653, 17.8691876 ], [ 78.0943984, 17.8606011 ], [ 78.0967903, 17.8445527 ], [ 78.0937371, 17.8325701 ], [ 78.0973279, 17.8180266 ], [ 78.1139385, 17.8027337 ], [ 78.1200329, 17.8006407 ], [ 78.1220028, 17.8070912 ], [ 78.1314606, 17.8113779 ], [ 78.1390692, 17.8316968 ], [ 78.1484744, 17.8361721 ], [ 78.1509357, 17.8324379 ], [ 78.1492388, 17.8058872 ], [ 78.1746573, 17.8225981 ], [ 78.1755118, 17.8281498 ], [ 78.1876227, 17.8305867 ], [ 78.1807141, 17.8212941 ], [ 78.1663505, 17.8138775 ], [ 78.1634461, 17.7973947 ], [ 78.1658913, 17.7898129 ], [ 78.1734901, 17.7885079 ], [ 78.1931954, 17.7978264 ], [ 78.196049, 17.8051853 ], [ 78.2038648, 17.8027153 ], [ 78.1956134, 17.7731735 ], [ 78.1961168, 17.7636626 ], [ 78.2044137, 17.7650991 ], [ 78.2042627, 17.7549943 ], [ 78.1991305, 17.7460773 ], [ 78.2014309, 17.7357672 ], [ 78.2152292, 17.7415257 ], [ 78.2187689, 17.7320741 ], [ 78.234946, 17.7352933 ], [ 78.2352001, 17.7239078 ], [ 78.2263204, 17.7146902 ], [ 78.2380349, 17.7051216 ], [ 78.2380974, 17.7029657 ], [ 78.2293773, 17.7020323 ], [ 78.2313957, 17.6914701 ], [ 78.2566162, 17.6930344 ], [ 78.2650833, 17.6872371 ], [ 78.2815934, 17.6872323 ], [ 78.2901725, 17.6773478 ], [ 78.2974096, 17.6804924 ], [ 78.3109504, 17.6770916 ], [ 78.3055122, 17.6674285 ], [ 78.3196222, 17.6633786 ], [ 78.3250907, 17.6737711 ], [ 78.3197774, 17.6800767 ], [ 78.3252193, 17.7034491 ], [ 78.322174, 17.7042751 ], [ 78.3198198, 17.7111145 ], [ 78.3197193, 17.7160707 ], [ 78.3238863, 17.7167313 ], [ 78.3237755, 17.724859 ], [ 78.3206652, 17.7212122 ], [ 78.3180484, 17.7228334 ], [ 78.3130272, 17.7387031 ], [ 78.3179205, 17.739825 ], [ 78.3180796, 17.7435387 ], [ 78.3381216, 17.7412133 ], [ 78.3517614, 17.7437289 ], [ 78.3518256, 17.7413245 ], [ 78.3607899, 17.7395292 ], [ 78.3609677, 17.7314431 ], [ 78.372397, 17.7263492 ], [ 78.3716651, 17.7090087 ], [ 78.3879967, 17.6992473 ], [ 78.3962818, 17.6991768 ], [ 78.4024629, 17.7098423 ], [ 78.4025504, 17.7162177 ], [ 78.4163703, 17.7327728 ], [ 78.4403617, 17.7266853 ], [ 78.4500306, 17.7110456 ], [ 78.4456985, 17.69816 ], [ 78.4305823, 17.6864493 ], [ 78.4211469, 17.671556 ], [ 78.4099032, 17.6698457 ], [ 78.3951514, 17.6755556 ], [ 78.3882006, 17.6610242 ], [ 78.3811913, 17.6423821 ], [ 78.3869838, 17.6378144 ], [ 78.3920793, 17.6256849 ], [ 78.3905651, 17.6213568 ], [ 78.3777736, 17.6148234 ], [ 78.3714141, 17.6147646 ], [ 78.3868855, 17.6066491 ], [ 78.3897983, 17.5988292 ], [ 78.3889339, 17.5943109 ], [ 78.3837006, 17.5955181 ], [ 78.3809616, 17.5706285 ], [ 78.3772339, 17.5631404 ], [ 78.3708649, 17.5675893 ], [ 78.363002, 17.5680804 ], [ 78.3551214, 17.5619924 ], [ 78.36143, 17.5496855 ], [ 78.3485329, 17.5352322 ], [ 78.3513622, 17.5286279 ], [ 78.3369849, 17.5037234 ], [ 78.3377096, 17.5063623 ], [ 78.307638, 17.5100568 ], [ 78.3176486, 17.4946283 ], [ 78.3092073, 17.4901922 ], [ 78.2979989, 17.490954 ], [ 78.301804, 17.4608167 ], [ 78.2940035, 17.4523351 ], [ 78.2881355, 17.4312626 ], [ 78.2756041, 17.4347721 ], [ 78.2659499, 17.428359 ], [ 78.2422916, 17.4279841 ], [ 78.2309973, 17.4294295 ], [ 78.2178484, 17.4385026 ], [ 78.2186696, 17.4574134 ], [ 78.2139624, 17.4722165 ], [ 78.2138142, 17.4860532 ], [ 78.1914658, 17.4869293 ], [ 78.1897102, 17.4756901 ], [ 78.164348, 17.4627869 ], [ 78.14508, 17.4678354 ], [ 78.145292, 17.4841006 ], [ 78.1219655, 17.485117 ], [ 78.1111343, 17.4796994 ], [ 78.1054167, 17.4902051 ], [ 78.0837916, 17.4912528 ], [ 78.0806666, 17.5017302 ], [ 78.0831066, 17.505253 ], [ 78.0821114, 17.5164233 ], [ 78.0710316, 17.5184045 ], [ 78.0715512, 17.5137261 ], [ 78.0667975, 17.507559 ], [ 78.0580778, 17.5088655 ], [ 78.0586935, 17.5044334 ], [ 78.0711133, 17.5003613 ], [ 78.0712404, 17.4958929 ], [ 78.0576554, 17.4797801 ], [ 78.0499787, 17.4758921 ], [ 78.0534083, 17.475467 ], [ 78.0530324, 17.4696542 ], [ 78.056084, 17.468965 ], [ 78.059497, 17.4607394 ], [ 78.0667362, 17.4596186 ], [ 78.0702135, 17.455781 ], [ 78.0629238, 17.4487074 ], [ 78.0476634, 17.4513291 ], [ 78.045415, 17.4580246 ], [ 78.0408479, 17.4578228 ], [ 78.0404352, 17.4712155 ], [ 78.0306396, 17.4712787 ], [ 78.0306512, 17.4681091 ], [ 78.0225871, 17.4649907 ], [ 78.0199392, 17.469477 ], [ 78.0042545, 17.4750998 ], [ 78.0005037, 17.4829098 ], [ 78.0077716, 17.4960802 ], [ 77.995231, 17.5006764 ], [ 77.9910142, 17.5069117 ], [ 77.9808158, 17.4838493 ], [ 77.9645851, 17.484498 ], [ 77.9676125, 17.4916147 ], [ 77.9659736, 17.5046987 ], [ 77.9741651, 17.5184914 ], [ 77.9629812, 17.533899 ], [ 77.9366604, 17.5388972 ], [ 77.9401714, 17.5509193 ], [ 77.933792, 17.5607555 ], [ 77.9365128, 17.5675341 ], [ 77.897285, 17.5821426 ], [ 77.8861067, 17.5801025 ], [ 77.8727473, 17.5825699 ], [ 77.8686958, 17.5967894 ], [ 77.8749159, 17.6030014 ], [ 77.8674904, 17.6107791 ], [ 77.8674144, 17.6195746 ], [ 77.8617593, 17.6130438 ], [ 77.8528068, 17.6084252 ], [ 77.8559098, 17.6129307 ], [ 77.8515422, 17.6168916 ], [ 77.8430606, 17.6189598 ], [ 77.8229096, 17.6320243 ], [ 77.8158935, 17.6264881 ], [ 77.8038329, 17.6278055 ], [ 77.7997936, 17.6249512 ], [ 77.794268, 17.627992 ], [ 77.7902201, 17.6377247 ], [ 77.7835056, 17.6387198 ], [ 77.7819145, 17.6307015 ], [ 77.7762297, 17.6268221 ], [ 77.7623174, 17.6276886 ], [ 77.746397, 17.6240706 ], [ 77.745648, 17.6177057 ], [ 77.7498635, 17.617663 ], [ 77.7495632, 17.6135221 ], [ 77.7604419, 17.6154389 ], [ 77.767412, 17.6126255 ], [ 77.7741601, 17.6009969 ], [ 77.7699117, 17.5840915 ], [ 77.7650428, 17.5843682 ], [ 77.7614807, 17.5791727 ], [ 77.761284, 17.5581229 ], [ 77.709415, 17.525763 ], [ 77.6905386, 17.5262798 ], [ 77.6875341, 17.511654 ], [ 77.6834159, 17.5081756 ], [ 77.6686417, 17.5116083 ], [ 77.6620096, 17.5228227 ], [ 77.6452651, 17.5223822 ], [ 77.6369967, 17.5257124 ], [ 77.6279604, 17.5236345 ], [ 77.6120625, 17.5347567 ], [ 77.6078151, 17.5324703 ], [ 77.6030115, 17.5358401 ], [ 77.5968993, 17.5343032 ], [ 77.5972257, 17.5537252 ], [ 77.5937999, 17.5645131 ], [ 77.5890711, 17.5646975 ], [ 77.5880954, 17.5600029 ], [ 77.5505593, 17.5517338 ], [ 77.5374363, 17.5754421 ], [ 77.5283834, 17.5753655 ], [ 77.5068988, 17.542279 ], [ 77.5000295, 17.5467247 ], [ 77.5004326, 17.5561942 ], [ 77.4961842, 17.5596147 ], [ 77.4940657, 17.5683579 ], [ 77.478051, 17.5668035 ], [ 77.4618129, 17.580753 ], [ 77.443119, 17.5839632 ], [ 77.4461384, 17.5964673 ], [ 77.4447629, 17.6094067 ], [ 77.4487299, 17.6093449 ], [ 77.4557543, 17.6324884 ], [ 77.4482183, 17.6511224 ], [ 77.4548205, 17.6744811 ], [ 77.4524302, 17.6947034 ], [ 77.4673165, 17.7028844 ], [ 77.4841505, 17.7056047 ], [ 77.4848913, 17.7091431 ], [ 77.4922692, 17.7081256 ], [ 77.4970621, 17.7155148 ], [ 77.509144, 17.7162922 ], [ 77.5116536, 17.7209245 ], [ 77.516552, 17.7201592 ], [ 77.5220075, 17.7260265 ], [ 77.5285891, 17.7251669 ], [ 77.5313262, 17.7286697 ], [ 77.5459639, 17.7268407 ], [ 77.5486104, 17.735766 ], [ 77.5566952, 17.7373774 ], [ 77.5643864, 17.7478564 ], [ 77.5685342, 17.7489064 ], [ 77.5691495, 17.766492 ], [ 77.554859, 17.7639709 ], [ 77.5402565, 17.7743781 ], [ 77.5375091, 17.7799337 ], [ 77.5343933, 17.7776282 ], [ 77.526356, 17.7816314 ], [ 77.5123318, 17.7821297 ], [ 77.5065574, 17.7859527 ], [ 77.5151572, 17.8054654 ], [ 77.5290315, 17.8129312 ], [ 77.5282214, 17.8278978 ], [ 77.5466966, 17.8284846 ], [ 77.5490022, 17.8196264 ], [ 77.5540261, 17.8200679 ], [ 77.5606827, 17.8386455 ], [ 77.5674352, 17.8454197 ], [ 77.5648435, 17.8511879 ], [ 77.5693248, 17.8515643 ], [ 77.569999, 17.8676473 ], [ 77.5763988, 17.8754194 ], [ 77.5805889, 17.8734462 ], [ 77.5834277, 17.8770327 ], [ 77.5990765, 17.8730873 ], [ 77.6003701, 17.8806014 ], [ 77.5958264, 17.8813552 ], [ 77.5859909, 17.8938446 ], [ 77.5860632, 17.9078357 ], [ 77.5999938, 17.9041382 ], [ 77.6051839, 17.9078117 ], [ 77.6190388, 17.9040598 ], [ 77.6219965, 17.9295743 ], [ 77.618683, 17.9394903 ], [ 77.6229447, 17.9455215 ], [ 77.6325119, 17.9466734 ], [ 77.632885, 17.9558035 ], [ 77.6245445, 17.9596029 ], [ 77.6330129, 17.9673821 ], [ 77.6372132, 17.9523248 ], [ 77.6408997, 17.9541135 ], [ 77.6494849, 17.9500153 ], [ 77.6495144, 17.9590685 ], [ 77.6557796, 17.9682791 ], [ 77.6482141, 17.9802562 ], [ 77.6520398, 17.9938943 ], [ 77.6489056, 17.9988776 ], [ 77.6277874, 17.9967872 ], [ 77.6196618, 18.0064937 ], [ 77.6074707, 18.0098539 ], [ 77.6059338, 18.020233 ], [ 77.6016428, 18.0198402 ], [ 77.5958559, 18.012851 ], [ 77.5885902, 18.0121563 ], [ 77.5805946, 18.0315823 ], [ 77.5537863, 18.0358209 ], [ 77.5518345, 18.0506954 ], [ 77.5476357, 18.0561311 ], [ 77.5483352, 18.0652105 ], [ 77.557425, 18.0637313 ], [ 77.5597138, 18.0718823 ], [ 77.5659217, 18.076674 ], [ 77.5969542, 18.086767 ], [ 77.6015541, 18.1059034 ], [ 77.5945086, 18.131374 ], [ 77.5968429, 18.1559476 ], [ 77.5923951, 18.1554402 ], [ 77.5813139, 18.1623167 ], [ 77.5747222, 18.1740977 ], [ 77.5706888, 18.1921693 ], [ 77.5634812, 18.195351 ], [ 77.5653013, 18.2039819 ], [ 77.5748215, 18.2016271 ], [ 77.5853147, 18.2198203 ], [ 77.5717796, 18.2440019 ], [ 77.5819944, 18.2596264 ], [ 77.5939877, 18.2644251 ], [ 77.6003571, 18.2756172 ], [ 77.6199397, 18.2744952 ], [ 77.6256261, 18.2840105 ] ] ] } },
{ "type": "Feature", "properties": { "district": "Medak", "state": "Telangana" }, "geometry": { "type": "Polygon", "coordinates": [ [ [ 78.2152604, 18.2122887 ], [ 78.2217824, 18.1825966 ], [ 78.2163852, 18.1754838 ], [ 78.2275126, 18.1753265 ], [ 78.2379179, 18.1619724 ], [ 78.2486595, 18.15541 ], [ 78.2569539, 18.1395784 ], [ 78.2777896, 18.1431359 ], [ 78.2901474, 18.1586082 ], [ 78.2977033, 18.1619041 ], [ 78.3138091, 18.1790361 ], [ 78.3126879, 18.2023503 ], [ 78.332466, 18.1961969 ], [ 78.337296, 18.1887477 ], [ 78.3378409, 18.1800935 ], [ 78.357814, 18.171829 ], [ 78.3653809, 18.1547613 ], [ 78.3631799, 18.1467711 ], [ 78.374398, 18.1446229 ], [ 78.3750834, 18.1350524 ], [ 78.3845263, 18.1234486 ], [ 78.3896636, 18.1287876 ], [ 78.4118656, 18.130673 ], [ 78.4213685, 18.1412332 ], [ 78.4247678, 18.1563577 ], [ 78.4330998, 18.1629148 ], [ 78.4409977, 18.1559448 ], [ 78.4457685, 18.1446461 ], [ 78.4415536, 18.1300837 ], [ 78.4581876, 18.1206294 ], [ 78.4717953, 18.1275565 ], [ 78.4798328, 18.126046 ], [ 78.4915223, 18.1325289 ], [ 78.4915328, 18.1356523 ], [ 78.4832977, 18.1416493 ], [ 78.4837773, 18.1483158 ], [ 78.4914705, 18.1555428 ], [ 78.5023437, 18.1755083 ], [ 78.5158406, 18.1663957 ], [ 78.5219161, 18.182393 ], [ 78.5367661, 18.1867053 ], [ 78.5444858, 18.1798023 ], [ 78.5477157, 18.1811785 ], [ 78.5645659, 18.1755916 ], [ 78.5689654, 18.1801464 ], [ 78.5688095, 18.1849181 ], [ 78.5806469, 18.1731466 ], [ 78.5809335, 18.163197 ], [ 78.5666852, 18.1620835 ], [ 78.5693423, 18.1572896 ], [ 78.5532446, 18.1434853 ], [ 78.5506247, 18.1231633 ], [ 78.5453172, 18.1164437 ], [ 78.5477666, 18.1120864 ], [ 78.5753219, 18.1097958 ], [ 78.5795218, 18.1061454 ], [ 78.5690564, 18.0789276 ], [ 78.5721182, 18.0698656 ], [ 78.5656738, 18.0601619 ], [ 78.5586395, 18.0609344 ], [ 78.553294, 18.0567592 ], [ 78.5602749, 18.0451474 ], [ 78.5863721, 18.0300776 ], [ 78.5878184, 18.0227635 ], [ 78.5833467, 18.0060986 ], [ 78.5616087, 18.0030008 ], [ 78.5572933, 17.9927733 ], [ 78.542257, 17.979582 ], [ 78.542049, 17.9729851 ], [ 78.535849, 17.9695155 ], [ 78.5318179, 17.9499871 ], [ 78.541724, 17.9412273 ], [ 78.538221, 17.9326292 ], [ 78.5310301, 17.9296927 ], [ 78.5296807, 17.9248797 ], [ 78.5459056, 17.9149753 ], [ 78.5400073, 17.9098449 ], [ 78.5407704, 17.9071985 ], [ 78.5352524, 17.9073094 ], [ 78.5348642, 17.9028815 ], [ 78.5242779, 17.8964759 ], [ 78.5373495, 17.8876298 ], [ 78.5519449, 17.8893274 ], [ 78.5699113, 17.9049502 ], [ 78.5734064, 17.9009992 ], [ 78.5777439, 17.8823914 ], [ 78.5609902, 17.8769874 ], [ 78.5610235, 17.8702838 ], [ 78.5391329, 17.8603831 ], [ 78.5422041, 17.8430795 ], [ 78.5400055, 17.8363688 ], [ 78.5303377, 17.8327359 ], [ 78.5265763, 17.8125302 ], [ 78.5201972, 17.8067615 ], [ 78.5108229, 17.7552964 ], [ 78.5129937, 17.7519893 ], [ 78.5265476, 17.7506728 ], [ 78.5218705, 17.739133 ], [ 78.5254818, 17.7286012 ], [ 78.5144507, 17.7259718 ], [ 78.5061498, 17.7193121 ], [ 78.5045105, 17.6944905 ], [ 78.4991574, 17.6856924 ], [ 78.493647, 17.6881588 ], [ 78.4943003, 17.6948515 ], [ 78.4799699, 17.6940563 ], [ 78.4714791, 17.6900381 ], [ 78.459817, 17.6977856 ], [ 78.457945, 17.7052171 ], [ 78.4485867, 17.7079349 ], [ 78.4500306, 17.7110456 ], [ 78.4403617, 17.7266853 ], [ 78.4163703, 17.7327728 ], [ 78.4025504, 17.7162177 ], [ 78.4024629, 17.7098423 ], [ 78.3962818, 17.6991768 ], [ 78.3850412, 17.6999459 ], [ 78.3716651, 17.7090087 ], [ 78.372397, 17.7263492 ], [ 78.3642611, 17.7283657 ], [ 78.3609677, 17.7314431 ], [ 78.3608853, 17.7394398 ], [ 78.3518256, 17.7413245 ], [ 78.3517614, 17.7437289 ], [ 78.3381216, 17.7412133 ], [ 78.3180796, 17.7435387 ], [ 78.3179205, 17.739825 ], [ 78.3130272, 17.7387031 ], [ 78.3180484, 17.7228334 ], [ 78.3206652, 17.7212122 ], [ 78.323785, 17.7247641 ], [ 78.3238863, 17.7167313 ], [ 78.3197193, 17.7160707 ], [ 78.3198198, 17.7111145 ], [ 78.3251865, 17.7027173 ], [ 78.3197774, 17.6800767 ], [ 78.3250907, 17.6737711 ], [ 78.3196222, 17.6633786 ], [ 78.3055122, 17.6674285 ], [ 78.3109504, 17.6770916 ], [ 78.2974096, 17.6804924 ], [ 78.2901725, 17.6773478 ], [ 78.2815934, 17.6872323 ], [ 78.2650833, 17.6872371 ], [ 78.2566162, 17.6930344 ], [ 78.2310967, 17.6916296 ], [ 78.2317483, 17.7001361 ], [ 78.2293773, 17.7020323 ], [ 78.2380974, 17.7029657 ], [ 78.2380349, 17.7051216 ], [ 78.2263204, 17.7146902 ], [ 78.2352001, 17.7239078 ], [ 78.234946, 17.7352933 ], [ 78.2187689, 17.7320741 ], [ 78.2152292, 17.7415257 ], [ 78.2014309, 17.7357672 ], [ 78.1991305, 17.7460773 ], [ 78.2042627, 17.7549943 ], [ 78.2044137, 17.7650991 ], [ 78.1961168, 17.7636626 ], [ 78.1956134, 17.7731735 ], [ 78.2038648, 17.8027153 ], [ 78.196049, 17.8051853 ], [ 78.1931954, 17.7978264 ], [ 78.1734901, 17.7885079 ], [ 78.1658913, 17.7898129 ], [ 78.1634461, 17.7973947 ], [ 78.1663505, 17.8138775 ], [ 78.1807141, 17.8212941 ], [ 78.1876227, 17.8305867 ], [ 78.1755118, 17.8281498 ], [ 78.1746573, 17.8225981 ], [ 78.1492388, 17.8058872 ], [ 78.1509357, 17.8324379 ], [ 78.1484744, 17.8361721 ], [ 78.1390692, 17.8316968 ], [ 78.1314606, 17.8113779 ], [ 78.1220028, 17.8070912 ], [ 78.1200329, 17.8006407 ], [ 78.1139385, 17.8027337 ], [ 78.0973279, 17.8180266 ], [ 78.0937371, 17.8325701 ], [ 78.0967903, 17.8445527 ], [ 78.0943984, 17.8606011 ], [ 78.0733653, 17.8691876 ], [ 78.0725699, 17.877379 ], [ 78.0790995, 17.9052544 ], [ 78.0718723, 17.9195928 ], [ 78.0635599, 17.9246425 ], [ 78.0591888, 17.922224 ], [ 78.0617654, 17.9204632 ], [ 78.0601776, 17.9171497 ], [ 78.0531258, 17.9180456 ], [ 78.0467643, 17.9143337 ], [ 78.0474182, 17.8926517 ], [ 78.0346451, 17.8784955 ], [ 78.0141051, 17.8895365 ], [ 77.9986785, 17.8875084 ], [ 77.9958471, 17.8840118 ], [ 77.9722405, 17.8821879 ], [ 77.9751946, 17.8669115 ], [ 77.970604, 17.8539641 ], [ 77.9557292, 17.8560888 ], [ 77.952467, 17.8419318 ], [ 77.9316635, 17.8438256 ], [ 77.9224444, 17.8495916 ], [ 77.9196771, 17.8572027 ], [ 77.9179348, 17.8550841 ], [ 77.9127288, 17.8571594 ], [ 77.9055448, 17.8471087 ], [ 77.8947364, 17.8470089 ], [ 77.8948089, 17.8724522 ], [ 77.8875556, 17.8793164 ], [ 77.8864023, 17.8886194 ], [ 77.8779682, 17.8887465 ], [ 77.8792455, 17.8959636 ], [ 77.8660526, 17.8977769 ], [ 77.8659479, 17.9031144 ], [ 77.8541542, 17.9075572 ], [ 77.8554852, 17.9110952 ], [ 77.8512636, 17.9111107 ], [ 77.8550289, 17.9179607 ], [ 77.8800495, 17.9184722 ], [ 77.8839594, 17.9106995 ], [ 77.898287, 17.9106077 ], [ 77.902529, 17.919741 ], [ 77.8996704, 17.9362467 ], [ 77.9029631, 17.9375796 ], [ 77.907089, 17.9487726 ], [ 77.9066846, 17.9589884 ], [ 77.8906122, 17.9642929 ], [ 77.8879733, 17.9847166 ], [ 77.8919909, 17.9923417 ], [ 77.9049325, 18.0006945 ], [ 77.8912891, 18.0049584 ], [ 77.8713624, 18.0017808 ], [ 77.8708781, 18.0170896 ], [ 77.8657766, 18.0222928 ], [ 77.8526571, 18.0508749 ], [ 77.8513678, 18.0729997 ], [ 77.8756276, 18.0744635 ], [ 77.8882265, 18.0705948 ], [ 77.8956274, 18.0922412 ], [ 77.9027354, 18.0972543 ], [ 77.9113722, 18.1000076 ], [ 77.9279413, 18.0976536 ], [ 77.9396916, 18.1117251 ], [ 77.9756633, 18.1149591 ], [ 77.9951032, 18.1069612 ], [ 78.0007533, 18.0812814 ], [ 78.0043389, 18.0877011 ], [ 78.0142727, 18.0758431 ], [ 78.01588, 18.0795364 ], [ 78.0090533, 18.0886283 ], [ 78.0121675, 18.0901471 ], [ 78.0198733, 18.0817841 ], [ 78.0293748, 18.0838647 ], [ 78.0327415, 18.0765946 ], [ 78.0286327, 18.0737674 ], [ 78.0344368, 18.0643286 ], [ 78.037425, 18.0694526 ], [ 78.0421476, 18.06557 ], [ 78.0450835, 18.0681032 ], [ 78.0404524, 18.0752415 ], [ 78.0440352, 18.0797123 ], [ 78.0523491, 18.073606 ], [ 78.0554394, 18.0793185 ], [ 78.0595078, 18.0717803 ], [ 78.0675903, 18.0701547 ], [ 78.0715693, 18.059867 ], [ 78.0743136, 18.0721792 ], [ 78.0835461, 18.0673252 ], [ 78.085352, 18.0722587 ], [ 78.0938825, 18.0683817 ], [ 78.0988987, 18.0739888 ], [ 78.1011307, 18.0904529 ], [ 78.1063353, 18.0934627 ], [ 78.1149625, 18.0890571 ], [ 78.1168967, 18.072662 ], [ 78.1431443, 18.0683061 ], [ 78.1540978, 18.085711 ], [ 78.1739702, 18.0929428 ], [ 78.1799179, 18.098359 ], [ 78.1768928, 18.118286 ], [ 78.1803976, 18.1240823 ], [ 78.1798096, 18.1350095 ], [ 78.1692857, 18.1529473 ], [ 78.1688451, 18.1673152 ], [ 78.180607, 18.2045448 ], [ 78.1949975, 18.2069328 ], [ 78.2065211, 18.2175149 ], [ 78.2152604, 18.2122887 ] ] ] } },
{ "type": "Feature", "properties": { "district": "Hyderabad", "state": "Telangana" }, "geometry": { "type": "Polygon", "coordinates": [ [ [ 78.5050199, 17.4801676 ], [ 78.5230865, 17.4812808 ], [ 78.5228492, 17.4758399 ], [ 78.5176465, 17.4736433 ], [ 78.5206059, 17.4579026 ], [ 78.5177926, 17.4407226 ], [ 78.5313723, 17.4369871 ], [ 78.5438539, 17.4431878 ], [ 78.5489825, 17.4375921 ], [ 78.5451707, 17.4290486 ], [ 78.5368283, 17.4220405 ], [ 78.53023, 17.4252803 ], [ 78.5263981, 17.4220211 ], [ 78.5269975, 17.4127483 ], [ 78.5333569, 17.41122 ], [ 78.5347766, 17.4039533 ], [ 78.5231674, 17.4061627 ], [ 78.5221572, 17.4023084 ], [ 78.527795, 17.4013251 ], [ 78.5267556, 17.3805476 ], [ 78.5303077, 17.3775782 ], [ 78.5292033, 17.3714518 ], [ 78.5325785, 17.3691951 ], [ 78.5407995, 17.3714259 ], [ 78.5355453, 17.3623795 ], [ 78.5297809, 17.3588741 ], [ 78.5318784, 17.3458143 ], [ 78.5287712, 17.3490865 ], [ 78.5274938, 17.34406 ], [ 78.521223, 17.3430614 ], [ 78.5158491, 17.3521136 ], [ 78.5059487, 17.3487295 ], [ 78.5071587, 17.3185491 ], [ 78.5030506, 17.3188588 ], [ 78.5019025, 17.3220359 ], [ 78.4948798, 17.3182395 ], [ 78.4895352, 17.320224 ], [ 78.4772932, 17.317689 ], [ 78.4689022, 17.3055716 ], [ 78.4688346, 17.2980066 ], [ 78.461094, 17.2982085 ], [ 78.4544007, 17.3081465 ], [ 78.451664, 17.3236707 ], [ 78.4433704, 17.3271405 ], [ 78.4400354, 17.3363054 ], [ 78.4234219, 17.3406615 ], [ 78.4232144, 17.343368 ], [ 78.4291236, 17.3455552 ], [ 78.4259136, 17.3485852 ], [ 78.4272017, 17.3511322 ], [ 78.4388072, 17.3462124 ], [ 78.4422667, 17.3489382 ], [ 78.4327916, 17.3589706 ], [ 78.4268984, 17.3601297 ], [ 78.4285692, 17.3727118 ], [ 78.3880357, 17.3708806 ], [ 78.3738232, 17.3727289 ], [ 78.3675916, 17.3780036 ], [ 78.3793885, 17.3791974 ], [ 78.395104, 17.386045 ], [ 78.3954614, 17.39005 ], [ 78.3918681, 17.3913936 ], [ 78.3954656, 17.3964699 ], [ 78.3927406, 17.4018196 ], [ 78.4039991, 17.4077181 ], [ 78.4001535, 17.4194133 ], [ 78.3949616, 17.4230923 ], [ 78.4013031, 17.4242399 ], [ 78.404991, 17.4324245 ], [ 78.4097218, 17.434483 ], [ 78.4089028, 17.441506 ], [ 78.4144714, 17.4458786 ], [ 78.4278101, 17.4442678 ], [ 78.4338844, 17.4512221 ], [ 78.4475419, 17.4506757 ], [ 78.4529453, 17.4447819 ], [ 78.460413, 17.4464585 ], [ 78.463707, 17.4490673 ], [ 78.4636512, 17.4726465 ], [ 78.4771312, 17.4826089 ], [ 78.4800749, 17.4827045 ], [ 78.4827594, 17.4759251 ], [ 78.4764572, 17.4705737 ], [ 78.4759053, 17.4634377 ], [ 78.4883862, 17.4563623 ], [ 78.4938897, 17.4589912 ], [ 78.4966082, 17.4672683 ], [ 78.5047145, 17.4685192 ], [ 78.4986659, 17.4735249 ], [ 78.4976621, 17.4795651 ], [ 78.5003123, 17.4830218 ], [ 78.5050199, 17.4801676 ] ] ] } },
{ "type": "Feature", "properties": { "district": "Medchal Malkajgiri", "state": "Telangana" }, "geometry": { "type": "Polygon", "coordinates": [ [ [ 78.4721314, 17.691274 ], [ 78.4943003, 17.6948515 ], [ 78.493647, 17.6881588 ], [ 78.4964288, 17.6854768 ], [ 78.5088227, 17.6836894 ], [ 78.5188961, 17.701989 ], [ 78.5214876, 17.696172 ], [ 78.5359033, 17.6963775 ], [ 78.5639846, 17.6837355 ], [ 78.573953, 17.6848926 ], [ 78.5718642, 17.6901135 ], [ 78.5751465, 17.6954507 ], [ 78.5926278, 17.6967378 ], [ 78.6139492, 17.6798244 ], [ 78.6168988, 17.6721544 ], [ 78.6340684, 17.6689474 ], [ 78.650155, 17.6764022 ], [ 78.6590665, 17.6972213 ], [ 78.6663802, 17.695399 ], [ 78.669453, 17.6981876 ], [ 78.6857343, 17.6931502 ], [ 78.6852277, 17.6882497 ], [ 78.7051731, 17.6862256 ], [ 78.7179754, 17.6693792 ], [ 78.7237828, 17.668103 ], [ 78.7182564, 17.6571162 ], [ 78.7112952, 17.6520532 ], [ 78.7112261, 17.6399725 ], [ 78.6962507, 17.6373735 ], [ 78.7009486, 17.6315493 ], [ 78.6852579, 17.6217459 ], [ 78.701859, 17.61142 ], [ 78.6865658, 17.5950011 ], [ 78.6930686, 17.5922169 ], [ 78.6913254, 17.5844483 ], [ 78.6765132, 17.5759039 ], [ 78.6890646, 17.5622617 ], [ 78.7056183, 17.5575864 ], [ 78.6949535, 17.5512844 ], [ 78.7005307, 17.5351634 ], [ 78.7123598, 17.5206545 ], [ 78.7121989, 17.5124514 ], [ 78.7074237, 17.5054124 ], [ 78.7064953, 17.4848097 ], [ 78.7096023, 17.48456 ], [ 78.7091502, 17.4762685 ], [ 78.7169213, 17.4682447 ], [ 78.7195098, 17.4716529 ], [ 78.7514163, 17.4714059 ], [ 78.7606735, 17.4602819 ], [ 78.7511127, 17.4382929 ], [ 78.7594434, 17.4268267 ], [ 78.7547553, 17.4047188 ], [ 78.7408777, 17.3997983 ], [ 78.7375444, 17.3860389 ], [ 78.7285273, 17.3854079 ], [ 78.718745, 17.400112 ], [ 78.7131919, 17.4006985 ], [ 78.701984, 17.393935 ], [ 78.6925625, 17.4034547 ], [ 78.68677, 17.4049518 ], [ 78.6752638, 17.3984285 ], [ 78.6724095, 17.3827639 ], [ 78.6621714, 17.3782899 ], [ 78.6476896, 17.3854579 ], [ 78.6352889, 17.3831388 ], [ 78.5789289, 17.3895429 ], [ 78.5784837, 17.3840135 ], [ 78.5716738, 17.3826271 ], [ 78.5721057, 17.3779557 ], [ 78.5742824, 17.3677474 ], [ 78.5815685, 17.3637165 ], [ 78.5568539, 17.3612228 ], [ 78.5498815, 17.3725085 ], [ 78.5369873, 17.3721731 ], [ 78.5325785, 17.3691951 ], [ 78.5279904, 17.3739644 ], [ 78.5303298, 17.376911 ], [ 78.5267556, 17.3805476 ], [ 78.527795, 17.4013251 ], [ 78.5222134, 17.4025715 ], [ 78.5231674, 17.4061627 ], [ 78.5350793, 17.4052403 ], [ 78.5333569, 17.41122 ], [ 78.5269975, 17.4127483 ], [ 78.5263981, 17.4220211 ], [ 78.53023, 17.4252803 ], [ 78.5368283, 17.4220405 ], [ 78.5451707, 17.4290486 ], [ 78.5489825, 17.4375921 ], [ 78.5438539, 17.4431878 ], [ 78.5313723, 17.4369871 ], [ 78.5177926, 17.4407226 ], [ 78.5206059, 17.4579026 ], [ 78.5176465, 17.4736433 ], [ 78.5228492, 17.4758399 ], [ 78.5223172, 17.4823542 ], [ 78.507825, 17.4799903 ], [ 78.5003123, 17.4830218 ], [ 78.4980333, 17.4745679 ], [ 78.5047145, 17.4685192 ], [ 78.497165, 17.4676352 ], [ 78.4938897, 17.4589912 ], [ 78.485443, 17.4562578 ], [ 78.4759053, 17.4634377 ], [ 78.4764572, 17.4705737 ], [ 78.4827594, 17.4759251 ], [ 78.4800749, 17.4827045 ], [ 78.4771312, 17.4826089 ], [ 78.4636512, 17.4726465 ], [ 78.463707, 17.4490673 ], [ 78.4540068, 17.4446338 ], [ 78.4462423, 17.4510702 ], [ 78.4320726, 17.4510463 ], [ 78.4278101, 17.4442678 ], [ 78.4144714, 17.4458786 ], [ 78.4089028, 17.441506 ], [ 78.403993, 17.4478287 ], [ 78.3948169, 17.4482311 ], [ 78.3931315, 17.459559 ], [ 78.3734049, 17.4779918 ], [ 78.3746074, 17.4957369 ], [ 78.3821377, 17.5087747 ], [ 78.3749526, 17.5113076 ], [ 78.3714754, 17.5191041 ], [ 78.3476359, 17.5224728 ], [ 78.3513622, 17.5286279 ], [ 78.3485329, 17.5352322 ], [ 78.36143, 17.5496855 ], [ 78.3551214, 17.5619924 ], [ 78.363002, 17.5680804 ], [ 78.3708649, 17.5675893 ], [ 78.3767552, 17.5625162 ], [ 78.3809616, 17.5706285 ], [ 78.3837006, 17.5955181 ], [ 78.3889339, 17.5943109 ], [ 78.3868855, 17.6066491 ], [ 78.3714141, 17.6147646 ], [ 78.3777736, 17.6148234 ], [ 78.3905651, 17.6213568 ], [ 78.3920793, 17.6256849 ], [ 78.3869838, 17.6378144 ], [ 78.3811913, 17.6423821 ], [ 78.3951514, 17.6755556 ], [ 78.4099032, 17.6698457 ], [ 78.4211469, 17.671556 ], [ 78.4305823, 17.6864493 ], [ 78.4456985, 17.69816 ], [ 78.4485867, 17.7079349 ], [ 78.457945, 17.7052171 ], [ 78.459817, 17.6977856 ], [ 78.4721314, 17.691274 ] ] ] } },
{ "type": "Feature", "properties": { "district": "Siddipet", "state": "Telangana" }, "geometry": { "type": "Polygon", "coordinates": [ [ [ 79.0736816, 18.4246594 ], [ 79.079938, 18.4229703 ], [ 79.0855062, 18.4123478 ], [ 79.0933604, 18.4069275 ], [ 79.1089714, 18.4036268 ], [ 79.1196242, 18.3965518 ], [ 79.1266243, 18.3965968 ], [ 79.1278075, 18.3851496 ], [ 79.1535425, 18.3780151 ], [ 79.157529, 18.3550535 ], [ 79.1361756, 18.3471328 ], [ 79.1302915, 18.3487944 ], [ 79.1169231, 18.3387989 ], [ 79.1068922, 18.3373783 ], [ 79.101865, 18.3204542 ], [ 79.1102663, 18.3160306 ], [ 79.1089899, 18.3083789 ], [ 79.1191737, 18.3042079 ], [ 79.1147305, 18.2904481 ], [ 79.1197913, 18.2770213 ], [ 79.1336875, 18.2712535 ], [ 79.1300433, 18.2613203 ], [ 79.1203415, 18.2553606 ], [ 79.1232836, 18.243139 ], [ 79.1084911, 18.2372637 ], [ 79.1081749, 18.2213579 ], [ 79.1133659, 18.2149463 ], [ 79.123246, 18.2169965 ], [ 79.1284715, 18.2146218 ], [ 79.1371598, 18.2062715 ], [ 79.1409343, 18.187866 ], [ 79.1462004, 18.1834228 ], [ 79.1458583, 18.1709921 ], [ 79.1601618, 18.1664726 ], [ 79.1624834, 18.1571917 ], [ 79.1878812, 18.1701355 ], [ 79.1925211, 18.1638656 ], [ 79.2119667, 18.1616596 ], [ 79.2106265, 18.1749094 ], [ 79.2442167, 18.1839057 ], [ 79.2422413, 18.176963 ], [ 79.244297, 18.1692239 ], [ 79.2504661, 18.1631111 ], [ 79.2508898, 18.1541689 ], [ 79.2874171, 18.153549 ], [ 79.2906733, 18.1508976 ], [ 79.2908396, 18.1423506 ], [ 79.3012096, 18.1299871 ], [ 79.2906012, 18.1212215 ], [ 79.2929847, 18.1008386 ], [ 79.2908815, 18.0892962 ], [ 79.2797801, 18.0676263 ], [ 79.2818232, 18.0657338 ], [ 79.2615939, 18.0345598 ], [ 79.260791, 18.003007 ], [ 79.2359575, 18.0034268 ], [ 79.230303, 18.0017036 ], [ 79.2328495, 17.9944825 ], [ 79.227137, 17.9942543 ], [ 79.1923227, 18.0016331 ], [ 79.184236, 17.9938726 ], [ 79.1534659, 17.9919818 ], [ 79.1390049, 17.9780639 ], [ 79.1437885, 17.9659131 ], [ 79.1314727, 17.946783 ], [ 79.1213491, 17.9412352 ], [ 79.1022365, 17.9143252 ], [ 79.1242911, 17.9022188 ], [ 79.1116941, 17.8989688 ], [ 79.0921352, 17.8731708 ], [ 79.0649556, 17.8735868 ], [ 79.0546921, 17.8692189 ], [ 79.0483482, 17.8608723 ], [ 79.0437601, 17.8608682 ], [ 79.0391493, 17.8722763 ], [ 79.020171, 17.8761021 ], [ 79.0031043, 17.8583453 ], [ 78.9986511, 17.8447973 ], [ 78.9876111, 17.8579516 ], [ 78.9755317, 17.8609285 ], [ 78.9713695, 17.8680879 ], [ 78.9578358, 17.8668557 ], [ 78.9500983, 17.8717392 ], [ 78.9455906, 17.8794287 ], [ 78.9368425, 17.8762349 ], [ 78.9315255, 17.8780049 ], [ 78.9210602, 17.8731422 ], [ 78.9164584, 17.8545934 ], [ 78.9221715, 17.8365269 ], [ 78.905645, 17.8445672 ], [ 78.8988927, 17.8398916 ], [ 78.8887113, 17.8416234 ], [ 78.882396, 17.8346725 ], [ 78.8775302, 17.8337421 ], [ 78.8783279, 17.8261934 ], [ 78.8676277, 17.8251309 ], [ 78.8659147, 17.8109504 ], [ 78.8696657, 17.7849448 ], [ 78.859721, 17.7508188 ], [ 78.8580678, 17.7482338 ], [ 78.8412837, 17.7524576 ], [ 78.8273351, 17.7394511 ], [ 78.8215991, 17.7393925 ], [ 78.8207214, 17.7328034 ], [ 78.8233096, 17.7296863 ], [ 78.8155793, 17.7223605 ], [ 78.815442, 17.7021015 ], [ 78.8003625, 17.7091929 ], [ 78.7819067, 17.7111791 ], [ 78.7884744, 17.7017967 ], [ 78.7766443, 17.6916562 ], [ 78.7680348, 17.6865412 ], [ 78.745234, 17.6835792 ], [ 78.7380098, 17.6729453 ], [ 78.7296235, 17.6678486 ], [ 78.7179754, 17.6693792 ], [ 78.7051731, 17.6862256 ], [ 78.6852277, 17.6882497 ], [ 78.6857343, 17.6931502 ], [ 78.669453, 17.6981876 ], [ 78.6663802, 17.695399 ], [ 78.6590665, 17.6972213 ], [ 78.650155, 17.6764022 ], [ 78.6340684, 17.6689474 ], [ 78.6168988, 17.6721544 ], [ 78.6139492, 17.6798244 ], [ 78.5926278, 17.6967378 ], [ 78.5751465, 17.6954507 ], [ 78.5718642, 17.6901135 ], [ 78.573953, 17.6848926 ], [ 78.5620637, 17.6838673 ], [ 78.5359033, 17.6963775 ], [ 78.5214876, 17.696172 ], [ 78.5188961, 17.701989 ], [ 78.5088227, 17.6836894 ], [ 78.4991574, 17.6856924 ], [ 78.5045105, 17.6944905 ], [ 78.5061498, 17.7193121 ], [ 78.5144507, 17.7259718 ], [ 78.5254818, 17.7286012 ], [ 78.5218705, 17.739133 ], [ 78.5265476, 17.7506728 ], [ 78.5129937, 17.7519893 ], [ 78.5108229, 17.7552964 ], [ 78.5201972, 17.8067615 ], [ 78.5265763, 17.8125302 ], [ 78.5303377, 17.8327359 ], [ 78.5400055, 17.8363688 ], [ 78.5422041, 17.8430795 ], [ 78.5391329, 17.8603831 ], [ 78.5610235, 17.8702838 ], [ 78.5609902, 17.8769874 ], [ 78.5777439, 17.8823914 ], [ 78.5734064, 17.9009992 ], [ 78.5699113, 17.9049502 ], [ 78.5519449, 17.8893274 ], [ 78.5373495, 17.8876298 ], [ 78.5242779, 17.8964759 ], [ 78.5348642, 17.9028815 ], [ 78.5352524, 17.9073094 ], [ 78.5407704, 17.9071985 ], [ 78.5400073, 17.9098449 ], [ 78.5459056, 17.9149753 ], [ 78.5296807, 17.9248797 ], [ 78.5310301, 17.9296927 ], [ 78.538221, 17.9326292 ], [ 78.541724, 17.9412273 ], [ 78.5318179, 17.9499871 ], [ 78.535849, 17.9695155 ], [ 78.542049, 17.9729851 ], [ 78.542257, 17.979582 ], [ 78.5572933, 17.9927733 ], [ 78.5616087, 18.0030008 ], [ 78.5833467, 18.0060986 ], [ 78.5878184, 18.0227635 ], [ 78.5863721, 18.0300776 ], [ 78.5602749, 18.0451474 ], [ 78.553294, 18.0567592 ], [ 78.5586395, 18.0609344 ], [ 78.5656738, 18.0601619 ], [ 78.5721182, 18.0698656 ], [ 78.5690564, 18.0789276 ], [ 78.5795218, 18.1061454 ], [ 78.5753219, 18.1097958 ], [ 78.5477666, 18.1120864 ], [ 78.5453172, 18.1164437 ], [ 78.5506247, 18.1231633 ], [ 78.5532446, 18.1434853 ], [ 78.5693423, 18.1572896 ], [ 78.5666852, 18.1620835 ], [ 78.5809335, 18.163197 ], [ 78.5808492, 18.1727552 ], [ 78.5688095, 18.1849181 ], [ 78.5693909, 18.1959733 ], [ 78.5611898, 18.2071076 ], [ 78.5675773, 18.2225587 ], [ 78.5748378, 18.223424 ], [ 78.5885657, 18.2486736 ], [ 78.6174233, 18.2495211 ], [ 78.627673, 18.2465243 ], [ 78.6321215, 18.2546795 ], [ 78.6401667, 18.2567018 ], [ 78.6631343, 18.2442191 ], [ 78.6633535, 18.241035 ], [ 78.6701444, 18.2416083 ], [ 78.6763361, 18.2354426 ], [ 78.690037, 18.2298556 ], [ 78.7004035, 18.2314027 ], [ 78.7026615, 18.2347703 ], [ 78.718271, 18.231909 ], [ 78.7271187, 18.2267853 ], [ 78.7273507, 18.2210206 ], [ 78.7233621, 18.2155058 ], [ 78.7354566, 18.2147019 ], [ 78.7499823, 18.2212067 ], [ 78.7592519, 18.2357761 ], [ 78.7691128, 18.2627442 ], [ 78.7927336, 18.2536515 ], [ 78.8282018, 18.2532081 ], [ 78.8316848, 18.2496607 ], [ 78.8457598, 18.2469543 ], [ 78.855748, 18.2346668 ], [ 78.8689855, 18.2403446 ], [ 78.8811475, 18.2417655 ], [ 78.8900751, 18.2391031 ], [ 78.8913907, 18.244753 ], [ 78.9145345, 18.2556132 ], [ 78.9542878, 18.2533775 ], [ 78.9574069, 18.2494999 ], [ 78.9503609, 18.2374832 ], [ 78.9545181, 18.2075633 ], [ 78.9640865, 18.2073158 ], [ 78.9735752, 18.2183115 ], [ 78.9805333, 18.2217323 ], [ 78.9955731, 18.2412302 ], [ 78.9961475, 18.2458799 ], [ 78.9895731, 18.2520203 ], [ 78.9907772, 18.2627029 ], [ 78.9869239, 18.2722742 ], [ 78.9896969, 18.2862213 ], [ 78.9871688, 18.2895386 ], [ 78.9910127, 18.300854 ], [ 79.0007811, 18.3028206 ], [ 79.0149157, 18.3111434 ], [ 79.0212908, 18.3233658 ], [ 79.0199522, 18.3314318 ], [ 79.0122122, 18.3362766 ], [ 79.0140224, 18.3421411 ], [ 79.0113462, 18.345602 ], [ 79.0247383, 18.3662369 ], [ 79.0193446, 18.3754178 ], [ 79.0063022, 18.3808627 ], [ 79.0058988, 18.3878097 ], [ 79.0163171, 18.3939324 ], [ 79.0180826, 18.3995432 ], [ 79.0364252, 18.4032209 ], [ 79.0530504, 18.4170972 ], [ 79.0736816, 18.4246594 ] ] ] } },
{ "type": "Feature", "properties": { "district": "Yadadri Bhuvanagiri", "state": "Telangana" }, "geometry": { "type": "Polygon", "coordinates": [ [ [ 78.9186081, 17.8043427 ], [ 78.9378312, 17.798074 ], [ 78.9484793, 17.7882202 ], [ 78.9574723, 17.7883034 ], [ 78.9605487, 17.7919329 ], [ 78.9760853, 17.7946028 ], [ 78.9797625, 17.7981097 ], [ 78.9906017, 17.7938017 ], [ 78.9939002, 17.7894223 ], [ 78.9919013, 17.7855702 ], [ 79.0013331, 17.7708184 ], [ 78.9956938, 17.7509514 ], [ 79.0249857, 17.7128467 ], [ 79.0333383, 17.7079539 ], [ 79.037468, 17.7095194 ], [ 79.0404392, 17.7204454 ], [ 79.0461007, 17.7260036 ], [ 79.0688396, 17.7191909 ], [ 79.0827079, 17.7106129 ], [ 79.0895655, 17.701504 ], [ 79.0912745, 17.6909478 ], [ 79.0979495, 17.6841561 ], [ 79.0996855, 17.6774947 ], [ 79.1191341, 17.6688553 ], [ 79.1301601, 17.6721904 ], [ 79.1295239, 17.6579409 ], [ 79.1347739, 17.6428068 ], [ 79.1404238, 17.6385796 ], [ 79.1441592, 17.628187 ], [ 79.1576628, 17.6219519 ], [ 79.1537322, 17.6136324 ], [ 79.1512293, 17.5873344 ], [ 79.1676574, 17.5754307 ], [ 79.1662863, 17.5691864 ], [ 79.1361359, 17.5445047 ], [ 79.1361887, 17.5328313 ], [ 79.1399097, 17.5242647 ], [ 79.1574318, 17.5240547 ], [ 79.1678152, 17.519594 ], [ 79.1677606, 17.5151402 ], [ 79.1766385, 17.510213 ], [ 79.2051981, 17.5102345 ], [ 79.2142136, 17.499949 ], [ 79.2297966, 17.4968683 ], [ 79.2449059, 17.4786284 ], [ 79.2571287, 17.4709052 ], [ 79.2623112, 17.4805703 ], [ 79.2631017, 17.4904765 ], [ 79.2682738, 17.4966689 ], [ 79.2747181, 17.4976374 ], [ 79.2937514, 17.4864743 ], [ 79.2851467, 17.4691993 ], [ 79.2916462, 17.4694804 ], [ 79.3145301, 17.4542724 ], [ 79.3281081, 17.4508117 ], [ 79.3407139, 17.4563604 ], [ 79.3438209, 17.4663288 ], [ 79.3584126, 17.4814272 ], [ 79.36854, 17.4850394 ], [ 79.3773853, 17.4731544 ], [ 79.4067608, 17.4516995 ], [ 79.4191711, 17.4341204 ], [ 79.4248595, 17.4163167 ], [ 79.4131351, 17.4021504 ], [ 79.4140537, 17.3927233 ], [ 79.4218346, 17.376187 ], [ 79.4419559, 17.3638174 ], [ 79.4537002, 17.3450115 ], [ 79.4021132, 17.3485095 ], [ 79.3738077, 17.3435961 ], [ 79.3254891, 17.3601601 ], [ 79.2953333, 17.3568042 ], [ 79.276043, 17.3598503 ], [ 79.2507041, 17.3587991 ], [ 79.2493355, 17.3310948 ], [ 79.2518463, 17.3249933 ], [ 79.248088, 17.3154252 ], [ 79.2289283, 17.3179216 ], [ 79.2193565, 17.313822 ], [ 79.215872, 17.2887509 ], [ 79.2047303, 17.2688739 ], [ 79.2050103, 17.2620884 ], [ 79.1841531, 17.2733012 ], [ 79.1779257, 17.25173 ], [ 79.1752075, 17.2514599 ], [ 79.1756763, 17.2552204 ], [ 79.1566961, 17.2595194 ], [ 79.1497245, 17.2714534 ], [ 79.1556074, 17.2810993 ], [ 79.1419722, 17.2818223 ], [ 79.1377197, 17.2767443 ], [ 79.1169575, 17.2776823 ], [ 79.1034102, 17.2426906 ], [ 79.0887449, 17.2471155 ], [ 79.0822453, 17.2524714 ], [ 79.0640268, 17.2579021 ], [ 79.055317, 17.2571107 ], [ 79.036265, 17.2687735 ], [ 79.0081454, 17.2730505 ], [ 78.9976813, 17.2716217 ], [ 78.9977715, 17.2784851 ], [ 78.9821649, 17.279306 ], [ 78.9806108, 17.2642012 ], [ 78.9864898, 17.2507145 ], [ 78.9827365, 17.2473095 ], [ 78.9788804, 17.2487922 ], [ 78.9715046, 17.2163043 ], [ 78.9737233, 17.2147602 ], [ 78.9571455, 17.1988276 ], [ 78.9628696, 17.1953871 ], [ 78.9605534, 17.1907716 ], [ 78.9723218, 17.1837796 ], [ 78.9705918, 17.1793855 ], [ 78.9794038, 17.1737735 ], [ 78.9778975, 17.1684313 ], [ 78.9926599, 17.1553322 ], [ 78.9721887, 17.1270007 ], [ 78.951429, 17.1319064 ], [ 78.947252, 17.1260516 ], [ 78.9521839, 17.1226281 ], [ 78.9482422, 17.110191 ], [ 78.9384242, 17.1065332 ], [ 78.928285, 17.0813113 ], [ 78.9149032, 17.0907039 ], [ 78.9113343, 17.0901166 ], [ 78.9020642, 17.0788324 ], [ 78.9030997, 17.0723147 ], [ 78.9005022, 17.0650599 ], [ 78.8977066, 17.0654141 ], [ 78.8944377, 17.0598273 ], [ 78.894713, 17.0496998 ], [ 78.8907293, 17.0436009 ], [ 78.8802972, 17.0471169 ], [ 78.8794692, 17.0574799 ], [ 78.8394426, 17.074758 ], [ 78.8281387, 17.0920434 ], [ 78.8153605, 17.0962025 ], [ 78.8191446, 17.1089937 ], [ 78.8333602, 17.1034484 ], [ 78.8334902, 17.1125388 ], [ 78.785534, 17.1372871 ], [ 78.7745272, 17.15298 ], [ 78.7775605, 17.1621798 ], [ 78.7850382, 17.1590929 ], [ 78.7892592, 17.1648425 ], [ 78.780901, 17.1863269 ], [ 78.7726098, 17.1888895 ], [ 78.7719021, 17.1948278 ], [ 78.7592092, 17.2139697 ], [ 78.7979016, 17.202756 ], [ 78.8024785, 17.2077532 ], [ 78.8162077, 17.2121037 ], [ 78.8165697, 17.2253465 ], [ 78.8203181, 17.2282973 ], [ 78.8192304, 17.2322408 ], [ 78.8127093, 17.2338081 ], [ 78.8065632, 17.2404427 ], [ 78.7779677, 17.2457437 ], [ 78.7532596, 17.2608851 ], [ 78.7524798, 17.2813807 ], [ 78.7410601, 17.2957473 ], [ 78.7461191, 17.2963859 ], [ 78.7519426, 17.3021086 ], [ 78.7621588, 17.3035079 ], [ 78.7531985, 17.3292402 ], [ 78.7450398, 17.3308235 ], [ 78.7311068, 17.3263901 ], [ 78.7200345, 17.3284548 ], [ 78.72127, 17.33239 ], [ 78.7140991, 17.3340347 ], [ 78.7138404, 17.3391783 ], [ 78.7070846, 17.3463788 ], [ 78.7077509, 17.3523213 ], [ 78.7160393, 17.3588795 ], [ 78.7307513, 17.3523055 ], [ 78.7323455, 17.3540867 ], [ 78.7300961, 17.359191 ], [ 78.7390892, 17.3960036 ], [ 78.7424317, 17.4008692 ], [ 78.7547553, 17.4047188 ], [ 78.7594434, 17.4268267 ], [ 78.7511127, 17.4382929 ], [ 78.7606735, 17.4602819 ], [ 78.7514163, 17.4714059 ], [ 78.7195098, 17.4716529 ], [ 78.7169213, 17.4682447 ], [ 78.7091502, 17.4762685 ], [ 78.7096023, 17.48456 ], [ 78.7064953, 17.4848097 ], [ 78.7074237, 17.5054124 ], [ 78.7121989, 17.5124514 ], [ 78.7123598, 17.5206545 ], [ 78.7005307, 17.5351634 ], [ 78.6949535, 17.5512844 ], [ 78.7056183, 17.5575864 ], [ 78.6890646, 17.5622617 ], [ 78.6765132, 17.5759039 ], [ 78.6913254, 17.5844483 ], [ 78.6930686, 17.5922169 ], [ 78.6865658, 17.5950011 ], [ 78.701859, 17.61142 ], [ 78.6852579, 17.6217459 ], [ 78.7009486, 17.6315493 ], [ 78.6962507, 17.6373735 ], [ 78.7112261, 17.6399725 ], [ 78.7112952, 17.6520532 ], [ 78.7182564, 17.6571162 ], [ 78.7237828, 17.668103 ], [ 78.7296235, 17.6678486 ], [ 78.7380098, 17.6729453 ], [ 78.745234, 17.6835792 ], [ 78.7680348, 17.6865412 ], [ 78.7766443, 17.6916562 ], [ 78.7884744, 17.7017967 ], [ 78.7819067, 17.7111791 ], [ 78.8003625, 17.7091929 ], [ 78.815442, 17.7021015 ], [ 78.8155793, 17.7223605 ], [ 78.8233096, 17.7296863 ], [ 78.8207214, 17.7328034 ], [ 78.8215991, 17.7393925 ], [ 78.8273351, 17.7394511 ], [ 78.8412837, 17.7524576 ], [ 78.8580678, 17.7482338 ], [ 78.8696657, 17.7849448 ], [ 78.866669, 17.8082076 ], [ 78.8807167, 17.8095396 ], [ 78.8996931, 17.8050878 ], [ 78.9073495, 17.8123732 ], [ 78.9186081, 17.8043427 ] ] ] } },
{ "type": "Feature", "properties": { "district": "Ranga Reddy", "state": "Telangana" }, "geometry": { "type": "Polygon", "coordinates": [ [ [ 78.3476359, 17.5224728 ], [ 78.3714754, 17.5191041 ], [ 78.3749526, 17.5113076 ], [ 78.3821377, 17.5087747 ], [ 78.3746074, 17.4957369 ], [ 78.3734049, 17.4779918 ], [ 78.3931315, 17.459559 ], [ 78.3948169, 17.4482311 ], [ 78.4046108, 17.4473147 ], [ 78.4097852, 17.4351618 ], [ 78.404991, 17.4324245 ], [ 78.4013031, 17.4242399 ], [ 78.3949616, 17.4230923 ], [ 78.4001535, 17.4194133 ], [ 78.4039991, 17.4077181 ], [ 78.3927406, 17.4018196 ], [ 78.3954656, 17.3964699 ], [ 78.3918681, 17.3913936 ], [ 78.3954614, 17.39005 ], [ 78.395104, 17.386045 ], [ 78.3793885, 17.3791974 ], [ 78.3691608, 17.3792085 ], [ 78.3678907, 17.3761423 ], [ 78.3880357, 17.3708806 ], [ 78.4285692, 17.3727118 ], [ 78.4268984, 17.3601297 ], [ 78.4327916, 17.3589706 ], [ 78.4422667, 17.3489382 ], [ 78.4388072, 17.3462124 ], [ 78.4272017, 17.3511322 ], [ 78.4259136, 17.3485852 ], [ 78.4291236, 17.3455552 ], [ 78.4232144, 17.343368 ], [ 78.4234219, 17.3406615 ], [ 78.4400354, 17.3363054 ], [ 78.4433704, 17.3271405 ], [ 78.451664, 17.3236707 ], [ 78.4544007, 17.3081465 ], [ 78.461094, 17.2982085 ], [ 78.4688346, 17.2980066 ], [ 78.4689022, 17.3055716 ], [ 78.4772932, 17.317689 ], [ 78.4895352, 17.320224 ], [ 78.4948798, 17.3182395 ], [ 78.5019025, 17.3220359 ], [ 78.5030506, 17.3188588 ], [ 78.5071587, 17.3185491 ], [ 78.5059487, 17.3487295 ], [ 78.5158491, 17.3521136 ], [ 78.521223, 17.3430614 ], [ 78.5274938, 17.34406 ], [ 78.5287712, 17.3490865 ], [ 78.5318784, 17.3458143 ], [ 78.5297809, 17.3588741 ], [ 78.5414735, 17.3718346 ], [ 78.5526388, 17.3708199 ], [ 78.5568539, 17.3612228 ], [ 78.5815685, 17.3637165 ], [ 78.5742824, 17.3677474 ], [ 78.5721057, 17.3779557 ], [ 78.5716738, 17.3826271 ], [ 78.5784837, 17.3840135 ], [ 78.5789289, 17.3895429 ], [ 78.6352889, 17.3831388 ], [ 78.6476896, 17.3854579 ], [ 78.6621714, 17.3782899 ], [ 78.672903, 17.3833695 ], [ 78.6763099, 17.3998799 ], [ 78.6874478, 17.4049938 ], [ 78.701984, 17.393935 ], [ 78.7131919, 17.4006985 ], [ 78.718745, 17.400112 ], [ 78.7285273, 17.3854079 ], [ 78.7375444, 17.3860389 ], [ 78.7300961, 17.359191 ], [ 78.7323455, 17.3540867 ], [ 78.7307513, 17.3523055 ], [ 78.7160393, 17.3588795 ], [ 78.7077509, 17.3523213 ], [ 78.7070846, 17.3463788 ], [ 78.7138404, 17.3391783 ], [ 78.7140991, 17.3340347 ], [ 78.72127, 17.33239 ], [ 78.7200345, 17.3284548 ], [ 78.7311068, 17.3263901 ], [ 78.7450398, 17.3308235 ], [ 78.7531985, 17.3292402 ], [ 78.7621588, 17.3035079 ], [ 78.7519426, 17.3021086 ], [ 78.7461191, 17.2963859 ], [ 78.7410601, 17.2957473 ], [ 78.7524798, 17.2813807 ], [ 78.7532596, 17.2608851 ], [ 78.7779677, 17.2457437 ], [ 78.7895793, 17.2422107 ], [ 78.7978875, 17.2435388 ], [ 78.8192304, 17.2322408 ], [ 78.8162077, 17.2121037 ], [ 78.8024785, 17.2077532 ], [ 78.7979016, 17.202756 ], [ 78.7592092, 17.2139697 ], [ 78.7719021, 17.1948278 ], [ 78.7726098, 17.1888895 ], [ 78.780901, 17.1863269 ], [ 78.7892592, 17.1648425 ], [ 78.7850382, 17.1590929 ], [ 78.7775605, 17.1621798 ], [ 78.7736507, 17.1553244 ], [ 78.7754303, 17.1513821 ], [ 78.785534, 17.1372871 ], [ 78.8330721, 17.1130466 ], [ 78.8333602, 17.1034484 ], [ 78.8191446, 17.1089937 ], [ 78.8153605, 17.0962025 ], [ 78.8281387, 17.0920434 ], [ 78.8442066, 17.0684641 ], [ 78.8360438, 17.0552274 ], [ 78.8374515, 17.0410614 ], [ 78.8339043, 17.0363894 ], [ 78.8219125, 17.0303395 ], [ 78.7970658, 17.0356727 ], [ 78.7926035, 17.0417781 ], [ 78.7828599, 17.040533 ], [ 78.7771443, 17.0324056 ], [ 78.8250286, 17.0193208 ], [ 78.8226722, 17.0057084 ], [ 78.8163321, 17.0007155 ], [ 78.7989656, 16.9996729 ], [ 78.7926044, 16.9912467 ], [ 78.7890584, 16.9762371 ], [ 78.7570333, 16.9847673 ], [ 78.7527926, 16.9817704 ], [ 78.7563647, 16.9695172 ], [ 78.7318492, 16.9731543 ], [ 78.7072909, 16.9674451 ], [ 78.7020938, 16.9645343 ], [ 78.7038631, 16.9496479 ], [ 78.6961904, 16.9388289 ], [ 78.69583, 16.9355969 ], [ 78.7075488, 16.9339503 ], [ 78.7134277, 16.9286182 ], [ 78.7453097, 16.9149095 ], [ 78.7285458, 16.8936961 ], [ 78.7266903, 16.8696756 ], [ 78.7308244, 16.8638219 ], [ 78.7498025, 16.8545801 ], [ 78.7523544, 16.862711 ], [ 78.7719821, 16.8824898 ], [ 78.7808428, 16.8682662 ], [ 78.7812689, 16.8597946 ], [ 78.77566, 16.8438256 ], [ 78.7890235, 16.8397051 ], [ 78.7875342, 16.8316748 ], [ 78.8021058, 16.8261928 ], [ 78.7978207, 16.807458 ], [ 78.7952579, 16.8122494 ], [ 78.7917778, 16.8020413 ], [ 78.7950995, 16.7854385 ], [ 78.7896115, 16.7621895 ], [ 78.7808094, 16.7460768 ], [ 78.757261, 16.74759 ], [ 78.7544296, 16.7514019 ], [ 78.7335798, 16.7581311 ], [ 78.7213328, 16.7518646 ], [ 78.7029951, 16.7578475 ], [ 78.6960519, 16.7543062 ], [ 78.6961749, 16.7655051 ], [ 78.6837642, 16.7679275 ], [ 78.6645541, 16.7604269 ], [ 78.6592869, 16.7669979 ], [ 78.6526776, 16.7669496 ], [ 78.6506027, 16.7724581 ], [ 78.6526963, 16.7744798 ], [ 78.6830836, 16.7888069 ], [ 78.6825464, 16.8114377 ], [ 78.6761896, 16.8240417 ], [ 78.6666829, 16.8324079 ], [ 78.6672955, 16.8038762 ], [ 78.632951, 16.7764555 ], [ 78.615951, 16.783917 ], [ 78.615867, 16.7941733 ], [ 78.5907861, 16.7961203 ], [ 78.5817145, 16.8029491 ], [ 78.5705604, 16.8061225 ], [ 78.5648931, 16.8161652 ], [ 78.5376906, 16.8214605 ], [ 78.5262559, 16.8159005 ], [ 78.5140308, 16.8217427 ], [ 78.4826899, 16.8209818 ], [ 78.4785592, 16.8171752 ], [ 78.4733714, 16.8006366 ], [ 78.4715803, 16.7775814 ], [ 78.4648911, 16.7738722 ], [ 78.4529494, 16.7787188 ], [ 78.4343257, 16.7782446 ], [ 78.4268455, 16.7882165 ], [ 78.4132112, 16.7979921 ], [ 78.398064, 16.7989237 ], [ 78.3890737, 16.783919 ], [ 78.3550306, 16.7965038 ], [ 78.3479193, 16.7907425 ], [ 78.3485614, 16.7856836 ], [ 78.3459851, 16.7842826 ], [ 78.3332677, 16.7978705 ], [ 78.3343528, 16.8072298 ], [ 78.3228731, 16.8250265 ], [ 78.3283112, 16.8514351 ], [ 78.3204732, 16.8560853 ], [ 78.3162176, 16.8743399 ], [ 78.3049263, 16.8751553 ], [ 78.299276, 16.8789229 ], [ 78.3030134, 16.8799023 ], [ 78.3040898, 16.8895282 ], [ 78.301563, 16.9189707 ], [ 78.2755957, 16.9232141 ], [ 78.2718549, 16.9328665 ], [ 78.2770474, 16.9561209 ], [ 78.2694594, 16.9647653 ], [ 78.2616658, 16.9608394 ], [ 78.240546, 16.9634788 ], [ 78.2330538, 16.9403482 ], [ 78.21946, 16.9387782 ], [ 78.2112534, 16.9463104 ], [ 78.2111861, 16.9521075 ], [ 78.2028572, 16.9539307 ], [ 78.1812146, 16.9734227 ], [ 78.1858429, 16.988275 ], [ 78.1765457, 16.997526 ], [ 78.1740891, 17.0081584 ], [ 78.1500265, 17.0134428 ], [ 78.1358108, 17.0073204 ], [ 78.1363402, 16.9929767 ], [ 78.1267099, 16.9941629 ], [ 78.1247689, 16.9863718 ], [ 78.1196643, 16.9829183 ], [ 78.1143748, 16.9862238 ], [ 78.1083912, 16.9828145 ], [ 78.0921119, 16.9831735 ], [ 78.0851035, 16.9962996 ], [ 78.0683153, 17.0054155 ], [ 78.0577758, 17.0010075 ], [ 78.0346469, 17.0103599 ], [ 78.0242206, 17.0100579 ], [ 78.0098631, 17.0009676 ], [ 78.0087595, 16.9901416 ], [ 78.0143421, 16.984988 ], [ 78.0105256, 16.9783133 ], [ 77.9996899, 16.9797052 ], [ 77.9962323, 16.9862273 ], [ 77.9837077, 16.9961419 ], [ 77.9780382, 17.0043192 ], [ 77.9782699, 17.0100789 ], [ 77.9677334, 17.0139698 ], [ 77.95357, 17.0144022 ], [ 77.9482785, 17.0168443 ], [ 77.9507389, 17.0203289 ], [ 77.9439192, 17.0213505 ], [ 77.9348142, 17.0281919 ], [ 77.9306366, 17.0396195 ], [ 77.9322153, 17.0479686 ], [ 77.922744, 17.0517977 ], [ 77.9228744, 17.0633855 ], [ 77.9420946, 17.0753348 ], [ 77.9490177, 17.075549 ], [ 77.9491862, 17.0806929 ], [ 77.9381584, 17.0818946 ], [ 77.9341123, 17.0860334 ], [ 77.9519386, 17.0940034 ], [ 77.9541519, 17.0992079 ], [ 77.9752669, 17.0995002 ], [ 77.9836092, 17.1039131 ], [ 77.990012, 17.1033375 ], [ 77.9933716, 17.1223887 ], [ 77.9916654, 17.1282159 ], [ 77.9986852, 17.1335533 ], [ 78.003979, 17.1474443 ], [ 78.0113331, 17.1476299 ], [ 78.0163214, 17.1656955 ], [ 78.0442177, 17.1686101 ], [ 78.0452676, 17.1877735 ], [ 78.0408468, 17.1884054 ], [ 78.0469258, 17.2083501 ], [ 78.0547507, 17.2143776 ], [ 78.0636622, 17.2105907 ], [ 78.0695216, 17.2306497 ], [ 78.0509694, 17.2354114 ], [ 78.050811, 17.2435945 ], [ 78.0594738, 17.2512411 ], [ 78.0433786, 17.275009 ], [ 78.0471303, 17.2953467 ], [ 78.0315192, 17.3030255 ], [ 78.0324987, 17.3086214 ], [ 78.0147622, 17.3118791 ], [ 78.0128933, 17.3196938 ], [ 78.0094841, 17.3201333 ], [ 78.0053492, 17.3284051 ], [ 78.0072063, 17.3404867 ], [ 78.0171537, 17.3441891 ], [ 78.0229517, 17.3639441 ], [ 78.0220083, 17.370051 ], [ 78.0251402, 17.3700196 ], [ 78.0328505, 17.3788858 ], [ 78.0359297, 17.390574 ], [ 78.0464744, 17.400363 ], [ 78.0512284, 17.4119164 ], [ 78.0695303, 17.4097112 ], [ 78.0721606, 17.4133494 ], [ 78.0722763, 17.4375281 ], [ 78.062751, 17.4501071 ], [ 78.0702135, 17.455781 ], [ 78.0667362, 17.4596186 ], [ 78.059497, 17.4607394 ], [ 78.056084, 17.468965 ], [ 78.0530324, 17.4696542 ], [ 78.0534083, 17.475467 ], [ 78.0499787, 17.4758921 ], [ 78.0576554, 17.4797801 ], [ 78.0712404, 17.4958929 ], [ 78.0711133, 17.5003613 ], [ 78.0586935, 17.5044334 ], [ 78.0580778, 17.5088655 ], [ 78.0667975, 17.507559 ], [ 78.0715512, 17.5137261 ], [ 78.0707958, 17.5184245 ], [ 78.0821114, 17.5164233 ], [ 78.0831066, 17.505253 ], [ 78.0806666, 17.5017302 ], [ 78.0837916, 17.4912528 ], [ 78.1054167, 17.4902051 ], [ 78.1111343, 17.4796994 ], [ 78.1219655, 17.485117 ], [ 78.145292, 17.4841006 ], [ 78.14508, 17.4678354 ], [ 78.164348, 17.4627869 ], [ 78.1897102, 17.4756901 ], [ 78.1914658, 17.4869293 ], [ 78.2138142, 17.4860532 ], [ 78.2139624, 17.4722165 ], [ 78.2186696, 17.4574134 ], [ 78.2178484, 17.4385026 ], [ 78.2309973, 17.4294295 ], [ 78.250087, 17.4274146 ], [ 78.2701051, 17.4295284 ], [ 78.2756041, 17.4347721 ], [ 78.2881355, 17.4312626 ], [ 78.2940035, 17.4523351 ], [ 78.301804, 17.4608167 ], [ 78.2979989, 17.490954 ], [ 78.3092073, 17.4901922 ], [ 78.3176486, 17.4946283 ], [ 78.30817, 17.510528 ], [ 78.3377096, 17.5063623 ], [ 78.3369849, 17.5037234 ], [ 78.3476359, 17.5224728 ] ] ] } },
{ "type": "Feature", "properties": { "district": "Nagarkurnool", "state": "Telangana" }, "geometry": { "type": "Polygon", "coordinates": [ [ [ 78.6830836, 16.7888069 ], [ 78.6506027, 16.7724581 ], [ 78.6521994, 16.7678996 ], [ 78.6592869, 16.7669979 ], [ 78.6645541, 16.7604269 ], [ 78.6837642, 16.7679275 ], [ 78.6961749, 16.7655051 ], [ 78.6960519, 16.7543062 ], [ 78.7029951, 16.7578475 ], [ 78.7213328, 16.7518646 ], [ 78.7335798, 16.7581311 ], [ 78.7544296, 16.7514019 ], [ 78.7595511, 16.7306265 ], [ 78.7555529, 16.7061399 ], [ 78.740845, 16.7066925 ], [ 78.7255931, 16.6884208 ], [ 78.710087, 16.6783001 ], [ 78.7072558, 16.6661012 ], [ 78.7134825, 16.6504962 ], [ 78.6673569, 16.651772 ], [ 78.6776065, 16.6356915 ], [ 78.6799046, 16.6240517 ], [ 78.698505, 16.6188418 ], [ 78.6980587, 16.6127459 ], [ 78.7162323, 16.5819276 ], [ 78.7013825, 16.5645752 ], [ 78.6907085, 16.5610471 ], [ 78.6798775, 16.552221 ], [ 78.6794547, 16.5548451 ], [ 78.6711543, 16.552345 ], [ 78.6618843, 16.546218 ], [ 78.6722996, 16.5294198 ], [ 78.6755007, 16.5331154 ], [ 78.6798033, 16.5312663 ], [ 78.6838925, 16.5373257 ], [ 78.7242864, 16.5395263 ], [ 78.7652661, 16.5333344 ], [ 78.7746907, 16.5301005 ], [ 78.7891301, 16.515161 ], [ 78.8006785, 16.5139648 ], [ 78.835994, 16.5436608 ], [ 78.855656, 16.5508786 ], [ 78.8699434, 16.5435715 ], [ 78.910396, 16.5511011 ], [ 78.9121367, 16.5398887 ], [ 78.9183082, 16.534521 ], [ 78.9225282, 16.5233586 ], [ 78.9392941, 16.5103439 ], [ 78.9676034, 16.4974251 ], [ 78.9858847, 16.4933457 ], [ 79.0289811, 16.4654718 ], [ 79.0463031, 16.4586985 ], [ 79.0589028, 16.4469799 ], [ 79.073062, 16.4423539 ], [ 79.091544, 16.421582 ], [ 79.1098676, 16.4207802 ], [ 79.1224617, 16.4062899 ], [ 79.1350737, 16.4038612 ], [ 79.1429724, 16.3985976 ], [ 79.1516937, 16.3997433 ], [ 79.1547917, 16.3810384 ], [ 79.1641728, 16.3787413 ], [ 79.1718491, 16.3679619 ], [ 79.1811149, 16.3673729 ], [ 79.1908576, 16.3598485 ], [ 79.2035642, 16.3624141 ], [ 79.2143302, 16.3493544 ], [ 79.2338102, 16.3358036 ], [ 79.2304811, 16.283115 ], [ 79.2245874, 16.2711935 ], [ 79.2234206, 16.2466544 ], [ 79.2194578, 16.2317502 ], [ 79.2062799, 16.2209056 ], [ 79.170186, 16.2099041 ], [ 79.1587502, 16.2091988 ], [ 79.1460038, 16.2139663 ], [ 79.1197247, 16.2319382 ], [ 79.1015777, 16.2228231 ], [ 79.084106, 16.2301201 ], [ 79.0721105, 16.2270726 ], [ 79.0480186, 16.2386731 ], [ 79.0291797, 16.2417408 ], [ 79.0095088, 16.2402149 ], [ 78.9857169, 16.2107149 ], [ 78.9602691, 16.2090707 ], [ 78.9269919, 16.1966324 ], [ 78.9048877, 16.1828756 ], [ 78.9043383, 16.1755624 ], [ 78.914686, 16.149321 ], [ 78.9242796, 16.1357784 ], [ 78.9204361, 16.1019993 ], [ 78.8955997, 16.0855796 ], [ 78.8892204, 16.0847894 ], [ 78.8728808, 16.1432553 ], [ 78.8546968, 16.1488092 ], [ 78.8346703, 16.145161 ], [ 78.8330424, 16.1373233 ], [ 78.8426183, 16.0901695 ], [ 78.8370584, 16.0703739 ], [ 78.8194046, 16.0483025 ], [ 78.8012067, 16.0377634 ], [ 78.7907123, 16.0235716 ], [ 78.7671885, 16.0166048 ], [ 78.7510013, 16.0157345 ], [ 78.7409066, 16.0086628 ], [ 78.7354959, 16.0081518 ], [ 78.7235714, 16.0201195 ], [ 78.6811923, 16.0347897 ], [ 78.6681435, 16.0544972 ], [ 78.6504207, 16.0719919 ], [ 78.6502214, 16.0788064 ], [ 78.6209753, 16.0880473 ], [ 78.6016327, 16.0839261 ], [ 78.5869354, 16.0634356 ], [ 78.5517609, 16.0428018 ], [ 78.4766199, 16.0680819 ], [ 78.4426504, 16.0742814 ], [ 78.4345148, 16.0712034 ], [ 78.4100599, 16.0750658 ], [ 78.402761, 16.0729628 ], [ 78.396691, 16.065738 ], [ 78.3843911, 16.0646023 ], [ 78.3654184, 16.0467808 ], [ 78.3477304, 16.0474746 ], [ 78.3265568, 16.0367376 ], [ 78.3220759, 16.0286811 ], [ 78.3219272, 16.0171094 ], [ 78.3122616, 16.0115096 ], [ 78.2979129, 16.0120258 ], [ 78.2700334, 16.0267778 ], [ 78.2624389, 16.0267112 ], [ 78.2585544, 16.023228 ], [ 78.2418533, 16.0269177 ], [ 78.2411211, 16.0316592 ], [ 78.2511388, 16.0448875 ], [ 78.2286404, 16.0595871 ], [ 78.2368904, 16.1059471 ], [ 78.2241239, 16.1346588 ], [ 78.2149691, 16.1373822 ], [ 78.2264464, 16.1630435 ], [ 78.2271843, 16.1745899 ], [ 78.2091816, 16.1799956 ], [ 78.2111928, 16.2007467 ], [ 78.1966557, 16.2085951 ], [ 78.2008297, 16.2143712 ], [ 78.1998675, 16.2218374 ], [ 78.192472, 16.2277501 ], [ 78.2000453, 16.2355353 ], [ 78.1988465, 16.2597027 ], [ 78.1642218, 16.2670538 ], [ 78.1627438, 16.2962295 ], [ 78.1684932, 16.3082925 ], [ 78.188761, 16.3165429 ], [ 78.1897809, 16.3218551 ], [ 78.2095016, 16.3184958 ], [ 78.2133036, 16.3214407 ], [ 78.2178235, 16.3198204 ], [ 78.221172, 16.3036141 ], [ 78.2437651, 16.2958138 ], [ 78.2543145, 16.2881598 ], [ 78.2554485, 16.2975843 ], [ 78.2596149, 16.3027525 ], [ 78.2636814, 16.3328153 ], [ 78.2928132, 16.3260103 ], [ 78.2909244, 16.3319837 ], [ 78.2972742, 16.3338319 ], [ 78.3014776, 16.3475757 ], [ 78.3034826, 16.3501068 ], [ 78.3086076, 16.3484139 ], [ 78.3147281, 16.3680933 ], [ 78.3148111, 16.3792343 ], [ 78.3096453, 16.3883491 ], [ 78.2966133, 16.3927056 ], [ 78.288735, 16.3999868 ], [ 78.2814782, 16.3998523 ], [ 78.2775108, 16.4034834 ], [ 78.2739854, 16.3994662 ], [ 78.2645344, 16.4007056 ], [ 78.2467987, 16.4155026 ], [ 78.2331711, 16.4183832 ], [ 78.2222094, 16.4123496 ], [ 78.2013929, 16.4092078 ], [ 78.1985045, 16.4327051 ], [ 78.2007729, 16.4471896 ], [ 78.147836, 16.456112 ], [ 78.1300933, 16.4664304 ], [ 78.1312358, 16.4696636 ], [ 78.0998931, 16.4872268 ], [ 78.1111165, 16.5375537 ], [ 78.1226157, 16.5522104 ], [ 78.1229961, 16.5634677 ], [ 78.1196186, 16.563154 ], [ 78.1185365, 16.5731555 ], [ 78.1161559, 16.5730066 ], [ 78.126152, 16.5935169 ], [ 78.1302397, 16.6257473 ], [ 78.1507793, 16.6476625 ], [ 78.1400612, 16.660809 ], [ 78.1402907, 16.6745699 ], [ 78.1445851, 16.6878648 ], [ 78.1553752, 16.700743 ], [ 78.162959, 16.7288721 ], [ 78.1831512, 16.7308346 ], [ 78.1824423, 16.7036859 ], [ 78.1982654, 16.701004 ], [ 78.2115656, 16.7106772 ], [ 78.2134575, 16.7223662 ], [ 78.2235598, 16.7413073 ], [ 78.233782, 16.7389562 ], [ 78.2350373, 16.7420405 ], [ 78.259475, 16.7216761 ], [ 78.2671265, 16.7095408 ], [ 78.2820058, 16.7055901 ], [ 78.29547, 16.6967797 ], [ 78.2982288, 16.6901012 ], [ 78.3169811, 16.6845282 ], [ 78.3291258, 16.6559152 ], [ 78.3428658, 16.6582713 ], [ 78.3661573, 16.6447211 ], [ 78.3687205, 16.6562981 ], [ 78.3784986, 16.6606338 ], [ 78.3901994, 16.6611439 ], [ 78.4048141, 16.6554724 ], [ 78.4049136, 16.6739307 ], [ 78.4243127, 16.6800414 ], [ 78.4303324, 16.7055945 ], [ 78.4428403, 16.7077377 ], [ 78.4643744, 16.7306806 ], [ 78.4652042, 16.7521621 ], [ 78.4869869, 16.7510264 ], [ 78.4937176, 16.7593845 ], [ 78.4881362, 16.7681282 ], [ 78.4715803, 16.7775814 ], [ 78.4733714, 16.8006366 ], [ 78.4785592, 16.8171752 ], [ 78.4826899, 16.8209818 ], [ 78.5140308, 16.8217427 ], [ 78.5262559, 16.8159005 ], [ 78.5368406, 16.8214617 ], [ 78.5603802, 16.8181231 ], [ 78.5667112, 16.8146306 ], [ 78.5705604, 16.8061225 ], [ 78.5817145, 16.8029491 ], [ 78.5907861, 16.7961203 ], [ 78.615867, 16.7941733 ], [ 78.615951, 16.783917 ], [ 78.632951, 16.7764555 ], [ 78.6672955, 16.8038762 ], [ 78.6666829, 16.8324079 ], [ 78.6761896, 16.8240417 ], [ 78.6825464, 16.8114377 ], [ 78.6830836, 16.7888069 ] ] ] } },
{ "type": "Feature", "properties": { "district": "Nandyal", "state": "Andhra Pradesh" }, "geometry": { "type": "Polygon", "coordinates": [ [ [ 78.8911596, 16.0844921 ], [ 78.9212861, 16.1027745 ], [ 78.9226356, 16.1265755 ], [ 78.9310423, 16.0925663 ], [ 78.910759, 15.9676393 ], [ 78.8620113, 15.9300071 ], [ 78.8363328, 15.9056946 ], [ 78.809767, 15.8672419 ], [ 78.7714136, 15.6644238 ], [ 78.7695064, 15.6256465 ], [ 78.776573, 15.5326812 ], [ 78.7692659, 15.4649049 ], [ 78.7712584, 15.4197878 ], [ 78.7479415, 15.3684786 ], [ 78.7365474, 15.3261545 ], [ 78.7390392, 15.2684834 ], [ 78.7368912, 15.1998244 ], [ 78.7421633, 15.1816141 ], [ 78.758256, 15.1846526 ], [ 78.7500042, 15.1343519 ], [ 78.7529538, 15.1298312 ], [ 78.7513536, 15.1010816 ], [ 78.760284, 15.0795606 ], [ 78.7550175, 15.0755689 ], [ 78.7616167, 15.0543587 ], [ 78.7522311, 15.0367113 ], [ 78.7153781, 15.0009776 ], [ 78.7179586, 14.96857 ], [ 78.6916432, 14.9679793 ], [ 78.6844784, 14.9384862 ], [ 78.6661075, 14.9350757 ], [ 78.6602841, 14.9297697 ], [ 78.6299811, 14.925534 ], [ 78.6303063, 14.9443163 ], [ 78.6096972, 14.9480984 ], [ 78.6012887, 14.9542953 ], [ 78.5963057, 14.9505193 ], [ 78.5917883, 14.9389509 ], [ 78.5820142, 14.9458899 ], [ 78.562453, 14.9307915 ], [ 78.5531182, 14.9303256 ], [ 78.5468204, 14.9327093 ], [ 78.5514011, 14.9612879 ], [ 78.5401086, 14.9648553 ], [ 78.5371899, 14.9608122 ], [ 78.5281119, 14.9601033 ], [ 78.5229269, 14.9519641 ], [ 78.5195097, 14.9536641 ], [ 78.5165114, 14.945993 ], [ 78.5196339, 14.9430467 ], [ 78.4977561, 14.9215485 ], [ 78.4851568, 14.9004176 ], [ 78.4772377, 14.9021958 ], [ 78.4829542, 14.9222755 ], [ 78.4981545, 14.9554656 ], [ 78.5048207, 14.9545068 ], [ 78.5165516, 14.996572 ], [ 78.5157169, 15.0023574 ], [ 78.5083072, 15.0049332 ], [ 78.5152674, 15.0133654 ], [ 78.5121164, 15.0400138 ], [ 78.515547, 15.0604472 ], [ 78.5077559, 15.0646384 ], [ 78.5055033, 15.0697366 ], [ 78.4869697, 15.0720342 ], [ 78.4815338, 15.0710731 ], [ 78.4812372, 15.0631468 ], [ 78.4737907, 15.0626683 ], [ 78.4780143, 15.0610762 ], [ 78.4812049, 15.0502844 ], [ 78.487379, 15.0499817 ], [ 78.4861936, 15.0429559 ], [ 78.4885913, 15.0423909 ], [ 78.4858342, 15.0416772 ], [ 78.4851973, 15.0365606 ], [ 78.4824064, 15.0428654 ], [ 78.4741993, 15.0353471 ], [ 78.4678772, 15.0396957 ], [ 78.4668743, 15.0362851 ], [ 78.4616483, 15.0390114 ], [ 78.4593496, 15.0349098 ], [ 78.4612693, 15.0333094 ], [ 78.457159, 15.0307143 ], [ 78.4386968, 15.0335579 ], [ 78.4385716, 15.0366884 ], [ 78.4361095, 15.0322367 ], [ 78.419277, 15.0314244 ], [ 78.4135753, 15.0106867 ], [ 78.4096431, 14.9726319 ], [ 78.4009339, 14.9726809 ], [ 78.3921029, 14.9679708 ], [ 78.3871615, 14.9693775 ], [ 78.359206, 14.9854981 ], [ 78.3427028, 15.0027683 ], [ 78.3496114, 15.0153301 ], [ 78.3531237, 15.0309279 ], [ 78.3695512, 15.0260423 ], [ 78.3755225, 15.0360122 ], [ 78.3997749, 15.0485612 ], [ 78.3779831, 15.0563407 ], [ 78.3826756, 15.0692028 ], [ 78.3709598, 15.0716261 ], [ 78.3636196, 15.0519468 ], [ 78.3533309, 15.0544201 ], [ 78.3545453, 15.0617816 ], [ 78.3327242, 15.0662572 ], [ 78.3251689, 15.0731938 ], [ 78.3137499, 15.0686752 ], [ 78.301929, 15.073622 ], [ 78.2928058, 15.0732372 ], [ 78.2844574, 15.0705672 ], [ 78.2749638, 15.0579577 ], [ 78.2836837, 15.0309776 ], [ 78.2600009, 15.0265301 ], [ 78.2438379, 14.9991863 ], [ 78.2357657, 15.0032468 ], [ 78.2244236, 14.9774775 ], [ 78.2203251, 14.9551238 ], [ 78.2104663, 14.9520455 ], [ 78.1799076, 14.9641705 ], [ 78.1677268, 14.9639364 ], [ 78.1532777, 14.9596106 ], [ 78.1513424, 14.9485859 ], [ 78.1368538, 14.9477002 ], [ 78.1337811, 14.9612241 ], [ 78.0872829, 14.9721609 ], [ 78.0885194, 14.9822242 ], [ 78.0655197, 14.994998 ], [ 78.0598984, 15.0030283 ], [ 78.0546684, 14.9920593 ], [ 78.0339187, 14.999474 ], [ 78.0263171, 15.0113651 ], [ 78.0266178, 15.0163707 ], [ 78.0215862, 15.0168587 ], [ 78.0113241, 15.0270447 ], [ 78.0105662, 15.050793 ], [ 78.0044751, 15.0529416 ], [ 77.9950518, 15.0639238 ], [ 77.9985368, 15.0721603 ], [ 77.9959508, 15.076815 ], [ 77.9975932, 15.0813075 ], [ 78.0056585, 15.0817876 ], [ 78.0065236, 15.0940905 ], [ 78.0136666, 15.1021167 ], [ 78.0141171, 15.111882 ], [ 78.0064287, 15.1224557 ], [ 77.9969581, 15.1243696 ], [ 77.9932346, 15.1331492 ], [ 77.9743982, 15.1388808 ], [ 77.9646971, 15.1226362 ], [ 77.9612585, 15.1086332 ], [ 77.9364664, 15.1145653 ], [ 77.9327284, 15.112367 ], [ 77.911983, 15.1231351 ], [ 77.9062913, 15.1226083 ], [ 77.9070619, 15.1306321 ], [ 77.9149673, 15.128875 ], [ 77.9147592, 15.1319886 ], [ 77.9085871, 15.1336359 ], [ 77.9113553, 15.1355921 ], [ 77.909423, 15.1395212 ], [ 77.9136899, 15.1443949 ], [ 77.9243811, 15.1483114 ], [ 77.9246625, 15.1524758 ], [ 77.9204318, 15.1530392 ], [ 77.9235774, 15.1614674 ], [ 77.9181601, 15.1698361 ], [ 77.9192748, 15.1740108 ], [ 77.8846417, 15.1785589 ], [ 77.8851562, 15.1713108 ], [ 77.8806536, 15.1624309 ], [ 77.8812603, 15.1495981 ], [ 77.8754395, 15.1351615 ], [ 77.8543669, 15.1351105 ], [ 77.8427216, 15.1295729 ], [ 77.8388433, 15.1448697 ], [ 77.8156822, 15.1428527 ], [ 77.8097978, 15.1351975 ], [ 77.8111771, 15.1285802 ], [ 77.7963304, 15.118915 ], [ 77.7916953, 15.1061193 ], [ 77.7869843, 15.107809 ], [ 77.78473, 15.1129993 ], [ 77.7793632, 15.110542 ], [ 77.7707787, 15.1139136 ], [ 77.7740223, 15.1242042 ], [ 77.7480228, 15.1303565 ], [ 77.7466001, 15.140971 ], [ 77.729826, 15.1518321 ], [ 77.7332526, 15.1686071 ], [ 77.7164629, 15.1723797 ], [ 77.7173123, 15.1792385 ], [ 77.7117302, 15.1867451 ], [ 77.7025601, 15.1801197 ], [ 77.6930468, 15.1839824 ], [ 77.6978104, 15.2058416 ], [ 77.6909659, 15.2069943 ], [ 77.6880229, 15.2092436 ], [ 77.6887362, 15.2134775 ], [ 77.6780575, 15.2179392 ], [ 77.6745614, 15.2305702 ], [ 77.6802119, 15.2361547 ], [ 77.6733602, 15.2370716 ], [ 77.6794656, 15.2460681 ], [ 77.6838861, 15.2451276 ], [ 77.6793881, 15.2541586 ], [ 77.6814899, 15.2623281 ], [ 77.6785842, 15.2628681 ], [ 77.6789128, 15.2695891 ], [ 77.6883369, 15.2990012 ], [ 77.6888403, 15.3177694 ], [ 77.6763018, 15.3175883 ], [ 77.6644471, 15.330546 ], [ 77.6524102, 15.3369378 ], [ 77.667501, 15.3579334 ], [ 77.6723917, 15.3739066 ], [ 77.6710451, 15.3807365 ], [ 77.6771672, 15.3842695 ], [ 77.6799196, 15.392674 ], [ 77.7158125, 15.3777769 ], [ 77.7176687, 15.3833782 ], [ 77.7291878, 15.3857507 ], [ 77.7348639, 15.3909316 ], [ 77.7459914, 15.4071341 ], [ 77.7444904, 15.4148354 ], [ 77.7509572, 15.4202479 ], [ 77.7601766, 15.4110458 ], [ 77.7647003, 15.4126648 ], [ 77.7656529, 15.4074847 ], [ 77.7756421, 15.40732 ], [ 77.7785545, 15.40302 ], [ 77.7917345, 15.4215124 ], [ 77.7907886, 15.4276155 ], [ 77.7941629, 15.43253 ], [ 77.7922903, 15.4405934 ], [ 77.7994775, 15.441192 ], [ 77.8002964, 15.4457889 ], [ 77.7959912, 15.4485924 ], [ 77.8050827, 15.4532181 ], [ 77.7958988, 15.4635988 ], [ 77.8066188, 15.4682137 ], [ 77.8083294, 15.4768927 ], [ 77.8161072, 15.4839256 ], [ 77.8165037, 15.4894443 ], [ 77.8444889, 15.4881292 ], [ 77.8508184, 15.4849883 ], [ 77.8439089, 15.469428 ], [ 77.8505653, 15.4658661 ], [ 77.8672901, 15.4756779 ], [ 77.8738616, 15.4873252 ], [ 77.8944396, 15.4660684 ], [ 77.8982726, 15.4639854 ], [ 77.908523, 15.467246 ], [ 77.9111681, 15.4553828 ], [ 77.9069725, 15.445272 ], [ 77.925962, 15.4362458 ], [ 77.9401354, 15.4161732 ], [ 77.9465745, 15.4176217 ], [ 77.9508287, 15.4250999 ], [ 77.9724316, 15.4309683 ], [ 77.9891381, 15.4266085 ], [ 77.995038, 15.4287094 ], [ 77.9995396, 15.4326345 ], [ 77.9966783, 15.4410044 ], [ 77.9983932, 15.4570091 ], [ 78.0288885, 15.4528679 ], [ 78.0273095, 15.4598284 ], [ 78.0351538, 15.4613178 ], [ 78.0309304, 15.4626751 ], [ 78.0319511, 15.4683499 ], [ 78.0290792, 15.4693973 ], [ 78.0519914, 15.4778147 ], [ 78.0536464, 15.4809051 ], [ 78.0480269, 15.4978329 ], [ 78.0557419, 15.5035264 ], [ 78.0571535, 15.508595 ], [ 78.0510019, 15.5413928 ], [ 78.0552438, 15.5424551 ], [ 78.065018, 15.5344809 ], [ 78.0703215, 15.5357044 ], [ 78.0702156, 15.5306328 ], [ 78.074886, 15.5302161 ], [ 78.0782185, 15.545004 ], [ 78.0761264, 15.5562425 ], [ 78.082204, 15.5701889 ], [ 78.1146373, 15.5788486 ], [ 78.1369912, 15.5790863 ], [ 78.1488489, 15.5676305 ], [ 78.1376737, 15.5437146 ], [ 78.1408543, 15.5398965 ], [ 78.1393681, 15.5310916 ], [ 78.1584565, 15.5328329 ], [ 78.1687742, 15.5401478 ], [ 78.189449, 15.5435773 ], [ 78.1894411, 15.5522705 ], [ 78.1816089, 15.5557262 ], [ 78.1792293, 15.5613132 ], [ 78.1793798, 15.5640061 ], [ 78.1825835, 15.5637608 ], [ 78.1811667, 15.5704077 ], [ 78.1851352, 15.5786199 ], [ 78.1914164, 15.5813979 ], [ 78.1870159, 15.5862121 ], [ 78.1920436, 15.5940784 ], [ 78.2068528, 15.5923129 ], [ 78.2120492, 15.5876607 ], [ 78.2195283, 15.5906228 ], [ 78.2132704, 15.6023603 ], [ 78.2182277, 15.6120164 ], [ 78.2166521, 15.6183407 ], [ 78.2252332, 15.6209571 ], [ 78.2298094, 15.6293288 ], [ 78.2357001, 15.6325763 ], [ 78.2680149, 15.6403923 ], [ 78.2689076, 15.6527361 ], [ 78.2664441, 15.6538725 ], [ 78.265469, 15.6658348 ], [ 78.273387, 15.7019809 ], [ 78.2452045, 15.7031113 ], [ 78.2334693, 15.6954639 ], [ 78.2180617, 15.6925842 ], [ 78.2110548, 15.694485 ], [ 78.2070408, 15.7125339 ], [ 78.1987521, 15.7173876 ], [ 78.1989561, 15.7199273 ], [ 78.1894786, 15.7213617 ], [ 78.1869468, 15.7262371 ], [ 78.1917117, 15.7305093 ], [ 78.1864652, 15.7322883 ], [ 78.1864033, 15.7375977 ], [ 78.1909402, 15.7370005 ], [ 78.1917841, 15.7407368 ], [ 78.1835985, 15.7442251 ], [ 78.1794852, 15.7425245 ], [ 78.179363, 15.7465804 ], [ 78.1721555, 15.7482696 ], [ 78.1729894, 15.7528291 ], [ 78.1625885, 15.7555775 ], [ 78.1639384, 15.759143 ], [ 78.1756078, 15.7621394 ], [ 78.1753778, 15.7694055 ], [ 78.1853811, 15.7703521 ], [ 78.1872815, 15.7760087 ], [ 78.1973621, 15.773147 ], [ 78.1963517, 15.7809113 ], [ 78.2018782, 15.7804648 ], [ 78.2056923, 15.7887293 ], [ 78.1926001, 15.7954167 ], [ 78.161909, 15.8005209 ], [ 78.1577497, 15.814094 ], [ 78.1548065, 15.8136905 ], [ 78.1539243, 15.8167836 ], [ 78.160838, 15.8164531 ], [ 78.1674015, 15.8208769 ], [ 78.1683187, 15.8259167 ], [ 78.1753967, 15.8255514 ], [ 78.1671037, 15.8465696 ], [ 78.1700542, 15.8523601 ], [ 78.1678789, 15.854946 ], [ 78.1753438, 15.8580753 ], [ 78.1766745, 15.876763 ], [ 78.186605, 15.8848054 ], [ 78.1898409, 15.8918697 ], [ 78.1794361, 15.9019329 ], [ 78.1819855, 15.9073524 ], [ 78.2045131, 15.9179832 ], [ 78.2321352, 15.9239939 ], [ 78.2521856, 15.9362213 ], [ 78.251262, 15.9768066 ], [ 78.2598214, 15.9955643 ], [ 78.2555058, 16.0128513 ], [ 78.2608635, 16.025817 ], [ 78.2771887, 16.0243156 ], [ 78.2994194, 16.0115438 ], [ 78.3122616, 16.0115096 ], [ 78.3219272, 16.0171094 ], [ 78.3220759, 16.0286811 ], [ 78.3265568, 16.0367376 ], [ 78.3477304, 16.0474746 ], [ 78.3654184, 16.0467808 ], [ 78.3843911, 16.0646023 ], [ 78.396691, 16.065738 ], [ 78.402761, 16.0729628 ], [ 78.4100599, 16.0750658 ], [ 78.4345148, 16.0712034 ], [ 78.4426504, 16.0742814 ], [ 78.4766199, 16.0680819 ], [ 78.5517609, 16.0428018 ], [ 78.5869354, 16.0634356 ], [ 78.6016327, 16.0839261 ], [ 78.6209753, 16.0880473 ], [ 78.6502214, 16.0788064 ], [ 78.6504207, 16.0719919 ], [ 78.6681435, 16.0544972 ], [ 78.6811923, 16.0347897 ], [ 78.7235714, 16.0201195 ], [ 78.7354959, 16.0081518 ], [ 78.7409066, 16.0086628 ], [ 78.7510013, 16.0157345 ], [ 78.7671885, 16.0166048 ], [ 78.7907123, 16.0235716 ], [ 78.8012067, 16.0377634 ], [ 78.8194046, 16.0483025 ], [ 78.8359758, 16.0689497 ], [ 78.8417087, 16.0826044 ], [ 78.8424124, 16.0952064 ], [ 78.832835, 16.1419532 ], [ 78.8353744, 16.1454695 ], [ 78.850504, 16.1487856 ], [ 78.8676254, 16.1461411 ], [ 78.8739462, 16.1417482 ], [ 78.8911596, 16.0844921 ] ] ] } },
{ "type": "Feature", "properties": { "district": "Jogulamba Gadwal", "state": "Telangana" }, "geometry": { "type": "Polygon", "coordinates": [ [ [ 77.665667, 16.3638956 ], [ 77.6775069, 16.360468 ], [ 77.6862827, 16.347118 ], [ 77.7037437, 16.3369276 ], [ 77.7287343, 16.3316708 ], [ 77.7749225, 16.306805 ], [ 77.9123357, 16.2127447 ], [ 77.9317137, 16.19316 ], [ 77.9311003, 16.1747884 ], [ 77.9423873, 16.15325 ], [ 77.9409597, 16.1377046 ], [ 77.9470882, 16.1186228 ], [ 77.9738158, 16.0951559 ], [ 77.9938552, 16.0873247 ], [ 78.0143026, 16.0673697 ], [ 78.0292823, 16.0598014 ], [ 78.0465204, 16.0325779 ], [ 78.0694379, 16.0143198 ], [ 78.1135286, 16.0019848 ], [ 78.1274077, 16.0024077 ], [ 78.1360718, 15.9962401 ], [ 78.1421525, 15.9874697 ], [ 78.1465896, 15.9623206 ], [ 78.1540622, 15.951566 ], [ 78.1615941, 15.9475786 ], [ 78.1835971, 15.9446047 ], [ 78.221445, 15.9438668 ], [ 78.2403782, 15.9549661 ], [ 78.2512258, 15.9750788 ], [ 78.2536239, 15.9425373 ], [ 78.2516171, 15.9352247 ], [ 78.2321352, 15.9239939 ], [ 78.2045131, 15.9179832 ], [ 78.1844293, 15.9098172 ], [ 78.1794361, 15.9019329 ], [ 78.1899344, 15.8922688 ], [ 78.186605, 15.8848054 ], [ 78.1766745, 15.876763 ], [ 78.1753438, 15.8580753 ], [ 78.1587668, 15.8537597 ], [ 78.1355361, 15.8547044 ], [ 78.13007, 15.8506991 ], [ 78.1342758, 15.8440157 ], [ 78.1339993, 15.8362599 ], [ 78.1115905, 15.83817 ], [ 78.0987893, 15.8360148 ], [ 78.0835546, 15.8409228 ], [ 78.0848779, 15.8450585 ], [ 78.0713556, 15.8503676 ], [ 78.0715198, 15.8617453 ], [ 78.0558319, 15.8663274 ], [ 78.0562052, 15.8746326 ], [ 78.0468186, 15.8749013 ], [ 78.0449421, 15.9041418 ], [ 78.0318896, 15.9073461 ], [ 78.031, 15.9029618 ], [ 78.0255108, 15.9023639 ], [ 78.0088631, 15.8617538 ], [ 77.9969638, 15.8663175 ], [ 77.9753342, 15.883339 ], [ 77.9369571, 15.8834971 ], [ 77.8879788, 15.906084 ], [ 77.8782166, 15.9052168 ], [ 77.8585121, 15.883708 ], [ 77.8459658, 15.8821216 ], [ 77.8387286, 15.8850929 ], [ 77.8035166, 15.8741349 ], [ 77.7823553, 15.8761709 ], [ 77.76687, 15.8861441 ], [ 77.7440487, 15.8861013 ], [ 77.7240959, 15.8958142 ], [ 77.712733, 15.8945159 ], [ 77.6927471, 15.8833143 ], [ 77.6592006, 15.8854989 ], [ 77.6364737, 15.8960574 ], [ 77.6250537, 15.9090426 ], [ 77.6113918, 15.9179348 ], [ 77.5933102, 15.9119199 ], [ 77.5808076, 15.9184784 ], [ 77.5489782, 15.9191224 ], [ 77.5134382, 15.9267925 ], [ 77.5198078, 15.9669135 ], [ 77.5163971, 15.9673598 ], [ 77.5095546, 15.9803952 ], [ 77.5140521, 16.0080763 ], [ 77.5044124, 16.0113288 ], [ 77.5043382, 16.0182059 ], [ 77.49431, 16.037539 ], [ 77.4994567, 16.0537225 ], [ 77.4965799, 16.0550167 ], [ 77.4994355, 16.061022 ], [ 77.5026114, 16.0588119 ], [ 77.5068754, 16.0796355 ], [ 77.493658, 16.0863436 ], [ 77.5009319, 16.1061884 ], [ 77.5132756, 16.1080238 ], [ 77.5002225, 16.1205911 ], [ 77.4897933, 16.1196301 ], [ 77.4906757, 16.1595841 ], [ 77.486152, 16.1629842 ], [ 77.491324, 16.1845303 ], [ 77.4994851, 16.1985601 ], [ 77.4981841, 16.2095602 ], [ 77.5011491, 16.2217178 ], [ 77.514992, 16.221956 ], [ 77.5156574, 16.2277895 ], [ 77.5131675, 16.2308472 ], [ 77.5035565, 16.2309366 ], [ 77.4950637, 16.2271179 ], [ 77.492343, 16.2292973 ], [ 77.4900802, 16.2552302 ], [ 77.5024044, 16.2630578 ], [ 77.5048148, 16.2758009 ], [ 77.5218694, 16.2780286 ], [ 77.5296033, 16.275484 ], [ 77.5368979, 16.266804 ], [ 77.5408214, 16.2854564 ], [ 77.5450759, 16.2917115 ], [ 77.5632058, 16.3016355 ], [ 77.5687886, 16.3032956 ], [ 77.5819996, 16.2913384 ], [ 77.597719, 16.2928052 ], [ 77.5920163, 16.3021665 ], [ 77.5953822, 16.3181212 ], [ 77.5880332, 16.3333739 ], [ 77.5952926, 16.3423618 ], [ 77.6388728, 16.3630858 ], [ 77.6566261, 16.3603243 ], [ 77.665667, 16.3638956 ] ] ] } },
{ "type": "Feature", "properties": { "district": "Kurnool", "state": "Andhra Pradesh" }, "geometry": { "type": "Polygon", "coordinates": [ [ [ 77.2479048, 15.9645021 ], [ 77.2865909, 15.9536993 ], [ 77.301072, 15.9579976 ], [ 77.3240623, 15.9501561 ], [ 77.3553055, 15.9504569 ], [ 77.380101, 15.9397659 ], [ 77.3976935, 15.9444824 ], [ 77.4163131, 15.9423924 ], [ 77.4295966, 15.9490635 ], [ 77.4659979, 15.9345015 ], [ 77.498744, 15.9331783 ], [ 77.5149251, 15.926176 ], [ 77.5489782, 15.9191224 ], [ 77.5808076, 15.9184784 ], [ 77.5950407, 15.9118487 ], [ 77.6113918, 15.9179348 ], [ 77.6250537, 15.9090426 ], [ 77.6364737, 15.8960574 ], [ 77.6592006, 15.8854989 ], [ 77.6927471, 15.8833143 ], [ 77.712733, 15.8945159 ], [ 77.7240959, 15.8958142 ], [ 77.7440487, 15.8861013 ], [ 77.76687, 15.8861441 ], [ 77.7823553, 15.8761709 ], [ 77.8035166, 15.8741349 ], [ 77.8387286, 15.8850929 ], [ 77.8459658, 15.8821216 ], [ 77.8585121, 15.883708 ], [ 77.8782166, 15.9052168 ], [ 77.8879788, 15.906084 ], [ 77.9369571, 15.8834971 ], [ 77.9753342, 15.883339 ], [ 77.9969638, 15.8663175 ], [ 78.0088631, 15.8617538 ], [ 78.0255108, 15.9023639 ], [ 78.031, 15.9029618 ], [ 78.0318896, 15.9073461 ], [ 78.0440782, 15.9044529 ], [ 78.0468186, 15.8749013 ], [ 78.0562052, 15.8746326 ], [ 78.0558319, 15.8663274 ], [ 78.0715198, 15.8617453 ], [ 78.0713556, 15.8503676 ], [ 78.0848779, 15.8450585 ], [ 78.0835546, 15.8409228 ], [ 78.0987893, 15.8360148 ], [ 78.1115905, 15.83817 ], [ 78.1339993, 15.8362599 ], [ 78.1342758, 15.8440157 ], [ 78.13007, 15.8506991 ], [ 78.1355361, 15.8547044 ], [ 78.1692547, 15.8535861 ], [ 78.1670365, 15.844737 ], [ 78.1717944, 15.8398682 ], [ 78.1700366, 15.8339869 ], [ 78.1753967, 15.8255514 ], [ 78.1683187, 15.8259167 ], [ 78.1674015, 15.8208769 ], [ 78.160838, 15.8164531 ], [ 78.1539243, 15.8167836 ], [ 78.1596528, 15.8100036 ], [ 78.1583261, 15.8056467 ], [ 78.161909, 15.8005209 ], [ 78.1926001, 15.7954167 ], [ 78.2056923, 15.7887293 ], [ 78.2018782, 15.7804648 ], [ 78.1963517, 15.7809113 ], [ 78.1973621, 15.773147 ], [ 78.1872815, 15.7760087 ], [ 78.1853811, 15.7703521 ], [ 78.1753778, 15.7694055 ], [ 78.1756078, 15.7621394 ], [ 78.1639384, 15.759143 ], [ 78.1625885, 15.7555775 ], [ 78.1729894, 15.7528291 ], [ 78.1721555, 15.7482696 ], [ 78.179363, 15.7465804 ], [ 78.1794852, 15.7425245 ], [ 78.1835985, 15.7442251 ], [ 78.1917841, 15.7407368 ], [ 78.1909402, 15.7370005 ], [ 78.1864033, 15.7375977 ], [ 78.1864652, 15.7322883 ], [ 78.1917117, 15.7305093 ], [ 78.1869468, 15.7262371 ], [ 78.1894786, 15.7213617 ], [ 78.1989561, 15.7199273 ], [ 78.1987521, 15.7173876 ], [ 78.2070408, 15.7125339 ], [ 78.2117737, 15.6940993 ], [ 78.2334693, 15.6954639 ], [ 78.2452045, 15.7031113 ], [ 78.273387, 15.7019809 ], [ 78.265469, 15.6658348 ], [ 78.2690513, 15.6432844 ], [ 78.2680149, 15.6403923 ], [ 78.2540016, 15.6350785 ], [ 78.2320455, 15.6309269 ], [ 78.2252332, 15.6209571 ], [ 78.2166521, 15.6183407 ], [ 78.2182277, 15.6120164 ], [ 78.2132704, 15.6023603 ], [ 78.2195283, 15.5906228 ], [ 78.2120492, 15.5876607 ], [ 78.2068528, 15.5923129 ], [ 78.1920436, 15.5940784 ], [ 78.1870159, 15.5862121 ], [ 78.1914164, 15.5813979 ], [ 78.1851352, 15.5786199 ], [ 78.1811667, 15.5704077 ], [ 78.1825835, 15.5637608 ], [ 78.1793798, 15.5640061 ], [ 78.1792293, 15.5613132 ], [ 78.1816089, 15.5557262 ], [ 78.1894411, 15.5522705 ], [ 78.189449, 15.5435773 ], [ 78.1687742, 15.5401478 ], [ 78.1584565, 15.5328329 ], [ 78.1393681, 15.5310916 ], [ 78.1408543, 15.5398965 ], [ 78.1376737, 15.5437146 ], [ 78.1488489, 15.5676305 ], [ 78.1369912, 15.5790863 ], [ 78.1146373, 15.5788486 ], [ 78.082204, 15.5701889 ], [ 78.0761264, 15.5562425 ], [ 78.0782185, 15.545004 ], [ 78.074886, 15.5302161 ], [ 78.0702156, 15.5306328 ], [ 78.0703215, 15.5357044 ], [ 78.065018, 15.5344809 ], [ 78.0552438, 15.5424551 ], [ 78.0510019, 15.5413928 ], [ 78.0571535, 15.508595 ], [ 78.0557419, 15.5035264 ], [ 78.0480269, 15.4978329 ], [ 78.0536464, 15.4809051 ], [ 78.0519914, 15.4778147 ], [ 78.0290792, 15.4693973 ], [ 78.0319511, 15.4683499 ], [ 78.0309304, 15.4626751 ], [ 78.0351538, 15.4613178 ], [ 78.0273095, 15.4598284 ], [ 78.0288885, 15.4528679 ], [ 77.9983932, 15.4570091 ], [ 77.9966783, 15.4410044 ], [ 77.9995396, 15.4326345 ], [ 77.9891381, 15.4266085 ], [ 77.9724316, 15.4309683 ], [ 77.9508287, 15.4250999 ], [ 77.9465745, 15.4176217 ], [ 77.9401354, 15.4161732 ], [ 77.925962, 15.4362458 ], [ 77.9069725, 15.445272 ], [ 77.9111681, 15.4553828 ], [ 77.908523, 15.467246 ], [ 77.8982726, 15.4639854 ], [ 77.8944396, 15.4660684 ], [ 77.8738616, 15.4873252 ], [ 77.8672901, 15.4756779 ], [ 77.8505653, 15.4658661 ], [ 77.8439089, 15.469428 ], [ 77.8508184, 15.4849883 ], [ 77.8444889, 15.4881292 ], [ 77.8154931, 15.4893275 ], [ 77.8164859, 15.4845502 ], [ 77.8083294, 15.4768927 ], [ 77.8066188, 15.4682137 ], [ 77.7958988, 15.4635988 ], [ 77.8050827, 15.4532181 ], [ 77.7959912, 15.4485924 ], [ 77.8002964, 15.4457889 ], [ 77.7994775, 15.441192 ], [ 77.7922903, 15.4405934 ], [ 77.7941629, 15.43253 ], [ 77.7907886, 15.4276155 ], [ 77.7917345, 15.4215124 ], [ 77.7785545, 15.40302 ], [ 77.7756421, 15.40732 ], [ 77.7656529, 15.4074847 ], [ 77.7647003, 15.4126648 ], [ 77.7601766, 15.4110458 ], [ 77.7509572, 15.4202479 ], [ 77.7444904, 15.4148354 ], [ 77.7459914, 15.4071341 ], [ 77.7348639, 15.3909316 ], [ 77.7291878, 15.3857507 ], [ 77.7176687, 15.3833782 ], [ 77.7158125, 15.3777769 ], [ 77.6928246, 15.3854056 ], [ 77.6811446, 15.3927492 ], [ 77.6771672, 15.3842695 ], [ 77.6710451, 15.3807365 ], [ 77.6723917, 15.3739066 ], [ 77.667501, 15.3579334 ], [ 77.6524102, 15.3369378 ], [ 77.6644471, 15.330546 ], [ 77.6763018, 15.3175883 ], [ 77.6888403, 15.3177694 ], [ 77.6883369, 15.2990012 ], [ 77.6789128, 15.2695891 ], [ 77.6785842, 15.2628681 ], [ 77.6814899, 15.2623281 ], [ 77.6793881, 15.2541586 ], [ 77.6838861, 15.2451276 ], [ 77.6800114, 15.2463422 ], [ 77.6748203, 15.2418493 ], [ 77.6733602, 15.2370716 ], [ 77.6802119, 15.2361547 ], [ 77.6745614, 15.2305702 ], [ 77.6633424, 15.2342775 ], [ 77.6517147, 15.2326689 ], [ 77.6487258, 15.2299464 ], [ 77.6497468, 15.2250167 ], [ 77.6376619, 15.2218814 ], [ 77.6351373, 15.2070073 ], [ 77.6154701, 15.2064994 ], [ 77.6104031, 15.1955569 ], [ 77.6114677, 15.1835134 ], [ 77.5955066, 15.1835564 ], [ 77.5821649, 15.1879041 ], [ 77.5747658, 15.1954046 ], [ 77.5755035, 15.1993995 ], [ 77.5729199, 15.1974007 ], [ 77.566396, 15.2029863 ], [ 77.5416078, 15.2089087 ], [ 77.5270412, 15.2239552 ], [ 77.5016463, 15.2213612 ], [ 77.4965323, 15.2154583 ], [ 77.4856053, 15.213258 ], [ 77.4810379, 15.2079052 ], [ 77.4671331, 15.2174299 ], [ 77.4511443, 15.2218218 ], [ 77.4502878, 15.2148079 ], [ 77.4463759, 15.2135391 ], [ 77.4502238, 15.2050101 ], [ 77.4341493, 15.2101639 ], [ 77.4329757, 15.2204185 ], [ 77.4259843, 15.2231215 ], [ 77.4089459, 15.2253957 ], [ 77.406305, 15.2190835 ], [ 77.3949798, 15.2170762 ], [ 77.3630075, 15.2229033 ], [ 77.3621298, 15.2127044 ], [ 77.3536062, 15.197959 ], [ 77.3514659, 15.1775286 ], [ 77.3308071, 15.1745637 ], [ 77.3163756, 15.1774129 ], [ 77.3100388, 15.1543719 ], [ 77.2997518, 15.154112 ], [ 77.2918282, 15.1309017 ], [ 77.2711065, 15.1307209 ], [ 77.2641327, 15.1426676 ], [ 77.2298186, 15.1437572 ], [ 77.1999283, 15.1597232 ], [ 77.1879702, 15.1571102 ], [ 77.1802527, 15.1429724 ], [ 77.1603602, 15.1466138 ], [ 77.1572789, 15.140469 ], [ 77.148933, 15.1399276 ], [ 77.1377869, 15.1435344 ], [ 77.1347211, 15.1482928 ], [ 77.1407558, 15.1585863 ], [ 77.1628316, 15.1573595 ], [ 77.1648665, 15.1682043 ], [ 77.1691336, 15.1713486 ], [ 77.1661868, 15.1883398 ], [ 77.1548178, 15.2148214 ], [ 77.1516579, 15.2146998 ], [ 77.1476565, 15.2239094 ], [ 77.1251204, 15.2269393 ], [ 77.126271, 15.2400168 ], [ 77.1362178, 15.2409594 ], [ 77.1437775, 15.2572136 ], [ 77.1676717, 15.2584956 ], [ 77.166931, 15.2685842 ], [ 77.1592602, 15.2678416 ], [ 77.1528533, 15.2740625 ], [ 77.1471355, 15.2729214 ], [ 77.1519442, 15.2756841 ], [ 77.1515776, 15.292435 ], [ 77.1183752, 15.2948506 ], [ 77.1169862, 15.3257469 ], [ 77.1125876, 15.3274315 ], [ 77.113101, 15.3336782 ], [ 77.1014476, 15.3336771 ], [ 77.0743891, 15.3258881 ], [ 77.0637273, 15.3280183 ], [ 77.0648964, 15.3435521 ], [ 77.0447433, 15.3556906 ], [ 77.0418289, 15.3619222 ], [ 77.041346, 15.370989 ], [ 77.0474224, 15.3834014 ], [ 77.0472484, 15.3900219 ], [ 77.0292286, 15.4043603 ], [ 77.0348406, 15.4302862 ], [ 77.0275044, 15.4397406 ], [ 77.0086273, 15.4512617 ], [ 76.996305, 15.4790734 ], [ 76.9770987, 15.4897648 ], [ 76.9741719, 15.5084227 ], [ 76.9745308, 15.5105065 ], [ 77.0147918, 15.5018272 ], [ 77.0288368, 15.5004573 ], [ 77.0300398, 15.5026479 ], [ 77.0313152, 15.5440753 ], [ 77.026239, 15.5817359 ], [ 77.0329132, 15.6049827 ], [ 77.0304324, 15.6344927 ], [ 77.0717251, 15.6466532 ], [ 77.0831894, 15.6591454 ], [ 77.1013605, 15.6485026 ], [ 77.1074658, 15.6400308 ], [ 77.106249, 15.6374416 ], [ 77.1214232, 15.6310849 ], [ 77.1288837, 15.6658647 ], [ 77.120139, 15.6676087 ], [ 77.1213723, 15.6710891 ], [ 77.1092288, 15.6814621 ], [ 77.0786939, 15.695144 ], [ 77.0825692, 15.6986964 ], [ 77.0874075, 15.7154885 ], [ 77.0788658, 15.7162549 ], [ 77.0796887, 15.7275108 ], [ 77.049098, 15.7302582 ], [ 77.0493834, 15.740041 ], [ 77.0459465, 15.7403675 ], [ 77.0479913, 15.7562169 ], [ 77.0543089, 15.756174 ], [ 77.0564575, 15.7628261 ], [ 77.0510583, 15.7645187 ], [ 77.0523115, 15.7698735 ], [ 77.05695, 15.7687048 ], [ 77.0609431, 15.7862561 ], [ 77.0664126, 15.7850468 ], [ 77.0671724, 15.7877356 ], [ 77.0671166, 15.8026919 ], [ 77.0637329, 15.8031879 ], [ 77.0654709, 15.827349 ], [ 77.0588842, 15.8299949 ], [ 77.0425576, 15.8288368 ], [ 77.0406937, 15.8327445 ], [ 77.0358548, 15.8295525 ], [ 77.0251855, 15.8375092 ], [ 77.0336893, 15.8588857 ], [ 77.0558937, 15.8815425 ], [ 77.0724445, 15.910261 ], [ 77.1025549, 15.9287247 ], [ 77.1373266, 15.9381833 ], [ 77.1488811, 15.9477798 ], [ 77.1740918, 15.9507717 ], [ 77.1852882, 15.9567425 ], [ 77.2354713, 15.957139 ], [ 77.2479048, 15.9645021 ] ] ] } },
{ "type": "Feature", "properties": { "district": "Anantapur", "state": "Andhra Pradesh" }, "geometry": { "type": "Polygon", "coordinates": [ [ [ 77.6516219, 15.2326405 ], [ 77.6754281, 15.2302199 ], [ 77.6787967, 15.2170536 ], [ 77.6887362, 15.2134775 ], [ 77.6880229, 15.2092436 ], [ 77.6909659, 15.2069943 ], [ 77.6978104, 15.2058416 ], [ 77.6930468, 15.1839824 ], [ 77.7025601, 15.1801197 ], [ 77.7117302, 15.1867451 ], [ 77.7173123, 15.1792385 ], [ 77.7164629, 15.1723797 ], [ 77.7332526, 15.1686071 ], [ 77.729826, 15.1518321 ], [ 77.7466001, 15.140971 ], [ 77.7480228, 15.1303565 ], [ 77.7740223, 15.1242042 ], [ 77.7707787, 15.1139136 ], [ 77.7793632, 15.110542 ], [ 77.78473, 15.1129993 ], [ 77.7887132, 15.1069947 ], [ 77.7916953, 15.1061193 ], [ 77.7963304, 15.118915 ], [ 77.8111771, 15.1285802 ], [ 77.8097978, 15.1351975 ], [ 77.8156822, 15.1428527 ], [ 77.8388433, 15.1448697 ], [ 77.8427216, 15.1295729 ], [ 77.8543669, 15.1351105 ], [ 77.8754395, 15.1351615 ], [ 77.8812603, 15.1495981 ], [ 77.8806536, 15.1624309 ], [ 77.8851562, 15.1713108 ], [ 77.8846417, 15.1785589 ], [ 77.9192748, 15.1740108 ], [ 77.9181601, 15.1698361 ], [ 77.9235774, 15.1614674 ], [ 77.9204318, 15.1530392 ], [ 77.9246625, 15.1524758 ], [ 77.9243811, 15.1483114 ], [ 77.9136899, 15.1443949 ], [ 77.909423, 15.1395212 ], [ 77.9113553, 15.1355921 ], [ 77.9085871, 15.1336359 ], [ 77.9147592, 15.1319886 ], [ 77.9149673, 15.128875 ], [ 77.9070619, 15.1306321 ], [ 77.9062913, 15.1226083 ], [ 77.911983, 15.1231351 ], [ 77.9327284, 15.112367 ], [ 77.9364664, 15.1145653 ], [ 77.9612585, 15.1086332 ], [ 77.9646971, 15.1226362 ], [ 77.9743982, 15.1388808 ], [ 77.9932346, 15.1331492 ], [ 77.9969581, 15.1243696 ], [ 78.0064287, 15.1224557 ], [ 78.0141171, 15.111882 ], [ 78.0136666, 15.1021167 ], [ 78.0065236, 15.0940905 ], [ 78.0056585, 15.0817876 ], [ 77.9975932, 15.0813075 ], [ 77.9959508, 15.076815 ], [ 77.9985368, 15.0721603 ], [ 77.9950518, 15.0639238 ], [ 78.0044751, 15.0529416 ], [ 78.0105662, 15.050793 ], [ 78.0113241, 15.0270447 ], [ 78.0215862, 15.0168587 ], [ 78.0266178, 15.0163707 ], [ 78.0263171, 15.0113651 ], [ 78.0339187, 14.999474 ], [ 78.0546684, 14.9920593 ], [ 78.0598984, 15.0030283 ], [ 78.0655197, 14.994998 ], [ 78.0885194, 14.9822242 ], [ 78.0872829, 14.9721609 ], [ 78.1337811, 14.9612241 ], [ 78.1372547, 14.9452761 ], [ 78.1350918, 14.9397887 ], [ 78.1310844, 14.9341404 ], [ 78.1262313, 14.9331179 ], [ 78.1233876, 14.9367806 ], [ 78.1130172, 14.9315665 ], [ 78.0941984, 14.8842287 ], [ 78.0890385, 14.8575826 ], [ 78.1135273, 14.850617 ], [ 78.1011926, 14.8170388 ], [ 78.0761772, 14.8270947 ], [ 78.0751805, 14.8161754 ], [ 78.0655392, 14.7971881 ], [ 78.0459836, 14.7719892 ], [ 78.0762828, 14.7523432 ], [ 78.07759, 14.744969 ], [ 78.0633609, 14.7184043 ], [ 78.0661708, 14.7158367 ], [ 78.0781406, 14.7180234 ], [ 78.0937696, 14.7134907 ], [ 78.0977923, 14.7073956 ], [ 78.0964579, 14.7009364 ], [ 78.1092352, 14.7012177 ], [ 78.1094397, 14.6923025 ], [ 78.1189251, 14.6927719 ], [ 78.1192825, 14.6970719 ], [ 78.1345603, 14.6952953 ], [ 78.1295189, 14.6492856 ], [ 78.1193385, 14.6340672 ], [ 78.1239085, 14.6297778 ], [ 78.1217707, 14.6236716 ], [ 78.1124157, 14.6253834 ], [ 78.1130698, 14.6281537 ], [ 78.0880901, 14.6303603 ], [ 78.0738749, 14.5875684 ], [ 78.0645332, 14.5723393 ], [ 78.0392193, 14.5660258 ], [ 78.0386887, 14.5556013 ], [ 78.0442403, 14.546618 ], [ 78.0434783, 14.5414 ], [ 78.0406024, 14.5336883 ], [ 78.0330928, 14.5306069 ], [ 78.0141714, 14.5377545 ], [ 77.9876017, 14.5402194 ], [ 77.9828687, 14.5455799 ], [ 77.984974, 14.5553271 ], [ 77.9805097, 14.5680479 ], [ 77.9885331, 14.5698397 ], [ 77.9853157, 14.5720395 ], [ 77.9873781, 14.5844903 ], [ 77.9819435, 14.5953141 ], [ 77.9904041, 14.6118978 ], [ 77.9829286, 14.6206353 ], [ 77.9698902, 14.6226809 ], [ 77.9580718, 14.6328169 ], [ 77.9499193, 14.6351374 ], [ 77.9430977, 14.6332503 ], [ 77.9223669, 14.641399 ], [ 77.8979745, 14.6442052 ], [ 77.8936275, 14.6477328 ], [ 77.8844782, 14.6473253 ], [ 77.8785752, 14.6430643 ], [ 77.8698148, 14.6536768 ], [ 77.86071, 14.6425288 ], [ 77.8500061, 14.6371532 ], [ 77.8535774, 14.6340237 ], [ 77.8556531, 14.6140987 ], [ 77.8399386, 14.6119785 ], [ 77.8551497, 14.6079469 ], [ 77.8519166, 14.5996174 ], [ 77.8457939, 14.5979124 ], [ 77.8248961, 14.6047921 ], [ 77.8174195, 14.6003285 ], [ 77.8042955, 14.6151874 ], [ 77.7989425, 14.6112975 ], [ 77.7946098, 14.6119924 ], [ 77.7733448, 14.594733 ], [ 77.7606381, 14.5932067 ], [ 77.7580696, 14.5959588 ], [ 77.7368304, 14.5923566 ], [ 77.7339846, 14.5885301 ], [ 77.7382487, 14.5857419 ], [ 77.7359638, 14.5760574 ], [ 77.7284876, 14.5737838 ], [ 77.7205191, 14.5792 ], [ 77.7143401, 14.5754734 ], [ 77.7040204, 14.545885 ], [ 77.6933445, 14.5368707 ], [ 77.6782465, 14.536673 ], [ 77.6684677, 14.540765 ], [ 77.6543276, 14.5355547 ], [ 77.6495724, 14.517805 ], [ 77.6601434, 14.5167003 ], [ 77.6769994, 14.5050801 ], [ 77.6765407, 14.497468 ], [ 77.6672112, 14.4866743 ], [ 77.6559597, 14.4821187 ], [ 77.6445632, 14.4886197 ], [ 77.6361981, 14.4894285 ], [ 77.627547, 14.4801918 ], [ 77.616049, 14.477553 ], [ 77.6093516, 14.4595747 ], [ 77.5849426, 14.4598299 ], [ 77.5805657, 14.4586473 ], [ 77.5806711, 14.4541579 ], [ 77.5731504, 14.4551752 ], [ 77.5712728, 14.4521218 ], [ 77.5685335, 14.4526374 ], [ 77.5708592, 14.4618069 ], [ 77.547608, 14.4592739 ], [ 77.5433241, 14.4614832 ], [ 77.5312813, 14.4747908 ], [ 77.5315282, 14.4841942 ], [ 77.517602, 14.488467 ], [ 77.4912703, 14.4715249 ], [ 77.4861481, 14.4748114 ], [ 77.4881328, 14.4816891 ], [ 77.4782104, 14.4964495 ], [ 77.4717589, 14.5146122 ], [ 77.478209, 14.532508 ], [ 77.4741622, 14.5529253 ], [ 77.4727468, 14.5556362 ], [ 77.469402, 14.5545525 ], [ 77.471345, 14.5641761 ], [ 77.469151, 14.5670974 ], [ 77.4619018, 14.5681143 ], [ 77.4472823, 14.5595502 ], [ 77.4156554, 14.5502795 ], [ 77.4073952, 14.5491542 ], [ 77.3982035, 14.5535951 ], [ 77.3901002, 14.5534255 ], [ 77.3805852, 14.5446655 ], [ 77.3558749, 14.5384005 ], [ 77.357606, 14.5290071 ], [ 77.3770092, 14.4975406 ], [ 77.3587298, 14.4830786 ], [ 77.3629798, 14.4614632 ], [ 77.3528185, 14.4600164 ], [ 77.3408589, 14.4522735 ], [ 77.3326272, 14.4518338 ], [ 77.3345856, 14.4451412 ], [ 77.3245013, 14.4356938 ], [ 77.3188459, 14.4099781 ], [ 77.3162201, 14.3806384 ], [ 77.3171622, 14.3770006 ], [ 77.3214921, 14.3774806 ], [ 77.3186561, 14.3724997 ], [ 77.3260608, 14.3680047 ], [ 77.3271202, 14.3570276 ], [ 77.3320861, 14.351637 ], [ 77.3258298, 14.3442061 ], [ 77.3290474, 14.341459 ], [ 77.3278849, 14.3368491 ], [ 77.3167333, 14.3339769 ], [ 77.3192416, 14.3313337 ], [ 77.3197148, 14.3112139 ], [ 77.3329984, 14.3084282 ], [ 77.3332958, 14.3044241 ], [ 77.3414948, 14.3017048 ], [ 77.3458975, 14.3022883 ], [ 77.3457254, 14.306663 ], [ 77.349192, 14.3077255 ], [ 77.3500645, 14.2975752 ], [ 77.356933, 14.2941365 ], [ 77.3570486, 14.2765811 ], [ 77.339062, 14.2768955 ], [ 77.3053366, 14.2834326 ], [ 77.2835369, 14.2827365 ], [ 77.2888335, 14.3054744 ], [ 77.2865667, 14.340099 ], [ 77.2693095, 14.3321109 ], [ 77.2585848, 14.3309171 ], [ 77.2538697, 14.3222326 ], [ 77.2473358, 14.3178076 ], [ 77.2382007, 14.31736 ], [ 77.2286689, 14.3211964 ], [ 77.213466, 14.3187846 ], [ 77.1974215, 14.3211758 ], [ 77.1840437, 14.3324726 ], [ 77.1810444, 14.3303764 ], [ 77.1786771, 14.3354835 ], [ 77.1693189, 14.3354401 ], [ 77.1669145, 14.342079 ], [ 77.1578898, 14.3420306 ], [ 77.1526564, 14.3391435 ], [ 77.13921, 14.3401386 ], [ 77.1356968, 14.3365111 ], [ 77.1363264, 14.3230248 ], [ 77.1305884, 14.3068419 ], [ 77.1156432, 14.2924797 ], [ 77.1155192, 14.274236 ], [ 77.1101862, 14.2681619 ], [ 77.1111922, 14.2615776 ], [ 77.1204824, 14.2629293 ], [ 77.1153304, 14.254528 ], [ 77.1183194, 14.2448146 ], [ 77.1156464, 14.2375793 ], [ 77.1166663, 14.2263809 ], [ 77.1077581, 14.2199088 ], [ 77.0811724, 14.2141521 ], [ 77.0758938, 14.2233565 ], [ 77.0618038, 14.2294583 ], [ 77.057727, 14.2438009 ], [ 77.0524631, 14.245503 ], [ 77.0360518, 14.2467445 ], [ 77.0303591, 14.242266 ], [ 77.0056639, 14.2357853 ], [ 76.9855966, 14.2473345 ], [ 76.9519391, 14.2419015 ], [ 76.9400559, 14.2446074 ], [ 76.935797, 14.2593652 ], [ 76.9248974, 14.2737836 ], [ 76.9281839, 14.2793009 ], [ 76.9371137, 14.2803382 ], [ 76.9567245, 14.2943465 ], [ 76.9456497, 14.3131811 ], [ 76.9271688, 14.3145297 ], [ 76.9033746, 14.3227042 ], [ 76.8922842, 14.3412628 ], [ 76.8846415, 14.347542 ], [ 76.8820066, 14.3597102 ], [ 76.8848179, 14.3957087 ], [ 76.8986347, 14.39795 ], [ 76.9158728, 14.4206414 ], [ 76.9427346, 14.3993691 ], [ 76.9477935, 14.4131566 ], [ 76.9447908, 14.4508963 ], [ 76.9598, 14.4502134 ], [ 76.9716671, 14.4681365 ], [ 76.9748362, 14.4849364 ], [ 76.9433912, 14.4894814 ], [ 76.9006881, 14.4892081 ], [ 76.8865088, 14.4835285 ], [ 76.8842746, 14.4770757 ], [ 76.8679616, 14.4740384 ], [ 76.8556025, 14.5095914 ], [ 76.8354918, 14.5212975 ], [ 76.8310086, 14.5303618 ], [ 76.8234618, 14.5268217 ], [ 76.8125448, 14.531731 ], [ 76.8062822, 14.5310649 ], [ 76.8028176, 14.5421987 ], [ 76.7913629, 14.5546536 ], [ 76.7833671, 14.5804361 ], [ 76.7818427, 14.596496 ], [ 76.780234, 14.5930564 ], [ 76.7650684, 14.6023384 ], [ 76.7725274, 14.6391107 ], [ 76.7752709, 14.68096 ], [ 76.7862194, 14.6957803 ], [ 76.7865085, 14.7084298 ], [ 76.8029437, 14.7418842 ], [ 76.7895295, 14.760058 ], [ 76.7889846, 14.7722796 ], [ 76.7826869, 14.785938 ], [ 76.8176623, 14.7876021 ], [ 76.8203362, 14.7888802 ], [ 76.8190753, 14.7931172 ], [ 76.8367484, 14.7907748 ], [ 76.8373681, 14.8105641 ], [ 76.8539773, 14.8094442 ], [ 76.8545635, 14.8180924 ], [ 76.8460102, 14.8220607 ], [ 76.845497, 14.8340513 ], [ 76.841789, 14.8365524 ], [ 76.854064, 14.8432275 ], [ 76.8571935, 14.8691069 ], [ 76.8538809, 14.8691766 ], [ 76.8524746, 14.886975 ], [ 76.8454795, 14.889294 ], [ 76.847333, 14.895983 ], [ 76.8638437, 14.8955819 ], [ 76.8696215, 14.9377101 ], [ 76.8660907, 14.9575306 ], [ 76.8674588, 14.9698223 ], [ 76.8419375, 14.9664053 ], [ 76.8341147, 14.9564554 ], [ 76.8285035, 14.9564573 ], [ 76.8182792, 14.9694381 ], [ 76.7962696, 14.9691685 ], [ 76.777607, 14.9754469 ], [ 76.7665387, 14.9756168 ], [ 76.7605691, 14.9898576 ], [ 76.7750249, 14.9930627 ], [ 76.7787373, 15.0045642 ], [ 76.7871183, 15.0079298 ], [ 76.7901302, 15.0207147 ], [ 76.7857196, 15.0276765 ], [ 76.7834004, 15.0426153 ], [ 76.7803471, 15.0426856 ], [ 76.773606, 15.059122 ], [ 76.7752411, 15.0722544 ], [ 76.77989, 15.0760388 ], [ 76.7766938, 15.0784006 ], [ 76.7821453, 15.077329 ], [ 76.7860243, 15.0878146 ], [ 76.7923498, 15.0875685 ], [ 76.800235, 15.0958321 ], [ 76.8237652, 15.0800136 ], [ 76.8360159, 15.0792345 ], [ 76.8613982, 15.0619864 ], [ 76.8608719, 15.0598059 ], [ 76.8658851, 15.0596846 ], [ 76.8651878, 15.0552243 ], [ 76.8691731, 15.0534161 ], [ 76.8778416, 15.0354586 ], [ 76.8771703, 15.0302405 ], [ 76.8949768, 15.0370713 ], [ 76.9072196, 15.0325195 ], [ 76.9183659, 15.035523 ], [ 76.9222245, 15.0312835 ], [ 76.9496026, 15.0303729 ], [ 76.9659185, 15.0180393 ], [ 76.9852222, 15.0151888 ], [ 76.986033, 15.0264863 ], [ 77.0030337, 15.0309131 ], [ 77.0040782, 15.0338329 ], [ 77.0359488, 15.0312769 ], [ 77.0495625, 15.0330761 ], [ 77.0504305, 15.0244725 ], [ 77.0441175, 15.0098427 ], [ 77.0690202, 15.0047624 ], [ 77.0824513, 15.0060806 ], [ 77.0847476, 15.0307087 ], [ 77.0908529, 15.0293315 ], [ 77.0936556, 15.0361374 ], [ 77.1129292, 15.0340564 ], [ 77.1152719, 15.0463975 ], [ 77.1195035, 15.0456928 ], [ 77.1282129, 15.0723134 ], [ 77.1301199, 15.1007685 ], [ 77.142083, 15.1045684 ], [ 77.1501676, 15.1116081 ], [ 77.1563276, 15.1229316 ], [ 77.1581734, 15.1458956 ], [ 77.1802527, 15.1429724 ], [ 77.1879702, 15.1571102 ], [ 77.2022033, 15.1595371 ], [ 77.2298186, 15.1437572 ], [ 77.2641327, 15.1426676 ], [ 77.2711065, 15.1307209 ], [ 77.2918282, 15.1309017 ], [ 77.2997518, 15.154112 ], [ 77.3100388, 15.1543719 ], [ 77.3163756, 15.1774129 ], [ 77.3308071, 15.1745637 ], [ 77.3514659, 15.1775286 ], [ 77.3536062, 15.197959 ], [ 77.3621298, 15.2127044 ], [ 77.3630075, 15.2229033 ], [ 77.3949798, 15.2170762 ], [ 77.406305, 15.2190835 ], [ 77.4089459, 15.2253957 ], [ 77.4259843, 15.2231215 ], [ 77.4329757, 15.2204185 ], [ 77.4341493, 15.2101639 ], [ 77.4502238, 15.2050101 ], [ 77.4463759, 15.2135391 ], [ 77.4502878, 15.2148079 ], [ 77.4511443, 15.2218218 ], [ 77.4671331, 15.2174299 ], [ 77.4810379, 15.2079052 ], [ 77.4856053, 15.213258 ], [ 77.4965323, 15.2154583 ], [ 77.5016463, 15.2213612 ], [ 77.5270412, 15.2239552 ], [ 77.5416078, 15.2089087 ], [ 77.566396, 15.2029863 ], [ 77.5729199, 15.1974007 ], [ 77.5755035, 15.1993995 ], [ 77.5747658, 15.1954046 ], [ 77.5821649, 15.1879041 ], [ 77.5955066, 15.1835564 ], [ 77.6114028, 15.18349 ], [ 77.6104031, 15.1955569 ], [ 77.6154056, 15.2064442 ], [ 77.6344347, 15.2066314 ], [ 77.6376619, 15.2218814 ], [ 77.6497468, 15.2250167 ], [ 77.6487258, 15.2299464 ], [ 77.6516219, 15.2326405 ] ] ] } },
{ "type": "Feature", "properties": { "district": "Y.S.R.", "state": "Andhra Pradesh" }, "geometry": { "type": "Polygon", "coordinates": [ [ [ 78.9270045, 15.2284512 ], [ 78.9477471, 15.2283787 ], [ 78.9475935, 15.2033178 ], [ 78.9547428, 15.191901 ], [ 78.9573535, 15.1759509 ], [ 78.9813667, 15.1645882 ], [ 78.9915571, 15.1686277 ], [ 78.9997101, 15.1656769 ], [ 79.0025173, 15.1689403 ], [ 79.0100506, 15.1675183 ], [ 79.0114729, 15.175463 ], [ 79.0167998, 15.1794474 ], [ 79.0831873, 15.17347 ], [ 79.0734083, 15.1650815 ], [ 79.0720641, 15.1428551 ], [ 79.0756955, 15.1040723 ], [ 79.0891614, 15.0481665 ], [ 79.0840706, 15.0148754 ], [ 79.0871379, 15.0025721 ], [ 79.0814058, 14.9825969 ], [ 79.0927843, 14.9326839 ], [ 79.1041037, 14.8983767 ], [ 79.1117566, 14.8985765 ], [ 79.1083138, 14.8948095 ], [ 79.1343372, 14.8654998 ], [ 79.1419781, 14.8420523 ], [ 79.1505697, 14.7932918 ], [ 79.1605053, 14.7803545 ], [ 79.1716782, 14.7377696 ], [ 79.1783006, 14.7305897 ], [ 79.1863176, 14.7105401 ], [ 79.1839078, 14.6885171 ], [ 79.1739991, 14.6822735 ], [ 79.1788205, 14.6788083 ], [ 79.1823191, 14.6681453 ], [ 79.1790519, 14.6635261 ], [ 79.1872669, 14.6588161 ], [ 79.1816135, 14.6435062 ], [ 79.1888572, 14.6161858 ], [ 79.2004276, 14.6135537 ], [ 79.2025442, 14.6044149 ], [ 79.2098098, 14.60247 ], [ 79.2127209, 14.5938876 ], [ 79.219668, 14.5879297 ], [ 79.229424, 14.6023317 ], [ 79.2354815, 14.5990086 ], [ 79.2417461, 14.5929781 ], [ 79.2485968, 14.5704243 ], [ 79.2548845, 14.560505 ], [ 79.2675954, 14.5507274 ], [ 79.278161, 14.5324994 ], [ 79.2879165, 14.4998653 ], [ 79.2927328, 14.4938975 ], [ 79.2929249, 14.4846488 ], [ 79.2817689, 14.4714892 ], [ 79.2802527, 14.4538424 ], [ 79.284563, 14.4454848 ], [ 79.2736352, 14.4472343 ], [ 79.2425586, 14.4406603 ], [ 79.231615, 14.4133958 ], [ 79.2026473, 14.3944871 ], [ 79.2059168, 14.3881459 ], [ 79.1825608, 14.3828149 ], [ 79.1651357, 14.3563777 ], [ 79.1568201, 14.355746 ], [ 79.1410295, 14.3706729 ], [ 79.1207626, 14.3698671 ], [ 79.1247969, 14.3639121 ], [ 79.1207682, 14.3589937 ], [ 79.1312541, 14.3373289 ], [ 79.1403122, 14.3302715 ], [ 79.1551587, 14.3263116 ], [ 79.1561888, 14.3151782 ], [ 79.1459364, 14.2941028 ], [ 79.1345688, 14.2960998 ], [ 79.1367546, 14.2991748 ], [ 79.1178034, 14.305602 ], [ 79.1003207, 14.3054365 ], [ 79.0951564, 14.304665 ], [ 79.0902545, 14.2956533 ], [ 79.0810521, 14.2955823 ], [ 79.0710177, 14.2776786 ], [ 79.0580694, 14.2835307 ], [ 79.0456842, 14.2845304 ], [ 79.0400813, 14.2810916 ], [ 79.0262346, 14.2897929 ], [ 78.998619, 14.2772637 ], [ 78.9935707, 14.2698854 ], [ 78.9695968, 14.282282 ], [ 78.9385924, 14.2704467 ], [ 78.9283641, 14.2760172 ], [ 78.9112668, 14.2964774 ], [ 78.902125, 14.3212788 ], [ 78.8806523, 14.3229409 ], [ 78.8724783, 14.3097482 ], [ 78.8715451, 14.2974029 ], [ 78.8383772, 14.2979432 ], [ 78.8267108, 14.2914984 ], [ 78.8140149, 14.2906373 ], [ 78.8018165, 14.3005442 ], [ 78.7695476, 14.3160189 ], [ 78.7625812, 14.3141302 ], [ 78.7632394, 14.3093523 ], [ 78.7548969, 14.3063218 ], [ 78.7495869, 14.3054004 ], [ 78.7442838, 14.3095066 ], [ 78.7482835, 14.2996477 ], [ 78.7331289, 14.2931776 ], [ 78.701804, 14.2945075 ], [ 78.6834568, 14.2987532 ], [ 78.6692977, 14.2976455 ], [ 78.6656091, 14.2964911 ], [ 78.6766978, 14.288513 ], [ 78.6835841, 14.2689647 ], [ 78.6751288, 14.2465867 ], [ 78.6532889, 14.2487945 ], [ 78.6592087, 14.2650631 ], [ 78.6495163, 14.2735092 ], [ 78.6418999, 14.271005 ], [ 78.6191514, 14.2824217 ], [ 78.6107262, 14.2786794 ], [ 78.607343, 14.2829756 ], [ 78.6019907, 14.2822582 ], [ 78.6001206, 14.2761062 ], [ 78.5935074, 14.2734601 ], [ 78.5995797, 14.2496612 ], [ 78.6182185, 14.234206 ], [ 78.6164381, 14.2284804 ], [ 78.6268351, 14.210958 ], [ 78.6078594, 14.2019966 ], [ 78.5980252, 14.1911292 ], [ 78.5901409, 14.1892751 ], [ 78.5881569, 14.1765985 ], [ 78.5658453, 14.1713174 ], [ 78.5647611, 14.1603244 ], [ 78.5743182, 14.1643553 ], [ 78.5754805, 14.1594224 ], [ 78.5648996, 14.1515613 ], [ 78.5629684, 14.1431101 ], [ 78.5812563, 14.1328056 ], [ 78.576074, 14.1304897 ], [ 78.5761965, 14.1258307 ], [ 78.5650591, 14.1124514 ], [ 78.5566706, 14.1180552 ], [ 78.5489074, 14.1154427 ], [ 78.5496664, 14.1223414 ], [ 78.5425651, 14.1220087 ], [ 78.5468084, 14.1327579 ], [ 78.5644249, 14.1359358 ], [ 78.5550349, 14.1484472 ], [ 78.5474021, 14.155059 ], [ 78.5282991, 14.1540391 ], [ 78.5247604, 14.169122 ], [ 78.5175298, 14.1705805 ], [ 78.5087971, 14.167736 ], [ 78.4987151, 14.1714101 ], [ 78.4901872, 14.1641008 ], [ 78.4781648, 14.1649165 ], [ 78.4766032, 14.1599014 ], [ 78.4604111, 14.1475328 ], [ 78.447493, 14.1427502 ], [ 78.4387529, 14.1340491 ], [ 78.4382011, 14.1367877 ], [ 78.4249905, 14.1406448 ], [ 78.4199177, 14.1557711 ], [ 78.4202452, 14.1701462 ], [ 78.4236414, 14.1781774 ], [ 78.4302427, 14.1827996 ], [ 78.4293055, 14.1963261 ], [ 78.4232001, 14.1983409 ], [ 78.4143268, 14.1960286 ], [ 78.4058779, 14.2009944 ], [ 78.408471, 14.2268532 ], [ 78.4238289, 14.2733786 ], [ 78.4205029, 14.2829215 ], [ 78.4158887, 14.2777171 ], [ 78.3956122, 14.2767462 ], [ 78.3682964, 14.2876966 ], [ 78.3641743, 14.2868816 ], [ 78.3570839, 14.2926643 ], [ 78.3386194, 14.2882205 ], [ 78.3205092, 14.2934316 ], [ 78.3074187, 14.290248 ], [ 78.2944923, 14.2932458 ], [ 78.2849396, 14.2917437 ], [ 78.2772389, 14.3046382 ], [ 78.2532822, 14.3045957 ], [ 78.2511097, 14.3081216 ], [ 78.2472852, 14.3072306 ], [ 78.2288831, 14.3153198 ], [ 78.2198906, 14.322366 ], [ 78.2179477, 14.3284532 ], [ 78.1911785, 14.3435918 ], [ 78.1885239, 14.349766 ], [ 78.1708894, 14.354323 ], [ 78.1369134, 14.3785897 ], [ 78.106658, 14.392865 ], [ 78.0858225, 14.4149809 ], [ 78.0850445, 14.421379 ], [ 78.0635528, 14.4344921 ], [ 78.0005599, 14.4885816 ], [ 77.9980627, 14.5004485 ], [ 77.972497, 14.5320935 ], [ 77.9769189, 14.5377536 ], [ 77.9611682, 14.5600058 ], [ 77.9525107, 14.5621078 ], [ 77.9440516, 14.570452 ], [ 77.953902, 14.5796786 ], [ 77.9618664, 14.5817375 ], [ 77.9658965, 14.5883292 ], [ 77.9694507, 14.5749873 ], [ 77.9759623, 14.5682149 ], [ 77.9828785, 14.5668644 ], [ 77.9851793, 14.5523044 ], [ 77.9828687, 14.5455799 ], [ 77.9870402, 14.5405699 ], [ 78.0142924, 14.5377288 ], [ 78.0331715, 14.5306123 ], [ 78.0406024, 14.5336883 ], [ 78.0434783, 14.5414 ], [ 78.0442403, 14.546618 ], [ 78.0386887, 14.5556013 ], [ 78.0392193, 14.5660258 ], [ 78.0645332, 14.5723393 ], [ 78.0738749, 14.5875684 ], [ 78.0880901, 14.6303603 ], [ 78.1130698, 14.6281537 ], [ 78.1124157, 14.6253834 ], [ 78.1217935, 14.6237035 ], [ 78.1239085, 14.6297778 ], [ 78.1193385, 14.6340672 ], [ 78.1295189, 14.6492856 ], [ 78.1345603, 14.6952953 ], [ 78.1192825, 14.6970719 ], [ 78.1189251, 14.6927719 ], [ 78.1094397, 14.6923025 ], [ 78.1092352, 14.7012177 ], [ 78.0964579, 14.7009364 ], [ 78.0977923, 14.7073956 ], [ 78.0937696, 14.7134907 ], [ 78.0781406, 14.7180234 ], [ 78.0665551, 14.7155608 ], [ 78.0633854, 14.7183006 ], [ 78.07759, 14.744969 ], [ 78.0762828, 14.7523432 ], [ 78.0603127, 14.7647122 ], [ 78.0470579, 14.7704279 ], [ 78.0464933, 14.7740074 ], [ 78.0655392, 14.7971881 ], [ 78.0751805, 14.8161754 ], [ 78.0761772, 14.8270947 ], [ 78.1011926, 14.8170388 ], [ 78.1135273, 14.850617 ], [ 78.0890385, 14.8575826 ], [ 78.0891771, 14.8614246 ], [ 78.0941984, 14.8842287 ], [ 78.1130172, 14.9315665 ], [ 78.1233876, 14.9367806 ], [ 78.1262313, 14.9331179 ], [ 78.1310844, 14.9341404 ], [ 78.1368538, 14.9477002 ], [ 78.1513424, 14.9485859 ], [ 78.1528205, 14.9589317 ], [ 78.1584967, 14.9624139 ], [ 78.1793625, 14.9642368 ], [ 78.2104663, 14.9520455 ], [ 78.2203251, 14.9551238 ], [ 78.2244236, 14.9774775 ], [ 78.2357657, 15.0032468 ], [ 78.2438379, 14.9991863 ], [ 78.2600009, 15.0265301 ], [ 78.2836837, 15.0309776 ], [ 78.2834508, 15.037682 ], [ 78.2794129, 15.0408867 ], [ 78.2747318, 15.0545678 ], [ 78.2844574, 15.0705672 ], [ 78.301929, 15.073622 ], [ 78.3137499, 15.0686752 ], [ 78.3250615, 15.0732199 ], [ 78.3327242, 15.0662572 ], [ 78.3545453, 15.0617816 ], [ 78.3533309, 15.0544201 ], [ 78.3636196, 15.0519468 ], [ 78.3709598, 15.0716261 ], [ 78.3826756, 15.0692028 ], [ 78.3779831, 15.0563407 ], [ 78.3997749, 15.0485612 ], [ 78.3755225, 15.0360122 ], [ 78.3695512, 15.0260423 ], [ 78.3531237, 15.0309279 ], [ 78.3496114, 15.0153301 ], [ 78.3427028, 15.0027683 ], [ 78.359206, 14.9854981 ], [ 78.3921029, 14.9679708 ], [ 78.4009339, 14.9726809 ], [ 78.4096431, 14.9726319 ], [ 78.4135753, 15.0106867 ], [ 78.419277, 15.0314244 ], [ 78.4361095, 15.0322367 ], [ 78.4385716, 15.0366884 ], [ 78.4386968, 15.0335579 ], [ 78.457159, 15.0307143 ], [ 78.4612693, 15.0333094 ], [ 78.4593496, 15.0349098 ], [ 78.4616483, 15.0390114 ], [ 78.4668743, 15.0362851 ], [ 78.4678772, 15.0396957 ], [ 78.4741993, 15.0353471 ], [ 78.4824064, 15.0428654 ], [ 78.4851973, 15.0365606 ], [ 78.4858342, 15.0416772 ], [ 78.4885913, 15.0423909 ], [ 78.4861936, 15.0429559 ], [ 78.487379, 15.0499817 ], [ 78.4812049, 15.0502844 ], [ 78.4780143, 15.0610762 ], [ 78.4737907, 15.0626683 ], [ 78.4812372, 15.0631468 ], [ 78.4815338, 15.0710731 ], [ 78.5062698, 15.0694182 ], [ 78.5077559, 15.0646384 ], [ 78.515547, 15.0604472 ], [ 78.5121164, 15.0400138 ], [ 78.5152674, 15.0133654 ], [ 78.5083072, 15.0049332 ], [ 78.5157169, 15.0023574 ], [ 78.5165516, 14.996572 ], [ 78.5048207, 14.9545068 ], [ 78.4981545, 14.9554656 ], [ 78.4829542, 14.9222755 ], [ 78.4772377, 14.9021958 ], [ 78.4851568, 14.9004176 ], [ 78.4977561, 14.9215485 ], [ 78.5196339, 14.9430467 ], [ 78.5165114, 14.945993 ], [ 78.5195097, 14.9536641 ], [ 78.5229269, 14.9519641 ], [ 78.5281119, 14.9601033 ], [ 78.5371899, 14.9608122 ], [ 78.5401086, 14.9648553 ], [ 78.5514011, 14.9612879 ], [ 78.5468204, 14.9327093 ], [ 78.5531182, 14.9303256 ], [ 78.562453, 14.9307915 ], [ 78.5820142, 14.9458899 ], [ 78.5917883, 14.9389509 ], [ 78.5963057, 14.9505193 ], [ 78.6012887, 14.9542953 ], [ 78.6096972, 14.9480984 ], [ 78.6303063, 14.9443163 ], [ 78.6299811, 14.925534 ], [ 78.6602841, 14.9297697 ], [ 78.6661075, 14.9350757 ], [ 78.6844784, 14.9384862 ], [ 78.6916432, 14.9679793 ], [ 78.7179586, 14.96857 ], [ 78.7153781, 15.0009776 ], [ 78.7522311, 15.0367113 ], [ 78.7613556, 15.0533481 ], [ 78.7622484, 15.0587598 ], [ 78.757557, 15.0624928 ], [ 78.7550175, 15.0755689 ], [ 78.760284, 15.0795606 ], [ 78.7513536, 15.1010816 ], [ 78.7529538, 15.1298312 ], [ 78.7500042, 15.1343519 ], [ 78.758256, 15.1846526 ], [ 78.7774343, 15.1996218 ], [ 78.8713664, 15.1975463 ], [ 78.9033045, 15.1913549 ], [ 78.9058033, 15.1875522 ], [ 78.9193507, 15.1869532 ], [ 78.9270045, 15.2284512 ] ] ] } },
{ "type": "Feature", "properties": { "district": "Spsr Nellore", "state": "Andhra Pradesh" }, "geometry": { "type": "Polygon", "coordinates": [ [ [ 79.917904, 15.3094299 ], [ 79.9194567, 15.2963233 ], [ 79.9346479, 15.2974906 ], [ 79.9424923, 15.3132275 ], [ 79.9573541, 15.3141207 ], [ 79.954274, 15.287181 ], [ 79.9844682, 15.2701662 ], [ 79.975906, 15.2486449 ], [ 79.9769135, 15.2392994 ], [ 79.9712696, 15.2140814 ], [ 79.9763682, 15.2057636 ], [ 79.9767526, 15.1959914 ], [ 79.9895954, 15.1947521 ], [ 79.996074, 15.2000635 ], [ 80.0080351, 15.1956959 ], [ 80.0145413, 15.2127969 ], [ 80.0217433, 15.210231 ], [ 80.0397237, 15.2131337 ], [ 80.0670075, 15.2002075 ], [ 80.0714925, 15.2022879 ], [ 80.0694138, 15.2137708 ], [ 80.0757238, 15.2120469 ], [ 80.0895633, 15.215478 ], [ 80.0838985, 15.1916125 ], [ 80.0708504, 15.1826048 ], [ 80.0760313, 15.1792279 ], [ 80.0796503, 15.1810939 ], [ 80.0654987, 15.1531934 ], [ 80.0499996, 15.0992267 ], [ 80.046979, 15.0785983 ], [ 80.0504253, 15.0364803 ], [ 80.0640964, 14.9474481 ], [ 80.084375, 14.8832477 ], [ 80.0887526, 14.8236377 ], [ 80.0977247, 14.7795479 ], [ 80.1115186, 14.7410744 ], [ 80.1312334, 14.7210872 ], [ 80.1377267, 14.704187 ], [ 80.1420669, 14.7035071 ], [ 80.1711789, 14.6116598 ], [ 80.1931008, 14.5931839 ], [ 80.1955132, 14.585827 ], [ 80.1854155, 14.5469961 ], [ 80.1777641, 14.4961362 ], [ 80.1754866, 14.4498205 ], [ 80.1728986, 14.4492107 ], [ 80.1754243, 14.448143 ], [ 80.1731358, 14.4431525 ], [ 80.1716274, 14.3733379 ], [ 80.165534, 14.3420106 ], [ 80.1438743, 14.2896985 ], [ 80.1388226, 14.2581145 ], [ 80.1220417, 14.251427 ], [ 80.1016531, 14.2555712 ], [ 80.0984621, 14.2519439 ], [ 80.1060113, 14.2384996 ], [ 80.1029503, 14.2348545 ], [ 80.0978225, 14.2311693 ], [ 80.0711312, 14.2250043 ], [ 80.0683161, 14.213023 ], [ 80.0645429, 14.2092043 ], [ 80.057617, 14.2208535 ], [ 80.0532702, 14.2103877 ], [ 80.0478068, 14.2082376 ], [ 80.047874, 14.1990064 ], [ 80.041655, 14.1982064 ], [ 80.0303371, 14.2039452 ], [ 80.0285763, 14.1999992 ], [ 80.0340233, 14.1950792 ], [ 80.0236751, 14.1838265 ], [ 80.0201197, 14.1844197 ], [ 80.021614, 14.1923767 ], [ 80.0158888, 14.1980626 ], [ 80.0077664, 14.1958602 ], [ 80.0046293, 14.1846459 ], [ 79.9975707, 14.1908948 ], [ 79.9891567, 14.1815076 ], [ 79.989439, 14.1925072 ], [ 79.9864763, 14.1932414 ], [ 79.9823583, 14.1855054 ], [ 79.9759778, 14.1855528 ], [ 79.972715, 14.175337 ], [ 79.9756338, 14.1718904 ], [ 79.9740745, 14.165761 ], [ 79.9704075, 14.1666107 ], [ 79.9679644, 14.1602078 ], [ 79.9632886, 14.1606434 ], [ 79.9537008, 14.1529201 ], [ 79.9470056, 14.1616047 ], [ 79.9417111, 14.1612517 ], [ 79.9409918, 14.1500702 ], [ 79.9341339, 14.1423985 ], [ 79.9127848, 14.1494688 ], [ 79.9133744, 14.1522371 ], [ 79.905558, 14.1540866 ], [ 79.9020424, 14.160053 ], [ 79.8894698, 14.158091 ], [ 79.8559199, 14.1762588 ], [ 79.8574338, 14.1795319 ], [ 79.8479837, 14.1987475 ], [ 79.848176, 14.2094217 ], [ 79.8398239, 14.2168549 ], [ 79.817868, 14.225962 ], [ 79.8183971, 14.2434322 ], [ 79.8127202, 14.2498786 ], [ 79.816975, 14.2567145 ], [ 79.8001868, 14.2658503 ], [ 79.7908042, 14.2581377 ], [ 79.7881254, 14.2489286 ], [ 79.7753767, 14.2329806 ], [ 79.774399, 14.2239853 ], [ 79.7897622, 14.2174556 ], [ 79.789669, 14.2097969 ], [ 79.7956444, 14.2105494 ], [ 79.7985092, 14.204994 ], [ 79.7939863, 14.1997799 ], [ 79.8009446, 14.1883657 ], [ 79.8004067, 14.1831922 ], [ 79.7867586, 14.1812792 ], [ 79.7782147, 14.1837951 ], [ 79.7746004, 14.1787195 ], [ 79.7635319, 14.174757 ], [ 79.7612233, 14.1675791 ], [ 79.7530507, 14.1662437 ], [ 79.7452129, 14.1560576 ], [ 79.7376328, 14.1356014 ], [ 79.7346415, 14.1352922 ], [ 79.7345809, 14.1268973 ], [ 79.7282, 14.1251019 ], [ 79.7250057, 14.1174503 ], [ 79.7162806, 14.1099771 ], [ 79.7078313, 14.1090232 ], [ 79.681014, 14.1189965 ], [ 79.6682088, 14.1206595 ], [ 79.6624508, 14.1417071 ], [ 79.6652787, 14.1501268 ], [ 79.6594125, 14.1504017 ], [ 79.6564142, 14.1539022 ], [ 79.6403489, 14.1524899 ], [ 79.6424362, 14.1163018 ], [ 79.63052, 14.1062669 ], [ 79.6276547, 14.1101156 ], [ 79.6073702, 14.1146458 ], [ 79.5994313, 14.1197291 ], [ 79.5996747, 14.1315063 ], [ 79.5884233, 14.1415568 ], [ 79.5515865, 14.1559274 ], [ 79.5288679, 14.1719037 ], [ 79.5074042, 14.1742309 ], [ 79.4894765, 14.1799952 ], [ 79.4280336, 14.1846865 ], [ 79.4287578, 14.193279 ], [ 79.4223896, 14.2064245 ], [ 79.4255195, 14.2129777 ], [ 79.4247426, 14.2212695 ], [ 79.4353643, 14.2430871 ], [ 79.4276597, 14.2502497 ], [ 79.4196354, 14.2649739 ], [ 79.4194277, 14.2768087 ], [ 79.422368, 14.2782977 ], [ 79.3895155, 14.3406257 ], [ 79.365995, 14.3513371 ], [ 79.3675186, 14.3680512 ], [ 79.3642274, 14.3783733 ], [ 79.3590021, 14.3812838 ], [ 79.3486752, 14.4050228 ], [ 79.3430543, 14.4080032 ], [ 79.3299756, 14.4257582 ], [ 79.3246634, 14.4557368 ], [ 79.326673, 14.457222 ], [ 79.3167339, 14.4760613 ], [ 79.3052026, 14.4838181 ], [ 79.2928812, 14.4847108 ], [ 79.2926733, 14.4945212 ], [ 79.2879165, 14.4998653 ], [ 79.278161, 14.5324994 ], [ 79.2675954, 14.5507274 ], [ 79.2585726, 14.5556887 ], [ 79.2485968, 14.5704243 ], [ 79.2417461, 14.5929781 ], [ 79.229424, 14.6023317 ], [ 79.219668, 14.5879297 ], [ 79.2127209, 14.5938876 ], [ 79.2098098, 14.60247 ], [ 79.2025442, 14.6044149 ], [ 79.2004276, 14.6135537 ], [ 79.1888572, 14.6161858 ], [ 79.1816135, 14.6435062 ], [ 79.1872669, 14.6588161 ], [ 79.1790519, 14.6635261 ], [ 79.1823191, 14.6681453 ], [ 79.1788205, 14.6788083 ], [ 79.1739991, 14.6822735 ], [ 79.1839078, 14.6885171 ], [ 79.1863176, 14.7105401 ], [ 79.1783006, 14.7305897 ], [ 79.1716782, 14.7377696 ], [ 79.1605053, 14.7803545 ], [ 79.1505697, 14.7932918 ], [ 79.1419781, 14.8420523 ], [ 79.1343372, 14.8654998 ], [ 79.1083138, 14.8948095 ], [ 79.1117566, 14.8985765 ], [ 79.1041037, 14.8983767 ], [ 79.0927843, 14.9326839 ], [ 79.0814058, 14.9825969 ], [ 79.0871379, 15.0025721 ], [ 79.0840706, 15.0148754 ], [ 79.0871639, 15.0463185 ], [ 79.094703, 15.053679 ], [ 79.0941537, 15.0654014 ], [ 79.1014193, 15.0725628 ], [ 79.1004841, 15.0836504 ], [ 79.1301278, 15.0852129 ], [ 79.128682, 15.0996033 ], [ 79.1489088, 15.0983761 ], [ 79.1650335, 15.089799 ], [ 79.214712, 15.0854647 ], [ 79.2487471, 15.1050706 ], [ 79.2606243, 15.1065761 ], [ 79.2659925, 15.1047335 ], [ 79.2658756, 15.0967281 ], [ 79.2716661, 15.0992192 ], [ 79.3036862, 15.0955058 ], [ 79.30954, 15.0933655 ], [ 79.3076377, 15.0872022 ], [ 79.314026, 15.0909146 ], [ 79.3151842, 15.1014258 ], [ 79.3213451, 15.1027474 ], [ 79.3245713, 15.1100883 ], [ 79.3291369, 15.1109919 ], [ 79.3275929, 15.1145643 ], [ 79.3358313, 15.1165835 ], [ 79.3387497, 15.1123218 ], [ 79.3358582, 15.1080743 ], [ 79.3375161, 15.1039189 ], [ 79.3340755, 15.0966527 ], [ 79.3287825, 15.0996447 ], [ 79.3283221, 15.0905636 ], [ 79.3376145, 15.0905608 ], [ 79.3442788, 15.08518 ], [ 79.3511056, 15.10572 ], [ 79.348907, 15.1143088 ], [ 79.351389, 15.1166853 ], [ 79.3600563, 15.1112563 ], [ 79.3575008, 15.1025103 ], [ 79.3679364, 15.0851031 ], [ 79.3875823, 15.0850645 ], [ 79.3927996, 15.0909538 ], [ 79.3904449, 15.0753651 ], [ 79.3966677, 15.0749189 ], [ 79.4031598, 15.0787136 ], [ 79.4082182, 15.0744981 ], [ 79.4193454, 15.073356 ], [ 79.4169725, 15.0590147 ], [ 79.4235066, 15.0565523 ], [ 79.4393228, 15.0552648 ], [ 79.4536281, 15.0637961 ], [ 79.4616245, 15.0615584 ], [ 79.4690687, 15.06837 ], [ 79.4766498, 15.0580699 ], [ 79.5018497, 15.0561992 ], [ 79.5063355, 15.0535341 ], [ 79.5069643, 15.0459666 ], [ 79.5146704, 15.043208 ], [ 79.519727, 15.0369637 ], [ 79.5299043, 15.0378339 ], [ 79.5505469, 15.0222671 ], [ 79.5600416, 15.021776 ], [ 79.5587906, 15.0284996 ], [ 79.5627266, 15.0335731 ], [ 79.5633779, 15.0435025 ], [ 79.5803271, 15.0432968 ], [ 79.580937, 15.0361994 ], [ 79.5913205, 15.0398668 ], [ 79.6015438, 15.0379073 ], [ 79.6089609, 15.0401095 ], [ 79.6172925, 15.0344373 ], [ 79.6265591, 15.0329655 ], [ 79.629986, 15.0346303 ], [ 79.6299943, 15.041233 ], [ 79.6184315, 15.0525314 ], [ 79.6101509, 15.0549523 ], [ 79.6095697, 15.0590019 ], [ 79.6199567, 15.0770264 ], [ 79.6254533, 15.0802331 ], [ 79.6290509, 15.0951763 ], [ 79.633361, 15.0995175 ], [ 79.6241916, 15.1479872 ], [ 79.6284393, 15.1508539 ], [ 79.6479824, 15.1494098 ], [ 79.6500888, 15.1533211 ], [ 79.6461515, 15.1713499 ], [ 79.6350535, 15.1759674 ], [ 79.6308975, 15.1658244 ], [ 79.6224084, 15.1648803 ], [ 79.6223985, 15.1734187 ], [ 79.654351, 15.2448965 ], [ 79.6751176, 15.2471405 ], [ 79.6751789, 15.2256179 ], [ 79.687984, 15.2140493 ], [ 79.6982002, 15.2169602 ], [ 79.7016047, 15.2123782 ], [ 79.7354178, 15.2040192 ], [ 79.7540457, 15.2031407 ], [ 79.7526294, 15.1994941 ], [ 79.7730157, 15.1939947 ], [ 79.8122928, 15.2063055 ], [ 79.8131357, 15.2171035 ], [ 79.8321269, 15.2095576 ], [ 79.8387214, 15.2110708 ], [ 79.8408723, 15.2281907 ], [ 79.8528778, 15.2561636 ], [ 79.8565144, 15.273971 ], [ 79.8634591, 15.2745529 ], [ 79.867474, 15.2807247 ], [ 79.8644493, 15.3072858 ], [ 79.8811493, 15.3134229 ], [ 79.8872722, 15.308909 ], [ 79.8886447, 15.3004965 ], [ 79.8946889, 15.2987365 ], [ 79.9048032, 15.3148386 ], [ 79.9084493, 15.3282493 ], [ 79.917904, 15.3094299 ] ] ] } },
{ "type": "Feature", "properties": { "district": "Prakasam", "state": "Andhra Pradesh" }, "geometry": { "type": "Polygon", "coordinates": [ [ [ 79.5363476, 16.305816 ], [ 79.5499621, 16.2843216 ], [ 79.5667005, 16.2759474 ], [ 79.5611159, 16.2607848 ], [ 79.5600263, 16.2417885 ], [ 79.5631434, 16.2271663 ], [ 79.5563492, 16.2137259 ], [ 79.5608998, 16.2047275 ], [ 79.5592594, 16.1943312 ], [ 79.5471707, 16.1736393 ], [ 79.5388706, 16.1711776 ], [ 79.5367147, 16.1631624 ], [ 79.5403542, 16.1557342 ], [ 79.5368307, 16.1422084 ], [ 79.5383622, 16.1332645 ], [ 79.5442126, 16.1203917 ], [ 79.5528702, 16.1122216 ], [ 79.5554466, 16.1007811 ], [ 79.5526134, 16.0847393 ], [ 79.5464804, 16.0760188 ], [ 79.5472546, 16.0677408 ], [ 79.5537582, 16.0487918 ], [ 79.5637064, 16.0330195 ], [ 79.5611341, 16.0290822 ], [ 79.5668373, 16.0177007 ], [ 79.5629964, 16.0120889 ], [ 79.5725699, 16.0048673 ], [ 79.5685396, 15.9828818 ], [ 79.5595056, 15.9633164 ], [ 79.5615559, 15.9548813 ], [ 79.5591584, 15.9478376 ], [ 79.5723758, 15.9368628 ], [ 79.5898138, 15.940138 ], [ 79.603978, 15.9380726 ], [ 79.6154278, 15.9324535 ], [ 79.6116202, 15.9220333 ], [ 79.6358261, 15.9069608 ], [ 79.6491762, 15.9131208 ], [ 79.6552581, 15.9205809 ], [ 79.6631298, 15.9171611 ], [ 79.6762278, 15.9033725 ], [ 79.6817183, 15.9036471 ], [ 79.6850213, 15.8983092 ], [ 79.6934224, 15.897672 ], [ 79.6949929, 15.8941637 ], [ 79.6890852, 15.8759908 ], [ 79.7088471, 15.8703125 ], [ 79.7185889, 15.8611717 ], [ 79.7170775, 15.8451506 ], [ 79.7106107, 15.8372429 ], [ 79.7318091, 15.8356025 ], [ 79.7398063, 15.8262645 ], [ 79.7621389, 15.8235485 ], [ 79.7656121, 15.8268216 ], [ 79.7708555, 15.8251572 ], [ 79.7726526, 15.8421287 ], [ 79.7541678, 15.8473833 ], [ 79.7527858, 15.8545697 ], [ 79.747062, 15.8594523 ], [ 79.7538733, 15.8710143 ], [ 79.7553782, 15.8995771 ], [ 79.7630963, 15.9003188 ], [ 79.7633635, 15.9038837 ], [ 79.7689031, 15.9073629 ], [ 79.7748135, 15.9066415 ], [ 79.7833843, 15.9146671 ], [ 79.7911668, 15.9407181 ], [ 79.8460163, 15.9288005 ], [ 79.8482296, 15.9280701 ], [ 79.8472326, 15.9224499 ], [ 79.8657013, 15.9167164 ], [ 79.8695594, 15.9160857 ], [ 79.8779736, 15.9247131 ], [ 79.8798681, 15.9183053 ], [ 79.8831155, 15.9186539 ], [ 79.9064711, 15.8846318 ], [ 79.9299437, 15.875334 ], [ 79.9368898, 15.866447 ], [ 79.937961, 15.8561785 ], [ 79.9469247, 15.8572559 ], [ 79.9499532, 15.8519992 ], [ 79.9442463, 15.8392885 ], [ 79.9460105, 15.8316178 ], [ 79.9298606, 15.826247 ], [ 79.9207222, 15.8294877 ], [ 79.9179191, 15.8214745 ], [ 79.917468, 15.7921651 ], [ 79.914365, 15.7752048 ], [ 79.9080354, 15.762971 ], [ 79.9213341, 15.749489 ], [ 79.9211647, 15.7435184 ], [ 79.9164794, 15.7344462 ], [ 79.906789, 15.7299823 ], [ 79.9059728, 15.7218389 ], [ 79.8914673, 15.7134214 ], [ 79.8911396, 15.7091283 ], [ 79.8995437, 15.7000026 ], [ 79.907676, 15.7019115 ], [ 79.9246198, 15.6906196 ], [ 79.9378949, 15.6866435 ], [ 79.9411191, 15.6972627 ], [ 79.9492708, 15.6989756 ], [ 79.9554737, 15.7082816 ], [ 79.9658353, 15.7079823 ], [ 79.9690235, 15.7152993 ], [ 79.9763924, 15.6990761 ], [ 79.9909043, 15.7005679 ], [ 80.0100281, 15.6912147 ], [ 80.0175179, 15.690757 ], [ 80.016641, 15.6865623 ], [ 80.0223322, 15.6845761 ], [ 80.0345286, 15.7075567 ], [ 80.0528933, 15.694652 ], [ 80.0671061, 15.6921443 ], [ 80.0692149, 15.6820401 ], [ 80.0838119, 15.6871982 ], [ 80.1005917, 15.6806462 ], [ 80.0978645, 15.6757058 ], [ 80.1226965, 15.6678546 ], [ 80.1281347, 15.6816785 ], [ 80.1121331, 15.6889752 ], [ 80.1115889, 15.699838 ], [ 80.1259507, 15.6998096 ], [ 80.1374631, 15.6902097 ], [ 80.1406187, 15.6982205 ], [ 80.151446, 15.6981572 ], [ 80.1655962, 15.7245656 ], [ 80.1715708, 15.7224181 ], [ 80.1768888, 15.7313544 ], [ 80.1843131, 15.734613 ], [ 80.1903178, 15.7529167 ], [ 80.1869496, 15.7569195 ], [ 80.1903707, 15.7609313 ], [ 80.1975121, 15.7668123 ], [ 80.2050939, 15.7625761 ], [ 80.2215944, 15.7792651 ], [ 80.2252115, 15.7880215 ], [ 80.2247518, 15.8063113 ], [ 80.2478586, 15.7974708 ], [ 80.2738008, 15.7786624 ], [ 80.2694544, 15.7728006 ], [ 80.2707279, 15.7700974 ], [ 80.2570615, 15.7549985 ], [ 80.2286309, 15.7742448 ], [ 80.2250114, 15.7706399 ], [ 80.2146492, 15.7563792 ], [ 80.205466, 15.7352948 ], [ 80.1970899, 15.7282183 ], [ 80.1981403, 15.7253297 ], [ 80.1883875, 15.7092233 ], [ 80.1951179, 15.7017569 ], [ 80.1921278, 15.6939914 ], [ 80.1869966, 15.6852956 ], [ 80.1804808, 15.6872306 ], [ 80.1791742, 15.6839089 ], [ 80.1709029, 15.6493012 ], [ 80.1800762, 15.6369997 ], [ 80.1743323, 15.6302384 ], [ 80.1763232, 15.6212527 ], [ 80.2413092, 15.6113216 ], [ 80.2370674, 15.6005115 ], [ 80.2333339, 15.6041205 ], [ 80.2266935, 15.6039537 ], [ 80.2206264, 15.6009246 ], [ 80.2278103, 15.602838 ], [ 80.2347267, 15.5990522 ], [ 80.2286623, 15.5940966 ], [ 80.2241253, 15.5949727 ], [ 80.2224673, 15.5826324 ], [ 80.2255232, 15.5930568 ], [ 80.2265924, 15.5892319 ], [ 80.2268857, 15.5931536 ], [ 80.2350778, 15.5912056 ], [ 80.2337591, 15.5863013 ], [ 80.2310396, 15.5891065 ], [ 80.2320549, 15.5871132 ], [ 80.2291993, 15.5869875 ], [ 80.2333644, 15.5848806 ], [ 80.2297396, 15.5705569 ], [ 80.2263749, 15.5709642 ], [ 80.2246756, 15.5682709 ], [ 80.2290326, 15.5689007 ], [ 80.2279057, 15.5468056 ], [ 80.2267686, 15.5493233 ], [ 80.2260342, 15.5405844 ], [ 80.2236261, 15.5411737 ], [ 80.2223489, 15.540462 ], [ 80.2217767, 15.5392853 ], [ 80.2197254, 15.5383419 ], [ 80.2257317, 15.5400141 ], [ 80.2247938, 15.5334775 ], [ 80.2186869, 15.5238451 ], [ 80.2139954, 15.5261861 ], [ 80.2153352, 15.5157404 ], [ 80.2110258, 15.5120168 ], [ 80.2021349, 15.5154011 ], [ 80.2095946, 15.5114676 ], [ 80.2047857, 15.5082363 ], [ 80.2025278, 15.5115663 ], [ 80.203606, 15.5079361 ], [ 80.1942257, 15.5050146 ], [ 80.2030537, 15.5060991 ], [ 80.2017125, 15.5015383 ], [ 80.1987952, 15.502995 ], [ 80.2014292, 15.5007645 ], [ 80.1988474, 15.4931446 ], [ 80.2105164, 15.4935091 ], [ 80.2052647, 15.4745834 ], [ 80.1832167, 15.4421093 ], [ 80.1418093, 15.3954559 ], [ 80.121412, 15.3671493 ], [ 80.1102491, 15.3454747 ], [ 80.1025069, 15.3156654 ], [ 80.084741, 15.2833354 ], [ 80.0823872, 15.2526814 ], [ 80.0881644, 15.2388222 ], [ 80.081733, 15.249234 ], [ 80.0807114, 15.2410371 ], [ 80.0821301, 15.2309231 ], [ 80.0874907, 15.2244981 ], [ 80.0834289, 15.2224143 ], [ 80.0884327, 15.2239437 ], [ 80.0873141, 15.2377759 ], [ 80.0888928, 15.2357302 ], [ 80.0895633, 15.215478 ], [ 80.0757238, 15.2120469 ], [ 80.0694138, 15.2137708 ], [ 80.0714925, 15.2022879 ], [ 80.0670075, 15.2002075 ], [ 80.0397237, 15.2131337 ], [ 80.0217433, 15.210231 ], [ 80.0145413, 15.2127969 ], [ 80.0080351, 15.1956959 ], [ 79.996074, 15.2000635 ], [ 79.9895954, 15.1947521 ], [ 79.9767526, 15.1959914 ], [ 79.9763682, 15.2057636 ], [ 79.9712696, 15.2140814 ], [ 79.9769135, 15.2392994 ], [ 79.975906, 15.2486449 ], [ 79.9844682, 15.2701662 ], [ 79.954274, 15.287181 ], [ 79.9573541, 15.3141207 ], [ 79.9424923, 15.3132275 ], [ 79.9346479, 15.2974906 ], [ 79.9179321, 15.2966673 ], [ 79.917904, 15.3094299 ], [ 79.9084493, 15.3282493 ], [ 79.9048032, 15.3148386 ], [ 79.8946889, 15.2987365 ], [ 79.8886447, 15.3004965 ], [ 79.8872722, 15.308909 ], [ 79.8811493, 15.3134229 ], [ 79.8644493, 15.3072858 ], [ 79.867474, 15.2807247 ], [ 79.8634591, 15.2745529 ], [ 79.8565144, 15.273971 ], [ 79.8528778, 15.2561636 ], [ 79.8408723, 15.2281907 ], [ 79.8377971, 15.2103217 ], [ 79.8238995, 15.2116389 ], [ 79.8131357, 15.2171035 ], [ 79.8122928, 15.2063055 ], [ 79.771917, 15.1938823 ], [ 79.7526294, 15.1994941 ], [ 79.7540457, 15.2031407 ], [ 79.7343133, 15.2042188 ], [ 79.7016047, 15.2123782 ], [ 79.6982002, 15.2169602 ], [ 79.687984, 15.2140493 ], [ 79.6751789, 15.2256179 ], [ 79.6751176, 15.2471405 ], [ 79.6550997, 15.2451844 ], [ 79.6328789, 15.2015694 ], [ 79.6264601, 15.1785007 ], [ 79.6223985, 15.1734187 ], [ 79.6224084, 15.1648803 ], [ 79.6308975, 15.1658244 ], [ 79.6350535, 15.1759674 ], [ 79.6461515, 15.1713499 ], [ 79.6500888, 15.1533211 ], [ 79.6479824, 15.1494098 ], [ 79.6284393, 15.1508539 ], [ 79.6241916, 15.1479872 ], [ 79.633361, 15.0995175 ], [ 79.6290509, 15.0951763 ], [ 79.6254533, 15.0802331 ], [ 79.6199567, 15.0770264 ], [ 79.6096621, 15.0570803 ], [ 79.6299943, 15.041233 ], [ 79.629986, 15.0346303 ], [ 79.6232423, 15.0327346 ], [ 79.6089609, 15.0401095 ], [ 79.6015438, 15.0379073 ], [ 79.5913205, 15.0398668 ], [ 79.580937, 15.0361994 ], [ 79.5803271, 15.0432968 ], [ 79.5633779, 15.0435025 ], [ 79.5627266, 15.0335731 ], [ 79.5587906, 15.0284996 ], [ 79.5600416, 15.021776 ], [ 79.5440703, 15.0250688 ], [ 79.5299043, 15.0378339 ], [ 79.519727, 15.0369637 ], [ 79.5146704, 15.043208 ], [ 79.5069643, 15.0459666 ], [ 79.5063355, 15.0535341 ], [ 79.5018497, 15.0561992 ], [ 79.4766498, 15.0580699 ], [ 79.4690687, 15.06837 ], [ 79.4616245, 15.0615584 ], [ 79.4536281, 15.0637961 ], [ 79.4393228, 15.0552648 ], [ 79.4170121, 15.0589695 ], [ 79.4193454, 15.073356 ], [ 79.4082182, 15.0744981 ], [ 79.4031598, 15.0787136 ], [ 79.3966677, 15.0749189 ], [ 79.3904449, 15.0753651 ], [ 79.3927996, 15.0909538 ], [ 79.3875823, 15.0850645 ], [ 79.3679364, 15.0851031 ], [ 79.3575008, 15.1025103 ], [ 79.3600563, 15.1112563 ], [ 79.3516007, 15.1166762 ], [ 79.348907, 15.1143088 ], [ 79.3514594, 15.1074597 ], [ 79.3442788, 15.08518 ], [ 79.3376145, 15.0905608 ], [ 79.3283221, 15.0905636 ], [ 79.3287825, 15.0996447 ], [ 79.3340755, 15.0966527 ], [ 79.3375161, 15.1039189 ], [ 79.3358582, 15.1080743 ], [ 79.3387497, 15.1123218 ], [ 79.3358313, 15.1165835 ], [ 79.3275929, 15.1145643 ], [ 79.3291369, 15.1109919 ], [ 79.3245713, 15.1100883 ], [ 79.3213451, 15.1027474 ], [ 79.3151842, 15.1014258 ], [ 79.314026, 15.0909146 ], [ 79.3076377, 15.0872022 ], [ 79.30954, 15.0933655 ], [ 79.3036862, 15.0955058 ], [ 79.2716661, 15.0992192 ], [ 79.2658756, 15.0967281 ], [ 79.2659925, 15.1047335 ], [ 79.2606243, 15.1065761 ], [ 79.2487471, 15.1050706 ], [ 79.214712, 15.0854647 ], [ 79.1650335, 15.089799 ], [ 79.1489088, 15.0983761 ], [ 79.128682, 15.0996033 ], [ 79.1301278, 15.0852129 ], [ 79.1004841, 15.0836504 ], [ 79.1013285, 15.0722669 ], [ 79.0941537, 15.0654014 ], [ 79.094703, 15.053679 ], [ 79.0891614, 15.0481665 ], [ 79.0756955, 15.1040723 ], [ 79.0720641, 15.1428551 ], [ 79.0734083, 15.1650815 ], [ 79.0831873, 15.17347 ], [ 79.0201571, 15.1796399 ], [ 79.0114729, 15.175463 ], [ 79.0100506, 15.1675183 ], [ 79.0025173, 15.1689403 ], [ 78.9997101, 15.1656769 ], [ 78.9915571, 15.1686277 ], [ 78.9813667, 15.1645882 ], [ 78.9721838, 15.1682665 ], [ 78.9673065, 15.1733371 ], [ 78.9573535, 15.1759509 ], [ 78.9547428, 15.191901 ], [ 78.9475935, 15.2033178 ], [ 78.9477471, 15.2283787 ], [ 78.9270045, 15.2284512 ], [ 78.9193507, 15.1869532 ], [ 78.9058033, 15.1875522 ], [ 78.9033045, 15.1913549 ], [ 78.8713664, 15.1975463 ], [ 78.7774343, 15.1996218 ], [ 78.758256, 15.1846526 ], [ 78.7421633, 15.1816141 ], [ 78.7368912, 15.1998244 ], [ 78.7390392, 15.2684834 ], [ 78.7365474, 15.3261545 ], [ 78.7479415, 15.3684786 ], [ 78.7712584, 15.4197878 ], [ 78.7692659, 15.4649049 ], [ 78.776573, 15.5326812 ], [ 78.7695064, 15.6256465 ], [ 78.7714136, 15.6644238 ], [ 78.809767, 15.8672419 ], [ 78.8363328, 15.9056946 ], [ 78.8620113, 15.9300071 ], [ 78.910759, 15.9676393 ], [ 78.9310423, 16.0925663 ], [ 78.9226356, 16.1265755 ], [ 78.9238692, 16.1373584 ], [ 78.914686, 16.149321 ], [ 78.904083, 16.1764559 ], [ 78.9054015, 16.1835896 ], [ 78.9300138, 16.1980524 ], [ 78.9602691, 16.2090707 ], [ 78.9857169, 16.2107149 ], [ 79.009094, 16.2399541 ], [ 79.0291797, 16.2417408 ], [ 79.0543648, 16.2370656 ], [ 79.0721105, 16.2270726 ], [ 79.084106, 16.2301201 ], [ 79.0988137, 16.2231079 ], [ 79.1142963, 16.2309484 ], [ 79.1237713, 16.2310192 ], [ 79.1441656, 16.2151169 ], [ 79.1569474, 16.2092869 ], [ 79.170186, 16.2099041 ], [ 79.2151414, 16.22598 ], [ 79.215633, 16.1812876 ], [ 79.2220749, 16.1629092 ], [ 79.2497596, 16.1795017 ], [ 79.2592949, 16.193443 ], [ 79.2962742, 16.2146471 ], [ 79.3260264, 16.2282786 ], [ 79.3711213, 16.2326847 ], [ 79.4474054, 16.302607 ], [ 79.4731279, 16.2904537 ], [ 79.4985699, 16.2903854 ], [ 79.5280401, 16.2971008 ], [ 79.5363476, 16.305816 ] ] ] } },
{ "type": "Feature", "properties": { "district": "Bapatla", "state": "Andhra Pradesh" }, "geometry": { "type": "Polygon", "coordinates": [ [ [ 80.7774591, 16.2503247 ], [ 80.789363, 16.2424029 ], [ 80.8173573, 16.2407843 ], [ 80.8203118, 16.2179035 ], [ 80.8411809, 16.2154873 ], [ 80.8281867, 16.1988638 ], [ 80.8635352, 16.1326008 ], [ 80.8636374, 16.1271054 ], [ 80.8542403, 16.1105722 ], [ 80.8550793, 16.1035694 ], [ 80.8677707, 16.1053976 ], [ 80.8663123, 16.0909586 ], [ 80.8723532, 16.0892204 ], [ 80.8755067, 16.0795947 ], [ 80.8752171, 16.0699615 ], [ 80.8714766, 16.0683399 ], [ 80.8807805, 16.0683912 ], [ 80.8803318, 16.0539595 ], [ 80.8767888, 16.0527854 ], [ 80.8876539, 16.0216756 ], [ 80.8913786, 16.000785 ], [ 80.8927039, 15.9695312 ], [ 80.8902414, 15.9607523 ], [ 80.8966782, 15.965046 ], [ 80.8980722, 15.953777 ], [ 80.8987406, 15.9351822 ], [ 80.8949434, 15.9227379 ], [ 80.9032379, 15.9170415 ], [ 80.8863251, 15.856132 ], [ 80.8807708, 15.8568929 ], [ 80.8726759, 15.845971 ], [ 80.8624372, 15.8247359 ], [ 80.8616845, 15.8091107 ], [ 80.8559854, 15.8065967 ], [ 80.8387453, 15.7642188 ], [ 80.832225, 15.7417506 ], [ 80.8342122, 15.7127968 ], [ 80.8309847, 15.7065378 ], [ 80.8289817, 15.709422 ], [ 80.8251926, 15.7079669 ], [ 80.815709, 15.7134223 ], [ 80.8095499, 15.7221877 ], [ 80.809229, 15.7349652 ], [ 80.7980842, 15.7424167 ], [ 80.7884296, 15.7572289 ], [ 80.787716, 15.7642629 ], [ 80.7904611, 15.7698583 ], [ 80.7996493, 15.7767745 ], [ 80.7903566, 15.7686689 ], [ 80.7912172, 15.7536339 ], [ 80.7985531, 15.7437096 ], [ 80.8102428, 15.7352621 ], [ 80.81143, 15.7270605 ], [ 80.8167139, 15.7169938 ], [ 80.8222738, 15.7104183 ], [ 80.8132817, 15.7286679 ], [ 80.8164541, 15.7413407 ], [ 80.8153197, 15.7328439 ], [ 80.8170664, 15.7271471 ], [ 80.8175316, 15.749358 ], [ 80.8136317, 15.7491061 ], [ 80.8041774, 15.784294 ], [ 80.779629, 15.835296 ], [ 80.7801707, 15.8416499 ], [ 80.7858177, 15.8307468 ], [ 80.788959, 15.8319366 ], [ 80.7906809, 15.8177324 ], [ 80.7924434, 15.815464 ], [ 80.7914373, 15.8206622 ], [ 80.8006324, 15.8059364 ], [ 80.8024558, 15.8160967 ], [ 80.8156072, 15.8106953 ], [ 80.8126553, 15.8139516 ], [ 80.8125936, 15.831125 ], [ 80.8067825, 15.8407355 ], [ 80.7940558, 15.8536166 ], [ 80.7738832, 15.8662671 ], [ 80.7674325, 15.8647376 ], [ 80.7484726, 15.8740416 ], [ 80.7273513, 15.8788597 ], [ 80.6865992, 15.881559 ], [ 80.680607, 15.8853997 ], [ 80.6766629, 15.8802741 ], [ 80.6115699, 15.871603 ], [ 80.5439521, 15.8514651 ], [ 80.5364575, 15.8523032 ], [ 80.5279853, 15.8458143 ], [ 80.4967973, 15.8358342 ], [ 80.4285626, 15.8046824 ], [ 80.3830933, 15.7773172 ], [ 80.3451034, 15.7507754 ], [ 80.2886651, 15.6933907 ], [ 80.2491333, 15.6279523 ], [ 80.2431377, 15.6301115 ], [ 80.2434331, 15.6254308 ], [ 80.2478711, 15.6257934 ], [ 80.2453329, 15.6215616 ], [ 80.2427851, 15.6248737 ], [ 80.2427283, 15.6218433 ], [ 80.2397183, 15.6216407 ], [ 80.2450172, 15.6203219 ], [ 80.2399388, 15.6136356 ], [ 80.2413122, 15.611338 ], [ 80.1763232, 15.6212527 ], [ 80.1743323, 15.6302384 ], [ 80.1800762, 15.6369997 ], [ 80.1709029, 15.6493012 ], [ 80.1804808, 15.6872306 ], [ 80.1869966, 15.6852956 ], [ 80.1942774, 15.6987932 ], [ 80.1928546, 15.7071086 ], [ 80.1883875, 15.7092233 ], [ 80.2201013, 15.7648986 ], [ 80.2286309, 15.7742448 ], [ 80.2570615, 15.7549985 ], [ 80.2707279, 15.7700974 ], [ 80.2694544, 15.7728006 ], [ 80.2738008, 15.7786624 ], [ 80.2478586, 15.7974708 ], [ 80.2247518, 15.8063113 ], [ 80.2252115, 15.7880215 ], [ 80.2215944, 15.7792651 ], [ 80.2050939, 15.7625761 ], [ 80.1975121, 15.7668123 ], [ 80.1903707, 15.7609313 ], [ 80.1869496, 15.7569195 ], [ 80.1903178, 15.7529167 ], [ 80.1843131, 15.734613 ], [ 80.1768888, 15.7313544 ], [ 80.1715708, 15.7224181 ], [ 80.1655962, 15.7245656 ], [ 80.151446, 15.6981572 ], [ 80.1406187, 15.6982205 ], [ 80.1374631, 15.6902097 ], [ 80.1259507, 15.6998096 ], [ 80.1115889, 15.699838 ], [ 80.1121331, 15.6889752 ], [ 80.1281347, 15.6816785 ], [ 80.1226965, 15.6678546 ], [ 80.0978645, 15.6757058 ], [ 80.1005917, 15.6806462 ], [ 80.0838119, 15.6871982 ], [ 80.0692149, 15.6820401 ], [ 80.0671061, 15.6921443 ], [ 80.0528933, 15.694652 ], [ 80.0345286, 15.7075567 ], [ 80.0223322, 15.6845761 ], [ 80.016641, 15.6865623 ], [ 80.0175179, 15.690757 ], [ 80.0100281, 15.6912147 ], [ 79.9909043, 15.7005679 ], [ 79.9763924, 15.6990761 ], [ 79.9690235, 15.7152993 ], [ 79.9658353, 15.7079823 ], [ 79.9554737, 15.7082816 ], [ 79.9492708, 15.6989756 ], [ 79.9411191, 15.6972627 ], [ 79.9378949, 15.6866435 ], [ 79.9246198, 15.6906196 ], [ 79.907676, 15.7019115 ], [ 79.8995437, 15.7000026 ], [ 79.8911396, 15.7091283 ], [ 79.8916714, 15.713829 ], [ 79.9059728, 15.7218389 ], [ 79.906789, 15.7299823 ], [ 79.9164794, 15.7344462 ], [ 79.9211647, 15.7435184 ], [ 79.9213341, 15.749489 ], [ 79.9080354, 15.762971 ], [ 79.914365, 15.7752048 ], [ 79.91767, 15.7933778 ], [ 79.916744, 15.815976 ], [ 79.9207222, 15.8294877 ], [ 79.9298606, 15.826247 ], [ 79.9460105, 15.8316178 ], [ 79.9442463, 15.8392885 ], [ 79.9499532, 15.8519992 ], [ 79.9469247, 15.8572559 ], [ 79.937961, 15.8561785 ], [ 79.9368898, 15.866447 ], [ 79.9299437, 15.875334 ], [ 79.9064711, 15.8846318 ], [ 79.8831155, 15.9186539 ], [ 79.8798681, 15.9183053 ], [ 79.876046, 15.9297279 ], [ 79.8754913, 15.9351989 ], [ 79.8800333, 15.9401784 ], [ 79.8940552, 15.9392918 ], [ 79.8968048, 15.9466629 ], [ 79.9032362, 15.9423573 ], [ 79.9123025, 15.9668921 ], [ 79.8985784, 15.9707071 ], [ 79.9026128, 15.9832469 ], [ 79.8905978, 15.9874324 ], [ 79.89037, 15.9945282 ], [ 79.8792311, 15.9993036 ], [ 79.8628845, 15.9932488 ], [ 79.8665395, 16.0215051 ], [ 79.8698083, 16.0303345 ], [ 79.8732351, 16.0292772 ], [ 79.8799917, 16.0386504 ], [ 79.9174015, 16.0469747 ], [ 79.920616, 16.0624789 ], [ 79.9194817, 16.0697033 ], [ 79.914892, 16.0715632 ], [ 79.9158276, 16.0747046 ], [ 79.8954772, 16.0769316 ], [ 79.8952213, 16.0871706 ], [ 79.8850136, 16.0857301 ], [ 79.8817186, 16.0922244 ], [ 79.8684809, 16.0961337 ], [ 79.8738851, 16.1121246 ], [ 79.869016, 16.1117031 ], [ 79.8695277, 16.1170461 ], [ 79.8751334, 16.1287407 ], [ 79.8660042, 16.1346929 ], [ 79.8786311, 16.1547846 ], [ 79.9015919, 16.1494006 ], [ 79.9192096, 16.1401461 ], [ 79.9278059, 16.1319243 ], [ 79.9325824, 16.1322448 ], [ 79.9369884, 16.1394117 ], [ 79.9447051, 16.1392692 ], [ 79.9492838, 16.1451428 ], [ 79.9534288, 16.1522815 ], [ 79.9504231, 16.1628753 ], [ 79.9528247, 16.1642791 ], [ 79.9722718, 16.1547174 ], [ 79.97618, 16.1509459 ], [ 79.9740263, 16.146083 ], [ 80.0005559, 16.139856 ], [ 79.998759, 16.1361611 ], [ 80.0061724, 16.1337 ], [ 80.0115393, 16.1261638 ], [ 80.0101532, 16.1190325 ], [ 80.0206402, 16.1144749 ], [ 80.0318482, 16.1174172 ], [ 80.0338004, 16.1228806 ], [ 80.0434089, 16.1298215 ], [ 80.0503274, 16.1306187 ], [ 80.0513865, 16.1195851 ], [ 80.0406089, 16.09233 ], [ 80.0475161, 16.0852123 ], [ 80.0615648, 16.0892084 ], [ 80.0678779, 16.0945583 ], [ 80.0741337, 16.0919658 ], [ 80.0708114, 16.0750346 ], [ 80.0734124, 16.0684545 ], [ 80.0825595, 16.062887 ], [ 80.0799593, 16.0560298 ], [ 80.0846276, 16.0514799 ], [ 80.0880177, 16.0293923 ], [ 80.0861652, 16.0206959 ], [ 80.0910067, 16.0132651 ], [ 80.0971465, 16.0110787 ], [ 80.1206173, 16.0205205 ], [ 80.1397765, 16.0156286 ], [ 80.1331145, 16.0196741 ], [ 80.1372995, 16.0454979 ], [ 80.1552594, 16.0455686 ], [ 80.154841, 16.0414431 ], [ 80.1823062, 16.0343896 ], [ 80.1815564, 16.0266046 ], [ 80.1874464, 16.0252928 ], [ 80.1901056, 16.0383632 ], [ 80.2299525, 16.0318732 ], [ 80.2299025, 16.0376352 ], [ 80.2373256, 16.0370159 ], [ 80.2401352, 16.0522252 ], [ 80.2610504, 16.0456645 ], [ 80.2624771, 16.0532645 ], [ 80.2836603, 16.0491171 ], [ 80.2935156, 16.0531884 ], [ 80.3008764, 16.0496812 ], [ 80.3019325, 16.055381 ], [ 80.3102908, 16.0505628 ], [ 80.3106916, 16.0471031 ], [ 80.3184533, 16.0445681 ], [ 80.3138331, 16.0287883 ], [ 80.3279555, 16.0248564 ], [ 80.3254215, 16.0187077 ], [ 80.3355351, 16.0149844 ], [ 80.3364145, 16.0202995 ], [ 80.342366, 16.0223845 ], [ 80.3454571, 16.0286147 ], [ 80.3585905, 16.0267605 ], [ 80.3588888, 16.0216272 ], [ 80.3715846, 16.0158732 ], [ 80.3717876, 16.0129651 ], [ 80.3859343, 16.0113224 ], [ 80.4093579, 16.000827 ], [ 80.4262155, 15.9994857 ], [ 80.4266245, 15.9808245 ], [ 80.4374897, 15.9833427 ], [ 80.4528496, 15.9814516 ], [ 80.455068, 15.992411 ], [ 80.458182, 15.9930674 ], [ 80.4541147, 16.0007353 ], [ 80.4585432, 16.0100734 ], [ 80.4918521, 16.0087837 ], [ 80.4998999, 16.0045143 ], [ 80.494289, 15.9969008 ], [ 80.4975947, 15.9949394 ], [ 80.5041925, 16.0017146 ], [ 80.5121044, 16.0019133 ], [ 80.5233049, 16.0136537 ], [ 80.5298893, 16.0138292 ], [ 80.5257535, 15.9997772 ], [ 80.5343522, 15.9968859 ], [ 80.5393159, 16.009445 ], [ 80.547419, 16.0065216 ], [ 80.5495389, 16.0125365 ], [ 80.561122, 16.012244 ], [ 80.5632463, 16.0307961 ], [ 80.58109, 16.0240735 ], [ 80.5868838, 16.033619 ], [ 80.583187, 16.0396449 ], [ 80.5847033, 16.0419013 ], [ 80.5984892, 16.04749 ], [ 80.5915889, 16.0543497 ], [ 80.5905436, 16.0596555 ], [ 80.5967144, 16.1002725 ], [ 80.5890942, 16.1023338 ], [ 80.5802135, 16.1112654 ], [ 80.5800752, 16.1163627 ], [ 80.5690398, 16.1214865 ], [ 80.571797, 16.1504589 ], [ 80.562602, 16.1517327 ], [ 80.5539254, 16.1324317 ], [ 80.5454895, 16.1351067 ], [ 80.543497, 16.1388972 ], [ 80.5500362, 16.1477832 ], [ 80.5534284, 16.1632368 ], [ 80.5441018, 16.1648808 ], [ 80.5530391, 16.1774024 ], [ 80.5632597, 16.1743014 ], [ 80.557652, 16.1870303 ], [ 80.5573386, 16.2036834 ], [ 80.5717973, 16.2028196 ], [ 80.5812729, 16.229433 ], [ 80.5873714, 16.2262555 ], [ 80.5915004, 16.2364255 ], [ 80.6036437, 16.2349862 ], [ 80.609844, 16.2214735 ], [ 80.6209387, 16.2217704 ], [ 80.6335476, 16.2118303 ], [ 80.6431873, 16.2133938 ], [ 80.6488705, 16.1953393 ], [ 80.6590832, 16.1948479 ], [ 80.6671151, 16.1836975 ], [ 80.6778834, 16.1979627 ], [ 80.6862394, 16.1989913 ], [ 80.6921699, 16.2278099 ], [ 80.7145261, 16.2301492 ], [ 80.7191621, 16.2439888 ], [ 80.7252279, 16.2424583 ], [ 80.7264992, 16.2446821 ], [ 80.7348195, 16.2414076 ], [ 80.7368194, 16.2342368 ], [ 80.7484679, 16.231193 ], [ 80.7526813, 16.2421966 ], [ 80.7486781, 16.2419345 ], [ 80.7500532, 16.248301 ], [ 80.7561375, 16.2466112 ], [ 80.7583563, 16.2535556 ], [ 80.7732821, 16.2498235 ], [ 80.7786984, 16.2559178 ], [ 80.7827234, 16.2548858 ], [ 80.7774591, 16.2503247 ] ] ] } },
{ "type": "Feature", "properties": { "district": "Krishna", "state": "Andhra Pradesh" }, "geometry": { "type": "MultiPolygon", "coordinates": [ [ [ [ 81.0002195, 16.6657901 ], [ 81.0184393, 16.6503155 ], [ 81.0088121, 16.6338043 ], [ 80.9955032, 16.6355182 ], [ 80.9790049, 16.6568302 ], [ 80.9771921, 16.6637989 ], [ 80.9720444, 16.6654385 ], [ 80.9724982, 16.6727414 ], [ 80.9918635, 16.6808786 ], [ 81.0073531, 16.6720775 ], [ 81.0002195, 16.6657901 ] ] ], [ [ [ 80.9088715, 16.7139014 ], [ 80.9060194, 16.7054228 ], [ 80.916367, 16.6966157 ], [ 80.9307404, 16.6901831 ], [ 80.9331779, 16.6741006 ], [ 80.9543491, 16.6713923 ], [ 80.9540931, 16.6652245 ], [ 80.9694702, 16.6464361 ], [ 80.9729543, 16.6262352 ], [ 81.0008149, 16.5954223 ], [ 81.0013737, 16.5882888 ], [ 81.0063863, 16.586097 ], [ 81.0114321, 16.5605774 ], [ 81.0185675, 16.5616998 ], [ 81.0192831, 16.5574377 ], [ 81.0224838, 16.5566565 ], [ 81.0277921, 16.5619665 ], [ 81.0359948, 16.5640806 ], [ 81.0398802, 16.5615788 ], [ 81.0401125, 16.565938 ], [ 81.0485359, 16.569729 ], [ 81.0626674, 16.5704381 ], [ 81.0719829, 16.5759669 ], [ 81.0788218, 16.5748404 ], [ 81.0949353, 16.5872555 ], [ 81.0892043, 16.592934 ], [ 81.098708, 16.6002565 ], [ 81.1116447, 16.5915 ], [ 81.1095302, 16.5765408 ], [ 81.1162956, 16.5774574 ], [ 81.1160231, 16.5713029 ], [ 81.1088168, 16.5718258 ], [ 81.0995332, 16.5647019 ], [ 81.0972637, 16.5430586 ], [ 81.0859874, 16.5226929 ], [ 81.0881355, 16.5088204 ], [ 81.0829428, 16.5078081 ], [ 81.0822153, 16.5043412 ], [ 81.0846241, 16.4929872 ], [ 81.0879983, 16.4911055 ], [ 81.0838602, 16.4788017 ], [ 81.0907802, 16.4745719 ], [ 81.0905302, 16.4693579 ], [ 81.0938476, 16.467413 ], [ 81.0863559, 16.4605141 ], [ 81.0912293, 16.4570541 ], [ 81.0823662, 16.4442931 ], [ 81.0839813, 16.4421221 ], [ 81.0801544, 16.4379628 ], [ 81.0833743, 16.4348966 ], [ 81.0819868, 16.4316125 ], [ 81.0768416, 16.4332999 ], [ 81.0661753, 16.4380912 ], [ 81.0675216, 16.4418821 ], [ 81.0613495, 16.4368919 ], [ 81.0477344, 16.4364526 ], [ 81.045741, 16.4324506 ], [ 81.0448979, 16.4207072 ], [ 81.0573538, 16.4175814 ], [ 81.0592769, 16.4116334 ], [ 81.0639967, 16.4120685 ], [ 81.0622044, 16.3980711 ], [ 81.0802553, 16.3941509 ], [ 81.0786277, 16.3887913 ], [ 81.0837314, 16.3829159 ], [ 81.092056, 16.3795414 ], [ 81.1030967, 16.3804556 ], [ 81.1097732, 16.3881613 ], [ 81.117275, 16.3809077 ], [ 81.1231109, 16.3818268 ], [ 81.1402208, 16.3761043 ], [ 81.1463943, 16.3814766 ], [ 81.1513832, 16.3940166 ], [ 81.1554006, 16.3918061 ], [ 81.1597114, 16.4045152 ], [ 81.1742813, 16.4024432 ], [ 81.1733842, 16.3867114 ], [ 81.2048712, 16.3808742 ], [ 81.2089682, 16.408897 ], [ 81.2170158, 16.4198512 ], [ 81.231776, 16.4272496 ], [ 81.229764, 16.4166689 ], [ 81.2337397, 16.4121776 ], [ 81.2543817, 16.40263 ], [ 81.2791052, 16.4293739 ], [ 81.2821807, 16.4261606 ], [ 81.2967866, 16.4362551 ], [ 81.3052303, 16.4384395 ], [ 81.3005499, 16.4480635 ], [ 81.2932743, 16.4533823 ], [ 81.3202286, 16.4591594 ], [ 81.3259503, 16.4387487 ], [ 81.3250824, 16.4295709 ], [ 81.3198825, 16.4255116 ], [ 81.3193267, 16.4191593 ], [ 81.3354182, 16.4169301 ], [ 81.3328338, 16.4152216 ], [ 81.3466348, 16.4089255 ], [ 81.3432763, 16.4058951 ], [ 81.384399, 16.4083055 ], [ 81.3869736, 16.4097962 ], [ 81.3852007, 16.4146746 ], [ 81.4028965, 16.4273995 ], [ 81.4137872, 16.4193068 ], [ 81.4252458, 16.4196008 ], [ 81.4269103, 16.410833 ], [ 81.4377258, 16.3981578 ], [ 81.4527514, 16.4047709 ], [ 81.4628135, 16.3984614 ], [ 81.4699855, 16.3981755 ], [ 81.4922671, 16.3706236 ], [ 81.5127693, 16.3699703 ], [ 81.5227706, 16.3806684 ], [ 81.5467486, 16.3779734 ], [ 81.5546312, 16.3547278 ], [ 81.5521317, 16.345978 ], [ 81.5402915, 16.3475079 ], [ 81.5325916, 16.3521995 ], [ 81.491395, 16.3527354 ], [ 81.4872423, 16.3550661 ], [ 81.3985551, 16.3404494 ], [ 81.3937911, 16.3424732 ], [ 81.3243333, 16.3141119 ], [ 81.2650557, 16.2781382 ], [ 81.2637311, 16.2734392 ], [ 81.2461916, 16.2588659 ], [ 81.2480418, 16.2578418 ], [ 81.2315412, 16.237429 ], [ 81.2137637, 16.2072183 ], [ 81.2063567, 16.1857824 ], [ 81.2092784, 16.1808879 ], [ 81.1913653, 16.1028237 ], [ 81.1455411, 16.0129451 ], [ 81.142724, 15.9994122 ], [ 81.1480452, 15.9737014 ], [ 81.1414417, 15.9687464 ], [ 81.134851, 15.9721585 ], [ 81.1325466, 15.9620794 ], [ 81.1002364, 15.9373474 ], [ 81.0581213, 15.8967795 ], [ 81.0553744, 15.8972074 ], [ 81.0566417, 15.8941602 ], [ 81.0408244, 15.87459 ], [ 81.0047714, 15.8378042 ], [ 81.0060047, 15.8212431 ], [ 81.0169796, 15.8072861 ], [ 81.0205625, 15.7930077 ], [ 81.0113356, 15.8015242 ], [ 81.007794, 15.7903024 ], [ 81.0144522, 15.7712678 ], [ 81.0117343, 15.7660006 ], [ 81.0049614, 15.7657366 ], [ 80.9984513, 15.7696914 ], [ 80.9990831, 15.7590838 ], [ 81.0047845, 15.7567727 ], [ 81.0042521, 15.7604736 ], [ 81.0095144, 15.761845 ], [ 81.0089983, 15.7536192 ], [ 80.971498, 15.7326886 ], [ 80.9623707, 15.7335681 ], [ 80.9620848, 15.7270694 ], [ 80.9372193, 15.7144041 ], [ 80.9346607, 15.7144773 ], [ 80.9320006, 15.7236822 ], [ 80.9257421, 15.7187152 ], [ 80.850024, 15.7058648 ], [ 80.8318374, 15.7054962 ], [ 80.8342229, 15.7136199 ], [ 80.832225, 15.7417506 ], [ 80.838304, 15.7629124 ], [ 80.8559854, 15.8065967 ], [ 80.8616845, 15.8091107 ], [ 80.8624372, 15.8247359 ], [ 80.8726759, 15.845971 ], [ 80.8807708, 15.8568929 ], [ 80.8863251, 15.856132 ], [ 80.9032379, 15.9170415 ], [ 80.8949434, 15.9227379 ], [ 80.8987406, 15.9351822 ], [ 80.8980722, 15.953777 ], [ 80.8966782, 15.965046 ], [ 80.8902414, 15.9607523 ], [ 80.8927039, 15.9695312 ], [ 80.8913786, 16.000785 ], [ 80.8876539, 16.0216756 ], [ 80.8767888, 16.0527854 ], [ 80.8803318, 16.0539595 ], [ 80.8807805, 16.0683912 ], [ 80.8714766, 16.0683399 ], [ 80.8752171, 16.0699615 ], [ 80.8755067, 16.0795947 ], [ 80.8723532, 16.0892204 ], [ 80.8663123, 16.0909586 ], [ 80.8677707, 16.1053976 ], [ 80.8550793, 16.1035694 ], [ 80.8542403, 16.1105722 ], [ 80.8636374, 16.1271054 ], [ 80.8635352, 16.1326008 ], [ 80.8281867, 16.1988638 ], [ 80.8411809, 16.2154873 ], [ 80.8203118, 16.2179035 ], [ 80.8173573, 16.2407843 ], [ 80.8027779, 16.2404619 ], [ 80.8041209, 16.2551863 ], [ 80.7993017, 16.2821082 ], [ 80.7853154, 16.2892329 ], [ 80.7484998, 16.3296711 ], [ 80.7408455, 16.3416347 ], [ 80.7256431, 16.3804973 ], [ 80.7066052, 16.4002541 ], [ 80.6742312, 16.4244661 ], [ 80.6747063, 16.4424344 ], [ 80.6660723, 16.4406052 ], [ 80.6629632, 16.4495535 ], [ 80.6705458, 16.4652954 ], [ 80.6518601, 16.4804461 ], [ 80.6626017, 16.4885799 ], [ 80.6705272, 16.481758 ], [ 80.6894968, 16.4813574 ], [ 80.6728916, 16.4893451 ], [ 80.6797445, 16.5007697 ], [ 80.6708532, 16.5064333 ], [ 80.6621288, 16.517783 ], [ 80.6661731, 16.526893 ], [ 80.660326, 16.5376432 ], [ 80.6632171, 16.5468491 ], [ 80.6820348, 16.5427318 ], [ 80.6774687, 16.527924 ], [ 80.6816213, 16.5162159 ], [ 80.7037242, 16.5097103 ], [ 80.7297166, 16.4950213 ], [ 80.748472, 16.4977744 ], [ 80.7570213, 16.5191092 ], [ 80.728121, 16.5219011 ], [ 80.6865311, 16.5422982 ], [ 80.7019588, 16.5848236 ], [ 80.6947852, 16.6057563 ], [ 80.6981936, 16.618163 ], [ 80.6971565, 16.6271367 ], [ 80.7335488, 16.6236219 ], [ 80.7553599, 16.6299781 ], [ 80.7680312, 16.6238886 ], [ 80.7724345, 16.626384 ], [ 80.7789201, 16.6216585 ], [ 80.7931452, 16.6424792 ], [ 80.7992639, 16.6343105 ], [ 80.8175673, 16.6508876 ], [ 80.8146705, 16.6583586 ], [ 80.808884, 16.6603028 ], [ 80.8193195, 16.6754921 ], [ 80.8230419, 16.6707513 ], [ 80.8252311, 16.6525358 ], [ 80.8363414, 16.6431086 ], [ 80.8315112, 16.6319576 ], [ 80.8364185, 16.6130185 ], [ 80.8481439, 16.6098202 ], [ 80.8623449, 16.6241872 ], [ 80.8695544, 16.6215517 ], [ 80.8735734, 16.6160678 ], [ 80.8848197, 16.6320122 ], [ 80.8839053, 16.6562819 ], [ 80.8817712, 16.6613871 ], [ 80.859575, 16.6692137 ], [ 80.8555947, 16.6865235 ], [ 80.859248, 16.6905785 ], [ 80.876203, 16.6889256 ], [ 80.8749035, 16.7037932 ], [ 80.871673, 16.7077787 ], [ 80.8751902, 16.7114222 ], [ 80.8971873, 16.7099349 ], [ 80.9088715, 16.7139014 ] ] ], [ [ [ 80.9702564, 16.7624528 ], [ 80.9910915, 16.750714 ], [ 81.0000608, 16.7493613 ], [ 80.9949845, 16.7297728 ], [ 80.9896426, 16.7218348 ], [ 80.9682579, 16.7246011 ], [ 80.9510934, 16.6973361 ], [ 80.9374891, 16.7097336 ], [ 80.9293957, 16.7083753 ], [ 80.9309955, 16.7167567 ], [ 80.9509118, 16.7492226 ], [ 80.9458295, 16.7538417 ], [ 80.9702564, 16.7624528 ] ] ] ] } },
{ "type": "Feature", "properties": { "district": "Eluru", "state": "Andhra Pradesh" }, "geometry": { "type": "Polygon", "coordinates": [ [ [ 80.998401, 17.6282381 ], [ 81.0070449, 17.6217147 ], [ 81.0077025, 17.6043556 ], [ 81.0146875, 17.5985297 ], [ 81.03965, 17.5976587 ], [ 81.0596944, 17.6079145 ], [ 81.0809232, 17.6098649 ], [ 81.1106219, 17.6202611 ], [ 81.1163516, 17.6177763 ], [ 81.1280647, 17.5950116 ], [ 81.1277119, 17.5864005 ], [ 81.1420554, 17.5792103 ], [ 81.1921653, 17.5701746 ], [ 81.2107902, 17.5709769 ], [ 81.2220912, 17.5641802 ], [ 81.2483802, 17.5689676 ], [ 81.2646668, 17.5587242 ], [ 81.2816053, 17.5350409 ], [ 81.2901008, 17.5195931 ], [ 81.2954622, 17.4961046 ], [ 81.3135991, 17.4876269 ], [ 81.3491565, 17.4999121 ], [ 81.3635098, 17.4992804 ], [ 81.383405, 17.4915763 ], [ 81.3905448, 17.4733492 ], [ 81.4070413, 17.4649428 ], [ 81.4446278, 17.4618769 ], [ 81.4646476, 17.4684922 ], [ 81.4753033, 17.4675169 ], [ 81.4946793, 17.48062 ], [ 81.5012555, 17.4805259 ], [ 81.5126356, 17.4728269 ], [ 81.5172793, 17.4566025 ], [ 81.5309634, 17.4403458 ], [ 81.5409529, 17.4365897 ], [ 81.5636514, 17.4400133 ], [ 81.5760094, 17.4327895 ], [ 81.5799721, 17.4150636 ], [ 81.586311, 17.4056359 ], [ 81.6032457, 17.4113589 ], [ 81.6139831, 17.4071027 ], [ 81.6163622, 17.4006109 ], [ 81.6099234, 17.3970997 ], [ 81.6047367, 17.3758395 ], [ 81.6148145, 17.351954 ], [ 81.6111071, 17.3432603 ], [ 81.6149548, 17.3310409 ], [ 81.6277989, 17.3247155 ], [ 81.6425951, 17.3239584 ], [ 81.6794438, 17.301569 ], [ 81.6796165, 17.2903376 ], [ 81.6626574, 17.282161 ], [ 81.6567669, 17.2664943 ], [ 81.6554593, 17.2492087 ], [ 81.6414344, 17.2286515 ], [ 81.6406582, 17.2072624 ], [ 81.6583047, 17.1698578 ], [ 81.6511656, 17.1692906 ], [ 81.6486521, 17.1657816 ], [ 81.6111864, 17.1816036 ], [ 81.5974124, 17.1781797 ], [ 81.5932732, 17.1833288 ], [ 81.5932981, 17.1903511 ], [ 81.5877523, 17.1947114 ], [ 81.5871838, 17.2025146 ], [ 81.5940745, 17.2064585 ], [ 81.5918733, 17.2124883 ], [ 81.5703903, 17.2072164 ], [ 81.547558, 17.2151437 ], [ 81.5395073, 17.2114979 ], [ 81.5378772, 17.205727 ], [ 81.5273328, 17.2073155 ], [ 81.5138978, 17.1994396 ], [ 81.4987591, 17.2014239 ], [ 81.4971709, 17.1934548 ], [ 81.4765705, 17.1849859 ], [ 81.4730301, 17.1796574 ], [ 81.4759695, 17.1747828 ], [ 81.4695545, 17.1759879 ], [ 81.472306, 17.1730722 ], [ 81.4530685, 17.1588249 ], [ 81.4617214, 17.1594371 ], [ 81.4673674, 17.1655206 ], [ 81.470771, 17.1651524 ], [ 81.470169, 17.1584718 ], [ 81.4775512, 17.1504297 ], [ 81.4739268, 17.1375001 ], [ 81.4758012, 17.1304192 ], [ 81.4720125, 17.1298622 ], [ 81.4665361, 17.1140739 ], [ 81.4520953, 17.1132347 ], [ 81.4456233, 17.1080768 ], [ 81.4483097, 17.0976236 ], [ 81.4535703, 17.0983643 ], [ 81.4577187, 17.0918339 ], [ 81.452464, 17.0777127 ], [ 81.4492762, 17.0747559 ], [ 81.4416685, 17.0776025 ], [ 81.4398521, 17.0743366 ], [ 81.4363182, 17.0756681 ], [ 81.43016, 17.068903 ], [ 81.4297494, 17.0595893 ], [ 81.4331898, 17.0594205 ], [ 81.4337264, 17.0536028 ], [ 81.4411476, 17.0493058 ], [ 81.4409747, 17.0455759 ], [ 81.4518064, 17.042828 ], [ 81.447887, 17.0342671 ], [ 81.4563274, 17.0242038 ], [ 81.4542852, 17.0072505 ], [ 81.447166, 17.0065362 ], [ 81.4424866, 17.0108621 ], [ 81.4374047, 17.0273722 ], [ 81.4324718, 17.0308939 ], [ 81.4341611, 17.0402156 ], [ 81.4296802, 17.0439569 ], [ 81.4196329, 17.0496532 ], [ 81.4128499, 17.0487463 ], [ 81.4113776, 17.0434663 ], [ 81.3973207, 17.0462755 ], [ 81.3931495, 17.0386869 ], [ 81.3868683, 17.0415802 ], [ 81.3865589, 17.0376157 ], [ 81.37972, 17.0366808 ], [ 81.3797112, 17.0326065 ], [ 81.37034, 17.0308634 ], [ 81.3677921, 17.0270239 ], [ 81.3665131, 17.020044 ], [ 81.3740936, 17.0039323 ], [ 81.3672724, 16.9864732 ], [ 81.3571538, 16.9841763 ], [ 81.3456796, 16.9911501 ], [ 81.3369494, 16.9904249 ], [ 81.3126309, 16.9726296 ], [ 81.3320531, 16.9661194 ], [ 81.3127156, 16.9681162 ], [ 81.30668, 16.9572859 ], [ 81.2976942, 16.9522279 ], [ 81.291899, 16.9377558 ], [ 81.3054605, 16.9313828 ], [ 81.3315646, 16.9283293 ], [ 81.3251894, 16.9182695 ], [ 81.3359237, 16.8982799 ], [ 81.3625394, 16.8973189 ], [ 81.3721454, 16.908947 ], [ 81.3891132, 16.9068869 ], [ 81.3929283, 16.8966552 ], [ 81.3893084, 16.890814 ], [ 81.3874366, 16.8757038 ], [ 81.3897877, 16.8653985 ], [ 81.3943998, 16.8638442 ], [ 81.4011501, 16.8703007 ], [ 81.4211547, 16.8685778 ], [ 81.4382376, 16.8757207 ], [ 81.4470771, 16.8864536 ], [ 81.4518261, 16.8865048 ], [ 81.442617, 16.8957532 ], [ 81.4425404, 16.9003572 ], [ 81.4604788, 16.8988268 ], [ 81.4607274, 16.8788718 ], [ 81.4572134, 16.8700329 ], [ 81.4714291, 16.8631035 ], [ 81.4751513, 16.8645788 ], [ 81.4784894, 16.8416488 ], [ 81.4882382, 16.8247714 ], [ 81.4867436, 16.8179088 ], [ 81.4980102, 16.8137181 ], [ 81.4902581, 16.7959679 ], [ 81.4813488, 16.7962941 ], [ 81.4724243, 16.7792721 ], [ 81.4763606, 16.7759526 ], [ 81.4753447, 16.7660758 ], [ 81.4811525, 16.7559232 ], [ 81.4714045, 16.7590523 ], [ 81.4630229, 16.7536952 ], [ 81.4398831, 16.7569194 ], [ 81.4432243, 16.7341656 ], [ 81.4481592, 16.7336371 ], [ 81.4465383, 16.7283802 ], [ 81.4493324, 16.7228593 ], [ 81.4619646, 16.7272932 ], [ 81.4693264, 16.7259301 ], [ 81.4700199, 16.7314354 ], [ 81.4756526, 16.7305865 ], [ 81.4778437, 16.7361391 ], [ 81.4902271, 16.734639 ], [ 81.5027036, 16.7256666 ], [ 81.5118397, 16.7289925 ], [ 81.5187909, 16.7372264 ], [ 81.5202904, 16.7594381 ], [ 81.5283608, 16.7688898 ], [ 81.5292852, 16.7748887 ], [ 81.5325885, 16.7575697 ], [ 81.5273848, 16.7507297 ], [ 81.5290105, 16.7375661 ], [ 81.5469581, 16.7356874 ], [ 81.5537732, 16.7629197 ], [ 81.5552523, 16.759516 ], [ 81.564623, 16.7588904 ], [ 81.5701987, 16.7414282 ], [ 81.5668068, 16.7330425 ], [ 81.5688101, 16.7233995 ], [ 81.5937202, 16.7222641 ], [ 81.5964889, 16.7205177 ], [ 81.5957653, 16.7093961 ], [ 81.5992883, 16.7082969 ], [ 81.5993895, 16.7028784 ], [ 81.5845681, 16.703425 ], [ 81.5792478, 16.6933669 ], [ 81.5712107, 16.6909971 ], [ 81.5717079, 16.6823067 ], [ 81.5563409, 16.6797199 ], [ 81.553716, 16.6679246 ], [ 81.5640407, 16.6562139 ], [ 81.5559765, 16.6440885 ], [ 81.5492366, 16.6443661 ], [ 81.5448111, 16.6476171 ], [ 81.5439245, 16.65294 ], [ 81.5394473, 16.6535771 ], [ 81.5404385, 16.665367 ], [ 81.5325372, 16.6662242 ], [ 81.5325356, 16.6721759 ], [ 81.5143767, 16.6738418 ], [ 81.5119795, 16.6657126 ], [ 81.5069778, 16.6665776 ], [ 81.5067932, 16.6625941 ], [ 81.4991505, 16.6644845 ], [ 81.5005063, 16.6699912 ], [ 81.4949611, 16.6729297 ], [ 81.4761319, 16.6747944 ], [ 81.4733299, 16.6793751 ], [ 81.459838, 16.675113 ], [ 81.4534281, 16.6769419 ], [ 81.45331, 16.6728993 ], [ 81.4456346, 16.669121 ], [ 81.4441253, 16.6635696 ], [ 81.4318096, 16.6606572 ], [ 81.4186862, 16.6655354 ], [ 81.3778472, 16.6662736 ], [ 81.3579429, 16.6637816 ], [ 81.3553786, 16.6620915 ], [ 81.3566768, 16.6542397 ], [ 81.3393548, 16.6529159 ], [ 81.3396103, 16.6501336 ], [ 81.3533113, 16.6505764 ], [ 81.3579387, 16.6466502 ], [ 81.3505123, 16.6488193 ], [ 81.3378229, 16.6468527 ], [ 81.3347833, 16.6369512 ], [ 81.3305356, 16.6375468 ], [ 81.3263397, 16.6258542 ], [ 81.3276727, 16.619341 ], [ 81.3453092, 16.603872 ], [ 81.3545393, 16.6102616 ], [ 81.3573861, 16.5961307 ], [ 81.3506318, 16.5971212 ], [ 81.3533331, 16.5916515 ], [ 81.3462486, 16.5910693 ], [ 81.3490059, 16.5648089 ], [ 81.3426513, 16.5383632 ], [ 81.3436671, 16.5302681 ], [ 81.3395701, 16.5271593 ], [ 81.3390356, 16.5128562 ], [ 81.3325709, 16.5106971 ], [ 81.3384205, 16.5048851 ], [ 81.3629059, 16.5070256 ], [ 81.3653532, 16.5007572 ], [ 81.3716373, 16.4979536 ], [ 81.367922, 16.4835278 ], [ 81.3689922, 16.475351 ], [ 81.3785736, 16.4670529 ], [ 81.3732357, 16.4587396 ], [ 81.3884582, 16.4460986 ], [ 81.3844102, 16.4432527 ], [ 81.4014504, 16.4380883 ], [ 81.3992416, 16.4326297 ], [ 81.4028965, 16.4273995 ], [ 81.3852007, 16.4146746 ], [ 81.3869736, 16.4097962 ], [ 81.384399, 16.4083055 ], [ 81.3440158, 16.4057157 ], [ 81.3466348, 16.4089255 ], [ 81.3328338, 16.4152216 ], [ 81.3354182, 16.4169301 ], [ 81.3193267, 16.4191593 ], [ 81.3198825, 16.4255116 ], [ 81.3250824, 16.4295709 ], [ 81.3257231, 16.4427205 ], [ 81.3219527, 16.4590169 ], [ 81.315645, 16.4592404 ], [ 81.2932743, 16.4533823 ], [ 81.3005499, 16.4480635 ], [ 81.3052303, 16.4384395 ], [ 81.2967866, 16.4362551 ], [ 81.2821807, 16.4261606 ], [ 81.2791052, 16.4293739 ], [ 81.2543817, 16.40263 ], [ 81.2337397, 16.4121776 ], [ 81.229764, 16.4166689 ], [ 81.231776, 16.4272496 ], [ 81.2170158, 16.4198512 ], [ 81.2089682, 16.408897 ], [ 81.2048712, 16.3808742 ], [ 81.1733842, 16.3867114 ], [ 81.1742813, 16.4024432 ], [ 81.1597114, 16.4045152 ], [ 81.1554006, 16.3918061 ], [ 81.1513832, 16.3940166 ], [ 81.1463943, 16.3814766 ], [ 81.1402208, 16.3761043 ], [ 81.1231109, 16.3818268 ], [ 81.117275, 16.3809077 ], [ 81.1097732, 16.3881613 ], [ 81.1030967, 16.3804556 ], [ 81.092056, 16.3795414 ], [ 81.0837314, 16.3829159 ], [ 81.0786277, 16.3887913 ], [ 81.0802553, 16.3941509 ], [ 81.0622044, 16.3980711 ], [ 81.0639967, 16.4120685 ], [ 81.0592769, 16.4116334 ], [ 81.0573538, 16.4175814 ], [ 81.0448979, 16.4207072 ], [ 81.045741, 16.4324506 ], [ 81.0477344, 16.4364526 ], [ 81.0613495, 16.4368919 ], [ 81.0675216, 16.4418821 ], [ 81.0661753, 16.4380912 ], [ 81.0768416, 16.4332999 ], [ 81.0819868, 16.4316125 ], [ 81.0833743, 16.4348966 ], [ 81.0801544, 16.4379628 ], [ 81.0839813, 16.4421221 ], [ 81.0823662, 16.4442931 ], [ 81.0912293, 16.4570541 ], [ 81.0863559, 16.4605141 ], [ 81.0938476, 16.467413 ], [ 81.0905302, 16.4693579 ], [ 81.0907802, 16.4745719 ], [ 81.0838602, 16.4788017 ], [ 81.0879983, 16.4911055 ], [ 81.0846241, 16.4929872 ], [ 81.0822153, 16.5043412 ], [ 81.0829428, 16.5078081 ], [ 81.0881355, 16.5088204 ], [ 81.0859874, 16.5226929 ], [ 81.0972637, 16.5430586 ], [ 81.0995332, 16.5647019 ], [ 81.1088168, 16.5718258 ], [ 81.1160231, 16.5713029 ], [ 81.1162956, 16.5774574 ], [ 81.1095302, 16.5765408 ], [ 81.1116447, 16.5915 ], [ 81.098708, 16.6002565 ], [ 81.0892043, 16.592934 ], [ 81.0949353, 16.5872555 ], [ 81.0788218, 16.5748404 ], [ 81.0719829, 16.5759669 ], [ 81.0626674, 16.5704381 ], [ 81.0485359, 16.569729 ], [ 81.0401125, 16.565938 ], [ 81.0398802, 16.5615788 ], [ 81.0359948, 16.5640806 ], [ 81.0277921, 16.5619665 ], [ 81.0224838, 16.5566565 ], [ 81.0192831, 16.5574377 ], [ 81.0185675, 16.5616998 ], [ 81.0114321, 16.5605774 ], [ 81.0063863, 16.586097 ], [ 81.0013737, 16.5882888 ], [ 81.0008149, 16.5954223 ], [ 80.9729543, 16.6262352 ], [ 80.9694702, 16.6464361 ], [ 80.9540931, 16.6652245 ], [ 80.9543491, 16.6713923 ], [ 80.9331779, 16.6741006 ], [ 80.9299495, 16.6911526 ], [ 80.916367, 16.6966157 ], [ 80.9060194, 16.7054228 ], [ 80.9088715, 16.7139014 ], [ 80.8971873, 16.7099349 ], [ 80.8733958, 16.7105615 ], [ 80.871673, 16.7077787 ], [ 80.8749035, 16.7037932 ], [ 80.876203, 16.6889256 ], [ 80.859248, 16.6905785 ], [ 80.8555947, 16.6865235 ], [ 80.859575, 16.6692137 ], [ 80.8817712, 16.6613871 ], [ 80.8839053, 16.6562819 ], [ 80.8848197, 16.6320122 ], [ 80.8735734, 16.6160678 ], [ 80.8695544, 16.6215517 ], [ 80.8623449, 16.6241872 ], [ 80.8481439, 16.6098202 ], [ 80.8364185, 16.6130185 ], [ 80.8315112, 16.6319576 ], [ 80.8363414, 16.6431086 ], [ 80.8252311, 16.6525358 ], [ 80.8230419, 16.6707513 ], [ 80.8193195, 16.6754921 ], [ 80.808884, 16.6603028 ], [ 80.8146705, 16.6583586 ], [ 80.8175673, 16.6508876 ], [ 80.7992639, 16.6343105 ], [ 80.7931452, 16.6424792 ], [ 80.7789201, 16.6216585 ], [ 80.7724345, 16.626384 ], [ 80.7680312, 16.6238886 ], [ 80.7553599, 16.6299781 ], [ 80.7335488, 16.6236219 ], [ 80.6971142, 16.6270825 ], [ 80.6869115, 16.6368694 ], [ 80.6864696, 16.6607352 ], [ 80.6895631, 16.6721246 ], [ 80.723408, 16.7193471 ], [ 80.7484719, 16.7640615 ], [ 80.7542622, 16.7681274 ], [ 80.7665965, 16.7873776 ], [ 80.7675763, 16.7967422 ], [ 80.7781937, 16.8215789 ], [ 80.7777151, 16.8351058 ], [ 80.7707072, 16.8406683 ], [ 80.7711028, 16.848324 ], [ 80.7962953, 16.8593113 ], [ 80.8004733, 16.8734692 ], [ 80.7978428, 16.8764032 ], [ 80.7994797, 16.8811358 ], [ 80.8259476, 16.8787045 ], [ 80.8460509, 16.8871248 ], [ 80.8563243, 16.9135901 ], [ 80.8370256, 16.9269349 ], [ 80.8246424, 16.9302419 ], [ 80.828622, 16.9726627 ], [ 80.8249312, 16.9828749 ], [ 80.8258087, 16.9934236 ], [ 80.7984735, 17.004249 ], [ 80.7985728, 17.007767 ], [ 80.7799513, 17.0273549 ], [ 80.7971055, 17.0617583 ], [ 80.8104134, 17.0553229 ], [ 80.8342811, 17.0504709 ], [ 80.8453095, 17.0399672 ], [ 80.8558411, 17.0465154 ], [ 80.8714913, 17.069835 ], [ 80.8768821, 17.0709919 ], [ 80.8761081, 17.0748777 ], [ 80.867581, 17.0804499 ], [ 80.8752076, 17.0954522 ], [ 80.8764302, 17.1055891 ], [ 80.8679881, 17.1247173 ], [ 80.8782504, 17.1351399 ], [ 80.8795203, 17.1608153 ], [ 80.9070253, 17.1538504 ], [ 80.9165918, 17.1536918 ], [ 80.9239946, 17.1578463 ], [ 80.9264348, 17.1834802 ], [ 80.9187104, 17.1899979 ], [ 80.921012, 17.2005812 ], [ 80.9165725, 17.2133977 ], [ 80.9188773, 17.2197373 ], [ 80.9412815, 17.2192941 ], [ 80.960287, 17.2040652 ], [ 80.9762877, 17.2002724 ], [ 80.9943589, 17.1913233 ], [ 81.0154282, 17.1944023 ], [ 81.0312711, 17.1903299 ], [ 81.0368657, 17.1924819 ], [ 81.0494953, 17.2070686 ], [ 81.055595, 17.2195599 ], [ 81.0546093, 17.2248742 ], [ 81.0796062, 17.2152771 ], [ 81.1094325, 17.2234686 ], [ 81.1739773, 17.230337 ], [ 81.1750164, 17.2369716 ], [ 81.1860909, 17.2484938 ], [ 81.1875947, 17.254652 ], [ 81.1781762, 17.269043 ], [ 81.1795685, 17.2783713 ], [ 81.1766589, 17.2876681 ], [ 81.1904105, 17.3248141 ], [ 81.2103137, 17.3260509 ], [ 81.2335668, 17.3203608 ], [ 81.2446301, 17.3230896 ], [ 81.2456713, 17.3257899 ], [ 81.2740288, 17.3171927 ], [ 81.3011071, 17.3406635 ], [ 81.3163139, 17.364484 ], [ 81.3164697, 17.3690023 ], [ 81.3226374, 17.3745444 ], [ 81.3185934, 17.3984233 ], [ 81.3123823, 17.4087238 ], [ 81.2685423, 17.418259 ], [ 81.2455072, 17.4330256 ], [ 81.2184869, 17.4422059 ], [ 81.211759, 17.4417402 ], [ 81.2052636, 17.4495879 ], [ 81.2026971, 17.4339532 ], [ 81.1932972, 17.4356252 ], [ 81.1723271, 17.4490433 ], [ 81.1755473, 17.4636364 ], [ 81.1482537, 17.4636533 ], [ 81.1596051, 17.4843025 ], [ 81.1421454, 17.4885875 ], [ 81.144871, 17.495076 ], [ 81.1384757, 17.5162356 ], [ 81.1272797, 17.5264229 ], [ 81.1174646, 17.5220708 ], [ 81.0975632, 17.5042559 ], [ 81.091348, 17.5056522 ], [ 81.0800677, 17.5150461 ], [ 81.0148264, 17.5221262 ], [ 81.0136769, 17.5366187 ], [ 81.0084259, 17.5470023 ], [ 81.0028082, 17.5506098 ], [ 80.9983998, 17.5646846 ], [ 80.9888044, 17.5724194 ], [ 80.9693064, 17.5983766 ], [ 80.975707, 17.6194111 ], [ 80.9842382, 17.6262861 ], [ 80.998401, 17.6282381 ] ], [ [ 80.9706409, 16.7623758 ], [ 80.9458295, 16.7538417 ], [ 80.9509118, 16.7492226 ], [ 80.9291273, 16.7122922 ], [ 80.9303703, 16.7076904 ], [ 80.9362511, 16.710116 ], [ 80.9400813, 16.7083805 ], [ 80.9493283, 16.6970097 ], [ 80.955584, 16.7013154 ], [ 80.9682579, 16.7246011 ], [ 80.9893887, 16.7216635 ], [ 80.9949845, 16.7297728 ], [ 81.0000608, 16.7493613 ], [ 80.9910915, 16.750714 ], [ 80.9706409, 16.7623758 ] ], [ [ 80.9724982, 16.6727414 ], [ 80.9720444, 16.6654385 ], [ 80.9771921, 16.6637989 ], [ 80.9790049, 16.6568302 ], [ 80.9955032, 16.6355182 ], [ 81.0088121, 16.6338043 ], [ 81.0184393, 16.6503155 ], [ 80.9987432, 16.6645724 ], [ 81.0073531, 16.6720775 ], [ 80.9898844, 16.6812811 ], [ 80.9724982, 16.6727414 ] ] ] } },
{ "type": "Feature", "properties": { "district": "East Godavari", "state": "Andhra Pradesh" }, "geometry": { "type": "Polygon", "coordinates": [ [ [ 81.8915846, 17.318516 ], [ 81.9131072, 17.3042355 ], [ 81.9248789, 17.3139145 ], [ 81.9267623, 17.3126901 ], [ 81.9197531, 17.3022381 ], [ 81.9210708, 17.2969979 ], [ 81.9181594, 17.2920707 ], [ 81.9204772, 17.2923582 ], [ 81.9160331, 17.2797998 ], [ 81.9413477, 17.2809639 ], [ 81.9470158, 17.2856505 ], [ 81.9520449, 17.2853494 ], [ 81.955433, 17.292276 ], [ 81.9648007, 17.2924604 ], [ 81.9629132, 17.3006619 ], [ 81.9763702, 17.303802 ], [ 81.9741877, 17.3153107 ], [ 81.9991756, 17.3093941 ], [ 82.0100763, 17.3166284 ], [ 82.0111912, 17.3097975 ], [ 82.0250079, 17.3117925 ], [ 82.0290993, 17.3070744 ], [ 82.0363654, 17.3068683 ], [ 82.037993, 17.28868 ], [ 82.0212288, 17.2851672 ], [ 82.0150301, 17.2728879 ], [ 82.0070483, 17.2679663 ], [ 82.0079201, 17.2632124 ], [ 81.9909249, 17.2604699 ], [ 81.9669381, 17.2622733 ], [ 81.9618807, 17.252347 ], [ 81.9511019, 17.2500559 ], [ 81.9529104, 17.236248 ], [ 81.9468557, 17.2280869 ], [ 81.9439725, 17.2282196 ], [ 81.9434928, 17.2167152 ], [ 81.9371475, 17.2008372 ], [ 81.9214737, 17.1990885 ], [ 81.907532, 17.1928237 ], [ 81.9025308, 17.1736347 ], [ 81.8985813, 17.1692294 ], [ 81.9000081, 17.1659752 ], [ 81.9056344, 17.1721764 ], [ 81.9109122, 17.1721912 ], [ 81.9089159, 17.1640608 ], [ 81.9139463, 17.1578235 ], [ 81.9158812, 17.143038 ], [ 81.9123346, 17.14232 ], [ 81.9111244, 17.1342384 ], [ 81.9183318, 17.1274259 ], [ 81.9201744, 17.1110129 ], [ 81.9248515, 17.1029825 ], [ 81.9396385, 17.1047414 ], [ 81.9418737, 17.1094517 ], [ 81.9507832, 17.1105532 ], [ 81.9527782, 17.1158211 ], [ 81.9580118, 17.1182656 ], [ 82.0010454, 17.1190539 ], [ 82.020865, 17.1042442 ], [ 82.0465409, 17.0913255 ], [ 82.0475673, 17.0741709 ], [ 82.0389066, 17.0692777 ], [ 82.0368098, 17.0644725 ], [ 82.0311024, 17.0638489 ], [ 82.0339472, 17.0488472 ], [ 82.0307363, 17.0379361 ], [ 82.0745334, 17.0422379 ], [ 82.0774134, 17.0379388 ], [ 82.0767821, 17.0277871 ], [ 82.069214, 17.0224211 ], [ 82.067704, 17.0134108 ], [ 82.0605084, 17.011049 ], [ 82.0630342, 16.9988661 ], [ 82.0590916, 16.9929803 ], [ 82.0660177, 16.9922556 ], [ 82.0670252, 16.976543 ], [ 82.0736451, 16.9569994 ], [ 82.0632975, 16.9444182 ], [ 82.0662719, 16.9285146 ], [ 82.0604188, 16.9208745 ], [ 82.0561009, 16.9005835 ], [ 82.0583591, 16.8944801 ], [ 82.074314, 16.8978265 ], [ 82.074643, 16.8849222 ], [ 82.0725851, 16.8772 ], [ 82.0577907, 16.879041 ], [ 82.0609396, 16.8739575 ], [ 82.0524673, 16.8752269 ], [ 82.0435218, 16.8838391 ], [ 82.0455006, 16.894782 ], [ 82.037437, 16.9010087 ], [ 82.0395688, 16.9051085 ], [ 82.0362991, 16.9050688 ], [ 82.0281989, 16.8951513 ], [ 82.0298018, 16.904365 ], [ 82.0192063, 16.9046083 ], [ 82.0195136, 16.9085269 ], [ 82.0111432, 16.9128781 ], [ 82.0110934, 16.9174051 ], [ 82.0020234, 16.9182019 ], [ 81.9958329, 16.9084551 ], [ 81.9946298, 16.8959915 ], [ 81.9824818, 16.8964835 ], [ 81.9805287, 16.8834913 ], [ 81.988183, 16.8820225 ], [ 81.9871284, 16.8760785 ], [ 81.9829276, 16.8645989 ], [ 81.9743369, 16.8644778 ], [ 81.9732896, 16.8588323 ], [ 81.9784779, 16.8555447 ], [ 81.9721787, 16.8465395 ], [ 81.9645745, 16.8229768 ], [ 81.9555922, 16.8249017 ], [ 81.9574569, 16.8357785 ], [ 81.9520979, 16.8394511 ], [ 81.9541169, 16.8610627 ], [ 81.9588419, 16.8700023 ], [ 81.9498387, 16.8757755 ], [ 81.9572409, 16.8999186 ], [ 81.9534746, 16.9000529 ], [ 81.9511765, 16.9069106 ], [ 81.9379491, 16.9121512 ], [ 81.9368951, 16.9151294 ], [ 81.9404356, 16.9496002 ], [ 81.9369685, 16.9586769 ], [ 81.9386292, 16.9660367 ], [ 81.9316172, 16.9658579 ], [ 81.9309422, 16.9725551 ], [ 81.9264664, 16.9676832 ], [ 81.9181878, 16.969769 ], [ 81.9202045, 16.9803236 ], [ 81.9172685, 16.9804518 ], [ 81.9146627, 16.9670341 ], [ 81.9057006, 16.9615811 ], [ 81.9035383, 16.9489245 ], [ 81.8867773, 16.9513769 ], [ 81.8812661, 16.9453622 ], [ 81.8616338, 16.9402388 ], [ 81.8612817, 16.9355153 ], [ 81.8700504, 16.9324292 ], [ 81.8667531, 16.9271189 ], [ 81.8696374, 16.9183002 ], [ 81.8625751, 16.9051726 ], [ 81.8715554, 16.9009454 ], [ 81.8748456, 16.9046233 ], [ 81.8820693, 16.9011441 ], [ 81.8783635, 16.8931459 ], [ 81.8825209, 16.8891846 ], [ 81.8815197, 16.8830545 ], [ 81.8721235, 16.880687 ], [ 81.8661549, 16.8706817 ], [ 81.8696279, 16.850038 ], [ 81.8629534, 16.8491629 ], [ 81.861789, 16.8451366 ], [ 81.8504651, 16.8475876 ], [ 81.8480713, 16.8697389 ], [ 81.8304396, 16.8744853 ], [ 81.8304206, 16.8661012 ], [ 81.8190239, 16.868447 ], [ 81.808861, 16.8628526 ], [ 81.8093946, 16.8696461 ], [ 81.8038532, 16.8832061 ], [ 81.7914612, 16.8951388 ], [ 81.7893078, 16.9256853 ], [ 81.784496, 16.9377112 ], [ 81.7273566, 16.9355448 ], [ 81.7279801, 16.9229222 ], [ 81.7243141, 16.91429 ], [ 81.7312217, 16.9141727 ], [ 81.733258, 16.8797352 ], [ 81.7467469, 16.8662477 ], [ 81.751603, 16.8510689 ], [ 81.7532908, 16.824794 ], [ 81.7465613, 16.811303 ], [ 81.7501588, 16.8051481 ], [ 81.7445913, 16.7932879 ], [ 81.7650265, 16.7614261 ], [ 81.7852849, 16.7519433 ], [ 81.794424, 16.7376967 ], [ 81.7850068, 16.709272 ], [ 81.8015296, 16.6943276 ], [ 81.7882676, 16.6942005 ], [ 81.7890727, 16.6845488 ], [ 81.7684912, 16.6807563 ], [ 81.7679232, 16.6736717 ], [ 81.7587247, 16.6738271 ], [ 81.7598206, 16.6918837 ], [ 81.7526539, 16.7042501 ], [ 81.7494744, 16.7046035 ], [ 81.7528293, 16.7274225 ], [ 81.7449955, 16.7302906 ], [ 81.7368688, 16.7239207 ], [ 81.720466, 16.7285019 ], [ 81.7239682, 16.7581268 ], [ 81.7270627, 16.759823 ], [ 81.725802, 16.7714711 ], [ 81.7200745, 16.7699031 ], [ 81.7214046, 16.7641022 ], [ 81.6960944, 16.7665844 ], [ 81.6936657, 16.7639569 ], [ 81.6899671, 16.766361 ], [ 81.6876991, 16.760802 ], [ 81.6861655, 16.7664818 ], [ 81.6821839, 16.767119 ], [ 81.6803729, 16.7610147 ], [ 81.6759385, 16.7675788 ], [ 81.669946, 16.7663411 ], [ 81.6684341, 16.7742094 ], [ 81.6452855, 16.7782113 ], [ 81.6459384, 16.7839151 ], [ 81.6365466, 16.7851279 ], [ 81.6365943, 16.7885013 ], [ 81.6250268, 16.7951521 ], [ 81.632221, 16.8019563 ], [ 81.6400769, 16.8281035 ], [ 81.6523832, 16.8375432 ], [ 81.6524873, 16.8465151 ], [ 81.656407, 16.8510524 ], [ 81.6431697, 16.8561483 ], [ 81.6366645, 16.8535965 ], [ 81.6377166, 16.8593116 ], [ 81.6306733, 16.8628224 ], [ 81.630837, 16.8749866 ], [ 81.6268437, 16.886309 ], [ 81.6165319, 16.896792 ], [ 81.6091065, 16.8986488 ], [ 81.6078142, 16.9035849 ], [ 81.6004435, 16.9018459 ], [ 81.5928902, 16.9044219 ], [ 81.5899639, 16.9010814 ], [ 81.5740149, 16.9008686 ], [ 81.5656228, 16.9134466 ], [ 81.5530359, 16.918416 ], [ 81.5504893, 16.9333159 ], [ 81.5394688, 16.9478503 ], [ 81.5292382, 16.9421025 ], [ 81.517421, 16.9474368 ], [ 81.5026854, 16.9555519 ], [ 81.4992787, 16.9629482 ], [ 81.4951369, 16.963456 ], [ 81.4942956, 16.9718124 ], [ 81.4890419, 16.9699285 ], [ 81.4928209, 16.9570408 ], [ 81.485524, 16.9439829 ], [ 81.4884341, 16.9218556 ], [ 81.4849038, 16.9092142 ], [ 81.4713014, 16.8972159 ], [ 81.4425404, 16.9003572 ], [ 81.442617, 16.8957532 ], [ 81.4497119, 16.8912988 ], [ 81.4510287, 16.8848125 ], [ 81.4470771, 16.8864536 ], [ 81.4396697, 16.8766053 ], [ 81.4211547, 16.8685778 ], [ 81.4011501, 16.8703007 ], [ 81.3943998, 16.8638442 ], [ 81.3897877, 16.8653985 ], [ 81.3874366, 16.8757038 ], [ 81.3893084, 16.890814 ], [ 81.3929283, 16.8966552 ], [ 81.3891132, 16.9068869 ], [ 81.3721454, 16.908947 ], [ 81.3625394, 16.8973189 ], [ 81.3359237, 16.8982799 ], [ 81.3251894, 16.9182695 ], [ 81.3315646, 16.9283293 ], [ 81.3054605, 16.9313828 ], [ 81.291899, 16.9377558 ], [ 81.2976942, 16.9522279 ], [ 81.30668, 16.9572859 ], [ 81.3127156, 16.9681162 ], [ 81.3320531, 16.9661194 ], [ 81.3126309, 16.9726296 ], [ 81.3369494, 16.9904249 ], [ 81.3456796, 16.9911501 ], [ 81.3571538, 16.9841763 ], [ 81.3672724, 16.9864732 ], [ 81.3740936, 17.0039323 ], [ 81.3665131, 17.020044 ], [ 81.3677921, 17.0270239 ], [ 81.37034, 17.0308634 ], [ 81.3797112, 17.0326065 ], [ 81.37972, 17.0366808 ], [ 81.3865589, 17.0376157 ], [ 81.3868683, 17.0415802 ], [ 81.3931495, 17.0386869 ], [ 81.3973207, 17.0462755 ], [ 81.4113776, 17.0434663 ], [ 81.4128499, 17.0487463 ], [ 81.4196329, 17.0496532 ], [ 81.4296802, 17.0439569 ], [ 81.4341611, 17.0402156 ], [ 81.4324718, 17.0308939 ], [ 81.4374047, 17.0273722 ], [ 81.4424866, 17.0108621 ], [ 81.447166, 17.0065362 ], [ 81.4542852, 17.0072505 ], [ 81.4563274, 17.0242038 ], [ 81.447887, 17.0342671 ], [ 81.4518064, 17.042828 ], [ 81.4409747, 17.0455759 ], [ 81.4411476, 17.0493058 ], [ 81.4337264, 17.0536028 ], [ 81.4331898, 17.0594205 ], [ 81.4297494, 17.0595893 ], [ 81.43016, 17.068903 ], [ 81.4363182, 17.0756681 ], [ 81.4398521, 17.0743366 ], [ 81.4416685, 17.0776025 ], [ 81.4492762, 17.0747559 ], [ 81.452464, 17.0777127 ], [ 81.4577187, 17.0918339 ], [ 81.4535703, 17.0983643 ], [ 81.4483097, 17.0976236 ], [ 81.4456233, 17.1080768 ], [ 81.4520953, 17.1132347 ], [ 81.4665361, 17.1140739 ], [ 81.4720125, 17.1298622 ], [ 81.4758012, 17.1304192 ], [ 81.4739268, 17.1375001 ], [ 81.4775512, 17.1504297 ], [ 81.470169, 17.1584718 ], [ 81.470771, 17.1651524 ], [ 81.4673674, 17.1655206 ], [ 81.4617214, 17.1594371 ], [ 81.4530685, 17.1588249 ], [ 81.472306, 17.1730722 ], [ 81.4695545, 17.1759879 ], [ 81.4759695, 17.1747828 ], [ 81.4730301, 17.1796574 ], [ 81.4765705, 17.1849859 ], [ 81.4971709, 17.1934548 ], [ 81.4987591, 17.2014239 ], [ 81.5138978, 17.1994396 ], [ 81.5273328, 17.2073155 ], [ 81.5378772, 17.205727 ], [ 81.5395073, 17.2114979 ], [ 81.547558, 17.2151437 ], [ 81.5703903, 17.2072164 ], [ 81.5918733, 17.2124883 ], [ 81.5940745, 17.2064585 ], [ 81.5871838, 17.2025146 ], [ 81.5877523, 17.1947114 ], [ 81.5932981, 17.1903511 ], [ 81.5932732, 17.1833288 ], [ 81.5974124, 17.1781797 ], [ 81.6111864, 17.1816036 ], [ 81.6486521, 17.1657816 ], [ 81.6511656, 17.1692906 ], [ 81.6583047, 17.1698578 ], [ 81.6406582, 17.2072624 ], [ 81.6414344, 17.2286515 ], [ 81.6554593, 17.2492087 ], [ 81.6593659, 17.273891 ], [ 81.6856127, 17.2731722 ], [ 81.6863585, 17.264966 ], [ 81.6801006, 17.2549403 ], [ 81.6857139, 17.240015 ], [ 81.680921, 17.2340551 ], [ 81.69226, 17.2300852 ], [ 81.7020773, 17.2320014 ], [ 81.7093819, 17.2247028 ], [ 81.7194451, 17.2222851 ], [ 81.7188652, 17.233484 ], [ 81.7210412, 17.2345884 ], [ 81.7407098, 17.2354513 ], [ 81.7439376, 17.2391538 ], [ 81.7515095, 17.2385759 ], [ 81.7544015, 17.234598 ], [ 81.7657631, 17.2497098 ], [ 81.7782972, 17.2465466 ], [ 81.7824922, 17.2497996 ], [ 81.7853269, 17.2457628 ], [ 81.8006453, 17.2446298 ], [ 81.805977, 17.2468173 ], [ 81.8077303, 17.2606833 ], [ 81.8265091, 17.2589258 ], [ 81.8271449, 17.2764249 ], [ 81.8227804, 17.2887461 ], [ 81.8263824, 17.3008323 ], [ 81.8244754, 17.3056189 ], [ 81.8281424, 17.3098417 ], [ 81.8424152, 17.3099784 ], [ 81.846116, 17.3011968 ], [ 81.8578203, 17.2968723 ], [ 81.8599886, 17.2891584 ], [ 81.8642191, 17.2917764 ], [ 81.8675423, 17.2884272 ], [ 81.8712361, 17.2930335 ], [ 81.8822642, 17.2971039 ], [ 81.8800834, 17.3136397 ], [ 81.8915846, 17.318516 ] ] ] } },
{ "type": "Feature", "properties": { "district": "West Godavari", "state": "Andhra Pradesh" }, "geometry": { "type": "Polygon", "coordinates": [ [ [ 81.4926876, 16.9716165 ], [ 81.4938432, 16.9650358 ], [ 81.4992787, 16.9629482 ], [ 81.5026854, 16.9555519 ], [ 81.5183769, 16.9469303 ], [ 81.5292382, 16.9421025 ], [ 81.5394688, 16.9478503 ], [ 81.5504893, 16.9333159 ], [ 81.5530359, 16.918416 ], [ 81.5656228, 16.9134466 ], [ 81.5740149, 16.9008686 ], [ 81.6069206, 16.9042272 ], [ 81.6091065, 16.8986488 ], [ 81.6234693, 16.8917492 ], [ 81.630122, 16.8788841 ], [ 81.6306733, 16.8628224 ], [ 81.6377166, 16.8593116 ], [ 81.6366645, 16.8535965 ], [ 81.6431697, 16.8561483 ], [ 81.656407, 16.8510524 ], [ 81.6524873, 16.8465151 ], [ 81.6523832, 16.8375432 ], [ 81.6400769, 16.8281035 ], [ 81.632221, 16.8019563 ], [ 81.6250268, 16.7951521 ], [ 81.6365943, 16.7885013 ], [ 81.6365466, 16.7851279 ], [ 81.6459384, 16.7839151 ], [ 81.6452855, 16.7782113 ], [ 81.6684341, 16.7742094 ], [ 81.669946, 16.7663411 ], [ 81.6759385, 16.7675788 ], [ 81.6803729, 16.7610147 ], [ 81.6821839, 16.767119 ], [ 81.6861655, 16.7664818 ], [ 81.6876991, 16.760802 ], [ 81.6899671, 16.766361 ], [ 81.6936657, 16.7639569 ], [ 81.6960944, 16.7665844 ], [ 81.7214046, 16.7641022 ], [ 81.7200745, 16.7699031 ], [ 81.725802, 16.7714711 ], [ 81.7270627, 16.759823 ], [ 81.7239682, 16.7581268 ], [ 81.720466, 16.7285019 ], [ 81.7368688, 16.7239207 ], [ 81.7449955, 16.7302906 ], [ 81.7528293, 16.7274225 ], [ 81.7494744, 16.7046035 ], [ 81.7526539, 16.7042501 ], [ 81.7598206, 16.6918837 ], [ 81.7587247, 16.6738271 ], [ 81.7679232, 16.6736717 ], [ 81.7684912, 16.6807563 ], [ 81.7890727, 16.6845488 ], [ 81.7886256, 16.6944017 ], [ 81.8015296, 16.6943276 ], [ 81.8111637, 16.6788418 ], [ 81.8420138, 16.6469636 ], [ 81.8568358, 16.6120271 ], [ 81.8583676, 16.596062 ], [ 81.8540144, 16.5590413 ], [ 81.8448452, 16.5291695 ], [ 81.8485346, 16.5044122 ], [ 81.8464093, 16.4959188 ], [ 81.819812, 16.490392 ], [ 81.8068662, 16.4834758 ], [ 81.7888934, 16.4631528 ], [ 81.785381, 16.463572 ], [ 81.7820912, 16.4506483 ], [ 81.7554765, 16.4234367 ], [ 81.7462574, 16.4201625 ], [ 81.7364257, 16.4222959 ], [ 81.7283675, 16.4406367 ], [ 81.7188019, 16.4473311 ], [ 81.7102601, 16.4428732 ], [ 81.699987, 16.4227872 ], [ 81.6982496, 16.4090364 ], [ 81.706689, 16.3924099 ], [ 81.7171783, 16.3570858 ], [ 81.7132553, 16.3308171 ], [ 81.7166635, 16.3229369 ], [ 81.7106521, 16.3164848 ], [ 81.6906399, 16.3274718 ], [ 81.5525415, 16.3471355 ], [ 81.554585, 16.3557366 ], [ 81.5467486, 16.3779734 ], [ 81.5227706, 16.3806684 ], [ 81.5127693, 16.3699703 ], [ 81.4948353, 16.3698653 ], [ 81.4883253, 16.3730571 ], [ 81.4804525, 16.3877249 ], [ 81.4699855, 16.3981755 ], [ 81.4628135, 16.3984614 ], [ 81.4527514, 16.4047709 ], [ 81.4377258, 16.3981578 ], [ 81.4269103, 16.410833 ], [ 81.4258898, 16.4190462 ], [ 81.4120526, 16.4201555 ], [ 81.3998309, 16.4303071 ], [ 81.400962, 16.4389 ], [ 81.3844102, 16.4432527 ], [ 81.3884582, 16.4460986 ], [ 81.3732357, 16.4587396 ], [ 81.3785736, 16.4670529 ], [ 81.3689922, 16.475351 ], [ 81.3707716, 16.4993953 ], [ 81.3653532, 16.5007572 ], [ 81.3629059, 16.5070256 ], [ 81.3384205, 16.5048851 ], [ 81.3326308, 16.5104346 ], [ 81.3390356, 16.5128562 ], [ 81.3395701, 16.5271593 ], [ 81.3436671, 16.5302681 ], [ 81.3426513, 16.5383632 ], [ 81.3490059, 16.5648089 ], [ 81.3462486, 16.5910693 ], [ 81.3533331, 16.5916515 ], [ 81.3506318, 16.5971212 ], [ 81.3573861, 16.5961307 ], [ 81.3545393, 16.6102616 ], [ 81.3453092, 16.603872 ], [ 81.3276727, 16.619341 ], [ 81.3263397, 16.6258542 ], [ 81.3305356, 16.6375468 ], [ 81.3347833, 16.6369512 ], [ 81.3378229, 16.6468527 ], [ 81.3505123, 16.6488193 ], [ 81.3579387, 16.6466502 ], [ 81.3533113, 16.6505764 ], [ 81.3396103, 16.6501336 ], [ 81.3393548, 16.6529159 ], [ 81.3566768, 16.6542397 ], [ 81.3553786, 16.6620915 ], [ 81.3579429, 16.6637816 ], [ 81.3778472, 16.6662736 ], [ 81.4186862, 16.6655354 ], [ 81.4318096, 16.6606572 ], [ 81.4441253, 16.6635696 ], [ 81.4456346, 16.669121 ], [ 81.45331, 16.6728993 ], [ 81.4534281, 16.6769419 ], [ 81.459838, 16.675113 ], [ 81.4733299, 16.6793751 ], [ 81.4761319, 16.6747944 ], [ 81.4949611, 16.6729297 ], [ 81.5005063, 16.6699912 ], [ 81.4991505, 16.6644845 ], [ 81.5067932, 16.6625941 ], [ 81.5069778, 16.6665776 ], [ 81.5119795, 16.6657126 ], [ 81.5143767, 16.6738418 ], [ 81.5325356, 16.6721759 ], [ 81.5325372, 16.6662242 ], [ 81.5404385, 16.665367 ], [ 81.5394473, 16.6535771 ], [ 81.5439245, 16.65294 ], [ 81.5448111, 16.6476171 ], [ 81.5492366, 16.6443661 ], [ 81.5559765, 16.6440885 ], [ 81.5640407, 16.6562139 ], [ 81.553716, 16.6679246 ], [ 81.5563409, 16.6797199 ], [ 81.5717079, 16.6823067 ], [ 81.5712107, 16.6909971 ], [ 81.5792478, 16.6933669 ], [ 81.5845681, 16.703425 ], [ 81.5993895, 16.7028784 ], [ 81.5992883, 16.7082969 ], [ 81.5957653, 16.7093961 ], [ 81.5961247, 16.7208588 ], [ 81.5688101, 16.7233995 ], [ 81.5668068, 16.7330425 ], [ 81.5701987, 16.7414282 ], [ 81.564623, 16.7588904 ], [ 81.5552523, 16.759516 ], [ 81.5537732, 16.7629197 ], [ 81.5469581, 16.7356874 ], [ 81.5290105, 16.7375661 ], [ 81.5273848, 16.7507297 ], [ 81.5325885, 16.7575697 ], [ 81.5292852, 16.7748887 ], [ 81.5283608, 16.7688898 ], [ 81.5202904, 16.7594381 ], [ 81.5187909, 16.7372264 ], [ 81.5118397, 16.7289925 ], [ 81.5027036, 16.7256666 ], [ 81.4902271, 16.734639 ], [ 81.4778437, 16.7361391 ], [ 81.4756526, 16.7305865 ], [ 81.4700199, 16.7314354 ], [ 81.4693264, 16.7259301 ], [ 81.4619646, 16.7272932 ], [ 81.4493324, 16.7228593 ], [ 81.4465383, 16.7283802 ], [ 81.4481592, 16.7336371 ], [ 81.4432243, 16.7341656 ], [ 81.4398831, 16.7569194 ], [ 81.4630229, 16.7536952 ], [ 81.4714045, 16.7590523 ], [ 81.4811525, 16.7559232 ], [ 81.4753447, 16.7660758 ], [ 81.4763606, 16.7759526 ], [ 81.4724243, 16.7792721 ], [ 81.4813488, 16.7962941 ], [ 81.4902581, 16.7959679 ], [ 81.4980102, 16.8137181 ], [ 81.4867436, 16.8179088 ], [ 81.4882382, 16.8247714 ], [ 81.4784894, 16.8416488 ], [ 81.4751513, 16.8645788 ], [ 81.4714291, 16.8631035 ], [ 81.4572134, 16.8700329 ], [ 81.4607274, 16.8788718 ], [ 81.4604771, 16.8988252 ], [ 81.4718704, 16.897349 ], [ 81.4867662, 16.9124435 ], [ 81.4878553, 16.9375867 ], [ 81.485524, 16.9439829 ], [ 81.4926301, 16.9546268 ], [ 81.4887977, 16.9671395 ], [ 81.4896101, 16.9717167 ], [ 81.4926876, 16.9716165 ] ] ] } },
{ "type": "Feature", "properties": { "district": "Konaseema", "state": "Andhra Pradesh" }, "geometry": { "type": "Polygon", "coordinates": [ [ [ 81.918544, 16.96964 ], [ 81.9264664, 16.9676832 ], [ 81.9309422, 16.9725551 ], [ 81.9316172, 16.9658579 ], [ 81.9386292, 16.9660367 ], [ 81.9369685, 16.9586769 ], [ 81.9404356, 16.9496002 ], [ 81.9368951, 16.9151294 ], [ 81.9379491, 16.9121512 ], [ 81.9511765, 16.9069106 ], [ 81.9534746, 16.9000529 ], [ 81.9572409, 16.8999186 ], [ 81.9498387, 16.8757755 ], [ 81.9588419, 16.8700023 ], [ 81.9525475, 16.8520289 ], [ 81.9520979, 16.8394511 ], [ 81.9574569, 16.8357785 ], [ 81.9555922, 16.8249017 ], [ 81.9645745, 16.8229768 ], [ 81.9721787, 16.8465395 ], [ 81.9784779, 16.8555447 ], [ 81.9732896, 16.8588323 ], [ 81.9743369, 16.8644778 ], [ 81.9829276, 16.8645989 ], [ 81.9871284, 16.8760785 ], [ 81.988183, 16.8820225 ], [ 81.9805287, 16.8834913 ], [ 81.9824818, 16.8964835 ], [ 81.9946298, 16.8959915 ], [ 81.9958329, 16.9084551 ], [ 82.0020234, 16.9182019 ], [ 82.0110934, 16.9174051 ], [ 82.0111432, 16.9128781 ], [ 82.0195136, 16.9085269 ], [ 82.0192063, 16.9046083 ], [ 82.0298018, 16.904365 ], [ 82.0281989, 16.8951513 ], [ 82.0362991, 16.9050688 ], [ 82.0395688, 16.9051085 ], [ 82.037437, 16.9010087 ], [ 82.0455006, 16.894782 ], [ 82.0435218, 16.8838391 ], [ 82.0524673, 16.8752269 ], [ 82.0609396, 16.8739575 ], [ 82.0577907, 16.879041 ], [ 82.0725851, 16.8772 ], [ 82.074643, 16.8849222 ], [ 82.0874206, 16.8816661 ], [ 82.0940704, 16.8832716 ], [ 82.0940507, 16.8732912 ], [ 82.1044589, 16.8669992 ], [ 82.1039506, 16.863408 ], [ 82.0833432, 16.854129 ], [ 82.08319, 16.8514259 ], [ 82.088925, 16.8486336 ], [ 82.0925299, 16.8420312 ], [ 82.0892001, 16.8338392 ], [ 82.0958793, 16.8340559 ], [ 82.1003207, 16.8437907 ], [ 82.107709, 16.8428259 ], [ 82.111349, 16.836024 ], [ 82.1110865, 16.8291746 ], [ 82.0994131, 16.8066061 ], [ 82.1088902, 16.8057523 ], [ 82.1071069, 16.7960699 ], [ 82.1102272, 16.7923967 ], [ 82.104849, 16.7911389 ], [ 82.1145034, 16.78715 ], [ 82.1145858, 16.7781304 ], [ 82.1205548, 16.7688789 ], [ 82.1213882, 16.7600539 ], [ 82.1347626, 16.7550989 ], [ 82.1400212, 16.7490707 ], [ 82.1469488, 16.7529606 ], [ 82.1514342, 16.7510445 ], [ 82.1376634, 16.7460679 ], [ 82.1368794, 16.74152 ], [ 82.1406734, 16.7394601 ], [ 82.1390381, 16.736393 ], [ 82.1253301, 16.7234783 ], [ 82.1367193, 16.7199674 ], [ 82.1465318, 16.7260736 ], [ 82.1408203, 16.7198814 ], [ 82.1441164, 16.7206384 ], [ 82.1486674, 16.7120602 ], [ 82.1451149, 16.7047433 ], [ 82.1591258, 16.7051363 ], [ 82.1707087, 16.7091745 ], [ 82.1865282, 16.7080681 ], [ 82.2024924, 16.7139827 ], [ 82.20081, 16.718609 ], [ 82.2320996, 16.7181057 ], [ 82.2612829, 16.7019151 ], [ 82.2841736, 16.7053288 ], [ 82.302644, 16.718257 ], [ 82.3106161, 16.7350373 ], [ 82.2995148, 16.7680939 ], [ 82.300297, 16.7771501 ], [ 82.3038568, 16.7772964 ], [ 82.3212769, 16.7771974 ], [ 82.333345, 16.7167305 ], [ 82.338899, 16.7147085 ], [ 82.3448572, 16.7054717 ], [ 82.3344096, 16.6987468 ], [ 82.3353801, 16.6900779 ], [ 82.3276884, 16.6849207 ], [ 82.3378171, 16.6897583 ], [ 82.3539954, 16.7056318 ], [ 82.3511643, 16.7134758 ], [ 82.3464493, 16.7156379 ], [ 82.353742, 16.7136207 ], [ 82.3549635, 16.7042801 ], [ 82.3600155, 16.7070489 ], [ 82.3598777, 16.7108445 ], [ 82.3652895, 16.7064781 ], [ 82.3455476, 16.6965066 ], [ 82.3226987, 16.6730423 ], [ 82.3172881, 16.6622664 ], [ 82.3290528, 16.6144752 ], [ 82.3188743, 16.5768263 ], [ 82.3135897, 16.574859 ], [ 82.3178172, 16.5817107 ], [ 82.3148196, 16.5811122 ], [ 82.3165042, 16.5832506 ], [ 82.3125766, 16.5871012 ], [ 82.3092459, 16.5926291 ], [ 82.3140734, 16.5866678 ], [ 82.3179614, 16.5871818 ], [ 82.324971, 16.6021954 ], [ 82.3256162, 16.614143 ], [ 82.320097, 16.6265188 ], [ 82.3210444, 16.6412406 ], [ 82.3171594, 16.6426895 ], [ 82.3124059, 16.6532766 ], [ 82.3128228, 16.6680119 ], [ 82.3087523, 16.6533983 ], [ 82.3099694, 16.6393002 ], [ 82.3143444, 16.632461 ], [ 82.3121417, 16.6270753 ], [ 82.3089603, 16.629522 ], [ 82.3068534, 16.6227833 ], [ 82.3075029, 16.6399272 ], [ 82.3041829, 16.6287894 ], [ 82.3044902, 16.6367419 ], [ 82.3014137, 16.6280938 ], [ 82.3014805, 16.6338775 ], [ 82.2960141, 16.6260319 ], [ 82.2999315, 16.6363419 ], [ 82.2956203, 16.6260218 ], [ 82.2842591, 16.6260272 ], [ 82.2904206, 16.6097484 ], [ 82.2848961, 16.59999 ], [ 82.2946374, 16.60254 ], [ 82.2994568, 16.5920114 ], [ 82.2988244, 16.5864358 ], [ 82.2872785, 16.5709576 ], [ 82.2858278, 16.5733804 ], [ 82.2765579, 16.5709301 ], [ 82.2630846, 16.5630193 ], [ 82.2768808, 16.5593948 ], [ 82.2934624, 16.5630452 ], [ 82.2936771, 16.567575 ], [ 82.2971753, 16.567568 ], [ 82.2936984, 16.5580547 ], [ 82.2809865, 16.5586457 ], [ 82.2905778, 16.5552228 ], [ 82.2996409, 16.5581944 ], [ 82.2991545, 16.5722366 ], [ 82.3008702, 16.56239 ], [ 82.3097023, 16.5646531 ], [ 82.3106684, 16.5677382 ], [ 82.3134365, 16.5648201 ], [ 82.3136713, 16.5587352 ], [ 82.3128521, 16.5634865 ], [ 82.2994843, 16.5559389 ], [ 82.2871928, 16.5537363 ], [ 82.2664986, 16.5536202 ], [ 82.2349116, 16.5460115 ], [ 82.2296983, 16.5434309 ], [ 82.2311851, 16.5408092 ], [ 82.201742, 16.5251604 ], [ 81.9704482, 16.4075597 ], [ 81.96359, 16.4027046 ], [ 81.9577319, 16.3923745 ], [ 81.9486706, 16.3962039 ], [ 81.9394064, 16.3953761 ], [ 81.878151, 16.3826313 ], [ 81.8227503, 16.3587338 ], [ 81.786673, 16.3403314 ], [ 81.7870759, 16.3381854 ], [ 81.7179476, 16.3065508 ], [ 81.7192115, 16.3155776 ], [ 81.7109465, 16.3166933 ], [ 81.7166635, 16.3229369 ], [ 81.7132553, 16.3308171 ], [ 81.717028, 16.3585385 ], [ 81.706689, 16.3924099 ], [ 81.6982496, 16.4090364 ], [ 81.699987, 16.4227872 ], [ 81.7102601, 16.4428732 ], [ 81.7188019, 16.4473311 ], [ 81.7283675, 16.4406367 ], [ 81.7364257, 16.4222959 ], [ 81.7462574, 16.4201625 ], [ 81.7554765, 16.4234367 ], [ 81.7820912, 16.4506483 ], [ 81.785381, 16.463572 ], [ 81.7888934, 16.4631528 ], [ 81.8068662, 16.4834758 ], [ 81.819812, 16.490392 ], [ 81.8464093, 16.4959188 ], [ 81.8485346, 16.5044122 ], [ 81.8448452, 16.5291695 ], [ 81.8540144, 16.5590413 ], [ 81.8584127, 16.5978525 ], [ 81.8568358, 16.6120271 ], [ 81.8420138, 16.6469636 ], [ 81.8111637, 16.6788418 ], [ 81.802229, 16.6936539 ], [ 81.7854624, 16.7080202 ], [ 81.7854968, 16.7138864 ], [ 81.7948437, 16.733009 ], [ 81.7908606, 16.7454109 ], [ 81.7848502, 16.7522217 ], [ 81.7650265, 16.7614261 ], [ 81.7445913, 16.7932879 ], [ 81.7501588, 16.8051481 ], [ 81.7465613, 16.811303 ], [ 81.7532908, 16.824794 ], [ 81.751603, 16.8510689 ], [ 81.7467469, 16.8662477 ], [ 81.733258, 16.8797352 ], [ 81.7312217, 16.9141727 ], [ 81.7243141, 16.91429 ], [ 81.7279801, 16.9229222 ], [ 81.7273566, 16.9355448 ], [ 81.784496, 16.9377112 ], [ 81.7893078, 16.9256853 ], [ 81.7914612, 16.8951388 ], [ 81.8038532, 16.8832061 ], [ 81.8093946, 16.8696461 ], [ 81.808861, 16.8628526 ], [ 81.8190239, 16.868447 ], [ 81.8304206, 16.8661012 ], [ 81.8304396, 16.8744853 ], [ 81.8480713, 16.8697389 ], [ 81.8504651, 16.8475876 ], [ 81.861789, 16.8451366 ], [ 81.8629534, 16.8491629 ], [ 81.8696279, 16.850038 ], [ 81.8661549, 16.8706817 ], [ 81.8721235, 16.880687 ], [ 81.8815197, 16.8830545 ], [ 81.8825209, 16.8891846 ], [ 81.8783635, 16.8931459 ], [ 81.8820693, 16.9011441 ], [ 81.8748456, 16.9046233 ], [ 81.8715554, 16.9009454 ], [ 81.8625751, 16.9051726 ], [ 81.8696374, 16.9183002 ], [ 81.8667531, 16.9271189 ], [ 81.8700504, 16.9324292 ], [ 81.8612817, 16.9355153 ], [ 81.8616338, 16.9402388 ], [ 81.8812661, 16.9453622 ], [ 81.8867773, 16.9513769 ], [ 81.9035383, 16.9489245 ], [ 81.9057006, 16.9615811 ], [ 81.9146627, 16.9670341 ], [ 81.9176128, 16.9806303 ], [ 81.9202045, 16.9803236 ], [ 81.918544, 16.96964 ] ] ] } },
{ "type": "Feature", "properties": { "district": "Kakinada", "state": "Andhra Pradesh" }, "geometry": { "type": "Polygon", "coordinates": [ [ [ 82.4669103, 17.5358242 ], [ 82.4762639, 17.5273028 ], [ 82.4725069, 17.5216914 ], [ 82.4774678, 17.5201037 ], [ 82.4803546, 17.5012246 ], [ 82.487379, 17.499349 ], [ 82.4945118, 17.5001686 ], [ 82.5003928, 17.5080152 ], [ 82.507306, 17.5030068 ], [ 82.5179526, 17.5018647 ], [ 82.5373633, 17.506593 ], [ 82.5481483, 17.5145693 ], [ 82.5527008, 17.527102 ], [ 82.5590841, 17.521974 ], [ 82.561461, 17.4910463 ], [ 82.5679639, 17.4924894 ], [ 82.5694616, 17.4860077 ], [ 82.5842452, 17.4749873 ], [ 82.5853611, 17.468938 ], [ 82.6045791, 17.4603233 ], [ 82.6041088, 17.4548803 ], [ 82.5983834, 17.4432354 ], [ 82.5841179, 17.4301459 ], [ 82.5830299, 17.4248167 ], [ 82.5607914, 17.4083804 ], [ 82.556256, 17.3903747 ], [ 82.5436789, 17.3741776 ], [ 82.5478253, 17.3689226 ], [ 82.5480509, 17.3616921 ], [ 82.5556561, 17.3521206 ], [ 82.5612032, 17.35323 ], [ 82.5659023, 17.3494458 ], [ 82.565113, 17.3417521 ], [ 82.5597876, 17.3417132 ], [ 82.5575841, 17.3259581 ], [ 82.5353725, 17.327328 ], [ 82.5347169, 17.3058071 ], [ 82.5183093, 17.2985825 ], [ 82.5254642, 17.2717147 ], [ 82.5388696, 17.2638971 ], [ 82.5423396, 17.2491291 ], [ 82.4826908, 17.2070415 ], [ 82.4430926, 17.1748087 ], [ 82.3193086, 17.0578489 ], [ 82.2882632, 17.016021 ], [ 82.268644, 16.9565408 ], [ 82.2713789, 16.9479508 ], [ 82.2722511, 16.9477536 ], [ 82.2756859, 16.9514286 ], [ 82.2771168, 16.9517015 ], [ 82.2649306, 16.9389064 ], [ 82.2705544, 16.9414186 ], [ 82.2734572, 16.9475943 ], [ 82.2768341, 16.9505779 ], [ 82.277883, 16.9506957 ], [ 82.2711453, 16.9412961 ], [ 82.2643056, 16.9381842 ], [ 82.2467079, 16.9178472 ], [ 82.2430389, 16.9178366 ], [ 82.2414443, 16.9080366 ], [ 82.2496799, 16.8901468 ], [ 82.2482668, 16.8764651 ], [ 82.2554702, 16.8852648 ], [ 82.2598218, 16.884451 ], [ 82.2659941, 16.8698246 ], [ 82.275221, 16.8675182 ], [ 82.2818786, 16.8719622 ], [ 82.2822556, 16.8648274 ], [ 82.3015806, 16.862643 ], [ 82.3072594, 16.8581223 ], [ 82.3060115, 16.8556999 ], [ 82.307956, 16.8577772 ], [ 82.3112163, 16.854819 ], [ 82.3142288, 16.8458798 ], [ 82.3203999, 16.84897 ], [ 82.31854, 16.8504738 ], [ 82.3213138, 16.8533488 ], [ 82.3360712, 16.8565638 ], [ 82.3494176, 16.8504967 ], [ 82.3548675, 16.8512407 ], [ 82.3615711, 16.8544471 ], [ 82.3632288, 16.8891999 ], [ 82.3633397, 16.9173182 ], [ 82.3577148, 16.9500268 ], [ 82.3521482, 16.9606436 ], [ 82.3401923, 16.9669518 ], [ 82.3331691, 16.9807779 ], [ 82.3258133, 16.9851824 ], [ 82.3262608, 16.988335 ], [ 82.3384316, 16.9867333 ], [ 82.3556457, 16.9677943 ], [ 82.3598502, 16.95723 ], [ 82.366365, 16.9113585 ], [ 82.3652738, 16.8759905 ], [ 82.3580681, 16.8106609 ], [ 82.3429828, 16.7509566 ], [ 82.3392689, 16.7161208 ], [ 82.3334231, 16.716809 ], [ 82.3212769, 16.7771974 ], [ 82.3007291, 16.7771782 ], [ 82.2992393, 16.7703032 ], [ 82.3032998, 16.7539977 ], [ 82.2968762, 16.753123 ], [ 82.2885057, 16.7349073 ], [ 82.2715036, 16.7315124 ], [ 82.2282382, 16.7303975 ], [ 82.217825, 16.7433058 ], [ 82.2275817, 16.7568886 ], [ 82.2296128, 16.7623608 ], [ 82.2254675, 16.7636952 ], [ 82.1965607, 16.7392215 ], [ 82.1881424, 16.7401022 ], [ 82.1824473, 16.7371101 ], [ 82.1869134, 16.7283263 ], [ 82.2014107, 16.7205165 ], [ 82.2232726, 16.7218567 ], [ 82.2320996, 16.7181057 ], [ 82.20081, 16.718609 ], [ 82.2024924, 16.7139827 ], [ 82.1865282, 16.7080681 ], [ 82.1707087, 16.7091745 ], [ 82.145853, 16.7043441 ], [ 82.1486674, 16.7120602 ], [ 82.1441164, 16.7206384 ], [ 82.1408203, 16.7198814 ], [ 82.1465318, 16.7260736 ], [ 82.1367193, 16.7199674 ], [ 82.1253301, 16.7234783 ], [ 82.1390381, 16.736393 ], [ 82.1406734, 16.7394601 ], [ 82.1368794, 16.74152 ], [ 82.1376634, 16.7460679 ], [ 82.1514342, 16.7510445 ], [ 82.1469488, 16.7529606 ], [ 82.1400212, 16.7490707 ], [ 82.1347626, 16.7550989 ], [ 82.1213882, 16.7600539 ], [ 82.1205548, 16.7688789 ], [ 82.1145858, 16.7781304 ], [ 82.1145034, 16.78715 ], [ 82.104849, 16.7911389 ], [ 82.1102272, 16.7923967 ], [ 82.1071069, 16.7960699 ], [ 82.1088902, 16.8057523 ], [ 82.0994131, 16.8066061 ], [ 82.1110865, 16.8291746 ], [ 82.111349, 16.836024 ], [ 82.107709, 16.8428259 ], [ 82.1003207, 16.8437907 ], [ 82.0958793, 16.8340559 ], [ 82.0892001, 16.8338392 ], [ 82.0925299, 16.8420312 ], [ 82.088925, 16.8486336 ], [ 82.08319, 16.8514259 ], [ 82.0833432, 16.854129 ], [ 82.1025456, 16.861578 ], [ 82.104806, 16.866368 ], [ 82.0940507, 16.8732912 ], [ 82.0940704, 16.8832716 ], [ 82.0874206, 16.8816661 ], [ 82.074643, 16.8849222 ], [ 82.074314, 16.8978265 ], [ 82.0610159, 16.8942616 ], [ 82.0562972, 16.8980768 ], [ 82.05926, 16.9175095 ], [ 82.0662719, 16.9285146 ], [ 82.0632975, 16.9444182 ], [ 82.0736451, 16.9569994 ], [ 82.0670252, 16.976543 ], [ 82.0660177, 16.9922556 ], [ 82.0590916, 16.9929803 ], [ 82.0630342, 16.9988661 ], [ 82.0605084, 17.011049 ], [ 82.067704, 17.0134108 ], [ 82.069214, 17.0224211 ], [ 82.0772585, 17.0285839 ], [ 82.0771203, 17.0389132 ], [ 82.0745334, 17.0422379 ], [ 82.0307363, 17.0379361 ], [ 82.0339472, 17.0488472 ], [ 82.0311024, 17.0638489 ], [ 82.0368098, 17.0644725 ], [ 82.0389066, 17.0692777 ], [ 82.0475673, 17.0741709 ], [ 82.0465409, 17.0913255 ], [ 82.020865, 17.1042442 ], [ 82.0010454, 17.1190539 ], [ 81.9580118, 17.1182656 ], [ 81.9527782, 17.1158211 ], [ 81.9507832, 17.1105532 ], [ 81.9418737, 17.1094517 ], [ 81.9396385, 17.1047414 ], [ 81.9248515, 17.1029825 ], [ 81.9201744, 17.1110129 ], [ 81.9183318, 17.1274259 ], [ 81.9111244, 17.1342384 ], [ 81.9123346, 17.14232 ], [ 81.9158812, 17.143038 ], [ 81.9139463, 17.1578235 ], [ 81.9089159, 17.1640608 ], [ 81.9109122, 17.1721912 ], [ 81.9056344, 17.1721764 ], [ 81.9000081, 17.1659752 ], [ 81.8985813, 17.1692294 ], [ 81.9025308, 17.1736347 ], [ 81.9037702, 17.1858172 ], [ 81.907532, 17.1928237 ], [ 81.9214737, 17.1990885 ], [ 81.9371475, 17.2008372 ], [ 81.9434928, 17.2167152 ], [ 81.9439725, 17.2282196 ], [ 81.9468557, 17.2280869 ], [ 81.9529104, 17.236248 ], [ 81.9511019, 17.2500559 ], [ 81.9618807, 17.252347 ], [ 81.9669381, 17.2622733 ], [ 82.0054532, 17.2618553 ], [ 82.0085413, 17.2638274 ], [ 82.0070483, 17.2679663 ], [ 82.0150301, 17.2728879 ], [ 82.0212288, 17.2851672 ], [ 82.0397135, 17.2902275 ], [ 82.047991, 17.2810656 ], [ 82.0661824, 17.2953926 ], [ 82.0719994, 17.2864829 ], [ 82.0940043, 17.2901808 ], [ 82.0864764, 17.3021785 ], [ 82.0617756, 17.3041198 ], [ 82.059872, 17.3115672 ], [ 82.0532782, 17.3152552 ], [ 82.0626723, 17.3322371 ], [ 82.0549389, 17.3437104 ], [ 82.0621758, 17.3609836 ], [ 82.06103, 17.3649301 ], [ 82.053955, 17.3675275 ], [ 82.0521422, 17.3751741 ], [ 82.0574746, 17.3832769 ], [ 82.064245, 17.3855242 ], [ 82.0679401, 17.3906514 ], [ 82.067729, 17.386629 ], [ 82.0743269, 17.3849391 ], [ 82.0750446, 17.3893014 ], [ 82.0805169, 17.3922721 ], [ 82.0812225, 17.3962773 ], [ 82.0719129, 17.3986883 ], [ 82.0746007, 17.4020685 ], [ 82.0817555, 17.4028158 ], [ 82.0867594, 17.3885589 ], [ 82.0955589, 17.3947417 ], [ 82.0940934, 17.3998573 ], [ 82.0982677, 17.4012368 ], [ 82.1011208, 17.3988326 ], [ 82.0983116, 17.395639 ], [ 82.1029822, 17.3937999 ], [ 82.1029581, 17.3914173 ], [ 82.0974955, 17.3908253 ], [ 82.100879, 17.386491 ], [ 82.1053233, 17.3852323 ], [ 82.1086454, 17.3912659 ], [ 82.1172261, 17.3925031 ], [ 82.1160407, 17.3846449 ], [ 82.1209121, 17.3860774 ], [ 82.1215205, 17.3804888 ], [ 82.1146286, 17.379551 ], [ 82.1108939, 17.3737331 ], [ 82.1134171, 17.3696492 ], [ 82.1069809, 17.363933 ], [ 82.1057737, 17.3585164 ], [ 82.0951222, 17.3548662 ], [ 82.0932448, 17.3422383 ], [ 82.1063403, 17.3414346 ], [ 82.1084762, 17.3383801 ], [ 82.100327, 17.3256637 ], [ 82.1144028, 17.3268552 ], [ 82.1221394, 17.322341 ], [ 82.1217581, 17.3373887 ], [ 82.1254261, 17.3454316 ], [ 82.131964, 17.3463944 ], [ 82.1372792, 17.3429761 ], [ 82.1416695, 17.3455421 ], [ 82.1439181, 17.344191 ], [ 82.1271043, 17.3115753 ], [ 82.1367558, 17.3168865 ], [ 82.1265675, 17.3024549 ], [ 82.1390337, 17.3044121 ], [ 82.1463698, 17.3092207 ], [ 82.1394356, 17.3023608 ], [ 82.1451216, 17.2995542 ], [ 82.1791303, 17.3085446 ], [ 82.1869599, 17.3175167 ], [ 82.1942569, 17.3208771 ], [ 82.1675671, 17.3165661 ], [ 82.16228, 17.3203694 ], [ 82.1583041, 17.3161185 ], [ 82.1477903, 17.3163809 ], [ 82.1495508, 17.3225528 ], [ 82.1630592, 17.3301117 ], [ 82.1710514, 17.343799 ], [ 82.1666823, 17.3487843 ], [ 82.1614471, 17.3493541 ], [ 82.1557287, 17.3568591 ], [ 82.175581, 17.3654032 ], [ 82.1885053, 17.3752257 ], [ 82.199618, 17.3757885 ], [ 82.1971722, 17.3799269 ], [ 82.2196601, 17.3916064 ], [ 82.2179025, 17.3968518 ], [ 82.2327783, 17.4058555 ], [ 82.2566356, 17.4342215 ], [ 82.2811185, 17.4430159 ], [ 82.2850892, 17.4471513 ], [ 82.2892358, 17.4778114 ], [ 82.3123373, 17.4944307 ], [ 82.3160973, 17.5009983 ], [ 82.3337441, 17.5111593 ], [ 82.3313511, 17.5033779 ], [ 82.3447999, 17.49441 ], [ 82.359235, 17.5082999 ], [ 82.3755617, 17.5107611 ], [ 82.3786678, 17.5070254 ], [ 82.367541, 17.489436 ], [ 82.3730047, 17.4793596 ], [ 82.3889495, 17.4790156 ], [ 82.4102939, 17.4669525 ], [ 82.4203876, 17.4707613 ], [ 82.4311515, 17.4704948 ], [ 82.4315164, 17.4727065 ], [ 82.4378654, 17.4711026 ], [ 82.4391453, 17.4780993 ], [ 82.4509345, 17.4805915 ], [ 82.4540079, 17.4897509 ], [ 82.4498614, 17.5111654 ], [ 82.4651819, 17.5117483 ], [ 82.468417, 17.5185819 ], [ 82.4616568, 17.5319912 ], [ 82.4681949, 17.531212 ], [ 82.4669103, 17.5358242 ] ] ] } },
{ "type": "Feature", "properties": { "district": "Anakapalli", "state": "Andhra Pradesh" }, "geometry": { "type": "Polygon", "coordinates": [ [ [ 83.0327079, 18.0880081 ], [ 83.0256873, 18.0823416 ], [ 83.0272904, 18.0791314 ], [ 83.0449646, 18.0772224 ], [ 83.0509153, 18.0635009 ], [ 83.0258579, 18.0607788 ], [ 83.0142806, 18.050867 ], [ 83.0149135, 18.0453314 ], [ 83.0077797, 18.0354753 ], [ 83.0117672, 18.037648 ], [ 83.0154789, 18.0345397 ], [ 83.0064201, 18.0233862 ], [ 83.0093101, 18.0214222 ], [ 83.0072647, 18.0136986 ], [ 83.0117039, 17.9976451 ], [ 83.0055981, 17.9885861 ], [ 83.0065012, 17.9773009 ], [ 83.0214519, 17.9706666 ], [ 83.0335459, 17.9730188 ], [ 83.0411186, 17.9666466 ], [ 83.0522561, 17.9641363 ], [ 83.0569424, 17.9561099 ], [ 83.0666694, 17.9513905 ], [ 83.0696195, 17.9442591 ], [ 83.0772335, 17.9457677 ], [ 83.0873624, 17.9395698 ], [ 83.1104988, 17.9393144 ], [ 83.1072961, 17.9332417 ], [ 83.1077153, 17.9233684 ], [ 83.120115, 17.9170411 ], [ 83.1194179, 17.9111704 ], [ 83.1251424, 17.9076149 ], [ 83.1244958, 17.8862715 ], [ 83.1272568, 17.8770431 ], [ 83.1295219, 17.8737206 ], [ 83.135982, 17.8771028 ], [ 83.14442, 17.8716282 ], [ 83.1485153, 17.8585313 ], [ 83.1456349, 17.8451173 ], [ 83.1572286, 17.8437528 ], [ 83.1612614, 17.840398 ], [ 83.1607379, 17.7868824 ], [ 83.1635704, 17.7765395 ], [ 83.1577565, 17.7740712 ], [ 83.156844, 17.7683726 ], [ 83.1637663, 17.7579605 ], [ 83.1568283, 17.7365768 ], [ 83.1526509, 17.7325733 ], [ 83.1498823, 17.7186512 ], [ 83.1410432, 17.7141944 ], [ 83.1378338, 17.7161736 ], [ 83.1343447, 17.7113837 ], [ 83.121986, 17.7135251 ], [ 83.1197253, 17.6950706 ], [ 83.1131872, 17.6975017 ], [ 83.1099668, 17.692274 ], [ 83.1153692, 17.682144 ], [ 83.1225867, 17.6808346 ], [ 83.1269938, 17.6855503 ], [ 83.1372717, 17.6855953 ], [ 83.1379187, 17.6814505 ], [ 83.1415691, 17.6803881 ], [ 83.1417016, 17.6730667 ], [ 83.1536883, 17.6732616 ], [ 83.1442337, 17.6558819 ], [ 83.1446482, 17.6498862 ], [ 83.1513792, 17.6482746 ], [ 83.1285285, 17.611424 ], [ 83.1127037, 17.5457508 ], [ 83.0325498, 17.5143957 ], [ 83.0176281, 17.5059611 ], [ 82.997325, 17.4825748 ], [ 82.974782, 17.4661078 ], [ 82.6994841, 17.3413072 ], [ 82.5425811, 17.2485619 ], [ 82.5388696, 17.2638971 ], [ 82.5254642, 17.2717147 ], [ 82.5183093, 17.2985825 ], [ 82.5347169, 17.3058071 ], [ 82.5353725, 17.327328 ], [ 82.5575841, 17.3259581 ], [ 82.5597876, 17.3417132 ], [ 82.565113, 17.3417521 ], [ 82.5659023, 17.3494458 ], [ 82.5612032, 17.35323 ], [ 82.5556561, 17.3521206 ], [ 82.5480509, 17.3616921 ], [ 82.5478253, 17.3689226 ], [ 82.5436789, 17.3741776 ], [ 82.556256, 17.3903747 ], [ 82.5607914, 17.4083804 ], [ 82.5830299, 17.4248167 ], [ 82.5841179, 17.4301459 ], [ 82.5983834, 17.4432354 ], [ 82.6045791, 17.4603233 ], [ 82.5853611, 17.468938 ], [ 82.5842452, 17.4749873 ], [ 82.5694616, 17.4860077 ], [ 82.5679639, 17.4924894 ], [ 82.561461, 17.4910463 ], [ 82.5590841, 17.521974 ], [ 82.5527008, 17.527102 ], [ 82.5481483, 17.5145693 ], [ 82.5373633, 17.506593 ], [ 82.5179526, 17.5018647 ], [ 82.507306, 17.5030068 ], [ 82.5003928, 17.5080152 ], [ 82.4945118, 17.5001686 ], [ 82.487379, 17.499349 ], [ 82.4803546, 17.5012246 ], [ 82.4774678, 17.5201037 ], [ 82.4725069, 17.5216914 ], [ 82.4762639, 17.5273028 ], [ 82.4669103, 17.5358242 ], [ 82.4681949, 17.531212 ], [ 82.4607907, 17.5301961 ], [ 82.4681136, 17.5207504 ], [ 82.4655438, 17.5121338 ], [ 82.4498614, 17.5111654 ], [ 82.454845, 17.4938532 ], [ 82.4509345, 17.4805915 ], [ 82.4391453, 17.4780993 ], [ 82.4378654, 17.4711026 ], [ 82.4315164, 17.4727065 ], [ 82.4311515, 17.4704948 ], [ 82.4203876, 17.4707613 ], [ 82.4102939, 17.4669525 ], [ 82.3889495, 17.4790156 ], [ 82.3730047, 17.4793596 ], [ 82.367541, 17.489436 ], [ 82.3786678, 17.5070254 ], [ 82.3755617, 17.5107611 ], [ 82.359235, 17.5082999 ], [ 82.3447999, 17.49441 ], [ 82.3313511, 17.5033779 ], [ 82.3326402, 17.5183183 ], [ 82.3375655, 17.5239816 ], [ 82.3309098, 17.5394423 ], [ 82.3288948, 17.5556596 ], [ 82.3335988, 17.5677994 ], [ 82.3418861, 17.5739221 ], [ 82.3438331, 17.58047 ], [ 82.3414417, 17.5873492 ], [ 82.3598603, 17.5913495 ], [ 82.3714261, 17.5985722 ], [ 82.3830389, 17.5967701 ], [ 82.3701212, 17.5838401 ], [ 82.3527087, 17.5808368 ], [ 82.3565631, 17.5746906 ], [ 82.3483403, 17.5685403 ], [ 82.422953, 17.5942214 ], [ 82.4220138, 17.5978835 ], [ 82.4605389, 17.6068467 ], [ 82.4589625, 17.6110292 ], [ 82.4639852, 17.6178175 ], [ 82.4601671, 17.6342887 ], [ 82.443718, 17.6392587 ], [ 82.4341767, 17.636158 ], [ 82.4299025, 17.6431229 ], [ 82.4320462, 17.6491663 ], [ 82.4289575, 17.653077 ], [ 82.4138146, 17.6432944 ], [ 82.4058437, 17.6416567 ], [ 82.4176862, 17.6319494 ], [ 82.4137722, 17.630356 ], [ 82.3984743, 17.630407 ], [ 82.3900058, 17.6355453 ], [ 82.3923545, 17.6430684 ], [ 82.386529, 17.6516005 ], [ 82.3761497, 17.6443385 ], [ 82.3736136, 17.6363404 ], [ 82.3633541, 17.6390757 ], [ 82.358745, 17.6358699 ], [ 82.3471592, 17.6427971 ], [ 82.3419576, 17.6502611 ], [ 82.3530844, 17.6586594 ], [ 82.3466497, 17.6773285 ], [ 82.3582339, 17.6750891 ], [ 82.3602169, 17.681704 ], [ 82.3733817, 17.6863094 ], [ 82.3807062, 17.6808921 ], [ 82.3801276, 17.6780942 ], [ 82.3856273, 17.6781633 ], [ 82.3911175, 17.6840959 ], [ 82.3972647, 17.6818487 ], [ 82.423359, 17.6986633 ], [ 82.4291741, 17.7101163 ], [ 82.4245266, 17.7143175 ], [ 82.4349118, 17.724568 ], [ 82.4428781, 17.7258656 ], [ 82.4509252, 17.7230075 ], [ 82.4544195, 17.7270939 ], [ 82.4542315, 17.7356762 ], [ 82.4587058, 17.7377645 ], [ 82.4673285, 17.7367224 ], [ 82.4963872, 17.7226414 ], [ 82.5006024, 17.7145728 ], [ 82.5116056, 17.723136 ], [ 82.5062395, 17.7141227 ], [ 82.4956191, 17.7083445 ], [ 82.4989852, 17.6938143 ], [ 82.506202, 17.6943117 ], [ 82.5212292, 17.7034786 ], [ 82.527306, 17.7031678 ], [ 82.5299001, 17.7090746 ], [ 82.5443172, 17.7169708 ], [ 82.5523335, 17.7365417 ], [ 82.5531179, 17.7461228 ], [ 82.5609599, 17.7466622 ], [ 82.5598195, 17.7589111 ], [ 82.5642216, 17.7718994 ], [ 82.5870206, 17.7730296 ], [ 82.5877825, 17.7649506 ], [ 82.6026585, 17.7723701 ], [ 82.604977, 17.7821726 ], [ 82.6123707, 17.7901 ], [ 82.616715, 17.7890027 ], [ 82.6201324, 17.777272 ], [ 82.6314818, 17.7927175 ], [ 82.6409506, 17.7919242 ], [ 82.6350344, 17.8111196 ], [ 82.6189143, 17.8384755 ], [ 82.6216542, 17.8415909 ], [ 82.6241392, 17.835694 ], [ 82.6325824, 17.8321334 ], [ 82.6797462, 17.8560824 ], [ 82.6845225, 17.8543159 ], [ 82.6869636, 17.8484457 ], [ 82.693607, 17.8494536 ], [ 82.6978442, 17.8640296 ], [ 82.7114886, 17.8641601 ], [ 82.7156188, 17.8670376 ], [ 82.7156175, 17.8719424 ], [ 82.7063461, 17.8740771 ], [ 82.6876491, 17.8898682 ], [ 82.6812625, 17.8893927 ], [ 82.6761642, 17.8938888 ], [ 82.6649295, 17.8958691 ], [ 82.6679229, 17.901898 ], [ 82.6709883, 17.9018917 ], [ 82.6746801, 17.8958912 ], [ 82.6820877, 17.8981306 ], [ 82.693849, 17.8918232 ], [ 82.7026813, 17.8918839 ], [ 82.7101386, 17.9144059 ], [ 82.7047528, 17.9204556 ], [ 82.7249294, 17.9311814 ], [ 82.7232327, 17.9406286 ], [ 82.7164515, 17.9461008 ], [ 82.7080893, 17.9462416 ], [ 82.713946, 17.9504709 ], [ 82.7135006, 17.9541053 ], [ 82.7310382, 17.9455196 ], [ 82.7441897, 17.9482932 ], [ 82.7509362, 17.945632 ], [ 82.7536486, 17.947814 ], [ 82.7532947, 17.956456 ], [ 82.7559977, 17.9549494 ], [ 82.753914, 17.9581441 ], [ 82.7779949, 17.9251077 ], [ 82.774603, 17.9384157 ], [ 82.798861, 17.920956 ], [ 82.8080967, 17.9240977 ], [ 82.8103474, 17.935162 ], [ 82.8198696, 17.9293224 ], [ 82.8240499, 17.9329883 ], [ 82.8360182, 17.935109 ], [ 82.8361476, 17.9419967 ], [ 82.8331719, 17.9427524 ], [ 82.8348717, 17.9482759 ], [ 82.8425804, 17.9519118 ], [ 82.8472257, 17.9505725 ], [ 82.8554342, 17.9607842 ], [ 82.8544427, 17.9659302 ], [ 82.8431729, 17.9714422 ], [ 82.8430497, 17.9777177 ], [ 82.84827, 17.9781849 ], [ 82.8490912, 17.9836499 ], [ 82.8264572, 17.9930382 ], [ 82.8226783, 17.9887241 ], [ 82.8147246, 17.9941508 ], [ 82.8192579, 17.9952156 ], [ 82.8183469, 17.9980669 ], [ 82.8408821, 18.0049614 ], [ 82.8455938, 18.0011869 ], [ 82.8483514, 18.006639 ], [ 82.8485322, 17.9992644 ], [ 82.8530836, 17.9986585 ], [ 82.8571267, 18.0033105 ], [ 82.8597313, 17.9987434 ], [ 82.8689376, 18.010001 ], [ 82.8771656, 18.0114059 ], [ 82.8812914, 18.0239578 ], [ 82.8863417, 18.0254836 ], [ 82.890311, 18.023595 ], [ 82.8860141, 18.0175995 ], [ 82.8870619, 18.0097633 ], [ 82.9137885, 18.0129258 ], [ 82.9145321, 18.0096267 ], [ 82.9184271, 18.0132487 ], [ 82.9285506, 18.013943 ], [ 82.9290506, 18.0085493 ], [ 82.9401673, 18.0074464 ], [ 82.9356466, 17.9941858 ], [ 82.9442827, 17.9878041 ], [ 82.9500142, 17.9917073 ], [ 82.9600686, 18.0084162 ], [ 82.9655105, 18.0072507 ], [ 82.9809749, 18.0152353 ], [ 82.976895, 18.021742 ], [ 82.9787784, 18.0279446 ], [ 82.9837071, 18.0309837 ], [ 82.995999, 18.0519452 ], [ 83.0055781, 18.054314 ], [ 83.0033264, 18.0736998 ], [ 83.0250235, 18.0917103 ], [ 83.0258858, 18.0841743 ], [ 83.0284153, 18.0937675 ], [ 83.0327079, 18.0880081 ] ], [ [ 82.3804237, 17.6642204 ], [ 82.3783128, 17.6556221 ], [ 82.3855578, 17.6543421 ], [ 82.3927138, 17.6634914 ], [ 82.3804237, 17.6642204 ] ] ] } },
{ "type": "Feature", "properties": { "district": "Alluri Sitharama Raju", "state": "Andhra Pradesh" }, "geometry": { "type": "MultiPolygon", "coordinates": [ [ [ [ 82.378354, 17.6619014 ], [ 82.3860673, 17.6641708 ], [ 82.3927138, 17.6634914 ], [ 82.3855578, 17.6543421 ], [ 82.3783128, 17.6556221 ], [ 82.378354, 17.6619014 ] ] ], [ [ [ 82.4935039, 18.5436361 ], [ 82.4813379, 18.5406101 ], [ 82.4875919, 18.5326051 ], [ 82.4868374, 18.527524 ], [ 82.4940532, 18.524553 ], [ 82.5050999, 18.513451 ], [ 82.5152041, 18.5181004 ], [ 82.5259717, 18.5163241 ], [ 82.5321612, 18.5109882 ], [ 82.5269778, 18.5058799 ], [ 82.52966, 18.5013044 ], [ 82.526495, 18.496288 ], [ 82.5332662, 18.4882819 ], [ 82.5278527, 18.4806545 ], [ 82.5341902, 18.4777344 ], [ 82.51942, 18.4655967 ], [ 82.5283367, 18.4642058 ], [ 82.5273922, 18.4596639 ], [ 82.5332537, 18.4586589 ], [ 82.5395579, 18.4436042 ], [ 82.5444663, 18.4493833 ], [ 82.5423719, 18.4576272 ], [ 82.5487597, 18.4530528 ], [ 82.5548226, 18.454485 ], [ 82.5565889, 18.4498172 ], [ 82.5613959, 18.4484901 ], [ 82.5565177, 18.4429688 ], [ 82.5581541, 18.439662 ], [ 82.5505802, 18.4332952 ], [ 82.5520051, 18.4285671 ], [ 82.5457382, 18.4275204 ], [ 82.5456216, 18.4224026 ], [ 82.5414142, 18.4219082 ], [ 82.5432986, 18.4140229 ], [ 82.5470865, 18.4126051 ], [ 82.5355286, 18.4061706 ], [ 82.5408827, 18.3994273 ], [ 82.552175, 18.3979079 ], [ 82.555331, 18.3936263 ], [ 82.562425, 18.3999563 ], [ 82.5710045, 18.3946676 ], [ 82.5758265, 18.3962269 ], [ 82.5838746, 18.386727 ], [ 82.5886327, 18.3916297 ], [ 82.5947956, 18.3892289 ], [ 82.5995163, 18.3797879 ], [ 82.605291, 18.3820298 ], [ 82.6061218, 18.3756709 ], [ 82.6032169, 18.3726505 ], [ 82.6059854, 18.3660583 ], [ 82.6212275, 18.3597083 ], [ 82.6145221, 18.3509106 ], [ 82.6020447, 18.3522763 ], [ 82.60288, 18.3443543 ], [ 82.6111976, 18.3337126 ], [ 82.6089417, 18.3271268 ], [ 82.6012526, 18.3253437 ], [ 82.5948847, 18.3288758 ], [ 82.5884739, 18.3178788 ], [ 82.5838932, 18.3197557 ], [ 82.5813067, 18.3151689 ], [ 82.5851669, 18.3084641 ], [ 82.5960624, 18.3102844 ], [ 82.5986552, 18.3041863 ], [ 82.5946654, 18.2982155 ], [ 82.595203, 18.291841 ], [ 82.5910221, 18.2897751 ], [ 82.5940641, 18.2847035 ], [ 82.5921516, 18.2803461 ], [ 82.5880462, 18.280299 ], [ 82.5877853, 18.2760634 ], [ 82.5967834, 18.2743711 ], [ 82.5969134, 18.2647925 ], [ 82.6042184, 18.2646862 ], [ 82.6138495, 18.2584248 ], [ 82.6235346, 18.2463212 ], [ 82.6373227, 18.2368115 ], [ 82.6524867, 18.2499994 ], [ 82.6471172, 18.2622253 ], [ 82.6422801, 18.2637668 ], [ 82.6427885, 18.2715509 ], [ 82.6485369, 18.2728658 ], [ 82.6522424, 18.2811418 ], [ 82.6438231, 18.288009 ], [ 82.6407177, 18.2962262 ], [ 82.6426499, 18.302033 ], [ 82.6511901, 18.3018599 ], [ 82.6574207, 18.2960685 ], [ 82.6667659, 18.2980292 ], [ 82.6763212, 18.3065606 ], [ 82.6844181, 18.303589 ], [ 82.6945151, 18.3122819 ], [ 82.7016648, 18.3106372 ], [ 82.7093756, 18.3131795 ], [ 82.7085598, 18.3158431 ], [ 82.714738, 18.3223892 ], [ 82.7249073, 18.3245323 ], [ 82.7342726, 18.3202416 ], [ 82.7360466, 18.323112 ], [ 82.7409797, 18.3226064 ], [ 82.7383081, 18.3269539 ], [ 82.7428701, 18.3299887 ], [ 82.7551754, 18.330192 ], [ 82.7596886, 18.3396146 ], [ 82.764824, 18.3361564 ], [ 82.7740858, 18.3403167 ], [ 82.7763908, 18.3492352 ], [ 82.7905564, 18.3631878 ], [ 82.782649, 18.3818918 ], [ 82.7938629, 18.3860235 ], [ 82.7914645, 18.3961425 ], [ 82.7995384, 18.4067498 ], [ 82.7868829, 18.4107134 ], [ 82.7874339, 18.4191737 ], [ 82.782893, 18.4226089 ], [ 82.7821633, 18.4307878 ], [ 82.7953755, 18.4397115 ], [ 82.8031426, 18.449246 ], [ 82.8156371, 18.4509022 ], [ 82.8232193, 18.4472562 ], [ 82.8238044, 18.4435013 ], [ 82.8455818, 18.4337729 ], [ 82.8524161, 18.4192015 ], [ 82.8564108, 18.4254369 ], [ 82.8712951, 18.4184563 ], [ 82.8949997, 18.4241026 ], [ 82.8977789, 18.4034993 ], [ 82.8907188, 18.390497 ], [ 82.8941937, 18.3815681 ], [ 82.9019227, 18.3740693 ], [ 82.9108853, 18.3729451 ], [ 82.9130832, 18.3684782 ], [ 82.917861, 18.3752827 ], [ 82.9221962, 18.3754241 ], [ 82.926028, 18.3681399 ], [ 82.9417864, 18.3605312 ], [ 82.9537335, 18.3615744 ], [ 82.9601082, 18.3664098 ], [ 82.9669917, 18.3589264 ], [ 82.9704715, 18.3600061 ], [ 82.9831754, 18.366442 ], [ 82.9876949, 18.3785544 ], [ 82.9925816, 18.3789279 ], [ 82.9968255, 18.3855233 ], [ 83.0052766, 18.3827603 ], [ 83.0117932, 18.3886449 ], [ 83.0159808, 18.3870467 ], [ 83.0219207, 18.3917038 ], [ 83.0257918, 18.3869289 ], [ 83.0392299, 18.3834518 ], [ 83.0430754, 18.3793725 ], [ 83.0544888, 18.3799858 ], [ 83.077052, 18.4034696 ], [ 83.0844255, 18.4065991 ], [ 83.0865911, 18.4121871 ], [ 83.1035817, 18.4131519 ], [ 83.0955165, 18.3939939 ], [ 83.0750133, 18.3709396 ], [ 83.0740201, 18.3631139 ], [ 83.078996, 18.346854 ], [ 83.0915396, 18.3425478 ], [ 83.0938619, 18.3531132 ], [ 83.1045319, 18.3575838 ], [ 83.1118896, 18.34867 ], [ 83.1331267, 18.3497715 ], [ 83.1511178, 18.3411208 ], [ 83.1485098, 18.3271511 ], [ 83.1613551, 18.3287449 ], [ 83.1589869, 18.3230729 ], [ 83.1679276, 18.313605 ], [ 83.1741965, 18.3147472 ], [ 83.1767264, 18.3209456 ], [ 83.1905328, 18.3299452 ], [ 83.2186506, 18.3341173 ], [ 83.2209034, 18.3313586 ], [ 83.2187009, 18.321463 ], [ 83.2101807, 18.3084364 ], [ 83.2104287, 18.2863151 ], [ 83.2252224, 18.2817452 ], [ 83.2294651, 18.288536 ], [ 83.2493623, 18.2776217 ], [ 83.2588009, 18.2766688 ], [ 83.2613545, 18.2725821 ], [ 83.2579692, 18.2509146 ], [ 83.2668734, 18.2165522 ], [ 83.2599778, 18.2182049 ], [ 83.2529824, 18.2275509 ], [ 83.2376812, 18.2309233 ], [ 83.2323668, 18.237472 ], [ 83.2325898, 18.2236397 ], [ 83.2405754, 18.2224665 ], [ 83.2414516, 18.2026463 ], [ 83.2284559, 18.205307 ], [ 83.2267053, 18.2184676 ], [ 83.2189552, 18.2246765 ], [ 83.2215953, 18.2159203 ], [ 83.2151027, 18.2013098 ], [ 83.2253495, 18.1968544 ], [ 83.2253702, 18.1939969 ], [ 83.2214233, 18.1890166 ], [ 83.2088126, 18.1890725 ], [ 83.1956464, 18.199454 ], [ 83.1893832, 18.1980813 ], [ 83.1807998, 18.2161456 ], [ 83.1840057, 18.2231844 ], [ 83.177647, 18.2237195 ], [ 83.1742151, 18.2288192 ], [ 83.171519, 18.2215223 ], [ 83.1688191, 18.221913 ], [ 83.167929, 18.2110954 ], [ 83.1561547, 18.2090815 ], [ 83.1578783, 18.2001108 ], [ 83.1483396, 18.1965906 ], [ 83.143715, 18.1997528 ], [ 83.1457458, 18.1918724 ], [ 83.1528781, 18.1905729 ], [ 83.1473955, 18.1855335 ], [ 83.1366005, 18.1848667 ], [ 83.1326998, 18.1759366 ], [ 83.1174446, 18.1869243 ], [ 83.1043396, 18.1888739 ], [ 83.1181799, 18.1698204 ], [ 83.107473, 18.1584907 ], [ 83.1183826, 18.1542381 ], [ 83.112544, 18.1464675 ], [ 83.1114675, 18.1387788 ], [ 83.1036728, 18.1416851 ], [ 83.102115, 18.1345261 ], [ 83.1207167, 18.122339 ], [ 83.1223627, 18.1153584 ], [ 83.10465, 18.1099023 ], [ 83.1286854, 18.1089034 ], [ 83.1273788, 18.0985463 ], [ 83.1075426, 18.0960681 ], [ 83.0995878, 18.0903343 ], [ 83.0742797, 18.085682 ], [ 83.0686084, 18.073429 ], [ 83.0509652, 18.0718049 ], [ 83.0467584, 18.0719804 ], [ 83.0441997, 18.0776429 ], [ 83.026552, 18.0797684 ], [ 83.0256873, 18.0823416 ], [ 83.0327079, 18.0880081 ], [ 83.0284153, 18.0937675 ], [ 83.0258858, 18.0841743 ], [ 83.0250235, 18.0917103 ], [ 83.0025145, 18.0726788 ], [ 83.0055781, 18.054314 ], [ 82.995999, 18.0519452 ], [ 82.9837071, 18.0309837 ], [ 82.9787784, 18.0279446 ], [ 82.976895, 18.021742 ], [ 82.9809749, 18.0152353 ], [ 82.9655105, 18.0072507 ], [ 82.9600686, 18.0084162 ], [ 82.9500142, 17.9917073 ], [ 82.9442827, 17.9878041 ], [ 82.9356466, 17.9941858 ], [ 82.9401673, 18.0074464 ], [ 82.9290506, 18.0085493 ], [ 82.9285506, 18.013943 ], [ 82.9184271, 18.0132487 ], [ 82.9145321, 18.0096267 ], [ 82.9137885, 18.0129258 ], [ 82.8870619, 18.0097633 ], [ 82.8860141, 18.0175995 ], [ 82.890311, 18.023595 ], [ 82.8863417, 18.0254836 ], [ 82.8812914, 18.0239578 ], [ 82.8771656, 18.0114059 ], [ 82.8689376, 18.010001 ], [ 82.8597313, 17.9987434 ], [ 82.8571267, 18.0033105 ], [ 82.8530836, 17.9986585 ], [ 82.8485322, 17.9992644 ], [ 82.8483514, 18.006639 ], [ 82.8455938, 18.0011869 ], [ 82.8408821, 18.0049614 ], [ 82.8183469, 17.9980669 ], [ 82.8192579, 17.9952156 ], [ 82.8147246, 17.9941508 ], [ 82.8226783, 17.9887241 ], [ 82.8264572, 17.9930382 ], [ 82.8490912, 17.9836499 ], [ 82.84827, 17.9781849 ], [ 82.8430497, 17.9777177 ], [ 82.8431729, 17.9714422 ], [ 82.8544427, 17.9659302 ], [ 82.8554342, 17.9607842 ], [ 82.8472257, 17.9505725 ], [ 82.8425804, 17.9519118 ], [ 82.8348717, 17.9482759 ], [ 82.8331719, 17.9427524 ], [ 82.8361476, 17.9419967 ], [ 82.8360182, 17.935109 ], [ 82.8240499, 17.9329883 ], [ 82.8198696, 17.9293224 ], [ 82.8103474, 17.935162 ], [ 82.8080967, 17.9240977 ], [ 82.798861, 17.920956 ], [ 82.774603, 17.9384157 ], [ 82.7779949, 17.9251077 ], [ 82.753914, 17.9581441 ], [ 82.7559977, 17.9549494 ], [ 82.7532947, 17.956456 ], [ 82.7536486, 17.947814 ], [ 82.7509362, 17.945632 ], [ 82.7441897, 17.9482932 ], [ 82.7310382, 17.9455196 ], [ 82.7135006, 17.9541053 ], [ 82.713946, 17.9504709 ], [ 82.7080893, 17.9462416 ], [ 82.7164515, 17.9461008 ], [ 82.7232327, 17.9406286 ], [ 82.7249294, 17.9311814 ], [ 82.7047528, 17.9204556 ], [ 82.7101386, 17.9144059 ], [ 82.7026813, 17.8918839 ], [ 82.693849, 17.8918232 ], [ 82.6820877, 17.8981306 ], [ 82.6746801, 17.8958912 ], [ 82.6709883, 17.9018917 ], [ 82.6679229, 17.901898 ], [ 82.6649295, 17.8958691 ], [ 82.6761642, 17.8938888 ], [ 82.6812625, 17.8893927 ], [ 82.6876491, 17.8898682 ], [ 82.7063461, 17.8740771 ], [ 82.7156175, 17.8719424 ], [ 82.7156188, 17.8670376 ], [ 82.7114886, 17.8641601 ], [ 82.6978442, 17.8640296 ], [ 82.693607, 17.8494536 ], [ 82.6869636, 17.8484457 ], [ 82.6845225, 17.8543159 ], [ 82.6797462, 17.8560824 ], [ 82.6325824, 17.8321334 ], [ 82.6241392, 17.835694 ], [ 82.6216542, 17.8415909 ], [ 82.6189143, 17.8384755 ], [ 82.6350344, 17.8111196 ], [ 82.6409506, 17.7919242 ], [ 82.6314818, 17.7927175 ], [ 82.6201324, 17.777272 ], [ 82.616715, 17.7890027 ], [ 82.6123707, 17.7901 ], [ 82.604977, 17.7821726 ], [ 82.6026585, 17.7723701 ], [ 82.5877825, 17.7649506 ], [ 82.5870206, 17.7730296 ], [ 82.5642216, 17.7718994 ], [ 82.5598195, 17.7589111 ], [ 82.5609599, 17.7466622 ], [ 82.5531179, 17.7461228 ], [ 82.5523335, 17.7365417 ], [ 82.5443172, 17.7169708 ], [ 82.5299001, 17.7090746 ], [ 82.527306, 17.7031678 ], [ 82.5212292, 17.7034786 ], [ 82.506202, 17.6943117 ], [ 82.4989852, 17.6938143 ], [ 82.4956191, 17.7083445 ], [ 82.5062395, 17.7141227 ], [ 82.5116056, 17.723136 ], [ 82.5006024, 17.7145728 ], [ 82.4963872, 17.7226414 ], [ 82.4673285, 17.7367224 ], [ 82.4587058, 17.7377645 ], [ 82.4542315, 17.7356762 ], [ 82.4544195, 17.7270939 ], [ 82.4509252, 17.7230075 ], [ 82.4428781, 17.7258656 ], [ 82.4349118, 17.724568 ], [ 82.4245266, 17.7143175 ], [ 82.4291741, 17.7101163 ], [ 82.423359, 17.6986633 ], [ 82.3972647, 17.6818487 ], [ 82.3911175, 17.6840959 ], [ 82.3856273, 17.6781633 ], [ 82.3801276, 17.6780942 ], [ 82.3807062, 17.6808921 ], [ 82.3733817, 17.6863094 ], [ 82.3602169, 17.681704 ], [ 82.3582339, 17.6750891 ], [ 82.3466497, 17.6773285 ], [ 82.3530844, 17.6586594 ], [ 82.3419576, 17.6502611 ], [ 82.3471592, 17.6427971 ], [ 82.358745, 17.6358699 ], [ 82.3633541, 17.6390757 ], [ 82.3736136, 17.6363404 ], [ 82.3761497, 17.6443385 ], [ 82.386529, 17.6516005 ], [ 82.3923545, 17.6430684 ], [ 82.3900058, 17.6355453 ], [ 82.3984743, 17.630407 ], [ 82.4087446, 17.6296232 ], [ 82.4176862, 17.6319494 ], [ 82.4058437, 17.6416567 ], [ 82.4138146, 17.6432944 ], [ 82.4289575, 17.653077 ], [ 82.4320462, 17.6491663 ], [ 82.4299025, 17.6431229 ], [ 82.4341767, 17.636158 ], [ 82.4463844, 17.6390219 ], [ 82.4627742, 17.6314165 ], [ 82.46145, 17.6230104 ], [ 82.4639852, 17.6178175 ], [ 82.4589625, 17.6110292 ], [ 82.4606736, 17.6071211 ], [ 82.4220138, 17.5978835 ], [ 82.422953, 17.5942214 ], [ 82.3483403, 17.5685403 ], [ 82.3565631, 17.5746906 ], [ 82.3527087, 17.5808368 ], [ 82.3701212, 17.5838401 ], [ 82.3830389, 17.5967701 ], [ 82.3714261, 17.5985722 ], [ 82.3598603, 17.5913495 ], [ 82.3411181, 17.5870131 ], [ 82.3438095, 17.5809721 ], [ 82.3418861, 17.5739221 ], [ 82.3335988, 17.5677994 ], [ 82.3288948, 17.5556596 ], [ 82.3309098, 17.5394423 ], [ 82.3375272, 17.524416 ], [ 82.3326402, 17.5183183 ], [ 82.3337441, 17.5111593 ], [ 82.3160973, 17.5009983 ], [ 82.3123373, 17.4944307 ], [ 82.2897185, 17.4785669 ], [ 82.2849092, 17.4465153 ], [ 82.2763285, 17.4394116 ], [ 82.2566356, 17.4342215 ], [ 82.2327783, 17.4058555 ], [ 82.2179025, 17.3968518 ], [ 82.2196601, 17.3916064 ], [ 82.1971722, 17.3799269 ], [ 82.199618, 17.3757885 ], [ 82.1885053, 17.3752257 ], [ 82.175581, 17.3654032 ], [ 82.1557287, 17.3568591 ], [ 82.1614471, 17.3493541 ], [ 82.1666823, 17.3487843 ], [ 82.1710514, 17.343799 ], [ 82.1630592, 17.3301117 ], [ 82.1495508, 17.3225528 ], [ 82.1477903, 17.3163809 ], [ 82.1583041, 17.3161185 ], [ 82.16228, 17.3203694 ], [ 82.1675671, 17.3165661 ], [ 82.1942569, 17.3208771 ], [ 82.1869599, 17.3175167 ], [ 82.1791303, 17.3085446 ], [ 82.1451216, 17.2995542 ], [ 82.1394356, 17.3023608 ], [ 82.1463698, 17.3092207 ], [ 82.1390337, 17.3044121 ], [ 82.1265675, 17.3024549 ], [ 82.1367558, 17.3168865 ], [ 82.1271043, 17.3115753 ], [ 82.1439181, 17.344191 ], [ 82.1416695, 17.3455421 ], [ 82.1372792, 17.3429761 ], [ 82.131964, 17.3463944 ], [ 82.1254261, 17.3454316 ], [ 82.1217581, 17.3373887 ], [ 82.1221394, 17.322341 ], [ 82.1144028, 17.3268552 ], [ 82.0999111, 17.3260376 ], [ 82.1084762, 17.3383801 ], [ 82.1063403, 17.3414346 ], [ 82.0932448, 17.3422383 ], [ 82.0951222, 17.3548662 ], [ 82.1057737, 17.3585164 ], [ 82.1069809, 17.363933 ], [ 82.1134171, 17.3696492 ], [ 82.1108939, 17.3737331 ], [ 82.1146286, 17.379551 ], [ 82.1215205, 17.3804888 ], [ 82.1209121, 17.3860774 ], [ 82.1160407, 17.3846449 ], [ 82.1172261, 17.3925031 ], [ 82.1086454, 17.3912659 ], [ 82.1053233, 17.3852323 ], [ 82.100879, 17.386491 ], [ 82.0974955, 17.3908253 ], [ 82.1029581, 17.3914173 ], [ 82.1029822, 17.3937999 ], [ 82.0983116, 17.395639 ], [ 82.1011208, 17.3988326 ], [ 82.0982677, 17.4012368 ], [ 82.0940934, 17.3998573 ], [ 82.0955589, 17.3947417 ], [ 82.0867594, 17.3885589 ], [ 82.0844306, 17.3993461 ], [ 82.0815958, 17.3987749 ], [ 82.0794456, 17.4031132 ], [ 82.0722057, 17.3999657 ], [ 82.0812225, 17.3962773 ], [ 82.0743269, 17.3849391 ], [ 82.067729, 17.386629 ], [ 82.0679401, 17.3906514 ], [ 82.064245, 17.3855242 ], [ 82.0574746, 17.3832769 ], [ 82.0521422, 17.3751741 ], [ 82.053955, 17.3675275 ], [ 82.06103, 17.3649301 ], [ 82.0621758, 17.3609836 ], [ 82.0549389, 17.3437104 ], [ 82.0626723, 17.3322371 ], [ 82.0532782, 17.3152552 ], [ 82.059872, 17.3115672 ], [ 82.0617756, 17.3041198 ], [ 82.0864764, 17.3021785 ], [ 82.0940043, 17.2901808 ], [ 82.0719994, 17.2864829 ], [ 82.0661824, 17.2953926 ], [ 82.047991, 17.2810656 ], [ 82.0397135, 17.2902275 ], [ 82.037993, 17.28868 ], [ 82.0363654, 17.3068683 ], [ 82.0290993, 17.3070744 ], [ 82.0250079, 17.3117925 ], [ 82.0111912, 17.3097975 ], [ 82.0100763, 17.3166284 ], [ 81.9991756, 17.3093941 ], [ 81.9741877, 17.3153107 ], [ 81.9763702, 17.303802 ], [ 81.9629132, 17.3006619 ], [ 81.9648007, 17.2924604 ], [ 81.955433, 17.292276 ], [ 81.9520449, 17.2853494 ], [ 81.9470158, 17.2856505 ], [ 81.9413477, 17.2809639 ], [ 81.9160331, 17.2797998 ], [ 81.9204772, 17.2923582 ], [ 81.9181594, 17.2920707 ], [ 81.9210708, 17.2969979 ], [ 81.9197531, 17.3022381 ], [ 81.9267623, 17.3126901 ], [ 81.9248789, 17.3139145 ], [ 81.9131072, 17.3042355 ], [ 81.8915846, 17.318516 ], [ 81.8804288, 17.3138861 ], [ 81.8788926, 17.3082759 ], [ 81.8822642, 17.2971039 ], [ 81.8712361, 17.2930335 ], [ 81.8675423, 17.2884272 ], [ 81.8642191, 17.2917764 ], [ 81.8599886, 17.2891584 ], [ 81.8578203, 17.2968723 ], [ 81.846116, 17.3011968 ], [ 81.8424152, 17.3099784 ], [ 81.8287977, 17.3099959 ], [ 81.8244754, 17.3056189 ], [ 81.8263824, 17.3008323 ], [ 81.8227804, 17.2887461 ], [ 81.8271449, 17.2764249 ], [ 81.8262489, 17.2587195 ], [ 81.8077303, 17.2606833 ], [ 81.8055761, 17.2459742 ], [ 81.7959941, 17.2435956 ], [ 81.7853269, 17.2457628 ], [ 81.7826615, 17.2497714 ], [ 81.7782972, 17.2465466 ], [ 81.7657631, 17.2497098 ], [ 81.7544015, 17.234598 ], [ 81.7515095, 17.2385759 ], [ 81.7439376, 17.2391538 ], [ 81.7407098, 17.2354513 ], [ 81.7210412, 17.2345884 ], [ 81.7188652, 17.233484 ], [ 81.7195779, 17.2224743 ], [ 81.714711, 17.2229136 ], [ 81.7020773, 17.2320014 ], [ 81.69226, 17.2300852 ], [ 81.680921, 17.2340551 ], [ 81.6857139, 17.240015 ], [ 81.6801006, 17.2549403 ], [ 81.6863585, 17.264966 ], [ 81.6856127, 17.2731722 ], [ 81.6593659, 17.273891 ], [ 81.6636809, 17.28334 ], [ 81.6802613, 17.2911208 ], [ 81.6775629, 17.3043113 ], [ 81.6423322, 17.3240729 ], [ 81.6277989, 17.3247155 ], [ 81.6149548, 17.3310409 ], [ 81.6111071, 17.3432603 ], [ 81.6148145, 17.351954 ], [ 81.6047367, 17.3758395 ], [ 81.6099234, 17.3970997 ], [ 81.6163622, 17.4006109 ], [ 81.6145871, 17.4064845 ], [ 81.6032457, 17.4113589 ], [ 81.586311, 17.4056359 ], [ 81.5799721, 17.4150636 ], [ 81.5760094, 17.4327895 ], [ 81.5636514, 17.4400133 ], [ 81.5409529, 17.4365897 ], [ 81.5309634, 17.4403458 ], [ 81.5172793, 17.4566025 ], [ 81.5129723, 17.4723506 ], [ 81.5048315, 17.4787367 ], [ 81.4958453, 17.4811028 ], [ 81.4767331, 17.4680031 ], [ 81.4646476, 17.4684922 ], [ 81.4446278, 17.4618769 ], [ 81.4070413, 17.4649428 ], [ 81.3905448, 17.4733492 ], [ 81.383405, 17.4915763 ], [ 81.3635098, 17.4992804 ], [ 81.3491565, 17.4999121 ], [ 81.3135991, 17.4876269 ], [ 81.2954622, 17.4961046 ], [ 81.2880969, 17.5239768 ], [ 81.2694425, 17.553065 ], [ 81.2583531, 17.5640046 ], [ 81.244923, 17.5695629 ], [ 81.2220912, 17.5641802 ], [ 81.2107902, 17.5709769 ], [ 81.1850702, 17.571052 ], [ 81.1365568, 17.5812657 ], [ 81.1272659, 17.586985 ], [ 81.1280647, 17.5950116 ], [ 81.1149603, 17.619114 ], [ 81.1023058, 17.6187884 ], [ 81.0783947, 17.6092842 ], [ 81.0596944, 17.6079145 ], [ 81.03965, 17.5976587 ], [ 81.0172366, 17.5980804 ], [ 81.0077025, 17.6043556 ], [ 81.0095487, 17.6436455 ], [ 80.9995542, 17.6515216 ], [ 80.9904117, 17.6535725 ], [ 80.9701411, 17.6496671 ], [ 80.9538747, 17.6378084 ], [ 80.9380966, 17.6325793 ], [ 80.897043, 17.6406387 ], [ 80.8827388, 17.6459133 ], [ 80.8781319, 17.6506683 ], [ 80.8764025, 17.6683787 ], [ 80.8907946, 17.6897625 ], [ 80.8947496, 17.70291 ], [ 80.8855463, 17.735678 ], [ 80.9023706, 17.7462022 ], [ 80.9130031, 17.7459241 ], [ 80.9144373, 17.7504554 ], [ 80.9175696, 17.7481077 ], [ 80.9194597, 17.7562001 ], [ 80.9278527, 17.7617744 ], [ 80.9463125, 17.7601869 ], [ 80.9553239, 17.7746196 ], [ 80.9734218, 17.7801222 ], [ 80.9842276, 17.7556562 ], [ 80.991318, 17.7499171 ], [ 81.0159159, 17.7450292 ], [ 81.0405644, 17.7476084 ], [ 81.0504995, 17.7340176 ], [ 81.0581986, 17.7331125 ], [ 81.1042623, 17.7720064 ], [ 81.0959976, 17.7744933 ], [ 81.0855875, 17.7980235 ], [ 81.0939651, 17.8092728 ], [ 81.1024394, 17.8160277 ], [ 81.1279175, 17.8269978 ], [ 81.142135, 17.8414625 ], [ 81.1661345, 17.8576004 ], [ 81.1993082, 17.8469334 ], [ 81.2156092, 17.8345076 ], [ 81.2392967, 17.8260154 ], [ 81.2483752, 17.8166584 ], [ 81.2662642, 17.8095223 ], [ 81.3049707, 17.8086589 ], [ 81.326124, 17.8139508 ], [ 81.3456015, 17.810299 ], [ 81.3541097, 17.8122871 ], [ 81.3773115, 17.8044595 ], [ 81.3865564, 17.7948697 ], [ 81.3918533, 17.7941797 ], [ 81.3918126, 17.8154201 ], [ 81.3965508, 17.8202327 ], [ 81.4101592, 17.8185912 ], [ 81.4155967, 17.8134232 ], [ 81.4341221, 17.8319301 ], [ 81.4441931, 17.8249658 ], [ 81.4601105, 17.8295703 ], [ 81.4739201, 17.8379657 ], [ 81.4778427, 17.834987 ], [ 81.4862661, 17.8143359 ], [ 81.4900455, 17.8126949 ], [ 81.5184062, 17.8162553 ], [ 81.5301786, 17.8229077 ], [ 81.5636869, 17.8257062 ], [ 81.5743161, 17.8371676 ], [ 81.5941853, 17.8340441 ], [ 81.6165474, 17.8220758 ], [ 81.6223479, 17.8334458 ], [ 81.6301471, 17.8320243 ], [ 81.640774, 17.840192 ], [ 81.6520151, 17.8560985 ], [ 81.6538474, 17.8680951 ], [ 81.6619235, 17.8811959 ], [ 81.6709135, 17.8872343 ], [ 81.686104, 17.8853015 ], [ 81.6985326, 17.9013543 ], [ 81.7022228, 17.8962662 ], [ 81.7011328, 17.8879459 ], [ 81.7043585, 17.8776805 ], [ 81.7091736, 17.871996 ], [ 81.7258345, 17.8790093 ], [ 81.7646708, 17.9033383 ], [ 81.7713751, 17.9124583 ], [ 81.778415, 17.912837 ], [ 81.7901286, 17.9208065 ], [ 81.7970707, 17.937277 ], [ 81.8098941, 17.9509843 ], [ 81.8191136, 17.9516912 ], [ 81.8309888, 17.9579266 ], [ 81.8432273, 17.9569611 ], [ 81.8664882, 17.9632936 ], [ 81.8933722, 17.9762359 ], [ 81.905178, 17.9773153 ], [ 81.9090287, 17.9842157 ], [ 81.9199071, 17.9912093 ], [ 81.9365721, 17.9902844 ], [ 81.9460175, 17.995747 ], [ 81.9629665, 17.9992515 ], [ 81.9825139, 18.0181277 ], [ 81.9912733, 18.0195109 ], [ 81.9942738, 18.027313 ], [ 82.0103032, 18.0312426 ], [ 82.0116581, 18.0352391 ], [ 82.0062152, 18.0507577 ], [ 82.0086735, 18.0576631 ], [ 82.0270823, 18.0640279 ], [ 82.0329576, 18.069428 ], [ 82.0375775, 18.0669812 ], [ 82.0404449, 18.0573139 ], [ 82.0648747, 18.0560828 ], [ 82.0766357, 18.0752174 ], [ 82.0960898, 18.0674262 ], [ 82.0964002, 18.0634028 ], [ 82.1020305, 18.0602394 ], [ 82.1206257, 18.0642309 ], [ 82.1249807, 18.0596733 ], [ 82.1334899, 18.0598902 ], [ 82.137176, 18.043936 ], [ 82.1467765, 18.052311 ], [ 82.1532097, 18.0478671 ], [ 82.1688389, 18.051953 ], [ 82.1843191, 18.0287871 ], [ 82.178624, 18.0203858 ], [ 82.187805, 18.0147312 ], [ 82.2053129, 18.0183688 ], [ 82.2082012, 18.0104389 ], [ 82.2222466, 18.0016753 ], [ 82.2372365, 18.0025517 ], [ 82.2479556, 17.9977837 ], [ 82.2655751, 17.9986273 ], [ 82.268779, 18.0009379 ], [ 82.2735487, 18.0213434 ], [ 82.2690112, 18.0340156 ], [ 82.2616094, 18.0418538 ], [ 82.2689448, 18.04519 ], [ 82.2726117, 18.057221 ], [ 82.2834913, 18.0644959 ], [ 82.2876683, 18.0627195 ], [ 82.291384, 18.0689074 ], [ 82.3020053, 18.069157 ], [ 82.3043611, 18.0663984 ], [ 82.300124, 18.0632144 ], [ 82.2987429, 18.055276 ], [ 82.3103341, 18.0539281 ], [ 82.3077417, 18.0451123 ], [ 82.3165823, 18.0474379 ], [ 82.3198498, 18.0447634 ], [ 82.3222308, 18.0486193 ], [ 82.3189733, 18.0570727 ], [ 82.3222539, 18.0599059 ], [ 82.3300152, 18.058086 ], [ 82.3341446, 18.0513298 ], [ 82.343883, 18.0579945 ], [ 82.3517814, 18.0765864 ], [ 82.3473242, 18.0799836 ], [ 82.349583, 18.0856293 ], [ 82.3470007, 18.0982487 ], [ 82.3385028, 18.0991121 ], [ 82.33579, 18.1058587 ], [ 82.3342007, 18.1268615 ], [ 82.3421336, 18.137239 ], [ 82.3387954, 18.1469223 ], [ 82.341367, 18.1501123 ], [ 82.3632481, 18.1348089 ], [ 82.3675289, 18.1371552 ], [ 82.3723168, 18.1481635 ], [ 82.3533673, 18.1716932 ], [ 82.3373713, 18.1721756 ], [ 82.3154526, 18.1840292 ], [ 82.3108425, 18.2040948 ], [ 82.3248886, 18.2104142 ], [ 82.3370551, 18.2243046 ], [ 82.3244124, 18.2312104 ], [ 82.3267354, 18.2363768 ], [ 82.3365283, 18.2407682 ], [ 82.333363, 18.2529082 ], [ 82.3361215, 18.2611707 ], [ 82.3400462, 18.2623362 ], [ 82.340439, 18.2722282 ], [ 82.344665, 18.2805482 ], [ 82.3589364, 18.2814638 ], [ 82.3658967, 18.2776144 ], [ 82.3764959, 18.2806785 ], [ 82.3923359, 18.2979495 ], [ 82.3915744, 18.3098015 ], [ 82.3950601, 18.3156405 ], [ 82.3928295, 18.3259627 ], [ 82.3889613, 18.3285074 ], [ 82.3750918, 18.3286937 ], [ 82.3639983, 18.318463 ], [ 82.3558702, 18.3159229 ], [ 82.3490202, 18.3165182 ], [ 82.3382183, 18.3267104 ], [ 82.348991, 18.3304389 ], [ 82.3631073, 18.3442227 ], [ 82.364485, 18.3527656 ], [ 82.369877, 18.3585147 ], [ 82.3768194, 18.3598382 ], [ 82.385549, 18.3675053 ], [ 82.3840188, 18.3844999 ], [ 82.3860727, 18.386274 ], [ 82.3814807, 18.3896417 ], [ 82.3796247, 18.4038013 ], [ 82.3642124, 18.4215376 ], [ 82.3819988, 18.4325823 ], [ 82.3866473, 18.4450136 ], [ 82.3960258, 18.4491737 ], [ 82.4035191, 18.4642177 ], [ 82.431925, 18.4869115 ], [ 82.43791, 18.4948494 ], [ 82.4338393, 18.4978892 ], [ 82.4381341, 18.5062594 ], [ 82.4609846, 18.5254982 ], [ 82.4734732, 18.5425783 ], [ 82.4872812, 18.5497979 ], [ 82.4935039, 18.5436361 ] ] ] ] } },
{ "type": "Feature", "properties": { "district": "Bhadradri Kothagudem", "state": "Telangana" }, "geometry": { "type": "Polygon", "coordinates": [ [ [ 80.8367246, 18.2389198 ], [ 80.8434296, 18.2324385 ], [ 80.8659373, 18.2301279 ], [ 80.872608, 18.2105765 ], [ 80.8709678, 18.2047942 ], [ 80.852912, 18.2020011 ], [ 80.8585428, 18.1864525 ], [ 80.8601625, 18.1478643 ], [ 80.8666696, 18.1369234 ], [ 80.8910832, 18.1359786 ], [ 80.9141702, 18.1411705 ], [ 80.9516213, 18.1636562 ], [ 80.9576558, 18.1735469 ], [ 80.9790275, 18.1754113 ], [ 80.9787388, 18.1508002 ], [ 80.9555134, 18.1290551 ], [ 80.9492572, 18.0828616 ], [ 80.9624447, 18.0629835 ], [ 80.9690527, 18.0464281 ], [ 80.9642599, 18.0381407 ], [ 80.9727291, 18.0248325 ], [ 80.9791957, 18.0044493 ], [ 80.9878431, 17.9444456 ], [ 80.9983402, 17.9167865 ], [ 80.9993356, 17.9032868 ], [ 80.9941676, 17.8809045 ], [ 80.9964545, 17.8490708 ], [ 81.0032341, 17.8306149 ], [ 81.008219, 17.7993663 ], [ 81.0176673, 17.7913786 ], [ 81.0466165, 17.7823073 ], [ 81.0732627, 17.7864543 ], [ 81.0855875, 17.7980235 ], [ 81.0959976, 17.7744933 ], [ 81.1042623, 17.7720064 ], [ 81.0581986, 17.7331125 ], [ 81.0504995, 17.7340176 ], [ 81.0405644, 17.7476084 ], [ 81.0159159, 17.7450292 ], [ 80.991318, 17.7499171 ], [ 80.9842276, 17.7556562 ], [ 80.9734218, 17.7801222 ], [ 80.9553239, 17.7746196 ], [ 80.9463125, 17.7601869 ], [ 80.9278527, 17.7617744 ], [ 80.9194597, 17.7562001 ], [ 80.9175696, 17.7481077 ], [ 80.9144373, 17.7504554 ], [ 80.9130031, 17.7459241 ], [ 80.9023706, 17.7462022 ], [ 80.8855463, 17.735678 ], [ 80.8947496, 17.70291 ], [ 80.8907946, 17.6897625 ], [ 80.8764025, 17.6683787 ], [ 80.8781319, 17.6506683 ], [ 80.8827388, 17.6459133 ], [ 80.897043, 17.6406387 ], [ 80.9380966, 17.6325793 ], [ 80.9523595, 17.6370341 ], [ 80.9623659, 17.6457194 ], [ 80.9800595, 17.6526106 ], [ 80.9920949, 17.6534647 ], [ 81.0035623, 17.6497943 ], [ 81.0095487, 17.6436455 ], [ 81.0070449, 17.6217147 ], [ 80.9959232, 17.6290757 ], [ 80.984106, 17.6262096 ], [ 80.9755178, 17.6191449 ], [ 80.9693064, 17.5983766 ], [ 80.9888044, 17.5724194 ], [ 80.9983998, 17.5646846 ], [ 81.0028082, 17.5506098 ], [ 81.0084259, 17.5470023 ], [ 81.0136769, 17.5366187 ], [ 81.0148264, 17.5221262 ], [ 81.0800677, 17.5150461 ], [ 81.091348, 17.5056522 ], [ 81.0975632, 17.5042559 ], [ 81.1174646, 17.5220708 ], [ 81.1272797, 17.5264229 ], [ 81.1384757, 17.5162356 ], [ 81.144871, 17.495076 ], [ 81.1421454, 17.4885875 ], [ 81.1596051, 17.4843025 ], [ 81.1482537, 17.4636533 ], [ 81.1755473, 17.4636364 ], [ 81.1723271, 17.4490433 ], [ 81.1932972, 17.4356252 ], [ 81.2026971, 17.4339532 ], [ 81.2052636, 17.4495879 ], [ 81.211759, 17.4417402 ], [ 81.2184869, 17.4422059 ], [ 81.2455072, 17.4330256 ], [ 81.2685423, 17.418259 ], [ 81.3100225, 17.4097727 ], [ 81.317567, 17.4007467 ], [ 81.3211021, 17.387974 ], [ 81.3226374, 17.3745444 ], [ 81.3164697, 17.3690023 ], [ 81.3052998, 17.3459062 ], [ 81.2740288, 17.3171927 ], [ 81.2456713, 17.3257899 ], [ 81.2446301, 17.3230896 ], [ 81.2335668, 17.3203608 ], [ 81.2103137, 17.3260509 ], [ 81.1904105, 17.3248141 ], [ 81.1766589, 17.2876681 ], [ 81.1795685, 17.2783713 ], [ 81.1781762, 17.269043 ], [ 81.1875947, 17.254652 ], [ 81.1860909, 17.2484938 ], [ 81.1750164, 17.2369716 ], [ 81.1739773, 17.230337 ], [ 81.1094325, 17.2234686 ], [ 81.0796062, 17.2152771 ], [ 81.0546093, 17.2248742 ], [ 81.055595, 17.2195599 ], [ 81.0494953, 17.2070686 ], [ 81.0368657, 17.1924819 ], [ 81.0312711, 17.1903299 ], [ 81.0154282, 17.1944023 ], [ 80.9943589, 17.1913233 ], [ 80.9762877, 17.2002724 ], [ 80.960287, 17.2040652 ], [ 80.9412815, 17.2192941 ], [ 80.9109659, 17.219756 ], [ 80.8652553, 17.2357688 ], [ 80.8697702, 17.2571253 ], [ 80.876194, 17.2647327 ], [ 80.8688874, 17.2831976 ], [ 80.8719937, 17.3230077 ], [ 80.867586, 17.329698 ], [ 80.8592055, 17.3650511 ], [ 80.8451363, 17.3672581 ], [ 80.8316588, 17.3631425 ], [ 80.8191668, 17.3509631 ], [ 80.8128073, 17.3371177 ], [ 80.7787108, 17.3373248 ], [ 80.7753961, 17.3082506 ], [ 80.7610071, 17.3138904 ], [ 80.7500182, 17.3006604 ], [ 80.7484577, 17.2913028 ], [ 80.7224228, 17.3052843 ], [ 80.6925041, 17.2888736 ], [ 80.6829431, 17.2967402 ], [ 80.6818936, 17.3068872 ], [ 80.6875081, 17.3109471 ], [ 80.6797473, 17.3378107 ], [ 80.6598873, 17.3396758 ], [ 80.6603422, 17.343288 ], [ 80.645788, 17.3463278 ], [ 80.6460667, 17.3601809 ], [ 80.6343593, 17.3628291 ], [ 80.6305191, 17.3584367 ], [ 80.6329307, 17.3461101 ], [ 80.6285194, 17.3387431 ], [ 80.6253781, 17.3367737 ], [ 80.6148507, 17.3428834 ], [ 80.6172741, 17.348814 ], [ 80.6094349, 17.3562874 ], [ 80.6188665, 17.3661117 ], [ 80.6194723, 17.3714148 ], [ 80.6047789, 17.3832412 ], [ 80.5922485, 17.3821573 ], [ 80.5821237, 17.356987 ], [ 80.5693776, 17.3537904 ], [ 80.5562857, 17.3410894 ], [ 80.5553139, 17.3680497 ], [ 80.5671532, 17.3880398 ], [ 80.5664237, 17.4173194 ], [ 80.5925604, 17.4244531 ], [ 80.5850941, 17.432115 ], [ 80.5870215, 17.4449271 ], [ 80.575218, 17.4458133 ], [ 80.5709007, 17.4511226 ], [ 80.5728066, 17.4590926 ], [ 80.5616091, 17.4571973 ], [ 80.5530496, 17.4726301 ], [ 80.5310224, 17.4782858 ], [ 80.513596, 17.4716914 ], [ 80.5058798, 17.4785909 ], [ 80.4915445, 17.47261 ], [ 80.4760006, 17.4557136 ], [ 80.4695754, 17.4570464 ], [ 80.4505143, 17.4479419 ], [ 80.4340872, 17.4125708 ], [ 80.4296797, 17.4111249 ], [ 80.4062035, 17.4210593 ], [ 80.3837703, 17.4147535 ], [ 80.37589, 17.4168921 ], [ 80.4000724, 17.4469659 ], [ 80.4015587, 17.4605977 ], [ 80.4313169, 17.4973157 ], [ 80.4236405, 17.5009796 ], [ 80.4239925, 17.5044881 ], [ 80.415919, 17.5101092 ], [ 80.4057966, 17.5134596 ], [ 80.4006722, 17.5278836 ], [ 80.3968128, 17.5282118 ], [ 80.3768123, 17.5086752 ], [ 80.3610193, 17.5009798 ], [ 80.3604736, 17.4863766 ], [ 80.3464917, 17.4851598 ], [ 80.3477827, 17.5093301 ], [ 80.3396677, 17.5226204 ], [ 80.3435688, 17.5350784 ], [ 80.3559652, 17.5312399 ], [ 80.3684847, 17.5678401 ], [ 80.3461444, 17.5678252 ], [ 80.339663, 17.5631278 ], [ 80.3239517, 17.5609047 ], [ 80.3049353, 17.569826 ], [ 80.28598, 17.5730899 ], [ 80.2825123, 17.563353 ], [ 80.2923328, 17.5558401 ], [ 80.2807681, 17.5425913 ], [ 80.24801, 17.5618594 ], [ 80.2379512, 17.5592298 ], [ 80.2337424, 17.5662816 ], [ 80.2302172, 17.5523709 ], [ 80.2018988, 17.558102 ], [ 80.2232089, 17.6062187 ], [ 80.209777, 17.6136738 ], [ 80.2066255, 17.624682 ], [ 80.2068053, 17.6527106 ], [ 80.221175, 17.6609166 ], [ 80.2302718, 17.6603813 ], [ 80.2307428, 17.657231 ], [ 80.2367244, 17.6552991 ], [ 80.2410563, 17.6921836 ], [ 80.247686, 17.7041348 ], [ 80.2450565, 17.7133039 ], [ 80.2478508, 17.7190301 ], [ 80.2448094, 17.7219694 ], [ 80.2484914, 17.7381977 ], [ 80.2498961, 17.7426973 ], [ 80.2594255, 17.7501217 ], [ 80.2567148, 17.7600636 ], [ 80.2580048, 17.7775272 ], [ 80.252425, 17.7798081 ], [ 80.2558414, 17.7909275 ], [ 80.2540137, 17.8034648 ], [ 80.2478476, 17.824409 ], [ 80.2631125, 17.845789 ], [ 80.2659542, 17.8612827 ], [ 80.2769673, 17.8812824 ], [ 80.2778022, 17.9068622 ], [ 80.2699501, 17.9154284 ], [ 80.2675786, 17.9285247 ], [ 80.2684687, 17.9505242 ], [ 80.2750239, 17.9663597 ], [ 80.2943184, 17.9644763 ], [ 80.3096755, 17.9752929 ], [ 80.3161738, 17.995963 ], [ 80.3412217, 18.0143829 ], [ 80.3464903, 18.0366236 ], [ 80.3919241, 18.0816573 ], [ 80.4310446, 18.0603954 ], [ 80.4453738, 18.066989 ], [ 80.455714, 18.0602302 ], [ 80.4595312, 18.0628567 ], [ 80.4719729, 18.0583211 ], [ 80.4823347, 18.059782 ], [ 80.4993966, 18.0506704 ], [ 80.5059412, 18.0541773 ], [ 80.5139963, 18.0518315 ], [ 80.5171435, 18.0578919 ], [ 80.5249493, 18.0595905 ], [ 80.5272417, 18.0646657 ], [ 80.5347681, 18.0608727 ], [ 80.537895, 18.055155 ], [ 80.5437252, 18.0539516 ], [ 80.5489001, 18.0585062 ], [ 80.5585012, 18.0588835 ], [ 80.5658317, 18.0509314 ], [ 80.5739125, 18.0547388 ], [ 80.5768873, 18.0617836 ], [ 80.5856545, 18.0623619 ], [ 80.6078131, 18.0883226 ], [ 80.6156249, 18.1046518 ], [ 80.6164366, 18.1183995 ], [ 80.6194723, 18.1127756 ], [ 80.6350808, 18.109431 ], [ 80.6431223, 18.1253838 ], [ 80.6233771, 18.1292963 ], [ 80.6322644, 18.142362 ], [ 80.6381859, 18.136247 ], [ 80.6548375, 18.1348753 ], [ 80.6571419, 18.1437225 ], [ 80.6470168, 18.1564514 ], [ 80.6552969, 18.1538109 ], [ 80.6553574, 18.1584161 ], [ 80.6733616, 18.1824853 ], [ 80.6815961, 18.1655268 ], [ 80.6940445, 18.1615117 ], [ 80.7042479, 18.1358778 ], [ 80.7145469, 18.1265533 ], [ 80.7446284, 18.0822937 ], [ 80.7549864, 18.0737606 ], [ 80.7486839, 18.1015892 ], [ 80.7487376, 18.1294186 ], [ 80.7529655, 18.1401566 ], [ 80.7541914, 18.1687088 ], [ 80.7991133, 18.1681698 ], [ 80.8132581, 18.1801868 ], [ 80.8174709, 18.1891055 ], [ 80.8240683, 18.1910363 ], [ 80.8235919, 18.2360753 ], [ 80.8367246, 18.2389198 ] ] ] } },
{ "type": "Feature", "properties": { "district": "Guntur", "state": "Andhra Pradesh" }, "geometry": { "type": "Polygon", "coordinates": [ [ [ 80.4721315, 16.5884956 ], [ 80.4985266, 16.579104 ], [ 80.528801, 16.5625629 ], [ 80.5545584, 16.5415096 ], [ 80.5552077, 16.5328214 ], [ 80.5834128, 16.5178106 ], [ 80.5846091, 16.5198182 ], [ 80.5914005, 16.5153243 ], [ 80.590846, 16.512403 ], [ 80.6164181, 16.5017215 ], [ 80.6647207, 16.4721022 ], [ 80.6705458, 16.4652954 ], [ 80.6629632, 16.4495535 ], [ 80.6660723, 16.4406052 ], [ 80.6747063, 16.4424344 ], [ 80.6742312, 16.4244661 ], [ 80.7066052, 16.4002541 ], [ 80.7256431, 16.3804973 ], [ 80.7408455, 16.3416347 ], [ 80.7484998, 16.3296711 ], [ 80.7853154, 16.2892329 ], [ 80.7993017, 16.2821082 ], [ 80.8040356, 16.2537792 ], [ 80.802701, 16.242158 ], [ 80.7984959, 16.2415851 ], [ 80.7790742, 16.2468943 ], [ 80.7770671, 16.2507481 ], [ 80.7828861, 16.2540307 ], [ 80.7815777, 16.2557647 ], [ 80.7732821, 16.2498235 ], [ 80.7583563, 16.2535556 ], [ 80.7561375, 16.2466112 ], [ 80.7498092, 16.2478625 ], [ 80.7486781, 16.2419345 ], [ 80.7526813, 16.2421966 ], [ 80.7484679, 16.231193 ], [ 80.7368194, 16.2342368 ], [ 80.7348195, 16.2414076 ], [ 80.7310111, 16.2434877 ], [ 80.7191621, 16.2439888 ], [ 80.7145261, 16.2301492 ], [ 80.6921699, 16.2278099 ], [ 80.6862394, 16.1989913 ], [ 80.6778834, 16.1979627 ], [ 80.6671151, 16.1836975 ], [ 80.6590832, 16.1948479 ], [ 80.6488705, 16.1953393 ], [ 80.6431873, 16.2133938 ], [ 80.6335476, 16.2118303 ], [ 80.6209387, 16.2217704 ], [ 80.609844, 16.2214735 ], [ 80.6036437, 16.2349862 ], [ 80.5915004, 16.2364255 ], [ 80.5873714, 16.2262555 ], [ 80.5812729, 16.229433 ], [ 80.5717973, 16.2028196 ], [ 80.5573386, 16.2036834 ], [ 80.557652, 16.1870303 ], [ 80.5632597, 16.1743014 ], [ 80.5530391, 16.1774024 ], [ 80.5441018, 16.1648808 ], [ 80.5534284, 16.1632368 ], [ 80.5500362, 16.1477832 ], [ 80.543497, 16.1388972 ], [ 80.5454895, 16.1351067 ], [ 80.5539254, 16.1324317 ], [ 80.562602, 16.1517327 ], [ 80.571797, 16.1504589 ], [ 80.5690398, 16.1214865 ], [ 80.5800752, 16.1163627 ], [ 80.5802135, 16.1112654 ], [ 80.5890942, 16.1023338 ], [ 80.5967144, 16.1002725 ], [ 80.5905436, 16.0596555 ], [ 80.5915889, 16.0543497 ], [ 80.5984892, 16.04749 ], [ 80.5847033, 16.0419013 ], [ 80.583187, 16.0396449 ], [ 80.5868838, 16.033619 ], [ 80.58109, 16.0240735 ], [ 80.5632463, 16.0307961 ], [ 80.561122, 16.012244 ], [ 80.5495389, 16.0125365 ], [ 80.547419, 16.0065216 ], [ 80.5393159, 16.009445 ], [ 80.5343522, 15.9968859 ], [ 80.5257535, 15.9997772 ], [ 80.5298893, 16.0138292 ], [ 80.5233049, 16.0136537 ], [ 80.5121044, 16.0019133 ], [ 80.5041925, 16.0017146 ], [ 80.4975947, 15.9949394 ], [ 80.494289, 15.9969008 ], [ 80.4998999, 16.0045143 ], [ 80.4918521, 16.0087837 ], [ 80.4587583, 16.0101142 ], [ 80.4541355, 16.0010404 ], [ 80.458182, 15.9930674 ], [ 80.455068, 15.992411 ], [ 80.4531161, 15.9816325 ], [ 80.4374897, 15.9833427 ], [ 80.4266245, 15.9808245 ], [ 80.4262155, 15.9994857 ], [ 80.4093579, 16.000827 ], [ 80.3859343, 16.0113224 ], [ 80.3717876, 16.0129651 ], [ 80.3715846, 16.0158732 ], [ 80.3588888, 16.0216272 ], [ 80.3585905, 16.0267605 ], [ 80.3454571, 16.0286147 ], [ 80.342366, 16.0223845 ], [ 80.3364145, 16.0202995 ], [ 80.3355351, 16.0149844 ], [ 80.3254215, 16.0187077 ], [ 80.3279555, 16.0248564 ], [ 80.3138331, 16.0287883 ], [ 80.3184533, 16.0445681 ], [ 80.3106916, 16.0471031 ], [ 80.3102908, 16.0505628 ], [ 80.3019325, 16.055381 ], [ 80.3008764, 16.0496812 ], [ 80.2935156, 16.0531884 ], [ 80.2836603, 16.0491171 ], [ 80.2624771, 16.0532645 ], [ 80.2610504, 16.0456645 ], [ 80.2401352, 16.0522252 ], [ 80.2373256, 16.0370159 ], [ 80.2296915, 16.0380058 ], [ 80.2313019, 16.0472209 ], [ 80.2288174, 16.0547438 ], [ 80.2329063, 16.0610176 ], [ 80.2293673, 16.0631253 ], [ 80.2285203, 16.0702116 ], [ 80.2311377, 16.0821507 ], [ 80.226836, 16.087446 ], [ 80.2350985, 16.0831598 ], [ 80.2459182, 16.0908619 ], [ 80.2510156, 16.0885884 ], [ 80.2501202, 16.0937886 ], [ 80.2544142, 16.0905191 ], [ 80.2619615, 16.0970045 ], [ 80.2812209, 16.0896258 ], [ 80.2894218, 16.1027685 ], [ 80.2723972, 16.1188205 ], [ 80.2668273, 16.1205965 ], [ 80.2648379, 16.1252754 ], [ 80.2760497, 16.1327457 ], [ 80.2779967, 16.1426078 ], [ 80.2750281, 16.1442284 ], [ 80.2731472, 16.1562977 ], [ 80.2772928, 16.1609289 ], [ 80.2895426, 16.1626467 ], [ 80.2925436, 16.165974 ], [ 80.2958244, 16.1882698 ], [ 80.2867417, 16.1909203 ], [ 80.2808543, 16.1987568 ], [ 80.2681271, 16.1951656 ], [ 80.2643495, 16.1876535 ], [ 80.2594231, 16.1937039 ], [ 80.2654833, 16.198514 ], [ 80.2751663, 16.1996236 ], [ 80.2799345, 16.2176791 ], [ 80.2891122, 16.2151513 ], [ 80.3160817, 16.2481884 ], [ 80.3192999, 16.2461786 ], [ 80.3237141, 16.250764 ], [ 80.330256, 16.2657624 ], [ 80.3409446, 16.2730253 ], [ 80.3494942, 16.2922487 ], [ 80.346752, 16.2956842 ], [ 80.3523315, 16.2992159 ], [ 80.3489143, 16.3035327 ], [ 80.3521138, 16.3085507 ], [ 80.3491256, 16.3149619 ], [ 80.342888, 16.3081597 ], [ 80.3418879, 16.2996154 ], [ 80.3373447, 16.3003492 ], [ 80.3355467, 16.3056982 ], [ 80.3402554, 16.3089491 ], [ 80.3354641, 16.3149472 ], [ 80.3308225, 16.3152104 ], [ 80.3267203, 16.3093184 ], [ 80.3226227, 16.3089081 ], [ 80.3191962, 16.301931 ], [ 80.3144571, 16.3016917 ], [ 80.3107226, 16.2940042 ], [ 80.3151246, 16.2939855 ], [ 80.3104124, 16.2853881 ], [ 80.3010808, 16.2842172 ], [ 80.3004527, 16.2755283 ], [ 80.2957296, 16.2740766 ], [ 80.2853073, 16.2602717 ], [ 80.2749885, 16.2554533 ], [ 80.2706531, 16.2593881 ], [ 80.2767398, 16.2677119 ], [ 80.2740962, 16.2661443 ], [ 80.2723834, 16.2693038 ], [ 80.2437778, 16.2736312 ], [ 80.2380958, 16.268206 ], [ 80.2423483, 16.2639462 ], [ 80.230356, 16.2462313 ], [ 80.2185375, 16.2493688 ], [ 80.2202462, 16.2585406 ], [ 80.2009214, 16.262838 ], [ 80.19357, 16.2689876 ], [ 80.1911075, 16.2777854 ], [ 80.1779383, 16.2788739 ], [ 80.1791708, 16.2638149 ], [ 80.1698204, 16.263805 ], [ 80.163474, 16.2704346 ], [ 80.1535906, 16.2590663 ], [ 80.1456863, 16.2621289 ], [ 80.1448615, 16.2651939 ], [ 80.1268534, 16.2726211 ], [ 80.122908, 16.2986699 ], [ 80.1266852, 16.3097032 ], [ 80.1403025, 16.3029244 ], [ 80.1582081, 16.3019409 ], [ 80.1636757, 16.3115063 ], [ 80.1588265, 16.3153384 ], [ 80.1616526, 16.3251483 ], [ 80.1759146, 16.3222352 ], [ 80.1827196, 16.3574914 ], [ 80.195592, 16.354783 ], [ 80.2041887, 16.3417561 ], [ 80.216916, 16.3382733 ], [ 80.2205008, 16.3403128 ], [ 80.2211105, 16.3463877 ], [ 80.2181703, 16.3486226 ], [ 80.2261733, 16.3537483 ], [ 80.2301573, 16.362333 ], [ 80.2260615, 16.3685347 ], [ 80.2311424, 16.3820625 ], [ 80.2283817, 16.3863511 ], [ 80.2197112, 16.3884202 ], [ 80.2214325, 16.393809 ], [ 80.2247316, 16.3934108 ], [ 80.2270319, 16.4002929 ], [ 80.2411858, 16.4153215 ], [ 80.2720626, 16.4137875 ], [ 80.2802675, 16.4306614 ], [ 80.3012086, 16.4275206 ], [ 80.3081348, 16.4349447 ], [ 80.3090746, 16.4538951 ], [ 80.3131245, 16.4532475 ], [ 80.3180603, 16.462781 ], [ 80.3384719, 16.462983 ], [ 80.3413472, 16.4660967 ], [ 80.3437642, 16.46201 ], [ 80.3663336, 16.4595832 ], [ 80.3697652, 16.4654195 ], [ 80.3779912, 16.4649405 ], [ 80.381086, 16.4783158 ], [ 80.393011, 16.4775397 ], [ 80.3977342, 16.4807666 ], [ 80.4266285, 16.4773278 ], [ 80.4195947, 16.4842902 ], [ 80.4197504, 16.5049135 ], [ 80.4075276, 16.5076719 ], [ 80.4096436, 16.5246779 ], [ 80.4066661, 16.525355 ], [ 80.416671, 16.5482482 ], [ 80.4246836, 16.550526 ], [ 80.4284367, 16.5581386 ], [ 80.424871, 16.5631442 ], [ 80.4285499, 16.5887717 ], [ 80.4721315, 16.5884956 ] ] ] } },
{ "type": "Feature", "properties": { "district": "Ntr", "state": "Andhra Pradesh" }, "geometry": { "type": "Polygon", "coordinates": [ [ [ 80.6066447, 17.1349908 ], [ 80.6194371, 17.1280499 ], [ 80.6368841, 17.1283739 ], [ 80.64527, 17.1235482 ], [ 80.6420427, 17.1159048 ], [ 80.6705548, 17.1011875 ], [ 80.6680527, 17.0949268 ], [ 80.6570932, 17.0895588 ], [ 80.6499153, 17.0713681 ], [ 80.6538108, 17.0686115 ], [ 80.6664047, 17.0674806 ], [ 80.671066, 17.0700363 ], [ 80.6734654, 17.0666383 ], [ 80.6769012, 17.0708997 ], [ 80.6949626, 17.0741352 ], [ 80.6994497, 17.0837942 ], [ 80.7053564, 17.080777 ], [ 80.7388813, 17.0795889 ], [ 80.7649804, 17.0666121 ], [ 80.7971055, 17.0617583 ], [ 80.7793758, 17.025895 ], [ 80.7985728, 17.007767 ], [ 80.7984735, 17.004249 ], [ 80.8258087, 16.9934236 ], [ 80.8249312, 16.9828749 ], [ 80.828622, 16.9726627 ], [ 80.8246424, 16.9302419 ], [ 80.8370256, 16.9269349 ], [ 80.8563243, 16.9135901 ], [ 80.8460509, 16.8871248 ], [ 80.8259476, 16.8787045 ], [ 80.7994797, 16.8811358 ], [ 80.7978428, 16.8764032 ], [ 80.8004733, 16.8734692 ], [ 80.7962953, 16.8593113 ], [ 80.7711028, 16.848324 ], [ 80.7707072, 16.8406683 ], [ 80.7777151, 16.8351058 ], [ 80.7781937, 16.8215789 ], [ 80.7675763, 16.7967422 ], [ 80.7665965, 16.7873776 ], [ 80.7542622, 16.7681274 ], [ 80.7484719, 16.7640615 ], [ 80.7345607, 16.7369093 ], [ 80.6880159, 16.6683678 ], [ 80.686477, 16.6387331 ], [ 80.6971385, 16.6270785 ], [ 80.6981936, 16.618163 ], [ 80.6947852, 16.6057563 ], [ 80.7020017, 16.5855381 ], [ 80.6865311, 16.5422982 ], [ 80.728121, 16.5219011 ], [ 80.7570213, 16.5191092 ], [ 80.748472, 16.4977744 ], [ 80.7297166, 16.4950213 ], [ 80.7037242, 16.5097103 ], [ 80.6827223, 16.5155049 ], [ 80.6774687, 16.527924 ], [ 80.6820348, 16.5427318 ], [ 80.6632171, 16.5468491 ], [ 80.660326, 16.5376432 ], [ 80.6661731, 16.526893 ], [ 80.6621288, 16.517783 ], [ 80.6708532, 16.5064333 ], [ 80.6797445, 16.5007697 ], [ 80.6728916, 16.4893451 ], [ 80.6894968, 16.4813574 ], [ 80.6705272, 16.481758 ], [ 80.6626017, 16.4885799 ], [ 80.6518601, 16.4804461 ], [ 80.6164181, 16.5017215 ], [ 80.590846, 16.512403 ], [ 80.5914005, 16.5153243 ], [ 80.5846091, 16.5198182 ], [ 80.5834128, 16.5178106 ], [ 80.5552077, 16.5328214 ], [ 80.5545584, 16.5415096 ], [ 80.528801, 16.5625629 ], [ 80.4758836, 16.5876233 ], [ 80.4235013, 16.5887054 ], [ 80.4026702, 16.5852733 ], [ 80.3674572, 16.5874703 ], [ 80.3648194, 16.5920257 ], [ 80.3311038, 16.6114051 ], [ 80.315496, 16.6091807 ], [ 80.2528674, 16.6106412 ], [ 80.2104135, 16.6268507 ], [ 80.1839003, 16.6417644 ], [ 80.1672988, 16.6413185 ], [ 80.1402912, 16.6517939 ], [ 80.1358678, 16.6666835 ], [ 80.1493279, 16.6882605 ], [ 80.140752, 16.7079596 ], [ 80.1476734, 16.7240304 ], [ 80.1440202, 16.7250826 ], [ 80.1424853, 16.7433643 ], [ 80.1328674, 16.7664032 ], [ 80.1304121, 16.7965994 ], [ 80.1172828, 16.8195995 ], [ 80.1014487, 16.8222161 ], [ 80.0719535, 16.8171299 ], [ 80.070794, 16.8213016 ], [ 80.0478469, 16.8336996 ], [ 80.0468438, 16.8533423 ], [ 80.0290059, 16.8520238 ], [ 80.0165592, 16.8546143 ], [ 79.9987615, 16.8652141 ], [ 80.0124169, 16.8926825 ], [ 80.0173837, 16.9149748 ], [ 80.0395521, 16.9170725 ], [ 80.0503984, 16.935976 ], [ 80.0518973, 16.9421022 ], [ 80.0482205, 16.9494294 ], [ 80.0574298, 16.9640372 ], [ 80.0554448, 16.9714216 ], [ 80.0915685, 16.9683554 ], [ 80.0951606, 16.9906515 ], [ 80.1025473, 16.9909593 ], [ 80.1096273, 16.9872148 ], [ 80.1203967, 16.9878944 ], [ 80.1204795, 16.9912227 ], [ 80.1278556, 16.9922667 ], [ 80.1402369, 16.9905923 ], [ 80.1533569, 17.0069427 ], [ 80.1677638, 17.005591 ], [ 80.1701654, 17.0168272 ], [ 80.1872871, 17.019955 ], [ 80.1926346, 17.0267456 ], [ 80.1920036, 17.0335366 ], [ 80.1966926, 17.0439436 ], [ 80.2040905, 17.0382881 ], [ 80.1996378, 17.026362 ], [ 80.202057, 17.0170256 ], [ 80.2114296, 17.0102735 ], [ 80.2228682, 17.0078377 ], [ 80.2261618, 17.0153216 ], [ 80.2404017, 17.0021484 ], [ 80.256072, 17.0011042 ], [ 80.2648952, 16.9972743 ], [ 80.2704736, 17.0039872 ], [ 80.2826609, 17.007672 ], [ 80.2935908, 16.9963324 ], [ 80.2902749, 16.981076 ], [ 80.2935174, 16.9766611 ], [ 80.3065886, 16.9737928 ], [ 80.3050154, 16.9536994 ], [ 80.3164745, 16.9484354 ], [ 80.3130932, 16.9405253 ], [ 80.3115867, 16.9166595 ], [ 80.3238052, 16.9064273 ], [ 80.3216989, 16.8796299 ], [ 80.3440076, 16.8743701 ], [ 80.3409043, 16.8597122 ], [ 80.3740656, 16.8523945 ], [ 80.3733928, 16.8394967 ], [ 80.379614, 16.8410785 ], [ 80.3736959, 16.8282318 ], [ 80.3804313, 16.8174499 ], [ 80.3860149, 16.81625 ], [ 80.3860658, 16.824902 ], [ 80.3966806, 16.8275032 ], [ 80.3997071, 16.8335457 ], [ 80.4042158, 16.8320464 ], [ 80.4077959, 16.8482288 ], [ 80.3783674, 16.8519899 ], [ 80.3827803, 16.8549004 ], [ 80.378834, 16.8615599 ], [ 80.3840371, 16.8652565 ], [ 80.4121226, 16.8519025 ], [ 80.4277094, 16.8497965 ], [ 80.4285875, 16.8381162 ], [ 80.4408769, 16.8342715 ], [ 80.4414137, 16.8307773 ], [ 80.4532713, 16.82301 ], [ 80.4642402, 16.8199778 ], [ 80.4644549, 16.7954487 ], [ 80.4862958, 16.7911107 ], [ 80.5043932, 16.7786886 ], [ 80.5261929, 16.7745853 ], [ 80.5515839, 16.7750103 ], [ 80.5702408, 16.768009 ], [ 80.5768724, 16.7771461 ], [ 80.584954, 16.783551 ], [ 80.5871645, 16.7822477 ], [ 80.5971074, 16.7922057 ], [ 80.6129666, 16.793541 ], [ 80.594399, 16.802807 ], [ 80.5775651, 16.8229637 ], [ 80.5655317, 16.8268433 ], [ 80.5628477, 16.8328408 ], [ 80.5701411, 16.8485219 ], [ 80.5711853, 16.86112 ], [ 80.5683061, 16.8693881 ], [ 80.5775591, 16.8789543 ], [ 80.5961146, 16.8851059 ], [ 80.5945998, 16.8993607 ], [ 80.58712, 16.9041778 ], [ 80.6019416, 16.9185897 ], [ 80.5970261, 16.9237751 ], [ 80.5917124, 16.9229906 ], [ 80.5912207, 16.9263734 ], [ 80.5839119, 16.9291486 ], [ 80.5809785, 16.9361545 ], [ 80.5734867, 16.9413216 ], [ 80.5346961, 16.9614145 ], [ 80.5261035, 16.9478814 ], [ 80.5054593, 16.9565381 ], [ 80.499229, 16.9563346 ], [ 80.4955926, 16.9499948 ], [ 80.4934461, 16.9274286 ], [ 80.4820295, 16.9321265 ], [ 80.4674348, 16.9454472 ], [ 80.4496677, 16.9547639 ], [ 80.3634276, 16.9767484 ], [ 80.3757644, 16.9886983 ], [ 80.3878534, 17.0092663 ], [ 80.4070349, 17.015796 ], [ 80.407149, 17.0257604 ], [ 80.3957586, 17.0357278 ], [ 80.3984784, 17.0523404 ], [ 80.3938165, 17.0547683 ], [ 80.3857332, 17.0679269 ], [ 80.3910233, 17.0746674 ], [ 80.4038173, 17.0819629 ], [ 80.4093876, 17.0917593 ], [ 80.4189649, 17.0923013 ], [ 80.4170466, 17.0736119 ], [ 80.4317216, 17.0555245 ], [ 80.4386285, 17.0375833 ], [ 80.4648593, 17.0300238 ], [ 80.4713759, 17.0503694 ], [ 80.4909319, 17.050968 ], [ 80.497673, 17.062653 ], [ 80.5053972, 17.0684637 ], [ 80.5100807, 17.0869042 ], [ 80.5040339, 17.092642 ], [ 80.5128838, 17.1092456 ], [ 80.5140799, 17.1220529 ], [ 80.5312114, 17.11979 ], [ 80.5542909, 17.1335998 ], [ 80.563184, 17.1331045 ], [ 80.5800285, 17.1530664 ], [ 80.6009625, 17.142007 ], [ 80.6066447, 17.1349908 ] ] ] } },
{ "type": "Feature", "properties": { "district": "Khammam", "state": "Telangana" }, "geometry": { "type": "Polygon", "coordinates": [ [ [ 80.28598, 17.5730899 ], [ 80.3253702, 17.5609647 ], [ 80.339663, 17.5631278 ], [ 80.3461444, 17.5678252 ], [ 80.3684847, 17.5678401 ], [ 80.3559652, 17.5312399 ], [ 80.3435688, 17.5350784 ], [ 80.3396677, 17.5226204 ], [ 80.3477827, 17.5093301 ], [ 80.3464917, 17.4851598 ], [ 80.3604736, 17.4863766 ], [ 80.3610193, 17.5009798 ], [ 80.3768123, 17.5086752 ], [ 80.3968128, 17.5282118 ], [ 80.4006722, 17.5278836 ], [ 80.4057966, 17.5134596 ], [ 80.415919, 17.5101092 ], [ 80.4239925, 17.5044881 ], [ 80.4236405, 17.5009796 ], [ 80.4313169, 17.4973157 ], [ 80.4015587, 17.4605977 ], [ 80.4000724, 17.4469659 ], [ 80.37589, 17.4168921 ], [ 80.3850844, 17.4146954 ], [ 80.4062035, 17.4210593 ], [ 80.4296797, 17.4111249 ], [ 80.4381026, 17.4180901 ], [ 80.4382185, 17.4238501 ], [ 80.4505143, 17.4479419 ], [ 80.4695754, 17.4570464 ], [ 80.4760006, 17.4557136 ], [ 80.4938575, 17.4741654 ], [ 80.5058798, 17.4785909 ], [ 80.5169972, 17.4715917 ], [ 80.5322803, 17.4783082 ], [ 80.5530496, 17.4726301 ], [ 80.5616091, 17.4571973 ], [ 80.5728066, 17.4590926 ], [ 80.5709007, 17.4511226 ], [ 80.575218, 17.4458133 ], [ 80.5870215, 17.4449271 ], [ 80.5850941, 17.432115 ], [ 80.5925604, 17.4244531 ], [ 80.5664237, 17.4173194 ], [ 80.5671532, 17.3880398 ], [ 80.5553139, 17.3680497 ], [ 80.5562857, 17.3410894 ], [ 80.5693776, 17.3537904 ], [ 80.5821237, 17.356987 ], [ 80.5922485, 17.3821573 ], [ 80.6047789, 17.3832412 ], [ 80.6194723, 17.3714148 ], [ 80.6188665, 17.3661117 ], [ 80.6094349, 17.3562874 ], [ 80.6172741, 17.348814 ], [ 80.6148507, 17.3428834 ], [ 80.6253781, 17.3367737 ], [ 80.6285194, 17.3387431 ], [ 80.6329307, 17.3461101 ], [ 80.6305191, 17.3584367 ], [ 80.6343593, 17.3628291 ], [ 80.6460667, 17.3601809 ], [ 80.645788, 17.3463278 ], [ 80.6603422, 17.343288 ], [ 80.6598873, 17.3396758 ], [ 80.6797473, 17.3378107 ], [ 80.6875081, 17.3109471 ], [ 80.6818936, 17.3068872 ], [ 80.6829431, 17.2967402 ], [ 80.6943628, 17.2885193 ], [ 80.7088285, 17.2999176 ], [ 80.7224228, 17.3052843 ], [ 80.7484577, 17.2913028 ], [ 80.7500182, 17.3006604 ], [ 80.7610071, 17.3138904 ], [ 80.7753961, 17.3082506 ], [ 80.7787108, 17.3373248 ], [ 80.8128073, 17.3371177 ], [ 80.8191668, 17.3509631 ], [ 80.8316588, 17.3631425 ], [ 80.8451363, 17.3672581 ], [ 80.8592055, 17.3650511 ], [ 80.867586, 17.329698 ], [ 80.8719937, 17.3230077 ], [ 80.8688874, 17.2831976 ], [ 80.876194, 17.2647327 ], [ 80.8697702, 17.2571253 ], [ 80.8652553, 17.2357688 ], [ 80.8996476, 17.2228568 ], [ 80.9188423, 17.2200075 ], [ 80.9167603, 17.2109602 ], [ 80.9210135, 17.2000136 ], [ 80.9187104, 17.1899979 ], [ 80.9264348, 17.1834802 ], [ 80.9239946, 17.1578463 ], [ 80.9165918, 17.1536918 ], [ 80.9070253, 17.1538504 ], [ 80.8795203, 17.1608153 ], [ 80.8782504, 17.1351399 ], [ 80.8677406, 17.1231306 ], [ 80.8764302, 17.1055891 ], [ 80.8752076, 17.0954522 ], [ 80.867581, 17.0804499 ], [ 80.8761081, 17.0748777 ], [ 80.8768821, 17.0709919 ], [ 80.8714913, 17.069835 ], [ 80.8558411, 17.0465154 ], [ 80.8453095, 17.0399672 ], [ 80.8407897, 17.0467075 ], [ 80.8288226, 17.0527675 ], [ 80.8104134, 17.0553229 ], [ 80.7904608, 17.0634633 ], [ 80.7649804, 17.0666121 ], [ 80.7388813, 17.0795889 ], [ 80.7053564, 17.080777 ], [ 80.6994497, 17.0837942 ], [ 80.6949626, 17.0741352 ], [ 80.6769012, 17.0708997 ], [ 80.6734654, 17.0666383 ], [ 80.671066, 17.0700363 ], [ 80.6664047, 17.0674806 ], [ 80.6538108, 17.0686115 ], [ 80.6499153, 17.0713681 ], [ 80.6570932, 17.0895588 ], [ 80.6680527, 17.0949268 ], [ 80.6705548, 17.1011875 ], [ 80.6420427, 17.1159048 ], [ 80.64527, 17.1235482 ], [ 80.6368841, 17.1283739 ], [ 80.6182523, 17.1284213 ], [ 80.6005393, 17.1422831 ], [ 80.5800285, 17.1530664 ], [ 80.563184, 17.1331045 ], [ 80.5542909, 17.1335998 ], [ 80.5312114, 17.11979 ], [ 80.5140799, 17.1220529 ], [ 80.5128838, 17.1092456 ], [ 80.5040339, 17.092642 ], [ 80.5100807, 17.0869042 ], [ 80.5053972, 17.0684637 ], [ 80.497673, 17.062653 ], [ 80.4909319, 17.050968 ], [ 80.4713759, 17.0503694 ], [ 80.4648593, 17.0300238 ], [ 80.4386285, 17.0375833 ], [ 80.4317216, 17.0555245 ], [ 80.4170466, 17.0736119 ], [ 80.4189649, 17.0923013 ], [ 80.4093876, 17.0917593 ], [ 80.4038173, 17.0819629 ], [ 80.387264, 17.071292 ], [ 80.3857757, 17.0669007 ], [ 80.3984784, 17.0523404 ], [ 80.3957586, 17.0357278 ], [ 80.407149, 17.0257604 ], [ 80.4070349, 17.015796 ], [ 80.3878534, 17.0092663 ], [ 80.3757644, 16.9886983 ], [ 80.3634046, 16.9760656 ], [ 80.4496677, 16.9547639 ], [ 80.4674348, 16.9454472 ], [ 80.4820295, 16.9321265 ], [ 80.4934461, 16.9274286 ], [ 80.4955926, 16.9499948 ], [ 80.499229, 16.9563346 ], [ 80.5054593, 16.9565381 ], [ 80.5261035, 16.9478814 ], [ 80.5346961, 16.9614145 ], [ 80.5734867, 16.9413216 ], [ 80.5809785, 16.9361545 ], [ 80.5839119, 16.9291486 ], [ 80.5904036, 16.9270927 ], [ 80.5917124, 16.9229906 ], [ 80.5969135, 16.9238566 ], [ 80.6019416, 16.9185897 ], [ 80.58712, 16.9041778 ], [ 80.5948202, 16.8988903 ], [ 80.5959124, 16.884622 ], [ 80.5775591, 16.8789543 ], [ 80.5683061, 16.8693881 ], [ 80.5711853, 16.86112 ], [ 80.5701411, 16.8485219 ], [ 80.5628477, 16.8328408 ], [ 80.5655317, 16.8268433 ], [ 80.5775651, 16.8229637 ], [ 80.594399, 16.802807 ], [ 80.6129666, 16.793541 ], [ 80.5971074, 16.7922057 ], [ 80.5871645, 16.7822477 ], [ 80.584954, 16.783551 ], [ 80.5768724, 16.7771461 ], [ 80.5702408, 16.768009 ], [ 80.5515839, 16.7750103 ], [ 80.5261929, 16.7745853 ], [ 80.5043932, 16.7786886 ], [ 80.4862958, 16.7911107 ], [ 80.4644549, 16.7954487 ], [ 80.4642402, 16.8199778 ], [ 80.4532713, 16.82301 ], [ 80.4414137, 16.8307773 ], [ 80.4408769, 16.8342715 ], [ 80.4285875, 16.8381162 ], [ 80.4277094, 16.8497965 ], [ 80.4121226, 16.8519025 ], [ 80.3840371, 16.8652565 ], [ 80.378834, 16.8615599 ], [ 80.3827803, 16.8549004 ], [ 80.3783674, 16.8519899 ], [ 80.4077959, 16.8482288 ], [ 80.4042158, 16.8320464 ], [ 80.3997071, 16.8335457 ], [ 80.3966806, 16.8275032 ], [ 80.3860658, 16.824902 ], [ 80.3860149, 16.81625 ], [ 80.3804313, 16.8174499 ], [ 80.3736959, 16.8282318 ], [ 80.379614, 16.8410785 ], [ 80.3733928, 16.8394967 ], [ 80.3740656, 16.8523945 ], [ 80.3409043, 16.8597122 ], [ 80.3440076, 16.8743701 ], [ 80.3216989, 16.8796299 ], [ 80.3238052, 16.9064273 ], [ 80.3115867, 16.9166595 ], [ 80.3130932, 16.9405253 ], [ 80.3164745, 16.9484354 ], [ 80.3050154, 16.9536994 ], [ 80.3065886, 16.9737928 ], [ 80.2935174, 16.9766611 ], [ 80.2902749, 16.981076 ], [ 80.2935908, 16.9963324 ], [ 80.2826609, 17.007672 ], [ 80.2704736, 17.0039872 ], [ 80.2648952, 16.9972743 ], [ 80.256072, 17.0011042 ], [ 80.2404017, 17.0021484 ], [ 80.2261618, 17.0153216 ], [ 80.2228682, 17.0078377 ], [ 80.2114296, 17.0102735 ], [ 80.202057, 17.0170256 ], [ 80.1996378, 17.026362 ], [ 80.2040905, 17.0382881 ], [ 80.1966926, 17.0439436 ], [ 80.1920036, 17.0335366 ], [ 80.1926346, 17.0267456 ], [ 80.1872871, 17.019955 ], [ 80.1701654, 17.0168272 ], [ 80.1677638, 17.005591 ], [ 80.1533569, 17.0069427 ], [ 80.1402369, 16.9905923 ], [ 80.1278556, 16.9922667 ], [ 80.1204795, 16.9912227 ], [ 80.1203967, 16.9878944 ], [ 80.1096273, 16.9872148 ], [ 80.1025473, 16.9909593 ], [ 80.0951606, 16.9906515 ], [ 80.0915685, 16.9683554 ], [ 80.055438, 16.9714218 ], [ 80.0611872, 16.9872561 ], [ 80.0561514, 16.9989394 ], [ 80.0599354, 17.000652 ], [ 80.0619998, 17.0093493 ], [ 80.0509603, 17.0110764 ], [ 80.0368718, 17.0241647 ], [ 80.0397652, 17.0511767 ], [ 80.0294088, 17.0531708 ], [ 80.015683, 17.0661183 ], [ 80.0059606, 17.0680087 ], [ 79.9965704, 17.0759274 ], [ 79.9856991, 17.0962322 ], [ 79.9697969, 17.111907 ], [ 79.9620554, 17.1244043 ], [ 79.9461986, 17.1349813 ], [ 79.9318881, 17.1274189 ], [ 79.918385, 17.129458 ], [ 79.9125197, 17.148651 ], [ 79.8989303, 17.1552873 ], [ 79.8886727, 17.1717267 ], [ 79.8810465, 17.1736264 ], [ 79.8765616, 17.1935863 ], [ 79.881948, 17.1981464 ], [ 79.886242, 17.2091061 ], [ 79.9018732, 17.211547 ], [ 79.8957351, 17.2309009 ], [ 79.9022286, 17.2463428 ], [ 79.9006763, 17.253849 ], [ 79.8895346, 17.2593745 ], [ 79.8900451, 17.2563158 ], [ 79.8813948, 17.2590906 ], [ 79.8728177, 17.2660015 ], [ 79.8681237, 17.26228 ], [ 79.8409763, 17.2789363 ], [ 79.8304613, 17.2702075 ], [ 79.8177372, 17.2819822 ], [ 79.8187905, 17.2899578 ], [ 79.8016875, 17.3123514 ], [ 79.804292, 17.3252278 ], [ 79.8314959, 17.3359162 ], [ 79.8435241, 17.3291999 ], [ 79.8498518, 17.3346314 ], [ 79.8754269, 17.3305482 ], [ 79.8788708, 17.3535403 ], [ 79.8823387, 17.3571583 ], [ 79.8913385, 17.3532868 ], [ 79.8958437, 17.3564736 ], [ 79.897294, 17.3671254 ], [ 79.9031059, 17.3758679 ], [ 79.9301523, 17.3725011 ], [ 79.930575, 17.3663623 ], [ 79.9403517, 17.3821585 ], [ 79.9366137, 17.3950659 ], [ 79.9647692, 17.3983892 ], [ 79.9689282, 17.3998373 ], [ 79.9697013, 17.4065533 ], [ 79.9797664, 17.4060219 ], [ 79.9915003, 17.3993678 ], [ 79.9924673, 17.3640636 ], [ 80.0466161, 17.3523171 ], [ 80.0523211, 17.3466052 ], [ 80.0685677, 17.3531176 ], [ 80.073963, 17.3509629 ], [ 80.0729006, 17.3567977 ], [ 80.0766274, 17.3642698 ], [ 80.0858166, 17.3671363 ], [ 80.1004358, 17.3579905 ], [ 80.1084477, 17.35867 ], [ 80.11267, 17.3734713 ], [ 80.1163587, 17.370087 ], [ 80.1203837, 17.3826678 ], [ 80.1283002, 17.3795395 ], [ 80.1299319, 17.3882458 ], [ 80.143728, 17.393871 ], [ 80.1607381, 17.376822 ], [ 80.1602734, 17.4031711 ], [ 80.1663409, 17.407607 ], [ 80.1624901, 17.4204773 ], [ 80.170113, 17.4385286 ], [ 80.1916592, 17.4429508 ], [ 80.2031676, 17.4420358 ], [ 80.1958143, 17.4760286 ], [ 80.2002402, 17.4868176 ], [ 80.2040937, 17.4745257 ], [ 80.2086353, 17.4743286 ], [ 80.2098604, 17.4709711 ], [ 80.2165624, 17.475275 ], [ 80.2277056, 17.5045497 ], [ 80.2282728, 17.5305641 ], [ 80.2049434, 17.5455562 ], [ 80.2018988, 17.558102 ], [ 80.2302172, 17.5523709 ], [ 80.2337424, 17.5662816 ], [ 80.2379512, 17.5592298 ], [ 80.24801, 17.5618594 ], [ 80.2807681, 17.5425913 ], [ 80.2923328, 17.5558401 ], [ 80.2825123, 17.563353 ], [ 80.28598, 17.5730899 ] ] ] } },
{ "type": "Feature", "properties": { "district": "Suryapet", "state": "Telangana" }, "geometry": { "type": "Polygon", "coordinates": [ [ [ 79.6034892, 17.499367 ], [ 79.6096084, 17.4965624 ], [ 79.6128019, 17.4999214 ], [ 79.6207725, 17.5002844 ], [ 79.6295885, 17.4906587 ], [ 79.6391389, 17.4863118 ], [ 79.6554356, 17.4940104 ], [ 79.6591049, 17.4843453 ], [ 79.6564777, 17.4707872 ], [ 79.6902471, 17.4546278 ], [ 79.6998678, 17.4561321 ], [ 79.7003788, 17.4480534 ], [ 79.7047396, 17.4446947 ], [ 79.710125, 17.4455195 ], [ 79.7183474, 17.4341876 ], [ 79.7295616, 17.4283507 ], [ 79.7436289, 17.4291014 ], [ 79.7520094, 17.439828 ], [ 79.7620039, 17.4298575 ], [ 79.7622179, 17.407835 ], [ 79.7724642, 17.3993518 ], [ 79.77554, 17.4030156 ], [ 79.796845, 17.3936788 ], [ 79.7914318, 17.3839447 ], [ 79.7811677, 17.3810891 ], [ 79.7776543, 17.3689807 ], [ 79.796134, 17.3539859 ], [ 79.7928039, 17.3260137 ], [ 79.8033566, 17.3251397 ], [ 79.8016875, 17.3123514 ], [ 79.8187905, 17.2899578 ], [ 79.8177372, 17.2819822 ], [ 79.8304613, 17.2702075 ], [ 79.8409763, 17.2789363 ], [ 79.8681237, 17.26228 ], [ 79.8728177, 17.2660015 ], [ 79.8813948, 17.2590906 ], [ 79.8900451, 17.2563158 ], [ 79.8895346, 17.2593745 ], [ 79.9006763, 17.253849 ], [ 79.9022286, 17.2463428 ], [ 79.8957351, 17.2309009 ], [ 79.9018732, 17.211547 ], [ 79.886242, 17.2091061 ], [ 79.881948, 17.1981464 ], [ 79.8765616, 17.1935863 ], [ 79.8810465, 17.1736264 ], [ 79.8886727, 17.1717267 ], [ 79.8989303, 17.1552873 ], [ 79.9125197, 17.148651 ], [ 79.918385, 17.129458 ], [ 79.9318881, 17.1274189 ], [ 79.9461986, 17.1349813 ], [ 79.9620554, 17.1244043 ], [ 79.9697969, 17.111907 ], [ 79.9856991, 17.0962322 ], [ 79.9954488, 17.0769784 ], [ 80.0059606, 17.0680087 ], [ 80.015683, 17.0661183 ], [ 80.0272905, 17.0543961 ], [ 80.0397652, 17.0511767 ], [ 80.0368718, 17.0241647 ], [ 80.0509603, 17.0110764 ], [ 80.0619998, 17.0093493 ], [ 80.0599354, 17.000652 ], [ 80.0561514, 16.9989394 ], [ 80.0611872, 16.9872561 ], [ 80.0555337, 16.972765 ], [ 80.0574298, 16.9640372 ], [ 80.0482205, 16.9494294 ], [ 80.0518973, 16.9421022 ], [ 80.0503984, 16.935976 ], [ 80.0395521, 16.9170725 ], [ 80.0173837, 16.9149748 ], [ 80.0124169, 16.8926825 ], [ 79.9987615, 16.8652141 ], [ 80.0165592, 16.8546143 ], [ 80.0290059, 16.8520238 ], [ 80.0468438, 16.8533423 ], [ 80.0481767, 16.8332299 ], [ 80.070794, 16.8213016 ], [ 80.073254, 16.8171912 ], [ 80.0664523, 16.7864118 ], [ 80.0538616, 16.7654336 ], [ 80.055114, 16.7450401 ], [ 80.0366429, 16.727657 ], [ 80.0305395, 16.7147772 ], [ 80.0221452, 16.7103265 ], [ 80.0075822, 16.708837 ], [ 79.9974112, 16.7020928 ], [ 79.9773523, 16.6622781 ], [ 79.9647692, 16.6449525 ], [ 79.9497541, 16.6359008 ], [ 79.9323539, 16.6313144 ], [ 79.9088939, 16.634579 ], [ 79.8937222, 16.6501119 ], [ 79.8859445, 16.6860933 ], [ 79.8783565, 16.6966765 ], [ 79.8510627, 16.7058389 ], [ 79.8281561, 16.6937831 ], [ 79.8172622, 16.691867 ], [ 79.7988713, 16.7106795 ], [ 79.7931094, 16.7248339 ], [ 79.7840825, 16.7305426 ], [ 79.7727667, 16.7305721 ], [ 79.7446129, 16.7190817 ], [ 79.7228941, 16.6902765 ], [ 79.6791479, 16.6934044 ], [ 79.6998293, 16.718452 ], [ 79.6744585, 16.7240714 ], [ 79.6680602, 16.7333356 ], [ 79.6741475, 16.7636055 ], [ 79.6735076, 16.7796532 ], [ 79.6664654, 16.8030878 ], [ 79.6679473, 16.8413575 ], [ 79.6630539, 16.8502473 ], [ 79.6458392, 16.8661336 ], [ 79.6417767, 16.8876841 ], [ 79.6168199, 16.9235837 ], [ 79.6141402, 16.9396671 ], [ 79.6155889, 16.9843207 ], [ 79.605467, 16.999708 ], [ 79.5990095, 17.0264155 ], [ 79.6011636, 17.0446848 ], [ 79.5928447, 17.0596356 ], [ 79.5921092, 17.083554 ], [ 79.5691614, 17.1200061 ], [ 79.5617401, 17.141819 ], [ 79.5386844, 17.1641177 ], [ 79.5253672, 17.1861646 ], [ 79.5242981, 17.2129786 ], [ 79.5197439, 17.2332919 ], [ 79.5023148, 17.2310272 ], [ 79.4939699, 17.2333706 ], [ 79.4956457, 17.2506881 ], [ 79.4930808, 17.2571919 ], [ 79.4971863, 17.2623524 ], [ 79.4864367, 17.2945005 ], [ 79.4842998, 17.3127216 ], [ 79.4750709, 17.330384 ], [ 79.4537002, 17.3450115 ], [ 79.4419559, 17.3638174 ], [ 79.4218346, 17.376187 ], [ 79.4123891, 17.3990946 ], [ 79.4247221, 17.4155971 ], [ 79.4207219, 17.431334 ], [ 79.4067608, 17.4516995 ], [ 79.3773853, 17.4731544 ], [ 79.3731179, 17.4820343 ], [ 79.3661866, 17.4862748 ], [ 79.3689839, 17.4914031 ], [ 79.3629704, 17.5007326 ], [ 79.3730021, 17.5030396 ], [ 79.3788633, 17.5111582 ], [ 79.3833, 17.5117247 ], [ 79.4125263, 17.4985787 ], [ 79.4245576, 17.5024828 ], [ 79.4301912, 17.5166444 ], [ 79.4533668, 17.5117461 ], [ 79.4724021, 17.5145649 ], [ 79.4851049, 17.5101091 ], [ 79.5008565, 17.4962179 ], [ 79.5218065, 17.4947643 ], [ 79.5260818, 17.5123888 ], [ 79.5415504, 17.5269623 ], [ 79.5538836, 17.508245 ], [ 79.5660042, 17.4973757 ], [ 79.5760283, 17.5035586 ], [ 79.5961199, 17.4994083 ], [ 79.5896815, 17.528909 ], [ 79.5951083, 17.5272413 ], [ 79.6034892, 17.499367 ] ] ] } },
{ "type": "Feature", "properties": { "district": "Palnadu", "state": "Andhra Pradesh" }, "geometry": { "type": "Polygon", "coordinates": [ [ [ 80.1043601, 16.8223119 ], [ 80.116257, 16.8207147 ], [ 80.1283039, 16.8016788 ], [ 80.1328674, 16.7664032 ], [ 80.1424853, 16.7433643 ], [ 80.1440202, 16.7250826 ], [ 80.1476734, 16.7240304 ], [ 80.140752, 16.7079596 ], [ 80.1493279, 16.6882605 ], [ 80.1358678, 16.6666835 ], [ 80.1408832, 16.6513336 ], [ 80.1694059, 16.6408379 ], [ 80.1839003, 16.6417644 ], [ 80.2104135, 16.6268507 ], [ 80.2528674, 16.6106412 ], [ 80.315496, 16.6091807 ], [ 80.3311038, 16.6114051 ], [ 80.3648194, 16.5920257 ], [ 80.3674572, 16.5874703 ], [ 80.4026702, 16.5852733 ], [ 80.4285499, 16.5887717 ], [ 80.424871, 16.5631442 ], [ 80.4284367, 16.5581386 ], [ 80.4246836, 16.550526 ], [ 80.416671, 16.5482482 ], [ 80.4066661, 16.525355 ], [ 80.4096436, 16.5246779 ], [ 80.4075276, 16.5076719 ], [ 80.4197504, 16.5049135 ], [ 80.4195947, 16.4842902 ], [ 80.4266285, 16.4773278 ], [ 80.3977342, 16.4807666 ], [ 80.393011, 16.4775397 ], [ 80.381086, 16.4783158 ], [ 80.3779912, 16.4649405 ], [ 80.3697652, 16.4654195 ], [ 80.3663336, 16.4595832 ], [ 80.3437642, 16.46201 ], [ 80.3413472, 16.4660967 ], [ 80.3384719, 16.462983 ], [ 80.3180603, 16.462781 ], [ 80.3131245, 16.4532475 ], [ 80.3090746, 16.4538951 ], [ 80.3081348, 16.4349447 ], [ 80.3012086, 16.4275206 ], [ 80.2802675, 16.4306614 ], [ 80.2720626, 16.4137875 ], [ 80.2411858, 16.4153215 ], [ 80.2270319, 16.4002929 ], [ 80.2247316, 16.3934108 ], [ 80.2214325, 16.393809 ], [ 80.2197112, 16.3884202 ], [ 80.2283817, 16.3863511 ], [ 80.2311424, 16.3820625 ], [ 80.2260615, 16.3685347 ], [ 80.2301573, 16.362333 ], [ 80.2261733, 16.3537483 ], [ 80.2181703, 16.3486226 ], [ 80.2211105, 16.3463877 ], [ 80.2205008, 16.3403128 ], [ 80.216916, 16.3382733 ], [ 80.2041887, 16.3417561 ], [ 80.195592, 16.354783 ], [ 80.1827196, 16.3574914 ], [ 80.1759146, 16.3222352 ], [ 80.1616526, 16.3251483 ], [ 80.1588265, 16.3153384 ], [ 80.1636757, 16.3115063 ], [ 80.1582081, 16.3019409 ], [ 80.1403025, 16.3029244 ], [ 80.1266852, 16.3097032 ], [ 80.1251551, 16.3064576 ], [ 80.1229807, 16.2973449 ], [ 80.1282102, 16.2707465 ], [ 80.1535906, 16.2590663 ], [ 80.163474, 16.2704346 ], [ 80.1698204, 16.263805 ], [ 80.1791708, 16.2638149 ], [ 80.1779383, 16.2788739 ], [ 80.1911075, 16.2777854 ], [ 80.19357, 16.2689876 ], [ 80.2009214, 16.262838 ], [ 80.2202462, 16.2585406 ], [ 80.2185375, 16.2493688 ], [ 80.230356, 16.2462313 ], [ 80.2423483, 16.2639462 ], [ 80.2380958, 16.268206 ], [ 80.2437778, 16.2736312 ], [ 80.2723834, 16.2693038 ], [ 80.2740962, 16.2661443 ], [ 80.2767398, 16.2677119 ], [ 80.2706531, 16.2593881 ], [ 80.2738653, 16.2550451 ], [ 80.2915708, 16.2658681 ], [ 80.2949344, 16.273221 ], [ 80.301229, 16.2765331 ], [ 80.2990495, 16.2786477 ], [ 80.3010808, 16.2842172 ], [ 80.3104124, 16.2853881 ], [ 80.3151246, 16.2939855 ], [ 80.3107226, 16.2940042 ], [ 80.3144571, 16.3016917 ], [ 80.3191962, 16.301931 ], [ 80.3190807, 16.3053773 ], [ 80.3299191, 16.3146263 ], [ 80.3354641, 16.3149472 ], [ 80.3399739, 16.3095641 ], [ 80.3355467, 16.3056982 ], [ 80.3373447, 16.3003492 ], [ 80.3418879, 16.2996154 ], [ 80.3471451, 16.3142866 ], [ 80.3521134, 16.3090211 ], [ 80.3489143, 16.3035327 ], [ 80.3523315, 16.2992159 ], [ 80.346752, 16.2956842 ], [ 80.3494942, 16.2922487 ], [ 80.3438718, 16.2781563 ], [ 80.3388117, 16.2701743 ], [ 80.330256, 16.2657624 ], [ 80.3237141, 16.250764 ], [ 80.3192999, 16.2461786 ], [ 80.3160817, 16.2481884 ], [ 80.2891122, 16.2151513 ], [ 80.2799345, 16.2176791 ], [ 80.2751663, 16.1996236 ], [ 80.2654833, 16.198514 ], [ 80.2594231, 16.1937039 ], [ 80.2643495, 16.1876535 ], [ 80.2681271, 16.1951656 ], [ 80.2808543, 16.1987568 ], [ 80.2867417, 16.1909203 ], [ 80.2958244, 16.1882698 ], [ 80.2925436, 16.165974 ], [ 80.2895426, 16.1626467 ], [ 80.2772928, 16.1609289 ], [ 80.2731472, 16.1562977 ], [ 80.2750281, 16.1442284 ], [ 80.2779967, 16.1426078 ], [ 80.2760497, 16.1327457 ], [ 80.2648379, 16.1252754 ], [ 80.2668273, 16.1205965 ], [ 80.2723972, 16.1188205 ], [ 80.2894218, 16.1027685 ], [ 80.2812209, 16.0896258 ], [ 80.2619615, 16.0970045 ], [ 80.2544142, 16.0905191 ], [ 80.2501202, 16.0937886 ], [ 80.2510156, 16.0885884 ], [ 80.2459182, 16.0908619 ], [ 80.2350985, 16.0831598 ], [ 80.226495, 16.0870702 ], [ 80.2311377, 16.0821507 ], [ 80.2285203, 16.0702116 ], [ 80.2293673, 16.0631253 ], [ 80.2329063, 16.0610176 ], [ 80.2288174, 16.0547438 ], [ 80.2313019, 16.0472209 ], [ 80.2299525, 16.0318732 ], [ 80.1901056, 16.0383632 ], [ 80.1880579, 16.0259901 ], [ 80.1855896, 16.0254031 ], [ 80.1815564, 16.0266046 ], [ 80.1823062, 16.0343896 ], [ 80.154841, 16.0414431 ], [ 80.1552594, 16.0455686 ], [ 80.1372995, 16.0454979 ], [ 80.1331145, 16.0196741 ], [ 80.1398495, 16.0166282 ], [ 80.1397765, 16.0156286 ], [ 80.1206173, 16.0205205 ], [ 80.1001438, 16.0111703 ], [ 80.091779, 16.0129047 ], [ 80.0861652, 16.0206959 ], [ 80.0880177, 16.0293923 ], [ 80.0846276, 16.0514799 ], [ 80.0799593, 16.0560298 ], [ 80.0825595, 16.062887 ], [ 80.0734124, 16.0684545 ], [ 80.0708114, 16.0750346 ], [ 80.0741337, 16.0919658 ], [ 80.0678779, 16.0945583 ], [ 80.0615648, 16.0892084 ], [ 80.0475161, 16.0852123 ], [ 80.0406089, 16.09233 ], [ 80.0513865, 16.1195851 ], [ 80.0503274, 16.1306187 ], [ 80.0434089, 16.1298215 ], [ 80.0338004, 16.1228806 ], [ 80.0318482, 16.1174172 ], [ 80.0206402, 16.1144749 ], [ 80.0101532, 16.1190325 ], [ 80.0115393, 16.1261638 ], [ 80.0061724, 16.1337 ], [ 79.998759, 16.1361611 ], [ 80.0005559, 16.139856 ], [ 79.9740263, 16.146083 ], [ 79.97618, 16.1509459 ], [ 79.9722718, 16.1547174 ], [ 79.9528247, 16.1642791 ], [ 79.9504231, 16.1628753 ], [ 79.9534288, 16.1522815 ], [ 79.9492838, 16.1451428 ], [ 79.9447051, 16.1392692 ], [ 79.9369884, 16.1394117 ], [ 79.9325824, 16.1322448 ], [ 79.9278059, 16.1319243 ], [ 79.9192096, 16.1401461 ], [ 79.9015919, 16.1494006 ], [ 79.8786311, 16.1547846 ], [ 79.8660042, 16.1346929 ], [ 79.8751334, 16.1287407 ], [ 79.8695277, 16.1170461 ], [ 79.869016, 16.1117031 ], [ 79.8738851, 16.1121246 ], [ 79.8684809, 16.0961337 ], [ 79.8817186, 16.0922244 ], [ 79.8850136, 16.0857301 ], [ 79.8952213, 16.0871706 ], [ 79.8954772, 16.0769316 ], [ 79.9158276, 16.0747046 ], [ 79.9205281, 16.0605654 ], [ 79.9174015, 16.0469747 ], [ 79.8807482, 16.0390189 ], [ 79.8732351, 16.0292772 ], [ 79.8698083, 16.0303345 ], [ 79.8628845, 15.9932488 ], [ 79.8795958, 15.9992957 ], [ 79.89037, 15.9945282 ], [ 79.8905978, 15.9874324 ], [ 79.9026128, 15.9832469 ], [ 79.8985784, 15.9707071 ], [ 79.9123025, 15.9668921 ], [ 79.9032966, 15.9424976 ], [ 79.8968048, 15.9466629 ], [ 79.8940552, 15.9392918 ], [ 79.8800333, 15.9401784 ], [ 79.8754913, 15.9351989 ], [ 79.8779736, 15.9247131 ], [ 79.8695594, 15.9160857 ], [ 79.8472326, 15.9224499 ], [ 79.8482296, 15.9280701 ], [ 79.8460163, 15.9288005 ], [ 79.7911668, 15.9407181 ], [ 79.7833843, 15.9146671 ], [ 79.7748135, 15.9066415 ], [ 79.7689031, 15.9073629 ], [ 79.7633635, 15.9038837 ], [ 79.7630963, 15.9003188 ], [ 79.7553782, 15.8995771 ], [ 79.7538733, 15.8710143 ], [ 79.747062, 15.8594523 ], [ 79.7527858, 15.8545697 ], [ 79.7541678, 15.8473833 ], [ 79.7726526, 15.8421287 ], [ 79.7708555, 15.8251572 ], [ 79.7432576, 15.8253723 ], [ 79.7318091, 15.8356025 ], [ 79.7106107, 15.8372429 ], [ 79.7170775, 15.8451506 ], [ 79.7197526, 15.8587518 ], [ 79.7143402, 15.8673614 ], [ 79.6890852, 15.8759908 ], [ 79.6949929, 15.8941637 ], [ 79.6934224, 15.897672 ], [ 79.6850213, 15.8983092 ], [ 79.6817183, 15.9036471 ], [ 79.6762278, 15.9033725 ], [ 79.6637441, 15.9166797 ], [ 79.6552581, 15.9205809 ], [ 79.6491762, 15.9131208 ], [ 79.6358261, 15.9069608 ], [ 79.6116202, 15.9220333 ], [ 79.6154278, 15.9324535 ], [ 79.603978, 15.9380726 ], [ 79.5898138, 15.940138 ], [ 79.5723758, 15.9368628 ], [ 79.5591584, 15.9478376 ], [ 79.5615559, 15.9548813 ], [ 79.5595056, 15.9633164 ], [ 79.5685396, 15.9828818 ], [ 79.5725699, 16.0048673 ], [ 79.5629964, 16.0120889 ], [ 79.5668373, 16.0177007 ], [ 79.5611341, 16.0290822 ], [ 79.5637064, 16.0330195 ], [ 79.5537582, 16.0487918 ], [ 79.5472546, 16.0677408 ], [ 79.5464804, 16.0760188 ], [ 79.5526134, 16.0847393 ], [ 79.5554466, 16.1007811 ], [ 79.5528702, 16.1122216 ], [ 79.5442126, 16.1203917 ], [ 79.5383622, 16.1332645 ], [ 79.5368307, 16.1422084 ], [ 79.5403542, 16.1557342 ], [ 79.5367147, 16.1631624 ], [ 79.5388706, 16.1711776 ], [ 79.5471707, 16.1736393 ], [ 79.5592594, 16.1943312 ], [ 79.5608998, 16.2047275 ], [ 79.5563492, 16.2137259 ], [ 79.5631434, 16.2271663 ], [ 79.5600263, 16.2417885 ], [ 79.5611159, 16.2607848 ], [ 79.5667005, 16.2759474 ], [ 79.5499621, 16.2843216 ], [ 79.5363476, 16.305816 ], [ 79.5280401, 16.2971008 ], [ 79.4985699, 16.2903854 ], [ 79.4731279, 16.2904537 ], [ 79.4474054, 16.302607 ], [ 79.3711213, 16.2326847 ], [ 79.3260264, 16.2282786 ], [ 79.2962742, 16.2146471 ], [ 79.2592949, 16.193443 ], [ 79.2497596, 16.1795017 ], [ 79.2220749, 16.1629092 ], [ 79.215633, 16.1812876 ], [ 79.2151414, 16.22598 ], [ 79.2213569, 16.2363433 ], [ 79.2245146, 16.2708538 ], [ 79.230382, 16.2824903 ], [ 79.2342535, 16.3346123 ], [ 79.2123494, 16.3521284 ], [ 79.2101723, 16.3591256 ], [ 79.2124259, 16.3734722 ], [ 79.2077234, 16.3847506 ], [ 79.2115645, 16.4473876 ], [ 79.217953, 16.453817 ], [ 79.2333569, 16.4592011 ], [ 79.217063, 16.4775561 ], [ 79.2144807, 16.4846819 ], [ 79.2199809, 16.5126386 ], [ 79.2272415, 16.5237765 ], [ 79.2447724, 16.5318092 ], [ 79.2522181, 16.5592516 ], [ 79.256838, 16.5658186 ], [ 79.2616378, 16.566923 ], [ 79.2813634, 16.5606059 ], [ 79.2910222, 16.5615747 ], [ 79.3082361, 16.5741455 ], [ 79.3264325, 16.5764585 ], [ 79.3401136, 16.5826392 ], [ 79.3536916, 16.5792667 ], [ 79.3767691, 16.5827549 ], [ 79.41864, 16.5802452 ], [ 79.4330514, 16.5907472 ], [ 79.4391372, 16.6129115 ], [ 79.4471734, 16.6197128 ], [ 79.4595785, 16.6236588 ], [ 79.4833311, 16.6230956 ], [ 79.494013, 16.6330418 ], [ 79.5038451, 16.6359193 ], [ 79.5294236, 16.6306423 ], [ 79.5420909, 16.6322465 ], [ 79.5756295, 16.6497845 ], [ 79.5921823, 16.6698817 ], [ 79.5989234, 16.6732254 ], [ 79.6330906, 16.6604241 ], [ 79.6482784, 16.6700281 ], [ 79.6621851, 16.6866494 ], [ 79.6815417, 16.6943724 ], [ 79.7228941, 16.6902765 ], [ 79.7446129, 16.7190817 ], [ 79.7739909, 16.7307752 ], [ 79.7858298, 16.7301415 ], [ 79.792511, 16.7254967 ], [ 79.7988713, 16.7106795 ], [ 79.8172622, 16.691867 ], [ 79.8281561, 16.6937831 ], [ 79.8510627, 16.7058389 ], [ 79.8775287, 16.6972982 ], [ 79.8859445, 16.6860933 ], [ 79.8928959, 16.6518281 ], [ 79.9064634, 16.6362998 ], [ 79.9305433, 16.6312778 ], [ 79.9475095, 16.6350266 ], [ 79.9656574, 16.6460945 ], [ 79.9793804, 16.6653402 ], [ 79.9974112, 16.7020928 ], [ 80.0075822, 16.708837 ], [ 80.0221452, 16.7103265 ], [ 80.0300382, 16.7144052 ], [ 80.0366429, 16.727657 ], [ 80.0549553, 16.7446463 ], [ 80.0538616, 16.7654336 ], [ 80.0664523, 16.7864118 ], [ 80.0726451, 16.8164845 ], [ 80.1043601, 16.8223119 ] ] ] } },
{ "type": "Feature", "properties": { "district": "Nalgonda", "state": "Telangana" }, "geometry": { "type": "Polygon", "coordinates": [ [ [ 79.2507041, 17.3587991 ], [ 79.2953333, 17.3568042 ], [ 79.3254891, 17.3601601 ], [ 79.3738077, 17.3435961 ], [ 79.3995477, 17.3484375 ], [ 79.4479959, 17.3464168 ], [ 79.4618999, 17.3408646 ], [ 79.4747765, 17.3308845 ], [ 79.4842998, 17.3127216 ], [ 79.4864367, 17.2945005 ], [ 79.4971863, 17.2623524 ], [ 79.4930808, 17.2571919 ], [ 79.4956457, 17.2506881 ], [ 79.4939699, 17.2333706 ], [ 79.5023148, 17.2310272 ], [ 79.5197439, 17.2332919 ], [ 79.5242981, 17.2129786 ], [ 79.5253672, 17.1861646 ], [ 79.5386844, 17.1641177 ], [ 79.5617401, 17.141819 ], [ 79.5691614, 17.1200061 ], [ 79.5921092, 17.083554 ], [ 79.5928447, 17.0596356 ], [ 79.6011636, 17.0446848 ], [ 79.5990095, 17.0264155 ], [ 79.605467, 16.999708 ], [ 79.6155889, 16.9843207 ], [ 79.6141402, 16.9396671 ], [ 79.6168199, 16.9235837 ], [ 79.6417767, 16.8876841 ], [ 79.6458392, 16.8661336 ], [ 79.6630539, 16.8502473 ], [ 79.6679473, 16.8413575 ], [ 79.6664654, 16.8030878 ], [ 79.6735076, 16.7796532 ], [ 79.6741475, 16.7636055 ], [ 79.6680602, 16.7333356 ], [ 79.6744585, 16.7240714 ], [ 79.6998293, 16.718452 ], [ 79.6791479, 16.6934044 ], [ 79.6621851, 16.6866494 ], [ 79.6511012, 16.6726172 ], [ 79.6349973, 16.661065 ], [ 79.6214898, 16.6631759 ], [ 79.5989234, 16.6732254 ], [ 79.5921823, 16.6698817 ], [ 79.5756295, 16.6497845 ], [ 79.5420909, 16.6322465 ], [ 79.5294236, 16.6306423 ], [ 79.5038451, 16.6359193 ], [ 79.494013, 16.6330418 ], [ 79.4833311, 16.6230956 ], [ 79.4595785, 16.6236588 ], [ 79.4504549, 16.6209909 ], [ 79.4391372, 16.6129115 ], [ 79.4330514, 16.5907472 ], [ 79.41864, 16.5802452 ], [ 79.3767691, 16.5827549 ], [ 79.3536916, 16.5792667 ], [ 79.3401136, 16.5826392 ], [ 79.3264325, 16.5764585 ], [ 79.3082361, 16.5741455 ], [ 79.2910222, 16.5615747 ], [ 79.2813634, 16.5606059 ], [ 79.2616378, 16.566923 ], [ 79.256838, 16.5658186 ], [ 79.2522181, 16.5592516 ], [ 79.2447724, 16.5318092 ], [ 79.2272415, 16.5237765 ], [ 79.2199809, 16.5126386 ], [ 79.2167238, 16.4994759 ], [ 79.2156918, 16.4800987 ], [ 79.2333569, 16.4592011 ], [ 79.217953, 16.453817 ], [ 79.2115645, 16.4473876 ], [ 79.2077234, 16.3847506 ], [ 79.2124259, 16.3734722 ], [ 79.2105945, 16.3561747 ], [ 79.203113, 16.3626466 ], [ 79.193894, 16.3590305 ], [ 79.1805371, 16.3676181 ], [ 79.1718491, 16.3679619 ], [ 79.1641728, 16.3787413 ], [ 79.1535828, 16.3824328 ], [ 79.1516937, 16.3997433 ], [ 79.1429724, 16.3985976 ], [ 79.1350737, 16.4038612 ], [ 79.1224617, 16.4062899 ], [ 79.1098676, 16.4207802 ], [ 79.091544, 16.421582 ], [ 79.073062, 16.4423539 ], [ 79.0589028, 16.4469799 ], [ 79.0463031, 16.4586985 ], [ 79.0289811, 16.4654718 ], [ 78.9858847, 16.4933457 ], [ 78.9676034, 16.4974251 ], [ 78.9392941, 16.5103439 ], [ 78.9225282, 16.5233586 ], [ 78.9183082, 16.534521 ], [ 78.9121367, 16.5398887 ], [ 78.9093894, 16.551478 ], [ 78.8699434, 16.5435715 ], [ 78.855656, 16.5508786 ], [ 78.835994, 16.5436608 ], [ 78.8006785, 16.5139648 ], [ 78.7891301, 16.515161 ], [ 78.7746907, 16.5301005 ], [ 78.7652661, 16.5333344 ], [ 78.7242864, 16.5395263 ], [ 78.6838925, 16.5373257 ], [ 78.6798033, 16.5312663 ], [ 78.6755007, 16.5331154 ], [ 78.6722996, 16.5294198 ], [ 78.6618843, 16.546218 ], [ 78.6711543, 16.552345 ], [ 78.6794547, 16.5548451 ], [ 78.6798775, 16.552221 ], [ 78.6907085, 16.5610471 ], [ 78.7013825, 16.5645752 ], [ 78.7162323, 16.5819276 ], [ 78.6980587, 16.6127459 ], [ 78.698505, 16.6188418 ], [ 78.6799046, 16.6240517 ], [ 78.6776065, 16.6356915 ], [ 78.6673569, 16.651772 ], [ 78.7134825, 16.6504962 ], [ 78.7072558, 16.6661012 ], [ 78.710087, 16.6783001 ], [ 78.7255931, 16.6884208 ], [ 78.740845, 16.7066925 ], [ 78.7555529, 16.7061399 ], [ 78.7595511, 16.7306265 ], [ 78.757261, 16.74759 ], [ 78.7808094, 16.7460768 ], [ 78.7892585, 16.7612188 ], [ 78.7950995, 16.7854385 ], [ 78.7917778, 16.8020413 ], [ 78.7952579, 16.8122494 ], [ 78.7978207, 16.807458 ], [ 78.8021058, 16.8261928 ], [ 78.7875342, 16.8316748 ], [ 78.7890235, 16.8397051 ], [ 78.77566, 16.8438256 ], [ 78.7812689, 16.8597946 ], [ 78.7808428, 16.8682662 ], [ 78.7719821, 16.8824898 ], [ 78.7523544, 16.862711 ], [ 78.7498025, 16.8545801 ], [ 78.7302831, 16.8644686 ], [ 78.7266903, 16.8696756 ], [ 78.7288827, 16.8948793 ], [ 78.7453097, 16.9149095 ], [ 78.7134277, 16.9286182 ], [ 78.7075488, 16.9339503 ], [ 78.69583, 16.9355969 ], [ 78.6969453, 16.9420824 ], [ 78.7038631, 16.9496479 ], [ 78.702106, 16.9645523 ], [ 78.7318492, 16.9731543 ], [ 78.7563647, 16.9695172 ], [ 78.7531722, 16.9744791 ], [ 78.753907, 16.9843618 ], [ 78.774073, 16.9821883 ], [ 78.7890584, 16.9762371 ], [ 78.7926044, 16.9912467 ], [ 78.7989656, 16.9996729 ], [ 78.8163321, 17.0007155 ], [ 78.8226722, 17.0057084 ], [ 78.8250286, 17.0193208 ], [ 78.7766024, 17.0314878 ], [ 78.7828599, 17.040533 ], [ 78.7926035, 17.0417781 ], [ 78.7970658, 17.0356727 ], [ 78.8219125, 17.0303395 ], [ 78.8339043, 17.0363894 ], [ 78.8374515, 17.0410614 ], [ 78.8360438, 17.0552274 ], [ 78.8442066, 17.0684641 ], [ 78.8416496, 17.0739703 ], [ 78.8733893, 17.0616075 ], [ 78.8794692, 17.0574799 ], [ 78.8806956, 17.0466813 ], [ 78.8919608, 17.0436147 ], [ 78.8944377, 17.0598273 ], [ 78.8977066, 17.0654141 ], [ 78.9005022, 17.0650599 ], [ 78.9030997, 17.0723147 ], [ 78.9020642, 17.0788324 ], [ 78.9149032, 17.0907039 ], [ 78.928285, 17.0813113 ], [ 78.9384242, 17.1065332 ], [ 78.9482422, 17.110191 ], [ 78.9521839, 17.1226281 ], [ 78.947252, 17.1260516 ], [ 78.951429, 17.1319064 ], [ 78.9745182, 17.1286183 ], [ 78.9926599, 17.1553322 ], [ 78.9778975, 17.1684313 ], [ 78.9794038, 17.1737735 ], [ 78.9705918, 17.1793855 ], [ 78.9723218, 17.1837796 ], [ 78.9605534, 17.1907716 ], [ 78.9628696, 17.1953871 ], [ 78.9571455, 17.1988276 ], [ 78.9737233, 17.2147602 ], [ 78.9715046, 17.2163043 ], [ 78.9788804, 17.2487922 ], [ 78.9827365, 17.2473095 ], [ 78.9864898, 17.2507145 ], [ 78.9806108, 17.2642012 ], [ 78.9821649, 17.279306 ], [ 78.9977715, 17.2784851 ], [ 78.9976813, 17.2716217 ], [ 79.0081454, 17.2730505 ], [ 79.036265, 17.2687735 ], [ 79.055317, 17.2571107 ], [ 79.0640268, 17.2579021 ], [ 79.0822453, 17.2524714 ], [ 79.0887449, 17.2471155 ], [ 79.1034102, 17.2426906 ], [ 79.1169575, 17.2776823 ], [ 79.1377197, 17.2767443 ], [ 79.1419722, 17.2818223 ], [ 79.1556074, 17.2810993 ], [ 79.1497245, 17.2714534 ], [ 79.1566961, 17.2595194 ], [ 79.1756763, 17.2552204 ], [ 79.1752075, 17.2514599 ], [ 79.1779257, 17.25173 ], [ 79.1841531, 17.2733012 ], [ 79.2050103, 17.2620884 ], [ 79.2047303, 17.2688739 ], [ 79.215872, 17.2887509 ], [ 79.2193565, 17.313822 ], [ 79.2289283, 17.3179216 ], [ 79.248088, 17.3154252 ], [ 79.2518463, 17.3249933 ], [ 79.2493355, 17.3310948 ], [ 79.2507041, 17.3587991 ] ] ] } },
{ "type": "Feature", "properties": { "district": "Warangal", "state": "Telangana" }, "geometry": { "type": "Polygon", "coordinates": [ [ [ 79.9918928, 18.1075435 ], [ 79.9812274, 18.0605963 ], [ 79.9848694, 18.0537579 ], [ 79.9793501, 18.0202494 ], [ 79.9882432, 18.0048133 ], [ 79.9939548, 18.0009083 ], [ 79.9863647, 17.9916518 ], [ 79.9838781, 17.9709406 ], [ 79.9880192, 17.9694273 ], [ 79.9856944, 17.9536699 ], [ 79.9809086, 17.9490572 ], [ 79.9767299, 17.952378 ], [ 79.9942422, 17.917011 ], [ 79.9887403, 17.904839 ], [ 79.9941882, 17.8894938 ], [ 79.9911664, 17.8814128 ], [ 79.9812654, 17.8766791 ], [ 79.9828598, 17.873546 ], [ 79.9753819, 17.8614048 ], [ 79.9608782, 17.8642842 ], [ 79.9527503, 17.8607379 ], [ 79.9515553, 17.8441141 ], [ 79.9472086, 17.8356773 ], [ 79.9386803, 17.8406137 ], [ 79.9309327, 17.8187063 ], [ 79.9177749, 17.8094044 ], [ 79.9153761, 17.7988473 ], [ 79.9099524, 17.80418 ], [ 79.9106891, 17.813435 ], [ 79.8948886, 17.8137344 ], [ 79.8912763, 17.8098684 ], [ 79.8755666, 17.8084534 ], [ 79.8826178, 17.7901169 ], [ 79.8834444, 17.7793608 ], [ 79.9037253, 17.7616803 ], [ 79.9036712, 17.7468531 ], [ 79.8933775, 17.7301029 ], [ 79.8692292, 17.742365 ], [ 79.8720884, 17.7392631 ], [ 79.8642897, 17.7352124 ], [ 79.8668854, 17.7304375 ], [ 79.8613364, 17.7280613 ], [ 79.863581, 17.7195649 ], [ 79.8446128, 17.7187075 ], [ 79.8212283, 17.7128391 ], [ 79.8189728, 17.7090075 ], [ 79.8244162, 17.6951648 ], [ 79.8190112, 17.6993065 ], [ 79.8054155, 17.7002482 ], [ 79.7910469, 17.708772 ], [ 79.7712945, 17.6971917 ], [ 79.7714471, 17.6890958 ], [ 79.7677681, 17.6866783 ], [ 79.7595994, 17.690574 ], [ 79.7415477, 17.6889421 ], [ 79.7228444, 17.6958908 ], [ 79.7244116, 17.6991332 ], [ 79.721542, 17.7008406 ], [ 79.7154415, 17.6978438 ], [ 79.7141298, 17.6838432 ], [ 79.7052279, 17.682228 ], [ 79.6913736, 17.6865294 ], [ 79.6805194, 17.6611724 ], [ 79.6825315, 17.654711 ], [ 79.6760613, 17.6504095 ], [ 79.6623459, 17.6501618 ], [ 79.6535063, 17.6279618 ], [ 79.6354883, 17.6233914 ], [ 79.6164061, 17.621835 ], [ 79.6138712, 17.6361599 ], [ 79.5776973, 17.6284751 ], [ 79.5778391, 17.6203655 ], [ 79.5636905, 17.6184911 ], [ 79.5458325, 17.6300847 ], [ 79.5404722, 17.6378906 ], [ 79.5358396, 17.6305913 ], [ 79.5244599, 17.6331074 ], [ 79.5222211, 17.6613607 ], [ 79.4898348, 17.662915 ], [ 79.4911136, 17.6658816 ], [ 79.48132, 17.6748401 ], [ 79.4905631, 17.6968091 ], [ 79.4809967, 17.7053122 ], [ 79.4950092, 17.7155092 ], [ 79.5022895, 17.7154062 ], [ 79.5041864, 17.7241909 ], [ 79.4953356, 17.7383348 ], [ 79.4810017, 17.7452421 ], [ 79.4904835, 17.7544727 ], [ 79.5053409, 17.748616 ], [ 79.5145911, 17.7741021 ], [ 79.5142394, 17.7949739 ], [ 79.5252343, 17.7905845 ], [ 79.5528937, 17.7867946 ], [ 79.5646626, 17.7954398 ], [ 79.5641092, 17.8026292 ], [ 79.5591766, 17.8078555 ], [ 79.5742085, 17.8133999 ], [ 79.5777629, 17.8112229 ], [ 79.5940965, 17.8231994 ], [ 79.6136296, 17.8211164 ], [ 79.6215895, 17.8288157 ], [ 79.6209151, 17.8413475 ], [ 79.6145466, 17.850054 ], [ 79.6185505, 17.8591652 ], [ 79.6171868, 17.8684982 ], [ 79.5898074, 17.8830872 ], [ 79.5936219, 17.8973823 ], [ 79.58391, 17.899497 ], [ 79.5599708, 17.9167674 ], [ 79.5541842, 17.9300667 ], [ 79.55959, 17.9321518 ], [ 79.5694096, 17.929614 ], [ 79.5707988, 17.9593186 ], [ 79.568422, 17.970171 ], [ 79.5718419, 17.9749916 ], [ 79.5810191, 17.9767273 ], [ 79.5826828, 17.9848659 ], [ 79.591477, 17.9869005 ], [ 79.5982058, 18.035711 ], [ 79.6040167, 18.0301935 ], [ 79.6208399, 18.0397054 ], [ 79.641866, 18.0381805 ], [ 79.6426605, 18.0428744 ], [ 79.6460473, 18.03892 ], [ 79.6509909, 18.0422391 ], [ 79.666623, 18.0338862 ], [ 79.6785785, 18.0074482 ], [ 79.6908541, 18.0002857 ], [ 79.6961939, 18.0021557 ], [ 79.7079095, 17.99699 ], [ 79.7308066, 18.0051666 ], [ 79.7427609, 18.0188607 ], [ 79.748562, 18.03487 ], [ 79.759657, 18.0397826 ], [ 79.7600544, 18.0472598 ], [ 79.7672911, 18.0544887 ], [ 79.7770298, 18.0543049 ], [ 79.7792548, 18.049273 ], [ 79.7920975, 18.0450032 ], [ 79.7937567, 18.0566839 ], [ 79.790233, 18.0602924 ], [ 79.7939, 18.0785335 ], [ 79.8098926, 18.0781141 ], [ 79.8156115, 18.0926717 ], [ 79.8638403, 18.0935391 ], [ 79.8871524, 18.0981989 ], [ 79.8844931, 18.0857218 ], [ 79.93633, 18.0836049 ], [ 79.9577963, 18.0894769 ], [ 79.9651002, 18.1006088 ], [ 79.9794798, 18.1119112 ], [ 79.9918928, 18.1075435 ] ] ] } },
{ "type": "Feature", "properties": { "district": "Mahabubabad", "state": "Telangana" }, "geometry": { "type": "Polygon", "coordinates": [ [ [ 80.0180666, 18.1170271 ], [ 80.0361914, 18.1154174 ], [ 80.0545884, 18.0854021 ], [ 80.0793874, 18.0705061 ], [ 80.0890777, 18.0733225 ], [ 80.100727, 18.0819451 ], [ 80.1131771, 18.082777 ], [ 80.1448874, 18.0948539 ], [ 80.149477, 18.0837887 ], [ 80.1641554, 18.0807118 ], [ 80.1857753, 18.0625354 ], [ 80.2374968, 18.0371233 ], [ 80.2811705, 17.9982669 ], [ 80.3045689, 18.0000477 ], [ 80.3161784, 17.9959655 ], [ 80.3096755, 17.9752929 ], [ 80.2943184, 17.9644763 ], [ 80.2750239, 17.9663597 ], [ 80.2684687, 17.9505242 ], [ 80.2676525, 17.9259258 ], [ 80.2699501, 17.9154284 ], [ 80.2778022, 17.9068622 ], [ 80.2769673, 17.8812824 ], [ 80.2659542, 17.8612827 ], [ 80.2631125, 17.845789 ], [ 80.2478476, 17.824409 ], [ 80.2540137, 17.8034648 ], [ 80.2558414, 17.7909275 ], [ 80.252425, 17.7798081 ], [ 80.2580048, 17.7775272 ], [ 80.2567148, 17.7600636 ], [ 80.2594255, 17.7501217 ], [ 80.2498961, 17.7426973 ], [ 80.2484914, 17.7381977 ], [ 80.2448094, 17.7219694 ], [ 80.2478508, 17.7190301 ], [ 80.2450565, 17.7133039 ], [ 80.247686, 17.7041348 ], [ 80.2410563, 17.6921836 ], [ 80.2367244, 17.6552991 ], [ 80.2307428, 17.657231 ], [ 80.2302718, 17.6603813 ], [ 80.221175, 17.6609166 ], [ 80.2068053, 17.6527106 ], [ 80.2066255, 17.624682 ], [ 80.209777, 17.6136738 ], [ 80.2232089, 17.6062187 ], [ 80.2015088, 17.5573781 ], [ 80.2049434, 17.5455562 ], [ 80.2282728, 17.5305641 ], [ 80.2277056, 17.5045497 ], [ 80.2165624, 17.475275 ], [ 80.2098604, 17.4709711 ], [ 80.2086353, 17.4743286 ], [ 80.2040937, 17.4745257 ], [ 80.2002402, 17.4868176 ], [ 80.1958143, 17.4760286 ], [ 80.2031676, 17.4420358 ], [ 80.1916592, 17.4429508 ], [ 80.170113, 17.4385286 ], [ 80.1624901, 17.4204773 ], [ 80.1663409, 17.407607 ], [ 80.1602734, 17.4031711 ], [ 80.1607381, 17.376822 ], [ 80.143728, 17.393871 ], [ 80.1299319, 17.3882458 ], [ 80.1283002, 17.3795395 ], [ 80.1203837, 17.3826678 ], [ 80.1163587, 17.370087 ], [ 80.11267, 17.3734713 ], [ 80.1084477, 17.35867 ], [ 80.1004358, 17.3579905 ], [ 80.0858166, 17.3671363 ], [ 80.0766274, 17.3642698 ], [ 80.0729006, 17.3567977 ], [ 80.073963, 17.3509629 ], [ 80.0685677, 17.3531176 ], [ 80.0523211, 17.3466052 ], [ 80.0466161, 17.3523171 ], [ 79.9924673, 17.3640636 ], [ 79.9915003, 17.3993678 ], [ 79.9797664, 17.4060219 ], [ 79.9697013, 17.4065533 ], [ 79.9689282, 17.3998373 ], [ 79.9647692, 17.3983892 ], [ 79.9366137, 17.3950659 ], [ 79.9403517, 17.3821585 ], [ 79.930575, 17.3663623 ], [ 79.9301523, 17.3725011 ], [ 79.9031059, 17.3758679 ], [ 79.897294, 17.3671254 ], [ 79.8958437, 17.3564736 ], [ 79.8913385, 17.3532868 ], [ 79.8823387, 17.3571583 ], [ 79.8788708, 17.3535403 ], [ 79.8754269, 17.3305482 ], [ 79.8498518, 17.3346314 ], [ 79.8435241, 17.3291999 ], [ 79.8314959, 17.3359162 ], [ 79.8151071, 17.3313396 ], [ 79.8037264, 17.3243116 ], [ 79.7928039, 17.3260137 ], [ 79.796134, 17.3539859 ], [ 79.7776543, 17.3689807 ], [ 79.7811677, 17.3810891 ], [ 79.7914318, 17.3839447 ], [ 79.7969823, 17.3934894 ], [ 79.77554, 17.4030156 ], [ 79.7724642, 17.3993518 ], [ 79.7622179, 17.407835 ], [ 79.7620039, 17.4298575 ], [ 79.7543291, 17.4379554 ], [ 79.7520094, 17.439828 ], [ 79.7436289, 17.4291014 ], [ 79.7295616, 17.4283507 ], [ 79.7183474, 17.4341876 ], [ 79.710125, 17.4455195 ], [ 79.7047396, 17.4446947 ], [ 79.7003788, 17.4480534 ], [ 79.6998678, 17.4561321 ], [ 79.6902471, 17.4546278 ], [ 79.6564777, 17.4707872 ], [ 79.6591049, 17.4843453 ], [ 79.6554356, 17.4940104 ], [ 79.6391389, 17.4863118 ], [ 79.6295885, 17.4906587 ], [ 79.6207725, 17.5002844 ], [ 79.6128019, 17.4999214 ], [ 79.6096084, 17.4965624 ], [ 79.6036381, 17.4987438 ], [ 79.5951083, 17.5272413 ], [ 79.5896815, 17.528909 ], [ 79.6025957, 17.5479517 ], [ 79.5792956, 17.5761851 ], [ 79.5908962, 17.5943138 ], [ 79.585579, 17.6014024 ], [ 79.5844859, 17.6093724 ], [ 79.5783347, 17.6152184 ], [ 79.5776973, 17.6284751 ], [ 79.6138712, 17.6361599 ], [ 79.6164061, 17.621835 ], [ 79.6535063, 17.6279618 ], [ 79.6614339, 17.6495208 ], [ 79.6768763, 17.6505935 ], [ 79.6825315, 17.654711 ], [ 79.6805194, 17.6611724 ], [ 79.6913736, 17.6865294 ], [ 79.7052279, 17.682228 ], [ 79.7141298, 17.6838432 ], [ 79.7154415, 17.6978438 ], [ 79.721542, 17.7008406 ], [ 79.7244116, 17.6991332 ], [ 79.7228444, 17.6958908 ], [ 79.7415477, 17.6889421 ], [ 79.7595994, 17.690574 ], [ 79.7677681, 17.6866783 ], [ 79.7714471, 17.6890958 ], [ 79.7712945, 17.6971917 ], [ 79.7910469, 17.708772 ], [ 79.8054155, 17.7002482 ], [ 79.8190112, 17.6993065 ], [ 79.8244162, 17.6951648 ], [ 79.8189728, 17.7090075 ], [ 79.8212283, 17.7128391 ], [ 79.8446128, 17.7187075 ], [ 79.863581, 17.7195649 ], [ 79.8613364, 17.7280613 ], [ 79.8668854, 17.7304375 ], [ 79.8642897, 17.7352124 ], [ 79.8720884, 17.7392631 ], [ 79.8692292, 17.742365 ], [ 79.8933775, 17.7301029 ], [ 79.9036712, 17.7468531 ], [ 79.9037253, 17.7616803 ], [ 79.8834444, 17.7793608 ], [ 79.8826178, 17.7901169 ], [ 79.8755666, 17.8084534 ], [ 79.8912763, 17.8098684 ], [ 79.8948886, 17.8137344 ], [ 79.9106891, 17.813435 ], [ 79.9099524, 17.80418 ], [ 79.9153761, 17.7988473 ], [ 79.9177749, 17.8094044 ], [ 79.9309327, 17.8187063 ], [ 79.9386803, 17.8406137 ], [ 79.9472086, 17.8356773 ], [ 79.9515553, 17.8441141 ], [ 79.9527503, 17.8607379 ], [ 79.9608782, 17.8642842 ], [ 79.9753819, 17.8614048 ], [ 79.9828598, 17.873546 ], [ 79.9812654, 17.8766791 ], [ 79.9911664, 17.8814128 ], [ 79.9942435, 17.89084 ], [ 79.9887403, 17.904839 ], [ 79.9942422, 17.917011 ], [ 79.9767299, 17.952378 ], [ 79.9809086, 17.9490572 ], [ 79.9856944, 17.9536699 ], [ 79.9880192, 17.9694273 ], [ 79.9838781, 17.9709406 ], [ 79.9863647, 17.9916518 ], [ 79.9939548, 18.0009083 ], [ 79.9882432, 18.0048133 ], [ 79.9793501, 18.0202494 ], [ 79.9848694, 18.0537579 ], [ 79.9812274, 18.0605963 ], [ 79.9918928, 18.1075435 ], [ 80.0180666, 18.1170271 ] ] ] } },
{ "type": "Feature", "properties": { "district": "Hanumakonda", "state": "Telangana" }, "geometry": { "type": "Polygon", "coordinates": [ [ [ 79.6350527, 18.2765118 ], [ 79.6525292, 18.2524744 ], [ 79.6605399, 18.25325 ], [ 79.6707145, 18.2553442 ], [ 79.697071, 18.2777292 ], [ 79.7043949, 18.2715792 ], [ 79.6953223, 18.2509161 ], [ 79.7107985, 18.240928 ], [ 79.7167047, 18.2209104 ], [ 79.72289, 18.2197709 ], [ 79.7224837, 18.2094553 ], [ 79.7358194, 18.2049959 ], [ 79.7282125, 18.1986077 ], [ 79.7227987, 18.2005558 ], [ 79.7240002, 18.1944367 ], [ 79.733842, 18.1900256 ], [ 79.7437987, 18.1774733 ], [ 79.7473318, 18.1786581 ], [ 79.7537246, 18.1742727 ], [ 79.7875409, 18.196367 ], [ 79.7960404, 18.1982525 ], [ 79.800734, 18.1947294 ], [ 79.8092232, 18.1567139 ], [ 79.8182706, 18.1406269 ], [ 79.8278094, 18.1365716 ], [ 79.8339181, 18.1374719 ], [ 79.8419969, 18.1324526 ], [ 79.8294695, 18.1224672 ], [ 79.8241013, 18.1125528 ], [ 79.8197607, 18.1130995 ], [ 79.8098926, 18.0781141 ], [ 79.7939, 18.0785335 ], [ 79.790233, 18.0602924 ], [ 79.7937567, 18.0566839 ], [ 79.7920975, 18.0450032 ], [ 79.7792548, 18.049273 ], [ 79.7770298, 18.0543049 ], [ 79.7672911, 18.0544887 ], [ 79.7600544, 18.0472598 ], [ 79.759657, 18.0397826 ], [ 79.748562, 18.03487 ], [ 79.7427609, 18.0188607 ], [ 79.7308066, 18.0051666 ], [ 79.7079095, 17.99699 ], [ 79.6961939, 18.0021557 ], [ 79.6900586, 18.0006335 ], [ 79.678418, 18.0075791 ], [ 79.666623, 18.0338862 ], [ 79.6509909, 18.0422391 ], [ 79.6460473, 18.03892 ], [ 79.6426605, 18.0428744 ], [ 79.641866, 18.0381805 ], [ 79.6208399, 18.0397054 ], [ 79.6040167, 18.0301935 ], [ 79.5982058, 18.035711 ], [ 79.591477, 17.9869005 ], [ 79.5826828, 17.9848659 ], [ 79.5810191, 17.9767273 ], [ 79.5718419, 17.9749916 ], [ 79.568422, 17.970171 ], [ 79.5707988, 17.9593186 ], [ 79.5694096, 17.929614 ], [ 79.55959, 17.9321518 ], [ 79.5541842, 17.9300667 ], [ 79.5599708, 17.9167674 ], [ 79.58391, 17.899497 ], [ 79.5936219, 17.8973823 ], [ 79.5898074, 17.8830872 ], [ 79.6171868, 17.8684982 ], [ 79.6185505, 17.8591652 ], [ 79.6145466, 17.850054 ], [ 79.6209151, 17.8413475 ], [ 79.6216564, 17.8296929 ], [ 79.6136296, 17.8211164 ], [ 79.5940965, 17.8231994 ], [ 79.5777629, 17.8112229 ], [ 79.5742085, 17.8133999 ], [ 79.559666, 17.8081425 ], [ 79.5641092, 17.8026292 ], [ 79.5646626, 17.7954398 ], [ 79.5528937, 17.7867946 ], [ 79.5252343, 17.7905845 ], [ 79.5142394, 17.7949739 ], [ 79.5145742, 17.818875 ], [ 79.4950716, 17.8185833 ], [ 79.4909508, 17.82115 ], [ 79.4928353, 17.841427 ], [ 79.5051554, 17.8597148 ], [ 79.5027659, 17.8654849 ], [ 79.4926877, 17.8692165 ], [ 79.4915088, 17.8790692 ], [ 79.4831921, 17.8914978 ], [ 79.4779828, 17.8927974 ], [ 79.4640809, 17.872851 ], [ 79.458422, 17.8744191 ], [ 79.4490935, 17.8789568 ], [ 79.4477369, 17.9091852 ], [ 79.4373562, 17.9132065 ], [ 79.4201232, 17.8959619 ], [ 79.4116809, 17.8995261 ], [ 79.4042747, 17.8984668 ], [ 79.3943863, 17.9080393 ], [ 79.3888086, 17.9008866 ], [ 79.3686773, 17.9098664 ], [ 79.3519994, 17.9238711 ], [ 79.3427701, 17.9211591 ], [ 79.3360477, 17.9384387 ], [ 79.3240874, 17.9438018 ], [ 79.28619, 17.9531137 ], [ 79.2675058, 17.952677 ], [ 79.2710647, 17.9785965 ], [ 79.2633483, 17.9836281 ], [ 79.2286529, 17.9877546 ], [ 79.2328513, 17.994485 ], [ 79.230303, 18.0017036 ], [ 79.260791, 18.003007 ], [ 79.2615939, 18.0345598 ], [ 79.2818232, 18.0657338 ], [ 79.2797801, 18.0676263 ], [ 79.2908815, 18.0892962 ], [ 79.2931734, 18.1027947 ], [ 79.2905446, 18.1209481 ], [ 79.2938489, 18.1259094 ], [ 79.3139239, 18.1341525 ], [ 79.3273413, 18.1481516 ], [ 79.3462963, 18.1467939 ], [ 79.3538691, 18.1399146 ], [ 79.3656037, 18.1397739 ], [ 79.379371, 18.1566981 ], [ 79.3969162, 18.1480425 ], [ 79.4009229, 18.1610785 ], [ 79.397617, 18.1627606 ], [ 79.3990575, 18.166201 ], [ 79.4131782, 18.1648886 ], [ 79.4191817, 18.1691877 ], [ 79.4244796, 18.1656306 ], [ 79.4276722, 18.1572464 ], [ 79.4311667, 18.1568264 ], [ 79.4474862, 18.1589019 ], [ 79.4472124, 18.1636431 ], [ 79.4620203, 18.164412 ], [ 79.4610523, 18.187336 ], [ 79.4735219, 18.1956282 ], [ 79.4653909, 18.2007071 ], [ 79.4732551, 18.2197243 ], [ 79.4738364, 18.2299495 ], [ 79.4813133, 18.2318294 ], [ 79.4823574, 18.2291458 ], [ 79.4915215, 18.2294031 ], [ 79.4978841, 18.2346573 ], [ 79.5195091, 18.2412199 ], [ 79.5346972, 18.2352081 ], [ 79.5404558, 18.2378873 ], [ 79.5502579, 18.2477746 ], [ 79.5518893, 18.2678181 ], [ 79.5820869, 18.2565572 ], [ 79.5973921, 18.2627816 ], [ 79.6066841, 18.2591782 ], [ 79.6099906, 18.2622152 ], [ 79.6204192, 18.2623983 ], [ 79.6215474, 18.2681556 ], [ 79.6274006, 18.2730057 ], [ 79.6283223, 18.2816542 ], [ 79.6329421, 18.285261 ], [ 79.6364474, 18.283106 ], [ 79.6350527, 18.2765118 ] ] ] } },
{ "type": "Feature", "properties": { "district": "Jangoan", "state": "Telangana" }, "geometry": { "type": "Polygon", "coordinates": [ [ [ 79.1923227, 18.0016331 ], [ 79.2328495, 17.9944825 ], [ 79.2286529, 17.9877546 ], [ 79.231992, 17.9863326 ], [ 79.2633483, 17.9836281 ], [ 79.2710647, 17.9785965 ], [ 79.2675058, 17.952677 ], [ 79.28619, 17.9531137 ], [ 79.3240874, 17.9438018 ], [ 79.3360477, 17.9384387 ], [ 79.3427701, 17.9211591 ], [ 79.3519994, 17.9238711 ], [ 79.3686773, 17.9098664 ], [ 79.3863058, 17.9017957 ], [ 79.3903781, 17.9005104 ], [ 79.3943863, 17.9080393 ], [ 79.4042747, 17.8984668 ], [ 79.4116809, 17.8995261 ], [ 79.4201232, 17.8959619 ], [ 79.4373562, 17.9132065 ], [ 79.4486269, 17.9087286 ], [ 79.4490935, 17.8789568 ], [ 79.4640809, 17.872851 ], [ 79.4779828, 17.8927974 ], [ 79.4874795, 17.8876942 ], [ 79.4926877, 17.8692165 ], [ 79.5027659, 17.8654849 ], [ 79.5051554, 17.8597148 ], [ 79.4928353, 17.841427 ], [ 79.4909508, 17.82115 ], [ 79.4950716, 17.8185833 ], [ 79.5145742, 17.818875 ], [ 79.5145911, 17.7741021 ], [ 79.5053409, 17.748616 ], [ 79.4904835, 17.7544727 ], [ 79.4810017, 17.7452421 ], [ 79.4953356, 17.7383348 ], [ 79.5041864, 17.7241909 ], [ 79.5022895, 17.7154062 ], [ 79.4950092, 17.7155092 ], [ 79.4809967, 17.7053122 ], [ 79.4905947, 17.6961763 ], [ 79.48132, 17.6748401 ], [ 79.4911136, 17.6658816 ], [ 79.4898348, 17.662915 ], [ 79.5222211, 17.6613607 ], [ 79.5244599, 17.6331074 ], [ 79.5358396, 17.6305913 ], [ 79.5404722, 17.6378906 ], [ 79.5458325, 17.6300847 ], [ 79.562221, 17.6191673 ], [ 79.572307, 17.6178144 ], [ 79.5778391, 17.6203655 ], [ 79.5908962, 17.5943138 ], [ 79.5792956, 17.5761851 ], [ 79.6025957, 17.5479517 ], [ 79.5896815, 17.528909 ], [ 79.5961199, 17.4994083 ], [ 79.5760283, 17.5035586 ], [ 79.5660042, 17.4973757 ], [ 79.5538836, 17.508245 ], [ 79.5415504, 17.5269623 ], [ 79.5260818, 17.5123888 ], [ 79.5218065, 17.4947643 ], [ 79.5167869, 17.494158 ], [ 79.5008565, 17.4962179 ], [ 79.4851049, 17.5101091 ], [ 79.4724021, 17.5145649 ], [ 79.4533668, 17.5117461 ], [ 79.4301912, 17.5166444 ], [ 79.4245576, 17.5024828 ], [ 79.4125263, 17.4985787 ], [ 79.3837054, 17.5116816 ], [ 79.3788633, 17.5111582 ], [ 79.3730021, 17.5030396 ], [ 79.3629704, 17.5007326 ], [ 79.3689839, 17.4914031 ], [ 79.3660655, 17.48603 ], [ 79.3438209, 17.4663288 ], [ 79.3407139, 17.4563604 ], [ 79.3281081, 17.4508117 ], [ 79.3145301, 17.4542724 ], [ 79.2916462, 17.4694804 ], [ 79.2851467, 17.4691993 ], [ 79.2937514, 17.4864743 ], [ 79.2747181, 17.4976374 ], [ 79.2682738, 17.4966689 ], [ 79.2631017, 17.4904765 ], [ 79.2615907, 17.4782738 ], [ 79.2551187, 17.4713908 ], [ 79.2449059, 17.4786284 ], [ 79.2297966, 17.4968683 ], [ 79.2142136, 17.499949 ], [ 79.2051981, 17.5102345 ], [ 79.1766385, 17.510213 ], [ 79.1677606, 17.5151402 ], [ 79.1678152, 17.519594 ], [ 79.1574318, 17.5240547 ], [ 79.1399097, 17.5242647 ], [ 79.1361887, 17.5328313 ], [ 79.1361359, 17.5445047 ], [ 79.1662863, 17.5691864 ], [ 79.1676574, 17.5754307 ], [ 79.1512293, 17.5873344 ], [ 79.1537322, 17.6136324 ], [ 79.1576628, 17.6219519 ], [ 79.1441592, 17.628187 ], [ 79.1404238, 17.6385796 ], [ 79.1347739, 17.6428068 ], [ 79.1295239, 17.6579409 ], [ 79.1305408, 17.6717001 ], [ 79.1267722, 17.6731316 ], [ 79.1232972, 17.6683306 ], [ 79.1191341, 17.6688553 ], [ 79.0996855, 17.6774947 ], [ 79.0979495, 17.6841561 ], [ 79.0912745, 17.6909478 ], [ 79.0895655, 17.701504 ], [ 79.0827079, 17.7106129 ], [ 79.0688396, 17.7191909 ], [ 79.0461007, 17.7260036 ], [ 79.0404392, 17.7204454 ], [ 79.037468, 17.7095194 ], [ 79.0333383, 17.7079539 ], [ 79.0249857, 17.7128467 ], [ 78.9956938, 17.7509514 ], [ 79.0013331, 17.7708184 ], [ 78.9919013, 17.7855702 ], [ 78.9939002, 17.7894223 ], [ 78.9909383, 17.7935872 ], [ 78.9797625, 17.7981097 ], [ 78.9760853, 17.7946028 ], [ 78.9605487, 17.7919329 ], [ 78.9574723, 17.7883034 ], [ 78.9484793, 17.7882202 ], [ 78.9378312, 17.798074 ], [ 78.9212713, 17.8023733 ], [ 78.9073495, 17.8123732 ], [ 78.8988521, 17.8050246 ], [ 78.8662575, 17.8100218 ], [ 78.8676277, 17.8251309 ], [ 78.8783279, 17.8261934 ], [ 78.8775302, 17.8337421 ], [ 78.882396, 17.8346725 ], [ 78.8887113, 17.8416234 ], [ 78.8988927, 17.8398916 ], [ 78.905645, 17.8445672 ], [ 78.9221715, 17.8365269 ], [ 78.9167238, 17.8577253 ], [ 78.9210602, 17.8731422 ], [ 78.9298582, 17.8775754 ], [ 78.9368425, 17.8762349 ], [ 78.9455906, 17.8794287 ], [ 78.9500983, 17.8717392 ], [ 78.9578358, 17.8668557 ], [ 78.9713695, 17.8680879 ], [ 78.9737064, 17.8621678 ], [ 78.9876111, 17.8579516 ], [ 78.9986511, 17.8447973 ], [ 79.0031043, 17.8583453 ], [ 79.020171, 17.8761021 ], [ 79.0391493, 17.8722763 ], [ 79.0437601, 17.8608682 ], [ 79.0483482, 17.8608723 ], [ 79.0546921, 17.8692189 ], [ 79.0649556, 17.8735868 ], [ 79.0921352, 17.8731708 ], [ 79.1116941, 17.8989688 ], [ 79.1242911, 17.9022188 ], [ 79.1022365, 17.9143252 ], [ 79.1213491, 17.9412352 ], [ 79.1314727, 17.946783 ], [ 79.1437885, 17.9659131 ], [ 79.1390049, 17.9780639 ], [ 79.1534659, 17.9919818 ], [ 79.184236, 17.9938726 ], [ 79.1923227, 18.0016331 ] ] ] } },
{ "type": "Feature", "properties": { "district": "Karimnagar", "state": "Telangana" }, "geometry": { "type": "Polygon", "coordinates": [ [ [ 79.0128857, 18.6731928 ], [ 79.0179316, 18.6541315 ], [ 79.0362629, 18.6511129 ], [ 79.0359277, 18.6446322 ], [ 79.0497805, 18.6471974 ], [ 79.059495, 18.665966 ], [ 79.0648275, 18.6594827 ], [ 79.0646327, 18.6537575 ], [ 79.0772403, 18.6517316 ], [ 79.0862827, 18.6459048 ], [ 79.0951597, 18.6517818 ], [ 79.0972361, 18.6484162 ], [ 79.1032233, 18.6495485 ], [ 79.1067049, 18.6637475 ], [ 79.1099593, 18.6633304 ], [ 79.1125014, 18.6584452 ], [ 79.1159415, 18.6592309 ], [ 79.1177111, 18.6516255 ], [ 79.1110941, 18.6450682 ], [ 79.1128527, 18.6296922 ], [ 79.1105995, 18.6226886 ], [ 79.1151589, 18.6205721 ], [ 79.1271829, 18.6283657 ], [ 79.137852, 18.6246974 ], [ 79.1446695, 18.6297056 ], [ 79.1477376, 18.6280488 ], [ 79.1609948, 18.6470115 ], [ 79.167797, 18.6475101 ], [ 79.1715376, 18.6542827 ], [ 79.1762002, 18.6544425 ], [ 79.1848508, 18.6106915 ], [ 79.2044282, 18.5952465 ], [ 79.205278, 18.5778532 ], [ 79.2302463, 18.5667571 ], [ 79.2278195, 18.5466013 ], [ 79.2205036, 18.5454826 ], [ 79.2155059, 18.5347313 ], [ 79.2213195, 18.5279436 ], [ 79.2155013, 18.5159945 ], [ 79.2198793, 18.5084844 ], [ 79.2156548, 18.4919315 ], [ 79.2203406, 18.4857829 ], [ 79.2288631, 18.4568621 ], [ 79.236595, 18.4475733 ], [ 79.2486293, 18.4533364 ], [ 79.2820778, 18.4801646 ], [ 79.2927316, 18.4825291 ], [ 79.3062873, 18.4804633 ], [ 79.3332892, 18.4675087 ], [ 79.3727841, 18.4353547 ], [ 79.4393666, 18.4106619 ], [ 79.4585133, 18.3938609 ], [ 79.4773765, 18.3854025 ], [ 79.4887393, 18.3874219 ], [ 79.506646, 18.3991636 ], [ 79.519078, 18.3967852 ], [ 79.5337165, 18.3999108 ], [ 79.5670617, 18.4238755 ], [ 79.5709512, 18.4202279 ], [ 79.5687845, 18.4159801 ], [ 79.5804799, 18.4132697 ], [ 79.5758048, 18.3908874 ], [ 79.5803998, 18.388056 ], [ 79.574795, 18.3692345 ], [ 79.579501, 18.3487444 ], [ 79.5746112, 18.3310823 ], [ 79.5765222, 18.3091743 ], [ 79.5650253, 18.3092419 ], [ 79.5597709, 18.300014 ], [ 79.5628643, 18.2981522 ], [ 79.5610055, 18.2872264 ], [ 79.5673985, 18.2798749 ], [ 79.5630856, 18.2628287 ], [ 79.5518893, 18.2678181 ], [ 79.5500026, 18.2472573 ], [ 79.5346972, 18.2352081 ], [ 79.5195091, 18.2412199 ], [ 79.4978841, 18.2346573 ], [ 79.4915215, 18.2294031 ], [ 79.4823574, 18.2291458 ], [ 79.4813133, 18.2318294 ], [ 79.4738364, 18.2299495 ], [ 79.4732551, 18.2197243 ], [ 79.4653909, 18.2007071 ], [ 79.4735219, 18.1956282 ], [ 79.4610523, 18.187336 ], [ 79.4620203, 18.164412 ], [ 79.4472124, 18.1636431 ], [ 79.4474862, 18.1589019 ], [ 79.4276722, 18.1572464 ], [ 79.4244796, 18.1656306 ], [ 79.4191817, 18.1691877 ], [ 79.4131782, 18.1648886 ], [ 79.3990575, 18.166201 ], [ 79.397617, 18.1627606 ], [ 79.4009229, 18.1610785 ], [ 79.3969162, 18.1480425 ], [ 79.379371, 18.1566981 ], [ 79.3656037, 18.1397739 ], [ 79.3538691, 18.1399146 ], [ 79.3462963, 18.1467939 ], [ 79.3273413, 18.1481516 ], [ 79.3139239, 18.1341525 ], [ 79.3012096, 18.1299871 ], [ 79.2908396, 18.1423506 ], [ 79.2906733, 18.1508976 ], [ 79.2874171, 18.153549 ], [ 79.2508898, 18.1541689 ], [ 79.2504661, 18.1631111 ], [ 79.244297, 18.1692239 ], [ 79.2422413, 18.176963 ], [ 79.2442167, 18.1839057 ], [ 79.2106265, 18.1749094 ], [ 79.2119667, 18.1616596 ], [ 79.1925211, 18.1638656 ], [ 79.1878812, 18.1701355 ], [ 79.1624834, 18.1571917 ], [ 79.1601618, 18.1664726 ], [ 79.1458583, 18.1709921 ], [ 79.1462004, 18.1834228 ], [ 79.1409343, 18.187866 ], [ 79.1371598, 18.2062715 ], [ 79.1284715, 18.2146218 ], [ 79.123246, 18.2169965 ], [ 79.1133659, 18.2149463 ], [ 79.1081749, 18.2213579 ], [ 79.1084911, 18.2372637 ], [ 79.1232836, 18.243139 ], [ 79.1203415, 18.2553606 ], [ 79.1300433, 18.2613203 ], [ 79.1336875, 18.2712535 ], [ 79.1197913, 18.2770213 ], [ 79.1147305, 18.2904481 ], [ 79.1191737, 18.3042079 ], [ 79.1089899, 18.3083789 ], [ 79.1102663, 18.3160306 ], [ 79.101865, 18.3204542 ], [ 79.1068922, 18.3373783 ], [ 79.1169231, 18.3387989 ], [ 79.1302915, 18.3487944 ], [ 79.1361756, 18.3471328 ], [ 79.157529, 18.3550535 ], [ 79.1535425, 18.3780151 ], [ 79.1278075, 18.3851496 ], [ 79.1266243, 18.3965968 ], [ 79.1196242, 18.3965518 ], [ 79.1089714, 18.4036268 ], [ 79.0933604, 18.4069275 ], [ 79.0755232, 18.4246535 ], [ 79.0551201, 18.4182182 ], [ 79.0314088, 18.4011938 ], [ 78.9970878, 18.399867 ], [ 78.9893741, 18.4174128 ], [ 78.9781994, 18.4202302 ], [ 78.9741437, 18.4273587 ], [ 78.9783046, 18.441983 ], [ 78.9914744, 18.4409238 ], [ 78.9874384, 18.4620417 ], [ 78.9575835, 18.4526206 ], [ 78.9479759, 18.4438171 ], [ 78.9357062, 18.4642643 ], [ 78.9226586, 18.4757629 ], [ 78.9279004, 18.490486 ], [ 78.9468228, 18.4995249 ], [ 78.9540377, 18.5129961 ], [ 78.9547278, 18.5239487 ], [ 78.9607408, 18.5362406 ], [ 78.9561842, 18.548208 ], [ 78.9490003, 18.5539168 ], [ 78.9570864, 18.5767099 ], [ 78.9677166, 18.5774592 ], [ 78.9832022, 18.5685376 ], [ 78.9893954, 18.5738765 ], [ 78.9829912, 18.5834952 ], [ 78.9809667, 18.5958555 ], [ 78.9750298, 18.5958677 ], [ 78.9677299, 18.6090117 ], [ 78.9808004, 18.6434045 ], [ 78.9884132, 18.6499502 ], [ 78.9819425, 18.6610859 ], [ 78.9832153, 18.6644199 ], [ 78.9924761, 18.6749344 ], [ 78.9986537, 18.6729131 ], [ 79.0042908, 18.6783148 ], [ 79.0128857, 18.6731928 ] ] ] } },
{ "type": "Feature", "properties": { "district": "Jayashankar Bhupalapally", "state": "Telangana" }, "geometry": { "type": "Polygon", "coordinates": [ [ [ 79.8512284, 18.8676988 ], [ 79.8652939, 18.8377913 ], [ 79.8768906, 18.8291174 ], [ 79.8882258, 18.8263498 ], [ 79.9029746, 18.8300362 ], [ 79.9139426, 18.8262409 ], [ 79.9221854, 18.8088427 ], [ 79.9494873, 18.7891494 ], [ 79.9641541, 18.773825 ], [ 79.9930508, 18.769934 ], [ 80.000993, 18.7760662 ], [ 80.0185443, 18.770383 ], [ 80.024984, 18.7549396 ], [ 80.0386831, 18.7529728 ], [ 80.041414, 18.7429911 ], [ 80.052797, 18.7250588 ], [ 80.0646206, 18.7232626 ], [ 80.0745856, 18.7105166 ], [ 80.0885066, 18.7072776 ], [ 80.099043, 18.6944817 ], [ 80.1161015, 18.6810643 ], [ 80.1232312, 18.6807562 ], [ 80.1285558, 18.6874333 ], [ 80.1400168, 18.6930002 ], [ 80.1484639, 18.6930864 ], [ 80.157708, 18.7009798 ], [ 80.1686228, 18.6997094 ], [ 80.1787045, 18.6832677 ], [ 80.196569, 18.6807955 ], [ 80.2004283, 18.6925598 ], [ 80.2127717, 18.7057177 ], [ 80.2193343, 18.7079174 ], [ 80.2336588, 18.7024063 ], [ 80.2386414, 18.7057327 ], [ 80.2522325, 18.7068067 ], [ 80.2714851, 18.7233001 ], [ 80.2799481, 18.7207401 ], [ 80.3060195, 18.6824951 ], [ 80.3186739, 18.6421467 ], [ 80.3274897, 18.6353778 ], [ 80.3342046, 18.6133848 ], [ 80.3440039, 18.5983062 ], [ 80.302816, 18.5888415 ], [ 80.2677398, 18.5898415 ], [ 80.2295088, 18.5532635 ], [ 80.2244, 18.4272946 ], [ 80.217524, 18.4060265 ], [ 80.2167149, 18.3894877 ], [ 80.1726139, 18.3493947 ], [ 80.1424586, 18.3794947 ], [ 80.145628, 18.3829251 ], [ 80.1508072, 18.4139395 ], [ 80.1236278, 18.4258855 ], [ 80.0985785, 18.431696 ], [ 80.080948, 18.4211344 ], [ 80.0788916, 18.3912677 ], [ 80.0742171, 18.3883169 ], [ 80.0572809, 18.4015987 ], [ 80.0423174, 18.4042965 ], [ 79.9901694, 18.3864753 ], [ 79.9392617, 18.396533 ], [ 79.9222988, 18.4061502 ], [ 79.9078677, 18.3993406 ], [ 79.8909372, 18.3992796 ], [ 79.8995956, 18.3710856 ], [ 79.9096289, 18.3709869 ], [ 79.9254215, 18.3516222 ], [ 79.9492199, 18.344613 ], [ 79.9539046, 18.3395007 ], [ 79.944553, 18.3183877 ], [ 79.9316062, 18.3158458 ], [ 79.8929391, 18.3170458 ], [ 79.8955746, 18.3123989 ], [ 79.8928475, 18.3069189 ], [ 79.8820331, 18.2992467 ], [ 79.889206, 18.2852903 ], [ 79.8722916, 18.277374 ], [ 79.8648314, 18.2600444 ], [ 79.8534197, 18.2596308 ], [ 79.8574166, 18.250912 ], [ 79.8432252, 18.2220646 ], [ 79.8441637, 18.2143624 ], [ 79.8630783, 18.2028594 ], [ 79.8363473, 18.1863917 ], [ 79.8442998, 18.1582161 ], [ 79.8586926, 18.1502333 ], [ 79.8419969, 18.1324526 ], [ 79.8339181, 18.1374719 ], [ 79.8278094, 18.1365716 ], [ 79.8182706, 18.1406269 ], [ 79.8092232, 18.1567139 ], [ 79.800734, 18.1947294 ], [ 79.7960404, 18.1982525 ], [ 79.7875409, 18.196367 ], [ 79.7537246, 18.1742727 ], [ 79.7473318, 18.1786581 ], [ 79.7437987, 18.1774733 ], [ 79.733842, 18.1900256 ], [ 79.7240002, 18.1944367 ], [ 79.7227987, 18.2005558 ], [ 79.7282125, 18.1986077 ], [ 79.7358194, 18.2049959 ], [ 79.7224837, 18.2094553 ], [ 79.72289, 18.2197709 ], [ 79.7167047, 18.2209104 ], [ 79.7107985, 18.240928 ], [ 79.6953223, 18.2509161 ], [ 79.7043949, 18.2715792 ], [ 79.697071, 18.2777292 ], [ 79.6707145, 18.2553442 ], [ 79.6525292, 18.2524744 ], [ 79.6350527, 18.2765118 ], [ 79.6372172, 18.2812474 ], [ 79.6329421, 18.285261 ], [ 79.6283223, 18.2816542 ], [ 79.6274006, 18.2730057 ], [ 79.6215474, 18.2681556 ], [ 79.6204192, 18.2623983 ], [ 79.6099906, 18.2622152 ], [ 79.6066841, 18.2591782 ], [ 79.5973921, 18.2627816 ], [ 79.5820869, 18.2565572 ], [ 79.5630856, 18.2628287 ], [ 79.5673985, 18.2798749 ], [ 79.5610055, 18.2872264 ], [ 79.5628643, 18.2981522 ], [ 79.5597709, 18.300014 ], [ 79.5650253, 18.3092419 ], [ 79.5765222, 18.3091743 ], [ 79.5746112, 18.3310823 ], [ 79.579501, 18.3487444 ], [ 79.574795, 18.3692345 ], [ 79.5803998, 18.388056 ], [ 79.5758048, 18.3908874 ], [ 79.5804799, 18.4132697 ], [ 79.5687845, 18.4159801 ], [ 79.5709512, 18.4202279 ], [ 79.5670617, 18.4238755 ], [ 79.5880163, 18.4456223 ], [ 79.5904705, 18.4503228 ], [ 79.5878646, 18.4618922 ], [ 79.5910318, 18.4619779 ], [ 79.5968017, 18.4726159 ], [ 79.6025696, 18.4745197 ], [ 79.6120513, 18.4636338 ], [ 79.6228911, 18.486437 ], [ 79.6328422, 18.4784982 ], [ 79.6421787, 18.4755491 ], [ 79.6698591, 18.4802441 ], [ 79.7057342, 18.5207045 ], [ 79.712042, 18.5608163 ], [ 79.7248054, 18.5735581 ], [ 79.7365145, 18.5740428 ], [ 79.7413041, 18.5703912 ], [ 79.7530502, 18.5735317 ], [ 79.7843258, 18.5686685 ], [ 79.7925135, 18.5734891 ], [ 79.7912661, 18.5856246 ], [ 79.8021956, 18.6069483 ], [ 79.8041678, 18.6212896 ], [ 79.8307893, 18.655862 ], [ 79.8305531, 18.6804955 ], [ 79.8072051, 18.7048996 ], [ 79.8140762, 18.7175015 ], [ 79.8244862, 18.7247986 ], [ 79.8258282, 18.7351276 ], [ 79.8165007, 18.7512161 ], [ 79.8178445, 18.7578274 ], [ 79.8416658, 18.7808373 ], [ 79.8470823, 18.7946029 ], [ 79.8461997, 18.7999098 ], [ 79.8253307, 18.8264177 ], [ 79.8256629, 18.8544629 ], [ 79.8330951, 18.8672586 ], [ 79.8408214, 18.871957 ], [ 79.8512284, 18.8676988 ] ] ] } },
{ "type": "Feature", "properties": { "district": "Mancherial", "state": "Telangana" }, "geometry": { "type": "Polygon", "coordinates": [ [ [ 79.5418552, 19.264394 ], [ 79.5447185, 19.2622349 ], [ 79.5496825, 19.26409 ], [ 79.5605743, 19.2583627 ], [ 79.5599013, 19.2520023 ], [ 79.5525752, 19.2442793 ], [ 79.5555051, 19.2390724 ], [ 79.5796682, 19.2342507 ], [ 79.6216493, 19.2425083 ], [ 79.6224104, 19.2318687 ], [ 79.6341986, 19.2192823 ], [ 79.6409145, 19.219404 ], [ 79.6465523, 19.2150058 ], [ 79.6563531, 19.2173067 ], [ 79.6655528, 19.2135269 ], [ 79.6637245, 19.2087063 ], [ 79.6541448, 19.2048173 ], [ 79.6539128, 19.2013349 ], [ 79.6760999, 19.1990005 ], [ 79.6740016, 19.1872566 ], [ 79.6813477, 19.1796578 ], [ 79.697445, 19.1840668 ], [ 79.7044722, 19.1938014 ], [ 79.7114994, 19.1884492 ], [ 79.7128195, 19.1946222 ], [ 79.7195936, 19.1978258 ], [ 79.7321227, 19.1868168 ], [ 79.7515451, 19.1821631 ], [ 79.7593285, 19.1824519 ], [ 79.7621136, 19.1899437 ], [ 79.7725027, 19.1900062 ], [ 79.7872629, 19.1839414 ], [ 79.7871405, 19.175849 ], [ 79.7817795, 19.1695139 ], [ 79.7835601, 19.1621683 ], [ 79.7992226, 19.151626 ], [ 79.8142115, 19.1510556 ], [ 79.8203104, 19.1571349 ], [ 79.8334784, 19.1583366 ], [ 79.8386512, 19.168707 ], [ 79.8509416, 19.1683019 ], [ 79.8548035, 19.173082 ], [ 79.8743347, 19.1732524 ], [ 79.8844997, 19.1642639 ], [ 79.8948743, 19.1624013 ], [ 79.9095187, 19.1612407 ], [ 79.9239909, 19.1651769 ], [ 79.9310257, 19.1555312 ], [ 79.8737516, 19.1240518 ], [ 79.8594116, 19.1086241 ], [ 79.858361, 19.0958544 ], [ 79.8663593, 19.0524651 ], [ 79.8717502, 19.0405401 ], [ 79.9001734, 19.0403954 ], [ 79.9224228, 19.0498814 ], [ 79.9315317, 19.0483251 ], [ 79.9380922, 19.0410577 ], [ 79.9423294, 19.0124898 ], [ 79.941623, 18.9920892 ], [ 79.9570465, 18.9428753 ], [ 79.9574158, 18.9227921 ], [ 79.9536137, 18.9045045 ], [ 79.9612627, 18.8754601 ], [ 79.9612973, 18.8647018 ], [ 79.9467002, 18.8494842 ], [ 79.9236379, 18.8376846 ], [ 79.9139508, 18.8260922 ], [ 79.902244, 18.8300839 ], [ 79.8873673, 18.8263337 ], [ 79.8666755, 18.8359347 ], [ 79.8573752, 18.8596055 ], [ 79.8503674, 18.8683692 ], [ 79.8408214, 18.871957 ], [ 79.8330951, 18.8672586 ], [ 79.8256629, 18.8544629 ], [ 79.8248694, 18.8281011 ], [ 79.8466144, 18.7992788 ], [ 79.8469378, 18.7938888 ], [ 79.8416658, 18.7808373 ], [ 79.8178445, 18.7578274 ], [ 79.8165007, 18.7512161 ], [ 79.8258282, 18.7351276 ], [ 79.8243603, 18.7242019 ], [ 79.8140762, 18.7175015 ], [ 79.8071384, 18.7046087 ], [ 79.7976155, 18.696288 ], [ 79.7714918, 18.6970677 ], [ 79.7590314, 18.6864813 ], [ 79.7485582, 18.6824208 ], [ 79.7143355, 18.6854461 ], [ 79.7004772, 18.6779999 ], [ 79.6979084, 18.6726187 ], [ 79.6874703, 18.6704652 ], [ 79.679624, 18.6728209 ], [ 79.6632588, 18.6902456 ], [ 79.6515401, 18.7153748 ], [ 79.6446917, 18.7170416 ], [ 79.6328877, 18.7296158 ], [ 79.5326818, 18.7858658 ], [ 79.5111846, 18.7846974 ], [ 79.5004714, 18.7901858 ], [ 79.4805418, 18.8174972 ], [ 79.4629122, 18.8261036 ], [ 79.4400162, 18.844159 ], [ 79.4204003, 18.8534249 ], [ 79.3950113, 18.857061 ], [ 79.3793935, 18.8541729 ], [ 79.3726854, 18.8501289 ], [ 79.3574486, 18.8238538 ], [ 79.3439585, 18.8164367 ], [ 79.307469, 18.8151849 ], [ 79.281489, 18.8226869 ], [ 79.2689021, 18.8297162 ], [ 79.2490273, 18.8530136 ], [ 79.2426366, 18.8566894 ], [ 79.2279073, 18.8619805 ], [ 79.1820725, 18.8685227 ], [ 79.1523748, 18.9041173 ], [ 79.1130121, 18.9396491 ], [ 79.1042531, 18.9517785 ], [ 79.1041366, 18.9680286 ], [ 79.0922204, 18.9891155 ], [ 79.0905704, 19.0102332 ], [ 79.0854764, 19.0231929 ], [ 79.0752479, 19.0407611 ], [ 79.0659276, 19.0495417 ], [ 79.037038, 19.0628204 ], [ 79.021923, 19.0755522 ], [ 79.0169335, 19.0726953 ], [ 79.0004808, 19.0744239 ], [ 78.9880702, 19.0718577 ], [ 78.9633471, 19.0777005 ], [ 78.9532062, 19.077113 ], [ 78.9474504, 19.072683 ], [ 78.9407525, 19.0806881 ], [ 78.9417776, 19.0938464 ], [ 78.9384727, 19.1001901 ], [ 78.941209, 19.1084969 ], [ 78.9306865, 19.118446 ], [ 78.9237393, 19.1139109 ], [ 78.913529, 19.1163152 ], [ 78.9211069, 19.1063454 ], [ 78.912055, 19.1042285 ], [ 78.9028533, 19.0937735 ], [ 78.8802595, 19.1132632 ], [ 78.88804, 19.1312363 ], [ 78.8830635, 19.1554629 ], [ 78.8775831, 19.1601994 ], [ 78.9025909, 19.1778307 ], [ 78.921253, 19.1837799 ], [ 78.9179654, 19.1888992 ], [ 78.9179062, 19.2014386 ], [ 78.9337259, 19.2142249 ], [ 78.9360833, 19.2284388 ], [ 78.9532174, 19.2497354 ], [ 78.9663735, 19.2447721 ], [ 78.9679945, 19.2339285 ], [ 78.9713187, 19.2319383 ], [ 78.9787646, 19.2299409 ], [ 78.9847431, 19.2350448 ], [ 78.9944021, 19.2345346 ], [ 78.9980749, 19.2310923 ], [ 78.9985856, 19.2203625 ], [ 79.0076974, 19.2167186 ], [ 79.0577632, 19.2086335 ], [ 79.0699695, 19.1872974 ], [ 79.0833819, 19.1787655 ], [ 79.0927827, 19.1787052 ], [ 79.1046154, 19.1695612 ], [ 79.1066746, 19.1620558 ], [ 79.1205353, 19.1481235 ], [ 79.1245113, 19.1368684 ], [ 79.1365109, 19.1284232 ], [ 79.1351385, 19.1113804 ], [ 79.1410814, 19.1114314 ], [ 79.1407951, 19.1041272 ], [ 79.1505613, 19.0926367 ], [ 79.1956063, 19.0823918 ], [ 79.2030451, 19.0666799 ], [ 79.2130032, 19.061257 ], [ 79.2237204, 19.0493258 ], [ 79.2260623, 19.0331397 ], [ 79.253369, 19.0302286 ], [ 79.2671944, 19.0337226 ], [ 79.2621396, 19.0444829 ], [ 79.27373, 19.0599405 ], [ 79.2768738, 19.1166937 ], [ 79.3038584, 19.0951414 ], [ 79.3160313, 19.0924132 ], [ 79.3171103, 19.1259141 ], [ 79.3262634, 19.1452106 ], [ 79.3173914, 19.1633064 ], [ 79.3345654, 19.1688505 ], [ 79.3482828, 19.1772377 ], [ 79.3433378, 19.1792703 ], [ 79.3508889, 19.1930292 ], [ 79.350918, 19.2106264 ], [ 79.3393704, 19.2109799 ], [ 79.3403029, 19.2211989 ], [ 79.3694149, 19.2069944 ], [ 79.3886031, 19.2070038 ], [ 79.4079198, 19.2010699 ], [ 79.4195876, 19.1960758 ], [ 79.4380134, 19.1797035 ], [ 79.462294, 19.1716169 ], [ 79.4658665, 19.1771928 ], [ 79.4722821, 19.1745232 ], [ 79.4779663, 19.1834867 ], [ 79.4704787, 19.1875421 ], [ 79.4790987, 19.1941082 ], [ 79.4757913, 19.1984997 ], [ 79.4806621, 19.2013946 ], [ 79.5022351, 19.2025509 ], [ 79.5066646, 19.2072901 ], [ 79.5304225, 19.2040252 ], [ 79.5365772, 19.2002868 ], [ 79.5398997, 19.203142 ], [ 79.5477465, 19.2022647 ], [ 79.5490498, 19.2127418 ], [ 79.5411253, 19.2235347 ], [ 79.5343313, 19.2256989 ], [ 79.530515, 19.2331547 ], [ 79.532027, 19.2493129 ], [ 79.5240772, 19.2513012 ], [ 79.5249771, 19.253879 ], [ 79.5320783, 19.2532789 ], [ 79.5309504, 19.257315 ], [ 79.5418552, 19.264394 ] ] ] } },
{ "type": "Feature", "properties": { "district": "Peddapalli", "state": "Telangana" }, "geometry": { "type": "Polygon", "coordinates": [ [ [ 79.4051264, 18.8562817 ], [ 79.4277354, 18.8507515 ], [ 79.4629122, 18.8261036 ], [ 79.4805418, 18.8174972 ], [ 79.4980797, 18.7922752 ], [ 79.5076489, 18.7861085 ], [ 79.5326818, 18.7858658 ], [ 79.6328877, 18.7296158 ], [ 79.6446917, 18.7170416 ], [ 79.6515401, 18.7153748 ], [ 79.6632588, 18.6902456 ], [ 79.679624, 18.6728209 ], [ 79.6874703, 18.6704652 ], [ 79.6979084, 18.6726187 ], [ 79.7004772, 18.6779999 ], [ 79.7143355, 18.6854461 ], [ 79.7485582, 18.6824208 ], [ 79.7590314, 18.6864813 ], [ 79.7686808, 18.6963812 ], [ 79.786543, 18.6984471 ], [ 79.7936107, 18.6946892 ], [ 79.8072051, 18.7048996 ], [ 79.8112277, 18.703383 ], [ 79.8144515, 18.6952485 ], [ 79.8216355, 18.6918425 ], [ 79.8218619, 18.6880892 ], [ 79.8305531, 18.6804955 ], [ 79.8307893, 18.655862 ], [ 79.8041678, 18.6212896 ], [ 79.8021956, 18.6069483 ], [ 79.7912661, 18.5856246 ], [ 79.7922687, 18.5730456 ], [ 79.7843258, 18.5686685 ], [ 79.7530502, 18.5735317 ], [ 79.7413041, 18.5703912 ], [ 79.7365145, 18.5740428 ], [ 79.7248054, 18.5735581 ], [ 79.712042, 18.5608163 ], [ 79.7057342, 18.5207045 ], [ 79.6698591, 18.4802441 ], [ 79.6421787, 18.4755491 ], [ 79.6328422, 18.4784982 ], [ 79.6228911, 18.486437 ], [ 79.6120513, 18.4636338 ], [ 79.6025696, 18.4745197 ], [ 79.5968017, 18.4726159 ], [ 79.5910318, 18.4619779 ], [ 79.5878646, 18.4618922 ], [ 79.5904722, 18.4499568 ], [ 79.587339, 18.4446705 ], [ 79.5468749, 18.4077008 ], [ 79.5337165, 18.3999108 ], [ 79.5216089, 18.3970679 ], [ 79.506646, 18.3991636 ], [ 79.4854338, 18.3859739 ], [ 79.474562, 18.3860126 ], [ 79.4601133, 18.3929468 ], [ 79.4438676, 18.4081492 ], [ 79.4187048, 18.4200611 ], [ 79.3727841, 18.4353547 ], [ 79.3332892, 18.4675087 ], [ 79.3062873, 18.4804633 ], [ 79.2927316, 18.4825291 ], [ 79.2820778, 18.4801646 ], [ 79.2486293, 18.4533364 ], [ 79.236595, 18.4475733 ], [ 79.2288631, 18.4568621 ], [ 79.2203406, 18.4857829 ], [ 79.2156548, 18.4919315 ], [ 79.2198793, 18.5084844 ], [ 79.2155013, 18.5159945 ], [ 79.2213195, 18.5279436 ], [ 79.2155059, 18.5347313 ], [ 79.2205036, 18.5454826 ], [ 79.2278195, 18.5466013 ], [ 79.2299915, 18.5673429 ], [ 79.205278, 18.5778532 ], [ 79.2044282, 18.5952465 ], [ 79.1848508, 18.6106915 ], [ 79.1758003, 18.6547021 ], [ 79.1715376, 18.6542827 ], [ 79.167797, 18.6475101 ], [ 79.1609948, 18.6470115 ], [ 79.1477376, 18.6280488 ], [ 79.1446695, 18.6297056 ], [ 79.137852, 18.6246974 ], [ 79.1271829, 18.6283657 ], [ 79.1151589, 18.6205721 ], [ 79.1110199, 18.6221396 ], [ 79.1110941, 18.6450682 ], [ 79.1177111, 18.6516255 ], [ 79.1153419, 18.6642371 ], [ 79.1183602, 18.6630277 ], [ 79.1255005, 18.6835699 ], [ 79.1122224, 18.7103366 ], [ 79.1155167, 18.7070692 ], [ 79.1215196, 18.7109476 ], [ 79.1300865, 18.7088973 ], [ 79.1406423, 18.7248386 ], [ 79.1502851, 18.7256448 ], [ 79.1629281, 18.7556602 ], [ 79.2279934, 18.7489585 ], [ 79.2571548, 18.7646595 ], [ 79.2722463, 18.7522876 ], [ 79.2782714, 18.7510752 ], [ 79.275524, 18.7468359 ], [ 79.281558, 18.7431951 ], [ 79.2946888, 18.7447479 ], [ 79.2898741, 18.7633917 ], [ 79.2913432, 18.7773039 ], [ 79.2966918, 18.7805275 ], [ 79.3074434, 18.8151892 ], [ 79.3349652, 18.8147666 ], [ 79.350852, 18.8186781 ], [ 79.3592202, 18.8259095 ], [ 79.3736516, 18.8512452 ], [ 79.390004, 18.8565384 ], [ 79.4051264, 18.8562817 ] ] ] } },
{ "type": "Feature", "properties": { "district": "Kumuram Bheem Asifabad", "state": "Telangana" }, "geometry": { "type": "Polygon", "coordinates": [ [ [ 79.2485728, 19.6166774 ], [ 79.2729492, 19.5988396 ], [ 79.2843625, 19.5955234 ], [ 79.3068405, 19.596556 ], [ 79.3098517, 19.5715125 ], [ 79.3139306, 19.5664208 ], [ 79.3185371, 19.5677009 ], [ 79.3184441, 19.5767234 ], [ 79.36573, 19.5763314 ], [ 79.3727529, 19.5609898 ], [ 79.3856773, 19.5583305 ], [ 79.4053187, 19.5356675 ], [ 79.420473, 19.5297582 ], [ 79.4229989, 19.5301591 ], [ 79.4225599, 19.5380427 ], [ 79.4333341, 19.5372566 ], [ 79.4689616, 19.5095738 ], [ 79.4714249, 19.5001917 ], [ 79.482632, 19.5062802 ], [ 79.4981162, 19.5056304 ], [ 79.5022555, 19.5116352 ], [ 79.5185886, 19.5201828 ], [ 79.5208091, 19.5348859 ], [ 79.5186108, 19.5431092 ], [ 79.5374636, 19.554068 ], [ 79.5450576, 19.5513257 ], [ 79.5483873, 19.5316237 ], [ 79.5529324, 19.5241686 ], [ 79.5840441, 19.5091312 ], [ 79.5948606, 19.5069469 ], [ 79.6029658, 19.5145508 ], [ 79.6141378, 19.5596773 ], [ 79.6294303, 19.5739713 ], [ 79.6889529, 19.5838668 ], [ 79.7089997, 19.5844783 ], [ 79.74308, 19.6086263 ], [ 79.7808599, 19.5982296 ], [ 79.7985834, 19.5819666 ], [ 79.8163269, 19.5740298 ], [ 79.8284189, 19.5434056 ], [ 79.8456383, 19.5327967 ], [ 79.8481731, 19.5265345 ], [ 79.8645839, 19.5105137 ], [ 79.8808537, 19.5035687 ], [ 79.9145034, 19.4960383 ], [ 79.9324109, 19.4765444 ], [ 79.9448195, 19.4698144 ], [ 79.9482154, 19.4606004 ], [ 79.9476087, 19.4496789 ], [ 79.9744567, 19.4118474 ], [ 79.9796717, 19.3886598 ], [ 79.9718269, 19.3815573 ], [ 79.9679656, 19.3566311 ], [ 79.9588714, 19.3341924 ], [ 79.9661975, 19.3041457 ], [ 79.9622693, 19.2973544 ], [ 79.9505663, 19.2890442 ], [ 79.9363552, 19.2641269 ], [ 79.9245055, 19.2257165 ], [ 79.9254534, 19.2106389 ], [ 79.9452831, 19.1791409 ], [ 79.9450116, 19.167666 ], [ 79.9310257, 19.1555312 ], [ 79.9239909, 19.1651769 ], [ 79.9095187, 19.1612407 ], [ 79.8948743, 19.1624013 ], [ 79.8844997, 19.1642639 ], [ 79.8743347, 19.1732524 ], [ 79.8528792, 19.1729633 ], [ 79.8509416, 19.1683019 ], [ 79.8386512, 19.168707 ], [ 79.8334784, 19.1583366 ], [ 79.8203104, 19.1571349 ], [ 79.8142115, 19.1510556 ], [ 79.8030963, 19.1513044 ], [ 79.7838093, 19.1615957 ], [ 79.7817795, 19.1695139 ], [ 79.7871405, 19.175849 ], [ 79.7872629, 19.1839414 ], [ 79.7725027, 19.1900062 ], [ 79.760831, 19.1897768 ], [ 79.7593285, 19.1824519 ], [ 79.7515451, 19.1821631 ], [ 79.7321227, 19.1868168 ], [ 79.7230418, 19.1972332 ], [ 79.7168794, 19.1978792 ], [ 79.7114994, 19.1884492 ], [ 79.7044722, 19.1938014 ], [ 79.697445, 19.1840668 ], [ 79.6813477, 19.1796578 ], [ 79.6740016, 19.1872566 ], [ 79.6760999, 19.1990005 ], [ 79.6539128, 19.2013349 ], [ 79.6541448, 19.2048173 ], [ 79.6637245, 19.2087063 ], [ 79.6655528, 19.2135269 ], [ 79.6563531, 19.2173067 ], [ 79.6465523, 19.2150058 ], [ 79.6409145, 19.219404 ], [ 79.6341986, 19.2192823 ], [ 79.6224104, 19.2318687 ], [ 79.6216493, 19.2425083 ], [ 79.5796682, 19.2342507 ], [ 79.5555051, 19.2390724 ], [ 79.5525752, 19.2442793 ], [ 79.5599013, 19.2520023 ], [ 79.5605743, 19.2583627 ], [ 79.5496825, 19.26409 ], [ 79.5447185, 19.2622349 ], [ 79.5406028, 19.2647993 ], [ 79.5374723, 19.2594303 ], [ 79.5309504, 19.257315 ], [ 79.5320783, 19.2532789 ], [ 79.5249771, 19.253879 ], [ 79.5240772, 19.2513012 ], [ 79.532027, 19.2493129 ], [ 79.530515, 19.2331547 ], [ 79.5343313, 19.2256989 ], [ 79.5411253, 19.2235347 ], [ 79.5490498, 19.2127418 ], [ 79.5477465, 19.2022647 ], [ 79.5398997, 19.203142 ], [ 79.5365772, 19.2002868 ], [ 79.5304225, 19.2040252 ], [ 79.5066646, 19.2072901 ], [ 79.5022351, 19.2025509 ], [ 79.4806621, 19.2013946 ], [ 79.4757913, 19.1984997 ], [ 79.4790987, 19.1941082 ], [ 79.4704787, 19.1875421 ], [ 79.4779663, 19.1834867 ], [ 79.4722821, 19.1745232 ], [ 79.4658665, 19.1771928 ], [ 79.462294, 19.1716169 ], [ 79.4380134, 19.1797035 ], [ 79.4195876, 19.1960758 ], [ 79.4079198, 19.2010699 ], [ 79.3886031, 19.2070038 ], [ 79.3694149, 19.2069944 ], [ 79.3403029, 19.2211989 ], [ 79.3393704, 19.2109799 ], [ 79.350918, 19.2106264 ], [ 79.3508889, 19.1930292 ], [ 79.3433378, 19.1792703 ], [ 79.3482828, 19.1772377 ], [ 79.3345654, 19.1688505 ], [ 79.3173914, 19.1633064 ], [ 79.3262634, 19.1452106 ], [ 79.3171103, 19.1259141 ], [ 79.3160313, 19.0924132 ], [ 79.3038584, 19.0951414 ], [ 79.2768738, 19.1166937 ], [ 79.27373, 19.0599405 ], [ 79.2621396, 19.0444829 ], [ 79.2671944, 19.0337226 ], [ 79.2442964, 19.0298597 ], [ 79.2260623, 19.0331397 ], [ 79.2237204, 19.0493258 ], [ 79.2130032, 19.061257 ], [ 79.2030451, 19.0666799 ], [ 79.1956063, 19.0823918 ], [ 79.1505613, 19.0926367 ], [ 79.1407951, 19.1041272 ], [ 79.1410814, 19.1114314 ], [ 79.1351385, 19.1113804 ], [ 79.1365109, 19.1284232 ], [ 79.1245113, 19.1368684 ], [ 79.1205353, 19.1481235 ], [ 79.1066746, 19.1620558 ], [ 79.1046154, 19.1695612 ], [ 79.0927827, 19.1787052 ], [ 79.0833819, 19.1787655 ], [ 79.0699695, 19.1872974 ], [ 79.0577632, 19.2086335 ], [ 79.0157907, 19.213844 ], [ 78.9985856, 19.2203625 ], [ 78.9977319, 19.2317943 ], [ 78.9909167, 19.2358648 ], [ 78.9842024, 19.234883 ], [ 78.9787646, 19.2299409 ], [ 78.9713187, 19.2319383 ], [ 78.9679945, 19.2339285 ], [ 78.9663735, 19.2447721 ], [ 78.9532174, 19.2497354 ], [ 78.9506516, 19.2537175 ], [ 78.9417019, 19.2522081 ], [ 78.893941, 19.2901065 ], [ 78.892992, 19.2812405 ], [ 78.8854784, 19.2727273 ], [ 78.8687976, 19.2824676 ], [ 78.8546776, 19.2788159 ], [ 78.84985, 19.2946545 ], [ 78.8583563, 19.3240496 ], [ 78.8541415, 19.3685258 ], [ 78.8247811, 19.3745901 ], [ 78.8210987, 19.3789352 ], [ 78.8106014, 19.3808578 ], [ 78.8098617, 19.3865947 ], [ 78.8208605, 19.3877777 ], [ 78.8217751, 19.397022 ], [ 78.8294048, 19.4094017 ], [ 78.8445045, 19.4225609 ], [ 78.8413429, 19.4339403 ], [ 78.8530032, 19.4472481 ], [ 78.8599359, 19.447951 ], [ 78.8654046, 19.4445028 ], [ 78.8844992, 19.4454636 ], [ 78.8935067, 19.4551072 ], [ 78.9038087, 19.4741609 ], [ 78.9145955, 19.4734233 ], [ 78.9210859, 19.4631195 ], [ 78.9268247, 19.4620779 ], [ 78.9576275, 19.4734913 ], [ 78.9759269, 19.4900758 ], [ 78.9775655, 19.4923535 ], [ 78.9587792, 19.5028827 ], [ 78.949066, 19.5013415 ], [ 78.9489336, 19.5101702 ], [ 78.9421442, 19.5138139 ], [ 78.9502536, 19.5332556 ], [ 78.9366981, 19.5451335 ], [ 78.9354023, 19.5499451 ], [ 78.9742231, 19.5493832 ], [ 78.9812519, 19.5608394 ], [ 78.9977477, 19.5490651 ], [ 78.9980314, 19.5400843 ], [ 79.0240249, 19.5417758 ], [ 79.0460115, 19.5483257 ], [ 79.076621, 19.5325586 ], [ 79.0962731, 19.5326608 ], [ 79.1053884, 19.5223782 ], [ 79.1143432, 19.5197591 ], [ 79.1209302, 19.5120009 ], [ 79.1331087, 19.5078261 ], [ 79.1386062, 19.5004848 ], [ 79.1429853, 19.500535 ], [ 79.1613544, 19.4882627 ], [ 79.1678324, 19.4723585 ], [ 79.1800741, 19.4618837 ], [ 79.1908693, 19.4589023 ], [ 79.2235893, 19.4690749 ], [ 79.215767, 19.4809417 ], [ 79.2068527, 19.485818 ], [ 79.2038511, 19.4940835 ], [ 79.2073834, 19.4976348 ], [ 79.2074648, 19.5061309 ], [ 79.2211627, 19.5209915 ], [ 79.2337282, 19.5200092 ], [ 79.2400231, 19.5352402 ], [ 79.2371238, 19.5571383 ], [ 79.2510256, 19.5774996 ], [ 79.2531243, 19.5932872 ], [ 79.2444128, 19.5948661 ], [ 79.2386432, 19.6061707 ], [ 79.2435571, 19.6166889 ], [ 79.2485728, 19.6166774 ] ] ] } },
{ "type": "Feature", "properties": { "district": "Mulugu", "state": "Telangana" }, "geometry": { "type": "Polygon", "coordinates": [ [ [ 80.488265, 18.6310851 ], [ 80.5016037, 18.6215722 ], [ 80.5146607, 18.6193325 ], [ 80.5192887, 18.6086459 ], [ 80.5307369, 18.598935 ], [ 80.5345081, 18.5883532 ], [ 80.5564315, 18.5797358 ], [ 80.5714142, 18.5646773 ], [ 80.599912, 18.5530371 ], [ 80.6106405, 18.5423747 ], [ 80.618499, 18.5276707 ], [ 80.6227648, 18.5285629 ], [ 80.6310914, 18.5219018 ], [ 80.6375692, 18.5225293 ], [ 80.6409385, 18.5115085 ], [ 80.6372057, 18.5043458 ], [ 80.6553085, 18.4758626 ], [ 80.6861041, 18.4582596 ], [ 80.6880623, 18.4473594 ], [ 80.7017186, 18.4445897 ], [ 80.7053136, 18.439862 ], [ 80.6982434, 18.4375563 ], [ 80.696204, 18.4247339 ], [ 80.6989528, 18.4214304 ], [ 80.7182724, 18.4097289 ], [ 80.7228632, 18.4151795 ], [ 80.7348736, 18.4128405 ], [ 80.7321728, 18.4012217 ], [ 80.719676, 18.3907951 ], [ 80.7294016, 18.3788383 ], [ 80.7268992, 18.3691255 ], [ 80.7314978, 18.3549133 ], [ 80.7476536, 18.3299623 ], [ 80.7487237, 18.3089247 ], [ 80.7577238, 18.3019079 ], [ 80.7594948, 18.2898652 ], [ 80.7691433, 18.2876317 ], [ 80.7806297, 18.2660474 ], [ 80.7898311, 18.2641158 ], [ 80.7941518, 18.2596287 ], [ 80.7921047, 18.249201 ], [ 80.7372023, 18.2220929 ], [ 80.7368202, 18.1773251 ], [ 80.7449779, 18.1703255 ], [ 80.7541914, 18.1687088 ], [ 80.7529655, 18.1401566 ], [ 80.7487376, 18.1294186 ], [ 80.7486839, 18.1015892 ], [ 80.7549864, 18.0737606 ], [ 80.7446284, 18.0822937 ], [ 80.7145469, 18.1265533 ], [ 80.7042479, 18.1358778 ], [ 80.6940445, 18.1615117 ], [ 80.6815961, 18.1655268 ], [ 80.6733616, 18.1824853 ], [ 80.6553574, 18.1584161 ], [ 80.6552969, 18.1538109 ], [ 80.6470168, 18.1564514 ], [ 80.6571419, 18.1437225 ], [ 80.6548375, 18.1348753 ], [ 80.6381859, 18.136247 ], [ 80.6322644, 18.142362 ], [ 80.6233771, 18.1292963 ], [ 80.6431223, 18.1253838 ], [ 80.6350808, 18.109431 ], [ 80.6194723, 18.1127756 ], [ 80.6164366, 18.1183995 ], [ 80.6156249, 18.1046518 ], [ 80.6078131, 18.0883226 ], [ 80.5856545, 18.0623619 ], [ 80.5768873, 18.0617836 ], [ 80.5739125, 18.0547388 ], [ 80.5658317, 18.0509314 ], [ 80.5585012, 18.0588835 ], [ 80.5489001, 18.0585062 ], [ 80.5437252, 18.0539516 ], [ 80.537895, 18.055155 ], [ 80.5347681, 18.0608727 ], [ 80.5272417, 18.0646657 ], [ 80.5249493, 18.0595905 ], [ 80.5171435, 18.0578919 ], [ 80.5139963, 18.0518315 ], [ 80.5059412, 18.0541773 ], [ 80.4993966, 18.0506704 ], [ 80.4823347, 18.059782 ], [ 80.4719729, 18.0583211 ], [ 80.4595312, 18.0628567 ], [ 80.455714, 18.0602302 ], [ 80.4453738, 18.066989 ], [ 80.4310446, 18.0603954 ], [ 80.3919241, 18.0816573 ], [ 80.3464903, 18.0366236 ], [ 80.3411225, 18.0142337 ], [ 80.3161784, 17.9959655 ], [ 80.3045689, 18.0000477 ], [ 80.2811705, 17.9982669 ], [ 80.2374968, 18.0371233 ], [ 80.1857753, 18.0625354 ], [ 80.1641554, 18.0807118 ], [ 80.149477, 18.0837887 ], [ 80.1448874, 18.0948539 ], [ 80.1131771, 18.082777 ], [ 80.100727, 18.0819451 ], [ 80.0890777, 18.0733225 ], [ 80.0793874, 18.0705061 ], [ 80.0545884, 18.0854021 ], [ 80.0361914, 18.1154174 ], [ 80.0283716, 18.1164128 ], [ 80.0180666, 18.1170271 ], [ 79.9918928, 18.1075435 ], [ 79.9794798, 18.1119112 ], [ 79.9651002, 18.1006088 ], [ 79.9577963, 18.0894769 ], [ 79.93633, 18.0836049 ], [ 79.8844931, 18.0857218 ], [ 79.8871524, 18.0981989 ], [ 79.8638403, 18.0935391 ], [ 79.8372245, 18.0949001 ], [ 79.8144942, 18.0918953 ], [ 79.8197607, 18.1130995 ], [ 79.8241013, 18.1125528 ], [ 79.8294695, 18.1224672 ], [ 79.8586926, 18.1502333 ], [ 79.8442998, 18.1582161 ], [ 79.8363473, 18.1863917 ], [ 79.8630783, 18.2028594 ], [ 79.8441637, 18.2143624 ], [ 79.8432252, 18.2220646 ], [ 79.8574166, 18.250912 ], [ 79.8534197, 18.2596308 ], [ 79.8648314, 18.2600444 ], [ 79.8722916, 18.277374 ], [ 79.889206, 18.2852903 ], [ 79.8820331, 18.2992467 ], [ 79.8928475, 18.3069189 ], [ 79.8955746, 18.3123989 ], [ 79.8929391, 18.3170458 ], [ 79.9316062, 18.3158458 ], [ 79.944553, 18.3183877 ], [ 79.9539046, 18.3395007 ], [ 79.9492199, 18.344613 ], [ 79.9254215, 18.3516222 ], [ 79.9096289, 18.3709869 ], [ 79.8995956, 18.3710856 ], [ 79.8909372, 18.3992796 ], [ 79.9078677, 18.3993406 ], [ 79.9222988, 18.4061502 ], [ 79.9392617, 18.396533 ], [ 79.9901694, 18.3864753 ], [ 80.0423174, 18.4042965 ], [ 80.0572809, 18.4015987 ], [ 80.0742171, 18.3883169 ], [ 80.0788916, 18.3912677 ], [ 80.080948, 18.4211344 ], [ 80.0985785, 18.431696 ], [ 80.1236278, 18.4258855 ], [ 80.1508072, 18.4139395 ], [ 80.145628, 18.3829251 ], [ 80.1424586, 18.3794947 ], [ 80.1726139, 18.3493947 ], [ 80.2167149, 18.3894877 ], [ 80.217524, 18.4060265 ], [ 80.2244, 18.4272946 ], [ 80.2295088, 18.5532635 ], [ 80.2677398, 18.5898415 ], [ 80.302816, 18.5888415 ], [ 80.3440039, 18.5983062 ], [ 80.3481229, 18.5941392 ], [ 80.3540872, 18.5942347 ], [ 80.3621452, 18.5991458 ], [ 80.3675598, 18.6081986 ], [ 80.3751592, 18.6106562 ], [ 80.3884524, 18.5966566 ], [ 80.3958533, 18.6049316 ], [ 80.4200027, 18.6103977 ], [ 80.4224061, 18.6151177 ], [ 80.4276172, 18.6128757 ], [ 80.4552137, 18.6291146 ], [ 80.4655358, 18.6239421 ], [ 80.488265, 18.6310851 ] ] ] } },
{ "type": "Feature", "properties": { "district": "Adilabad", "state": "Telangana" }, "geometry": { "type": "Polygon", "coordinates": [ [ [ 78.3356519, 19.8835779 ], [ 78.3806713, 19.8804362 ], [ 78.3830364, 19.8739055 ], [ 78.3817904, 19.8570416 ], [ 78.3859829, 19.8460902 ], [ 78.4002822, 19.8340277 ], [ 78.4229519, 19.8176267 ], [ 78.4316786, 19.8148763 ], [ 78.4538854, 19.8129486 ], [ 78.472459, 19.8173383 ], [ 78.4831473, 19.8038099 ], [ 78.485035, 19.7960521 ], [ 78.4902381, 19.7926845 ], [ 78.5072229, 19.7975484 ], [ 78.5089523, 19.8120501 ], [ 78.5150183, 19.8189334 ], [ 78.5307776, 19.8184547 ], [ 78.5422864, 19.8238299 ], [ 78.5520065, 19.8240846 ], [ 78.5722874, 19.8158457 ], [ 78.586119, 19.818789 ], [ 78.6073115, 19.8176081 ], [ 78.6189867, 19.8099799 ], [ 78.6427428, 19.807807 ], [ 78.65505, 19.8001912 ], [ 78.6663537, 19.7997548 ], [ 78.6925625, 19.7910267 ], [ 78.7013652, 19.7867363 ], [ 78.7060945, 19.7723031 ], [ 78.7191607, 19.7666482 ], [ 78.7241463, 19.7677543 ], [ 78.7300244, 19.7802262 ], [ 78.740057, 19.7831332 ], [ 78.756371, 19.7725054 ], [ 78.7711227, 19.7793833 ], [ 78.782366, 19.7784097 ], [ 78.79563, 19.7672664 ], [ 78.7969336, 19.7600092 ], [ 78.8021609, 19.7565338 ], [ 78.816919, 19.7618327 ], [ 78.8258783, 19.7551441 ], [ 78.8409635, 19.7618901 ], [ 78.8479521, 19.735497 ], [ 78.8511496, 19.7361262 ], [ 78.8523681, 19.7279037 ], [ 78.8494256, 19.7219692 ], [ 78.8599231, 19.6894913 ], [ 78.8556919, 19.6866609 ], [ 78.8519203, 19.6583608 ], [ 78.8680942, 19.6590251 ], [ 78.8867268, 19.6550714 ], [ 78.8904783, 19.6594096 ], [ 78.8864462, 19.6624532 ], [ 78.896006, 19.6644561 ], [ 78.9035357, 19.6700091 ], [ 78.9198646, 19.6669743 ], [ 78.9197241, 19.662004 ], [ 78.944234, 19.6617396 ], [ 78.9554621, 19.6559348 ], [ 78.9618498, 19.6374436 ], [ 78.9553693, 19.6191176 ], [ 78.9556202, 19.6001712 ], [ 78.959144, 19.595466 ], [ 78.9717843, 19.590013 ], [ 78.9728349, 19.5823877 ], [ 78.9525432, 19.5649779 ], [ 78.9464892, 19.5616077 ], [ 78.9376727, 19.5618737 ], [ 78.9406626, 19.5530661 ], [ 78.9355704, 19.5474004 ], [ 78.9502536, 19.5332556 ], [ 78.9421442, 19.5138139 ], [ 78.9489336, 19.5101702 ], [ 78.949066, 19.5013415 ], [ 78.9587792, 19.5028827 ], [ 78.9775655, 19.4923535 ], [ 78.9576275, 19.4734913 ], [ 78.9268247, 19.4620779 ], [ 78.9210859, 19.4631195 ], [ 78.9145955, 19.4734233 ], [ 78.9038087, 19.4741609 ], [ 78.8935067, 19.4551072 ], [ 78.8844992, 19.4454636 ], [ 78.8654046, 19.4445028 ], [ 78.8599359, 19.447951 ], [ 78.8530032, 19.4472481 ], [ 78.8413429, 19.4339403 ], [ 78.8445045, 19.4225609 ], [ 78.8294048, 19.4094017 ], [ 78.8217751, 19.397022 ], [ 78.8208605, 19.3877777 ], [ 78.8098617, 19.3865947 ], [ 78.8106014, 19.3808578 ], [ 78.8210987, 19.3789352 ], [ 78.8247811, 19.3745901 ], [ 78.8541415, 19.3685258 ], [ 78.8582985, 19.3314493 ], [ 78.84985, 19.2946545 ], [ 78.8546776, 19.2788159 ], [ 78.8478192, 19.2717422 ], [ 78.8488329, 19.2626786 ], [ 78.8432335, 19.2546977 ], [ 78.8296581, 19.2526739 ], [ 78.8196684, 19.2467352 ], [ 78.8121285, 19.2215116 ], [ 78.7999439, 19.2140374 ], [ 78.7901001, 19.2404746 ], [ 78.786143, 19.2406779 ], [ 78.7804853, 19.2493251 ], [ 78.7679124, 19.256553 ], [ 78.7588424, 19.2781625 ], [ 78.7364947, 19.2859593 ], [ 78.7199359, 19.2964927 ], [ 78.7225203, 19.3264042 ], [ 78.6904798, 19.3165251 ], [ 78.673668, 19.3159905 ], [ 78.6211065, 19.2740846 ], [ 78.615375, 19.2610393 ], [ 78.5877042, 19.2880231 ], [ 78.570306, 19.2864638 ], [ 78.5473322, 19.2619915 ], [ 78.525656, 19.2549757 ], [ 78.5218348, 19.250633 ], [ 78.5178749, 19.245449 ], [ 78.5190412, 19.2261785 ], [ 78.5094273, 19.2147466 ], [ 78.4837073, 19.2266577 ], [ 78.456663, 19.2268175 ], [ 78.4565637, 19.1954111 ], [ 78.4484015, 19.1788646 ], [ 78.4361607, 19.1845143 ], [ 78.4309779, 19.1731074 ], [ 78.4210445, 19.1758476 ], [ 78.4145942, 19.172403 ], [ 78.4081829, 19.1733253 ], [ 78.4007099, 19.1801166 ], [ 78.3884567, 19.1758242 ], [ 78.3835395, 19.1796054 ], [ 78.3693236, 19.1822786 ], [ 78.3641946, 19.1879855 ], [ 78.3629662, 19.1998588 ], [ 78.3533284, 19.1988598 ], [ 78.3471802, 19.2072338 ], [ 78.3296954, 19.2069952 ], [ 78.3171515, 19.215742 ], [ 78.3099579, 19.2230566 ], [ 78.3074206, 19.234338 ], [ 78.3039458, 19.2357588 ], [ 78.3052499, 19.2413285 ], [ 78.3009655, 19.2464506 ], [ 78.2993934, 19.2593815 ], [ 78.2927632, 19.2637751 ], [ 78.2754412, 19.2658999 ], [ 78.271067, 19.2808187 ], [ 78.2658643, 19.2858266 ], [ 78.2484698, 19.290328 ], [ 78.2420983, 19.3017348 ], [ 78.23024, 19.3088708 ], [ 78.2181319, 19.3124861 ], [ 78.2075323, 19.307136 ], [ 78.197361, 19.3090324 ], [ 78.1960814, 19.3154756 ], [ 78.1902065, 19.3207768 ], [ 78.1922773, 19.3258289 ], [ 78.1762256, 19.3349262 ], [ 78.1720615, 19.3597187 ], [ 78.1792264, 19.3628435 ], [ 78.1767886, 19.3674 ], [ 78.187673, 19.394593 ], [ 78.17619, 19.4122625 ], [ 78.1838184, 19.4122 ], [ 78.1950652, 19.4067537 ], [ 78.2115869, 19.4284785 ], [ 78.2199613, 19.4330186 ], [ 78.2356101, 19.4267545 ], [ 78.2445089, 19.4288025 ], [ 78.246481, 19.4351979 ], [ 78.2626469, 19.443059 ], [ 78.2637404, 19.4489303 ], [ 78.2686811, 19.4484667 ], [ 78.2704394, 19.4561551 ], [ 78.2869701, 19.4485286 ], [ 78.304508, 19.456518 ], [ 78.3092235, 19.4810839 ], [ 78.2986635, 19.4968128 ], [ 78.2959975, 19.5173708 ], [ 78.2903962, 19.5276239 ], [ 78.2941094, 19.5347942 ], [ 78.2932297, 19.5422336 ], [ 78.283935, 19.5414116 ], [ 78.2743108, 19.5539746 ], [ 78.2752515, 19.5624617 ], [ 78.2935629, 19.5589842 ], [ 78.2981485, 19.564037 ], [ 78.2972856, 19.5678967 ], [ 78.3036889, 19.5693206 ], [ 78.300902, 19.5790694 ], [ 78.3055669, 19.6070665 ], [ 78.2938994, 19.6194418 ], [ 78.2904625, 19.646001 ], [ 78.2808828, 19.6509264 ], [ 78.2790097, 19.6576413 ], [ 78.2710477, 19.6585388 ], [ 78.2690534, 19.6639525 ], [ 78.262649, 19.6650642 ], [ 78.2761859, 19.6924153 ], [ 78.2878488, 19.6880352 ], [ 78.3118213, 19.6910505 ], [ 78.3186538, 19.7055259 ], [ 78.3431341, 19.71325 ], [ 78.3392857, 19.724156 ], [ 78.3428548, 19.7297834 ], [ 78.3412346, 19.7357562 ], [ 78.3492887, 19.7379757 ], [ 78.3645887, 19.7806533 ], [ 78.3588908, 19.8028852 ], [ 78.3447994, 19.8133727 ], [ 78.3340246, 19.8145917 ], [ 78.3364145, 19.8379232 ], [ 78.3157563, 19.8425577 ], [ 78.2997505, 19.8409966 ], [ 78.2860751, 19.8479371 ], [ 78.2853133, 19.856617 ], [ 78.2978265, 19.8722494 ], [ 78.3070279, 19.9142976 ], [ 78.3218412, 19.916807 ], [ 78.3306049, 19.9146931 ], [ 78.3340922, 19.9052966 ], [ 78.3243638, 19.894831 ], [ 78.3287621, 19.8871548 ], [ 78.3356519, 19.8835779 ] ] ] } },
{ "type": "Feature", "properties": { "district": "Nirmal", "state": "Telangana" }, "geometry": { "type": "Polygon", "coordinates": [ [ [ 77.9630921, 19.3341269 ], [ 77.9668235, 19.3266574 ], [ 77.9776335, 19.3227069 ], [ 77.9849641, 19.3097524 ], [ 77.9946653, 19.3053862 ], [ 77.9986799, 19.2997976 ], [ 78.0134969, 19.2947177 ], [ 78.0148197, 19.2790374 ], [ 78.0425063, 19.2706038 ], [ 78.0418443, 19.2616555 ], [ 78.0359407, 19.2506334 ], [ 78.0416136, 19.2434281 ], [ 78.0556753, 19.2371217 ], [ 78.0644225, 19.2477737 ], [ 78.0722963, 19.2492488 ], [ 78.0790969, 19.2548343 ], [ 78.0832291, 19.2486762 ], [ 78.0823508, 19.2432161 ], [ 78.0891496, 19.2393682 ], [ 78.0953093, 19.2437404 ], [ 78.1131722, 19.2444221 ], [ 78.117038, 19.2486373 ], [ 78.1445469, 19.2294007 ], [ 78.1509921, 19.2294982 ], [ 78.1583991, 19.2357788 ], [ 78.175321, 19.2375786 ], [ 78.1817714, 19.2476184 ], [ 78.1779831, 19.2539129 ], [ 78.1766665, 19.2785486 ], [ 78.1831114, 19.2851834 ], [ 78.1932413, 19.3171384 ], [ 78.197361, 19.3090324 ], [ 78.2039302, 19.3068945 ], [ 78.2181319, 19.3124861 ], [ 78.23024, 19.3088708 ], [ 78.2420983, 19.3017348 ], [ 78.2484698, 19.290328 ], [ 78.2615271, 19.2887617 ], [ 78.2703145, 19.2817456 ], [ 78.2754412, 19.2658999 ], [ 78.2927632, 19.2637751 ], [ 78.2993934, 19.2593815 ], [ 78.3009655, 19.2464506 ], [ 78.3052499, 19.2413285 ], [ 78.3039458, 19.2357588 ], [ 78.3092451, 19.2314711 ], [ 78.3099579, 19.2230566 ], [ 78.3184279, 19.2146758 ], [ 78.3300674, 19.2068906 ], [ 78.3471802, 19.2072338 ], [ 78.3543687, 19.1984773 ], [ 78.3629662, 19.1998588 ], [ 78.3641946, 19.1879855 ], [ 78.3693236, 19.1822786 ], [ 78.3835395, 19.1796054 ], [ 78.3884567, 19.1758242 ], [ 78.4016956, 19.179941 ], [ 78.4063478, 19.1738177 ], [ 78.4145942, 19.172403 ], [ 78.4210445, 19.1758476 ], [ 78.4309779, 19.1731074 ], [ 78.4361607, 19.1845143 ], [ 78.4493442, 19.1800612 ], [ 78.4565637, 19.1954111 ], [ 78.456663, 19.2268175 ], [ 78.4837073, 19.2266577 ], [ 78.5094273, 19.2147466 ], [ 78.5190412, 19.2261785 ], [ 78.5178749, 19.245449 ], [ 78.5218348, 19.250633 ], [ 78.525656, 19.2549757 ], [ 78.5473322, 19.2619915 ], [ 78.570306, 19.2864638 ], [ 78.5877042, 19.2880231 ], [ 78.615375, 19.2610393 ], [ 78.6211065, 19.2740846 ], [ 78.6510289, 19.3000939 ], [ 78.6752517, 19.3164916 ], [ 78.6904798, 19.3165251 ], [ 78.7225203, 19.3264042 ], [ 78.7199359, 19.2964927 ], [ 78.7364947, 19.2859593 ], [ 78.7588424, 19.2781625 ], [ 78.7679124, 19.256553 ], [ 78.7804853, 19.2493251 ], [ 78.786143, 19.2406779 ], [ 78.7901001, 19.2404746 ], [ 78.8005398, 19.2138389 ], [ 78.8121285, 19.2215116 ], [ 78.8196684, 19.2467352 ], [ 78.8448488, 19.2565072 ], [ 78.8447377, 19.2600735 ], [ 78.8488329, 19.2626786 ], [ 78.8478192, 19.2717422 ], [ 78.8538275, 19.2781276 ], [ 78.8687976, 19.2824676 ], [ 78.8854784, 19.2727273 ], [ 78.892992, 19.2812405 ], [ 78.893941, 19.2901065 ], [ 78.9417019, 19.2522081 ], [ 78.9486846, 19.2541594 ], [ 78.9543607, 19.2506465 ], [ 78.9360833, 19.2284388 ], [ 78.9337259, 19.2142249 ], [ 78.9179062, 19.2014386 ], [ 78.9179654, 19.1888992 ], [ 78.921253, 19.1837799 ], [ 78.9025909, 19.1778307 ], [ 78.8775831, 19.1601994 ], [ 78.8830635, 19.1554629 ], [ 78.88804, 19.1312363 ], [ 78.8802595, 19.1132632 ], [ 78.9028533, 19.0937735 ], [ 78.912055, 19.1042285 ], [ 78.9211069, 19.1063454 ], [ 78.913529, 19.1163152 ], [ 78.9237393, 19.1139109 ], [ 78.9306865, 19.118446 ], [ 78.941209, 19.1084969 ], [ 78.9384727, 19.1001901 ], [ 78.9417776, 19.0938464 ], [ 78.9407525, 19.0806881 ], [ 78.9474504, 19.072683 ], [ 78.9313758, 19.0570981 ], [ 78.9138712, 19.030686 ], [ 78.9028816, 19.0337254 ], [ 78.8738527, 19.0558494 ], [ 78.8619971, 19.0590849 ], [ 78.8448315, 19.0702856 ], [ 78.8355463, 19.0684454 ], [ 78.8210905, 19.0489322 ], [ 78.7988277, 19.0482516 ], [ 78.778799, 19.0376826 ], [ 78.7707807, 19.029729 ], [ 78.7683268, 19.0212273 ], [ 78.7701388, 19.0143184 ], [ 78.7622503, 19.0112649 ], [ 78.7401905, 19.0168803 ], [ 78.7004888, 19.0357604 ], [ 78.6863475, 19.0300143 ], [ 78.6654973, 19.0146488 ], [ 78.6601822, 19.0008045 ], [ 78.6360261, 18.9778626 ], [ 78.6063894, 18.9854986 ], [ 78.5884477, 19.0053567 ], [ 78.5568597, 18.9780926 ], [ 78.5514315, 18.9539996 ], [ 78.5467253, 18.9456686 ], [ 78.5281962, 18.9486794 ], [ 78.5082026, 18.9722894 ], [ 78.4907877, 18.9728412 ], [ 78.4772212, 18.9580212 ], [ 78.4568396, 18.9554844 ], [ 78.4524819, 18.9640473 ], [ 78.4405486, 18.9665983 ], [ 78.4262909, 18.9769718 ], [ 78.4171245, 18.9994845 ], [ 78.4099912, 19.0038408 ], [ 78.3711234, 18.9960263 ], [ 78.354888, 18.9845283 ], [ 78.3394475, 18.9682943 ], [ 78.3212767, 18.9604281 ], [ 78.3140042, 18.9515149 ], [ 78.2851441, 18.942561 ], [ 78.2788047, 18.9465201 ], [ 78.2770783, 18.9530336 ], [ 78.2760873, 18.9733083 ], [ 78.28103, 18.9836846 ], [ 78.2787354, 18.9900565 ], [ 78.2486584, 19.0147356 ], [ 78.238689, 19.0159397 ], [ 78.2280265, 19.0083524 ], [ 78.1987142, 18.9991136 ], [ 78.1672228, 18.9976261 ], [ 78.1611381, 18.9880906 ], [ 78.1611384, 18.9803197 ], [ 78.1496197, 18.9673583 ], [ 78.1326677, 18.9610597 ], [ 78.1131909, 18.9613098 ], [ 78.0899388, 18.9401645 ], [ 78.057663, 18.9421384 ], [ 78.0523306, 18.9399937 ], [ 78.0464489, 18.9355008 ], [ 78.0470534, 18.927137 ], [ 78.0368862, 18.8880365 ], [ 78.037466, 18.8771578 ], [ 78.0279527, 18.8765312 ], [ 78.0139659, 18.8843758 ], [ 77.9880204, 18.8796667 ], [ 77.9682468, 18.8704861 ], [ 77.9489009, 18.8432892 ], [ 77.9347756, 18.8451448 ], [ 77.9374523, 18.8515914 ], [ 77.9293504, 18.8535862 ], [ 77.9300608, 18.8587263 ], [ 77.903232, 18.8666255 ], [ 77.9039063, 18.8812459 ], [ 77.8915841, 18.881414 ], [ 77.8853844, 18.9042002 ], [ 77.8739377, 18.9076744 ], [ 77.8731718, 18.9039339 ], [ 77.8579394, 18.9023516 ], [ 77.8432542, 18.9086934 ], [ 77.847914, 18.926896 ], [ 77.8514616, 18.9264068 ], [ 77.8586536, 18.9486633 ], [ 77.8419425, 18.9498726 ], [ 77.8356172, 18.9472467 ], [ 77.8324535, 18.9416286 ], [ 77.8162398, 18.9472702 ], [ 77.8198433, 18.9544406 ], [ 77.8162119, 18.9575165 ], [ 77.8208082, 18.9788528 ], [ 77.7911405, 18.9828175 ], [ 77.7876263, 18.9726465 ], [ 77.7714972, 18.9791591 ], [ 77.7753511, 19.0006266 ], [ 77.770339, 19.0099579 ], [ 77.7699222, 19.0224051 ], [ 77.7651518, 19.0249507 ], [ 77.7619022, 19.0361784 ], [ 77.764812, 19.0626553 ], [ 77.7752312, 19.0560217 ], [ 77.7890959, 19.0556729 ], [ 77.8003494, 19.0511216 ], [ 77.8000982, 19.0668449 ], [ 77.7967978, 19.0725891 ], [ 77.8025698, 19.0790612 ], [ 77.8045286, 19.1005566 ], [ 77.8099343, 19.104734 ], [ 77.8181405, 19.1049809 ], [ 77.8264078, 19.0966382 ], [ 77.83127, 19.0860806 ], [ 77.850395, 19.0885569 ], [ 77.8462069, 19.1013136 ], [ 77.8476647, 19.1160049 ], [ 77.8415592, 19.1181064 ], [ 77.83688, 19.1340089 ], [ 77.8340629, 19.1343082 ], [ 77.8525311, 19.1546779 ], [ 77.8526462, 19.1668184 ], [ 77.8567131, 19.1707521 ], [ 77.8559281, 19.17711 ], [ 77.8604942, 19.1803543 ], [ 77.847721, 19.189595 ], [ 77.8660065, 19.2264019 ], [ 77.8713581, 19.2542747 ], [ 77.8746046, 19.253637 ], [ 77.8748017, 19.2587601 ], [ 77.8821532, 19.2604706 ], [ 77.902847, 19.2564628 ], [ 77.9074813, 19.2679881 ], [ 77.9034585, 19.2779596 ], [ 77.8655755, 19.2838215 ], [ 77.8634588, 19.3041963 ], [ 77.890031, 19.3132975 ], [ 77.8943199, 19.32047 ], [ 77.9115459, 19.316257 ], [ 77.9280143, 19.3322078 ], [ 77.9382442, 19.3341131 ], [ 77.9424821, 19.3424397 ], [ 77.9630921, 19.3341269 ] ] ] } },
{ "type": "Feature", "properties": { "district": "Jagitial", "state": "Telangana" }, "geometry": { "type": "Polygon", "coordinates": [ [ [ 78.9745542, 19.0762131 ], [ 78.9880702, 19.0718577 ], [ 79.0004808, 19.0744239 ], [ 79.0169335, 19.0726953 ], [ 79.0228413, 19.0753327 ], [ 79.037038, 19.0628204 ], [ 79.0638993, 19.050874 ], [ 79.072453, 19.043696 ], [ 79.0812194, 19.031994 ], [ 79.0903714, 19.0108326 ], [ 79.0907671, 18.9937761 ], [ 79.1041366, 18.9680286 ], [ 79.1030476, 18.9576921 ], [ 79.1067522, 18.9468219 ], [ 79.1304737, 18.9215855 ], [ 79.1523748, 18.9041173 ], [ 79.1811951, 18.8691587 ], [ 79.2343087, 18.8605161 ], [ 79.2490273, 18.8530136 ], [ 79.2713226, 18.8280406 ], [ 79.3074434, 18.8151892 ], [ 79.2966918, 18.7805275 ], [ 79.2913432, 18.7773039 ], [ 79.2898741, 18.7633917 ], [ 79.2946888, 18.7447479 ], [ 79.281558, 18.7431951 ], [ 79.275524, 18.7468359 ], [ 79.2782714, 18.7510752 ], [ 79.2722463, 18.7522876 ], [ 79.2571548, 18.7646595 ], [ 79.2279934, 18.7489585 ], [ 79.1629281, 18.7556602 ], [ 79.1502851, 18.7256448 ], [ 79.1406423, 18.7248386 ], [ 79.1300865, 18.7088973 ], [ 79.1215196, 18.7109476 ], [ 79.1155167, 18.7070692 ], [ 79.1122224, 18.7103366 ], [ 79.1238666, 18.6907424 ], [ 79.1252404, 18.6821406 ], [ 79.1183602, 18.6630277 ], [ 79.1153419, 18.6642371 ], [ 79.1159415, 18.6592309 ], [ 79.1125014, 18.6584452 ], [ 79.1103971, 18.6630893 ], [ 79.1067049, 18.6637475 ], [ 79.1040132, 18.65043 ], [ 79.1005189, 18.6486318 ], [ 79.0951597, 18.6517818 ], [ 79.0855525, 18.6459542 ], [ 79.0772403, 18.6517316 ], [ 79.0646327, 18.6537575 ], [ 79.0649868, 18.6590907 ], [ 79.0600677, 18.6660828 ], [ 79.0497805, 18.6471974 ], [ 79.0359277, 18.6446322 ], [ 79.0362629, 18.6511129 ], [ 79.0179316, 18.6541315 ], [ 79.011194, 18.676235 ], [ 79.0042908, 18.6783148 ], [ 78.9986537, 18.6729131 ], [ 78.9924761, 18.6749344 ], [ 78.9819606, 18.6611989 ], [ 78.9884132, 18.6499502 ], [ 78.9808004, 18.6434045 ], [ 78.9677299, 18.6090117 ], [ 78.9750298, 18.5958677 ], [ 78.9809667, 18.5958555 ], [ 78.9829912, 18.5834952 ], [ 78.9893954, 18.5738765 ], [ 78.9832022, 18.5685376 ], [ 78.9677166, 18.5774592 ], [ 78.9570864, 18.5767099 ], [ 78.9537282, 18.5801961 ], [ 78.9391548, 18.5837864 ], [ 78.9288117, 18.5661766 ], [ 78.9163017, 18.5753421 ], [ 78.9125316, 18.5723052 ], [ 78.9033814, 18.5505281 ], [ 78.8971226, 18.5593324 ], [ 78.901496, 18.5777308 ], [ 78.8933112, 18.5970743 ], [ 78.8861272, 18.5966319 ], [ 78.8736818, 18.5867476 ], [ 78.8627787, 18.5925381 ], [ 78.8551846, 18.5873612 ], [ 78.8507465, 18.5883301 ], [ 78.8329222, 18.5955612 ], [ 78.8245807, 18.6046677 ], [ 78.8124034, 18.6046446 ], [ 78.7915553, 18.6208254 ], [ 78.760548, 18.6188823 ], [ 78.7544686, 18.6304936 ], [ 78.7219341, 18.63221 ], [ 78.7061238, 18.6410734 ], [ 78.6966666, 18.6418391 ], [ 78.6900533, 18.6328562 ], [ 78.684561, 18.6343595 ], [ 78.669888, 18.6233244 ], [ 78.6642949, 18.6335411 ], [ 78.6527778, 18.6386695 ], [ 78.6373838, 18.6730386 ], [ 78.6336576, 18.6726042 ], [ 78.6316058, 18.6774881 ], [ 78.6408112, 18.7018547 ], [ 78.6409575, 18.7153499 ], [ 78.6371833, 18.7233267 ], [ 78.6147118, 18.7299838 ], [ 78.5816314, 18.7228334 ], [ 78.5711686, 18.7382587 ], [ 78.5527129, 18.7425307 ], [ 78.5515597, 18.7506553 ], [ 78.5574557, 18.7560227 ], [ 78.5543113, 18.7650923 ], [ 78.5635082, 18.7788165 ], [ 78.5524718, 18.7910819 ], [ 78.5543046, 18.8009323 ], [ 78.5489642, 18.8089516 ], [ 78.5509206, 18.8134775 ], [ 78.5416619, 18.8153086 ], [ 78.5481396, 18.8306625 ], [ 78.5400847, 18.845744 ], [ 78.5373692, 18.8442331 ], [ 78.543308, 18.8596163 ], [ 78.5360656, 18.884286 ], [ 78.514117, 18.8923144 ], [ 78.5189313, 18.9006927 ], [ 78.5209825, 18.9229313 ], [ 78.5279756, 18.9301494 ], [ 78.5258757, 18.9387709 ], [ 78.5280161, 18.942723 ], [ 78.5482427, 18.9463012 ], [ 78.5561999, 18.9771382 ], [ 78.5884477, 19.0053567 ], [ 78.6063894, 18.9854986 ], [ 78.6360261, 18.9778626 ], [ 78.6601822, 19.0008045 ], [ 78.6654973, 19.0146488 ], [ 78.6863475, 19.0300143 ], [ 78.7004888, 19.0357604 ], [ 78.7401905, 19.0168803 ], [ 78.7622503, 19.0112649 ], [ 78.7701388, 19.0143184 ], [ 78.7683268, 19.0212273 ], [ 78.7707807, 19.029729 ], [ 78.778799, 19.0376826 ], [ 78.7988277, 19.0482516 ], [ 78.8210905, 19.0489322 ], [ 78.8355463, 19.0684454 ], [ 78.8448315, 19.0702856 ], [ 78.8619971, 19.0590849 ], [ 78.8738527, 19.0558494 ], [ 78.9028816, 19.0337254 ], [ 78.9138712, 19.030686 ], [ 78.9313758, 19.0570981 ], [ 78.9512142, 19.0761458 ], [ 78.9745542, 19.0762131 ] ] ] } },
{ "type": "Feature", "properties": { "district": "Rajanna Sircilla", "state": "Telangana" }, "geometry": { "type": "Polygon", "coordinates": [ [ [ 78.7186126, 18.633714 ], [ 78.7342155, 18.6298355 ], [ 78.7544686, 18.6304936 ], [ 78.760548, 18.6188823 ], [ 78.7915553, 18.6208254 ], [ 78.8124034, 18.6046446 ], [ 78.8245807, 18.6046677 ], [ 78.8339557, 18.5949458 ], [ 78.8551846, 18.5873612 ], [ 78.8627787, 18.5925381 ], [ 78.8736818, 18.5867476 ], [ 78.8861272, 18.5966319 ], [ 78.8933112, 18.5970743 ], [ 78.901496, 18.5777308 ], [ 78.8971226, 18.5593324 ], [ 78.9026465, 18.5506039 ], [ 78.9107728, 18.5701145 ], [ 78.9163017, 18.5753421 ], [ 78.9266104, 18.5659843 ], [ 78.9387862, 18.5836707 ], [ 78.9537282, 18.5801961 ], [ 78.9570864, 18.5767099 ], [ 78.9490003, 18.5539168 ], [ 78.9561842, 18.548208 ], [ 78.9607408, 18.5362406 ], [ 78.9547278, 18.5239487 ], [ 78.9540377, 18.5129961 ], [ 78.9468228, 18.4995249 ], [ 78.9279004, 18.490486 ], [ 78.923038, 18.4745367 ], [ 78.9357062, 18.4642643 ], [ 78.9479759, 18.4438171 ], [ 78.9575835, 18.4526206 ], [ 78.9874384, 18.4620417 ], [ 78.9914744, 18.4409238 ], [ 78.9783046, 18.441983 ], [ 78.9741437, 18.4273587 ], [ 78.9781994, 18.4202302 ], [ 78.9893741, 18.4174128 ], [ 78.9970878, 18.399867 ], [ 79.0180826, 18.3995432 ], [ 79.0163171, 18.3939324 ], [ 79.0061883, 18.3883449 ], [ 79.0063022, 18.3808627 ], [ 79.0193446, 18.3754178 ], [ 79.0247383, 18.3662369 ], [ 79.0113462, 18.345602 ], [ 79.0140224, 18.3421411 ], [ 79.0122122, 18.3362766 ], [ 79.0204167, 18.3306939 ], [ 79.0192452, 18.3154482 ], [ 79.0037609, 18.3041609 ], [ 78.9914348, 18.3013315 ], [ 78.9873921, 18.2906338 ], [ 78.9896969, 18.2862213 ], [ 78.9874366, 18.2659195 ], [ 78.9907772, 18.2627029 ], [ 78.9885833, 18.2570837 ], [ 78.9895731, 18.2520203 ], [ 78.9961475, 18.2458799 ], [ 78.9955731, 18.2412302 ], [ 78.9805333, 18.2217323 ], [ 78.9735752, 18.2183115 ], [ 78.9640865, 18.2073158 ], [ 78.9545181, 18.2075633 ], [ 78.9503609, 18.2374832 ], [ 78.9574069, 18.2494999 ], [ 78.9542878, 18.2533775 ], [ 78.9145345, 18.2556132 ], [ 78.8913907, 18.244753 ], [ 78.8900751, 18.2391031 ], [ 78.8811475, 18.2417655 ], [ 78.8689855, 18.2403446 ], [ 78.855748, 18.2346668 ], [ 78.8457598, 18.2469543 ], [ 78.8316848, 18.2496607 ], [ 78.8282018, 18.2532081 ], [ 78.7927336, 18.2536515 ], [ 78.7691128, 18.2627442 ], [ 78.7592519, 18.2357761 ], [ 78.7499823, 18.2212067 ], [ 78.7354566, 18.2147019 ], [ 78.7233621, 18.2155058 ], [ 78.7273507, 18.2210206 ], [ 78.7271187, 18.2267853 ], [ 78.718271, 18.231909 ], [ 78.7026615, 18.2347703 ], [ 78.7004035, 18.2314027 ], [ 78.690037, 18.2298556 ], [ 78.6763361, 18.2354426 ], [ 78.6701444, 18.2416083 ], [ 78.6633535, 18.241035 ], [ 78.6631343, 18.2442191 ], [ 78.6401667, 18.2567018 ], [ 78.6321215, 18.2546795 ], [ 78.627673, 18.2465243 ], [ 78.6174233, 18.2495211 ], [ 78.5885657, 18.2486736 ], [ 78.5748378, 18.223424 ], [ 78.5675773, 18.2225587 ], [ 78.5595409, 18.2360399 ], [ 78.5527821, 18.2588647 ], [ 78.5437087, 18.264621 ], [ 78.5403305, 18.2731903 ], [ 78.5318987, 18.2714997 ], [ 78.5212057, 18.2787134 ], [ 78.523962, 18.2879824 ], [ 78.5286263, 18.2917582 ], [ 78.53395, 18.2911337 ], [ 78.5412264, 18.3000577 ], [ 78.5372633, 18.3178217 ], [ 78.5495452, 18.3364118 ], [ 78.5445158, 18.3429726 ], [ 78.5438892, 18.3510927 ], [ 78.533364, 18.3605271 ], [ 78.5353991, 18.3700927 ], [ 78.5302136, 18.3798012 ], [ 78.5315421, 18.3875407 ], [ 78.5413895, 18.3889751 ], [ 78.5629372, 18.3854788 ], [ 78.5649752, 18.3905154 ], [ 78.5419085, 18.4124205 ], [ 78.5414665, 18.4200158 ], [ 78.5540747, 18.4308266 ], [ 78.544509, 18.4580281 ], [ 78.5316225, 18.4634321 ], [ 78.5300737, 18.4681761 ], [ 78.5314796, 18.4787205 ], [ 78.5394493, 18.4961667 ], [ 78.5465341, 18.5037363 ], [ 78.5517452, 18.5040503 ], [ 78.5531164, 18.5137816 ], [ 78.5495437, 18.5224785 ], [ 78.553497, 18.5307105 ], [ 78.5694812, 18.5438312 ], [ 78.5642891, 18.5524728 ], [ 78.5596431, 18.5523631 ], [ 78.5636305, 18.5548887 ], [ 78.5749592, 18.5503413 ], [ 78.5971955, 18.5506526 ], [ 78.6003639, 18.5747188 ], [ 78.6151488, 18.5910354 ], [ 78.6221103, 18.5899218 ], [ 78.643961, 18.5965093 ], [ 78.6541078, 18.5963259 ], [ 78.669888, 18.6233244 ], [ 78.684561, 18.6343595 ], [ 78.6900533, 18.6328562 ], [ 78.6966666, 18.6418391 ], [ 78.7061238, 18.6410734 ], [ 78.7186126, 18.633714 ] ] ] } },
{ "type": "Feature", "properties": { "district": "Nizamabad", "state": "Telangana" }, "geometry": { "type": "Polygon", "coordinates": [ [ [ 78.2486584, 19.0147356 ], [ 78.2808376, 18.9855706 ], [ 78.2760873, 18.9733083 ], [ 78.2770783, 18.9530336 ], [ 78.2788047, 18.9465201 ], [ 78.2851441, 18.942561 ], [ 78.3140042, 18.9515149 ], [ 78.3212767, 18.9604281 ], [ 78.3394475, 18.9682943 ], [ 78.354888, 18.9845283 ], [ 78.3711234, 18.9960263 ], [ 78.4099912, 19.0038408 ], [ 78.4171245, 18.9994845 ], [ 78.4262909, 18.9769718 ], [ 78.4405486, 18.9665983 ], [ 78.4524819, 18.9640473 ], [ 78.4568396, 18.9554844 ], [ 78.4772212, 18.9580212 ], [ 78.4907877, 18.9728412 ], [ 78.5082026, 18.9722894 ], [ 78.5254218, 18.9507679 ], [ 78.5369704, 18.9458084 ], [ 78.5366307, 18.9423005 ], [ 78.5283939, 18.9429162 ], [ 78.5259324, 18.9389732 ], [ 78.5279756, 18.9301494 ], [ 78.5209825, 18.9229313 ], [ 78.5189313, 18.9006927 ], [ 78.514117, 18.8923144 ], [ 78.5360656, 18.884286 ], [ 78.543308, 18.8596163 ], [ 78.5373692, 18.8442331 ], [ 78.5400847, 18.845744 ], [ 78.5481396, 18.8306625 ], [ 78.5416619, 18.8153086 ], [ 78.5509206, 18.8134775 ], [ 78.5489642, 18.8089516 ], [ 78.5543046, 18.8009323 ], [ 78.5524718, 18.7910819 ], [ 78.5635082, 18.7788165 ], [ 78.5543113, 18.7650923 ], [ 78.5574557, 18.7560227 ], [ 78.5515597, 18.7506553 ], [ 78.5527129, 18.7425307 ], [ 78.5711686, 18.7382587 ], [ 78.5816314, 18.7228334 ], [ 78.6147118, 18.7299838 ], [ 78.6371833, 18.7233267 ], [ 78.6409575, 18.7153499 ], [ 78.6408112, 18.7018547 ], [ 78.6316058, 18.6774881 ], [ 78.6336576, 18.6726042 ], [ 78.6373838, 18.6730386 ], [ 78.6527778, 18.6386695 ], [ 78.6642949, 18.6335411 ], [ 78.669888, 18.6233244 ], [ 78.6541078, 18.5963259 ], [ 78.6136403, 18.5897481 ], [ 78.6000638, 18.5740379 ], [ 78.5974202, 18.5507787 ], [ 78.5749592, 18.5503413 ], [ 78.5636305, 18.5548887 ], [ 78.5596431, 18.5523631 ], [ 78.5642891, 18.5524728 ], [ 78.5694812, 18.5438312 ], [ 78.553497, 18.5307105 ], [ 78.5495437, 18.5224785 ], [ 78.5531164, 18.5137816 ], [ 78.5517452, 18.5040503 ], [ 78.5465341, 18.5037363 ], [ 78.5394493, 18.4961667 ], [ 78.5312226, 18.4779094 ], [ 78.5301764, 18.4654929 ], [ 78.5209866, 18.4644413 ], [ 78.5181844, 18.4564083 ], [ 78.5061747, 18.4514711 ], [ 78.4920825, 18.4377699 ], [ 78.4771491, 18.4405668 ], [ 78.4691993, 18.4460768 ], [ 78.4643104, 18.460409 ], [ 78.4522395, 18.472264 ], [ 78.4535136, 18.4812683 ], [ 78.44512, 18.4832757 ], [ 78.4422831, 18.4778984 ], [ 78.4246269, 18.4749811 ], [ 78.4065271, 18.4825727 ], [ 78.3988046, 18.4820137 ], [ 78.3924211, 18.4661946 ], [ 78.3825839, 18.4537209 ], [ 78.3631391, 18.4544319 ], [ 78.3544265, 18.459189 ], [ 78.3503784, 18.4574222 ], [ 78.3451313, 18.4630677 ], [ 78.3294392, 18.4668769 ], [ 78.316597, 18.4651831 ], [ 78.3072665, 18.4539809 ], [ 78.280838, 18.4537905 ], [ 78.2752736, 18.4580031 ], [ 78.2696568, 18.4506245 ], [ 78.2682761, 18.4529598 ], [ 78.2597563, 18.4526811 ], [ 78.2545267, 18.4582207 ], [ 78.2573675, 18.4607221 ], [ 78.2536536, 18.4666164 ], [ 78.2581218, 18.4758677 ], [ 78.2499736, 18.4864102 ], [ 78.2425534, 18.4863459 ], [ 78.2364199, 18.4921239 ], [ 78.224884, 18.490836 ], [ 78.2168753, 18.4989613 ], [ 78.2022606, 18.5012905 ], [ 78.2004999, 18.5052209 ], [ 78.1928678, 18.503797 ], [ 78.19217, 18.5087328 ], [ 78.1757615, 18.5009238 ], [ 78.1595869, 18.4772555 ], [ 78.134896, 18.4822987 ], [ 78.1212703, 18.4882211 ], [ 78.1180618, 18.492677 ], [ 78.1059243, 18.4915575 ], [ 78.1069548, 18.4977996 ], [ 78.1035425, 18.5041689 ], [ 78.0848349, 18.5090923 ], [ 78.0762463, 18.5145533 ], [ 78.0697616, 18.5111678 ], [ 78.0698678, 18.5083404 ], [ 78.062155, 18.5138107 ], [ 78.039479, 18.5177634 ], [ 78.0341672, 18.5089273 ], [ 78.0394198, 18.5006506 ], [ 78.0361643, 18.4989187 ], [ 78.0363882, 18.4939327 ], [ 78.0413569, 18.4893761 ], [ 78.0375542, 18.4829747 ], [ 78.0378389, 18.4648895 ], [ 78.022139, 18.4361486 ], [ 77.9748581, 18.4462764 ], [ 77.9815235, 18.4592334 ], [ 77.9749381, 18.4704936 ], [ 77.9529431, 18.4820185 ], [ 77.9499154, 18.4872152 ], [ 77.9375416, 18.4914599 ], [ 77.9000511, 18.4918403 ], [ 77.8952191, 18.4947776 ], [ 77.8892877, 18.4924326 ], [ 77.8813153, 18.5017388 ], [ 77.864697, 18.5079654 ], [ 77.8537054, 18.5032935 ], [ 77.8373957, 18.5064724 ], [ 77.7894632, 18.4970735 ], [ 77.7783611, 18.5056089 ], [ 77.7566872, 18.5024901 ], [ 77.76147, 18.525615 ], [ 77.7568415, 18.5361113 ], [ 77.7384996, 18.5567887 ], [ 77.7370442, 18.5638442 ], [ 77.7403807, 18.5752177 ], [ 77.750343, 18.5892121 ], [ 77.7455733, 18.6059415 ], [ 77.7456566, 18.6212884 ], [ 77.7305043, 18.6451454 ], [ 77.730204, 18.656082 ], [ 77.7357088, 18.660987 ], [ 77.7299742, 18.6669369 ], [ 77.7436891, 18.6816248 ], [ 77.7492486, 18.6826666 ], [ 77.7524399, 18.6893445 ], [ 77.7506689, 18.6955883 ], [ 77.7609225, 18.7071453 ], [ 77.7732401, 18.7013562 ], [ 77.7720156, 18.688948 ], [ 77.7872883, 18.68264 ], [ 77.7897645, 18.69515 ], [ 77.7950056, 18.6970368 ], [ 77.7962182, 18.7039601 ], [ 77.804184, 18.7131774 ], [ 77.8042503, 18.7272423 ], [ 77.8267918, 18.7698409 ], [ 77.8399548, 18.8048215 ], [ 77.8598824, 18.8090472 ], [ 77.8714148, 18.8181648 ], [ 77.8819899, 18.8174039 ], [ 77.9066722, 18.8266974 ], [ 77.934498, 18.8222654 ], [ 77.9430941, 18.8248072 ], [ 77.9485361, 18.8298365 ], [ 77.9495201, 18.8452796 ], [ 77.9605275, 18.8616723 ], [ 77.97006, 18.8719169 ], [ 77.9880204, 18.8796667 ], [ 78.0139659, 18.8843758 ], [ 78.0279527, 18.8765312 ], [ 78.0371554, 18.8769555 ], [ 78.0391954, 18.8822504 ], [ 78.0368862, 18.8880365 ], [ 78.0470534, 18.927137 ], [ 78.0467592, 18.9360557 ], [ 78.057663, 18.9421384 ], [ 78.0893341, 18.9399364 ], [ 78.1131909, 18.9613098 ], [ 78.1301894, 18.9606802 ], [ 78.1468465, 18.9655062 ], [ 78.1605962, 18.9793904 ], [ 78.1611381, 18.9880906 ], [ 78.1680664, 18.9980405 ], [ 78.1934286, 18.9977917 ], [ 78.222418, 19.0060968 ], [ 78.2420132, 19.0163404 ], [ 78.2486584, 19.0147356 ] ] ] } },
{ "type": "Feature", "properties": { "district": "Kamareddy", "state": "Telangana" }, "geometry": { "type": "Polygon", "coordinates": [ [ [ 77.7384996, 18.5567887 ], [ 77.7568415, 18.5361113 ], [ 77.76147, 18.525615 ], [ 77.7566872, 18.5024901 ], [ 77.7783611, 18.5056089 ], [ 77.7894632, 18.4970735 ], [ 77.8373957, 18.5064724 ], [ 77.8537054, 18.5032935 ], [ 77.864697, 18.5079654 ], [ 77.8813153, 18.5017388 ], [ 77.8892877, 18.4924326 ], [ 77.8952191, 18.4947776 ], [ 77.9000511, 18.4918403 ], [ 77.9375416, 18.4914599 ], [ 77.9499154, 18.4872152 ], [ 77.9529431, 18.4820185 ], [ 77.9749381, 18.4704936 ], [ 77.9815235, 18.4592334 ], [ 77.9748581, 18.4462764 ], [ 78.022139, 18.4361486 ], [ 78.0378389, 18.4648895 ], [ 78.0375542, 18.4829747 ], [ 78.0413569, 18.4893761 ], [ 78.0363882, 18.4939327 ], [ 78.0361643, 18.4989187 ], [ 78.0394198, 18.5006506 ], [ 78.0341672, 18.5089273 ], [ 78.039479, 18.5177634 ], [ 78.062155, 18.5138107 ], [ 78.0698678, 18.5083404 ], [ 78.0697616, 18.5111678 ], [ 78.0762463, 18.5145533 ], [ 78.0848349, 18.5090923 ], [ 78.1035425, 18.5041689 ], [ 78.1069548, 18.4977996 ], [ 78.1059243, 18.4915575 ], [ 78.1180618, 18.492677 ], [ 78.1212703, 18.4882211 ], [ 78.134896, 18.4822987 ], [ 78.1595869, 18.4772555 ], [ 78.1757615, 18.5009238 ], [ 78.19217, 18.5087328 ], [ 78.1928678, 18.503797 ], [ 78.2004999, 18.5052209 ], [ 78.2022606, 18.5012905 ], [ 78.2168753, 18.4989613 ], [ 78.224884, 18.490836 ], [ 78.2364199, 18.4921239 ], [ 78.2425534, 18.4863459 ], [ 78.2499736, 18.4864102 ], [ 78.2581218, 18.4758677 ], [ 78.2536536, 18.4666164 ], [ 78.2573675, 18.4607221 ], [ 78.2545267, 18.4582207 ], [ 78.2597563, 18.4526811 ], [ 78.2682761, 18.4529598 ], [ 78.2696568, 18.4506245 ], [ 78.2752736, 18.4580031 ], [ 78.280838, 18.4537905 ], [ 78.3072665, 18.4539809 ], [ 78.316597, 18.4651831 ], [ 78.3294392, 18.4668769 ], [ 78.3451313, 18.4630677 ], [ 78.3503784, 18.4574222 ], [ 78.3544265, 18.459189 ], [ 78.3637795, 18.4543162 ], [ 78.3837415, 18.4539448 ], [ 78.3988046, 18.4820137 ], [ 78.405901, 18.4826705 ], [ 78.4246269, 18.4749811 ], [ 78.4422831, 18.4778984 ], [ 78.44512, 18.4832757 ], [ 78.4525752, 18.4827008 ], [ 78.4546935, 18.4780442 ], [ 78.4522395, 18.472264 ], [ 78.4643104, 18.460409 ], [ 78.4677641, 18.4474957 ], [ 78.4765931, 18.4407739 ], [ 78.4920825, 18.4377699 ], [ 78.5061747, 18.4514711 ], [ 78.5181844, 18.4564083 ], [ 78.5209866, 18.4644413 ], [ 78.5301764, 18.4654929 ], [ 78.5430886, 18.4598995 ], [ 78.5540747, 18.4308266 ], [ 78.5414665, 18.4200158 ], [ 78.5419085, 18.4124205 ], [ 78.5649752, 18.3905154 ], [ 78.5629372, 18.3854788 ], [ 78.5413895, 18.3889751 ], [ 78.5315421, 18.3875407 ], [ 78.5302136, 18.3798012 ], [ 78.5353991, 18.3700927 ], [ 78.533364, 18.3605271 ], [ 78.5438892, 18.3510927 ], [ 78.5445158, 18.3429726 ], [ 78.5495452, 18.3364118 ], [ 78.5372633, 18.3178217 ], [ 78.5412264, 18.3000577 ], [ 78.53395, 18.2911337 ], [ 78.5286263, 18.2917582 ], [ 78.523962, 18.2879824 ], [ 78.5212057, 18.2787134 ], [ 78.5318987, 18.2714997 ], [ 78.5403305, 18.2731903 ], [ 78.5437087, 18.264621 ], [ 78.553353, 18.2580519 ], [ 78.5595409, 18.2360399 ], [ 78.567571, 18.2231913 ], [ 78.5611898, 18.2071076 ], [ 78.5693909, 18.1959733 ], [ 78.5689654, 18.1801464 ], [ 78.5652177, 18.1756699 ], [ 78.5579859, 18.1763863 ], [ 78.5477157, 18.1811785 ], [ 78.5444858, 18.1798023 ], [ 78.5370882, 18.1866586 ], [ 78.5270607, 18.1855586 ], [ 78.5219161, 18.182393 ], [ 78.5158406, 18.1663957 ], [ 78.5022121, 18.1754304 ], [ 78.4914705, 18.1555428 ], [ 78.4837773, 18.1483158 ], [ 78.4832977, 18.1416493 ], [ 78.4915328, 18.1356523 ], [ 78.4915223, 18.1325289 ], [ 78.4798328, 18.126046 ], [ 78.4717953, 18.1275565 ], [ 78.4581876, 18.1206294 ], [ 78.4415536, 18.1300837 ], [ 78.4457685, 18.1446461 ], [ 78.4409977, 18.1559448 ], [ 78.4330998, 18.1629148 ], [ 78.4247678, 18.1563577 ], [ 78.4213685, 18.1412332 ], [ 78.4118656, 18.130673 ], [ 78.3896636, 18.1287876 ], [ 78.3845263, 18.1234486 ], [ 78.3750834, 18.1350524 ], [ 78.374398, 18.1446229 ], [ 78.3631799, 18.1467711 ], [ 78.3653809, 18.1547613 ], [ 78.357814, 18.171829 ], [ 78.3378409, 18.1800935 ], [ 78.337296, 18.1887477 ], [ 78.332466, 18.1961969 ], [ 78.3126879, 18.2023503 ], [ 78.3138091, 18.1790361 ], [ 78.2977033, 18.1619041 ], [ 78.2901474, 18.1586082 ], [ 78.2777896, 18.1431359 ], [ 78.2569539, 18.1395784 ], [ 78.2486595, 18.15541 ], [ 78.2379179, 18.1619724 ], [ 78.2275126, 18.1753265 ], [ 78.2163852, 18.1754838 ], [ 78.2217824, 18.1825966 ], [ 78.2173816, 18.2076155 ], [ 78.2152604, 18.2122887 ], [ 78.2065211, 18.2175149 ], [ 78.1949975, 18.2069328 ], [ 78.180607, 18.2045448 ], [ 78.1688451, 18.1673152 ], [ 78.1692857, 18.1529473 ], [ 78.1798096, 18.1350095 ], [ 78.1803976, 18.1240823 ], [ 78.1768928, 18.118286 ], [ 78.1796206, 18.0975196 ], [ 78.1540978, 18.085711 ], [ 78.1431443, 18.0683061 ], [ 78.1168967, 18.072662 ], [ 78.1149625, 18.0890571 ], [ 78.1063353, 18.0934627 ], [ 78.1011307, 18.0904529 ], [ 78.0988987, 18.0739888 ], [ 78.0938825, 18.0683817 ], [ 78.085352, 18.0722587 ], [ 78.0835461, 18.0673252 ], [ 78.0743136, 18.0721792 ], [ 78.0715693, 18.059867 ], [ 78.0675903, 18.0701547 ], [ 78.0595078, 18.0717803 ], [ 78.0554394, 18.0793185 ], [ 78.0523491, 18.073606 ], [ 78.0440352, 18.0797123 ], [ 78.0404524, 18.0752415 ], [ 78.0450835, 18.0681032 ], [ 78.0421476, 18.06557 ], [ 78.037425, 18.0694526 ], [ 78.0344368, 18.0643286 ], [ 78.0286327, 18.0737674 ], [ 78.0327415, 18.0765946 ], [ 78.0293748, 18.0838647 ], [ 78.0198733, 18.0817841 ], [ 78.0121675, 18.0901471 ], [ 78.0090533, 18.0886283 ], [ 78.01588, 18.0795364 ], [ 78.0142727, 18.0758431 ], [ 78.0043389, 18.0877011 ], [ 78.0007533, 18.0812814 ], [ 77.9951032, 18.1069612 ], [ 77.9756633, 18.1149591 ], [ 77.9396916, 18.1117251 ], [ 77.9298227, 18.0983542 ], [ 77.9110186, 18.0999401 ], [ 77.8956971, 18.0912657 ], [ 77.9018841, 18.0973028 ], [ 77.898776, 18.0992944 ], [ 77.9079993, 18.0998674 ], [ 77.9053962, 18.1008438 ], [ 77.9056353, 18.1059814 ], [ 77.9088288, 18.1014775 ], [ 77.914097, 18.1009086 ], [ 77.9179953, 18.1063659 ], [ 77.9268538, 18.1041494 ], [ 77.9293781, 18.1160084 ], [ 77.918618, 18.1132663 ], [ 77.9131437, 18.1158219 ], [ 77.9141779, 18.1198254 ], [ 77.9091319, 18.1199995 ], [ 77.9089781, 18.1241198 ], [ 77.9234879, 18.1278927 ], [ 77.9252019, 18.1312763 ], [ 77.919083, 18.1364275 ], [ 77.9248607, 18.1417718 ], [ 77.9304733, 18.1402392 ], [ 77.932297, 18.1421277 ], [ 77.9291459, 18.1448471 ], [ 77.9355542, 18.1489872 ], [ 77.9311793, 18.1491202 ], [ 77.9279346, 18.1557254 ], [ 77.9216132, 18.1532221 ], [ 77.9204652, 18.1502885 ], [ 77.9252287, 18.1493606 ], [ 77.918575, 18.145199 ], [ 77.9143912, 18.1484073 ], [ 77.9148439, 18.1413392 ], [ 77.9099579, 18.1472419 ], [ 77.9024523, 18.1446062 ], [ 77.9042019, 18.1524151 ], [ 77.8946625, 18.1565751 ], [ 77.8958915, 18.1615709 ], [ 77.903407, 18.168139 ], [ 77.900216, 18.1730856 ], [ 77.9036861, 18.1923593 ], [ 77.8822839, 18.1866886 ], [ 77.8686512, 18.1891565 ], [ 77.8624385, 18.1943546 ], [ 77.8650143, 18.2021873 ], [ 77.8538098, 18.2075361 ], [ 77.8487951, 18.2017386 ], [ 77.8399715, 18.2037761 ], [ 77.8293073, 18.2003213 ], [ 77.8269731, 18.1939556 ], [ 77.8109701, 18.1957169 ], [ 77.7965602, 18.2046924 ], [ 77.7864505, 18.1964335 ], [ 77.7798159, 18.1998341 ], [ 77.7766597, 18.1904562 ], [ 77.7695754, 18.1881332 ], [ 77.7584767, 18.2050353 ], [ 77.7420543, 18.205258 ], [ 77.7433884, 18.2243814 ], [ 77.7378002, 18.2240809 ], [ 77.736369, 18.2349238 ], [ 77.7280617, 18.2333591 ], [ 77.728852, 18.2533557 ], [ 77.7196383, 18.2602864 ], [ 77.7116407, 18.2580213 ], [ 77.7068294, 18.2609762 ], [ 77.6875849, 18.2602413 ], [ 77.6862607, 18.2665065 ], [ 77.6647114, 18.2836568 ], [ 77.64203, 18.2860723 ], [ 77.6256261, 18.2840105 ], [ 77.6187083, 18.2743653 ], [ 77.600589, 18.2754613 ], [ 77.6054172, 18.281349 ], [ 77.5818493, 18.2853842 ], [ 77.5725571, 18.2933023 ], [ 77.5613409, 18.2849492 ], [ 77.5514013, 18.2919129 ], [ 77.5525493, 18.2969767 ], [ 77.5713961, 18.3088291 ], [ 77.5704795, 18.3181125 ], [ 77.5580236, 18.3314164 ], [ 77.5302305, 18.3391674 ], [ 77.5223412, 18.3464671 ], [ 77.5202063, 18.3571752 ], [ 77.5254719, 18.3727051 ], [ 77.5386, 18.3858822 ], [ 77.551602, 18.3888977 ], [ 77.5567561, 18.4171433 ], [ 77.5564683, 18.4194283 ], [ 77.5281666, 18.428913 ], [ 77.5277271, 18.4427028 ], [ 77.5447061, 18.444133 ], [ 77.5641809, 18.4373026 ], [ 77.5690689, 18.4428662 ], [ 77.583555, 18.4451359 ], [ 77.5860967, 18.4494025 ], [ 77.5830005, 18.4499409 ], [ 77.5836043, 18.4562058 ], [ 77.5640378, 18.4610217 ], [ 77.5507619, 18.4604095 ], [ 77.5485634, 18.4685813 ], [ 77.572861, 18.4698149 ], [ 77.5763693, 18.4867846 ], [ 77.5922504, 18.4847153 ], [ 77.594283, 18.4769101 ], [ 77.6031261, 18.4768475 ], [ 77.6062256, 18.4891969 ], [ 77.6047069, 18.4963668 ], [ 77.5943972, 18.4961963 ], [ 77.5859069, 18.5039961 ], [ 77.5877528, 18.5128566 ], [ 77.5970677, 18.5158834 ], [ 77.6002815, 18.5222965 ], [ 77.6004366, 18.5272958 ], [ 77.596567, 18.5302 ], [ 77.5906911, 18.5266657 ], [ 77.5953035, 18.5355417 ], [ 77.5963694, 18.5489414 ], [ 77.6100684, 18.5498821 ], [ 77.6124963, 18.5444793 ], [ 77.6151852, 18.5508457 ], [ 77.6292523, 18.5536753 ], [ 77.627629, 18.5481249 ], [ 77.6340001, 18.5439178 ], [ 77.6396194, 18.554941 ], [ 77.6479131, 18.5549314 ], [ 77.6520745, 18.551794 ], [ 77.6458969, 18.5388368 ], [ 77.6558604, 18.530899 ], [ 77.6616637, 18.531857 ], [ 77.6806853, 18.5452532 ], [ 77.6883277, 18.5449523 ], [ 77.7015614, 18.5551711 ], [ 77.7232514, 18.553329 ], [ 77.7384996, 18.5567887 ] ] ] } },
{ "type": "Feature", "properties": { "district": "Parvathipuram Manyam", "state": "Andhra Pradesh" }, "geometry": { "type": "Polygon", "coordinates": [ [ [ 83.6373691, 19.153009 ], [ 83.6344095, 19.1518323 ], [ 83.6317029, 19.140841 ], [ 83.6370078, 19.1314776 ], [ 83.6549629, 19.1296208 ], [ 83.6543845, 19.1227444 ], [ 83.6496361, 19.1232593 ], [ 83.6470364, 19.118398 ], [ 83.6504545, 19.1173871 ], [ 83.6510529, 19.1093464 ], [ 83.6555708, 19.1088026 ], [ 83.6575843, 19.1025475 ], [ 83.6628225, 19.0989501 ], [ 83.6638921, 19.0921937 ], [ 83.6603818, 19.0844247 ], [ 83.6639287, 19.076084 ], [ 83.673557, 19.0730008 ], [ 83.6765897, 19.0652047 ], [ 83.6852525, 19.0585321 ], [ 83.7006159, 19.0250018 ], [ 83.7300169, 19.0219554 ], [ 83.7238924, 19.0102488 ], [ 83.7103051, 19.0071752 ], [ 83.7094769, 19.0026365 ], [ 83.7141996, 18.9929867 ], [ 83.7330127, 18.9877118 ], [ 83.7343996, 18.9691762 ], [ 83.740541, 18.9500692 ], [ 83.7468119, 18.943579 ], [ 83.7538587, 18.925131 ], [ 83.7631688, 18.9272815 ], [ 83.769388, 18.914304 ], [ 83.7782434, 18.9113634 ], [ 83.7878908, 18.9158688 ], [ 83.784456, 18.9335953 ], [ 83.7788469, 18.9366635 ], [ 83.7762182, 18.9452491 ], [ 83.7725829, 18.9443239 ], [ 83.7696473, 18.954756 ], [ 83.7589552, 18.9506131 ], [ 83.7553051, 18.9713177 ], [ 83.7480702, 18.9740438 ], [ 83.7448535, 18.9879788 ], [ 83.7515502, 18.9986786 ], [ 83.7606517, 19.0025971 ], [ 83.7628051, 18.9984927 ], [ 83.7648606, 19.0054011 ], [ 83.781983, 19.0083946 ], [ 83.7779058, 19.0175348 ], [ 83.794688, 19.017977 ], [ 83.7951243, 19.0036837 ], [ 83.8089263, 18.9922829 ], [ 83.8217617, 18.9602291 ], [ 83.8190061, 18.9451974 ], [ 83.8197306, 18.9392569 ], [ 83.8289391, 18.9306046 ], [ 83.8265774, 18.9162837 ], [ 83.8307085, 18.9147521 ], [ 83.8403172, 18.9185087 ], [ 83.8457877, 18.9135828 ], [ 83.8488992, 18.8998968 ], [ 83.8436133, 18.8755427 ], [ 83.8484652, 18.8641679 ], [ 83.8533276, 18.8580688 ], [ 83.872538, 18.8475692 ], [ 83.8908513, 18.8259579 ], [ 83.8929036, 18.8156447 ], [ 83.8855533, 18.8111412 ], [ 83.8781461, 18.8168519 ], [ 83.8765688, 18.8064189 ], [ 83.8878321, 18.7964786 ], [ 83.8758531, 18.7956254 ], [ 83.8623, 18.7887926 ], [ 83.8498483, 18.7890781 ], [ 83.8373915, 18.7788772 ], [ 83.8325278, 18.7789281 ], [ 83.8326444, 18.7741335 ], [ 83.8419232, 18.7689387 ], [ 83.8497206, 18.766108 ], [ 83.853143, 18.7693549 ], [ 83.8603006, 18.7643762 ], [ 83.8669414, 18.7662106 ], [ 83.8702908, 18.7622781 ], [ 83.8679488, 18.7611858 ], [ 83.8700143, 18.7510723 ], [ 83.8745235, 18.7484119 ], [ 83.8810285, 18.7502432 ], [ 83.8906424, 18.7276741 ], [ 83.8832989, 18.7313183 ], [ 83.8826393, 18.7405858 ], [ 83.8777007, 18.7388293 ], [ 83.8672984, 18.7430496 ], [ 83.8592866, 18.7297118 ], [ 83.8376863, 18.7229916 ], [ 83.8379297, 18.7020335 ], [ 83.8430385, 18.6949918 ], [ 83.8402897, 18.6820407 ], [ 83.8498365, 18.6676328 ], [ 83.8813277, 18.6359681 ], [ 83.8916632, 18.6344019 ], [ 83.8889302, 18.6288855 ], [ 83.8935721, 18.6270907 ], [ 83.8968076, 18.6207455 ], [ 83.8902502, 18.6170177 ], [ 83.8932219, 18.6102248 ], [ 83.9044539, 18.6004026 ], [ 83.9100311, 18.58691 ], [ 83.908026, 18.5857303 ], [ 83.9244324, 18.5786061 ], [ 83.9205308, 18.5668615 ], [ 83.9139227, 18.5696462 ], [ 83.9138728, 18.5654402 ], [ 83.9067042, 18.5676056 ], [ 83.903249, 18.5640004 ], [ 83.9094717, 18.5546205 ], [ 83.9151399, 18.5533782 ], [ 83.9171693, 18.542108 ], [ 83.9074806, 18.5388008 ], [ 83.908197, 18.5350661 ], [ 83.9052567, 18.5335177 ], [ 83.8940636, 18.5417337 ], [ 83.8857304, 18.5430809 ], [ 83.8808972, 18.5553302 ], [ 83.8751604, 18.5485025 ], [ 83.8682628, 18.5507121 ], [ 83.8700292, 18.5460077 ], [ 83.8609246, 18.543846 ], [ 83.8619685, 18.5403683 ], [ 83.8688054, 18.540975 ], [ 83.8688697, 18.538665 ], [ 83.8590075, 18.5338414 ], [ 83.8527203, 18.5342367 ], [ 83.8420733, 18.5454237 ], [ 83.8379344, 18.5424696 ], [ 83.8243775, 18.558956 ], [ 83.8284385, 18.5676138 ], [ 83.8316511, 18.5662401 ], [ 83.8290313, 18.5729274 ], [ 83.8203565, 18.5707258 ], [ 83.8083746, 18.5771824 ], [ 83.810061, 18.5863786 ], [ 83.7866228, 18.5904664 ], [ 83.7857944, 18.5941752 ], [ 83.7920845, 18.5979465 ], [ 83.7935305, 18.6072548 ], [ 83.7887565, 18.6046034 ], [ 83.7876338, 18.5998492 ], [ 83.7782151, 18.5991121 ], [ 83.7710885, 18.5776501 ], [ 83.7726524, 18.5657924 ], [ 83.7592542, 18.5692315 ], [ 83.7571117, 18.5779711 ], [ 83.7496014, 18.5844966 ], [ 83.7307083, 18.5655107 ], [ 83.7220394, 18.5710451 ], [ 83.7011034, 18.5713991 ], [ 83.6852403, 18.5829854 ], [ 83.6625927, 18.5827601 ], [ 83.646745, 18.5913881 ], [ 83.6450321, 18.5980055 ], [ 83.6357934, 18.604882 ], [ 83.6350765, 18.6154155 ], [ 83.6293947, 18.6239972 ], [ 83.6219178, 18.628543 ], [ 83.6199983, 18.6398031 ], [ 83.6142503, 18.6458098 ], [ 83.6040713, 18.6489075 ], [ 83.6041635, 18.6585749 ], [ 83.5905618, 18.661107 ], [ 83.5835658, 18.6707272 ], [ 83.5730943, 18.6755354 ], [ 83.5717115, 18.6951903 ], [ 83.5640289, 18.7013856 ], [ 83.5531005, 18.7037912 ], [ 83.546699, 18.7104014 ], [ 83.5383356, 18.7104205 ], [ 83.5417241, 18.6853817 ], [ 83.5538958, 18.6822157 ], [ 83.5613869, 18.6670382 ], [ 83.5499626, 18.6486575 ], [ 83.5500258, 18.6420917 ], [ 83.5560488, 18.6380934 ], [ 83.5533033, 18.6295254 ], [ 83.5480274, 18.6252177 ], [ 83.5520506, 18.6142807 ], [ 83.5491832, 18.5957604 ], [ 83.5706771, 18.5924493 ], [ 83.5506043, 18.5802784 ], [ 83.5442791, 18.5833233 ], [ 83.5381731, 18.5633301 ], [ 83.533054, 18.5662266 ], [ 83.5266033, 18.5523105 ], [ 83.5311499, 18.5488666 ], [ 83.5342777, 18.5523016 ], [ 83.538372, 18.5511501 ], [ 83.5378644, 18.5434985 ], [ 83.542827, 18.5391154 ], [ 83.5369178, 18.5274125 ], [ 83.5295953, 18.5292872 ], [ 83.5155037, 18.5201279 ], [ 83.5145377, 18.5357846 ], [ 83.497601, 18.5452351 ], [ 83.4885468, 18.5612391 ], [ 83.4726844, 18.5693325 ], [ 83.4755023, 18.5794578 ], [ 83.4858964, 18.5843333 ], [ 83.4909082, 18.6092947 ], [ 83.4735357, 18.6176825 ], [ 83.4651504, 18.6181779 ], [ 83.465861, 18.6262647 ], [ 83.4575491, 18.6378826 ], [ 83.4586724, 18.6425704 ], [ 83.4511139, 18.6495374 ], [ 83.4488752, 18.6494372 ], [ 83.4520917, 18.6352242 ], [ 83.4441317, 18.6363139 ], [ 83.4435477, 18.618656 ], [ 83.430978, 18.6087479 ], [ 83.4280565, 18.6072674 ], [ 83.4267506, 18.6121988 ], [ 83.4136981, 18.6174819 ], [ 83.4148512, 18.6242435 ], [ 83.4016732, 18.6202066 ], [ 83.3898161, 18.6125275 ], [ 83.3885887, 18.6077186 ], [ 83.3730378, 18.6152332 ], [ 83.3698432, 18.6048841 ], [ 83.3749967, 18.6050591 ], [ 83.3778872, 18.5973454 ], [ 83.3649402, 18.5969162 ], [ 83.3591512, 18.5928095 ], [ 83.3529717, 18.6063696 ], [ 83.3427036, 18.609673 ], [ 83.3461266, 18.6250482 ], [ 83.3417712, 18.6266691 ], [ 83.3424243, 18.6324573 ], [ 83.3384492, 18.6331966 ], [ 83.3393071, 18.6446042 ], [ 83.3158887, 18.6416488 ], [ 83.3086906, 18.635481 ], [ 83.3085821, 18.6312355 ], [ 83.2890877, 18.6195031 ], [ 83.2862304, 18.627822 ], [ 83.2778249, 18.6259519 ], [ 83.2567169, 18.5967838 ], [ 83.2486995, 18.5887041 ], [ 83.2433904, 18.5889209 ], [ 83.248155, 18.5853721 ], [ 83.2555565, 18.5860815 ], [ 83.2575987, 18.5723332 ], [ 83.2663062, 18.5726232 ], [ 83.2602908, 18.5536469 ], [ 83.2663499, 18.5416132 ], [ 83.2593901, 18.5402028 ], [ 83.2571802, 18.5288135 ], [ 83.2289019, 18.5218584 ], [ 83.2250447, 18.5184273 ], [ 83.2128655, 18.4880827 ], [ 83.2180344, 18.4755409 ], [ 83.2175787, 18.4674727 ], [ 83.2100434, 18.4675701 ], [ 83.2058995, 18.4783948 ], [ 83.195446, 18.4727594 ], [ 83.1901137, 18.4539815 ], [ 83.1977214, 18.4438219 ], [ 83.2058069, 18.4398486 ], [ 83.2052473, 18.4240608 ], [ 83.2097213, 18.4216502 ], [ 83.2042919, 18.4150675 ], [ 83.2029292, 18.4066382 ], [ 83.1783523, 18.386671 ], [ 83.1968832, 18.3872616 ], [ 83.197793, 18.3847491 ], [ 83.1824303, 18.3752843 ], [ 83.1822808, 18.3721865 ], [ 83.1730207, 18.3730256 ], [ 83.1617684, 18.3617372 ], [ 83.1570804, 18.3463686 ], [ 83.1511178, 18.3411208 ], [ 83.1323915, 18.350001 ], [ 83.1118896, 18.34867 ], [ 83.1045319, 18.3575838 ], [ 83.0938619, 18.3531132 ], [ 83.0915396, 18.3425478 ], [ 83.0791502, 18.3467123 ], [ 83.0740201, 18.3631139 ], [ 83.0750133, 18.3709396 ], [ 83.0955165, 18.3939939 ], [ 83.1035817, 18.4131519 ], [ 83.0865911, 18.4121871 ], [ 83.0851824, 18.4073769 ], [ 83.077885, 18.4032106 ], [ 83.0642538, 18.4094062 ], [ 83.0574357, 18.419372 ], [ 83.0655043, 18.4229926 ], [ 83.0673116, 18.4300914 ], [ 83.0585645, 18.4366816 ], [ 83.0507967, 18.4341324 ], [ 83.0425304, 18.4242258 ], [ 83.037759, 18.4345439 ], [ 83.0409372, 18.4407925 ], [ 83.0330966, 18.4477954 ], [ 83.0246143, 18.4484565 ], [ 83.0209477, 18.456242 ], [ 83.0551102, 18.4856085 ], [ 83.0552064, 18.4956572 ], [ 83.0750664, 18.5145686 ], [ 83.0770101, 18.5261461 ], [ 83.0935262, 18.5398391 ], [ 83.0950392, 18.5466424 ], [ 83.0895145, 18.5529862 ], [ 83.0838062, 18.5516583 ], [ 83.0809415, 18.5540249 ], [ 83.0621557, 18.5422394 ], [ 83.0453542, 18.5441837 ], [ 83.0299963, 18.573338 ], [ 83.0400751, 18.5864814 ], [ 83.0530968, 18.5881286 ], [ 83.0527925, 18.6006838 ], [ 83.0237902, 18.5896472 ], [ 83.0135621, 18.5943639 ], [ 83.0152135, 18.6054382 ], [ 83.0004701, 18.6079849 ], [ 82.9995744, 18.6195316 ], [ 83.0057537, 18.6216881 ], [ 83.0196328, 18.6351216 ], [ 83.0131284, 18.6460542 ], [ 83.0249975, 18.6544135 ], [ 83.0442273, 18.6584419 ], [ 83.0580236, 18.6653147 ], [ 83.0627849, 18.6836317 ], [ 83.0750137, 18.7012563 ], [ 83.0713687, 18.7016353 ], [ 83.0727908, 18.70554 ], [ 83.0917358, 18.7225015 ], [ 83.0954578, 18.7314163 ], [ 83.1016938, 18.7327465 ], [ 83.11242, 18.7528099 ], [ 83.1222073, 18.7575001 ], [ 83.1211404, 18.7658362 ], [ 83.115147, 18.7680946 ], [ 83.1390297, 18.7853646 ], [ 83.1518143, 18.7760719 ], [ 83.1564798, 18.7682319 ], [ 83.1641532, 18.7668967 ], [ 83.1779074, 18.7708603 ], [ 83.1931871, 18.7531222 ], [ 83.2065479, 18.7514384 ], [ 83.2126913, 18.7375776 ], [ 83.2124521, 18.7304855 ], [ 83.2174125, 18.7444543 ], [ 83.2277178, 18.7552386 ], [ 83.2281304, 18.7610189 ], [ 83.2223486, 18.7727667 ], [ 83.2246075, 18.7750882 ], [ 83.2345983, 18.7740612 ], [ 83.2432458, 18.7682763 ], [ 83.2625525, 18.7697551 ], [ 83.2713546, 18.7646354 ], [ 83.2813737, 18.7746024 ], [ 83.275274, 18.782905 ], [ 83.2843379, 18.7978782 ], [ 83.2978662, 18.8016996 ], [ 83.309306, 18.809502 ], [ 83.3194035, 18.804766 ], [ 83.3306163, 18.8063467 ], [ 83.3282457, 18.8180818 ], [ 83.3477672, 18.8271127 ], [ 83.3681509, 18.84406 ], [ 83.3783257, 18.8306629 ], [ 83.4058826, 18.8425152 ], [ 83.4048736, 18.8619052 ], [ 83.4147514, 18.8749632 ], [ 83.3974163, 18.8785292 ], [ 83.391834, 18.8822859 ], [ 83.3912728, 18.8871973 ], [ 83.3819154, 18.8917564 ], [ 83.378331, 18.896955 ], [ 83.3846487, 18.9038553 ], [ 83.3931775, 18.9073807 ], [ 83.3906091, 18.9096085 ], [ 83.3818113, 18.9138896 ], [ 83.3697171, 18.9078759 ], [ 83.3598253, 18.9147124 ], [ 83.3617033, 18.915989 ], [ 83.3534333, 18.9306035 ], [ 83.352484, 18.9434631 ], [ 83.370147, 18.9417163 ], [ 83.3706043, 18.9260362 ], [ 83.3820154, 18.9272898 ], [ 83.3873778, 18.9329785 ], [ 83.3712754, 18.9426502 ], [ 83.3658436, 18.9569354 ], [ 83.3671254, 18.9630064 ], [ 83.354736, 18.9672963 ], [ 83.3509174, 18.9667939 ], [ 83.3482836, 18.9603831 ], [ 83.3501701, 18.9432668 ], [ 83.3438472, 18.9411249 ], [ 83.3484377, 18.9262864 ], [ 83.3352219, 18.924927 ], [ 83.3339183, 18.9287818 ], [ 83.326498, 18.931982 ], [ 83.3271097, 18.9446189 ], [ 83.3378352, 18.9462948 ], [ 83.3390171, 18.9527782 ], [ 83.3325166, 18.9576741 ], [ 83.3348224, 18.9685238 ], [ 83.3283037, 18.9670344 ], [ 83.318742, 18.9734089 ], [ 83.3106462, 18.9986729 ], [ 83.3272145, 19.002403 ], [ 83.3387848, 18.9970051 ], [ 83.3369494, 19.0059697 ], [ 83.3429215, 19.0181366 ], [ 83.3580517, 19.0193797 ], [ 83.3674781, 19.016482 ], [ 83.3666189, 19.0060977 ], [ 83.3726129, 19.0022592 ], [ 83.384635, 19.0013775 ], [ 83.3946937, 19.0059619 ], [ 83.3959794, 19.0095442 ], [ 83.4004733, 19.0093956 ], [ 83.411275, 19.0002553 ], [ 83.4140969, 19.0036775 ], [ 83.4196068, 19.0002638 ], [ 83.4153213, 18.9891797 ], [ 83.4263592, 18.9850074 ], [ 83.4350979, 18.9758568 ], [ 83.4388838, 18.976385 ], [ 83.4458051, 18.9657982 ], [ 83.4435381, 18.9609525 ], [ 83.4458599, 18.9577609 ], [ 83.4618291, 18.9547814 ], [ 83.4698121, 18.9693235 ], [ 83.4685556, 18.9803672 ], [ 83.4641849, 18.9801049 ], [ 83.4678354, 18.9910831 ], [ 83.4659968, 18.9935505 ], [ 83.4552733, 18.9912638 ], [ 83.4499722, 19.0095092 ], [ 83.4522488, 19.0125903 ], [ 83.4615217, 19.0123405 ], [ 83.4715914, 19.0072255 ], [ 83.4796802, 19.0084672 ], [ 83.4825082, 19.0150942 ], [ 83.4793984, 19.0221169 ], [ 83.4833475, 19.0335467 ], [ 83.4707234, 19.0429096 ], [ 83.4691977, 19.0610958 ], [ 83.4622943, 19.0637665 ], [ 83.4652033, 19.0710111 ], [ 83.4630968, 19.0759657 ], [ 83.4662705, 19.0799014 ], [ 83.4729866, 19.0770479 ], [ 83.478372, 19.0792739 ], [ 83.4764986, 19.0854353 ], [ 83.4672599, 19.0876909 ], [ 83.4679767, 19.093118 ], [ 83.4736563, 19.0952724 ], [ 83.4833958, 19.0922559 ], [ 83.4863131, 19.0875399 ], [ 83.4818315, 19.0851337 ], [ 83.4808399, 19.0785048 ], [ 83.5006072, 19.0606496 ], [ 83.5017846, 19.0658945 ], [ 83.5117148, 19.0703154 ], [ 83.5130417, 19.060684 ], [ 83.5167957, 19.0570796 ], [ 83.5131317, 19.0483785 ], [ 83.5193017, 19.039065 ], [ 83.514821, 19.0284563 ], [ 83.5084705, 19.0355371 ], [ 83.4964664, 19.0354694 ], [ 83.4954581, 19.0318526 ], [ 83.5009358, 19.0206616 ], [ 83.522493, 19.0120737 ], [ 83.5247375, 19.0145175 ], [ 83.5345666, 19.0130915 ], [ 83.5367052, 19.0094951 ], [ 83.5417349, 19.0414846 ], [ 83.5468827, 19.0437165 ], [ 83.5516778, 19.0545502 ], [ 83.5575674, 19.0562024 ], [ 83.5490455, 19.0805177 ], [ 83.5544426, 19.086534 ], [ 83.5601738, 19.0870685 ], [ 83.5669997, 19.0717391 ], [ 83.5603493, 19.064499 ], [ 83.5634192, 19.0578505 ], [ 83.5749651, 19.0613966 ], [ 83.5844551, 19.0575659 ], [ 83.5870218, 19.0693596 ], [ 83.5855886, 19.0865554 ], [ 83.5929503, 19.0926738 ], [ 83.6106142, 19.0960633 ], [ 83.5978086, 19.1188065 ], [ 83.6016522, 19.1355258 ], [ 83.6079694, 19.1396894 ], [ 83.6159611, 19.1370519 ], [ 83.6208038, 19.1416786 ], [ 83.6222929, 19.1478203 ], [ 83.6274734, 19.1506495 ], [ 83.6260341, 19.1626664 ], [ 83.6339225, 19.1594562 ], [ 83.6373691, 19.153009 ] ] ] } },
{ "type": "Feature", "properties": { "district": "Vizianagaram", "state": "Andhra Pradesh" }, "geometry": { "type": "Polygon", "coordinates": [ [ [ 83.546699, 18.7104014 ], [ 83.5531005, 18.7037912 ], [ 83.5640289, 18.7013856 ], [ 83.5724641, 18.6942126 ], [ 83.5740756, 18.6743376 ], [ 83.5835658, 18.6707272 ], [ 83.5905618, 18.661107 ], [ 83.6041635, 18.6585749 ], [ 83.6040713, 18.6489075 ], [ 83.6142503, 18.6458098 ], [ 83.6199983, 18.6398031 ], [ 83.6219178, 18.628543 ], [ 83.6293947, 18.6239972 ], [ 83.6350765, 18.6154155 ], [ 83.6357934, 18.604882 ], [ 83.6450321, 18.5980055 ], [ 83.6500325, 18.5889768 ], [ 83.6675555, 18.581128 ], [ 83.6852403, 18.5829854 ], [ 83.7011034, 18.5713991 ], [ 83.7220394, 18.5710451 ], [ 83.7307083, 18.5655107 ], [ 83.7496014, 18.5844966 ], [ 83.7571117, 18.5779711 ], [ 83.7592542, 18.5692315 ], [ 83.7769608, 18.5627942 ], [ 83.783496, 18.5420626 ], [ 83.788139, 18.5420863 ], [ 83.7973503, 18.5492154 ], [ 83.802018, 18.5473361 ], [ 83.8026742, 18.5399201 ], [ 83.7917392, 18.5252219 ], [ 83.7877493, 18.5116367 ], [ 83.7926517, 18.5001292 ], [ 83.8117272, 18.4826777 ], [ 83.8198955, 18.4695282 ], [ 83.8105462, 18.4376067 ], [ 83.8161275, 18.4308549 ], [ 83.8349693, 18.4207564 ], [ 83.8360023, 18.4169308 ], [ 83.8326441, 18.4173898 ], [ 83.8325309, 18.4118647 ], [ 83.8250289, 18.4058443 ], [ 83.8239122, 18.4003122 ], [ 83.8325207, 18.3873985 ], [ 83.8162842, 18.3887756 ], [ 83.8172672, 18.3931394 ], [ 83.8069461, 18.3975106 ], [ 83.8019282, 18.3958255 ], [ 83.8037787, 18.3927285 ], [ 83.7981691, 18.3924308 ], [ 83.7968518, 18.3819712 ], [ 83.8037888, 18.3782084 ], [ 83.8005067, 18.3713717 ], [ 83.7937594, 18.3712134 ], [ 83.7900738, 18.3758028 ], [ 83.7759468, 18.3790108 ], [ 83.7690298, 18.3760886 ], [ 83.769664, 18.3797575 ], [ 83.7618763, 18.3867678 ], [ 83.7630556, 18.3919062 ], [ 83.7595204, 18.3916707 ], [ 83.7480741, 18.404177 ], [ 83.7389536, 18.407998 ], [ 83.7318374, 18.4225256 ], [ 83.7314442, 18.4313887 ], [ 83.7249663, 18.4264566 ], [ 83.7157513, 18.4263465 ], [ 83.723877, 18.4310191 ], [ 83.7251189, 18.4365497 ], [ 83.7166779, 18.4486877 ], [ 83.7007958, 18.4414105 ], [ 83.7000713, 18.4116323 ], [ 83.7062118, 18.4050287 ], [ 83.7086697, 18.3915387 ], [ 83.7047048, 18.3867445 ], [ 83.6893559, 18.3903356 ], [ 83.6647479, 18.3860592 ], [ 83.6555693, 18.3883817 ], [ 83.6363402, 18.3788439 ], [ 83.6144432, 18.3826474 ], [ 83.6061601, 18.3909969 ], [ 83.6032274, 18.3750372 ], [ 83.5957402, 18.3720906 ], [ 83.6012389, 18.3699323 ], [ 83.6003388, 18.3671932 ], [ 83.5961328, 18.3684922 ], [ 83.5896822, 18.3646311 ], [ 83.5883387, 18.3613786 ], [ 83.5913133, 18.3588321 ], [ 83.5857289, 18.3543572 ], [ 83.5949882, 18.3479195 ], [ 83.59553, 18.3441833 ], [ 83.611465, 18.3362202 ], [ 83.6061001, 18.3282673 ], [ 83.6148153, 18.3332386 ], [ 83.6244081, 18.3335779 ], [ 83.6278933, 18.3218945 ], [ 83.6570989, 18.3225011 ], [ 83.6596049, 18.3165303 ], [ 83.6682511, 18.3163168 ], [ 83.6720188, 18.3111451 ], [ 83.6800651, 18.3133353 ], [ 83.6859286, 18.3058454 ], [ 83.6911675, 18.3041721 ], [ 83.6956436, 18.3067855 ], [ 83.7000078, 18.2979301 ], [ 83.710006, 18.2956791 ], [ 83.7033188, 18.2894971 ], [ 83.6742516, 18.2828478 ], [ 83.6727216, 18.27253 ], [ 83.6679892, 18.2686274 ], [ 83.6653358, 18.2452782 ], [ 83.6673641, 18.232964 ], [ 83.6559596, 18.2185295 ], [ 83.6565752, 18.2121341 ], [ 83.6526981, 18.2072016 ], [ 83.6433059, 18.2105486 ], [ 83.6359535, 18.2196685 ], [ 83.629278, 18.2183425 ], [ 83.6253411, 18.2122981 ], [ 83.6086955, 18.213264 ], [ 83.6072313, 18.2074323 ], [ 83.6034527, 18.2062307 ], [ 83.6087904, 18.2028719 ], [ 83.6040318, 18.2018969 ], [ 83.6030768, 18.1932692 ], [ 83.6099718, 18.1927081 ], [ 83.6139892, 18.1839628 ], [ 83.611688, 18.1656371 ], [ 83.6027149, 18.1644926 ], [ 83.6074282, 18.1433213 ], [ 83.6115408, 18.1427011 ], [ 83.6240208, 18.1293393 ], [ 83.6209076, 18.1179041 ], [ 83.6235614, 18.1126991 ], [ 83.6358122, 18.1052474 ], [ 83.6404333, 18.1078058 ], [ 83.644786, 18.1062954 ], [ 83.6525949, 18.0937053 ], [ 83.6631502, 18.0870588 ], [ 83.6657828, 18.0815099 ], [ 83.6341709, 18.0553023 ], [ 83.5693742, 18.0117994 ], [ 83.5588469, 17.9965858 ], [ 83.5609973, 17.9884864 ], [ 83.5583, 17.9824316 ], [ 83.5316064, 17.950993 ], [ 83.5248921, 17.9475208 ], [ 83.5187144, 17.9536292 ], [ 83.5107315, 17.9550979 ], [ 83.4826406, 17.9487815 ], [ 83.4757096, 17.953383 ], [ 83.4731924, 17.9646596 ], [ 83.4658184, 17.9657705 ], [ 83.4515244, 17.9601778 ], [ 83.450876, 17.9449741 ], [ 83.4372519, 17.9471613 ], [ 83.4462898, 17.9380622 ], [ 83.4450181, 17.9279219 ], [ 83.4505734, 17.9250826 ], [ 83.4431506, 17.9225846 ], [ 83.4384186, 17.9295383 ], [ 83.4401316, 17.9310336 ], [ 83.421976, 17.9411398 ], [ 83.415194, 17.9557433 ], [ 83.4064453, 17.9633944 ], [ 83.4070913, 17.9687914 ], [ 83.4139549, 17.9711932 ], [ 83.4146092, 17.9870329 ], [ 83.4204756, 17.9873224 ], [ 83.424304, 17.9949063 ], [ 83.4210096, 18.0137715 ], [ 83.3927831, 18.0171728 ], [ 83.4039779, 18.0440751 ], [ 83.4036968, 18.0577182 ], [ 83.3953077, 18.0509071 ], [ 83.3765881, 18.0513295 ], [ 83.3642261, 18.0568066 ], [ 83.3658417, 18.0645114 ], [ 83.357851, 18.0646515 ], [ 83.3519241, 18.0563489 ], [ 83.353257, 18.0486269 ], [ 83.3448835, 18.0508945 ], [ 83.3410021, 18.0455626 ], [ 83.3340399, 18.0457588 ], [ 83.3206174, 18.0350786 ], [ 83.3178005, 18.0258356 ], [ 83.305054, 18.0310099 ], [ 83.3118279, 18.0230153 ], [ 83.3094816, 18.0198549 ], [ 83.3143763, 18.0159168 ], [ 83.3151815, 18.0053614 ], [ 83.3079052, 18.003658 ], [ 83.3048146, 18.0075454 ], [ 83.288885, 18.008278 ], [ 83.2873545, 18.0035905 ], [ 83.2931877, 17.9966001 ], [ 83.2828425, 18.0009615 ], [ 83.2802485, 18.0080145 ], [ 83.2731535, 18.0074014 ], [ 83.2609075, 17.9808636 ], [ 83.2502648, 17.9734158 ], [ 83.2521891, 17.9668231 ], [ 83.2427697, 17.9508745 ], [ 83.224187, 17.9462347 ], [ 83.2336443, 17.9362552 ], [ 83.2327009, 17.9275769 ], [ 83.2361669, 17.9245082 ], [ 83.2467433, 17.9284321 ], [ 83.2608892, 17.9155245 ], [ 83.2390726, 17.9040063 ], [ 83.2286014, 17.8736305 ], [ 83.2172481, 17.8757417 ], [ 83.2172328, 17.8813651 ], [ 83.2111285, 17.8820619 ], [ 83.2056488, 17.8630233 ], [ 83.2140261, 17.8616102 ], [ 83.2088547, 17.8583802 ], [ 83.2053748, 17.8473937 ], [ 83.1860442, 17.8528816 ], [ 83.1852762, 17.845753 ], [ 83.1642989, 17.8489043 ], [ 83.1612614, 17.840398 ], [ 83.1572286, 17.8437528 ], [ 83.1456349, 17.8451173 ], [ 83.1485429, 17.8577761 ], [ 83.1454115, 17.8702417 ], [ 83.135982, 17.8771028 ], [ 83.1295219, 17.8737206 ], [ 83.1272568, 17.8770431 ], [ 83.1244958, 17.8862715 ], [ 83.1251424, 17.9076149 ], [ 83.1194179, 17.9111704 ], [ 83.120115, 17.9170411 ], [ 83.1077153, 17.9233684 ], [ 83.1072961, 17.9332417 ], [ 83.1104988, 17.9393144 ], [ 83.0873624, 17.9395698 ], [ 83.0772335, 17.9457677 ], [ 83.0696195, 17.9442591 ], [ 83.0666694, 17.9513905 ], [ 83.0569424, 17.9561099 ], [ 83.0522561, 17.9641363 ], [ 83.0411186, 17.9666466 ], [ 83.0335459, 17.9730188 ], [ 83.0214519, 17.9706666 ], [ 83.0065012, 17.9773009 ], [ 83.0055981, 17.9885861 ], [ 83.0117039, 17.9976451 ], [ 83.0072647, 18.0136986 ], [ 83.0093101, 18.0214222 ], [ 83.0064201, 18.0233862 ], [ 83.0154789, 18.0345397 ], [ 83.0117672, 18.037648 ], [ 83.0077797, 18.0354753 ], [ 83.0149135, 18.0453314 ], [ 83.0142806, 18.050867 ], [ 83.0241162, 18.0598366 ], [ 83.0509153, 18.0635009 ], [ 83.0466418, 18.072218 ], [ 83.0675023, 18.073049 ], [ 83.0742797, 18.085682 ], [ 83.0995878, 18.0903343 ], [ 83.1075426, 18.0960681 ], [ 83.1273788, 18.0985463 ], [ 83.1286854, 18.1089034 ], [ 83.10465, 18.1099023 ], [ 83.1223627, 18.1153584 ], [ 83.1207167, 18.122339 ], [ 83.102115, 18.1345261 ], [ 83.1036728, 18.1416851 ], [ 83.1114675, 18.1387788 ], [ 83.112544, 18.1464675 ], [ 83.1183826, 18.1542381 ], [ 83.107473, 18.1584907 ], [ 83.1181799, 18.1698204 ], [ 83.1043396, 18.1888739 ], [ 83.1174446, 18.1869243 ], [ 83.1326998, 18.1759366 ], [ 83.1366005, 18.1848667 ], [ 83.1473955, 18.1855335 ], [ 83.1528781, 18.1905729 ], [ 83.1457458, 18.1918724 ], [ 83.143715, 18.1997528 ], [ 83.1483396, 18.1965906 ], [ 83.1578783, 18.2001108 ], [ 83.1561547, 18.2090815 ], [ 83.167929, 18.2110954 ], [ 83.1688191, 18.221913 ], [ 83.171519, 18.2215223 ], [ 83.1742151, 18.2288192 ], [ 83.177647, 18.2237195 ], [ 83.1840057, 18.2231844 ], [ 83.1807998, 18.2161456 ], [ 83.1893832, 18.1980813 ], [ 83.1956464, 18.199454 ], [ 83.2088126, 18.1890725 ], [ 83.2214233, 18.1890166 ], [ 83.2253702, 18.1939969 ], [ 83.2253495, 18.1968544 ], [ 83.2151027, 18.2013098 ], [ 83.2215953, 18.2159203 ], [ 83.2189552, 18.2246765 ], [ 83.2267053, 18.2184676 ], [ 83.2284559, 18.205307 ], [ 83.2414516, 18.2026463 ], [ 83.2405754, 18.2224665 ], [ 83.2325898, 18.2236397 ], [ 83.2323668, 18.237472 ], [ 83.2376812, 18.2309233 ], [ 83.2529824, 18.2275509 ], [ 83.2599778, 18.2182049 ], [ 83.2668734, 18.2165522 ], [ 83.2579692, 18.2509146 ], [ 83.2613545, 18.2725821 ], [ 83.2588009, 18.2766688 ], [ 83.2493623, 18.2776217 ], [ 83.2294651, 18.288536 ], [ 83.2252224, 18.2817452 ], [ 83.2104287, 18.2863151 ], [ 83.2101807, 18.3084364 ], [ 83.2187009, 18.321463 ], [ 83.2209034, 18.3313586 ], [ 83.2186506, 18.3341173 ], [ 83.1905328, 18.3299452 ], [ 83.1776916, 18.3218126 ], [ 83.1725132, 18.3139489 ], [ 83.1652644, 18.3141818 ], [ 83.1658639, 18.3168935 ], [ 83.1589869, 18.3230729 ], [ 83.1613551, 18.3287449 ], [ 83.1515018, 18.3255102 ], [ 83.1482265, 18.3279991 ], [ 83.1511178, 18.3411208 ], [ 83.1570804, 18.3463686 ], [ 83.1622154, 18.3623102 ], [ 83.1730207, 18.3730256 ], [ 83.1822808, 18.3721865 ], [ 83.1824303, 18.3752843 ], [ 83.198295, 18.3855335 ], [ 83.1783523, 18.386671 ], [ 83.2029292, 18.4066382 ], [ 83.2042919, 18.4150675 ], [ 83.2097213, 18.4216502 ], [ 83.2052473, 18.4240608 ], [ 83.2058069, 18.4398486 ], [ 83.1977214, 18.4438219 ], [ 83.1901137, 18.4539815 ], [ 83.1964186, 18.4746307 ], [ 83.2058995, 18.4783948 ], [ 83.2100434, 18.4675701 ], [ 83.2175787, 18.4674727 ], [ 83.2180344, 18.4755409 ], [ 83.2128655, 18.4880827 ], [ 83.2250447, 18.5184273 ], [ 83.2289019, 18.5218584 ], [ 83.2571802, 18.5288135 ], [ 83.2593901, 18.5402028 ], [ 83.2663499, 18.5416132 ], [ 83.2602908, 18.5536469 ], [ 83.2663062, 18.5726232 ], [ 83.2575987, 18.5723332 ], [ 83.2555565, 18.5860815 ], [ 83.248155, 18.5853721 ], [ 83.2433904, 18.5889209 ], [ 83.2486995, 18.5887041 ], [ 83.2567169, 18.5967838 ], [ 83.2778249, 18.6259519 ], [ 83.2862304, 18.627822 ], [ 83.2890877, 18.6195031 ], [ 83.3085821, 18.6312355 ], [ 83.3086906, 18.635481 ], [ 83.314435, 18.6407507 ], [ 83.3243336, 18.6441945 ], [ 83.3394141, 18.644461 ], [ 83.3384492, 18.6331966 ], [ 83.3424243, 18.6324573 ], [ 83.3417712, 18.6266691 ], [ 83.3461266, 18.6250482 ], [ 83.3427036, 18.609673 ], [ 83.3529717, 18.6063696 ], [ 83.3591512, 18.5928095 ], [ 83.3649402, 18.5969162 ], [ 83.3778872, 18.5973454 ], [ 83.3749967, 18.6050591 ], [ 83.3698432, 18.6048841 ], [ 83.3730378, 18.6152332 ], [ 83.3885887, 18.6077186 ], [ 83.3898161, 18.6125275 ], [ 83.3983532, 18.6181143 ], [ 83.4142296, 18.6241931 ], [ 83.4136981, 18.6174819 ], [ 83.4267506, 18.6121988 ], [ 83.4280565, 18.6072674 ], [ 83.4427954, 18.6171618 ], [ 83.4436678, 18.6357284 ], [ 83.4520917, 18.6352242 ], [ 83.4488752, 18.6494372 ], [ 83.4511139, 18.6495374 ], [ 83.4586724, 18.6425704 ], [ 83.4575491, 18.6378826 ], [ 83.465861, 18.6262647 ], [ 83.4651504, 18.6181779 ], [ 83.4735357, 18.6176825 ], [ 83.4909082, 18.6092947 ], [ 83.4858964, 18.5843333 ], [ 83.4755023, 18.5794578 ], [ 83.4726844, 18.5693325 ], [ 83.4885468, 18.5612391 ], [ 83.497601, 18.5452351 ], [ 83.5145377, 18.5357846 ], [ 83.5155037, 18.5201279 ], [ 83.5295953, 18.5292872 ], [ 83.5369178, 18.5274125 ], [ 83.542827, 18.5391154 ], [ 83.5378644, 18.5434985 ], [ 83.538372, 18.5511501 ], [ 83.5342777, 18.5523016 ], [ 83.5311499, 18.5488666 ], [ 83.5266033, 18.5523105 ], [ 83.533054, 18.5662266 ], [ 83.5381731, 18.5633301 ], [ 83.5442791, 18.5833233 ], [ 83.5506043, 18.5802784 ], [ 83.5706771, 18.5924493 ], [ 83.5491832, 18.5957604 ], [ 83.5520506, 18.6142807 ], [ 83.5480274, 18.6252177 ], [ 83.5533033, 18.6295254 ], [ 83.5560488, 18.6380934 ], [ 83.5500258, 18.6420917 ], [ 83.5499626, 18.6486575 ], [ 83.5613869, 18.6670382 ], [ 83.5538958, 18.6822157 ], [ 83.5414965, 18.6859926 ], [ 83.5383356, 18.7104205 ], [ 83.546699, 18.7104014 ] ] ] } },
{ "type": "Feature", "properties": { "district": "Srikakulam", "state": "Andhra Pradesh" }, "geometry": { "type": "Polygon", "coordinates": [ [ [ 84.677771, 19.1665234 ], [ 84.6843492, 19.1599896 ], [ 84.7033984, 19.1611681 ], [ 84.7120113, 19.158277 ], [ 84.7148543, 19.1523199 ], [ 84.7105159, 19.1464584 ], [ 84.701175, 19.1470598 ], [ 84.7000478, 19.1443949 ], [ 84.7061243, 19.1410252 ], [ 84.6978354, 19.1264436 ], [ 84.7025234, 19.1258563 ], [ 84.7027955, 19.1178621 ], [ 84.7614638, 19.079123 ], [ 84.6869477, 18.9708654 ], [ 84.6763861, 18.9676783 ], [ 84.684477, 18.9674713 ], [ 84.6048959, 18.8911203 ], [ 84.5871042, 18.8674392 ], [ 84.5749115, 18.8376461 ], [ 84.5578383, 18.817752 ], [ 84.5514977, 18.7904887 ], [ 84.4930922, 18.7401445 ], [ 84.4532092, 18.6929127 ], [ 84.4372168, 18.6579047 ], [ 84.4398514, 18.6594965 ], [ 84.3683918, 18.5931316 ], [ 84.3570988, 18.5734438 ], [ 84.3551024, 18.5553686 ], [ 84.2829386, 18.4995261 ], [ 84.2163159, 18.4397972 ], [ 84.2149808, 18.4413026 ], [ 84.2104983, 18.4339056 ], [ 84.1474139, 18.373423 ], [ 84.1307267, 18.3452863 ], [ 84.1268951, 18.3438531 ], [ 84.1272258, 18.3137298 ], [ 84.1004156, 18.2962938 ], [ 84.0787924, 18.2877391 ], [ 84.0821703, 18.2866973 ], [ 84.0705665, 18.2764327 ], [ 84.0086185, 18.2484313 ], [ 83.9358786, 18.2090408 ], [ 83.8887532, 18.1957579 ], [ 83.860389, 18.1742838 ], [ 83.8099308, 18.1560323 ], [ 83.8035247, 18.159964 ], [ 83.8042781, 18.1633599 ], [ 83.8015388, 18.1624761 ], [ 83.7949747, 18.1683986 ], [ 83.8052638, 18.1540388 ], [ 83.7301988, 18.1186917 ], [ 83.6634152, 18.0778315 ], [ 83.6657828, 18.0815099 ], [ 83.6632797, 18.0868851 ], [ 83.6544618, 18.0916529 ], [ 83.644786, 18.1062954 ], [ 83.6404333, 18.1078058 ], [ 83.6358122, 18.1052474 ], [ 83.6235614, 18.1126991 ], [ 83.6209076, 18.1179041 ], [ 83.6240208, 18.1293393 ], [ 83.6115408, 18.1427011 ], [ 83.6074282, 18.1433213 ], [ 83.6061127, 18.1548981 ], [ 83.6023844, 18.1603528 ], [ 83.6029633, 18.1646518 ], [ 83.611688, 18.1656371 ], [ 83.6140269, 18.1791985 ], [ 83.6099718, 18.1927081 ], [ 83.6030768, 18.1932692 ], [ 83.6040318, 18.2018969 ], [ 83.6087904, 18.2028719 ], [ 83.6035779, 18.2066763 ], [ 83.6072313, 18.2074323 ], [ 83.6086955, 18.213264 ], [ 83.6253411, 18.2122981 ], [ 83.629278, 18.2183425 ], [ 83.6359535, 18.2196685 ], [ 83.6433059, 18.2105486 ], [ 83.6526981, 18.2072016 ], [ 83.6565752, 18.2121341 ], [ 83.6559596, 18.2185295 ], [ 83.6673641, 18.232964 ], [ 83.6653358, 18.2452782 ], [ 83.6679892, 18.2686274 ], [ 83.6727216, 18.27253 ], [ 83.6742516, 18.2828478 ], [ 83.7033188, 18.2894971 ], [ 83.710006, 18.2956791 ], [ 83.7000078, 18.2979301 ], [ 83.6956436, 18.3067855 ], [ 83.6911675, 18.3041721 ], [ 83.6859286, 18.3058454 ], [ 83.6800651, 18.3133353 ], [ 83.6720188, 18.3111451 ], [ 83.6682511, 18.3163168 ], [ 83.6596049, 18.3165303 ], [ 83.6570989, 18.3225011 ], [ 83.6278933, 18.3218945 ], [ 83.6244081, 18.3335779 ], [ 83.6148153, 18.3332386 ], [ 83.6061001, 18.3282673 ], [ 83.611465, 18.3362202 ], [ 83.59553, 18.3441833 ], [ 83.5949882, 18.3479195 ], [ 83.5857289, 18.3543572 ], [ 83.5913133, 18.3588321 ], [ 83.5883387, 18.3613786 ], [ 83.5896822, 18.3646311 ], [ 83.5961328, 18.3684922 ], [ 83.6003388, 18.3671932 ], [ 83.6012389, 18.3699323 ], [ 83.5957402, 18.3720906 ], [ 83.6032274, 18.3750372 ], [ 83.6061601, 18.3909969 ], [ 83.6144432, 18.3826474 ], [ 83.6363402, 18.3788439 ], [ 83.6555693, 18.3883817 ], [ 83.6647479, 18.3860592 ], [ 83.6893559, 18.3903356 ], [ 83.7047048, 18.3867445 ], [ 83.7086697, 18.3915387 ], [ 83.7062118, 18.4050287 ], [ 83.7000713, 18.4116323 ], [ 83.7007958, 18.4414105 ], [ 83.7166779, 18.4486877 ], [ 83.7251189, 18.4365497 ], [ 83.723877, 18.4310191 ], [ 83.7157513, 18.4263465 ], [ 83.7249663, 18.4264566 ], [ 83.7314442, 18.4313887 ], [ 83.7318374, 18.4225256 ], [ 83.7389536, 18.407998 ], [ 83.7480741, 18.404177 ], [ 83.7595204, 18.3916707 ], [ 83.7630556, 18.3919062 ], [ 83.7618763, 18.3867678 ], [ 83.769664, 18.3797575 ], [ 83.7690298, 18.3760886 ], [ 83.7759468, 18.3790108 ], [ 83.7900738, 18.3758028 ], [ 83.7937594, 18.3712134 ], [ 83.8005067, 18.3713717 ], [ 83.8037888, 18.3782084 ], [ 83.7968518, 18.3819712 ], [ 83.7981691, 18.3924308 ], [ 83.8037787, 18.3927285 ], [ 83.8019282, 18.3958255 ], [ 83.8069461, 18.3975106 ], [ 83.8172672, 18.3931394 ], [ 83.8162842, 18.3887756 ], [ 83.8325207, 18.3873985 ], [ 83.8239122, 18.4003122 ], [ 83.8250289, 18.4058443 ], [ 83.8325309, 18.4118647 ], [ 83.8326441, 18.4173898 ], [ 83.8360023, 18.4169308 ], [ 83.8349693, 18.4207564 ], [ 83.8161275, 18.4308549 ], [ 83.8105462, 18.4376067 ], [ 83.8198955, 18.4695282 ], [ 83.8117272, 18.4826777 ], [ 83.7926517, 18.5001292 ], [ 83.7877493, 18.5116367 ], [ 83.7917392, 18.5252219 ], [ 83.8026742, 18.5399201 ], [ 83.8026559, 18.5461199 ], [ 83.7973503, 18.5492154 ], [ 83.788139, 18.5420863 ], [ 83.783496, 18.5420626 ], [ 83.7772142, 18.56237 ], [ 83.7726524, 18.5657924 ], [ 83.7710885, 18.5776501 ], [ 83.7782151, 18.5991121 ], [ 83.7876338, 18.5998492 ], [ 83.7887565, 18.6046034 ], [ 83.7935305, 18.6072548 ], [ 83.7920845, 18.5979465 ], [ 83.7857944, 18.5941752 ], [ 83.7866228, 18.5904664 ], [ 83.810061, 18.5863786 ], [ 83.8083746, 18.5771824 ], [ 83.8203565, 18.5707258 ], [ 83.8290313, 18.5729274 ], [ 83.8316511, 18.5662401 ], [ 83.8284385, 18.5676138 ], [ 83.8243775, 18.558956 ], [ 83.8379344, 18.5424696 ], [ 83.8420733, 18.5454237 ], [ 83.8527203, 18.5342367 ], [ 83.8590075, 18.5338414 ], [ 83.8688697, 18.538665 ], [ 83.8688054, 18.540975 ], [ 83.8619685, 18.5403683 ], [ 83.8609246, 18.543846 ], [ 83.8700292, 18.5460077 ], [ 83.8682628, 18.5507121 ], [ 83.8751604, 18.5485025 ], [ 83.8808972, 18.5553302 ], [ 83.8857304, 18.5430809 ], [ 83.8940636, 18.5417337 ], [ 83.9052567, 18.5335177 ], [ 83.908197, 18.5350661 ], [ 83.9074806, 18.5388008 ], [ 83.9171693, 18.542108 ], [ 83.9151399, 18.5533782 ], [ 83.9094717, 18.5546205 ], [ 83.903249, 18.5640004 ], [ 83.9067042, 18.5676056 ], [ 83.9138728, 18.5654402 ], [ 83.9139227, 18.5696462 ], [ 83.9205308, 18.5668615 ], [ 83.9244324, 18.5786061 ], [ 83.908026, 18.5857303 ], [ 83.9100311, 18.58691 ], [ 83.9044539, 18.6004026 ], [ 83.8932219, 18.6102248 ], [ 83.8902502, 18.6170177 ], [ 83.8968076, 18.6207455 ], [ 83.8935721, 18.6270907 ], [ 83.8889302, 18.6288855 ], [ 83.8916632, 18.6344019 ], [ 83.884767, 18.6339575 ], [ 83.8684749, 18.6478227 ], [ 83.8498365, 18.6676328 ], [ 83.84016, 18.6827746 ], [ 83.8430385, 18.6949918 ], [ 83.8379297, 18.7020335 ], [ 83.8376863, 18.7229916 ], [ 83.8592866, 18.7297118 ], [ 83.8696362, 18.7438714 ], [ 83.8728081, 18.7399904 ], [ 83.8826393, 18.7405858 ], [ 83.8832989, 18.7313183 ], [ 83.889388, 18.7272555 ], [ 83.8906654, 18.7289974 ], [ 83.8846433, 18.7369219 ], [ 83.8810285, 18.7502432 ], [ 83.8745235, 18.7484119 ], [ 83.8700143, 18.7510723 ], [ 83.8679488, 18.7611858 ], [ 83.8702908, 18.7622781 ], [ 83.8669414, 18.7662106 ], [ 83.8603006, 18.7643762 ], [ 83.853143, 18.7693549 ], [ 83.8497206, 18.766108 ], [ 83.8419232, 18.7689387 ], [ 83.8326444, 18.7741335 ], [ 83.8329187, 18.7793284 ], [ 83.8373915, 18.7788772 ], [ 83.8498483, 18.7890781 ], [ 83.8623, 18.7887926 ], [ 83.8758531, 18.7956254 ], [ 83.8878321, 18.7964786 ], [ 83.8840488, 18.8024539 ], [ 83.8767656, 18.8057434 ], [ 83.8776853, 18.8165431 ], [ 83.8855533, 18.8111412 ], [ 83.8958524, 18.8153621 ], [ 83.8996301, 18.8244026 ], [ 83.9047562, 18.8273992 ], [ 83.9158049, 18.8279616 ], [ 83.9316483, 18.8158782 ], [ 83.9375367, 18.8181597 ], [ 83.9423208, 18.8154577 ], [ 83.9417435, 18.80833 ], [ 83.9501615, 18.8051773 ], [ 83.9655896, 18.8146779 ], [ 83.9778518, 18.814173 ], [ 83.9868605, 18.8100486 ], [ 83.9938502, 18.8136057 ], [ 84.0052181, 18.8087375 ], [ 84.0098965, 18.811688 ], [ 84.0157313, 18.8087526 ], [ 84.0154659, 18.8170632 ], [ 84.0252219, 18.8170476 ], [ 84.0329638, 18.8115961 ], [ 84.040843, 18.8156081 ], [ 84.0456072, 18.8128804 ], [ 84.0466859, 18.8016076 ], [ 84.0598768, 18.7991751 ], [ 84.0574202, 18.7934428 ], [ 84.0616256, 18.7907295 ], [ 84.057265, 18.7893699 ], [ 84.0599119, 18.7824235 ], [ 84.0679899, 18.7823113 ], [ 84.0737495, 18.7757523 ], [ 84.076417, 18.7644452 ], [ 84.0852297, 18.7664878 ], [ 84.0847511, 18.7642729 ], [ 84.0895899, 18.7639873 ], [ 84.0894625, 18.7567804 ], [ 84.1223839, 18.7679442 ], [ 84.1246793, 18.7639392 ], [ 84.1293048, 18.765333 ], [ 84.1325601, 18.7606023 ], [ 84.1373975, 18.7612362 ], [ 84.141995, 18.7642997 ], [ 84.1389096, 18.7688031 ], [ 84.1403875, 18.7772722 ], [ 84.146219, 18.7771628 ], [ 84.1517615, 18.7835406 ], [ 84.158427, 18.7828928 ], [ 84.1592635, 18.7878533 ], [ 84.1697185, 18.7882153 ], [ 84.1757743, 18.7800816 ], [ 84.1827059, 18.7819606 ], [ 84.1899385, 18.777704 ], [ 84.1946801, 18.7833193 ], [ 84.1953427, 18.7916768 ], [ 84.2180837, 18.7901075 ], [ 84.2143983, 18.7954249 ], [ 84.2263082, 18.7987671 ], [ 84.2338304, 18.7947705 ], [ 84.2367409, 18.7985519 ], [ 84.2408028, 18.7971446 ], [ 84.2431365, 18.7886237 ], [ 84.2490271, 18.7857896 ], [ 84.2559218, 18.7879859 ], [ 84.2609667, 18.7832201 ], [ 84.2864894, 18.7923021 ], [ 84.2886615, 18.8046593 ], [ 84.3049869, 18.798259 ], [ 84.3059234, 18.7942272 ], [ 84.3212584, 18.7864924 ], [ 84.3265917, 18.7987865 ], [ 84.3445454, 18.8017971 ], [ 84.3418345, 18.8089781 ], [ 84.3310527, 18.8150097 ], [ 84.3310552, 18.8178497 ], [ 84.3426552, 18.8222189 ], [ 84.3494079, 18.8200577 ], [ 84.3521115, 18.8314875 ], [ 84.3596031, 18.8312147 ], [ 84.3638496, 18.8371219 ], [ 84.3612339, 18.8421643 ], [ 84.3449882, 18.8490491 ], [ 84.3330603, 18.8605137 ], [ 84.3256043, 18.8760918 ], [ 84.3305332, 18.8832151 ], [ 84.3370228, 18.8899831 ], [ 84.357788, 18.8693008 ], [ 84.3620603, 18.860882 ], [ 84.3665026, 18.8640199 ], [ 84.3742269, 18.8613884 ], [ 84.3789943, 18.8717004 ], [ 84.3842022, 18.8741397 ], [ 84.3725914, 18.8780667 ], [ 84.3625502, 18.8871532 ], [ 84.3602665, 18.8945527 ], [ 84.382557, 18.8814175 ], [ 84.3814831, 18.8864277 ], [ 84.3881104, 18.8842408 ], [ 84.3921325, 18.8762964 ], [ 84.3983269, 18.8836797 ], [ 84.3975181, 18.8902832 ], [ 84.3903263, 18.8958173 ], [ 84.3851493, 18.8959206 ], [ 84.3789339, 18.9042175 ], [ 84.3855595, 18.9003557 ], [ 84.393534, 18.9043328 ], [ 84.4000873, 18.8953085 ], [ 84.4180181, 18.8972021 ], [ 84.4221903, 18.9054147 ], [ 84.4167595, 18.9146043 ], [ 84.4185728, 18.9173208 ], [ 84.4283926, 18.9090225 ], [ 84.4311082, 18.9166639 ], [ 84.4380246, 18.9204621 ], [ 84.4385716, 18.9315726 ], [ 84.4276838, 18.9320902 ], [ 84.4310283, 18.9358527 ], [ 84.4242198, 18.9472539 ], [ 84.4324284, 18.9590895 ], [ 84.4294118, 18.9648589 ], [ 84.4310729, 18.9691894 ], [ 84.4416788, 18.9686499 ], [ 84.4477291, 18.9755651 ], [ 84.4524262, 18.9759775 ], [ 84.4446832, 18.9832624 ], [ 84.443296, 18.9904992 ], [ 84.4322188, 18.9950506 ], [ 84.432498, 19.0065548 ], [ 84.4220113, 19.0127482 ], [ 84.4210854, 19.0219914 ], [ 84.4257333, 19.0192072 ], [ 84.4245799, 19.0139535 ], [ 84.4316034, 19.0134823 ], [ 84.4371222, 19.0071292 ], [ 84.4405595, 19.0074116 ], [ 84.4416063, 19.0035295 ], [ 84.4496081, 19.0030034 ], [ 84.4603596, 18.9967803 ], [ 84.4605917, 18.9930582 ], [ 84.4667784, 18.9938791 ], [ 84.4788932, 18.9884592 ], [ 84.4826423, 19.0165689 ], [ 84.4887747, 19.0195061 ], [ 84.4943674, 19.0290012 ], [ 84.5053191, 19.0338635 ], [ 84.516379, 19.048426 ], [ 84.5241197, 19.0486971 ], [ 84.5261345, 19.0460374 ], [ 84.5432717, 19.0550535 ], [ 84.5566027, 19.0565809 ], [ 84.5728648, 19.07372 ], [ 84.5715764, 19.0695758 ], [ 84.5747022, 19.0675668 ], [ 84.583095, 19.07273 ], [ 84.5804583, 19.0600246 ], [ 84.5830509, 19.0492391 ], [ 84.57729, 19.040471 ], [ 84.5832864, 19.0424823 ], [ 84.5816662, 19.0300883 ], [ 84.5915408, 19.0229561 ], [ 84.6009011, 19.0247894 ], [ 84.6058531, 19.0416972 ], [ 84.6142681, 19.0519395 ], [ 84.6134279, 19.0565663 ], [ 84.6176075, 19.0545341 ], [ 84.6224277, 19.0598525 ], [ 84.617046, 19.06093 ], [ 84.6183524, 19.0658672 ], [ 84.6278226, 19.0662079 ], [ 84.6310107, 19.0604191 ], [ 84.6371149, 19.0599781 ], [ 84.6416135, 19.0672744 ], [ 84.6539439, 19.0675356 ], [ 84.661131, 19.0630389 ], [ 84.6630824, 19.0746062 ], [ 84.6708523, 19.0763301 ], [ 84.6634717, 19.0823963 ], [ 84.6638788, 19.0875721 ], [ 84.6586633, 19.0943338 ], [ 84.6531896, 19.09309 ], [ 84.647041, 19.0962629 ], [ 84.6368401, 19.089738 ], [ 84.6367845, 19.0859485 ], [ 84.6343282, 19.0886671 ], [ 84.6311965, 19.0821015 ], [ 84.631931, 19.0865634 ], [ 84.6254948, 19.0849136 ], [ 84.6226785, 19.0938637 ], [ 84.6254777, 19.0990929 ], [ 84.6196542, 19.1043959 ], [ 84.618666, 19.1000841 ], [ 84.6095452, 19.1007787 ], [ 84.6112822, 19.1068478 ], [ 84.6084124, 19.107533 ], [ 84.60285, 19.1266207 ], [ 84.5960058, 19.1287891 ], [ 84.59553, 19.1324495 ], [ 84.6297776, 19.1266807 ], [ 84.6310224, 19.1296771 ], [ 84.6436266, 19.1297082 ], [ 84.644078, 19.1337239 ], [ 84.6542644, 19.1293745 ], [ 84.6673184, 19.1298567 ], [ 84.6716554, 19.1482189 ], [ 84.6710154, 19.1562309 ], [ 84.6679317, 19.1541732 ], [ 84.6687393, 19.1629892 ], [ 84.6709061, 19.1660423 ], [ 84.677771, 19.1665234 ] ], [ [ 84.349532, 18.7909551 ], [ 84.3501111, 18.7875725 ], [ 84.3517132, 18.7857711 ], [ 84.3532191, 18.7897972 ], [ 84.349532, 18.7909551 ] ], [ [ 84.3395916, 18.7894005 ], [ 84.3292729, 18.7871987 ], [ 84.3393616, 18.778692 ], [ 84.3395916, 18.7894005 ] ] ] } },
{ "type": "Feature", "properties": { "district": "Visakhapatanam", "state": "Andhra Pradesh" }, "geometry": { "type": "Polygon", "coordinates": [ [ [ 83.357851, 18.0646515 ], [ 83.366211, 18.0639129 ], [ 83.3642261, 18.0568066 ], [ 83.375961, 18.0514283 ], [ 83.3953077, 18.0509071 ], [ 83.4036968, 18.0577182 ], [ 83.4039779, 18.0440751 ], [ 83.3927831, 18.0171728 ], [ 83.4210096, 18.0137715 ], [ 83.424304, 17.9949063 ], [ 83.4204756, 17.9873224 ], [ 83.4146092, 17.9870329 ], [ 83.4139549, 17.9711932 ], [ 83.4070913, 17.9687914 ], [ 83.4064453, 17.9633944 ], [ 83.415194, 17.9557433 ], [ 83.421976, 17.9411398 ], [ 83.4401316, 17.9310336 ], [ 83.4384186, 17.9295383 ], [ 83.4431506, 17.9225846 ], [ 83.4505734, 17.9250826 ], [ 83.4450181, 17.9279219 ], [ 83.4462898, 17.9380622 ], [ 83.4372519, 17.9471613 ], [ 83.450876, 17.9449741 ], [ 83.4515244, 17.9601778 ], [ 83.4663926, 17.9659479 ], [ 83.4733531, 17.9644906 ], [ 83.4757096, 17.953383 ], [ 83.4826406, 17.9487815 ], [ 83.5107315, 17.9550979 ], [ 83.5187144, 17.9536292 ], [ 83.5250268, 17.9472778 ], [ 83.5130182, 17.937267 ], [ 83.4774774, 17.9171472 ], [ 83.4586529, 17.901089 ], [ 83.4553185, 17.8963431 ], [ 83.4556356, 17.8876274 ], [ 83.4437173, 17.872783 ], [ 83.4214984, 17.8578303 ], [ 83.4108826, 17.8420168 ], [ 83.4070964, 17.841033 ], [ 83.4162485, 17.833684 ], [ 83.4161772, 17.8225546 ], [ 83.4108696, 17.8093582 ], [ 83.3908466, 17.7925546 ], [ 83.3853118, 17.7842746 ], [ 83.3857998, 17.7773509 ], [ 83.354585, 17.7559836 ], [ 83.3439528, 17.7376435 ], [ 83.3463996, 17.7261454 ], [ 83.3182064, 17.7099991 ], [ 83.3060205, 17.7009953 ], [ 83.305975, 17.6974874 ], [ 83.296911, 17.6933202 ], [ 83.2948743, 17.6745208 ], [ 83.2822173, 17.6603403 ], [ 83.2604671, 17.6496089 ], [ 83.2594145, 17.6431616 ], [ 83.2385287, 17.6299526 ], [ 83.21647, 17.5954971 ], [ 83.1487491, 17.5571977 ], [ 83.1127037, 17.5457508 ], [ 83.1285285, 17.611424 ], [ 83.1513792, 17.6482746 ], [ 83.1446482, 17.6498862 ], [ 83.1442337, 17.6558819 ], [ 83.1536883, 17.6732616 ], [ 83.1417016, 17.6730667 ], [ 83.1415691, 17.6803881 ], [ 83.1379187, 17.6814505 ], [ 83.1372717, 17.6855953 ], [ 83.1269938, 17.6855503 ], [ 83.1225867, 17.6808346 ], [ 83.1153692, 17.682144 ], [ 83.1099668, 17.692274 ], [ 83.1131872, 17.6975017 ], [ 83.1197253, 17.6950706 ], [ 83.121986, 17.7135251 ], [ 83.1343447, 17.7113837 ], [ 83.1378338, 17.7161736 ], [ 83.1410432, 17.7141944 ], [ 83.1498823, 17.7186512 ], [ 83.1526509, 17.7325733 ], [ 83.1568283, 17.7365768 ], [ 83.1637663, 17.7579605 ], [ 83.156844, 17.7683726 ], [ 83.1577565, 17.7740712 ], [ 83.1635704, 17.7765395 ], [ 83.1606955, 17.8101881 ], [ 83.1612614, 17.840398 ], [ 83.1640477, 17.8484781 ], [ 83.1852762, 17.845753 ], [ 83.1850555, 17.8523741 ], [ 83.1891687, 17.8528423 ], [ 83.2053748, 17.8473937 ], [ 83.2088547, 17.8583802 ], [ 83.2140261, 17.8616102 ], [ 83.2056488, 17.8630233 ], [ 83.2111285, 17.8820619 ], [ 83.2172328, 17.8813651 ], [ 83.2172481, 17.8757417 ], [ 83.2286014, 17.8736305 ], [ 83.2390726, 17.9040063 ], [ 83.2608892, 17.9155245 ], [ 83.2467433, 17.9284321 ], [ 83.2361669, 17.9245082 ], [ 83.2327009, 17.9275769 ], [ 83.2336443, 17.9362552 ], [ 83.224187, 17.9462347 ], [ 83.2427697, 17.9508745 ], [ 83.2521891, 17.9668231 ], [ 83.2502648, 17.9734158 ], [ 83.2609075, 17.9808636 ], [ 83.2731535, 18.0074014 ], [ 83.2802485, 18.0080145 ], [ 83.2828425, 18.0009615 ], [ 83.2931877, 17.9966001 ], [ 83.2873545, 18.0035905 ], [ 83.288885, 18.008278 ], [ 83.3048146, 18.0075454 ], [ 83.3079052, 18.003658 ], [ 83.3151815, 18.0053614 ], [ 83.3143763, 18.0159168 ], [ 83.3094816, 18.0198549 ], [ 83.3118279, 18.0230153 ], [ 83.3054393, 18.0315201 ], [ 83.3178005, 18.0258356 ], [ 83.3206174, 18.0350786 ], [ 83.3340399, 18.0457588 ], [ 83.3410021, 18.0455626 ], [ 83.3448835, 18.0508945 ], [ 83.353257, 18.0486269 ], [ 83.3519241, 18.0563489 ], [ 83.357851, 18.0646515 ] ] ] } }
]
}
