init_date,valid_date,lead,district,state,hazard,level,value,message_en,message_te
2023-03-19,2023-03-20,1,Konaseema,Andhra Pradesh,heavy_rain,yellow,70.5,YELLOW ALERT: Heavy rain likely in Konaseema district on 20-03-2023 (calibrated forecast about 70 mm). Stay alert and avoid low-lying areas.,"పసుపు హెచ్చరిక: Konaseema జిల్లాలో 20-03-2023 న భారీ వర్షాలు కురిసే అవకాశం ఉంది (సుమారు 70 మి.మీ.). అప్రమత్తంగా ఉండండి, లోతట్టు ప్రాంతాలకు దూరంగా ఉండండి."
2023-03-19,2023-03-20,1,Parvathipuram Manyam,Andhra Pradesh,heavy_rain,yellow,69.5,YELLOW ALERT: Heavy rain likely in Parvathipuram Manyam district on 20-03-2023 (calibrated forecast about 69 mm). Stay alert and avoid low-lying areas.,"పసుపు హెచ్చరిక: Parvathipuram Manyam జిల్లాలో 20-03-2023 న భారీ వర్షాలు కురిసే అవకాశం ఉంది (సుమారు 69 మి.మీ.). అప్రమత్తంగా ఉండండి, లోతట్టు ప్రాంతాలకు దూరంగా ఉండండి."
2023-03-19,2023-03-20,1,Peddapalli,Telangana,heavy_rain,yellow,66.6,YELLOW ALERT: Heavy rain likely in Peddapalli district on 20-03-2023 (calibrated forecast about 67 mm). Stay alert and avoid low-lying areas.,"పసుపు హెచ్చరిక: Peddapalli జిల్లాలో 20-03-2023 న భారీ వర్షాలు కురిసే అవకాశం ఉంది (సుమారు 67 మి.మీ.). అప్రమత్తంగా ఉండండి, లోతట్టు ప్రాంతాలకు దూరంగా ఉండండి."
2023-05-01,2023-05-02,1,Bhadradri Kothagudem,Telangana,heavy_rain,yellow,66.1,YELLOW ALERT: Heavy rain likely in Bhadradri Kothagudem district on 02-05-2023 (calibrated forecast about 66 mm). Stay alert and avoid low-lying areas.,"పసుపు హెచ్చరిక: Bhadradri Kothagudem జిల్లాలో 02-05-2023 న భారీ వర్షాలు కురిసే అవకాశం ఉంది (సుమారు 66 మి.మీ.). అప్రమత్తంగా ఉండండి, లోతట్టు ప్రాంతాలకు దూరంగా ఉండండి."
2023-05-01,2023-05-02,1,Prakasam,Andhra Pradesh,heavy_rain,yellow,98.0,YELLOW ALERT: Heavy rain likely in Prakasam district on 02-05-2023 (calibrated forecast about 98 mm). Stay alert and avoid low-lying areas.,"పసుపు హెచ్చరిక: Prakasam జిల్లాలో 02-05-2023 న భారీ వర్షాలు కురిసే అవకాశం ఉంది (సుమారు 98 మి.మీ.). అప్రమత్తంగా ఉండండి, లోతట్టు ప్రాంతాలకు దూరంగా ఉండండి."
2023-06-09,2023-06-10,1,Alluri Sitharama Raju,Andhra Pradesh,heatwave,yellow,40.9,YELLOW ALERT: Heatwave likely in Alluri Sitharama Raju district on 10-06-2023 (max temperature 40.9 °C). Avoid going out in the afternoon and drink enough water.,"పసుపు హెచ్చరిక: Alluri Sitharama Raju జిల్లాలో 10-06-2023 న వడగాలులు వీచే అవకాశం ఉంది (గరిష్ఠ ఉష్ణోగ్రత 40.9 °C). మధ్యాహ్నం బయటకు వెళ్లకండి, తగినంత నీరు తాగండి."
2023-06-09,2023-06-10,1,Bhadradri Kothagudem,Telangana,heatwave,yellow,41.5,YELLOW ALERT: Heatwave likely in Bhadradri Kothagudem district on 10-06-2023 (max temperature 41.5 °C). Avoid going out in the afternoon and drink enough water.,"పసుపు హెచ్చరిక: Bhadradri Kothagudem జిల్లాలో 10-06-2023 న వడగాలులు వీచే అవకాశం ఉంది (గరిష్ఠ ఉష్ణోగ్రత 41.5 °C). మధ్యాహ్నం బయటకు వెళ్లకండి, తగినంత నీరు తాగండి."
2023-06-09,2023-06-10,1,East Godavari,Andhra Pradesh,heatwave,yellow,41.2,YELLOW ALERT: Heatwave likely in East Godavari district on 10-06-2023 (max temperature 41.2 °C). Avoid going out in the afternoon and drink enough water.,"పసుపు హెచ్చరిక: East Godavari జిల్లాలో 10-06-2023 న వడగాలులు వీచే అవకాశం ఉంది (గరిష్ఠ ఉష్ణోగ్రత 41.2 °C). మధ్యాహ్నం బయటకు వెళ్లకండి, తగినంత నీరు తాగండి."
2023-06-09,2023-06-10,1,Eluru,Andhra Pradesh,heatwave,yellow,41.5,YELLOW ALERT: Heatwave likely in Eluru district on 10-06-2023 (max temperature 41.5 °C). Avoid going out in the afternoon and drink enough water.,"పసుపు హెచ్చరిక: Eluru జిల్లాలో 10-06-2023 న వడగాలులు వీచే అవకాశం ఉంది (గరిష్ఠ ఉష్ణోగ్రత 41.5 °C). మధ్యాహ్నం బయటకు వెళ్లకండి, తగినంత నీరు తాగండి."
2023-06-09,2023-06-10,1,Kakinada,Andhra Pradesh,heatwave,yellow,40.6,YELLOW ALERT: Heatwave likely in Kakinada district on 10-06-2023 (max temperature 40.6 °C). Avoid going out in the afternoon and drink enough water.,"పసుపు హెచ్చరిక: Kakinada జిల్లాలో 10-06-2023 న వడగాలులు వీచే అవకాశం ఉంది (గరిష్ఠ ఉష్ణోగ్రత 40.6 °C). మధ్యాహ్నం బయటకు వెళ్లకండి, తగినంత నీరు తాగండి."
2023-06-09,2023-06-10,1,Konaseema,Andhra Pradesh,heatwave,yellow,41.1,YELLOW ALERT: Heatwave likely in Konaseema district on 10-06-2023 (max temperature 41.1 °C). Avoid going out in the afternoon and drink enough water.,"పసుపు హెచ్చరిక: Konaseema జిల్లాలో 10-06-2023 న వడగాలులు వీచే అవకాశం ఉంది (గరిష్ఠ ఉష్ణోగ్రత 41.1 °C). మధ్యాహ్నం బయటకు వెళ్లకండి, తగినంత నీరు తాగండి."
2023-06-09,2023-06-10,1,Mulugu,Telangana,heatwave,yellow,41.5,YELLOW ALERT: Heatwave likely in Mulugu district on 10-06-2023 (max temperature 41.5 °C). Avoid going out in the afternoon and drink enough water.,"పసుపు హెచ్చరిక: Mulugu జిల్లాలో 10-06-2023 న వడగాలులు వీచే అవకాశం ఉంది (గరిష్ఠ ఉష్ణోగ్రత 41.5 °C). మధ్యాహ్నం బయటకు వెళ్లకండి, తగినంత నీరు తాగండి."
2023-06-11,2023-06-12,1,Srikakulam,Andhra Pradesh,heatwave,yellow,40.0,YELLOW ALERT: Heatwave likely in Srikakulam district on 12-06-2023 (max temperature 40.0 °C). Avoid going out in the afternoon and drink enough water.,"పసుపు హెచ్చరిక: Srikakulam జిల్లాలో 12-06-2023 న వడగాలులు వీచే అవకాశం ఉంది (గరిష్ఠ ఉష్ణోగ్రత 40.0 °C). మధ్యాహ్నం బయటకు వెళ్లకండి, తగినంత నీరు తాగండి."
2023-06-13,2023-06-14,1,Bhadradri Kothagudem,Telangana,heatwave,yellow,40.7,YELLOW ALERT: Heatwave likely in Bhadradri Kothagudem district on 14-06-2023 (max temperature 40.7 °C). Avoid going out in the afternoon and drink enough water.,"పసుపు హెచ్చరిక: Bhadradri Kothagudem జిల్లాలో 14-06-2023 న వడగాలులు వీచే అవకాశం ఉంది (గరిష్ఠ ఉష్ణోగ్రత 40.7 °C). మధ్యాహ్నం బయటకు వెళ్లకండి, తగినంత నీరు తాగండి."
2023-06-13,2023-06-14,1,East Godavari,Andhra Pradesh,heatwave,yellow,40.7,YELLOW ALERT: Heatwave likely in East Godavari district on 14-06-2023 (max temperature 40.7 °C). Avoid going out in the afternoon and drink enough water.,"పసుపు హెచ్చరిక: East Godavari జిల్లాలో 14-06-2023 న వడగాలులు వీచే అవకాశం ఉంది (గరిష్ఠ ఉష్ణోగ్రత 40.7 °C). మధ్యాహ్నం బయటకు వెళ్లకండి, తగినంత నీరు తాగండి."
2023-06-13,2023-06-14,1,Eluru,Andhra Pradesh,heatwave,yellow,41.0,YELLOW ALERT: Heatwave likely in Eluru district on 14-06-2023 (max temperature 41.0 °C). Avoid going out in the afternoon and drink enough water.,"పసుపు హెచ్చరిక: Eluru జిల్లాలో 14-06-2023 న వడగాలులు వీచే అవకాశం ఉంది (గరిష్ఠ ఉష్ణోగ్రత 41.0 °C). మధ్యాహ్నం బయటకు వెళ్లకండి, తగినంత నీరు తాగండి."
2023-06-13,2023-06-14,1,Jayashankar Bhupalapally,Telangana,heatwave,yellow,40.6,YELLOW ALERT: Heatwave likely in Jayashankar Bhupalapally district on 14-06-2023 (max temperature 40.6 °C). Avoid going out in the afternoon and drink enough water.,"పసుపు హెచ్చరిక: Jayashankar Bhupalapally జిల్లాలో 14-06-2023 న వడగాలులు వీచే అవకాశం ఉంది (గరిష్ఠ ఉష్ణోగ్రత 40.6 °C). మధ్యాహ్నం బయటకు వెళ్లకండి, తగినంత నీరు తాగండి."
2023-06-13,2023-06-14,1,Khammam,Telangana,heatwave,yellow,40.8,YELLOW ALERT: Heatwave likely in Khammam district on 14-06-2023 (max temperature 40.8 °C). Avoid going out in the afternoon and drink enough water.,"పసుపు హెచ్చరిక: Khammam జిల్లాలో 14-06-2023 న వడగాలులు వీచే అవకాశం ఉంది (గరిష్ఠ ఉష్ణోగ్రత 40.8 °C). మధ్యాహ్నం బయటకు వెళ్లకండి, తగినంత నీరు తాగండి."
2023-06-13,2023-06-14,1,Konaseema,Andhra Pradesh,heatwave,yellow,40.3,YELLOW ALERT: Heatwave likely in Konaseema district on 14-06-2023 (max temperature 40.3 °C). Avoid going out in the afternoon and drink enough water.,"పసుపు హెచ్చరిక: Konaseema జిల్లాలో 14-06-2023 న వడగాలులు వీచే అవకాశం ఉంది (గరిష్ఠ ఉష్ణోగ్రత 40.3 °C). మధ్యాహ్నం బయటకు వెళ్లకండి, తగినంత నీరు తాగండి."
2023-06-13,2023-06-14,1,Kumuram Bheem Asifabad,Telangana,heatwave,yellow,41.9,YELLOW ALERT: Heatwave likely in Kumuram Bheem Asifabad district on 14-06-2023 (max temperature 41.9 °C). Avoid going out in the afternoon and drink enough water.,"పసుపు హెచ్చరిక: Kumuram Bheem Asifabad జిల్లాలో 14-06-2023 న వడగాలులు వీచే అవకాశం ఉంది (గరిష్ఠ ఉష్ణోగ్రత 41.9 °C). మధ్యాహ్నం బయటకు వెళ్లకండి, తగినంత నీరు తాగండి."
2023-06-13,2023-06-14,1,Mahabubabad,Telangana,heatwave,yellow,40.8,YELLOW ALERT: Heatwave likely in Mahabubabad district on 14-06-2023 (max temperature 40.8 °C). Avoid going out in the afternoon and drink enough water.,"పసుపు హెచ్చరిక: Mahabubabad జిల్లాలో 14-06-2023 న వడగాలులు వీచే అవకాశం ఉంది (గరిష్ఠ ఉష్ణోగ్రత 40.8 °C). మధ్యాహ్నం బయటకు వెళ్లకండి, తగినంత నీరు తాగండి."
2023-06-13,2023-06-14,1,Mancherial,Telangana,heatwave,yellow,41.3,YELLOW ALERT: Heatwave likely in Mancherial district on 14-06-2023 (max temperature 41.3 °C). Avoid going out in the afternoon and drink enough water.,"పసుపు హెచ్చరిక: Mancherial జిల్లాలో 14-06-2023 న వడగాలులు వీచే అవకాశం ఉంది (గరిష్ఠ ఉష్ణోగ్రత 41.3 °C). మధ్యాహ్నం బయటకు వెళ్లకండి, తగినంత నీరు తాగండి."
2023-06-13,2023-06-14,1,Mulugu,Telangana,heatwave,yellow,40.6,YELLOW ALERT: Heatwave likely in Mulugu district on 14-06-2023 (max temperature 40.6 °C). Avoid going out in the afternoon and drink enough water.,"పసుపు హెచ్చరిక: Mulugu జిల్లాలో 14-06-2023 న వడగాలులు వీచే అవకాశం ఉంది (గరిష్ఠ ఉష్ణోగ్రత 40.6 °C). మధ్యాహ్నం బయటకు వెళ్లకండి, తగినంత నీరు తాగండి."
2023-06-13,2023-06-14,1,Ntr,Andhra Pradesh,heatwave,yellow,41.0,YELLOW ALERT: Heatwave likely in Ntr district on 14-06-2023 (max temperature 41.0 °C). Avoid going out in the afternoon and drink enough water.,"పసుపు హెచ్చరిక: Ntr జిల్లాలో 14-06-2023 న వడగాలులు వీచే అవకాశం ఉంది (గరిష్ఠ ఉష్ణోగ్రత 41.0 °C). మధ్యాహ్నం బయటకు వెళ్లకండి, తగినంత నీరు తాగండి."
2023-06-13,2023-06-14,1,Peddapalli,Telangana,heatwave,yellow,41.0,YELLOW ALERT: Heatwave likely in Peddapalli district on 14-06-2023 (max temperature 41.0 °C). Avoid going out in the afternoon and drink enough water.,"పసుపు హెచ్చరిక: Peddapalli జిల్లాలో 14-06-2023 న వడగాలులు వీచే అవకాశం ఉంది (గరిష్ఠ ఉష్ణోగ్రత 41.0 °C). మధ్యాహ్నం బయటకు వెళ్లకండి, తగినంత నీరు తాగండి."
2023-06-13,2023-06-14,1,West Godavari,Andhra Pradesh,heatwave,yellow,40.9,YELLOW ALERT: Heatwave likely in West Godavari district on 14-06-2023 (max temperature 40.9 °C). Avoid going out in the afternoon and drink enough water.,"పసుపు హెచ్చరిక: West Godavari జిల్లాలో 14-06-2023 న వడగాలులు వీచే అవకాశం ఉంది (గరిష్ఠ ఉష్ణోగ్రత 40.9 °C). మధ్యాహ్నం బయటకు వెళ్లకండి, తగినంత నీరు తాగండి."
2023-06-14,2023-06-15,1,Kumuram Bheem Asifabad,Telangana,heatwave,yellow,41.4,YELLOW ALERT: Heatwave likely in Kumuram Bheem Asifabad district on 15-06-2023 (max temperature 41.4 °C). Avoid going out in the afternoon and drink enough water.,"పసుపు హెచ్చరిక: Kumuram Bheem Asifabad జిల్లాలో 15-06-2023 న వడగాలులు వీచే అవకాశం ఉంది (గరిష్ఠ ఉష్ణోగ్రత 41.4 °C). మధ్యాహ్నం బయటకు వెళ్లకండి, తగినంత నీరు తాగండి."
2023-06-15,2023-06-16,1,Bhadradri Kothagudem,Telangana,heatwave,yellow,40.3,YELLOW ALERT: Heatwave likely in Bhadradri Kothagudem district on 16-06-2023 (max temperature 40.3 °C). Avoid going out in the afternoon and drink enough water.,"పసుపు హెచ్చరిక: Bhadradri Kothagudem జిల్లాలో 16-06-2023 న వడగాలులు వీచే అవకాశం ఉంది (గరిష్ఠ ఉష్ణోగ్రత 40.3 °C). మధ్యాహ్నం బయటకు వెళ్లకండి, తగినంత నీరు తాగండి."
2023-06-15,2023-06-16,1,East Godavari,Andhra Pradesh,heatwave,yellow,40.3,YELLOW ALERT: Heatwave likely in East Godavari district on 16-06-2023 (max temperature 40.3 °C). Avoid going out in the afternoon and drink enough water.,"పసుపు హెచ్చరిక: East Godavari జిల్లాలో 16-06-2023 న వడగాలులు వీచే అవకాశం ఉంది (గరిష్ఠ ఉష్ణోగ్రత 40.3 °C). మధ్యాహ్నం బయటకు వెళ్లకండి, తగినంత నీరు తాగండి."
2023-06-15,2023-06-16,1,Eluru,Andhra Pradesh,heatwave,yellow,40.6,YELLOW ALERT: Heatwave likely in Eluru district on 16-06-2023 (max temperature 40.6 °C). Avoid going out in the afternoon and drink enough water.,"పసుపు హెచ్చరిక: Eluru జిల్లాలో 16-06-2023 న వడగాలులు వీచే అవకాశం ఉంది (గరిష్ఠ ఉష్ణోగ్రత 40.6 °C). మధ్యాహ్నం బయటకు వెళ్లకండి, తగినంత నీరు తాగండి."
2023-06-15,2023-06-16,1,Jayashankar Bhupalapally,Telangana,heatwave,yellow,40.1,YELLOW ALERT: Heatwave likely in Jayashankar Bhupalapally district on 16-06-2023 (max temperature 40.1 °C). Avoid going out in the afternoon and drink enough water.,"పసుపు హెచ్చరిక: Jayashankar Bhupalapally జిల్లాలో 16-06-2023 న వడగాలులు వీచే అవకాశం ఉంది (గరిష్ఠ ఉష్ణోగ్రత 40.1 °C). మధ్యాహ్నం బయటకు వెళ్లకండి, తగినంత నీరు తాగండి."
2023-06-15,2023-06-16,1,Khammam,Telangana,heatwave,yellow,40.4,YELLOW ALERT: Heatwave likely in Khammam district on 16-06-2023 (max temperature 40.4 °C). Avoid going out in the afternoon and drink enough water.,"పసుపు హెచ్చరిక: Khammam జిల్లాలో 16-06-2023 న వడగాలులు వీచే అవకాశం ఉంది (గరిష్ఠ ఉష్ణోగ్రత 40.4 °C). మధ్యాహ్నం బయటకు వెళ్లకండి, తగినంత నీరు తాగండి."
2023-06-15,2023-06-16,1,Konaseema,Andhra Pradesh,heatwave,yellow,40.2,YELLOW ALERT: Heatwave likely in Konaseema district on 16-06-2023 (max temperature 40.2 °C). Avoid going out in the afternoon and drink enough water.,"పసుపు హెచ్చరిక: Konaseema జిల్లాలో 16-06-2023 న వడగాలులు వీచే అవకాశం ఉంది (గరిష్ఠ ఉష్ణోగ్రత 40.2 °C). మధ్యాహ్నం బయటకు వెళ్లకండి, తగినంత నీరు తాగండి."
2023-06-15,2023-06-16,1,Kumuram Bheem Asifabad,Telangana,heatwave,yellow,41.3,YELLOW ALERT: Heatwave likely in Kumuram Bheem Asifabad district on 16-06-2023 (max temperature 41.3 °C). Avoid going out in the afternoon and drink enough water.,"పసుపు హెచ్చరిక: Kumuram Bheem Asifabad జిల్లాలో 16-06-2023 న వడగాలులు వీచే అవకాశం ఉంది (గరిష్ఠ ఉష్ణోగ్రత 41.3 °C). మధ్యాహ్నం బయటకు వెళ్లకండి, తగినంత నీరు తాగండి."
2023-06-15,2023-06-16,1,Mahabubabad,Telangana,heatwave,yellow,40.2,YELLOW ALERT: Heatwave likely in Mahabubabad district on 16-06-2023 (max temperature 40.2 °C). Avoid going out in the afternoon and drink enough water.,"పసుపు హెచ్చరిక: Mahabubabad జిల్లాలో 16-06-2023 న వడగాలులు వీచే అవకాశం ఉంది (గరిష్ఠ ఉష్ణోగ్రత 40.2 °C). మధ్యాహ్నం బయటకు వెళ్లకండి, తగినంత నీరు తాగండి."
2023-06-15,2023-06-16,1,Mancherial,Telangana,heatwave,yellow,40.6,YELLOW ALERT: Heatwave likely in Mancherial district on 16-06-2023 (max temperature 40.6 °C). Avoid going out in the afternoon and drink enough water.,"పసుపు హెచ్చరిక: Mancherial జిల్లాలో 16-06-2023 న వడగాలులు వీచే అవకాశం ఉంది (గరిష్ఠ ఉష్ణోగ్రత 40.6 °C). మధ్యాహ్నం బయటకు వెళ్లకండి, తగినంత నీరు తాగండి."
2023-06-15,2023-06-16,1,Mulugu,Telangana,heatwave,yellow,40.0,YELLOW ALERT: Heatwave likely in Mulugu district on 16-06-2023 (max temperature 40.0 °C). Avoid going out in the afternoon and drink enough water.,"పసుపు హెచ్చరిక: Mulugu జిల్లాలో 16-06-2023 న వడగాలులు వీచే అవకాశం ఉంది (గరిష్ఠ ఉష్ణోగ్రత 40.0 °C). మధ్యాహ్నం బయటకు వెళ్లకండి, తగినంత నీరు తాగండి."
2023-06-15,2023-06-16,1,Ntr,Andhra Pradesh,heatwave,yellow,40.6,YELLOW ALERT: Heatwave likely in Ntr district on 16-06-2023 (max temperature 40.6 °C). Avoid going out in the afternoon and drink enough water.,"పసుపు హెచ్చరిక: Ntr జిల్లాలో 16-06-2023 న వడగాలులు వీచే అవకాశం ఉంది (గరిష్ఠ ఉష్ణోగ్రత 40.6 °C). మధ్యాహ్నం బయటకు వెళ్లకండి, తగినంత నీరు తాగండి."
2023-06-15,2023-06-16,1,West Godavari,Andhra Pradesh,heatwave,yellow,40.5,YELLOW ALERT: Heatwave likely in West Godavari district on 16-06-2023 (max temperature 40.5 °C). Avoid going out in the afternoon and drink enough water.,"పసుపు హెచ్చరిక: West Godavari జిల్లాలో 16-06-2023 న వడగాలులు వీచే అవకాశం ఉంది (గరిష్ఠ ఉష్ణోగ్రత 40.5 °C). మధ్యాహ్నం బయటకు వెళ్లకండి, తగినంత నీరు తాగండి."
2023-06-16,2023-06-17,1,Adilabad,Telangana,heatwave,yellow,41.0,YELLOW ALERT: Heatwave likely in Adilabad district on 17-06-2023 (max temperature 41.0 °C). Avoid going out in the afternoon and drink enough water.,"పసుపు హెచ్చరిక: Adilabad జిల్లాలో 17-06-2023 న వడగాలులు వీచే అవకాశం ఉంది (గరిష్ఠ ఉష్ణోగ్రత 41.0 °C). మధ్యాహ్నం బయటకు వెళ్లకండి, తగినంత నీరు తాగండి."
2023-06-16,2023-06-17,1,Alluri Sitharama Raju,Andhra Pradesh,heatwave,orange,40.9,ORANGE ALERT: Severe heatwave likely in Alluri Sitharama Raju district on 17-06-2023 (max temperature 40.9 °C). Avoid going out in the afternoon and drink enough water.,"నారింజ హెచ్చరిక: Alluri Sitharama Raju జిల్లాలో 17-06-2023 న తీవ్ర వడగాలులు వీచే అవకాశం ఉంది (గరిష్ఠ ఉష్ణోగ్రత 40.9 °C). మధ్యాహ్నం బయటకు వెళ్లకండి, తగినంత నీరు తాగండి."
2023-06-16,2023-06-17,1,Anakapalli,Andhra Pradesh,heatwave,orange,40.1,ORANGE ALERT: Severe heatwave likely in Anakapalli district on 17-06-2023 (max temperature 40.1 °C). Avoid going out in the afternoon and drink enough water.,"నారింజ హెచ్చరిక: Anakapalli జిల్లాలో 17-06-2023 న తీవ్ర వడగాలులు వీచే అవకాశం ఉంది (గరిష్ఠ ఉష్ణోగ్రత 40.1 °C). మధ్యాహ్నం బయటకు వెళ్లకండి, తగినంత నీరు తాగండి."
2023-06-16,2023-06-17,1,Bapatla,Andhra Pradesh,heatwave,yellow,41.2,YELLOW ALERT: Heatwave likely in Bapatla district on 17-06-2023 (max temperature 41.2 °C). Avoid going out in the afternoon and drink enough water.,"పసుపు హెచ్చరిక: Bapatla జిల్లాలో 17-06-2023 న వడగాలులు వీచే అవకాశం ఉంది (గరిష్ఠ ఉష్ణోగ్రత 41.2 °C). మధ్యాహ్నం బయటకు వెళ్లకండి, తగినంత నీరు తాగండి."
2023-06-16,2023-06-17,1,Bhadradri Kothagudem,Telangana,heatwave,yellow,40.9,YELLOW ALERT: Heatwave likely in Bhadradri Kothagudem district on 17-06-2023 (max temperature 40.9 °C). Avoid going out in the afternoon and drink enough water.,"పసుపు హెచ్చరిక: Bhadradri Kothagudem జిల్లాలో 17-06-2023 న వడగాలులు వీచే అవకాశం ఉంది (గరిష్ఠ ఉష్ణోగ్రత 40.9 °C). మధ్యాహ్నం బయటకు వెళ్లకండి, తగినంత నీరు తాగండి."
2023-06-16,2023-06-17,1,East Godavari,Andhra Pradesh,heatwave,yellow,41.5,YELLOW ALERT: Heatwave likely in East Godavari district on 17-06-2023 (max temperature 41.5 °C). Avoid going out in the afternoon and drink enough water.,"పసుపు హెచ్చరిక: East Godavari జిల్లాలో 17-06-2023 న వడగాలులు వీచే అవకాశం ఉంది (గరిష్ఠ ఉష్ణోగ్రత 41.5 °C). మధ్యాహ్నం బయటకు వెళ్లకండి, తగినంత నీరు తాగండి."
2023-06-16,2023-06-17,1,Eluru,Andhra Pradesh,heatwave,yellow,41.4,YELLOW ALERT: Heatwave likely in Eluru district on 17-06-2023 (max temperature 41.4 °C). Avoid going out in the afternoon and drink enough water.,"పసుపు హెచ్చరిక: Eluru జిల్లాలో 17-06-2023 న వడగాలులు వీచే అవకాశం ఉంది (గరిష్ఠ ఉష్ణోగ్రత 41.4 °C). మధ్యాహ్నం బయటకు వెళ్లకండి, తగినంత నీరు తాగండి."
2023-06-16,2023-06-17,1,Guntur,Andhra Pradesh,heatwave,yellow,41.3,YELLOW ALERT: Heatwave likely in Guntur district on 17-06-2023 (max temperature 41.3 °C). Avoid going out in the afternoon and drink enough water.,"పసుపు హెచ్చరిక: Guntur జిల్లాలో 17-06-2023 న వడగాలులు వీచే అవకాశం ఉంది (గరిష్ఠ ఉష్ణోగ్రత 41.3 °C). మధ్యాహ్నం బయటకు వెళ్లకండి, తగినంత నీరు తాగండి."
2023-06-16,2023-06-17,1,Hanumakonda,Telangana,heatwave,yellow,40.5,YELLOW ALERT: Heatwave likely in Hanumakonda district on 17-06-2023 (max temperature 40.5 °C). Avoid going out in the afternoon and drink enough water.,"పసుపు హెచ్చరిక: Hanumakonda జిల్లాలో 17-06-2023 న వడగాలులు వీచే అవకాశం ఉంది (గరిష్ఠ ఉష్ణోగ్రత 40.5 °C). మధ్యాహ్నం బయటకు వెళ్లకండి, తగినంత నీరు తాగండి."
2023-06-16,2023-06-17,1,Jagitial,Telangana,heatwave,yellow,40.4,YELLOW ALERT: Heatwave likely in Jagitial district on 17-06-2023 (max temperature 40.4 °C). Avoid going out in the afternoon and drink enough water.,"పసుపు హెచ్చరిక: Jagitial జిల్లాలో 17-06-2023 న వడగాలులు వీచే అవకాశం ఉంది (గరిష్ఠ ఉష్ణోగ్రత 40.4 °C). మధ్యాహ్నం బయటకు వెళ్లకండి, తగినంత నీరు తాగండి."
2023-06-16,2023-06-17,1,Jangoan,Telangana,heatwave,yellow,40.6,YELLOW ALERT: Heatwave likely in Jangoan district on 17-06-2023 (max temperature 40.6 °C). Avoid going out in the afternoon and drink enough water.,"పసుపు హెచ్చరిక: Jangoan జిల్లాలో 17-06-2023 న వడగాలులు వీచే అవకాశం ఉంది (గరిష్ఠ ఉష్ణోగ్రత 40.6 °C). మధ్యాహ్నం బయటకు వెళ్లకండి, తగినంత నీరు తాగండి."
2023-06-16,2023-06-17,1,Jayashankar Bhupalapally,Telangana,heatwave,yellow,40.4,YELLOW ALERT: Heatwave likely in Jayashankar Bhupalapally district on 17-06-2023 (max temperature 40.4 °C). Avoid going out in the afternoon and drink enough water.,"పసుపు హెచ్చరిక: Jayashankar Bhupalapally జిల్లాలో 17-06-2023 న వడగాలులు వీచే అవకాశం ఉంది (గరిష్ఠ ఉష్ణోగ్రత 40.4 °C). మధ్యాహ్నం బయటకు వెళ్లకండి, తగినంత నీరు తాగండి."
2023-06-16,2023-06-17,1,Kakinada,Andhra Pradesh,heatwave,orange,41.0,ORANGE ALERT: Severe heatwave likely in Kakinada district on 17-06-2023 (max temperature 41.0 °C). Avoid going out in the afternoon and drink enough water.,"నారింజ హెచ్చరిక: Kakinada జిల్లాలో 17-06-2023 న తీవ్ర వడగాలులు వీచే అవకాశం ఉంది (గరిష్ఠ ఉష్ణోగ్రత 41.0 °C). మధ్యాహ్నం బయటకు వెళ్లకండి, తగినంత నీరు తాగండి."
2023-06-16,2023-06-17,1,Karimnagar,Telangana,heatwave,yellow,40.4,YELLOW ALERT: Heatwave likely in Karimnagar district on 17-06-2023 (max temperature 40.4 °C). Avoid going out in the afternoon and drink enough water.,"పసుపు హెచ్చరిక: Karimnagar జిల్లాలో 17-06-2023 న వడగాలులు వీచే అవకాశం ఉంది (గరిష్ఠ ఉష్ణోగ్రత 40.4 °C). మధ్యాహ్నం బయటకు వెళ్లకండి, తగినంత నీరు తాగండి."
2023-06-16,2023-06-17,1,Khammam,Telangana,heatwave,yellow,40.9,YELLOW ALERT: Heatwave likely in Khammam district on 17-06-2023 (max temperature 40.9 °C). Avoid going out in the afternoon and drink enough water.,"పసుపు హెచ్చరిక: Khammam జిల్లాలో 17-06-2023 న వడగాలులు వీచే అవకాశం ఉంది (గరిష్ఠ ఉష్ణోగ్రత 40.9 °C). మధ్యాహ్నం బయటకు వెళ్లకండి, తగినంత నీరు తాగండి."
2023-06-16,2023-06-17,1,Konaseema,Andhra Pradesh,heatwave,yellow,41.3,YELLOW ALERT: Heatwave likely in Konaseema district on 17-06-2023 (max temperature 41.3 °C). Avoid going out in the afternoon and drink enough water.,"పసుపు హెచ్చరిక: Konaseema జిల్లాలో 17-06-2023 న వడగాలులు వీచే అవకాశం ఉంది (గరిష్ఠ ఉష్ణోగ్రత 41.3 °C). మధ్యాహ్నం బయటకు వెళ్లకండి, తగినంత నీరు తాగండి."
2023-06-16,2023-06-17,1,Kumuram Bheem Asifabad,Telangana,heatwave,yellow,41.3,YELLOW ALERT: Heatwave likely in Kumuram Bheem Asifabad district on 17-06-2023 (max temperature 41.3 °C). Avoid going out in the afternoon and drink enough water.,"పసుపు హెచ్చరిక: Kumuram Bheem Asifabad జిల్లాలో 17-06-2023 న వడగాలులు వీచే అవకాశం ఉంది (గరిష్ఠ ఉష్ణోగ్రత 41.3 °C). మధ్యాహ్నం బయటకు వెళ్లకండి, తగినంత నీరు తాగండి."
2023-06-16,2023-06-17,1,Mahabubabad,Telangana,heatwave,yellow,40.7,YELLOW ALERT: Heatwave likely in Mahabubabad district on 17-06-2023 (max temperature 40.7 °C). Avoid going out in the afternoon and drink enough water.,"పసుపు హెచ్చరిక: Mahabubabad జిల్లాలో 17-06-2023 న వడగాలులు వీచే అవకాశం ఉంది (గరిష్ఠ ఉష్ణోగ్రత 40.7 °C). మధ్యాహ్నం బయటకు వెళ్లకండి, తగినంత నీరు తాగండి."
2023-06-16,2023-06-17,1,Mancherial,Telangana,heatwave,yellow,40.9,YELLOW ALERT: Heatwave likely in Mancherial district on 17-06-2023 (max temperature 40.9 °C). Avoid going out in the afternoon and drink enough water.,"పసుపు హెచ్చరిక: Mancherial జిల్లాలో 17-06-2023 న వడగాలులు వీచే అవకాశం ఉంది (గరిష్ఠ ఉష్ణోగ్రత 40.9 °C). మధ్యాహ్నం బయటకు వెళ్లకండి, తగినంత నీరు తాగండి."
2023-06-16,2023-06-17,1,Mulugu,Telangana,heatwave,yellow,40.4,YELLOW ALERT: Heatwave likely in Mulugu district on 17-06-2023 (max temperature 40.4 °C). Avoid going out in the afternoon and drink enough water.,"పసుపు హెచ్చరిక: Mulugu జిల్లాలో 17-06-2023 న వడగాలులు వీచే అవకాశం ఉంది (గరిష్ఠ ఉష్ణోగ్రత 40.4 °C). మధ్యాహ్నం బయటకు వెళ్లకండి, తగినంత నీరు తాగండి."
2023-06-16,2023-06-17,1,Nalgonda,Telangana,heatwave,yellow,40.5,YELLOW ALERT: Heatwave likely in Nalgonda district on 17-06-2023 (max temperature 40.5 °C). Avoid going out in the afternoon and drink enough water.,"పసుపు హెచ్చరిక: Nalgonda జిల్లాలో 17-06-2023 న వడగాలులు వీచే అవకాశం ఉంది (గరిష్ఠ ఉష్ణోగ్రత 40.5 °C). మధ్యాహ్నం బయటకు వెళ్లకండి, తగినంత నీరు తాగండి."
2023-06-16,2023-06-17,1,Nirmal,Telangana,heatwave,yellow,40.6,YELLOW ALERT: Heatwave likely in Nirmal district on 17-06-2023 (max temperature 40.6 °C). Avoid going out in the afternoon and drink enough water.,"పసుపు హెచ్చరిక: Nirmal జిల్లాలో 17-06-2023 న వడగాలులు వీచే అవకాశం ఉంది (గరిష్ఠ ఉష్ణోగ్రత 40.6 °C). మధ్యాహ్నం బయటకు వెళ్లకండి, తగినంత నీరు తాగండి."
2023-06-16,2023-06-17,1,Ntr,Andhra Pradesh,heatwave,yellow,41.1,YELLOW ALERT: Heatwave likely in Ntr district on 17-06-2023 (max temperature 41.1 °C). Avoid going out in the afternoon and drink enough water.,"పసుపు హెచ్చరిక: Ntr జిల్లాలో 17-06-2023 న వడగాలులు వీచే అవకాశం ఉంది (గరిష్ఠ ఉష్ణోగ్రత 41.1 °C). మధ్యాహ్నం బయటకు వెళ్లకండి, తగినంత నీరు తాగండి."
2023-06-16,2023-06-17,1,Palnadu,Andhra Pradesh,heatwave,yellow,41.2,YELLOW ALERT: Heatwave likely in Palnadu district on 17-06-2023 (max temperature 41.2 °C). Avoid going out in the afternoon and drink enough water.,"పసుపు హెచ్చరిక: Palnadu జిల్లాలో 17-06-2023 న వడగాలులు వీచే అవకాశం ఉంది (గరిష్ఠ ఉష్ణోగ్రత 41.2 °C). మధ్యాహ్నం బయటకు వెళ్లకండి, తగినంత నీరు తాగండి."
2023-06-16,2023-06-17,1,Parvathipuram Manyam,Andhra Pradesh,heatwave,orange,40.8,ORANGE ALERT: Severe heatwave likely in Parvathipuram Manyam district on 17-06-2023 (max temperature 40.8 °C). Avoid going out in the afternoon and drink enough water.,"నారింజ హెచ్చరిక: Parvathipuram Manyam జిల్లాలో 17-06-2023 న తీవ్ర వడగాలులు వీచే అవకాశం ఉంది (గరిష్ఠ ఉష్ణోగ్రత 40.8 °C). మధ్యాహ్నం బయటకు వెళ్లకండి, తగినంత నీరు తాగండి."
2023-06-16,2023-06-17,1,Peddapalli,Telangana,heatwave,yellow,40.7,YELLOW ALERT: Heatwave likely in Peddapalli district on 17-06-2023 (max temperature 40.7 °C). Avoid going out in the afternoon and drink enough water.,"పసుపు హెచ్చరిక: Peddapalli జిల్లాలో 17-06-2023 న వడగాలులు వీచే అవకాశం ఉంది (గరిష్ఠ ఉష్ణోగ్రత 40.7 °C). మధ్యాహ్నం బయటకు వెళ్లకండి, తగినంత నీరు తాగండి."
2023-06-16,2023-06-17,1,Prakasam,Andhra Pradesh,heatwave,yellow,41.2,YELLOW ALERT: Heatwave likely in Prakasam district on 17-06-2023 (max temperature 41.2 °C). Avoid going out in the afternoon and drink enough water.,"పసుపు హెచ్చరిక: Prakasam జిల్లాలో 17-06-2023 న వడగాలులు వీచే అవకాశం ఉంది (గరిష్ఠ ఉష్ణోగ్రత 41.2 °C). మధ్యాహ్నం బయటకు వెళ్లకండి, తగినంత నీరు తాగండి."
2023-06-16,2023-06-17,1,Srikakulam,Andhra Pradesh,heatwave,orange,40.7,ORANGE ALERT: Severe heatwave likely in Srikakulam district on 17-06-2023 (max temperature 40.7 °C). Avoid going out in the afternoon and drink enough water.,"నారింజ హెచ్చరిక: Srikakulam జిల్లాలో 17-06-2023 న తీవ్ర వడగాలులు వీచే అవకాశం ఉంది (గరిష్ఠ ఉష్ణోగ్రత 40.7 °C). మధ్యాహ్నం బయటకు వెళ్లకండి, తగినంత నీరు తాగండి."
2023-06-16,2023-06-17,1,Suryapet,Telangana,heatwave,yellow,40.9,YELLOW ALERT: Heatwave likely in Suryapet district on 17-06-2023 (max temperature 40.9 °C). Avoid going out in the afternoon and drink enough water.,"పసుపు హెచ్చరిక: Suryapet జిల్లాలో 17-06-2023 న వడగాలులు వీచే అవకాశం ఉంది (గరిష్ఠ ఉష్ణోగ్రత 40.9 °C). మధ్యాహ్నం బయటకు వెళ్లకండి, తగినంత నీరు తాగండి."
2023-06-16,2023-06-17,1,Vizianagaram,Andhra Pradesh,heatwave,orange,40.1,ORANGE ALERT: Severe heatwave likely in Vizianagaram district on 17-06-2023 (max temperature 40.1 °C). Avoid going out in the afternoon and drink enough water.,"నారింజ హెచ్చరిక: Vizianagaram జిల్లాలో 17-06-2023 న తీవ్ర వడగాలులు వీచే అవకాశం ఉంది (గరిష్ఠ ఉష్ణోగ్రత 40.1 °C). మధ్యాహ్నం బయటకు వెళ్లకండి, తగినంత నీరు తాగండి."
2023-06-16,2023-06-17,1,Warangal,Telangana,heatwave,yellow,40.5,YELLOW ALERT: Heatwave likely in Warangal district on 17-06-2023 (max temperature 40.5 °C). Avoid going out in the afternoon and drink enough water.,"పసుపు హెచ్చరిక: Warangal జిల్లాలో 17-06-2023 న వడగాలులు వీచే అవకాశం ఉంది (గరిష్ఠ ఉష్ణోగ్రత 40.5 °C). మధ్యాహ్నం బయటకు వెళ్లకండి, తగినంత నీరు తాగండి."
2023-06-16,2023-06-17,1,West Godavari,Andhra Pradesh,heatwave,yellow,41.5,YELLOW ALERT: Heatwave likely in West Godavari district on 17-06-2023 (max temperature 41.5 °C). Avoid going out in the afternoon and drink enough water.,"పసుపు హెచ్చరిక: West Godavari జిల్లాలో 17-06-2023 న వడగాలులు వీచే అవకాశం ఉంది (గరిష్ఠ ఉష్ణోగ్రత 41.5 °C). మధ్యాహ్నం బయటకు వెళ్లకండి, తగినంత నీరు తాగండి."
2023-06-16,2023-06-18,2,East Godavari,Andhra Pradesh,heatwave,yellow,40.2,YELLOW ALERT: Heatwave likely in East Godavari district on 18-06-2023 (max temperature 40.2 °C). Avoid going out in the afternoon and drink enough water.,"పసుపు హెచ్చరిక: East Godavari జిల్లాలో 18-06-2023 న వడగాలులు వీచే అవకాశం ఉంది (గరిష్ఠ ఉష్ణోగ్రత 40.2 °C). మధ్యాహ్నం బయటకు వెళ్లకండి, తగినంత నీరు తాగండి."
2023-06-16,2023-06-18,2,Eluru,Andhra Pradesh,heatwave,yellow,40.3,YELLOW ALERT: Heatwave likely in Eluru district on 18-06-2023 (max temperature 40.3 °C). Avoid going out in the afternoon and drink enough water.,"పసుపు హెచ్చరిక: Eluru జిల్లాలో 18-06-2023 న వడగాలులు వీచే అవకాశం ఉంది (గరిష్ఠ ఉష్ణోగ్రత 40.3 °C). మధ్యాహ్నం బయటకు వెళ్లకండి, తగినంత నీరు తాగండి."
2023-06-16,2023-06-18,2,Kumuram Bheem Asifabad,Telangana,heatwave,yellow,40.4,YELLOW ALERT: Heatwave likely in Kumuram Bheem Asifabad district on 18-06-2023 (max temperature 40.4 °C). Avoid going out in the afternoon and drink enough water.,"పసుపు హెచ్చరిక: Kumuram Bheem Asifabad జిల్లాలో 18-06-2023 న వడగాలులు వీచే అవకాశం ఉంది (గరిష్ఠ ఉష్ణోగ్రత 40.4 °C). మధ్యాహ్నం బయటకు వెళ్లకండి, తగినంత నీరు తాగండి."
2023-06-16,2023-06-18,2,Ntr,Andhra Pradesh,heatwave,yellow,40.2,YELLOW ALERT: Heatwave likely in Ntr district on 18-06-2023 (max temperature 40.2 °C). Avoid going out in the afternoon and drink enough water.,"పసుపు హెచ్చరిక: Ntr జిల్లాలో 18-06-2023 న వడగాలులు వీచే అవకాశం ఉంది (గరిష్ఠ ఉష్ణోగ్రత 40.2 °C). మధ్యాహ్నం బయటకు వెళ్లకండి, తగినంత నీరు తాగండి."
2023-06-16,2023-06-18,2,West Godavari,Andhra Pradesh,heatwave,yellow,40.3,YELLOW ALERT: Heatwave likely in West Godavari district on 18-06-2023 (max temperature 40.3 °C). Avoid going out in the afternoon and drink enough water.,"పసుపు హెచ్చరిక: West Godavari జిల్లాలో 18-06-2023 న వడగాలులు వీచే అవకాశం ఉంది (గరిష్ఠ ఉష్ణోగ్రత 40.3 °C). మధ్యాహ్నం బయటకు వెళ్లకండి, తగినంత నీరు తాగండి."
2023-06-17,2023-06-18,1,Adilabad,Telangana,heatwave,yellow,40.5,YELLOW ALERT: Heatwave likely in Adilabad district on 18-06-2023 (max temperature 40.5 °C). Avoid going out in the afternoon and drink enough water.,"పసుపు హెచ్చరిక: Adilabad జిల్లాలో 18-06-2023 న వడగాలులు వీచే అవకాశం ఉంది (గరిష్ఠ ఉష్ణోగ్రత 40.5 °C). మధ్యాహ్నం బయటకు వెళ్లకండి, తగినంత నీరు తాగండి."
2023-06-17,2023-06-18,1,Kumuram Bheem Asifabad,Telangana,heatwave,yellow,40.9,YELLOW ALERT: Heatwave likely in Kumuram Bheem Asifabad district on 18-06-2023 (max temperature 40.9 °C). Avoid going out in the afternoon and drink enough water.,"పసుపు హెచ్చరిక: Kumuram Bheem Asifabad జిల్లాలో 18-06-2023 న వడగాలులు వీచే అవకాశం ఉంది (గరిష్ఠ ఉష్ణోగ్రత 40.9 °C). మధ్యాహ్నం బయటకు వెళ్లకండి, తగినంత నీరు తాగండి."
2023-06-17,2023-06-18,1,Mancherial,Telangana,heatwave,yellow,40.3,YELLOW ALERT: Heatwave likely in Mancherial district on 18-06-2023 (max temperature 40.3 °C). Avoid going out in the afternoon and drink enough water.,"పసుపు హెచ్చరిక: Mancherial జిల్లాలో 18-06-2023 న వడగాలులు వీచే అవకాశం ఉంది (గరిష్ఠ ఉష్ణోగ్రత 40.3 °C). మధ్యాహ్నం బయటకు వెళ్లకండి, తగినంత నీరు తాగండి."
2023-06-17,2023-06-18,1,Nirmal,Telangana,heatwave,yellow,40.0,YELLOW ALERT: Heatwave likely in Nirmal district on 18-06-2023 (max temperature 40.0 °C). Avoid going out in the afternoon and drink enough water.,"పసుపు హెచ్చరిక: Nirmal జిల్లాలో 18-06-2023 న వడగాలులు వీచే అవకాశం ఉంది (గరిష్ఠ ఉష్ణోగ్రత 40.0 °C). మధ్యాహ్నం బయటకు వెళ్లకండి, తగినంత నీరు తాగండి."
2023-06-17,2023-06-19,2,Kumuram Bheem Asifabad,Telangana,heatwave,yellow,40.3,YELLOW ALERT: Heatwave likely in Kumuram Bheem Asifabad district on 19-06-2023 (max temperature 40.3 °C). Avoid going out in the afternoon and drink enough water.,"పసుపు హెచ్చరిక: Kumuram Bheem Asifabad జిల్లాలో 19-06-2023 న వడగాలులు వీచే అవకాశం ఉంది (గరిష్ఠ ఉష్ణోగ్రత 40.3 °C). మధ్యాహ్నం బయటకు వెళ్లకండి, తగినంత నీరు తాగండి."
2023-06-18,2023-06-19,1,Kumuram Bheem Asifabad,Telangana,heatwave,yellow,40.4,YELLOW ALERT: Heatwave likely in Kumuram Bheem Asifabad district on 19-06-2023 (max temperature 40.4 °C). Avoid going out in the afternoon and drink enough water.,"పసుపు హెచ్చరిక: Kumuram Bheem Asifabad జిల్లాలో 19-06-2023 న వడగాలులు వీచే అవకాశం ఉంది (గరిష్ఠ ఉష్ణోగ్రత 40.4 °C). మధ్యాహ్నం బయటకు వెళ్లకండి, తగినంత నీరు తాగండి."
2023-06-20,2023-06-21,1,Adilabad,Telangana,heatwave,yellow,40.0,YELLOW ALERT: Heatwave likely in Adilabad district on 21-06-2023 (max temperature 40.0 °C). Avoid going out in the afternoon and drink enough water.,"పసుపు హెచ్చరిక: Adilabad జిల్లాలో 21-06-2023 న వడగాలులు వీచే అవకాశం ఉంది (గరిష్ఠ ఉష్ణోగ్రత 40.0 °C). మధ్యాహ్నం బయటకు వెళ్లకండి, తగినంత నీరు తాగండి."
2023-06-20,2023-06-21,1,Kumuram Bheem Asifabad,Telangana,heatwave,yellow,40.2,YELLOW ALERT: Heatwave likely in Kumuram Bheem Asifabad district on 21-06-2023 (max temperature 40.2 °C). Avoid going out in the afternoon and drink enough water.,"పసుపు హెచ్చరిక: Kumuram Bheem Asifabad జిల్లాలో 21-06-2023 న వడగాలులు వీచే అవకాశం ఉంది (గరిష్ఠ ఉష్ణోగ్రత 40.2 °C). మధ్యాహ్నం బయటకు వెళ్లకండి, తగినంత నీరు తాగండి."
2023-06-26,2023-06-27,1,Kumuram Bheem Asifabad,Telangana,heavy_rain,yellow,65.5,YELLOW ALERT: Heavy rain likely in Kumuram Bheem Asifabad district on 27-06-2023 (calibrated forecast about 65 mm). Stay alert and avoid low-lying areas.,"పసుపు హెచ్చరిక: Kumuram Bheem Asifabad జిల్లాలో 27-06-2023 న భారీ వర్షాలు కురిసే అవకాశం ఉంది (సుమారు 65 మి.మీ.). అప్రమత్తంగా ఉండండి, లోతట్టు ప్రాంతాలకు దూరంగా ఉండండి."
2023-07-05,2023-07-06,1,Hanumakonda,Telangana,heavy_rain,yellow,70.4,YELLOW ALERT: Heavy rain likely in Hanumakonda district on 06-07-2023 (calibrated forecast about 70 mm). Stay alert and avoid low-lying areas.,"పసుపు హెచ్చరిక: Hanumakonda జిల్లాలో 06-07-2023 న భారీ వర్షాలు కురిసే అవకాశం ఉంది (సుమారు 70 మి.మీ.). అప్రమత్తంగా ఉండండి, లోతట్టు ప్రాంతాలకు దూరంగా ఉండండి."
2023-07-05,2023-07-06,1,Nizamabad,Telangana,heavy_rain,yellow,78.9,YELLOW ALERT: Heavy rain likely in Nizamabad district on 06-07-2023 (calibrated forecast about 79 mm). Stay alert and avoid low-lying areas.,"పసుపు హెచ్చరిక: Nizamabad జిల్లాలో 06-07-2023 న భారీ వర్షాలు కురిసే అవకాశం ఉంది (సుమారు 79 మి.మీ.). అప్రమత్తంగా ఉండండి, లోతట్టు ప్రాంతాలకు దూరంగా ఉండండి."
2023-07-05,2023-07-06,1,Sangareddy,Telangana,heavy_rain,yellow,64.7,YELLOW ALERT: Heavy rain likely in Sangareddy district on 06-07-2023 (calibrated forecast about 65 mm). Stay alert and avoid low-lying areas.,"పసుపు హెచ్చరిక: Sangareddy జిల్లాలో 06-07-2023 న భారీ వర్షాలు కురిసే అవకాశం ఉంది (సుమారు 65 మి.మీ.). అప్రమత్తంగా ఉండండి, లోతట్టు ప్రాంతాలకు దూరంగా ఉండండి."
2023-07-08,2023-07-09,1,Peddapalli,Telangana,heavy_rain,yellow,68.2,YELLOW ALERT: Heavy rain likely in Peddapalli district on 09-07-2023 (calibrated forecast about 68 mm). Stay alert and avoid low-lying areas.,"పసుపు హెచ్చరిక: Peddapalli జిల్లాలో 09-07-2023 న భారీ వర్షాలు కురిసే అవకాశం ఉంది (సుమారు 68 మి.మీ.). అప్రమత్తంగా ఉండండి, లోతట్టు ప్రాంతాలకు దూరంగా ఉండండి."
2023-07-11,2023-07-12,1,Adilabad,Telangana,heavy_rain,yellow,107.3,YELLOW ALERT: Heavy rain likely in Adilabad district on 12-07-2023 (calibrated forecast about 107 mm). Stay alert and avoid low-lying areas.,"పసుపు హెచ్చరిక: Adilabad జిల్లాలో 12-07-2023 న భారీ వర్షాలు కురిసే అవకాశం ఉంది (సుమారు 107 మి.మీ.). అప్రమత్తంగా ఉండండి, లోతట్టు ప్రాంతాలకు దూరంగా ఉండండి."
2023-07-11,2023-07-12,1,Jayashankar Bhupalapally,Telangana,heavy_rain,yellow,67.3,YELLOW ALERT: Heavy rain likely in Jayashankar Bhupalapally district on 12-07-2023 (calibrated forecast about 67 mm). Stay alert and avoid low-lying areas.,"పసుపు హెచ్చరిక: Jayashankar Bhupalapally జిల్లాలో 12-07-2023 న భారీ వర్షాలు కురిసే అవకాశం ఉంది (సుమారు 67 మి.మీ.). అప్రమత్తంగా ఉండండి, లోతట్టు ప్రాంతాలకు దూరంగా ఉండండి."
2023-07-11,2023-07-12,1,Kumuram Bheem Asifabad,Telangana,heavy_rain,yellow,94.7,YELLOW ALERT: Heavy rain likely in Kumuram Bheem Asifabad district on 12-07-2023 (calibrated forecast about 95 mm). Stay alert and avoid low-lying areas.,"పసుపు హెచ్చరిక: Kumuram Bheem Asifabad జిల్లాలో 12-07-2023 న భారీ వర్షాలు కురిసే అవకాశం ఉంది (సుమారు 95 మి.మీ.). అప్రమత్తంగా ఉండండి, లోతట్టు ప్రాంతాలకు దూరంగా ఉండండి."
2023-07-11,2023-07-12,1,Mancherial,Telangana,heavy_rain,yellow,84.1,YELLOW ALERT: Heavy rain likely in Mancherial district on 12-07-2023 (calibrated forecast about 84 mm). Stay alert and avoid low-lying areas.,"పసుపు హెచ్చరిక: Mancherial జిల్లాలో 12-07-2023 న భారీ వర్షాలు కురిసే అవకాశం ఉంది (సుమారు 84 మి.మీ.). అప్రమత్తంగా ఉండండి, లోతట్టు ప్రాంతాలకు దూరంగా ఉండండి."
2023-07-11,2023-07-12,1,Mulugu,Telangana,heavy_rain,yellow,77.0,YELLOW ALERT: Heavy rain likely in Mulugu district on 12-07-2023 (calibrated forecast about 77 mm). Stay alert and avoid low-lying areas.,"పసుపు హెచ్చరిక: Mulugu జిల్లాలో 12-07-2023 న భారీ వర్షాలు కురిసే అవకాశం ఉంది (సుమారు 77 మి.మీ.). అప్రమత్తంగా ఉండండి, లోతట్టు ప్రాంతాలకు దూరంగా ఉండండి."
2023-07-11,2023-07-12,1,Nirmal,Telangana,heavy_rain,yellow,98.6,YELLOW ALERT: Heavy rain likely in Nirmal district on 12-07-2023 (calibrated forecast about 99 mm). Stay alert and avoid low-lying areas.,"పసుపు హెచ్చరిక: Nirmal జిల్లాలో 12-07-2023 న భారీ వర్షాలు కురిసే అవకాశం ఉంది (సుమారు 99 మి.మీ.). అప్రమత్తంగా ఉండండి, లోతట్టు ప్రాంతాలకు దూరంగా ఉండండి."
2023-07-11,2023-07-12,1,Nizamabad,Telangana,heavy_rain,yellow,71.7,YELLOW ALERT: Heavy rain likely in Nizamabad district on 12-07-2023 (calibrated forecast about 72 mm). Stay alert and avoid low-lying areas.,"పసుపు హెచ్చరిక: Nizamabad జిల్లాలో 12-07-2023 న భారీ వర్షాలు కురిసే అవకాశం ఉంది (సుమారు 72 మి.మీ.). అప్రమత్తంగా ఉండండి, లోతట్టు ప్రాంతాలకు దూరంగా ఉండండి."
2023-07-13,2023-07-14,1,Khammam,Telangana,heavy_rain,yellow,67.5,YELLOW ALERT: Heavy rain likely in Khammam district on 14-07-2023 (calibrated forecast about 68 mm). Stay alert and avoid low-lying areas.,"పసుపు హెచ్చరిక: Khammam జిల్లాలో 14-07-2023 న భారీ వర్షాలు కురిసే అవకాశం ఉంది (సుమారు 68 మి.మీ.). అప్రమత్తంగా ఉండండి, లోతట్టు ప్రాంతాలకు దూరంగా ఉండండి."
2023-07-13,2023-07-14,1,Krishna,Andhra Pradesh,heavy_rain,yellow,66.8,YELLOW ALERT: Heavy rain likely in Krishna district on 14-07-2023 (calibrated forecast about 67 mm). Stay alert and avoid low-lying areas.,"పసుపు హెచ్చరిక: Krishna జిల్లాలో 14-07-2023 న భారీ వర్షాలు కురిసే అవకాశం ఉంది (సుమారు 67 మి.మీ.). అప్రమత్తంగా ఉండండి, లోతట్టు ప్రాంతాలకు దూరంగా ఉండండి."
2023-07-15,2023-07-16,1,Kamareddy,Telangana,heavy_rain,yellow,69.5,YELLOW ALERT: Heavy rain likely in Kamareddy district on 16-07-2023 (calibrated forecast about 70 mm). Stay alert and avoid low-lying areas.,"పసుపు హెచ్చరిక: Kamareddy జిల్లాలో 16-07-2023 న భారీ వర్షాలు కురిసే అవకాశం ఉంది (సుమారు 70 మి.మీ.). అప్రమత్తంగా ఉండండి, లోతట్టు ప్రాంతాలకు దూరంగా ఉండండి."
2023-07-16,2023-07-17,1,Kumuram Bheem Asifabad,Telangana,heavy_rain,yellow,66.0,YELLOW ALERT: Heavy rain likely in Kumuram Bheem Asifabad district on 17-07-2023 (calibrated forecast about 66 mm). Stay alert and avoid low-lying areas.,"పసుపు హెచ్చరిక: Kumuram Bheem Asifabad జిల్లాలో 17-07-2023 న భారీ వర్షాలు కురిసే అవకాశం ఉంది (సుమారు 66 మి.మీ.). అప్రమత్తంగా ఉండండి, లోతట్టు ప్రాంతాలకు దూరంగా ఉండండి."
2023-07-16,2023-07-17,1,Mancherial,Telangana,heavy_rain,yellow,91.3,YELLOW ALERT: Heavy rain likely in Mancherial district on 17-07-2023 (calibrated forecast about 91 mm). Stay alert and avoid low-lying areas.,"పసుపు హెచ్చరిక: Mancherial జిల్లాలో 17-07-2023 న భారీ వర్షాలు కురిసే అవకాశం ఉంది (సుమారు 91 మి.మీ.). అప్రమత్తంగా ఉండండి, లోతట్టు ప్రాంతాలకు దూరంగా ఉండండి."
2023-07-18,2023-07-19,1,Alluri Sitharama Raju,Andhra Pradesh,heavy_rain,yellow,90.6,YELLOW ALERT: Heavy rain likely in Alluri Sitharama Raju district on 19-07-2023 (calibrated forecast about 91 mm). Stay alert and avoid low-lying areas.,"పసుపు హెచ్చరిక: Alluri Sitharama Raju జిల్లాలో 19-07-2023 న భారీ వర్షాలు కురిసే అవకాశం ఉంది (సుమారు 91 మి.మీ.). అప్రమత్తంగా ఉండండి, లోతట్టు ప్రాంతాలకు దూరంగా ఉండండి."
2023-07-18,2023-07-19,1,Bhadradri Kothagudem,Telangana,heavy_rain,yellow,65.1,YELLOW ALERT: Heavy rain likely in Bhadradri Kothagudem district on 19-07-2023 (calibrated forecast about 65 mm). Stay alert and avoid low-lying areas.,"పసుపు హెచ్చరిక: Bhadradri Kothagudem జిల్లాలో 19-07-2023 న భారీ వర్షాలు కురిసే అవకాశం ఉంది (సుమారు 65 మి.మీ.). అప్రమత్తంగా ఉండండి, లోతట్టు ప్రాంతాలకు దూరంగా ఉండండి."
2023-07-18,2023-07-19,1,Hanumakonda,Telangana,heavy_rain,yellow,75.3,YELLOW ALERT: Heavy rain likely in Hanumakonda district on 19-07-2023 (calibrated forecast about 75 mm). Stay alert and avoid low-lying areas.,"పసుపు హెచ్చరిక: Hanumakonda జిల్లాలో 19-07-2023 న భారీ వర్షాలు కురిసే అవకాశం ఉంది (సుమారు 75 మి.మీ.). అప్రమత్తంగా ఉండండి, లోతట్టు ప్రాంతాలకు దూరంగా ఉండండి."
2023-07-18,2023-07-19,1,Jagitial,Telangana,heavy_rain,yellow,93.4,YELLOW ALERT: Heavy rain likely in Jagitial district on 19-07-2023 (calibrated forecast about 93 mm). Stay alert and avoid low-lying areas.,"పసుపు హెచ్చరిక: Jagitial జిల్లాలో 19-07-2023 న భారీ వర్షాలు కురిసే అవకాశం ఉంది (సుమారు 93 మి.మీ.). అప్రమత్తంగా ఉండండి, లోతట్టు ప్రాంతాలకు దూరంగా ఉండండి."
2023-07-18,2023-07-19,1,Jayashankar Bhupalapally,Telangana,heavy_rain,orange,130.5,ORANGE ALERT: Very heavy rain likely in Jayashankar Bhupalapally district on 19-07-2023 (calibrated forecast about 131 mm). Stay alert and avoid low-lying areas.,"నారింజ హెచ్చరిక: Jayashankar Bhupalapally జిల్లాలో 19-07-2023 న అతి భారీ వర్షాలు కురిసే అవకాశం ఉంది (సుమారు 131 మి.మీ.). అప్రమత్తంగా ఉండండి, లోతట్టు ప్రాంతాలకు దూరంగా ఉండండి."
2023-07-18,2023-07-19,1,Kamareddy,Telangana,heavy_rain,yellow,87.7,YELLOW ALERT: Heavy rain likely in Kamareddy district on 19-07-2023 (calibrated forecast about 88 mm). Stay alert and avoid low-lying areas.,"పసుపు హెచ్చరిక: Kamareddy జిల్లాలో 19-07-2023 న భారీ వర్షాలు కురిసే అవకాశం ఉంది (సుమారు 88 మి.మీ.). అప్రమత్తంగా ఉండండి, లోతట్టు ప్రాంతాలకు దూరంగా ఉండండి."
2023-07-18,2023-07-19,1,Karimnagar,Telangana,heavy_rain,orange,128.6,ORANGE ALERT: Very heavy rain likely in Karimnagar district on 19-07-2023 (calibrated forecast about 129 mm). Stay alert and avoid low-lying areas.,"నారింజ హెచ్చరిక: Karimnagar జిల్లాలో 19-07-2023 న అతి భారీ వర్షాలు కురిసే అవకాశం ఉంది (సుమారు 129 మి.మీ.). అప్రమత్తంగా ఉండండి, లోతట్టు ప్రాంతాలకు దూరంగా ఉండండి."
2023-07-18,2023-07-19,1,Kumuram Bheem Asifabad,Telangana,heavy_rain,orange,127.8,ORANGE ALERT: Very heavy rain likely in Kumuram Bheem Asifabad district on 19-07-2023 (calibrated forecast about 128 mm). Stay alert and avoid low-lying areas.,"నారింజ హెచ్చరిక: Kumuram Bheem Asifabad జిల్లాలో 19-07-2023 న అతి భారీ వర్షాలు కురిసే అవకాశం ఉంది (సుమారు 128 మి.మీ.). అప్రమత్తంగా ఉండండి, లోతట్టు ప్రాంతాలకు దూరంగా ఉండండి."
2023-07-18,2023-07-19,1,Mahabubabad,Telangana,heavy_rain,yellow,98.0,YELLOW ALERT: Heavy rain likely in Mahabubabad district on 19-07-2023 (calibrated forecast about 98 mm). Stay alert and avoid low-lying areas.,"పసుపు హెచ్చరిక: Mahabubabad జిల్లాలో 19-07-2023 న భారీ వర్షాలు కురిసే అవకాశం ఉంది (సుమారు 98 మి.మీ.). అప్రమత్తంగా ఉండండి, లోతట్టు ప్రాంతాలకు దూరంగా ఉండండి."
2023-07-18,2023-07-19,1,Mancherial,Telangana,heavy_rain,yellow,95.1,YELLOW ALERT: Heavy rain likely in Mancherial district on 19-07-2023 (calibrated forecast about 95 mm). Stay alert and avoid low-lying areas.,"పసుపు హెచ్చరిక: Mancherial జిల్లాలో 19-07-2023 న భారీ వర్షాలు కురిసే అవకాశం ఉంది (సుమారు 95 మి.మీ.). అప్రమత్తంగా ఉండండి, లోతట్టు ప్రాంతాలకు దూరంగా ఉండండి."
2023-07-18,2023-07-19,1,Mulugu,Telangana,heavy_rain,orange,127.0,ORANGE ALERT: Very heavy rain likely in Mulugu district on 19-07-2023 (calibrated forecast about 127 mm). Stay alert and avoid low-lying areas.,"నారింజ హెచ్చరిక: Mulugu జిల్లాలో 19-07-2023 న అతి భారీ వర్షాలు కురిసే అవకాశం ఉంది (సుమారు 127 మి.మీ.). అప్రమత్తంగా ఉండండి, లోతట్టు ప్రాంతాలకు దూరంగా ఉండండి."
2023-07-18,2023-07-19,1,Nirmal,Telangana,heavy_rain,yellow,79.5,YELLOW ALERT: Heavy rain likely in Nirmal district on 19-07-2023 (calibrated forecast about 80 mm). Stay alert and avoid low-lying areas.,"పసుపు హెచ్చరిక: Nirmal జిల్లాలో 19-07-2023 న భారీ వర్షాలు కురిసే అవకాశం ఉంది (సుమారు 80 మి.మీ.). అప్రమత్తంగా ఉండండి, లోతట్టు ప్రాంతాలకు దూరంగా ఉండండి."
2023-07-18,2023-07-19,1,Nizamabad,Telangana,heavy_rain,yellow,96.2,YELLOW ALERT: Heavy rain likely in Nizamabad district on 19-07-2023 (calibrated forecast about 96 mm). Stay alert and avoid low-lying areas.,"పసుపు హెచ్చరిక: Nizamabad జిల్లాలో 19-07-2023 న భారీ వర్షాలు కురిసే అవకాశం ఉంది (సుమారు 96 మి.మీ.). అప్రమత్తంగా ఉండండి, లోతట్టు ప్రాంతాలకు దూరంగా ఉండండి."
2023-07-18,2023-07-19,1,Parvathipuram Manyam,Andhra Pradesh,heavy_rain,yellow,70.8,YELLOW ALERT: Heavy rain likely in Parvathipuram Manyam district on 19-07-2023 (calibrated forecast about 71 mm). Stay alert and avoid low-lying areas.,"పసుపు హెచ్చరిక: Parvathipuram Manyam జిల్లాలో 19-07-2023 న భారీ వర్షాలు కురిసే అవకాశం ఉంది (సుమారు 71 మి.మీ.). అప్రమత్తంగా ఉండండి, లోతట్టు ప్రాంతాలకు దూరంగా ఉండండి."
2023-07-18,2023-07-19,1,Peddapalli,Telangana,heavy_rain,yellow,112.2,YELLOW ALERT: Heavy rain likely in Peddapalli district on 19-07-2023 (calibrated forecast about 112 mm). Stay alert and avoid low-lying areas.,"పసుపు హెచ్చరిక: Peddapalli జిల్లాలో 19-07-2023 న భారీ వర్షాలు కురిసే అవకాశం ఉంది (సుమారు 112 మి.మీ.). అప్రమత్తంగా ఉండండి, లోతట్టు ప్రాంతాలకు దూరంగా ఉండండి."
2023-07-18,2023-07-19,1,Rajanna Sircilla,Telangana,heavy_rain,yellow,79.4,YELLOW ALERT: Heavy rain likely in Rajanna Sircilla district on 19-07-2023 (calibrated forecast about 79 mm). Stay alert and avoid low-lying areas.,"పసుపు హెచ్చరిక: Rajanna Sircilla జిల్లాలో 19-07-2023 న భారీ వర్షాలు కురిసే అవకాశం ఉంది (సుమారు 79 మి.మీ.). అప్రమత్తంగా ఉండండి, లోతట్టు ప్రాంతాలకు దూరంగా ఉండండి."
2023-07-18,2023-07-19,1,Siddipet,Telangana,heavy_rain,yellow,75.5,YELLOW ALERT: Heavy rain likely in Siddipet district on 19-07-2023 (calibrated forecast about 75 mm). Stay alert and avoid low-lying areas.,"పసుపు హెచ్చరిక: Siddipet జిల్లాలో 19-07-2023 న భారీ వర్షాలు కురిసే అవకాశం ఉంది (సుమారు 75 మి.మీ.). అప్రమత్తంగా ఉండండి, లోతట్టు ప్రాంతాలకు దూరంగా ఉండండి."
2023-07-18,2023-07-19,1,Srikakulam,Andhra Pradesh,heavy_rain,yellow,67.8,YELLOW ALERT: Heavy rain likely in Srikakulam district on 19-07-2023 (calibrated forecast about 68 mm). Stay alert and avoid low-lying areas.,"పసుపు హెచ్చరిక: Srikakulam జిల్లాలో 19-07-2023 న భారీ వర్షాలు కురిసే అవకాశం ఉంది (సుమారు 68 మి.మీ.). అప్రమత్తంగా ఉండండి, లోతట్టు ప్రాంతాలకు దూరంగా ఉండండి."
2023-07-18,2023-07-19,1,Warangal,Telangana,heavy_rain,yellow,86.9,YELLOW ALERT: Heavy rain likely in Warangal district on 19-07-2023 (calibrated forecast about 87 mm). Stay alert and avoid low-lying areas.,"పసుపు హెచ్చరిక: Warangal జిల్లాలో 19-07-2023 న భారీ వర్షాలు కురిసే అవకాశం ఉంది (సుమారు 87 మి.మీ.). అప్రమత్తంగా ఉండండి, లోతట్టు ప్రాంతాలకు దూరంగా ఉండండి."
2023-07-19,2023-07-20,1,Adilabad,Telangana,heavy_rain,yellow,96.6,YELLOW ALERT: Heavy rain likely in Adilabad district on 20-07-2023 (calibrated forecast about 97 mm). Stay alert and avoid low-lying areas.,"పసుపు హెచ్చరిక: Adilabad జిల్లాలో 20-07-2023 న భారీ వర్షాలు కురిసే అవకాశం ఉంది (సుమారు 97 మి.మీ.). అప్రమత్తంగా ఉండండి, లోతట్టు ప్రాంతాలకు దూరంగా ఉండండి."
2023-07-19,2023-07-20,1,Alluri Sitharama Raju,Andhra Pradesh,heavy_rain,yellow,85.5,YELLOW ALERT: Heavy rain likely in Alluri Sitharama Raju district on 20-07-2023 (calibrated forecast about 85 mm). Stay alert and avoid low-lying areas.,"పసుపు హెచ్చరిక: Alluri Sitharama Raju జిల్లాలో 20-07-2023 న భారీ వర్షాలు కురిసే అవకాశం ఉంది (సుమారు 85 మి.మీ.). అప్రమత్తంగా ఉండండి, లోతట్టు ప్రాంతాలకు దూరంగా ఉండండి."
2023-07-19,2023-07-20,1,Bhadradri Kothagudem,Telangana,heavy_rain,orange,129.8,ORANGE ALERT: Very heavy rain likely in Bhadradri Kothagudem district on 20-07-2023 (calibrated forecast about 130 mm). Stay alert and avoid low-lying areas.,"నారింజ హెచ్చరిక: Bhadradri Kothagudem జిల్లాలో 20-07-2023 న అతి భారీ వర్షాలు కురిసే అవకాశం ఉంది (సుమారు 130 మి.మీ.). అప్రమత్తంగా ఉండండి, లోతట్టు ప్రాంతాలకు దూరంగా ఉండండి."
2023-07-19,2023-07-20,1,Jagitial,Telangana,heavy_rain,yellow,65.4,YELLOW ALERT: Heavy rain likely in Jagitial district on 20-07-2023 (calibrated forecast about 65 mm). Stay alert and avoid low-lying areas.,"పసుపు హెచ్చరిక: Jagitial జిల్లాలో 20-07-2023 న భారీ వర్షాలు కురిసే అవకాశం ఉంది (సుమారు 65 మి.మీ.). అప్రమత్తంగా ఉండండి, లోతట్టు ప్రాంతాలకు దూరంగా ఉండండి."
2023-07-19,2023-07-20,1,Jayashankar Bhupalapally,Telangana,heavy_rain,yellow,95.0,YELLOW ALERT: Heavy rain likely in Jayashankar Bhupalapally district on 20-07-2023 (calibrated forecast about 95 mm). Stay alert and avoid low-lying areas.,"పసుపు హెచ్చరిక: Jayashankar Bhupalapally జిల్లాలో 20-07-2023 న భారీ వర్షాలు కురిసే అవకాశం ఉంది (సుమారు 95 మి.మీ.). అప్రమత్తంగా ఉండండి, లోతట్టు ప్రాంతాలకు దూరంగా ఉండండి."
2023-07-19,2023-07-20,1,Kamareddy,Telangana,heavy_rain,yellow,68.3,YELLOW ALERT: Heavy rain likely in Kamareddy district on 20-07-2023 (calibrated forecast about 68 mm). Stay alert and avoid low-lying areas.,"పసుపు హెచ్చరిక: Kamareddy జిల్లాలో 20-07-2023 న భారీ వర్షాలు కురిసే అవకాశం ఉంది (సుమారు 68 మి.మీ.). అప్రమత్తంగా ఉండండి, లోతట్టు ప్రాంతాలకు దూరంగా ఉండండి."
2023-07-19,2023-07-20,1,Karimnagar,Telangana,heavy_rain,yellow,83.1,YELLOW ALERT: Heavy rain likely in Karimnagar district on 20-07-2023 (calibrated forecast about 83 mm). Stay alert and avoid low-lying areas.,"పసుపు హెచ్చరిక: Karimnagar జిల్లాలో 20-07-2023 న భారీ వర్షాలు కురిసే అవకాశం ఉంది (సుమారు 83 మి.మీ.). అప్రమత్తంగా ఉండండి, లోతట్టు ప్రాంతాలకు దూరంగా ఉండండి."
2023-07-19,2023-07-20,1,Kumuram Bheem Asifabad,Telangana,heavy_rain,yellow,106.9,YELLOW ALERT: Heavy rain likely in Kumuram Bheem Asifabad district on 20-07-2023 (calibrated forecast about 107 mm). Stay alert and avoid low-lying areas.,"పసుపు హెచ్చరిక: Kumuram Bheem Asifabad జిల్లాలో 20-07-2023 న భారీ వర్షాలు కురిసే అవకాశం ఉంది (సుమారు 107 మి.మీ.). అప్రమత్తంగా ఉండండి, లోతట్టు ప్రాంతాలకు దూరంగా ఉండండి."
2023-07-19,2023-07-20,1,Mahabubabad,Telangana,heavy_rain,yellow,89.0,YELLOW ALERT: Heavy rain likely in Mahabubabad district on 20-07-2023 (calibrated forecast about 89 mm). Stay alert and avoid low-lying areas.,"పసుపు హెచ్చరిక: Mahabubabad జిల్లాలో 20-07-2023 న భారీ వర్షాలు కురిసే అవకాశం ఉంది (సుమారు 89 మి.మీ.). అప్రమత్తంగా ఉండండి, లోతట్టు ప్రాంతాలకు దూరంగా ఉండండి."
2023-07-19,2023-07-20,1,Mancherial,Telangana,heavy_rain,yellow,80.4,YELLOW ALERT: Heavy rain likely in Mancherial district on 20-07-2023 (calibrated forecast about 80 mm). Stay alert and avoid low-lying areas.,"పసుపు హెచ్చరిక: Mancherial జిల్లాలో 20-07-2023 న భారీ వర్షాలు కురిసే అవకాశం ఉంది (సుమారు 80 మి.మీ.). అప్రమత్తంగా ఉండండి, లోతట్టు ప్రాంతాలకు దూరంగా ఉండండి."
2023-07-19,2023-07-20,1,Medak,Telangana,heavy_rain,yellow,71.1,YELLOW ALERT: Heavy rain likely in Medak district on 20-07-2023 (calibrated forecast about 71 mm). Stay alert and avoid low-lying areas.,"పసుపు హెచ్చరిక: Medak జిల్లాలో 20-07-2023 న భారీ వర్షాలు కురిసే అవకాశం ఉంది (సుమారు 71 మి.మీ.). అప్రమత్తంగా ఉండండి, లోతట్టు ప్రాంతాలకు దూరంగా ఉండండి."
2023-07-19,2023-07-20,1,Mulugu,Telangana,heavy_rain,yellow,107.4,YELLOW ALERT: Heavy rain likely in Mulugu district on 20-07-2023 (calibrated forecast about 107 mm). Stay alert and avoid low-lying areas.,"పసుపు హెచ్చరిక: Mulugu జిల్లాలో 20-07-2023 న భారీ వర్షాలు కురిసే అవకాశం ఉంది (సుమారు 107 మి.మీ.). అప్రమత్తంగా ఉండండి, లోతట్టు ప్రాంతాలకు దూరంగా ఉండండి."
2023-07-19,2023-07-20,1,Nirmal,Telangana,heavy_rain,yellow,96.0,YELLOW ALERT: Heavy rain likely in Nirmal district on 20-07-2023 (calibrated forecast about 96 mm). Stay alert and avoid low-lying areas.,"పసుపు హెచ్చరిక: Nirmal జిల్లాలో 20-07-2023 న భారీ వర్షాలు కురిసే అవకాశం ఉంది (సుమారు 96 మి.మీ.). అప్రమత్తంగా ఉండండి, లోతట్టు ప్రాంతాలకు దూరంగా ఉండండి."
2023-07-19,2023-07-20,1,Nizamabad,Telangana,heavy_rain,yellow,89.9,YELLOW ALERT: Heavy rain likely in Nizamabad district on 20-07-2023 (calibrated forecast about 90 mm). Stay alert and avoid low-lying areas.,"పసుపు హెచ్చరిక: Nizamabad జిల్లాలో 20-07-2023 న భారీ వర్షాలు కురిసే అవకాశం ఉంది (సుమారు 90 మి.మీ.). అప్రమత్తంగా ఉండండి, లోతట్టు ప్రాంతాలకు దూరంగా ఉండండి."
2023-07-19,2023-07-20,1,Peddapalli,Telangana,heavy_rain,yellow,64.8,YELLOW ALERT: Heavy rain likely in Peddapalli district on 20-07-2023 (calibrated forecast about 65 mm). Stay alert and avoid low-lying areas.,"పసుపు హెచ్చరిక: Peddapalli జిల్లాలో 20-07-2023 న భారీ వర్షాలు కురిసే అవకాశం ఉంది (సుమారు 65 మి.మీ.). అప్రమత్తంగా ఉండండి, లోతట్టు ప్రాంతాలకు దూరంగా ఉండండి."
2023-07-19,2023-07-20,1,Warangal,Telangana,heavy_rain,yellow,86.3,YELLOW ALERT: Heavy rain likely in Warangal district on 20-07-2023 (calibrated forecast about 86 mm). Stay alert and avoid low-lying areas.,"పసుపు హెచ్చరిక: Warangal జిల్లాలో 20-07-2023 న భారీ వర్షాలు కురిసే అవకాశం ఉంది (సుమారు 86 మి.మీ.). అప్రమత్తంగా ఉండండి, లోతట్టు ప్రాంతాలకు దూరంగా ఉండండి."
2023-07-20,2023-07-21,1,Adilabad,Telangana,heavy_rain,yellow,73.2,YELLOW ALERT: Heavy rain likely in Adilabad district on 21-07-2023 (calibrated forecast about 73 mm). Stay alert and avoid low-lying areas.,"పసుపు హెచ్చరిక: Adilabad జిల్లాలో 21-07-2023 న భారీ వర్షాలు కురిసే అవకాశం ఉంది (సుమారు 73 మి.మీ.). అప్రమత్తంగా ఉండండి, లోతట్టు ప్రాంతాలకు దూరంగా ఉండండి."
2023-07-20,2023-07-21,1,Alluri Sitharama Raju,Andhra Pradesh,heavy_rain,yellow,89.2,YELLOW ALERT: Heavy rain likely in Alluri Sitharama Raju district on 21-07-2023 (calibrated forecast about 89 mm). Stay alert and avoid low-lying areas.,"పసుపు హెచ్చరిక: Alluri Sitharama Raju జిల్లాలో 21-07-2023 న భారీ వర్షాలు కురిసే అవకాశం ఉంది (సుమారు 89 మి.మీ.). అప్రమత్తంగా ఉండండి, లోతట్టు ప్రాంతాలకు దూరంగా ఉండండి."
2023-07-20,2023-07-21,1,Bhadradri Kothagudem,Telangana,heavy_rain,yellow,89.9,YELLOW ALERT: Heavy rain likely in Bhadradri Kothagudem district on 21-07-2023 (calibrated forecast about 90 mm). Stay alert and avoid low-lying areas.,"పసుపు హెచ్చరిక: Bhadradri Kothagudem జిల్లాలో 21-07-2023 న భారీ వర్షాలు కురిసే అవకాశం ఉంది (సుమారు 90 మి.మీ.). అప్రమత్తంగా ఉండండి, లోతట్టు ప్రాంతాలకు దూరంగా ఉండండి."
2023-07-20,2023-07-21,1,Eluru,Andhra Pradesh,heavy_rain,yellow,71.1,YELLOW ALERT: Heavy rain likely in Eluru district on 21-07-2023 (calibrated forecast about 71 mm). Stay alert and avoid low-lying areas.,"పసుపు హెచ్చరిక: Eluru జిల్లాలో 21-07-2023 న భారీ వర్షాలు కురిసే అవకాశం ఉంది (సుమారు 71 మి.మీ.). అప్రమత్తంగా ఉండండి, లోతట్టు ప్రాంతాలకు దూరంగా ఉండండి."
2023-07-20,2023-07-21,1,Hanumakonda,Telangana,heavy_rain,yellow,67.1,YELLOW ALERT: Heavy rain likely in Hanumakonda district on 21-07-2023 (calibrated forecast about 67 mm). Stay alert and avoid low-lying areas.,"పసుపు హెచ్చరిక: Hanumakonda జిల్లాలో 21-07-2023 న భారీ వర్షాలు కురిసే అవకాశం ఉంది (సుమారు 67 మి.మీ.). అప్రమత్తంగా ఉండండి, లోతట్టు ప్రాంతాలకు దూరంగా ఉండండి."
2023-07-20,2023-07-21,1,Jagitial,Telangana,heavy_rain,yellow,88.6,YELLOW ALERT: Heavy rain likely in Jagitial district on 21-07-2023 (calibrated forecast about 89 mm). Stay alert and avoid low-lying areas.,"పసుపు హెచ్చరిక: Jagitial జిల్లాలో 21-07-2023 న భారీ వర్షాలు కురిసే అవకాశం ఉంది (సుమారు 89 మి.మీ.). అప్రమత్తంగా ఉండండి, లోతట్టు ప్రాంతాలకు దూరంగా ఉండండి."
2023-07-20,2023-07-21,1,Jangoan,Telangana,heavy_rain,orange,119.8,ORANGE ALERT: Very heavy rain likely in Jangoan district on 21-07-2023 (calibrated forecast about 120 mm). Stay alert and avoid low-lying areas.,"నారింజ హెచ్చరిక: Jangoan జిల్లాలో 21-07-2023 న అతి భారీ వర్షాలు కురిసే అవకాశం ఉంది (సుమారు 120 మి.మీ.). అప్రమత్తంగా ఉండండి, లోతట్టు ప్రాంతాలకు దూరంగా ఉండండి."
2023-07-20,2023-07-21,1,Jayashankar Bhupalapally,Telangana,heavy_rain,orange,116.0,ORANGE ALERT: Very heavy rain likely in Jayashankar Bhupalapally district on 21-07-2023 (calibrated forecast about 116 mm). Stay alert and avoid low-lying areas.,"నారింజ హెచ్చరిక: Jayashankar Bhupalapally జిల్లాలో 21-07-2023 న అతి భారీ వర్షాలు కురిసే అవకాశం ఉంది (సుమారు 116 మి.మీ.). అప్రమత్తంగా ఉండండి, లోతట్టు ప్రాంతాలకు దూరంగా ఉండండి."
2023-07-20,2023-07-21,1,Kamareddy,Telangana,heavy_rain,yellow,103.1,YELLOW ALERT: Heavy rain likely in Kamareddy district on 21-07-2023 (calibrated forecast about 103 mm). Stay alert and avoid low-lying areas.,"పసుపు హెచ్చరిక: Kamareddy జిల్లాలో 21-07-2023 న భారీ వర్షాలు కురిసే అవకాశం ఉంది (సుమారు 103 మి.మీ.). అప్రమత్తంగా ఉండండి, లోతట్టు ప్రాంతాలకు దూరంగా ఉండండి."
2023-07-20,2023-07-21,1,Karimnagar,Telangana,heavy_rain,yellow,83.2,YELLOW ALERT: Heavy rain likely in Karimnagar district on 21-07-2023 (calibrated forecast about 83 mm). Stay alert and avoid low-lying areas.,"పసుపు హెచ్చరిక: Karimnagar జిల్లాలో 21-07-2023 న భారీ వర్షాలు కురిసే అవకాశం ఉంది (సుమారు 83 మి.మీ.). అప్రమత్తంగా ఉండండి, లోతట్టు ప్రాంతాలకు దూరంగా ఉండండి."
2023-07-20,2023-07-21,1,Kumuram Bheem Asifabad,Telangana,heavy_rain,orange,176.4,ORANGE ALERT: Very heavy rain likely in Kumuram Bheem Asifabad district on 21-07-2023 (calibrated forecast about 176 mm). Stay alert and avoid low-lying areas.,"నారింజ హెచ్చరిక: Kumuram Bheem Asifabad జిల్లాలో 21-07-2023 న అతి భారీ వర్షాలు కురిసే అవకాశం ఉంది (సుమారు 176 మి.మీ.). అప్రమత్తంగా ఉండండి, లోతట్టు ప్రాంతాలకు దూరంగా ఉండండి."
2023-07-20,2023-07-21,1,Mahabubabad,Telangana,heavy_rain,yellow,90.1,YELLOW ALERT: Heavy rain likely in Mahabubabad district on 21-07-2023 (calibrated forecast about 90 mm). Stay alert and avoid low-lying areas.,"పసుపు హెచ్చరిక: Mahabubabad జిల్లాలో 21-07-2023 న భారీ వర్షాలు కురిసే అవకాశం ఉంది (సుమారు 90 మి.మీ.). అప్రమత్తంగా ఉండండి, లోతట్టు ప్రాంతాలకు దూరంగా ఉండండి."
2023-07-20,2023-07-21,1,Mancherial,Telangana,heavy_rain,orange,118.9,ORANGE ALERT: Very heavy rain likely in Mancherial district on 21-07-2023 (calibrated forecast about 119 mm). Stay alert and avoid low-lying areas.,"నారింజ హెచ్చరిక: Mancherial జిల్లాలో 21-07-2023 న అతి భారీ వర్షాలు కురిసే అవకాశం ఉంది (సుమారు 119 మి.మీ.). అప్రమత్తంగా ఉండండి, లోతట్టు ప్రాంతాలకు దూరంగా ఉండండి."
2023-07-20,2023-07-21,1,Medak,Telangana,heavy_rain,yellow,101.8,YELLOW ALERT: Heavy rain likely in Medak district on 21-07-2023 (calibrated forecast about 102 mm). Stay alert and avoid low-lying areas.,"పసుపు హెచ్చరిక: Medak జిల్లాలో 21-07-2023 న భారీ వర్షాలు కురిసే అవకాశం ఉంది (సుమారు 102 మి.మీ.). అప్రమత్తంగా ఉండండి, లోతట్టు ప్రాంతాలకు దూరంగా ఉండండి."
2023-07-20,2023-07-21,1,Mulugu,Telangana,heavy_rain,orange,125.7,ORANGE ALERT: Very heavy rain likely in Mulugu district on 21-07-2023 (calibrated forecast about 126 mm). Stay alert and avoid low-lying areas.,"నారింజ హెచ్చరిక: Mulugu జిల్లాలో 21-07-2023 న అతి భారీ వర్షాలు కురిసే అవకాశం ఉంది (సుమారు 126 మి.మీ.). అప్రమత్తంగా ఉండండి, లోతట్టు ప్రాంతాలకు దూరంగా ఉండండి."
2023-07-20,2023-07-21,1,Nirmal,Telangana,heavy_rain,yellow,83.1,YELLOW ALERT: Heavy rain likely in Nirmal district on 21-07-2023 (calibrated forecast about 83 mm). Stay alert and avoid low-lying areas.,"పసుపు హెచ్చరిక: Nirmal జిల్లాలో 21-07-2023 న భారీ వర్షాలు కురిసే అవకాశం ఉంది (సుమారు 83 మి.మీ.). అప్రమత్తంగా ఉండండి, లోతట్టు ప్రాంతాలకు దూరంగా ఉండండి."
2023-07-20,2023-07-21,1,Nizamabad,Telangana,heavy_rain,yellow,108.2,YELLOW ALERT: Heavy rain likely in Nizamabad district on 21-07-2023 (calibrated forecast about 108 mm). Stay alert and avoid low-lying areas.,"పసుపు హెచ్చరిక: Nizamabad జిల్లాలో 21-07-2023 న భారీ వర్షాలు కురిసే అవకాశం ఉంది (సుమారు 108 మి.మీ.). అప్రమత్తంగా ఉండండి, లోతట్టు ప్రాంతాలకు దూరంగా ఉండండి."
2023-07-20,2023-07-21,1,Peddapalli,Telangana,heavy_rain,yellow,87.5,YELLOW ALERT: Heavy rain likely in Peddapalli district on 21-07-2023 (calibrated forecast about 88 mm). Stay alert and avoid low-lying areas.,"పసుపు హెచ్చరిక: Peddapalli జిల్లాలో 21-07-2023 న భారీ వర్షాలు కురిసే అవకాశం ఉంది (సుమారు 88 మి.మీ.). అప్రమత్తంగా ఉండండి, లోతట్టు ప్రాంతాలకు దూరంగా ఉండండి."
2023-07-20,2023-07-21,1,Rajanna Sircilla,Telangana,heavy_rain,yellow,74.4,YELLOW ALERT: Heavy rain likely in Rajanna Sircilla district on 21-07-2023 (calibrated forecast about 74 mm). Stay alert and avoid low-lying areas.,"పసుపు హెచ్చరిక: Rajanna Sircilla జిల్లాలో 21-07-2023 న భారీ వర్షాలు కురిసే అవకాశం ఉంది (సుమారు 74 మి.మీ.). అప్రమత్తంగా ఉండండి, లోతట్టు ప్రాంతాలకు దూరంగా ఉండండి."
2023-07-20,2023-07-21,1,Sangareddy,Telangana,heavy_rain,yellow,87.9,YELLOW ALERT: Heavy rain likely in Sangareddy district on 21-07-2023 (calibrated forecast about 88 mm). Stay alert and avoid low-lying areas.,"పసుపు హెచ్చరిక: Sangareddy జిల్లాలో 21-07-2023 న భారీ వర్షాలు కురిసే అవకాశం ఉంది (సుమారు 88 మి.మీ.). అప్రమత్తంగా ఉండండి, లోతట్టు ప్రాంతాలకు దూరంగా ఉండండి."
2023-07-20,2023-07-21,1,Siddipet,Telangana,heavy_rain,yellow,99.6,YELLOW ALERT: Heavy rain likely in Siddipet district on 21-07-2023 (calibrated forecast about 100 mm). Stay alert and avoid low-lying areas.,"పసుపు హెచ్చరిక: Siddipet జిల్లాలో 21-07-2023 న భారీ వర్షాలు కురిసే అవకాశం ఉంది (సుమారు 100 మి.మీ.). అప్రమత్తంగా ఉండండి, లోతట్టు ప్రాంతాలకు దూరంగా ఉండండి."
2023-07-20,2023-07-21,1,Warangal,Telangana,heavy_rain,orange,120.5,ORANGE ALERT: Very heavy rain likely in Warangal district on 21-07-2023 (calibrated forecast about 120 mm). Stay alert and avoid low-lying areas.,"నారింజ హెచ్చరిక: Warangal జిల్లాలో 21-07-2023 న అతి భారీ వర్షాలు కురిసే అవకాశం ఉంది (సుమారు 120 మి.మీ.). అప్రమత్తంగా ఉండండి, లోతట్టు ప్రాంతాలకు దూరంగా ఉండండి."
2023-07-21,2023-07-22,1,Adilabad,Telangana,heavy_rain,yellow,100.8,YELLOW ALERT: Heavy rain likely in Adilabad district on 22-07-2023 (calibrated forecast about 101 mm). Stay alert and avoid low-lying areas.,"పసుపు హెచ్చరిక: Adilabad జిల్లాలో 22-07-2023 న భారీ వర్షాలు కురిసే అవకాశం ఉంది (సుమారు 101 మి.మీ.). అప్రమత్తంగా ఉండండి, లోతట్టు ప్రాంతాలకు దూరంగా ఉండండి."
2023-07-21,2023-07-22,1,Jagitial,Telangana,heavy_rain,yellow,114.0,YELLOW ALERT: Heavy rain likely in Jagitial district on 22-07-2023 (calibrated forecast about 114 mm). Stay alert and avoid low-lying areas.,"పసుపు హెచ్చరిక: Jagitial జిల్లాలో 22-07-2023 న భారీ వర్షాలు కురిసే అవకాశం ఉంది (సుమారు 114 మి.మీ.). అప్రమత్తంగా ఉండండి, లోతట్టు ప్రాంతాలకు దూరంగా ఉండండి."
2023-07-21,2023-07-22,1,Jangoan,Telangana,heavy_rain,yellow,69.6,YELLOW ALERT: Heavy rain likely in Jangoan district on 22-07-2023 (calibrated forecast about 70 mm). Stay alert and avoid low-lying areas.,"పసుపు హెచ్చరిక: Jangoan జిల్లాలో 22-07-2023 న భారీ వర్షాలు కురిసే అవకాశం ఉంది (సుమారు 70 మి.మీ.). అప్రమత్తంగా ఉండండి, లోతట్టు ప్రాంతాలకు దూరంగా ఉండండి."
2023-07-21,2023-07-22,1,Jayashankar Bhupalapally,Telangana,heavy_rain,yellow,99.5,YELLOW ALERT: Heavy rain likely in Jayashankar Bhupalapally district on 22-07-2023 (calibrated forecast about 99 mm). Stay alert and avoid low-lying areas.,"పసుపు హెచ్చరిక: Jayashankar Bhupalapally జిల్లాలో 22-07-2023 న భారీ వర్షాలు కురిసే అవకాశం ఉంది (సుమారు 99 మి.మీ.). అప్రమత్తంగా ఉండండి, లోతట్టు ప్రాంతాలకు దూరంగా ఉండండి."
2023-07-21,2023-07-22,1,Kamareddy,Telangana,heavy_rain,yellow,77.8,YELLOW ALERT: Heavy rain likely in Kamareddy district on 22-07-2023 (calibrated forecast about 78 mm). Stay alert and avoid low-lying areas.,"పసుపు హెచ్చరిక: Kamareddy జిల్లాలో 22-07-2023 న భారీ వర్షాలు కురిసే అవకాశం ఉంది (సుమారు 78 మి.మీ.). అప్రమత్తంగా ఉండండి, లోతట్టు ప్రాంతాలకు దూరంగా ఉండండి."
2023-07-21,2023-07-22,1,Karimnagar,Telangana,heavy_rain,yellow,97.9,YELLOW ALERT: Heavy rain likely in Karimnagar district on 22-07-2023 (calibrated forecast about 98 mm). Stay alert and avoid low-lying areas.,"పసుపు హెచ్చరిక: Karimnagar జిల్లాలో 22-07-2023 న భారీ వర్షాలు కురిసే అవకాశం ఉంది (సుమారు 98 మి.మీ.). అప్రమత్తంగా ఉండండి, లోతట్టు ప్రాంతాలకు దూరంగా ఉండండి."
2023-07-21,2023-07-22,1,Kumuram Bheem Asifabad,Telangana,heavy_rain,orange,137.7,ORANGE ALERT: Very heavy rain likely in Kumuram Bheem Asifabad district on 22-07-2023 (calibrated forecast about 138 mm). Stay alert and avoid low-lying areas.,"నారింజ హెచ్చరిక: Kumuram Bheem Asifabad జిల్లాలో 22-07-2023 న అతి భారీ వర్షాలు కురిసే అవకాశం ఉంది (సుమారు 138 మి.మీ.). అప్రమత్తంగా ఉండండి, లోతట్టు ప్రాంతాలకు దూరంగా ఉండండి."
2023-07-21,2023-07-22,1,Mahabubabad,Telangana,heavy_rain,yellow,72.4,YELLOW ALERT: Heavy rain likely in Mahabubabad district on 22-07-2023 (calibrated forecast about 72 mm). Stay alert and avoid low-lying areas.,"పసుపు హెచ్చరిక: Mahabubabad జిల్లాలో 22-07-2023 న భారీ వర్షాలు కురిసే అవకాశం ఉంది (సుమారు 72 మి.మీ.). అప్రమత్తంగా ఉండండి, లోతట్టు ప్రాంతాలకు దూరంగా ఉండండి."
2023-07-21,2023-07-22,1,Mancherial,Telangana,heavy_rain,orange,131.9,ORANGE ALERT: Very heavy rain likely in Mancherial district on 22-07-2023 (calibrated forecast about 132 mm). Stay alert and avoid low-lying areas.,"నారింజ హెచ్చరిక: Mancherial జిల్లాలో 22-07-2023 న అతి భారీ వర్షాలు కురిసే అవకాశం ఉంది (సుమారు 132 మి.మీ.). అప్రమత్తంగా ఉండండి, లోతట్టు ప్రాంతాలకు దూరంగా ఉండండి."
2023-07-21,2023-07-22,1,Medak,Telangana,heavy_rain,yellow,79.4,YELLOW ALERT: Heavy rain likely in Medak district on 22-07-2023 (calibrated forecast about 79 mm). Stay alert and avoid low-lying areas.,"పసుపు హెచ్చరిక: Medak జిల్లాలో 22-07-2023 న భారీ వర్షాలు కురిసే అవకాశం ఉంది (సుమారు 79 మి.మీ.). అప్రమత్తంగా ఉండండి, లోతట్టు ప్రాంతాలకు దూరంగా ఉండండి."
2023-07-21,2023-07-22,1,Mulugu,Telangana,heavy_rain,yellow,76.3,YELLOW ALERT: Heavy rain likely in Mulugu district on 22-07-2023 (calibrated forecast about 76 mm). Stay alert and avoid low-lying areas.,"పసుపు హెచ్చరిక: Mulugu జిల్లాలో 22-07-2023 న భారీ వర్షాలు కురిసే అవకాశం ఉంది (సుమారు 76 మి.మీ.). అప్రమత్తంగా ఉండండి, లోతట్టు ప్రాంతాలకు దూరంగా ఉండండి."
2023-07-21,2023-07-22,1,Nirmal,Telangana,heavy_rain,yellow,104.1,YELLOW ALERT: Heavy rain likely in Nirmal district on 22-07-2023 (calibrated forecast about 104 mm). Stay alert and avoid low-lying areas.,"పసుపు హెచ్చరిక: Nirmal జిల్లాలో 22-07-2023 న భారీ వర్షాలు కురిసే అవకాశం ఉంది (సుమారు 104 మి.మీ.). అప్రమత్తంగా ఉండండి, లోతట్టు ప్రాంతాలకు దూరంగా ఉండండి."
2023-07-21,2023-07-22,1,Nizamabad,Telangana,heavy_rain,yellow,78.4,YELLOW ALERT: Heavy rain likely in Nizamabad district on 22-07-2023 (calibrated forecast about 78 mm). Stay alert and avoid low-lying areas.,"పసుపు హెచ్చరిక: Nizamabad జిల్లాలో 22-07-2023 న భారీ వర్షాలు కురిసే అవకాశం ఉంది (సుమారు 78 మి.మీ.). అప్రమత్తంగా ఉండండి, లోతట్టు ప్రాంతాలకు దూరంగా ఉండండి."
2023-07-21,2023-07-22,1,Peddapalli,Telangana,heavy_rain,yellow,111.1,YELLOW ALERT: Heavy rain likely in Peddapalli district on 22-07-2023 (calibrated forecast about 111 mm). Stay alert and avoid low-lying areas.,"పసుపు హెచ్చరిక: Peddapalli జిల్లాలో 22-07-2023 న భారీ వర్షాలు కురిసే అవకాశం ఉంది (సుమారు 111 మి.మీ.). అప్రమత్తంగా ఉండండి, లోతట్టు ప్రాంతాలకు దూరంగా ఉండండి."
2023-07-21,2023-07-22,1,Rajanna Sircilla,Telangana,heavy_rain,yellow,114.4,YELLOW ALERT: Heavy rain likely in Rajanna Sircilla district on 22-07-2023 (calibrated forecast about 114 mm). Stay alert and avoid low-lying areas.,"పసుపు హెచ్చరిక: Rajanna Sircilla జిల్లాలో 22-07-2023 న భారీ వర్షాలు కురిసే అవకాశం ఉంది (సుమారు 114 మి.మీ.). అప్రమత్తంగా ఉండండి, లోతట్టు ప్రాంతాలకు దూరంగా ఉండండి."
2023-07-21,2023-07-22,1,Ranga Reddy,Telangana,heavy_rain,yellow,77.6,YELLOW ALERT: Heavy rain likely in Ranga Reddy district on 22-07-2023 (calibrated forecast about 78 mm). Stay alert and avoid low-lying areas.,"పసుపు హెచ్చరిక: Ranga Reddy జిల్లాలో 22-07-2023 న భారీ వర్షాలు కురిసే అవకాశం ఉంది (సుమారు 78 మి.మీ.). అప్రమత్తంగా ఉండండి, లోతట్టు ప్రాంతాలకు దూరంగా ఉండండి."
2023-07-21,2023-07-22,1,Sangareddy,Telangana,heavy_rain,yellow,73.8,YELLOW ALERT: Heavy rain likely in Sangareddy district on 22-07-2023 (calibrated forecast about 74 mm). Stay alert and avoid low-lying areas.,"పసుపు హెచ్చరిక: Sangareddy జిల్లాలో 22-07-2023 న భారీ వర్షాలు కురిసే అవకాశం ఉంది (సుమారు 74 మి.మీ.). అప్రమత్తంగా ఉండండి, లోతట్టు ప్రాంతాలకు దూరంగా ఉండండి."
2023-07-21,2023-07-22,1,Siddipet,Telangana,heavy_rain,yellow,71.6,YELLOW ALERT: Heavy rain likely in Siddipet district on 22-07-2023 (calibrated forecast about 72 mm). Stay alert and avoid low-lying areas.,"పసుపు హెచ్చరిక: Siddipet జిల్లాలో 22-07-2023 న భారీ వర్షాలు కురిసే అవకాశం ఉంది (సుమారు 72 మి.మీ.). అప్రమత్తంగా ఉండండి, లోతట్టు ప్రాంతాలకు దూరంగా ఉండండి."
2023-07-21,2023-07-22,1,Vikarabad,Telangana,heavy_rain,yellow,79.4,YELLOW ALERT: Heavy rain likely in Vikarabad district on 22-07-2023 (calibrated forecast about 79 mm). Stay alert and avoid low-lying areas.,"పసుపు హెచ్చరిక: Vikarabad జిల్లాలో 22-07-2023 న భారీ వర్షాలు కురిసే అవకాశం ఉంది (సుమారు 79 మి.మీ.). అప్రమత్తంగా ఉండండి, లోతట్టు ప్రాంతాలకు దూరంగా ఉండండి."
2023-07-21,2023-07-22,1,Warangal,Telangana,heavy_rain,yellow,81.0,YELLOW ALERT: Heavy rain likely in Warangal district on 22-07-2023 (calibrated forecast about 81 mm). Stay alert and avoid low-lying areas.,"పసుపు హెచ్చరిక: Warangal జిల్లాలో 22-07-2023 న భారీ వర్షాలు కురిసే అవకాశం ఉంది (సుమారు 81 మి.మీ.). అప్రమత్తంగా ఉండండి, లోతట్టు ప్రాంతాలకు దూరంగా ఉండండి."
2023-07-22,2023-07-23,1,Adilabad,Telangana,heavy_rain,yellow,94.8,YELLOW ALERT: Heavy rain likely in Adilabad district on 23-07-2023 (calibrated forecast about 95 mm). Stay alert and avoid low-lying areas.,"పసుపు హెచ్చరిక: Adilabad జిల్లాలో 23-07-2023 న భారీ వర్షాలు కురిసే అవకాశం ఉంది (సుమారు 95 మి.మీ.). అప్రమత్తంగా ఉండండి, లోతట్టు ప్రాంతాలకు దూరంగా ఉండండి."
2023-07-22,2023-07-23,1,Jagitial,Telangana,heavy_rain,yellow,67.9,YELLOW ALERT: Heavy rain likely in Jagitial district on 23-07-2023 (calibrated forecast about 68 mm). Stay alert and avoid low-lying areas.,"పసుపు హెచ్చరిక: Jagitial జిల్లాలో 23-07-2023 న భారీ వర్షాలు కురిసే అవకాశం ఉంది (సుమారు 68 మి.మీ.). అప్రమత్తంగా ఉండండి, లోతట్టు ప్రాంతాలకు దూరంగా ఉండండి."
2023-07-22,2023-07-23,1,Kumuram Bheem Asifabad,Telangana,heavy_rain,yellow,107.9,YELLOW ALERT: Heavy rain likely in Kumuram Bheem Asifabad district on 23-07-2023 (calibrated forecast about 108 mm). Stay alert and avoid low-lying areas.,"పసుపు హెచ్చరిక: Kumuram Bheem Asifabad జిల్లాలో 23-07-2023 న భారీ వర్షాలు కురిసే అవకాశం ఉంది (సుమారు 108 మి.మీ.). అప్రమత్తంగా ఉండండి, లోతట్టు ప్రాంతాలకు దూరంగా ఉండండి."
2023-07-22,2023-07-23,1,Nirmal,Telangana,heavy_rain,yellow,79.7,YELLOW ALERT: Heavy rain likely in Nirmal district on 23-07-2023 (calibrated forecast about 80 mm). Stay alert and avoid low-lying areas.,"పసుపు హెచ్చరిక: Nirmal జిల్లాలో 23-07-2023 న భారీ వర్షాలు కురిసే అవకాశం ఉంది (సుమారు 80 మి.మీ.). అప్రమత్తంగా ఉండండి, లోతట్టు ప్రాంతాలకు దూరంగా ఉండండి."
2023-07-24,2023-07-25,1,Alluri Sitharama Raju,Andhra Pradesh,heavy_rain,orange,119.6,ORANGE ALERT: Very heavy rain likely in Alluri Sitharama Raju district on 25-07-2023 (calibrated forecast about 120 mm). Stay alert and avoid low-lying areas.,"నారింజ హెచ్చరిక: Alluri Sitharama Raju జిల్లాలో 25-07-2023 న అతి భారీ వర్షాలు కురిసే అవకాశం ఉంది (సుమారు 120 మి.మీ.). అప్రమత్తంగా ఉండండి, లోతట్టు ప్రాంతాలకు దూరంగా ఉండండి."
2023-07-24,2023-07-25,1,Bhadradri Kothagudem,Telangana,heavy_rain,yellow,87.9,YELLOW ALERT: Heavy rain likely in Bhadradri Kothagudem district on 25-07-2023 (calibrated forecast about 88 mm). Stay alert and avoid low-lying areas.,"పసుపు హెచ్చరిక: Bhadradri Kothagudem జిల్లాలో 25-07-2023 న భారీ వర్షాలు కురిసే అవకాశం ఉంది (సుమారు 88 మి.మీ.). అప్రమత్తంగా ఉండండి, లోతట్టు ప్రాంతాలకు దూరంగా ఉండండి."
2023-07-24,2023-07-25,1,Eluru,Andhra Pradesh,heavy_rain,yellow,77.4,YELLOW ALERT: Heavy rain likely in Eluru district on 25-07-2023 (calibrated forecast about 77 mm). Stay alert and avoid low-lying areas.,"పసుపు హెచ్చరిక: Eluru జిల్లాలో 25-07-2023 న భారీ వర్షాలు కురిసే అవకాశం ఉంది (సుమారు 77 మి.మీ.). అప్రమత్తంగా ఉండండి, లోతట్టు ప్రాంతాలకు దూరంగా ఉండండి."
2023-07-24,2023-07-25,1,Guntur,Andhra Pradesh,heavy_rain,yellow,72.8,YELLOW ALERT: Heavy rain likely in Guntur district on 25-07-2023 (calibrated forecast about 73 mm). Stay alert and avoid low-lying areas.,"పసుపు హెచ్చరిక: Guntur జిల్లాలో 25-07-2023 న భారీ వర్షాలు కురిసే అవకాశం ఉంది (సుమారు 73 మి.మీ.). అప్రమత్తంగా ఉండండి, లోతట్టు ప్రాంతాలకు దూరంగా ఉండండి."
2023-07-24,2023-07-25,1,Jagitial,Telangana,heavy_rain,yellow,72.9,YELLOW ALERT: Heavy rain likely in Jagitial district on 25-07-2023 (calibrated forecast about 73 mm). Stay alert and avoid low-lying areas.,"పసుపు హెచ్చరిక: Jagitial జిల్లాలో 25-07-2023 న భారీ వర్షాలు కురిసే అవకాశం ఉంది (సుమారు 73 మి.మీ.). అప్రమత్తంగా ఉండండి, లోతట్టు ప్రాంతాలకు దూరంగా ఉండండి."
2023-07-24,2023-07-25,1,Krishna,Andhra Pradesh,heavy_rain,yellow,72.5,YELLOW ALERT: Heavy rain likely in Krishna district on 25-07-2023 (calibrated forecast about 72 mm). Stay alert and avoid low-lying areas.,"పసుపు హెచ్చరిక: Krishna జిల్లాలో 25-07-2023 న భారీ వర్షాలు కురిసే అవకాశం ఉంది (సుమారు 72 మి.మీ.). అప్రమత్తంగా ఉండండి, లోతట్టు ప్రాంతాలకు దూరంగా ఉండండి."
2023-07-24,2023-07-25,1,Peddapalli,Telangana,heavy_rain,yellow,86.0,YELLOW ALERT: Heavy rain likely in Peddapalli district on 25-07-2023 (calibrated forecast about 86 mm). Stay alert and avoid low-lying areas.,"పసుపు హెచ్చరిక: Peddapalli జిల్లాలో 25-07-2023 న భారీ వర్షాలు కురిసే అవకాశం ఉంది (సుమారు 86 మి.మీ.). అప్రమత్తంగా ఉండండి, లోతట్టు ప్రాంతాలకు దూరంగా ఉండండి."
2023-07-25,2023-07-26,1,Hanumakonda,Telangana,heavy_rain,yellow,92.1,YELLOW ALERT: Heavy rain likely in Hanumakonda district on 26-07-2023 (calibrated forecast about 92 mm). Stay alert and avoid low-lying areas.,"పసుపు హెచ్చరిక: Hanumakonda జిల్లాలో 26-07-2023 న భారీ వర్షాలు కురిసే అవకాశం ఉంది (సుమారు 92 మి.మీ.). అప్రమత్తంగా ఉండండి, లోతట్టు ప్రాంతాలకు దూరంగా ఉండండి."
2023-07-25,2023-07-26,1,Jagitial,Telangana,heavy_rain,yellow,69.9,YELLOW ALERT: Heavy rain likely in Jagitial district on 26-07-2023 (calibrated forecast about 70 mm). Stay alert and avoid low-lying areas.,"పసుపు హెచ్చరిక: Jagitial జిల్లాలో 26-07-2023 న భారీ వర్షాలు కురిసే అవకాశం ఉంది (సుమారు 70 మి.మీ.). అప్రమత్తంగా ఉండండి, లోతట్టు ప్రాంతాలకు దూరంగా ఉండండి."
2023-07-25,2023-07-26,1,Jangoan,Telangana,heavy_rain,yellow,95.0,YELLOW ALERT: Heavy rain likely in Jangoan district on 26-07-2023 (calibrated forecast about 95 mm). Stay alert and avoid low-lying areas.,"పసుపు హెచ్చరిక: Jangoan జిల్లాలో 26-07-2023 న భారీ వర్షాలు కురిసే అవకాశం ఉంది (సుమారు 95 మి.మీ.). అప్రమత్తంగా ఉండండి, లోతట్టు ప్రాంతాలకు దూరంగా ఉండండి."
2023-07-25,2023-07-26,1,Jayashankar Bhupalapally,Telangana,heavy_rain,yellow,101.9,YELLOW ALERT: Heavy rain likely in Jayashankar Bhupalapally district on 26-07-2023 (calibrated forecast about 102 mm). Stay alert and avoid low-lying areas.,"పసుపు హెచ్చరిక: Jayashankar Bhupalapally జిల్లాలో 26-07-2023 న భారీ వర్షాలు కురిసే అవకాశం ఉంది (సుమారు 102 మి.మీ.). అప్రమత్తంగా ఉండండి, లోతట్టు ప్రాంతాలకు దూరంగా ఉండండి."
2023-07-25,2023-07-26,1,Kamareddy,Telangana,heavy_rain,yellow,65.4,YELLOW ALERT: Heavy rain likely in Kamareddy district on 26-07-2023 (calibrated forecast about 65 mm). Stay alert and avoid low-lying areas.,"పసుపు హెచ్చరిక: Kamareddy జిల్లాలో 26-07-2023 న భారీ వర్షాలు కురిసే అవకాశం ఉంది (సుమారు 65 మి.మీ.). అప్రమత్తంగా ఉండండి, లోతట్టు ప్రాంతాలకు దూరంగా ఉండండి."
2023-07-25,2023-07-26,1,Karimnagar,Telangana,heavy_rain,yellow,103.7,YELLOW ALERT: Heavy rain likely in Karimnagar district on 26-07-2023 (calibrated forecast about 104 mm). Stay alert and avoid low-lying areas.,"పసుపు హెచ్చరిక: Karimnagar జిల్లాలో 26-07-2023 న భారీ వర్షాలు కురిసే అవకాశం ఉంది (సుమారు 104 మి.మీ.). అప్రమత్తంగా ఉండండి, లోతట్టు ప్రాంతాలకు దూరంగా ఉండండి."
2023-07-25,2023-07-26,1,Khammam,Telangana,heavy_rain,yellow,78.3,YELLOW ALERT: Heavy rain likely in Khammam district on 26-07-2023 (calibrated forecast about 78 mm). Stay alert and avoid low-lying areas.,"పసుపు హెచ్చరిక: Khammam జిల్లాలో 26-07-2023 న భారీ వర్షాలు కురిసే అవకాశం ఉంది (సుమారు 78 మి.మీ.). అప్రమత్తంగా ఉండండి, లోతట్టు ప్రాంతాలకు దూరంగా ఉండండి."
2023-07-25,2023-07-26,1,Kumuram Bheem Asifabad,Telangana,heavy_rain,yellow,68.0,YELLOW ALERT: Heavy rain likely in Kumuram Bheem Asifabad district on 26-07-2023 (calibrated forecast about 68 mm). Stay alert and avoid low-lying areas.,"పసుపు హెచ్చరిక: Kumuram Bheem Asifabad జిల్లాలో 26-07-2023 న భారీ వర్షాలు కురిసే అవకాశం ఉంది (సుమారు 68 మి.మీ.). అప్రమత్తంగా ఉండండి, లోతట్టు ప్రాంతాలకు దూరంగా ఉండండి."
2023-07-25,2023-07-26,1,Mahabubabad,Telangana,heavy_rain,yellow,106.0,YELLOW ALERT: Heavy rain likely in Mahabubabad district on 26-07-2023 (calibrated forecast about 106 mm). Stay alert and avoid low-lying areas.,"పసుపు హెచ్చరిక: Mahabubabad జిల్లాలో 26-07-2023 న భారీ వర్షాలు కురిసే అవకాశం ఉంది (సుమారు 106 మి.మీ.). అప్రమత్తంగా ఉండండి, లోతట్టు ప్రాంతాలకు దూరంగా ఉండండి."
2023-07-25,2023-07-26,1,Mancherial,Telangana,heavy_rain,yellow,67.8,YELLOW ALERT: Heavy rain likely in Mancherial district on 26-07-2023 (calibrated forecast about 68 mm). Stay alert and avoid low-lying areas.,"పసుపు హెచ్చరిక: Mancherial జిల్లాలో 26-07-2023 న భారీ వర్షాలు కురిసే అవకాశం ఉంది (సుమారు 68 మి.మీ.). అప్రమత్తంగా ఉండండి, లోతట్టు ప్రాంతాలకు దూరంగా ఉండండి."
2023-07-25,2023-07-26,1,Nizamabad,Telangana,heavy_rain,red,267.2,RED ALERT: Extremely heavy rain likely in Nizamabad district on 26-07-2023 (calibrated forecast about 267 mm). Stay alert and avoid low-lying areas.,"ఎరుపు హెచ్చరిక: Nizamabad జిల్లాలో 26-07-2023 న అత్యంత భారీ వర్షాలు కురిసే అవకాశం ఉంది (సుమారు 267 మి.మీ.). అప్రమత్తంగా ఉండండి, లోతట్టు ప్రాంతాలకు దూరంగా ఉండండి."
2023-07-25,2023-07-26,1,Ntr,Andhra Pradesh,heavy_rain,yellow,64.8,YELLOW ALERT: Heavy rain likely in Ntr district on 26-07-2023 (calibrated forecast about 65 mm). Stay alert and avoid low-lying areas.,"పసుపు హెచ్చరిక: Ntr జిల్లాలో 26-07-2023 న భారీ వర్షాలు కురిసే అవకాశం ఉంది (సుమారు 65 మి.మీ.). అప్రమత్తంగా ఉండండి, లోతట్టు ప్రాంతాలకు దూరంగా ఉండండి."
2023-07-25,2023-07-26,1,Parvathipuram Manyam,Andhra Pradesh,heavy_rain,yellow,67.8,YELLOW ALERT: Heavy rain likely in Parvathipuram Manyam district on 26-07-2023 (calibrated forecast about 68 mm). Stay alert and avoid low-lying areas.,"పసుపు హెచ్చరిక: Parvathipuram Manyam జిల్లాలో 26-07-2023 న భారీ వర్షాలు కురిసే అవకాశం ఉంది (సుమారు 68 మి.మీ.). అప్రమత్తంగా ఉండండి, లోతట్టు ప్రాంతాలకు దూరంగా ఉండండి."
2023-07-25,2023-07-26,1,Peddapalli,Telangana,heavy_rain,orange,142.7,ORANGE ALERT: Very heavy rain likely in Peddapalli district on 26-07-2023 (calibrated forecast about 143 mm). Stay alert and avoid low-lying areas.,"నారింజ హెచ్చరిక: Peddapalli జిల్లాలో 26-07-2023 న అతి భారీ వర్షాలు కురిసే అవకాశం ఉంది (సుమారు 143 మి.మీ.). అప్రమత్తంగా ఉండండి, లోతట్టు ప్రాంతాలకు దూరంగా ఉండండి."
2023-07-25,2023-07-26,1,Siddipet,Telangana,heavy_rain,yellow,75.7,YELLOW ALERT: Heavy rain likely in Siddipet district on 26-07-2023 (calibrated forecast about 76 mm). Stay alert and avoid low-lying areas.,"పసుపు హెచ్చరిక: Siddipet జిల్లాలో 26-07-2023 న భారీ వర్షాలు కురిసే అవకాశం ఉంది (సుమారు 76 మి.మీ.). అప్రమత్తంగా ఉండండి, లోతట్టు ప్రాంతాలకు దూరంగా ఉండండి."
2023-07-25,2023-07-26,1,Suryapet,Telangana,heavy_rain,yellow,88.8,YELLOW ALERT: Heavy rain likely in Suryapet district on 26-07-2023 (calibrated forecast about 89 mm). Stay alert and avoid low-lying areas.,"పసుపు హెచ్చరిక: Suryapet జిల్లాలో 26-07-2023 న భారీ వర్షాలు కురిసే అవకాశం ఉంది (సుమారు 89 మి.మీ.). అప్రమత్తంగా ఉండండి, లోతట్టు ప్రాంతాలకు దూరంగా ఉండండి."
2023-07-25,2023-07-26,1,Warangal,Telangana,heavy_rain,orange,127.1,ORANGE ALERT: Very heavy rain likely in Warangal district on 26-07-2023 (calibrated forecast about 127 mm). Stay alert and avoid low-lying areas.,"నారింజ హెచ్చరిక: Warangal జిల్లాలో 26-07-2023 న అతి భారీ వర్షాలు కురిసే అవకాశం ఉంది (సుమారు 127 మి.మీ.). అప్రమత్తంగా ఉండండి, లోతట్టు ప్రాంతాలకు దూరంగా ఉండండి."
2023-07-26,2023-07-27,1,Alluri Sitharama Raju,Andhra Pradesh,heavy_rain,orange,128.0,ORANGE ALERT: Very heavy rain likely in Alluri Sitharama Raju district on 27-07-2023 (calibrated forecast about 128 mm). Stay alert and avoid low-lying areas.,"నారింజ హెచ్చరిక: Alluri Sitharama Raju జిల్లాలో 27-07-2023 న అతి భారీ వర్షాలు కురిసే అవకాశం ఉంది (సుమారు 128 మి.మీ.). అప్రమత్తంగా ఉండండి, లోతట్టు ప్రాంతాలకు దూరంగా ఉండండి."
2023-07-26,2023-07-27,1,Bhadradri Kothagudem,Telangana,heavy_rain,yellow,114.1,YELLOW ALERT: Heavy rain likely in Bhadradri Kothagudem district on 27-07-2023 (calibrated forecast about 114 mm). Stay alert and avoid low-lying areas.,"పసుపు హెచ్చరిక: Bhadradri Kothagudem జిల్లాలో 27-07-2023 న భారీ వర్షాలు కురిసే అవకాశం ఉంది (సుమారు 114 మి.మీ.). అప్రమత్తంగా ఉండండి, లోతట్టు ప్రాంతాలకు దూరంగా ఉండండి."
2023-07-26,2023-07-27,1,Eluru,Andhra Pradesh,heavy_rain,yellow,94.8,YELLOW ALERT: Heavy rain likely in Eluru district on 27-07-2023 (calibrated forecast about 95 mm). Stay alert and avoid low-lying areas.,"పసుపు హెచ్చరిక: Eluru జిల్లాలో 27-07-2023 న భారీ వర్షాలు కురిసే అవకాశం ఉంది (సుమారు 95 మి.మీ.). అప్రమత్తంగా ఉండండి, లోతట్టు ప్రాంతాలకు దూరంగా ఉండండి."
2023-07-26,2023-07-27,1,Guntur,Andhra Pradesh,heavy_rain,yellow,77.0,YELLOW ALERT: Heavy rain likely in Guntur district on 27-07-2023 (calibrated forecast about 77 mm). Stay alert and avoid low-lying areas.,"పసుపు హెచ్చరిక: Guntur జిల్లాలో 27-07-2023 న భారీ వర్షాలు కురిసే అవకాశం ఉంది (సుమారు 77 మి.మీ.). అప్రమత్తంగా ఉండండి, లోతట్టు ప్రాంతాలకు దూరంగా ఉండండి."
2023-07-26,2023-07-27,1,Jayashankar Bhupalapally,Telangana,heavy_rain,yellow,92.4,YELLOW ALERT: Heavy rain likely in Jayashankar Bhupalapally district on 27-07-2023 (calibrated forecast about 92 mm). Stay alert and avoid low-lying areas.,"పసుపు హెచ్చరిక: Jayashankar Bhupalapally జిల్లాలో 27-07-2023 న భారీ వర్షాలు కురిసే అవకాశం ఉంది (సుమారు 92 మి.మీ.). అప్రమత్తంగా ఉండండి, లోతట్టు ప్రాంతాలకు దూరంగా ఉండండి."
2023-07-26,2023-07-27,1,Kakinada,Andhra Pradesh,heavy_rain,yellow,68.6,YELLOW ALERT: Heavy rain likely in Kakinada district on 27-07-2023 (calibrated forecast about 69 mm). Stay alert and avoid low-lying areas.,"పసుపు హెచ్చరిక: Kakinada జిల్లాలో 27-07-2023 న భారీ వర్షాలు కురిసే అవకాశం ఉంది (సుమారు 69 మి.మీ.). అప్రమత్తంగా ఉండండి, లోతట్టు ప్రాంతాలకు దూరంగా ఉండండి."
2023-07-26,2023-07-27,1,Khammam,Telangana,heavy_rain,yellow,70.9,YELLOW ALERT: Heavy rain likely in Khammam district on 27-07-2023 (calibrated forecast about 71 mm). Stay alert and avoid low-lying areas.,"పసుపు హెచ్చరిక: Khammam జిల్లాలో 27-07-2023 న భారీ వర్షాలు కురిసే అవకాశం ఉంది (సుమారు 71 మి.మీ.). అప్రమత్తంగా ఉండండి, లోతట్టు ప్రాంతాలకు దూరంగా ఉండండి."
2023-07-26,2023-07-27,1,Krishna,Andhra Pradesh,heavy_rain,yellow,74.2,YELLOW ALERT: Heavy rain likely in Krishna district on 27-07-2023 (calibrated forecast about 74 mm). Stay alert and avoid low-lying areas.,"పసుపు హెచ్చరిక: Krishna జిల్లాలో 27-07-2023 న భారీ వర్షాలు కురిసే అవకాశం ఉంది (సుమారు 74 మి.మీ.). అప్రమత్తంగా ఉండండి, లోతట్టు ప్రాంతాలకు దూరంగా ఉండండి."
2023-07-26,2023-07-27,1,Mulugu,Telangana,heavy_rain,yellow,80.1,YELLOW ALERT: Heavy rain likely in Mulugu district on 27-07-2023 (calibrated forecast about 80 mm). Stay alert and avoid low-lying areas.,"పసుపు హెచ్చరిక: Mulugu జిల్లాలో 27-07-2023 న భారీ వర్షాలు కురిసే అవకాశం ఉంది (సుమారు 80 మి.మీ.). అప్రమత్తంగా ఉండండి, లోతట్టు ప్రాంతాలకు దూరంగా ఉండండి."
2023-07-26,2023-07-27,1,Ntr,Andhra Pradesh,heavy_rain,yellow,89.9,YELLOW ALERT: Heavy rain likely in Ntr district on 27-07-2023 (calibrated forecast about 90 mm). Stay alert and avoid low-lying areas.,"పసుపు హెచ్చరిక: Ntr జిల్లాలో 27-07-2023 న భారీ వర్షాలు కురిసే అవకాశం ఉంది (సుమారు 90 మి.మీ.). అప్రమత్తంగా ఉండండి, లోతట్టు ప్రాంతాలకు దూరంగా ఉండండి."
2023-07-26,2023-07-27,1,Palnadu,Andhra Pradesh,heavy_rain,yellow,74.2,YELLOW ALERT: Heavy rain likely in Palnadu district on 27-07-2023 (calibrated forecast about 74 mm). Stay alert and avoid low-lying areas.,"పసుపు హెచ్చరిక: Palnadu జిల్లాలో 27-07-2023 న భారీ వర్షాలు కురిసే అవకాశం ఉంది (సుమారు 74 మి.మీ.). అప్రమత్తంగా ఉండండి, లోతట్టు ప్రాంతాలకు దూరంగా ఉండండి."
2023-07-26,2023-07-27,1,Suryapet,Telangana,heavy_rain,yellow,91.1,YELLOW ALERT: Heavy rain likely in Suryapet district on 27-07-2023 (calibrated forecast about 91 mm). Stay alert and avoid low-lying areas.,"పసుపు హెచ్చరిక: Suryapet జిల్లాలో 27-07-2023 న భారీ వర్షాలు కురిసే అవకాశం ఉంది (సుమారు 91 మి.మీ.). అప్రమత్తంగా ఉండండి, లోతట్టు ప్రాంతాలకు దూరంగా ఉండండి."
2023-07-26,2023-07-27,1,Warangal,Telangana,heavy_rain,yellow,69.1,YELLOW ALERT: Heavy rain likely in Warangal district on 27-07-2023 (calibrated forecast about 69 mm). Stay alert and avoid low-lying areas.,"పసుపు హెచ్చరిక: Warangal జిల్లాలో 27-07-2023 న భారీ వర్షాలు కురిసే అవకాశం ఉంది (సుమారు 69 మి.మీ.). అప్రమత్తంగా ఉండండి, లోతట్టు ప్రాంతాలకు దూరంగా ఉండండి."
2023-07-27,2023-07-28,1,Adilabad,Telangana,heavy_rain,orange,151.8,ORANGE ALERT: Very heavy rain likely in Adilabad district on 28-07-2023 (calibrated forecast about 152 mm). Stay alert and avoid low-lying areas.,"నారింజ హెచ్చరిక: Adilabad జిల్లాలో 28-07-2023 న అతి భారీ వర్షాలు కురిసే అవకాశం ఉంది (సుమారు 152 మి.మీ.). అప్రమత్తంగా ఉండండి, లోతట్టు ప్రాంతాలకు దూరంగా ఉండండి."
2023-07-27,2023-07-28,1,Alluri Sitharama Raju,Andhra Pradesh,heavy_rain,yellow,75.2,YELLOW ALERT: Heavy rain likely in Alluri Sitharama Raju district on 28-07-2023 (calibrated forecast about 75 mm). Stay alert and avoid low-lying areas.,"పసుపు హెచ్చరిక: Alluri Sitharama Raju జిల్లాలో 28-07-2023 న భారీ వర్షాలు కురిసే అవకాశం ఉంది (సుమారు 75 మి.మీ.). అప్రమత్తంగా ఉండండి, లోతట్టు ప్రాంతాలకు దూరంగా ఉండండి."
2023-07-27,2023-07-28,1,Bhadradri Kothagudem,Telangana,heavy_rain,orange,129.1,ORANGE ALERT: Very heavy rain likely in Bhadradri Kothagudem district on 28-07-2023 (calibrated forecast about 129 mm). Stay alert and avoid low-lying areas.,"నారింజ హెచ్చరిక: Bhadradri Kothagudem జిల్లాలో 28-07-2023 న అతి భారీ వర్షాలు కురిసే అవకాశం ఉంది (సుమారు 129 మి.మీ.). అప్రమత్తంగా ఉండండి, లోతట్టు ప్రాంతాలకు దూరంగా ఉండండి."
2023-07-27,2023-07-28,1,Eluru,Andhra Pradesh,heavy_rain,yellow,69.9,YELLOW ALERT: Heavy rain likely in Eluru district on 28-07-2023 (calibrated forecast about 70 mm). Stay alert and avoid low-lying areas.,"పసుపు హెచ్చరిక: Eluru జిల్లాలో 28-07-2023 న భారీ వర్షాలు కురిసే అవకాశం ఉంది (సుమారు 70 మి.మీ.). అప్రమత్తంగా ఉండండి, లోతట్టు ప్రాంతాలకు దూరంగా ఉండండి."
2023-07-27,2023-07-28,1,Hanumakonda,Telangana,heavy_rain,orange,191.3,ORANGE ALERT: Very heavy rain likely in Hanumakonda district on 28-07-2023 (calibrated forecast about 191 mm). Stay alert and avoid low-lying areas.,"నారింజ హెచ్చరిక: Hanumakonda జిల్లాలో 28-07-2023 న అతి భారీ వర్షాలు కురిసే అవకాశం ఉంది (సుమారు 191 మి.మీ.). అప్రమత్తంగా ఉండండి, లోతట్టు ప్రాంతాలకు దూరంగా ఉండండి."
2023-07-27,2023-07-28,1,Jagitial,Telangana,heavy_rain,orange,148.6,ORANGE ALERT: Very heavy rain likely in Jagitial district on 28-07-2023 (calibrated forecast about 149 mm). Stay alert and avoid low-lying areas.,"నారింజ హెచ్చరిక: Jagitial జిల్లాలో 28-07-2023 న అతి భారీ వర్షాలు కురిసే అవకాశం ఉంది (సుమారు 149 మి.మీ.). అప్రమత్తంగా ఉండండి, లోతట్టు ప్రాంతాలకు దూరంగా ఉండండి."
2023-07-27,2023-07-28,1,Jangoan,Telangana,heavy_rain,orange,133.0,ORANGE ALERT: Very heavy rain likely in Jangoan district on 28-07-2023 (calibrated forecast about 133 mm). Stay alert and avoid low-lying areas.,"నారింజ హెచ్చరిక: Jangoan జిల్లాలో 28-07-2023 న అతి భారీ వర్షాలు కురిసే అవకాశం ఉంది (సుమారు 133 మి.మీ.). అప్రమత్తంగా ఉండండి, లోతట్టు ప్రాంతాలకు దూరంగా ఉండండి."
2023-07-27,2023-07-28,1,Jayashankar Bhupalapally,Telangana,heavy_rain,orange,175.1,ORANGE ALERT: Very heavy rain likely in Jayashankar Bhupalapally district on 28-07-2023 (calibrated forecast about 175 mm). Stay alert and avoid low-lying areas.,"నారింజ హెచ్చరిక: Jayashankar Bhupalapally జిల్లాలో 28-07-2023 న అతి భారీ వర్షాలు కురిసే అవకాశం ఉంది (సుమారు 175 మి.మీ.). అప్రమత్తంగా ఉండండి, లోతట్టు ప్రాంతాలకు దూరంగా ఉండండి."
2023-07-27,2023-07-28,1,Kamareddy,Telangana,heavy_rain,yellow,91.9,YELLOW ALERT: Heavy rain likely in Kamareddy district on 28-07-2023 (calibrated forecast about 92 mm). Stay alert and avoid low-lying areas.,"పసుపు హెచ్చరిక: Kamareddy జిల్లాలో 28-07-2023 న భారీ వర్షాలు కురిసే అవకాశం ఉంది (సుమారు 92 మి.మీ.). అప్రమత్తంగా ఉండండి, లోతట్టు ప్రాంతాలకు దూరంగా ఉండండి."
2023-07-27,2023-07-28,1,Karimnagar,Telangana,heavy_rain,red,248.9,RED ALERT: Extremely heavy rain likely in Karimnagar district on 28-07-2023 (calibrated forecast about 249 mm). Stay alert and avoid low-lying areas.,"ఎరుపు హెచ్చరిక: Karimnagar జిల్లాలో 28-07-2023 న అత్యంత భారీ వర్షాలు కురిసే అవకాశం ఉంది (సుమారు 249 మి.మీ.). అప్రమత్తంగా ఉండండి, లోతట్టు ప్రాంతాలకు దూరంగా ఉండండి."
2023-07-27,2023-07-28,1,Khammam,Telangana,heavy_rain,yellow,111.7,YELLOW ALERT: Heavy rain likely in Khammam district on 28-07-2023 (calibrated forecast about 112 mm). Stay alert and avoid low-lying areas.,"పసుపు హెచ్చరిక: Khammam జిల్లాలో 28-07-2023 న భారీ వర్షాలు కురిసే అవకాశం ఉంది (సుమారు 112 మి.మీ.). అప్రమత్తంగా ఉండండి, లోతట్టు ప్రాంతాలకు దూరంగా ఉండండి."
2023-07-27,2023-07-28,1,Kumuram Bheem Asifabad,Telangana,heavy_rain,orange,147.1,ORANGE ALERT: Very heavy rain likely in Kumuram Bheem Asifabad district on 28-07-2023 (calibrated forecast about 147 mm). Stay alert and avoid low-lying areas.,"నారింజ హెచ్చరిక: Kumuram Bheem Asifabad జిల్లాలో 28-07-2023 న అతి భారీ వర్షాలు కురిసే అవకాశం ఉంది (సుమారు 147 మి.మీ.). అప్రమత్తంగా ఉండండి, లోతట్టు ప్రాంతాలకు దూరంగా ఉండండి."
2023-07-27,2023-07-28,1,Mahabubabad,Telangana,heavy_rain,orange,157.3,ORANGE ALERT: Very heavy rain likely in Mahabubabad district on 28-07-2023 (calibrated forecast about 157 mm). Stay alert and avoid low-lying areas.,"నారింజ హెచ్చరిక: Mahabubabad జిల్లాలో 28-07-2023 న అతి భారీ వర్షాలు కురిసే అవకాశం ఉంది (సుమారు 157 మి.మీ.). అప్రమత్తంగా ఉండండి, లోతట్టు ప్రాంతాలకు దూరంగా ఉండండి."
2023-07-27,2023-07-28,1,Mancherial,Telangana,heavy_rain,yellow,101.9,YELLOW ALERT: Heavy rain likely in Mancherial district on 28-07-2023 (calibrated forecast about 102 mm). Stay alert and avoid low-lying areas.,"పసుపు హెచ్చరిక: Mancherial జిల్లాలో 28-07-2023 న భారీ వర్షాలు కురిసే అవకాశం ఉంది (సుమారు 102 మి.మీ.). అప్రమత్తంగా ఉండండి, లోతట్టు ప్రాంతాలకు దూరంగా ఉండండి."
2023-07-27,2023-07-28,1,Medak,Telangana,heavy_rain,yellow,89.4,YELLOW ALERT: Heavy rain likely in Medak district on 28-07-2023 (calibrated forecast about 89 mm). Stay alert and avoid low-lying areas.,"పసుపు హెచ్చరిక: Medak జిల్లాలో 28-07-2023 న భారీ వర్షాలు కురిసే అవకాశం ఉంది (సుమారు 89 మి.మీ.). అప్రమత్తంగా ఉండండి, లోతట్టు ప్రాంతాలకు దూరంగా ఉండండి."
2023-07-27,2023-07-28,1,Mulugu,Telangana,heavy_rain,orange,171.8,ORANGE ALERT: Very heavy rain likely in Mulugu district on 28-07-2023 (calibrated forecast about 172 mm). Stay alert and avoid low-lying areas.,"నారింజ హెచ్చరిక: Mulugu జిల్లాలో 28-07-2023 న అతి భారీ వర్షాలు కురిసే అవకాశం ఉంది (సుమారు 172 మి.మీ.). అప్రమత్తంగా ఉండండి, లోతట్టు ప్రాంతాలకు దూరంగా ఉండండి."
2023-07-27,2023-07-28,1,Nalgonda,Telangana,heavy_rain,yellow,81.6,YELLOW ALERT: Heavy rain likely in Nalgonda district on 28-07-2023 (calibrated forecast about 82 mm). Stay alert and avoid low-lying areas.,"పసుపు హెచ్చరిక: Nalgonda జిల్లాలో 28-07-2023 న భారీ వర్షాలు కురిసే అవకాశం ఉంది (సుమారు 82 మి.మీ.). అప్రమత్తంగా ఉండండి, లోతట్టు ప్రాంతాలకు దూరంగా ఉండండి."
2023-07-27,2023-07-28,1,Nirmal,Telangana,heavy_rain,orange,167.3,ORANGE ALERT: Very heavy rain likely in Nirmal district on 28-07-2023 (calibrated forecast about 167 mm). Stay alert and avoid low-lying areas.,"నారింజ హెచ్చరిక: Nirmal జిల్లాలో 28-07-2023 న అతి భారీ వర్షాలు కురిసే అవకాశం ఉంది (సుమారు 167 మి.మీ.). అప్రమత్తంగా ఉండండి, లోతట్టు ప్రాంతాలకు దూరంగా ఉండండి."
2023-07-27,2023-07-28,1,Nizamabad,Telangana,heavy_rain,orange,154.4,ORANGE ALERT: Very heavy rain likely in Nizamabad district on 28-07-2023 (calibrated forecast about 154 mm). Stay alert and avoid low-lying areas.,"నారింజ హెచ్చరిక: Nizamabad జిల్లాలో 28-07-2023 న అతి భారీ వర్షాలు కురిసే అవకాశం ఉంది (సుమారు 154 మి.మీ.). అప్రమత్తంగా ఉండండి, లోతట్టు ప్రాంతాలకు దూరంగా ఉండండి."
2023-07-27,2023-07-28,1,Peddapalli,Telangana,heavy_rain,red,232.3,RED ALERT: Extremely heavy rain likely in Peddapalli district on 28-07-2023 (calibrated forecast about 232 mm). Stay alert and avoid low-lying areas.,"ఎరుపు హెచ్చరిక: Peddapalli జిల్లాలో 28-07-2023 న అత్యంత భారీ వర్షాలు కురిసే అవకాశం ఉంది (సుమారు 232 మి.మీ.). అప్రమత్తంగా ఉండండి, లోతట్టు ప్రాంతాలకు దూరంగా ఉండండి."
2023-07-27,2023-07-28,1,Rajanna Sircilla,Telangana,heavy_rain,orange,135.6,ORANGE ALERT: Very heavy rain likely in Rajanna Sircilla district on 28-07-2023 (calibrated forecast about 136 mm). Stay alert and avoid low-lying areas.,"నారింజ హెచ్చరిక: Rajanna Sircilla జిల్లాలో 28-07-2023 న అతి భారీ వర్షాలు కురిసే అవకాశం ఉంది (సుమారు 136 మి.మీ.). అప్రమత్తంగా ఉండండి, లోతట్టు ప్రాంతాలకు దూరంగా ఉండండి."
2023-07-27,2023-07-28,1,Siddipet,Telangana,heavy_rain,orange,116.0,ORANGE ALERT: Very heavy rain likely in Siddipet district on 28-07-2023 (calibrated forecast about 116 mm). Stay alert and avoid low-lying areas.,"నారింజ హెచ్చరిక: Siddipet జిల్లాలో 28-07-2023 న అతి భారీ వర్షాలు కురిసే అవకాశం ఉంది (సుమారు 116 మి.మీ.). అప్రమత్తంగా ఉండండి, లోతట్టు ప్రాంతాలకు దూరంగా ఉండండి."
2023-07-27,2023-07-28,1,Suryapet,Telangana,heavy_rain,yellow,85.6,YELLOW ALERT: Heavy rain likely in Suryapet district on 28-07-2023 (calibrated forecast about 86 mm). Stay alert and avoid low-lying areas.,"పసుపు హెచ్చరిక: Suryapet జిల్లాలో 28-07-2023 న భారీ వర్షాలు కురిసే అవకాశం ఉంది (సుమారు 86 మి.మీ.). అప్రమత్తంగా ఉండండి, లోతట్టు ప్రాంతాలకు దూరంగా ఉండండి."
2023-07-27,2023-07-28,1,Warangal,Telangana,heavy_rain,orange,174.2,ORANGE ALERT: Very heavy rain likely in Warangal district on 28-07-2023 (calibrated forecast about 174 mm). Stay alert and avoid low-lying areas.,"నారింజ హెచ్చరిక: Warangal జిల్లాలో 28-07-2023 న అతి భారీ వర్షాలు కురిసే అవకాశం ఉంది (సుమారు 174 మి.మీ.). అప్రమత్తంగా ఉండండి, లోతట్టు ప్రాంతాలకు దూరంగా ఉండండి."
2023-07-27,2023-07-28,1,Yadadri Bhuvanagiri,Telangana,heavy_rain,yellow,80.2,YELLOW ALERT: Heavy rain likely in Yadadri Bhuvanagiri district on 28-07-2023 (calibrated forecast about 80 mm). Stay alert and avoid low-lying areas.,"పసుపు హెచ్చరిక: Yadadri Bhuvanagiri జిల్లాలో 28-07-2023 న భారీ వర్షాలు కురిసే అవకాశం ఉంది (సుమారు 80 మి.మీ.). అప్రమత్తంగా ఉండండి, లోతట్టు ప్రాంతాలకు దూరంగా ఉండండి."
2023-07-28,2023-07-29,1,Adilabad,Telangana,heavy_rain,orange,131.3,ORANGE ALERT: Very heavy rain likely in Adilabad district on 29-07-2023 (calibrated forecast about 131 mm). Stay alert and avoid low-lying areas.,"నారింజ హెచ్చరిక: Adilabad జిల్లాలో 29-07-2023 న అతి భారీ వర్షాలు కురిసే అవకాశం ఉంది (సుమారు 131 మి.మీ.). అప్రమత్తంగా ఉండండి, లోతట్టు ప్రాంతాలకు దూరంగా ఉండండి."
2023-07-28,2023-07-29,1,Jagitial,Telangana,heavy_rain,yellow,65.6,YELLOW ALERT: Heavy rain likely in Jagitial district on 29-07-2023 (calibrated forecast about 66 mm). Stay alert and avoid low-lying areas.,"పసుపు హెచ్చరిక: Jagitial జిల్లాలో 29-07-2023 న భారీ వర్షాలు కురిసే అవకాశం ఉంది (సుమారు 66 మి.మీ.). అప్రమత్తంగా ఉండండి, లోతట్టు ప్రాంతాలకు దూరంగా ఉండండి."
2023-07-28,2023-07-29,1,Kamareddy,Telangana,heavy_rain,yellow,71.1,YELLOW ALERT: Heavy rain likely in Kamareddy district on 29-07-2023 (calibrated forecast about 71 mm). Stay alert and avoid low-lying areas.,"పసుపు హెచ్చరిక: Kamareddy జిల్లాలో 29-07-2023 న భారీ వర్షాలు కురిసే అవకాశం ఉంది (సుమారు 71 మి.మీ.). అప్రమత్తంగా ఉండండి, లోతట్టు ప్రాంతాలకు దూరంగా ఉండండి."
2023-07-28,2023-07-29,1,Nirmal,Telangana,heavy_rain,orange,171.0,ORANGE ALERT: Very heavy rain likely in Nirmal district on 29-07-2023 (calibrated forecast about 171 mm). Stay alert and avoid low-lying areas.,"నారింజ హెచ్చరిక: Nirmal జిల్లాలో 29-07-2023 న అతి భారీ వర్షాలు కురిసే అవకాశం ఉంది (సుమారు 171 మి.మీ.). అప్రమత్తంగా ఉండండి, లోతట్టు ప్రాంతాలకు దూరంగా ఉండండి."
2023-07-28,2023-07-29,1,Nizamabad,Telangana,heavy_rain,orange,138.0,ORANGE ALERT: Very heavy rain likely in Nizamabad district on 29-07-2023 (calibrated forecast about 138 mm). Stay alert and avoid low-lying areas.,"నారింజ హెచ్చరిక: Nizamabad జిల్లాలో 29-07-2023 న అతి భారీ వర్షాలు కురిసే అవకాశం ఉంది (సుమారు 138 మి.మీ.). అప్రమత్తంగా ఉండండి, లోతట్టు ప్రాంతాలకు దూరంగా ఉండండి."
2023-08-18,2023-08-19,1,Jayashankar Bhupalapally,Telangana,heavy_rain,yellow,84.2,YELLOW ALERT: Heavy rain likely in Jayashankar Bhupalapally district on 19-08-2023 (calibrated forecast about 84 mm). Stay alert and avoid low-lying areas.,"పసుపు హెచ్చరిక: Jayashankar Bhupalapally జిల్లాలో 19-08-2023 న భారీ వర్షాలు కురిసే అవకాశం ఉంది (సుమారు 84 మి.మీ.). అప్రమత్తంగా ఉండండి, లోతట్టు ప్రాంతాలకు దూరంగా ఉండండి."
2023-08-18,2023-08-19,1,Kumuram Bheem Asifabad,Telangana,heavy_rain,yellow,81.0,YELLOW ALERT: Heavy rain likely in Kumuram Bheem Asifabad district on 19-08-2023 (calibrated forecast about 81 mm). Stay alert and avoid low-lying areas.,"పసుపు హెచ్చరిక: Kumuram Bheem Asifabad జిల్లాలో 19-08-2023 న భారీ వర్షాలు కురిసే అవకాశం ఉంది (సుమారు 81 మి.మీ.). అప్రమత్తంగా ఉండండి, లోతట్టు ప్రాంతాలకు దూరంగా ఉండండి."
2023-08-18,2023-08-19,1,Mancherial,Telangana,heavy_rain,yellow,78.5,YELLOW ALERT: Heavy rain likely in Mancherial district on 19-08-2023 (calibrated forecast about 78 mm). Stay alert and avoid low-lying areas.,"పసుపు హెచ్చరిక: Mancherial జిల్లాలో 19-08-2023 న భారీ వర్షాలు కురిసే అవకాశం ఉంది (సుమారు 78 మి.మీ.). అప్రమత్తంగా ఉండండి, లోతట్టు ప్రాంతాలకు దూరంగా ఉండండి."
2023-08-19,2023-08-20,1,Adilabad,Telangana,heavy_rain,yellow,89.3,YELLOW ALERT: Heavy rain likely in Adilabad district on 20-08-2023 (calibrated forecast about 89 mm). Stay alert and avoid low-lying areas.,"పసుపు హెచ్చరిక: Adilabad జిల్లాలో 20-08-2023 న భారీ వర్షాలు కురిసే అవకాశం ఉంది (సుమారు 89 మి.మీ.). అప్రమత్తంగా ఉండండి, లోతట్టు ప్రాంతాలకు దూరంగా ఉండండి."
2023-08-19,2023-08-20,1,Jagitial,Telangana,heavy_rain,yellow,93.4,YELLOW ALERT: Heavy rain likely in Jagitial district on 20-08-2023 (calibrated forecast about 93 mm). Stay alert and avoid low-lying areas.,"పసుపు హెచ్చరిక: Jagitial జిల్లాలో 20-08-2023 న భారీ వర్షాలు కురిసే అవకాశం ఉంది (సుమారు 93 మి.మీ.). అప్రమత్తంగా ఉండండి, లోతట్టు ప్రాంతాలకు దూరంగా ఉండండి."
2023-08-19,2023-08-20,1,Jayashankar Bhupalapally,Telangana,heavy_rain,orange,126.9,ORANGE ALERT: Very heavy rain likely in Jayashankar Bhupalapally district on 20-08-2023 (calibrated forecast about 127 mm). Stay alert and avoid low-lying areas.,"నారింజ హెచ్చరిక: Jayashankar Bhupalapally జిల్లాలో 20-08-2023 న అతి భారీ వర్షాలు కురిసే అవకాశం ఉంది (సుమారు 127 మి.మీ.). అప్రమత్తంగా ఉండండి, లోతట్టు ప్రాంతాలకు దూరంగా ఉండండి."
2023-08-19,2023-08-20,1,Kamareddy,Telangana,heavy_rain,yellow,66.5,YELLOW ALERT: Heavy rain likely in Kamareddy district on 20-08-2023 (calibrated forecast about 67 mm). Stay alert and avoid low-lying areas.,"పసుపు హెచ్చరిక: Kamareddy జిల్లాలో 20-08-2023 న భారీ వర్షాలు కురిసే అవకాశం ఉంది (సుమారు 67 మి.మీ.). అప్రమత్తంగా ఉండండి, లోతట్టు ప్రాంతాలకు దూరంగా ఉండండి."
2023-08-19,2023-08-20,1,Karimnagar,Telangana,heavy_rain,yellow,91.3,YELLOW ALERT: Heavy rain likely in Karimnagar district on 20-08-2023 (calibrated forecast about 91 mm). Stay alert and avoid low-lying areas.,"పసుపు హెచ్చరిక: Karimnagar జిల్లాలో 20-08-2023 న భారీ వర్షాలు కురిసే అవకాశం ఉంది (సుమారు 91 మి.మీ.). అప్రమత్తంగా ఉండండి, లోతట్టు ప్రాంతాలకు దూరంగా ఉండండి."
2023-08-19,2023-08-20,1,Kumuram Bheem Asifabad,Telangana,heavy_rain,yellow,97.3,YELLOW ALERT: Heavy rain likely in Kumuram Bheem Asifabad district on 20-08-2023 (calibrated forecast about 97 mm). Stay alert and avoid low-lying areas.,"పసుపు హెచ్చరిక: Kumuram Bheem Asifabad జిల్లాలో 20-08-2023 న భారీ వర్షాలు కురిసే అవకాశం ఉంది (సుమారు 97 మి.మీ.). అప్రమత్తంగా ఉండండి, లోతట్టు ప్రాంతాలకు దూరంగా ఉండండి."
2023-08-19,2023-08-20,1,Mahabubabad,Telangana,heavy_rain,yellow,80.2,YELLOW ALERT: Heavy rain likely in Mahabubabad district on 20-08-2023 (calibrated forecast about 80 mm). Stay alert and avoid low-lying areas.,"పసుపు హెచ్చరిక: Mahabubabad జిల్లాలో 20-08-2023 న భారీ వర్షాలు కురిసే అవకాశం ఉంది (సుమారు 80 మి.మీ.). అప్రమత్తంగా ఉండండి, లోతట్టు ప్రాంతాలకు దూరంగా ఉండండి."
2023-08-19,2023-08-20,1,Mancherial,Telangana,heavy_rain,yellow,108.8,YELLOW ALERT: Heavy rain likely in Mancherial district on 20-08-2023 (calibrated forecast about 109 mm). Stay alert and avoid low-lying areas.,"పసుపు హెచ్చరిక: Mancherial జిల్లాలో 20-08-2023 న భారీ వర్షాలు కురిసే అవకాశం ఉంది (సుమారు 109 మి.మీ.). అప్రమత్తంగా ఉండండి, లోతట్టు ప్రాంతాలకు దూరంగా ఉండండి."
2023-08-19,2023-08-20,1,Mulugu,Telangana,heavy_rain,yellow,94.4,YELLOW ALERT: Heavy rain likely in Mulugu district on 20-08-2023 (calibrated forecast about 94 mm). Stay alert and avoid low-lying areas.,"పసుపు హెచ్చరిక: Mulugu జిల్లాలో 20-08-2023 న భారీ వర్షాలు కురిసే అవకాశం ఉంది (సుమారు 94 మి.మీ.). అప్రమత్తంగా ఉండండి, లోతట్టు ప్రాంతాలకు దూరంగా ఉండండి."
2023-08-19,2023-08-20,1,Nirmal,Telangana,heavy_rain,yellow,105.5,YELLOW ALERT: Heavy rain likely in Nirmal district on 20-08-2023 (calibrated forecast about 106 mm). Stay alert and avoid low-lying areas.,"పసుపు హెచ్చరిక: Nirmal జిల్లాలో 20-08-2023 న భారీ వర్షాలు కురిసే అవకాశం ఉంది (సుమారు 106 మి.మీ.). అప్రమత్తంగా ఉండండి, లోతట్టు ప్రాంతాలకు దూరంగా ఉండండి."
2023-08-19,2023-08-20,1,Nizamabad,Telangana,heavy_rain,yellow,108.3,YELLOW ALERT: Heavy rain likely in Nizamabad district on 20-08-2023 (calibrated forecast about 108 mm). Stay alert and avoid low-lying areas.,"పసుపు హెచ్చరిక: Nizamabad జిల్లాలో 20-08-2023 న భారీ వర్షాలు కురిసే అవకాశం ఉంది (సుమారు 108 మి.మీ.). అప్రమత్తంగా ఉండండి, లోతట్టు ప్రాంతాలకు దూరంగా ఉండండి."
2023-08-19,2023-08-20,1,Peddapalli,Telangana,heavy_rain,yellow,100.6,YELLOW ALERT: Heavy rain likely in Peddapalli district on 20-08-2023 (calibrated forecast about 101 mm). Stay alert and avoid low-lying areas.,"పసుపు హెచ్చరిక: Peddapalli జిల్లాలో 20-08-2023 న భారీ వర్షాలు కురిసే అవకాశం ఉంది (సుమారు 101 మి.మీ.). అప్రమత్తంగా ఉండండి, లోతట్టు ప్రాంతాలకు దూరంగా ఉండండి."
2023-08-19,2023-08-20,1,Rajanna Sircilla,Telangana,heavy_rain,yellow,78.9,YELLOW ALERT: Heavy rain likely in Rajanna Sircilla district on 20-08-2023 (calibrated forecast about 79 mm). Stay alert and avoid low-lying areas.,"పసుపు హెచ్చరిక: Rajanna Sircilla జిల్లాలో 20-08-2023 న భారీ వర్షాలు కురిసే అవకాశం ఉంది (సుమారు 79 మి.మీ.). అప్రమత్తంగా ఉండండి, లోతట్టు ప్రాంతాలకు దూరంగా ఉండండి."
2023-08-23,2023-08-24,1,Peddapalli,Telangana,heavy_rain,yellow,70.5,YELLOW ALERT: Heavy rain likely in Peddapalli district on 24-08-2023 (calibrated forecast about 71 mm). Stay alert and avoid low-lying areas.,"పసుపు హెచ్చరిక: Peddapalli జిల్లాలో 24-08-2023 న భారీ వర్షాలు కురిసే అవకాశం ఉంది (సుమారు 71 మి.మీ.). అప్రమత్తంగా ఉండండి, లోతట్టు ప్రాంతాలకు దూరంగా ఉండండి."
2023-08-23,2023-08-24,1,Rajanna Sircilla,Telangana,heavy_rain,yellow,75.9,YELLOW ALERT: Heavy rain likely in Rajanna Sircilla district on 24-08-2023 (calibrated forecast about 76 mm). Stay alert and avoid low-lying areas.,"పసుపు హెచ్చరిక: Rajanna Sircilla జిల్లాలో 24-08-2023 న భారీ వర్షాలు కురిసే అవకాశం ఉంది (సుమారు 76 మి.మీ.). అప్రమత్తంగా ఉండండి, లోతట్టు ప్రాంతాలకు దూరంగా ఉండండి."
2023-09-03,2023-09-04,1,Anantapur,Andhra Pradesh,heavy_rain,yellow,79.6,YELLOW ALERT: Heavy rain likely in Anantapur district on 04-09-2023 (calibrated forecast about 80 mm). Stay alert and avoid low-lying areas.,"పసుపు హెచ్చరిక: Anantapur జిల్లాలో 04-09-2023 న భారీ వర్షాలు కురిసే అవకాశం ఉంది (సుమారు 80 మి.మీ.). అప్రమత్తంగా ఉండండి, లోతట్టు ప్రాంతాలకు దూరంగా ఉండండి."
2023-09-03,2023-09-04,1,Nagarkurnool,Telangana,heavy_rain,yellow,73.7,YELLOW ALERT: Heavy rain likely in Nagarkurnool district on 04-09-2023 (calibrated forecast about 74 mm). Stay alert and avoid low-lying areas.,"పసుపు హెచ్చరిక: Nagarkurnool జిల్లాలో 04-09-2023 న భారీ వర్షాలు కురిసే అవకాశం ఉంది (సుమారు 74 మి.మీ.). అప్రమత్తంగా ఉండండి, లోతట్టు ప్రాంతాలకు దూరంగా ఉండండి."
2023-09-04,2023-09-05,1,Adilabad,Telangana,heavy_rain,yellow,75.7,YELLOW ALERT: Heavy rain likely in Adilabad district on 05-09-2023 (calibrated forecast about 76 mm). Stay alert and avoid low-lying areas.,"పసుపు హెచ్చరిక: Adilabad జిల్లాలో 05-09-2023 న భారీ వర్షాలు కురిసే అవకాశం ఉంది (సుమారు 76 మి.మీ.). అప్రమత్తంగా ఉండండి, లోతట్టు ప్రాంతాలకు దూరంగా ఉండండి."
2023-09-04,2023-09-05,1,Jagitial,Telangana,heavy_rain,yellow,66.7,YELLOW ALERT: Heavy rain likely in Jagitial district on 05-09-2023 (calibrated forecast about 67 mm). Stay alert and avoid low-lying areas.,"పసుపు హెచ్చరిక: Jagitial జిల్లాలో 05-09-2023 న భారీ వర్షాలు కురిసే అవకాశం ఉంది (సుమారు 67 మి.మీ.). అప్రమత్తంగా ఉండండి, లోతట్టు ప్రాంతాలకు దూరంగా ఉండండి."
2023-09-04,2023-09-05,1,Jayashankar Bhupalapally,Telangana,heavy_rain,yellow,66.6,YELLOW ALERT: Heavy rain likely in Jayashankar Bhupalapally district on 05-09-2023 (calibrated forecast about 67 mm). Stay alert and avoid low-lying areas.,"పసుపు హెచ్చరిక: Jayashankar Bhupalapally జిల్లాలో 05-09-2023 న భారీ వర్షాలు కురిసే అవకాశం ఉంది (సుమారు 67 మి.మీ.). అప్రమత్తంగా ఉండండి, లోతట్టు ప్రాంతాలకు దూరంగా ఉండండి."
2023-09-04,2023-09-05,1,Kumuram Bheem Asifabad,Telangana,heavy_rain,yellow,74.4,YELLOW ALERT: Heavy rain likely in Kumuram Bheem Asifabad district on 05-09-2023 (calibrated forecast about 74 mm). Stay alert and avoid low-lying areas.,"పసుపు హెచ్చరిక: Kumuram Bheem Asifabad జిల్లాలో 05-09-2023 న భారీ వర్షాలు కురిసే అవకాశం ఉంది (సుమారు 74 మి.మీ.). అప్రమత్తంగా ఉండండి, లోతట్టు ప్రాంతాలకు దూరంగా ఉండండి."
2023-09-04,2023-09-05,1,Mancherial,Telangana,heavy_rain,yellow,88.6,YELLOW ALERT: Heavy rain likely in Mancherial district on 05-09-2023 (calibrated forecast about 89 mm). Stay alert and avoid low-lying areas.,"పసుపు హెచ్చరిక: Mancherial జిల్లాలో 05-09-2023 న భారీ వర్షాలు కురిసే అవకాశం ఉంది (సుమారు 89 మి.మీ.). అప్రమత్తంగా ఉండండి, లోతట్టు ప్రాంతాలకు దూరంగా ఉండండి."
2023-09-04,2023-09-05,1,Nirmal,Telangana,heavy_rain,yellow,86.2,YELLOW ALERT: Heavy rain likely in Nirmal district on 05-09-2023 (calibrated forecast about 86 mm). Stay alert and avoid low-lying areas.,"పసుపు హెచ్చరిక: Nirmal జిల్లాలో 05-09-2023 న భారీ వర్షాలు కురిసే అవకాశం ఉంది (సుమారు 86 మి.మీ.). అప్రమత్తంగా ఉండండి, లోతట్టు ప్రాంతాలకు దూరంగా ఉండండి."
2023-09-04,2023-09-05,1,Nizamabad,Telangana,heavy_rain,yellow,98.8,YELLOW ALERT: Heavy rain likely in Nizamabad district on 05-09-2023 (calibrated forecast about 99 mm). Stay alert and avoid low-lying areas.,"పసుపు హెచ్చరిక: Nizamabad జిల్లాలో 05-09-2023 న భారీ వర్షాలు కురిసే అవకాశం ఉంది (సుమారు 99 మి.మీ.). అప్రమత్తంగా ఉండండి, లోతట్టు ప్రాంతాలకు దూరంగా ఉండండి."
2023-09-04,2023-09-05,1,Peddapalli,Telangana,heavy_rain,yellow,112.7,YELLOW ALERT: Heavy rain likely in Peddapalli district on 05-09-2023 (calibrated forecast about 113 mm). Stay alert and avoid low-lying areas.,"పసుపు హెచ్చరిక: Peddapalli జిల్లాలో 05-09-2023 న భారీ వర్షాలు కురిసే అవకాశం ఉంది (సుమారు 113 మి.మీ.). అప్రమత్తంగా ఉండండి, లోతట్టు ప్రాంతాలకు దూరంగా ఉండండి."
2023-09-04,2023-09-05,1,Rajanna Sircilla,Telangana,heavy_rain,yellow,72.1,YELLOW ALERT: Heavy rain likely in Rajanna Sircilla district on 05-09-2023 (calibrated forecast about 72 mm). Stay alert and avoid low-lying areas.,"పసుపు హెచ్చరిక: Rajanna Sircilla జిల్లాలో 05-09-2023 న భారీ వర్షాలు కురిసే అవకాశం ఉంది (సుమారు 72 మి.మీ.). అప్రమత్తంగా ఉండండి, లోతట్టు ప్రాంతాలకు దూరంగా ఉండండి."
2023-09-05,2023-09-06,1,Medak,Telangana,heavy_rain,yellow,69.2,YELLOW ALERT: Heavy rain likely in Medak district on 06-09-2023 (calibrated forecast about 69 mm). Stay alert and avoid low-lying areas.,"పసుపు హెచ్చరిక: Medak జిల్లాలో 06-09-2023 న భారీ వర్షాలు కురిసే అవకాశం ఉంది (సుమారు 69 మి.మీ.). అప్రమత్తంగా ఉండండి, లోతట్టు ప్రాంతాలకు దూరంగా ఉండండి."
2023-09-05,2023-09-06,1,Nizamabad,Telangana,heavy_rain,yellow,71.4,YELLOW ALERT: Heavy rain likely in Nizamabad district on 06-09-2023 (calibrated forecast about 71 mm). Stay alert and avoid low-lying areas.,"పసుపు హెచ్చరిక: Nizamabad జిల్లాలో 06-09-2023 న భారీ వర్షాలు కురిసే అవకాశం ఉంది (సుమారు 71 మి.మీ.). అప్రమత్తంగా ఉండండి, లోతట్టు ప్రాంతాలకు దూరంగా ఉండండి."
2023-09-05,2023-09-06,1,Rajanna Sircilla,Telangana,heavy_rain,yellow,73.5,YELLOW ALERT: Heavy rain likely in Rajanna Sircilla district on 06-09-2023 (calibrated forecast about 74 mm). Stay alert and avoid low-lying areas.,"పసుపు హెచ్చరిక: Rajanna Sircilla జిల్లాలో 06-09-2023 న భారీ వర్షాలు కురిసే అవకాశం ఉంది (సుమారు 74 మి.మీ.). అప్రమత్తంగా ఉండండి, లోతట్టు ప్రాంతాలకు దూరంగా ఉండండి."
2023-09-05,2023-09-06,1,Sangareddy,Telangana,heavy_rain,yellow,66.9,YELLOW ALERT: Heavy rain likely in Sangareddy district on 06-09-2023 (calibrated forecast about 67 mm). Stay alert and avoid low-lying areas.,"పసుపు హెచ్చరిక: Sangareddy జిల్లాలో 06-09-2023 న భారీ వర్షాలు కురిసే అవకాశం ఉంది (సుమారు 67 మి.మీ.). అప్రమత్తంగా ఉండండి, లోతట్టు ప్రాంతాలకు దూరంగా ఉండండి."
2023-09-05,2023-09-06,1,Siddipet,Telangana,heavy_rain,yellow,66.6,YELLOW ALERT: Heavy rain likely in Siddipet district on 06-09-2023 (calibrated forecast about 67 mm). Stay alert and avoid low-lying areas.,"పసుపు హెచ్చరిక: Siddipet జిల్లాలో 06-09-2023 న భారీ వర్షాలు కురిసే అవకాశం ఉంది (సుమారు 67 మి.మీ.). అప్రమత్తంగా ఉండండి, లోతట్టు ప్రాంతాలకు దూరంగా ఉండండి."
2023-09-05,2023-09-06,1,Vikarabad,Telangana,heavy_rain,yellow,70.7,YELLOW ALERT: Heavy rain likely in Vikarabad district on 06-09-2023 (calibrated forecast about 71 mm). Stay alert and avoid low-lying areas.,"పసుపు హెచ్చరిక: Vikarabad జిల్లాలో 06-09-2023 న భారీ వర్షాలు కురిసే అవకాశం ఉంది (సుమారు 71 మి.మీ.). అప్రమత్తంగా ఉండండి, లోతట్టు ప్రాంతాలకు దూరంగా ఉండండి."
2023-09-07,2023-09-08,1,Alluri Sitharama Raju,Andhra Pradesh,heavy_rain,yellow,65.2,YELLOW ALERT: Heavy rain likely in Alluri Sitharama Raju district on 08-09-2023 (calibrated forecast about 65 mm). Stay alert and avoid low-lying areas.,"పసుపు హెచ్చరిక: Alluri Sitharama Raju జిల్లాలో 08-09-2023 న భారీ వర్షాలు కురిసే అవకాశం ఉంది (సుమారు 65 మి.మీ.). అప్రమత్తంగా ఉండండి, లోతట్టు ప్రాంతాలకు దూరంగా ఉండండి."
2023-09-07,2023-09-08,1,Nizamabad,Telangana,heavy_rain,yellow,79.2,YELLOW ALERT: Heavy rain likely in Nizamabad district on 08-09-2023 (calibrated forecast about 79 mm). Stay alert and avoid low-lying areas.,"పసుపు హెచ్చరిక: Nizamabad జిల్లాలో 08-09-2023 న భారీ వర్షాలు కురిసే అవకాశం ఉంది (సుమారు 79 మి.మీ.). అప్రమత్తంగా ఉండండి, లోతట్టు ప్రాంతాలకు దూరంగా ఉండండి."
2023-09-07,2023-09-08,1,Vizianagaram,Andhra Pradesh,heavy_rain,yellow,68.4,YELLOW ALERT: Heavy rain likely in Vizianagaram district on 08-09-2023 (calibrated forecast about 68 mm). Stay alert and avoid low-lying areas.,"పసుపు హెచ్చరిక: Vizianagaram జిల్లాలో 08-09-2023 న భారీ వర్షాలు కురిసే అవకాశం ఉంది (సుమారు 68 మి.మీ.). అప్రమత్తంగా ఉండండి, లోతట్టు ప్రాంతాలకు దూరంగా ఉండండి."
2023-09-11,2023-09-12,1,Krishna,Andhra Pradesh,heavy_rain,yellow,74.1,YELLOW ALERT: Heavy rain likely in Krishna district on 12-09-2023 (calibrated forecast about 74 mm). Stay alert and avoid low-lying areas.,"పసుపు హెచ్చరిక: Krishna జిల్లాలో 12-09-2023 న భారీ వర్షాలు కురిసే అవకాశం ఉంది (సుమారు 74 మి.మీ.). అప్రమత్తంగా ఉండండి, లోతట్టు ప్రాంతాలకు దూరంగా ఉండండి."
2023-09-14,2023-09-15,1,Alluri Sitharama Raju,Andhra Pradesh,heavy_rain,yellow,64.8,YELLOW ALERT: Heavy rain likely in Alluri Sitharama Raju district on 15-09-2023 (calibrated forecast about 65 mm). Stay alert and avoid low-lying areas.,"పసుపు హెచ్చరిక: Alluri Sitharama Raju జిల్లాలో 15-09-2023 న భారీ వర్షాలు కురిసే అవకాశం ఉంది (సుమారు 65 మి.మీ.). అప్రమత్తంగా ఉండండి, లోతట్టు ప్రాంతాలకు దూరంగా ఉండండి."
2023-09-14,2023-09-15,1,Jayashankar Bhupalapally,Telangana,heavy_rain,yellow,97.8,YELLOW ALERT: Heavy rain likely in Jayashankar Bhupalapally district on 15-09-2023 (calibrated forecast about 98 mm). Stay alert and avoid low-lying areas.,"పసుపు హెచ్చరిక: Jayashankar Bhupalapally జిల్లాలో 15-09-2023 న భారీ వర్షాలు కురిసే అవకాశం ఉంది (సుమారు 98 మి.మీ.). అప్రమత్తంగా ఉండండి, లోతట్టు ప్రాంతాలకు దూరంగా ఉండండి."
2023-09-14,2023-09-15,1,Kumuram Bheem Asifabad,Telangana,heavy_rain,yellow,101.7,YELLOW ALERT: Heavy rain likely in Kumuram Bheem Asifabad district on 15-09-2023 (calibrated forecast about 102 mm). Stay alert and avoid low-lying areas.,"పసుపు హెచ్చరిక: Kumuram Bheem Asifabad జిల్లాలో 15-09-2023 న భారీ వర్షాలు కురిసే అవకాశం ఉంది (సుమారు 102 మి.మీ.). అప్రమత్తంగా ఉండండి, లోతట్టు ప్రాంతాలకు దూరంగా ఉండండి."
2023-09-14,2023-09-15,1,Mancherial,Telangana,heavy_rain,yellow,86.1,YELLOW ALERT: Heavy rain likely in Mancherial district on 15-09-2023 (calibrated forecast about 86 mm). Stay alert and avoid low-lying areas.,"పసుపు హెచ్చరిక: Mancherial జిల్లాలో 15-09-2023 న భారీ వర్షాలు కురిసే అవకాశం ఉంది (సుమారు 86 మి.మీ.). అప్రమత్తంగా ఉండండి, లోతట్టు ప్రాంతాలకు దూరంగా ఉండండి."
2023-09-14,2023-09-15,1,Mulugu,Telangana,heavy_rain,yellow,66.2,YELLOW ALERT: Heavy rain likely in Mulugu district on 15-09-2023 (calibrated forecast about 66 mm). Stay alert and avoid low-lying areas.,"పసుపు హెచ్చరిక: Mulugu జిల్లాలో 15-09-2023 న భారీ వర్షాలు కురిసే అవకాశం ఉంది (సుమారు 66 మి.మీ.). అప్రమత్తంగా ఉండండి, లోతట్టు ప్రాంతాలకు దూరంగా ఉండండి."
2023-09-20,2023-09-21,1,Alluri Sitharama Raju,Andhra Pradesh,heavy_rain,yellow,74.2,YELLOW ALERT: Heavy rain likely in Alluri Sitharama Raju district on 21-09-2023 (calibrated forecast about 74 mm). Stay alert and avoid low-lying areas.,"పసుపు హెచ్చరిక: Alluri Sitharama Raju జిల్లాలో 21-09-2023 న భారీ వర్షాలు కురిసే అవకాశం ఉంది (సుమారు 74 మి.మీ.). అప్రమత్తంగా ఉండండి, లోతట్టు ప్రాంతాలకు దూరంగా ఉండండి."
2023-09-22,2023-09-23,1,Adilabad,Telangana,heavy_rain,yellow,65.7,YELLOW ALERT: Heavy rain likely in Adilabad district on 23-09-2023 (calibrated forecast about 66 mm). Stay alert and avoid low-lying areas.,"పసుపు హెచ్చరిక: Adilabad జిల్లాలో 23-09-2023 న భారీ వర్షాలు కురిసే అవకాశం ఉంది (సుమారు 66 మి.మీ.). అప్రమత్తంగా ఉండండి, లోతట్టు ప్రాంతాలకు దూరంగా ఉండండి."
2023-09-22,2023-09-23,1,Karimnagar,Telangana,heavy_rain,yellow,83.9,YELLOW ALERT: Heavy rain likely in Karimnagar district on 23-09-2023 (calibrated forecast about 84 mm). Stay alert and avoid low-lying areas.,"పసుపు హెచ్చరిక: Karimnagar జిల్లాలో 23-09-2023 న భారీ వర్షాలు కురిసే అవకాశం ఉంది (సుమారు 84 మి.మీ.). అప్రమత్తంగా ఉండండి, లోతట్టు ప్రాంతాలకు దూరంగా ఉండండి."
2023-09-22,2023-09-23,1,Kumuram Bheem Asifabad,Telangana,heavy_rain,yellow,75.6,YELLOW ALERT: Heavy rain likely in Kumuram Bheem Asifabad district on 23-09-2023 (calibrated forecast about 76 mm). Stay alert and avoid low-lying areas.,"పసుపు హెచ్చరిక: Kumuram Bheem Asifabad జిల్లాలో 23-09-2023 న భారీ వర్షాలు కురిసే అవకాశం ఉంది (సుమారు 76 మి.మీ.). అప్రమత్తంగా ఉండండి, లోతట్టు ప్రాంతాలకు దూరంగా ఉండండి."
2023-09-22,2023-09-23,1,Mancherial,Telangana,heavy_rain,yellow,75.1,YELLOW ALERT: Heavy rain likely in Mancherial district on 23-09-2023 (calibrated forecast about 75 mm). Stay alert and avoid low-lying areas.,"పసుపు హెచ్చరిక: Mancherial జిల్లాలో 23-09-2023 న భారీ వర్షాలు కురిసే అవకాశం ఉంది (సుమారు 75 మి.మీ.). అప్రమత్తంగా ఉండండి, లోతట్టు ప్రాంతాలకు దూరంగా ఉండండి."
2023-09-22,2023-09-23,1,Mulugu,Telangana,heavy_rain,yellow,77.3,YELLOW ALERT: Heavy rain likely in Mulugu district on 23-09-2023 (calibrated forecast about 77 mm). Stay alert and avoid low-lying areas.,"పసుపు హెచ్చరిక: Mulugu జిల్లాలో 23-09-2023 న భారీ వర్షాలు కురిసే అవకాశం ఉంది (సుమారు 77 మి.మీ.). అప్రమత్తంగా ఉండండి, లోతట్టు ప్రాంతాలకు దూరంగా ఉండండి."
2023-09-22,2023-09-23,1,Warangal,Telangana,heavy_rain,yellow,69.9,YELLOW ALERT: Heavy rain likely in Warangal district on 23-09-2023 (calibrated forecast about 70 mm). Stay alert and avoid low-lying areas.,"పసుపు హెచ్చరిక: Warangal జిల్లాలో 23-09-2023 న భారీ వర్షాలు కురిసే అవకాశం ఉంది (సుమారు 70 మి.మీ.). అప్రమత్తంగా ఉండండి, లోతట్టు ప్రాంతాలకు దూరంగా ఉండండి."
2023-11-06,2023-11-07,1,Prakasam,Andhra Pradesh,heavy_rain,yellow,77.4,YELLOW ALERT: Heavy rain likely in Prakasam district on 07-11-2023 (calibrated forecast about 77 mm). Stay alert and avoid low-lying areas.,"పసుపు హెచ్చరిక: Prakasam జిల్లాలో 07-11-2023 న భారీ వర్షాలు కురిసే అవకాశం ఉంది (సుమారు 77 మి.మీ.). అప్రమత్తంగా ఉండండి, లోతట్టు ప్రాంతాలకు దూరంగా ఉండండి."
2023-11-06,2023-11-07,1,Spsr Nellore,Andhra Pradesh,heavy_rain,yellow,76.8,YELLOW ALERT: Heavy rain likely in Spsr Nellore district on 07-11-2023 (calibrated forecast about 77 mm). Stay alert and avoid low-lying areas.,"పసుపు హెచ్చరిక: Spsr Nellore జిల్లాలో 07-11-2023 న భారీ వర్షాలు కురిసే అవకాశం ఉంది (సుమారు 77 మి.మీ.). అప్రమత్తంగా ఉండండి, లోతట్టు ప్రాంతాలకు దూరంగా ఉండండి."
2023-11-08,2023-11-09,1,Prakasam,Andhra Pradesh,heavy_rain,yellow,66.8,YELLOW ALERT: Heavy rain likely in Prakasam district on 09-11-2023 (calibrated forecast about 67 mm). Stay alert and avoid low-lying areas.,"పసుపు హెచ్చరిక: Prakasam జిల్లాలో 09-11-2023 న భారీ వర్షాలు కురిసే అవకాశం ఉంది (సుమారు 67 మి.మీ.). అప్రమత్తంగా ఉండండి, లోతట్టు ప్రాంతాలకు దూరంగా ఉండండి."
2023-11-14,2023-11-15,1,Tirupati,Andhra Pradesh,heavy_rain,yellow,69.4,YELLOW ALERT: Heavy rain likely in Tirupati district on 15-11-2023 (calibrated forecast about 69 mm). Stay alert and avoid low-lying areas.,"పసుపు హెచ్చరిక: Tirupati జిల్లాలో 15-11-2023 న భారీ వర్షాలు కురిసే అవకాశం ఉంది (సుమారు 69 మి.మీ.). అప్రమత్తంగా ఉండండి, లోతట్టు ప్రాంతాలకు దూరంగా ఉండండి."
2023-11-21,2023-11-22,1,Spsr Nellore,Andhra Pradesh,heavy_rain,yellow,76.1,YELLOW ALERT: Heavy rain likely in Spsr Nellore district on 22-11-2023 (calibrated forecast about 76 mm). Stay alert and avoid low-lying areas.,"పసుపు హెచ్చరిక: Spsr Nellore జిల్లాలో 22-11-2023 న భారీ వర్షాలు కురిసే అవకాశం ఉంది (సుమారు 76 మి.మీ.). అప్రమత్తంగా ఉండండి, లోతట్టు ప్రాంతాలకు దూరంగా ఉండండి."
2023-11-30,2023-12-01,1,Tirupati,Andhra Pradesh,heavy_rain,yellow,81.1,YELLOW ALERT: Heavy rain likely in Tirupati district on 01-12-2023 (calibrated forecast about 81 mm). Stay alert and avoid low-lying areas.,"పసుపు హెచ్చరిక: Tirupati జిల్లాలో 01-12-2023 న భారీ వర్షాలు కురిసే అవకాశం ఉంది (సుమారు 81 మి.మీ.). అప్రమత్తంగా ఉండండి, లోతట్టు ప్రాంతాలకు దూరంగా ఉండండి."
2023-12-03,2023-12-04,1,Annamayya,Andhra Pradesh,heavy_rain,yellow,69.2,YELLOW ALERT: Heavy rain likely in Annamayya district on 04-12-2023 (calibrated forecast about 69 mm). Stay alert and avoid low-lying areas.,"పసుపు హెచ్చరిక: Annamayya జిల్లాలో 04-12-2023 న భారీ వర్షాలు కురిసే అవకాశం ఉంది (సుమారు 69 మి.మీ.). అప్రమత్తంగా ఉండండి, లోతట్టు ప్రాంతాలకు దూరంగా ఉండండి."
2023-12-03,2023-12-04,1,Chittoor,Andhra Pradesh,heavy_rain,yellow,93.4,YELLOW ALERT: Heavy rain likely in Chittoor district on 04-12-2023 (calibrated forecast about 93 mm). Stay alert and avoid low-lying areas.,"పసుపు హెచ్చరిక: Chittoor జిల్లాలో 04-12-2023 న భారీ వర్షాలు కురిసే అవకాశం ఉంది (సుమారు 93 మి.మీ.). అప్రమత్తంగా ఉండండి, లోతట్టు ప్రాంతాలకు దూరంగా ఉండండి."
2023-12-03,2023-12-04,1,Spsr Nellore,Andhra Pradesh,heavy_rain,yellow,74.3,YELLOW ALERT: Heavy rain likely in Spsr Nellore district on 04-12-2023 (calibrated forecast about 74 mm). Stay alert and avoid low-lying areas.,"పసుపు హెచ్చరిక: Spsr Nellore జిల్లాలో 04-12-2023 న భారీ వర్షాలు కురిసే అవకాశం ఉంది (సుమారు 74 మి.మీ.). అప్రమత్తంగా ఉండండి, లోతట్టు ప్రాంతాలకు దూరంగా ఉండండి."
2023-12-03,2023-12-04,1,Tirupati,Andhra Pradesh,heavy_rain,yellow,113.7,YELLOW ALERT: Heavy rain likely in Tirupati district on 04-12-2023 (calibrated forecast about 114 mm). Stay alert and avoid low-lying areas.,"పసుపు హెచ్చరిక: Tirupati జిల్లాలో 04-12-2023 న భారీ వర్షాలు కురిసే అవకాశం ఉంది (సుమారు 114 మి.మీ.). అప్రమత్తంగా ఉండండి, లోతట్టు ప్రాంతాలకు దూరంగా ఉండండి."
2023-12-04,2023-12-05,1,Chittoor,Andhra Pradesh,heavy_rain,yellow,93.7,YELLOW ALERT: Heavy rain likely in Chittoor district on 05-12-2023 (calibrated forecast about 94 mm). Stay alert and avoid low-lying areas.,"పసుపు హెచ్చరిక: Chittoor జిల్లాలో 05-12-2023 న భారీ వర్షాలు కురిసే అవకాశం ఉంది (సుమారు 94 మి.మీ.). అప్రమత్తంగా ఉండండి, లోతట్టు ప్రాంతాలకు దూరంగా ఉండండి."
2023-12-04,2023-12-05,1,East Godavari,Andhra Pradesh,heavy_rain,yellow,85.5,YELLOW ALERT: Heavy rain likely in East Godavari district on 05-12-2023 (calibrated forecast about 86 mm). Stay alert and avoid low-lying areas.,"పసుపు హెచ్చరిక: East Godavari జిల్లాలో 05-12-2023 న భారీ వర్షాలు కురిసే అవకాశం ఉంది (సుమారు 86 మి.మీ.). అప్రమత్తంగా ఉండండి, లోతట్టు ప్రాంతాలకు దూరంగా ఉండండి."
2023-12-04,2023-12-05,1,Konaseema,Andhra Pradesh,heavy_rain,yellow,93.3,YELLOW ALERT: Heavy rain likely in Konaseema district on 05-12-2023 (calibrated forecast about 93 mm). Stay alert and avoid low-lying areas.,"పసుపు హెచ్చరిక: Konaseema జిల్లాలో 05-12-2023 న భారీ వర్షాలు కురిసే అవకాశం ఉంది (సుమారు 93 మి.మీ.). అప్రమత్తంగా ఉండండి, లోతట్టు ప్రాంతాలకు దూరంగా ఉండండి."
2023-12-04,2023-12-05,1,Prakasam,Andhra Pradesh,heavy_rain,yellow,69.5,YELLOW ALERT: Heavy rain likely in Prakasam district on 05-12-2023 (calibrated forecast about 69 mm). Stay alert and avoid low-lying areas.,"పసుపు హెచ్చరిక: Prakasam జిల్లాలో 05-12-2023 న భారీ వర్షాలు కురిసే అవకాశం ఉంది (సుమారు 69 మి.మీ.). అప్రమత్తంగా ఉండండి, లోతట్టు ప్రాంతాలకు దూరంగా ఉండండి."
2023-12-04,2023-12-05,1,Spsr Nellore,Andhra Pradesh,heavy_rain,orange,166.2,ORANGE ALERT: Very heavy rain likely in Spsr Nellore district on 05-12-2023 (calibrated forecast about 166 mm). Stay alert and avoid low-lying areas.,"నారింజ హెచ్చరిక: Spsr Nellore జిల్లాలో 05-12-2023 న అతి భారీ వర్షాలు కురిసే అవకాశం ఉంది (సుమారు 166 మి.మీ.). అప్రమత్తంగా ఉండండి, లోతట్టు ప్రాంతాలకు దూరంగా ఉండండి."
2023-12-04,2023-12-05,1,Tirupati,Andhra Pradesh,heavy_rain,yellow,113.5,YELLOW ALERT: Heavy rain likely in Tirupati district on 05-12-2023 (calibrated forecast about 113 mm). Stay alert and avoid low-lying areas.,"పసుపు హెచ్చరిక: Tirupati జిల్లాలో 05-12-2023 న భారీ వర్షాలు కురిసే అవకాశం ఉంది (సుమారు 113 మి.మీ.). అప్రమత్తంగా ఉండండి, లోతట్టు ప్రాంతాలకు దూరంగా ఉండండి."
2023-12-05,2023-12-06,1,Annamayya,Andhra Pradesh,heavy_rain,yellow,108.2,YELLOW ALERT: Heavy rain likely in Annamayya district on 06-12-2023 (calibrated forecast about 108 mm). Stay alert and avoid low-lying areas.,"పసుపు హెచ్చరిక: Annamayya జిల్లాలో 06-12-2023 న భారీ వర్షాలు కురిసే అవకాశం ఉంది (సుమారు 108 మి.మీ.). అప్రమత్తంగా ఉండండి, లోతట్టు ప్రాంతాలకు దూరంగా ఉండండి."
2023-12-05,2023-12-06,1,Bapatla,Andhra Pradesh,heavy_rain,orange,138.8,ORANGE ALERT: Very heavy rain likely in Bapatla district on 06-12-2023 (calibrated forecast about 139 mm). Stay alert and avoid low-lying areas.,"నారింజ హెచ్చరిక: Bapatla జిల్లాలో 06-12-2023 న అతి భారీ వర్షాలు కురిసే అవకాశం ఉంది (సుమారు 139 మి.మీ.). అప్రమత్తంగా ఉండండి, లోతట్టు ప్రాంతాలకు దూరంగా ఉండండి."
2023-12-05,2023-12-06,1,Chittoor,Andhra Pradesh,heavy_rain,yellow,89.1,YELLOW ALERT: Heavy rain likely in Chittoor district on 06-12-2023 (calibrated forecast about 89 mm). Stay alert and avoid low-lying areas.,"పసుపు హెచ్చరిక: Chittoor జిల్లాలో 06-12-2023 న భారీ వర్షాలు కురిసే అవకాశం ఉంది (సుమారు 89 మి.మీ.). అప్రమత్తంగా ఉండండి, లోతట్టు ప్రాంతాలకు దూరంగా ఉండండి."
2023-12-05,2023-12-06,1,East Godavari,Andhra Pradesh,heavy_rain,yellow,106.0,YELLOW ALERT: Heavy rain likely in East Godavari district on 06-12-2023 (calibrated forecast about 106 mm). Stay alert and avoid low-lying areas.,"పసుపు హెచ్చరిక: East Godavari జిల్లాలో 06-12-2023 న భారీ వర్షాలు కురిసే అవకాశం ఉంది (సుమారు 106 మి.మీ.). అప్రమత్తంగా ఉండండి, లోతట్టు ప్రాంతాలకు దూరంగా ఉండండి."
2023-12-05,2023-12-06,1,Guntur,Andhra Pradesh,heavy_rain,yellow,94.3,YELLOW ALERT: Heavy rain likely in Guntur district on 06-12-2023 (calibrated forecast about 94 mm). Stay alert and avoid low-lying areas.,"పసుపు హెచ్చరిక: Guntur జిల్లాలో 06-12-2023 న భారీ వర్షాలు కురిసే అవకాశం ఉంది (సుమారు 94 మి.మీ.). అప్రమత్తంగా ఉండండి, లోతట్టు ప్రాంతాలకు దూరంగా ఉండండి."
2023-12-05,2023-12-06,1,Kakinada,Andhra Pradesh,heavy_rain,yellow,68.0,YELLOW ALERT: Heavy rain likely in Kakinada district on 06-12-2023 (calibrated forecast about 68 mm). Stay alert and avoid low-lying areas.,"పసుపు హెచ్చరిక: Kakinada జిల్లాలో 06-12-2023 న భారీ వర్షాలు కురిసే అవకాశం ఉంది (సుమారు 68 మి.మీ.). అప్రమత్తంగా ఉండండి, లోతట్టు ప్రాంతాలకు దూరంగా ఉండండి."
2023-12-05,2023-12-06,1,Konaseema,Andhra Pradesh,heavy_rain,yellow,91.2,YELLOW ALERT: Heavy rain likely in Konaseema district on 06-12-2023 (calibrated forecast about 91 mm). Stay alert and avoid low-lying areas.,"పసుపు హెచ్చరిక: Konaseema జిల్లాలో 06-12-2023 న భారీ వర్షాలు కురిసే అవకాశం ఉంది (సుమారు 91 మి.మీ.). అప్రమత్తంగా ఉండండి, లోతట్టు ప్రాంతాలకు దూరంగా ఉండండి."
2023-12-05,2023-12-06,1,Krishna,Andhra Pradesh,heavy_rain,yellow,89.9,YELLOW ALERT: Heavy rain likely in Krishna district on 06-12-2023 (calibrated forecast about 90 mm). Stay alert and avoid low-lying areas.,"పసుపు హెచ్చరిక: Krishna జిల్లాలో 06-12-2023 న భారీ వర్షాలు కురిసే అవకాశం ఉంది (సుమారు 90 మి.మీ.). అప్రమత్తంగా ఉండండి, లోతట్టు ప్రాంతాలకు దూరంగా ఉండండి."
2023-12-05,2023-12-06,1,Palnadu,Andhra Pradesh,heavy_rain,yellow,84.9,YELLOW ALERT: Heavy rain likely in Palnadu district on 06-12-2023 (calibrated forecast about 85 mm). Stay alert and avoid low-lying areas.,"పసుపు హెచ్చరిక: Palnadu జిల్లాలో 06-12-2023 న భారీ వర్షాలు కురిసే అవకాశం ఉంది (సుమారు 85 మి.మీ.). అప్రమత్తంగా ఉండండి, లోతట్టు ప్రాంతాలకు దూరంగా ఉండండి."
2023-12-05,2023-12-06,1,Prakasam,Andhra Pradesh,heavy_rain,orange,127.2,ORANGE ALERT: Very heavy rain likely in Prakasam district on 06-12-2023 (calibrated forecast about 127 mm). Stay alert and avoid low-lying areas.,"నారింజ హెచ్చరిక: Prakasam జిల్లాలో 06-12-2023 న అతి భారీ వర్షాలు కురిసే అవకాశం ఉంది (సుమారు 127 మి.మీ.). అప్రమత్తంగా ఉండండి, లోతట్టు ప్రాంతాలకు దూరంగా ఉండండి."
2023-12-05,2023-12-06,1,Spsr Nellore,Andhra Pradesh,heavy_rain,orange,126.4,ORANGE ALERT: Very heavy rain likely in Spsr Nellore district on 06-12-2023 (calibrated forecast about 126 mm). Stay alert and avoid low-lying areas.,"నారింజ హెచ్చరిక: Spsr Nellore జిల్లాలో 06-12-2023 న అతి భారీ వర్షాలు కురిసే అవకాశం ఉంది (సుమారు 126 మి.మీ.). అప్రమత్తంగా ఉండండి, లోతట్టు ప్రాంతాలకు దూరంగా ఉండండి."
2023-12-05,2023-12-06,1,Tirupati,Andhra Pradesh,heavy_rain,orange,118.2,ORANGE ALERT: Very heavy rain likely in Tirupati district on 06-12-2023 (calibrated forecast about 118 mm). Stay alert and avoid low-lying areas.,"నారింజ హెచ్చరిక: Tirupati జిల్లాలో 06-12-2023 న అతి భారీ వర్షాలు కురిసే అవకాశం ఉంది (సుమారు 118 మి.మీ.). అప్రమత్తంగా ఉండండి, లోతట్టు ప్రాంతాలకు దూరంగా ఉండండి."
2023-12-05,2023-12-06,1,West Godavari,Andhra Pradesh,heavy_rain,yellow,77.8,YELLOW ALERT: Heavy rain likely in West Godavari district on 06-12-2023 (calibrated forecast about 78 mm). Stay alert and avoid low-lying areas.,"పసుపు హెచ్చరిక: West Godavari జిల్లాలో 06-12-2023 న భారీ వర్షాలు కురిసే అవకాశం ఉంది (సుమారు 78 మి.మీ.). అప్రమత్తంగా ఉండండి, లోతట్టు ప్రాంతాలకు దూరంగా ఉండండి."
2023-12-05,2023-12-06,1,Y.S.R.,Andhra Pradesh,heavy_rain,yellow,110.2,YELLOW ALERT: Heavy rain likely in Y.S.R. district on 06-12-2023 (calibrated forecast about 110 mm). Stay alert and avoid low-lying areas.,"పసుపు హెచ్చరిక: Y.S.R. జిల్లాలో 06-12-2023 న భారీ వర్షాలు కురిసే అవకాశం ఉంది (సుమారు 110 మి.మీ.). అప్రమత్తంగా ఉండండి, లోతట్టు ప్రాంతాలకు దూరంగా ఉండండి."
2023-12-06,2023-12-07,1,Alluri Sitharama Raju,Andhra Pradesh,heavy_rain,yellow,114.6,YELLOW ALERT: Heavy rain likely in Alluri Sitharama Raju district on 07-12-2023 (calibrated forecast about 115 mm). Stay alert and avoid low-lying areas.,"పసుపు హెచ్చరిక: Alluri Sitharama Raju జిల్లాలో 07-12-2023 న భారీ వర్షాలు కురిసే అవకాశం ఉంది (సుమారు 115 మి.మీ.). అప్రమత్తంగా ఉండండి, లోతట్టు ప్రాంతాలకు దూరంగా ఉండండి."
2023-12-06,2023-12-07,1,Anakapalli,Andhra Pradesh,heavy_rain,yellow,99.1,YELLOW ALERT: Heavy rain likely in Anakapalli district on 07-12-2023 (calibrated forecast about 99 mm). Stay alert and avoid low-lying areas.,"పసుపు హెచ్చరిక: Anakapalli జిల్లాలో 07-12-2023 న భారీ వర్షాలు కురిసే అవకాశం ఉంది (సుమారు 99 మి.మీ.). అప్రమత్తంగా ఉండండి, లోతట్టు ప్రాంతాలకు దూరంగా ఉండండి."
2023-12-06,2023-12-07,1,Bhadradri Kothagudem,Telangana,heavy_rain,orange,159.0,ORANGE ALERT: Very heavy rain likely in Bhadradri Kothagudem district on 07-12-2023 (calibrated forecast about 159 mm). Stay alert and avoid low-lying areas.,"నారింజ హెచ్చరిక: Bhadradri Kothagudem జిల్లాలో 07-12-2023 న అతి భారీ వర్షాలు కురిసే అవకాశం ఉంది (సుమారు 159 మి.మీ.). అప్రమత్తంగా ఉండండి, లోతట్టు ప్రాంతాలకు దూరంగా ఉండండి."
2023-12-06,2023-12-07,1,East Godavari,Andhra Pradesh,heavy_rain,yellow,114.5,YELLOW ALERT: Heavy rain likely in East Godavari district on 07-12-2023 (calibrated forecast about 114 mm). Stay alert and avoid low-lying areas.,"పసుపు హెచ్చరిక: East Godavari జిల్లాలో 07-12-2023 న భారీ వర్షాలు కురిసే అవకాశం ఉంది (సుమారు 114 మి.మీ.). అప్రమత్తంగా ఉండండి, లోతట్టు ప్రాంతాలకు దూరంగా ఉండండి."
2023-12-06,2023-12-07,1,Eluru,Andhra Pradesh,heavy_rain,orange,132.3,ORANGE ALERT: Very heavy rain likely in Eluru district on 07-12-2023 (calibrated forecast about 132 mm). Stay alert and avoid low-lying areas.,"నారింజ హెచ్చరిక: Eluru జిల్లాలో 07-12-2023 న అతి భారీ వర్షాలు కురిసే అవకాశం ఉంది (సుమారు 132 మి.మీ.). అప్రమత్తంగా ఉండండి, లోతట్టు ప్రాంతాలకు దూరంగా ఉండండి."
2023-12-06,2023-12-07,1,Kakinada,Andhra Pradesh,heavy_rain,orange,115.6,ORANGE ALERT: Very heavy rain likely in Kakinada district on 07-12-2023 (calibrated forecast about 116 mm). Stay alert and avoid low-lying areas.,"నారింజ హెచ్చరిక: Kakinada జిల్లాలో 07-12-2023 న అతి భారీ వర్షాలు కురిసే అవకాశం ఉంది (సుమారు 116 మి.మీ.). అప్రమత్తంగా ఉండండి, లోతట్టు ప్రాంతాలకు దూరంగా ఉండండి."
2023-12-06,2023-12-07,1,Khammam,Telangana,heavy_rain,orange,118.6,ORANGE ALERT: Very heavy rain likely in Khammam district on 07-12-2023 (calibrated forecast about 119 mm). Stay alert and avoid low-lying areas.,"నారింజ హెచ్చరిక: Khammam జిల్లాలో 07-12-2023 న అతి భారీ వర్షాలు కురిసే అవకాశం ఉంది (సుమారు 119 మి.మీ.). అప్రమత్తంగా ఉండండి, లోతట్టు ప్రాంతాలకు దూరంగా ఉండండి."
2023-12-06,2023-12-07,1,Konaseema,Andhra Pradesh,heavy_rain,yellow,79.6,YELLOW ALERT: Heavy rain likely in Konaseema district on 07-12-2023 (calibrated forecast about 80 mm). Stay alert and avoid low-lying areas.,"పసుపు హెచ్చరిక: Konaseema జిల్లాలో 07-12-2023 న భారీ వర్షాలు కురిసే అవకాశం ఉంది (సుమారు 80 మి.మీ.). అప్రమత్తంగా ఉండండి, లోతట్టు ప్రాంతాలకు దూరంగా ఉండండి."
2023-12-06,2023-12-07,1,Krishna,Andhra Pradesh,heavy_rain,yellow,96.5,YELLOW ALERT: Heavy rain likely in Krishna district on 07-12-2023 (calibrated forecast about 96 mm). Stay alert and avoid low-lying areas.,"పసుపు హెచ్చరిక: Krishna జిల్లాలో 07-12-2023 న భారీ వర్షాలు కురిసే అవకాశం ఉంది (సుమారు 96 మి.మీ.). అప్రమత్తంగా ఉండండి, లోతట్టు ప్రాంతాలకు దూరంగా ఉండండి."
2023-12-06,2023-12-07,1,Mahabubabad,Telangana,heavy_rain,yellow,102.4,YELLOW ALERT: Heavy rain likely in Mahabubabad district on 07-12-2023 (calibrated forecast about 102 mm). Stay alert and avoid low-lying areas.,"పసుపు హెచ్చరిక: Mahabubabad జిల్లాలో 07-12-2023 న భారీ వర్షాలు కురిసే అవకాశం ఉంది (సుమారు 102 మి.మీ.). అప్రమత్తంగా ఉండండి, లోతట్టు ప్రాంతాలకు దూరంగా ఉండండి."
2023-12-06,2023-12-07,1,Mulugu,Telangana,heavy_rain,yellow,101.2,YELLOW ALERT: Heavy rain likely in Mulugu district on 07-12-2023 (calibrated forecast about 101 mm). Stay alert and avoid low-lying areas.,"పసుపు హెచ్చరిక: Mulugu జిల్లాలో 07-12-2023 న భారీ వర్షాలు కురిసే అవకాశం ఉంది (సుమారు 101 మి.మీ.). అప్రమత్తంగా ఉండండి, లోతట్టు ప్రాంతాలకు దూరంగా ఉండండి."
2023-12-06,2023-12-07,1,Ntr,Andhra Pradesh,heavy_rain,yellow,106.2,YELLOW ALERT: Heavy rain likely in Ntr district on 07-12-2023 (calibrated forecast about 106 mm). Stay alert and avoid low-lying areas.,"పసుపు హెచ్చరిక: Ntr జిల్లాలో 07-12-2023 న భారీ వర్షాలు కురిసే అవకాశం ఉంది (సుమారు 106 మి.మీ.). అప్రమత్తంగా ఉండండి, లోతట్టు ప్రాంతాలకు దూరంగా ఉండండి."
2023-12-06,2023-12-07,1,Palnadu,Andhra Pradesh,heavy_rain,yellow,85.7,YELLOW ALERT: Heavy rain likely in Palnadu district on 07-12-2023 (calibrated forecast about 86 mm). Stay alert and avoid low-lying areas.,"పసుపు హెచ్చరిక: Palnadu జిల్లాలో 07-12-2023 న భారీ వర్షాలు కురిసే అవకాశం ఉంది (సుమారు 86 మి.మీ.). అప్రమత్తంగా ఉండండి, లోతట్టు ప్రాంతాలకు దూరంగా ఉండండి."
2023-12-06,2023-12-07,1,Prakasam,Andhra Pradesh,heavy_rain,yellow,82.6,YELLOW ALERT: Heavy rain likely in Prakasam district on 07-12-2023 (calibrated forecast about 83 mm). Stay alert and avoid low-lying areas.,"పసుపు హెచ్చరిక: Prakasam జిల్లాలో 07-12-2023 న భారీ వర్షాలు కురిసే అవకాశం ఉంది (సుమారు 83 మి.మీ.). అప్రమత్తంగా ఉండండి, లోతట్టు ప్రాంతాలకు దూరంగా ఉండండి."
2023-12-06,2023-12-07,1,Suryapet,Telangana,heavy_rain,yellow,79.0,YELLOW ALERT: Heavy rain likely in Suryapet district on 07-12-2023 (calibrated forecast about 79 mm). Stay alert and avoid low-lying areas.,"పసుపు హెచ్చరిక: Suryapet జిల్లాలో 07-12-2023 న భారీ వర్షాలు కురిసే అవకాశం ఉంది (సుమారు 79 మి.మీ.). అప్రమత్తంగా ఉండండి, లోతట్టు ప్రాంతాలకు దూరంగా ఉండండి."
2023-12-06,2023-12-07,1,Vizianagaram,Andhra Pradesh,heavy_rain,yellow,98.9,YELLOW ALERT: Heavy rain likely in Vizianagaram district on 07-12-2023 (calibrated forecast about 99 mm). Stay alert and avoid low-lying areas.,"పసుపు హెచ్చరిక: Vizianagaram జిల్లాలో 07-12-2023 న భారీ వర్షాలు కురిసే అవకాశం ఉంది (సుమారు 99 మి.మీ.). అప్రమత్తంగా ఉండండి, లోతట్టు ప్రాంతాలకు దూరంగా ఉండండి."
2023-12-06,2023-12-07,1,West Godavari,Andhra Pradesh,heavy_rain,yellow,92.2,YELLOW ALERT: Heavy rain likely in West Godavari district on 07-12-2023 (calibrated forecast about 92 mm). Stay alert and avoid low-lying areas.,"పసుపు హెచ్చరిక: West Godavari జిల్లాలో 07-12-2023 న భారీ వర్షాలు కురిసే అవకాశం ఉంది (సుమారు 92 మి.మీ.). అప్రమత్తంగా ఉండండి, లోతట్టు ప్రాంతాలకు దూరంగా ఉండండి."
