tree
version=v4
num_class=1
num_tree_per_iteration=1
label_index=0
max_feature_idx=13
objective=regression
feature_names=Column_0 Column_1 Column_2 Column_3 Column_4 Column_5 Column_6 Column_7 Column_8 Column_9 Column_10 Column_11 Column_12 Column_13
feature_infos=[0:296.68112182617188] [19.28339958190918:45.686824798583984] [0:270.01943969726562] [19.900615692138672:45.787788391113281] [0:294.57958984375] [18.936450958251953:45.642349243164062] [0:284.76925659179688] [18.936450958251953:45.62506103515625] [0:283.40838623046875] [19.630348205566406:45.686824798583984] [-0.99999076128005981:0.99999076128005981] [-0.99996298551559448:1] [12:20] [76:85]
tree_sizes=2882 3019 3003 3012 3018 3017 3018 3010 3020 3023 3035 3026 3027 3042 3039 3047 3049 3039 3028 3050 3035 3048 3029 3065 3049 3057 3061 3054 3059 3057 3060 3069 3064 3054 3067 3068 3045 3068 3073 3047 3060 3074 3059 3071 3075 3074 3071 3083 3061 3088 3093 3072 3083 3072 3059 3109 3089 3078 3106 3087 3051 3049 3096 3080 3072 3103 3112 3101 3099 3098 3114 3127 3095 3087 3099 3080 3103 3127 3085 3111 3097 3070 3109 3093 3052 3102 3117 3046 3088 3102 3023 3037 3124 3065 3126 3093 3080 3043 3098 3047 3041 3089 3056 3037 3068 3028 3040 3041 3067 3067 2967 2997 3039 3011 3042 3006 3028 3042 3071 3010 3057 3048 2981 3036 2932 3010 3075 3049 3046 2971 2935 3054 3010 3067 2993 3031 3002 3056 3068 2971 3024 3013 2993 2980 3004 2974 3001 3022 2948 2939 2939 3004 2957 2954 2982 2949 2970 3067 3007 2937 2970 3023 2967 3005 2946 3029 3005 2946 3041 3012 3055 2965 2966 3061 2958 2963 2898 2975 2955 2935 3050 3013 2983 3020 2961 2999 2922 2978 3007 2978 2978 2930 2986 2985 2985 2940 2934 3053 3015 2917

Tree=0
num_leaves=31
num_cat=0
split_feature=1 1 1 1 1 1 1 1 1 10 1 1 10 10 1 1 9 7 1 1 9 10 10 9 9 1 1 1 11 11
split_gain=5.27356e+06 769054 647878 146853 123616 93852.4 84767.1 31814.1 18220.7 18213.9 17147 16669.3 14933 13923.1 12712.6 11031.7 10206.6 8515.1 6071.42 5891.05 5116.45 4878.5 4690.72 4651.51 4468.49 4415.02 3827.13 3742.18 3734.41 3301.29
threshold=34.43524360656739 31.054188728332523 38.153575897216804 29.153871536254886 32.734432220458991 35.989843368530281 40.435468673706062 27.419076919555668 30.164243698120121 0.28435654938220983 42.090299606323249 31.991960525512699 0.25118774175643926 0.28435654938220983 39.191526412963874 36.990877151489265 30.309617042541507 29.5407829284668 33.487640380859382 33.586393356323249 31.223273277282718 0.51973900198936474 0.65839549899101268 32.852962493896491 35.140014648437507 35.297071456909187 28.445576667785648 25.946461677551273 0.80898702144622814 0.88999459147453319
decision_type=2 2 2 2 2 2 2 2 2 2 2 2 2 2 2 2 2 2 2 2 2 2 2 2 2 2 2 2 2 2
left_child=1 3 5 7 11 13 14 17 20 18 -8 24 -7 -2 21 -14 26 27 -6 -11 -5 -4 -13 -10 -3 -15 -9 -1 -18 -19
right_child=2 4 6 8 9 12 10 16 23 19 -12 22 15 25 -16 -17 28 29 -20 -21 -22 -23 -24 -25 -26 -27 -28 -29 -30 -31
leaf_value=32.60085547328633 32.979104015925202 32.834638795763141 33.136770021385701 32.754919725101864 32.897809385226914 33.034749714140496 33.303125684585105 32.689183287684379 32.797087590295824 32.93920878483695 33.387001558256301 32.868348883796799 33.095371088226194 33.0184670931841 33.245295780493244 33.142614768005735 32.764861678349696 32.720721107711768 32.932257565535998 32.982376650808526 32.789763706466779 33.201096435230028 32.913125227827038 32.845004985002674 32.91826249135076 33.054415604389355 32.719305236486107 32.648681977364873 32.709125984707953 32.627641100779719
leaf_weight=5861 16448 67893 3563 46162 28177 5741 18244 20843 58685 15223 9149 43946 23763 18526 20930 25742 12197 4824 23424 16437 13651 17061 6747 5543 1636 15847 21343 13536 3988 1187
leaf_count=5861 16448 67893 3563 46162 28177 5741 18244 20843 58685 15223 9149 43946 23763 18526 20930 25742 12197 4824 23424 16437 13651 17061 6747 5543 1636 15847 21343 13536 3988 1187
internal_value=32.9137 32.8158 33.1435 32.7482 32.8849 33.066 33.2629 32.697 32.7827 32.9318 33.3311 32.8525 33.1111 33.0169 33.2178 33.1199 32.7174 32.6503 32.9134 32.9616 32.7629 33.19 32.8743 32.8012 32.8366 33.035 32.7044 32.6342 32.7511 32.7023
internal_weight=586317 411303 175014 207820 203483 106067 68947 83779 124041 83261 27393 120222 55246 50821 41554 49505 58371 25408 51601 31660 59813 20624 50693 64228 69529 34373 42186 19397 16185 6011
internal_count=586317 411303 175014 207820 203483 106067 68947 83779 124041 83261 27393 120222 55246 50821 41554 49505 58371 25408 51601 31660 59813 20624 50693 64228 69529 34373 42186 19397 16185 6011
is_linear=0
shrinkage=1


Tree=1
num_leaves=31
num_cat=0
split_feature=1 1 1 1 1 1 1 1 1 10 10 1 1 1 10 9 1 1 1 7 1 9 10 7 10 11 7 10 11 1
split_gain=4.75939e+06 694189 584710 127390 117226 84937.2 76743.8 23208.4 20961.7 17930.3 14404.4 13625.2 13473.8 13372.2 12634.5 9568.42 7619.16 6561.36 6486.59 6132.75 5620.54 5231.98 4914.93 4864.63 4415.47 3612.64 3469.41 2878.82 2788.28 2769.95
threshold=34.43524360656739 30.993125915527347 38.153575897216804 28.911581993103031 32.626295089721687 36.148506164550788 40.591190338134773 27.163667678833011 29.953510284423832 0.13301347196102145 0.28435654938220983 31.830096244812015 42.090299606323249 39.321441650390632 0.50495636463165294 29.92817306518555 37.174047470092781 33.394697189331062 33.441390991210945 29.286859512329105 35.373973846435554 31.377002716064457 0.50495636463165294 32.630838394165046 0.047320950776338584 0.80898702144622814 34.614648818969734 0.56314551830291759 0.88999459147453319 28.093261718750004
decision_type=2 2 2 2 2 2 2 2 2 2 2 2 2 2 2 2 2 2 2 2 2 2 2 2 2 2 2 2 2 2
left_child=1 3 5 7 11 10 13 19 21 18 -2 26 -8 22 -7 29 -16 -11 -6 -1 -12 -5 -4 -10 -13 -17 -3 -15 -21 -9
right_child=2 4 6 8 9 14 12 15 23 17 20 24 -14 27 16 25 -18 -19 -20 28 -22 -23 -24 -25 -26 -27 -28 -29 -30 -31
leaf_value=-0.2726505373081779 0.064141649122822456 -0.079427737441411767 0.21250911164533295 -0.15907631264572544 -0.019804610350719065 0.14133841101548969 0.37364425431238696 -0.22531444032075384 -0.11548262380236206 0.015514785894114211 0.1010554142049718 -0.05281864543233681 0.44967728803321727 0.28318258394193724 0.18367699581427138 -0.14842077617779476 0.22710240357686479 0.058201056442060209 0.015563969670575151 -0.19148643624675171 0.1395350116297413 -0.12038446497860654 0.2755471621372847 -0.069296034498099651 -0.022166491646675987 -0.19992321501817883 -0.0053126769222162284 0.33003837414040482 -0.27721194542184169 -0.19672068245779112
leaf_weight=15381 17329 60948 3681 46831 29977 10055 16046 14819 67270 15208 20208 38468 9149 4081 21641 12050 18942 22062 22841 4203 17892 10741 19327 6229 16915 4746 1621 16663 1225 19768
leaf_count=15381 17329 60948 3681 46831 29977 10055 16046 14819 67270 15208 20208 38468 9149 4081 21641 12050 18942 22062 22841 4203 17892 10741 19327 6229 16915 4746 1621 16663 1225 19768
internal_value=-1.02234e-09 -0.0929255 0.218386 -0.158642 -0.0287183 0.144702 0.331739 -0.211977 -0.129265 0.0142282 0.101936 -0.0615195 0.401254 0.291709 0.191514 -0.193936 0.203946 0.040783 -0.00450956 -0.256526 0.119126 -0.151858 0.265462 -0.111568 -0.0434569 -0.162974 -0.0775076 0.32082 -0.210833 -0.208972
internal_weight=586317 411303 175014 203263 208040 106067 68947 72192 131071 90088 55429 117952 25195 43752 50638 51383 40583 37270 52818 20809 38100 57572 23008 73499 55383 16796 62569 20744 5428 34587
internal_count=586317 411303 175014 203263 208040 106067 68947 72192 131071 90088 55429 117952 25195 43752 50638 51383 40583 37270 52818 20809 38100 57572 23008 73499 55383 16796 62569 20744 5428 34587
is_linear=0
shrinkage=0.05


Tree=2
num_leaves=31
num_cat=0
split_feature=1 1 1 1 1 1 1 1 1 10 1 1 10 1 10 1 1 9 7 7 10 9 1 10 1 10 1 9 11 5
split_gain=4.29591e+06 613692 542623 108900 108324 75713.1 74313 20689.2 17003.5 16334.4 14171.3 12408.4 12161.8 12084.9 11864.1 8186.84 7917.76 7889.8 5975.42 5058.23 4333.59 4200.85 3975.28 3859.14 3476.74 3429.94 3282.84 3066.3 2689.01 2580.46
threshold=34.376260757446296 30.901343345642093 38.043006896972663 32.553670883178718 28.692169189453129 35.989843368530281 40.435468673706062 29.916902542114261 27.01949501037598 0.63209757208824169 41.779499053955085 31.705049514770511 0.28435654938220983 39.068861007690437 0.25118774175643926 33.441390991210945 36.990877151489265 30.035624504089359 31.430132865905765 29.010137557983402 0.65839549899101268 33.399255752563484 35.144378662109382 0.50495636463165294 33.394697189331062 0.51973900198936474 42.860454559326179 33.988399505615241 0.80898702144622814 34.259534835815437
decision_type=2 2 2 2 2 2 2 2 2 2 2 2 2 2 2 2 2 2 2 2 2 2 2 2 2 2 2 2 2 2
left_child=1 4 5 11 8 12 13 18 19 15 -8 27 -2 23 -7 29 -16 -10 -6 -1 -13 -9 -14 -4 -11 -15 -12 -3 -19 -5
right_child=2 3 6 9 7 14 10 21 17 24 26 20 22 25 16 -17 -18 28 -20 -21 -22 -23 -24 -25 -26 -27 -28 -29 -30 -31
leaf_value=-0.26417557414764187 0.05761027952050999 -0.080225708274249186 0.19433816006564353 -0.020803285707475101 -0.15416458234576386 0.10764263234212368 0.34628549365589856 -0.11110580597785183 -0.20384283086817032 0.02233405801706638 0.39793020992375816 -0.050430558145411433 0.090504758774801838 0.25230719040890714 0.16399471300280646 0.018772657785795482 0.20491430411797873 -0.14433753524580645 -0.11183153114895715 -0.20693894634412 -0.008364352670954504 -0.053824748530287514 0.12401640757249671 0.25347643395666591 0.060177616780685263 0.30499464965301648 0.45279135826519501 -0.026919924550951775 -0.19588309052810338 0.022787375054490824
leaf_weight=13018 17542 57326 3279 36336 54655 5642 15898 65583 31238 10201 7047 53000 16499 3669 23763 27296 23525 9757 9836 5487 6922 3365 19087 17383 14984 19539 4448 2831 3416 3745
leaf_count=13018 17542 57326 3279 36336 54655 5642 15898 65583 31238 10201 7047 53000 16499 3669 23763 27296 23525 9757 9836 5487 6922 3365 19087 17383 14984 19539 4448 2831 3416 3745
internal_value=1.22696e-09 -0.0891152 0.205547 -0.0302602 -0.152852 0.13385 0.31225 -0.127351 -0.206936 0.0104944 0.376866 -0.0616756 0.0916831 0.271904 0.176175 -0.00234726 0.184352 -0.190157 -0.147708 -0.247204 -0.0455712 -0.10831 0.108479 0.244091 0.0448494 0.296665 0.419159 -0.0777171 -0.157704 -0.0167304
internal_weight=586317 408996 177321 212641 196355 106058 71263 133439 62916 92562 27393 120079 53128 43870 52930 67377 47288 44411 64491 18505 59922 68948 35586 20662 25185 23208 11495 60157 13173 40081
internal_count=586317 408996 177321 212641 196355 106058 71263 133439 62916 92562 27393 120079 53128 43870 52930 67377 47288 44411 64491 18505 59922 68948 35586 20662 25185 23208 11495 60157 13173 40081
is_linear=0
shrinkage=0.05


Tree=3
num_leaves=31
num_cat=0
split_feature=1 1 1 1 1 1 1 1 10 1 1 1 10 10 1 9 7 1 1 11 1 1 9 5 9 10 11 1 11 10
split_gain=3.87736e+06 578235 463768 111344 93470 70378.8 58664.9 24598.7 13754.6 13744.6 13207.8 12991.9 12562.6 10139.1 8153.94 7501.68 6780.71 5960.7 5642.45 4448.61 4290 4215.54 3834.9 3816.76 3794.14 3756.94 3472.76 3301.41 2866.73 2682.16
threshold=34.49452209472657 31.084787368774418 38.259286880493171 29.199358940124515 32.809226989746101 36.314168930053718 40.922029495239265 27.532365798950199 0.28435654938220983 32.057044982910163 30.164243698120121 39.582099914550788 0.20088869333267215 0.50495636463165294 42.44023513793946 30.342226028442386 29.147802352905277 35.528953552246101 37.43890571594239 -0.96681198477745045 33.733671188354499 33.636152267456062 32.741127014160163 31.92434120178223 34.93428039550782 0.65839549899101268 0.88999459147453319 25.946461677551273 0.79874977469444286 0.65839549899101268
decision_type=2 2 2 2 2 2 2 2 2 2 2 2 2 2 2 2 2 2 2 2 2 2 2 2 2 2 2 2 2 2
left_child=1 3 5 7 9 12 11 16 21 24 23 19 -2 -7 -8 -9 27 -14 -15 -4 -10 -6 -12 -5 29 -11 -18 -1 -17 -3
right_child=2 4 6 10 8 13 14 15 20 25 22 -13 17 18 -16 28 26 -19 -20 -21 -22 -23 -24 -25 -26 -27 -28 -29 -30 -31
leaf_value=-0.27274662823553153 0.058586693356757397 -0.069440021840599025 0.13390728356744419 -0.13247098613612937 -0.0099770065873535218 0.13162054701725703 0.35044541831889436 -0.17766439839762949 0.027060237940027945 -0.036092318628123149 -0.099699963494110214 0.30037599833197098 0.09417473826255382 0.17446127002285317 0.41743701916121873 -0.12541466069330864 -0.16846474952559284 0.13200383654167955 0.21341251030129071 0.25085541979625714 0.063962138478563135 0.019777540855014344 -0.058983291412537345 -0.086708505589930013 0.0027550717396501224 0.0031620544132220166 -0.24591704839252851 -0.22701177919967683 -0.17409814826927947 -0.033338397136790154
leaf_weight=5521 15672 64338 841 52539 29142 9275 13845 42314 16727 43599 60069 20657 23389 23627 6760 12094 6402 18770 15330 24567 14884 20124 6399 4989 2032 7086 1870 13831 4032 5592
leaf_count=5521 15672 64338 841 52539 29142 9275 13845 42314 16727 43599 60069 20657 23389 23627 6760 12094 6402 18770 15330 24567 14884 20124 6399 4989 2032 7086 1870 13831 4032 5592
internal_value=-2.84114e-10 -0.0830955 0.19896 -0.141289 -0.0230329 0.134005 0.302295 -0.184984 0.0186938 -0.0505487 -0.110962 0.270927 0.0968086 0.178603 0.372424 -0.166605 -0.223864 0.111017 0.189789 0.246984 0.0444355 0.00217702 -0.0957801 -0.128502 -0.0645961 -0.0306044 -0.185974 -0.24006 -0.137587 -0.0665531
internal_weight=586317 413584 172733 210060 203524 106063 66670 86064 80877 122647 123996 46065 57831 48232 20605 58440 27624 42159 38957 25408 31611 49266 66468 57528 71962 50685 8272 19352 16126 69930
internal_count=586317 413584 172733 210060 203524 106063 66670 86064 80877 122647 123996 46065 57831 48232 20605 58440 27624 42159 38957 25408 31611 49266 66468 57528 71962 50685 8272 19352 16126 69930
is_linear=0
shrinkage=0.05


Tree=4
num_leaves=31
num_cat=0
split_feature=1 1 1 1 1 1 1 1 1 1 1 10 10 1 1 7 10 1 7 10 12 11 7 10 9 10 10 5 11 12
split_gain=3.50021e+06 481651 467096 94603.2 75512.4 70162.3 59638.6 15161.2 14937.9 13297.6 12599 9994.47 9987.58 9873.01 9633.81 7279.9 6851.12 6075.91 4533.35 4335.9 3631.64 5432.73 3504.76 3502.68 3492.76 3204.03 3183.73 3008.31 2944.21 2892.91
threshold=34.258369445800788 30.680515289306644 37.832117080688484 32.352018356323249 28.635541915893558 40.138969421386726 35.836038589477546 33.21458816528321 41.779499053955085 26.678178787231449 29.697037696838382 0.50495636463165294 0.41327477991580969 31.518439292907718 38.826128005981452 29.924538612365726 0.28435654938220983 36.816589355468757 31.52226543426514 0.13301347196102145 13.750000000000002 0.88999459147453319 32.934041976928718 0.047320950776338584 36.223758697509773 0.50495636463165294 0.51973900198936474 32.735582351684577 0.79874977469444286 14.250000000000002
decision_type=2 2 2 2 2 2 2 2 2 2 2 2 2 2 2 2 2 2 2 2 2 2 2 2 2 2 2 2 2 2
left_child=1 4 6 13 9 14 12 19 -7 20 18 -8 -2 27 26 29 -9 -13 -6 -5 -1 -22 -12 -15 -14 -16 -4 -3 -17 -11
right_child=2 3 5 7 10 8 11 16 -10 15 22 17 24 23 25 28 -18 -19 -20 -21 21 -23 -24 -25 -26 -27 -28 -29 -30 -31
leaf_value=-0.26425421101782731 0.050011908834846366 -0.079939910565708025 0.16832595277479895 -0.02572372795713166 -0.14368208914243172 0.30748030249812375 0.11056132504143562 0.0073447161928772908 0.37870873227021962 -0.20304312440311234 -0.10800088063752374 0.1443399645681514 0.086450987062735962 -0.055977924107056654 0.21300201569396757 -0.12865498397640349 0.045595209681592141 0.18265919622007845 -0.100803818962606 0.0049349819829068069 -0.17647345285096716 -0.25614094001004778 -0.056866802354029591 -0.029552853083856735 0.12853472370251964 0.2655760120836263 0.21999906304322803 -0.04156660963551681 -0.18452003091735814 -0.17390340415635863
leaf_weight=5213 20915 57015 3607 35944 46050 20466 11441 29000 11495 15930 62774 20841 26242 42208 3394 9298 19631 20540 7117 16980 4872 3816 3540 17841 6071 19829 17173 5610 3160 18304
leaf_count=5213 20915 57015 3607 35944 46050 20466 11441 29000 11495 15930 62774 20841 26242 42208 3394 9298 19631 20540 7117 16980 4872 3816 3540 17841 6071 19829 17173 5610 3160 18304
internal_value=-2.42767e-11 -0.081969 0.182076 -0.033063 -0.142867 0.276715 0.114285 0.00263166 0.333098 -0.188334 -0.119809 0.151924 0.0769328 -0.0626125 0.235762 -0.175553 0.0227854 0.16336 -0.137942 -0.0158873 -0.231262 -0.211466 -0.105271 -0.0481268 0.0943577 0.257892 0.21103 -0.0765024 -0.142825 -0.187463
internal_weight=586317 404303 182014 224229 180074 75964 106050 101555 31961 60593 119481 52822 53228 122674 44003 46692 48631 41381 53167 52924 13901 8688 66314 60049 32313 23223 20780 62625 12458 34234
internal_count=586317 404303 182014 224229 180074 75964 106050 101555 31961 60593 119481 52822 53228 122674 44003 46692 48631 41381 53167 52924 13901 8688 66314 60049 32313 23223 20780 62625 12458 34234
is_linear=0
shrinkage=0.05


Tree=5
num_leaves=31
num_cat=0
split_feature=1 1 1 1 1 1 1 1 1 10 10 1 1 10 1 7 5 1 1 9 11 9 10 10 1 1 9 7 12 10
split_gain=3.15974e+06 471323 378186 91060.2 76228.9 61466.9 44933.9 21145.3 11945.9 10846.2 10322.7 10204 9139.62 8606.92 6826.97 6529.65 5776.71 5319.67 4959.3 3861.57 3571.8 3553.47 3361.38 3336.6 3255.81 3085.97 3024.18 2909.62 2810.42 2839.83
threshold=34.49452209472657 31.084787368774418 38.367088317871101 29.247341156005863 32.84704780578614 36.314168930053718 40.922029495239265 27.532365798950199 32.057044982910163 0.28435654938220983 0.20088869333267215 30.267227172851566 39.582099914550788 0.50495636463165294 42.44023513793946 30.690706253051761 29.141403198242191 37.43890571594239 35.448331832885749 35.595941543579109 -0.96227341890335072 31.068670272827152 0.65839549899101268 0.047320950776338584 33.733671188354499 25.946461677551273 33.354404449462898 32.630838394165046 14.250000000000002 -0.74981945753097523
decision_type=2 2 2 2 2 2 2 2 2 2 2 2 2 2 2 2 2 2 2 2 2 2 2 2 2 2 2 2 2 2
left_child=1 3 5 7 8 10 12 16 23 24 -2 21 20 -7 -8 28 25 -15 -12 -11 -4 -5 -10 -3 -6 -1 -25 -13 -9 -30
right_child=2 4 6 11 9 13 14 15 22 19 18 27 -14 17 -16 -17 -18 -19 -20 -21 -22 -23 -24 26 -26 -27 -28 -29 29 -31
leaf_value=-0.24521390455009873 0.052716511019279669 -0.065303266752547995 0.128130859966156 -0.12087411071135093 -0.0070265175782935332 0.12030459142048924 0.31633112477212805 -0.1723979857986607 -0.032160685414627709 0.033933364870570873 0.083431608146311384 -0.088299855362802937 0.27108538247377328 0.15746741850817764 0.37762973076669426 -0.11634952676433774 -0.15987000460451109 0.19399049806550447 0.11773608150190401 0.08601041171995992 0.22930271872529961 -0.093824851059984712 0.0039264304180698017 -0.048993356543590612 0.02016089535546238 -0.20291702720012414 0.0070721445308676691 -0.050832710423009422 -0.10970305250101352 -0.15427009338292044
leaf_weight=5981 15672 50668 908 45539 30392 9616 13845 19600 45437 26839 21498 53800 20657 23627 6760 11834 6186 17248 20661 4104 22241 16556 7521 18530 17269 15457 2764 5734 4165 25208
leaf_count=5981 15672 50668 908 45539 30392 9616 13845 19600 45437 26839 21498 53800 20657 23627 6760 11834 6186 17248 20661 4104 22241 16556 7521 18530 17269 15457 2764 5734 4165 25208
internal_value=9.4855e-11 -0.0750127 0.179607 -0.127552 -0.0207863 0.122557 0.27555 -0.16616 -0.0450596 0.0177896 0.0873637 -0.0994817 0.246909 0.162866 0.336442 -0.149681 -0.202435 0.172879 0.100243 0.0408404 0.225334 -0.113662 -0.0270357 -0.0583236 0.00282429 -0.214717 -0.041716 -0.0846912 -0.157735 -0.147951
internal_weight=586317 413584 172733 210060 203524 108322 64411 88431 124920 78604 57831 121629 43806 50491 20605 60807 27624 40875 42159 30943 23149 62095 52958 71962 47661 21438 21294 59534 48973 29373
internal_count=586317 413584 172733 210060 203524 108322 64411 88431 124920 78604 57831 121629 43806 50491 20605 60807 27624 40875 42159 30943 23149 62095 52958 71962 47661 21438 21294 59534 48973 29373
is_linear=0
shrinkage=0.05


Tree=6
num_leaves=31
num_cat=0
split_feature=1 1 1 1 1 1 1 1 1 1 7 1 10 10 1 1 10 11 1 10 9 9 5 9 7 10 5 13 10 10
split_gain=2.85243e+06 392851 380751 80637.7 59229.9 57399.1 48579.2 13683.9 11864.7 11334.6 9904.5 9510.51 8746.63 7873.21 6576.53 5747.75 5179.2 4902.46 4587.51 3775.61 3773.69 3523.18 3300.18 3207.37 2952.02 2864.62 2705.2 2653 2649.61 2634.16
threshold=34.258369445800788 30.617567062377933 37.832117080688484 32.386100769042976 28.445576667785648 39.992656707763679 35.913198471069343 41.779499053955085 33.305685043334968 29.581052780151371 28.910408020019535 31.458621978759769 0.41327477991580969 0.26781183481216436 38.826128005981452 26.678178787231449 0.28435654938220983 0.80898702144622814 36.735380172729499 0.13301347196102145 30.94557094573975 35.595941543579109 32.383266448974616 36.138706207275398 34.553197860717781 0.56314551830291759 32.735582351684577 77.250000000000014 0.50495636463165294 0.65839549899101268
decision_type=2 2 2 2 2 2 2 2 2 2 2 2 2 2 2 2 2 2 2 2 2 2 2 2 2 2 2 2 2 2
left_child=1 4 6 11 10 14 12 25 19 20 15 26 -2 -8 -4 -1 -10 27 -15 -5 -6 29 -11 -14 -21 -7 -3 -12 -16 -13
right_child=2 3 5 8 9 7 13 -9 16 22 17 21 23 18 28 -17 -18 -19 -20 24 -22 -23 -24 -25 -26 -27 -28 -29 -30 -31
leaf_value=-0.22397055886577832 0.045927588279422199 -0.073981769925591773 0.19042609595911131 -0.021437479271363805 -0.13540187421053118 0.23976294568981774 0.085140137730706417 0.34215431441763999 0.0081706002749963556 -0.10059664218854864 -0.16046939286259157 -0.048802948409791311 0.078774655118396042 0.12772628218078347 0.18730040804626924 -0.17782941740175418 0.043106382302358581 -0.17996409110621603 0.16009623051187252 -0.0016659932059970555 -0.10335754946833005 0.031634255149248246 -0.057172725758961242 0.11654565913362039 0.056918897394824669 0.28409866600987999 -0.036945122883787519 -0.11467016529844914 0.23759023328612872 -0.015435765661941471
leaf_weight=9770 21511 57355 20780 37207 41662 4549 6053 11495 25860 63907 4837 58749 26914 19472 3072 21830 17988 7825 24996 15719 11787 1517 4697 7104 2491 18300 5394 9131 17768 6577
leaf_count=9770 21511 57355 20780 37207 41662 4549 6053 11495 25860 63907 4837 58749 26914 19472 3072 21830 17988 7825 24996 15719 11787 1517 4697 7104 2491 18300 5394 9131 17768 6577
internal_value=1.82866e-10 -0.0739963 0.164366 -0.0308424 -0.130288 0.249812 0.103161 0.297658 0.00306918 -0.111073 -0.174211 -0.056818 0.0708824 0.138639 0.21033 -0.192095 0.0225025 -0.14828 0.145922 -0.0123072 -0.128335 -0.0436943 -0.0976236 0.0866624 0.00634801 0.275272 -0.070798 -0.13053 0.230177 -0.0454436
internal_weight=586317 404303 182014 228857 175446 75964 106050 34344 99265 122053 53393 129592 55529 50521 41620 31600 43848 21793 44468 55417 53449 66843 68604 34018 18210 22849 62749 13968 20840 65326
internal_count=586317 404303 182014 228857 175446 75964 106050 34344 99265 122053 53393 129592 55529 50521 41620 31600 43848 21793 44468 55417 53449 66843 68604 34018 18210 22849 62749 13968 20840 65326
is_linear=0
shrinkage=0.05


Tree=7
num_leaves=31
num_cat=0
split_feature=1 1 1 1 1 1 1 1 1 10 1 1 10 10 9 9 1 1 1 9 10 11 5 9 11 9 9 10 10 1
split_gain=2.57609e+06 418527 274486 84534.6 64345.2 42022.7 34512.4 18822.9 9923.3 9682.92 9653.82 7473.48 7436.08 6817.48 5497.4 5473.1 4898.95 3885.16 3558.99 3169.05 3167.76 3141.17 3132.4 3040.29 3033.05 2989.33 2898.99 2853.63 2513.34 2456.74
threshold=34.743453979492195 31.271186828613285 38.476392745971687 29.331702232360843 33.045808792114265 36.47856521606446 41.098293304443366 27.643974304199222 32.21832466125489 0.28435654938220983 30.363330841064457 39.720970153808601 0.20088869333267215 0.50495636463165294 29.741821289062504 28.910720825195316 42.860454559326179 37.43890571594239 35.605012893676765 35.440727233886726 0.50495636463165294 0.79874977469444286 32.249189376831062 36.63084793090821 0.88999459147453319 36.223758697509773 33.399255752563484 0.56314551830291759 0.67125374078750621 33.938793182373054
decision_type=2 2 2 2 2 2 2 2 2 2 2 2 2 2 2 2 2 2 2 2 2 2 2 2 2 2 2 2 2 2
left_child=1 3 5 7 8 12 11 15 23 29 22 20 -2 -7 -9 -1 27 -15 -14 28 -4 -16 -5 -3 -17 -11 -12 -8 -10 -6
right_child=2 4 6 10 9 13 16 14 19 25 26 -13 18 17 21 24 -18 -19 -20 -21 -22 -23 -24 -25 -26 -27 -28 -29 -30 -31
leaf_value=-0.19837577370450088 0.0538596715091113 -0.048328221396646956 0.16454007732439846 -0.1030061427760106 -0.00064668661411812175 0.1121702633802487 0.24551944136382053 -0.14514832704003466 -0.025788181677098999 0.039248725174550858 -0.075486261280565792 0.24911007630418661 0.082317981361514664 0.14526317979984088 -0.1024335127565572 -0.13938940939917463 0.3543552929522108 0.17676942966409948 0.11189670891935383 0.040381316052884642 0.2155628058745839 -0.13962304171666093 -0.059492375999389648 0.054812485312815976 -0.19653321293111303 0.089954478075100541 -0.031277534362900539 0.30462372374500091 0.0050958443919356129 0.024157809259603456
leaf_weight=18158 12702 68677 3597 60007 27881 8889 2485 37535 43041 29534 62795 20438 19586 20004 16783 8674 4448 19154 21153 2189 19717 8581 4442 722 3171 3224 3941 11461 7778 15550
leaf_count=18158 12702 68677 3597 60007 27881 8889 2485 37535 43041 29534 62795 20438 19586 20004 16783 8674 4448 19154 21153 2189 19717 8581 4442 722 3171 3224 3941 11461 7778 15550
internal_value=-2.04288e-10 -0.0652099 0.168444 -0.112048 -0.0123596 0.117769 0.251199 -0.148541 -0.0348132 0.0237148 -0.0862048 0.227039 0.0872618 0.151701 -0.132997 -0.181128 0.308665 0.160674 0.0976762 -0.018524 0.207691 -0.115015 -0.100007 -0.0472552 -0.154687 0.0442391 -0.0728756 0.294092 -0.0210613 0.00823429
internal_weight=586317 422683 163634 224087 198596 101488 62146 92902 122407 76189 131185 43752 53441 48047 62899 30003 18394 39158 40739 53008 23314 25364 64449 69399 11845 32758 66736 13946 50819 43431
internal_count=586317 422683 163634 224087 198596 101488 62146 92902 122407 76189 131185 43752 53441 48047 62899 30003 18394 39158 40739 53008 23314 25364 64449 69399 11845 32758 66736 13946 50819 43431
is_linear=0
shrinkage=0.05


Tree=8
num_leaves=31
num_cat=0
split_feature=1 1 1 1 1 1 1 10 1 1 1 5 1 10 10 7 1 1 7 11 12 1 9 11 9 10 9 10 11 1
split_gain=2.32524e+06 318236 314069 63953.2 49982.3 47632.6 38810 9477.62 9319.8 8888.25 8439.71 8127.44 7676.88 6998.68 6844.09 5583.23 5529.49 4104.54 3675.99 2989.21 2835.9 2801.15 2733.63 2712.19 2701.02 2654.2 2551.53 2547.37 2451.54 2392.99
threshold=34.201402664184577 37.73210525512696 30.586003303527836 32.352018356323249 40.280481338500984 28.376592636108402 35.760755538940437 0.7324872910976411 29.619779586791996 41.779499053955085 38.944627761840827 29.572471618652347 31.518439292907718 0.41327477991580969 0.20088869333267215 33.738109588623054 26.678178787231449 36.564462661743171 31.125636100769047 -0.97870382666587818 16.750000000000004 33.085266113281257 36.714214324951179 0.80898702144622814 31.068670272827152 0.047320950776338584 34.318099975585945 0.26781183481216436 0.79874977469444286 43.429134368896491
decision_type=2 2 2 2 2 2 2 2 2 2 2 2 2 2 2 2 2 2 2 2 2 2 2 2 2 2 2 2 2 2
left_child=2 6 5 12 10 11 13 15 18 -6 19 16 26 -2 20 21 -1 -16 -7 -3 -8 -5 -15 -13 -10 -14 -4 -12 -26 -11
right_child=1 4 3 7 9 8 14 -9 24 29 27 23 25 22 17 -17 -18 -19 -20 -21 -22 -23 -24 -25 28 -27 -28 -29 -30 -31
leaf_value=-0.19759396027539158 0.03854808654075062 0.058336801420370267 -0.0651742629971096 -0.023217231670526278 0.25294850910467365 -0.12151351274105614 0.089123229714894781 0.032557511405313731 -0.095119188831788506 0.29787462440466256 0.11951616844575107 -0.10553630147341615 -0.045846205806237272 0.070092334652680874 0.10984370623018645 0.017321451035364751 -0.15706130768354945 0.13984065326581904 -0.088282209184144089 0.174952587478446 0.0065883307991153181 -0.0016092663345857361 0.11555870888716231 -0.16235100876006406 -0.063547079811907728 -0.02284329492224943 -0.011092221507338906 0.21697528947337644 -0.10473214184882909 0.35536260478817483
leaf_weight=12008 21569 562 67243 34266 18161 48096 4499 19417 43724 9244 691 8012 42208 27920 19519 18940 28115 27429 10063 24742 1354 26674 3750 2847 15638 17841 2254 22581 4699 2251
leaf_count=12008 21569 562 67243 34266 18161 48096 4499 19417 43724 9244 691 8012 42208 27920 19519 18940 28115 27429 10063 24742 1354 26674 3750 2847 15638 17841 2254 22581 4699 2251
internal_value=1.51677e-10 0.147077 -0.0674109 -0.0289648 0.223577 -0.118208 0.0906392 0.00122612 -0.101273 0.274726 0.192349 -0.158806 -0.0521061 0.0605152 0.121013 -0.00638982 -0.169192 0.127369 -0.115764 0.172363 0.0700301 -0.0137592 0.0754759 -0.120432 -0.0881172 -0.0390119 -0.0634202 0.214082 -0.0730632 0.309132
internal_weight=586317 184272 402045 228843 78232 173202 106040 99297 122220 29656 48576 50982 129546 53239 52801 79880 40123 46948 58159 25304 5853 60940 31670 10859 64061 60049 69497 23272 20337 11495
internal_count=586317 184272 402045 228843 78232 173202 106040 99297 122220 29656 48576 50982 129546 53239 52801 79880 40123 46948 58159 25304 5853 60940 31670 10859 64061 60049 69497 23272 20337 11495
is_linear=0
shrinkage=0.05


Tree=9
num_leaves=31
num_cat=0
split_feature=1 1 1 1 1 1 1 1 10 1 1 1 10 10 5 12 11 7 9 1 7 1 11 10 7 12 11 10 7 10
split_gain=2.10033e+06 340949 223633 69102.5 52489.2 33891.1 28334.1 15056 8627.95 8327.12 7118.21 7112.79 6047.52 5809.32 5166.35 4745.13 8288.41 4371.96 3426.69 3253.91 2882.16 2862.92 2833.93 2759.69 2740.92 2594.77 2637.2 2529.87 2476.2 2232.31
threshold=34.743453979492195 31.271186828613285 38.476392745971687 29.291071891784672 32.965463638305671 36.47856521606446 41.300508499145515 27.419076919555668 0.7324872910976411 30.363330841064457 39.720970153808601 32.151718139648445 0.20088869333267215 0.50495636463165294 30.263042449951175 14.250000000000002 0.88999459147453319 34.202560424804695 38.041267395019538 42.860454559326179 33.012615203857429 35.605012893676765 -0.98518359661102284 0.51973900198936474 35.442277908325202 14.250000000000002 0.89771011471748363 0.047320950776338584 33.311262130737312 0.56314551830291759
decision_type=2 2 2 2 2 2 2 2 2 2 2 2 2 2 2 2 2 2 2 2 2 2 2 2 2 2 2 2 2 2
left_child=1 3 5 7 11 12 10 15 17 20 23 27 -2 -7 25 -1 22 -6 -15 -8 -5 -14 -17 -4 -13 -9 -27 -3 -11 -12
right_child=2 4 6 9 8 13 19 14 -10 28 29 24 21 18 -16 16 -18 -19 -20 -21 -22 -23 -24 -25 -26 26 -28 -29 -30 -31
leaf_value=-0.19295790189369272 0.048836246220625955 -0.049985040498262051 0.14918977202932723 -0.093004499193146156 0.0015261451024424194 0.10033739403483205 0.27001388486122929 -0.14289885108941336 0.045687709711576874 -0.068079833097971706 0.19536529375010764 -0.021007588841358435 0.074575881921494336 0.1361062767620777 -0.093983760457603913 -0.22152282453603803 -0.19102456965661707 0.03323700162851264 0.16940518020976308 0.3202891453430593 -0.04256536511005559 0.10110489322694599 -0.10750930450711634 0.19516362544035071 0.042275279097714183 -0.10483701707021612 -0.13380528627039961 -0.028315133461916206 -0.025507423669937565 0.23456167736425321
leaf_weight=10632 12702 45602 3925 63691 43080 8889 11642 20713 23113 63125 4538 51380 19586 28568 13053 587 6567 14537 10590 4448 2964 21153 7622 19389 1770 14894 16628 19114 3611 18204
leaf_count=10632 12702 45602 3925 63691 43080 8889 11642 20713 23113 63125 4538 51380 19586 28568 13053 587 6567 14537 10590 4448 2964 21153 7622 19389 1770 14894 16628 19114 3611 18204
internal_value=5.07271e-11 -0.0588812 0.152096 -0.101156 -0.0111799 0.106356 0.226793 -0.134829 0.0198798 -0.0782614 0.206838 -0.0324536 0.0789587 0.136828 -0.12212 -0.167485 -0.149156 0.00952692 0.145112 0.283912 -0.0907616 0.0883506 -0.115662 0.187424 -0.0189001 -0.129151 -0.120118 -0.0435848 -0.0657763 0.22674
internal_weight=586317 422683 163634 224087 198596 101488 62146 90696 80730 133391 46056 117866 53441 48047 65288 25408 14776 57617 39158 16090 66655 40739 8209 23314 53150 52235 31522 64716 66736 22742
internal_count=586317 422683 163634 224087 198596 101488 62146 90696 80730 133391 46056 117866 53441 48047 65288 25408 14776 57617 39158 16090 66655 40739 8209 23314 53150 52235 31522 64716 66736 22742
is_linear=0
shrinkage=0.05


Tree=10
num_leaves=31
num_cat=0
split_feature=1 1 1 1 1 1 1 9 1 1 1 10 10 1 10 1 1 5 7 10 9 10 11 10 9 10 11 10 10 10
split_gain=1.89607e+06 259778 255909 48655.7 42272.2 38365 33540.7 7963.74 7825.87 7344.07 6972.75 6552.49 6113.66 6083.92 5786.92 5246.37 3779.94 3539.47 3367.64 3040.83 2878.82 2838.17 2644.62 2611.84 2460.25 2142.45 2097.29 2095.74 1991.91 1920.22
threshold=34.201402664184577 37.832117080688484 30.680515289306644 32.553670883178718 28.635541915893558 40.280481338500984 35.760755538940437 29.425127029418949 31.644694328308109 42.44023513793946 29.843582153320316 0.63209757208824169 0.51973900198936474 39.068861007690437 0.41327477991580969 26.678178787231449 36.816589355468757 33.833974838256843 31.934691429138187 -0.59817537665367115 35.907562255859382 0.56314551830291759 -0.97870382666587818 0.42888796329498297 36.223758697509773 0.65839549899101268 0.57727023959159862 0.25118774175643926 0.47494667768478399 0.64534214138984691
decision_type=2 2 2 2 2 2 2 2 2 2 2 2 2 2 2 2 2 2 2 2 2 2 2 2 2 2 2 2 2 2
left_child=2 6 4 8 7 13 14 15 23 21 18 17 -8 22 -2 -1 -14 -5 -6 -9 25 -7 -3 26 -16 -10 -4 -15 -21 -12
right_child=1 5 3 11 10 9 12 19 20 -11 29 -13 16 27 24 -17 -18 -19 -20 28 -22 -23 -24 -25 -26 -27 -28 -29 -30 -31
leaf_value=-0.18422433671831828 0.034820728052966092 0.046199382204241662 -0.05127185319659372 -0.010037441777658508 -0.10337964190368834 0.19857523628210444 0.079563139189597953 -0.09179906806838839 -0.035649452288774752 0.29389395154814218 -0.077179028327691607 0.027903204726131333 0.10521037136554018 0.095788976882640237 0.061925549046790457 -0.14203503231627557 0.13500743374929322 0.018139054018320243 -0.06461298388213127 -0.13576069941903948 0.041441776438071162 0.24318875275589621 0.16111012176871045 -0.032748311691534235 0.098396837745925114 -0.0064191239957578639 -0.070214650395165043 0.19772347402512025 -0.067935325381373562 -0.030183457164474532
leaf_weight=9942 21569 511 36120 48865 55982 4417 12409 8482 55998 6760 55011 22307 22291 517 26048 28470 20369 14439 6225 12514 1349 18479 24852 11295 5622 7059 24539 20428 1185 2263
leaf_count=9942 21569 511 36120 48865 55982 4417 12409 8482 55998 6760 55011 22307 22291 517 26048 28470 20369 14439 6225 12514 1349 18479 24852 11295 5622 7059 24539 20428 1185 2263
internal_value=1.0181e-10 0.132813 -0.0608729 -0.0249432 -0.105162 0.2037 0.0830943 -0.13918 -0.0434917 0.248102 -0.0879103 0.00460066 0.110453 0.175264 0.0547958 -0.152955 0.119438 -0.00361067 -0.0995003 -0.115326 -0.0308311 0.234582 0.158795 -0.0548243 0.0683999 -0.0323772 -0.058935 0.195207 -0.129894 -0.0753221
internal_weight=586317 184272 402045 221971 180074 75964 108308 60593 136360 29656 119481 85611 55069 46308 53239 38412 42660 63304 62207 22181 64406 22896 25363 71954 31670 63057 60659 20945 13699 57274
internal_count=586317 184272 402045 221971 180074 75964 108308 60593 136360 29656 119481 85611 55069 46308 53239 38412 42660 63304 62207 22181 64406 22896 25363 71954 31670 63057 60659 20945 13699 57274
is_linear=0
shrinkage=0.05


Tree=11
num_leaves=31
num_cat=0
split_feature=1 1 1 1 1 1 1 1 1 10 1 10 12 11 1 10 0 1 1 12 11 9 1 9 9 13 11 9 5 11
split_gain=1.71238e+06 278042 182246 60036.9 39927.4 27578.3 23485.7 13090.5 7270.07 6476.82 5769.04 5333.66 4916.15 7426.06 4886.81 4637.36 3594.62 3284.24 2689.38 2684.57 2670.4 2629.11 2596.06 2571.99 2491.9 2490.87 2442.38 2406.49 2336.36 2329.81
threshold=34.743453979492195 31.363744735717777 38.476392745971687 29.331702232360843 33.085266113281257 36.564462661743171 41.098293304443366 27.844524383544925 30.458729743957523 0.28435654938220983 32.21832466125489 0.20088869333267215 13.750000000000002 0.88999459147453319 39.720970153808601 0.23448921740055087 2.3720173835754399 42.860454559326179 37.535396575927741 15.250000000000002 -0.98518359661102284 31.19474029541016 35.605012893676765 37.25233459472657 35.828414916992195 77.750000000000014 -0.96681198477745045 32.036619186401374 33.491357803344734 0.79874977469444286
decision_type=2 2 2 2 2 2 2 2 2 2 2 2 2 2 2 2 2 2 2 2 2 2 2 2 2 2 2 2 2 2
left_child=1 3 5 7 10 11 14 12 21 -6 28 -2 -1 19 26 -7 -9 -8 -17 -14 -21 -5 -13 -12 -11 -18 -4 -10 -3 -23
right_child=2 4 6 8 9 15 17 16 27 24 23 22 13 -15 -16 18 25 -19 -20 20 -22 29 -24 -25 -26 -27 -28 -29 -30 -31
leaf_value=-0.17048353813283179 0.044363719234053696 -0.039857636329584945 0.078402229034910009 -0.086073092268904167 0.0072024637591471532 0.066954994274002158 0.24023780483812193 -0.11406866511850396 -0.062453673716812201 0.031671749298260381 -0.016264789216963522 0.067551989703550072 -0.14627035351593629 -0.16501353143594744 0.20268184417889229 0.11748958652880573 -0.11215872155344001 0.28957998532761664 0.14270053396998325 -0.18679031601546092 -0.085972873847363213 -0.055451595060439222 0.092282007955555634 0.074266981592898532 0.073121434663298943 -0.070318567743057697 0.17207362533372184 -0.03968642191972304 -0.0025664451263069108 -0.09976742036993605
leaf_weight=12528 12987 57850 718 52424 41886 3220 13946 42857 52177 27929 54419 19586 3197 9430 20438 22796 5648 4448 19737 709 8924 14979 23162 796 4167 9609 22596 14927 4529 3698
leaf_count=12528 12987 57850 718 52424 41886 3220 13946 42857 52177 27929 54419 19586 3197 9430 20438 22796 5648 4448 19737 709 8924 14979 23162 796 4167 9609 22596 14927 4529 3698
internal_value=3.05675e-11 -0.0531659 0.137333 -0.0900876 -0.00862553 0.0960412 0.204764 -0.121171 -0.0691935 0.0201527 -0.0267308 0.072426 -0.145429 -0.131328 0.184835 0.124809 -0.106649 0.25217 0.129188 -0.106569 -0.0933932 -0.0803342 0.0809514 -0.0149596 0.0370531 -0.0858074 0.169189 -0.0573892 -0.0371501 -0.064226
internal_weight=586317 422683 163634 231107 191576 101488 62146 92902 138205 73982 117594 55735 34788 22260 43752 45753 58114 18394 42533 12830 9633 71101 42748 55215 32096 15257 23314 67104 62379 18677
internal_count=586317 422683 163634 231107 191576 101488 62146 92902 138205 73982 117594 55735 34788 22260 43752 45753 58114 18394 42533 12830 9633 71101 42748 55215 32096 15257 23314 67104 62379 18677
is_linear=0
shrinkage=0.05


Tree=12
num_leaves=31
num_cat=0
split_feature=1 1 1 1 1 1 1 1 10 9 7 10 1 10 1 10 5 11 1 9 1 10 10 9 9 11 11 5 1 10
split_gain=1.54699e+06 221780 200376 39311.6 35560.4 31742.2 26010.3 8747.62 6345.5 6173.13 6018.58 4974.93 4755.73 4447.63 4173.45 4134.31 3840.76 3801.74 3306.1 3286.27 3040.74 2487.58 2392.51 2316.64 2279.32 2192.83 2120.45 2042.11 2006.26 1919.9
threshold=34.095119476318366 37.633964538574226 30.553677558898929 32.284915924072273 39.852291107177741 28.376592636108402 35.528953552246101 41.521457672119148 0.63209757208824169 30.374980926513675 29.924538612365726 0.51973900198936474 31.396285057067875 0.41327477991580969 26.488616943359379 0.50495636463165294 33.638193130493171 0.79874977469444286 38.704837799072273 37.829210281372077 29.501111984252933 -0.012910176534205673 0.56314551830291759 36.894601821899421 36.983442306518562 0.80898702144622814 -0.97870382666587818 32.735582351684577 36.564462661743171 0.56314551830291759
decision_type=2 2 2 2 2 2 2 2 2 2 2 2 2 2 2 2 2 2 2 2 2 2 2 2 2 2 2 2 2 2
left_child=2 6 5 12 15 10 13 29 16 20 14 -8 27 -2 -1 26 -5 21 -17 28 -7 -11 -9 -14 -15 -12 -3 -4 -13 -6
right_child=1 4 3 8 7 9 11 22 -10 17 25 19 23 24 -16 18 -18 -19 -20 -21 -22 -23 -24 -25 -26 -27 -28 -29 -30 -31
leaf_value=-0.16741050786391601 0.028208276173537633 0.037616742818370158 -0.056052763470131377 -0.014754547371314675 0.1690242153375674 -0.10255400300924251 0.067954365002326683 0.20152339500273131 0.021221997620729641 -0.065700408181401035 -0.085260938106508269 0.085996725093526849 -0.03496461901090319 0.053831044584788372 -0.12983240266188514 0.14266804511857686 0.011855070319343082 -0.089998798724343076 0.17256868991804594 0.13518338309661612 -0.081860413750824992 -0.028601069697694232 0.25775071614866457 0.061614472332278319 0.10514946053696893 -0.13385965447947176 0.12486712884028153 -0.023097545835160188 0.10934134652484723 0.20533534629912098
leaf_weight=9871 22104 785 57540 58452 4549 35494 13735 2263 23336 28436 8543 20068 63981 26384 29381 19238 17657 15074 17797 6525 35514 5372 11537 627 2357 3187 6167 5119 17000 18224
leaf_count=9871 22104 785 57540 58452 4549 35494 13735 2263 23336 28436 8543 20068 63981 26384 29381 19238 17657 15074 17797 6525 35514 5372 11537 627 2357 3187 6167 5119 17000 18224
internal_value=1.45652e-10 0.117879 -0.0559573 -0.0251412 0.180686 -0.0968438 0.071105 0.217118 -0.00158752 -0.0827908 -0.129891 0.094195 -0.0435459 0.0450709 -0.139282 0.150395 -0.00858122 -0.0691163 0.157037 0.102463 -0.0922043 -0.0598054 0.24853 -0.0340273 0.0580396 -0.098465 0.115015 -0.0533604 0.096703 0.198082
internal_weight=586317 188733 397584 226712 80560 170872 108173 36573 99445 119890 50982 57328 127267 50845 39252 43987 76109 48882 37035 43593 71008 33808 13800 64608 28741 11730 6952 62659 37068 22773
internal_count=586317 188733 397584 226712 80560 170872 108173 36573 99445 119890 50982 57328 127267 50845 39252 43987 76109 48882 37035 43593 71008 33808 13800 64608 28741 11730 6952 62659 37068 22773
is_linear=0
shrinkage=0.05


Tree=13
num_leaves=31
num_cat=0
split_feature=1 1 1 1 1 1 1 1 1 9 9 10 10 1 10 11 5 1 9 1 1 1 7 11 10 10 10 10 9 0
split_gain=1.3963e+06 204977 177324 36240.6 32162.4 26872.6 24664.7 7133.5 6174.11 5858.95 5078.71 4747.8 4387.28 4208.82 4054.76 3673.25 3373.78 3327.6 2819.72 2626.08 2515.56 2434.95 2379.88 2225.71 2177.11 2161.61 2159.24 2083.01 2020.64 2016.48
threshold=34.042966842651374 37.633964538574226 30.458729743957523 32.151718139648445 39.992656707763679 28.172412872314457 35.448331832885749 41.521457672119148 33.21458816528321 29.92817306518555 29.202995300292972 0.26781183481216436 0.64534214138984691 38.704837799072273 0.38168568909168249 0.79874977469444286 32.69813537597657 36.47856521606446 35.440727233886726 25.946461677551273 31.396285057067875 29.501111984252933 35.666589736938484 0.88999459147453319 -0.22611359506845471 0.7324872910976411 0.56314551830291759 0.67125374078750621 36.807399749755866 13.626350879669191
decision_type=2 2 2 2 2 2 2 2 2 2 2 2 2 2 2 2 2 2 2 2 2 2 2 2 2 2 2 2 2 2
left_child=2 6 5 12 13 10 14 -6 18 21 19 -8 16 -3 -2 22 20 -13 27 -1 -4 -7 -11 -12 -17 -10 -9 -5 -16 -21
right_child=1 4 3 8 7 9 11 26 25 15 23 17 -14 -15 28 24 -18 -19 -20 29 -22 -23 -24 -25 -26 -27 -28 -29 -30 -31
leaf_value=-0.17239886470570578 0.025097965477203266 0.12928380037300824 -0.056083350759324906 -0.019352693861815363 0.18962389838206925 -0.10057995172402422 0.054939016401237467 0.19144722426374383 0.0048407665038005367 -0.062256145176398138 -0.094428311986911262 0.081019126957126722 -0.011380165733071069 0.15946150152096239 0.049201235569271043 -0.10639425049692315 -0.022752544374954563 0.10662914484949633 0.035604342271708798 -0.13760531623239128 -0.040105312247032648 -0.080219896693247653 0.039803415307261308 -0.13662717463013066 -0.073648670388276036 0.031726194141943297 0.2448631758462958 0.0053360904204807283 0.093966447066382491 -0.087888795618684512
leaf_weight=5077 22232 23039 60071 53891 20544 35176 8954 2263 29641 37643 12519 24233 9674 23177 25617 8422 13298 26614 2825 20168 41757 25209 580 4164 12776 9998 11537 10153 2796 2269
leaf_count=5077 22232 23039 60071 53891 20544 35176 8954 2263 29641 37643 12519 24233 9674 23177 25617 8422 13298 26614 2825 20168 41757 25209 580 4164 12776 9998 11537 10153 2796 2269
internal_value=4.27988e-11 0.111004 -0.0536349 -0.0254371 0.171652 -0.0934047 0.0667673 0.2083 -0.00401372 -0.0811117 -0.126728 0.0885117 -0.0437205 0.144418 0.0410918 -0.0699653 -0.046438 0.0944238 -0.0132823 -0.139926 -0.0495312 -0.0920802 -0.0607075 -0.104961 -0.0866585 0.011622 0.236104 -0.0154387 0.0536064 -0.132578
internal_weight=586317 191006 395311 231308 80560 164003 110446 34344 106508 119806 44197 59801 124800 46216 50645 59421 115126 50847 66869 27514 101828 60385 38223 16683 21198 39639 13800 64044 28413 22437
internal_count=586317 191006 395311 231308 80560 164003 110446 34344 106508 119806 44197 59801 124800 46216 50645 59421 115126 50847 66869 27514 101828 60385 38223 16683 21198 39639 13800 64044 28413 22437
is_linear=0
shrinkage=0.05


Tree=14
num_leaves=31
num_cat=0
split_feature=1 1 1 1 1 1 1 1 1 10 1 10 10 0 1 11 9 9 12 11 1 9 13 5 10 11 1 10 10 10
split_gain=1.26096e+06 196100 142303 37151.4 34608.1 21437.7 18860.2 6880.04 6761.84 5307.43 4948.25 4092.46 4064.89 3947.85 3659.91 3398.56 3359.78 2894.98 2763.79 4060.06 2750.86 2386.56 2368.44 2329.18 2282.07 2238.4 2186.02 1884.79 1882.98 1861.25
threshold=34.616605758666999 31.054188728332523 38.367088317871101 28.860654830932621 32.84704780578614 36.314168930053718 40.74768257141114 27.01949501037598 29.990586280822757 0.7324872910976411 31.863302230834964 0.50495636463165294 0.95992380380630504 2.2824645042419438 42.44023513793946 -0.96227341890335072 33.589101791381843 38.263473510742195 13.750000000000002 0.88999459147453319 39.321441650390632 37.162004470825202 77.250000000000014 31.825056076049808 0.53436762094497692 0.56312987208366405 35.217159271240241 0.047320950776338584 0.65839549899101268 0.45972847938537603
decision_type=2 2 2 2 2 2 2 2 2 2 2 2 2 2 2 2 2 2 2 2 2 2 2 2 2 2 2 2 2 2
left_child=1 3 5 7 10 12 15 18 23 16 27 -7 26 29 -8 -4 -6 -13 -1 -20 -17 28 -15 -5 25 -10 -2 -3 -12 -9
right_child=2 4 6 8 9 11 14 13 24 -11 21 17 -14 22 -16 20 -18 -19 19 -21 -22 -23 -24 -25 -26 -27 -28 -29 -30 -31
leaf_value=-0.1618550323059714 0.036602656207060477 -0.044975490442927285 0.075230418091247753 -0.081047697121952644 -0.003991941606392011 0.073380919505388095 0.19745905050931142 -0.11288525096854585 -0.049287581643274923 0.033606878970966994 -0.02383478431571483 0.10289119417736324 0.083447066470107065 -0.10815501793016347 0.24125648170291566 0.14174149987379495 0.020285263400057704 0.13589396300898807 -0.096342165060208984 -0.15610806452631709 0.1681091160856738 0.065920104728794102 -0.066392208924899804 -0.046227180786830691 -0.027077502775348285 -0.067251265570318311 0.059782116575643855 -0.025630983041730074 0.0010906634911644029 -0.060429970117356784
leaf_weight=6894 17636 42478 1330 56934 38416 9616 16203 34220 33900 22104 57244 32524 11591 5046 6760 17707 22656 8351 6648 4963 22411 808 10375 5245 6313 35503 24032 17897 8733 1779
leaf_count=6894 17636 42478 1330 56934 38416 9616 16203 34220 33900 22104 57244 32524 11591 5046 6760 17707 22656 8351 6648 4963 22411 808 10375 5245 6313 35503 24032 17897 8733 1779
internal_value=1.07126e-10 -0.0464995 0.115628 -0.0809466 -0.0124644 0.0793866 0.174003 -0.110634 -0.0658925 0.0126127 -0.0288675 0.102729 0.0572569 -0.101225 0.210352 0.153864 0.00501422 0.109634 -0.136778 -0.121888 0.156471 -0.0194896 -0.0800577 -0.0781105 -0.0558589 -0.0584769 0.0499714 -0.0392412 -0.0205355 -0.110293
internal_weight=586317 418156 168161 207820 210336 103750 64411 69925 137895 83176 127160 50491 53259 51420 22963 41448 61072 40875 18505 11611 40118 66785 15421 62179 75716 69403 41668 60375 65977 35999
internal_count=586317 418156 168161 207820 210336 103750 64411 69925 137895 83176 127160 50491 53259 51420 22963 41448 61072 40875 18505 11611 40118 66785 15421 62179 75716 69403 41668 60375 65977 35999
is_linear=0
shrinkage=0.05


Tree=15
num_leaves=31
num_cat=0
split_feature=1 1 1 1 1 1 1 9 1 7 12 11 9 1 10 10 11 10 9 1 1 11 7 13 10 10 10 1 10 10
split_gain=1.13892e+06 167259 144529 28087 26205.7 23181.5 19823.3 5602.94 5299.78 4777.2 4399.27 7214.57 4040.49 3927.55 3855.93 3630.2 3249.55 3240.62 2661.76 2643.05 2440.04 2388.71 2201.81 2123.12 2117.51 2002.21 1944.81 1854.54 1825.64 1738.57
threshold=34.042966842651374 37.633964538574226 30.52330303192139 32.21832466125489 40.138969421386726 28.093261718750004 35.528953552246101 30.21013164520264 42.090299606323249 34.041034698486335 14.250000000000002 0.88999459147453319 31.560298919677738 38.826128005981452 0.26781183481216436 0.20088869333267215 0.79874977469444286 0.7440970540046693 36.63084793090821 29.416313171386722 36.651681900024421 -0.98518359661102284 36.220537185668952 76.750000000000014 0.13301347196102145 0.56314551830291759 0.51973900198936474 33.085266113281257 -0.22611359506845471 0.047320950776338584
decision_type=2 2 2 2 2 2 2 2 2 2 2 2 2 2 2 2 2 2 2 2 2 2 2 2 2 2 2 2 2 2
left_child=2 6 5 12 13 10 15 19 25 17 23 21 -4 26 -8 -2 22 27 29 -7 -16 -12 -9 -1 -11 -6 -3 -5 -18 -14
right_child=1 4 3 9 8 7 14 16 -10 24 11 -13 18 -15 20 -17 28 -19 -20 -21 -22 -23 -24 -25 -26 -27 -28 -29 -30 -31
leaf_value=-0.15142396011774839 0.021674046979836912 0.088426750562626902 -0.04586259490073092 -0.018353867012650901 0.14740961063261857 -0.091191612964743554 0.049228548529732845 -0.053650147208050884 0.22235221051379828 0.0020613741063014801 -0.15108005061001462 -0.13280154962234275 -0.035032987314872303 0.1467690495120817 0.075685341496699962 0.048571240138129496 -0.097513908404245966 0.015938677283586288 0.052077350847694229 -0.072019058698716415 0.098064626350259865 -0.072464694095615581 0.059509199171316356 -0.11604286132990181 0.036255749686893143 0.18464688276016994 0.12472398821455002 -0.0017986593646463008 -0.065008026990862569 -0.014558326303251304
leaf_weight=9293 20311 4482 72816 43983 4496 37541 8328 36460 9149 8469 1045 10865 36543 23223 26353 32807 7304 12156 1027 34491 22647 12822 435 7798 9728 18316 20894 27489 10571 14475
leaf_count=9293 20311 4482 72816 43983 4496 37541 8328 36460 9149 8469 1045 10865 36543 23223 26353 32807 7304 12156 1027 34491 22647 12822 435 7798 9728 18316 20894 27489 10571 14475
internal_value=3.78225e-11 0.100253 -0.04844 -0.0223648 0.155037 -0.0834934 0.0602926 -0.0728464 0.190202 -0.00287549 -0.115773 -0.102293 -0.0382585 0.131911 0.0806828 0.0382864 -0.0607931 -0.00792738 -0.0276195 -0.0820112 0.0860287 -0.0783891 -0.052316 -0.135281 0.0203415 0.177308 0.118313 -0.0119865 -0.0782904 -0.0292238
internal_weight=586317 191006 395311 226686 80560 168625 110446 126802 31961 101825 41823 24732 124861 48599 57328 53118 54770 83628 52045 72032 49000 13867 36895 17091 18197 22812 25376 71472 17875 51018
internal_count=586317 191006 395311 226686 80560 168625 110446 126802 31961 101825 41823 24732 124861 48599 57328 53118 54770 83628 52045 72032 49000 13867 36895 17091 18197 22812 25376 71472 17875 51018
is_linear=0
shrinkage=0.05


Tree=16
num_leaves=31
num_cat=0
split_feature=1 1 1 1 1 1 1 1 9 5 10 10 10 0 10 11 10 11 12 11 1 13 9 1 1 11 1 9 10 9
split_gain=1.02823e+06 170836 105653 36780.3 25397.3 16582.3 13665 7408.59 5654.59 4521.49 3984.32 3887.19 3263.35 3259.32 3233.73 3192.29 3075.28 2806.29 2754.38 4784.68 2446.13 2393.22 2220.99 2196.43 2185.87 2180.42 2175.04 2131.5 2041.97 2013.25
threshold=34.807247161865241 31.363744735717777 38.588956832885749 29.153871536254886 33.21458816528321 36.816589355468757 41.300508499145515 27.298403739929203 30.724729537963871 33.441766738891609 0.95992380380630504 0.28435654938220983 0.53436762094497692 1.5620391964912417 0.56314551830291759 0.76663044095039379 0.65839549899101268 -0.97870382666587818 14.250000000000002 0.88999459147453319 29.990586280822757 77.750000000000014 35.595941543579109 32.024335861206062 39.852291107177741 -0.98518359661102284 43.429134368896491 38.476831436157234 0.13301347196102145 37.072944641113288
decision_type=2 2 2 2 2 2 2 2 2 2 2 2 2 2 2 2 2 2 2 2 2 2 2 2 2 2 2 2 2 2
left_child=1 3 5 7 9 10 14 18 20 16 22 -6 15 -9 -4 -10 23 -7 -1 25 -5 -15 -2 -3 -16 -20 -8 -19 -11 -13
right_child=2 4 6 8 11 17 26 13 12 28 -12 29 -14 21 24 -17 -18 27 19 -21 -22 -23 -24 -25 -26 -27 -28 -29 -30 -31
leaf_value=-0.14063416130377729 0.042270745961919348 -0.035195828097683526 0.11870739667212107 -0.074057239276124551 0.0073622051364061209 0.032255497751393657 0.19213444969215623 -0.094781814460254118 -0.04000802700198261 -0.0096241436053935338 0.081491389623096183 0.027863515403477392 -0.010286459481435051 -0.091100534197016386 0.14074379255360969 -0.065366044003178678 -0.0006780236990358968 0.096688221640591182 -0.17651197206432409 -0.13892474716118852 -0.056423979530216856 -0.054572088531957011 0.064774220582636752 -0.019863664360248782 0.16581369101075427 -0.071367183588253474 0.24513024940510847 0.12363415526259949 0.026401032149139761 0.080085096873229539
leaf_weight=9713 25255 41287 8871 33127 38126 1443 13839 42128 41591 9831 15463 29228 6512 7622 18519 17690 13097 30220 531 5992 48408 10891 19377 53793 16390 6902 2251 9693 6557 1970
leaf_count=9713 25255 41287 8871 33127 38126 1443 13839 42128 41591 9831 15463 29228 6512 7622 18519 17690 13097 30220 531 5992 48408 10891 19377 53793 16390 6902 2251 9693 6557 1970
internal_value=-3.33634e-11 -0.0407946 0.107472 -0.0698307 -0.00618491 0.0763879 0.160145 -0.0962819 -0.054789 -0.0196848 0.0596186 0.0180724 -0.0438844 -0.0870975 0.145664 -0.0475751 -0.0233926 0.100756 -0.120353 -0.105679 -0.0635882 -0.0696112 0.0520406 -0.0265214 0.152514 -0.0788785 0.199549 0.103232 0.00478988 0.0311611
internal_weight=586317 424996 161321 231107 193889 101451 59870 83779 147328 124565 60095 69324 65793 60641 43780 59281 108177 41356 23138 13425 81535 18513 44632 95080 34909 7433 16090 39913 16388 31198
internal_count=586317 424996 161321 231107 193889 101451 59870 83779 147328 124565 60095 69324 65793 60641 43780 59281 108177 41356 23138 13425 81535 18513 44632 95080 34909 7433 16090 39913 16388 31198
is_linear=0
shrinkage=0.05


Tree=17
num_leaves=31
num_cat=0
split_feature=1 1 1 1 1 1 1 1 9 9 12 11 10 5 10 1 10 11 10 9 12 11 10 11 10 10 9 7 12 10
split_gain=929041 139583 115893 22626.3 20410.4 18251.3 18207 4412.05 4298.68 4121.51 3875.11 5195.48 3511.02 3398.59 3361.88 3187.93 2759.71 2655.73 2593.13 2456.5 2361.81 2195.17 2130.25 2056.94 2282.56 2040.39 2027.15 1898.1 1846.14 1774.76
threshold=33.98988342285157 37.73210525512696 30.458729743957523 32.120763778686531 40.591190338134773 28.172412872314457 35.675741195678718 39.191526412963874 34.49261665344239 29.92817306518555 13.750000000000002 0.88999459147453319 0.41327477991580969 33.302337646484382 0.51973900198936474 42.860454559326179 0.68391311168670665 0.79874977469444286 0.42888796329498297 38.041267395019538 15.250000000000002 0.77756834030151378 0.51973900198936474 -0.98518359661102284 -0.09881922602653502 0.56314551830291759 36.894601821899421 36.139402389526374 14.250000000000002 -0.22611359506845471
decision_type=2 2 2 2 2 2 2 2 2 2 2 2 2 2 2 2 2 2 2 2 2 2 2 2 2 2 2 2 2 2
left_child=2 6 5 13 7 10 12 22 16 28 -1 20 -2 18 -8 25 -5 27 21 -16 -12 -4 -3 24 -22 -6 -14 -11 -7 -19
right_child=1 4 3 8 15 9 14 -9 -10 17 11 -13 26 -15 19 -17 -18 29 -20 -21 23 -23 -24 -25 -26 -27 -28 -29 -30 -31
leaf_value=-0.12381357101816204 0.021808841547198813 0.081859030131899213 -0.036420974627618105 -0.012048925411615834 0.13732988513125091 -0.086746654461248601 0.052886273283634315 0.14006849986446995 0.023073280865069271 -0.050057830284914374 -0.10785750124532639 -0.11761994728272573 0.042316531977760849 -0.0036943135917701765 0.077370166812607818 0.21673695455399919 0.010120046189808185 -0.08875984973757943 -0.020777153204267491 0.11230631201587378 -0.17373865052724435 -0.05303624511798586 0.11710041784050362 -0.058085271167246523 0.02545260751719346 0.17759513792639789 0.084498542528388176 0.056077185791300638 -0.068620696251452437 -0.059194537770709516
leaf_weight=15520 26051 5188 68437 76565 3867 22235 12745 23128 12644 37797 4026 12149 30650 7721 36663 4448 17190 8422 18427 5832 749 28017 24721 11575 178 16880 3140 426 38150 12776
leaf_count=15520 26051 5188 68437 76565 3867 22235 12745 23128 12644 37797 4026 12149 30650 7721 36663 4448 17190 8422 18427 5832 749 28017 24721 11575 178 16880 3140 426 38150 12776
internal_value=7.2988e-11 0.0897406 -0.0441421 -0.0211644 0.141271 -0.0762264 0.0547101 0.123669 -0.0042935 -0.0660955 -0.103689 -0.0927969 0.0356022 -0.0358056 0.0754096 0.178325 -0.00798424 -0.0567468 -0.0379638 0.0821648 -0.0745505 -0.0412472 0.110987 -0.0638247 -0.13549 0.17009 0.0462364 -0.0488749 -0.075295 -0.0709409
internal_weight=586317 193313 393004 229001 78232 164003 115081 53037 106399 119806 44197 28677 59841 122602 55240 25195 93755 59421 114881 42495 16528 96454 29909 12502 927 20747 33790 38223 60385 21198
internal_count=586317 193313 393004 229001 78232 164003 115081 53037 106399 119806 44197 28677 59841 122602 55240 25195 93755 59421 114881 42495 16528 96454 29909 12502 927 20747 33790 38223 60385 21198
is_linear=0
shrinkage=0.05


Tree=18
num_leaves=31
num_cat=0
split_feature=1 1 1 1 1 1 1 1 1 5 0 10 10 1 10 11 9 9 10 10 13 9 9 10 5 1 12 11 9 1
split_gain=838527 142560 83523.2 28197.9 23916.5 13869.7 10496.7 5333.71 5325.32 3987.31 3668.57 3545.12 3307.95 2612.12 2559.05 2522.21 2400.64 2131.15 2017.2 2014.28 1890.03 1878.37 1824.09 1783.66 1747.51 1734.43 1664.18 1647.95 1749.8 1587.91
threshold=34.869035720825202 31.23999118804932 38.704837799072273 28.911581993103031 33.129404067993171 36.905206680297859 41.300508499145515 26.488616943359379 30.026032447814945 33.638193130493171 4.4261167049407968 0.7324872910976411 0.95992380380630504 32.024335861206062 0.56314551830291759 -0.97870382666587818 33.589101791381843 33.685607910156257 0.45972847938537603 0.56314551830291759 77.250000000000014 39.188413619995124 35.595941543579109 0.13301347196102145 32.249189376831062 28.015341758728031 16.250000000000004 -0.97502842545509327 39.845390319824226 43.429134368896491
decision_type=2 2 2 2 2 2 2 2 2 2 2 2 2 2 2 2 2 2 2 2 2 2 2 2 2 2 2 2 2 2
left_child=1 3 5 7 9 12 14 -1 24 13 18 16 22 -3 27 26 -6 -10 25 -8 -12 -17 -2 -11 -5 -9 -7 -4 -29 -21
right_child=2 4 6 8 11 15 19 10 17 23 20 -13 -14 -15 -16 21 -18 -19 -20 29 -22 -23 -24 -25 -26 -27 -28 28 -30 -31
leaf_value=-0.12091444646231118 0.039128959156318699 -0.030398198377680152 0.010870516063321544 -0.06519137238976272 -0.00095501830771769006 0.073181464099544166 0.14116874565847612 -0.10491339858312941 -0.045597445835964562 -0.008593094916891357 -0.089309126553088286 0.031779696669779728 0.074953872401559235 -0.01541673006495947 0.13907060093317103 0.090716119779682747 0.020633681517028265 -0.0071561322892919905 -0.044213987618174501 0.18152481317498362 -0.051381735035462707 0.12101024686211857 0.059515182822433579 0.029727079013176234 -0.029858329126081495 -0.084658808801926583 -0.038889873513916894 0.087253518917496178 0.13437028414721364 0.23170329941771231
leaf_weight=11663 24200 54761 414 58523 29432 787 2719 18894 83565 7345 4732 23760 15910 62079 33054 34012 22893 3768 2174 11545 10740 6023 20075 5177 3722 23989 572 3580 4383 1826
leaf_count=11663 24200 54761 414 58523 29432 787 2719 18894 83565 7345 4732 23760 15910 62079 33054 34012 22893 3768 2174 11545 10740 6023 20075 5177 3722 23989 572 3580 4383 1826
internal_value=9.99488e-11 -0.0364899 0.0979831 -0.0642898 -0.00648131 0.0707216 0.146125 -0.0899533 -0.0519036 -0.0195646 -0.0839876 0.0157632 0.0553993 -0.0224383 0.132815 0.0929997 0.00849037 -0.0439389 -0.0912008 0.1804 -0.0629816 0.0952737 0.0483724 0.0072497 -0.0630786 -0.0935829 0.0260109 0.108131 0.113188 0.188377
internal_weight=586317 427217 159100 221770 205447 101579 57521 72192 149578 129362 60529 76085 60185 116840 41431 41394 52325 87333 45057 16090 15472 40035 44275 12522 62245 42883 1359 8377 7963 13371
internal_count=586317 427217 159100 221770 205447 101579 57521 72192 149578 129362 60529 76085 60185 116840 41431 41394 52325 87333 45057 16090 15472 40035 44275 12522 62245 42883 1359 8377 7963 13371
is_linear=0
shrinkage=0.05


Tree=19
num_leaves=31
num_cat=0
split_feature=1 1 1 1 1 1 1 5 1 9 9 1 10 11 7 11 9 9 10 10 9 10 12 11 11 10 9 10 10 1
split_gain=757788 111283 96595.2 18884.3 18556.3 15985.7 12452.1 4460.31 4426.83 3408.88 3289.5 3203.01 2904.84 2902.66 2705.99 2481.18 2475.26 2462.28 2246.49 2171.35 2137.27 2097.7 1980.56 2689.3 1732.7 1709.03 1664.54 1655.92 1651.4 1614.62
threshold=34.042966842651374 37.535396575927741 30.74163913726807 39.852291107177741 28.692169189453129 32.553670883178718 35.373973846435554 29.649803161621097 41.521457672119148 31.560298919677738 30.599422454833988 25.946461677551273 0.51973900198936474 -0.96681198477745045 36.139402389526374 0.79874977469444286 39.313549041748054 37.072944641113288 0.41327477991580969 -0.012910176534205673 38.041267395019538 0.7440970540046693 14.750000000000002 0.94968265295028698 -0.98518359661102284 -0.54883790016174305 37.25233459472657 -0.73831951618194569 -0.22611359506845471 29.843582153320316
decision_type=2 2 2 2 2 2 2 2 2 2 2 2 2 2 2 2 2 2 2 2 2 2 2 2 2 2 2 2 2 2
left_child=2 6 4 13 7 9 18 11 -5 -4 29 -1 -8 -3 21 19 -15 -11 -2 -12 -14 -7 -13 24 -24 -17 -20 -9 -25 -6
right_child=1 3 5 8 10 14 12 27 -10 17 15 22 20 16 -16 25 -18 -19 26 -21 -22 -23 23 28 -26 -27 -28 -29 -30 -31
leaf_value=-0.12835658205239553 0.017676097457791692 0.041313477491787695 -0.034588674377136773 0.13869788031642397 -0.067576850028510937 -0.0044148537346030128 0.04452087897916035 -0.037691434544826902 0.17458569706451871 -0.019767973491710434 -0.042737957074437498 -0.10104318972610926 0.066142482128066879 0.099219232651198461 0.048923362747217841 -0.11701750223993768 0.12535612557612882 0.058340796894703853 0.036143401929472845 -0.0090952805042345333 0.10113213707685745 0.016692789229399579 -0.1439122596066377 -0.15182403272914125 -0.058659732424352767 -0.056568868302777145 0.088876721510709467 -0.074715806075447533 -0.090840603543853912 -0.052742473768349535
leaf_weight=6301 21970 1767 69912 22773 41774 61426 14963 4401 13800 60791 28104 21100 40058 31829 2890 1294 12662 1026 24693 5783 4898 14561 630 1276 11045 12131 1593 9624 8539 32703
leaf_count=6301 21970 1767 69912 22773 41774 61426 14963 4401 13800 60791 28104 21100 40058 31829 2890 1294 12662 1026 24693 5783 4898 14561 630 1276 11045 12131 1593 9624 8539 32703
internal_value=9.61569e-11 0.0817755 -0.0395122 0.12539 -0.0659044 -0.0163659 0.0483796 -0.0879539 0.152239 -0.0270253 -0.0545136 -0.0950842 0.0636033 0.104162 0.00143598 -0.0442037 0.106658 -0.0184716 0.0294764 -0.0369967 0.0699546 -0.000370104 -0.0901617 -0.0794778 -0.0632601 -0.0623954 0.0393392 -0.0630977 -0.0987688 -0.061063
internal_weight=586317 191006 395311 82831 184705 210606 108175 62916 36573 131729 121789 48891 59919 46258 78877 47312 44491 61817 48256 33887 44956 75987 42590 21490 11675 13425 26286 14025 9815 74477
internal_count=586317 191006 395311 82831 184705 210606 108175 62916 36573 131729 121789 48891 59919 46258 78877 47312 44491 61817 48256 33887 44956 75987 42590 21490 11675 13425 26286 14025 9815 74477
is_linear=0
shrinkage=0.05


Tree=20
num_leaves=31
num_cat=0
split_feature=1 1 1 1 1 1 1 1 9 9 12 11 11 10 10 11 9 7 12 10 9 13 10 10 12 11 10 5 10 1
split_gain=684066 102824 85483.6 17523.5 17043.1 13036.1 11771.4 4045.07 3816.63 3436.74 2970.44 4114.23 2698.14 2677.27 2667 2460.35 2452.32 2246.25 2165.42 2122.57 2100.6 2008.69 1900.38 1838.96 1784.76 1880.44 1780.4 1773.48 1577.39 1570.17
threshold=33.98988342285157 37.535396575927741 30.393974304199222 31.991960525512699 39.852291107177741 28.015341758728031 35.373973846435554 41.779499053955085 33.354404449462898 29.627904891967777 13.750000000000002 0.88999459147453319 -0.97870382666587818 0.64534214138984691 0.20088869333267215 0.79874977469444286 39.188413619995124 37.15858459472657 16.750000000000004 0.41327477991580969 30.8515739440918 77.750000000000014 -0.22611359506845471 0.7440970540046693 15.250000000000002 -0.98518359661102284 0.54883790016174328 39.856796264648445 0.047320950776338584 36.231637954711921
decision_type=2 2 2 2 2 2 2 2 2 2 2 2 2 2 2 2 2 2 2 2 2 2 2 2 2 2 2 2 2 2
left_child=2 6 5 13 12 10 19 -6 23 -7 -1 24 -3 20 18 21 26 -10 -8 -2 -4 -11 -17 -5 -12 28 -14 29 -26 -16
right_child=1 4 3 8 7 9 14 -9 17 15 11 -13 16 -15 27 22 -18 -19 -20 -21 -22 -23 -24 -25 25 -27 -28 -29 -30 -31
leaf_value=-0.1094361231988666 0.016578357453361121 0.011885643210838136 -0.042094904621399434 -0.013328261273311923 0.13336938530777961 -0.067342560699794357 0.048648989864360496 0.16918830090752113 0.0061947679442075042 -0.056758686397402225 -0.093990168644375705 -0.10427555933148561 0.063835523794272805 -0.0052662536363711722 0.052726571171617456 -0.079568800731262157 0.11802766611265698 0.062720127501007736 -0.010770982297766697 0.037130941191042793 -0.028130385429791422 -0.034025584193033531 -0.051603198176107867 0.0103637992575406 -0.14961981047304046 -0.04779112921942185 0.097750481610184459 0.14021508830566007 0.095741417173606666 0.07066942148047721
leaf_weight=14074 23290 873 48151 72350 25078 53392 6266 11495 32210 15762 3627 10764 4521 8572 20278 9956 14003 1859 2030 27273 61103 25337 15583 9236 726 10230 26861 765 72 30580
leaf_count=14074 23290 873 48151 72350 25078 53392 6266 11495 32210 15762 3627 10764 4521 8572 20278 9956 14003 1859 2030 27273 61103 25337 15583 9236 726 10230 26861 765 72 30580
internal_value=3.09106e-11 0.0770053 -0.0378778 -0.0186026 0.11912 -0.0660894 0.0454307 0.144627 -0.0047767 -0.0578906 -0.0910076 -0.0808041 0.0989536 -0.0321738 0.0604231 -0.0503175 0.100628 0.00927912 0.0341091 0.0276641 -0.0342849 -0.042744 -0.0625052 -0.0106462 -0.0635644 -0.0535577 0.0928646 0.0646519 -0.127482 0.0635153
internal_weight=586317 193313 393004 233481 82831 159523 110482 36573 115655 120030 39493 25419 46258 117826 59919 66638 45385 34069 8296 50563 109254 41099 25539 81586 14655 11028 31382 51623 798 50858
internal_count=586317 193313 393004 233481 82831 159523 110482 36573 115655 120030 39493 25419 46258 117826 59919 66638 45385 34069 8296 50563 109254 41099 25539 81586 14655 11028 31382 51623 798 50858
is_linear=0
shrinkage=0.05


Tree=21
num_leaves=31
num_cat=0
split_feature=1 1 1 1 1 1 1 9 10 1 0 10 10 11 5 10 10 9 12 10 7 1 1 10 12 9 1 9 10 11
split_gain=617402 94990.1 75923.2 17721.8 15624.4 11641.3 9834.42 3608.77 3292.55 2737.21 2930.84 2667.78 2646.61 2687.86 2602.89 2422.3 2199.28 2090 2040.41 2775.15 2015.48 1853.66 1839.26 1774.58 1848.94 1754.01 1741.93 1733.73 1521.28 1407.41
threshold=33.938793182373054 38.043006896972663 30.164243698120121 31.863302230834964 35.989843368530281 40.74768257141114 28.015341758728031 33.354404449462898 0.95992380380630504 25.505497932434086 8.8564577102661151 0.51973900198936474 0.44437406957149511 0.57727023959159862 31.022009849548343 0.51973900198936474 0.56314551830291759 34.202585220336921 14.750000000000002 -0.74981945753097523 37.071052551269538 42.860454559326179 39.191526412963874 -0.012910176534205673 15.250000000000002 36.63084793090821 32.734432220458991 38.263473510742195 0.45972847938537603 -0.97870382666587818
decision_type=2 2 2 2 2 2 2 2 2 2 2 2 2 2 2 2 2 2 2 2 2 2 2 2 2 2 2 2 2 2
left_child=2 4 6 12 8 11 9 26 17 -1 28 29 13 23 18 -6 -7 -2 -8 -20 -9 -18 -13 -4 -25 -14 -5 -17 -11 -3
right_child=1 5 3 7 15 16 14 20 -10 10 -12 22 25 -15 -16 27 21 -19 19 -21 -22 -23 -24 24 -26 -27 -28 -29 -30 -31
leaf_value=-0.12243720518237344 0.015905046003983774 0.00049729271699766543 -0.031588889285454898 -0.017480540445311783 0.046111912900160264 0.11482978240010595 -0.070431402519765179 0.0048473410889577385 0.055860606082649471 -0.092119307130515041 -0.055159153709741886 0.09845984054846034 -0.016663397115254622 -0.044962737507986711 -0.039211798536133102 0.067960411304328991 0.14732112886347853 0.034636322945894936 -0.031101488458085792 -0.06010128344238324 0.056970034883364211 0.18671405224704066 0.11982142985250875 -0.04036480260397049 0.019956212701552317 0.12172952732693501 -0.0033508373194804947 0.096359904700358101 -0.033578877233401354 0.083721666270737891
leaf_weight=4662 26942 546 56011 49908 11228 4133 33029 31938 11129 25634 8037 18999 17429 45426 16928 35365 15108 33296 10154 43988 1969 3722 21457 1989 3516 232 38747 6337 1160 7298
leaf_count=4662 26942 546 56011 49908 11228 4133 33029 31938 11129 25634 8037 18999 17429 45426 16928 35365 15108 33296 10154 43988 1969 3722 21457 1989 3516 232 38747 6337 1160 7298
internal_value=6.02748e-12 0.0725272 -0.0362973 -0.0194986 0.0461414 0.118549 -0.0652129 -0.00599913 0.0308747 -0.0864572 -0.0816414 0.104615 -0.032777 -0.0357383 -0.0571532 0.0667258 0.147858 0.0262586 -0.0606374 -0.0546625 0.00787414 0.155108 0.10979 -0.0289265 -0.00183825 -0.0148454 -0.0113051 0.072276 -0.0895849 0.0779286
internal_weight=586317 195560 390757 247165 124297 71263 143592 122562 71367 39493 34831 48300 124603 106942 104099 52930 22963 60238 87171 54142 33907 18830 40456 61516 5505 17661 88655 41702 26794 7844
internal_count=586317 195560 390757 247165 124297 71263 143592 122562 71367 39493 34831 48300 124603 106942 104099 52930 22963 60238 87171 54142 33907 18830 40456 61516 5505 17661 88655 41702 26794 7844
is_linear=0
shrinkage=0.05


Tree=22
num_leaves=31
num_cat=0
split_feature=1 1 1 1 1 1 1 1 5 9 0 10 10 13 10 10 11 10 0 10 11 10 9 9 12 11 12 10 7 5
split_gain=557981 97751.8 54043.2 21273.2 15161 8651.57 7055.44 5273.71 3025.37 2877.31 2538.09 2427 2298.8 2264.24 2232.71 2217.79 2080.73 2022.62 1860.59 1859.76 1749.08 1633.76 1520.26 1509.83 1441.38 2108 1384.13 1379.94 1364.21 1360.13
threshold=34.936000823974616 31.396285057067875 38.704837799072273 29.416313171386722 33.350265502929695 36.990877151489265 41.300508499145515 27.163667678833011 33.638193130493171 30.724729537963871 1.5620391964912417 0.95992380380630504 0.28435654938220983 77.750000000000014 0.64534214138984691 0.53436762094497692 0.76663044095039379 0.56314551830291759 19.67550086975098 0.45972847938537603 -0.97870382666587818 0.56314551830291759 36.138706207275398 37.072944641113288 16.250000000000004 -0.14153505116701123 16.250000000000004 0.13301347196102145 40.280574798583991 40.281343460083015
decision_type=2 2 2 2 2 2 2 2 2 2 2 2 2 2 2 2 2 2 2 2 2 2 2 2 2 2 2 2 2 2
left_child=1 3 5 7 8 11 17 18 14 -5 19 29 24 -12 -3 16 -11 28 -1 -9 26 -8 -17 -14 -6 -26 -7 -10 -4 -2
right_child=2 4 6 9 12 20 21 10 27 15 13 -13 23 -15 -16 22 -18 -19 -20 -21 -22 -23 -24 -25 25 -27 -28 -29 -30 -31
leaf_value=-0.098181492681335011 0.039502596428687843 -0.018967730556217904 0.069376919150540284 -0.045361900471270485 0.01889775935261238 0.063822397569982481 0.1120791341488767 -0.0713438686524238 -0.0055542722575120029 -0.027700123932516158 -0.068246198717393777 0.062896723509652835 0.022755701039836852 -0.036240154625263712 0.001619222540603385 -0.0079649414733481329 -0.048526309222154139 0.11395976907834696 -0.058164306814459769 -0.031544284262876532 0.078623554119400349 0.15459546057161738 0.11825360833261643 0.066338122403865607 -0.013674146988606481 0.019866131852006554 -0.041936960092760982 0.024899713599359351 0.11029488808970001 0.13451143159512677
leaf_weight=17319 43325 98829 4881 72407 14964 728 2719 50590 8652 40011 9271 16377 29453 13679 15195 6273 17127 33054 3490 3116 37868 13371 248 2131 12965 7335 538 6525 3496 380
leaf_count=17319 43325 98829 4881 72407 14964 728 2719 50590 8652 40011 9271 16377 29453 13679 15195 6273 17127 33054 3490 3116 37868 13371 248 2131 12965 7335 538 6525 3496 380
internal_value=-3.78737e-11 -0.029463 0.0807514 -0.0513165 -0.00343146 0.0583962 0.119311 -0.069147 -0.0134329 -0.0385444 -0.0630873 0.0464802 0.0158989 -0.0491695 -0.0162243 -0.0307899 -0.0339427 0.108398 -0.09147 -0.0690347 0.0766908 0.147411 -0.00316473 0.0256962 0.00712395 -0.00155504 0.0188788 0.00753871 0.0864533 0.0403287
internal_weight=586317 429580 156737 233531 196049 99216 57521 97465 129201 136066 76656 60082 66848 22950 114024 63659 57138 41431 20809 53706 39134 16090 6521 31584 35264 20300 1266 15177 8377 43705
internal_count=586317 429580 156737 233531 196049 99216 57521 97465 129201 136066 76656 60082 66848 22950 114024 63659 57138 41431 20809 53706 39134 16090 6521 31584 35264 20300 1266 15177 8377 43705
is_linear=0
shrinkage=0.05


Tree=23
num_leaves=31
num_cat=0
split_feature=1 1 1 1 1 1 1 7 9 1 9 11 13 10 10 10 10 10 12 1 11 10 12 1 12 11 13 10 9 5
split_gain=503686 89986.7 47146.6 19199.1 14278.3 7277.78 6415.42 4830.35 2829.16 2782.88 2700.86 2433.54 2428.5 2305.7 2168.78 2086.3 2014.04 2480.42 1914.92 1820.32 1709.11 1567.67 1534.02 1528.57 1422.35 2038.57 1417.09 1405.78 1404.01 1399.67
threshold=35.004354476928718 31.396285057067875 38.704837799072273 29.416313171386722 33.350265502929695 37.174047470092781 40.922029495239265 28.745370864868168 35.515878677368171 26.246039390563968 34.091625213623054 0.79874977469444286 77.750000000000014 0.20088869333267215 0.28435654938220983 0.7440970540046693 0.44437406957149511 -0.95747631788253773 16.250000000000004 43.429134368896491 -0.96681198477745045 0.56314551830291759 13.750000000000002 32.453718185424812 16.750000000000004 -0.14153505116701123 78.250000000000014 -0.22611359506845471 37.072944641113288 39.598205566406257
decision_type=2 2 2 2 2 2 2 2 2 2 2 2 2 2 2 2 2 2 2 2 2 2 2 2 2 2 2 2 2 2
left_child=1 3 5 7 8 13 20 9 15 -1 16 12 -9 18 24 23 17 26 -2 21 -4 -8 -11 -3 -6 -26 -5 -13 -16 -15
right_child=2 4 6 10 14 -7 19 11 -10 22 -12 27 -14 29 28 -17 -18 -19 -20 -21 -22 -23 -24 -25 25 -27 -28 -29 -30 -31
leaf_value=-0.10802983751614909 0.039950731305771675 -0.020773732433588658 0.030408465441631252 -0.036088502161467438 0.016968949844544261 0.074676668797732132 0.098728109674121517 -0.061836933760434157 0.026938684713473639 -0.084758393757241701 0.0037563034825766023 -0.083073270758723297 -0.033777052845439866 0.049513546244139041 0.021862001303822834 0.0061792511660873715 -0.020372663364884802 -0.042941147891270556 -0.0040401329509172808 0.17813219159633842 0.10251281567167597 0.13721411971406899 -0.064079754346289194 -0.0088340861815229578 -0.015473650156014427 0.019291187709893021 -0.0065284846774395005 -0.057865349248880885 0.062710181116485061 0.11722088093906191
leaf_weight=6591 7539 69916 841 8442 17825 34410 3206 14192 4337 15448 4020 9283 16885 50554 30764 11472 14660 101143 3682 2251 36075 15148 21383 43476 11647 6610 7801 13683 2258 775
leaf_count=6591 7539 69916 841 8442 17825 34410 3206 14192 4337 15448 4020 9283 16885 50554 30764 11472 14660 101143 3682 2251 36075 15148 21383 43476 11647 6610 7801 13683 2258 775
internal_value=-6.51779e-11 -0.027718 0.0774829 -0.0487507 -0.00294919 0.0562076 0.113345 -0.0656897 -0.0127612 -0.0781076 -0.0366171 -0.0557122 -0.0465912 0.0460474 0.015396 -0.0141402 -0.0378463 -0.0400285 0.0255158 0.135696 0.10087 0.130492 -0.072753 -0.0161959 0.00692214 -0.00288694 -0.0218918 -0.0680545 0.0246551 0.0505358
internal_weight=586317 431836 154481 233531 198305 96960 57521 97465 129201 43422 136066 54043 31077 62550 69104 124864 132046 117386 11221 20605 36916 18354 36831 113392 36082 18257 16243 22966 33022 51329
internal_count=586317 431836 154481 233531 198305 96960 57521 97465 129201 43422 136066 54043 31077 62550 69104 124864 132046 117386 11221 20605 36916 18354 36831 113392 36082 18257 16243 22966 33022 51329
is_linear=0
shrinkage=0.05


Tree=24
num_leaves=31
num_cat=0
split_feature=1 1 1 1 1 1 1 1 9 12 11 10 12 10 10 7 11 10 10 10 9 11 12 10 11 7 10 11 13 5
split_gain=454903 70140.5 56567.6 12338.1 12093.1 8096.54 7727.82 2904.1 2620.07 2414.8 3289.67 2240.48 2276.06 3087.27 2201.55 2515.76 2373.01 2185.01 2129.27 1927.89 1845.73 1541.12 1699.76 1504.75 1462.3 1459.38 1436.01 1418.2 1415.14 1394.05
threshold=33.938793182373054 37.43890571594239 30.267227172851566 39.852291107177741 31.991960525512699 28.093261718750004 35.297071456909187 42.44023513793946 35.982450485229499 13.750000000000002 0.88999459147453319 0.45972847938537603 14.250000000000002 -0.69016700983047474 0.11593352630734445 33.40168762207032 0.77756834030151378 0.50495636463165294 0.7440970540046693 0.56314551830291759 39.986669540405281 -0.98518359661102284 15.250000000000002 0.95992380380630504 0.28434865176677709 36.302387237548835 0.56314551830291759 0.30080866813659674 76.750000000000014 40.145202636718757
decision_type=2 2 2 2 2 2 2 2 2 2 2 2 2 2 2 2 2 2 2 2 2 2 2 2 2 2 2 2 2 2
left_child=2 6 5 17 14 9 23 26 18 28 21 12 -7 -14 16 -16 -4 29 -6 -8 27 -11 -23 -2 -21 -13 -5 -19 -1 -3
right_child=1 3 4 7 8 11 19 -9 -10 10 -12 25 13 -15 15 -17 -18 20 -20 24 -22 22 -24 -25 -26 -27 -28 -29 -30 -31
leaf_value=-0.10392061357248267 0.018370077896171993 0.045674091612487325 -0.026386351402037919 0.089241445673398631 -0.0086595352230953576 -0.061826611053755393 0.033410381992263823 0.14787466380993503 0.033714269726437297 -0.10427113467965328 -0.085361712487606933 -0.023983763713323815 -0.029183432993361558 -0.05180755598499668 -0.019818026793901444 0.030419439705977071 -0.04553474836346437 0.082110072717047344 0.011060751908238324 0.059368141842492284 0.10946371799269675 -0.07587182979026226 -0.035766624704610388 0.045139840391957925 0.039146584029037659 0.14199816896131745 0.1169682722731743 0.032637502062891337 -0.072796119190607009 0.10104375632767837
leaf_weight=8237 44475 6385 71997 5797 92984 28679 16297 6760 4373 1209 11436 6956 21299 51634 31248 2708 20870 33050 16051 31137 6252 3488 10892 5952 12541 135 24016 1515 6561 1383
leaf_count=8237 44475 6385 71997 5797 92984 28679 16297 6760 4373 1209 11436 6956 21299 51634 31248 2708 20870 33050 16051 31137 6252 3488 10892 5952 12541 135 24016 1515 6561 1383
internal_value=2.07873e-11 0.0622553 -0.0311566 0.0963503 -0.0160977 -0.0551896 0.0359564 0.118286 -0.00423453 -0.0738847 -0.0649943 -0.0479968 -0.0498931 -0.0452005 -0.0267061 -0.0158116 -0.0306896 0.0798379 -0.00575652 0.0480862 0.0844636 -0.0500529 -0.0454945 0.0215298 0.053562 -0.0208238 0.111577 0.0799417 -0.0901209 0.055532
internal_weight=586317 195560 390757 85158 240231 150526 110402 36573 113408 41823 27025 108703 101612 72933 126823 33956 92867 48585 109035 59975 40817 15589 14380 50427 43678 7091 29813 34565 14798 7768
internal_count=586317 195560 390757 85158 240231 150526 110402 36573 113408 41823 27025 108703 101612 72933 126823 33956 92867 48585 109035 59975 40817 15589 14380 50427 43678 7091 29813 34565 14798 7768
is_linear=0
shrinkage=0.05


Tree=25
num_leaves=31
num_cat=0
split_feature=1 1 1 1 1 1 1 5 5 9 1 1 5 11 10 10 9 1 10 10 12 13 11 11 9 10 10 10 10 10
split_gain=410697 65441.6 46943.4 12981.8 11605.5 6993.52 6871.19 3024.92 2659.73 2468.36 2364.42 2267.82 2104.46 1946.6 1836.37 1792.48 1770.11 1670.46 1642.44 1641.42 1507.01 1512.85 1882.92 1551.88 1464.82 1425.78 1346.85 1236.31 1225.97 1167.27
threshold=34.616605758666999 31.054188728332523 38.259286880493171 28.750182151794437 32.734432220458991 40.74768257141114 36.231637954711921 29.911494255065922 32.383266448974616 35.440727233886726 25.505497932434086 29.843582153320316 33.441766738891609 -0.97502842545509327 0.51973900198936474 0.7324872910976411 39.845390319824226 43.429134368896491 0.54883790016174328 0.95992380380630504 13.750000000000002 81.250000000000014 0.77756834030151378 -0.98518359661102284 38.940244674682624 0.6186656951904298 0.56314551830291759 0.45972847938537603 -0.98521098494529713 0.13301347196102145
decision_type=2 2 2 2 2 2 2 2 2 2 2 2 2 2 2 2 2 2 2 2 2 2 2 2 2 2 2 2 2 2
left_child=1 3 6 7 12 13 19 10 11 15 -1 -5 25 -4 -8 -6 18 26 -15 -2 -12 23 -23 -22 -16 -3 -7 -25 -9 -14
right_child=2 4 5 8 9 17 14 28 -10 -11 20 -13 29 16 24 -17 -18 -19 -20 -21 21 22 -24 27 -26 -27 -28 -29 -30 -31
leaf_value=-0.10559727099588462 0.026947622450077854 -0.02115248115712787 -0.00054939941853095013 -0.047672523362328717 -0.00034489102485216216 0.089175293703374736 0.038650450139040914 0.012133225713883072 -0.013291699055806867 0.031589641338511033 -0.078249612396244506 -0.034386674894247342 -0.0085470375306676248 0.052044514415744016 0.059182858511601544 0.01682816986453772 0.1026725905422298 0.16183184833955205 0.0859390106137191 0.048890660020753263 -0.11172134575586612 -0.032478359395274048 -0.085889976612433389 -0.050802741458474437 0.090469667699577622 -0.0031983266835121983 0.12243319655645386 0.029122071482416363 -0.047094784185109283 0.025703204934114505
leaf_weight=4308 40095 97085 628 54725 60905 3708 10178 947 10129 8963 18370 77758 6702 4175 36223 20246 14070 2251 24834 10823 1030 2051 8441 18275 4172 12479 17004 497 11289 3956
leaf_count=4308 40095 97085 628 54725 60905 3708 10178 947 10129 8963 18370 77758 6702 4175 36223 20246 14070 2251 24834 10823 1030 2051 8441 18275 4172 12479 17004 497 11289 3956
internal_value=3.24326e-11 -0.0265374 0.0659889 -0.0464368 -0.00687598 0.0985834 0.0445775 -0.0649177 -0.0379866 0.0066897 -0.0700934 -0.0398747 -0.0170443 0.0868454 0.0576316 0.00393954 0.0881195 0.120925 0.0810609 0.0316118 -0.0669504 -0.0600987 -0.075449 -0.0519654 0.0624142 -0.0191076 0.116479 -0.0486867 -0.0425109 0.00416585
internal_weight=586317 418156 168161 207820 210336 66670 101491 65208 142612 90114 52972 132483 120222 43707 50573 81151 43079 22963 29009 50918 48664 30294 10492 19802 40395 109564 20712 18772 12236 10658
internal_count=586317 418156 168161 207820 210336 66670 101491 65208 142612 90114 52972 132483 120222 43707 50573 81151 43079 22963 29009 50918 48664 30294 10492 19802 40395 109564 20712 18772 12236 10658
is_linear=0
shrinkage=0.05


Tree=26
num_leaves=31
num_cat=0
split_feature=1 1 1 1 1 9 1 1 10 5 12 11 0 9 11 10 9 10 1 13 7 10 10 9 10 12 10 10 10 9
split_gain=371270 58604 45263.6 10626.4 10242.8 6304.24 6255.01 2568.22 2501.72 2440.53 2037.2 2404.99 1931.77 1895.19 1830.63 1825.22 1731.25 1724.78 1560.89 1539.76 1435.35 1425.96 1792.26 1392.58 1283.3 1184.8 1152.05 1125.35 1100.63 1077
threshold=33.885679244995124 37.352123260498054 30.164243698120121 39.720970153808601 31.79950046539307 35.515878677368171 27.844524383544925 42.44023513793946 0.7324872910976411 34.201847076416023 14.250000000000002 0.79874977469444286 16.110013961791996 30.663523674011234 -0.97870382666587818 0.63209757208824169 39.188413619995124 0.95992380380630504 25.505497932434086 80.250000000000014 39.855316162109382 -0.030120026320219036 -0.96230018138885487 35.140014648437507 0.56314551830291759 16.250000000000004 0.95495790243148815 0.15005400776863101 0.45972847938537603 31.939566612243656
decision_type=2 2 2 2 2 2 2 2 2 2 2 2 2 2 2 2 2 2 2 2 2 2 2 2 2 2 2 2 2 2
left_child=2 5 6 14 13 8 12 24 -2 15 -8 21 18 -4 25 29 26 20 -1 27 -7 22 -12 -15 -5 -3 -16 -13 -20 -6
right_child=1 3 4 7 9 17 10 -9 -10 -11 11 19 -14 23 16 -17 -18 -19 28 -21 -22 -23 -24 -25 -26 -27 -28 -29 -30 -31
leaf_value=-0.10569130870518956 0.011827149131449647 0.057077164189066734 -0.033205629369136014 0.079591480367030315 -0.01651040996204196 0.037131051624393827 -0.055295938370576309 0.13384844189970932 0.031568152984235757 0.015371877791972242 -0.011054525852728586 -0.046483593734662876 -0.043574522522088988 -0.021703597969486597 0.058497099774734031 0.0058700185432605809 0.087601425700864058 0.060378750707125055 -0.072371944821768411 -0.060842884293866285 0.089980853743197003 -0.0043542278492131282 -0.040384343962821118 0.019420225653630468 0.10485376870845342 -0.050573040469211787 0.077061783400895409 -0.018322694659774052 -0.019741106845912008 -0.0056421444901987618
leaf_weight=3534 33039 524 49950 6242 42472 31148 32402 6760 31208 12806 6381 16437 6092 67870 19976 20367 13144 13859 24126 16448 1340 4263 28349 2123 25830 499 14367 4524 1036 49201
leaf_count=3534 33039 524 49950 6242 42472 31148 32402 6760 31208 12806 6381 16437 6092 67870 19976 20367 13144 13859 24126 16448 1340 4263 28349 2123 25830 499 14367 4524 1036 49201
internal_value=-1.56612e-11 0.0557334 -0.0284042 0.0863478 -0.0153309 0.0315556 -0.0506909 0.105841 0.0214163 -0.00530592 -0.0447901 -0.0403346 -0.0691464 -0.0257657 0.070744 -0.00766936 0.0721696 0.0456108 -0.0745752 -0.0493915 0.0393109 -0.0316456 -0.0349955 -0.0204562 0.0999371 0.00456744 0.0662634 -0.0404056 -0.070205 -0.0106774
internal_weight=586317 197936 388381 87342 244789 110594 143592 38832 64247 124846 108804 76402 34788 119943 48510 112040 47487 46347 28696 37409 32488 38993 34730 69993 32072 1023 34343 20961 25162 91673
internal_count=586317 197936 388381 87342 244789 110594 143592 38832 64247 124846 108804 76402 34788 119943 48510 112040 47487 46347 28696 37409 32488 38993 34730 69993 32072 1023 34343 20961 25162 91673
is_linear=0
shrinkage=0.05


Tree=27
num_leaves=31
num_cat=0
split_feature=1 1 1 1 1 1 1 12 10 10 11 13 9 9 7 10 7 13 10 10 11 13 11 10 10 10 10 9 12 10
split_gain=335645 60112.2 31493.2 11927.4 10704.8 5699.48 3854.56 2852.8 3303.22 2549.42 2826.64 3810.9 2402.37 1811.37 1650.71 1644.52 1627.75 1625.27 1493.03 1456.8 1412.92 1398.75 2059.91 1626.98 1391.26 1300.35 1257.35 1228.77 1224.05 1146.36
threshold=35.004354476928718 31.23999118804932 38.944627761840827 28.911581993103031 33.350265502929695 36.735380172729499 41.300508499145515 13.750000000000002 -0.73831951618194569 0.44437406957149511 0.56312987208366405 77.750000000000014 37.162004470825202 32.323717117309577 37.341032028198249 0.51973900198936474 36.302387237548835 77.250000000000014 0.7324872910976411 -0.012910176534205673 0.30080866813659674 80.750000000000014 0.77756834030151378 0.45972847938537603 0.21772121638059619 -0.95747631788253773 0.96230018138885509 41.532588958740241 15.250000000000002 0.56314551830291759
decision_type=2 2 2 2 2 2 2 2 2 2 2 2 2 2 2 2 2 2 2 2 2 2 2 2 2 2 2 2 2 2
left_child=1 3 5 7 12 26 24 17 28 10 11 -5 13 -3 18 -7 -11 -1 -6 25 27 23 -23 -10 -4 -13 -2 -17 -9 -8
right_child=2 4 6 9 14 15 29 8 21 16 -12 19 -14 -15 -16 20 -18 -19 -20 -21 -22 22 -24 -25 -26 -27 -28 -29 -30 -31
leaf_value=-0.080677007989566341 0.030508242670127767 -0.01660993039276204 -0.017229198949680054 -0.041196317574700381 0.0058261013979778575 0.03991619074579203 0.08534286068735282 -0.052760017829385011 -0.05192642960384114 -0.015415768066378722 -0.04193855202318901 -0.0038202322156732529 0.047804709475797375 -0.0049006579147891326 0.056015160661461817 0.0650711516066933 0.11126014800751745 -0.052344028339887473 0.021494998676467428 0.021346726005640197 0.034604664255374715 -0.036295914519657899 -0.078599605979839518 0.012275413635785753 0.086522612065146054 -0.025467405607549055 0.04835923597981559 0.14118692334360516 -0.011602851543481243 0.12095694407736549
leaf_weight=16121 37717 85415 326 28375 43647 9331 2719 2510 23016 14850 69361 9639 1695 53852 2128 36691 258 7378 23329 2343 3918 3796 11894 1031 36512 24752 13358 538 6446 13371
leaf_count=16121 37717 85415 326 28375 43647 9331 2719 2510 23016 14850 69361 9639 1695 53852 2128 36691 258 7378 23329 2343 3918 3796 11894 1031 36512 24752 13358 538 6446 13371
internal_value=4.31056e-11 -0.0226267 0.0632508 -0.0407827 -0.00345924 0.0469527 0.094522 -0.0574736 -0.0505688 -0.032727 -0.034915 -0.0274328 -0.0113621 -0.0120822 0.0126613 0.0588677 -0.0132525 -0.0717813 0.0112839 -0.0168012 0.0631654 -0.0567513 -0.0683648 -0.0491738 0.0856045 -0.0194002 0.0351769 0.0661711 -0.0231375 0.114939
internal_weight=586317 431836 154481 221770 210066 101553 52928 72192 48693 149578 134470 65109 140962 139267 69104 50478 15108 23499 66976 36734 41147 39737 15690 24047 36838 34391 51075 37229 8956 16090
internal_count=586317 431836 154481 221770 210066 101553 52928 72192 48693 149578 134470 65109 140962 139267 69104 50478 15108 23499 66976 36734 41147 39737 15690 24047 36838 34391 51075 37229 8956 16090
is_linear=0
shrinkage=0.05


Tree=28
num_leaves=31
num_cat=0
split_feature=1 1 1 1 1 1 1 1 9 10 0 13 10 5 10 11 10 9 7 1 11 12 10 11 12 12 11 11 13 9
split_gain=302920 54496.5 28461 12981.7 7695.35 4647.24 3802.1 3706.48 2071.13 2002.08 1967.19 1910.64 1604.27 1559.63 1554.73 1453.28 1344.37 1314.73 1287.88 1286.43 1262.56 1442.96 1561.88 1239.28 1479.4 1235.63 1525.93 1117.37 1090.18 1085.51
threshold=35.004354476928718 31.549039840698246 38.476392745971687 29.581052780151371 33.487640380859382 40.922029495239265 36.651681900024421 27.01949501037598 37.730093002319343 0.64534214138984691 1.5620391964912417 77.750000000000014 0.7440970540046693 32.451559066772468 0.44437406957149511 -0.96227341890335072 -0.95747631788253773 40.596107482910163 37.828632354736335 43.429134368896491 -0.17552498728036878 16.750000000000004 0.30081701278686529 -0.97870382666587818 16.750000000000004 13.250000000000002 0.95989713072776806 -0.99049577116966236 78.750000000000014 35.140014648437507
decision_type=2 2 2 2 2 2 2 2 2 2 2 2 2 2 2 2 2 2 2 2 2 2 2 2 2 2 2 2 2 2
left_child=1 3 6 7 8 15 29 25 12 13 14 -12 -3 16 -9 -4 -5 -17 20 -7 21 28 -23 24 -8 -1 -27 -10 -6 -2
right_child=2 4 5 9 18 19 23 10 27 -11 11 -13 -14 -15 -16 17 -18 -19 -20 -21 -22 22 -24 -25 -26 26 -28 -29 -30 -31
leaf_value=-0.090216743979950956 0.024046128405165013 -0.010932417596208718 0.023675821352979375 -0.016060056989623248 0.0024411537346609655 0.10128674042942248 0.045715708215676776 -0.052800949175986711 -0.079421737472768192 -0.0011804517071100128 -0.050803140991189301 -0.02329070888914761 0.0075706615795134409 -0.01092397590398758 -0.021099028743149902 0.073569622795647563 -0.032031501652758025 0.095627433553185648 0.060864140283492602 0.1413361903693757 0.018758953308161599 -0.016924975350878196 0.030049857949745302 0.054908018759304913 -0.053877902682910983 -0.051232028255734002 -0.089316963590395843 0.07305024546001887 0.028892887984424159 0.039175384531013366
leaf_weight=5537 20228 110351 1257 15085 8694 18354 1054 57948 135 7181 10557 15688 13106 11760 4144 31699 104090 8585 1386 2251 32886 10021 2149 41830 577 9301 3667 1093 7057 28646
leaf_count=5537 20228 110351 1257 15085 8694 18354 1054 57948 135 7181 10557 15688 13106 11760 4144 31699 104090 8585 1386 2251 32886 10021 2149 41830 577 9301 3667 1093 7057 28646
internal_value=9.49551e-12 -0.0214954 0.0600882 -0.0370096 -0.0011596 0.086248 0.0424814 -0.0500966 -0.00832546 -0.0268859 -0.0458342 -0.0343575 -0.00896816 -0.0282956 -0.0506852 0.0766184 -0.0300099 0.0782704 0.0132066 0.105662 0.0121203 0.00430115 -0.00863008 0.0532408 0.0104824 -0.0704439 -0.0620014 0.0562883 0.0142925 0.0329137
internal_weight=586317 431836 154481 244958 186878 62146 92335 106842 124685 138116 88337 26245 123457 130935 62092 41541 119175 40284 62193 20605 60807 27921 12170 43461 1631 18505 12968 1228 15751 48874
internal_count=586317 431836 154481 244958 186878 62146 92335 106842 124685 138116 88337 26245 123457 130935 62092 41541 119175 40284 62193 20605 60807 27921 12170 43461 1631 18505 12968 1228 15751 48874
is_linear=0
shrinkage=0.05


Tree=29
num_leaves=31
num_cat=0
split_feature=1 1 1 1 1 9 1 10 9 12 10 10 11 7 10 10 5 0 9 12 5 13 1 11 12 11 10 10 1 10
split_gain=273402 43320.1 33781.6 7733.56 6503.7 6203.9 4696.62 2072.19 1994.19 1861.84 2453.91 1687.84 1745.43 1730.68 1661.98 1623.84 1554.24 1530.93 1471.01 1441.35 1361.38 1341.12 1271.95 1262.56 1238.64 1171.52 1165.8 1138.96 1136.88 1101.57
threshold=33.885679244995124 37.73210525512696 30.129017829895023 31.79950046539307 40.435468673706062 35.595941543579109 27.532365798950199 0.7324872910976411 34.259746551513679 14.750000000000002 -0.73831951618194569 0.11593352630734445 0.77756834030151378 33.311262130737312 0.96230018138885509 0.51973900198936474 40.145202636718757 19.67550086975098 40.92570877075196 18.750000000000004 35.381198883056648 77.250000000000014 32.734432220458991 0.30080866813659674 17.250000000000004 -0.99626126885414112 0.56314551830291759 0.15005400776863101 25.505497932434086 0.13301347196102145
decision_type=2 2 2 2 2 2 2 2 2 2 2 2 2 2 2 2 2 2 2 2 2 2 2 2 2 2 2 2 2 2
left_child=2 5 6 11 15 7 17 -2 22 21 -11 12 -4 -13 16 -3 -7 28 -17 26 24 -8 -5 -23 -12 -26 -6 -25 -1 -10
right_child=1 4 3 8 19 14 9 -9 29 10 20 13 -14 -15 -16 18 -18 -19 -20 -21 -22 23 -24 27 25 -27 -28 -29 -30 -31
leaf_value=-0.092837925922812134 0.010223246140341941 0.046187264412046042 -0.021690115582021205 -0.011760027024596793 0.05465649880003276 0.034336997116349847 -0.056643864738568674 0.027778557681245486 -0.0022217785232670102 -0.01796813766814254 -0.027069541495440965 -0.015654137382754018 -0.037828442941482895 0.02840322395661429 0.055328230909624521 0.067283496115799243 0.10186194463968112 -0.035242010778374543 0.10020741166603411 0.1084903022228472 0.09325730187701993 -0.015207816264833078 -0.00093811172065509912 -0.053197604461567627 0.0055073297429511546 -0.045721366996551396 0.092070010726773191 -0.019985762851807844 -0.062655664578875711 0.024673705257514885
leaf_weight=3713 34149 8466 67582 59689 2524 35722 21270 33105 6999 16968 13752 29995 22277 2408 15855 38654 873 4377 3719 12976 192 4493 49810 11185 1147 41286 11893 3356 19534 8348
leaf_count=3713 34149 8466 67582 59689 2524 35722 21270 33105 6999 16968 13752 29995 22277 2408 15855 38654 873 4377 3719 12976 192 4493 49810 11185 1147 41286 11893 3356 19534 8348
internal_value=9.50787e-13 0.0478268 -0.0243746 -0.0132248 0.0767612 0.0289169 -0.0438773 0.0188646 -0.00447147 -0.0393827 -0.0346387 -0.0221632 -0.025691 -0.0123801 0.0418063 0.0661789 0.0359479 -0.0623689 0.0701732 0.096401 -0.0396561 -0.0480159 -0.00683725 -0.0383743 -0.0401103 -0.0443366 0.08552 -0.0455325 -0.0674764 0.012408
internal_weight=586317 197936 388381 247108 78232 119704 141273 67254 124846 113649 73345 122262 89859 32403 52450 50839 36595 27624 42373 27393 56377 40304 109499 19034 56185 42433 14417 14541 23247 15347
internal_count=586317 197936 388381 247108 78232 119704 141273 67254 124846 113649 73345 122262 89859 32403 52450 50839 36595 27624 42373 27393 56377 40304 109499 19034 56185 42433 14417 14541 23247 15347
is_linear=0
shrinkage=0.05


Tree=30
num_leaves=31
num_cat=0
split_feature=1 1 1 1 1 9 1 1 10 11 13 0 11 10 9 10 10 9 10 11 7 13 11 12 10 10 10 12 13 12
split_gain=247493 45221.3 22648.4 10687.3 6470.98 4343.46 2814.31 2717.96 2002.15 2125.53 2439.07 1840.63 1744.25 1729.55 1716.4 1471.81 1466.22 1410.22 1330.8 1329.87 1272.48 1224.13 1220.58 1363.74 1366 1354.97 1149.72 1139.69 1054.03 998.272
threshold=35.073339462280281 31.549039840698246 39.068861007690437 29.373962402343754 33.441390991210945 37.438150405883796 26.488616943359379 41.521457672119148 0.44437406957149511 0.57727023959159862 77.750000000000014 5.1942808628082284 -0.97870382666587818 0.56314551830291759 37.730093002319343 -0.012910176534205673 0.45972847938537603 36.138706207275398 0.7440970540046693 0.23448270559310916 37.341032028198249 77.750000000000014 -0.17552498728036878 16.250000000000004 0.41327477991580969 0.86095303297042858 0.21772121638059619 15.750000000000002 78.250000000000014 14.750000000000002
decision_type=2 2 2 2 2 2 2 2 2 2 2 2 2 2 2 2 2 2 2 2 2 2 2 2 2 2 2 2 2 2
left_child=1 3 5 6 14 13 -1 26 9 10 -5 16 27 -2 18 -12 -8 -10 -3 29 22 -13 23 28 -25 -26 -4 -7 -6 -15
right_child=2 4 7 8 20 12 11 -9 17 -11 15 21 -14 19 -16 -17 -18 -19 -20 -21 -22 -23 -24 24 25 -27 -28 -29 -30 -31
leaf_value=-0.069524836517569008 0.020416960980507527 -0.010070641873417397 -0.022063884368806564 -0.03257208345384717 -0.0026164042694999628 0.053410044928159386 -0.049093200981098373 0.10111258665920818 -0.011073698594608569 -0.033762450342819494 -0.015852489113847287 -0.046427477673110493 0.058202261558603474 0.03317196563813074 0.052261145058002917 0.022377343251483685 -0.015573777246047502 0.097741367570785415 0.0070737939833055031 0.02733230815023413 0.049397368320680451 -0.019913271479208797 0.016673654531187288 -0.013322767548098205 0.08234972895766686 -0.014611168371324005 0.075896799318075553 -0.043017945469637831 0.024356316955874729 0.051071365750281594
leaf_weight=11663 17460 108595 302 27580 6099 534 61258 13800 17177 63768 38246 6836 32337 12343 1182 2695 3446 303 12636 17114 2161 11986 35189 12905 785 666 36499 719 8918 21115
leaf_count=11663 17460 108595 302 27580 6099 534 61258 13800 17177 63768 38246 6836 32337 12343 1182 2695 3446 303 12636 17114 2161 11986 35189 12905 785 666 36499 719 8918 21115
internal_value=4.38674e-11 -0.0192368 0.0548576 -0.0334173 -0.000871076 0.0412483 -0.0465174 0.082189 -0.0250912 -0.0271927 -0.0210786 -0.0433048 0.0559594 0.0339849 -0.00769905 -0.013336 -0.047308 -0.00918749 -0.00828366 0.0386692 0.0116558 -0.029543 0.0103926 0.00286778 -0.00815107 0.0378453 0.0750929 -0.00192254 0.0134016 0.0444681
internal_weight=586317 434094 152223 244958 189136 101622 95189 50601 149769 132289 68521 83526 33590 68032 122413 40941 64704 17480 121231 50572 66723 18822 64562 29373 14356 1451 36801 1253 15017 33458
internal_count=586317 434094 152223 244958 189136 101622 95189 50601 149769 132289 68521 83526 33590 68032 122413 40941 64704 17480 121231 50572 66723 18822 64562 29373 14356 1451 36801 1253 15017 33458
is_linear=0
shrinkage=0.05


Tree=31
num_leaves=31
num_cat=0
split_feature=1 1 1 1 1 1 1 12 10 10 10 9 10 11 10 13 5 9 13 13 11 10 10 12 10 7 5 10 1 11
split_gain=223362 40910.4 20454.6 8174.7 7709.9 4273.18 2254.49 2017.1 2517.01 1933.4 2052.23 1768.63 1664.17 1492.54 1427.57 1412.76 1374.42 1311.16 1222.09 1216.58 1515.69 1306.29 1170.81 1546.94 1097.16 1050.32 1021.1 1014 1006.87 993.778
threshold=35.073339462280281 31.115842819213871 39.191526412963874 32.965463638305671 28.692169189453129 37.174047470092781 41.779499053955085 13.750000000000002 -0.73831951618194569 0.45972847938537603 -0.95747631788253773 33.988399505615241 -0.012910176534205673 0.74407637119293224 -0.72660079598426808 78.250000000000014 32.383266448974616 36.302303314208991 76.750000000000014 80.750000000000014 0.77756834030151378 0.45972847938537603 0.20088869333267215 16.250000000000004 0.56314551830291759 37.828632354736335 39.856796264648445 0.21772121638059619 29.806963920593265 0.30080866813659674
decision_type=2 2 2 2 2 2 2 2 2 2 2 2 2 2 2 2 2 2 2 2 2 2 2 2 2 2 2 2 2 2
left_child=1 4 5 12 7 22 27 18 -9 10 15 -5 14 -14 -3 -6 28 -11 -1 21 -21 -10 23 -2 -7 -13 -24 -4 -12 -26
right_child=2 3 6 11 9 24 -8 8 19 17 16 25 13 -15 -16 -17 -18 -19 -20 20 -22 -23 26 -25 29 -27 -28 -29 -30 -31
leaf_value=-0.073051532026197366 0.029025305398779185 -0.010156807682313845 -0.024312470409506234 0.0026242393982833165 -0.026077969107099693 0.036014261398089865 0.098321032987463641 -0.015998757451235048 -0.043058602612802227 -0.011737962599027334 -0.038926350152934663 0.014881374172084617 0.0052523224449444366 -0.013747746647550929 -0.023234915537382293 0.0029783258973761712 -0.011288466090440928 0.11051746426284499 -0.048923993294017802 -0.029747635256899455 -0.068829018685418381 0.018143333603311159 0.033412107531598373 -0.012086928186711414 0.057794858241824398 0.054326185413923145 0.10014420449575168 0.073664139903778486 -0.029281880160265936 0.023008099593330274
leaf_weight=10763 7118 53414 266 56439 9518 9026 11495 7473 19810 13258 46297 33926 23368 18534 34244 7464 7582 223 10243 3252 10463 912 49222 3372 32390 1776 580 36562 65135 2192
leaf_count=10763 7118 53414 266 56439 9518 9026 11495 7473 19810 13258 46297 33926 23368 18534 34244 7464 7582 223 10243 3252 10463 912 49222 3372 32390 1776 580 36562 65135 2192
internal_value=-8.52627e-12 -0.018275 0.0521147 -0.00325113 -0.0339572 0.0396151 0.0789902 -0.0486408 -0.0423026 -0.0277768 -0.0295672 0.00813382 -0.0113479 -0.00315175 -0.0152658 -0.013307 -0.0318873 -0.00971564 -0.0612864 -0.0480106 -0.0595623 -0.040365 0.0309915 0.0158098 0.0515381 0.0168436 0.0341893 0.0729565 -0.0332889 0.0555899
internal_weight=586317 434094 152223 221701 212393 103900 48323 62916 41910 149477 135996 92141 129560 41902 87658 16982 119014 13481 21006 34437 13715 20722 60292 10490 43608 35702 49802 36828 111432 34582
internal_count=586317 434094 152223 221701 212393 103900 48323 62916 41910 149477 135996 92141 129560 41902 87658 16982 119014 13481 21006 34437 13715 20722 60292 10490 43608 35702 49802 36828 111432 34582
is_linear=0
shrinkage=0.05


Tree=32
num_leaves=31
num_cat=0
split_feature=1 1 1 1 1 1 9 12 11 9 10 10 10 13 10 0 11 11 11 13 7 10 5 1 13 10 7 13 10 12
split_gain=201596 36312.6 19106.3 8138.37 6065.04 3382.38 2629.71 1831.44 3108.5 1731.05 1647.76 1609.14 1767.37 1609.12 1394.51 1373.11 1356.88 1899.46 1244.08 1229.64 1206.92 1195.62 1148.81 1144.28 1075.46 1060.95 1049.5 994.03 954.056 918.732
threshold=35.004354476928718 30.901343345642093 38.367088317871101 32.84704780578614 28.635541915893558 40.74768257141114 37.25233459472657 14.750000000000002 0.88999459147453319 33.354404449462898 0.047320950776338584 0.45972847938537603 -0.95747631788253773 76.750000000000014 0.96230018138885509 1.0000000180025095e-35 -0.98518359661102284 -0.9946339726448058 0.83824864029884349 78.250000000000014 36.139402389526374 0.56314551830291759 32.383266448974616 43.429134368896491 80.250000000000014 0.50495636463165294 37.828632354736335 77.250000000000014 0.56314551830291759 14.250000000000002
decision_type=2 2 2 2 2 2 2 2 2 2 2 2 2 2 2 2 2 2 2 2 2 2 2 2 2 2 2 2 2 2
left_child=1 4 6 10 7 21 14 13 16 -5 18 12 19 -1 -2 -12 17 -9 -3 -6 -13 -4 29 28 -10 -8 -11 -17 -7 -14
right_child=2 3 5 9 11 23 25 8 24 26 15 20 22 -15 -16 27 -18 -19 -20 -21 -22 -23 -24 -25 -26 -27 -28 -29 -30 -31
leaf_value=-0.068706327577859286 0.023723333732691455 -0.013860481287111405 0.044444279761057665 -0.0001170299015061846 -0.025302190024386606 0.058546817661542988 0.029307949451195164 0.017141201298212665 -0.038761862375546879 0.011870623414291414 -0.0079957070544464989 -0.011839426714069998 -0.041107526758431212 -0.043995143305587014 0.039775305142327709 -0.0094146829611521047 -0.021268392690817831 -0.10972963193989015 -0.033506768658304119 0.0038107838611577075 0.10512839547710287 0.065566931856984478 -0.010630050527399697 0.11906329271279528 -0.065740319452822563 0.052954097477301634 0.050804426734372049 0.028988549762398008 0.086538079487661623 -0.030017248659938864
leaf_weight=13310 44134 87628 8403 46601 8591 3708 6197 419 5994 48460 34683 11125 24476 13044 19512 2579 17202 997 8874 6277 225 33045 6286 2251 9627 20227 1795 4861 17004 78782
leaf_count=13310 44134 87628 8403 46601 8591 3708 6197 419 5994 48460 34683 11125 24476 13044 19512 2579 17202 997 8874 6277 225 33045 6286 2251 9627 20227 1795 4861 17004 78782
internal_value=1.44561e-11 -0.0175357 0.0490193 -0.00429587 -0.0334137 0.0698129 0.0341493 -0.0465673 -0.0389409 0.00682447 -0.0120656 -0.027543 -0.0291872 -0.0564754 0.0286444 -0.0038146 -0.0251411 -0.0721881 -0.0156671 -0.0130112 -0.00952068 0.0612846 -0.0313827 0.0852065 -0.0553883 0.0474086 0.0132613 0.0156765 0.0815269 -0.0326461
internal_weight=586317 431836 154481 235481 196355 64411 90070 60593 34239 96856 138625 135762 124412 26354 63646 42123 18618 1416 96502 14868 11350 41448 109544 22963 15621 26424 50255 7440 20712 103258
internal_count=586317 431836 154481 235481 196355 64411 90070 60593 34239 96856 138625 135762 124412 26354 63646 42123 18618 1416 96502 14868 11350 41448 109544 22963 15621 26424 50255 7440 20712 103258
is_linear=0
shrinkage=0.05


Tree=33
num_leaves=31
num_cat=0
split_feature=1 1 1 1 1 1 9 9 1 12 10 10 10 11 10 11 10 9 9 7 3 11 9 1 12 13 10 13 0 11
split_gain=182249 29087.3 22734.8 5703.16 5331.59 3334.95 3148.46 1800.85 1661.83 1516.01 1817.05 1316.92 1302.74 1476.22 1275.17 1251.94 1249.18 1245.09 1172.94 1139.1 1110.5 1039.62 1086.47 1015.91 987.561 953.654 951.544 941.062 926.754 1098.44
threshold=33.885679244995124 37.263736724853523 30.096134185791019 39.445352554321296 32.284915924072273 27.298403739929203 34.744302749633796 30.663523674011234 42.44023513793946 14.250000000000002 -0.73831951618194569 0.7324872910976411 -0.021515898406505581 0.84750953316688549 0.96230018138885509 0.77756834030151378 0.15005400776863101 35.907562255859382 38.940244674682624 35.979618072509773 30.866327285766605 -0.97870382666587818 39.313549041748054 24.853873252868656 16.750000000000004 80.250000000000014 0.56314551830291759 77.250000000000014 12.259271144866945 -0.98518359661102284
decision_type=2 2 2 2 2 2 2 2 2 2 2 2 2 2 2 2 2 2 2 2 2 2 2 2 2 2 2 2 2 2
left_child=2 6 5 21 7 20 11 -4 26 27 -11 -2 15 -14 18 -9 -12 25 -8 -6 23 24 -23 -1 -3 -18 -5 -7 -25 -30
right_child=1 3 4 8 19 9 14 12 -10 10 16 -13 13 -15 -16 -17 17 -19 -20 -21 -22 22 -24 28 -26 -27 -28 -29 29 -31
leaf_value=-0.08592911733731716 0.0044373543904412324 0.039892591825724237 -0.023127463004357873 0.052551954765692334 -0.0022222528972271321 -0.048684580558322629 0.02223392460644627 -0.013276422060633479 0.095852126190039771 -0.015092529759036917 -0.036721300952362528 0.021347960970311945 0.0042004191055657397 -0.018629443503330248 0.040717651781852812 -0.032566881312653055 -0.0057556047204925485 0.11192514609252469 0.052229279828628489 0.02859234171801648 0.036393706322164113 0.044832317586765175 0.063582978846139435 -0.056810668117653042 -0.057250075893890529 -0.032916073556729264 0.072830900598722589 -0.032474452946738869 -0.11577774595299906 -0.023737908253022192
leaf_weight=2347 26292 625 60937 7181 87136 19296 41086 57160 6760 18549 47935 20481 20341 10862 16965 9862 5682 178 3540 3106 339 34884 9923 16001 450 7495 29749 16704 352 4099
leaf_count=2347 26292 625 60937 7181 87136 19296 41086 57160 6760 18549 47935 20481 20341 10862 16965 9862 5682 178 3540 3106 339 34884 9923 16001 450 7495 29749 16704 352 4099
internal_value=-6.91239e-12 0.0390484 -0.0199008 0.0601306 -0.0108704 -0.0361064 0.0216222 -0.016375 0.0730598 -0.0326448 -0.0288039 0.0118422 -0.012186 -0.00374683 0.0290492 -0.0161149 -0.0329535 -0.0194299 0.0246133 -0.00116166 -0.0534368 0.0478191 0.0489849 -0.0547725 -0.000771781 -0.0212043 0.0688877 -0.0411631 -0.0511971 -0.0310167
internal_weight=586317 197936 388381 89572 249404 138977 108364 159162 43690 115839 79839 46773 98225 31203 61591 67022 61290 13355 44626 90242 23138 45882 44807 22799 1075 13177 36930 36000 20452 4451
internal_count=586317 197936 388381 89572 249404 138977 108364 159162 43690 115839 79839 46773 98225 31203 61591 67022 61290 13355 44626 90242 23138 45882 44807 22799 1075 13177 36930 36000 20452 4451
is_linear=0
shrinkage=0.05


Tree=34
num_leaves=31
num_cat=0
split_feature=1 1 9 1 9 1 9 1 11 10 0 13 9 10 10 11 13 10 9 10 11 11 12 1 10 10 12 10 12 12
split_gain=164630 30372.1 15402.5 7215.34 4589.96 2672.28 2605.7 2356.95 1868.05 1545.22 1491.64 2077.91 1454.06 1428.52 1417.85 1586.07 1349.2 1341.76 1296.27 1190.01 1166 1033.77 990.286 967.042 921.662 881.612 799.283 1082.84 870.889 796.217
threshold=35.073339462280281 31.549039840698246 38.476831436157234 29.619779586791996 33.354404449462898 37.083139419555671 41.532588958740241 26.678178787231449 -0.97870382666587818 0.7440970540046693 0.39780554175376898 77.250000000000014 37.730093002319343 0.098819226026535048 0.13301347196102145 0.57727023959159862 77.750000000000014 0.54883790016174328 33.731683731079109 0.96460527181625377 0.23448270559310916 -0.87792757153511036 13.750000000000002 40.922029495239265 0.56314551830291759 0.96230018138885509 13.250000000000002 -0.3334656953811645 15.250000000000002 17.250000000000004
decision_type=2 2 2 2 2 2 2 2 2 2 2 2 2 2 2 2 2 2 2 2 2 2 2 2 2 2 2 2 2 2
left_child=1 3 5 7 9 25 8 26 -4 -3 13 -12 19 -9 15 16 -5 -7 -16 -6 -19 -14 -11 -10 -8 -2 -1 28 -28 -18
right_child=2 4 6 14 12 17 24 10 23 22 11 -13 21 -15 18 -17 29 20 -20 -21 -22 -23 -24 -25 -26 -27 27 -29 -30 -31
leaf_value=-0.074325043602582214 0.020733476744026369 -0.0083897785886992253 -0.019690507997652429 -0.026893720996274142 0.006257437624676461 0.020393311278991785 0.061929404409977719 -0.043445918753435848 0.056238786991074569 -0.0078847947250657389 -0.04236342549344288 -0.016594615374107429 0.024661977912907529 -0.026271273350408769 -0.013042520746657219 -0.030060888419884298 -0.0008559298029805376 0.049488209641774597 0.031417515068287334 0.03193590365164703 0.019199890871539185 0.086208546965549762 0.019257612408982435 0.073768659240158171 0.091533063456587502 0.034815984967767159 -0.057775339365504323 -0.063769452298747878 -0.012678306073400758 -0.016529193792258933
leaf_weight=4204 38553 108610 745 22960 57915 6016 3566 44384 35454 5378 12111 22096 2434 16649 32334 41729 11966 28580 1727 4893 3575 948 8958 10111 10008 15615 1755 5197 2745 25101
leaf_count=4204 38553 108610 745 22960 57915 6016 3566 44384 35454 5378 12111 22096 2434 16649 32334 41729 11966 28580 1727 4893 3575 948 8958 10111 10008 15615 1755 5197 2745 25101
internal_value=1.80961e-11 -0.0156894 0.0447415 -0.0273108 -0.000638132 0.0319333 0.0644913 -0.0368835 0.0588446 -0.00635327 -0.0340764 -0.0257181 0.00997756 -0.0387609 -0.0196182 -0.0225739 -0.0173692 0.0420659 -0.0107883 0.0082579 0.0461207 0.0419139 0.00907542 0.0601287 0.0837559 0.024793 -0.0561161 -0.0482219 -0.0302661 -0.0114695
internal_weight=586317 434094 152223 244958 189136 92339 59884 109141 46310 122946 95240 34207 66190 61033 135817 101756 60027 38171 34061 62808 32155 3382 14336 45565 13574 54168 13901 9697 4500 37067
internal_count=586317 434094 152223 244958 189136 92339 59884 109141 46310 122946 95240 34207 66190 61033 135817 101756 60027 38171 34061 62808 32155 3382 14336 45565 13574 54168 13901 9697 4500 37067
is_linear=0
shrinkage=0.05


Tree=35
num_leaves=31
num_cat=0
split_feature=1 7 1 1 9 9 1 10 9 10 12 10 1 10 12 10 10 10 5 10 11 13 1 9 10 11 13 11 1 3
split_gain=149080 25314.7 17551.6 5089.36 4147.5 3564.6 2528.35 1877.87 1889.39 1752.96 1540.19 1760.55 1478.74 1436.7 1210.15 1634.36 1163.89 1005.66 991.687 955.36 1379.61 983.856 940.829 918.908 874.849 867.384 848.562 920.279 845.881 798.758
threshold=33.733671188354499 37.828632354736335 29.953510284423832 35.989843368530281 32.226829528808601 40.274217605590827 27.298403739929203 0.13301347196102145 38.041267395019538 0.51973900198936474 17.250000000000004 -0.72660079598426808 31.705049514770511 0.54883790016174328 14.250000000000002 -0.73831951618194569 0.95992380380630504 0.56314551830291759 31.297702789306644 -0.030120026320219036 0.75546532869339 80.250000000000014 40.138969421386726 42.44030952453614 0.94970905780792247 0.25118076056241995 78.250000000000014 0.41326330602169042 24.853873252868656 29.095638275146488
decision_type=2 2 2 2 2 2 2 2 2 2 2 2 2 2 2 2 2 2 2 2 2 2 2 2 2 2 2 2 2 2
left_child=2 3 6 16 12 9 18 10 -9 -3 26 -12 29 -5 -8 -16 24 -7 28 -17 -21 -22 -11 -19 -2 -15 -6 -28 -1 -4
right_child=1 5 4 13 7 17 14 8 -10 22 11 -13 -14 25 15 19 -18 23 -20 20 21 -23 -24 -25 -26 -27 27 -29 -30 -31
leaf_value=-0.078852485891903412 0.011410887075787905 0.027876512541482171 -0.0014030069166823004 0.016657568179966904 -0.010850237515846442 0.055273118753524135 -0.037975777729035431 0.0058045326461288356 0.068018133114851762 0.048722376051923089 -0.0044863161149826004 -0.028722299012253608 -0.0092983201091491607 0.041042585882147313 -0.012744943694760348 -0.035424459808308856 0.027760716170026491 0.071200877619225264 0.0042236291519256305 0.0095040736353538685 -0.01497979683132248 -0.039135007502784293 0.066789901151901962 0.095943082108477837 -0.024526162601507587 0.023480194233224262 0.013585297136270522 -0.012608191681385423 -0.047093195151399522 -0.020199594400767698
leaf_weight=2343 64743 8156 6001 10552 9464 7352 33841 27063 1278 27401 17574 13063 61245 32983 16595 36327 11403 17033 862 2992 8241 8630 9776 4813 1739 8935 14446 4367 19933 97166
leaf_count=2343 64743 8156 6001 10552 9464 7352 33841 27063 1278 27401 17574 13063 61245 32983 16595 36327 11403 17033 862 2992 8241 8630 9776 4813 1739 8935 14446 4367 19933 97166
internal_value=5.68987e-12 0.0344006 -0.0184783 0.0211112 -0.0107767 0.0576438 -0.0334151 -0.00196573 0.00860997 0.0488682 -0.00705325 -0.0148201 -0.0154527 0.033148 -0.0301639 -0.0265318 0.0130022 0.0712688 -0.0483974 -0.0306035 -0.0217866 -0.0273359 0.0534734 0.076652 0.0104709 0.0372991 0.00136176 0.00750509 -0.0504337 -0.0191062
internal_weight=586317 204886 381431 130355 251667 74531 129764 87255 28341 45333 58914 30637 164412 52470 106626 72785 77885 29198 23138 56190 19863 16871 37177 21846 66482 41918 28277 18813 22276 103167
internal_count=586317 204886 381431 130355 251667 74531 129764 87255 28341 45333 58914 30637 164412 52470 106626 72785 77885 29198 23138 56190 19863 16871 37177 21846 66482 41918 28277 18813 22276 103167
is_linear=0
shrinkage=0.05


Tree=36
num_leaves=31
num_cat=0
split_feature=1 1 1 1 1 9 9 12 10 10 11 10 7 7 11 5 0 13 10 1 10 7 13 9 9 11 5 10 9 10
split_gain=134545 22880.2 15848.5 4551.03 3689.29 2483.96 2401.28 1451.42 1363.1 1360.88 1270.16 1161.63 1146.52 1143.79 1138.09 1119.34 1079.72 1468.47 1043.9 1022.65 927.206 1100.92 897.958 876.325 875.759 858.544 858.314 849.785 828.354 800.291
threshold=33.733671188354499 37.174047470092781 29.990586280822757 39.445352554321296 31.79950046539307 35.140014648437507 27.834531784057621 18.750000000000004 -0.98521098494529713 0.45972847938537603 -0.07309242337942122 0.11593352630734445 35.442277908325202 33.497520446777351 0.72064045071601879 30.296562194824222 0.30414754152297979 77.750000000000014 0.25118774175643926 27.532365798950199 0.9259161949157716 39.855316162109382 80.250000000000014 28.570462226867679 36.138706207275398 -0.96681198477745045 30.523216247558597 0.51973900198936474 40.432950973510749 0.56314551830291759
decision_type=2 2 2 2 2 2 2 2 2 2 2 2 2 2 2 2 2 2 2 2 2 2 2 2 2 2 2 2 2 2
left_child=2 5 6 25 11 10 15 29 26 16 -2 14 -6 -13 23 18 19 -18 -1 -10 21 -7 -9 -4 -11 -3 -8 -23 -27 -5
right_child=1 3 4 7 12 20 8 22 9 24 -12 13 -14 -15 -16 -17 17 -19 -20 -21 -22 27 -24 -25 -26 28 -28 -29 -30 -31
leaf_value=-0.050103750184145562 0.0028874156201743675 0.0096476069886225202 -0.033541368206498917 0.036405685724326523 -0.0047142466801389591 0.018753163154423554 -0.021027216288099226 0.080328370798505855 -0.054286878586711731 -0.0092429733671968457 0.01733436246169379 -0.010435194812368494 0.020589279377836361 0.026379247572101569 -0.02718951154119232 0.014899455130220502 -0.036816748946917992 -0.015967365536162962 -0.01712211651846475 -0.032884261607322385 0.034360786227794218 0.031808394978455383 0.055098463356818984 -0.013500699236115252 0.13065230060172708 0.040012420946366756 0.018711859851470072 0.12007569416017441 0.064082995332126413 0.059371321255129728
leaf_weight=23263 27715 2139 5974 4636 113235 31065 3181 13395 6252 5991 33730 32358 4661 2257 28075 759 13864 21608 2675 52025 19329 642 4787 62767 114 42197 2372 474 3905 20872
leaf_count=23263 27715 2139 5974 4636 113235 31065 3181 13395 6252 5991 33730 32358 4661 2257 28075 759 13864 21608 2675 52025 19329 642 4787 62767 114 42197 2372 474 3905 20872
internal_value=1.07424e-12 0.0326806 -0.0175544 0.0512016 -0.0101357 0.0176068 -0.0315562 0.0628915 -0.0281636 -0.0295044 0.010818 -0.0158961 -0.00371388 -0.00803478 -0.0187068 -0.044951 -0.030994 -0.0241162 -0.0467023 -0.0351804 0.025705 0.020506 0.0736858 -0.0152424 -0.00663068 0.0406145 -0.00405241 0.0692983 0.0420513 0.0551974
internal_weight=586317 204886 381431 91931 249327 112955 132104 43690 105407 99854 61445 131431 117896 34615 96816 26697 93749 35472 25938 58277 51510 32181 18182 68741 6105 48241 5553 1116 46102 25508
internal_count=586317 204886 381431 91931 249327 112955 132104 43690 105407 99854 61445 131431 117896 34615 96816 26697 93749 35472 25938 58277 51510 32181 18182 68741 6105 48241 5553 1116 46102 25508
is_linear=0
shrinkage=0.05


Tree=37
num_leaves=31
num_cat=0
split_feature=1 1 9 1 1 10 11 10 9 12 1 0 13 9 5 10 10 10 13 12 11 10 10 13 12 11 10 9 11 10
split_gain=121590 22401.8 11526.9 5034.52 4043.31 2238.27 1852.4 1836.34 1665.77 1432.56 1391.5 1235.66 1189.33 1178.02 1176.34 1156.74 1311.43 1111.76 940.493 908.742 1256.14 1304.23 972.773 972.742 906.22 1013.15 901.938 830.463 811.511 782.288
threshold=35.073339462280281 30.963296890258793 38.698839187622077 32.92625808715821 28.692169189453129 0.56314551830291759 0.25118076056241995 0.20088869333267215 41.532588958740241 14.750000000000002 25.505497932434086 4.7598819732666025 81.250000000000014 34.091625213623054 33.833974838256843 -0.95747631788253773 0.13301347196102145 0.60505047440528881 78.250000000000014 16.250000000000004 -0.14153505116701123 0.41327477991580969 -0.97505551576614369 78.250000000000014 15.750000000000002 -0.97870382666587818 0.45972847938537603 37.25233459472657 0.87377473711967479 -0.030120026320219036
decision_type=2 2 2 2 2 2 2 2 2 2 2 2 2 2 2 2 2 2 2 2 2 2 2 2 2 2 2 2 2 2
left_child=1 4 5 14 10 24 9 -4 -9 -7 -1 26 -11 15 29 18 -17 19 -6 23 21 22 -21 -5 -2 -26 -12 -19 -28 -3
right_child=2 3 7 17 13 6 -8 8 -10 12 11 -13 -14 -15 -16 16 -18 27 -20 20 -22 -23 -24 -25 25 -27 28 -29 -30 -31
leaf_value=-0.062505374970310307 0.024476556027134281 -0.012819944443896131 -0.023976852082499493 -0.0061370814753165916 -0.019265793269516544 0.024659856309137116 0.0180795912712324 0.052612707202767506 0.072818553570926717 0.048266394172297326 -0.04018986531808412 -0.022205388748393944 0.02985397131651063 0.0085090727050292653 0.0085602821045150899 -0.026354511156668033 -0.01433084041424754 0.011809293970868738 0.0059830224463243075 -0.087921984084544991 0.0089254929954102665 0.05392921635305295 -0.01133675346457347 0.015720247846728454 -0.022475243586673015 0.012581315524908694 -0.023892878634441103 0.059754798100402698 0.050281134749415382 -0.0044377802231741073
leaf_weight=4662 11044 89294 699 7230 8751 17273 17656 41509 13523 25607 40408 15849 13339 3317 8924 89250 30404 33740 6375 423 13187 757 20956 17200 2683 8890 1509 928 488 40442
leaf_count=4662 11044 89294 699 7230 8751 17273 17656 41509 13523 25607 40408 15849 13339 3317 8924 89250 30404 33740 6375 423 13187 757 20956 17200 2683 8890 1509 928 488 40442
internal_value=1.60753e-11 -0.0134834 0.0384507 -0.00293524 -0.0257144 0.0279941 0.0322077 0.056555 0.0575779 0.0366447 -0.0362204 -0.0341168 0.0419601 -0.0209279 -0.00899917 -0.0216524 -0.0232993 0.00596982 -0.00862443 0.0018372 -0.00329075 -0.0105683 -0.0128521 0.00925162 0.0142311 0.00445406 -0.0385688 0.0130927 -0.00576723 -0.010207
internal_weight=586317 434094 152223 233081 201013 96492 73875 55731 55032 56219 62916 58254 38946 138097 138660 134780 119654 94421 15126 59753 35323 22136 21379 24430 22617 11573 42405 34668 1997 129736
internal_count=586317 434094 152223 233081 201013 96492 73875 55731 55032 56219 62916 58254 38946 138097 138660 134780 119654 94421 15126 59753 35323 22136 21379 24430 22617 11573 42405 34668 1997 129736
is_linear=0
shrinkage=0.05


Tree=38
num_leaves=31
num_cat=0
split_feature=1 9 1 1 9 1 12 10 10 9 13 10 10 12 10 12 12 10 5 9 11 7 13 10 11 1 11 11 11 10
split_gain=109768 18940.3 13029.9 3558.69 3275.47 2979.12 2076 2076.92 1463.12 1698.91 1456.37 1452.19 1280.75 1258.57 1736.42 1196.62 1175.8 1133.92 1262.56 1088.94 984.929 1277.43 967.582 955.366 932.937 874.948 817.13 816.379 969.594 807.339
threshold=33.733671188354499 37.630399703979499 29.953510284423832 35.989843368530281 32.002019882202156 39.852291107177741 13.750000000000002 -0.73831951618194569 0.13301347196102145 38.476831436157234 77.250000000000014 0.51973900198936474 0.45972847938537603 16.250000000000004 -0.72660079598426808 18.250000000000004 18.250000000000004 0.67125374078750621 33.302337646484382 41.532588958740241 -0.62538740038871754 26.862654685974125 80.250000000000014 0.95992380380630504 -0.9946339726448058 26.246039390563968 0.85651928186416637 -0.98798605799674977 -0.77212798595428456 0.94970905780792247
decision_type=2 2 2 2 2 2 2 2 2 2 2 2 2 2 2 2 2 2 2 2 2 2 2 2 2 2 2 2 2 2
left_child=2 3 6 23 17 11 10 20 13 26 25 -3 15 -6 -15 -9 -7 18 -4 -13 21 -8 -14 29 -17 -1 -10 -26 -29 -2
right_child=1 5 4 -5 8 16 7 12 9 -11 -12 19 22 14 -16 24 -18 -19 -20 -21 -22 -23 -24 -25 27 -27 -28 28 -30 -31
leaf_value=-0.0723817470003809 0.0093402515421932859 0.024091113220211458 -0.015701433623361048 0.027930867502121939 0.0034519555478297833 0.049726182765064651 -0.063259078209813996 -0.02392194829222084 0.00706491855253083 0.071516819601446124 -0.026446128974374164 0.043377242487193726 0.023031134229784894 -0.0027490942017930641 -0.022520153319696284 0.010358687800603856 0.068178770967221428 0.0023815592403055924 0.015763786702017991 0.088403893887319784 -0.014129601258484441 0.043700367752848891 -0.022244297421507027 0.024147007349218524 -0.093489438801200364 -0.043083696861699869 -0.022826970883982035 -0.019232900901865906 -0.041549856936342548 -0.025230434969579326
leaf_weight=2946 63431 10692 138888 49736 22209 15954 342 34588 28195 980 14155 31787 1974 26406 19166 1004 18813 10072 3263 1402 18359 1519 2934 11336 663 18875 2488 5965 26440 1735
leaf_count=2946 63431 10692 138888 49736 22209 15954 342 34588 28195 980 14155 31787 1974 26406 19166 1004 18813 10072 3263 1402 18359 1519 2934 11336 663 18875 2488 5965 26440 1735
internal_value=9.54139e-12 0.0295185 -0.0158559 0.0175192 -0.00922003 0.0487786 -0.0287256 -0.0248087 -0.00216263 0.00671094 -0.0389367 0.0401166 -0.0287095 -0.00630781 -0.0110641 -0.0304733 0.0597112 -0.0138305 -0.0149792 0.0452793 -0.0106162 0.0240442 -0.0040345 0.0107503 -0.0371239 -0.0470392 0.00464107 -0.0385656 -0.0374418 0.00841983
internal_weight=586317 204886 381431 126238 251667 78648 129764 93788 99444 31663 35976 43881 73568 67781 45572 68660 34767 152223 142151 33189 20220 1861 4908 76502 34072 21821 30683 33068 32405 65166
internal_count=586317 204886 381431 126238 251667 78648 129764 93788 99444 31663 35976 43881 73568 67781 45572 68660 34767 152223 142151 33189 20220 1861 4908 76502 34072 21821 30683 33068 32405 65166
is_linear=0
shrinkage=0.05


Tree=39
num_leaves=31
num_cat=0
split_feature=1 1 1 1 9 9 5 9 1 1 10 11 11 10 9 13 10 10 10 12 7 10 12 10 11 0 12 3 10 10
split_gain=99223.2 18894 9126.4 4743 2914.42 1807.39 1395.96 1369.88 1309.97 1196.2 1126.69 1203.59 1078.06 1051.39 1021.1 994.172 984.995 928.482 902.482 900.791 888.56 882.322 1101.1 1033.86 861.984 1024.98 795.436 889.555 794.226 766.496
threshold=35.144378662109382 31.644694328308109 39.191526412963874 28.911581993103031 33.493890762329109 37.438150405883796 30.991767883300785 30.663523674011234 42.860454559326179 25.946461677551273 0.53436762094497692 0.76663044095039379 -0.97870382666587818 0.7440970540046693 38.816078186035163 80.250000000000014 0.96460527181625377 0.56314551830291759 0.13301347196102145 13.750000000000002 36.385660171508796 -0.012910176534205673 15.250000000000002 -0.15005400776863095 -0.98798605799674977 4.7598819732666025 14.750000000000002 28.796261787414554 -0.22611359506845471 0.56314551830291759
decision_type=2 2 2 2 2 2 2 2 2 2 2 2 2 2 2 2 2 2 2 2 2 2 2 2 2 2 2 2 2 2
left_child=1 3 5 6 13 29 9 26 17 -1 11 21 15 -3 16 -7 -6 -4 -16 -15 -12 23 -23 -9 -11 -26 -5 -28 -13 -2
right_child=2 4 8 7 14 12 -8 10 -10 24 20 28 -14 19 18 -17 -18 -19 -20 -21 -22 22 -24 -25 25 -27 27 -29 -30 -31
leaf_value=-0.053615050973506488 0.012426946936611134 -0.0061611680494414863 0.03548786936300672 -0.02742135730928414 0.0059109664952200214 0.011408307033034006 -0.0097096259112471189 -0.010290025531265609 0.078844067294116527 -0.061546727711640339 0.0019119011792838689 -0.034462703853342186 0.037401204168183384 -0.007977947461861248 -0.084715765566409876 -0.1032640502526192 0.028952638768319529 0.053923056537847562 0.057595977971578838 0.017017702360320252 0.0916359215517316 -0.02163596892285553 0.025711967127459365 -0.042102478204702601 -0.033976678247719577 -0.017642961952596951 -0.001451237648795308 -0.019738688754596136 -0.01545391185313324 0.02483322171960952
leaf_weight=6930 16622 106465 8462 30321 55757 1020 6519 45724 4448 2316 8677 9732 34059 5715 120 232 5059 35413 1555 9760 285 1884 3526 2705 44152 12275 7531 56829 12622 49602
leaf_count=6930 16622 106465 8462 30321 55757 1020 6519 45724 4448 2316 8677 9732 34059 5715 120 232 5059 35413 1555 9760 285 1884 3526 2705 44152 12275 7531 56829 12622 49602
internal_value=-7.38082e-14 -0.0120525 0.0351028 -0.0209518 0.000108415 0.0265905 -0.0317777 -0.0166059 0.0529887 -0.0339683 -0.0120044 -0.0139769 0.0357262 -0.00439109 0.0088884 -0.00984088 0.0078277 0.0503675 0.0474005 0.00778668 0.00476521 -0.00992756 0.00922333 -0.0120669 -0.0316505 -0.0304235 -0.0207444 -0.0175988 -0.0237295 0.0217193
internal_weight=586317 436459 149858 252028 184431 101535 72192 179836 48323 65673 85155 76193 35311 121940 62491 1252 60816 43875 1675 15475 8962 53839 5410 48429 58743 56427 94681 64360 22354 66224
internal_count=586317 436459 149858 252028 184431 101535 72192 179836 48323 65673 85155 76193 35311 121940 62491 1252 60816 43875 1675 15475 8962 53839 5410 48429 58743 56427 94681 64360 22354 66224
is_linear=0
shrinkage=0.05


Tree=40
num_leaves=31
num_cat=0
split_feature=1 7 1 1 9 9 9 10 12 10 10 11 7 11 12 11 5 10 1 11 9 11 10 11 12 10 3 7 10 10
split_gain=89687.1 15560 10767 2947.98 2531.34 2396.33 2144.58 1301.5 1298.53 1221.18 1186.22 1077.19 1032.51 982.54 888.345 885.568 841.919 890.81 809.656 798.078 792.921 757.483 775.441 955.95 1627.83 1316.01 973.619 721.106 717.042 754.871
threshold=33.733671188354499 37.72160720825196 30.458729743957523 35.989843368530281 39.986669540405281 28.684830665588382 32.002019882202156 -0.98521098494529713 13.250000000000002 0.47494667768478399 0.51973900198936474 -0.96227341890335072 36.636590957641609 -0.97502842545509327 16.250000000000004 -0.99049577116966236 33.394929885864265 0.67125374078750621 43.429134368896491 0.9937097728252412 35.907562255859382 0.83824864029884349 -0.012910176534205673 -0.69014781713485707 15.750000000000002 -0.69016700983047474 31.858166694641117 25.500941276550297 0.95992380380630504 0.94970905780792247
decision_type=2 2 2 2 2 2 2 2 2 2 2 2 2 2 2 2 2 2 2 2 2 2 2 2 2 2 2 2 2 2
left_child=2 3 5 28 10 8 16 -7 -1 -9 -3 14 21 -6 -5 -14 17 27 -15 -10 -11 22 23 24 -8 26 -26 -4 29 -2
right_child=1 4 6 11 13 7 12 9 19 20 -12 -13 15 18 -16 -17 -18 -19 -20 -21 -22 -23 -24 -25 25 -27 -28 -29 -30 -31
leaf_value=-0.045218007599269507 0.008780818804609002 0.018733326188081791 -0.081750990100832796 0.021984935105162758 -0.014954850135568652 0.0011207401645272673 0.0095233984598020599 -0.02281929052030391 -0.024738534455473207 -0.0046729192905037567 0.04033427531905244 0.027477289941901607 -0.047261293031556836 0.053742652930920509 -0.027258202379605485 0.03820424729730347 0.015396087841378654 0.0029559986035467257 0.085458645173864534 -0.046994573689993852 0.092324880291042591 -0.021610764405775366 0.0053084961006198712 -0.00060684459219448707 -0.019499826667527066 -0.020460717734421655 -0.12747977837948626 -0.013025053549026479 0.021499217189872175 -0.024640005409820892
leaf_weight=15410 64540 7744 383 1998 498 6848 4738 99881 29741 7247 35450 46724 344 30989 1691 2549 2866 9166 2152 4659 217 4810 29798 40971 347 10320 524 110612 11365 1735
leaf_count=15410 64540 7744 383 1998 498 6848 4738 99881 29741 7247 35450 46724 344 30989 1691 2549 2866 9166 2152 4659 217 4810 29798 40971 347 10320 524 110612 11365 1735
internal_value=2.11946e-12 0.0266821 -0.0143323 0.0160089 0.0444706 -0.0240049 -0.00703644 -0.0200132 -0.0331561 -0.0213614 0.0364616 0.0254236 -0.00136759 0.0547546 -0.000587617 0.0280417 -0.0113863 -0.0120251 0.0558021 -0.0277528 -0.00185291 -0.00229736 -0.00122585 -0.00464783 -0.0150417 -0.0254419 -0.0844614 -0.0132622 0.0098957 0.0079059
internal_weight=586317 204886 381431 128053 76833 164003 217428 114193 49810 107345 43194 50413 94401 33639 3689 2893 123027 120161 33141 34400 7464 91508 86698 56900 15929 11191 871 110995 77640 66275
internal_count=586317 204886 381431 128053 76833 164003 217428 114193 49810 107345 43194 50413 94401 33639 3689 2893 123027 120161 33141 34400 7464 91508 86698 56900 15929 11191 871 110995 77640 66275
is_linear=0
shrinkage=0.05


Tree=41
num_leaves=31
num_cat=0
split_feature=9 1 9 1 12 10 10 13 11 12 12 9 11 12 10 13 11 7 10 11 11 10 12 11 11 10 1 13 3 3
split_gain=81200.5 13644.8 10597.1 3472 2588.12 2423.43 2349.69 2144.37 2016.37 1940.61 1607.37 1452.36 1352.38 1275.84 1247.91 1158.66 1140.03 1238.61 1220.69 1129.03 1109.8 1265.11 1063.97 1225.06 1060.96 1214.81 1009.08 936.914 930.963 907.581
threshold=34.49261665344239 30.838115692138675 38.263473510742195 32.734432220458991 14.750000000000002 0.56314551830291759 -0.73831951618194569 77.250000000000014 -0.82389250397682179 17.750000000000004 15.750000000000002 41.532588958740241 0.23448270559310916 14.750000000000002 0.7324872910976411 78.750000000000014 -0.61186373233795155 26.223810195922855 -0.9976210594177245 -0.98208922147750843 0.94968265295028698 -0.20931270718574521 14.250000000000002 -0.52705818414688099 0.42887605726718908 -0.22611359506845471 26.860832214355472 78.250000000000014 28.626117706298832 35.231376647949226
decision_type=2 2 2 2 2 2 2 2 2 2 2 2 2 2 2 2 2 2 2 2 2 2 2 2 2 2 2 2 2 2
left_child=1 4 5 -3 7 10 16 26 19 -8 15 29 13 -7 -5 -2 17 -6 -18 -4 -11 28 -16 -24 27 -26 -1 -9 -22 -10
right_child=2 3 8 14 6 12 9 24 11 20 -12 -13 -14 -15 22 -17 18 -19 -20 -21 21 -23 23 -25 25 -27 -28 -29 -30 -31
leaf_value=-0.057485547454443224 -0.00080356686490207479 -0.0089903786343974012 -0.016830697091867668 -8.8343419997848543e-05 -0.07462957231793553 0.017757993971897122 -0.011926545208313641 -0.014167588459082829 0.11168509849353603 -0.021991724230134183 -0.0024234609633227129 0.066534899450163318 0.013707222736392473 0.034423574321924354 -0.0021638490189185913 0.028272178280511564 0.027850551878978426 0.038683823886209334 -0.011531200413636337 0.033162459134573059 -0.096030750230360423 -0.030735292280149609 0.073255988055877769 0.016136742276431398 -0.03807965665489349 -0.014513340645067502 -0.034649678414502429 0.025950476960477975 -0.043085319627060137 0.044354283194649007
leaf_weight=5804 4937 129986 1216 66780 270 17608 33464 6229 507 39548 17769 10017 21696 33020 8504 11198 2132 2258 25531 15846 1359 17553 990 18120 10623 11270 29054 1899 2134 38995
leaf_count=5804 4937 129986 1216 66780 270 17608 33464 6229 507 39548 17769 10017 21696 33020 8504 11198 2132 2258 25531 15846 1359 17553 990 18120 10623 11270 29054 1899 2134 38995
internal_value=1.16286e-11 -0.0120289 0.0287834 -0.00369018 -0.0219218 0.0189809 -0.0176952 -0.0300161 0.044423 -0.0215908 0.00795075 0.0495305 0.0241516 0.0286274 0.00360849 0.0193756 -0.00555886 0.0265815 -0.00849603 0.0295995 -0.026928 -0.0362039 0.0125487 0.0190958 -0.020221 -0.0259483 -0.0384519 -0.00479453 -0.0636845 0.0452185
internal_weight=586317 413508 172809 224380 189128 106228 124249 64879 66581 94058 33904 49519 72324 50628 94394 16135 30191 2528 27663 17062 60594 21046 27614 19110 30021 21893 34858 8128 3493 39502
internal_count=586317 413508 172809 224380 189128 106228 124249 64879 66581 94058 33904 49519 72324 50628 94394 16135 30191 2528 27663 17062 60594 21046 27614 19110 30021 21893 34858 8128 3493 39502
is_linear=0
shrinkage=0.05


Tree=42
num_leaves=31
num_cat=0
split_feature=9 1 7 1 10 12 10 9 13 12 12 11 3 13 10 10 11 7 10 12 11 1 11 10 3 11 11 10 13 3
split_gain=73305.9 11300.1 10884.7 2789.71 2356.01 2297.73 2154.6 2079.28 1872.1 1729.1 1597.46 1429.68 1367.67 1173.12 1070.4 1021.07 1003.22 1113.81 1112.32 996.901 1060.68 967.78 961.899 1163.78 984.868 926.676 903.456 1040.31 880.166 811.992
threshold=34.202585220336921 30.774036407470707 37.828632354736335 32.553670883178718 0.56314551830291759 14.750000000000002 -0.73831951618194569 40.596107482910163 77.250000000000014 17.750000000000004 15.750000000000002 -0.73829901218414296 32.882995605468757 78.250000000000014 0.51973900198936474 0.7324872910976411 -0.61186373233795155 26.476396560668949 -0.9976210594177245 14.250000000000002 -0.52705818414688099 36.398109436035163 0.94968265295028698 -0.22611359506845471 28.381040573120121 -0.69014781713485707 0.30080866813659674 -0.22611359506845471 78.750000000000014 35.231376647949226
decision_type=2 2 2 2 2 2 2 2 2 2 2 2 2 2 2 2 2 2 2 2 2 2 2 2 2 2 2 2 2 2
left_child=1 5 4 -3 10 8 16 14 25 -8 13 12 -6 -2 -4 -5 17 -7 -18 -17 -21 -13 -11 24 -24 -1 28 -28 -10 -16
right_child=2 3 7 15 11 6 9 -9 26 22 -12 21 -14 -15 29 19 18 -19 -20 20 -22 -23 23 -25 -26 -27 27 -29 -30 -31
leaf_value=-0.049179579559789244 -0.010625223210809628 -0.0092687382000440962 0.020125351331198905 -0.00090446313284882731 0.17096120611551766 -0.061603888915234398 -0.011464508725194538 0.052475725889373714 -0.0092969655395049207 -0.021163336601415721 -0.0032396674197977789 0.014327920369899364 0.044331960000404985 0.022848560717829678 0.10232384583030547 -0.0036872953499753158 0.027822139532466612 0.038397915425078984 -0.010906655824981898 0.073369979934160792 0.0150106449214063 0.026533084895989319 -0.1081161232587308 -0.029850207722821709 -0.044352255728213164 -0.031296678074762614 -0.035250794011230352 -0.01357065391858977 0.053944799005039568 0.037637366709088738
leaf_weight=10342 3171 122479 9939 71149 228 320 32218 24891 6505 38343 21022 36060 3292 14993 491 7901 2007 2144 24313 819 15777 29552 885 18008 1918 24185 11096 11037 601 40631
leaf_count=10342 3171 122479 9939 71149 228 320 32218 24891 6505 38343 21022 36060 3292 14993 491 7901 2007 2144 24313 819 15777 29552 885 18008 1918 24185 11096 11037 601 40631
internal_value=-3.4355e-12 -0.0119691 0.0261146 -0.00427185 0.0159388 -0.0210978 -0.0170266 0.0406268 -0.0287693 -0.0207845 0.00614433 0.0214906 0.0525341 0.0170048 0.0348507 0.00212688 -0.00509737 0.0254107 -0.00795344 0.0109311 0.0178906 0.0198252 -0.0258606 -0.0345151 -0.0644846 -0.0366532 -0.0194596 -0.0244396 -0.0039482 0.0384097
internal_weight=586317 402047 184270 218125 108318 183922 120156 75952 63766 91372 39186 69132 3520 18164 51061 95646 28784 2464 26320 24497 16596 65612 59154 20811 2803 34527 29239 22133 7106 41122
internal_count=586317 402047 184270 218125 108318 183922 120156 75952 63766 91372 39186 69132 3520 18164 51061 95646 28784 2464 26320 24497 16596 65612 59154 20811 2803 34527 29239 22133 7106 41122
is_linear=0
shrinkage=0.05


Tree=43
num_leaves=31
num_cat=0
split_feature=1 1 1 1 9 10 11 13 1 12 9 9 1 0 12 3 11 13 7 13 10 11 10 10 10 11 12 10 13 10
split_gain=66322 12716 6375.84 3444.28 1879.98 1485.27 1614.72 1939.42 1201.83 1121.62 1118.41 1086.43 941.115 883.925 822.788 1116.61 972.987 813.428 787.955 787.785 727.669 775.591 710.951 693.313 1460.5 677.209 1294.51 1442.78 1201.28 788.264
threshold=35.144378662109382 31.705049514770511 39.191526412963874 28.445576667785648 33.263797760009773 0.13301347196102145 0.57727023959159862 77.750000000000014 37.174047470092781 18.750000000000004 36.302303314208991 27.16437911987305 24.853873252868656 8.8564577102661151 17.250000000000004 30.64868259429932 0.16704543679952624 78.750000000000014 37.341032028198249 80.250000000000014 0.45972847938537603 0.87377473711967479 0.47494667768478399 -0.012910176534205673 -0.74981945753097523 -0.17552498728036878 16.750000000000004 0.16705007851123813 78.250000000000014 -0.97873103618621815
decision_type=2 2 2 2 2 2 2 2 2 2 2 2 2 2 2 2 2 2 2 2 2 2 2 2 2 2 2 2 2 2
left_child=1 3 8 12 23 6 7 -5 -2 -4 -7 -9 -1 20 16 -16 17 -13 25 -11 -14 -22 -20 24 -3 26 28 29 -6 -28
right_child=2 4 9 5 18 10 -8 11 -10 19 -12 14 13 -15 15 -17 -18 -19 22 -21 21 -23 -24 -25 -26 -27 27 -29 -30 -31
leaf_value=-0.05923975674082791 0.016864136318337539 -0.0010902640617830824 0.037389822826704902 -0.020845959350180753 -0.0061900307014152939 -0.0073630125411516716 -0.022277258616621665 -0.051215755718981938 0.027853562771130699 0.059216346507592138 0.051428847380020952 0.00020314984792917936 -0.031865600951013748 -0.014590114810367823 0.00033191394008825906 -0.017689666807830389 -0.016610934049275616 0.026209686209167124 0.014036518998973761 0.036857779221505647 -0.01973687600416095 0.053898218221770614 0.061842320995042513 0.0016732880977394608 -0.015839918138616405 0.010318245281779537 -0.16382308632060133 0.011489069972470184 0.019459369579781317 -0.021930744259310426
leaf_weight=2350 57927 44378 28849 36259 7872 47294 66805 1283 43608 13990 823 6800 37897 11374 16596 17829 4040 5390 2364 5484 1275 497 1159 38264 26991 34874 99 4428 10866 8652
leaf_count=2350 57927 44378 28849 36259 7872 47294 66805 1283 43608 13990 823 6800 37897 11374 16596 17829 4040 5390 2364 5484 1275 497 1159 38264 26991 34874 99 4428 10866 8652
internal_value=-2.73277e-12 -0.00985373 0.0286988 -0.0170019 0.000335831 -0.0140313 -0.0164135 -0.0119721 0.021584 0.0436484 -0.00635743 -0.00577702 -0.0283024 -0.026878 -0.00462614 -0.00900162 0.00465456 0.0117023 0.00671735 0.05292 -0.0304013 0.000915856 0.0297637 -0.00375701 -0.00666843 0.00550174 0.000238992 -0.0117679 0.00868383 -0.023536
internal_weight=586317 436459 149858 256512 179947 203119 155002 88197 101535 48323 48117 51938 53393 51043 50655 34425 16230 12190 70314 19474 39669 1772 3523 109633 71369 66791 31917 13179 18738 8751
internal_count=586317 436459 149858 256512 179947 203119 155002 88197 101535 48323 48117 51938 53393 51043 50655 34425 16230 12190 70314 19474 39669 1772 3523 109633 71369 66791 31917 13179 18738 8751
is_linear=0
shrinkage=0.05


Tree=44
num_leaves=31
num_cat=0
split_feature=1 1 1 9 9 1 1 11 10 10 11 11 12 11 3 13 12 11 10 12 10 12 13 11 11 11 5 11 9 10
split_gain=59999.1 10982.6 7099.1 2001.3 1907.65 1555.3 1342.25 1087.51 1152.89 1040.85 1030.39 1020.27 1528.71 1169.92 1701.92 1080.7 996.756 904.324 842.863 840.617 1445.54 990.853 925.309 922.18 858.302 1059.61 767.338 747.115 741.174 732.49
threshold=33.636152267456062 38.043006896972663 29.843582153320316 35.749763488769538 31.068670272827152 41.098293304443366 26.488616943359379 0.77756834030151378 0.45972847938537603 -0.012910176534205673 0.51972457766532909 -0.69014781713485707 15.750000000000002 -0.72658059000968922 31.638983726501468 78.750000000000014 14.250000000000002 -0.05591491982340812 0.7440970540046693 14.750000000000002 -0.73831951618194569 17.250000000000004 77.750000000000014 0.28434865176677709 -0.9946339726448058 -0.98798605799674977 40.587638854980476 -0.97502842545509327 40.75471496582032 0.95992380380630504
decision_type=2 2 2 2 2 2 2 2 2 2 2 2 2 2 2 2 2 2 2 2 2 2 2 2 2 2 2 2 2 2
left_child=2 3 6 17 18 27 -1 9 -9 11 26 12 15 -14 -15 -6 -11 -2 -4 22 -21 -22 -8 -24 -23 -26 29 -3 -29 -5
right_child=1 5 4 10 7 -7 19 8 -10 16 -12 -13 13 14 -16 -17 -18 -19 -20 20 21 24 23 -25 25 -27 -28 28 -30 -31
leaf_value=-0.037937119773688917 0.0026417577803633987 -0.015923368689027485 -0.01305988802201772 0.017019222256204596 -0.0085283666732352739 0.04991251035329286 -0.030414566980727937 -0.020586225113132309 0.0034426219979077398 -0.0062491495245664275 -0.015285091374893662 -0.0014357687100934923 -0.017730866236306337 0.0010293557292759181 -0.11534886661332518 0.033684731130869144 0.011009798932869956 0.013149728924851119 0.01660088687477659 -0.0027665286763790702 -0.0078233239404915025 0.018481469953528378 0.019695439174541002 -0.0196601229855808 -0.081969917373268378 -0.024138932174221597 0.071293683854864259 0.0310485308657871 0.046898470592471514 0.029532595214864552
leaf_weight=11663 38249 768 101556 35991 4129 18394 29908 16608 7137 12543 1940 65013 15667 536 759 2396 25119 44062 2453 14655 12050 1152 1730 10662 808 40172 772 43207 8894 17324
leaf_count=11663 38249 768 101556 35991 4129 18394 29908 16608 7137 12543 1940 65013 15667 536 759 2396 25119 44062 2453 14655 12050 1152 1730 10662 808 40172 772 43207 8894 17324
internal_value=4.44604e-12 0.0214431 -0.0119307 0.0132284 -0.0071574 0.0373895 -0.0218005 -0.00354747 -0.0133639 -0.00169991 0.0205177 -0.00466256 -0.0135944 -0.0215062 -0.06718 0.00697241 0.00526186 0.00826679 -0.0123604 -0.0201071 -0.0166984 -0.0204666 -0.0256544 -0.0141658 -0.0240827 -0.0252792 0.0218019 0.0330326 0.0337542 0.0210853
internal_weight=586317 209601 376716 138338 253916 71263 122800 149907 23745 126162 56027 88500 23487 16962 1295 6525 37662 82311 104009 111137 68837 54182 42300 12392 42132 40980 54087 52869 52101 53315
internal_count=586317 209601 376716 138338 253916 71263 122800 149907 23745 126162 56027 88500 23487 16962 1295 6525 37662 82311 104009 111137 68837 54182 42300 12392 42132 40980 54087 52869 52101 53315
is_linear=0
shrinkage=0.05


Tree=45
num_leaves=31
num_cat=0
split_feature=9 1 9 1 10 10 10 11 12 10 3 12 11 12 10 10 11 13 1 13 11 12 13 1 11 10 3 11 13 10
split_gain=54268 9223.31 7385.02 2235.19 1981.4 1905.8 1494.85 1322.47 1311.68 1246.16 1200.31 1133.28 966.593 964.13 1228.09 1139.99 1250.4 953.042 944.542 889.989 1673.17 989.781 936.425 863.54 805.626 949.753 786.205 749.308 721.426 697.588
threshold=34.49261665344239 31.271186828613285 38.587604522705085 28.311072349548343 0.56314551830291759 0.7440970540046693 0.20088869333267215 -0.73829901218414296 15.750000000000002 0.96230018138885509 32.882995605468757 13.750000000000002 -0.52705818414688099 14.750000000000002 -0.95747631788253773 0.11593352630734445 0.65837720036506664 78.750000000000014 43.429134368896491 76.750000000000014 0.77756834030151378 15.250000000000002 80.750000000000014 32.553670883178718 -0.98518359661102284 1.0000000180025095e-35 28.796261787414554 0.82873937487602245 80.250000000000014 0.99628895521163952
decision_type=2 2 2 2 2 2 2 2 2 2 2 2 2 2 2 2 2 2 2 2 2 2 2 2 2 2 2 2 2 2
left_child=1 3 4 19 8 23 -4 10 17 -9 -6 -7 -13 -5 -15 26 -17 -2 -8 21 24 -1 -22 -3 25 -21 -16 -24 -18 -11
right_child=2 5 6 13 7 11 18 9 -10 29 -12 12 -14 14 15 16 28 -19 -20 20 22 -23 27 -25 -26 -27 -28 -29 -30 -31
leaf_value=-0.04295113024102671 -0.0015538864902020434 -0.0076472903230772439 -0.015391818718391429 -0.020005771349911564 0.16706063844488961 -0.0050828615107936662 0.037634775122538058 0.01310463913110306 -0.0027763126452849279 0.031263675319189492 0.041178853550073807 0.061486866963603254 0.012908601797011641 0.0023319556743809692 -0.004779108357375203 0.034486114796539256 0.00039652509581213422 0.02443386867839252 0.070805883931665231 -0.07018730799268881 -0.02183062422179392 -0.011444077060541272 -0.1316360613041628 -0.00029548161716466074 -0.0052004978494619098 0.039503499922894633 -0.018398358057962215 -0.041599404489282329 -0.017305243224167256 0.015257490784878612
leaf_weight=11945 5084 82846 1296 49866 198 9859 56366 41063 18915 21911 4344 1074 21995 13731 12461 1926 13017 11526 2231 966 10881 3150 238 77128 13085 248 70827 7947 10318 9875
leaf_count=11945 5084 82846 1296 49866 198 9859 56366 41063 18915 21911 4344 1074 21995 13731 12461 1926 13017 11526 2231 966 10881 3150 238 77128 13085 248 70827 7947 10318 9875
internal_value=5.57773e-12 -0.0098337 0.0235307 -0.0168165 0.0160028 -0.00184802 0.037723 0.0204902 0.00622691 0.0188582 0.0466664 0.00910622 0.0151702 -0.0141462 -0.0117567 -0.0135388 -0.00423474 0.0164795 0.0388977 -0.0263023 -0.0217447 -0.0363763 -0.0314412 -0.00410277 -0.00881548 -0.0477793 -0.0163607 -0.0442175 -0.00743064 0.026291
internal_weight=586317 413508 172809 220606 112916 192902 59893 77391 35525 72849 4542 32928 23069 172146 122280 108549 25261 16610 58597 48460 33365 15095 19066 159974 14299 1214 83288 8185 23335 31786
internal_count=586317 413508 172809 220606 112916 192902 59893 77391 35525 72849 4542 32928 23069 172146 122280 108549 25261 16610 58597 48460 33365 15095 19066 159974 14299 1214 83288 8185 23335 31786
is_linear=0
shrinkage=0.05


Tree=46
num_leaves=31
num_cat=0
split_feature=1 1 1 9 7 10 10 12 0 11 1 11 11 9 12 10 12 13 12 7 10 11 12 9 11 7 13 11 11 11
split_gain=49146.3 9384.48 4795.75 2601.92 1472.41 1268.95 2209.33 1241.2 1158.19 983.484 980.697 931.786 1076.78 1068.4 917.734 743.089 879.48 729.948 779.682 794.666 775.009 714.088 1570.04 862.026 722.76 666.549 663.279 898.151 834.142 707.191
threshold=35.144378662109382 31.644694328308109 39.321441650390632 29.549729347229007 33.937675476074226 -0.030120026320219036 -0.69016700983047474 13.750000000000002 1.3538408875465395 0.99548450112342846 36.651681900024421 -0.98798605799674977 -0.78295108675956715 33.637870788574226 18.250000000000004 0.7440970540046693 13.750000000000002 77.750000000000014 17.250000000000004 31.999979019165043 -0.25118774175643915 -0.99049577116966236 17.250000000000004 38.816078186035163 -0.99937036633491505 30.068468093872074 80.750000000000014 -0.66483077406883229 -0.62538740038871754 0.9549313783645631
decision_type=2 2 2 2 2 2 2 2 2 2 2 2 2 2 2 2 2 2 2 2 2 2 2 2 2 2 2 2 2 2
left_child=1 3 10 7 15 6 -5 -1 -7 26 -2 13 17 -8 -4 -3 -17 -13 -19 20 -20 22 -6 -23 -24 -18 27 -9 -29 -28
right_child=2 4 14 5 21 8 11 9 -10 -11 -12 12 -14 -15 -16 16 25 18 19 -21 -22 23 24 -25 -26 -27 29 28 -30 -31
leaf_value=-0.029609574352569029 0.013117480624806383 -0.0040325318138617434 0.031037340964869448 -0.0068018169341538415 0.014576376338411162 -0.0071118540072578895 -0.058371216954603594 -0.024205225669302482 0.015394078616309308 -0.035692326645668508 0.022940671330192453 -0.02277999262141189 -0.02390585120635574 0.0033190420926769459 0.045171820007300363 -0.0076802241563490754 0.069775836063124139 0.020763158707623595 0.014165153568504089 -0.032089007518885805 -0.035144874952897337 0.0083527426906481236 0.018849674183113556 0.046864809664841349 -0.057577812929137766 0.012141960178283446 -0.016177593578330526 0.039228705718719295 -0.0083127618055705357 -0.036432214454188087
leaf_weight=30559 44251 117688 22797 56836 2665 39420 3057 9931 6686 6558 59668 5516 35172 911 23142 6925 524 3090 3532 2488 1029 41290 379 1506 1683 11771 13515 956 26445 6327
leaf_count=30559 44251 117688 22797 56836 2665 39420 3057 9931 6686 6558 59668 5516 35172 911 23142 6925 524 3090 3532 2488 1029 41290 379 1506 1683 11771 13515 956 26445 6327
internal_value=1.81529e-12 -0.00848238 0.0247048 -0.0147542 8.82127e-05 -0.0108263 -0.0137085 -0.0213251 -0.00384819 -0.0173528 0.0187577 -0.0208723 -0.0190506 -0.044208 0.0381577 -0.0025439 0.00657128 -0.00814222 -0.00017872 -0.0093588 0.0030404 0.00767102 -0.0107708 0.00970799 -0.0435303 0.0145983 -0.0152492 -0.011323 -0.00665408 -0.0226362
internal_weight=586317 436459 149858 252028 184431 157737 111631 94291 46106 63732 103919 54795 50827 3968 45939 136908 19220 15655 10139 7049 4561 47523 4727 42796 2062 12295 57174 37332 27401 19842
internal_count=586317 436459 149858 252028 184431 157737 111631 94291 46106 63732 103919 54795 50827 3968 45939 136908 19220 15655 10139 7049 4561 47523 4727 42796 2062 12295 57174 37332 27401 19842
is_linear=0
shrinkage=0.05


Tree=47
num_leaves=31
num_cat=0
split_feature=9 1 9 1 10 12 11 10 13 12 12 11 10 10 3 11 10 9 13 13 3 3 11 10 3 11 11 7 11 10
split_gain=44383.9 6962.36 6873.92 1712.77 1711.81 1625.53 1521.69 1501.05 1390.42 1264.75 1249.12 1203.43 1133.65 1396.61 1141.84 1025.72 1022.46 998.335 988.508 953.332 939.979 844.005 813.365 1542.46 800.884 777.945 776.517 752.057 709.906 927.957
threshold=34.202585220336921 30.74163913726807 38.263473510742195 32.590316772460945 0.56314551830291759 14.750000000000002 -0.82389250397682179 -0.96230018138885487 77.250000000000014 17.750000000000004 15.750000000000002 0.77756834030151378 -0.030120026320219036 -0.15005400776863095 29.048268318176273 -0.73829901218414296 0.96683886647224437 41.532588958740241 80.250000000000014 78.750000000000014 32.41594314575196 30.771559715271 -0.66483077406883229 -0.63874351978301991 34.943683624267585 -0.40541070699691767 -0.98208922147750843 25.500941276550297 0.42887605726718908 -0.22611359506845471
decision_type=2 2 2 2 2 2 2 2 2 2 2 2 2 2 2 2 2 2 2 2 2 2 2 2 2 2 2 2 2 2
left_child=1 5 4 21 10 8 26 -7 25 -9 19 12 13 14 22 20 -17 24 -13 -2 -6 27 23 -11 -8 -1 -4 -3 -10 -30
right_child=2 3 6 -5 15 7 17 9 28 11 -12 18 -14 -15 -16 16 -18 -19 -20 -21 -22 -23 -24 -25 -26 -27 -28 -29 29 -31
leaf_value=-0.039354693730631496 -0.002413774231984878 -0.090509678073534272 -0.018223590249664013 0.0017961436473526661 0.15619016128172403 0.0054158112102440422 0.10102482799840776 -0.0075416581259605559 -0.0018478489897787783 -0.052787109272724578 -0.0034991362300677608 -0.015407116577153285 0.015547133390889853 -0.06345149258870042 -0.019950304671001496 0.011222268746725684 0.023294255687762343 0.051694526194679492 -0.031555232362609639 0.021881674079652944 0.036514790533721302 -0.0092414884788865059 0.021389042486267607 0.0058146231388813254 0.033264829239932708 -0.02388821622268171 0.023236836830459039 0.0014891183066937149 -0.030339740407036481 -0.0094419428450603499
leaf_weight=13198 5915 224 1216 93484 171 10016 441 38527 7618 1517 21586 16470 3446 1404 17004 44133 29109 10017 22321 12722 4053 99922 3387 4322 39061 21174 15846 26752 10372 10889
leaf_count=13198 5915 224 1216 93484 171 10016 441 38527 7618 1517 21586 16470 3446 1404 17004 44133 29109 10017 22321 12722 4053 99922 3387 4322 39061 21174 15846 26752 10372 10889
internal_value=3.11235e-12 -0.00931334 0.0203202 -0.00333945 0.0130566 -0.0165604 0.0331594 -0.0131037 -0.0230318 -0.0148149 0.00468808 -0.0188254 -0.0114945 -0.0148666 -0.012266 0.0174018 0.0160201 0.0375963 -0.024699 0.0141708 0.0413596 -0.00712277 0.00189654 -0.00941039 0.0340213 -0.029827 0.020282 0.00072519 -0.0149442 -0.0196368
internal_weight=586317 402047 184270 220382 117689 181665 66581 118414 63251 108398 40223 69871 31080 27634 26230 77466 73242 49519 38791 18637 4224 126898 9226 5839 39502 34372 17062 26976 28879 21261
internal_count=586317 402047 184270 220382 117689 181665 66581 118414 63251 108398 40223 69871 31080 27634 26230 77466 73242 49519 38791 18637 4224 126898 9226 5839 39502 34372 17062 26976 28879 21261
is_linear=0
shrinkage=0.05


Tree=48
num_leaves=31
num_cat=0
split_feature=1 1 1 9 1 10 1 1 10 11 10 13 11 12 10 3 13 11 12 0 13 10 10 11 7 1 11 12 5 7
split_gain=40246 7506.28 4855.08 1390.8 1354.48 1184.07 1184.88 1077.8 910.139 852.126 892.212 944.112 934.413 1321.42 1057.1 1682.24 942.18 828.997 827.079 797.239 998.149 753.421 733.989 691.222 613.303 611.066 585.932 1273.29 621.944 617.272
threshold=33.636152267456062 38.043006896972663 29.843582153320316 30.8515739440918 35.913198471069343 0.56314551830291759 41.521457672119148 25.946461677551273 0.45972847938537603 0.75546532869339 -0.012910176534205673 77.250000000000014 -0.69014781713485707 15.750000000000002 -0.69016700983047474 31.638983726501468 78.750000000000014 0.26780438423156744 15.750000000000002 5.1058669090271005 78.250000000000014 -0.22611359506845471 0.7440970540046693 0.87377473711967479 40.001266479492195 27.532365798950199 -0.97870382666587818 16.750000000000004 40.00335884094239 34.202560424804695
decision_type=2 2 2 2 2 2 2 2 2 2 2 2 2 2 2 2 2 2 2 2 2 2 2 2 2 2 2 2 2 2
left_child=2 4 7 22 -2 24 -7 -1 19 10 12 18 13 16 15 -15 -5 -13 -12 25 -21 -11 -4 -10 -3 -9 27 -6 -28 -29
right_child=1 5 3 9 26 6 -8 8 23 21 11 17 -14 14 -16 -17 -18 -19 -20 20 -22 -23 -24 -25 -26 -27 28 29 -30 -31
leaf_value=-0.036874091300666545 0.0067381194125071117 0.0071475121471295385 -0.011390532684074375 -0.0073205162764384546 0.019651693918620393 0.030313624293271182 0.048241903192528995 -0.02980142994254513 -0.0051351559116403047 -0.021630328696707651 -0.015061485082527849 0.020007246828636974 -0.00086403816774203448 0.0034838718799874188 -0.015860599207046609 -0.10887353234137104 0.031405948156815085 0.0018816420600666136 0.012866985974375276 -0.021488913836031881 -0.0012690603226742237 -0.0050560494833876233 0.019271147756622569 0.041497386392222974 0.028139323323256672 -0.018258730075154269 0.017277367699581238 0.0058064668846105469 0.056024796436806218 -0.075912621075721387
leaf_weight=7078 83116 6946 90157 4411 1886 45808 11537 13668 5023 10164 8313 12395 68349 575 16517 792 2439 12846 3892 10691 14224 21071 1995 944 6972 71172 51231 344 1057 704
leaf_count=7078 83116 6946 90157 4411 1886 45808 11537 13668 5023 10164 8313 12395 68349 575 16517 792 2439 12846 3892 10691 14224 21071 1995 944 6972 71172 51231 344 1057 704
internal_value=-6.7466e-13 0.0175621 -0.00977136 -0.00582392 0.0107709 0.0307454 0.0339205 -0.0179336 -0.0167751 -0.00303093 -0.00125572 0.00526181 -0.00387764 -0.0122053 -0.0193578 -0.0616127 0.00646837 0.0107825 -0.00615549 -0.017809 -0.00994538 -0.0104494 -0.0107267 0.00224227 0.017663 -0.0201183 0.0168406 -0.00490183 0.0180606 -0.0490888
internal_weight=586317 209601 376716 253916 138338 71263 57345 122800 115722 161764 130529 37446 93083 24734 17884 1367 6850 25241 12205 109755 24915 31235 92152 5967 13918 84840 55222 2934 52288 1048
internal_count=586317 209601 376716 253916 138338 71263 57345 122800 115722 161764 130529 37446 93083 24734 17884 1367 6850 25241 12205 109755 24915 31235 92152 5967 13918 84840 55222 2934 52288 1048
is_linear=0
shrinkage=0.05


Tree=49
num_leaves=31
num_cat=0
split_feature=1 1 9 9 10 10 7 0 10 12 11 10 11 11 9 11 11 11 10 10 10 10 11 12 11 12 11 9 13 12
split_gain=36395.2 6996.33 3693.63 2063.96 1114.73 1811.76 1043.96 1014.48 999.182 996.311 902.742 887.544 832.087 792.977 956.699 922.201 747.773 1036.08 799.466 1068.54 706.482 677.328 813.271 676.621 645.475 1405.1 718.726 667.291 640.077 706.571
threshold=35.144378662109382 31.735107421875004 39.188413619995124 29.50916957855225 -0.030120026320219036 -0.69016700983047474 34.202560424804695 3.2650687694549565 0.56314551830291759 13.750000000000002 -0.73829901218414296 0.21772121638059619 0.99548450112342846 -0.98798605799674977 33.637870788574226 -0.78295108675956715 -0.09024826809763907 0.73246693611145031 -0.97505551576614369 -0.98521098494529713 0.96230018138885509 0.99628895521163952 0.047319635748863227 18.250000000000004 -0.99049577116966236 16.750000000000004 -0.99937036633491505 38.816078186035163 77.750000000000014 17.250000000000004
decision_type=2 2 2 2 2 2 2 2 2 2 2 2 2 2 2 2 2 2 2 2 2 2 2 2 2 2 2 2 2 2
left_child=1 3 8 9 5 -5 16 -6 -2 -1 -10 -4 -11 14 -7 28 18 -18 19 -3 -12 -22 -23 -13 25 -8 -27 -26 -15 -30
right_child=2 6 11 4 7 13 24 -9 10 12 20 23 -14 15 -16 -17 17 -19 -20 -21 21 22 -24 -25 27 26 -28 -29 29 -31
leaf_value=-0.025972830793853825 0.0069021216482573651 -0.0072884598910895777 -0.021236585786528307 -0.0057732869181371833 -0.0054452423981372431 -0.052512169333416528 0.018715927614537917 0.017159012093855539 0.038483373882990807 -0.012981254679597421 0.012718755442950428 0.027715881180158698 -0.031965150603316096 -0.020147153162966031 0.0045854812478197575 -0.020985939613840862 0.0049203616813578138 -0.0082282156364776628 -0.0042664828519307562 -0.058355357123244869 0.027349134755693467 0.004401838718910556 0.036692016573372586 0.039806696582531984 0.0082904887371497721 0.025025421469356608 -0.053968793308231566 0.042509388405405163 0.020036123143405807 -0.007984003649266545
leaf_weight=30168 23527 2726 746 59935 43083 3176 1966 5610 5343 56496 40161 23229 6429 5739 954 36582 58135 20184 56020 1641 23089 8143 2564 23056 33490 347 1692 1488 3241 7357
leaf_count=30168 23527 2726 746 59935 43083 3176 1966 5610 5343 56496 40161 23229 6429 5739 954 36582 58135 20184 56020 1641 23089 8143 2564 23056 33490 347 1692 1488 3241 7357
internal_value=5.10513e-12 -0.00729952 0.0212597 -0.0125453 -0.00919799 -0.011844 0.000339895 -0.00284097 0.0159509 -0.0185024 0.0186356 0.0328667 -0.0149208 -0.0182218 -0.039323 -0.016575 -0.00169186 0.00153177 -0.00587275 -0.026478 0.0172017 0.0225289 0.0121344 0.0337387 0.00756911 -0.0114447 -0.0405254 0.0097462 -0.00669803 0.000584899
internal_weight=586317 436459 149858 258770 165677 116984 177689 48693 102827 93093 79300 47031 62925 57049 4130 52919 138706 78319 60387 4367 73957 33796 10707 46285 38983 4005 2039 34978 16337 10598
internal_count=586317 436459 149858 258770 165677 116984 177689 48693 102827 93093 79300 47031 62925 57049 4130 52919 138706 78319 60387 4367 73957 33796 10707 46285 38983 4005 2039 34978 16337 10598
is_linear=0
shrinkage=0.05


Tree=50
num_leaves=31
num_cat=0
split_feature=1 9 1 10 9 1 9 1 10 10 10 9 11 11 13 0 11 13 12 13 5 5 11 10 12 10 12 13 13 11
split_gain=32889.1 6285.96 4035.55 1370.85 1199.64 1169.36 1008.09 945.212 814.939 755.493 726.294 696.412 886.508 679.52 665.796 1127.06 711.459 658.273 815.898 647.647 646.477 624.538 622.123 671.631 705.986 692.601 822.079 648.652 577.151 571.645
threshold=33.636152267456062 37.630399703979499 29.733201026916507 0.56314551830291759 30.663523674011234 36.148506164550788 41.532588958740241 25.505497932434086 0.45972847938537603 -0.98521098494529713 0.7440970540046693 36.894601821899421 -0.99049577116966236 0.87377473711967479 76.750000000000014 1.0000000180025095e-35 0.88201534748077404 81.750000000000014 17.250000000000004 81.750000000000014 30.523216247558597 40.281343460083015 0.83824864029884349 -0.012910176534205673 14.250000000000002 -0.71466678380966175 16.250000000000004 77.750000000000014 78.250000000000014 -0.40541070699691767
decision_type=2 2 2 2 2 2 2 2 2 2 2 2 2 2 2 2 2 2 2 2 2 2 2 2 2 2 2 2 2 2
left_child=2 5 7 21 10 29 17 -1 9 20 -4 22 -13 -10 16 19 -11 18 -5 -16 -9 -3 23 25 27 -6 28 -25 -27 -2
right_child=1 3 4 6 11 -7 -8 8 13 14 -12 12 -14 -15 15 -17 -18 -19 -20 -21 -22 -23 -24 24 -26 26 -28 -29 -30 -31
leaf_value=-0.038650124493630394 0.00053079920535389663 0.0088394418080456564 -0.01083954756484908 0.023059340416398955 -0.0015252636522391342 0.015616126409880905 0.045223449512500007 -0.011146449646247173 -0.0048898446204870809 -0.030120776635082804 0.02236951057883196 -0.048327413245938172 0.032631279509766936 0.041771300705779585 -0.016653861236585688 -0.0076416201122664496 -0.011214101118474772 0.0095510933827768554 0.036481538807234398 -0.030109598132790662 0.025485454958108417 0.028031374021175001 -0.011024367715272239 -0.014196670302816586 0.0075904033547445366 -0.010987496028637297 -0.0153758163308699 0.0075270622396352571 0.012137905443983446 0.0089443861303514279
leaf_weight=4662 32868 12554 84837 23070 70444 45647 10017 3407 4615 17606 1679 392 2461 939 34448 29405 6936 4478 22234 12078 1863 6400 23144 9025 28664 5099 23733 5549 5730 52333
leaf_count=4662 32868 12554 84837 23070 70444 45647 10017 3407 4615 17606 1679 392 2461 939 34448 29405 6936 4478 22234 12078 1863 6400 23144 9025 28664 5099 23733 5549 5730 52333
internal_value=1.10692e-11 0.015876 -0.00883322 0.0270371 -0.00538219 0.00915843 0.0307511 -0.0165936 -0.0156697 -0.0166502 -0.0101951 -0.00299245 0.0215076 0.00299903 -0.0176181 -0.0153041 -0.0247774 0.027839 0.0296466 -0.0201469 0.00180331 0.0153198 -0.00340029 -0.00221001 0.00303469 -0.00436961 -0.0101669 -0.00592543 0.00124896 0.00569868
internal_weight=586317 209601 376716 78753 260757 130848 59799 115959 111297 105743 86516 174241 2853 5554 100473 75931 24542 49782 45304 46526 5270 18954 171388 148244 43238 105006 34562 14574 10829 85201
internal_count=586317 209601 376716 78753 260757 130848 59799 115959 111297 105743 86516 174241 2853 5554 100473 75931 24542 49782 45304 46526 5270 18954 171388 148244 43238 105006 34562 14574 10829 85201
is_linear=0
shrinkage=0.05


Tree=51
num_leaves=31
num_cat=0
split_feature=9 1 7 12 10 10 10 12 13 12 11 10 10 3 13 11 3 12 11 11 10 11 10 1 11 13 10 9 7 11
split_gain=29773.4 5288.19 4040.2 1515.64 1339.39 1268.81 1264.75 1286.58 1241.42 1124.93 1041.87 1590.38 1314.08 1253.91 1041.64 1022.56 1375.89 838.15 845.675 828.678 781.594 780.373 1664.89 760.745 742.338 736.639 730.644 727.713 705.432 704.495
threshold=34.616676330566413 31.144719123840336 38.596643447875984 14.750000000000002 0.54883790016174328 0.7440970540046693 -0.96230018138885487 17.250000000000004 77.250000000000014 16.250000000000004 0.77756834030151378 -0.030120026320219036 -0.15005400776863095 29.0031852722168 80.750000000000014 -0.73829901218414296 33.491941452026374 13.750000000000002 -0.52705818414688099 0.51972457766532909 -0.09881922602653502 -0.66483077406883229 -0.63874351978301991 43.429134368896491 -0.69014781713485707 78.750000000000014 -0.94130858778953541 31.467846870422367 33.358106613159187 -0.98208922147750843
decision_type=2 2 2 2 2 2 2 2 2 2 2 2 2 2 2 2 2 2 2 2 2 2 2 2 2 2 2 2 2 2
left_child=1 3 4 8 9 -3 -5 26 24 25 11 12 13 21 -12 16 -6 -7 -19 -17 -14 22 -9 29 -1 -2 27 -8 -24 -4
right_child=2 5 23 6 15 17 7 10 -10 -11 14 -13 20 -15 -16 19 -18 18 -20 -21 -22 -23 28 -25 -26 -27 -28 -29 -30 -31
leaf_value=-0.036117959131037165 -0.0025525374572757751 -0.0032306847373074331 -0.022533054725384399 0.0050120664227610084 0.14354806247327864 -0.0046695119688299992 -0.0073289835007568464 -0.048050931147028603 -0.011779693682445561 -0.0057211805496547013 -0.012532694787010657 0.016955460436776298 -0.086850661961152487 -0.016083474658616186 -0.027094671311513937 0.015784838234904775 0.031232385147488519 0.054124851411510161 0.010162630294942533 -0.0046049724586849118 -0.023062625088140082 0.021899365993156214 0.011116069417413072 0.056819741891395763 -0.020481535988720587 0.019535711864815057 -0.0019551714775306608 -0.095459267832427308 -0.12367474489627497 0.027723599471330813
leaf_weight=10813 5518 171205 706 13188 290 10480 528 1752 33371 16250 26373 5300 890 25980 22982 64545 4564 1147 23637 5400 1043 3948 4973 2238 25469 11947 34555 421 99 56705
leaf_count=10813 5518 171205 706 13188 290 10480 528 1752 33371 16250 26373 5300 890 25980 22982 64545 4564 1147 23637 5400 1043 3948 4973 2238 25469 11947 34555 421 99 56705
internal_value=1.13325e-11 -0.00714521 0.0177673 -0.0126983 0.0120213 -0.00145179 -0.00973556 -0.0112451 -0.0187399 0.00374727 -0.0143266 -0.00873085 -0.01225 -0.0101366 -0.0193134 0.0157507 0.0379426 0.00718463 0.0121972 0.0142107 -0.0524322 0.00420626 -0.00603001 0.0282204 -0.0251416 0.012557 -0.00314384 -0.0464258 0.0084851 0.0271056
internal_weight=586317 418154 168163 211685 108514 206469 142032 128844 69653 33715 93340 43985 38685 36752 49355 74799 4854 35264 24784 69945 1933 10772 6824 59649 36282 17465 35504 949 5072 57411
internal_count=586317 418154 168163 211685 108514 206469 142032 128844 69653 33715 93340 43985 38685 36752 49355 74799 4854 35264 24784 69945 1933 10772 6824 59649 36282 17465 35504 949 5072 57411
is_linear=0
shrinkage=0.05


Tree=52
num_leaves=31
num_cat=0
split_feature=1 9 1 10 10 11 9 9 1 1 1 10 13 11 11 11 13 12 9 12 4 3 13 12 5 10 11 11 12 4
split_gain=26942.5 5152.2 3309.57 1181.71 1039.83 1072.65 1035.63 985.045 959.882 893.369 834.46 761.657 716.139 1347.62 819.747 633.069 612.411 798.67 599.025 573.36 1113.45 556.75 552.233 538.089 522.448 571.289 498.923 1457.22 752.167 550.683
threshold=33.636152267456062 37.630399703979499 29.733201026916507 0.56314551830291759 0.13301347196102145 0.77756834030151378 28.570462226867679 38.041267395019538 36.148506164550788 42.090299606323249 24.853873252868656 0.45972847938537603 76.750000000000014 0.56312987208366405 -0.67758968472480763 0.87377473711967479 81.750000000000014 17.750000000000004 38.587604522705085 14.250000000000002 0.04290918447077275 29.095638275146488 81.250000000000014 15.250000000000002 40.145202636718757 0.42888796329498297 -0.40541070699691767 -0.49749487638473505 15.750000000000002 0.40556475520133978
decision_type=2 2 2 2 2 2 2 2 2 2 2 2 2 2 2 2 2 2 2 2 2 2 2 2 2 2 2 2 2 2
left_child=2 8 10 24 5 6 -4 19 26 16 -1 12 14 -14 -12 -13 17 -5 21 -6 -21 -8 -15 -16 -3 -26 27 -2 -29 -30
right_child=1 3 4 9 7 -7 18 -9 -10 -11 11 15 13 22 23 -17 -18 -19 -20 20 -22 -23 -24 -25 25 -27 -28 28 29 -31
leaf_value=-0.044513843424796355 0.0034350504729841846 0.0073371287361277213 -0.02064030918156386 0.021772319991172798 -0.0074998617731801666 -0.014845244100244865 0.011243867744407266 0.044624926266793069 0.014138335857354054 0.043868738863316742 -0.03439103059824402 -0.0042489072387880723 -0.0049701867990626144 -0.014610687605758073 -0.021713686258312104 0.039705683649524634 0.0079785241197542749 0.034904175775320505 -0.12278613448143005 -0.00038945555463490786 0.022725429922332445 -0.0045276085593395276 -0.026106993267242126 -0.0028802801331543593 0.044251267609550483 0.014020982534301996 0.0081852454883841724 -0.0096480607379888228 -0.090544735765153733 -0.023513875719786109
leaf_weight=2350 30230 12086 9968 27767 21326 34314 5835 1224 45647 7658 9301 4680 31822 33398 12831 993 4514 19860 106 45653 5881 136450 15200 5384 2405 4463 52333 1371 748 519
leaf_count=2350 30230 12086 9968 27767 21326 34314 5835 1224 45647 7658 9301 4680 31822 33398 12831 993 4514 19860 106 45653 5881 136450 15200 5384 2405 4463 52333 1371 748 519
internal_value=-4.81683e-12 0.0143692 -0.00799489 0.0244738 -0.00486965 -0.00685874 -0.00506004 0.000142369 0.00828759 0.0279221 -0.0150226 -0.0144126 -0.0153512 -0.0129689 -0.0223138 0.00344489 0.0255799 0.0272482 -0.00396935 -0.000604908 0.00224839 -0.00388083 -0.0182064 -0.0161469 0.0135948 0.0246069 0.00515301 0.000325025 -0.0353141 -0.0630869
internal_weight=586317 209601 376716 78753 260757 186673 152359 74084 130848 59799 115959 113609 107936 80420 27516 5673 52141 47627 142391 72860 51534 142285 48598 18215 18954 6868 85201 32868 2638 1267
internal_count=586317 209601 376716 78753 260757 186673 152359 74084 130848 59799 115959 113609 107936 80420 27516 5673 52141 47627 142391 72860 51534 142285 48598 18215 18954 6868 85201 32868 2638 1267
is_linear=0
shrinkage=0.05


Tree=53
num_leaves=31
num_cat=0
split_feature=9 7 1 12 10 10 9 10 12 13 11 3 13 11 10 10 13 11 5 7 10 11 11 10 9 3 11 3 12 13
split_gain=24391 3912.71 3872.89 1141.72 1071.61 1054.4 918.937 891.564 970.919 886.078 840.045 988.073 806.085 1470.65 975.826 793.521 761.31 733.045 830.146 705.715 698.142 786.424 680.295 2002.69 678.981 663.83 650.45 616.637 629.204 854.367
threshold=34.202585220336921 37.72160720825196 30.74163913726807 14.250000000000002 -0.9976210594177245 0.7440970540046693 40.92570877075196 0.56314551830291759 16.750000000000004 78.250000000000014 -0.73829901218414296 32.965085983276374 80.750000000000014 0.77756834030151378 0.45972847938537603 0.95992380380630504 77.750000000000014 -0.95744973421096791 33.215232849121101 29.996625900268558 0.9946616291999818 0.030119189061224464 -0.98798605799674977 -0.012910176534205673 30.663523674011234 29.048268318176273 0.28434865176677709 30.771559715271 17.250000000000004 78.250000000000014
decision_type=2 2 2 2 2 2 2 2 2 2 2 2 2 2 2 2 2 2 2 2 2 2 2 2 2 2 2 2 2 2
left_child=2 7 3 16 -5 24 15 8 9 -2 11 -9 14 -14 22 -3 -1 18 -10 -7 -17 -22 23 -6 -4 -24 -18 -26 29 -29
right_child=1 6 5 4 12 19 -8 10 17 -11 -12 -13 13 -15 -16 20 26 -19 -20 -21 21 -23 25 -25 27 -27 -28 28 -30 -31
leaf_value=-0.022420554947736811 -0.0099821482542589348 0.016491750078792011 -0.0088805631112456873 0.025083916826476829 -0.064178366194095185 0.053150740816376385 0.032648693049863647 0.13571736678305982 0.0056156349924466817 0.014533782034479968 0.010989109506419566 0.029207889986277574 -0.0054594129181869608 -0.024293354945646231 0.018063395577925689 0.038191975367926047 0.012191401483539087 0.0028230000318816705 -0.030697354356292856 0.0050697275723467668 0.008191351594464177 0.044206576343930742 -0.0011731346190088452 0.02957860391386365 0.0078138704187610108 -0.011044171261512045 -0.013995026805297441 -0.0060347457624886601 -0.006703003616117479 0.0055355814614590415
leaf_weight=37044 4647 40576 49032 2175 1756 784 20441 234 2356 17816 63938 3135 18594 23420 3584 9683 2826 9048 4741 28726 5573 2082 25536 843 14239 51146 14741 29052 63158 35391
leaf_count=37044 4647 40576 49032 2175 1756 784 20441 234 2356 17816 63938 3135 18594 23420 3584 9683 2826 9048 4741 28726 5573 2082 25536 843 14239 51146 14741 29052 63158 35391
internal_value=3.99983e-12 0.0150636 -0.0069041 -0.0123092 -0.00971044 -0.0024486 0.0235345 0.00879696 0.00273994 0.00946209 0.0122713 0.0366057 -0.0103165 -0.0159581 -0.00745605 0.0203176 -0.0183552 -0.00661277 -0.0186425 0.00634711 0.029271 0.0179867 -0.00860969 -0.0337678 -0.00380847 -0.007757 -0.00978242 -0.00205512 -0.0031564 0.000319481
internal_weight=586317 184270 402047 181665 127054 220382 78355 105915 38608 22463 67307 3369 124879 42014 82865 57914 54611 16145 7097 29510 17338 7655 79281 2599 190872 76682 17567 141840 127601 64443
internal_count=586317 184270 402047 181665 127054 220382 78355 105915 38608 22463 67307 3369 124879 42014 82865 57914 54611 16145 7097 29510 17338 7655 79281 2599 190872 76682 17567 141840 127601 64443
is_linear=0
shrinkage=0.05


Tree=54
num_leaves=31
num_cat=0
split_feature=1 1 1 1 10 11 9 9 1 9 10 10 10 13 9 3 12 4 11 12 11 10 7 11 9 5 10 10 10 3
split_gain=22082.1 4317.84 2679.91 1024.01 869.883 908.911 903.753 844.866 762.438 577.04 572.443 547.495 807.023 631.732 593.266 584.357 500.445 984.327 496.467 799.677 506.629 1016.5 992.449 552.35 574.871 586.211 495.527 494.698 852.223 492.457
threshold=33.586393356323249 37.174047470092781 29.733201026916507 40.591190338134773 0.13301347196102145 0.77756834030151378 28.570462226867679 38.041267395019538 26.488616943359379 38.587604522705085 0.96230018138885509 -0.021515898406505581 -0.69016700983047474 78.250000000000014 32.931301116943366 25.515925407409672 14.250000000000002 0.094978481531143202 -0.97870382666587818 16.750000000000004 0.30080866813659674 0.94417876005172741 35.294151306152351 0.047319635748863227 40.274217605590827 35.381198883056648 0.56314551830291759 0.99273952841758739 0.96230018138885509 29.095638275146488
decision_type=2 2 2 2 2 2 2 2 2 2 2 2 2 2 2 2 2 2 2 2 2 2 2 2 2 2 2 2 2 2
left_child=2 10 8 18 5 6 -4 16 -1 29 -2 12 13 -10 -13 -14 -6 -18 19 -3 23 -22 -23 24 25 -20 -5 28 -27 -8
right_child=1 3 4 26 7 -7 9 -9 11 -11 -12 14 15 -15 -16 -17 17 -19 20 -21 21 22 -24 -25 -26 27 -28 -29 -30 -31
leaf_value=-0.025740220174480924 0.0050116606312318986 0.021308672968595302 -0.019189576376359829 0.014787942766901258 -0.0070167964827798747 -0.01363562001223482 0.01071581457852646 0.041957858171150691 -0.013548308213038854 -0.12247535097686685 0.013927799364146046 -0.0078282946820821316 0.027793305095713823 0.0018920179809050733 0.028832511196459604 -0.019131421831548329 -0.00032608769569978009 0.021717908009937503 0.051207743278850151 -0.059055559042520467 0.01372537935664872 -0.26409108766487671 -0.041686058948249727 0.031956275892698095 0.028112687280386794 0.012971936797469727 0.032949709211141556 0.001762894095258719 0.032869570303103265 -0.0041211258568300164
leaf_weight=11663 97958 720 9943 4593 21062 34301 5834 1189 17813 102 22055 27311 673 10547 1150 46802 45075 5705 1096 543 1757 56 481 7528 10421 30836 20602 6779 6519 135203
leaf_count=11663 97958 720 9943 4593 21062 34301 5834 1189 17813 102 22055 27311 673 10547 1150 46802 45075 5705 1096 543 1757 56 481 7528 10421 30836 20602 6779 6519 135203
internal_value=8.30631e-12 0.0128963 -0.00730099 0.0210504 -0.00446717 -0.00628797 -0.00461979 0.000154762 -0.0136161 -0.00359337 0.0066502 -0.0122604 -0.0144797 -0.0078061 -0.00634697 -0.0184662 -0.000537088 0.0021505 0.017808 -0.0132422 0.018407 -0.00467507 -0.0648791 0.019245 0.0175256 0.0150863 0.0296389 0.0141893 0.0164444 -0.0035074
internal_weight=586317 211944 374373 91931 258414 185383 151082 73031 115959 141139 120013 104296 75835 28360 28461 47475 71842 50780 66736 1263 65473 2294 537 63179 55651 45230 25195 44134 37355 141037
internal_count=586317 211944 374373 91931 258414 185383 151082 73031 115959 141139 120013 104296 75835 28360 28461 47475 71842 50780 66736 1263 65473 2294 537 63179 55651 45230 25195 44134 37355 141037
is_linear=0
shrinkage=0.05


Tree=55
num_leaves=31
num_cat=0
split_feature=1 1 1 9 10 10 10 11 11 10 10 9 11 7 10 13 13 11 9 1 12 11 5 11 11 12 11 12 7 12
split_gain=20012.6 4065.67 2053.07 1287.82 850.382 797.132 1488.37 1436.19 1184.37 882.335 899.985 853.708 844.909 736.259 700.298 845.97 768.451 915.88 723.381 696.793 673.643 1103.55 656.135 687.488 641.098 629.749 623.422 1442.86 733.952 568.439
threshold=35.217159271240241 31.735107421875004 39.445352554321296 27.834531784057621 0.26781183481216436 -0.030120026320219036 -0.3334656953811645 -0.90878397226333607 0.97308227419853222 -0.58429276943206776 -0.45972847938537592 32.931301116943366 0.99548450112342846 33.225502014160163 0.96460527181625377 80.750000000000014 78.250000000000014 -0.09024826809763907 38.940244674682624 26.678178787231449 16.250000000000004 -0.27608674764633173 30.327604293823246 -0.66483077406883229 -0.62538740038871754 18.750000000000004 -0.97870382666587818 16.750000000000004 34.202560424804695 14.750000000000002
decision_type=2 2 2 2 2 2 2 2 2 2 2 2 2 2 2 2 2 2 2 2 2 2 2 2 2 2 2 2 2 2
left_child=1 3 26 4 22 6 7 -5 19 29 -11 -7 -10 -12 15 16 17 -3 20 -8 21 -18 23 -1 -25 -4 27 -2 -29 -9
right_child=2 14 25 5 -6 11 8 9 12 10 13 -13 -14 -15 -16 -17 18 -19 -20 -21 -22 -23 -24 24 -26 -27 -28 28 -30 -31
leaf_value=-0.036145083378081297 0.016760046480390586 -0.0088722486434227275 0.019955185423258269 0.022513335583785724 0.0053914576470700491 -0.0052293177383787625 -0.062539038034944608 -0.012364188722543095 0.00085457748400501556 -0.023085459103299885 -0.0037261045661618033 0.014620385828289499 -0.024972420261887784 -0.10070418133657782 0.014873985734987492 -0.007366909312120644 0.019372471653009215 0.0030389985387200696 0.051162784545849632 -0.024105142359840261 -0.00035548755879809003 0.0017191319505618014 0.007208183598085849 0.025188622843702654 -0.020331978403344931 0.032133461222890604 0.013010046055547553 -0.0010642420705212737 -0.060281761420700491 -0.00344734487350667
leaf_weight=7640 3219 30138 25508 3895 3283 61282 1252 24578 9496 17482 11855 5942 4751 199 8001 33664 15479 34743 838 20302 36457 20680 1867 807 18621 18182 98474 886 1278 65518
leaf_count=7640 3219 30138 25508 3895 3283 61282 1252 24578 9496 17482 11855 5942 4751 199 8001 33664 15479 34743 838 20302 36457 20680 1867 807 18621 18182 98474 886 1278 65518
internal_value=7.14891e-12 -0.00535676 0.0159297 -0.00937094 -0.0187245 -0.00804077 -0.00996726 -0.00736563 -0.0189439 -0.00833843 -0.0158381 -0.00347478 -0.00775805 -0.00532712 0.000414065 -0.000258577 0.00147124 -0.00249392 0.00497362 -0.0263376 0.00444059 0.0092762 -0.0214607 -0.0234381 -0.0184411 0.0250233 0.0121043 -0.0044645 -0.0360365 -0.00587984
internal_weight=586317 438770 147547 258770 32218 226552 159328 123527 35801 119632 29536 67224 14247 12054 180000 171999 138335 64881 73454 21554 72616 36159 28935 27068 19428 43690 103857 5383 2164 90096
internal_count=586317 438770 147547 258770 32218 226552 159328 123527 35801 119632 29536 67224 14247 12054 180000 171999 138335 64881 73454 21554 72616 36159 28935 27068 19428 43690 103857 5383 2164 90096
is_linear=0
shrinkage=0.05


Tree=56
num_leaves=31
num_cat=0
split_feature=9 1 9 1 11 10 10 3 10 11 13 12 9 3 11 11 13 10 12 10 11 11 10 12 13 10 10 13 10 7
split_gain=18163.6 3932.3 2118.3 1302.42 953.261 1063.8 961.159 1236.68 789.255 783.741 1081.11 1070.02 1031.9 1127.67 867.505 836.995 968.039 752.243 669.009 643.978 616.926 859.4 832.643 1601.26 1069.95 907.295 1213.34 668.424 632.353 1021.63
threshold=35.140014648437507 32.184171676635749 39.188413619995124 28.311072349548343 0.51972457766532909 0.56314551830291759 0.67125374078750621 33.936605453491218 0.11593352630734445 0.57727023959159862 77.750000000000014 17.250000000000004 27.16437911987305 31.176336288452152 -0.07309242337942122 0.41326330602169042 78.750000000000014 0.18399664759635928 15.750000000000002 -0.99466162919998158 -0.07309242337942122 0.73246693611145031 -0.012910176534205673 15.750000000000002 77.750000000000014 -0.39753912389278406 -0.48250326514244074 78.750000000000014 -0.25118774175643915 31.870871543884281
decision_type=2 2 2 2 2 2 2 2 2 2 2 2 2 2 2 2 2 2 2 2 2 2 2 2 2 2 2 2 2 2
left_child=1 3 4 19 5 18 7 -7 9 10 -5 15 -13 -14 -15 16 -12 -4 -2 -1 22 -22 23 27 -24 26 -25 -3 29 -27
right_child=2 20 17 8 -6 6 -8 -9 -10 -11 11 12 13 14 -16 -17 -18 -19 -20 -21 21 -23 24 25 -26 28 -28 -29 -30 -31
leaf_value=0.01990303989182899 0.012158185895468064 -0.0047709458378350006 -0.032538660068589888 -0.012191552757753386 -0.014384863828560796 0.13445324560633529 0.013491240383746717 0.029925366435981704 -0.0019768336733408521 -0.012684232276566457 0.0011082851071307239 -0.052141944142981456 0.0020557274285424461 -0.022589057696873215 -0.00044383708061278596 -0.018603975008527514 0.024293387372207251 0.024314132844612344 -0.0034319830378289904 -0.016962015854603683 0.0066662333986867066 -0.0071581060869136378 -0.006917550892220509 -0.01146341361833305 0.014471153926030345 -0.013160379467296177 0.030030987037416135 0.016682965824257302 -0.018019022429658828 -0.078845571623688548
leaf_weight=1215 12480 6473 589 42408 3593 301 65201 4723 57842 73067 10362 1197 24234 11748 7092 2707 7961 47780 15339 47387 67691 13481 10142 19781 13807 1080 1934 8268 5124 1310
leaf_count=1215 12480 6473 589 42408 3593 301 65201 4723 57842 73067 10362 1197 24234 11748 7092 2707 7961 47780 15339 47387 67691 13481 10142 19781 13807 1080 1934 8268 5124 1310
internal_value=4.86578e-12 -0.00516013 0.0150089 -0.00858003 0.01091 0.0118369 0.015115 0.0361879 -0.00706048 -0.00868708 -0.00597551 -0.00193866 -0.00634997 -0.00507744 -0.0142529 0.00734773 0.0111818 0.0236218 0.00356199 -0.0160404 0.00142822 0.00437029 -0.00208793 -0.00617366 0.0054134 -0.0129497 -0.0077678 0.00726222 -0.0279253 -0.0491636
internal_weight=586317 436311 150006 287220 101637 98044 70225 5024 238618 180776 107709 65301 44271 43074 18840 21030 18323 48369 27819 48602 149091 81172 67919 43970 23949 29229 21715 14741 7514 2390
internal_count=586317 436311 150006 287220 101637 98044 70225 5024 238618 180776 107709 65301 44271 43074 18840 21030 18323 48369 27819 48602 149091 81172 67919 43970 23949 29229 21715 14741 7514 2390
is_linear=0
shrinkage=0.05


Tree=57
num_leaves=31
num_cat=0
split_feature=9 1 9 9 10 10 10 10 10 10 11 11 11 10 10 7 12 11 12 3 13 5 1 3 13 11 10 11 11 11
split_gain=16392.6 3554.2 1918.52 1098.72 889.979 800.135 767.843 698.633 897.891 1101.05 1404.21 1180.85 1071.75 815.898 772.231 751.865 847.809 675.075 633.714 1012.61 627.497 617.011 591.732 565.507 646.484 560.546 607.372 566.211 557.406 949.647
threshold=35.140014648437507 31.863302230834964 38.940244674682624 27.739242553710941 0.95992380380630504 0.18399664759635928 0.26781183481216436 -0.98521098494529713 -0.030120026320219036 -0.3334656953811645 -0.90146830677986134 0.97308227419853222 -0.99626126885414112 -0.090250775218009935 0.047320950776338584 33.545089721679695 17.250000000000004 0.54882264137268078 14.750000000000002 26.866142272949222 80.750000000000014 30.586627006530765 26.678178787231449 36.647703170776374 80.250000000000014 -0.66483077406883229 -0.63874351978301991 -0.62538740038871754 0.74407637119293224 -0.07309242337942122
decision_type=2 2 2 2 2 2 2 2 2 2 2 2 2 2 2 2 2 2 2 2 2 2 2 2 2 2 2 2 2 2
left_child=1 3 4 6 17 23 21 -5 9 10 15 22 14 -13 -10 -9 -17 -2 -12 -20 28 25 -11 -4 -25 26 -1 -27 29 -3
right_child=2 20 5 7 -6 -7 -8 8 12 11 18 13 -14 -15 -16 16 -18 -19 19 -21 -22 -23 -24 24 -26 27 -28 -29 -30 -31
leaf_value=-0.062089751957008249 0.0078043709145007457 -0.0010214928249550539 0.011122455472654273 0.0026016783707420005 0.017083792743576864 0.02262711148237314 0.0060198854233105906 0.023726845879248365 0.0065833591607853768 -0.058029753143121379 -0.015537176572737536 0.0014981619342773044 -0.0048246759237092155 -0.023551068207866701 0.056086098318979642 0.029290268803332128 -0.13728963164671223 -0.018703980163460681 0.024689501342987329 -0.0077807112029956889 -0.0052950439084629985 0.013253203597450339 -0.02313341920610875 -0.03301868360712655 -0.1850586304809155 0.024259390528234042 -0.026334429293875857 -0.019059791782112263 -0.0063715153864113113 0.0078727184096401819
leaf_weight=1484 63601 60063 383 16334 30891 52298 3116 4506 2290 1291 27800 9761 64990 4874 1201 147 159 2496 2477 78358 34667 1313 20582 238 99 788 5949 17651 16527 59983
leaf_count=1484 63601 60063 383 16334 30891 52298 3116 4506 2290 1291 27800 9761 64990 4874 1201 147 159 2496 2477 78358 34667 1313 20582 238 99 788 5949 17651 16527 59983
internal_value=9.45291e-12 -0.00490212 0.0142584 -0.00852926 0.0100777 0.0219064 -0.0174896 -0.00737277 -0.00811863 -0.010285 -0.00785449 -0.0178375 -0.00337496 -0.00684416 0.0236137 0.0185764 -0.057266 0.00680334 -0.00902526 -0.00678574 0.000712509 -0.0201843 -0.0251931 -0.0304435 -0.0776832 -0.0218813 -0.033473 -0.0172085 0.00223744 0.00342265
internal_weight=586317 436311 150006 265071 96988 53018 30301 234770 218436 149955 113447 36508 68481 14635 3491 4812 306 66097 108635 80835 171240 27185 21873 720 337 25872 7433 18439 136573 120046
internal_count=586317 436311 150006 265071 96988 53018 30301 234770 218436 149955 113447 36508 68481 14635 3491 4812 306 66097 108635 80835 171240 27185 21873 720 337 25872 7433 18439 136573 120046
is_linear=0
shrinkage=0.05


Tree=58
num_leaves=31
num_cat=0
split_feature=1 1 1 12 13 11 10 12 11 10 11 10 11 11 13 13 10 13 13 11 9 10 12 3 12 11 10 12 3 5
split_gain=14829.6 2975.48 1573.5 1088.07 1008.85 905.535 845.649 878.321 1147.64 788.514 762.418 730.906 698.644 667.118 615.079 605.306 578.196 694.048 643.563 767.531 618.132 569.235 608.909 568.383 552.413 975.583 552.042 525.021 510.493 507.716
threshold=35.217159271240241 31.735107421875004 39.445352554321296 14.250000000000002 77.750000000000014 -0.14153505116701123 -0.9976210594177245 18.250000000000004 0.77756834030151378 -0.021515898406505581 -0.98798605799674977 0.047320950776338584 0.047319635748863227 0.64532420039176952 76.750000000000014 79.750000000000014 0.96460527181625377 80.750000000000014 78.250000000000014 -0.09024826809763907 38.940244674682624 0.28435654938220983 18.750000000000004 31.146760940551761 16.250000000000004 -0.27608674764633173 -0.95236876606941212 13.750000000000002 28.101640701293949 40.587638854980476
decision_type=2 2 2 2 2 2 2 2 2 2 2 2 2 2 2 2 2 2 2 2 2 2 2 2 2 2 2 2 2 2
left_child=1 3 29 4 -1 -6 12 9 11 10 -8 23 -5 14 -11 -10 17 18 19 -3 24 -4 -23 26 25 -20 -9 -18 -12 -2
right_child=2 16 21 6 5 -7 7 8 15 13 28 -13 -14 -15 -16 -17 27 -19 20 -21 -22 22 -24 -25 -26 -27 -28 -29 -30 -31
leaf_value=-0.018246140731963394 0.0098071654611988704 -0.008186372109903417 -0.01767909183456666 0.021871145494337583 0.015227996367783329 -0.0099353761402170403 -0.035756123443934189 0.01148327052499023 -0.0092647381146237096 -0.0023917920158550141 0.0066096171023252801 0.01161014132954661 -0.049357592647431101 0.00048678701927815077 0.036800613311578023 -0.021849449191738302 -0.0022196162624134887 -0.0067240571306962085 0.017865505609480203 0.0027176267182865109 0.047183416096598069 0.017484863759116686 0.029593060320683914 -0.015877653669085213 -0.00034943337779710823 0.0012672083033608095 -0.0065820757088583389 0.023924082133845032 -0.0068073240682601961 0.032323736318518134
leaf_weight=42114 101290 30138 900 3964 4336 20378 2110 5064 16360 1607 8025 5726 377 23007 2655 22971 3201 33664 15479 34743 838 25062 17728 13611 36457 20680 25641 4800 60824 2567
leaf_count=42114 101290 30138 900 3964 4336 20378 2110 5064 16360 1607 8025 5726 377 23007 2655 22971 3201 33664 15479 34743 838 25062 17728 13611 36457 20680 25641 4800 60824 2567
internal_value=4.53762e-12 -0.00461122 0.0137127 -0.00804529 -0.01354 -0.00552054 -0.0061322 -0.00663704 -0.0102237 -0.00337369 -0.00615076 -0.00520065 0.0156852 0.00385278 0.022023 -0.0166148 0.000325644 -0.000285552 0.00128127 -0.00234741 0.00448643 0.0216736 0.0225013 -0.00737274 0.0039937 0.00837263 -0.00360266 0.0134646 -0.00524345 0.0103637
internal_weight=586317 438770 147547 258770 66828 24714 191942 187601 89373 98228 70959 50042 4341 27269 4262 39331 180000 171999 138335 64881 73454 43690 42790 44316 72616 36159 30705 8001 68849 103857
internal_count=586317 438770 147547 258770 66828 24714 191942 187601 89373 98228 70959 50042 4341 27269 4262 39331 180000 171999 138335 64881 73454 43690 42790 44316 72616 36159 30705 8001 68849 103857
is_linear=0
shrinkage=0.05


Tree=59
num_leaves=31
num_cat=0
split_feature=9 1 9 9 11 10 11 3 10 10 11 10 11 11 10 13 12 3 12 0 10 11 10 3 9 11 12 11 13 3
split_gain=13460.2 3249.05 1355.25 1127.54 843.246 853.04 986.688 1196.87 739.329 711.405 677.334 1261.05 1191.57 720.407 1351.25 981.803 991.964 909.188 880.65 907.188 701.784 693.636 690.02 676.829 674.112 596.613 589.387 858.569 1038.51 643.664
threshold=35.515878677368171 32.386100769042976 39.44108963012696 27.53487586975098 0.54882264137268078 0.56314551830291759 -0.73829901218414296 33.989387512207038 0.25118774175643926 0.21772121638059619 -0.99626126885414112 0.047320950776338584 -0.98798605799674977 0.78827583789825451 -0.20931270718574521 77.250000000000014 15.250000000000002 28.315699577331547 18.750000000000004 0.12120397016406061 -0.32533907890319819 0.99548450112342846 -0.11593352630734442 26.866142272949222 33.540763854980476 -0.07309242337942122 17.250000000000004 -0.37370587885379786 78.250000000000014 31.205626487731937
decision_type=2 2 2 2 2 2 2 2 2 2 2 2 2 2 2 2 2 2 2 2 2 2 2 2 2 2 2 2 2 2
left_child=1 3 4 8 5 -2 7 -7 -1 -4 11 -5 22 15 20 16 -14 -17 21 -20 23 -16 -12 -15 -24 -18 27 28 -19 -28
right_child=2 -3 9 10 -6 6 -8 -9 -10 -11 12 -13 13 14 18 17 25 26 19 -21 -22 -23 24 -25 -26 -27 29 -29 -30 -31
leaf_value=-0.019951194068709488 0.0029379081097048476 0.0019037455619075726 -0.023007393276972793 -0.0023131616422563147 -0.023819831827837909 0.13595601898527263 0.012084095558259325 0.029105595525078205 0.0062126394210721414 0.021837489182550081 -0.056733871449299325 0.04903665110116872 -0.017242641186159965 0.017862590547094142 0.001189420097801479 0.013456055751304222 -0.0093960450096559362 -0.00071491476413870422 -0.013492591277764469 -0.090125225819050539 -0.028490008354600471 -0.012930193376917998 -0.029770418510363696 -0.014970353777900194 0.022196623718610042 0.0065157186090950298 -0.0011488883610289353 -0.0034668281363176047 0.026606687433937782 -0.011357021226553811
leaf_weight=23714 24582 146372 903 5264 1780 277 63025 4866 3047 42851 1677 1547 23896 1675 39380 9350 14452 7543 15602 396 9912 11164 2696 24953 812 9945 33287 26090 6454 28805
leaf_count=23714 24582 146372 903 5264 1780 277 63025 4866 3047 42851 1677 1547 23896 1675 39380 9350 14452 7543 15602 396 9912 11164 2696 24953 812 9945 33287 26090 6454 28805
internal_value=5.20834e-12 -0.00420882 0.0136364 -0.00717476 0.0102688 0.010923 0.0138025 0.0348605 -0.0169722 0.020912 -0.006221 0.00935005 -0.00661659 -0.00614847 -0.00940749 -0.00404646 -0.0100019 -0.00146769 -0.00516537 -0.0153895 -0.0171327 -0.00192928 -0.030353 -0.012905 -0.0177416 -0.0029099 -0.00283331 0.00189282 0.011883 -0.00588453
internal_weight=586317 448033 138284 301661 94530 92750 68168 5143 26761 43754 274900 6811 268089 262904 103082 159822 48293 111529 66542 15998 36540 50544 5185 26628 3508 24397 102179 40087 13997 62092
internal_count=586317 448033 138284 301661 94530 92750 68168 5143 26761 43754 274900 6811 268089 262904 103082 159822 48293 111529 66542 15998 36540 50544 5185 26628 3508 24397 102179 40087 13997 62092
is_linear=0
shrinkage=0.05


Tree=60
num_leaves=31
num_cat=0
split_feature=1 9 1 10 10 1 10 9 10 11 11 10 9 12 3 9 13 12 0 10 11 10 1 12 4 9 10 5 10 10
split_gain=12192 2515.18 1586.8 855.665 813.413 634.98 595.385 636.5 636.016 747.282 707.033 601.825 678.37 638.417 587.757 558.093 532.975 708.634 523.274 548.96 619.986 480.147 461.096 449.169 853.768 440.79 477.447 468.967 440.637 734.133
threshold=33.586393356323249 37.438150405883796 29.659092903137211 0.56314551830291759 0.68391311168670665 24.853873252868656 0.13301347196102145 38.587604522705085 -0.72660079598426808 -0.99626126885414112 -0.61186373233795155 0.047320950776338584 35.290496826171882 16.750000000000004 35.231376647949226 38.152715682983406 80.750000000000014 17.250000000000004 39.390071868896491 0.45972847938537603 0.87377473711967479 0.7086201310157777 36.398109436035163 14.250000000000002 0.094978481531143202 27.16437911987305 0.39753912389278417 30.296562194824222 -0.021515898406505581 -0.59817537665367115
decision_type=2 2 2 2 2 2 2 2 2 2 2 2 2 2 2 2 2 2 2 2 2 2 2 2 2 2 2 2 2 2
left_child=2 22 5 -3 14 -1 8 23 10 11 -4 -10 -13 -14 -5 -11 17 -6 19 25 -21 -18 -2 -8 -25 27 28 -7 29 -27
right_child=1 3 6 4 16 18 7 -9 9 15 -12 12 13 -15 -16 -17 21 -19 -20 20 -22 -23 -24 24 -26 26 -28 -29 -30 -31
leaf_value=-0.036138801300083061 0.0033402534021920332 0.0073183739405147108 0.015668658442772192 0.13592406536595231 0.012605364428207059 -0.020859937420525186 -0.0060847488614550497 0.043591380420931504 -0.00046182025006863078 -0.0090630816210726835 -0.0030119249425137715 0.04406155207814464 0.062645189407505561 -0.11582896171926256 0.031560452877691346 -0.10933513328225333 -0.051090486967186835 0.024891564412492701 0.0067596455037571938 -0.0029763656241154663 0.041362937850888758 0.0072959640591414437 0.0099987974488308512 0.00021463949961853784 0.020419677056808049 -0.0054811602802679596 -0.035052980276958627 0.050826907957550786 -0.0027237643384077324 -0.016187124043749029
leaf_weight=2350 92699 19887 5360 137 23070 13716 21454 847 6671 82850 92102 1541 79 137 8837 139 371 23889 4534 4328 964 6919 36135 45803 5902 28665 1872 232 18549 36278
leaf_count=2350 92699 19887 5360 137 23070 13716 21454 847 6671 82850 92102 1541 79 137 8837 139 371 23889 4534 4328 964 6919 36135 45803 5902 28665 1872 232 18549 36278
internal_value=4.09525e-12 0.00958259 -0.005425 0.0163642 0.0192096 -0.0104236 -0.00330513 0.000496281 -0.00479458 -0.0077904 -0.00198457 0.00639517 0.0324299 -0.0505537 0.0331537 -0.00923103 0.0169029 0.0188556 -0.00986988 -0.0105907 0.00510056 0.00432458 0.00520782 -2.6536e-06 0.002521 -0.0114268 -0.0100803 -0.0196676 -0.0095204 -0.0114617
internal_weight=586317 211944 374373 83110 63223 111488 262885 74006 188879 91417 97462 8428 1757 216 8974 82989 54249 46959 109138 104604 5292 7290 128834 73159 51705 99312 85364 13948 83492 64943
internal_count=586317 211944 374373 83110 63223 111488 262885 74006 188879 91417 97462 8428 1757 216 8974 82989 54249 46959 109138 104604 5292 7290 128834 73159 51705 99312 85364 13948 83492 64943
is_linear=0
shrinkage=0.05


Tree=61
num_leaves=31
num_cat=0
split_feature=9 7 1 10 10 8 12 1 1 12 3 10 3 12 13 1 10 10 10 11 11 10 7 10 11 10 11 13 9 10
split_gain=11036.6 1940.69 1814.44 797.507 1113.48 1030.2 745.273 630.582 596.582 534.129 574.619 507.246 853.572 623.541 814.379 623.598 557.607 546.237 505.155 1457.23 553.639 946.866 1000.02 812.068 769.726 479.664 537.06 471.363 470.724 441.615
threshold=34.202585220336921 37.246870040893562 30.026032447814945 -0.021515898406505581 -0.72660079598426808 1.0000000180025095e-35 14.750000000000002 43.429134368896491 25.505497932434086 17.250000000000004 31.606757164001468 0.56314551830291759 35.375600814819343 15.250000000000002 81.250000000000014 33.78667068481446 0.67125374078750621 0.68391311168670665 -0.70252096652984608 0.6838940978050233 -0.91583034396171559 -0.26781183481216425 32.527023315429695 -0.30081701278686518 -0.87792757153511036 -0.99865758419036854 -0.61186373233795155 77.750000000000014 31.529391288757328 -0.15005400776863095
decision_type=2 2 2 2 2 2 2 2 2 2 2 2 2 2 2 2 2 2 2 2 2 2 2 2 2 2 2 2 2 2
left_child=2 -2 8 4 25 -5 27 11 -1 -6 -11 -3 16 15 17 -14 -13 -15 19 -12 21 22 23 -20 -22 -4 -27 -7 -28 -23
right_child=1 7 3 5 9 6 -8 -9 -10 10 18 12 13 14 -16 -17 -18 -19 20 -21 24 29 -24 -25 -26 26 28 -29 -30 -31
leaf_value=-0.027003472940508835 0.0051282804449331665 0.0079275406987543134 0.011147019571290009 -0.0011002885123825013 -0.0044175339525582939 -0.013792792711859084 0.019059309803342361 0.041553926505455779 -0.0087906897068702871 -0.0075352755084819589 -0.10632881734033409 0.14860182678792627 -0.16538588140370714 0.035661140761404676 0.0033355243377007683 0.0065096848999750198 0.046528957304030359 0.01893393586873186 -0.0092242969668878492 0.026782919676894914 0.020545145407929982 0.0034029632999572367 -0.11593424323042378 -0.10895255803698092 -0.016692157734540473 0.013197278313499353 -0.0071384707962129125 0.017023017716127384 0.00033796024660443175 -0.030089714026099858
leaf_weight=4660 94437 20906 7649 79394 33850 3581 12285 2246 128012 21607 551 160 53 5545 7658 11714 817 40734 818 328 1635 1576 568 272 9178 5544 36777 1899 49242 2621
leaf_count=4660 94437 20906 7649 79394 33850 3581 12285 2246 128012 21607 551 160 53 5545 7658 11714 817 40734 818 328 1635 1576 568 272 9178 5544 36777 1899 49242 2621
internal_value=6.91656e-12 0.0101329 -0.00464419 -0.00228689 -0.00433034 0.00133515 0.0122194 0.0153939 -0.0094304 -0.00901722 -0.0129938 0.0147231 0.0168537 0.0161638 0.0184389 0.00573545 0.0632451 0.0209381 -0.0197153 -0.056658 -0.0177671 -0.0301509 -0.0621419 -0.0341106 -0.0110616 -0.000881551 -0.0018864 -0.0031141 -0.00285855 -0.017513
internal_weight=586317 184270 402047 269375 172216 97159 17765 89833 132672 73004 39154 87587 66681 65704 53937 11767 977 46279 17547 879 16668 5855 1658 1090 10813 99212 91563 5480 86019 4197
internal_count=586317 184270 402047 269375 172216 97159 17765 89833 132672 73004 39154 87587 66681 65704 53937 11767 977 46279 17547 879 16668 5855 1658 1090 10813 99212 91563 5480 86019 4197
is_linear=0
shrinkage=0.05


Tree=62
num_leaves=31
num_cat=0
split_feature=1 9 9 11 10 13 12 11 11 13 10 10 12 3 10 3 9 10 11 11 3 13 12 9 10 12 11 10 3 10
split_gain=10006.7 2052.09 1349.04 810.54 1082.12 796.004 1198.02 1268.39 1156.18 781.04 666.189 648.486 613.823 595.866 593.267 591.933 551.495 541.084 783.607 665.443 522.732 478.207 652.41 473.591 452.134 555.824 789.645 883.471 764.105 716.007
threshold=33.586393356323249 37.630399703979499 29.425127029418949 0.78827583789825451 -0.22611359506845471 77.750000000000014 17.250000000000004 -0.37370587885379786 -0.07309242337942122 78.750000000000014 0.56314551830291759 0.68391311168670665 15.250000000000002 30.739950180053714 0.26781183481216436 26.491054534912113 27.16437911987305 0.13301347196102145 -0.07309242337942122 0.25118076056241995 35.231376647949226 80.250000000000014 17.250000000000004 33.009521484375007 0.56314551830291759 14.250000000000002 0.23448270559310916 0.94417876005172741 35.231376647949226 0.91236633062362682
decision_type=2 2 2 2 2 2 2 2 2 2 2 2 2 2 2 2 2 2 2 2 2 2 2 2 2 2 2 2 2 2
left_child=2 24 14 5 15 8 7 9 -4 -7 -3 20 -10 -8 16 -5 -1 18 23 -19 -12 22 -13 -15 -2 -26 -27 29 -29 -28
right_child=1 10 3 4 -6 6 13 -9 12 -11 11 21 -14 17 -16 -17 -18 19 -20 -21 -22 -23 -24 -25 25 26 27 28 -30 -31
leaf_value=-0.019143047011480296 0.0011663740457964176 0.0069189956912054694 -0.011655993997059869 0.029447859151144354 -0.0032460503993046162 0.0069217691306865687 0.0033050196503460051 0.00042992485075755922 -0.0069893579908550541 0.026565977896129668 0.13438080863541993 0.011489931110345797 0.0074290386034382861 -0.010150631038529839 0.00026797834218886035 -0.017310753970525599 -0.0093588217794972495 0.020940812827559899 -0.0012410779345656292 -0.0045843612096993485 0.02886057826477615 0.0049816856997124672 0.023917040483887438 -0.025783258040690555 -4.6750868580097465e-05 0.014961206815916362 0.0033612625790966156 0.011160496773242389 -0.027903782216341783 0.024194702625583493
leaf_weight=18419 50457 18996 38491 696 48054 10459 25723 31918 12691 9802 119 20997 17644 18120 12283 24593 66041 3807 21265 7754 8555 8889 21250 6613 20161 32154 19617 1916 3611 5222
leaf_count=18419 50457 18996 38491 696 48054 10459 25723 31918 12691 9802 119 20997 17644 18120 12283 24593 66041 3807 21265 7754 8555 8889 21250 6613 20161 32154 19617 1916 3611 5222
internal_value=2.15847e-12 0.00868143 -0.00491482 -0.00314306 -0.0076519 -0.0015243 0.000700429 0.00664093 -0.00590293 0.0164254 0.0150763 0.0176671 0.00139693 -0.00302149 -0.00999938 -0.0160239 -0.0114926 -0.0058488 -0.00827918 0.003821 0.0303082 0.0155228 0.0177407 -0.0143304 0.00489625 0.00717245 0.00950045 0.00371816 -0.0143617 0.00774116
internal_weight=586317 211944 374373 277630 73343 204287 135461 52179 68826 20261 78806 59810 30335 83282 96743 25289 84460 57559 45998 11561 8674 51136 42247 24733 133138 82681 62520 30366 5527 24839
internal_count=586317 211944 374373 277630 73343 204287 135461 52179 68826 20261 78806 59810 30335 83282 96743 25289 84460 57559 45998 11561 8674 51136 42247 24733 133138 82681 62520 30366 5527 24839
is_linear=0
shrinkage=0.05


Tree=63
num_leaves=31
num_cat=0
split_feature=1 1 1 12 12 11 13 10 11 3 11 11 13 11 13 11 10 7 10 11 7 9 11 13 9 11 9 13 13 13
split_gain=9047.25 1898.28 950.394 869.382 899.239 971.921 856.947 816.352 785.746 924.956 803.955 773.103 743.201 686.86 814.682 632.485 1495.19 726.664 614.547 595.404 589.878 586.374 563.169 560.968 556.2 559.733 560.493 551.167 510.222 631.103
threshold=35.297071456909187 31.458621978759769 39.445352554321296 14.750000000000002 17.250000000000004 0.77756834030151378 77.250000000000014 -0.030120026320219036 -0.98798605799674977 29.0031852722168 -0.99271196126937855 -0.30900555849075312 80.250000000000014 0.098816476762294783 78.750000000000014 -0.66483077406883229 -0.63874351978301991 33.545089721679695 -0.22611359506845471 -0.49749487638473505 28.311470031738285 33.637870788574226 -0.40541070699691767 80.750000000000014 33.009521484375007 -0.37370587885379786 27.917654037475589 80.250000000000014 80.750000000000014 78.250000000000014
decision_type=2 2 2 2 2 2 2 2 2 2 2 2 2 2 2 2 2 2 2 2 2 2 2 2 2 2 2 2 2 2
left_child=1 3 -2 6 -5 7 22 8 10 15 21 24 20 14 -8 16 -10 -18 -15 -17 -7 23 -1 -6 25 26 -11 -9 29 -3
right_child=2 28 -4 4 5 12 13 27 9 11 -12 -13 -14 18 -16 19 17 -19 -20 -21 -22 -23 -24 -25 -26 -27 -28 -29 -30 -31
leaf_value=-0.024212920422929173 0.008173678667612946 -0.0019503685099068512 0.016994377212838641 0.00126397520365964 -0.064971750588678143 0.011193422686712542 0.00025367596264536883 0.031053674701146956 -0.041273326788967876 -0.034853808935939354 -0.077641209409909109 -0.00096141640422366657 -0.017755571486695831 -0.016950880133237593 0.043797539723611237 0.048974076176592066 0.014638101363739768 -0.11824742984204067 -0.002017233019501494 0.011285491088794217 -0.0092270728721391849 0.033927616523175594 -0.011593253913536685 0.0013069286863778679 -0.039463455577829293 -0.042737185775152037 -0.0054524305399604907 0.0029531074726754539 -0.0049623544709093085 0.0043012628271168769
leaf_weight=14262 101443 78632 43690 47292 638 4233 8339 2622 1769 1844 705 22378 26883 14155 1233 1424 5088 105 13421 3968 21492 462 23257 639 2029 1338 13402 5217 41395 82962
leaf_count=14262 101443 78632 43690 47292 638 4233 8339 2622 1769 1844 705 22378 26883 14155 1233 1424 5088 105 13421 3968 21492 462 23257 639 2029 1338 13402 5217 41395 82962
internal_value=-2.07585e-12 -0.00356234 0.010829 -0.00659002 -0.00454886 -0.00691388 -0.0110604 -0.00275653 -0.00487948 -0.00360937 -0.032602 -0.00722383 -0.0119421 -0.00567716 0.0058627 0.00838353 -0.0015728 0.0119512 -0.0096828 0.0212389 -0.00586692 -0.0143429 -0.0163903 -0.0318065 -0.014753 -0.0117298 -0.00900852 0.0123522 -9.54078e-06 0.00125921
internal_weight=586317 441184 145133 238195 163528 116236 74667 63628 55789 53345 2444 40991 52608 37148 9572 12354 6962 5193 27576 5392 25725 1739 37519 1277 18613 16584 15246 7839 202989 161594
internal_count=586317 441184 145133 238195 163528 116236 74667 63628 55789 53345 2444 40991 52608 37148 9572 12354 6962 5193 27576 5392 25725 1739 37519 1277 18613 16584 15246 7839 202989 161594
is_linear=0
shrinkage=0.05


Tree=64
num_leaves=31
num_cat=0
split_feature=9 1 9 1 10 10 11 11 10 10 10 11 10 11 10 10 7 10 11 13 12 10 11 10 10 10 3 13 12 13
split_gain=8235.25 2062.38 890.034 808.974 746.314 617.422 1182.72 615.977 613.187 563.701 561.353 558.291 811.426 718.003 510.017 501.789 703.359 615.71 490.924 625.859 967.037 1137.77 623.33 589.623 952.213 603.93 583.974 544.698 697.404 464.654
threshold=35.515878677368171 32.453718185424812 39.718400955200202 27.844524383544925 0.95992380380630504 0.9946616291999818 0.047319635748863227 0.54882264137268078 0.11593352630734445 -0.99865758419036854 0.21772121638059619 -0.99626126885414112 0.047320950776338584 -0.98798605799674977 -0.99466162919998158 0.94417876005172741 34.614648818969734 0.9259161949157716 -0.05591491982340812 77.750000000000014 15.750000000000002 0.20088869333267215 0.73246693611145031 0.87795194983482372 0.89391031861305248 0.88606244325637828 30.29670333862305 81.250000000000014 14.750000000000002 79.250000000000014
decision_type=2 2 2 2 2 2 2 2 2 2 2 2 2 2 2 2 2 2 2 2 2 2 2 2 2 2 2 2 2 2
left_child=1 3 4 14 7 -6 -7 15 9 -5 -4 12 -11 -13 -1 17 -17 -2 19 -3 29 -22 27 -23 25 -25 -24 28 -20 -21
right_child=2 18 10 8 5 6 -8 -9 -10 11 -12 13 -14 -15 -16 16 -18 -19 22 20 21 23 26 24 -26 -27 -28 -29 -30 -31
leaf_value=0.025915982632754343 0.0058020930496665013 -0.0097200832072164376 -0.026171486266590049 0.0090205562202708943 0.020176792058265277 -0.0030537742847421834 0.031717096992486531 -0.023836319668141974 -0.00046441076088332277 -0.001502454447449419 0.017914330048037191 -0.02810389046499262 0.040597769640451864 -0.0065277445573794493 -0.013731631384319369 -0.16514006205575749 -0.0076029603220687221 0.025692360320743513 -0.0003785982301991299 0.0045609727509881648 -0.0088942568447712058 0.024339014179409191 -0.10121530748236879 -0.055692949745151189 0.001555014970429426 -0.26557981388748819 -0.005521342143629965 -0.0036677770584577296 0.012064570342639355 0.02113139789939911
leaf_weight=831 57149 16995 736 6046 19043 9438 3301 1780 65419 5219 38147 3936 1466 189321 33924 72 4443 4175 16045 11865 24564 4585 162 97 1703 53 10041 11422 37764 6575
leaf_count=831 57149 16995 736 6046 19043 9438 3301 1780 65419 5219 38147 3936 1466 189321 33924 72 4443 4175 16045 11865 24564 4585 162 97 1703 53 10041 11422 37764 6575
internal_value=-5.22319e-12 -0.0032921 0.0106662 -0.00560135 0.0081574 0.0144769 0.00595625 0.00518716 -0.00468162 -0.00602095 0.0170798 -0.00647578 0.00773 -0.00696718 -0.0127836 0.00597183 -0.0101152 0.00715624 0.00169132 -0.00144275 0.00140247 -0.00399051 0.0044516 0.0147196 -0.00908244 -0.129853 -0.00704074 0.00624915 0.00835421 0.0104694
internal_weight=586317 448033 138284 306162 99401 31782 12739 67619 271407 205988 38883 199942 6685 193257 34755 65839 4515 61324 141871 66437 49442 31002 75434 6438 1853 150 10203 65231 53809 18440
internal_count=586317 448033 138284 306162 99401 31782 12739 67619 271407 205988 38883 199942 6685 193257 34755 65839 4515 61324 141871 66437 49442 31002 75434 6438 1853 150 10203 65231 53809 18440
is_linear=0
shrinkage=0.05


Tree=65
num_leaves=31
num_cat=0
split_feature=9 1 10 11 10 3 9 12 11 11 10 11 10 11 10 9 11 10 13 3 11 12 0 11 3 11 12 12 11 13
split_gain=7432.31 1861.3 812.245 1219.01 1749.89 960.172 745.237 736.043 571.313 707.508 560.974 522.795 995.359 926.409 561.419 579.418 496.864 961.98 745.108 838.695 784.93 741.5 782.498 634.03 618.2 572.955 514.797 491.337 750.024 845.427
threshold=35.515878677368171 32.453718185424812 0.56314551830291759 -0.62538740038871754 0.84293374419212352 33.989387512207038 27.53487586975098 15.250000000000002 -0.51235243678092945 -0.45205545425415034 0.25118774175643926 -0.99626126885414112 0.047320950776338584 -0.98798605799674977 -0.11593352630734442 33.540763854980476 0.78827583789825451 -0.20931270718574521 77.250000000000014 28.315699577331547 -0.07309242337942122 18.750000000000004 0.12120397016406061 0.94415253400802623 27.02042388916016 0.99548450112342846 14.250000000000002 17.250000000000004 -0.37370587885379786 78.750000000000014
decision_type=2 2 2 2 2 2 2 2 2 2 2 2 2 2 2 2 2 2 2 2 2 2 2 2 2 2 2 2 2 2
left_child=1 6 -2 5 -5 -4 10 -7 -6 -10 -1 12 -8 14 -13 -16 18 23 20 -20 -15 25 -23 24 -18 -19 -26 28 29 -21
right_child=2 -3 3 4 8 7 11 -9 9 -11 -12 13 -14 16 15 -17 17 21 19 27 -22 22 -24 -25 26 -27 -28 -29 -30 -31
leaf_value=-0.015875302217341788 0.003662403490135387 0.0016067587372592532 0.082262488359646946 -0.010295836000921529 0.035346155595152896 0.0024660195157801255 -0.0012886676095684017 0.025430911391285418 -0.0057502037981584748 0.012916170406991837 0.0068592840163094575 -0.049253541912407064 0.043825115074778057 -0.013521200701954384 -0.025550269460402415 0.021830667343325953 0.018185808108046701 0.0021308633433682724 0.013782077955547214 0.0037272886491043406 -0.00077440849573365039 -0.011245130228873169 -0.082411770019862537 -0.024510519573061648 -0.027803817419957019 -0.010676269604676245 -0.0085512865072075103 -0.0045958354168126768 -0.0025217132525745399 0.030223206133313515
leaf_weight=23771 35907 141871 656 9794 2583 4353 5371 17581 5530 61880 3063 1704 1583 27534 2740 844 1849 39745 9355 10112 21514 15690 396 9918 4172 11192 20699 63702 26921 4287
leaf_count=23771 35907 141871 656 9794 2583 4353 5371 17581 5530 61880 3063 1704 1583 27534 2740 844 1849 39745 9355 10112 21514 15690 396 9918 4172 11192 20699 63702 26921 4287
internal_value=4.41263e-12 -0.0031275 0.0101329 0.0124023 0.00949924 0.022656 -0.00532128 0.0208733 0.0122691 0.0113849 -0.0132802 -0.00455669 0.00898098 -0.00490232 -0.0256261 -0.0143925 -0.00449202 -0.00719981 -0.00277446 -0.000563596 -0.00793006 -0.00363858 -0.0129971 -0.0137145 -0.00970715 -0.000683151 -0.0117808 -0.00184146 0.00240489 0.0116159
internal_weight=586317 448033 138284 102377 79787 22590 306162 21934 69993 67410 26834 279328 6954 272374 5288 3584 267086 103661 163425 114377 49048 67023 16086 36638 26720 50937 24871 105022 41320 14399
internal_count=586317 448033 138284 102377 79787 22590 306162 21934 69993 67410 26834 279328 6954 272374 5288 3584 267086 103661 163425 114377 49048 67023 16086 36638 26720 50937 24871 105022 41320 14399
is_linear=0
shrinkage=0.05


Tree=66
num_leaves=31
num_cat=0
split_feature=10 9 5 12 5 12 11 10 10 11 13 11 3 13 11 10 11 11 5 12 12 1 10 10 10 11 11 12 4 13
split_gain=6811.54 1850.74 1710.02 1292.28 1088.16 985.417 960.828 1126.78 1171.14 1058.65 953.012 930.237 903.916 828.493 840.715 798.739 1329.06 840.625 778.436 967.378 735.385 716.294 711.116 686.285 684.412 678.384 728.742 854.773 884.882 856.884
threshold=0.45972847938537603 37.072944641113288 32.414970397949226 15.750000000000002 41.099969863891609 14.750000000000002 -0.10737737268209456 0.18399664759635928 0.33346569538116461 -0.99981480836868275 78.250000000000014 -0.59815874695777882 34.557439804077156 77.750000000000014 0.41326330602169042 -0.74981945753097523 -0.63872575759887684 -0.99626126885414112 34.091825485229499 17.250000000000004 17.250000000000004 33.487640380859382 0.047320950776338584 0.30081701278686529 -0.67760851979255665 0.86527520418167125 0.74407637119293224 14.750000000000002 1.0000000180025095e-35 80.250000000000014
decision_type=2 2 2 2 2 2 2 2 2 2 2 2 2 2 2 2 2 2 2 2 2 2 2 2 2 2 2 2 2 2
left_child=2 25 5 10 6 13 7 9 23 -5 -4 -12 -3 -1 -15 16 -7 22 -11 -20 -19 -21 -17 -9 -8 26 27 -2 29 -29
right_child=1 12 3 4 -6 15 24 8 -10 18 11 -13 -14 14 -16 17 -18 20 19 21 -22 -23 -24 -25 -26 -27 -28 28 -30 -31
leaf_value=-0.015327104814691182 -0.0016009710652897715 0.057557199220254832 -0.006063922358453969 0.030176783761231375 0.037048434481330633 0.040515105804760788 0.0087787481461044873 0.0095712540299616438 -0.010693171276970561 -0.009011676214806327 0.021029302687414674 0.0028153875353692224 0.012692282124383126 0.0065835738350825349 -0.01073950911206072 0.0057668973925327303 -0.00098502076497593532 -0.0016001237712533177 -0.0072546478497360848 -0.020979151855214057 -0.0098380075929228022 -0.05593991106907014 0.058712747495410535 0.045029137214804379 -0.016235317705092577 0.021956572621183723 -0.0060677462923374474 0.011012632161283663 0.023373640520158265 -0.0014976376084416074
leaf_weight=44258 36252 1139 8215 1414 1697 1989 19011 5925 6841 23506 16421 12232 78332 10813 19882 3991 64208 39446 4176 2883 86493 2979 754 1773 3194 4824 19296 32619 8170 23584
leaf_count=44258 36252 1139 8215 1414 1697 1989 19011 5925 6841 23506 16421 12232 78332 10813 19882 3991 64208 39446 4176 2883 86493 2979 754 1773 3194 4824 19296 32619 8170 23584
internal_value=3.46574e-12 0.00737175 -0.00393987 0.00131196 -0.00252427 -0.00607023 -0.00346086 -0.00733756 0.0043603 -0.0122027 0.00894936 0.0132538 0.0133353 -0.0109493 -0.00463707 -0.00421277 0.00026192 -0.00647939 -0.0139891 -0.0256449 -0.00725778 -0.0387458 0.0141802 0.0177379 0.00518069 0.00357257 0.00283305 0.00453988 0.00799813 0.00576305
internal_weight=586317 204216 382101 110267 73399 271834 71702 49497 14539 34958 36868 28653 79471 74953 30695 196881 66197 130684 33544 10038 125939 5862 4745 7698 22205 124745 119921 100625 64373 56203
internal_count=586317 204216 382101 110267 73399 271834 71702 49497 14539 34958 36868 28653 79471 74953 30695 196881 66197 130684 33544 10038 125939 5862 4745 7698 22205 124745 119921 100625 64373 56203
is_linear=0
shrinkage=0.05


Tree=67
num_leaves=31
num_cat=0
split_feature=10 9 5 12 13 5 12 11 10 10 11 11 5 3 9 13 11 10 10 11 13 11 3 10 10 10 10 10 11 13
split_gain=6147.42 1670.41 1543.3 1166.51 1016.7 920.848 889.339 889.271 1054.63 914.071 909.076 874.499 866.641 791.96 750.172 747.715 758.746 724.826 835.882 733.169 761.722 910.787 924.671 805.863 667.92 641.783 623.126 751.749 949.519 611.371
threshold=0.45972847938537603 37.25233459472657 32.414970397949226 16.250000000000004 78.750000000000014 41.099969863891609 14.750000000000002 -0.10737737268209456 0.18399664759635928 0.33346569538116461 -0.99981480836868275 -0.62538740038871754 34.091825485229499 33.491941452026374 35.004232406616218 77.750000000000014 0.41326330602169042 -0.82391539216041554 -0.86958134174346913 -0.99626126885414112 80.250000000000014 -0.98798605799674977 29.048268318176273 -0.11593352630734442 -0.97505551576614369 0.047320950776338584 -0.90880924463272084 -0.92913278937339772 -0.34155811369419092 79.250000000000014
decision_type=2 2 2 2 2 2 2 2 2 2 2 2 2 2 2 2 2 2 2 2 2 2 2 2 2 2 2 2 2 2
left_child=2 -2 6 4 -4 7 15 8 10 14 -5 -6 24 -3 -10 -1 -17 18 26 25 21 23 -23 -21 -12 -19 27 28 -8 -16
right_child=1 13 3 5 11 -7 17 -9 9 -11 12 -13 -14 -15 29 16 -18 19 -20 20 -22 22 -24 -25 -26 -27 -28 -29 -30 -31
leaf_value=-0.014560749591166853 0.0035321206574821396 0.074686984762332403 -0.0015297481543327949 0.028106298490968303 0.022514307699964462 0.034079077207520618 -0.038428870897829252 0.0049199433927846394 0.039319903000424511 -0.0098205193426383237 -0.044072231872346636 0.0039301395362691246 -0.027859377126313929 0.012471280140982673 0.0237626510474747 0.0062543951483855905 -0.010202533669025793 0.0054785525414761229 0.014937627730831671 -0.071059402496915239 -0.011529736896192818 0.0072445289216116308 -0.0055490639607846028 -0.010917710403745444 -0.0069347426796450874 0.055777110109773931 -0.015616256960894677 0.020186596599098258 9.3074784387255164e-05 -0.011993552939927717
leaf_weight=44258 128504 515 17808 1308 13878 1643 1685 20128 2359 6356 1287 11639 8640 75197 2264 10813 19882 3991 8919 919 48994 17719 69602 1414 20424 754 6924 4376 31584 2533
leaf_count=44258 128504 515 17808 1308 13878 1643 1685 20128 2359 6356 1287 11639 8640 75197 2264 10813 19882 3991 8919 919 48994 17719 69602 1414 20424 754 6924 4376 31584 2533
internal_value=8.17047e-13 0.00700316 -0.00374288 0.00124636 0.00763889 -0.00289089 -0.00576672 -0.0038211 -0.00771607 0.00397835 -0.0127072 0.0140376 -0.0144661 0.0128945 0.0162346 -0.0104018 -0.00440521 -0.00400213 0.000965176 -0.00585502 -0.00651643 -0.00377676 -0.00295301 -0.0346083 -0.00913621 0.0134712 -0.00183095 0.000704571 -0.00185798 0.004882
internal_weight=586317 204216 382101 110267 43325 66942 271834 65299 45171 13512 31659 25517 30351 75712 7156 74953 30695 196881 53488 143393 138648 89654 87321 2333 21711 4745 44569 37645 33269 4797
internal_count=586317 204216 382101 110267 43325 66942 271834 65299 45171 13512 31659 25517 30351 75712 7156 74953 30695 196881 53488 143393 138648 89654 87321 2333 21711 4745 44569 37645 33269 4797
is_linear=0
shrinkage=0.05


Tree=68
num_leaves=31
num_cat=0
split_feature=10 9 5 12 5 13 12 11 10 10 11 3 11 3 13 11 10 11 11 12 11 10 10 11 11 12 4 13 3 5
split_gain=5548.04 1513.52 1392.82 1059.38 890.91 806.687 802.628 789.091 922.322 964.114 868.699 763.893 741.396 695.378 684.542 732.522 662.93 1209.09 686.114 645.185 627.713 621.547 616.765 612.241 657.69 777.732 791.505 681.246 593.598 588.679
threshold=0.45972847938537603 37.072944641113288 32.414970397949226 15.750000000000002 41.099969863891609 78.750000000000014 14.750000000000002 -0.10737737268209456 0.18399664759635928 0.33346569538116461 -0.99981480836868275 34.557439804077156 -0.59815874695777882 36.995281219482429 78.250000000000014 0.41326330602169042 -0.74981945753097523 -0.63872575759887684 -0.99626126885414112 17.250000000000004 0.59123954176902782 0.30081701278686529 -0.67760851979255665 0.86527520418167125 0.74407637119293224 14.250000000000002 1.0000000180025095e-35 80.250000000000014 35.833286285400398 31.731070518493656
decision_type=2 2 2 2 2 2 2 2 2 2 2 2 2 2 2 2 2 2 2 2 2 2 2 2 2 2 2 2 2 2
left_child=2 23 6 5 7 -4 14 8 10 21 -5 -3 -7 -12 -1 -16 17 -8 -18 -20 -19 -10 -9 24 25 -2 27 -27 -11 -28
right_child=1 11 3 4 -6 12 16 22 9 28 13 -13 -14 -15 15 -17 18 20 19 -21 -22 -23 -24 -25 -26 26 29 -29 -30 -31
leaf_value=-0.012920196175485758 -0.0024386996079445926 0.052698674589026356 -0.0012044640007088702 0.02733800345835324 0.033517543536171306 0.021988865284505263 0.03866797700381621 0.0081100932239169549 0.0082992816235308194 0.009585716635105988 -0.01154898509627731 0.011454833716026565 0.0037360413088078875 -0.058904647979245273 0.01224095210967102 -0.0081761548742803111 0.012797640041617851 0.00049077723594436135 -0.0012708711338346407 -0.0089870128676344321 -0.018303212535809289 0.042043357719845686 -0.015635631033984534 0.02068213792981307 -0.005940964983410929 0.0092642650048316913 0.053744594087817212 -0.0015993617502989895 -0.020958414203807646 0.015972827847744366
leaf_weight=53372 31083 1139 14277 1414 1697 12677 1989 19011 5925 2516 32750 78332 9914 794 6140 15441 4745 59406 39446 86493 4802 1773 3194 4824 19296 37183 1194 23584 4325 7581
leaf_count=53372 31083 1139 14277 1414 1697 12677 1989 19011 5925 2516 32750 78332 9914 794 6140 15441 4745 59406 39446 86493 4802 1773 3194 4824 19296 37183 1194 23584 4325 7581
internal_value=4.37361e-12 0.00665301 -0.00355574 0.00118404 -0.00228934 0.00809905 -0.00547838 -0.00313679 -0.00665 0.00393346 -0.0110517 0.012046 0.0139787 -0.0126699 -0.00988173 -0.00236729 -0.00380202 0.00027454 -0.00586697 -0.0065702 -0.000914791 0.0160712 0.00469447 0.00321734 0.00251479 0.00413628 0.00707508 0.00504803 -0.00972482 0.0211124
internal_weight=586317 204216 382101 110267 73399 36868 271834 71702 49497 14539 34958 79471 22591 33544 74953 21581 196881 66197 130684 125939 64208 7698 22205 124745 119921 100625 69542 60767 6841 8775
internal_count=586317 204216 382101 110267 73399 36868 271834 71702 49497 14539 34958 79471 22591 33544 74953 21581 196881 66197 130684 125939 64208 7698 22205 124745 119921 100625 69542 60767 6841 8775
is_linear=0
shrinkage=0.05


Tree=69
num_leaves=31
num_cat=0
split_feature=10 9 5 12 13 11 5 11 10 3 11 5 10 10 3 10 10 11 11 11 12 1 1 10 10 8 10 11 7 11
split_gain=5007.11 1366.78 1257.02 966.176 846.745 772.224 748.88 727.826 864.283 792.997 741.302 765.163 725.021 677.16 671.844 602.814 589.683 770.019 645.81 580.816 579.666 632.821 577.424 594.662 1292 833.514 701.529 874.295 728.223 690.349
threshold=0.45972847938537603 37.25233459472657 32.414970397949226 16.250000000000004 78.250000000000014 -0.59815874695777882 41.099969863891609 -0.10737737268209456 0.18399664759635928 36.396553039550788 -0.99981480836868275 34.091825485229499 -0.82391539216041554 -0.86095303297042836 33.261857986450202 -0.97505551576614369 -0.90880924463272084 -0.37370587885379786 -0.34155811369419092 -0.48248986899852747 17.250000000000004 33.487640380859382 26.488616943359379 -0.45972847938537592 -0.40542197227478022 7.7893323898315439 -0.74981945753097523 -0.62538740038871754 27.168518066406254 -0.90146830677986134
decision_type=2 2 2 2 2 2 2 2 2 2 2 2 2 2 2 2 2 2 2 2 2 2 2 2 2 2 2 2 2 2
left_child=2 -2 12 4 -4 -6 7 8 10 -10 -5 15 13 16 -3 -12 17 -1 -19 -18 -13 -22 -14 25 29 -24 27 -27 -28 -25
right_child=1 14 3 6 5 -7 -8 -9 9 -11 11 20 22 -15 -16 -17 19 18 -20 -21 21 -23 23 24 -26 26 28 -29 -30 -31
leaf_value=0.022366781322090433 0.003180577657640678 0.072290963354614865 -0.0051178553254082951 0.025334083331653701 0.017727947536300831 0.0021540227889836525 0.030699245959563706 0.004428590743264074 0.016377126299157971 -0.0078847758031297035 -0.041291170914584327 -0.0068813437158211704 -0.018509945138749054 0.011234389642584634 0.011283595100309581 -0.0060100925178545699 0.012340583304825519 -0.028480440209177393 -0.00089647923486212773 -0.017445050862250223 -0.017910498826859553 -0.050771110971401814 -0.0076304540688885026 0.039320516572952866 -0.0055041322190689679 0.035039862097444162 -0.068810083500987981 -0.022779643462897476 -0.024885391331989522 0.0065310115153698447
leaf_weight=3427 128504 454 10894 1308 18408 14023 1643 20128 6387 7125 1287 2778 9978 9820 75258 20424 1945 2223 46672 10325 2883 2979 58475 2113 110415 1001 1129 1885 5746 6680
leaf_count=3427 128504 454 10894 1308 18408 14023 1643 20128 6387 7125 1287 2778 9978 9820 75258 20424 1945 2223 46672 10325 2883 2979 58475 2113 110415 1001 1129 1885 5746 6680
internal_value=-1.02417e-12 0.00632036 -0.00337795 0.00112484 0.0069426 0.0109939 -0.00264042 -0.00347929 -0.007003 0.00358361 -0.0115213 -0.0131097 -0.00520447 -0.000998462 0.0116494 -0.00810151 -0.00285824 -0.000544733 -0.00215058 -0.0127235 -0.0256944 -0.0346099 -0.00678979 -0.0061659 -0.00403519 -0.00988823 -0.0234139 -0.00272513 -0.0320986 0.0144105
internal_weight=586317 204216 382101 110267 43325 32431 66942 65299 45171 13512 31659 30351 271834 74412 75712 21711 64592 52322 48895 12270 8640 5862 197422 187444 119208 68236 9761 2886 6875 8793
internal_count=586317 204216 382101 110267 43325 32431 66942 65299 45171 13512 31659 30351 271834 74412 75712 21711 64592 52322 48895 12270 8640 5862 197422 187444 119208 68236 9761 2886 6875 8793
is_linear=0
shrinkage=0.05


Tree=70
num_leaves=31
num_cat=0
split_feature=10 12 13 5 11 12 11 13 5 12 12 5 13 11 11 10 10 3 9 13 11 11 11 10 13 11 10 10 3 1
split_gain=4518.92 1315.88 1704.09 1134.46 917.412 871.974 864.799 780.607 740.378 715.609 705.829 675.864 671.723 659.157 656.863 780.015 736.137 701.741 652.922 624.057 622.378 619.704 594.047 566.281 551.672 543.24 833.842 530.592 519.592 605.168
threshold=0.45972847938537603 14.750000000000002 80.750000000000014 32.414970397949226 0.23448270559310916 16.250000000000004 0.25118076056241995 78.750000000000014 30.586627006530765 14.750000000000002 18.750000000000004 41.099969863891609 77.750000000000014 -0.62538740038871754 -0.10737737268209456 0.18399664759635928 0.33346569538116461 36.647703170776374 35.004232406616218 77.750000000000014 -0.99981480836868275 0.41326330602169042 0.9937097728252412 -0.86095303297042836 79.250000000000014 -0.99862980842590321 -0.030120026320219036 -0.97505551576614369 30.835498809814457 30.901343345642093
decision_type=2 2 2 2 2 2 2 2 2 2 2 2 2 2 2 2 2 2 2 2 2 2 2 2 2 2 2 2 2 2
left_child=3 12 4 9 10 7 -4 -5 -6 19 -3 14 -2 -9 15 17 18 20 -17 -1 -7 -21 28 -23 -20 26 -22 -27 29 -11
right_child=1 2 6 5 8 11 -8 13 -10 22 -12 -13 -14 -15 -16 16 -18 -19 24 21 25 23 -24 -25 -26 27 -28 -29 -30 -31
leaf_value=-0.012901534053720062 -0.0068792751873228393 0.012170664144430732 0.0055497754492126921 -0.0014383897409542623 0.027699369957320721 0.024531180430147157 -0.0090724839734375364 0.019561624382322677 0.0040061274821780032 -0.0019660825565078195 0.02368967891612607 0.029164283617096515 0.0044300101230219579 0.0034270320224406335 0.0042071612141002688 0.035940316255599451 -0.0089787711155602645 -0.053453574424368926 0.021747218883804268 0.0060098353999849669 -0.093544524583927147 -0.049522029922327349 -0.013187411795561261 -0.0071116908795094665 -0.012218415487826605 -0.039892544073333105 -0.01762271970048751 -0.0077597688894882697 -0.0056246506935546297 0.0083031832853487659
leaf_weight=44258 24384 47432 26208 17808 3600 1277 16464 13878 39200 85691 18480 1643 28448 11639 20128 2359 6356 942 2264 10813 485 821 14267 19061 2533 1351 1422 26182 79692 17231
leaf_count=44258 24384 47432 26208 17808 3600 1277 16464 13878 39200 85691 18480 1643 28448 11639 20128 2359 6356 942 2264 10813 485 821 14267 19061 2533 1351 1422 26182 79692 17231
internal_value=1.28006e-12 0.00600434 0.0083754 -0.00320905 0.011699 0.0010686 -9.18837e-05 0.00659547 0.00599902 -0.00494424 0.0154003 -0.0025084 -0.00078966 0.0122022 -0.00330532 -0.00665285 0.00340443 -0.0109453 0.0144033 -0.00910204 -0.00964168 -0.00362369 -0.00336136 -0.00886297 0.00381206 -0.011124 -0.0369316 -0.00933647 -0.00259368 -0.000246822
internal_weight=586317 204216 151384 382101 108712 110267 42672 43325 42800 271834 65912 66942 52832 25517 65299 45171 13512 31659 7156 74953 30717 30695 196881 19882 4797 29440 1907 27533 182614 102922
internal_count=586317 204216 151384 382101 108712 110267 42672 43325 42800 271834 65912 66942 52832 25517 65299 45171 13512 31659 7156 74953 30717 30695 196881 19882 4797 29440 1907 27533 182614 102922
is_linear=0
shrinkage=0.05


Tree=71
num_leaves=31
num_cat=0
split_feature=10 12 13 5 11 10 12 11 13 12 11 5 13 11 10 11 10 3 3 5 11 10 10 13 11 3 11 10 10 10
split_gain=4078.32 1187.59 1537.94 1023.85 829.573 806.879 786.957 780.481 711.543 652.114 641.567 612.836 606.23 605.377 802.413 601.956 681.107 725.14 638.013 588.248 538.498 532.943 697.31 562.242 836.426 612.061 600.62 649.132 549.378 662.073
threshold=0.45972847938537603 14.750000000000002 80.750000000000014 32.414970397949226 0.28434865176677709 0.94970905780792247 16.250000000000004 0.25118076056241995 78.250000000000014 14.250000000000002 -0.59815874695777882 40.913448333740241 77.750000000000014 -0.82389250397682179 0.68391311168670665 -0.10737737268209456 0.18399664759635928 36.396553039550788 36.229194641113288 30.586627006530765 -0.99981480836868275 -0.82391539216041554 -0.86958134174346913 80.250000000000014 -0.84291031956672657 30.056553840637211 -0.98518359661102284 -0.012910176534205673 -0.90880924463272084 -0.92913278937339772
decision_type=2 2 2 2 2 2 2 2 2 2 2 2 2 2 2 2 2 2 2 2 2 2 2 2 2 2 2 2 2 2
left_child=3 12 4 9 13 19 8 -4 -5 -1 -10 15 -2 -3 -15 16 18 -18 20 -6 -8 22 28 25 -25 26 27 -23 29 -11
right_child=1 2 7 6 5 -7 11 -9 10 21 -12 -13 -14 14 -16 -17 17 -19 -20 -21 -22 23 -24 24 -26 -27 -28 -29 -30 -31
leaf_value=-0.0091614234287638856 -0.0065353114276984654 -0.00071958651481236551 0.005272286687416969 -0.0047900430544487579 0.026337417540471888 -0.028172027333514444 0.023083022187898705 -0.0086188597984862315 0.016117474649105182 -0.0017141174864313971 0.0019220872493314887 0.025986422585961001 0.004208509630477233 0.031026763470227377 0.013792912513154438 0.0039968031740248875 0.015254103017028739 -0.0081107990001203344 -0.044479445745330942 0.0049434112955603652 -0.010304736010487897 -0.045372966217263472 0.013183665405549284 0.0027065725767553631 -0.012629377038389436 -0.0058537887285504443 0.0034913022601421595 0.017801540190987414 -0.014232075293131065 0.018374199329965958
leaf_weight=62877 24384 5992 26208 10894 3538 1712 1260 16464 18408 35294 14023 1851 28448 7704 54784 20128 6376 6930 1316 34982 29081 1289 9447 11473 39505 61653 37685 594 7376 4641
leaf_count=62877 24384 5992 26208 10894 3538 1712 1260 16464 18408 35294 14023 1851 28448 7704 54784 20128 6376 6930 1316 34982 29081 1289 9447 11473 39505 61653 37685 594 7376 4641
internal_value=2.55391e-12 0.00570412 0.00795663 -0.0030486 0.0111141 0.00541563 0.00101517 -8.72895e-05 0.00626569 -0.00469703 0.00997946 -0.00238298 -0.000750177 0.0144619 0.0159176 -0.00318973 -0.00640682 0.00308525 -0.0103965 0.00690842 -0.00891821 -0.00335365 0.000781333 -0.00489567 -0.0091779 -0.00273901 0.00211429 -0.0254443 -0.00169515 0.000620423
internal_weight=586317 204216 151384 382101 108712 40232 110267 42672 43325 271834 32431 66942 52832 68480 62488 65091 44963 13306 31657 38520 30341 208957 56758 152199 50978 101221 39568 1883 47311 39935
internal_count=586317 204216 151384 382101 108712 40232 110267 42672 43325 271834 32431 66942 52832 68480 62488 65091 44963 13306 31657 38520 30341 208957 56758 152199 50978 101221 39568 1883 47311 39935
is_linear=0
shrinkage=0.05


Tree=72
num_leaves=31
num_cat=0
split_feature=10 11 10 5 10 10 10 10 11 9 10 11 12 13 11 9 11 11 10 10 10 0 10 11 12 10 9 7 10 11
split_gain=3683.99 1636.76 933.698 852.648 613.916 621.734 617.639 605.006 587.78 998.514 640.707 585.535 550.459 991.066 886.099 1058.55 550.438 840.255 618.328 922.694 663.148 545.437 545.209 530.785 522.039 810.513 1034.71 529.239 514.218 479.89
threshold=0.56314551830291759 -0.73829901218414296 0.90149331092834484 32.849412918090827 -0.82391539216041554 -0.030120026320219036 -0.8520696461200713 0.87795194983482372 -0.98798605799674977 33.589101791381843 -0.11593352630734442 -0.99626126885414112 16.750000000000004 79.250000000000014 -0.99049577116966236 32.891977310180671 -0.14153505116701123 0.047319635748863227 0.97310933470726024 0.94417876005172741 0.95992380380630504 39.390071868896491 0.98521098494529735 -0.61186373233795155 14.750000000000002 0.67125374078750621 29.854121208190922 27.307657241821293 0.33346569538116461 -0.99759334325790394
decision_type=2 2 2 2 2 2 2 2 2 2 2 2 2 2 2 2 2 2 2 2 2 2 2 2 2 2 2 2 2 2
left_child=3 -2 7 4 6 8 -1 24 9 -6 -11 -7 13 28 15 29 22 -18 19 -19 -21 -10 -4 -15 -3 26 -26 -27 -5 -14
right_child=1 2 16 12 5 11 -8 -9 21 10 -12 -13 14 23 -16 -17 17 18 -20 20 -22 -23 -24 -25 25 27 -28 -29 -30 -31
leaf_value=-0.0017634576868153879 0.023106383604361 -0.0046076926887882261 0.011507469547721368 0.0031127730394921952 -0.029763726730488705 0.014084513877613012 0.012633498952763462 -0.01086936232666651 -0.0069942661213453945 -0.050521973325581816 0.041253108954245096 -0.0028458547801954938 0.032268481474638559 0.020986541961470397 0.00029450717574532336 -0.032655077416361054 -0.0035566876405100549 0.014437016813603981 0.016445721379674066 -0.020538894524113355 0.0056783219399969822 0.013678997044957073 0.033343302719959632 0.0040421279975047441 -0.050958540830616905 0.087375722618116713 -0.0020235478255393492 0.0072485482308783274 -0.012675890111945715 -0.015345318431886051
leaf_weight=76271 12864 19552 25728 21314 5819 5539 8256 9648 138121 242 888 65469 1133 11288 46800 4585 17688 9648 17688 4824 4824 3266 3216 7826 1242 207 8294 46281 6803 993
leaf_count=76271 12864 19552 25728 21314 5819 5539 8256 9648 138121 242 888 65469 1133 11288 46800 4585 17688 9648 17688 4824 4824 3266 3216 7826 1242 207 8294 46281 6803 993
internal_value=-2.32157e-12 0.00591426 0.00460438 -0.00265598 -0.00397757 -0.0053727 -0.000357265 0.000921405 -0.00721449 -0.0214115 0.0215986 -0.0015252 0.00133036 0.00526437 -0.00214196 -0.019133 0.00835819 0.00540646 0.00969319 0.00350337 -0.00743029 -0.00651672 0.0139337 0.0140489 0.00242661 0.00488153 -0.008397 0.00760534 -0.000707346 0.0100293
internal_weight=586317 181704 168840 404613 303871 219344 84527 85224 148336 6949 1130 71008 100742 47231 53511 6711 83616 54672 36984 19296 9648 141387 28944 19114 75576 56024 9536 46488 28117 2126
internal_count=586317 181704 168840 404613 303871 219344 84527 85224 148336 6949 1130 71008 100742 47231 53511 6711 83616 54672 36984 19296 9648 141387 28944 19114 75576 56024 9536 46488 28117 2126
is_linear=0
shrinkage=0.05


Tree=73
num_leaves=31
num_cat=0
split_feature=10 12 13 5 11 12 13 11 12 11 9 13 11 11 5 12 13 11 10 10 1 13 11 3 1 10 3 3 11 11
split_gain=3348.78 1024.61 1387.45 841.216 828.273 669.298 790.435 615.142 595.115 581.388 1138.23 580.089 593.493 566.012 674.626 588.58 553.768 524.438 509.98 504.778 502.032 540.773 486.822 475.035 477.715 608.2 450.633 448.919 886.031 705.604
threshold=0.45972847938537603 14.750000000000002 80.250000000000014 32.414970397949226 0.25118076056241995 17.250000000000004 78.750000000000014 -0.61186373233795155 14.750000000000002 -0.99049577116966236 31.939566612243656 78.250000000000014 0.41326330602169042 0.28434865176677709 30.931035995483402 18.750000000000004 77.250000000000014 0.9937097728252412 0.94970905780792247 -0.86958134174346913 29.953510284423832 79.750000000000014 0.70860043168067943 30.32827186584473 30.026032447814945 0.39753912389278417 36.145484924316413 27.436041831970218 -0.98518359661102284 -0.95744973421096791
decision_type=2 2 2 2 2 2 2 2 2 2 2 2 2 2 2 2 2 2 2 2 2 2 2 2 2 2 2 2 2 2
left_child=3 16 13 8 -4 6 -5 -8 11 10 -7 -1 -13 15 22 -3 -2 23 -16 -14 -12 -22 -15 24 25 27 -6 28 -10 -30
right_child=1 2 4 5 26 9 7 -9 17 -11 20 12 19 14 18 -17 -18 -19 -20 -21 21 -23 -24 -25 -26 -27 -28 -29 29 -31
leaf_value=-0.010845383601848096 -0.0078616804798856393 0.01058665902194233 0.0055858461982398223 -0.0023685660629298231 -0.0062929164975530933 0.025411753591128156 0.015498076865821357 0.0020574618807562986 -0.073143751666482001 -0.0011646841539021833 0.019685461309175045 0.01201817689302178 -0.058899926626530423 0.070332742636987688 0.0048258516752399602 0.021407278262952772 0.0028983384815290253 -0.012045639416973243 -0.024245812110581084 -0.0048040371133050361 -0.018358854915608413 -0.052152711927322695 0.018444945246619198 -0.0043533042571271153 0.0065782940899951807 -0.0347318848543186 -0.054007592335926363 -0.0031404810178732945 0.057067834303231757 0.0072593361773782838
leaf_weight=53372 18288 46080 31200 24023 19092 1287 18922 15475 322 45092 524 6140 444 520 31661 17280 34544 14267 1584 14997 2980 1964 3459 102227 24659 1366 508 44126 771 9143
leaf_count=53372 18288 46080 31200 24023 19092 1287 18922 15475 322 45092 524 6140 444 520 31661 17280 34544 14267 1584 14997 2980 1964 3459 102227 24659 1366 508 44126 771 9143
internal_value=-2.07377e-12 0.00516882 0.00726107 -0.0027625 0.000525555 0.000921025 0.00459079 0.00945123 -0.00425669 -0.00321398 -0.0168937 -0.00804832 -0.00113091 0.0106628 0.0057694 0.0135377 -0.000826283 -0.00281321 0.0034407 -0.00635954 -0.0268512 -0.0317834 0.025226 -0.00209191 0.000783866 -0.0017801 -0.0075296 -0.000952094 0.00848174 0.0111329
internal_weight=586317 204216 151384 382101 50800 110267 58420 34397 271834 51847 6755 74953 21581 100584 37224 63360 52832 196881 33245 15441 5468 4944 3979 182614 80387 55728 19600 54362 10236 9914
internal_count=586317 204216 151384 382101 50800 110267 58420 34397 271834 51847 6755 74953 21581 100584 37224 63360 52832 196881 33245 15441 5468 4944 3979 182614 80387 55728 19600 54362 10236 9914
is_linear=0
shrinkage=0.05


Tree=74
num_leaves=31
num_cat=0
split_feature=10 11 10 10 9 10 10 11 10 10 11 10 11 11 4 2 13 9 2 10 1 12 5 9 5 11 11 10 10 10
split_gain=3026.72 1452.96 824.542 778.806 698.07 543.912 1033.2 1368.08 1069.05 1418.01 945.182 1193.92 704.916 1714.7 1696.87 721.052 683.629 1035.94 634.047 569.558 640.866 829.937 1176.61 618.48 563.522 521.092 787.064 517.693 819.401 562.16
threshold=0.56314551830291759 -0.73829901218414296 0.90518480539321911 -0.99628895521163929 27.16437911987305 -0.021515898406505581 -0.3334656953811645 -0.87792757153511036 -0.23448921740055081 -0.15005400776863095 -0.9412824511528014 0.28435654938220983 -0.67758968472480763 -0.61186373233795155 3.1305053234100346 0.52910852432250988 80.750000000000014 34.869119644165046 5.2483232021331796 -0.39753912389278406 31.76831150054932 17.750000000000004 33.491357803344734 29.294579505920414 33.128011703491218 -0.14153505116701123 0.047319635748863227 0.97310933470726024 0.94417876005172741 0.95992380380630504
decision_type=2 2 2 2 2 2 2 2 2 2 2 2 2 2 2 2 2 2 2 2 2 2 2 2 2 2 2 2 2 2
left_child=3 -2 -3 -1 -5 6 7 19 18 24 11 16 14 -14 15 -9 -7 -18 -8 -6 23 -22 -23 -21 -10 -4 -27 28 -28 -30
right_child=1 2 25 4 5 10 8 12 9 -11 -12 -13 13 -15 -16 -17 17 -19 -20 20 21 22 -24 -25 -26 26 27 -29 29 -31
leaf_value=0.0083754771723256027 0.021558884968278191 0.00073095360150375946 0.013358620885534266 -0.011965025393613946 0.02299810077663874 0.0077686184240480577 -0.024537808078855212 0.0058420759841172447 0.0036827129719799001 -0.012769308574670797 -0.0024517096470529718 0.030792354123505113 0.022484424208814427 -0.0028735589403069903 -0.028114907684763032 -0.013898243575751441 0.0041867237710479215 -0.03905602003865246 -0.00040736234404255473 -0.021497366956112381 0.0028987714205980127 -0.034731198133941134 -0.20786506289535242 0.028234383646421526 0.033870177045968723 -0.0037710327535141123 0.013692336557764138 0.015231255836259953 -0.01898392861192558 0.0051546300847431104
leaf_weight=16080 12864 86832 27336 19943 7272 22433 14181 11728 12507 22301 77747 4763 6966 155063 9106 7639 3899 2148 3369 831 1565 669 115 2524 1764 17688 9648 17688 4824 4824
leaf_count=16080 12864 86832 27336 19943 7272 22433 14181 11728 12507 22301 77747 4763 6966 155063 9106 7639 3899 2148 3369 831 1565 669 115 2524 1764 17688 9648 17688 4824 4824
internal_value=1.38029e-12 0.00536078 0.00412663 -0.00240742 -0.00285369 -0.00236071 -0.00362147 -0.00198835 -0.00976137 -0.00489341 0.000565421 0.00762173 -0.00305836 -0.00178336 -0.0103139 -0.00194417 0.00374667 -0.0111739 -0.0199056 0.0137206 0.00189274 -0.0181367 -0.0601271 0.0159163 0.0074141 0.00772206 0.00490378 0.00905261 0.00338884 -0.00691465
internal_weight=586317 181704 168840 404613 388533 368590 257600 203478 54122 36572 110990 33243 190502 162029 28473 19367 28480 6047 17550 12976 5704 2349 784 3355 14271 82008 54672 36984 19296 9648
internal_count=586317 181704 168840 404613 388533 368590 257600 203478 54122 36572 110990 33243 190502 162029 28473 19367 28480 6047 17550 12976 5704 2349 784 3355 14271 82008 54672 36984 19296 9648
is_linear=0
shrinkage=0.05


Tree=75
num_leaves=31
num_cat=0
split_feature=10 12 13 5 10 11 1 12 10 13 5 3 7 11 7 9 10 10 11 5 10 13 0 12 13 13 12 11 10 3
split_gain=2754.06 925.185 1270.77 743.246 756.622 664.769 663.019 611.876 546.205 502.575 492.662 476.458 671.775 534.001 694.846 472.878 681.974 653.479 469.179 507.572 415.855 509.914 649.289 445.39 365.685 917.515 805.602 1133.89 570.721 507.401
threshold=0.45972847938537603 14.750000000000002 81.250000000000014 41.099969863891609 -0.99628895521163929 0.23448270559310916 27.163667678833011 19.250000000000004 0.50495636463165294 77.750000000000014 34.37634468078614 37.355251312255866 35.003583908081062 0.74407637119293224 31.186458587646488 30.629525184631351 0.59125596284866344 0.6186656951904298 -0.10737737268209456 33.883625030517585 -0.16705007851123807 76.750000000000014 1.0000000180025095e-35 16.250000000000004 80.750000000000014 78.750000000000014 17.250000000000004 0.41326330602169042 -0.86095303297042836 38.476703643798835
decision_type=2 2 2 2 2 2 2 2 2 2 2 2 2 2 2 2 2 2 2 2 2 2 2 2 2 2 2 2 2 2
left_child=3 9 5 4 -1 7 20 10 -7 -2 -3 13 -13 14 -10 16 -15 -18 19 -4 21 23 -23 -6 25 -8 27 -27 -29 -28
right_child=1 2 18 -5 6 8 24 -9 11 -11 -12 12 -14 15 -16 -17 17 -19 -20 -21 -22 22 -24 -25 -26 26 29 28 -30 -31
leaf_value=0.007956703286193292 -0.0062767593149961392 0.035461492704431011 0.052836990713013822 0.029441397308261969 -0.025139856825281533 0.026172897515919974 -0.003992345416524384 0.021810560255878575 0.03662303542423577 0.0035055334025358431 0.0091309673243321465 -0.17988189060300117 -0.014362696141234754 -0.0046731045135138356 0.0058436254291644799 0.00030187457044381842 -0.11418169994789805 -0.024084155602640468 -0.0067746607543211369 0.003118344434689765 -0.023557952930469597 -0.020613240647425143 0.0092846406083078245 0.015694643460797113 -0.0057831723805258015 0.011519281963501344 -0.0025080222666174676 -0.031632204103011104 -0.00054869903850871665 -0.040716330356414664
leaf_weight=16080 24384 1836 531 1812 4713 2736 172201 13552 1964 28448 54836 63 2273 1458 27620 8657 344 485 19600 15429 5614 2613 5953 778 72085 34966 40424 1581 22393 888
leaf_count=16080 24384 1836 531 1812 4713 2736 172201 13552 1964 28448 54836 63 2273 1458 27620 8657 344 485 19600 15429 5614 2613 5953 778 72085 34966 40424 1581 22393 888
internal_value=-1.52058e-12 0.00468743 0.00667557 -0.00250522 -0.00265744 0.00921388 -0.00312606 0.0122663 0.00451314 -0.00100937 0.009984 0.0031306 -0.0188266 0.0043962 0.00788699 -0.00504015 -0.0252613 -0.0614708 -0.00159207 0.00477252 -0.0120542 -0.00745996 0.000164495 -0.0193542 -0.00261632 -0.00177844 0.00202435 0.00577682 -0.00259855 -0.00332931
internal_weight=586317 204216 151384 382101 380289 115824 364209 70224 45600 52832 56672 42864 2336 40528 29584 10944 2287 829 35560 15960 19671 14057 8566 5491 344538 272453 100252 58940 23974 41312
internal_count=586317 204216 151384 382101 380289 115824 364209 70224 45600 52832 56672 42864 2336 40528 29584 10944 2287 829 35560 15960 19671 14057 8566 5491 344538 272453 100252 58940 23974 41312
is_linear=0
shrinkage=0.05


Tree=76
num_leaves=31
num_cat=0
split_feature=10 11 10 10 9 10 10 11 10 10 11 10 11 11 4 2 10 2 11 1 12 5 9 1 10 10 10 10 11 10
split_gain=2492.71 1284.67 732.865 635.914 589.205 472.54 925.741 1222.17 968.159 1277.54 863.971 1075.17 648.776 1535.65 1525.76 665.718 647.898 567.772 513.447 592.077 655.484 1105.24 617.974 504.82 530.8 459.791 1302.91 756.35 814.654 455.038
threshold=0.56314551830291759 -0.73829901218414296 0.90518480539321911 -0.99628895521163929 27.16437911987305 -0.021515898406505581 -0.3334656953811645 -0.87792757153511036 -0.23448921740055081 -0.15005400776863095 -0.9412824511528014 0.28435654938220983 -0.67758968472480763 -0.61186373233795155 3.1305053234100346 2.242645382881165 0.081675637513399138 5.2483232021331796 -0.91583034396171559 31.427606582641605 17.750000000000004 33.441766738891609 29.294579505920414 33.636152267456062 -0.20931270718574521 0.94130858778953563 0.95992380380630504 0.9946616291999818 0.047319635748863227 -0.63874351978301991
decision_type=2 2 2 2 2 2 2 2 2 2 2 2 2 2 2 2 2 2 2 2 2 2 2 2 2 2 2 2 2 2
left_child=3 -2 -3 -1 -5 6 7 18 17 23 11 16 14 -14 15 -9 -7 -8 19 22 -21 -22 -6 24 -10 -4 -27 -28 -29 -16
right_child=1 2 25 4 5 10 8 12 9 -11 -12 -13 13 -15 29 -17 -18 -19 -20 20 21 -23 -24 -25 -26 26 27 28 -30 -31
leaf_value=0.0075588681347490728 0.020096075095404498 0.00050312398320213317 0.014233428128156884 -0.010958783379005304 -0.021089650616110463 0.014380130285728116 -0.023159172131558232 0.0036659541796373141 -0.01183428082303381 -0.011965132883566799 -0.0022922959502730458 0.029326801670185518 0.021413299606448985 -0.0025842442266944478 -0.040318894782619449 -0.017522126734300966 -0.0016445686460045711 -0.00032466337244137217 0.021891919979923142 0.0028389627676510452 -0.027710203670645764 -0.18700400822101132 0.030119331522936551 0.038616715165954385 0.010627336090323444 -0.010320407259959365 0.01292080095674808 -0.0054199038417094211 0.018305978204361917 -0.017499088041942699
leaf_weight=16080 12864 86832 17688 19943 796 9430 14181 14371 3644 22301 77747 4763 6966 155063 3638 4996 19050 3369 7272 1713 802 126 2267 1173 9454 11256 33768 14472 4824 5468
leaf_count=16080 12864 86832 17688 19943 796 9430 14181 14371 3644 22301 77747 4763 6966 155063 3638 4996 19050 3369 7272 1713 802 126 2267 1173 9454 11256 33768 14472 4824 5468
internal_value=-2.23921e-12 0.00486494 0.00370447 -0.00218475 -0.002588 -0.00213509 -0.00331022 -0.00176437 -0.00912206 -0.00448951 0.000592306 0.00733866 -0.00277571 -0.00155253 -0.00973632 -0.00179982 0.00366136 -0.0187757 0.0130833 0.00185312 -0.0154952 -0.0493385 0.0168113 0.0071925 0.00437828 0.00709413 0.00513082 0.00840835 0.000511567 -0.026616
internal_weight=586317 181704 168840 404613 388533 368590 257600 203478 54122 36572 110990 33243 190502 162029 28473 19367 28480 17550 12976 5704 2641 928 3063 14271 13098 82008 64320 53064 19296 9106
internal_count=586317 181704 168840 404613 388533 368590 257600 203478 54122 36572 110990 33243 190502 162029 28473 19367 28480 17550 12976 5704 2641 928 3063 14271 13098 82008 64320 53064 19296 9106
is_linear=0
shrinkage=0.05


Tree=77
num_leaves=31
num_cat=0
split_feature=9 10 11 8 10 10 13 13 1 10 10 11 11 12 9 11 5 10 10 10 10 10 1 10 2 3 13 9 9 10
split_gain=2276.29 730.418 986.211 726.427 718.458 687.497 549.895 483.8 437.445 430.367 499.632 684.996 466.344 410.157 394.382 484.046 484.283 471.755 541.557 701.522 469.89 566.074 432.83 381.064 388.711 688.977 679.408 502.554 415.979 412.171
threshold=36.461299896240241 -0.021515898406505581 -0.98798605799674977 0.42567081749439245 -0.11593352630734442 -0.98521098494529713 81.250000000000014 76.750000000000014 43.429134368896491 0.95992380380630504 0.9946616291999818 0.030119189061224464 -0.32533003389835352 16.250000000000004 27.53487586975098 0.78827583789825451 27.428091049194339 -0.48250326514244074 -0.70252096652984608 -0.63874351978301991 -0.20931270718574521 -0.10738035291433333 29.153871536254886 -0.97109106183052052 0.10519644618034364 30.229525566101078 78.250000000000014 32.49201965332032 32.391881942749031 -0.18399664759635923
decision_type=2 2 2 2 2 2 2 2 2 2 2 2 2 2 2 2 2 2 2 2 2 2 2 2 2 2 2 2 2 2
left_child=1 2 4 6 -1 -4 -3 13 9 12 -11 -12 -2 -5 17 23 -17 18 -7 -20 22 -22 -18 -16 -25 26 28 -28 -26 -27
right_child=8 3 5 7 -6 14 -8 -9 -10 10 11 -13 -14 -15 15 16 20 -19 19 -21 21 -23 -24 24 25 29 27 -29 -30 -31
leaf_value=-0.037570474615269571 0.0053650669235999005 0.00098694497843314572 0.0043986252173401404 -0.012921665840198228 -0.0098686635217707583 -0.0087916486566430464 -0.0065711623168871625 0.011438944811830215 0.028284509871849651 0.016800385768292816 -0.0036289872359821979 0.022160519616522545 -0.0074052807741186227 0.016164114576189176 -0.009915275208129605 0.011861440627196174 -0.019749847678434421 -0.0028376338567008266 -0.064352842712513125 -0.017569091944798134 0.0093232195500324647 -0.010997372956976998 -0.0076571702271343248 0.0014306910557462791 -0.0031591151559539205 -0.0084146175596362133 0.01325674890416605 -0.011311797902654245 -0.035069572725800198 0.022242269531182066
leaf_weight=3141 70948 130086 32157 4223 9185 5558 29528 23172 2249 16840 9105 3590 7950 1700 12497 3187 10634 10142 1228 2306 7148 6584 24329 85942 13189 41681 13318 2467 1107 1126
leaf_count=3141 70948 130086 32157 4223 9185 5558 29528 23172 2249 16840 9105 3590 7950 1700 12497 3187 10634 10142 1228 2306 7148 6584 24329 85942 13189 41681 13318 2467 1107 1126
internal_value=1.76714e-12 -0.00150286 -0.00309188 0.000913197 -0.0169278 -0.00247083 -0.000411277 0.00817921 0.00645826 0.00600557 0.011154 0.00366399 0.00407829 -0.00457356 -0.00338197 -0.00279 -0.00702118 -0.0102518 -0.0185222 -0.0338256 -0.00825702 -0.000419774 -0.0113352 -0.00150869 -0.000847251 -0.00353316 0.00226587 0.00941699 -0.00563008 -0.00760822
internal_weight=586317 475635 286926 188709 12326 274600 159614 29095 110682 108433 29535 12695 78898 5923 242443 223209 51882 19234 9092 3534 48695 13732 34963 171327 158830 72888 30081 15785 14296 42807
internal_count=586317 475635 286926 188709 12326 274600 159614 29095 110682 108433 29535 12695 78898 5923 242443 223209 51882 19234 9092 3534 48695 13732 34963 171327 158830 72888 30081 15785 14296 42807
is_linear=0
shrinkage=0.05


Tree=78
num_leaves=31
num_cat=0
split_feature=10 12 13 5 10 1 5 11 12 11 10 12 3 10 10 11 13 11 10 5 5 13 13 12 11 1 3 12 11 10
split_gain=2100.09 825.27 1011.54 648.079 599.933 571.164 482.642 609.575 551.771 471.488 422.477 415.281 535.999 510.273 527.165 414.952 407.558 405.91 472.23 392.789 369.95 360.432 797.077 715.834 1027.78 613.466 551.089 491.649 530.547 561.31
threshold=0.45972847938537603 14.250000000000002 80.750000000000014 40.750810623168952 -0.98521098494529713 26.488616943359379 30.490084648132328 0.42887605726718908 17.750000000000004 0.25118076056241995 -0.16705007851123807 15.250000000000002 26.241848945617679 -0.3334656953811645 -0.25118774175643915 0.95989713072776806 78.250000000000014 0.70860043168067943 0.49002411961555487 36.72798156738282 34.742454528808601 80.750000000000014 78.750000000000014 17.250000000000004 -0.37370587885379786 32.92625808715821 38.476703643798835 14.750000000000002 0.16704543679952624 -0.012910176534205673
decision_type=2 2 2 2 2 2 2 2 2 2 2 2 2 2 2 2 2 2 2 2 2 2 2 2 2 2 2 2 2 2
left_child=3 16 6 4 -1 10 17 8 -8 -4 11 -6 -13 -14 15 -15 -2 -3 -19 -9 -11 22 27 24 25 -24 -25 -7 29 -29
right_child=1 2 9 -5 5 21 7 19 -10 20 -12 12 13 14 -16 -17 -18 18 -20 -21 -22 -23 23 26 -26 -27 -28 28 -30 -31
leaf_value=0.0041843194603637841 -0.0060973618123877507 0.059201419100465183 0.0033209342414185954 0.024056279423322953 -0.018218183554565615 -0.0075547944576504211 0.006266006210397467 0.0029944743668695473 0.014532866768891367 -0.0045896959377230446 -0.029762631187438555 0.030077674981148668 0.0047382895432479862 -0.057516214425700742 -0.0052886454233784441 -0.18792796458455396 0.0036918088967436142 0.056619638165713242 0.007771704356976248 -0.021709865563210126 -0.026939980611386624 -0.0057657534348834038 0.026366995937841076 -0.0024209811094727954 -0.00053078591347547417 0.008458737006107506 -0.045270207901709728 -0.0083493525287245234 0.0015417981034365068 0.0030917037476490437
leaf_weight=32160 25400 730 26208 2338 4347 57823 46859 30054 35458 14338 3122 1317 1503 185 307 91 18288 621 2434 1700 2126 70593 6422 39238 31422 18728 765 40880 56329 14531
leaf_count=32160 25400 730 26208 2338 4347 57823 46859 30054 35458 14338 3122 1317 1503 185 307 91 18288 621 2434 1700 2126 70593 6422 39238 31422 18728 765 40880 56329 14531
internal_value=3.77909e-13 0.00409324 0.00575141 -0.00218765 -0.00234922 -0.0029537 0.00813967 0.00755682 0.00982695 -0.000844732 -0.0142334 -0.00797756 0.00510385 -0.0106634 -0.0503697 -0.100514 -0.00199957 0.0257052 0.0177012 0.00167189 -0.00747579 -0.00258952 -0.00174702 0.00187874 0.00549858 0.0130316 -0.00324041 -0.00381209 -0.00187532 -0.00534905
internal_weight=586317 204216 160528 382101 379763 347603 117856 114071 82317 42672 10872 7750 3403 2086 583 276 43688 3785 3055 31754 16464 336731 266138 96575 56572 25150 40003 169563 111740 55411
internal_count=586317 204216 160528 382101 379763 347603 117856 114071 82317 42672 10872 7750 3403 2086 583 276 43688 3785 3055 31754 16464 336731 266138 96575 56572 25150 40003 169563 111740 55411
is_linear=0
shrinkage=0.05


Tree=79
num_leaves=31
num_cat=0
split_feature=10 11 10 13 11 11 12 12 13 11 10 3 3 13 13 7 11 9 10 1 7 10 10 10 3 11 10 10 10 11
split_gain=1911.75 1121.44 606.444 541.945 1321.15 925.431 804.954 749.991 1334.55 684 688.166 1242.3 753.664 680.601 679.344 620.135 561.01 546.944 594.248 536.964 502.181 444.147 500.355 443.317 623.606 573.89 435.74 1111.39 647.117 693.028
threshold=0.56314551830291759 -0.73829901218414296 0.90518480539321911 76.750000000000014 -0.09024826809763907 0.41326330602169042 16.250000000000004 17.250000000000004 78.750000000000014 -0.09024826809763907 0.20088869333267215 31.205626487731937 35.910558700561531 81.750000000000014 83.250000000000014 25.500941276550297 -0.22610731422901151 34.259746551513679 0.38168568909168249 32.251585006713874 30.690706253051761 -0.86095303297042836 -0.82391539216041554 0.87795194983482372 36.473411560058601 -0.43663504719734186 0.94130858778953563 0.95992380380630504 0.9946616291999818 0.047319635748863227
decision_type=2 2 2 2 2 2 2 2 2 2 2 2 2 2 2 2 2 2 2 2 2 2 2 2 2 2 2 2 2 2
left_child=3 -2 23 4 6 7 -1 8 -5 10 11 14 16 21 15 -9 -13 18 -12 -10 -18 -7 -23 -3 25 -25 -4 -28 -29 -30
right_child=1 2 26 5 -6 13 -8 9 19 -11 17 12 -14 -15 -16 -17 20 -19 -20 -21 -22 22 -24 24 -26 -27 27 28 29 -31
leaf_value=-0.020558916123086884 0.018491160318032062 0.0016428087967171952 0.013209757502162229 -0.0010816185641505411 0.0007171685880304516 -0.015214475004048121 -0.004892806767987817 -0.072179298450867804 0.021086680761181396 0.0062314696603110141 0.039967102737857751 -0.0089910035045691564 -0.048884139676399464 -0.012227888595417999 0.025253749828962269 -0.00013957818846028916 0.00072638148017510271 0.0020226498185704623 -0.049484783494633054 0.0077487245875408062 -0.045806906488726984 0.014500189007351236 -0.0026356626188969658 -0.052515953809161853 0.0030398814328771676 -0.012713237796537902 -0.0099220332412305063 0.011549381424721009 -0.0053996527742184129 0.01648355602023192
leaf_weight=17424 12864 75576 17688 53152 35530 6672 15488 302 9717 20880 1729 33419 1347 22540 2721 27610 818 14071 208 33771 1991 4448 100775 1126 5503 4627 11256 33768 14472 4824
leaf_count=17424 12864 75576 17688 53152 35530 6672 15488 302 9717 20880 1729 33419 1347 22540 2721 27610 818 14071 208 33771 1991 4448 100775 1126 5503 4627 11256 33768 14472 4824
internal_value=2.50663e-12 0.00426046 0.00317622 -0.00191329 -0.00596881 -0.00108762 -0.0131866 0.00105392 0.00423315 -0.0018695 -0.00387801 -0.00606763 -0.0121603 -0.00430126 0.00140579 -0.000919028 -0.0107949 0.00545171 0.0303615 0.010729 -0.0322561 -0.00270453 -0.00191129 0.000264053 -0.00899331 -0.0205036 0.00625968 0.00434841 0.00737548 7.11494e-05
internal_weight=586317 181704 168840 404613 68442 336171 32912 201736 96640 105096 84216 68208 37575 134435 30633 27912 36228 16008 1937 43488 2809 111895 105223 86832 11256 5753 82008 64320 53064 19296
internal_count=586317 181704 168840 404613 68442 336171 32912 201736 96640 105096 84216 68208 37575 134435 30633 27912 36228 16008 1937 43488 2809 111895 105223 86832 11256 5753 82008 64320 53064 19296
is_linear=0
shrinkage=0.05


Tree=80
num_leaves=31
num_cat=0
split_feature=10 12 11 13 5 7 11 10 1 11 13 11 13 12 3 11 13 11 13 13 3 10 11 3 12 10 3 9 7 11
split_gain=1738.21 739.438 936.192 779.617 642.99 585.515 639.043 1155.37 835.503 576.117 548.471 533.369 577.245 790.43 891.842 1070.35 642.069 617.841 612.387 557.441 521.654 637.342 461.208 447.837 439.091 437.296 434.426 416.116 400.193 390.421
threshold=0.25118774175643926 14.750000000000002 0.23448270559310916 79.750000000000014 29.988348007202152 27.168518066406254 -0.66483077406883229 -0.48250326514244074 28.311072349548343 -0.98208922147750843 77.750000000000014 0.57727023959159862 77.250000000000014 17.250000000000004 31.205626487731937 -0.09024826809763907 83.250000000000014 -0.07309242337942122 79.250000000000014 81.750000000000014 34.096069335937507 -0.97505551576614369 -0.99981480836868275 38.825445175170906 19.250000000000004 0.030120026320219043 36.647703170776374 32.560945510864265 30.690706253051761 -0.43663504719734186
decision_type=2 2 2 2 2 2 2 2 2 2 2 2 2 2 2 2 2 2 2 2 2 2 2 2 2 2 2 2 2 2
left_child=5 10 24 4 -4 6 7 8 -1 -9 29 12 17 18 16 20 -15 -7 -14 -13 21 28 -22 -6 -3 -23 -5 -27 -16 -2
right_child=1 2 3 26 23 11 -8 9 -10 -11 -12 19 13 14 15 -17 -18 -19 -20 -21 22 25 -24 -25 -26 27 -28 -29 -30 -31
leaf_value=-0.026230207907926746 -0.014724825142589793 0.0059797800571114645 0.0250179206808612 -0.004860094028589803 0.0034658336436936793 -0.0086652811624895378 -0.0041621051985037093 -0.04056424318395091 -0.085201351280820015 0.0037985854929875199 0.0028588805761090123 -0.0033558727185079352 0.0013377020606262942 0.0018086704793177832 -0.00029653831018991889 0.0035982777686428841 0.024150489121816516 0.0032738488664440647 0.010571222256966066 -0.014269670762431554 0.033045322847662935 -0.0084763292819105829 -0.027221742894121999 -0.054756528757758688 0.013383746970945555 0.038101783011060868 -0.054679101043373458 -0.0004317696677491827 -0.043966916054644173 -0.0024355057641587889
leaf_weight=1465 9600 80640 3606 30300 40413 35814 12081 966 1018 3019 34272 89880 49226 30629 725 18755 3593 15537 28269 13451 335 24145 6060 333 26640 982 444 2445 1898 19776
leaf_count=1465 9600 80640 3606 30300 40413 35814 12081 966 1018 3019 34272 89880 49226 30629 725 18755 3593 15537 28269 13451 335 24145 6060 333 26640 982 444 2445 1898 19776
internal_value=1.5583e-12 0.00320179 0.00482114 0.000539404 0.00478097 -0.00231482 -0.0109527 -0.0236363 -0.0504077 -0.00695536 -0.00143828 -0.00181683 -0.000416584 0.00100852 -0.00219056 -0.00611388 0.00415436 -0.00505292 0.00470595 -0.00477656 -0.0110921 -0.00834459 -0.0240647 0.00299001 0.00781835 -0.00610404 -0.00557957 0.0106099 -0.0318964 -0.00645162
internal_weight=586317 246024 182376 75096 44352 340293 18549 6468 2483 3985 63648 321744 218413 167062 89567 55345 34222 51351 77495 103331 36590 30195 6395 40746 107280 27572 30744 3427 2623 29376
internal_count=586317 246024 182376 75096 44352 340293 18549 6468 2483 3985 63648 321744 218413 167062 89567 55345 34222 51351 77495 103331 36590 30195 6395 40746 107280 27572 30744 3427 2623 29376
is_linear=0
shrinkage=0.05


Tree=81
num_leaves=31
num_cat=0
split_feature=10 11 12 13 1 13 12 12 11 11 3 1 11 3 10 3 4 13 3 10 13 10 10 7 10 1 3 11 7 11
split_gain=1591.64 1002.87 556.858 886.54 498.6 425.695 1098.71 1035.49 904.175 597.418 512.506 484.788 442.631 662.062 516.044 720.575 464.868 424.879 410.999 1146.83 674.358 401.98 835.058 665.7 656.93 587.764 393.753 392.021 751.554 536.152
threshold=0.56314551830291759 -0.73829901218414296 14.250000000000002 79.750000000000014 24.853873252868656 77.750000000000014 17.250000000000004 15.250000000000002 -0.37370587885379786 -0.09024826809763907 29.0031852722168 30.74163913726807 0.94968265295028698 25.515925407409672 -0.20931270718574521 28.626117706298832 0.12160332128405572 79.250000000000014 35.160041809082038 0.63209757208824169 78.250000000000014 0.7440970540046693 0.77758994698524486 31.493520736694339 0.90518480539321911 40.138969421386726 33.261857986450202 -0.59815874695777882 38.37079048156739 -0.51235243678092945
decision_type=2 2 2 2 2 2 2 2 2 2 2 2 2 2 2 2 2 2 2 2 2 2 2 2 2 2 2 2 2 2
left_child=4 18 -3 21 -1 7 8 -6 11 -9 -11 -7 13 -8 15 16 -14 -13 19 -2 -21 25 -23 -24 27 26 -4 28 -25 -29
right_child=1 2 3 -5 5 6 12 9 -10 10 -12 17 14 -15 -16 -17 -18 -19 -20 20 -22 22 23 24 -26 -27 -28 29 -30 -31
leaf_value=-0.024959473927747639 0.00093437080115952784 -0.0026421383555173933 0.0042353980905085525 -0.00072488051743070615 -0.0091499645821344726 0.022334233129057905 0.051643841161052188 -0.0047420855438377639 -0.00051231615569314898 0.019663453453138441 0.0019396393576341217 0.0021209088870864112 -0.054729058354010089 -0.0024099616039073655 -0.006556974531449886 -0.012553532964427461 -0.2067370400289601 0.012148734182628532 0.013415274023728385 0.04629075222401724 0.13178507809917947 0.029876507878999016 0.05641634832357121 0.026292342783934178 0.011082841324149216 0.024332773585554732 -0.013136113143657558 0.016965562552998192 -0.048426862131837424 -0.0025653002390378095
leaf_weight=2300 1052 36120 7209 52080 55416 5548 569 38641 68271 4583 37069 23527 986 128029 18078 2373 53 19170 10780 684 348 4608 696 498 38920 2193 5958 4596 1038 14924
leaf_count=2300 1052 36120 7209 52080 55416 5548 569 38641 68271 4583 37069 23527 986 128029 18078 2373 53 19170 10780 684 348 4608 696 498 38920 2193 5958 4596 1038 14924
internal_value=3.07458e-12 0.00388744 0.00286212 0.00436012 -0.00174578 -0.00161307 -0.000452665 -0.00389271 0.00319032 -0.000264292 0.0038898 0.00842989 -0.00328078 -0.00217079 -0.00992305 -0.0277578 -0.0624831 0.00662318 0.0173448 0.0376713 0.0751202 0.00764418 0.00935657 0.00779809 0.00723389 0.000366523 -0.00362512 0.000119476 -0.0242015 0.00203326
internal_weight=586317 181704 168840 132720 404613 402313 266604 135709 116516 80293 41652 48245 150088 128598 21490 3412 1039 42697 12864 2084 1032 80640 65280 60672 59976 15360 13167 21056 1536 19520
internal_count=586317 181704 168840 132720 404613 402313 266604 135709 116516 80293 41652 48245 150088 128598 21490 3412 1039 42697 12864 2084 1032 80640 65280 60672 59976 15360 13167 21056 1536 19520
is_linear=0
shrinkage=0.05


Tree=82
num_leaves=31
num_cat=0
split_feature=10 11 11 3 13 13 12 11 10 11 11 5 9 10 3 11 10 13 3 5 6 11 12 3 11 11 11 10 10 10
split_gain=1443.82 679.915 724.451 804.892 682.754 613.672 893.581 894.69 519.391 769.502 1167.91 657.811 619.987 584.332 1005.61 892.099 559.846 552.795 747.625 515.076 494.519 564.414 490.727 587.267 614.17 637.129 693.645 798.875 723.565 630.946
threshold=0.25118774175643926 -0.9412824511528014 -0.86092913150787342 40.276466369628913 78.750000000000014 81.750000000000014 15.250000000000002 0.23448270559310916 -0.90880924463272084 -0.37370587885379786 -0.17552498728036878 30.931035995483402 32.814941406250007 -0.8779519498348235 34.751655578613288 -0.45205545425415034 -0.82391539216041554 80.750000000000014 35.600713729858406 32.849412918090827 1.0000000180025095e-35 0.50494235754013073 14.750000000000002 28.796261787414554 -0.98518359661102284 -0.95744973421096791 -0.66483077406883229 -0.65189296007156361 -0.69016700983047474 1.0000000180025095e-35
decision_type=2 2 2 2 2 2 2 2 2 2 2 2 2 2 2 2 2 2 2 2 2 2 2 2 2 2 2 2 2 2
left_child=8 -2 3 4 -3 6 -4 -8 9 -1 11 -11 -12 14 -10 -16 20 19 -19 22 21 -15 -18 24 29 -26 27 28 -27 -24
right_child=1 2 5 -5 -6 -7 7 -9 13 10 12 -13 -14 16 15 -17 17 18 -20 -21 -22 -23 23 -25 25 26 -28 -29 -30 -31
leaf_value=0.020763668505560041 0.017218682971614368 -0.022261401488404452 -0.00037274947494658289 0.016524853203256248 -0.00070303937413593819 -0.0033429741489516733 0.010750132624787224 0.0021851491401717387 -0.010979565533870073 0.00033716743854543925 0.00059982423011818123 -0.018350345239004858 0.012395786080414917 -0.010686963956754763 -0.16314315466890827 -0.019341841962055437 -0.0075544630411705053 -0.0072084429244647615 -0.050255045098873963 0.0032092239110605575 0.015446528008998784 0.011441028985266163 -0.056519964173276649 -0.003131603101083979 0.042567001398786108 -0.019860093272721067 0.014525150468322671 0.0051677570314307524 -0.10096615992728515 0.058811626456164084
leaf_weight=4824 8040 7773 66856 2953 6962 30688 66304 56448 12432 8159 40983 11137 15297 6538 208 224 48042 46555 1031 36640 7605 5153 651 79265 1333 1232 9162 3323 354 145
leaf_count=4824 8040 7773 66856 2953 6962 30688 66304 56448 12432 8159 40983 11137 15297 6538 208 224 48042 46555 1031 36640 7605 5153 651 79265 1333 1232 9162 3323 354 145
internal_value=-1.23098e-12 0.00291808 0.00243495 -0.00730069 -0.0120755 0.00321665 0.00427832 0.00681149 -0.00210971 0.00140234 0.000166509 -0.0104486 0.00380599 -0.00319618 -0.0135855 -0.0885795 -0.00265516 -0.00334803 -0.00814109 -0.00208194 0.00552213 -0.000933688 -0.00343287 -0.00135871 0.00731588 0.00952896 0.00639914 -0.008767 -0.0379632 -0.0355111
internal_weight=586317 246024 237984 17688 14735 220296 189608 122752 340293 80400 75576 19296 56280 259893 12864 432 247029 227733 47586 180147 19296 11691 143507 95465 16200 15404 14071 4909 1586 796
internal_count=586317 246024 237984 17688 14735 220296 189608 122752 340293 80400 75576 19296 56280 259893 12864 432 247029 227733 47586 180147 19296 11691 143507 95465 16200 15404 14071 4909 1586 796
is_linear=0
shrinkage=0.05


Tree=83
num_leaves=31
num_cat=0
split_feature=10 11 11 3 13 9 7 11 10 1 10 5 13 12 11 7 11 10 10 10 11 5 3 3 9 8 13 3 11 12
split_gain=1303.04 613.623 653.817 726.415 616.185 563.539 505.151 544.408 905.271 766.439 509.106 485.253 485.048 665.021 632.457 476.834 441.364 435.666 547.306 548.374 521.391 429.022 404.123 397.058 373.699 360.544 359.691 572.54 556.098 479.761
threshold=0.25118774175643926 -0.9412824511528014 -0.86092913150787342 40.276466369628913 78.750000000000014 42.44030952453614 27.020131111145023 -0.66483077406883229 -0.48250326514244074 28.311072349548343 -0.39753912389278406 33.541278839111335 81.750000000000014 15.250000000000002 0.23448270559310916 28.441049575805668 0.78827583789825451 -0.22611359506845471 -0.32533907890319819 -0.45972847938537592 0.99548450112342846 33.638193130493171 41.532094955444343 38.825445175170906 35.290496826171882 2.9021174907684331 76.750000000000014 29.095638275146488 -0.07309242337942122 17.250000000000004
decision_type=2 2 2 2 2 2 2 2 2 2 2 2 2 2 2 2 2 2 2 2 2 2 2 2 2 2 2 2 2 2
left_child=6 11 3 4 25 12 7 8 9 -1 -10 24 13 -4 21 -16 26 18 19 -18 -19 -15 -7 -17 -2 -3 28 -28 -8 -29
right_child=1 2 5 -5 -6 22 16 -9 10 -11 -12 -13 -14 14 15 23 17 20 -20 -21 -22 -23 -24 -25 -26 -27 27 29 -30 -31
leaf_value=-0.023951396782740567 0.0073392491519033952 -0.027322331384257426 -0.00036769442734480885 0.015698610626663067 -0.00066788744677388724 0.044775504722639414 -0.0097817740725185155 -0.003813238458511697 0.035712513194425886 -0.083703313469375762 -0.015526390834732019 0.025189837543804661 -0.0031783736123137001 0.036629157664695308 0.023998507845847752 0.0014549177052799406 -0.011167230225500431 0.0032397429352721617 -0.019547397367668591 0.0029994259850124449 -0.008384232761287979 0.0087801113231868663 0.011814661978756762 -0.052512518354927797 -0.04300102607681467 -0.00236627212029691 0.0079676839302041166 0.0020272407309734832 0.002615129076041796 -0.0030524967880152104
leaf_weight=1345 2301 5850 66801 2953 6962 1167 23426 10603 578 893 3006 5300 30677 1416 2376 53729 16638 24844 8939 11589 15771 59209 4578 343 439 1923 21724 89534 14737 96666
leaf_count=1345 2301 5850 66801 2953 6962 1167 23426 10603 578 893 3006 5300 30677 1416 2376 53729 16638 24844 8939 11589 15771 59209 4578 343 439 1923 21724 89534 14737 96666
internal_value=7.67678e-12 0.00277218 0.00231321 -0.00693565 -0.0114717 0.00305581 -0.00200422 -0.0105585 -0.022843 -0.0477934 -0.00726297 0.0163577 0.002642 0.00361305 0.00588443 0.00207589 -0.00157039 -0.00485355 -0.00876538 -0.00535091 -0.0012739 0.00943057 0.0185101 0.00111258 -0.000726218 -0.0211483 -0.000532675 0.000286279 -0.00499459 -0.000609912
internal_weight=586317 246024 237984 17688 14735 220296 340293 16425 5822 2238 3584 8040 214551 183874 117073 56448 323868 77781 37166 28227 40615 60625 5745 54072 2740 7773 246087 207924 38163 186200
internal_count=586317 246024 237984 17688 14735 220296 340293 16425 5822 2238 3584 8040 214551 183874 117073 56448 323868 77781 37166 28227 40615 60625 5745 54072 2740 7773 246087 207924 38163 186200
is_linear=0
shrinkage=0.05


Tree=84
num_leaves=31
num_cat=0
split_feature=10 11 10 10 1 1 3 10 13 10 10 10 11 11 9 10 7 10 10 11 1 7 9 11 7 1 10 11 1 5
split_gain=1183.88 876.951 473.047 486.752 625.737 441.475 389.397 1056.65 606.635 385.24 371.401 961.22 608.146 817.229 384.874 361.025 339.62 353.617 1765.91 848.914 744.818 626.879 623.204 582.086 525.436 573.494 476.202 435.094 416.093 744.942
threshold=0.56314551830291759 -0.73829901218414296 0.90149331092834484 0.88606244325637828 35.605012893676765 24.853873252868656 35.520656585693366 0.63209757208824169 78.250000000000014 -0.99628895521163929 0.94130858778953563 0.95992380380630504 -0.14153505116701123 0.047319635748863227 41.308223724365241 0.89001935720443737 26.862654685974125 0.7440970540046693 0.77758994698524486 -0.59815874695777882 40.591190338134773 30.068468093872074 29.467936515808109 -0.51235243678092945 38.261199951171882 31.300760269165043 0.84293374419212352 -0.70250144600868214 38.153575897216804 37.939109802246101
decision_type=2 2 2 2 2 2 2 2 2 2 2 2 2 2 2 2 2 2 2 2 2 2 2 2 2 2 2 2 2 2
left_child=5 6 3 16 15 -1 7 -2 -9 -7 -4 14 -13 -14 -12 -5 -3 20 -19 24 22 -21 -18 26 25 -20 -23 28 29 -24
right_child=1 2 10 4 -6 9 -8 8 -10 -11 11 12 13 -15 -16 -17 17 18 19 21 -22 23 27 -25 -26 -27 -28 -29 -30 -31
leaf_value=-0.023349081096221715 0.0013360906553925099 0.055049030411141453 0.011149767869485476 -0.081801075188803585 0.00053242015171614694 0.0062055802715825252 0.011860626255529869 0.041465729874057097 0.11752545288110879 -0.0016963128018697698 -0.012603623726705754 0.01551811989877176 -0.0050147856493658145 0.0093470041185798308 0.023193781247858376 -0.024665526043151607 -0.032013710670512577 0.022480526450143003 -0.16658593991564338 0.04817573669174554 0.02228940417600335 0.0023742064602306073 -0.018728165855360558 -0.0044346754317981492 -0.046770293741316679 -0.00090013460677917901 0.02606838532648538 -0.0012367399300836296 0.0027982051335045856 -0.091194738196860803
leaf_weight=2300 1179 288 19296 310 3565 16066 10548 727 410 386247 10447 12864 17688 22512 809 2557 2085 9647 54 684 2593 6430 1778 23414 1571 1591 3164 23791 1259 443
leaf_count=2300 1179 288 19296 310 3565 16066 10548 727 410 386247 10447 12864 17688 22512 809 2557 2085 9647 54 684 2593 6430 1778 23414 1571 1591 3164 23791 1259 443
internal_value=-1.63057e-12 0.0033527 0.00239391 -0.000227581 -0.013453 -0.00150564 0.0159369 0.0345018 0.0688927 -0.00138076 0.00506581 0.00324063 0.00605577 0.00302782 -0.0100308 -0.0308434 0.000852049 0.000653222 0.00343316 -0.00154543 -0.00339762 0.000797377 -0.00566654 -0.000184409 -0.0260895 -0.00633906 0.0101883 -0.00365217 -0.0201652 -0.0331823
internal_weight=586317 181704 168840 85224 6432 404613 12864 2316 1137 402313 83616 64320 53064 40200 11256 2867 78792 78504 46555 36908 31949 33692 29356 33008 3216 1645 9594 27271 3480 2221
internal_count=586317 181704 168840 85224 6432 404613 12864 2316 1137 402313 83616 64320 53064 40200 11256 2867 78792 78504 46555 36908 31949 33692 29356 33008 3216 1645 9594 27271 3480 2221
is_linear=0
shrinkage=0.05


Tree=85
num_leaves=31
num_cat=0
split_feature=10 11 10 13 12 11 3 13 5 10 11 11 10 3 10 11 11 10 6 11 7 0 10 5 5 10 13 10 0 9
split_gain=1092.39 701.523 734.99 673.134 753.59 752.33 768.477 732.754 413.865 413.501 701.803 1028.77 539.1 1205.2 703.414 640.964 443.795 1443.04 646.496 1196.35 656.336 487.915 448.816 473.45 440.681 788.818 604.544 856.797 553.747 505.683
threshold=-0.021515898406505581 -0.98798605799674977 -0.11593352630734442 81.250000000000014 14.750000000000002 0.74407637119293224 32.965085983276374 78.250000000000014 29.988348007202152 -0.90880924463272084 -0.37370587885379786 -0.07309242337942122 -0.86958134174346913 34.689256668090827 -0.82391539216041554 -0.45205545425415034 -0.87792757153511036 -0.39753912389278406 8.5893650054931658 -0.66483077406883229 27.544954299926761 39.390071868896491 -0.20088869333267209 31.957645416259769 30.96187782287598 -0.99466162919998158 78.750000000000014 -0.95236876606941212 1.0000000180025095e-35 30.070989608764652
decision_type=2 2 2 2 2 2 2 2 2 2 2 2 2 2 2 2 2 2 2 2 2 2 2 2 2 2 2 2 2 2
left_child=1 2 -1 4 7 6 -6 -2 -7 10 -3 24 13 -11 -14 -15 17 -16 -18 20 -20 22 -19 -24 25 28 -27 -28 29 -12
right_child=3 9 -4 -5 5 8 -8 -9 -10 12 11 -13 14 15 16 -17 18 21 19 -21 -22 -23 23 -25 -26 26 27 -29 -30 -31
leaf_value=-0.034304143552098008 -0.0050594271432830296 0.019850365581480633 -0.0067033142230035897 -0.0030531614772908392 0.018484852914436637 0.0068102758285762087 0.0056584438196067557 0.0048158219666877659 -0.0042372560529567059 -0.0089702240262886281 -0.041995627560046211 0.0047760339445684268 0.007864735425700568 -0.12426195402444198 0.020513392038726909 -0.019438675025406655 -0.0032594067337307466 -0.0090160837622352778 -0.060055707788279677 0.00053868337004808113 -0.021719848131961365 0.027549501185168107 -0.0051256355761524937 0.027680986130351699 -0.012783695958744228 -0.0045890013906960334 0.03146458000611773 -0.023735311650219346 -0.013004119138536311 -0.15029467261859222
leaf_weight=3216 44400 4824 9648 51800 12990 12166 115602 32560 27962 15478 304 46632 16080 354 8040 248 119006 18427 1459 6032 4756 1170 2636 1887 15974 7547 3186 902 864 167
leaf_count=3216 44400 4824 9648 51800 12990 12166 115602 32560 27962 15478 304 46632 16080 354 8040 248 119006 18427 1459 6032 4756 1170 2636 1887 15974 7547 3186 902 864 167
internal_value=1.4354e-12 -0.00219026 -0.0136035 0.00212662 0.00321875 0.00508901 0.00695413 -0.000881437 -0.000887867 -0.00165825 0.00136032 0.000180104 -0.00289918 -0.0116698 -0.00211346 -0.0810789 -0.00309533 0.00216866 -0.00438512 -0.0153239 -0.0307194 -0.00394625 -0.00555192 0.00856132 -0.00722445 -0.00037762 0.0037992 0.019285 -0.0367801 -0.0803947
internal_weight=586317 288837 12864 297480 245680 168720 128592 76960 40128 275973 80400 75576 195573 16080 179493 602 163413 32160 131253 12247 6215 24120 22950 4523 28944 12970 11635 4088 1335 471
internal_count=586317 288837 12864 297480 245680 168720 128592 76960 40128 275973 80400 75576 195573 16080 179493 602 163413 32160 131253 12247 6215 24120 22950 4523 28944 12970 11635 4088 1335 471
is_linear=0
shrinkage=0.05


Tree=86
num_leaves=31
num_cat=0
split_feature=10 11 11 3 13 9 4 13 7 11 10 1 11 12 11 11 13 13 12 12 3 11 13 13 10 9 9 11 1 11
split_gain=1005.52 1011.13 576.199 649.646 558.546 476.01 460.876 502.366 398.69 495.064 748.63 673.963 473.423 396.909 423.686 384.663 466.999 456.855 532.674 437.805 747.836 917.224 670.642 580.361 447.449 397.62 397.258 474.142 554.794 396.579
threshold=0.28435654938220983 -0.9412824511528014 -0.86092913150787342 40.276466369628913 78.750000000000014 42.44030952453614 1.0000000180025095e-35 81.250000000000014 27.020131111145023 -0.66483077406883229 -0.48250326514244074 28.311072349548343 -0.98208922147750843 15.250000000000002 0.21771516650915149 0.57727023959159862 81.250000000000014 76.750000000000014 16.250000000000004 17.250000000000004 31.205626487731937 -0.09024826809763907 79.250000000000014 83.250000000000014 -0.97505551576614369 33.731683731079109 33.009521484375007 -0.99759334325790394 34.376260757446296 -0.9946339726448058
decision_type=2 2 2 2 2 2 2 2 2 2 2 2 2 2 2 2 2 2 2 2 2 2 2 2 2 2 2 2 2 2
left_child=8 -2 3 4 -3 6 7 13 9 10 11 -1 -12 -4 -15 17 -17 18 -10 22 23 24 -19 -21 25 -22 27 -26 -29 -28
right_child=1 2 5 -5 -6 -7 -8 -9 15 -11 12 -13 -14 14 -16 16 -18 19 -20 20 21 -23 -24 -25 26 -27 29 28 -30 -31
leaf_value=-0.021343662369523293 0.025150533800897726 -0.020155066263404343 -0.00064539241025729716 0.014752401540591549 -0.00065602603827139092 0.016933039372531659 0.0086834784196290014 -0.0043198224456246388 -0.011956853866155614 -0.0029427533104243652 -0.039180393665046519 -0.077375031699578212 0.0032228536534892635 0.0080075924676096064 0.0014116673565892756 -0.0023272175579894232 -0.011193677066858244 0.00038680986250445555 0.00051857500843868179 0.0020309890961459601 -0.024503389126785013 0.0037766670950015336 0.0096339694267671208 0.023118665866284444 0.01975950967912812 -0.11540978861573553 -0.030885446157487079 -0.0040678009172722537 -0.04026423571154239 -0.010200677157135291
leaf_weight=1345 4824 7773 57521 2953 6962 5745 25261 31043 16440 10890 865 893 2754 47011 50499 89437 17808 61905 17843 33482 2653 20214 28696 3615 1956 126 2900 20255 1117 11531
leaf_count=1345 4824 7773 57521 2953 6962 5745 25261 31043 16440 10890 865 893 2754 47011 50499 89437 17808 61905 17843 33482 2653 20214 28696 3615 1956 126 2900 20255 1117 11531
internal_value=8.37433e-13 0.0024909 0.00202529 -0.00665246 -0.0109422 0.00273237 0.00234633 0.00148602 -0.00172125 -0.00924733 -0.0209695 -0.0437011 -0.00691221 0.00264856 0.00459166 -0.00133929 -0.00379949 -0.000154708 -0.00546387 0.000811139 -0.00150786 -0.00492359 0.00331566 0.00408592 -0.00926192 -0.0286251 -0.00783682 -0.00380311 -0.00595959 -0.0143574
internal_weight=586317 239592 234768 17688 14735 217080 211335 186074 346725 16747 5857 2238 3619 155031 97510 329978 107245 222733 34283 188450 97849 60752 90601 37097 40538 2779 37759 23328 21372 14431
internal_count=586317 239592 234768 17688 14735 217080 211335 186074 346725 16747 5857 2238 3619 155031 97510 329978 107245 222733 34283 188450 97849 60752 90601 37097 40538 2779 37759 23328 21372 14431
is_linear=0
shrinkage=0.05


Tree=87
num_leaves=31
num_cat=0
split_feature=10 11 10 13 12 13 11 3 5 10 9 3 2 12 5 10 1 3 12 11 11 5 10 10 10 10 10 9 5 10
split_gain=922.812 624.827 664.912 562.553 640.546 595.078 555.496 633.84 410.572 396.793 414.087 823.203 430.549 385.951 379.752 371.443 350.043 443.239 343.786 327.537 677.926 321.951 320.26 312.583 682.49 420.455 473.23 376.604 404.706 312.52
threshold=-0.021515898406505581 -0.98798605799674977 -0.11593352630734442 81.250000000000014 14.250000000000002 78.250000000000014 0.74407637119293224 32.965085983276374 29.949045181274418 -0.04732095077633857 33.540763854980476 32.249172210693366 6.0229499340057382 18.250000000000004 33.044858932495124 -0.98521098494529713 34.376260757446296 34.323110580444343 16.750000000000004 -0.14153505116701123 -0.09024826809763907 30.586627006530765 -0.030120026320219036 0.081675637513399138 0.11593352630734445 0.23448921740055087 0.53436762094497692 36.714214324951179 29.649803161621097 -0.97109106183052052
decision_type=2 2 2 2 2 2 2 2 2 2 2 2 2 2 2 2 2 2 2 2 2 2 2 2 2 2 2 2 2 2
left_child=1 2 -1 4 5 -2 7 23 -8 10 12 -12 16 -10 -11 19 17 -4 -16 -3 -21 -22 -20 -6 -25 -26 -27 28 -28 -17
right_child=3 15 9 -5 6 -7 8 -9 13 14 11 -13 -14 -15 18 29 -18 -19 22 20 21 -23 -24 24 25 26 27 -29 -30 -31
leaf_value=-0.032473453493777914 -0.0054675548742045069 0.018677543148930741 0.002580962375383699 -0.002780650804161369 0.030665303306897092 0.0043330807151640552 0.0070249165507389674 0.0048456962437849974 6.1658241480989025e-05 -0.0045175915461047678 0.062897640183971884 -0.0012153856137715737 -0.034404759406889029 -0.012193305575114574 -0.014425720603206219 -0.0097621225969393918 -0.056904595403366877 0.10516864423724739 -0.098841173028800022 -0.015252932972121084 -0.004347576795412476 0.0087459685441054549 -0.033742838705386323 -0.038130262054180075 0.037768660202522675 -0.0095169819528512882 0.055565689586012837 0.072144070385342735 0.01115530493392451 -0.0017547308128010005
leaf_weight=3216 37000 3216 2459 51800 2864 26640 12821 124126 21270 1718 701 1752 1176 9205 731 12864 234 110 337 4824 6385 17735 430 636 1731 2171 558 298 6360 230949
leaf_count=3216 37000 3216 2459 51800 2864 26640 12821 124126 21270 1718 701 1752 1176 9205 731 12864 234 110 337 4824 6385 17735 430 636 1731 2171 558 298 6360 230949
internal_value=3.3342e-12 -0.00201309 -0.0127844 0.0019546 0.002953 -0.00136496 0.00446253 0.00600545 -0.000481833 -0.00622139 0.000948594 0.0171064 -0.00901245 -0.00363996 -0.0205614 -0.001511 0.00164091 0.00697358 -0.0389613 0.00353972 0.00185774 0.00527987 -0.0623454 0.0158533 0.0122441 0.0151258 0.0109504 0.0171081 0.0147374 -0.00217721
internal_weight=586317 288837 12864 297480 245680 63640 182040 138744 43296 9648 6432 2453 3979 30475 3216 275973 2803 2569 1498 32160 28944 24120 767 14618 11754 11118 9387 7216 6918 243813
internal_count=586317 288837 12864 297480 245680 63640 182040 138744 43296 9648 6432 2453 3979 30475 3216 275973 2803 2569 1498 32160 28944 24120 767 14618 11754 11118 9387 7216 6918 243813
is_linear=0
shrinkage=0.05


Tree=88
num_leaves=31
num_cat=0
split_feature=10 12 11 1 13 13 12 3 3 7 10 11 11 7 9 10 3 11 10 12 13 11 3 4 10 10 7 5 8 11
split_gain=845.184 444.643 642.795 582.647 540.726 435.109 430.43 401.981 393.583 528.542 379.63 636.243 897.271 571.233 528.153 494.289 837.342 738.824 447.658 470.627 611.615 620.528 551.28 500.695 469.975 565.478 653.276 534.342 469.525 447.006
threshold=0.20088869333267215 14.750000000000002 0.23448270559310916 32.21832466125489 79.750000000000014 77.250000000000014 19.250000000000004 36.647703170776374 37.731424331665046 35.90312576293946 -0.90880924463272084 -0.37370587885379786 -0.17552498728036878 31.712438583374027 32.814941406250007 -0.8779519498348235 34.751655578613288 -0.45205545425415034 -0.82391539216041554 18.250000000000004 78.250000000000014 -0.61186373233795155 34.096069335937507 1.1563326716423037 -0.73831951618194569 -0.63874351978301991 31.246698379516605 30.76978969573975 1.7527710795402529 -0.99981480836868275
decision_type=2 2 2 2 2 2 2 2 2 2 2 2 2 2 2 2 2 2 2 2 2 2 2 2 2 2 2 2 2 2
left_child=10 5 3 -3 8 -2 -5 -6 -4 -10 11 -1 13 -13 -14 16 -12 -18 28 20 23 24 -21 -20 -22 26 -26 -28 -17 -24
right_child=1 2 4 6 7 -7 -8 -9 9 -11 15 12 14 -15 -16 18 17 -19 19 22 21 -23 29 -25 25 -27 27 -29 -30 -31
leaf_value=0.018924896229144006 -0.0069442562666593016 0.028891138740035013 0.0041982343610446633 0.0034508390767961569 -0.0043842697117850308 0.0015798995004647168 0.010730869216487464 -0.052290906393449535 -0.17605972575644654 -0.016538918987438346 -0.0097974895553447541 -0.0017026784736940408 0.00042677286277699336 -0.019101930781914293 0.011314112146187298 0.00062012929827761211 -0.1484643104047931 -0.017598361706976512 -0.0020717325108076325 -0.0049257226744324287 0.027314879558610051 -0.0022705765290096094 0.038122773025789716 -0.012103750416746099 -0.044831440602775073 0.0079773539222044304 -0.064413104522718145 0.006624753058612206 0.018506763529931712 -0.02836039969190475
leaf_weight=4824 22896 2676 45058 81095 31764 43248 27085 444 54 1352 12432 11083 40983 8213 15297 14369 208 224 54401 71908 2640 37290 271 16124 1099 27456 292 2833 4927 3771
leaf_count=4824 22896 2676 45058 81095 31764 43248 27085 444 54 1352 12432 11083 40983 8213 15297 14369 208 224 54401 71908 2640 37290 271 16124 1099 27456 292 2833 4927 3771
internal_value=3.31827e-13 0.00215883 0.00339064 0.00584365 -6.58799e-05 -0.00137077 0.00527354 -0.00504468 0.00338533 -0.0226656 -0.00166932 0.00131967 0.000195928 -0.00910836 0.00338597 -0.00262964 -0.0121755 -0.0806079 -0.00211234 -0.0027582 -0.00106032 0.00219463 -0.00593568 -0.00436533 0.00704624 0.00535719 -0.0116739 -1.30244e-05 0.00518726 -0.023903
internal_weight=586317 255672 189528 110856 78672 66144 108180 32208 46464 1406 330645 80400 75576 19296 56280 250245 12864 432 237381 218085 142135 71610 75950 70525 34320 31680 4224 3125 19296 4042
internal_count=586317 255672 189528 110856 78672 66144 108180 32208 46464 1406 330645 80400 75576 19296 56280 250245 12864 432 237381 218085 142135 71610 75950 70525 34320 31680 4224 3125 19296 4042
is_linear=0
shrinkage=0.05


Tree=89
num_leaves=31
num_cat=0
split_feature=10 11 11 13 12 13 11 3 11 11 3 12 10 9 3 2 5 10 11 1 1 3 11 10 10 11 11 4 11 10
split_gain=769.831 560.623 600.908 513.153 607.268 672.122 619.372 726.705 492.449 399.395 395.144 385.286 356.62 368.614 745.04 388.733 343.923 325.063 545.388 322.045 319.199 479.033 315.689 763.246 930.338 805.286 806.188 1431.03 1185.43 578.478
threshold=-0.021515898406505581 -0.98798605799674977 -0.99271196126937855 80.750000000000014 15.250000000000002 77.250000000000014 0.74407637119293224 32.965085983276374 -0.43663504719734186 -0.93533331155776966 29.185934066772464 18.750000000000004 -0.04732095077633857 33.540763854980476 32.249172210693366 6.0229499340057382 33.044858932495124 0.56314551830291759 -0.72658059000968922 31.675247192382816 34.743453979492195 34.557439804077156 0.99548450112342846 -0.20088869333267209 -0.3334656953811645 -0.87792757153511036 -0.67758968472480763 3.5549511909484868 -0.61186373233795155 -0.39753912389278406
decision_type=2 2 2 2 2 2 2 2 2 2 2 2 2 2 2 2 2 2 2 2 2 2 2 2 2 2 2 2 2 2
left_child=1 2 12 4 5 8 7 -6 -2 -7 19 -12 13 15 -15 20 -14 -9 -19 -8 21 -1 23 24 25 29 27 -27 -28 -3
right_child=3 22 -4 -5 6 9 10 17 -10 -11 11 -13 16 14 -16 -17 -18 18 -20 -21 -22 -23 -24 -25 -26 26 28 -29 -30 -31
leaf_value=0.0013818239771657779 -0.014772072457710323 0.019620416229271864 -0.030759026688210581 -0.0022552833432264874 0.019096932030770414 0.013937798802769017 0.012119633048107821 0.0001182618009455993 -0.0016338580892288086 0.0012502629378736904 8.9974936047520828e-05 -0.013016848886585412 -0.0041289485037376344 0.059802816939485741 -0.0011905558077214082 -0.032531024679679388 -0.036907627588944732 0.020237917096120731 0.0055829489848320413 -0.098957561097587604 -0.071321633725728792 0.11187611513716333 -0.012875519886650595 0.01005606724576661 -0.010763867231286002 -0.0017288589831394689 0.018515296219906555 -0.025069196033941185 -0.0011152931293477197 -0.00049720025730407263
leaf_weight=2559 11088 8040 3216 62160 10651 7040 5772 22834 19992 52160 21010 7648 1718 701 1752 1176 1498 6981 70078 66 142 102 5829 14472 25728 20996 8040 9556 176880 6432
leaf_count=2559 11088 8040 3216 62160 10651 7040 5772 22834 19992 52160 21010 7648 1718 701 1752 1176 1498 6981 70078 66 142 102 5829 14472 25728 20996 8040 9556 176880 6432
internal_value=-1.90793e-12 -0.00183867 -0.0120416 0.00178525 0.00285256 -0.00036687 0.00485649 0.00668173 -0.006321 0.00275905 -0.000992555 -0.00340786 -0.00580244 0.000994903 0.0162397 -0.00840329 -0.0193971 0.00535796 0.00691059 0.0108639 0.00171951 0.00561723 -0.00136308 -0.00111467 -0.00174698 -0.000738094 -0.00150493 -0.00902921 -0.000261789 0.0106793
internal_weight=586317 288837 12864 297480 235320 90280 145040 110544 31080 59200 34496 28658 9648 6432 2453 3979 3216 99893 77059 5838 2803 2661 275973 270144 255672 229944 215472 30552 184920 14472
internal_count=586317 288837 12864 297480 235320 90280 145040 110544 31080 59200 34496 28658 9648 6432 2453 3979 3216 99893 77059 5838 2803 2661 275973 270144 255672 229944 215472 30552 184920 14472
is_linear=0
shrinkage=0.05


Tree=90
num_leaves=31
num_cat=0
split_feature=10 11 11 3 13 11 11 1 7 10 3 13 12 7 13 12 11 11 9 10 10 7 10 7 10 3 7 9 1 10
split_gain=705.56 896.067 515.76 570.919 492.988 412.11 419.369 701.195 687.807 406.673 603.018 656.828 357.043 355.646 340.298 446.896 421.264 346.156 330.954 326.295 822.956 490.165 462.74 454.687 433.705 384.114 378.781 416.799 326.059 324.016
threshold=0.28435654938220983 -0.9412824511528014 -0.86092913150787342 40.276466369628913 78.250000000000014 -0.72658059000968922 -0.71464690566062916 37.934488296508796 37.928411483764656 0.63209757208824169 35.231376647949226 78.250000000000014 15.250000000000002 25.926727294921879 80.250000000000014 15.250000000000002 -0.62538740038871754 -0.43663504719734186 30.819928169250492 0.7440970540046693 0.77758994698524486 31.310010910034183 0.81403854489326488 38.833320617675788 0.79877197742462169 40.744228363037116 28.962356567382816 40.596107482910163 34.743453979492195 0.65839549899101268
decision_type=2 2 2 2 2 2 2 2 2 2 2 2 2 2 2 2 2 2 2 2 2 2 2 2 2 2 2 2 2 2
left_child=13 28 3 4 -3 9 7 8 -7 -4 11 29 -12 -1 15 17 -16 18 -8 26 -21 -22 23 24 -23 -25 -17 -28 -2 -11
right_child=1 2 5 -5 -6 6 14 -9 -10 10 12 -13 -14 -15 16 19 -18 -19 -20 20 21 22 -24 25 -26 -27 27 -29 -30 -31
leaf_value=-0.013328050460827729 0.0098795013441528075 -0.02078988996577388 0.0043417306689100725 0.013504200965381971 -0.0023883482613568175 -0.03292206083513087 -0.069572314399887217 0.0051301747074316648 -0.14762845262537186 0.053720554082973028 -0.015037554693956696 0.10175473704979004 0.018235718646975919 -0.0012260914766892325 0.017007045118030095 0.022739304762238274 -0.00297354789663389 0.0013648523833092467 -0.0075435009475622039 0.028325745365431993 0.048560515357844239 0.018002595287115734 0.0065526606268346945 -0.059184637540039754 -0.019291756512930028 -0.0089727808598017069 -0.0023801927514340224 0.031565056518267041 0.035899239736852662 -0.006832741802999723
leaf_weight=6181 2314 6562 14472 2953 8173 525 220 909 174 475 1002 415 4127 340544 2800 1797 45600 49288 9540 4320 659 1711 51546 709 1432 823 23182 941 2510 413
leaf_count=6181 2314 6562 14472 2953 8173 525 220 909 174 475 1002 415 4127 340544 2800 1797 45600 49288 9540 4320 659 1711 51546 709 1432 823 23182 941 2510 413
internal_value=1.66393e-12 0.00208654 0.00164823 -0.00656181 -0.0105832 0.00231719 0.00160605 -0.0238234 -0.0614756 0.00899102 0.0194519 0.0498262 0.0117355 -0.00144183 0.00181621 0.00301947 -0.00181765 -0.000338709 -0.00894169 0.00529557 0.00728696 0.00568908 0.00518656 -0.00987591 0.0010107 -0.0322105 0.000593658 -0.00105604 0.023418 0.0255578
internal_weight=586317 239592 234768 17688 14735 217080 196176 1608 699 20904 6432 1303 5129 346725 194568 146168 48400 59048 9760 87120 61200 56880 56221 4675 3143 1532 25920 24123 4824 888
internal_count=586317 239592 234768 17688 14735 217080 196176 1608 699 20904 6432 1303 5129 346725 194568 146168 48400 59048 9760 87120 61200 56880 56221 4675 3143 1532 25920 24123 4824 888
is_linear=0
shrinkage=0.05


Tree=91
num_leaves=31
num_cat=0
split_feature=10 11 10 11 10 13 12 13 11 1 10 10 11 3 7 11 10 1 11 9 3 2 7 5 3 5 10 10 9 11
split_gain=638.613 506.42 542.067 472.141 475.495 368.995 500.519 480.699 422.856 526.46 481.056 427.139 416.296 376.009 643.142 327.134 546.979 324.084 321.762 333.263 719.553 349.833 319.231 311.819 309.724 596.374 704.778 542.442 379.769 356.804
threshold=-0.021515898406505581 -0.98798605799674977 -0.11593352630734442 -0.99626126885414112 0.11593352630734445 81.750000000000014 15.250000000000002 77.250000000000014 0.23448270559310916 32.84704780578614 0.56314551830291759 0.68391311168670665 -0.43663504719734186 37.355251312255866 35.003583908081062 -0.9412824511528014 0.30081701278686529 36.905206680297859 -0.99862980842590321 33.637870788574226 32.658649444580085 6.0229499340057382 31.52226543426514 32.558246612548835 39.327144622802741 35.831071853637702 0.50495636463165294 0.41327477991580969 38.041267395019538 -0.93533331155776966
decision_type=2 2 2 2 2 2 2 2 2 2 2 2 2 2 2 2 2 2 2 2 2 2 2 2 2 2 2 2 2 2
left_child=1 2 -1 -2 22 6 7 12 9 -8 15 17 -6 -10 -15 16 -11 -12 23 21 -21 -20 -5 -4 25 27 28 29 -27 -17
right_child=3 -3 18 4 5 -7 8 -9 13 10 11 -13 -14 14 -16 24 -18 -19 19 20 -22 -23 -24 -25 -26 26 -28 -29 -30 -31
leaf_value=-0.029149234205088206 0.012505968755728522 -0.0012226379229451688 -0.0014338051681021379 -0.0029649926481804391 -0.014281253606762854 -0.002824060620657199 0.024885628127742948 0.0021286521608775959 0.0018295546625257922 0.0013803865265723404 0.051728126335397452 0.0062978906746223211 -0.0015290725952720463 -0.1849202325992417 -0.014763283803392219 0.040687334342115009 0.03562423918275312 0.015615285082108299 0.0018644311071833687 0.0538704607695265 -0.0041769949452395306 -0.030210976099552256 -0.019115925459525434 -0.032680673778904039 0.0017917097062234773 -0.056733393266884646 0.015014876372155751 0.04865548625783328 -0.022114883146126318 -0.024139787152083338
leaf_weight=3216 9648 275973 1474 11970 9744 37856 3710 54080 61402 7869 679 54105 18648 57 2157 276 1369 7306 2869 818 1537 1208 4110 1742 6466 1191 938 614 2366 919
leaf_count=3216 9648 275973 1474 11970 9744 37856 3710 54080 61402 7869 679 54105 18648 57 2157 276 1369 7306 2869 818 1537 1208 4110 1742 6466 1191 938 614 2366 919
internal_value=-5.82043e-12 -0.00167465 -0.0113718 0.001626 0.00126131 0.00175565 0.00249688 -0.000637224 0.00420384 0.00645282 0.00563965 0.00789106 -0.00590556 0.00109962 -0.019144 -0.000712131 0.00645506 0.0186861 -0.005446 0.0010106 0.0159856 -0.00763939 -0.00709312 -0.0183592 -0.00589698 -0.0137833 -0.0235393 0.0104587 -0.0337063 -0.00916716
internal_weight=586317 288837 12864 297480 287832 271752 233896 82472 151424 87808 84098 62090 28392 63616 2214 22008 9238 7985 9648 6432 2355 4077 16080 3216 12770 6304 4495 1809 3557 1195
internal_count=586317 288837 12864 297480 287832 271752 233896 82472 151424 87808 84098 62090 28392 63616 2214 22008 9238 7985 9648 6432 2355 4077 16080 3216 12770 6304 4495 1809 3557 1195
is_linear=0
shrinkage=0.05


Tree=92
num_leaves=31
num_cat=0
split_feature=10 10 10 11 11 13 11 12 11 13 10 10 10 3 10 7 3 10 11 2 10 11 5 3 10 11 13 10 12 5
split_gain=598.099 397.534 831.239 544.488 743.942 376.125 925.711 796.423 743.925 549.792 417.958 412.466 572.79 394.515 482.493 374.875 386.29 391.296 586.747 573.647 497.581 873.844 718.415 491.779 520.76 598.935 490.578 734.748 656.31 644.102
threshold=0.90518480539321911 0.94130858778953563 0.95992380380630504 -0.14153505116701123 0.047319635748863227 76.750000000000014 -0.07309242337942122 16.750000000000004 0.41326330602169042 81.250000000000014 -0.86095303297042836 0.86095303297042858 0.84293374419212352 36.473411560058601 0.87795194983482372 25.500941276550297 28.315699577331547 -0.030120026320219036 -0.99862980842590321 0.090418130159378066 -0.73831951618194569 -0.77212798595428456 28.796978950500492 36.905250549316413 0.77758994698524486 -0.65187487006187428 78.250000000000014 0.41327477991580969 17.750000000000004 35.381198883056648
decision_type=2 2 2 2 2 2 2 2 2 2 2 2 2 2 2 2 2 2 2 2 2 2 2 2 2 2 2 2 2 2
left_child=5 -2 -3 -4 -5 6 7 -1 11 10 -10 12 15 14 -13 -7 -17 18 -18 -20 -21 -22 -23 26 25 -25 -19 28 -28 -29
right_child=1 2 3 4 -6 8 -8 -9 9 -11 -12 13 -14 -15 -16 16 17 23 19 20 21 22 -24 24 -26 -27 27 29 -30 -31
leaf_value=-0.014794108778593782 0.01059853271513184 -0.010206918965012399 0.013705900762069696 -0.0057861289874718428 0.0079165674191436098 -0.040690712398696469 0.0014131953697995784 -0.00073973351288075166 -0.013611408201280149 -0.0079346061749439364 -0.00046642190011993357 0.0025349948954762969 0.025162054610752861 -0.0035553981431882056 -0.051513574005417978 0.010907962838560086 -0.033105493732194964 0.00098570243250861679 0.0038364980563907573 0.00075887426417003165 -0.0038201524893208862 -0.076268697263618582 -0.019320179245934807 0.001209912731137886 -0.013334743420701501 0.029636503899114926 0.017534488305940205 0.050260641379552357 -0.001543303467205632 0.016200678574339857
leaf_weight=24480 17688 11256 12864 17688 22512 516 43690 17136 6336 36855 132660 676 2672 6279 1061 11500 1332 14238 61707 45323 27276 633 4426 33347 5835 1962 8608 2066 9465 4230
leaf_count=24480 17688 11256 12864 17688 22512 516 43690 17136 6336 36855 132660 676 2672 6279 1061 11500 1332 14238 61707 45323 27276 633 4426 33347 5835 1962 8608 2066 9465 4230
internal_value=-4.07484e-12 0.00396014 0.00213458 0.00475248 0.00188738 -0.000643977 -0.00367024 -0.00900701 -2.78515e-05 -0.00250523 -0.00106562 0.00176382 0.00214405 -0.00938954 -0.0304791 0.00187948 0.00197418 0.00150814 -7.78336e-05 0.000237833 -0.00262166 -0.00736006 -0.0264458 0.00430611 0.00050276 0.00278948 0.0083594 0.0126676 0.00754327 0.0273773
internal_weight=586317 82008 64320 53064 40200 504309 85306 41616 419003 175851 138996 243152 235136 8016 1737 232464 231948 220448 140697 139365 77658 32335 5059 79751 41144 35309 38607 24369 18073 6296
internal_count=586317 82008 64320 53064 40200 504309 85306 41616 419003 175851 138996 243152 235136 8016 1737 232464 231948 220448 140697 139365 77658 32335 5059 79751 41144 35309 38607 24369 18073 6296
is_linear=0
shrinkage=0.05


Tree=93
num_leaves=31
num_cat=0
split_feature=10 11 11 3 13 4 13 12 8 9 3 11 1 13 11 12 11 11 10 5 0 11 12 7 12 7 11 1 9 2
split_gain=541.289 767.545 427.897 498.966 451.48 382.632 376.742 384.252 319.391 316.998 319.669 364.627 634.958 360.106 352.667 326.248 493.786 400.951 910.793 380.18 351.865 295.438 329.709 292.02 290.563 289.572 331.826 282.469 281.607 270.35
threshold=0.28435654938220983 -0.9412824511528014 -0.86092913150787342 40.744228363037116 78.750000000000014 0.12160332128405572 80.250000000000014 15.250000000000002 1.2989422082901003 27.16437911987305 27.436041831970218 0.77756834030151378 27.163667678833011 80.250000000000014 0.88999459147453319 14.750000000000002 -0.98518359661102284 0.94968265295028698 -0.22611359506845471 27.308004379272464 0.13654529303312304 0.21771516650915149 19.250000000000004 28.910408020019535 19.250000000000004 28.088741302490238 -0.95744973421096791 34.743453979492195 42.863233566284187 0.090418130159378066
decision_type=2 2 2 2 2 2 2 2 2 2 2 2 2 2 2 2 2 2 2 2 2 2 2 2 2 2 2 2 2 2
left_child=9 27 3 4 8 6 7 -4 28 25 15 29 13 -13 -14 -11 19 -18 -19 -17 -20 22 -9 -23 -16 -1 -27 -2 -3 -12
right_child=1 2 5 -5 -6 -7 -8 21 -10 10 11 12 14 -15 24 16 17 18 20 -21 -22 23 -24 -25 -26 26 -28 -29 -30 -31
leaf_value=-0.010426891177460478 0.0089689987975781638 -0.022571817448744043 -0.00066000179481127529 0.015818795194824726 -0.00034545043804733356 0.0078500076135164919 -0.002686378598272044 0.0052324034729311639 -0.0025614367348579252 -0.0028683048001133388 0.0013417980483599896 -0.01966608663127559 -0.010064004747085908 -0.068939456612328448 -0.00020134348956528625 -0.1081370544882989 0.021294132837492111 -0.073107967342374056 0.017435237332904141 -0.0013234441901602756 -0.037311011808036754 0.022527754057469592 0.015784228407399164 0.00082665793962787286 -0.010222820027827848 0.054468341317862795 0.00073323695200936117 0.033187111531165082 -0.10523983969574885 -0.0020335913562010101
leaf_weight=15491 2314 5454 57776 2272 7375 24999 45749 35876 2482 6129 122691 1373 16185 508 48393 146 6213 383 2107 194 341 1610 9328 41742 8504 319 2891 2510 105 114857
leaf_count=15491 2314 5454 57776 2272 7375 24999 45749 35876 2482 6129 122691 1373 16185 508 48393 146 6213 383 2107 194 341 1610 9328 41742 8504 319 2891 2510 105 114857
internal_value=2.25675e-12 0.00182757 0.00142191 -0.00605618 -0.0092801 0.00203123 0.00127393 0.00251207 -0.0174747 -0.00126288 -0.000901898 -0.00124966 -0.00428995 -0.0329733 -0.00355169 0.00610382 0.0119638 0.0141876 -0.00140846 -0.0471905 0.00980923 0.00458161 0.00740981 0.00163259 -0.00169918 -0.00759466 0.00607327 0.02157 -0.0241333 -0.000290239
internal_weight=586317 239592 234768 17688 15416 217080 192081 146332 8041 346725 328024 312511 74963 1881 73082 15513 9384 9044 2831 340 2448 88556 45204 43352 56897 18701 3210 4824 5559 237548
internal_count=586317 239592 234768 17688 15416 217080 192081 146332 8041 346725 328024 312511 74963 1881 73082 15513 9384 9044 2831 340 2448 88556 45204 43352 56897 18701 3210 4824 5559 237548
is_linear=0
shrinkage=0.05


Tree=94
num_leaves=31
num_cat=0
split_feature=10 10 10 11 11 1 1 10 3 11 11 3 10 10 11 11 4 11 10 7 2 10 10 5 0 12 11 11 9 11
split_gain=505.885 362.479 744.873 488.264 675.231 343.772 335.925 378.778 361.544 452.487 328.034 346.141 345.108 877.656 677.612 650.845 1270.83 1068.9 532.765 529.857 529.789 526.913 683.807 938.519 507.894 445.569 466.634 455.357 1107.47 643.673
threshold=0.90518480539321911 0.94130858778953563 0.95992380380630504 -0.14153505116701123 0.047319635748863227 24.853873252868656 43.429134368896491 0.87795194983482372 36.473411560058601 0.42887605726718908 0.99548450112342846 24.83557224273682 -0.20931270718574521 -0.3334656953811645 -0.87792757153511036 -0.67758968472480763 3.5549511909484868 -0.61186373233795155 -0.39753912389278406 26.476396560668949 3.2530175447463994 -0.63874351978301991 -0.57728627324104298 27.308004379272464 6.9848220348358163 14.750000000000002 0.42887605726718908 -0.17552498728036878 33.263797760009773 -0.22610731422901151
decision_type=2 2 2 2 2 2 2 2 2 2 2 2 2 2 2 2 2 2 2 2 2 2 2 2 2 2 2 2 2 2
left_child=5 -2 -3 -4 -5 -1 7 10 9 -9 11 -7 13 14 18 16 20 19 -13 -17 -16 -18 -23 -24 -15 26 -19 28 29 -27
right_child=1 2 3 4 -6 6 -8 8 -10 -11 -12 12 -14 24 15 17 21 25 -20 -21 -22 22 23 -25 -26 27 -28 -29 -30 -31
leaf_value=-0.0196713146116483 0.0099810292568065541 -0.0097838970375658963 0.012855603856965263 -0.0056466644105448837 0.007407913677337459 0.026176328083289097 0.020284425955584866 -0.042156210416907286 -0.00028723155678370301 -0.010133429376106604 -0.0072199524781994887 0.01861142755186608 0.001249079440443869 -0.014077195016860028 0.0030943534393789549 -0.027994419246096143 -0.037736983015866622 -0.00094665658811337163 -0.00083904228543855107 0.021347505655008273 -0.016126201487875812 0.0092728718357571582 -0.096821087863335903 -0.01742539745260353 0.0050274486354274645 0.0022204987422796449 -0.011296020969083826 0.0022926088259507304 -0.024978863494773604 -0.022207294416058745
leaf_weight=2350 17688 11256 12864 17688 22512 1247 1936 1488 5269 4265 16907 7980 219182 19358 16251 587 3779 26448 6300 7442 4600 2066 423 3100 4241 24850 18517 97197 5501 3025
leaf_count=2350 17688 11256 12864 17688 22512 1247 1936 1488 5269 4265 16907 7980 219182 19358 16251 587 3779 26448 6300 7442 4600 2066 423 3100 4241 24850 18517 97197 5501 3025
internal_value=1.34561e-12 0.00364209 0.00189888 0.00437704 0.0016639 -0.000592256 -0.000502935 -0.00058342 -0.00974968 -0.018416 -0.000376814 -0.000131742 -0.000201417 -0.00146469 -0.000514883 -0.00121926 -0.00801875 -9.99193e-05 0.0100303 0.0177401 -0.00114595 -0.023316 -0.0135653 -0.0269583 -0.0106439 -0.000915912 -0.00520862 0.000562354 -0.00447646 -0.00043041
internal_weight=586317 82008 64320 53064 40200 504309 501959 500023 11022 5753 489001 472094 470847 251665 228066 213786 30219 183567 14280 8029 20851 9368 5589 3523 23599 175538 44965 130573 33376 27875
internal_count=586317 82008 64320 53064 40200 504309 501959 500023 11022 5753 489001 472094 470847 251665 228066 213786 30219 183567 14280 8029 20851 9368 5589 3523 23599 175538 44965 130573 33376 27875
is_linear=0
shrinkage=0.05


Tree=95
num_leaves=31
num_cat=0
split_feature=10 10 10 10 11 1 9 3 13 11 12 11 13 10 10 10 13 12 1 10 3 13 3 10 9 11 7 10 10 10
split_gain=458.3 426.006 678.25 395.244 508.683 336.646 317.897 314.211 308.149 857.747 682.055 565.96 514.815 380.72 530.809 374.5 343.149 726.867 656.851 512.935 752.954 571.742 554.375 555.572 630.592 540.341 415.036 405.734 495.85 356.433
threshold=0.91236633062362682 0.94130858778953563 0.95747631788253795 0.9946616291999818 0.047319635748863227 43.429134368896491 41.308223724365241 40.587558746337898 76.750000000000014 -0.07309242337942122 16.750000000000004 0.41326330602169042 81.750000000000014 0.86095303297042858 0.84293374419212352 -0.86095303297042836 78.250000000000014 16.750000000000004 32.386100769042976 0.28435654938220983 31.452585220336918 83.250000000000014 35.676717758178718 0.41327477991580969 35.669494628906257 -0.07309242337942122 25.500941276550297 -0.94130858778953541 -0.95747631788253773 -0.97505551576614369
decision_type=2 2 2 2 2 2 2 2 2 2 2 2 2 2 2 2 2 2 2 2 2 2 2 2 2 2 2 2 2 2
left_child=5 -2 6 -4 -5 8 7 -3 9 10 -1 13 15 14 16 -13 -10 18 27 20 21 26 23 24 -21 29 -19 28 -18 -22
right_child=1 2 3 4 -6 -7 -8 -9 11 -11 -12 12 -14 -15 -16 -17 17 19 -20 22 25 -23 -24 -25 -26 -27 -28 -29 -30 -31
leaf_value=-0.013822326392414225 0.011298644404834579 -0.010353963387453875 0.0071006018315211486 -0.0064824881263139235 0.012265697785819332 0.020010243352286457 0.023746202227177389 -0.048039442746714393 -0.001278783326008126 0.0015088592989781272 -0.00081853299811660148 -0.012587426717996198 -0.0082271424990362912 -0.0085652371300575913 0.024126566118851646 -0.00046411992660219464 0.01329617660529521 -0.071139848705168832 0.0046838214703705154 0.038707658611967399 -0.025745783014702095 0.022383461053748256 0.0037072835988088207 0.044652463137695941 -0.020119737158380935 0.0036767730363672737 0.0024145541555827756 0.025391466855964724 -0.032301308941685654 -0.0071173973237156482
leaf_weight=24640 14472 8420 35376 14472 4824 1983 636 592 70488 43962 17069 6672 29708 9054 2652 140807 4055 193 42249 810 2787 3855 20669 1797 1041 12043 30396 7242 699 32654
leaf_count=24640 14472 8420 35376 14472 4824 1983 636 592 70488 43962 17069 6672 29708 9054 2652 140807 4055 193 42249 810 2787 3855 20669 1797 1041 12043 30396 7242 699 32654
internal_value=2.9512e-12 0.00354786 0.00180393 0.00396082 -0.00179544 -0.000550796 -0.0104184 -0.0128295 -0.000631447 -0.00336428 -0.00850065 -7.3837e-05 -0.00222221 0.00149472 0.00188458 -0.00101258 0.00162921 0.00290641 0.00761562 0.00050205 -0.00139067 0.00423734 0.00687893 0.024849 0.00562321 -0.00547312 0.00195047 0.0179412 0.00659179 -0.00858229
internal_weight=586317 78792 64320 54672 19296 507525 9648 9012 505542 85671 41709 419871 177187 242684 233630 147479 230978 160490 54245 106245 81928 34444 24317 3648 1851 47484 30589 11996 4754 35441
internal_count=586317 78792 64320 54672 19296 507525 9648 9012 505542 85671 41709 419871 177187 242684 233630 147479 230978 160490 54245 106245 81928 34444 24317 3648 1851 47484 30589 11996 4754 35441
is_linear=0
shrinkage=0.05


Tree=96
num_leaves=31
num_cat=0
split_feature=10 10 10 11 10 11 10 11 4 11 5 0 2 10 10 7 12 3 11 9 11 1 12 10 10 5 10 5 13 11
split_gain=426.756 458.72 669.517 642.417 467.696 654.514 636.703 634.922 1149.11 954.258 632.409 593.438 502.197 472.094 484.916 467.799 461.46 689.22 452.801 437.273 436.028 431.252 1148.7 426.068 604.806 870.194 407.078 406.157 395.552 384.292
threshold=-0.021515898406505581 -0.1330134719610214 -0.12447811290621756 0.98043283820152294 -0.3334656953811645 -0.87792757153511036 -0.23448921740055081 -0.67758968472480763 3.5549511909484868 -0.61186373233795155 33.084299087524421 6.9848220348358163 2.242645382881165 -0.39753912389278406 -0.3657191395759582 26.476396560668949 15.250000000000002 27.436041831970218 0.42887605726718908 33.589101791381843 -0.99626126885414112 33.441390991210945 17.750000000000004 -0.63874351978301991 -0.57728627324104298 27.308004379272464 -0.74981945753097523 32.282291412353523 78.750000000000014 -0.17552498728036878
decision_type=2 2 2 2 2 2 2 2 2 2 2 2 2 2 2 2 2 2 2 2 2 2 2 2 2 2 2 2 2 2
left_child=1 3 -3 4 5 13 11 8 12 15 19 -6 -7 -1 21 26 18 -18 28 -8 -2 -15 -23 27 -25 -26 -9 -10 -11 -19
right_child=20 2 -4 -5 6 7 10 9 23 16 -12 -13 -14 14 -16 -17 17 29 -20 -21 -22 22 -24 24 25 -27 -28 -29 -30 -31
leaf_value=0.017956128502314574 0.011784803476073051 -0.039575125108694466 -0.0059528527010252515 0.014790256417636889 -0.016655744755050168 0.0033833180947677429 -0.0004508978046145259 0.0027911162007367239 -0.042887090805307358 -0.0045286357442860898 0.025849510308100627 0.0063431444977123308 -0.0141715874256411 -0.0052947661442754416 0.013510979758331218 0.020244809516948025 0.026897532190972396 -0.0044279269846067846 -0.010053819953537387 -0.039004694814339824 0.00097873562322818315 -0.019860089465292274 -0.20169049332375236 0.007744217276410773 -0.090750258913773543 -0.016567817962748688 -0.085779389164963513 -0.0020876094544248652 0.0076220422680792488 0.0020350330892369333
leaf_weight=8040 9648 1608 18693 6432 15890 15465 9820 400 3124 21504 2249 3406 5531 2629 3216 7448 2501 30923 22448 795 287832 481 106 2116 453 3105 192 758 9728 89776
leaf_count=8040 9648 1608 18693 6432 15890 15465 9820 400 3124 21504 2249 3406 5531 2629 3216 7448 2501 30923 22448 795 287832 481 106 2116 453 3105 192 758 9728 89776
internal_value=8.5158e-13 -0.00136898 -0.008616 -0.000821111 -0.00120421 -0.00041433 -0.00685187 -0.00110566 -0.00778305 -2.44153e-06 0.00176454 -0.0125961 -0.00124119 0.00987885 -0.000217743 0.0168445 -0.000768214 0.000917557 -0.0046372 -0.00333835 0.0013292 -0.0139465 -0.0526949 -0.0221565 -0.0134237 -0.0260126 -0.0259345 -0.0349206 -0.000743998 0.000379227
internal_weight=586317 288837 20301 268536 262104 229944 32160 215472 30552 184920 12864 19296 20996 14472 6432 8040 176880 123200 53680 10615 297480 3216 587 9556 5674 3558 592 3882 31232 120699
internal_count=586317 288837 20301 268536 262104 229944 32160 215472 30552 184920 12864 19296 20996 14472 6432 8040 176880 123200 53680 10615 297480 3216 587 9556 5674 3558 592 3882 31232 120699
is_linear=0
shrinkage=0.05


Tree=97
num_leaves=31
num_cat=0
split_feature=13 12 13 11 10 3 9 11 11 10 11 3 13 10 3 10 11 1 5 7 9 10 10 11 7 7 1 11 1 9
split_gain=415.584 671.499 962.449 466.525 452.433 520.844 559.531 443.398 443.394 423.176 415.828 394.736 472.12 454.383 811.682 390.181 387.192 355.827 331.72 317.759 325.601 307.231 749.082 565.032 781.4 509.106 368.973 416.029 599.332 383.247
threshold=80.250000000000014 14.250000000000002 78.750000000000014 -0.14153505116701123 0.56314551830291759 29.610710144042972 32.164163589477546 0.41326330602169042 -0.98518359661102284 1.0000000180025095e-35 -0.99981480836868275 31.421188354492191 83.750000000000014 0.21772121638059619 36.229194641113288 -0.99865758419036854 -0.72658059000968922 33.17035102844239 30.802190780639652 40.933967590332038 38.940244674682624 0.7440970540046693 0.77758994698524486 -0.59815874695777882 38.37079048156739 31.154527664184574 40.435468673706062 -0.71464690566062916 35.836038589477546 40.274217605590827
decision_type=2 2 2 2 2 2 2 2 2 2 2 2 2 2 2 2 2 2 2 2 2 2 2 2 2 2 2 2 2 2
left_child=1 2 -1 17 5 6 8 11 9 -3 -7 12 -2 14 -13 18 -6 -4 -12 20 -16 26 -23 24 -24 -25 27 28 -18 -30
right_child=7 4 3 -5 16 10 -8 -9 -10 -11 15 13 -14 -15 19 -17 21 -19 -20 -21 -22 22 23 25 -26 -27 -28 -29 29 -31
leaf_value=-0.0052111025424719064 0.0031574112729339889 -0.04078070509440726 0.027174112031212096 -0.0007444862308995441 0.015529028961795956 0.025462812260147558 -0.013470121960587545 -0.005959561122043021 0.0087556710080756942 0.030539722146594603 -0.0096040789565478464 -0.0056087708230682038 0.027977669623756474 0.0013040343513972318 -0.047367196677869566 -0.0010329313867182938 -0.16372637943305235 0.0073215257977678585 0.021478585834815257 0.049568694716287873 -0.12607737174854949 0.023604772832352326 0.023775286209224738 0.04782526791595889 -0.047834270647093238 0.0041800613385081413 0.018904214661556069 -0.0033627412548089424 0.005686067469690477 -0.10679595220204004
leaf_weight=87510 21229 844 2670 20657 7776 1538 3396 53050 34874 276 1143 28325 2106 40469 421 171886 94 14594 3447 59 191 5184 567 675 1161 65853 1826 14100 294 102
leaf_count=87510 21229 844 2670 20657 7776 1538 3396 53050 34874 276 1143 28325 2106 40469 421 171886 94 14594 3447 59 191 5184 567 675 1161 65853 1826 14100 294 102
internal_value=5.78271e-12 0.000766001 -0.00232795 0.00432548 0.00199785 0.00072807 0.00593071 -0.00231332 0.00776116 -0.0232053 -0.000423143 -0.000228918 0.00539746 -0.00211896 -0.00689634 -0.000648741 0.00482537 0.0103919 0.0137384 -0.0612486 -0.071932 0.00389909 0.00528137 0.00388972 -0.0243374 0.00462289 -0.0022848 -0.0049367 -0.0502281 -0.0232866
internal_weight=586317 440467 125431 37921 315036 217404 39390 145850 35994 1120 178014 92800 23335 69465 28996 176476 97632 17264 4590 671 612 89856 73440 68256 1728 66528 16416 14590 490 396
internal_count=586317 440467 125431 37921 315036 217404 39390 145850 35994 1120 178014 92800 23335 69465 28996 176476 97632 17264 4590 671 612 89856 73440 68256 1728 66528 16416 14590 490 396
is_linear=0
shrinkage=0.05


Tree=98
num_leaves=31
num_cat=0
split_feature=10 10 1 11 13 11 12 3 11 10 10 9 7 11 11 10 7 10 10 12 0 3 10 0 11 3 10 12 10 10
split_gain=380.883 380.803 492.257 309.148 337.25 784.997 595.168 399.075 392.861 513.371 516.154 465.79 451.163 334.84 773.722 309.82 480.1 582.039 349.698 388.393 348.63 301.261 357.439 537.976 471.849 455.668 454.862 540.038 417.647 460.655
threshold=0.90149331092834484 0.88606244325637828 35.605012893676765 0.99548450112342846 76.750000000000014 -0.07309242337942122 16.250000000000004 26.241848945617679 0.56312987208366405 0.80392050743103038 -0.19244980067014691 30.503155708312992 25.926727294921879 -0.98208922147750843 -0.97502842545509327 0.7440970540046693 30.596981048583988 0.78829774260520946 -0.12447811290621756 17.250000000000004 0.09513250365853311 29.569053649902347 -0.030120026320219036 0.17278058081865313 -0.07309242337942122 37.085582733154304 0.21772121638059619 15.750000000000002 0.77758994698524486 0.75548630952835094
decision_type=2 2 2 2 2 2 2 2 2 2 2 2 2 2 2 2 2 2 2 2 2 2 2 2 2 2 2 2 2 2
left_child=1 3 -3 4 5 6 -1 13 12 10 -10 -11 -9 -6 -15 18 -17 -18 -12 -20 -21 -14 23 -23 -25 -24 27 -27 29 -28
right_child=-2 2 -4 -5 7 -7 -8 8 9 11 15 -13 21 14 -16 16 17 -19 19 20 -22 22 25 24 -26 26 28 -29 -30 -31
leaf_value=-0.013648371728784678 0.003124711101140027 -0.028032065362565053 -0.00020322155044446758 -0.0069721134500883436 -0.059112886410827438 0.0018864537458172339 -0.0015495728546733385 -0.035698560351781448 -0.0049799399495249691 0.036682716042366718 0.012753072886628875 -0.030842342120871925 0.0065497013038319472 0.12349233331950948 0.013016653686837219 0.045902937804068886 0.016218872737736253 -0.01435304987867201 0.0032742728675475598 -0.0040434496429030296 -0.04084043760284517 0.0023345175478677207 0.0065975538000709799 -0.0062596019950319024 0.0036903943770368246 0.014173571420694465 0.0020161328761885053 -0.043490309489921657 -0.0080215301253657098 0.027494797285384454
leaf_weight=21600 83616 2867 3565 17085 150 40256 19200 816 58134 286 5102 2386 26882 164 4714 861 4836 2296 28713 29610 658 71744 50085 50589 15586 603 30394 1243 10392 1884
leaf_count=21600 83616 2867 3565 17085 150 40256 19200 816 58134 286 5102 2386 26882 164 4714 861 4836 2296 28713 29610 658 71744 50085 50589 15586 603 30394 1243 10392 1884
internal_value=-1.14839e-13 -0.000519744 -0.0126077 -0.000363076 -0.000127435 -0.00306721 -0.00795482 0.000471081 0.000292049 -0.00191989 -0.0014747 -0.0236147 0.00142159 0.0144682 0.0167309 0.0013525 0.0106346 0.00637687 0.00019476 -0.000891564 -0.00484338 0.00153836 0.000958991 -0.000664599 -0.00391611 0.00332603 -0.000354771 -0.0246543 0.00069648 0.00350327
internal_weight=586317 502701 6432 496269 479184 81056 40800 398128 393100 132882 130210 2672 260218 5028 4878 72076 7993 7132 64083 58981 30268 259402 232520 137919 66175 94601 44516 1846 42670 32278
internal_count=586317 502701 6432 496269 479184 81056 40800 398128 393100 132882 130210 2672 260218 5028 4878 72076 7993 7132 64083 58981 30268 259402 232520 137919 66175 94601 44516 1846 42670 32278
is_linear=0
shrinkage=0.05


Tree=99
num_leaves=31
num_cat=0
split_feature=13 12 13 11 10 3 5 11 3 13 11 9 10 11 10 9 3 5 11 3 11 10 11 11 10 3 10 8 10 10
split_gain=376.934 565.825 865.79 450.772 391.047 430.413 423.805 366.895 396.621 413.917 362.034 359.74 354.759 351.559 351.303 485.264 388.908 399.111 380.377 481.698 349.877 442.041 344.993 381.114 475.191 361.166 351.673 363.383 356.868 354.228
threshold=80.750000000000014 14.250000000000002 78.250000000000014 -0.14153505116701123 0.6186656951904298 28.796261787414554 29.911494255065922 0.41326330602169042 31.452585220336918 83.250000000000014 -0.99981480836868275 32.291826248168952 -0.99865758419036854 -0.72658059000968922 0.28435654938220983 35.004232406616218 33.446430206298835 37.727956771850593 -0.96227341890335072 35.987430572509773 -0.98518359661102284 1.0000000180025095e-35 -0.95744973421096791 -0.66483077406883229 -0.65189296007156361 25.515925407409672 -0.69016700983047474 7.2786617279052743 -0.72660079598426808 -0.70252096652984608
decision_type=2 2 2 2 2 2 2 2 2 2 2 2 2 2 2 2 2 2 2 2 2 2 2 2 2 2 2 2 2 2
left_child=1 2 -1 -4 5 11 -6 8 9 -2 -7 20 -12 -8 15 -10 -17 18 19 -18 21 -3 25 24 26 -22 27 28 -24 -29
right_child=7 4 3 -5 6 10 13 -9 14 -11 12 -13 -14 -15 -16 16 17 -19 -20 -21 22 -23 23 -25 -26 -27 -28 29 -30 -31
leaf_value=-0.0057416691649360011 0.0020915602168648478 -0.043062258685393755 0.0077464503230058592 -0.0015564749368541804 0.035875784068314626 0.022488346986423227 0.017532614131013948 -0.0060855872502056929 -0.004842406857054885 0.020097803125880005 0.012634451286743948 -0.015815726030075278 -0.00058268977373739778 0.0033663792269324438 0.00090439462153798437 0.010149351141871375 -0.046866546921810671 -0.013045599187652652 0.0048748165880988913 -0.12845204445629799 0.11038339373561135 0.044293264594715949 -0.036647063168374676 0.011904179303292434 0.0063378579137576751 0.025275588926219412 -0.073449336021655695 -0.030054112527032217 0.030815147276852764 -0.14780517843218496
leaf_weight=72925 16244 642 23904 28602 1057 1763 4599 44562 22905 3972 5203 1625 209472 91784 32700 474 481 715 171 290 138 187 325 15668 3419 1289 324 302 494 81
leaf_count=72925 16244 642 23904 28602 1057 1763 4599 44562 22905 3972 5203 1625 209472 91784 32700 474 481 715 171 290 138 187 325 15668 3419 1289 324 302 494 81
internal_value=9.30581e-13 0.000651572 -0.00221682 0.0026788 0.00171486 0.000633898 0.00438765 -0.00246666 -0.000397873 0.00562939 -7.70345e-05 0.00691596 -0.000262351 0.00404233 -0.00250829 -0.00696567 -0.0297875 -0.0412118 -0.0625906 -0.0775537 0.0085312 -0.0233572 0.00973064 0.00808471 -0.00401711 0.0335061 -0.0272174 -0.0147556 0.00404443 -0.0549571
internal_weight=586317 463803 125431 52506 338372 240932 97440 122514 77952 20216 216438 24494 214675 96383 57736 25036 2131 1657 942 771 22869 829 22040 20613 4945 1427 1526 1202 819 383
internal_count=586317 463803 125431 52506 338372 240932 97440 122514 77952 20216 216438 24494 214675 96383 57736 25036 2131 1657 942 771 22869 829 22040 20613 4945 1427 1526 1202 819 383
is_linear=0
shrinkage=0.05


Tree=100
num_leaves=31
num_cat=0
split_feature=13 12 13 11 1 10 3 9 11 10 5 11 11 10 3 13 11 3 10 3 1 7 3 7 5 7 9 1 3 11
split_gain=345.023 560.764 924.65 469.097 456.096 380.686 504.217 562.854 431.137 464.503 358.326 341.895 336.403 338.147 330.511 331.44 325.621 348.835 321.088 667.967 330.916 290.509 288.51 284.609 282.671 282.385 281.389 276.599 411.914 272.476
threshold=80.250000000000014 14.750000000000002 78.750000000000014 -0.14153505116701123 33.17035102844239 0.6186656951904298 29.610710144042972 32.164163589477546 -0.98518359661102284 1.0000000180025095e-35 31.698678970336918 0.41326330602169042 -0.99981480836868275 -0.99865758419036854 30.992472648620609 83.250000000000014 -0.95744973421096791 25.515925407409672 0.21772121638059619 36.229194641113288 31.830096244812015 25.926727294921879 35.987430572509773 40.933967590332038 31.173068046569828 25.926727294921879 38.940244674682624 27.643974304199222 28.179128646850589 -0.66483077406883229
decision_type=2 2 2 2 2 2 2 2 2 2 2 2 2 2 2 2 2 2 2 2 2 2 2 2 2 2 2 2 2 2
left_child=1 2 -1 4 22 6 7 8 9 -3 -7 14 -8 24 15 25 17 -10 19 -16 -20 -19 -4 26 -14 -2 -21 28 -13 -18
right_child=11 5 3 -5 -6 10 12 -9 16 -11 -12 27 13 -15 18 -17 29 21 20 23 -22 -23 -24 -25 -26 -27 -28 -29 -30 -31
leaf_value=-0.0043662010304887392 -0.062553471011086936 -0.04502034646188445 0.028471327602084373 -0.00049052310804335603 0.0064307552081544553 0.020963380876136237 0.023899951501353212 -0.013465760443385525 0.11246779084297992 0.05338932165480538 0.0041771825881807435 -0.010395729244308503 -0.0052456529457255022 -0.00083713220201830571 -0.0044440791914373496 0.020748284136909299 -0.0016260575223098622 -0.048138029471509101 0.033853607840551123 -0.042121674766793911 0.00054802876089340849 0.030728406369311092 -0.092553528290241965 0.050030510443246967 0.022280253903468928 0.0033918741972313714 -0.11529307232679634 -0.0040393041045669502 -0.049621268050324165 0.010548448683412398
leaf_weight=105012 164 671 3256 25424 17942 3311 1427 3246 121 146 79849 5073 1376 165429 32261 3028 5744 127 760 421 39922 1449 50 59 2895 15994 191 47206 771 22992
leaf_count=105012 164 671 3256 25424 17942 3311 1427 3246 121 146 79849 5073 1376 165429 32261 3028 5744 127 760 421 39922 1449 50 59 2895 15994 191 47206 771 22992
internal_value=2.57732e-12 0.00069795 -0.00176366 0.00409206 0.00957528 0.00199092 0.00083643 0.00635108 0.00840949 -0.0274343 0.00484552 -0.00210781 -0.000275219 -0.000478507 -0.000277468 0.00556743 0.00937175 0.0306544 -0.00180082 -0.00547106 0.00117023 0.0243731 0.0266409 -0.0548471 0.0134122 0.00272254 -0.0649578 -0.00530961 -0.0155708 0.0081149
internal_weight=586317 440467 151684 46672 21248 288783 205623 34496 31250 817 83160 145850 171127 169700 92800 19186 30433 1697 73614 32932 40682 1576 3306 671 4271 16158 612 53050 5844 28736
internal_count=586317 440467 151684 46672 21248 288783 205623 34496 31250 817 83160 145850 171127 169700 92800 19186 30433 1697 73614 32932 40682 1576 3306 671 4271 16158 612 53050 5844 28736
is_linear=0
shrinkage=0.05


Tree=101
num_leaves=31
num_cat=0
split_feature=9 1 3 12 11 11 9 13 11 13 12 12 13 11 12 12 11 10 1 2 7 10 3 10 11 7 1 10 4 8
split_gain=316.824 303.404 255.8 242.295 239.796 303.298 297.916 252.328 819.825 375.278 359.291 310.34 270.42 359.371 366.219 337.906 329.609 423.317 645.581 424.138 372.612 352.495 310.061 328.654 288.959 389.119 285.077 276.536 269.442 268.269
threshold=39.718400955200202 24.853873252868656 24.83557224273682 13.250000000000002 0.99548450112342846 0.99962961673736583 26.231262207031254 76.750000000000014 -0.07309242337942122 80.250000000000014 16.250000000000004 13.250000000000002 79.250000000000014 -0.61186373233795155 17.750000000000004 14.250000000000002 -0.07309242337942122 -0.012910176534205673 31.863302230834964 6.8013107776641855 31.096075057983402 0.99628895521163952 31.328034400939945 -0.99466162919998158 0.20088311284780505 28.311470031738285 32.553670883178718 -0.16705007851123807 5.530083656311036 2.6863738298416142
decision_type=2 2 2 2 2 2 2 2 2 2 2 2 2 2 2 2 2 2 2 2 2 2 2 2 2 2 2 2 2 2
left_child=1 -1 3 -3 7 -6 -7 8 10 12 -4 -10 15 14 26 -9 17 19 -19 22 27 29 23 -17 -18 -26 -14 -21 -25 -20
right_child=-2 2 4 -5 5 6 -8 9 11 -11 -12 -13 13 -15 -16 16 24 18 21 20 -22 -23 -24 28 25 -27 -28 -29 -30 -31
leaf_value=-0.018236964424990336 0.0043611258038451792 -0.011576570530452997 -0.011699917708407746 0.035172522548077914 -0.010389480601058996 -0.065561971801402816 0.0067418282973006061 -0.00241166143048375 -0.0068052061317564741 -0.0017999348216151585 -0.0022160100227075837 0.0037671588486741384 0.028042610906600724 0.0017949284447026992 -0.0010093464502438805 -0.048367492771773997 0.010540790277129071 0.033610296071472652 -7.3475223371927262e-05 -0.00073519084912338167 -0.023419176401308597 -0.055149124536831351 -0.0050570126326609371 0.011232991686148476 0.018537224711217326 0.0017180851405752132 0.010222942238024361 -0.047464759259108341 -0.0055438256523267122 0.013094545827286442
leaf_weight=2350 38883 391 23785 952 12045 147 4619 70076 8419 134854 17214 39543 2693 60222 6313 280 13601 1745 18100 4791 4602 266 19364 8386 3625 66970 13474 339 3349 4919
leaf_count=2350 38883 391 23785 952 12045 147 4619 70076 8419 134854 17214 39543 2693 60222 6313 280 13601 1745 18100 4791 4602 266 19364 8386 3625 66970 13474 339 3349 4919
internal_value=2.00034e-12 -0.000309761 -0.000232472 0.021562 -0.000286303 -0.00616492 0.00451173 -9.87535e-05 -0.00252647 0.000394368 -0.00771797 0.00191134 0.0013706 0.00380867 0.00920332 0.000455801 0.0017924 -0.000849076 0.00427737 -0.00397026 -0.0130896 0.00207913 -0.00114195 0.00516777 0.00386744 0.00258174 0.0131912 -0.00382317 0.00644513 0.00274044
internal_weight=586317 547434 545084 1343 543741 16811 4766 526930 88961 437969 40999 47962 303115 82702 22480 220413 150337 66141 25030 41111 9732 23285 31379 12015 84196 70595 16167 5130 11735 23019
internal_count=586317 547434 545084 1343 543741 16811 4766 526930 88961 437969 40999 47962 303115 82702 22480 220413 150337 66141 25030 41111 9732 23285 31379 12015 84196 70595 16167 5130 11735 23019
is_linear=0
shrinkage=0.05


Tree=102
num_leaves=31
num_cat=0
split_feature=10 10 1 10 10 10 11 11 1 9 1 9 12 11 12 3 9 10 10 9 10 10 1 1 13 11 11 12 7 3
split_gain=299.684 352.906 428.152 283.904 274.156 611.957 425.456 538.683 273.432 269.304 266.789 449.581 254.23 231.455 314.443 231.106 233.023 229.921 258.116 252.295 249.248 225.677 225.428 219.374 216.459 602.711 491.649 454.14 428.743 362.288
threshold=0.90149331092834484 0.88606244325637828 35.605012893676765 0.89001935720443737 0.94130858778953563 0.95992380380630504 -0.14153505116701123 0.047319635748863227 24.853873252868656 41.308223724365241 38.367088317871101 37.346353530883796 16.250000000000004 0.88201534748077404 15.250000000000002 24.83557224273682 27.642139434814457 0.98521098494529735 0.97873103618621837 41.532588958740241 0.97109106183052074 0.92913278937339794 36.905206680297859 40.74768257141114 77.250000000000014 -0.09024826809763907 0.41326330602169042 17.250000000000004 25.926727294921879 30.739950180053714
decision_type=2 2 2 2 2 2 2 2 2 2 2 2 2 2 2 2 2 2 2 2 2 2 2 2 2 2 2 2 2 2
left_child=1 8 3 -3 10 9 17 -8 13 12 11 21 -6 14 -1 16 -10 18 19 -7 -21 -2 -13 -20 25 27 28 -17 -26 -30
right_child=4 2 -4 -5 5 6 7 -9 15 -11 -12 22 -14 -15 -16 24 -18 -19 23 20 -22 -23 -24 -25 26 -27 -28 -29 29 -31
leaf_value=-0.018677574856677429 0.0034218580594257207 -0.071671131264358284 -0.00052914957871835625 -0.021004366009799581 -0.0022634977824503521 0.015627235843746569 -0.0056125419760870657 0.0060475862220164302 -2.0130761302364183e-05 0.018406363652442897 0.017419160395286609 -0.040590569246697399 -0.018097684177005455 -0.03391024606937159 0.036657253922971568 -0.0089606007843357188 0.041639396994400758 0.022942206919901426 -0.0097168665868988934 -0.0029432793945074081 -0.099979516996277717 0.018316710794435323 -0.0055120065573150004 0.026089867987813459 -0.038460274334003092 0.0012617874367159157 -0.0018359711469080728 0.00012909444170194182 0.0061810192939771398 0.00098210638508081029
leaf_weight=877 8128 310 3565 2557 4328 6092 17688 22512 682 809 5409 688 6119 1110 363 38384 661 3216 2708 250 90 3701 1370 508 657 64516 153647 21404 41596 172372
leaf_count=877 8128 310 3565 2557 4328 6092 17688 22512 682 809 5409 688 6119 1110 363 38384 661 3216 2708 250 90 3701 1370 508 657 64516 153647 21404 41596 172372
internal_value=-2.32271e-12 -0.000461026 -0.0120977 -0.0264828 0.0027717 0.00120356 0.00344976 0.00091713 -0.000310206 -0.0093857 0.00799883 0.00432961 -0.0115379 -0.0173251 -0.00247875 -0.000229252 0.0204839 0.0113642 0.00750493 0.0132878 -0.0286293 0.00808209 -0.017239 -0.00406083 -0.000285726 -0.00208984 0.000323222 -0.00570651 0.00186896 0.00199279
internal_weight=586317 502701 6432 2867 83616 64320 53064 40200 496269 11256 19296 13887 10447 2350 1240 493919 1343 12864 9648 6432 340 11829 2058 3216 492576 124304 368272 59788 214625 213968
internal_count=586317 502701 6432 2867 83616 64320 53064 40200 496269 11256 19296 13887 10447 2350 1240 493919 1343 12864 9648 6432 340 11829 2058 3216 492576 124304 368272 59788 214625 213968
is_linear=0
shrinkage=0.05


Tree=103
num_leaves=31
num_cat=0
split_feature=13 12 13 11 1 3 10 5 11 11 10 11 11 10 10 11 1 6 10 11 1 5 10 11 10 11 3 5 13 3
split_gain=293.54 409.994 776.147 430.706 427.477 320.512 430.971 339.161 332.38 331.363 525.119 490.221 443.863 560.146 625.884 420.752 409.701 371.677 407.554 331.546 313.852 306.197 297.028 303.582 279.633 273.563 356.984 305.341 300.347 265.412
threshold=80.750000000000014 14.750000000000002 78.250000000000014 -0.14153505116701123 32.809226989746101 28.796261787414554 0.6186656951904298 28.953827857971195 -0.72658059000968922 -0.98518359661102284 1.0000000180025095e-35 -0.95744973421096791 -0.66483077406883229 -0.65189296007156361 -0.67760851979255665 -0.49749487638473505 29.458713531494144 2.4670652151107793 -0.70252096652984608 -0.81401595473289479 27.163667678833011 37.343299865722663 -0.99865758419036854 -0.99981480836868275 -0.71466678380966175 0.56312987208366405 30.992472648620609 34.201847076416023 83.750000000000014 25.515925407409672
decision_type=2 2 2 2 2 2 2 2 2 2 2 2 2 2 2 2 2 2 2 2 2 2 2 2 2 2 2 2 2 2
left_child=1 2 -1 4 21 9 22 -8 -9 10 -3 29 13 14 17 -14 -16 24 20 -15 -19 -4 -7 -24 -13 26 28 -27 -2 -11
right_child=25 5 3 -5 -6 6 7 8 -10 11 -12 12 15 19 16 -17 -18 18 -20 -21 -22 -23 23 -25 -26 27 -28 -29 -30 -31
leaf_value=-0.0046203030998665058 0.0035308713773476337 -0.043407393942683892 0.021562397102497018 -0.0011255957309594001 0.0043158460262729915 0.012128146795396866 0.057396933392806583 0.017522422916991576 0.0031941364382910425 0.10572373744960016 0.057275791062470188 -0.022346294103591954 0.038805168775452259 -0.0024234437533113109 -0.050438632569987221 0.0084418243494774267 -0.18217851982265712 0.032488446803428904 -0.11809404347358006 0.037064945440503025 -0.051892113486408369 -0.09300660522875645 0.020994736919995972 -0.00060169809401785558 0.040621316449029284 -0.0051875573798343053 -0.0022605002859417012 -0.04425256218594964 0.025049901267522136 0.03056197161797259
leaf_weight=87510 15796 662 5049 34958 24108 4832 297 4250 84946 130 161 371 1245 2766 144 13652 100 167 147 658 324 59 1641 194073 336 37335 67069 507 1807 1217
leaf_count=87510 15796 662 5049 34958 24108 4832 297 4250 84946 130 161 371 1245 2766 144 13652 100 167 147 658 324 59 1641 194073 336 37335 67069 507 1807 1217
internal_value=-1.64083e-12 0.000574995 -0.00155747 0.00261911 0.00709979 0.00161133 0.00116925 0.00405447 0.00387685 0.00741845 -0.0237112 0.00862369 0.0066487 -0.00622073 -0.0307552 0.0109794 -0.10443 -0.0173896 -0.0450585 0.00516515 -0.0231924 0.0202391 -0.000118266 -0.000420619 0.00757891 -0.00217676 -0.000597254 -0.00571094 0.00573986 0.0378159
internal_weight=586317 463803 151684 64174 29216 312119 290039 89493 89196 22080 823 21257 19910 5013 1589 14897 244 1345 638 3424 491 5108 200546 195714 707 122514 84672 37842 17603 1347
internal_count=586317 463803 151684 64174 29216 312119 290039 89493 89196 22080 823 21257 19910 5013 1589 14897 244 1345 638 3424 491 5108 200546 195714 707 122514 84672 37842 17603 1347
is_linear=0
shrinkage=0.05


Tree=104
num_leaves=31
num_cat=0
split_feature=10 8 10 5 12 10 9 1 3 10 10 10 11 11 10 12 1 13 12 11 11 11 7 10 10 1 12 1 5 11
split_gain=284.797 395.53 379.157 286.597 281.24 267.396 264.73 228.715 330.559 276.419 512.098 422.855 364.086 455.991 250.51 232.306 225.034 224.343 242.224 215.458 603.321 561.845 860.657 433.649 435.346 395.7 1028.19 348.865 556.522 343.375
threshold=-0.021515898406505581 0.5069602131843568 -0.055916473269462579 33.044858932495124 16.750000000000004 -0.030120026320219036 41.114059448242195 25.946461677551273 28.956470489501957 0.95992380380630504 0.94697898626327526 0.9259161949157716 -0.14153505116701123 0.030119189061224464 0.94130858778953563 16.750000000000004 34.201402664184577 80.250000000000014 13.250000000000002 -0.9412824511528014 -0.87792757153511036 -0.86955720186233509 31.34055328369141 -0.39753912389278406 -0.3657191395759582 33.350265502929695 17.750000000000004 31.705049514770511 30.42714881896973 -0.67758968472480763
decision_type=2 2 2 2 2 2 2 2 2 2 2 2 2 2 2 2 2 2 2 2 2 2 2 2 2 2 2 2 2 2
left_child=2 6 19 -4 -5 -6 7 -2 17 10 11 -10 -11 -14 -13 -12 -8 18 -9 -1 23 22 27 -21 25 -25 -27 -22 -29 -23
right_child=1 -3 3 4 5 -7 16 8 9 12 15 14 13 -15 -16 -17 -18 -19 -20 20 21 29 -24 24 -26 26 -28 28 -30 -31
leaf_value=-0.0050728195198448088 -0.020206631343037653 0.0056267329573897341 -0.0072548041371090222 -0.010306884923121573 -0.08698153630540173 -0.02749815293057107 0.088966444441367212 0.0012235556471522086 -0.0014498714690936779 0.011043256451118347 -0.0052803713176777477 0.014394850188173797 -0.0063716381690376162 0.0050562886787364784 -0.0034828187801825422 -0.023925332754721165 0.005939100784845555 -0.00020482142674712242 0.018089715988899215 0.017254582794645392 -0.053982572158734303 -0.0059060794895351232 0.00054044630476119369 -0.0046262595977112544 0.012844533350128482 -0.018274798097860707 -0.18402255041443782 -0.27477577515676915 -0.072814542752717745 -9.7662063659502028e-05
leaf_weight=27336 1403 41298 4531 732 337 430 82 3319 158340 10716 3226 6917 14383 22205 2734 3465 17180 6276 5936 8040 518 28944 936 2599 3216 502 115 51 103 210447
leaf_count=27336 1403 41298 4531 732 337 430 82 3319 158340 10716 3226 6917 14383 22205 2734 3465 17180 6276 5936 8040 518 28944 936 2599 3216 502 115 51 103 210447
internal_value=2.03789e-12 0.00108585 -0.00111834 -0.0135246 -0.0324761 -0.0536336 0.000353831 -7.82016e-05 4.06959e-05 -0.000452687 -0.00137084 -0.000830553 0.00293783 0.00056389 0.00933034 -0.0149358 0.00633351 0.00709266 0.0120412 -0.000853815 -0.000402371 -0.0009978 -0.0304543 0.00951318 -0.000163584 -0.0131717 -0.0491678 -0.0736256 -0.139698 -0.000799939
internal_weight=586317 297480 288837 6030 1499 767 256182 238920 237517 221986 174682 167991 47304 36588 9651 6691 17262 15531 9255 282807 255471 240999 1608 14472 6432 3216 617 672 154 239391
internal_count=586317 297480 288837 6030 1499 767 256182 238920 237517 221986 174682 167991 47304 36588 9651 6691 17262 15531 9255 282807 255471 240999 1608 14472 6432 3216 617 672 154 239391
is_linear=0
shrinkage=0.05


Tree=105
num_leaves=31
num_cat=0
split_feature=13 13 12 11 10 11 10 4 11 5 11 3 1 3 10 10 10 11 3 1 3 5 1 8 3 10 10 3 5 3
split_gain=263.664 439.292 836.574 380.621 384.642 374.688 625.38 380.393 363.057 295.745 263.295 437.602 244.796 459.649 305.686 285.084 239.788 238.395 361.706 232.242 307.487 230.952 219.566 207.748 205.847 202.835 226.436 197.483 313.062 857.789
threshold=80.250000000000014 78.250000000000014 15.250000000000002 0.41326330602169042 -0.86095303297042836 -0.66483077406883229 -0.65189296007156361 23.618495941162113 -0.62538740038871754 28.509267807006839 0.76663044095039379 28.850794792175297 27.844524383544925 28.315699577331547 0.50495636463165294 0.6186656951904298 0.95495790243148815 0.88201534748077404 25.937375068664554 24.853873252868656 26.241848945617679 36.303995132446296 27.298403739929203 0.10673265531659128 24.83557224273682 0.94130858778953563 0.90518480539321911 35.520656585693366 37.255231857299812 36.817195892333991
decision_type=2 2 2 2 2 2 2 2 2 2 2 2 2 2 2 2 2 2 2 2 2 2 2 2 2 2 2 2 2 2
left_child=1 2 -1 -3 -5 6 7 -4 -7 -10 11 -2 13 14 17 -16 25 18 -12 20 -19 -6 -15 -18 -8 26 -11 -27 29 -29
right_child=10 3 5 4 21 8 24 -9 9 16 12 -13 -14 22 15 -17 23 19 -20 -21 -22 -23 -24 -25 -26 27 -28 28 -30 -31
leaf_value=-0.0042525939902182501 0.012197559650833113 0.0040830028501456913 -0.020026505485696726 -0.017561981197064654 0.00064665412698225195 0.022412004102101493 0.080489359084421244 -0.10430885573433313 0.01416340862119066 0.00088228606930933423 0.090035045424512794 -0.0014567494242590455 -0.0036423756221183219 -0.082703310014323461 -0.12010896894284802 0.0098531297171685975 0.0063448697536332673 -0.023968043313617564 -0.013258376895744156 -0.0065923965664729679 -0.12330246882196119 -0.022558649822870921 -0.028275032756708014 0.028353684637944306 -0.00082475995479206984 0.026580324150643892 0.012538627149587311 -0.017215242611728031 -0.010080125982477123 -0.19799387357621032
leaf_weight=102095 6207 122496 3060 3168 65768 2400 78 140 5376 78474 153 107393 25756 318 117 66 12830 455 190 4657 94 1090 444 1170 35922 254 4400 258 1400 88
leaf_count=102095 6207 122496 3060 3168 65768 2400 78 140 5376 78474 153 107393 25756 318 117 66 12830 455 190 4657 94 1090 444 1170 35922 254 4400 258 1400 88
internal_value=9.32041e-13 0.000610134 -0.000781267 0.00240209 -0.000538316 0.00164866 -0.00253146 -0.0237139 0.0031851 0.00274246 -0.00184261 -0.00071069 -0.00582976 -0.0145052 -0.00965507 -0.0732374 0.00212148 -0.00755819 0.0328171 -0.0102183 -0.0409761 0.000268333 -0.0509892 0.00818418 -0.000648579 0.00112144 0.00150115 -0.0146129 -0.0206055 -0.0631936
internal_weight=586317 440467 247945 192522 70026 145850 39200 3200 106650 104250 145850 113600 32250 6494 5732 183 98874 5549 343 5206 549 66858 762 14000 36000 84874 82874 2000 1746 346
internal_count=586317 440467 247945 192522 70026 145850 39200 3200 106650 104250 145850 113600 32250 6494 5732 183 98874 5549 343 5206 549 66858 762 14000 36000 84874 82874 2000 1746 346
is_linear=0
shrinkage=0.05


Tree=106
num_leaves=31
num_cat=0
split_feature=10 8 10 5 12 10 9 1 1 11 11 11 7 10 10 1 12 10 7 1 3 3 12 11 10 11 4 7 0 9
split_gain=251.798 355.745 339.808 262.117 252.559 241.355 228.689 207.29 203.469 199.392 538.568 508.196 776.621 392.203 391.832 361.273 927.389 326.474 441.151 324.235 670.723 360.386 307.166 302.75 913.228 848.431 636.89 550.465 510.566 523.26
threshold=-0.021515898406505581 0.5069602131843568 -0.055916473269462579 33.044858932495124 16.750000000000004 -0.030120026320219036 41.114059448242195 42.860454559326179 34.201402664184577 -0.9412824511528014 -0.87792757153511036 -0.86955720186233509 31.430132865905765 -0.39753912389278406 -0.3657191395759582 33.441390991210945 17.750000000000004 -0.26781183481216425 25.500941276550297 29.331702232360843 31.35807037353516 28.509051322937015 15.250000000000002 -0.67758968472480763 -0.63874351978301991 -0.63872575759887684 3.5549511909484868 26.476396560668949 1.8225604295730593 31.777683258056644
decision_type=2 2 2 2 2 2 2 2 2 2 2 2 2 2 2 2 2 2 2 2 2 2 2 2 2 2 2 2 2 2
left_child=2 6 9 -4 -5 -6 7 -2 -8 17 13 12 -12 -11 15 19 -17 -1 -19 20 22 -21 -15 24 26 27 -13 -25 -26 -30
right_child=1 -3 3 4 5 -7 8 -9 -10 10 11 23 -14 14 -16 16 -18 18 -20 21 -22 -23 -24 25 28 -27 -28 -29 29 -31
leaf_value=-0.014710515924003964 -0.00015139449427982427 0.0053274631708765483 -0.0068003740331115106 -0.0099120498191796833 -0.08265271302539226 -0.026139888383700585 0.08445847536232777 0.028232146901540574 0.0055094944597105788 0.016363665805404628 -0.068872112737737412 -0.0081514887400466855 0.0012961209031890492 -0.01927505966595814 0.012139678330691571 -0.018504867083809325 -0.18188326423460585 -0.055425830701408066 -0.00084442348260179388 0.060416187836151374 0.078809981538873655 -0.0024065066125271337 -0.088738624608805897 -0.034921495550124929 0.0097885264124816865 -0.00056808208101690946 -0.032388333477274711 0.025779206364828444 0.0053238615361299113 -0.022969364794265257
leaf_weight=6432 238275 41298 4531 732 337 430 82 645 17180 8040 693 8982 915 334 3216 481 106 377 20527 266 115 1610 304 408 9536 205623 3882 4416 3382 3162
leaf_count=6432 238275 41298 4531 732 337 430 82 645 17180 8040 693 8982 915 334 3216 481 106 377 20527 266 115 1610 304 408 9536 205623 3882 4416 3382 3162
internal_value=-3.44391e-12 0.001021 -0.00105156 -0.0127964 -0.0309204 -0.0509702 0.000326779 -7.47689e-05 0.00588453 -0.000801134 -0.000366849 -0.000929418 -0.0289443 0.00900149 -0.000201227 -0.0125421 -0.0480076 -0.00485978 -0.00182879 -0.00462344 -0.032339 0.00650119 -0.0523737 -0.000741241 -0.00553581 -8.18151e-05 -0.0154655 0.0206453 0.00240793 -0.00834716
internal_weight=586317 297480 288837 6030 1499 767 256182 238920 17262 282807 255471 240999 1608 14472 6432 3216 587 27336 20904 2629 753 1876 638 239391 28944 210447 12864 4824 16080 6544
internal_count=586317 297480 288837 6030 1499 767 256182 238920 17262 282807 255471 240999 1608 14472 6432 3216 587 27336 20904 2629 753 1876 638 239391 28944 210447 12864 4824 16080 6544
is_linear=0
shrinkage=0.05


Tree=107
num_leaves=31
num_cat=0
split_feature=11 10 10 11 11 7 1 0 10 10 9 2 10 10 3 1 12 5 1 3 11 4 11 10 10 5 10 5 12 3
split_gain=244.943 273.574 721.762 471.038 463.014 708.085 546.675 427.795 414.398 355.142 652.038 389.576 353.963 353.629 351.581 329.29 733.383 391.794 477.311 299.027 294.879 857.352 751.024 466.07 434.227 402.957 358.812 460.764 345.492 559.65
threshold=0.99548450112342846 -0.20931270718574521 -0.3334656953811645 -0.87792757153511036 -0.86955720186233509 29.374021530151371 31.675247192382816 4.045114517211915 -0.15005400776863095 -0.12447811290621756 30.243875503540043 18.22629547119141 -0.39753912389278406 -0.3657191395759582 29.0031852722168 32.92625808715821 18.250000000000004 31.422794342041019 29.331702232360843 30.360366821289066 -0.67758968472480763 2.3091909885406499 -0.61186373233795155 -0.63874351978301991 -0.63874351978301991 32.348861694335945 -0.57728627324104298 27.660520553588871 15.250000000000002 26.866142272949222
decision_type=2 2 2 2 2 2 2 2 2 2 2 2 2 2 2 2 2 2 2 2 2 2 2 2 2 2 2 2 2 2
left_child=1 2 3 12 5 6 -5 -4 -3 10 11 -10 -1 15 -9 17 -17 18 -14 -19 21 24 -22 25 -6 -23 -25 -28 -24 -30
right_child=-2 8 7 4 20 -7 -8 14 9 -11 -12 -13 13 -15 -16 16 -18 19 -20 -21 22 23 28 26 -26 -27 27 -29 29 -31
leaf_value=0.015545482529994218 -0.0058989292313152714 0.010582044672776361 -0.013010029417392589 -0.06503315575623797 -0.0070892383380643026 -0.010123945240098497 -0.24378138184547427 0.018337717164972119 0.012592626088800027 0.0010293565943683429 -0.029435799234623524 -0.079348438599559132 -0.050396016538159893 0.011532694425785221 -0.0070679990028228515 -0.019396450569030985 -0.1541278792389979 0.092183059111437538 0.0037053796320307567 0.011736569516628017 0.015114053601240296 -0.036120514578159117 -0.0038587177991750675 0.0070779710059087481 0.0083916180321511255 0.0012071375247784133 -0.063066323754026002 -0.010607022547159374 0.031946583450167543 0.0005812948935797357
leaf_weight=8040 17085 11256 18341 296 8334 1262 50 2197 2072 299088 2630 122 626 3216 3582 638 120 149 1169 514 8040 3627 53680 2494 9923 903 482 3181 1439 121761
leaf_count=8040 17085 11256 18341 296 8334 1262 50 2197 2072 299088 2630 122 626 3216 3582 638 120 149 1169 514 8040 3627 53680 2494 9923 903 482 3181 1439 121761
internal_value=-1.85712e-12 0.000177051 -0.0010438 -0.000180675 -0.000767159 -0.0274971 -0.0908638 -0.00927225 0.00116121 0.000812286 -0.0126461 0.00748013 0.00855142 -0.000191166 0.00259048 -0.011915 -0.040726 -0.00303029 -0.0151623 0.0298158 -0.000566182 -0.00525902 0.00016835 -0.0165066 0.00132488 -0.0286797 -0.00755018 -0.0175099 -0.000511001 0.000947648
internal_weight=586317 569232 254064 229944 215472 1608 346 24120 315168 303912 4824 2194 14472 6432 5779 3216 758 2458 1795 663 213864 28944 184920 10687 18257 4530 6157 3663 176880 123200
internal_count=586317 569232 254064 229944 215472 1608 346 24120 315168 303912 4824 2194 14472 6432 5779 3216 758 2458 1795 663 213864 28944 184920 10687 18257 4530 6157 3663 176880 123200
is_linear=0
shrinkage=0.05


Tree=108
num_leaves=31
num_cat=0
split_feature=13 13 11 12 2 3 10 8 2 11 11 11 11 10 5 1 10 10 7 12 9 9 3 11 1 10 6 5 11 9
split_gain=241.451 333.527 569.019 457.199 284.099 279.195 305.16 394.345 364.843 403.844 441.61 393.277 380.893 316.192 532.782 564.511 316.458 370.464 281.424 277.976 241.172 223.21 233.998 221.288 209.453 201.05 213.811 200.12 361.001 390.62
threshold=81.250000000000014 76.750000000000014 -0.07309242337942122 16.750000000000004 5.0812292098999032 27.436041831970218 -0.030120026320219036 0.14792130887508395 0.90005379915237438 0.72064045071601879 0.6712351143360139 -0.66483077406883229 0.61864846944808971 -0.63874351978301991 30.263042449951175 31.549039840698246 -0.69016700983047474 -0.72660079598426808 29.332071304321293 13.250000000000002 30.882817268371586 42.44030952453614 28.902009963989261 -0.63872575759887684 27.643974304199222 -0.32533907890319819 0.24422185868024829 27.547017097473148 0.77756834030151378 30.437544822692875
decision_type=2 2 2 2 2 2 2 2 2 2 2 2 2 2 2 2 2 2 2 2 2 2 2 2 2 2 2 2 2 2
left_child=1 2 3 -1 24 -3 8 21 9 10 12 13 -7 14 16 18 17 -10 -16 -4 -18 22 -8 -13 27 26 -25 -2 -29 -30
right_child=4 5 19 -5 -6 6 7 -9 11 -11 -12 23 -14 -15 15 -17 20 -19 -20 -21 -22 -23 -24 25 -26 -27 -28 28 29 -31
leaf_value=-0.010195371125246658 -0.0040665702109122818 0.0087224019069560774 -0.0064099956566464186 -0.0002100188943033605 0.0035713791971841258 0.0028105971647565016 0.011324941839565813 0.0076972884497937197 -0.067555111492647382 -0.003370414397490939 0.020192504541098104 0.025013030591515242 -0.013608963260785339 -0.0066744850203157543 -0.057354457555561782 -0.032153280549252247 -0.048060733368401998 0.0047422260848658257 0.028511826599713897 0.0031933695794194093 -0.11876872022260439 0.01127474102269671 0.00063854912505669588 -0.0068009841519494577 -0.0027950257205715512 0.029387652507420217 0.0014733699348230438 0.0096820228373457121 -0.029330384149261098 -0.12256696874445135
leaf_weight=27840 2636 11745 9150 19488 17590 78682 5298 28522 332 38125 3506 820 3698 17847 107 1164 256 380 882 42700 228 5458 154716 12845 79598 526 19907 581 1569 121
leaf_count=27840 2636 11745 9150 19488 17590 78682 5298 28522 332 38125 3506 820 3698 17847 107 1164 256 380 882 42700 228 5458 154716 12845 79598 526 19907 581 1569 121
internal_value=5.3306e-13 0.000465906 -0.00211969 -0.00608376 -0.00220973 0.00113189 0.000893075 0.00226746 -0.000593898 0.00091214 0.00281318 -0.00397157 0.00207353 -0.0093199 -0.0234174 -0.00855361 -0.0501748 -0.0289695 0.0192219 0.00149866 -0.0813695 0.00133153 0.000992371 -0.000646949 -0.00341308 -0.00127923 -0.00177175 -0.0134388 -0.0243174 -0.0360059
internal_weight=586317 484222 99178 47328 102095 385044 373299 193994 179305 124011 85886 55294 82380 21196 3349 2153 1196 712 989 51850 484 165472 160014 34098 84505 33278 32752 4907 2271 1690
internal_count=586317 484222 99178 47328 102095 385044 373299 193994 179305 124011 85886 55294 82380 21196 3349 2153 1196 712 989 51850 484 165472 160014 34098 84505 33278 32752 4907 2271 1690
is_linear=0
shrinkage=0.05


Tree=109
num_leaves=31
num_cat=0
split_feature=1 13 13 12 11 10 4 11 11 5 10 10 11 5 5 10 10 3 10 10 3 12 1 0 13 11 10 10 12 11
split_gain=229.094 210.013 388.842 614.131 360.138 694.83 460.197 431.593 319.638 292.306 280.028 271.558 286.411 291.337 238.209 882.382 306.818 354.264 670.131 293.329 227.761 372.152 225.887 221.061 210.178 313.927 203.777 391.358 217.326 202.462
threshold=24.853873252868656 80.250000000000014 78.750000000000014 15.250000000000002 -0.66483077406883229 -0.63874351978301991 20.573472023010257 -0.62538740038871754 0.41326330602169042 28.687146186828617 -0.86095303297042836 0.95992380380630504 -0.22610731422901151 40.750810623168952 29.988348007202152 -0.69016700983047474 -0.69016700983047474 31.328034400939945 -0.72660079598426808 -0.65189296007156361 30.739950180053714 16.250000000000004 35.448331832885749 24.031633377075199 77.250000000000014 -0.55599683523178089 -0.25950939953327173 -0.24284747242927548 15.250000000000002 -0.021515300963073965
decision_type=2 2 2 2 2 2 2 2 2 2 2 2 2 2 2 2 2 2 2 2 2 2 2 2 2 2 2 2 2 2
left_child=26 2 3 24 5 6 14 -6 20 -9 -10 -11 13 -13 15 -5 17 -16 -19 -17 21 -4 -14 -3 25 -2 28 -28 -1 -24
right_child=1 23 8 4 7 -7 -8 9 10 11 -12 12 22 -15 16 19 -18 18 -20 -21 -22 -23 29 -25 -26 -27 27 -29 -30 -31
leaf_value=-0.015409604307807363 -0.010642618410337269 -0.0020083684294561928 0.032055513499310573 -0.0039943715928858446 0.021993044376126421 -0.00034142215381544966 -0.088867921261779323 0.012114146233782765 -0.017240310729561763 0.00085724731249664933 0.00041803344021524625 0.046422941325330425 0.028558556102959959 -0.00013722170221493738 0.005568247478428736 -0.11891875086274369 0.0071643631422206233 0.0073356313277488684 -0.081098859878661847 -0.028486684340492098 0.0037336268976280737 0.0067835580963557353 -0.0031559864834633934 0.007426097719209681 -0.0010879627051555427 -0.0028381905320602019 -0.16543563706621242 -0.024820531807127705 0.029852620043861185 0.0092968434843508797
leaf_weight=900 18640 138658 1866 775 2878 42624 239 7304 2352 101709 49412 906 1011 534 557 311 1396 360 529 126 82424 6642 5642 6500 61094 41734 52 1022 376 7744
leaf_count=900 18640 138658 1866 775 2878 42624 239 7304 2352 101709 49412 906 1011 534 557 311 1396 360 529 126 82424 6642 5642 6500 61094 41734 52 1022 376 7744
internal_value=2.96808e-12 6.26975e-05 0.000608055 -0.000425172 0.00147383 -0.00227249 -0.0214455 0.00284992 0.00275214 0.00240864 -0.000384308 0.00180557 0.00789589 0.0291569 -0.0174707 -0.0360303 -0.00955577 -0.0256978 -0.0452874 -0.0928445 0.00453759 0.0123263 0.00576935 -0.0015859 -0.00315553 -0.00524775 -0.0155801 -0.0316287 -0.00207215 0.00404816
internal_weight=586317 583967 438809 296113 174645 46917 4293 127728 142696 124850 51764 117546 15837 1440 4054 1212 2842 1446 889 437 90932 8508 14397 145158 121468 60374 2350 1074 1276 13386
internal_count=586317 583967 438809 296113 174645 46917 4293 127728 142696 124850 51764 117546 15837 1440 4054 1212 2842 1446 889 437 90932 8508 14397 145158 121468 60374 2350 1074 1276 13386
is_linear=0
shrinkage=0.05


Tree=110
num_leaves=31
num_cat=0
split_feature=11 11 9 10 10 11 11 7 2 10 10 10 10 9 2 1 12 1 12 5 3 9 0 5 7 5 1 3 10 12
split_gain=223.242 307.336 355.24 223.216 639.528 430.55 415.577 654.189 396.805 386.883 320.088 318.471 311.737 594.209 354.944 303.797 776.851 285.822 373.689 338.809 279.169 272.085 267.583 259.279 297.947 253.746 418.024 339.637 320.491 290.847
threshold=0.9969642460346223 0.99962961673736583 26.231262207031254 -0.20931270718574521 -0.3334656953811645 -0.87792757153511036 -0.86955720186233509 31.430132865905765 33.437347412109382 -0.15005400776863095 -0.39753912389278406 -0.3657191395759582 -0.12447811290621756 30.243875503540043 16.218787193298343 33.441390991210945 17.750000000000004 32.251585006713874 17.750000000000004 27.17766094207764 26.866142272949222 28.570462226867679 22.479414939880375 34.37634468078614 33.789379119873054 31.359388351440433 29.331702232360843 30.425042152404789 -0.38168568909168238 14.750000000000002
decision_type=2 2 2 2 2 2 2 2 2 2 2 2 2 2 2 2 2 2 2 2 2 2 2 2 2 2 2 2 2 2
left_child=3 -2 -3 4 5 10 7 17 -6 -5 -1 15 13 14 -11 25 23 19 -19 -7 -13 -22 -14 24 -17 26 29 -27 -29 -12
right_child=1 2 -4 9 8 6 -8 -9 -10 12 11 20 22 -15 -16 16 -18 18 -20 -21 21 -23 -24 -25 -26 27 -28 28 -30 -31
leaf_value=0.014858405103319339 -0.011703789702491441 -0.067950376542285085 0.0064852024748363662 0.010138251313930969 -0.0099571350133221288 -0.13034391475017543 -0.00051125175403051891 0.0017292709535883504 0.02398907489453753 0.01239129125731322 -0.01176319460247037 0.052840093554351743 0.00069937300078948034 -0.027937946386166986 -0.072182697581945718 -0.01749468725731233 -0.16628349994151098 -0.22083093582031627 -0.037701974379328582 -0.030743903959993924 -0.026543913693286104 0.013174219921048162 0.011854528476543657 0.035001853434658198 -0.13480964173441348 0.085533655591858326 0.0030223254143101281 -0.04026928012353892 0.031236206331419398 -0.080053645885614991
leaf_weight=8040 9045 166 4658 11256 23226 104 213864 915 894 2062 298 355 296829 2630 132 251 106 60 52 477 529 2332 5475 161 69 156 1188 256 404 327
leaf_count=8040 9045 166 4658 11256 23226 104 213864 915 894 2062 298 355 296829 2630 132 251 106 60 52 477 529 2332 5475 161 69 156 1188 256 404 327
internal_value=6.84055e-13 -0.00626811 0.00392378 0.000151861 -0.000953411 -0.000140944 -0.000701655 -0.0260253 -0.00869893 0.00103385 0.00820743 -0.000106298 0.000700176 -0.01191 0.00730297 -0.0112321 -0.0437543 -0.0626709 -0.135807 -0.0485725 0.0110195 0.00583032 0.000901403 -0.016752 -0.0427907 -0.0039706 -0.0143919 0.0191835 0.00350074 -0.0474928
internal_weight=586317 13869 4824 572448 254064 229944 215472 1608 24120 318384 14472 6432 307128 4824 2194 3216 587 693 112 581 3216 2861 302304 481 320 2629 1813 816 660 625
internal_count=586317 13869 4824 572448 254064 229944 215472 1608 24120 318384 14472 6432 307128 4824 2194 3216 587 693 112 581 3216 2861 302304 481 320 2629 1813 816 660 625
is_linear=0
shrinkage=0.05


Tree=111
num_leaves=31
num_cat=0
split_feature=1 1 3 10 10 10 11 10 1 12 3 7 9 1 10 10 3 7 1 9 7 10 10 10 12 11 12 10 9 10
split_gain=206.827 204.001 192.439 208.628 194.663 330.222 479.115 240.172 242.486 238.147 223.103 565.178 586.718 278.784 449.04 316.784 230.803 619.227 218.279 358.329 251.102 207.934 408.672 197.471 236.911 188.678 240.204 186.62 185.206 180.999
threshold=24.853873252868656 43.429134368896491 24.83557224273682 0.47494667768478399 0.91236633062362682 0.94130858778953563 0.28434865176677709 0.87795194983482372 40.435468673706062 17.250000000000004 35.304443359375007 34.553197860717781 35.073209762573249 35.528953552246101 0.94970905780792247 0.95495790243148815 36.647703170776374 36.302387237548835 38.367088317871101 38.698839187622077 38.153114318847663 0.99628895521163952 0.99699193239212047 0.96683886647224437 15.250000000000002 0.88201534748077404 15.250000000000002 0.98664879798889171 34.869119644165046 -0.19244980067014691
decision_type=2 2 2 2 2 2 2 2 2 2 2 2 2 2 2 2 2 2 2 2 2 2 2 2 2 2 2 2 2 2
left_child=25 2 3 29 7 18 21 -4 9 -9 -8 12 -12 14 -13 16 -15 -18 19 -6 -21 23 -23 -7 27 26 -1 -25 -16 -2
right_child=1 -3 4 -5 5 6 10 8 -10 -11 11 13 -14 15 28 -17 17 -19 -20 20 -22 22 -24 24 -26 -27 -28 -29 -30 -31
leaf_value=-0.015557244344730065 0.023693725288289252 0.015082686438686089 -0.0002179353187782591 0.083303888082180338 0.0079965472025543757 -0.0019551583337229428 -0.0026568582498977386 -0.0031963608077380094 0.0088532601083863884 -0.01730350966407709 -0.056064796168653112 0.058529787873359107 -0.23876153923295163 -0.0030557159268576324 -0.11446630186088974 0.021275311956509495 -0.15362303890805279 -0.020501181154554668 0.02020498637770296 -0.08907313371169652 -0.013935772569163658 -0.026797155956052816 -0.0002270609998824251 0.0055217693163985143 0.008605643265639118 -0.029777871757265401 0.032806267629162035 -0.0083757462209562254 -0.042703013858715798 -0.021186398065372095
leaf_weight=877 932 2251 487658 115 10299 11157 2197 6650 2103 5438 236 76 54 705 164 628 108 457 3395 141 526 1608 14472 5368 22342 1110 363 4392 199 296
leaf_count=877 932 2251 487658 115 10299 11157 2197 6650 2103 5438 236 76 54 705 164 628 108 457 3395 141 526 1608 14472 5368 22342 1110 363 4392 199 296
internal_value=-9.10311e-13 5.95727e-05 1.43943e-06 0.0189064 -4.23073e-05 0.00227265 0.000738665 -0.000404528 -0.00681657 -0.00954271 -0.0144149 -0.0242483 -0.0900842 -0.0160787 -0.0519866 -0.00777329 -0.0221375 -0.0459475 0.0091263 0.00569642 -0.0298194 0.00197058 -0.00288407 0.00377513 0.00576668 -0.0148036 -0.00139922 -0.000732113 -0.075125 0.0128757
internal_weight=586317 583967 581716 1343 580373 78524 64163 501849 14191 12088 4824 2627 290 2337 439 1898 1270 565 14361 10966 667 59339 16080 43259 32102 2350 1240 9760 363 1228
internal_count=586317 583967 581716 1343 580373 78524 64163 501849 14191 12088 4824 2627 290 2337 439 1898 1270 565 14361 10966 667 59339 16080 43259 32102 2350 1240 9760 363 1228
is_linear=0
shrinkage=0.05


Tree=112
num_leaves=31
num_cat=0
split_feature=13 13 12 11 10 11 4 11 11 10 5 10 5 10 10 11 10 9 10 11 5 9 5 1 10 10 9 10 10 11
split_gain=201.369 356.13 583.496 309.774 603.107 391.897 359.992 305.932 429.234 327.717 669.704 313.702 256.022 248.301 229.72 221.256 334.87 291.304 363.023 267.898 285.497 271.457 515.947 541.348 525.284 511.688 474.896 423.661 244.473 230.967
threshold=80.250000000000014 78.750000000000014 15.250000000000002 -0.66483077406883229 -0.63874351978301991 -0.62538740038871754 20.573472023010257 -0.62538740038871754 -0.66483077406883229 -0.63874351978301991 30.802190780639652 -0.69016700983047474 28.687146186828617 -0.72660079598426808 0.90518480539321911 -0.07309242337942122 -0.92913278937339772 32.852962493896491 -0.98211652040481556 0.77756834030151378 36.72798156738282 32.002019882202156 30.618143081665043 30.7116813659668 -0.52707284688949574 0.59125596284866344 30.8515739440918 0.047320950776338584 -0.97873103618621815 -0.40541070699691767
decision_type=2 2 2 2 2 2 2 2 2 2 2 2 2 2 2 2 2 2 2 2 2 2 2 2 2 2 2 2 2 2
left_child=1 2 -1 4 6 -5 -4 8 9 10 11 13 -7 -3 15 16 17 -14 -19 20 -17 25 23 24 -23 -21 -27 -26 -20 -18
right_child=-2 7 3 5 -6 12 -8 -9 -10 -11 -12 -13 14 -15 -16 19 29 18 28 21 -22 22 -24 -25 27 26 -28 -29 -30 -31
leaf_value=-0.0030986970260276922 -0.0016102892753437608 -0.069415314419424584 -0.016310854059129395 0.02091114006572449 -0.00026893977312495018 0.011251615351867283 -0.078359002345373047 0.0011232112208784618 0.0269809169166914 0.0064454614919608882 0.0025468014157907035 -0.09176972682531459 -0.0078879456709575971 -0.00032787694445770692 0.0059977604867372455 0.0055279642671367995 -0.00091697685316452721 0.016583992025154145 -0.13951462752678817 0.0019624267219669877 -0.019132337088736732 -0.22789981122797642 -0.0070112267208273949 0.0051730088497154748 0.028024762900812284 -0.095295191057705023 -0.0097831749837828559 -0.13445082788672696 -0.041329933502157239 0.025658887574699415
leaf_weight=122514 145850 211 4072 2880 42720 7439 248 102165 2352 34888 2697 281 6420 339 24477 37109 13323 278 68 25882 1212 71 5994 159 70 258 438 94 937 871
leaf_count=122514 145850 211 4072 2880 42720 7439 248 102165 2352 34888 2697 281 6420 339 24477 37109 13323 278 68 25882 1212 71 5994 159 70 258 438 94 937 871
internal_value=-1.99909e-12 0.000533208 -0.000452198 0.00140035 -0.0020693 0.00267565 -0.0198729 0.00258446 0.00624637 0.00497691 -0.00954545 -0.0487907 0.00225584 -0.0268323 0.00168709 0.000554789 -0.00384123 -0.0122346 -0.033985 0.0019051 0.00474802 -0.00139962 -0.0106544 -0.0660787 -0.114287 0.000824755 -0.0414816 -0.0651015 -0.0479733 0.000713823
internal_weight=586317 440467 297534 175020 47040 127980 4320 142933 40768 38416 3528 831 125100 550 117661 93184 21897 7703 1283 71287 38321 32966 6388 394 235 26578 696 164 1005 14194
internal_count=586317 440467 297534 175020 47040 127980 4320 142933 40768 38416 3528 831 125100 550 117661 93184 21897 7703 1283 71287 38321 32966 6388 394 235 26578 696 164 1005 14194
is_linear=0
shrinkage=0.05


Tree=113
num_leaves=31
num_cat=0
split_feature=11 11 9 13 11 12 3 13 1 10 11 11 10 12 10 10 9 11 11 5 10 7 1 7 9 1 12 1 12 7
split_gain=198.955 220.534 320.454 200.047 494.682 377.474 315.136 309.996 320.509 350.285 262.757 545.672 260.102 230.077 228.384 390.173 344.395 293.405 281.074 677.189 272.323 312.817 517.818 685.957 255.649 296.275 263.644 250.894 272.797 421.21
threshold=0.99548450112342846 0.99962961673736583 26.231262207031254 76.750000000000014 -0.07309242337942122 17.250000000000004 26.241848945617679 80.250000000000014 28.015341758728031 -0.73831951618194569 -0.98208922147750843 -0.97502842545509327 0.41327477991580969 12.750000000000002 -0.23448921740055081 -0.3334656953811645 28.308662414550785 -0.87792757153511036 -0.86955720186233509 28.851022720336918 -0.39753912389278406 29.658649444580082 28.635541915893558 31.90236854553223 28.570462226867679 30.932386398315433 14.750000000000002 32.057044982910163 16.750000000000004 31.649861335754398
decision_type=2 2 2 2 2 2 2 2 2 2 2 2 2 2 2 2 2 2 2 2 2 2 2 2 2 2 2 2 2 2
left_child=3 -2 -3 4 5 -1 10 14 9 -9 -5 -12 -11 -6 15 17 -17 20 19 -19 21 -8 23 -23 25 26 -22 -26 -29 -30
right_child=1 2 -4 6 13 -7 7 8 -10 12 11 -13 -14 -15 -16 16 -18 18 -20 -21 24 22 -24 -25 27 -27 -28 28 29 -31
leaf_value=-0.008860746080640013 -0.0088796148123432856 -0.064524453328024742 0.0061728585579700667 -0.052148236791758486 -0.0077809690610148308 0.000483224203458949 0.041563595329067282 0.019725169629127126 -0.00096746959386981703 -0.012266092442574442 0.10469548771805244 0.011918549990142316 -0.045228258816971512 0.0028573752617890064 0.00244700944987882 0.0130853400916804 -0.012759267068018249 -0.19773012906312945 0.00014013174158203516 -0.016785955364612502 0.007925671700698635 0.03961335389250692 0.015617752072332758 -0.13797403217055079 0.018638070161031375 0.037279348647140935 -0.080896263462491347 0.0036141504384418332 0.04306621308842639 -0.071756616251163738
leaf_weight=30624 12261 166 4658 150 5760 16704 1064 782 132752 5678 164 4714 669 43200 185299 1491 9515 55 122613 864 120 94 3286 129 1601 115 275 1084 106 324
leaf_count=30624 12261 166 4658 150 5760 16704 1064 782 132752 5678 164 4714 669 43200 185299 1491 9515 55 122613 864 120 94 3286 129 1601 115 275 1084 106 324
internal_value=-6.05916e-13 -0.00531641 0.00374007 0.000159567 -0.00191778 -0.00556287 0.000582501 0.00044871 -0.0015221 -0.0118501 0.0130334 0.0150377 -0.0157404 0.00160581 0.0012891 -0.00021408 -0.00925806 0.000541541 -6.63492e-05 -0.027615 0.00970157 0.0178151 0.0106141 -0.0631166 -0.000533821 -0.0333495 -0.0539124 0.0048389 -0.00975323 -0.0434515
internal_weight=586317 17085 4824 569232 96288 47328 472944 467916 139881 7129 5028 4878 6347 48960 328035 142736 11006 131730 123532 919 8198 4573 3509 223 3625 510 395 3115 1514 430
internal_count=586317 17085 4824 569232 96288 47328 472944 467916 139881 7129 5028 4878 6347 48960 328035 142736 11006 131730 123532 919 8198 4573 3509 223 3625 510 395 3115 1514 430
is_linear=0
shrinkage=0.05


Tree=114
num_leaves=31
num_cat=0
split_feature=1 10 10 12 1 0 11 11 9 3 12 10 10 10 10 10 11 11 11 5 3 10 5 5 7 7 9 10 1 5
split_gain=185.606 178.402 345.114 179.989 178.221 178.701 165.57 248.061 270.84 183.909 209.935 179.53 497.773 387.984 326.281 525.111 562.29 605.463 599.901 492.766 605.674 536.724 518.38 511.797 499.747 453.58 449.598 484.672 433.068 431.686
threshold=24.853873252868656 -0.25950939953327173 -0.24284747242927548 15.250000000000002 43.429134368896491 78.94366836547853 0.9969642460346223 0.99962961673736583 26.231262207031254 24.83557224273682 13.750000000000002 -0.20088869333267209 -0.3334656953811645 -0.15005400776863095 -0.45972847938537592 -0.58429276943206776 -0.79354220628738392 -0.67758968472480763 -0.63872575759887684 32.451559066772468 31.545034408569339 -0.69016700983047474 30.42714881896973 30.554695129394535 29.242291450500492 26.476396560668949 31.970374107360843 -0.67760851979255665 32.024335861206062 28.025094032287601
decision_type=2 2 2 2 2 2 2 2 2 2 2 2 2 2 2 2 2 2 2 2 2 2 2 2 2 2 2 2 2 2
left_child=1 3 -3 -1 5 6 9 -8 -9 10 -2 12 14 -13 15 16 -11 19 25 20 22 -22 26 -23 -24 -19 -18 -28 -26 -17
right_child=4 2 -4 -5 -6 -7 7 8 -10 11 -12 13 -14 -15 -16 29 17 18 -20 -21 21 23 24 -25 28 -27 27 -29 -30 -31
leaf_value=-0.013522435067195651 -0.0074520539983173682 -0.15469274305237027 -0.022646499708021076 0.027668627963260195 0.014098238144716634 0.018322633889294091 -0.010406690407859361 -0.060263564221095293 0.0059018624702477885 0.021164813821390835 0.034989561111625982 0.010835389979018192 -0.0076447511618571223 0.00053836338742482728 0.0051880775320248575 -0.026116881692703695 -0.011962293581996623 -0.0326368689968538 0.00013223037092921139 0.0035980645099778739 -0.059566347695171655 -0.075039480548718437 -0.067395672946545804 -0.0034650761167553156 0.025928595692771939 0.022875020760360246 -0.01017369204690974 -0.10317205378181629 -0.042098565433958651 -0.0052446779314417567
leaf_weight=900 463 52 1022 376 2251 1328 8908 160 4638 3118 786 9432 24971 303906 24943 2763 4948 402 151875 4871 1261 305 187 1379 1942 4348 266 296 266 23954
leaf_count=900 463 52 1022 376 2251 1328 8908 160 4638 3118 786 9432 24971 303906 24943 2763 4948 402 151875 4871 1261 305 187 1379 1942 4348 266 296 266 23954
internal_value=-1.2647e-12 -0.0140236 -0.0290398 -0.00138463 5.64339e-05 2.09793e-06 -3.98217e-05 -0.00547002 0.00369543 9.15153e-05 0.0192566 4.9181e-05 -0.000944099 0.000848321 -0.0002074 -0.000873039 0.000121279 -0.00025943 0.000679477 -0.00961356 -0.0155448 -0.0348993 -0.00833427 -0.0164284 0.0110865 0.018177 -0.0167758 -0.059155 0.0177333 -0.00740322
internal_weight=586317 2350 1074 1276 583967 581716 580388 13706 4798 566682 1249 565433 252095 313338 227124 202181 175464 172346 156625 15721 10850 2945 7905 1684 2395 4750 5510 562 2208 26717
internal_count=586317 2350 1074 1276 583967 581716 580388 13706 4798 566682 1249 565433 252095 313338 227124 202181 175464 172346 156625 15721 10850 2945 7905 1684 2395 4750 5510 562 2208 26717
is_linear=0
shrinkage=0.05


Tree=115
num_leaves=31
num_cat=0
split_feature=1 10 3 7 12 5 10 10 11 11 11 10 11 11 10 10 11 3 7 1 7 13 3 3 9 10 10 10 9 11
split_gain=172.261 217.975 193.866 161.656 154.941 263.945 409.294 224.717 181.463 225.477 153.724 152.247 383.167 435.028 221.492 346.883 323.353 592.834 1544.24 400.409 252.903 228.864 238.65 220.028 195.039 190.479 802.697 692.131 563.498 839.562
threshold=25.505497932434086 -0.18399664759635923 24.83557224273682 42.841241836547859 14.750000000000002 27.547017097473148 -0.30081701278686518 -0.24284747242927548 -0.76107609272003163 -0.71464690566062916 0.93834263086318981 0.96683886647224437 -0.14153505116701123 0.047319635748863227 0.94697898626327526 0.91927745938301098 0.30080866813659674 36.647703170776374 35.90312576293946 36.735380172729499 36.719482421875007 79.750000000000014 39.852291107177741 35.676717758178718 42.095750808715827 0.79356426000595104 0.7440970540046693 0.79877197742462169 29.891755104064945 0.56312987208366405
decision_type=2 2 2 2 2 2 2 2 2 2 2 2 2 2 2 2 2 2 2 2 2 2 2 2 2 2 2 2 2 2
left_child=1 4 -2 11 -1 10 8 -8 -7 -10 -6 14 24 -14 15 25 21 19 -19 23 -20 22 -16 -18 -13 26 -4 -27 -29 -30
right_child=2 -3 3 -5 5 6 7 -9 9 -11 -12 12 13 -15 16 -17 17 18 20 -21 -22 -23 -24 -25 -26 27 -28 28 29 -31
leaf_value=-0.011532946762007204 0.023098798858783177 -0.025147506794410759 -0.00040639146706763325 0.0094353815417872154 0.0528844929708428 0.074306581828786036 -0.16983790780013464 -0.036062432469969451 -0.10357039626322539 0.0078938883067609482 0.0026152418479703523 0.011282785758182357 -0.0054683351957822719 0.005389720050474796 0.0058224905695945274 0.0075670721813003161 -0.0068145635585591807 -0.27805146932601932 -0.1188558511527591 0.081957213559321007 -0.0036814054068783513 -0.014055314167328912 -0.016439052077268188 -0.05635270081655263 -0.069618350893259059 -0.036293326870360097 0.011661663374964685 0.04734581652729962 -0.00057246729127076999 -0.023597010009485192
leaf_weight=1821 913 1516 441370 4543 401 87 53 77 51 411 245 11160 17674 19296 5893 14274 838 80 61 105 218 3627 1513 306 75 1547 14223 565 38967 4407
leaf_count=1821 913 1516 441370 4543 401 87 53 77 51 411 245 11160 17674 19296 5893 14274 838 80 61 105 218 3627 1513 306 75 1547 14223 565 38967 4407
internal_value=1.31893e-12 -0.00957292 7.67275e-05 4.05339e-05 -0.00206781 0.0109405 -0.0108266 -0.0906017 0.0080637 -0.00441061 0.0338195 -3.35391e-05 0.00265631 0.000198882 -0.000279118 -0.000118729 -0.00681788 -0.0277649 -0.0843924 -0.0114884 -0.0288629 -0.00376498 0.0012746 -0.0200651 0.0107427 -0.000337671 -2.9643e-05 -0.00342292 -0.00226562 -0.00291187
internal_weight=586317 4662 581655 580742 3146 1325 679 130 549 462 646 576199 48205 36970 527994 515353 12641 1608 359 1249 279 11033 7406 1144 11235 501079 455593 45486 43939 43374
internal_count=586317 4662 581655 580742 3146 1325 679 130 549 462 646 576199 48205 36970 527994 515353 12641 1608 359 1249 279 11033 7406 1144 11235 501079 455593 45486 43939 43374
is_linear=0
shrinkage=0.05


Tree=116
num_leaves=31
num_cat=0
split_feature=13 12 13 3 2 11 3 10 2 11 10 7 10 11 11 3 5 10 10 9 6 10 1 9 8 9 12 10 5 5
split_gain=166.547 249.946 434.75 283.887 245.169 240.637 270.213 238.642 379.841 480.356 323.4 379.862 308.687 280.557 484.815 315.885 450.958 430.478 474.196 501.953 462.693 380.422 364.91 345.28 380.879 336.589 310.351 483.535 297.446 280.263
threshold=81.250000000000014 13.750000000000002 78.250000000000014 28.179128646850589 5.0812292098999032 -0.14153505116701123 37.834314346313484 0.11593352630734445 0.92576101422309887 -0.09024826809763907 -0.012910176534205673 34.809295654296882 0.030120026320219043 -0.9412824511528014 -0.85204595327377308 40.276466369628913 36.390266418457038 0.36571913957595831 0.41327477991580969 34.556671142578132 0.040061768144369132 0.50495636463165294 34.616605758666999 39.44108963012696 1.0268853902816775 40.432950973510749 16.250000000000004 0.41327477991580969 40.750810623168952 29.689715385437015
decision_type=2 2 2 2 2 2 2 2 2 2 2 2 2 2 2 2 2 2 2 2 2 2 2 2 2 2 2 2 2 2
left_child=1 2 -1 -3 -2 6 -4 8 12 10 -10 -12 -5 -9 15 16 26 20 -19 -20 23 22 -21 24 -18 28 -15 -28 -23 -16
right_child=4 3 5 7 -6 -7 -8 13 9 -11 11 -13 -14 14 29 -17 17 18 19 21 -22 25 -24 -25 -26 -27 27 -29 -30 -31
leaf_value=-0.004621042754112268 -0.0029531106153973035 0.0068035505423919215 0.0090992640457290674 0.0013997632435219284 0.0035351903247717309 -0.0014034328187293174 -0.0066936438867414216 0.008870339694370788 -0.008418375733302088 0.00381236015084364 0.015894205519356223 -0.020149688309633245 -0.009103144941873623 -0.013140416726954016 0.012348529254863972 0.0060172860683264445 -0.12938129324959213 0.0094476519487194325 -0.16102847554790442 0.018016312263821829 0.0023916172556671046 0.0028166732350237717 -0.036885856704172354 -0.0066945518566279717 -0.013984872701162797 0.061024980110896493 -0.002207386612603095 0.05183508429929197 -0.11993308622261574 0.0017303155178113793
leaf_weight=58340 84505 19742 15301 128387 17590 22246 3291 13612 35946 14055 2894 978 7399 1991 6497 3047 321 1334 67 343 233 331 2573 118 92 228 1292 609 58 142897
leaf_count=58340 84505 19742 15301 128387 17590 22246 3291 13612 35946 14055 2894 978 7399 1991 6497 3047 321 1334 67 343 233 331 2573 118 92 228 1292 609 58 142897
internal_value=4.2993e-14 0.000386948 -0.00185135 0.000963479 -0.00183524 0.00210535 0.00630374 0.000647865 -0.000581968 -0.0041344 -0.00693946 0.00679014 0.000827458 0.00197584 0.00139664 -0.00800717 -0.0124631 -0.0214241 -0.0160161 -0.0254519 -0.0563491 -0.0228808 -0.0304279 -0.0821242 -0.103676 0.0127875 0.000655975 0.0151055 -0.0154853 0.00219209
internal_weight=586317 484222 99178 385044 102095 40838 18592 365302 189659 53873 39818 3872 135786 175643 162031 12637 9590 5698 4934 3600 764 3533 2916 531 413 617 3892 1901 389 149394
internal_count=586317 484222 99178 385044 102095 40838 18592 365302 189659 53873 39818 3872 135786 175643 162031 12637 9590 5698 4934 3600 764 3533 2916 531 413 617 3892 1901 389 149394
is_linear=0
shrinkage=0.05


Tree=117
num_leaves=31
num_cat=0
split_feature=11 11 9 13 11 12 3 11 1 11 11 7 10 7 10 5 12 12 11 1 7 3 7 3 7 11 1 11 11 10
split_gain=157.27 221.571 260.605 180.786 426.565 333.689 288.146 278.737 463.211 361.74 341.918 332.428 258.055 256.443 262.759 248.106 242.781 242.458 222.824 446.28 1140.78 436.778 322.586 253.75 268.001 342.396 264.082 222.988 221.782 404.289
threshold=0.9969642460346223 0.99962961673736583 26.231262207031254 76.750000000000014 -0.07309242337942122 16.750000000000004 27.436041831970218 0.41326330602169042 27.01949501037598 0.77756834030151378 0.33345642685890203 25.926727294921879 -0.86958134174346913 35.744476318359382 0.83827194571495067 27.547017097473148 16.250000000000004 15.250000000000002 0.30080866813659674 37.263736724853523 35.666589736938484 30.835498809814457 32.741704940795906 30.739950180053714 30.659249305725101 -0.9946339726448058 35.144378662109382 -0.99981480836868275 0.9549313783645631 -0.22611359506845471
decision_type=2 2 2 2 2 2 2 2 2 2 2 2 2 2 2 2 2 2 2 2 2 2 2 2 2 2 2 2 2 2
left_child=3 -2 -3 4 5 -1 28 10 9 -9 11 15 17 -14 -15 -8 -11 -10 23 21 -21 22 -20 -13 25 26 27 -25 -5 -30
right_child=1 2 -4 6 -6 -7 7 8 12 16 -12 18 13 14 -16 -17 -18 -19 19 20 -22 -23 -24 24 -26 -27 -28 -29 29 -31
leaf_value=-0.0087484367990511621 -0.0098763934215055187 -0.058167962426269232 0.0055865809074404429 0.010980622046018804 0.0014030324825932093 -0.00021778843442237189 -0.064269855276758645 0.014493167487043143 -0.026213727255945975 -0.011755675236112846 0.0090467626416501339 0.0045777589087317464 -0.00033633376147461852 -0.030399114129261107 -0.0032362905963948824 -0.0028738401059951613 -0.05320952638362552 -0.0048435677107151222 -0.060940848403063019 -0.2833241232633591 -0.028141171288466816 0.00016828790729835953 0.060180318467469233 -0.024841210790896823 0.00093995013290907909 -0.0071010871979304228 -0.081392641315857578 0.0360681227083244 -0.038758522936942513 0.004175621836784495
leaf_weight=27840 9045 166 4658 11089 49504 19488 341 433 1835 571 13232 44271 143807 1433 2351 318 926 4797 485 50 353 4391 62 179 222268 17301 60 936 651 3476
leaf_count=27840 9045 166 4658 11089 49504 19488 341 433 1835 571 13232 44271 143807 1433 2351 318 926 4797 485 50 353 4391 62 179 222268 17301 60 936 651 3476
internal_value=1.60165e-12 -0.00526105 0.00339271 0.000127462 -0.0018418 -0.00523582 0.00052839 0.000304656 -0.00141261 -0.0257559 0.00118603 0.000828618 -0.00110797 -0.000674415 -0.0135228 -0.0346433 -0.0373978 -0.0107565 0.000909126 -0.00920918 -0.0598016 -0.00508023 -0.0472123 0.00109874 0.000458971 -0.00532725 0.0207912 0.0262899 0.00729803 -0.00259688
internal_weight=586317 13869 4824 572448 96832 47328 475616 460400 156153 1930 304247 291015 154223 147591 3784 659 1497 6632 290356 5341 403 4938 547 285015 240744 18476 1175 1115 15216 4127
internal_count=586317 13869 4824 572448 96832 47328 475616 460400 156153 1930 304247 291015 154223 147591 3784 659 1497 6632 290356 5341 403 4938 547 285015 240744 18476 1175 1115 15216 4127
is_linear=0
shrinkage=0.05


Tree=118
num_leaves=31
num_cat=0
split_feature=13 13 12 11 11 10 5 10 11 10 4 11 3 7 1 10 6 1 5 2 3 3 10 10 5 3 9 11 3 11
split_gain=156.606 291.454 471.757 264.621 361.471 283.805 578.003 266.105 261.902 516.012 342.119 331.259 237.49 452.179 241.084 225.158 210.737 210.079 239.829 209.071 191.408 185.149 415.732 302.019 259.817 243.058 211.229 180.213 362.376 186.593
threshold=80.250000000000014 78.750000000000014 15.250000000000002 -0.62538740038871754 -0.66483077406883229 -0.63874351978301991 30.802190780639652 -0.69016700983047474 -0.66483077406883229 -0.65189296007156361 23.618495941162113 -0.62538740038871754 29.765177726745609 32.158536911010749 32.284915924072273 -0.72660079598426808 0.23246543854475024 31.549039840698246 32.628030776977546 10.098300933837892 24.83557224273682 37.834314346313484 -0.030120026320219036 -0.15005400776863095 36.641252517700202 31.891805648803714 41.78544998168946 0.76663044095039379 28.850794792175297 -0.97502842545509327
decision_type=2 2 2 2 2 2 2 2 2 2 2 2 2 2 2 2 2 2 2 2 2 2 2 2 2 2 2 2 2 2
left_child=1 2 -1 4 5 6 7 15 9 10 19 -10 13 -13 -14 -3 -5 -8 -19 -4 -11 22 23 -7 -25 -24 -23 28 -2 -30
right_child=27 3 8 16 -6 21 17 -9 11 20 -12 12 14 -15 -16 -17 -18 18 -20 -21 -22 26 25 24 -26 -27 -28 -29 29 -31
leaf_value=-0.0028008675116237129 0.011262857503918221 -0.065733249078535644 -0.011713979644105978 -0.00016490262655976889 0.024759217627037242 0.0062790618475776321 0.026414651688279247 -0.084991679802947945 0.019182585742338335 0.070138701326989406 -0.084035022133418055 0.0094343327056248399 -0.0015266081882657455 -0.02841795613337729 0.0032344388898432998 5.5813909217077897e-05 0.0055232264418032173 -0.038769757631275159 0.0032094731800761723 -0.049063674127847789 -0.00054154014961408335 -0.0034858272652991936 0.044436672397430176 -0.016960249503617037 0.038380669730169507 0.013937716565359665 0.014567469171327474 -0.0047187148395883239 -0.0078301118468170946 -0.00051107138348651467
leaf_weight=122514 6207 211 3221 81837 2352 12077 676 281 2880 96 195 15964 46887 830 61419 339 20328 433 1588 424 43104 7965 702 2471 232 9407 2034 32250 9559 97834
leaf_count=122514 6207 211 3221 81837 2352 12077 676 281 2880 96 195 15964 46887 830 61419 339 20328 433 1588 424 43104 7965 702 2471 232 9407 2034 32250 9559 97834
internal_value=-1.32608e-12 0.000470224 -0.000421225 0.00232589 0.0057316 0.00456664 -0.00894779 -0.0454073 0.00124453 -0.00194579 -0.0195106 0.00241715 0.00203118 0.00756358 0.00117332 -0.0251833 0.000966877 0.00228611 -0.00578459 -0.0160586 -0.000384473 0.00593327 0.00824197 0.00289768 -0.0122103 0.0160557 0.00018658 -0.00142008 -0.000483624 -0.00116254
internal_weight=586317 440467 297534 142933 40768 38416 3528 831 175020 47040 3840 127980 125100 16794 108306 550 102165 2697 2021 3645 43200 34888 24889 14780 2703 10109 9999 145850 113600 107393
internal_count=586317 440467 297534 142933 40768 38416 3528 831 175020 47040 3840 127980 125100 16794 108306 550 102165 2697 2021 3645 43200 34888 24889 14780 2703 10109 9999 145850 113600 107393
is_linear=0
shrinkage=0.05


Tree=119
num_leaves=31
num_cat=0
split_feature=1 11 12 0 1 10 10 11 9 5 1 10 8 3 11 10 10 1 9 10 3 5 7 12 2 7 10 4 0 10
split_gain=151.642 161.168 178.317 149.096 148.339 162.392 136.416 286.091 198.538 173.509 183.813 149.391 307.849 248.277 236.78 339.108 249.753 320.926 357.335 647.199 527.548 269.691 265.802 414.623 263.861 246.944 379.357 227.005 221.963 219.339
threshold=24.853873252868656 0.88201534748077404 15.250000000000002 78.94366836547853 43.429134368896491 0.42888796329498297 -0.99939814209938038 1.0000000180025095e-35 29.705581665039066 31.422794342041019 32.352018356323249 -0.021515898406505581 2.8492349386215214 29.363496780395511 -0.98798605799674977 -0.11593352630734442 -0.04732095077633857 34.807247161865241 33.637870788574226 -0.08167563751339911 34.557439804077156 32.558246612548835 33.988605499267585 16.250000000000004 6.0229499340057382 34.041034698486335 -0.064507851377129541 5.25048851966858 21.934798240661625 -0.1330134719610214
decision_type=2 2 2 2 2 2 2 2 2 2 2 2 2 2 2 2 2 2 2 2 2 2 2 2 2 2 2 2 2 2
left_child=1 2 -1 4 6 -6 7 9 -9 10 -2 14 13 -13 15 27 17 18 20 -20 24 -18 -19 -24 -17 -21 -27 29 -15 -8
right_child=3 -3 -4 -5 5 -7 11 8 -10 -11 -12 12 -14 28 -16 16 21 22 19 25 -22 -23 23 -25 -26 26 -28 -29 -30 -31
leaf_value=-0.012485634947026801 -0.0077394044967594201 -0.026515373891620134 0.029184475804396239 0.016785398515722218 -0.068330708729724091 0.015045831593858095 0.0038696687752120783 0.040606571851255074 0.010996360751698228 0.0095944396448756786 -0.056566776222316553 0.005144777400037371 0.0059535706901239415 -0.00046109669135079484 -0.00062769623068446466 0.0037883705714078504 0.0014604978185003426 0.032431409906164027 0.055371992382029861 -0.039650318163927209 0.10313066086964683 -0.027613554581465378 -0.01780324508912404 -0.11443915953559261 -0.024769015136743771 0.053336765133537668 -0.025731248463989994 -0.040911482653977004 0.012876260086897007 -0.028305671202998834
leaf_weight=877 1556 1110 363 1328 60 2191 1047 734 2475 1434 220 22973 25190 243240 266644 2591 1472 138 892 322 116 1741 391 155 1176 309 298 1042 3160 1072
leaf_count=877 1556 1110 363 1328 60 2191 1047 734 2475 1434 220 22973 25190 243240 266644 2591 1472 138 892 322 116 1741 391 155 1176 309 298 1042 3160 1072
internal_value=2.50048e-12 -0.0126757 -0.000287046 5.10097e-05 1.28673e-05 0.0128234 -3.68177e-05 0.00721178 0.0177692 -0.0033423 -0.0137878 -0.000117883 0.000667746 0.00017345 -0.000946129 -0.00759934 -0.00292271 0.00279656 0.00667742 0.024952 -0.00189275 -0.0142936 -0.0295667 -0.0452365 -0.00512681 -0.00425646 0.0145192 -0.0218038 -0.000290049 -0.0124078
internal_weight=586317 2350 1240 583967 582639 2251 580388 6419 3209 3210 1776 573969 294563 269373 279406 12762 9601 6388 5704 1821 3883 3213 684 546 3767 929 607 3161 246400 2119
internal_count=586317 2350 1240 583967 582639 2251 580388 6419 3209 3210 1776 573969 294563 269373 279406 12762 9601 6388 5704 1821 3883 3213 684 546 3767 929 607 3161 246400 2119
is_linear=0
shrinkage=0.05


Tree=120
num_leaves=31
num_cat=0
split_feature=13 13 12 11 10 5 9 1 7 7 3 11 4 2 11 4 5 1 11 5 10 11 1 1 7 3 12 13 7 10
split_gain=144.909 216.489 484.987 229.331 410.911 247.152 388.672 267.949 238.076 232.468 223.217 220.824 212.794 208.443 200.11 192.24 186.695 242.489 185.372 199.165 178.888 178.53 571.356 315.296 587.485 180.888 327.189 237.415 202.34 240.138
threshold=81.250000000000014 77.750000000000014 15.250000000000002 0.42887605726718908 -0.86958134174346913 31.328165054321293 31.970374107360843 30.868142127990726 25.500941276550297 36.055917739868171 28.683040618896488 -0.55599683523178089 0.11312321946024896 5.0812292098999032 0.33345642685890203 15.019975185394289 27.854860305786136 32.057044982910163 -0.65187487006187428 27.031892776489261 -0.81403854489326466 0.30080866813659674 30.963296890258793 37.352123260498054 36.220537185668952 30.64868259429932 16.750000000000004 79.250000000000014 30.783016204833988 -0.08167563751339911
decision_type=2 2 2 2 2 2 2 2 2 2 2 2 2 2 2 2 2 2 2 2 2 2 2 2 2 2 2 2 2 2
left_child=1 2 11 8 5 6 -5 -7 -3 16 -4 15 -9 -2 21 -1 17 -6 19 -12 -18 25 -23 -24 -25 26 27 -10 29 -27
right_child=13 3 10 4 9 7 -8 12 14 -11 18 -13 -14 -15 -16 -17 20 -19 -20 -21 -22 22 23 24 -26 28 -28 -29 -30 -31
leaf_value=-0.0065526221250302042 -0.0027426223035737626 -0.046557995401337808 0.0091693748022736755 -0.032538368220952303 0.0095875001247861056 0.035243931481957654 -0.15852230696199354 -0.012699657694715023 0.011254211332552486 -0.018318179215946161 -0.045927529782406933 -0.0021098641563711655 -0.07422738603088043 0.0032400070184393295 0.0094685491828682758 -0.023866191128699692 0.009413658738524934 -0.096834358352201957 0.0018092980997209502 -0.0024626037568664071 -0.0008394898028932442 -0.078405204398999048 0.0019989004423005435 -0.20804249484847556 -0.01831155989807574 -0.0072512220756924418 0.0024175674027796059 0.035593844695837706 0.0021117278159481579 0.018407104070766879
leaf_weight=23817 84505 249 8096 614 6107 277 68 2026 5064 1719 266 56140 151 17590 9408 1719 4473 54 79615 28703 86921 277 2604 51 204 10039 14398 1249 138910 1003
leaf_count=23817 84505 249 8096 614 6107 277 68 2026 5064 1719 266 56140 151 17590 9408 1719 4473 54 79615 28703 86921 277 2604 51 204 10039 14398 1249 138910 1003
internal_value=-1.83455e-13 0.000360937 -0.000908245 0.00124159 -0.000653867 -0.0184736 -0.0450998 -0.0110739 0.00229969 -9.09517e-05 0.00116028 -0.00386328 -0.0169673 -0.00171187 0.00236609 -0.00771811 0.000230227 0.00865473 0.000563126 -0.00286171 -0.000337681 0.00198163 -0.00984019 -0.00319713 -0.0562577 0.00219886 0.00657893 0.0160697 0.00159389 -0.00492055
internal_weight=586317 484222 198356 285866 102410 3136 682 2454 183456 99274 116680 81676 2177 102095 183207 25536 97555 6161 108584 28969 91394 173799 3136 2859 255 170663 20711 6313 149952 11042
internal_count=586317 484222 198356 285866 102410 3136 682 2454 183456 99274 116680 81676 2177 102095 183207 25536 97555 6161 108584 28969 91394 173799 3136 2859 255 170663 20711 6313 149952 11042
is_linear=0
shrinkage=0.05


Tree=121
num_leaves=31
num_cat=0
split_feature=11 11 9 13 11 12 3 11 1 7 11 3 11 9 12 3 11 10 11 7 12 11 11 10 7 10 10 1 5 10
split_gain=142.502 195.363 237.27 151.156 363.777 283.268 263.497 241.327 329.09 306.691 275.596 289.017 329.495 275.489 263.695 259.394 274.491 253.208 247.456 282.918 245.077 236.577 458.616 235.686 450.36 327.828 412.812 238.791 267.417 219.701
threshold=0.9969642460346223 0.99962961673736583 26.231262207031254 76.750000000000014 -0.07309242337942122 17.250000000000004 26.241848945617679 0.41326330602169042 27.532365798950199 25.926727294921879 0.33345642685890203 30.056553840637211 0.30080866813659674 32.131294250488288 18.250000000000004 27.948163032531742 0.6712351143360139 0.51973900198936474 0.4597157090902329 35.744476318359382 16.250000000000004 -0.98208922147750843 -0.97502842545509327 0.7440970540046693 30.596981048583988 0.78829774260520946 0.82876241207122814 31.363744735717777 31.084535598754886 -0.97505551576614369
decision_type=2 2 2 2 2 2 2 2 2 2 2 2 2 2 2 2 2 2 2 2 2 2 2 2 2 2 2 2 2 2
left_child=3 -2 -3 4 5 -1 21 9 14 -8 11 12 13 -11 -9 17 -17 -16 -10 23 -15 -5 -23 -20 -25 27 -27 28 -26 -22
right_child=1 2 -4 6 -6 -7 7 8 18 10 -12 -13 -14 20 15 16 -18 -19 19 -21 29 22 -24 24 25 26 -28 -29 -30 -31
leaf_value=-0.0076704868010907257 -0.0093417499673689019 -0.055621968875695253 0.0052112604351960438 -0.050092799686516323 0.0013171791783822056 0.00042394950655156471 -0.029966900936345017 -0.0024226830153539791 -0.009270530737188306 0.0081819591442024355 0.0082971095320381934 0.00038537131829099818 -0.047293871630030543 0.013903079059725537 -0.0098247269477598452 0.044394269029115453 -0.051801008965232799 -0.089505843150702563 -0.00067283591342642748 -0.015584938980765774 0.015200973047594407 0.095862061020963618 0.010833774119805854 0.036317895830582154 0.025880727342624716 -0.014371990687244166 0.0057485292073194035 0.018921263411630765 -0.041112392176621181 -0.01218404802546179
leaf_weight=30624 9045 166 4658 150 49504 16704 788 3743 8006 26020 13333 260709 295 1677 2413 81 878 104 126844 2945 868 164 4803 1114 248 3889 7400 4083 373 4688
leaf_count=30624 9045 166 4658 150 49504 16704 788 3743 8006 26020 13333 260709 295 1677 2413 81 878 104 126844 2945 868 164 4803 1114 248 3889 7400 4083 373 4688
internal_value=2.748e-12 -0.00500795 0.00311791 0.00012133 -0.00167934 -0.00481363 0.000487934 0.000365202 -0.00119656 0.00118626 0.00126607 0.000947484 0.00531579 0.00578251 -0.0116317 -0.0215481 -0.0436761 -0.0131171 -0.00071025 -0.000243705 -0.00284929 0.0117729 0.0136412 7.01516e-05 0.00557921 0.0034381 -0.00118288 0.0145279 -0.0143583 -0.00790575
internal_weight=586317 13869 4824 572448 96832 47328 475616 470499 162121 308378 307590 294257 33548 33253 7219 3476 959 2517 154902 146896 7233 5117 4967 143951 17107 15993 11289 4704 621 5556
internal_count=586317 13869 4824 572448 96832 47328 475616 470499 162121 308378 307590 294257 33548 33253 7219 3476 959 2517 154902 146896 7233 5117 4967 143951 17107 15993 11289 4704 621 5556
is_linear=0
shrinkage=0.05


Tree=122
num_leaves=31
num_cat=0
split_feature=1 3 3 9 7 10 10 11 10 11 10 12 0 10 7 8 10 9 13 10 10 0 10 3 11 10 11 7 1 5
split_gain=137.886 230.677 220.21 244.661 209.069 187.847 171.404 410.431 241.626 221.302 274.353 225.411 169.006 164.306 163.173 160.658 142.219 141.231 140.185 135.917 411.613 360.229 317.793 297.006 269.702 342.901 296.94 545.377 279.548 406.975
threshold=26.246039390563968 30.739950180053714 26.241848945617679 28.512351989746097 29.286859512329105 -0.18399664759635923 -0.22611359506845471 0.96457844972610485 -0.24284747242927548 -0.71464690566062916 -0.67760851979255665 16.250000000000004 1.0000000180025095e-35 0.47494667768478399 29.242291450500492 19.034853935241703 0.5772862732410432 27.917654037475589 81.750000000000014 -0.20931270718574521 -0.3334656953811645 6.9848220348358163 -0.15005400776863095 29.185934066772464 -0.87792757153511036 -0.39753912389278406 -0.86955720186233509 31.34055328369141 31.830096244812015 30.96187782287598
decision_type=2 2 2 2 2 2 2 2 2 2 2 2 2 2 2 2 2 2 2 2 2 2 2 2 2 2 2 2 2 2
left_child=1 5 3 4 -2 6 7 9 -9 10 -1 12 -11 17 -13 -8 -15 -7 -16 20 24 -22 -21 -23 25 -4 27 28 -26 -30
right_child=2 -3 19 -5 -6 13 15 8 -10 11 -12 14 -14 16 18 -17 -18 -19 -20 22 21 23 -24 -25 26 -27 -28 -29 29 -31
leaf_value=-0.06799211473632101 0.003990556052113659 0.080745534305950925 0.013557245930312696 0.026054029934854062 -0.084868502726449691 -0.0099030800211544496 0.01214158370460012 -0.15175273939967157 -0.036023745452310296 -0.02456487262560568 -0.0087109253103552896 0.043553848351660672 0.0049940467490485465 0.093995380851750576 0.014821914894962908 0.08162439224123956 0.0023028839007318501 -0.032220923079192998 -0.060652065355802934 0.0093178847189651498 -0.010156481220221482 0.025840323593103162 0.00039922381306888786 -0.0033860879001225241 -0.040500749343354452 -0.0024162188837846175 -0.00050481721083152624 0.0016629746033258849 -0.22226616504505792 -0.050061707455842264
leaf_weight=222 2494 76 7696 1710 68 1542 495 67 138 657 1615 552 1832 54 461 100 195 1312 71 10313 18790 1321 317078 2542 478 5963 207397 936 58 84
leaf_count=222 2494 76 7696 1710 68 1542 495 67 138 657 1615 552 1832 54 461 100 195 1312 71 10313 18790 1321 317078 2542 478 5963 207397 936 58 84
internal_value=-1.44952e-12 -0.00601057 9.78167e-05 0.0114077 0.00163208 -0.00671855 -0.00169892 -0.00440299 -0.0738474 -0.00177155 -0.015875 0.00547951 -0.00280837 -0.0167643 0.0245095 0.0238194 0.022188 -0.0201627 0.00474926 1.34451e-05 -0.000876525 -0.00729761 0.000680167 0.00660824 -0.000223116 0.00658384 -0.000668079 -0.0224289 -0.0588 -0.120399
internal_weight=586317 9389 576928 4272 2562 9313 6210 5615 205 5410 1837 3573 2489 3103 1084 595 249 2854 532 572656 245265 22653 327391 3863 222612 13659 208953 1556 620 142
internal_count=586317 9389 576928 4272 2562 9313 6210 5615 205 5410 1837 3573 2489 3103 1084 595 249 2854 532 572656 245265 22653 327391 3863 222612 13659 208953 1556 620 142
is_linear=0
shrinkage=0.05


Tree=123
num_leaves=31
num_cat=0
split_feature=13 13 12 11 10 1 9 2 8 10 9 3 11 12 1 9 7 11 11 10 5 10 10 10 1 11 10 1 10 7
split_gain=135.747 244.116 389.618 246.385 397.763 432.372 369.706 355.026 296.993 290.478 387.892 282.77 354.843 253.467 250.356 248.947 236.702 226.241 325.041 254.539 524.963 237.09 222.614 292.763 227.19 214.323 214.062 241.383 199.375 194.299
threshold=80.250000000000014 78.750000000000014 15.250000000000002 -0.07309242337942122 -0.012910176534205673 31.961493492126468 31.939566612243656 4.3043522834777841 3.6459449529647832 0.99628895521163952 37.630399703979499 29.877464294433597 0.77756834030151378 19.250000000000004 28.242001533508304 31.317432403564457 31.712438583374027 -0.62538740038871754 -0.66483077406883229 -0.63874351978301991 30.802190780639652 -0.69016700983047474 0.56314551830291759 0.33346569538116461 37.832117080688484 0.9549313783645631 -0.22611359506845471 29.843582153320316 -0.72660079598426808 32.357187271118171
decision_type=2 2 2 2 2 2 2 2 2 2 2 2 2 2 2 2 2 2 2 2 2 2 2 2 2 2 2 2 2 2
left_child=1 2 -1 4 6 14 8 -8 -4 13 -11 16 -13 22 -6 -15 25 18 19 20 21 28 23 24 -7 -5 27 -27 -3 -25
right_child=-2 17 3 11 5 9 7 -9 -10 10 -12 12 -14 15 -16 -17 -18 -19 -20 -21 -22 -23 -24 29 -26 26 -28 -29 -30 -31
leaf_value=-0.0025406389005575261 -0.0013221246406629652 -0.062432718597423137 0.0036038983782273465 0.017370339365899053 0.12468678340315782 -0.0014444529963286356 -0.0057000630053492462 -0.022744624940088137 -0.007199686874174176 -0.14887218621017329 -0.019174115806727808 0.0041836298063418955 -0.0029541654934226425 0.096418306767293141 0.02116049314518214 0.0088541983507771926 -0.016764845412218819 0.00087948468905418961 0.023328482144748384 0.0054746971848102467 0.0020878415029320124 -0.080728676182953679 0.0031044951240322229 0.042174624526873233 0.029654054654751485 -0.028291262278594333 0.0081670417845430381 0.049978058790145198 -0.0005249240305164834 -0.015516408909745226
leaf_weight=122514 145850 211 15723 6645 60 5681 10577 4296 10684 67 413 50739 26509 82 2187 8017 815 102165 2352 34888 2697 281 19527 150 655 768 5911 113 339 5401
leaf_count=122514 145850 211 15723 6645 60 5681 10577 4296 10684 67 413 50739 26509 82 2187 8017 815 102165 2352 34888 2697 281 19527 150 655 768 5911 113 339 5401
internal_value=1.62557e-12 0.00043779 -0.000378059 0.00113575 -0.000827832 0.00258327 -0.00431826 -0.0106233 -0.000767121 0.00138419 -0.0372778 0.00292808 0.00173417 0.00185386 0.0239249 0.00974076 0.00939923 0.00213609 0.00528514 0.00418045 -0.00861823 -0.0433646 -0.000179506 -0.0055742 0.00177043 0.0109862 0.00474017 -0.0182522 -0.024275 -0.0139575
internal_weight=586317 440467 297534 175020 83520 42240 41280 14873 26407 39993 480 91500 77248 39513 2247 8099 14252 142933 40768 38416 3528 831 31414 11887 6336 13437 6792 881 550 5551
internal_count=586317 440467 297534 175020 83520 42240 41280 14873 26407 39993 480 91500 77248 39513 2247 8099 14252 142933 40768 38416 3528 831 31414 11887 6336 13437 6792 881 550 5551
is_linear=0
shrinkage=0.05


Tree=124
num_leaves=31
num_cat=0
split_feature=1 11 12 3 9 1 11 4 12 10 3 1 10 10 10 3 13 11 11 13 11 4 11 10 12 13 7 10 11 10
split_gain=127.997 142.386 144.558 136.678 249.29 169.484 429.436 288.644 255.638 240.754 179.423 168.757 165.64 531.133 246.356 160.881 202.318 155.648 146.551 143.504 241.299 190.139 173.575 260.635 313.183 365.949 166.611 160.366 515.206 195.652
threshold=24.853873252868656 0.88201534748077404 15.250000000000002 27.436041831970218 27.16437911987305 27.163667678833011 0.77756834030151378 9.8160519599914569 15.750000000000002 -0.29259762167930597 31.146760940551761 29.697037696838382 0.47494667768478399 0.49002411961555487 0.38168568909168249 28.179128646850589 82.750000000000014 0.75546532869339 0.99903711676597606 77.250000000000014 -0.98518359661102284 9.4762187004089373 0.94968265295028698 -0.25950939953327173 17.250000000000004 82.250000000000014 33.591936111450202 -0.65189296007156361 -0.73829901218414296 -0.59817537665367115
decision_type=2 2 2 2 2 2 2 2 2 2 2 2 2 2 2 2 2 2 2 2 2 2 2 2 2 2 2 2 2 2
left_child=1 2 -1 4 11 6 7 10 9 -8 -5 18 14 -14 19 -10 -17 -15 -2 -6 21 -21 26 24 -24 -26 27 28 -22 -29
right_child=3 -3 -4 5 12 -7 8 -9 15 -11 -12 -13 13 17 -16 16 -18 -19 -20 20 22 -23 23 -25 25 -27 -28 29 -30 -31
leaf_value=-0.01098447884525889 -0.0008991609243371257 -0.02465390424973013 0.026534266658373447 0.0059056765525906368 0.0014080483382302106 -1.6901198160408861e-05 -0.028128604833208483 -0.022603884774883905 -0.021460177306881781 0.023538532690985697 0.055934443762184594 -0.056446321429669023 0.099747734446430689 0.03328104711482343 -0.032834251712394728 -0.045571519371906372 -0.12771967729224878 -0.023485241456737006 -0.031919023054011918 0.0076669158930114155 -0.11703485081890007 -0.080275191201473639 0.022107568655356572 0.006577431029178505 -0.2053818554008523 -0.021179009606463038 -0.071368413303907099 0.056554057037105011 0.012859946148437022 0.02084456599653188
leaf_weight=877 7206 1110 363 2905 6043 554034 498 943 688 412 191 148 201 227 392 634 85 258 402 120 79 126 77 2486 52 56 52 441 2265 2946
leaf_count=877 7206 1110 363 2905 6043 554034 498 943 688 412 191 148 201 227 392 634 85 258 402 120 79 126 77 2486 52 56 52 441 2265 2946
internal_value=-1.78164e-12 -0.0116457 -1.16867e-06 4.68644e-05 0.00377615 -0.000110036 -0.00822833 0.00161525 -0.0253877 -0.00473645 0.00899208 -0.0035669 0.00737597 0.0314066 0.00628678 -0.0387442 -0.0552831 0.00308372 -0.00253822 0.00732696 0.0114382 -0.0373766 0.0128587 0.0023167 -0.0549384 -0.109869 0.0177277 0.0185361 0.00848209 0.0254941
internal_weight=586317 2350 1240 583967 23577 560390 6356 4039 2317 910 3096 7756 15821 686 15135 1407 719 485 7608 14743 8700 246 8454 2671 185 108 5783 5731 2344 3387
internal_count=586317 2350 1240 583967 23577 560390 6356 4039 2317 910 3096 7756 15821 686 15135 1407 719 485 7608 14743 8700 246 8454 2671 185 108 5783 5731 2344 3387
is_linear=0
shrinkage=0.05


Tree=125
num_leaves=31
num_cat=0
split_feature=1 10 10 10 11 11 10 10 10 9 10 10 1 1 9 7 3 10 10 10 5 4 9 11 10 5 11 10 7 12
split_gain=126.469 146.598 120.997 372.488 302.326 360.482 241.393 212.288 231.982 283.13 224.365 194.689 190.077 180.725 362.368 222.615 183.152 175.53 695.849 636.342 527.296 556.965 491.046 706.991 485.072 514.733 321.916 400.977 361.004 335.982
threshold=43.429134368896491 0.42888796329498297 0.95992380380630504 0.94970905780792247 -0.14153505116701123 0.047319635748863227 0.91927745938301098 0.98521098494529735 0.97873103618621837 41.532588958740241 0.97109106183052074 0.94130858778953563 41.098293304443366 38.367088317871101 39.188413619995124 38.488729476928718 37.933065414428718 0.79356426000595104 0.75548630952835094 0.79877197742462169 38.256908416748054 0.24630757421255114 30.000835418701175 0.56312987208366405 0.77758994698524486 30.090312957763675 -0.51235243678092945 0.84293374419212352 35.074180603027351 14.750000000000002
decision_type=2 2 2 2 2 2 2 2 2 2 2 2 2 2 2 2 2 2 2 2 2 2 2 2 2 2 2 2 2 2
left_child=2 -2 3 6 7 -6 17 8 9 -4 -11 13 -10 14 -8 -16 -17 18 -1 20 -19 -22 -21 26 -20 -26 27 28 29 -24
right_child=1 -3 4 -5 5 -7 11 -9 12 10 -12 -13 -14 -15 15 16 -18 19 24 22 21 -23 23 -25 25 -27 -28 -29 -30 -31
leaf_value=-0.0003291049851667555 -0.0652778001020973 0.01394030308116443 0.012943915088970626 -0.012269084168231206 -0.0052376297007831456 0.0043008348267786134 0.0087159577211436638 0.020053058859501992 -0.010198226989146802 -0.010098737865806588 -0.1111276843608954 -0.0025000234151273041 0.027416146364982127 0.02147920826244025 -0.095810492816178705 -0.043719796946189909 0.025673088320801337 -0.0091304021427272859 0.021293761745036183 0.042368460657382187 -0.04936274288177734 -0.18030264694639977 -0.0029998968038492104 -0.021831585519172837 0.055895705742022274 -0.0045224553486914948 -0.0031912777496947301 0.021801162078675135 -0.0059380872517704256 0.048607380116114984
leaf_weight=451369 60 2191 6080 6393 17688 22512 8190 3213 2835 186 78 4797 381 2470 115 246 155 902 6403 611 597 94 604 4378 383 4430 30063 3194 5039 660
leaf_count=451369 60 2191 6080 6393 17688 22512 8190 3213 2835 186 78 4797 381 2470 115 246 155 902 6403 611 597 94 604 4378 383 4430 30063 3194 5039 660
internal_value=-9.21075e-13 0.0118288 -4.55882e-05 -0.000272872 0.0022331 0.00010391 -0.000126709 0.00893422 0.00519731 0.0107429 -0.0399482 0.00592567 -0.00574205 0.00954218 0.0061555 -0.0344844 -0.0168971 -0.000316742 -2.34125e-05 -0.00325744 -0.0343086 -0.0671751 -0.0021471 -0.00276613 0.0122787 0.000285389 -0.000656207 0.00736862 5.50391e-05 0.0239469
internal_weight=586317 2251 584066 531093 52973 40200 524700 12773 9560 6344 264 15973 3216 11176 8706 516 401 508727 462585 46142 1593 691 44549 43938 11216 4813 39560 9497 6303 1264
internal_count=586317 2251 584066 531093 52973 40200 524700 12773 9560 6344 264 15973 3216 11176 8706 516 401 508727 462585 46142 1593 691 44549 43938 11216 4813 39560 9497 6303 1264
is_linear=0
shrinkage=0.05


Tree=126
num_leaves=31
num_cat=0
split_feature=11 11 9 13 11 3 12 11 1 7 5 11 11 10 11 12 3 10 12 10 10 3 10 10 12 5 9 6 7 10
split_gain=122.301 175.462 203.171 133.314 324.47 216.486 212.619 187.28 357.031 256.403 255.407 245.498 272.374 260.234 244.816 242.342 307.919 215.55 288.802 232.836 203.02 322.283 280.15 259.462 265.297 260.205 419.342 237.076 226.598 233.204
threshold=0.9969642460346223 0.99962961673736583 26.231262207031254 76.750000000000014 -0.65187487006187428 27.436041831970218 12.750000000000002 0.41326330602169042 27.532365798950199 26.223810195922855 27.763551712036136 0.78827583789825451 0.83824864029884349 -0.51236665248870839 0.33345642685890203 16.250000000000004 28.381040573120121 -0.86095303297042836 15.250000000000002 -0.82391539216041554 -0.74981945753097523 30.056553840637211 -0.70252096652984608 -0.45972847938537592 15.250000000000002 30.263042449951175 32.131294250488288 1.0000000180025095e-35 35.442277908325202 0.83827194571495067
decision_type=2 2 2 2 2 2 2 2 2 2 2 2 2 2 2 2 2 2 2 2 2 2 2 2 2 2 2 2 2 2
left_child=3 -2 -3 4 -1 -5 -6 9 11 10 -7 -9 -13 -14 -11 -15 -17 18 -10 -19 21 -21 27 24 -24 26 -26 -22 -25 -30
right_child=1 2 -4 5 6 7 -8 8 17 14 -12 12 13 15 -16 16 -18 19 -20 20 22 -23 23 28 25 -27 -28 -29 29 -31
leaf_value=-0.0062095784339532651 -0.00874655033133581 -0.051293945561250089 0.004998534718087172 0.006324473812353331 -0.0073362366981478246 -0.04750099761821467 0.0012391723226384897 0.0072290185954275166 -0.024482110079353327 0.00076658347759645331 0.0022619151387955473 -0.07093696727564007 0.057780908358593785 -0.00076731100914070557 0.0077230925921620277 -0.016639349593611765 -0.061331618801394483 0.010263310295951417 -0.0029766615950151763 -0.029893488622441296 0.014880878547353907 -0.0038867696435710992 -0.015292018237606337 0.00089472764153158578 0.0079990831777862186 -0.0069546899049795193 -0.11430983306236671 -0.023650660319120911 -0.023998213880114961 -0.0015563926926597141
leaf_weight=27200 9045 166 4658 15216 8192 543 61440 864 2142 289989 491 270 108 916 13224 1068 603 5011 5757 1413 4507 7591 5359 98869 5406 10853 71 438 1871 3036
leaf_count=27200 9045 166 4658 15216 8192 543 61440 864 2142 289989 491 270 108 916 13224 1068 603 5011 5757 1413 4507 7591 5359 98869 5406 10853 71 438 1871 3036
internal_value=2.25164e-12 -0.00463942 0.00306144 0.000112402 -0.00157865 0.000456689 0.000230301 0.000262761 -0.00114486 0.000985214 -0.0238708 -0.0162245 -0.0230588 -0.0182621 0.00106998 -0.0214367 -0.0327671 -0.000765801 -0.00880837 -0.000325931 -0.000706543 -0.00796801 -0.000205184 -0.000665263 -0.0056389 -0.00247105 0.00641356 0.011468 0.000374219 -0.0101133
internal_weight=586317 13869 4824 572448 96832 475616 69632 460400 156153 304247 1034 3829 2965 2695 303213 2587 1671 152324 7899 144425 139414 9004 130410 125465 21689 16330 5477 4945 103776 4907
internal_count=586317 13869 4824 572448 96832 475616 69632 460400 156153 304247 1034 3829 2965 2695 303213 2587 1671 152324 7899 144425 139414 9004 130410 125465 21689 16330 5477 4945 103776 4907
is_linear=0
shrinkage=0.05


Tree=127
num_leaves=31
num_cat=0
split_feature=13 13 12 11 10 10 3 11 9 10 10 1 10 9 12 9 11 13 2 7 10 8 3 5 10 10 3 1 11 5
split_gain=128.131 221.438 344.037 264.147 419.673 343.13 283.595 355.213 275.945 418.289 271.414 378.218 280.142 329.325 291.87 312.332 255.738 241.468 233.95 385.394 303.088 266.95 227.084 327.249 222.798 218.154 298.699 200.196 378.68 254.618
threshold=80.250000000000014 79.250000000000014 14.750000000000002 -0.07309242337942122 -0.92913278937339772 -0.91585582494735707 29.877464294433597 0.73246693611145031 32.852962493896491 -0.98211652040481556 -0.012910176534205673 31.863302230834964 0.99628895521163952 37.630399703979499 18.750000000000004 31.286525726318363 -0.62538740038871754 76.250000000000014 6.4560217857360849 30.973363876342777 -0.16705007851123807 12.003418922424318 31.268867492675785 27.428091049194339 -0.97873103618621815 -0.28435654938220972 30.29670333862305 29.54171180725098 0.92589047551155101 31.731070518493656
decision_type=2 2 2 2 2 2 2 2 2 2 2 2 2 2 2 2 2 2 2 2 2 2 2 2 2 2 2 2 2 2
left_child=1 2 -1 4 8 -6 -5 -8 -4 -10 18 17 14 -14 -13 -16 -3 -12 21 20 25 22 23 -7 -11 -20 -27 28 29 -9
right_child=-2 16 3 6 5 10 7 27 9 24 11 12 13 -15 15 -17 -18 -19 19 -21 -22 -23 -24 -25 -26 26 -28 -29 -30 -31
leaf_value=-0.0022873555108797574 -0.0012845008952265459 0.006730245095567188 -0.0064107144597404441 0.0083234985404065202 0.026492120014433108 -0.021539972796612395 0.0039575460078948802 -0.054931273014010296 0.014961697808490944 -0.11314807087182999 -0.0028846445321705355 -0.00068061817460611648 -0.11109108581173516 -0.015293262598455055 0.084916066291670395 0.0070571863522288156 0.00093401308664442344 0.029385019942140163 -0.002163673128417224 -0.020715275622522056 -0.040781379091737943 -0.013353498932410921 -0.0030327802274380204 0.0090017354060183512 -0.035081451406294088 0.038355871045766314 -0.040185502646812081 -0.0013485214878833152 0.0028861098997603873 0.0074964446196623888
leaf_weight=122514 145850 26624 9187 18518 1232 962 60724 723 447 98 815 36602 109 507 130 14037 66720 2008 3959 4468 434 3845 16176 9934 1356 733 145 36194 1055 211
leaf_count=122514 145850 26624 9187 18518 1232 962 60724 723 447 98 815 36602 109 507 130 14037 66720 2008 3959 4468 434 3845 16176 9934 1356 733 145 36194 1055 211
internal_value=-2.39078e-12 0.000425331 -0.000156022 0.00100652 -0.00078819 0.000274569 0.00264471 0.00158149 -0.00999877 -0.0273388 -6.59188e-05 0.00225023 0.00127131 -0.0322445 0.00167797 0.00777164 0.00258724 0.0200688 -0.00315411 -0.009912 -0.000754533 -0.00102535 0.000725603 0.00630523 -0.0403432 0.00283688 0.0253849 -0.00219724 -0.0176414 -0.0408282
internal_weight=586317 440467 347123 224609 107184 96096 117425 98907 11088 1901 94864 54208 51385 616 50769 14167 93344 2823 40656 9739 5271 30917 27072 10896 1454 4837 878 38183 1989 934
internal_count=586317 440467 347123 224609 107184 96096 117425 98907 11088 1901 94864 54208 51385 616 50769 14167 93344 2823 40656 9739 5271 30917 27072 10896 1454 4837 878 38183 1989 934
is_linear=0
shrinkage=0.05


Tree=128
num_leaves=31
num_cat=0
split_feature=13 10 5 1 9 11 9 2 5 13 13 12 3 11 4 10 3 11 11 12 11 10 5 1 7 5 4 10 12 1
split_gain=116.515 185.539 245.258 200.14 185.758 281.74 180.612 176.262 167.211 190.059 163.336 354.165 175.507 174.667 172.449 167.224 165.99 200.468 234.183 183.157 179.876 342.531 301.371 306.263 231.735 229.638 223.926 220.814 184.842 576.852
threshold=81.250000000000014 -0.99939814209938038 31.265269279479984 31.271186828613285 29.249510765075687 1.0000000180025095e-35 29.01165866851807 5.0812292098999032 31.731070518493656 83.250000000000014 77.750000000000014 15.250000000000002 28.683040618896488 -0.55599683523178089 15.019975185394289 -0.29259762167930597 27.436041831970218 -0.98518359661102284 -0.97502842545509327 18.250000000000004 0.42887605726718908 -0.86095303297042836 30.586627006530765 30.234247207641605 25.500941276550297 27.763551712036136 0.83326557278633129 -0.82391539216041554 16.250000000000004 33.487640380859382
decision_type=2 2 2 2 2 2 2 2 2 2 2 2 2 2 2 2 2 2 2 2 2 2 2 2 2 2 2 2 2 2
left_child=1 2 3 -1 5 -5 -4 -2 9 -9 11 13 -13 14 -3 -15 17 -12 -19 -20 24 22 -22 -24 25 -18 -25 -23 29 -26
right_child=7 10 6 4 -6 -7 -8 8 -10 -11 16 12 -14 15 -16 -17 20 18 19 -21 21 27 23 26 28 -27 -28 -29 -30 -31
leaf_value=0.010393315607503915 -0.0024828698092053039 -0.0057429814367564872 0.068246970182835043 -0.09660498667418814 -0.0077284163828295616 0.023542752094619292 0.016031825713576534 0.0034474538371526372 -0.0025030912867677266 0.019726762373495729 -0.044385410595990334 0.0080082139203222994 0.00035538549934805016 -0.0050679114109467259 -0.022141160276172543 0.00050265072513646703 -0.099039580178531747 0.057558565303107281 0.01556184124060022 -0.0012849001474680136 -0.055136371104859971 0.013023223287030606 0.032421765878507113 -0.01215967711457557 0.0098575448265017691 0.027652947413120067 -0.066605337483504098 -0.00076132650317024255 0.00035751589483327685 0.00068175150634893324
leaf_weight=1310 84505 23817 176 156 793 71 2806 7532 7705 2353 174 8054 107346 23296 1719 31948 110 249 3670 2879 426 3001 370 2901 25130 53 202 91044 98727 53794
leaf_count=1310 84505 23817 176 156 793 71 2806 7532 7705 2353 174 8054 107346 23296 1719 31948 110 249 3670 2879 426 3001 370 2901 25130 53 202 91044 98727 53794
internal_value=2.60087e-12 0.000323649 0.00961682 -0.00253744 -0.0191446 -0.0590257 0.0191136 -0.00153502 0.00301859 0.00732254 0.00022057 -0.000887946 0.000889492 -0.00342714 -0.00684685 -0.00184642 0.000989745 0.00860897 0.0099654 0.00815586 0.000797108 -0.000923518 -0.0154454 -0.0105769 0.00174487 -0.0578451 -0.015704 -0.000321458 0.00179954 0.00360339
internal_weight=586317 484222 5312 2330 1020 227 2982 102095 17590 9885 478910 196180 115400 80780 25536 55244 282730 6972 6798 6549 275758 97944 3899 3473 177814 163 3103 94045 177651 78924
internal_count=586317 484222 5312 2330 1020 227 2982 102095 17590 9885 478910 196180 115400 80780 25536 55244 282730 6972 6798 6549 275758 97944 3899 3473 177814 163 3103 94045 177651 78924
is_linear=0
shrinkage=0.05


Tree=129
num_leaves=31
num_cat=0
split_feature=1 10 10 12 3 9 1 3 1 12 10 11 9 10 3 10 3 9 10 11 9 10 5 11 10 5 7 10 7 13
split_gain=116.458 171.499 383.245 147.224 140.815 184.861 229.115 172.302 146.749 244.677 344.911 285.739 267.366 288.668 224.335 183.648 180.767 146.367 238.977 214.83 186.95 186.397 197.717 161.072 154.785 227.38 148.552 141.988 157.328 141.673
threshold=25.505497932434086 -0.25950939953327173 -0.25118774175643915 15.250000000000002 27.948163032531742 27.16437911987305 31.23999118804932 24.83557224273682 28.376592636108402 17.750000000000004 -0.73831951618194569 -0.9946339726448058 33.354404449462898 -0.11593352630734442 32.58448791503907 1.0000000180025095e-35 29.185934066772464 30.000835418701175 -0.24284747242927548 -0.95234230160713185 28.004171371459964 -0.66484925150871266 31.762591361999515 0.93834263086318981 -0.31718835234642023 28.176776885986332 30.46944618225098 0.15005400776863101 34.259464263916023 78.750000000000014
decision_type=2 2 2 2 2 2 2 2 2 2 2 2 2 2 2 2 2 2 2 2 2 2 2 2 2 2 2 2 2 2
left_child=1 3 -3 -1 5 6 -2 -7 9 14 -11 -12 17 -14 15 29 27 18 19 20 -13 26 -23 -20 -21 -26 -19 28 -10 -6
right_child=4 2 -4 -5 8 7 -8 -9 16 10 11 12 13 -15 -16 -17 -18 21 23 24 -22 22 -24 -25 25 -27 -28 -29 -30 -31
leaf_value=-0.0075157051394884669 -0.002280004061953641 -0.1539711267340417 -0.015185946319035942 0.017982421688448196 -0.0062124861919272368 0.033388346095712312 -0.10654482357906846 0.004851685719392259 0.0022576141386175105 0.0099301204479713898 0.049970351627505405 0.094395798596396907 -0.10545103107718473 0.0086375076447175927 0.080790963686656128 0.012026409090669441 -0.00020483906365056237 -0.1446150871962309 -0.04600011312400816 0.0060258278914509487 -0.02172299282252789 -0.025622254497069969 0.020124366653783157 -0.013380316858539569 -0.11907361513767085 -0.012368640847123143 -0.046096038897207543 0.010303521069177311 -0.057125813600889946 0.0086962849284268687
leaf_weight=1758 8974 51 2018 835 8013 541 53 23772 26933 1672 164 113 167 83 86 2450 493464 50 473 1409 50 2047 267 1893 61 275 163 6381 112 1989
leaf_count=1758 8974 51 2018 835 8013 541 53 23772 26933 1672 164 113 167 83 86 2450 493464 50 473 1409 50 2047 267 1893 61 275 163 6381 112 1989
internal_value=-1.04774e-12 -0.0078711 -0.0186069 0.000695223 6.30873e-05 0.00321805 -0.00289217 0.00548667 -0.000128748 -0.00418516 -0.0105318 -0.0152736 -0.0167911 -0.0675736 0.000313366 -0.000242454 3.61979e-05 -0.0149244 -0.00928425 0.0038816 0.0587765 -0.0244638 -0.0203438 -0.0199015 -0.00124612 -0.0317407 -0.0692226 0.0035946 0.00201169 -0.00324772
internal_weight=586317 4662 2069 2593 581655 33340 9027 24313 548315 21425 8887 7215 7051 250 12538 12452 526890 6801 4274 1908 163 2527 2314 2366 1745 336 213 33426 27045 10002
internal_count=586317 4662 2069 2593 581655 33340 9027 24313 548315 21425 8887 7215 7051 250 12538 12452 526890 6801 4274 1908 163 2527 2314 2366 1745 336 213 33426 27045 10002
is_linear=0
shrinkage=0.05


Tree=130
num_leaves=31
num_cat=0
split_feature=11 11 9 9 10 10 0 11 11 7 10 3 9 5 1 0 7 1 9 1 9 7 12 1 9 1 5 12 9 3
split_gain=110.308 156.011 183.471 128.106 122.47 553.638 401.719 320.178 307.183 514.82 253.691 294.586 296.408 247.996 297.107 247.444 507.615 296.883 233.746 224.935 205.71 288.018 694.103 773.577 370.131 479.335 260.638 228.796 222.369 204.152
threshold=0.9969642460346223 0.99962961673736583 25.493625640869144 31.939566612243656 -0.23448921740055081 -0.3334656953811645 10.29836940765381 -0.87792757153511036 -0.86955720186233509 31.430132865905765 -0.39753912389278406 28.44644927978516 28.004171371459964 27.17766094207764 32.697250366210945 12.705684185028078 33.889308929443366 29.697037696838382 33.443656921386726 29.619779586791996 35.366125106811531 32.064420700073249 17.250000000000004 31.580764770507816 28.962584495544437 30.586003303527836 30.263042449951175 15.250000000000002 33.637870788574226 30.32827186584473
decision_type=2 2 2 2 2 2 2 2 2 2 2 2 2 2 2 2 2 2 2 2 2 2 2 2 2 2 2 2 2 2
left_child=4 3 -3 -2 5 7 -7 10 9 13 15 12 -12 19 -15 -1 18 -18 -17 -9 21 24 26 -24 25 27 -23 -13 -25 -28
right_child=1 2 -4 -5 -6 6 -8 8 -10 -11 11 20 -14 14 -16 16 17 -19 -20 -21 -22 22 23 28 -26 -27 29 -29 -30 -31
leaf_value=0.017064521794114686 -0.0064987408486889987 -0.066314367710196595 0.0042300392515349687 -0.028169472332107478 0.00074896888773404581 -0.011717379036542457 0.0093600723073444612 -0.057423420333913691 -0.00036324901362080338 0.0023223122108003754 -0.0094014934245307737 0.00073174903324494766 0.038100894887643427 -0.02736547798563832 -0.12897766413433212 0.012132937597237039 -0.14986949130729005 0.00082615501813444443 -0.054650299402341354 -0.20213774359226228 0.040851812927104124 -0.10921152658187426 0.030043822934806171 -0.10530791644948415 0.012741325308177438 0.0192366203304449 0.07234664301781292 -0.07537614439236362 0.0028477691887122281 -0.0016530452026422516
leaf_weight=6663 8302 94 4730 743 323208 16681 2615 58 213864 915 529 132 866 501 84 1086 91 51 149 50 225 52 166 460 2122 352 103 392 53 980
leaf_count=6663 8302 94 4730 743 323208 16681 2615 58 213864 915 529 132 866 501 84 1086 91 51 149 50 225 52 166 460 2122 352 103 392 53 980
internal_value=-2.12529e-12 -0.00440608 0.00285542 -0.00827888 0.000106748 -0.000726066 -0.00886096 -4.34184e-05 -0.000526948 -0.022299 0.00715581 -0.000245576 0.0200874 -0.0548076 -0.0419559 0.0130769 -0.00621824 -0.0957464 0.00407569 -0.124421 -0.00587682 -0.00806176 -0.0237876 -0.0637753 0.00145348 -0.0258899 0.000134556 -0.0562039 -0.0941339 0.00538478
internal_weight=586317 13869 4824 9045 572448 249240 19296 229944 215472 1608 14472 6432 1395 693 585 8040 1377 142 1235 108 5037 4812 1814 679 2998 876 1135 524 513 1083
internal_count=586317 13869 4824 9045 572448 249240 19296 229944 215472 1608 14472 6432 1395 693 585 8040 1377 142 1235 108 5037 4812 1814 679 2998 876 1135 524 513 1083
is_linear=0
shrinkage=0.05


Tree=131
num_leaves=31
num_cat=0
split_feature=7 10 11 11 10 10 10 10 10 1 11 9 13 4 10 9 1 9 3 10 4 2 10 3 11 10 9 10 10 10
split_gain=108.508 111.438 318.875 343.147 192.881 254.91 189.305 177.237 172.829 236.913 269.688 242.479 350.219 372.653 169.621 169.168 157.067 326.079 216.161 155.067 147.779 146.162 144.986 504.234 436.603 382.383 672.539 588.792 448.077 413.199
threshold=42.841241836547859 0.96683886647224437 -0.14153505116701123 0.047319635748863227 0.94970905780792247 0.95747631788253795 0.91927745938301098 0.94130858778953563 0.87795194983482372 40.591190338134773 -0.45205545425415034 36.302303314208991 78.250000000000014 1.9252846837043764 0.88606244325637828 42.095750808715827 38.367088317871101 38.698839187622077 37.635828018188484 0.99373739957809459 1.5740695595741274 1.3073289394378664 0.83827194571495067 41.532094955444343 -0.51235243678092945 0.79356426000595104 30.105833053588871 0.75548630952835094 0.81403854489326488 0.77758994698524486
decision_type=2 2 2 2 2 2 2 2 2 2 2 2 2 2 2 2 2 2 2 2 2 2 2 2 2 2 2 2 2 2
left_child=1 4 15 -4 6 -6 8 16 22 10 11 12 -10 14 -14 -3 17 -8 -19 20 -5 -7 25 24 -24 27 -27 -1 -28 -29
right_child=-2 2 3 19 5 21 7 -9 9 -11 -12 -13 13 -15 -16 -17 -18 18 -20 -21 -22 -23 23 -25 -26 26 28 29 -30 -31
leaf_value=-0.00030369597739879833 0.0076973266814035967 0.010122023317239333 -0.0050329059598836073 -0.00020164375043674288 -0.01555094746192366 -0.0020286575816907937 0.008348874825814822 -0.0028964918977183313 -0.016776044514014068 0.010008947427543468 -0.0045772504708700068 -0.013498616809183728 -0.081413413025438794 0.020521073393000848 -0.17124401384381335 -0.065222671409447985 0.019977848436709328 -0.055454396098755257 0.0016062355179888516 0.010949427243962154 0.018923175599672559 0.031904255006907148 0.024681075908289732 -0.038305974362901771 0.0023664335112372568 0.046432368346906387 -0.020852588431092247 0.019753979851324117 -0.0025895957678744312 0.00023562894169305216
leaf_weight=450097 4543 11160 17674 11759 4750 6022 8041 4687 346 2223 12616 1753 112 57 99 75 2415 346 319 6432 1105 335 2759 645 10667 539 5930 6313 7745 4753
leaf_count=450097 4543 11160 17674 11759 4750 6022 8041 4687 346 2223 12616 1753 112 57 99 75 2415 346 319 6432 1105 335 2759 645 10667 539 5930 6313 7745 4753
internal_value=5.69241e-13 -6.01075e-05 0.00224218 3.81831e-07 -0.000268106 -0.00678812 -0.000129497 0.00525867 -0.000297613 -0.00522295 -0.00748288 -0.0229697 -0.0500102 -0.092917 -0.123561 0.00961905 0.00869571 0.0055661 -0.0280825 0.00461058 0.00144115 -0.000240467 -0.000124468 0.00487744 0.00695202 -0.000272523 -0.00834988 -2.35618e-05 -0.0105091 0.0113706
internal_weight=586317 581774 48205 36970 533569 11107 522462 15808 506654 17206 14983 2367 614 268 211 11235 11121 8706 665 19296 12864 6357 489448 14071 13426 475377 14214 461163 13675 11066
internal_count=586317 581774 48205 36970 533569 11107 522462 15808 506654 17206 14983 2367 614 268 211 11235 11121 8706 665 19296 12864 6357 489448 14071 13426 475377 14214 461163 13675 11066
is_linear=0
shrinkage=0.05


Tree=132
num_leaves=31
num_cat=0
split_feature=1 11 12 3 10 10 11 9 12 1 1 7 1 12 11 1 10 7 12 7 10 10 10 10 4 5 1 9 10 12
split_gain=104.569 126.821 121.859 121.803 275.474 385.544 317.043 304.092 449.268 252.154 221.533 384.112 364.289 273.955 199.866 212.063 228.129 292.696 219.95 210.752 208.637 223.891 220.098 531.128 311.753 224.856 207.489 202.238 327.897 327.867
threshold=24.853873252868656 0.88201534748077404 13.250000000000002 30.056553840637211 0.63209757208824169 0.59125596284866344 -0.74979865550994862 28.628758430480961 17.750000000000004 32.120763778686531 29.153871536254886 25.500941276550297 30.868142127990726 13.750000000000002 0.73246693611145031 27.419076919555668 -0.98211652040481556 31.681015968322757 19.250000000000004 30.659249305725101 -0.064507851377129541 -0.04732095077633857 -0.71466678380966175 -0.61188074946403492 1.2078432440757754 32.348861694335945 27.643974304199222 30.105833053588871 -0.31718835234642023 16.750000000000004
decision_type=2 2 2 2 2 2 2 2 2 2 2 2 2 2 2 2 2 2 2 2 2 2 2 2 2 2 2 2 2 2
left_child=1 2 -1 4 5 10 -6 8 -7 -9 -2 12 -12 -13 15 16 -5 -18 19 20 22 -22 25 24 -24 -17 -16 -25 -29 -30
right_child=3 -3 -4 14 6 7 -8 9 -10 -11 11 13 -14 -15 26 18 17 -19 -20 -21 21 -23 23 27 -26 -27 -28 28 29 -31
leaf_value=-0.014885461690699028 -0.00064798681459376768 -0.022802695021643421 0.016470045640395687 0.078567697374845855 0.098994497372345502 0.0091118526432245727 0.012682357866144654 -0.0055786946561871952 -0.16895426098298241 -0.10802195347521618 -0.013376496302621207 -0.0031376280894546403 -0.097627190103283135 0.0056562857560814271 -0.054584566985831209 -0.0039315789608651997 0.04638281565035595 -0.02592058121135507 0.0025311783269399983 -9.3683272808912617e-05 0.066066564296129837 0.0032029762159788938 -0.018499987214797307 0.0028737385970168585 -0.054294153741707041 0.030863269970179404 -0.0026697198581660414 0.00072986916802661765 -0.0056629418780486948 -0.062294727389357166
leaf_weight=633 72192 1110 607 166 110 58 3245 464 91 69 565 10962 166 46106 193 17464 293 268 72194 275893 146 4740 1685 3645 952 477 69488 1301 462 572
leaf_count=633 72192 1110 607 166 110 58 3245 464 91 69 565 10962 166 46106 193 17464 293 268 72194 275893 146 4740 1685 3645 952 477 69488 1301 462 572
internal_value=3.10902e-12 -0.010526 0.000463565 4.23589e-05 0.00136543 0.00100221 0.0155123 -0.0364932 -0.0996399 -0.0188406 0.00119893 0.00350577 -0.0325087 0.00396709 -0.000351758 9.93496e-05 0.027078 0.0118422 4.76715e-05 -0.000535709 -0.00441409 0.00508142 -0.00616102 -0.0127289 -0.0314223 -0.00300648 -0.00281351 -0.00448571 -0.015974 -0.0369912
internal_weight=586317 2350 1240 583967 134028 130673 3355 682 149 533 129991 57799 731 57068 449939 380258 727 561 379531 307337 31444 4886 26558 8617 2637 17941 69681 5980 2335 1034
internal_count=586317 2350 1240 583967 134028 130673 3355 682 149 533 129991 57799 731 57068 449939 380258 727 561 379531 307337 31444 4886 26558 8617 2637 17941 69681 5980 2335 1034
is_linear=0
shrinkage=0.05


Tree=133
num_leaves=31
num_cat=0
split_feature=13 13 2 12 3 9 11 10 10 6 11 10 11 10 5 10 10 11 10 11 11 7 10 10 12 1 10 11 3 10
split_gain=108.56 195.953 328.768 274.218 288.555 274.587 297.574 388.883 314.936 264.958 260.512 258.035 250.203 224.459 350.576 287.24 255.412 222.954 216.28 263.935 230.331 203.318 195.388 185.929 184.04 296.016 211.19 182.681 182.457 306.457
threshold=80.250000000000014 79.250000000000014 11.218202590942385 15.250000000000002 30.32827186584473 31.939566612243656 0.77756834030151378 -0.54883790016174305 -0.09881922602653502 16.842930793762211 -0.09024826809763907 0.6186656951904298 0.9549313783645631 -0.08167563751339911 28.744626045227054 -0.16705007851123807 -0.21772121638059613 -0.62538740038871754 -0.86958134174346913 -0.42108526825904841 -0.37370587885379786 32.527023315429695 -0.82391539216041554 -0.99865758419036854 17.750000000000004 33.005638122558601 0.56314551830291759 -0.99981480836868275 38.703609466552741 -0.030120026320219036
decision_type=2 2 2 2 2 2 2 2 2 2 2 2 2 2 2 2 2 2 2 2 2 2 2 2 2 2 2 2 2 2
left_child=1 2 3 -1 5 9 8 -8 -7 12 13 23 18 14 15 16 -4 24 19 -5 -21 -9 -20 -6 25 -3 -26 -25 29 -27
right_child=-2 17 10 4 11 6 7 21 -10 -11 -12 -13 -14 -15 -16 -17 -18 -19 22 20 -22 -23 -24 27 26 28 -28 -29 -30 -31
leaf_value=-0.0014810318962640218 -0.0011823409093776182 0.022604513147219785 -0.00080199973256555061 -0.048873411892814855 0.01270669928911352 -0.0093114407698906953 -0.1364723676815629 -0.0093185163689872286 0.029223002209262224 -0.010851250295227937 0.0029687265094846997 0.0032543783039203876 0.0022783507470197162 -0.0011341359586418752 -0.019272684345786897 -0.058453074820791512 0.052758146575398783 0.00088157922149646154 0.039534013538833089 0.046509605204606078 0.00063563768249967666 -0.086911202639377877 0.013486419095890202 0.021739063295249141 -0.0033937532892752186 0.0014555495563853807 0.018148654065593933 -0.0015018396394833053 -0.0035494166605591695 0.017952346454749264
leaf_weight=133349 145850 3320 3241 246 2429 2301 86 490 689 1886 6127 57219 10200 5905 7633 202 239 66720 761 301 3009 102 13347 853 6960 5953 1360 96508 3690 5341
leaf_count=133349 145850 3320 3241 246 2429 2301 86 490 689 1886 6127 57219 10200 5905 7633 202 239 66720 761 301 3009 102 13347 853 6960 5953 1360 96508 3690 5341
internal_value=-3.31245e-12 0.000391504 -0.000155375 0.000257831 0.00147549 0.00569432 -0.00721336 -0.0371204 -0.000431765 0.00728576 -0.00588571 0.000577551 0.00851339 -0.00903618 -0.0131601 -0.000488214 0.00287641 0.00242521 0.0121138 0.00109369 0.00480726 -0.0226875 0.0148915 -0.000957326 0.00629356 0.00909626 0.000127602 -0.00129822 0.00610324 0.00925698
internal_weight=586317 440467 347123 323776 190427 33418 3668 678 2990 29750 23347 157009 27864 17220 11315 3682 3480 93344 17664 3556 3310 592 14108 99790 26624 18304 8320 97361 14984 11294
internal_count=586317 440467 347123 323776 190427 33418 3668 678 2990 29750 23347 157009 27864 17220 11315 3682 3480 93344 17664 3556 3310 592 14108 99790 26624 18304 8320 97361 14984 11294
is_linear=0
shrinkage=0.05


Tree=134
num_leaves=31
num_cat=0
split_feature=0 1 3 3 9 7 10 10 9 10 10 10 11 10 11 10 11 13 2 10 11 10 5 1 10 9 10 10 11 12
split_gain=103.696 111.171 158.581 145.08 165.638 205.179 125.507 128.271 121.255 123.727 118.382 112.88 322.582 191.67 176.619 194.19 162.649 108.249 170.536 323.44 406.921 329.697 418.431 558.431 334.378 414.774 365.324 259.341 222.68 206.223
threshold=78.94366836547853 26.246039390563968 30.739950180053714 26.241848945617679 28.512351989746097 29.286859512329105 -0.18399664759635923 0.47494667768478399 27.917654037475589 0.064507851377129569 0.5772862732410432 -0.22611359506845471 0.96457844972610485 -0.24284747242927548 -0.71464690566062916 -0.65189296007156361 -0.63872575759887684 81.250000000000014 0.92576101422309887 1.0000000180025095e-35 -0.66483077406883229 -0.63874351978301991 30.090312957763675 31.6137228012085 -0.69016700983047474 30.75710487365723 -0.71466678380966175 -0.32533907890319819 -0.62538740038871754 17.250000000000004
decision_type=2 2 2 2 2 2 2 2 2 2 2 2 2 2 2 2 2 2 2 2 2 2 2 2 2 2 2 2 2 2
left_child=1 2 6 4 5 -3 11 8 9 -8 -9 12 14 -14 15 -1 -16 18 -5 20 21 22 24 -24 26 -26 -20 28 -22 -29
right_child=-2 3 -4 17 -6 -7 7 10 -10 -11 -12 -13 13 -15 16 -17 -18 -19 19 -21 27 -23 23 -25 25 -27 -28 29 -30 -31
leaf_value=-0.052829652678777574 0.013581770945495836 0.0036582632844766091 0.070006231601903404 0.00079178839561658352 0.02182683967327868 -0.087022290402092042 -0.020342763065471271 0.085644925346477316 -0.028573810261761652 0.0082273877723470206 0.0019887715318980511 0.01945236771463435 -0.1350534269968465 -0.031857030255801597 0.031514940988751995 -0.0073328484457209318 0.00050654347815431283 -0.0015124308552753932 -0.042980773262459721 0.0029708696376626667 0.017459717761674601 -0.0057716275912593025 0.018005083784350197 -0.030497076797653247 -0.027776620952290432 -0.10480862584736315 0.016578024474320687 0.038464924220206628 -0.0015337881500924759 -0.052501431139914893
leaf_weight=278 1402 2464 69 373183 1624 64 864 54 1295 675 195 563 67 137 494 1500 2938 99475 736 28330 1604 23440 1145 1232 351 348 396 642 40683 69
leaf_count=278 1402 2464 69 373183 1624 64 864 54 1295 675 195 563 67 137 494 1500 2938 99475 736 28330 1604 23440 1145 1232 351 348 396 642 40683 69
internal_value=5.59645e-12 -3.25545e-05 -0.00550699 5.42418e-05 0.00936689 0.00136255 -0.00608209 -0.0142761 -0.0172991 -0.007812 0.0201311 -0.00185555 -0.00407135 -0.06575 -0.0016563 -0.0144465 0.00496987 -1.33996e-05 0.000302418 -0.00154272 -0.00335273 -0.00808505 -0.0209716 -0.0071336 -0.0389361 -0.0661273 -0.0221457 -0.000309824 -0.00081334 0.029637
internal_weight=586317 584915 9129 575786 4152 2528 9060 3083 2834 1539 249 5977 5414 204 5210 1778 3432 571634 472159 98976 70646 27648 4208 2377 1831 699 1132 42998 42287 711
internal_count=586317 584915 9129 575786 4152 2528 9060 3083 2834 1539 249 5977 5414 204 5210 1778 3432 571634 472159 98976 70646 27648 4208 2377 1831 699 1132 42998 42287 711
is_linear=0
shrinkage=0.05


Tree=135
num_leaves=31
num_cat=0
split_feature=10 11 9 5 1 7 9 1 7 9 13 11 12 11 11 3 12 13 10 10 7 11 11 11 10 9 11 10 12 11
split_gain=99.1922 239.895 172.64 142.792 157.531 150.64 106.865 338.591 101.89 134.226 99.8045 303.105 260.231 173.848 288.137 247.858 235.133 218.626 224.677 237.138 217.994 191.231 188.168 530.264 243.239 213.265 398.376 514.605 493.508 212.439
threshold=-0.99939814209938038 1.0000000180025095e-35 29.705581665039066 31.512630462646488 32.734432220458991 30.438085556030277 28.239863395690922 31.300760269165043 31.90236854553223 32.131294250488288 76.750000000000014 0.081673368811607375 17.250000000000004 0.42887605726718908 0.4597157090902329 30.739950180053714 19.750000000000004 83.750000000000014 0.6186656951904298 0.65839549899101268 36.805358886718757 0.76663044095039379 -0.99626126885414112 -0.98518359661102284 0.047320950776338584 32.291826248168952 -0.27608674764633173 -0.92913278937339772 17.250000000000004 -0.12447465583682059
decision_type=2 2 2 2 2 2 2 2 2 2 2 2 2 2 2 2 2 2 2 2 2 2 2 2 2 2 2 2 2 2
left_child=1 3 -3 4 6 -5 7 -1 9 -4 11 12 -2 15 -15 17 20 18 22 -20 -16 -18 24 -24 -12 29 27 -27 -29 -25
right_child=10 2 8 5 -6 -7 -8 -9 -10 -11 13 -13 -14 14 16 -17 21 -19 19 -21 -22 -23 23 25 -26 26 -28 28 -30 -31
leaf_value=0.0020276744230303292 -0.0068198962555343053 0.037077739283463348 0.0050608280871601964 -0.071644897266690225 -0.077885218123397382 0.012078842762629773 -0.004360605606788851 -0.12279431289289056 0.018890760193655931 -0.046574569931059767 0.0086402627719840593 0.0013783034104942898 0.00064395331488465942 -0.012463782641661099 0.00010060862538483072 0.00030563016839507754 0.0007666568193017715 0.023871840277788259 0.11403301330162335 0.021295319172843163 -0.024815370266884514 -0.010188687836542368 -0.018668523179644025 0.0072776708082474707 0.048357358637745755 -0.067138226543171406 0.014795389492746612 0.010916023285837498 -0.021245749704337496 -0.0020397621067609769
leaf_weight=161 33088 737 999 56 88 1323 1506 82 1336 144 1794 46954 18048 5344 151067 255723 6256 1362 77 658 883 10965 2788 29430 491 383 2022 2150 2679 7723
leaf_count=161 33088 737 999 56 88 1323 1506 82 1336 144 1794 46954 18048 5344 151067 255723 6256 1362 77 658 883 10965 2788 29430 491 383 2022 2150 2679 7723
internal_value=1.29192e-12 0.00617505 0.0158313 -0.00348117 -0.0126095 0.00867889 -0.00932519 -0.0400933 0.00951476 -0.00144442 -6.84928e-05 -0.00152225 -0.0041856 0.000227482 -0.00103282 0.000943252 -0.000671723 0.00410586 0.00356952 0.0310107 -4.41812e-05 -0.00620886 0.00316174 0.002483 0.0171747 0.00381155 -0.00404279 -0.0113511 -0.00692647 0.00534085
internal_weight=586317 6432 3216 3216 1837 1379 1749 243 2479 1143 579885 98090 51136 481795 174515 307280 169171 51557 50195 735 151950 17221 49460 47175 2285 44387 7234 5212 4829 37153
internal_count=586317 6432 3216 3216 1837 1379 1749 243 2479 1143 579885 98090 51136 481795 174515 307280 169171 51557 50195 735 151950 17221 49460 47175 2285 44387 7234 5212 4829 37153
is_linear=0
shrinkage=0.05


Tree=136
num_leaves=31
num_cat=0
split_feature=1 10 3 10 10 11 9 12 1 1 7 9 11 10 5 11 10 12 10 11 4 10 12 12 3 10 10 11 9 3
split_gain=97.1099 131.817 99.484 326.953 465.311 372.525 323.579 460.427 314.606 284.33 652.221 248.125 647.887 1582.45 396.342 249.703 605.604 286.588 227.953 224.145 282.766 246.699 214.107 401.866 341.172 319.592 274.938 260.125 316.38 224.07
threshold=43.429134368896491 0.42888796329498297 30.64868259429932 0.63209757208824169 0.59125596284866344 -0.74979865550994862 29.337986946105961 17.250000000000004 32.184171676635749 30.901343345642093 25.926727294921879 32.099849700927741 0.80898702144622814 -0.55601230263710011 31.052776336669925 -0.27608674764633173 -0.92913278937339772 18.750000000000004 0.6186656951904298 -0.98208922147750843 5.813112974166871 -0.08167563751339911 19.250000000000004 15.250000000000002 24.83557224273682 -0.30081701278686518 -0.96230018138885487 -0.95744973421096791 29.817021369934086 28.683040618896488
decision_type=2 2 2 2 2 2 2 2 2 2 2 2 2 2 2 2 2 2 2 2 2 2 2 2 2 2 2 2 2 2
left_child=2 -2 3 4 9 -5 7 -6 -8 11 -11 19 15 14 -14 16 17 -13 -9 20 -1 -22 23 25 -25 -21 -24 28 -26 -30
right_child=1 -3 -4 5 6 -7 8 18 -10 10 -12 12 13 -15 -16 -17 -18 -19 -20 22 21 -23 26 24 27 -27 -28 -29 29 -31
leaf_value=-0.0018445796301996117 -0.062750902756233698 0.012367493699451993 -0.00047134537608902209 0.089487949245939821 0.0047936689883470544 0.01082923044870914 -0.00048484067444097957 -0.15094078229818922 -0.094177293949402302 -0.069749612042172393 0.0078381902059627834 -0.087729708234768444 -0.27403115284295732 -0.018653303913196525 -0.10605990896301885 0.010898303063531319 -0.0044875887472687372 0.0076032896549893024 -0.042972489489459323 -0.0040239399870233864 -0.039827068397609723 -6.1570107115419367e-05 0.024016028653693691 0.042098181854888533 0.041944368215968746 0.0036287020703617669 -0.0042241437860060637 0.0039298430781243817 0.040635876014159439 -0.023416462554221695
leaf_weight=4041 60 2191 406436 155 125 5211 647 148 104 275 18001 336 81 699 62 2184 5892 103 73 34819 1125 597 894 611 988 22433 23978 53414 199 435
leaf_count=4041 60 2191 406436 155 125 5211 647 148 104 275 18001 336 81 699 62 2184 5892 103 73 34819 1125 597 894 611 988 22433 23978 53414 199 435
internal_value=-3.08233e-13 0.0103652 -3.99478e-05 0.000947135 0.000568533 0.0131013 -0.0318917 -0.0718989 -0.0134596 0.000776569 0.00667072 7.20048e-05 -0.00781703 -0.0496566 -0.201204 -0.00367974 -0.00870872 -0.0653623 -0.115277 0.000586292 -0.00907447 -0.0260408 0.000990404 0.00191556 0.00494136 -0.00102541 -0.00320908 0.00452885 0.0242549 -0.00331171
internal_weight=586317 2251 584066 177630 172264 5366 1097 346 751 171167 18276 152891 9357 842 143 8515 6331 439 221 143534 5763 1722 137771 112899 55647 57252 24872 55036 1622 634
internal_count=586317 2251 584066 177630 172264 5366 1097 346 751 171167 18276 152891 9357 842 143 8515 6331 439 221 143534 5763 1722 137771 112899 55647 57252 24872 55036 1622 634
is_linear=0
shrinkage=0.05


Tree=137
num_leaves=31
num_cat=0
split_feature=11 9 10 1 9 5 11 10 12 11 11 13 12 3 11 1 7 10 10 1 10 9 9 12 10 11 3 1 10 11
split_gain=97.6216 140.619 132.603 137.12 118.828 122.346 111.521 241.48 336.884 179.145 342.959 149.978 275.93 223.764 239.938 428.948 460.381 367.844 350.624 330.443 312.477 296.803 243.707 224.825 208.28 191.981 190.589 221.908 194.95 179.637
threshold=0.9969642460346223 32.066881179809577 1.0000000180025095e-35 30.491027832031254 30.21013164520264 27.854860305786136 0.98043283820152294 -0.12447811290621756 18.750000000000004 0.94968265295028698 0.93225467205047619 76.750000000000014 16.250000000000004 27.667840957641605 0.74407637119293224 28.445576667785648 30.564222335815433 0.59125596284866344 -0.58429276943206776 29.581052780151371 -0.55601230263710011 29.294579505920414 30.663523674011234 14.250000000000002 0.44437406957149511 -0.55599683523178089 32.965085983276374 30.74163913726807 0.39753912389278417 0.92589047551155101
decision_type=2 2 2 2 2 2 2 2 2 2 2 2 2 2 2 2 2 2 2 2 2 2 2 2 2 2 2 2 2 2
left_child=6 4 -3 -4 -2 -6 9 -8 -9 10 11 12 25 -13 -15 18 17 23 -16 -18 22 -19 -20 -17 26 -1 27 28 -21 -25
right_child=1 2 3 -5 5 -7 7 8 -10 -11 -12 13 -14 14 15 16 19 21 20 24 -22 -23 -24 29 -26 -27 -28 -29 -30 -31
leaf_value=-0.0089060723198621482 -0.0058929557513162116 0.014065666895325374 -0.088890880013399939 -0.024276622475838099 0.075448893023033939 0.0034826739912333562 0.011737628075576226 0.0046609236314788527 -0.011666134257014805 -0.0044088439552120665 0.0094860204501008415 0.0069940779422584176 0.0010623526855502224 0.00061071610759145265 0.016209394664391273 -0.0039067052520695049 -0.027379142469687479 -0.059342614902545603 -0.043975888028055327 -0.013961695452520821 -0.021135094504414049 -0.0076576831121967287 -0.15371262931670898 0.010174163466163984 -0.00027387255864856581 -0.0021784562134071687 -0.036496230634798711 -0.002869336841972419 -0.051933262058792708 -0.010915629363327913
leaf_weight=16416 9114 193 94 649 60 3759 6432 11760 4320 22512 9648 12330 41216 366000 603 4692 1706 360 144 3514 3116 1216 78 13865 13065 29952 616 7424 374 1089
leaf_count=16416 9114 193 94 649 60 3759 6432 11760 4320 22512 9648 12330 41216 366000 603 4692 1706 360 144 3514 3116 1216 78 13865 13065 29952 616 7424 374 1089
internal_value=2.9603e-13 -0.00414498 -0.0228596 -0.0324512 -0.00279054 0.00461333 0.000100423 0.00354972 0.00027455 -4.07766e-05 0.000145665 -2.83785e-05 -0.00191434 0.000355589 0.000159705 -0.00302317 -0.00171914 0.00377779 -0.0188797 -0.00608843 -0.0252184 -0.0194639 -0.082532 0.00564224 -0.00463515 -0.00456028 -0.00941215 -0.00793727 -0.0176143 0.00863833
internal_weight=586317 13869 936 743 12933 3819 572448 22512 16080 549936 527424 517776 87584 430192 417862 51862 47921 21222 3941 26699 3338 1576 222 19646 24993 46368 11928 11312 3888 14954
internal_count=586317 13869 936 743 12933 3819 572448 22512 16080 549936 527424 517776 87584 430192 417862 51862 47921 21222 3941 26699 3338 1576 222 19646 24993 46368 11928 11312 3888 14954
is_linear=0
shrinkage=0.05


Tree=138
num_leaves=31
num_cat=0
split_feature=13 13 2 12 3 9 10 10 6 10 11 3 10 10 10 10 5 10 11 11 5 5 3 11 3 9 10 11 0 3
split_gain=95.0679 173.238 323.052 233.772 199.413 316.021 226.145 323.554 202.248 179.926 177.475 168.356 167.836 172.005 291.795 545.528 474.724 249.341 231.893 182.041 180.234 167.108 164.088 197.692 200.443 182.393 173.753 331.077 214.179 195.22
threshold=80.250000000000014 78.750000000000014 16.518680572509769 15.250000000000002 30.32827186584473 31.939566612243656 0.75548630952835094 0.77758994698524486 16.842930793762211 0.63209757208824169 -0.09024826809763907 28.315699577331547 0.25118774175643926 -0.39753912389278406 -0.65189296007156361 -0.69016700983047474 29.988348007202152 -0.86958134174346913 -0.42108526825904841 -0.37370587885379786 26.241146087646488 32.811426162719734 29.840383529663089 0.41326330602169042 38.476703643798835 42.863233566284187 -0.030120026320219036 -0.49749487638473505 0.20231071114540103 31.891805648803714
decision_type=2 2 2 2 2 2 2 2 2 2 2 2 2 2 2 2 2 2 2 2 2 2 2 2 2 2 2 2 2 2
left_child=1 2 3 -1 5 8 -6 -8 12 -7 -4 -10 13 14 15 17 -17 18 -5 -20 -19 -9 -3 24 26 -26 28 29 -24 -28
right_child=-2 22 10 4 6 9 7 21 11 -11 -12 -13 -14 -15 -16 16 -18 20 19 -21 -22 -23 23 -25 25 -27 27 -29 -30 -31
leaf_value=-0.0016800122752359194 -0.0011064303390912534 0.0063296153792547676 -0.01144111416204204 -0.047037978949291369 -0.00088811292284260478 -0.012849443728652411 0.02416436768238503 0.025462573082340907 0.014703699742304685 0.026090017329069817 0.0019349577466553102 -0.018492594595085947 0.02015964651409384 0.0022730708454540001 0.021000542187444463 -0.10055679735092615 -0.0037210260088564894 -0.03615260839632195 0.041504124424361688 -0.00018610280980459312 0.022900705245042632 0.0021191883640728189 0.0051090191420296686 -0.0017576930070030618 -0.0035304050873991378 0.014451628268553427 0.038542229692282826 0.001527114019043643 -0.002255968120830832 0.011113538848374606
leaf_weight=117262 145850 17520 9696 245 96956 3197 1825 783 532 327 3332 1354 2494 11752 4384 220 298 136 286 3100 2587 36768 21177 39614 17214 1536 684 14123 18490 12575
leaf_count=117262 145850 17520 9696 245 96956 3197 1825 783 532 327 3332 1354 2494 11752 4384 220 298 136 286 3100 2587 36768 21177 39614 17214 1536 684 14123 18490 12575
internal_value=6.91595e-13 0.000366368 -0.000320911 3.16471e-05 0.00123177 0.00485759 0.000409644 0.00360513 0.00667102 -0.00923616 -0.00802009 -0.00912863 0.00783949 0.00650402 0.0109214 0.00449141 -0.0448482 0.00851374 -6.36309e-05 0.00333528 0.0199513 0.00260594 0.00179703 0.00116383 0.00251272 -0.00205732 0.00379072 0.00685425 0.00167597 0.0125285
internal_weight=586317 440467 297534 284506 167244 30912 136332 39376 27388 3524 13028 1886 25502 23008 11256 6872 518 6354 3631 3386 2723 37551 142933 125413 85799 18750 67049 27382 39667 13259
internal_count=586317 440467 297534 284506 167244 30912 136332 39376 27388 3524 13028 1886 25502 23008 11256 6872 518 6354 3631 3386 2723 37551 142933 125413 85799 18750 67049 27382 39667 13259
is_linear=0
shrinkage=0.05


Tree=139
num_leaves=31
num_cat=0
split_feature=0 13 10 5 11 9 2 11 10 10 10 5 10 10 9 10 10 9 5 10 5 13 12 8 9 10 7 2 6 10
split_gain=89.7644 94.3033 151.111 200.944 172.052 154.651 138.447 269.97 276.863 225.243 255.894 242.125 375.589 159.348 154.499 150.18 420.946 335.111 252.002 213.652 237.886 159.082 152.13 148.534 136.053 156.708 140.371 135.58 133.384 130.884
threshold=78.94366836547853 81.250000000000014 -0.99939814209938038 31.265269279479984 1.0000000180025095e-35 29.01165866851807 12.522800922393801 0.73246693611145031 -0.030120026320219036 -0.74981945753097523 -0.48250326514244074 28.744626045227054 -0.16705007851123807 0.11593352630734445 35.749763488769538 -0.57728627324104298 -0.63874351978301991 31.874295234680179 27.17766094207764 -0.69016700983047474 30.296562194824222 79.250000000000014 14.750000000000002 12.431318759918215 28.239863395690922 -0.21772121638059613 31.096075057983402 62.652185440063484 0.22034475952386859 -0.65189296007156361
decision_type=2 2 2 2 2 2 2 2 2 2 2 2 2 2 2 2 2 2 2 2 2 2 2 2 2 2 2 2 2 2
left_child=1 2 3 4 -1 -5 -4 8 9 28 15 12 24 -9 -13 16 19 22 -17 23 29 -20 -18 -11 25 -12 -26 -3 -8 -21
right_child=-2 27 6 5 -6 -7 7 13 -10 10 11 14 -14 -15 -16 18 17 -19 21 20 -22 -23 -24 -25 26 -27 -28 -29 -30 -31
leaf_value=-0.013118254042532168 0.012636538898190074 -0.0015549777760710494 0.00039289726021872511 0.062720592776101758 0.014844609746232768 0.014401012548076986 -0.0093804607029848788 0.021904175643955776 0.0042294990704397567 -0.0059746389796822494 -0.013444895418739555 -0.015762827446557746 -0.044711305397594797 -0.02014541570820394 0.021629054411173319 -0.087491472645841714 -0.019154681901757918 -0.033550720231990759 -0.040573479970771591 -0.096258702563830997 -0.018244017138447467 0.0012846513151507409 0.061040871991041572 -0.045774893481112189 0.036355334862059677 0.03644383970012486 -0.023459269798587305 0.022185283828765341 0.0015304419733252592 -0.014448430882766844
leaf_weight=1430 1402 101138 446656 176 894 2801 4389 1537 7315 952 541 3955 290 264 297 207 72 192 704 264 281 335 331 311 843 222 111 605 7742 60
leaf_count=1430 1402 101138 446656 176 894 2801 4389 1537 7315 952 541 3955 290 264 297 207 72 192 704 264 281 335 331 311 843 222 111 605 7742 60
internal_value=-1.18617e-12 -3.02889e-05 0.000261043 0.00865649 -0.00236146 0.0172577 0.000167913 -0.00305139 -0.00420199 -0.00699291 -0.0125616 -0.00639463 0.00791935 0.0157403 -0.013151 -0.0229685 -0.0158124 0.0208129 -0.0371141 -0.0274784 -0.0519104 -0.0270774 0.0467131 -0.015775 0.0168086 0.00107057 0.0293958 -0.00141381 -0.00241713 -0.0811087
internal_weight=586317 584915 483172 5301 2324 2977 477871 31215 29414 22099 9968 6259 2007 1801 4252 3709 2463 595 1246 1868 605 1039 403 1263 1717 763 954 101743 12131 324
internal_count=586317 584915 483172 5301 2324 2977 477871 31215 29414 22099 9968 6259 2007 1801 4252 3709 2463 595 1246 1868 605 1039 403 1263 1717 763 954 101743 12131 324
is_linear=0
shrinkage=0.05


Tree=140
num_leaves=31
num_cat=0
split_feature=11 11 10 12 11 11 12 12 0 1 10 4 7 8 11 13 12 3 11 7 10 1 9 10 3 12 1 11 11 3
split_gain=89.1999 136.011 182.839 322.516 163.926 306.16 146.831 145.2 278.908 178.443 525.89 614.503 159.357 136.703 135.535 135.451 238.295 202.3 214.753 297.914 343.617 340.729 294.247 307.305 251.404 239.915 215.348 242.576 259.441 232.562
threshold=0.99548450112342846 0.98043283820152294 -0.12447811290621756 18.750000000000004 0.94968265295028698 0.93225467205047619 14.750000000000002 16.750000000000004 0.09513250365853311 28.514179229736332 -0.22611359506845471 0.12160332128405572 31.004045486450199 0.15586890280246737 0.95989713072776806 76.750000000000014 16.250000000000004 24.83557224273682 0.74407637119293224 30.405122756958011 0.59125596284866344 29.581052780151371 29.425127029418949 0.64534214138984691 28.796261787414554 17.250000000000004 28.242001533508304 0.80898702144622814 0.82873937487602245 27.766191482543949
decision_type=2 2 2 2 2 2 2 2 2 2 2 2 2 2 2 2 2 2 2 2 2 2 2 2 2 2 2 2 2 2
left_child=1 4 6 -4 5 15 -3 8 -6 10 11 12 -9 -5 -10 16 -1 -17 -19 20 26 24 23 25 -21 -22 27 -20 -29 -30
right_child=-2 2 3 13 7 -7 -8 9 14 -11 -12 -13 -14 -15 -16 17 -18 18 19 21 22 -23 -24 -25 -26 -27 -28 28 29 -31
leaf_value=-0.0042752024139308667 -0.0035597795102990022 -0.0016718106275273106 0.0055897302035709459 -0.01058108184363519 -0.0022356405091586771 0.0089654516697788809 0.015578888499179731 -0.036328959714981846 0.050444162225035297 -0.0039386547060786432 -0.0021650292849126063 -0.17379847752021216 0.051356028542957378 -0.070789149783782132 0.0098552291955148474 0.025152000162051991 0.00094993096203805489 0.00072427997004563874 0.025083390457439281 0.0011622617861064962 0.011124516310899155 -0.0040117929364597371 -0.0054270286613609647 0.0091005779980407233 -0.028631497420104804 -0.091394335374687663 0.0052172766568909781 -0.067204324766579601 0.0024250859185297579 -0.023240131064459796
leaf_weight=46368 17085 1664 9408 3359 9136 9648 4768 1281 372 8844 2283 82 54 97 460 820 41216 373881 515 975 69 26791 1055 156 2586 330 19199 198 2088 1529
leaf_count=46368 17085 1664 9408 3359 9136 9648 4768 1281 372 8844 2283 82 54 97 460 820 41216 373881 515 975 69 26791 1055 156 2586 330 19199 198 2088 1529
internal_value=-4.51591e-13 0.000106844 0.0042329 0.000791339 -3.79302e-05 0.000140416 0.011116 -0.00421633 0.000288305 -0.00779591 -0.0170158 -0.0409426 -0.0327822 -0.0122709 0.0280032 -2.40255e-05 -0.00181632 0.000340872 0.000293489 -0.00260905 0.00141649 -0.00594319 -0.0209307 -0.0504015 -0.020474 -0.0736655 0.00294562 -0.00712681 -0.011475 -0.00842427
internal_weight=586317 569232 19296 12864 549936 527424 6432 22512 9968 12544 3700 1417 1335 3456 832 517776 87584 430192 429372 55491 25139 30352 1610 555 3561 399 23529 4330 3815 3617
internal_count=586317 569232 19296 12864 549936 527424 6432 22512 9968 12544 3700 1417 1335 3456 832 517776 87584 430192 429372 55491 25139 30352 1610 555 3561 399 23529 4330 3815 3617
is_linear=0
shrinkage=0.05


Tree=141
num_leaves=31
num_cat=0
split_feature=3 10 10 11 1 7 9 12 1 10 9 11 10 10 11 10 12 12 12 11 11 9 10 10 10 10 12 10 11 10
split_gain=90.3229 299.886 388.107 353.384 274.409 582.259 263.731 401.114 276.146 233.501 221.377 518.684 2010.05 366.919 318.556 302.01 389.4 226.509 285.625 377.245 303.479 307.892 265.507 254.387 233.259 221.008 212.275 209.06 242.592 243.609
threshold=30.771559715271 0.63209757208824169 0.59125596284866344 -0.74979865550994862 30.901343345642093 25.926727294921879 29.157420158386234 17.250000000000004 32.21832466125489 0.6186656951904298 31.809103012084964 0.80898702144622814 -0.54883790016174305 0.030120026320219043 0.65837720036506664 0.44437406957149511 18.250000000000004 19.250000000000004 15.250000000000002 -0.98208922147750843 -0.95744973421096791 30.139940261840824 0.30081701278686529 -0.08167563751339911 -0.51236665248870839 -0.25118774175643915 14.250000000000002 -0.99273952841758717 -0.09024826809763907 -0.99466162919998158
decision_type=2 2 2 2 2 2 2 2 2 2 2 2 2 2 2 2 2 2 2 2 2 2 2 2 2 2 2 2 2 2
left_child=1 2 4 -3 10 25 7 -4 -8 -9 17 14 -13 -14 -12 16 -15 18 22 23 21 -21 -1 -20 -19 -6 -7 28 29 -28
right_child=-2 3 6 -5 5 26 8 9 -10 -11 11 12 13 15 -16 -17 -18 24 19 20 -22 -23 -24 -25 -26 -27 27 -29 -30 -31
leaf_value=-0.0019342996315803104 -0.00042430257846432146 0.085277206308965112 0.0078948875750300667 0.0099447491069008798 -0.0024214991230555641 -0.0055785772635255203 -0.0034862795370422385 -0.14805019880483922 -0.088409481699997128 -0.034148107852567645 -0.0040048437350268598 -0.15224359410309871 0.014781732439700679 -0.032842720833441523 0.038181656612534989 0.0061542748830413227 -0.14460184707819859 0.0033951513711012872 -0.033192255719961671 0.039332542673836651 0.0040587156760390044 -0.0099734985704348789 0.009237807140715119 0.015290397889136026 -0.0069132601121651835 -0.094305250960104364 -0.12085070485093941 0.010426940387079349 -0.00051422633179711442 -0.014962457653379788
leaf_weight=55637 399545 160 114 5761 98 2925 786 133 109 68 11263 288 809 287 466 261 107 7983 1089 1178 54203 433 5880 360 17557 197 90 17210 1183 137
leaf_count=55637 399545 160 114 5761 98 2925 786 133 109 68 11263 288 809 287 466 261 107 7983 1089 1178 54203 433 5880 360 17557 197 90 17210 1183 137
internal_value=1.57322e-14 0.000907673 0.000545156 0.0119804 0.000735253 0.0059881 -0.0276773 -0.0670245 -0.0138289 -0.109516 8.24701e-06 -0.00611925 -0.0314953 -0.00774151 -0.00232875 -0.0355603 -0.0631935 0.00058062 0.00149914 0.00404044 0.00469434 0.0260802 -0.000866432 -0.0211469 -0.00369118 -0.0637812 0.0069434 0.00891047 -0.00959911 -0.0569446
internal_weight=586317 186772 180851 5921 179641 21840 1210 315 895 201 157801 13481 1752 1464 11729 655 394 144320 118780 57263 55814 1611 61517 1449 25540 295 21545 18620 1410 227
internal_count=586317 186772 180851 5921 179641 21840 1210 315 895 201 157801 13481 1752 1464 11729 655 394 144320 118780 57263 55814 1611 61517 1449 25540 295 21545 18620 1410 227
is_linear=0
shrinkage=0.05


Tree=142
num_leaves=31
num_cat=0
split_feature=7 3 10 3 10 1 1 3 1 7 1 12 10 0 11 13 11 11 10 9 10 7 10 10 10 9 12 7 10 11
split_gain=86.6951 116.577 129.509 122.76 230.406 238.448 141.98 92.2204 206.785 239.665 261.169 194.634 162.031 154.709 333.176 175.394 172.325 236.221 258.351 292.932 166.643 158.068 191.934 273.932 261.904 202.786 153.017 152.72 174.12 147.526
threshold=43.405693054199226 40.744228363037116 0.50495636463165294 42.42724800109864 0.53436762094497692 42.090299606323249 41.521457672119148 30.056553840637211 29.015290260314945 24.816866874694828 30.838115692138675 19.250000000000004 -1.0000000180025095e-35 1.0000000180025095e-35 0.75546532869339 78.750000000000014 0.97308227419853222 0.79874977469444286 -0.55601230263710011 31.163386344909672 -0.61188074946403492 30.102701187133793 -0.93535929918289173 -0.73831951618194569 -0.99273952841758717 32.226829528808601 13.750000000000002 31.90236854553223 -0.98801350593566883 0.73246693611145031
decision_type=2 2 2 2 2 2 2 2 2 2 2 2 2 2 2 2 2 2 2 2 2 2 2 2 2 2 2 2 2 2
left_child=7 -2 -3 -4 5 -5 -6 8 11 10 -10 12 13 16 15 21 17 -1 19 -19 -16 -15 24 -24 -23 -25 -11 28 -26 -9
right_child=1 2 3 4 6 -7 -8 29 9 26 -12 -13 -14 14 20 -17 -18 18 -20 -21 -22 22 23 25 27 -27 -28 -29 -30 -31
leaf_value=-0.0010385299765270691 -0.045809252120063204 0.045090181177410371 0.039119274657975912 -0.14394959893383488 0.083224973461178492 -0.012372926995158197 0.005386311335181704 4.6876223558084461e-06 -0.011347581009408131 -0.0014543367193153376 -0.10156007375982073 -0.0061777419317345008 0.0054558490520019353 -0.000875455326760047 0.050146184172090817 0.0076507076295602291 0.0029280790106577573 -0.034482166825353468 -0.011371111202790031 -0.15200957228099146 0.012338523730164808 0.0097625731600650637 0.020996401048867724 -0.0083206197886650426 -0.12131185036217958 -0.056311363391981666 0.00455721675191899 -0.10260324011457903 -0.028899981997578629 -0.0024990205266719654
leaf_weight=7532 91 260 266 51 61 106 1479 377954 312 13258 108 13534 12759 12170 319 4729 6063 366 6342 62 3375 258 667 1072 57 277 52511 113 482 69683
leaf_count=7532 91 260 266 51 61 106 1479 377954 312 13258 108 13534 12759 12170 319 4729 6063 366 6342 62 3375 258 667 1072 57 277 52511 113 482 69683
internal_value=3.24992e-12 0.00965888 0.0119295 0.00753736 0.00258699 -0.0551144 0.00846953 -3.82715e-05 0.0011001 0.00310495 -0.0345451 -0.000790809 0.000496319 -0.000945634 0.0018169 -0.000751951 -0.00413601 -0.00713067 -0.0139085 -0.0515072 0.0156035 -0.00338418 -0.0138186 -0.00521496 -0.0328791 -0.0181749 0.00334538 -0.0497527 -0.0386727 -0.000385061
internal_weight=586317 2314 2223 1963 1697 157 1540 584003 136366 66189 420 70177 56643 43884 23519 19825 20365 14302 6770 428 3694 15096 2926 2016 910 1349 65769 652 539 447637
internal_count=586317 2314 2223 1963 1697 157 1540 584003 136366 66189 420 70177 56643 43884 23519 19825 20365 14302 6770 428 3694 15096 2926 2016 910 1349 65769 652 539 447637
is_linear=0
shrinkage=0.05


Tree=143
num_leaves=31
num_cat=0
split_feature=10 11 11 9 10 10 3 7 12 1 13 3 10 2 5 9 1 11 1 1 7 10 10 10 10 5 4 9 11 10
split_gain=85.4502 280.175 300.142 222.082 167.172 251.037 491.092 1351.95 332.26 330.673 229.06 210.346 166.514 158.851 158.146 391.134 309.853 261.754 301.452 159.698 157.018 150.993 147.653 531.193 490.332 458.587 516.205 395.306 559.987 363.573
threshold=0.96683886647224437 -0.14153505116701123 0.047319635748863227 42.095750808715827 0.94970905780792247 0.95236876606941234 36.732461929321296 36.719482421875007 17.250000000000004 36.735380172729499 79.750000000000014 35.676717758178718 0.91927745938301098 0.1994598135352135 34.611244201660163 34.556671142578132 30.332758903503422 0.28434865176677709 34.49452209472657 32.317893981933601 34.867086410522468 0.94130858778953563 0.79356426000595104 0.79877197742462169 0.75548630952835094 38.256908416748054 0.24630757421255114 29.780797958374027 0.56312987208366405 0.77758994698524486
decision_type=2 2 2 2 2 2 2 2 2 2 2 2 2 2 2 2 2 2 2 2 2 2 2 2 2 2 2 2 2 2
left_child=4 3 -3 -2 12 6 9 8 -8 11 13 -6 22 -7 16 17 -12 -16 -19 -17 -13 -14 24 25 -1 -24 -27 -25 -29 -26
right_child=1 2 -4 -5 5 10 7 -9 -10 -11 14 20 21 -15 15 19 -18 18 -20 -21 -22 -23 23 27 29 26 -28 28 -30 -31
leaf_value=-0.00019638580862238152 0.0095464821413903302 -0.0047907944734746485 0.0042263131015351472 -0.070195970650423656 -0.0051038696603371092 -0.00023404806344060649 -0.10827165896839955 -0.0010674924387326726 -0.27324701003044061 0.071069641228307764 -0.10456546278376329 -0.1044151402050906 0.0081297843432835432 0.027527680565109347 -0.031302506516252153 0.069595226070337121 0.017227122901130116 -0.19388556213596383 -0.040126324022587923 -0.015225124132018378 -0.028778415531459673 -0.0024431689093596031 -0.0075064878520846702 0.041084598062431449 0.018150484453034278 -0.044555081197272174 -0.17040240903127385 -0.00052785746102552457 -0.019254327161168299 -8.0765938178476638e-06
leaf_weight=452853 11168 17688 19296 88 838 5964 51 214 76 114 57 101 11256 564 154 57 623 74 56 2099 214 4824 902 529 6432 612 94 40061 4434 4824
leaf_count=452853 11168 17688 19296 88 838 5964 51 214 76 114 57 101 11256 564 154 57 623 74 56 2099 214 4824 902 529 6432 612 94 40061 4434 4824
internal_value=1.76105e-12 0.00201595 -8.62166e-05 0.00892305 -0.000180735 -0.00621006 -0.0245004 -0.0777627 -0.206997 -0.0101654 -0.00316167 -0.0181974 -5.19128e-05 0.00216448 -0.0143056 -0.0202483 0.00701804 -0.0754056 -0.127651 -0.0129827 -0.0530302 0.0049579 -0.00020964 -0.00289164 5.98373e-05 -0.0311296 -0.061311 -0.00188314 -0.00239398 0.0103682
internal_weight=586317 48240 36984 11256 538077 11256 1608 341 127 1267 9648 1153 526821 6528 3120 2440 680 284 130 2156 315 16080 510741 46632 464109 1608 706 45024 44495 11256
internal_count=586317 48240 36984 11256 538077 11256 1608 341 127 1267 9648 1153 526821 6528 3120 2440 680 284 130 2156 315 16080 510741 46632 464109 1608 706 45024 44495 11256
is_linear=0
shrinkage=0.05


Tree=144
num_leaves=31
num_cat=0
split_feature=1 10 3 1 7 1 10 11 10 5 10 10 11 7 12 1 10 10 10 11 10 1 11 1 10 3 8 2 10 11
split_gain=82.0319 122.105 84.9445 272.225 434.287 198.524 191.546 206.028 216.93 187.371 186.562 248.942 292.89 197.934 214.317 283.342 192.992 177.777 196.08 176.047 834.385 202.457 164.399 206.674 249.938 219.009 167.703 146.993 317.561 309.662
threshold=43.429134368896491 0.42888796329498297 30.771559715271 30.901343345642093 25.926727294921879 27.298403739929203 -0.99273952841758717 -0.09024826809763907 -0.99466162919998158 27.763551712036136 0.28435654938220983 0.34964421391487127 0.94968265295028698 26.670184135437015 19.250000000000004 27.844524383544925 0.38168568909168249 0.63209757208824169 0.38168568909168249 0.83824864029884349 -0.42109696567058558 29.153871536254886 0.8189845383167268 29.953510284423832 0.54883790016174328 32.550685882568366 0.11438101902604104 2.0816606283187871 0.012910176534205677 -0.09024826809763907
decision_type=2 2 2 2 2 2 2 2 2 2 2 2 2 2 2 2 2 2 2 2 2 2 2 2 2 2 2 2 2 2
left_child=2 -2 3 10 9 -4 7 8 -6 -5 -1 12 -12 16 -15 17 -13 18 -16 22 21 -21 27 24 -24 26 -25 -7 29 -29
right_child=1 -3 5 4 6 19 -8 -9 -10 -11 11 13 -14 14 15 -17 -18 -19 -20 20 -22 -23 23 25 -26 -27 -28 28 -30 -31
leaf_value=-0.00054317950220045036 -0.060844629633550841 0.011453711059327715 0.035864105141514842 -0.078027370151081313 -0.11041853680400199 0.00015051295663505239 0.0078327854047167533 -0.0025453073270648979 -0.013550242289275559 0.0063658050717191501 0.025705699418977268 -0.068319042652845385 0.00055171028730102375 0.0034510036376234551 0.034704121757009675 -0.0036661946619295769 0.033337159701523948 0.016771777690412989 -0.062581719727109172 -0.097650118088349711 -0.0013446851985494627 -0.026950576837452469 -0.113370745450678 0.025877315139598275 0.030122001018410307 -0.01032521883598073 -0.019314185653664093 -0.008398102687684433 0.001806001684345869 0.0022686655710243689
leaf_weight=141667 60 2191 376 219 97 306093 21947 1394 143 94 2631 50 2066 12368 58 2736 705 113 484 105 25019 2843 71 2061 53 715 228 25981 24531 9218
leaf_count=141667 60 2191 376 219 97 306093 21947 1394 143 94 2631 50 2066 12368 58 2736 705 113 484 105 25019 2843 71 2061 53 715 228 25981 24531 9218
internal_value=-7.86643e-13 0.00952661 -3.67157e-05 0.000842726 0.00582657 -0.00045015 0.00660318 -0.00991214 -0.0527012 -0.0526825 0.000111602 0.00448485 0.0146416 0.00159601 0.000397855 -0.0107379 0.026605 -0.0402771 -0.0521711 -0.000484551 -0.00430924 -0.0294687 -0.000194634 0.0112193 -0.0520392 0.0138306 0.0213759 -0.00029223 -0.00256112 -0.00560466
internal_weight=586317 2251 584066 186772 23894 397294 23581 1634 240 313 162878 21211 4697 16514 15759 3391 755 655 542 396918 27967 2948 368951 3128 124 3004 2289 365823 59730 35199
internal_count=586317 2251 584066 186772 23894 397294 23581 1634 240 313 162878 21211 4697 16514 15759 3391 755 655 542 396918 27967 2948 368951 3128 124 3004 2289 365823 59730 35199
is_linear=0
shrinkage=0.05


Tree=145
num_leaves=31
num_cat=0
split_feature=12 13 11 3 12 10 3 1 10 10 10 11 10 9 11 1 10 10 13 3 13 11 11 7 5 7 11 7 9 5
split_gain=81.6505 268.079 192.051 141.116 193.856 212.491 170.594 165.019 299.147 256.205 404.858 247.28 356.705 191.688 263.648 237.77 219.733 332.638 236.767 181.94 156.663 150.928 254.142 193.294 189.7 143.168 303.06 142.868 211.744 140.649
threshold=13.750000000000002 79.250000000000014 -0.80389818549156178 28.315699577331547 18.750000000000004 -0.76109719276428212 24.83557224273682 28.376592636108402 -0.99466162919998158 -0.98801350593566883 -0.98521098494529713 -0.99626126885414112 0.064507851377129569 29.854121208190922 -0.63872575759887684 27.419076919555668 -0.73831951618194569 -0.93535929918289173 79.250000000000014 29.877464294433597 83.250000000000014 -0.98208922147750843 -0.95744973421096791 29.619219779968265 26.692610740661625 32.290451049804695 -0.90878397226333607 27.929874420166019 27.295834541320804 38.709918975830085
decision_type=2 2 2 2 2 2 2 2 2 2 2 2 2 2 2 2 2 2 2 2 2 2 2 2 2 2 2 2 2 2
left_child=1 -1 -3 4 6 -6 -2 8 -5 -10 -11 12 -12 14 19 20 17 18 -15 27 -16 24 23 -23 -8 -24 -27 -13 -29 -4
right_child=3 2 29 7 5 -7 21 -9 9 10 11 13 -14 16 15 -17 -18 -19 -20 -21 -22 22 25 -25 -26 26 -28 28 -30 -31
leaf_value=-0.0025110270600791768 0.032047209389910097 0.01468763145670572 0.0027200666949263883 0.032821124782967448 0.019977808000980521 -0.0029199511890594006 -0.053681419669042843 0.0002015578006363913 -0.087663398308879037 0.092700764126436533 0.011318580204909072 -0.015174819792188037 0.15479716785528042 -0.049280212978106544 -0.029549142354179381 -0.0034006712065035543 -0.019644351540148819 0.018175698863535535 0.011662342373884339 0.045719302755060691 -0.1121516436051864 0.022474467251057378 0.0065329740318028698 0.084465281046878282 -0.001234403671941867 0.07487878561706135 -0.031988079747777447 0.05840825253166259 0.0031698120349437742 -0.022225672977274066
leaf_weight=81676 647 3552 13360 487 1103 12445 223 442637 98 102 219 496 54 425 491 2792 4793 1085 255 371 65 706 15268 153 760 76 522 240 626 590
leaf_count=81676 647 3552 13360 487 1103 12445 223 442637 98 102 219 496 54 425 491 2792 4793 1085 255 371 65 706 15268 153 760 76 522 240 626 590
internal_value=1.79392e-12 -0.00130768 0.00430793 0.000266235 0.00348089 -0.00105575 0.00682942 4.09512e-05 -0.00560159 -0.0071465 -0.00648971 -0.00733906 0.039699 -0.00844236 -0.00115248 -0.00934682 -0.0140904 0.000991751 -0.0264268 0.0146783 -0.0392059 0.00590804 0.00702712 0.0335159 -0.0131324 0.00559299 -0.0184063 0.00622289 0.0184784 0.00166501
internal_weight=586317 99178 17502 487139 31903 13548 18355 455236 12599 12112 12014 11912 273 11639 5081 3348 6558 1765 680 1733 556 17708 16725 859 983 15866 598 1362 866 13950
internal_count=586317 99178 17502 487139 31903 13548 18355 455236 12599 12112 12014 11912 273 11639 5081 3348 6558 1765 680 1733 556 17708 16725 859 983 15866 598 1362 866 13950
is_linear=0
shrinkage=0.05


Tree=146
num_leaves=31
num_cat=0
split_feature=13 11 5 12 11 9 1 11 7 9 1 10 11 10 1 11 10 7 3 5 10 11 1 10 9 13 2 12 11 3
split_gain=81.9613 150.272 592.845 295.856 279.024 432.363 394.286 369.961 227.275 199.167 225.356 197.53 188.81 183.411 176.718 340.225 275.349 171.571 185.083 224.258 164.547 159.778 237.554 158.002 292.741 149.382 264.301 201.325 199.28 191.335
threshold=80.250000000000014 -0.97502842545509327 33.784095764160163 17.750000000000004 -0.49749487638473505 28.512351989746097 27.643974304199222 -0.42108526825904841 29.456991195678714 29.780797958374027 33.305685043334968 0.89391031861305248 -0.99981480836868275 -0.82391539216041554 33.441390991210945 -0.99049577116966236 0.030120026320219043 40.768144607543952 37.355251312255866 36.901132583618171 0.20088869333267215 -0.48248986899852747 33.260351181030281 -0.80392050743103016 30.663523674011234 79.250000000000014 11.218202590942385 14.750000000000002 -0.09024826809763907 29.801715850830082
decision_type=2 2 2 2 2 2 2 2 2 2 2 2 2 2 2 2 2 2 2 2 2 2 2 2 2 2 2 2 2 2
left_child=25 2 9 -4 5 6 -3 11 -8 10 -2 21 -5 -7 15 16 -14 18 -16 -20 -11 22 -6 24 -15 26 27 -1 -28 -29
right_child=1 4 3 12 7 13 8 -9 -10 20 -12 -13 14 23 17 -17 -18 -19 19 -21 -22 -23 -24 -25 -26 -27 28 29 -30 -31
leaf_value=-0.0014575508447933127 0.013492513915707863 0.032617496366033776 -0.0019630339523626556 0.024047349968459461 0.028750779514735533 0.019596551140483774 -0.032037738459094085 -0.0013700324826072434 0.0046330093625848263 -0.004032826492412947 0.098112931216464333 0.0053226143300244078 -0.011673494804174055 -0.085424238925471033 -0.047774071610659039 0.0088226199905089685 -0.088424291397495844 0.02992764437305076 -0.19201992937162812 -0.072635677420577513 0.053017345079502398 -0.028905565089521891 -0.026408316350470952 0.004158059684334337 -0.0043488639630779253 0.0021158423182587281 -0.0080306534803359884 0.0051508724499567272 0.0024690368659579533 0.00058216473572104976
leaf_weight=114051 1058 360 880 120 338 1903 1823 93050 550 6250 85 800 215 136 716 412 256 56 51 172 129 2400 462 33014 614 93344 17220 26186 6127 183539
leaf_count=114051 1058 360 880 120 338 1903 1823 93050 550 6250 85 800 215 136 716 412 256 56 51 172 129 2400 462 33014 614 93344 17220 26186 6127 183539
internal_value=4.36268e-12 -0.00102733 -0.00681934 -0.0261188 -0.000582617 0.00302511 -0.0161414 -0.00201009 -0.0235384 0.000564843 0.0197854 -0.0168995 -0.036758 0.00449375 -0.0406433 -0.0243618 -0.0533894 -0.0550921 -0.0601625 -0.0999388 -0.00287912 -0.0224551 -0.0031036 0.00364253 -0.0190505 0.000340177 -0.000137313 0.000233172 -0.0052752 0.00115261
internal_weight=586317 145850 10400 2878 135450 38400 2733 97050 2373 7522 1143 4000 1998 35667 1878 883 471 995 939 223 6379 3200 800 33764 750 440467 347123 323776 23347 209725
internal_count=586317 145850 10400 2878 135450 38400 2733 97050 2373 7522 1143 4000 1998 35667 1878 883 471 995 939 223 6379 3200 800 33764 750 440467 347123 323776 23347 209725
is_linear=0
shrinkage=0.05


Tree=147
num_leaves=31
num_cat=0
split_feature=11 11 9 5 12 9 10 1 11 10 12 11 11 9 5 10 9 12 0 1 10 4 5 13 12 3 11 1 5 10
split_gain=79.9314 133.92 160.321 107.04 117.91 97.0224 123.633 93.2815 88.7173 195.021 219.95 143.677 255.674 137.972 136.348 154.856 135.261 131.712 243.063 154.157 461.344 555.095 145.538 123.122 207.687 184.408 176.984 325.217 371.419 279.747
threshold=0.9969642460346223 0.99962961673736583 26.480161666870121 27.17766094207764 18.250000000000004 31.840371131896976 0.047320950776338584 30.300356864929203 0.98043283820152294 -0.10738035291433333 18.250000000000004 0.94968265295028698 0.93225467205047619 24.838127136230472 27.854860305786136 0.081675637513399138 31.715365409851078 16.750000000000004 0.09513250365853311 28.514179229736332 -0.22611359506845471 0.12160332128405572 30.835034370422367 76.750000000000014 16.250000000000004 27.667840957641605 0.74407637119293224 28.445576667785648 30.392380714416507 -0.58429276943206776
decision_type=2 2 2 2 2 2 2 2 2 2 2 2 2 2 2 2 2 2 2 2 2 2 2 2 2 2 2 2 2 2
left_child=8 5 -3 -4 -5 -2 -7 -8 11 -10 -11 12 23 -12 15 -15 -16 18 -13 20 21 22 -19 24 -1 -25 -27 29 -29 -28
right_child=1 2 3 4 -6 6 7 -9 9 10 13 17 -14 14 16 -17 -18 19 -20 -21 -22 -23 -24 25 -26 26 27 28 -30 -31
leaf_value=-0.004022695404852456 -0.0057224172081516526 -0.039962949059666318 0.02848723216357197 0.0077009859305302774 -0.010984512456823511 -0.0055190945702642581 -0.091269561187142426 -0.031479282977620829 0.0094110229002973347 0.0042045469693243447 -0.06748127783601153 -0.0020127648091849849 0.0081965443405860126 -0.030933887698798613 -0.014540133311808978 0.016057193325667057 0.025773518587904033 -0.033903745586215728 0.026216149420852514 -0.0037709992213788221 -0.0020161477212019656 -0.16460679388809496 0.051422602887480309 0.0063560068795363968 0.00085534037538106695 0.00053904667639746013 0.014953869463040712 0.0041652822110821693 -0.0048993334427872189 -0.022050613234046439
leaf_weight=46368 8242 208 436 3006 1174 427 84 292 8040 9432 98 9136 9648 215 3556 950 221 1283 832 8844 2283 82 52 12330 41216 366000 603 18254 29667 3338
leaf_count=46368 8242 208 436 3006 1174 427 84 292 8040 9432 98 9136 9648 215 3556 950 221 1283 832 8844 2283 82 52 12330 41216 366000 603 18254 29667 3338
internal_value=-3.16049e-13 -0.00375066 0.00297709 0.004912 0.00245295 -0.0073388 -0.0239293 -0.0448367 9.08693e-05 0.00316736 -0.000301347 -3.50688e-05 0.0001319 -0.00873381 -0.00756884 0.00738502 -0.0121813 -0.0039469 0.000343421 -0.00735618 -0.0159257 -0.0383361 -0.0305802 -1.83732e-05 -0.00172715 0.000329521 0.000151696 -0.00258191 -0.00144645 -0.0163887
internal_weight=586317 13869 4824 4616 4180 9045 803 376 572448 22512 14472 549936 527424 5040 4942 1165 3777 22512 9968 12544 3700 1417 1335 517776 87584 430192 417862 51862 47921 3941
internal_count=586317 13869 4824 4616 4180 9045 803 376 572448 22512 14472 549936 527424 5040 4942 1165 3777 22512 9968 12544 3700 1417 1335 517776 87584 430192 417862 51862 47921 3941
is_linear=0
shrinkage=0.05


Tree=148
num_leaves=31
num_cat=0
split_feature=1 3 7 11 9 1 11 1 11 10 0 11 10 10 7 13 10 7 4 6 10 8 12 10 7 5 10 10 10 9
split_gain=77.7743 115 150.806 256.236 145.099 176.243 136.912 117.137 111.258 105.303 219.719 310.862 139.097 246.399 217.593 161.838 161.865 163.54 150.369 144.243 137.494 137.122 130.759 254.853 141.56 125.884 115.671 112.568 169.41 140.416
threshold=24.853873252868656 28.315699577331547 33.642652511596687 -0.85204595327377308 26.480161666870121 31.300760269165043 0.99903711676597606 31.363744735717777 0.88201534748077404 -0.021515898406505581 1.0000000180025095e-35 0.72064045071601879 -0.18399664759635923 -0.28435654938220972 30.241337776184086 79.250000000000014 -0.3334656953811645 32.290451049804695 5.6364703178405771 5.6219956874847421 -0.59817537665367115 0.30458521842956549 18.250000000000004 -0.16705007851123807 29.73897743225098 30.76978969573975 -0.1330134719610214 -0.58429276943206776 -0.56314551830291737 29.964596748352054
decision_type=2 2 2 2 2 2 2 2 2 2 2 2 2 2 2 2 2 2 2 2 2 2 2 2 2 2 2 2 2 2
left_child=8 2 4 -4 5 6 -2 9 -1 10 27 12 13 15 18 16 17 -12 -15 22 -13 -19 24 -24 -14 -17 -21 -6 29 -29
right_child=1 -3 3 -5 7 -7 -8 -9 -10 -11 11 20 19 14 -16 25 -18 21 -20 26 -22 -23 23 -25 -26 -27 -28 28 -30 -31
leaf_value=0.0012154201003337743 -0.0018150121236168004 -0.00017009373945325721 -0.11012233043555171 0.0074826717990535228 0.005155107140389352 -0.088825734032959236 -0.035243789999805805 0.035028944862692896 -0.020576591279954433 0.0080586411089376767 0.0013923431000334293 0.043171502258134153 0.0014573338912585035 0.00057943389484819941 0.098932278450229214 0.0083247387517310142 -0.030528924492981686 -0.068923025685791423 0.039474068764776354 -0.047968223833044374 0.015399748935763929 0.013696755509823562 0.13065604504268125 0.00099550458791672737 -0.063714916271833233 0.040783615958749908 2.3580528302955884e-06 -0.026332298497480335 -0.004913372459331441 -0.12391584886639727
leaf_weight=1240 6280 537367 80 110 3086 61 322 297 1110 9622 8267 558 455 495 96 3150 450 152 499 375 2214 75 53 133 102 330 189 133 8965 51
leaf_count=1240 6280 537367 80 110 3086 61 322 297 1110 9622 8267 558 455 495 96 3150 450 152 499 375 2214 75 53 133 102 330 189 133 8965 51
internal_value=-6.75387e-13 3.6531e-05 0.00241922 -0.0420352 0.00260121 -0.0042271 -0.00344544 0.00374588 -0.00907783 0.00351037 0.00204317 0.00562185 0.00274749 0.00425387 0.0270476 0.0022541 -0.00130552 0.000242696 0.020105 -0.0128281 0.0209902 -0.0416257 0.00164379 0.0379418 -0.0104773 0.0114027 -0.031893 -0.00310271 -0.00588811 -0.0533799
internal_weight=586317 583967 46600 190 46410 6663 6602 39747 2350 39450 29828 17593 14821 13514 1090 12424 8944 8494 994 1307 2772 227 743 186 557 3480 564 12235 9149 184
internal_count=586317 583967 46600 190 46410 6663 6602 39747 2350 39450 29828 17593 14821 13514 1090 12424 8944 8494 994 1307 2772 227 743 186 557 3480 564 12235 9149 184
is_linear=0
shrinkage=0.05


Tree=149
num_leaves=31
num_cat=0
split_feature=10 11 9 9 1 7 9 13 9 9 1 8 5 9 3 12 10 11 11 9 10 10 3 7 1 13 5 3 1 10
split_gain=77.4179 199.041 153.542 120.2 308.75 94.0618 119.053 85.7052 125.415 122.619 104.427 118.075 102.636 98.1886 82.8837 82.7889 82.0824 252.935 271.1 201.598 147.38 226.513 445.37 1111.95 348.603 206.832 190.921 177.626 156.308 154.559
threshold=-0.99939814209938038 1.0000000180025095e-35 29.780797958374027 28.239863395690922 31.300760269165043 31.90236854553223 32.131294250488288 80.750000000000014 29.627904891967777 32.526515960693366 32.21832466125489 0.2043261453509331 31.512630462646488 34.804851531982429 29.277883529663089 15.750000000000002 0.96683886647224437 -0.14153505116701123 0.030119189061224464 42.095750808715827 0.94970905780792247 0.95236876606941234 36.559207916259773 35.90312576293946 36.735380172729499 79.750000000000014 37.079145431518562 35.676717758178718 36.148506164550788 0.91927745938301098
decision_type=2 2 2 2 2 2 2 2 2 2 2 2 2 2 2 2 2 2 2 2 2 2 2 2 2 2 2 2 2 2
left_child=1 3 -3 4 -1 6 -4 12 -9 10 -10 -12 14 -14 15 -5 20 19 -19 -18 29 22 24 -24 27 -23 -25 -22 -29 -2
right_child=16 2 5 7 -6 -7 -8 8 9 -11 11 -13 13 -15 -16 -17 17 18 -20 -21 21 25 23 26 -26 -27 -28 28 -30 -31
leaf_value=0.0030707573219526398 -0.00027113421433204427 0.03383996308706292 0.0037324604249658073 0.00081925652380431847 -0.11612386592641109 0.017117898197171421 -0.044975615536208761 0.042043258841149511 -0.021265245988323359 0.0038489596858472296 -0.13866218563914298 -0.042242699088100563 0.018896339028435467 -0.052899578556418414 -0.011633138886499009 0.065101662587777193 0.0090710604855484857 -0.0049639261125393082 0.0036715045323286372 -0.066904914125122811 -0.0048070013086613812 0.0020566603836749777 -0.22886201356386029 -0.079665434895316134 0.081670607793696073 -0.013593894943023306 0.0059233267413063805 -0.082275447620107148 -0.0095809342214531867 0.0047084206424669994
leaf_weight=161 504309 763 974 155 82 1335 144 80 209 226 50 87 1001 50 1041 74 11168 16080 20904 88 838 6528 86 100 98 3120 187 165 134 16080
leaf_count=161 504309 763 974 155 82 1335 144 80 209 226 50 87 1001 50 1041 74 11168 16080 20904 88 838 6528 86 100 98 3120 187 165 134 16080
internal_value=6.51524e-13 0.00545535 0.014251 -0.00334031 -0.0371513 0.0081579 -0.00254121 -0.000576747 -0.0165941 -0.0247951 -0.0435048 -0.0774323 0.00392273 0.0154807 -0.0056422 0.0215917 -6.05099e-05 0.00191433 -8.30305e-05 0.00847708 -0.000239701 -0.00590014 -0.0232742 -0.0711555 -0.00881283 -0.00300446 -0.0238985 -0.0166118 -0.0496966 -0.000117266
internal_weight=586317 6432 3216 3216 243 2453 1118 2973 652 572 346 137 2321 1051 1270 229 579885 48240 36984 11256 531645 11256 1608 373 1235 9648 287 1137 299 520389
internal_count=586317 6432 3216 3216 243 2453 1118 2973 652 572 346 137 2321 1051 1270 229 579885 48240 36984 11256 531645 11256 1608 373 1235 9648 287 1137 299 520389
is_linear=0
shrinkage=0.05


Tree=150
num_leaves=31
num_cat=0
split_feature=7 3 10 3 10 1 1 3 1 10 3 10 10 11 9 11 1 12 1 7 1 12 9 11 12 10 10 7 5 8
split_gain=74.0326 104.702 119.729 111.957 207.442 214.274 129.107 92.7008 169.242 83.669 79.2573 193.846 239.481 224.659 182.178 259.505 215.103 210.635 146.602 268.964 221.872 167.133 161.855 167.242 148.252 200.745 332.29 142.647 138.488 136.589
threshold=43.405693054199226 40.744228363037116 0.50495636463165294 42.42724800109864 0.53436762094497692 42.090299606323249 41.521457672119148 42.42724800109864 42.090299606323249 0.7440970540046693 30.056553840637211 0.63209757208824169 0.59125596284866344 -0.74979865550994862 28.962584495544437 0.78827583789825451 31.705049514770511 18.750000000000004 29.060233116149906 25.500941276550297 30.868142127990726 13.750000000000002 32.560945510864265 0.99164059758186351 19.250000000000004 0.47494667768478399 0.49002411961555487 26.670184135437015 32.593608856201179 16.968507766723636
decision_type=2 2 2 2 2 2 2 2 2 2 2 2 2 2 2 2 2 2 2 2 2 2 2 2 2 2 2 2 2 2
left_child=10 -2 7 -4 5 -5 -6 -3 -9 -8 11 12 18 -13 15 -14 -16 -17 24 20 -20 -21 23 28 25 -1 -27 -15 29 -23
right_child=1 2 3 4 6 -7 9 8 -10 -11 -12 13 14 27 16 17 -18 -19 19 21 -22 22 -24 -25 -26 26 -28 -29 -30 -31
leaf_value=9.5938219415271029e-05 -0.043641586157820794 0.0086416245098267352 0.037014779766419328 -0.13683539598303682 0.078994697051458673 -0.012106578951736667 0.0146215001574687 0.13018869217485191 0.022262789774686098 -0.0095853504364821988 -0.00035685968730082986 0.083124893827533186 -0.0048898818613396901 0.055494324789622324 0.003800765851417566 -0.040788220328145795 -0.086929759996919306 -0.17088825310979572 -0.01262750918440482 -0.0022779988290373373 -0.077941441266651618 0.0068290140916061467 -0.005990629087943883 -0.0036241821502931686 -0.0054114779396851323 0.071173303854774758 0.00071338829767761045 0.0080570887247681713 0.03801113251668118 -0.0034444343580765585
leaf_weight=56701 91 112 266 51 61 106 877 64 84 602 447637 110 99 167 402 56 78 70 600 11908 166 36503 3525 4866 13402 265 454 3105 339 3550
leaf_count=56701 91 112 266 51 61 106 877 64 84 602 447637 110 99 167 402 56 78 70 600 11908 166 36503 3525 4866 13402 265 454 3105 339 3550
internal_value=-3.13722e-13 0.00892567 0.0110775 0.0068545 0.00212696 -0.0526236 0.00770867 0.0429616 0.0689335 0.00476854 -3.53663e-05 0.00101997 0.000719342 0.0128411 -0.0283447 -0.0654685 -0.0109429 -0.113066 0.000874244 0.00266111 -0.0267817 0.00303272 0.00432908 0.00513284 -0.000676344 0.000428851 0.0266826 0.0104782 0.0061878 0.00591845
internal_weight=586317 2314 2223 1963 1697 157 1540 260 148 1479 584003 136366 132984 3382 705 225 480 126 132279 61457 766 60691 48783 45258 70822 57420 719 3272 40392 40053
internal_count=586317 2314 2223 1963 1697 157 1540 260 148 1479 584003 136366 132984 3382 705 225 480 126 132279 61457 766 60691 48783 45258 70822 57420 719 3272 40392 40053
is_linear=0
shrinkage=0.05


Tree=151
num_leaves=31
num_cat=0
split_feature=0 9 10 10 9 13 2 11 10 7 10 10 10 11 5 3 5 10 11 9 11 1 11 7 10 11 10 10 9 9
split_gain=73.9575 94.6191 91.6968 99.0104 87.4474 86.303 139.738 216.656 268.771 246.474 278.428 143.103 158.046 131.855 571.504 215.698 411.71 276.308 214.364 431.439 263.473 222.945 180.785 179.583 171.649 167.684 161.672 155.631 564.581 152.433
threshold=57.193332672119148 29.425127029418949 -0.9976210594177245 -0.49002411961555475 34.616676330566413 80.750000000000014 12.75683116912842 -0.27608674764633173 -0.08167563751339911 31.125636100769047 -0.09881922602653502 -0.67760851979255665 -0.71466678380966175 -0.97502842545509327 33.784095764160163 36.647703170776374 37.437913894653327 0.20088869333267215 -0.49749487638473505 28.512351989746097 -0.42108526825904841 27.643974304199222 -0.99049577116966236 28.686491012573246 -0.82391539216041554 -0.99981480836868275 0.89391031861305248 0.88606244325637828 35.828414916992195 29.780797958374027
decision_type=2 2 2 2 2 2 2 2 2 2 2 2 2 2 2 2 2 2 2 2 2 2 2 2 2 2 2 2 2 2
left_child=5 -2 -3 4 -4 6 -1 8 9 10 -8 12 -9 14 29 22 -17 -18 19 21 26 -15 25 -23 -21 -16 27 -20 -29 -7
right_child=1 2 3 -5 -6 13 7 11 -10 -11 -12 -13 -14 18 15 16 17 -19 20 24 -22 23 -24 -25 -26 -27 -28 28 -30 -31
leaf_value=0.00049322924030479243 0.021031914104409542 0.045922705392383606 -0.0063363734618433866 0.011275034152416701 -0.070197471530575845 0.018758530313893809 -0.0031695758205064271 0.00073896754858956797 0.0018074740635374389 -0.018410364201215758 -0.12045774735218169 0.014036087175921792 -0.046535958661967941 0.030035671665766112 0.016712806972355901 -0.13508438292805477 -0.061345676161046775 0.047560766080723092 -0.016809461281158452 0.020393179726871727 -0.0015461798335898466 -0.03741895661045621 -0.001027782148516784 -0.0060279945162898816 0.0033632633242557178 -0.041201990692570689 0.0060841382094554662 -0.2064164535672057 -0.025784163704272691 -0.0028779738395213711
leaf_weight=432653 920 115 1254 1101 56 958 6440 7604 6629 5596 51 2218 181 207 143 131 185 85 2338 1562 77864 1118 662 769 28062 992 670 51 285 5417
leaf_count=432653 920 115 1254 1101 56 958 6440 7604 6629 5596 51 2218 181 207 143 131 185 85 2338 1562 77864 1118 662 769 28062 992 670 51 285 5417
internal_value=-2.06273e-12 0.00730337 0.00230327 0.000222705 -0.00906631 -4.31784e-05 0.000269039 -0.00310839 -0.00628329 -0.0107206 -0.00409111 0.00283196 -0.000360167 -0.00122877 -0.00720687 -0.0291925 -0.06235 -0.0270603 -0.000774933 0.00271081 -0.00213639 -0.0192228 -0.0217935 -0.0246263 0.00426121 -0.0339052 -0.0158791 -0.0213823 -0.0532016 0.000373441
internal_weight=586317 3446 2526 2411 1310 582871 461372 28719 18716 12087 6491 10003 7785 121499 8573 2198 401 270 112926 31718 81208 2094 1797 1887 29624 1135 3344 2674 336 6375
internal_count=586317 3446 2526 2411 1310 582871 461372 28719 18716 12087 6491 10003 7785 121499 8573 2198 401 270 112926 31718 81208 2094 1797 1887 29624 1135 3344 2674 336 6375
is_linear=0
shrinkage=0.05


Tree=152
num_leaves=31
num_cat=0
split_feature=1 10 3 1 12 10 10 5 10 10 10 10 7 10 10 10 9 7 10 1 11 11 10 7 9 1 9 11 10 10
split_gain=70.3567 111.1 72.9722 172.599 150.922 164.847 166.773 126.469 251.37 153.921 247.717 136.081 296.098 132.298 142.398 136.563 126.56 118.511 118.312 204.264 190.14 301.168 242.322 279.281 242.246 238.174 164.074 302.846 243.515 216.408
threshold=43.429134368896491 0.42888796329498297 29.048268318176273 28.172412872314457 18.750000000000004 0.47494667768478399 0.49002411961555487 27.660520553588871 -0.50495636463165272 -0.55601230263710011 -0.58429276943206776 -0.42109696567058558 29.697713851928714 0.53436762094497692 0.6186656951904298 0.47494667768478399 32.002019882202156 32.126644134521491 0.15005400776863101 31.458621978759769 -0.88603779673576344 -0.86955720186233509 -0.25118774175643915 33.738109588623054 29.249510765075687 30.617567062377933 32.391881942749031 -0.73829901218414296 -0.61188074946403492 -0.7721494436264037
decision_type=2 2 2 2 2 2 2 2 2 2 2 2 2 2 2 2 2 2 2 2 2 2 2 2 2 2 2 2 2 2
left_child=2 -2 3 4 5 -1 -7 13 9 10 16 12 -10 15 -15 -6 -9 -13 20 -20 22 25 23 24 -5 -22 -23 28 -28 -29
right_child=1 -3 -4 18 7 6 -8 8 11 -11 -12 17 -14 14 -16 -17 -18 -19 19 -21 21 26 -24 -25 -26 -27 27 29 -30 -31
leaf_value=0.00039775497252693382 -0.0583025672659278 0.010660873566778764 -0.0002543655148662327 0.0084121120178457295 -0.0007173855451375774 0.07629468739166749 0.010854773701047704 0.010803841494222442 -0.01668990411003447 0.039950938902737536 -0.10730116184589998 -0.016427961717227421 -0.1173015198104571 -0.10106054573361554 -0.0040799635548101759 0.046081332192758589 -0.034568961473237521 0.061101773858070377 0.010782430342507922 -0.046534890673304879 -0.028827614278182031 0.0022100588015747163 0.00041434222473043933 -0.077591971264166004 0.039953117603691218 -0.14759565653814935 -0.10532644377737646 -0.015066013164969137 -0.0069971736701619301 0.042266881928833967
leaf_weight=26647 60 2191 505480 1148 4907 139 325 933 231 274 53 3473 107 67 87 161 184 50 6940 159 271 27180 2521 68 1296 50 151 852 108 204
leaf_count=26647 60 2191 505480 1148 4907 139 325 933 231 274 53 3473 107 67 87 161 184 50 6940 159 271 27180 2521 68 1296 50 151 852 108 204
internal_value=-1.59373e-12 0.00882267 -3.40027e-05 0.00138341 -0.00106069 0.00091224 0.0304585 -0.00614174 -0.0115791 0.00621807 -0.00168177 -0.0182351 -0.0485403 -0.000617987 -0.0462728 0.000769314 0.00332972 -0.0153276 0.00362995 0.00949866 0.00239913 0.000832994 0.0113659 0.0223567 0.0251376 -0.0473273 0.00137553 -0.0158736 -0.0643243 -0.00399034
internal_weight=586317 2251 584066 78586 37638 27111 464 10527 5305 1444 1170 3861 338 5222 154 5068 1117 3523 40948 7099 33849 28816 5033 2512 2444 321 28495 1315 259 1056
internal_count=586317 2251 584066 78586 37638 27111 464 10527 5305 1444 1170 3861 338 5222 154 5068 1117 3523 40948 7099 33849 28816 5033 2512 2444 321 28495 1315 259 1056
is_linear=0
shrinkage=0.05


Tree=153
num_leaves=31
num_cat=0
split_feature=12 13 11 5 11 5 1 11 5 12 7 10 0 10 10 9 10 7 1 10 7 3 5 2 5 12 10 3 10 10
split_gain=71.6826 228.47 175.479 126.651 118.068 202.533 516.9 137.338 757.147 612.166 580.355 500.262 169.855 252.051 481.429 310.356 486.491 219.018 208.897 204.901 255.897 214.131 262.852 195.503 185.757 168.187 164.156 151.316 237.026 289.224
threshold=13.750000000000002 79.250000000000014 -0.80389818549156178 38.709918975830085 -0.99981480836868275 34.742454528808601 33.394697189331062 -0.99049577116966236 33.784095764160163 17.250000000000004 32.258707046508796 -0.11593352630734442 1.0000000180025095e-35 0.047320950776338584 0.081675637513399138 33.637870788574226 -0.08167563751339911 34.809295654296882 33.394697189331062 -0.08167563751339911 31.585505485534672 31.205626487731937 30.649332046508793 5.7248692512512216 31.144608497619632 16.250000000000004 -0.04732095077633857 33.398675918579109 -0.09881922602653502 -0.064507851377129541
decision_type=2 2 2 2 2 2 2 2 2 2 2 2 2 2 2 2 2 2 2 2 2 2 2 2 2 2 2 2 2 2
left_child=1 -1 -3 -4 5 -2 -7 8 11 -10 26 -6 -13 15 17 19 -17 25 -16 21 24 22 -14 -24 -21 -15 -11 -12 -29 -30
right_child=4 2 3 -5 7 6 -8 -9 9 10 27 12 13 14 18 16 -18 -19 -20 20 -22 -23 23 -25 -26 -27 -28 28 29 -31
leaf_value=-0.0023361596236510496 0.0040289057012611283 0.013880690282639005 0.0024337779355876671 -0.021238054001192816 -0.029673646811658894 0.13732665272535019 0.013335061375158691 0.00036034701233935139 -0.0027480605804629161 0.12695446266624771 -0.0222863216104714 -0.0021719478751440107 -0.013961930056539769 0.0065119550553208692 -0.011205260773619935 0.064795739529274254 0.0024668133122813726 -0.049623344673050775 0.032993726541807177 0.0060298405085956802 -0.013287423912687883 0.0081539109523873776 -0.022254889400153719 -0.1100466527518901 0.04379924433684329 0.06225072278366435 0.01835316288514734 0.027240111538692591 -0.12508557751151342 -0.045214288702591088
leaf_weight=81676 2160 3552 13360 590 1057 106 406 465763 3233 61 976 3881 458 160 836 490 867 54 393 986 1111 412 103 165 486 878 81 104 121 1791
leaf_count=81676 2160 3552 13360 590 1057 106 406 465763 3233 61 976 3881 458 160 836 490 867 54 393 986 1111 412 103 165 486 878 81 104 121 1791
internal_value=-3.26948e-12 -0.00122526 0.00395892 0.0014326 0.000249455 0.0107309 0.0390052 0.000191646 -0.00400932 -0.0180126 -0.0337593 0.00321764 0.00629974 0.0107434 0.0243935 0.00450434 0.0249732 0.0485516 0.00292835 -0.00296038 0.00482754 -0.0206372 -0.0369759 -0.0763058 0.0184999 0.053659 0.0650058 -0.0384467 -0.0462704 -0.0502689
internal_weight=586317 99178 17502 13950 487139 2672 512 484467 18704 6367 3134 12337 11280 7399 2321 5078 1357 1092 1229 3721 2583 1138 726 268 1472 1038 142 2992 2016 1912
internal_count=586317 99178 17502 13950 487139 2672 512 484467 18704 6367 3134 12337 11280 7399 2321 5078 1357 1092 1229 3721 2583 1138 726 268 1472 1038 142 2992 2016 1912
is_linear=0
shrinkage=0.05


Tree=154
num_leaves=31
num_cat=0
split_feature=10 11 11 9 10 10 10 7 10 5 10 11 1 7 5 9 9 1 12 7 5 10 10 9 1 9 10 7 12 4
split_gain=70.9462 228.227 245.641 182.681 144.477 141.239 312.963 167.302 166.124 159.56 134.902 210.409 164.764 515.259 500.942 432.619 312.064 243.186 172.123 153.939 139.869 137.022 136.082 134.559 131.141 377.052 163.922 163.486 173.664 130.454
threshold=0.96683886647224437 -0.14153505116701123 0.047319635748863227 42.095750808715827 0.99373739957809459 0.98521098494529735 0.97873103618621837 38.833320617675788 0.98211652040481578 39.081501007080085 0.94970905780792247 0.28434865176677709 35.913198471069343 34.553197860717781 35.079074859619148 35.073209762573249 35.828414916992195 36.905206680297859 18.250000000000004 35.593778610229499 38.959129333496101 0.91927745938301098 0.94130858778953563 38.816078186035163 37.174047470092781 38.476831436157234 0.92913278937339794 32.934041976928718 14.250000000000002 1.5740695595741274
decision_type=2 2 2 2 2 2 2 2 2 2 2 2 2 2 2 2 2 2 2 2 2 2 2 2 2 2 2 2 2 2
left_child=10 3 -3 5 29 6 -2 8 9 -8 21 20 14 18 -13 -16 17 -15 -14 -18 23 -1 24 -12 25 26 -23 -28 -29 -4
right_child=1 2 4 -5 -6 -7 7 -9 -10 -11 11 12 13 16 15 -17 19 -19 -20 -21 -22 22 -24 -25 -26 -27 27 28 -30 -31
leaf_value=-0.00019203979122275425 0.013224070281958386 -0.0043164521984833384 -0.00076178520750136436 -0.063687252325259833 0.0099595790592690234 0.017483869567531583 -0.022016001918016465 0.012710885342329975 -0.00067981565381328992 -0.095147615605965255 0.00038731448232145874 -0.0063500234732570895 -0.046633639875447976 0.014592334952828662 -0.095346435063248997 -0.017219285594744057 -0.095578504616723348 0.096357306768353898 -0.17595960655435922 -0.0056062280525587573 -0.012348754030796478 -0.0022855935850579941 -0.0025305271498266974 0.027540845256326836 0.014757335542448416 -0.054153371259447317 -0.013158598832311994 -0.001322403627932239 0.024758304256166687 0.017207051085433172
leaf_weight=510741 4743 17688 11759 88 6432 3213 1102 807 1223 80 5442 1247 53 263 380 332 51 139 50 701 2100 3323 4824 498 4013 273 511 892 2244 1105
leaf_count=510741 4743 17688 11759 88 6432 3213 1102 807 1223 80 5442 1247 53 263 380 332 51 139 50 701 2100 3323 4824 498 4013 273 511 892 2244 1105
internal_value=4.49632e-12 0.00183691 -6.03892e-05 0.00807088 0.003841 0.00863631 0.0050628 -0.00698853 -0.0135987 -0.0269657 -0.000164683 -0.00558092 -0.0163898 -0.0022614 -0.0254553 -0.0589164 0.00730241 0.0428643 -0.109413 -0.0117081 -0.00125737 -4.89608e-05 0.00449559 0.00266382 0.00750678 0.00348959 0.00574734 0.0130666 0.0173399 0.000781713
internal_weight=586317 48240 36984 11256 19296 11168 7955 3212 2405 1182 538077 11256 3216 1257 1959 712 1154 402 103 752 8040 526821 16080 5940 11256 7243 6970 3647 3136 12864
internal_count=586317 48240 36984 11256 19296 11168 7955 3212 2405 1182 538077 11256 3216 1257 1959 712 1154 402 103 752 8040 526821 16080 5940 11256 7243 6970 3647 3136 12864
is_linear=0
shrinkage=0.05


Tree=155
num_leaves=31
num_cat=0
split_feature=10 11 9 9 1 7 9 10 10 0 11 11 7 1 10 10 1 12 4 7 6 5 1 10 7 7 5 1 12 3
split_gain=69.7857 179.824 138.594 108.437 278.781 84.8874 107.241 77.7146 456.052 316.292 296.862 254.999 454.518 408.78 243.851 292.113 258.824 626.781 235.63 392.421 232.3 221.841 1152.83 522.251 274.003 219.484 216.399 335.604 284.608 271.311
threshold=-0.99939814209938038 1.0000000180025095e-35 29.780797958374027 28.239863395690922 31.300760269165043 31.90236854553223 32.131294250488288 -0.23448921740055081 -0.3334656953811645 11.428382873535158 -0.87792757153511036 -0.86955720186233509 29.374021530151371 31.271186828613285 -0.39753912389278406 -0.3657191395759582 33.441390991210945 17.750000000000004 0.22160582244396212 31.90236854553223 6.1198911666870126 30.193783760070804 28.635541915893558 -0.42888796329498285 31.999979019165043 31.34055328369141 31.359388351440433 29.331702232360843 14.750000000000002 33.637145996093757
decision_type=2 2 2 2 2 2 2 2 2 2 2 2 2 2 2 2 2 2 2 2 2 2 2 2 2 2 2 2 2 2
left_child=1 3 -3 4 -1 6 -4 8 10 -10 14 12 13 -12 21 16 26 18 -18 -20 -14 23 24 -2 -23 -25 27 28 -16 -28
right_child=7 2 5 -5 -6 -7 -8 -9 9 -11 11 -13 20 -15 15 -17 17 -19 19 -21 -22 22 -24 25 -26 -27 29 -29 -30 -31
leaf_value=0.0029252627454586008 0.0064104989995142601 0.032150790804623582 0.0035411833977308585 -0.00055595244178166276 -0.11033699706469367 0.016262659070127843 -0.042687426712816688 0.00043381688599973772 -0.010537431049802051 0.0087982407406097564 -0.043325977479948929 -0.00042845498338035381 0.0028670489200158045 -0.17720465986058118 -0.0083249818855559068 0.010221712851522008 0.01117871556806127 -0.151167576977948 0.022484376364284093 -0.12339385012338791 -0.055638371754695874 -0.021409178169874046 0.011413973282395917 0.041453300108962761 -0.14443748406222054 0.10428797939986539 0.028014495236612071 0.0015927581603862547 -0.075879053356245577 -0.058440895840668909
leaf_weight=161 1669 763 974 2973 82 1335 144 337077 16878 2418 274 207432 1060 72 298 3216 293 106 81 107 202 65 5051 943 149 163 712 1188 327 104
leaf_count=161 1669 763 974 2973 82 1335 144 337077 16878 2418 274 207432 1060 72 298 3216 293 106 81 107 202 65 5051 943 149 163 712 1188 327 104
internal_value=-9.19875e-13 0.00517946 0.0135397 -0.00318082 -0.0352949 0.00775082 -0.00241313 -5.74499e-05 -0.000739448 -0.00811446 -0.000102757 -0.00058221 -0.0204166 -0.0711851 0.00682268 -0.000433755 -0.0110892 -0.0411078 -0.0168535 -0.0605421 -0.00649753 0.0126278 0.00659814 0.0240679 -0.107069 0.0507137 -0.0043867 -0.0140105 -0.0436693 0.0169957
internal_weight=586317 6432 3216 3216 243 2453 1118 579885 242808 19296 223512 209040 1608 346 14472 6432 3216 587 481 188 1262 8040 5265 2775 214 1106 2629 1813 625 816
internal_count=586317 6432 3216 3216 243 2453 1118 579885 242808 19296 223512 209040 1608 346 14472 6432 3216 587 481 188 1262 8040 5265 2775 214 1106 2629 1813 625 816
is_linear=0
shrinkage=0.05


Tree=156
num_leaves=31
num_cat=0
split_feature=3 10 10 11 9 12 1 1 7 10 9 11 10 5 11 10 12 10 12 9 10 10 12 1 9 10 10 11 4 10
split_gain=69.4255 234.494 305.889 290.295 212.516 322.519 251.011 206.414 392.588 174.528 163.652 498.83 1279.36 377.021 208.601 537.716 252.344 193.74 271.814 242.329 189.212 276.19 259.296 156.331 155.203 377.889 241.016 154.696 233.582 193.522
threshold=30.64868259429932 0.63209757208824169 0.59125596284866344 -0.73829901218414296 29.425127029418949 17.250000000000004 32.184171676635749 30.993125915527347 26.670184135437015 -0.99273952841758717 32.099849700927741 0.80898702144622814 -0.55601230263710011 31.052776336669925 -0.27608674764633173 -0.92913278937339772 18.750000000000004 -0.09881922602653502 16.750000000000004 33.836826324462898 0.047320950776338584 0.42888796329498297 18.750000000000004 26.488616943359379 33.177276611328132 -0.064507851377129541 -0.08167563751339911 -0.98208922147750843 9.0176954269409197 -0.08167563751339911
decision_type=2 2 2 2 2 2 2 2 2 2 2 2 2 2 2 2 2 2 2 2 2 2 2 2 2 2 2 2 2 2
left_child=1 2 7 -3 5 -4 -6 10 -9 -10 27 14 13 -13 15 16 -12 18 -17 -20 -14 22 -22 -2 26 -26 -19 28 -1 -30
right_child=23 3 4 -5 6 -7 -8 8 9 -11 11 12 20 -15 -16 17 -18 24 19 -21 21 -23 -24 -25 25 -27 -28 -29 29 -31
leaf_value=-0.0020018845802857684 0.057429368317159071 0.065459902796379116 0.0057632894683462971 0.0086296111334601966 0.0019398240739752172 -0.091448747759152738 -0.081981514889048424 -0.038607834720097198 -0.010785244224025579 0.0089809272668684732 -0.08103173554402468 -0.24957118144741766 0.0093322076477772437 -0.087201761547476053 0.010318089436737152 0.012854538222691839 0.008270542581285378 -0.082280524405599631 -0.0095005965976586101 -0.045698187224870596 -0.045079379374541907 -0.0040447649216992943 -0.18536815321912953 -0.00037524406855857185 0.099698662531786955 0.011256647257026116 0.0068738297031605659 0.00086633011227281237 -0.039290886918026263 0.0011911462941065919
leaf_weight=4496 117 235 133 5131 622 238 104 477 1211 14351 341 81 377 64 2300 1147 103 91 2930 549 93 201 51 408570 145 723 454 139651 889 442
leaf_count=4496 117 235 133 5131 622 238 104 477 1211 14351 341 81 377 64 2300 1147 103 91 2930 549 93 201 51 408570 145 723 454 139651 889 442
internal_value=2.82238e-12 0.000825279 0.000504648 0.0111185 -0.0258138 -0.0565991 -0.010082 0.000673321 0.00607322 0.00744277 0.000115015 -0.0061905 -0.0423727 -0.177905 -0.00261883 -0.00720851 -0.0603152 -0.003304 -0.00825354 -0.0152127 -0.0151536 -0.0419106 -0.094765 -0.000358696 0.0129002 0.0260309 -0.00801249 0.000533278 -0.0074487 -0.0258476
internal_weight=586317 177630 172264 5366 1097 371 726 171167 16039 15562 155128 9650 867 145 8783 6483 444 6039 4626 3479 722 345 144 408687 1413 868 545 145478 5827 1331
internal_count=586317 177630 172264 5366 1097 371 726 171167 16039 15562 155128 9650 867 145 8783 6483 444 6039 4626 3479 722 345 144 408687 1413 868 545 145478 5827 1331
is_linear=0
shrinkage=0.05


Tree=157
num_leaves=31
num_cat=0
split_feature=11 11 9 9 10 1 13 11 12 12 3 11 11 1 7 11 10 7 10 10 1 10 7 5 3 13 10 7 11 11
split_gain=68.7325 118.152 135.861 85.9807 94.0116 88.2673 82.0717 229.956 154.849 134.91 132.063 112.377 258.574 243.845 208.252 206.799 189.855 310.514 212.101 302.803 223.405 246.647 180.476 188.222 175.537 254.185 188.068 184.969 280.271 282.869
threshold=0.9969642460346223 0.99962961673736583 25.493625640869144 31.939566612243656 0.047320950776338584 31.896770477294925 76.750000000000014 -0.07309242337942122 17.250000000000004 12.750000000000002 27.436041831970218 0.42887605726718908 0.4597157090902329 27.01949501037598 35.744476318359382 0.78827583789825451 0.7440970540046693 30.438085556030277 0.78829774260520946 0.82876241207122814 31.115842819213871 0.7666517198085786 26.223810195922855 27.763551712036136 31.205626487731937 83.750000000000014 -0.030120026320219036 30.815472602844242 -0.99271196126937855 -0.99937036633491505
decision_type=2 2 2 2 2 2 2 2 2 2 2 2 2 2 2 2 2 2 2 2 2 2 2 2 2 2 2 2 2 2
left_child=6 3 -3 5 -5 -2 7 8 -1 -9 -8 22 -13 15 16 -14 -15 -18 20 -20 21 -19 23 -12 25 26 -24 28 29 -26
right_child=1 2 -4 4 -6 -7 10 9 -10 -11 11 12 13 14 -16 -17 17 18 19 -21 -22 -23 24 -25 27 -27 -28 -29 -30 -31
leaf_value=-0.0058467957560195197 -0.0064036042586076876 -0.056681083077366683 0.0040241823147610534 -0.0061770876860618648 -0.041787641711722494 0.020831373052876506 0.0049373926243960354 -0.0060084411626791069 0.00013789818283825039 0.0020929752925206604 -0.040345492427973917 -0.011713191030821093 0.0098435788530839303 -0.00067805014124195902 -0.013440593608698717 -0.027739321302903231 0.032354101460131589 -0.045117965078202156 -0.011644808256941664 0.0055175213855224586 0.015994895287087481 0.025072988044150119 0.0017725061546648266 0.0023552457179851424 -0.01130887919322833 0.021600442577187469 0.011671501887389746 0.00060898183799390959 -0.0066473025198684798 0.038347299675674101
leaf_weight=30624 7993 94 4730 389 354 309 15216 5824 16704 43680 544 5338 491 126204 2945 1438 974 329 3934 7413 4221 202 51794 491 478 1834 5288 230292 15473 717
leaf_count=30624 7993 94 4730 389 354 309 15216 5824 16704 43680 544 5338 491 126204 2945 1438 974 329 3934 7413 4221 202 51794 491 478 1834 5288 230292 15473 717
internal_value=-3.05892e-12 -0.00347801 0.00284129 -0.00684829 -0.0231436 -0.00538992 8.42635e-05 -0.00124257 -0.00373455 0.00113987 0.000354398 0.000202932 -0.000901675 -0.000512127 -0.000279139 -0.0181731 -8.61024e-06 0.0049399 0.00328133 -0.000432651 0.0121497 -0.0184163 0.000755356 -0.0200884 0.000825886 0.00327821 0.00268954 0.000240846 -0.00484547 0.0184848
internal_weight=586317 13869 4824 9045 743 8302 572448 96832 47328 49504 475616 460400 153489 148151 146222 1929 143277 17073 16099 11347 4752 531 306911 1035 305876 58916 57082 246960 16668 1195
internal_count=586317 13869 4824 9045 743 8302 572448 96832 47328 49504 475616 460400 153489 148151 146222 1929 143277 17073 16099 11347 4752 531 306911 1035 305876 58916 57082 246960 16668 1195
is_linear=0
shrinkage=0.05


Tree=158
num_leaves=31
num_cat=0
split_feature=13 0 13 2 10 11 10 5 10 1 9 11 10 10 1 13 9 11 1 10 9 10 5 10 1 0 7 3 12 5
split_gain=72.3206 143.114 212.207 121.072 283.794 417.177 449.675 365.99 512.429 504.59 485.368 328.222 336.092 302.427 237.12 212.727 249.351 322.355 234.019 207.189 326.099 314.609 446.481 354.692 345.28 282.139 231.142 329.588 267.159 230.291
threshold=81.750000000000014 5.0105254650115976 83.250000000000014 0.18082440644502643 -0.021515898406505581 -0.66483077406883229 -0.63874351978301991 30.263042449951175 -0.69016700983047474 31.363744735717777 30.374980926513675 -0.63872575759887684 -0.32533907890319819 -0.72660079598426808 27.93261814117432 77.750000000000014 34.804851531982429 0.96457844972610485 32.661760330200202 -0.57728627324104298 32.195915222167976 -0.48250326514244074 27.17766094207764 -0.39753912389278406 28.692169189453129 2.0219435691833501 31.80521392822266 31.085556983947757 15.250000000000002 32.811426162719734
decision_type=2 2 2 2 2 2 2 2 2 2 2 2 2 2 2 2 2 2 2 2 2 2 2 2 2 2 2 2 2 2
left_child=3 -2 -3 -1 5 6 7 8 13 14 -10 -7 -13 -5 -9 -6 17 18 -17 20 26 22 24 -23 -21 -24 27 28 -8 -22
right_child=1 2 -4 4 15 11 19 9 10 -11 -12 12 -14 -15 -16 16 -18 -19 -20 21 29 23 25 -25 -26 -27 -28 -29 -30 -31
leaf_value=0.00069829626948947744 -0.0023397175840476235 -0.001320071786504239 0.011487982649519472 -0.038342849113341002 -0.0017488511209110703 0.022058693303274229 -0.003751493253160456 -0.018177696232633739 -0.029080751363401006 -0.024412705338448523 -0.095169990485749728 -0.0010502734778272593 0.024563762803735331 0.00042559661804575057 0.026381894979035606 0.027114803951920792 0.0018892432519037822 -0.016371317569114561 0.0086292555635366901 -0.02523115207001141 -0.039443105090810636 0.010733578790816004 0.00032659160830510631 -0.0056140290442531536 -0.10799432824958455 -0.023801103997485071 0.066320134772849357 -0.02383722642178035 0.040322668064339283 0.011780842819722782
leaf_weight=366745 67494 9193 4989 862 17046 1666 536 408 645 1857 488 55387 1311 1208 1113 2934 15327 844 4111 295 505 3967 2447 20283 220 2400 228 461 959 388
leaf_count=366745 67494 9193 4989 862 17046 1666 536 408 645 1857 488 55387 1311 1208 1113 2934 15327 844 4111 295 505 3967 2447 20283 220 2400 228 461 959 388
internal_value=-1.24455e-12 -0.00138032 0.0031856 0.000223404 -0.00103961 -0.00249622 -0.0064807 -0.0184053 -0.0305143 -0.00692358 -0.0575464 0.000184727 -0.000458013 -0.0157186 0.014429 0.00249262 0.00560685 0.0128295 0.0163279 -0.00408002 0.00826872 -0.00536319 -0.0163233 -0.00293976 -0.0605863 -0.0116203 0.018677 0.0131236 0.0245208 -0.0171868
internal_weight=586317 81676 14182 504641 137896 97634 39270 6581 3203 3378 1133 58364 56698 2070 1521 40262 23216 7889 7045 32689 3077 29612 5362 24250 515 4847 2184 1956 1495 893
internal_count=586317 81676 14182 504641 137896 97634 39270 6581 3203 3378 1133 58364 56698 2070 1521 40262 23216 7889 7045 32689 3077 29612 5362 24250 515 4847 2184 1956 1495 893
is_linear=0
shrinkage=0.05


Tree=159
num_leaves=31
num_cat=0
split_feature=3 1 12 10 10 11 11 10 7 1 9 10 1 1 5 9 11 10 11 5 7 11 10 10 1 10 12 11 10 11
split_gain=73.5892 159.003 130.812 119.901 214.541 111.636 321.649 238.39 241.846 211.123 187.955 128.866 182.86 117.983 113.143 110.806 194.409 231.934 110.863 257.086 166.577 116.657 108.687 105.584 107.169 103.224 162.562 103.912 94.2449 92.0456
threshold=28.796261787414554 28.172412872314457 19.250000000000004 0.47494667768478399 0.49002411961555487 -0.88603779673576344 -0.86955720186233509 -0.25118774175643915 33.789379119873054 30.300356864929203 29.249510765075687 0.15005400776863101 31.23999118804932 31.054188728332523 30.802190780639652 32.391881942749031 -0.74979865550994862 -0.61188074946403492 -0.14153505116701123 25.516271591186527 32.493694305419929 -0.09024826809763907 -0.98801350593566883 1.0000000180025095e-35 29.416313171386722 -0.7721494436264037 18.750000000000004 -0.67758968472480763 0.63209757208824169 -0.27608674764633173
decision_type=2 2 2 2 2 2 2 2 2 2 2 2 2 2 2 2 2 2 2 2 2 2 2 2 2 2 2 2 2 2
left_child=1 2 3 -1 -5 7 9 8 10 -7 -3 15 -13 14 -9 18 17 -17 19 -8 21 -20 -21 24 -16 26 29 -27 -14 -18
right_child=-2 5 -4 4 -6 6 11 13 -10 -11 -12 12 28 -15 23 16 25 -19 20 22 -22 -23 -24 -25 -26 27 -28 -29 -30 -31
leaf_value=0.00036831978152212109 -0.00020149332644496949 0.010304506012994145 -0.0066728038317136439 0.071660911976500902 0.0032992766948666333 -0.03041860758127379 -0.055610536664626953 0.0010807731433425788 -0.083027857312789333 -0.1447405508570373 0.040268760662974343 0.012678831151885547 -0.075409769823590489 0.042309442496360455 -0.020123264545744118 -0.11880113089436227 -0.050696059455182046 0.0023667949212478924 -0.039277077299794849 0.054902259367659238 -0.085028017151757687 0.0011149656552641449 0.0090079145350259182 0.0044050721792367907 -0.11754330414636383 -0.024422150175087157 0.025916102929918951 0.051277370372896681 0.008463100449375387 -0.0039204081204360841
leaf_weight=28175 519145 991 7316 165 377 210 153 2039 52 50 1109 4602 91 158 55 89 255 71 181 132 57 14414 5681 82 58 68 173 136 53 179
leaf_count=28175 519145 991 7316 165 377 210 153 2039 52 50 1109 4602 91 158 55 89 255 71 181 132 57 14414 5681 82 58 68 173 136 53 179
internal_value=-6.76582e-13 0.00155726 -0.000704159 0.000816425 0.0241105 0.0041741 0.00293662 0.0114168 0.0234909 -0.0524036 0.0261285 0.00348298 0.0109427 0.000554144 -0.00239901 0.00184307 -0.0146632 -0.0650329 0.00262043 0.00836618 0.000280874 0.000614043 0.0100501 -0.038785 -0.0701265 -0.00472595 -0.0150672 0.0260442 -0.0445399 -0.0314038
internal_weight=586317 67172 36033 28717 542 31139 26595 4544 2152 260 2100 26335 4746 2392 2234 21589 971 160 20618 5966 14652 14595 5813 195 113 811 607 204 144 434
internal_count=586317 67172 36033 28717 542 31139 26595 4544 2152 260 2100 26335 4746 2392 2234 21589 971 160 20618 5966 14652 14595 5813 195 113 811 607 204 144 434
is_linear=0
shrinkage=0.05


Tree=160
num_leaves=31
num_cat=0
split_feature=3 12 7 11 12 10 13 10 10 10 7 12 11 5 10 11 11 1 11 11 11 1 6 11 11 0 11 10 10 7
split_gain=68.1723 120.09 118.685 200.694 102.73 158.594 112.798 200.771 146.981 131.324 152.504 134.199 134.927 163.631 159.545 124.594 121.74 114.802 229.923 109.815 147.853 107.962 106.461 150.63 181.431 144.466 119.747 135.451 126.907 126.321
threshold=28.315699577331547 12.750000000000002 33.642652511596687 -0.85204595327377308 18.750000000000004 -0.76109719276428212 78.750000000000014 -0.27609442174434656 -0.26781183481216425 1.0000000180025095e-35 30.596981048583988 15.250000000000002 -0.98518359661102284 27.547017097473148 -0.23448921740055081 -0.99759334325790394 -0.88603779673576344 29.953510284423832 -0.71464690566062916 -0.98208922147750843 -0.51235243678092945 28.376592636108402 4.0296297073364267 -0.70250144600868214 -0.67758968472480763 24.031633377075199 -0.76107609272003163 -0.18399664759635923 -0.21772121638059613 27.544954299926761
decision_type=2 2 2 2 2 2 2 2 2 2 2 2 2 2 2 2 2 2 2 2 2 2 2 2 2 2 2 2 2 2
left_child=1 -1 4 -4 6 -6 9 16 -9 10 11 -3 13 -13 -14 -11 -8 -18 -19 -10 21 -21 23 25 -25 -7 27 28 -24 -30
right_child=-2 2 3 -5 5 22 7 8 19 15 -12 12 14 -15 -16 -17 17 18 -20 20 -22 -23 26 24 -26 -27 -28 -29 29 -31
leaf_value=-0.0034704426867902005 -0.00016257776492197758 -0.00038495328991494074 -0.096701590549200786 0.0077846821328556096 0.017789702809907878 0.0043979066094998872 0.040774689050295992 -0.070918200666304027 -0.027946916908360382 0.048855040906215307 -0.014329826661567201 -0.085677057598965087 0.00752504346234274 0.017794146763815268 0.034220066670352343 0.0097720374353073083 0.018290356290236145 -0.080024740056445207 0.0083468356214064336 0.082323126104271532 0.0028614427574758408 0.013554996204038617 -0.0016319833787712677 -0.070775515098679576 -0.0009507557756546532 0.046267174515041254 -0.026014861446786899 -0.032584108041191939 0.078806254102024617 -0.014887178526683288
leaf_weight=8884 537447 10262 80 108 1100 554 508 68 263 222 1459 79 3164 74 680 2504 2950 90 404 103 3354 128 1019 94 9036 328 892 304 104 55
leaf_count=8884 537447 10262 80 108 1100 554 508 68 263 222 1459 79 3164 74 680 2504 2950 90 404 103 3354 128 1019 94 9036 328 892 304 104 55
internal_value=-1.93298e-12 0.00178795 0.00295624 -0.0366776 0.00314347 -0.00040486 0.00496213 0.00997447 0.00195075 0.00282393 0.0010669 0.00264232 0.0104146 -0.0356322 0.0122474 0.0129549 0.0179251 0.0145547 -0.00775325 0.00323845 0.00552625 0.0442178 -0.00202072 0.000236531 -0.00166965 0.0199683 -0.0115403 -0.00282828 0.00485065 0.0463966
internal_weight=586317 48870 39986 188 39798 13486 26312 7868 3916 18444 15718 14259 3997 153 3844 2726 3952 3444 494 3848 3585 231 12386 10012 9130 882 2374 1482 1178 159
internal_count=586317 48870 39986 188 39798 13486 26312 7868 3916 18444 15718 14259 3997 153 3844 2726 3952 3444 494 3848 3585 231 12386 10012 9130 882 2374 1482 1178 159
is_linear=0
shrinkage=0.05


Tree=161
num_leaves=31
num_cat=0
split_feature=13 13 11 12 12 11 4 9 10 10 10 13 1 11 3 5 3 9 10 12 10 11 9 1 11 10 9 7 10 10
split_gain=66.8518 132.7 247.718 229.39 183.73 176.223 192.336 170.191 208.052 164.764 148.054 145.38 168.957 132.313 489.501 333.276 222.902 301.309 387.311 354.861 226.564 218.994 352.944 323.93 306.91 212.154 190.255 169.688 162.49 153.146
threshold=80.250000000000014 77.750000000000014 -0.07309242337942122 13.250000000000002 18.250000000000004 -0.14153505116701123 15.876932621002199 30.243875503540043 0.67125374078750621 0.84293374419212352 0.6186656951904298 76.750000000000014 30.062276840209964 -0.97502842545509327 36.995281219482429 38.14697456359864 33.131374359130866 31.254272460937504 -0.09881922602653502 17.250000000000004 0.20088869333267215 -0.49749487638473505 28.308662414550785 27.643974304199222 -0.42108526825904841 0.20088869333267215 38.371608734130866 30.275289535522464 0.89391031861305248 -0.83354803919792164
decision_type=2 2 2 2 2 2 2 2 2 2 2 2 2 2 2 2 2 2 2 2 2 2 2 2 2 2 2 2 2 2
left_child=1 2 4 -4 5 6 7 8 10 -9 11 -1 -13 14 16 26 20 -18 -19 -20 -2 22 23 -15 28 -17 -16 -25 -23 -24
right_child=13 -3 3 -5 -6 -7 -8 9 -10 -11 -12 12 -14 21 15 25 17 18 19 -21 -22 24 29 27 -26 -27 -28 -29 -30 -31
leaf_value=-0.002001092655229731 -8.2678871202980861e-05 0.0010927582985338408 -0.0040435227329454222 0.0021251507496934329 0.0014702231079119197 -0.01496095033358906 -0.013407547321783351 -0.0060253165904567262 -0.062430436870999986 0.0012584155634881916 0.060450819350025657 0.012207125262902999 -0.0026958318364501367 0.03019639778690127 -0.060202905634004211 -0.048347370365921127 0.01976322739814225 0.032990324093043456 0.013324000524481433 -0.037398040205513003 0.070106141834368571 -0.020375343321285072 0.019508596457655094 -0.027662991182822474 -0.0011921805722385033 0.051801192085258664 -0.15172706936695138 0.022890898173900096 0.0048184265293730287 0.0032404550482974673
leaf_weight=13285 6636 242111 18300 85400 22272 3328 4311 33020 128 10151 106 4977 3078 329 135 156 523 288 419 1948 117 3200 1510 1887 93050 80 98 182 800 34492
leaf_count=13285 6636 242111 18300 85400 22272 3328 4311 33020 128 10151 106 4977 3078 329 135 156 523 288 419 1948 117 3200 1510 1887 93050 80 98 182 800 34492
internal_value=-5.19947e-13 0.000307225 -0.000651587 0.00103656 -0.00250103 -0.00372296 -0.00318137 -0.00250046 0.00112586 -0.00431266 0.00150519 0.0012124 0.00651236 -0.00092782 -0.00636271 -0.0562788 -0.00400539 -0.0149249 -0.021758 -0.0284194 0.00113339 -0.000510523 0.00268564 -0.015888 -0.00177515 -0.0143987 -0.098698 -0.023216 -0.0153366 0.00392278
internal_weight=586317 440467 198356 103700 94656 72384 69056 64745 21574 43171 21446 21340 8055 145850 10400 469 9931 3178 2655 2367 6753 135450 38400 2398 97050 236 233 2069 4000 36002
internal_count=586317 440467 198356 103700 94656 72384 69056 64745 21574 43171 21446 21340 8055 145850 10400 469 9931 3178 2655 2367 6753 135450 38400 2398 97050 236 233 2069 4000 36002
is_linear=0
shrinkage=0.05


Tree=162
num_leaves=31
num_cat=0
split_feature=1 11 3 9 1 10 7 11 11 1 12 4 11 10 7 13 10 5 5 9 5 10 11 10 12 10 10 3 13 10
split_gain=65.2379 101.348 97.7116 105.934 125.301 121.384 104.929 186.438 104.912 99.3719 90.7743 90.1908 342.183 512.888 363.443 171.292 151.16 156.704 129.415 126.593 130.779 116.506 109.902 199.546 146.421 156.608 175.55 125.176 105.525 105.247
threshold=24.853873252868656 0.88201534748077404 28.315699577331547 26.480161666870121 30.300356864929203 0.30081701278686529 33.642652511596687 -0.85204595327377308 0.99903711676597606 31.363744735717777 12.750000000000002 12.957699775695803 -0.66483077406883229 -0.45972847938537592 27.168518066406254 79.250000000000014 -0.39753912389278406 27.854860305786136 27.428091049194339 25.9338493347168 27.308004379272464 -0.63874351978301991 -0.98798605799674977 -0.11593352630734442 16.250000000000004 0.60505047440528881 0.67125374078750621 33.261857986450202 78.750000000000014 -0.41327477991580958
decision_type=2 2 2 2 2 2 2 2 2 2 2 2 2 2 2 2 2 2 2 2 2 2 2 2 2 2 2 2 2 2
left_child=1 10 3 4 5 8 9 -8 -2 -5 -1 -4 13 14 -13 18 17 29 -16 20 -18 -17 23 -21 25 -24 28 -25 -27 -15
right_child=2 -3 11 6 -6 -7 7 -9 -10 -11 -12 12 -14 16 15 21 19 -19 -20 22 -22 -23 24 27 -26 26 -28 -29 -30 -31
leaf_value=-0.015628899322179961 -0.0029217345294283567 -0.019288758839686931 1.1081739322177934e-05 0.0031637695495924088 -0.051651112094199418 0.022549886189608924 -0.091943097882904112 0.0083734993206929769 -0.032248370104772328 0.032194112550141138 0.012188220024047937 -0.066053524640175817 0.0021216484860549991 0.031659500437256481 -0.091566050073080177 -0.023675222364289844 -0.10798150827176869 0.0069935177111398938 -0.029029589952108383 -0.042694198314524028 0.00092155636817801241 0.0018854286726134675 -0.018472449313580813 -0.00094604378902878039 0.0037118628661569255 0.018941252993441016 -0.02599216954463995 -0.021356962185023091 0.08549360702654904 0.11808202331716365
leaf_weight=476 5762 1110 503467 39450 133 446 80 110 322 297 764 469 17809 98 90 786 60 718 1024 442 51 1030 1774 2499 5391 263 190 1074 77 55
leaf_count=476 5762 1110 503467 39450 133 446 80 110 322 297 764 469 17809 98 90 786 60 718 1024 442 51 1030 1774 2499 5391 263 190 1074 77 55
internal_value=1.57961e-12 -0.00831408 3.34575e-05 0.00222976 -0.00360669 -0.00262814 0.0032035 -0.0338651 -0.00447387 0.00338069 0.00151004 -0.000157004 -0.00265333 -0.00793812 -0.0251877 -0.0186464 -0.00331856 0.0167836 -0.0340819 -0.00479974 -0.057945 -0.00917772 -0.00429597 -0.0110018 -0.000797067 -0.0113473 0.012502 -0.00708132 0.0340134 0.0627264
internal_weight=586317 2350 583967 46600 6663 6530 39937 190 6084 39747 1240 537367 33900 16091 3399 2930 12692 871 1114 11821 111 1816 11710 4015 7695 2304 530 3573 340 153
internal_count=586317 2350 583967 46600 6663 6530 39937 190 6084 39747 1240 537367 33900 16091 3399 2930 12692 871 1114 11821 111 1816 11710 4015 7695 2304 530 3573 340 153
is_linear=0
shrinkage=0.05


Tree=163
num_leaves=31
num_cat=0
split_feature=12 13 11 1 1 5 1 13 3 10 1 10 9 5 6 11 10 11 5 1 11 11 7 5 11 4 13 3 10 5
split_gain=63.3478 198.266 171.306 178.868 129.196 107.645 105.507 103.813 151.464 158.048 163.584 217.574 150.263 165.059 161.895 143.151 145.871 313.778 279.22 172.352 209.283 383.862 869.308 1076.39 293.743 225.642 215.934 199.06 294.36 198.693
threshold=13.750000000000002 79.250000000000014 -0.14153505116701123 33.129404067993171 30.062276840209964 38.36567687988282 38.588956832885749 80.250000000000014 29.801715850830082 0.25118774175643926 31.76831150054932 0.63209757208824169 32.099849700927741 32.735582351684577 0.040061768144369132 -0.99981480836868275 0.56314551830291759 -0.73829901218414296 34.611244201660163 35.836038589477546 -0.90878397226333607 -0.89388549327850331 41.123804092407234 36.390266418457038 -0.97870382666587818 0.12899281084537509 77.750000000000014 34.377716064453132 0.45972847938537603 39.598205566406257
decision_type=2 2 2 2 2 2 2 2 2 2 2 2 2 2 2 2 2 2 2 2 2 2 2 2 2 2 2 2 2 2
left_child=1 5 3 -3 -4 -1 -5 8 9 12 -11 -12 13 -2 -14 -10 19 18 -18 -17 24 22 23 26 -21 -24 -22 28 -23 -26
right_child=7 2 4 6 -6 -7 -8 -9 15 10 11 -13 14 -15 -16 16 17 -19 -20 20 21 27 25 -25 29 -27 -28 -29 -30 -31
leaf_value=-0.0019791476407171426 0.0030586306777746633 0.031131715872409673 0.0095522464990026104 0.0091796350622279452 -0.0041031051850663044 -0.018062110766893267 -0.0074604270746108717 -0.00088204227260114943 0.015106798956803575 0.014189803892341122 -0.066064736624765738 0.03895810650258015 -0.017526390704070312 0.069386044984802289 0.0022126796737060284 -0.00018124303373704122 0.045033682999757893 0.00090939340610683608 0.008760559715989432 -0.015122596814413709 -0.033883892957237552 -0.13860992790348289 0.040602344892076439 -0.096234434194310894 -6.0947385333098448e-05 -0.044954353911802178 0.079678368155867596 -0.0054405981297935167 0.012151986611319981 0.019526320666776394
leaf_weight=80622 43674 825 2275 6011 7259 1054 1132 145850 1615 4350 144 75 1895 94 2299 165282 575 97347 6861 2301 64 69 336 653 4319 100 121 7205 61 1849
leaf_count=80622 43674 825 2275 6011 7259 1054 1132 145850 1615 4350 144 75 1895 94 2299 165282 575 97347 6861 2301 64 69 336 653 4319 100 121 7205 61 1849
internal_value=-1.92865e-12 -0.00115183 0.00367753 0.00908851 -0.00084467 -0.00218669 0.00654257 0.000234504 0.000711661 0.00318124 0.012067 -0.030098 0.00233475 0.00320108 -0.00670614 0.000262394 0.000178904 0.00166561 0.0115654 -0.000675347 -0.00545732 -0.0109471 -0.0362807 -0.0660723 0.000123254 0.0209792 0.040392 -0.00654701 -0.0678678 0.00581079
internal_weight=586317 99178 17502 7968 9534 81676 7143 487139 341289 52531 4569 219 47962 43768 4194 288758 287143 104783 7436 182360 17078 8609 1274 838 8469 436 185 7335 130 6168
internal_count=586317 99178 17502 7968 9534 81676 7143 487139 341289 52531 4569 219 47962 43768 4194 288758 287143 104783 7436 182360 17078 8609 1274 838 8469 436 185 7335 130 6168
is_linear=0
shrinkage=0.05


Tree=164
num_leaves=31
num_cat=0
split_feature=10 11 9 5 3 9 1 7 3 12 9 13 10 10 9 12 10 10 9 13 10 7 1 3 10 11 11 10 5 11
split_gain=63.669 161.664 127.159 105.204 210.395 94.6189 127.084 83.2302 95.1784 111.689 81.578 69.3177 66.601 204.067 185.623 171.882 137.305 258.566 145.55 241.686 119.609 141.384 136.323 112.26 110.792 185.502 195.099 155.533 150.159 110.099
threshold=-0.99939814209938038 1.0000000180025095e-35 29.157420158386234 30.360006332397464 30.739950180053714 29.059931755065922 32.734432220458991 30.94082069396973 32.116279602050788 17.250000000000004 34.804851531982429 80.250000000000014 0.97109106183052074 0.97310933470726024 41.532588958740241 18.750000000000004 0.99628895521163952 0.99699193239212047 37.438150405883796 82.250000000000014 0.98211652040481578 41.799314498901374 32.84704780578614 42.090364456176765 0.98664879798889171 0.13300977647304538 0.030119189061224464 0.99052327871322643 38.480079650878913 -0.17552498728036878
decision_type=2 2 2 2 2 2 2 2 2 2 2 2 2 2 2 2 2 2 2 2 2 2 2 2 2 2 2 2 2 2
left_child=1 3 -3 4 -1 -6 -7 8 -5 -10 11 -9 -2 14 -14 24 20 18 19 -18 21 -17 -22 -19 29 26 27 -26 -27 -15
right_child=12 2 -4 7 5 6 -8 10 9 -11 -12 -13 13 15 -16 16 17 23 -20 -21 22 -23 -24 -25 25 28 -28 -29 -30 -31
leaf_value=-0.00086573446376226682 -0.00021034242905726988 0.034526540296180498 0.0083089237727280996 0.00057705180544187051 -0.11174699750356376 -0.020365846183798886 -0.10207574511567752 0.018918512426972837 0.0036155941115843283 -0.077073701600973307 -0.052412135964807344 -0.0049391008749900805 0.022656432998858205 -0.0031938413126703213 -0.066267621712606459 0.0025793811546346744 -0.15608317668912775 0.0046093556347434478 -0.01637683518094343 -0.025874097295519378 0.095164095175669705 -0.082489641591906554 0.013798247588813838 -0.053490251404616766 0.012572870196020425 -0.011772100607454825 0.0055714447282854164 -0.006498124465319343 -0.054060398140530479 0.0079788210012578884
leaf_weight=756 534861 560 2656 425 50 230 60 1037 74 102 51 431 1547 3528 61 2110 59 3803 283 90 52 50 5132 85 1176 2119 7056 11760 233 5880
leaf_count=756 534861 560 2656 425 50 230 60 1037 74 102 51 431 1547 3528 61 2110 59 3803 283 90 52 50 5132 85 1176 2119 7056 11760 233 5880
internal_value=5.88244e-13 0.00494727 0.0128742 -0.00297964 -0.0155571 -0.0482236 -0.0372713 0.00352265 -0.0122275 -0.0431475 0.00975426 0.011914 -5.48744e-05 0.001792 0.0192831 0.00114419 0.00633485 -0.000738313 -0.0374357 -0.0774334 0.0104955 0.000610191 0.0146144 0.00333917 -0.000762588 -0.00267908 -0.00111645 -0.0047644 -0.0159614 0.00378907
internal_weight=586317 6432 3216 3216 1096 340 290 2120 601 176 1519 1468 579885 45024 1608 43416 11664 4320 432 149 7344 2160 5184 3888 31752 22344 19992 12936 2352 9408
internal_count=586317 6432 3216 3216 1096 340 290 2120 601 176 1519 1468 579885 45024 1608 43416 11664 4320 432 149 7344 2160 5184 3888 31752 22344 19992 12936 2352 9408
is_linear=0
shrinkage=0.05


Tree=165
num_leaves=31
num_cat=0
split_feature=11 11 12 10 9 11 11 7 10 10 3 12 4 2 2 1 10 12 10 5 9 10 1 13 12 11 3 12 13 13
split_gain=62.3048 103.869 120.469 233.066 103.369 100.698 220.035 130.622 182.093 112.751 294.018 353.096 444.504 175.596 144.255 104.015 169.762 166.975 217.397 136.369 120.359 109.247 119.802 102.804 244.67 177.972 187.909 275.07 373.902 317.957
threshold=0.99548450112342846 0.98367285728454601 19.250000000000004 -0.12447811290621756 24.838127136230472 0.94968265295028698 0.93225467205047619 26.862654685974125 -0.25950939953327173 -0.22611359506845471 28.509051322937015 16.250000000000004 0.12160332128405572 0.3286967277526856 0.090418130159378066 30.52330303192139 -0.3415676057338714 14.750000000000002 0.31718835234642034 27.660520553588871 26.231262207031254 0.31718835234642034 32.626295089721687 77.250000000000014 15.750000000000002 0.41326330602169042 31.514465332031254 17.250000000000004 82.750000000000014 79.250000000000014
decision_type=2 2 2 2 2 2 2 2 2 2 2 2 2 2 2 2 2 2 2 2 2 2 2 2 2 2 2 2 2 2
left_child=1 5 -3 -4 -5 6 23 8 -7 10 11 -9 13 -13 -12 17 -17 18 -8 20 -19 -18 -23 24 -1 26 27 29 -29 -25
right_child=-2 2 3 4 -6 7 15 9 -10 -11 14 12 -14 -15 -16 16 21 19 -20 -21 -22 22 -24 25 -26 -27 -28 28 -30 -31
leaf_value=-0.0035131890685209813 -0.002975099596915597 0.0061063041549553262 0.016370732162682249 -0.068575620457496753 -0.011949998982312339 0.044883871638636677 -0.01531006311572089 -0.001249198087518487 0.0026181900010519891 -0.001712753193147542 -0.0052470738637289405 -0.031623307773417923 -0.17082043815117617 -0.126694095222389 0.028547116384946832 0.031789208282196418 -0.018997637795286727 0.0046127539016070623 0.017043314880033692 0.013587995449385867 0.057004643269416538 0.0053142149568263424 -0.050853930583165501 0.005008542918611178 0.00080981122515108844 -0.0013283176106634142 0.00036812750340282989 -0.0012194001217436421 0.011687249053580364 0.020117010534906315
leaf_weight=61824 17085 13120 888 84 1988 310 1124 850 1432 16417 5248 1019 65 51 336 376 847 158 965 3846 358 1874 100 18028 69552 108000 216475 32812 6769 4316
leaf_count=61824 17085 13120 888 84 1988 310 1124 850 1432 16417 5248 1019 65 51 336 376 847 158 965 3846 358 1874 100 18028 69552 108000 216475 32812 6769 4316
internal_value=-1.91817e-12 8.9295e-05 0.00405068 -0.00506072 -0.0142456 -2.58616e-05 0.000123136 -0.00308032 0.0101396 -0.00404043 -0.00908911 -0.0256175 -0.0438669 -0.0361547 -0.00321361 0.00760462 0.000229962 0.0112594 -0.00036463 0.0168262 0.0409622 -0.00397645 0.00246882 -1.62701e-05 -0.00122454 0.000394542 0.00106289 0.00349163 0.000987849 0.00792692
internal_weight=586317 569232 16080 2960 2072 553152 527424 25728 1742 23986 7569 1985 1135 1070 5584 9648 3197 6451 2089 4362 516 2821 1974 517776 131376 386400 278400 61925 39581 22344
internal_count=586317 569232 16080 2960 2072 553152 527424 25728 1742 23986 7569 1985 1135 1070 5584 9648 3197 6451 2089 4362 516 2821 1974 517776 131376 386400 278400 61925 39581 22344
is_linear=0
shrinkage=0.05


Tree=166
num_leaves=31
num_cat=0
split_feature=13 13 0 2 10 11 10 10 10 9 11 10 11 12 5 11 10 1 7 11 10 8 11 10 9 3 7 12 10 3
split_gain=61.881 128.568 217.044 111.845 266.794 365.65 284.798 358.632 410.725 322.892 309.835 317.588 302.692 277.54 304.561 557.869 414.566 269.558 274.1 366.608 337.673 262.565 250.209 249.358 266.909 231.618 368.174 313.528 218.892 214.883
threshold=81.750000000000014 83.750000000000014 0.33117501437664038 0.18082440644502643 -0.021515898406505581 0.88999459147453319 -0.74981945753097523 -0.63874351978301991 -0.58429276943206776 32.164163589477546 -0.87792757153511036 -0.39753912389278406 -0.63872575759887684 16.250000000000004 30.090312957763675 -0.72658059000968922 -0.65189296007156361 31.490153312683109 30.690706253051761 -0.71464690566062916 -0.66484925150871266 4.976940631866456 -0.86092913150787342 -0.72660079598426808 27.642139434814457 31.085556983947757 30.815472602844242 15.250000000000002 -0.73831951618194569 26.241848945617679
decision_type=2 2 2 2 2 2 2 2 2 2 2 2 2 2 2 2 2 2 2 2 2 2 2 2 2 2 2 2 2 2
left_child=3 -2 -3 -1 5 6 12 13 9 25 11 -10 -5 -8 15 16 -15 18 -16 20 -20 -12 -23 -17 29 27 -27 -9 -21 -25
right_child=1 2 -4 4 -6 -7 7 8 10 -11 21 -13 -14 14 17 23 -18 -19 19 28 -22 22 -24 24 -26 26 -28 -29 -30 -31
leaf_value=0.00066308866454688306 -0.0023127937473777257 -0.0014153842866467376 0.01039615707140281 0.020573838759709431 0.0024175206249028797 0.015355349961092703 -0.0056255630438020758 0.007218976474079518 0.010047536834380526 -0.012793663311981857 -0.0085074603342507518 -0.0054213995098007697 -0.0010983110042704595 -0.10173190192168978 -0.03397873813582665 -0.047108921311809215 -0.014365243204685961 -0.030365854209532979 0.077200007418476213 0.049073134734993806 -0.027154551055647583 -0.056606644282821361 -0.018631298540099105 -0.15233520659116598 0.0044444615359973136 -0.036226231219300714 0.032630555617356304 0.044461686751112582 -0.025903847889805383 -0.0078900367204172948
leaf_weight=366745 64174 11668 5834 1666 40262 2810 4137 1039 3967 1043 5062 20283 48938 458 358 552 193 1040 323 125 102 606 1526 52 844 416 364 1239 440 51
leaf_count=366745 64174 11668 5834 1666 40262 2810 4137 1039 3967 1043 5062 20283 48938 458 358 552 193 1040 323 125 102 606 1526 52 844 416 364 1239 440 51
internal_value=3.98881e-13 -0.00127681 0.0025218 0.000206651 -0.00100728 -0.00241959 -0.00294633 -0.00587764 -0.00365315 0.0112295 -0.00559418 -0.00289087 -0.000384814 -0.0149923 -0.0235313 -0.0371826 -0.0758306 -0.0112406 0.00351476 0.017073 0.0521549 -0.0147067 -0.0294254 -0.0203981 -0.00482861 0.0194231 -0.00409306 0.0274752 -0.00931602 -0.0808138
internal_weight=586317 81676 17502 504641 137896 97634 94824 44220 35545 4101 31444 24250 50604 8675 4538 2150 651 2388 1348 990 425 7194 2132 1499 947 3058 780 2278 565 103
internal_count=586317 81676 17502 504641 137896 97634 94824 44220 35545 4101 31444 24250 50604 8675 4538 2150 651 2388 1348 990 425 7194 2132 1499 947 3058 780 2278 565 103
is_linear=0
shrinkage=0.05


Tree=167
num_leaves=31
num_cat=0
split_feature=3 1 7 10 11 10 0 10 10 9 5 10 11 11 11 7 10 2 8 7 1 7 0 9 11 9 9 2 10 13
split_gain=62.1117 136.5 137.651 153.403 327.804 714.151 240.6 187.117 171.898 289.932 245.055 298.491 162.103 194.452 225.71 133.32 131.13 112.793 110.55 146.316 102.333 101.44 101.064 96.6624 95.2632 143.99 117.217 104.36 288.48 316.928
threshold=29.048268318176273 29.015290260314945 24.816866874694828 -0.444374069571495 -0.73829901218414296 -0.65189296007156361 4.4261167049407968 -0.25118774175643915 -0.56314551830291737 31.874295234680179 27.308004379272464 -0.48250326514244074 -0.70250144600868214 -0.66483077406883229 -0.63872575759887684 29.415464401245121 -0.70252096652984608 7.8980271816253671 0.30458521842956549 29.415464401245121 30.096134185791019 31.52226543426514 2.7089172601699834 33.354404449462898 0.99548450112342846 29.780797958374027 32.066881179809577 0.15296494215726855 0.012910176534205677 83.750000000000014
decision_type=2 2 2 2 2 2 2 2 2 2 2 2 2 2 2 2 2 2 2 2 2 2 2 2 2 2 2 2 2 2
left_child=1 -1 -3 4 5 20 -5 -8 9 17 11 -10 15 -14 -15 16 -6 -7 21 -20 22 -16 -4 -11 27 -26 -27 -2 29 -29
right_child=24 2 3 6 12 8 7 -9 10 23 -12 -13 13 14 18 -17 -18 -19 19 -21 -22 -23 -24 -25 25 26 -28 28 -30 -31
leaf_value=4.5519761053202875e-05 0.00033494615961795327 -0.028598959524466918 -0.034499402222545106 0.0061287605311086861 0.048017992540984093 0.0099800476904160218 0.042303871055159509 0.0093269389009276102 -0.10819123796865243 -0.08439624403397937 -0.0025520904107532343 0.021890454680200608 -0.037150561241530038 0.04157327931437247 0.00070828584874076117 0.072659765847791477 -0.055365118944879492 0.059894574251555401 -0.0015176126975265513 0.018124673780976912 -0.15275818601057128 -0.020032800972212172 -0.12239761445393123 0.001641901755125596 -0.012521524709815192 0.0025998799993247248 -0.015586499978561577 -0.0035859180482114787 0.0019659476672353546 0.011254634759123196
leaf_weight=57484 363980 305 63 8870 71 266 900 824 147 85 403 63 288 394 3294 156 54 197 1789 2017 77 718 68 53 3908 5424 1059 84737 44866 3757
leaf_count=57484 363980 305 63 8870 71 266 900 824 147 85 403 63 288 394 3294 156 54 197 1789 2017 77 718 68 53 3908 5424 1059 84737 44866 3757
internal_value=-1.36843e-12 0.00130808 0.00474743 0.00523647 0.000860715 -0.0214101 0.00945073 0.0265423 -0.0067432 0.0122583 -0.0253728 -0.0691667 0.00446726 0.00323206 0.0046483 0.0418309 0.00335649 0.031218 0.00278741 0.00889187 -0.107014 -0.0030036 -0.080126 -0.0513526 -0.000202463 -0.00494067 -0.000370871 -0.000103467 -0.00130003 -0.00295586
internal_weight=586317 78586 21102 20797 10203 1422 10594 1724 1214 601 613 210 8781 8500 8212 281 125 463 7818 3806 208 4012 131 138 507731 10391 6483 497340 133360 88494
internal_count=586317 78586 21102 20797 10203 1422 10594 1724 1214 601 613 210 8781 8500 8212 281 125 463 7818 3806 208 4012 131 138 507731 10391 6483 497340 133360 88494
is_linear=0
shrinkage=0.05


Tree=168
num_leaves=31
num_cat=0
split_feature=3 10 10 1 10 11 11 1 5 1 10 7 3 11 12 1 1 7 3 10 11 10 11 11 12 3 2 10 11 11
split_gain=60.2355 138.101 192.202 365.531 290.412 229.774 180.487 174.847 137.939 136.544 139.178 131.796 127.645 121.442 178.998 219.683 159.184 151.386 185.037 282.812 485.882 679.971 267.823 351.536 217.604 251.538 216.3 235.25 252.552 240.724
threshold=30.056553840637211 0.63209757208824169 0.50495636463165294 31.830096244812015 0.47494667768478399 0.87377473711967479 -0.74979865550994862 27.844524383544925 30.649332046508793 26.488616943359379 -0.18399664759635923 26.223810195922855 29.140923500061039 0.73246693611145031 19.250000000000004 27.419076919555668 27.532365798950199 30.659249305725101 35.016193389892585 -0.79356426000595082 -0.43663504719734186 -0.86958134174346913 0.61864846944808971 0.56312987208366405 15.750000000000002 36.311624526977546 2.0400922298431401 0.13301347196102145 -0.19244445115327832 -0.97106409072875965
decision_type=2 2 2 2 2 2 2 2 2 2 2 2 2 2 2 2 2 2 2 2 2 2 2 2 2 2 2 2 2 2
left_child=1 2 4 7 9 -6 -3 -4 -9 10 -1 -8 -7 14 15 -2 -15 -17 26 20 21 24 23 -21 25 -20 -19 28 -28 -29
right_child=13 6 3 -5 5 12 11 8 -10 -11 -12 -13 -14 16 -16 17 -18 18 19 22 -22 -23 -24 -25 -26 -27 27 29 -30 -31
leaf_value=-0.00078341258841135115 0.028472900671585828 0.073894691580313851 -0.048456737080401879 -0.077214123091042641 0.0033933465710603902 0.062270380567158973 0.0566020338445146 -0.0081106084579932024 0.026982329938267376 0.001206329515504105 -0.012802871874192701 0.0066746524866976567 0.015502670682966711 -0.049825130122115036 0.0023119849668308662 -0.0038015692785304273 -0.0020779940547174824 0.0020475042126796316 -0.047751689835087117 -0.0011194709440418204 -0.0022476598087035476 -0.020039358858754727 0.026231398013108198 -0.023395517224339624 -0.19070847614815362 -0.18208389401435854 -0.0080202777048536157 0.0234746716230003 0.0025787679894749816 0.0010105185628665194
leaf_weight=7613 655 110 234 202 636 415 138 1949 327 117860 3523 3134 225 175 72276 31444 69508 117801 115 118198 1501 552 880 1798 76 50 18292 1434 8113 7083
leaf_count=7613 655 110 234 202 636 415 138 1949 327 117860 3523 3134 225 175 72276 31444 69508 117801 115 118198 1501 552 880 1798 76 50 18292 1434 8113 7083
internal_value=1.38919e-12 0.000920576 0.000666827 -0.0125076 0.000941091 0.0246775 0.0108982 -0.00730009 -0.0030687 0.000706296 -0.0045859 0.00878039 0.0458286 -0.000278998 7.26367e-05 -0.000452868 -0.0021979 -0.000514515 -0.000139883 -0.00158176 -0.0189734 -0.050632 -0.0012517 -0.00145325 -0.120703 -0.0884584 0.00102298 -0.002433 -0.0047637 0.00479279
internal_weight=586317 136366 132984 2712 130272 1276 3382 2510 2276 128996 11136 3272 640 449951 380268 307992 69683 307337 275893 123170 2294 793 120876 119996 241 165 152723 34922 26405 8517
internal_count=586317 136366 132984 2712 130272 1276 3382 2510 2276 128996 11136 3272 640 449951 380268 307992 69683 307337 275893 123170 2294 793 120876 119996 241 165 152723 34922 26405 8517
is_linear=0
shrinkage=0.05


Tree=169
num_leaves=31
num_cat=0
split_feature=13 2 10 5 3 9 7 2 10 11 10 10 10 11 5 1 11 10 12 5 11 10 8 1 7 11 10 10 9 3
split_gain=61.5832 123.633 96.9821 168.554 157.157 104.993 105.754 103.585 240.565 322.206 204.64 306.927 378.072 294.522 389.741 285.269 268.221 287.489 252.714 273.974 506.779 363.748 236.457 232.742 249.97 331.147 284.983 223.937 230.247 230.516
threshold=81.750000000000014 23.037539482116703 -0.99939814209938038 30.680072784423832 29.277883529663089 28.161762237548832 31.246698379516605 0.15296494215726855 -0.021515898406505581 0.88999459147453319 -0.74981945753097523 -0.63874351978301991 -0.58429276943206776 -0.48248986899852747 30.709156036376957 30.838115692138675 -0.87792757153511036 -0.39753912389278406 16.250000000000004 30.159094810485843 -0.72658059000968922 -0.65189296007156361 4.976940631866456 31.490153312683109 30.752336502075199 -0.71464690566062916 -0.66484925150871266 -0.72660079598426808 27.739242553710941 26.866142272949222
decision_type=2 2 2 2 2 2 2 2 2 2 2 2 2 2 2 2 2 2 2 2 2 2 2 2 2 2 2 2 2 2
left_child=2 -2 3 4 -1 -5 -7 -4 9 10 13 18 15 14 -9 -13 17 -14 -12 20 21 -20 -18 24 -21 26 -26 -22 29 -29
right_child=1 -3 7 5 -6 6 -8 8 -10 -11 11 12 16 -15 -16 -17 22 -19 19 23 27 -23 -24 -25 25 -27 -28 28 -30 -31
leaf_value=0.013996297736215272 -0.0016950193728170655 0.0077088801428356283 0.00057537840627342471 0.052143786462414778 -0.017082069924253551 -0.0036867295030397597 0.01599138058712566 0.017182536989118091 0.0021709142903222054 0.014118828371451507 -0.0048616218151016953 0.022624521614425411 0.0095871431225072364 -0.0026789850143660136 -0.0024341661414479959 -0.0037179195942089478 -0.007740291993319888 -0.0050546218974516569 -0.095107932824280511 -0.03109746892764706 -0.044137024479037112 -0.013948208933734163 -0.027470951379011184 -0.027769972830186718 0.073865450362818857 -0.0082677656758643747 -0.023315078515522395 -0.13630190152795083 0.0046337186621644225 0.0030012075666730341
leaf_weight=634 78017 3659 362481 162 1135 915 2690 4834 40877 2860 4197 2303 4009 38022 5317 1856 5124 20474 467 374 556 196 2158 1051 317 555 99 62 859 57
leaf_count=634 78017 3659 362481 162 1135 915 2690 4834 40877 2860 4197 2303 4009 38022 5317 1856 5124 20474 467 374 556 196 2158 1051 317 555 99 62 859 57
internal_value=-1.94207e-12 -0.00127373 0.000206154 0.00678762 -0.00594375 0.0127663 0.0109968 0.000133153 -0.00104013 -0.00241101 -0.00291996 -0.00535591 -0.00330679 -0.000658926 0.00690749 0.0108689 -0.00516282 -0.00265709 -0.0137305 -0.0218347 -0.0345875 -0.071115 -0.0135874 -0.0101411 0.00363427 0.0170119 0.0507384 -0.0188002 -0.004396 -0.0695769
internal_weight=586317 81676 504641 5536 1769 3767 3605 499105 136624 95747 92887 44714 35924 48173 10151 4159 31765 24483 8790 4593 2197 663 7282 2396 1345 971 416 1534 978 119
internal_count=586317 81676 504641 5536 1769 3767 3605 499105 136624 95747 92887 44714 35924 48173 10151 4159 31765 24483 8790 4593 2197 663 7282 2396 1345 971 416 1534 978 119
is_linear=0
shrinkage=0.05


Tree=170
num_leaves=31
num_cat=0
split_feature=3 1 1 7 10 11 9 10 10 11 10 12 10 10 10 9 11 11 11 1 10 11 12 1 13 11 11 10 10 9
split_gain=60.2371 276.222 204.635 191.444 191.851 257.41 208.28 266.45 177.306 145.079 659.582 142.16 405.643 159.23 299.853 138.822 163.183 252.026 192.026 157.461 143.301 268.145 136.986 180.068 161.587 153.834 270.087 201.897 228.695 231.414
threshold=31.205626487731937 30.963296890258793 27.419076919555668 25.500941276550297 -0.99273952841758717 -0.09024826809763907 29.964596748352054 -0.99466162919998158 -0.25118774175643915 0.83824864029884349 -0.43664719164371485 19.250000000000004 -0.95236876606941212 0.30081701278686529 0.34964421391487127 29.891755104064945 -0.97502842545509327 -0.98208922147750843 -0.95234230160713185 32.92625808715821 -0.98211652040481556 -0.14153505116701123 19.250000000000004 32.453718185424812 81.750000000000014 -0.95234230160713185 -0.9412824511528014 -0.26781183481216425 -0.16705007851123807 31.13177585601807
decision_type=2 2 2 2 2 2 2 2 2 2 2 2 2 2 2 2 2 2 2 2 2 2 2 2 2 2 2 2 2 2
left_child=1 11 -2 8 5 6 -5 -8 -3 22 -11 13 -13 -1 -15 16 17 -6 -18 -20 21 -17 24 -24 -4 27 -27 -25 -29 -30
right_child=2 3 9 4 15 -7 7 -9 -10 10 -12 12 -14 14 -16 20 18 -19 19 -21 -22 -23 23 25 -26 26 -28 28 29 -31
leaf_value=-0.00011867044851245558 0.041885841841698739 0.024734359362015599 -0.00029899299565048354 0.0045016892883979103 0.0047530891220031388 -0.0015013541655684577 -0.11681324688704789 -0.017460691561651101 -0.066727968028613513 -0.035244707355605524 -0.0018179958462576609 0.018272851104007396 -0.0045694333811500693 0.018628182661800854 0.0018818023370831332 0.052658333325629442 -0.037805900879177283 0.092913229533044983 0.00096727497933646106 -0.075449378813123885 0.0065932983637047322 0.0077853806631778258 -0.0028204042909545307 -0.059601123985133057 -0.0045108924699449942 0.036984664252565545 0.0038544337867518069 0.033357293482061637 0.031139313984988377 -0.0091765263012354194
leaf_weight=129241 286 76 258417 142 259 2181 144 127 175 1617 16898 2074 30910 3255 14951 494 345 118 7795 68 25725 1021 15542 162 24972 624 43475 401 387 4435
leaf_count=129241 286 76 258417 142 259 2181 144 127 175 1617 16898 2074 30910 3255 14951 494 345 118 7795 68 25725 1021 15542 162 24972 624 43475 401 387 4435
internal_value=5.27277e-13 0.000656106 -0.000391469 0.00449093 0.00477529 -0.00835537 -0.0445505 -0.0702532 -0.0390342 -0.000424421 -0.0047373 -0.000165774 -0.00313313 0.000498026 0.00487584 0.00572605 0.000181843 0.032347 -0.00129553 0.000306416 0.00747337 0.0224172 -0.000195232 0.00187447 -0.000670142 0.00334904 0.00432323 -0.0046288 -0.00292374 -0.00594089
internal_weight=586317 219101 367216 38670 38419 2594 413 271 251 366930 18515 180431 32984 147447 18206 35825 8585 377 8208 7863 27240 1515 348415 65026 283389 49484 44099 5385 5223 4822
internal_count=586317 219101 367216 38670 38419 2594 413 271 251 366930 18515 180431 32984 147447 18206 35825 8585 377 8208 7863 27240 1515 348415 65026 283389 49484 44099 5385 5223 4822
is_linear=0
shrinkage=0.05


Tree=171
num_leaves=31
num_cat=0
split_feature=3 12 7 11 13 12 1 10 10 10 10 9 10 10 5 10 8 13 10 10 10 7 12 11 5 10 11 11 1 11
split_gain=60.8667 100.478 98.4335 165.645 78.989 78.0846 138.168 121.188 165.079 112.914 161.708 128.136 117.001 109.154 164.597 145.348 105.007 97.8489 172.343 130.465 105.738 127.56 117.389 117.452 147.796 145.944 113.598 103.816 104.313 177.44
threshold=28.315699577331547 12.750000000000002 33.642652511596687 -0.85204595327377308 77.250000000000014 18.750000000000004 27.844524383544925 0.50495636463165294 0.6186656951904298 0.47494667768478399 0.41327477991580969 27.739242553710941 0.25118774175643926 -0.50495636463165272 28.315699577331547 -0.55601230263710011 25.528041839599613 78.750000000000014 -0.27609442174434656 -0.26781183481216425 1.0000000180025095e-35 30.596981048583988 15.250000000000002 -0.98518359661102284 27.547017097473148 -0.23448921740055081 -0.99759334325790394 -0.88603779673576344 29.953510284423832 -0.71464690566062916
decision_type=2 2 2 2 2 2 2 2 2 2 2 2 2 2 2 2 2 2 2 2 2 2 2 2 2 2 2 2 2 2
left_child=1 4 5 -4 -1 17 7 9 -9 10 12 -12 13 15 -15 -7 -8 20 27 -20 21 22 -3 24 -24 -25 -22 -19 -29 -30
right_child=-2 2 3 -5 -6 6 16 8 -10 -11 11 -13 -14 14 -16 -17 -18 18 19 -21 26 -23 23 25 -26 -27 -28 28 29 -31
leaf_value=-0.005407223726653726 -0.00015361970935998676 -0.0004444185737214444 -0.087867779608932328 0.0070574460232078473 0.0065997256011847364 0.0015621192602168008 0.0073031210886264257 -0.079794877582800489 0.0011519347965077032 0.04089566962165983 0.013755501277951733 -0.055568210465897189 0.021725746323684722 -0.0030114933033976075 -0.025235318613757881 0.049153600517564865 -0.021370970294209868 0.03764936271405589 -0.066904269367018168 0.0029617498558660062 0.045892657960664385 -0.01313533820324393 -0.080867240337442747 0.006849536816748299 0.017470072504019718 0.03238134974928792 0.0085741390973668261 0.016997315672836938 -0.071317606949661341 0.006315661560514098
leaf_weight=7192 537447 10262 80 108 1692 905 5490 124 128 141 90 257 461 4324 1032 195 339 508 68 3848 222 1459 79 3164 74 680 2504 2950 90 404
leaf_count=7192 537447 10262 80 108 1692 905 5490 124 128 141 90 257 461 4324 1032 195 339 508 68 3848 222 1459 79 3164 74 680 2504 2950 90 404
internal_value=6.56061e-13 0.00168943 0.00275808 -0.0333363 -0.00312044 0.00292858 -0.000164971 -0.00458067 -0.038679 -0.00342026 -0.00428047 -0.037588 -0.00260956 -0.00434725 -0.0072936 0.00999879 0.00563551 0.00451416 0.00918254 0.00174855 0.00252268 0.000946077 0.00238691 0.00965612 -0.0333054 0.0113661 0.0116133 0.0165488 0.0134364 -0.00782805
internal_weight=586317 48870 39986 188 8884 39798 13486 7657 252 7405 7264 347 6917 6456 5356 1100 5829 26312 7868 3916 18444 15718 14259 3997 153 3844 2726 3952 3444 494
internal_count=586317 48870 39986 188 8884 39798 13486 7657 252 7405 7264 347 6917 6456 5356 1100 5829 26312 7868 3916 18444 15718 14259 3997 153 3844 2726 3952 3444 494
is_linear=0
shrinkage=0.05


Tree=172
num_leaves=31
num_cat=0
split_feature=12 13 11 1 1 3 5 3 10 11 10 10 11 11 11 10 9 0 9 10 1 10 10 11 11 9 9 11 3 3
split_gain=59.6273 180.318 160.237 161.658 112.398 100.862 97.1132 94.9427 136.778 277.99 207.406 266.946 164.93 183.401 205.336 229.787 217.823 150.554 135.757 129.674 123.064 237.926 262.347 188.232 175.507 183.857 121.287 239.506 118.383 112.949
threshold=13.750000000000002 79.250000000000014 -0.14153505116701123 32.809226989746101 30.062276840209964 37.834314346313484 38.36567687988282 26.241848945617679 -0.18399664759635923 -0.97502842545509327 0.47494667768478399 0.49002411961555487 -0.9412824511528014 -0.92910701036453236 -0.71464690566062916 -0.65189296007156361 28.161762237548832 6.6432411670684823 30.277338027954105 0.41327477991580969 26.678178787231449 -0.3334656953811645 -0.25118774175643915 -0.93533331155776966 0.95989713072776806 31.036746978759769 28.083243370056156 -0.90878397226333607 30.458866119384769 30.32827186584473
decision_type=2 2 2 2 2 2 2 2 2 2 2 2 2 2 2 2 2 2 2 2 2 2 2 2 2 2 2 2 2 2
left_child=1 6 3 -3 -4 -5 -1 8 9 -2 17 -12 18 -14 15 16 -15 19 -11 -10 21 23 24 -9 25 -23 27 -25 -28 -22
right_child=7 2 4 5 -6 -7 -8 20 10 12 11 -13 13 14 -16 -17 -18 -19 -20 -21 29 22 -24 26 -26 -27 28 -29 -30 -31
leaf_value=-0.001907275118836489 0.066610293144567151 0.03247880167990521 0.0088119434771782995 0.010029289833989008 -0.0039247845694163671 -0.0034312135593946667 -0.017183264030316583 0.079466352011196506 0.0025977050134040145 -0.010289575773224768 0.075021382170832818 -0.0078668182164042203 0.065717730633179219 -0.11724487083253039 0.01623609279308286 0.00072622081515515786 0.011335919476022908 -0.040339688702241666 -0.10142275772436903 -0.038642893551622294 0.0016913096516561054 0.0069824984396190202 -0.011306812122664638 -0.082135934417373421 -0.10370955603329216 -0.072113903439758972 -0.0084083369141247088 0.031516258854785852 0.040947150173955241 -0.00017280948547240387
leaf_weight=80622 225 657 2275 5441 7259 1870 1054 78 1348 168 180 211 152 93 2272 457 51 331 54 222 103947 144 2078 51 127 150 1857 509 130 372304
leaf_count=80622 225 657 2275 5441 7259 1870 1054 78 1348 168 180 211 152 93 2272 457 51 331 54 222 103947 144 2078 51 127 150 1857 509 130 372304
internal_value=5.09858e-12 -0.00111749 0.0034881 0.00872133 -0.000885551 0.00658638 -0.00210441 0.000227514 0.00660654 0.0128645 -0.00287326 0.0302914 0.00914021 0.012193 0.00936117 -0.0166285 -0.0717058 -0.00969461 -0.0324571 -0.00323377 0.000151131 -0.00755625 -0.0185987 0.00295622 -0.0545908 -0.0333728 0.000613149 0.0211658 -0.00517924 0.000234055
internal_weight=586317 99178 17502 7968 9534 7311 81676 487139 5764 3472 2292 391 3247 3025 2873 601 144 1901 222 1570 481375 5124 2499 2625 421 294 2547 560 1987 476251
internal_count=586317 99178 17502 7968 9534 7311 81676 487139 5764 3472 2292 391 3247 3025 2873 601 144 1901 222 1570 481375 5124 2499 2625 421 294 2547 560 1987 476251
is_linear=0
shrinkage=0.05


Tree=173
num_leaves=31
num_cat=0
split_feature=13 11 12 11 3 1 10 10 12 6 9 12 3 11 5 12 1 3 7 11 11 10 3 4 10 3 3 11 1 9
split_gain=56.5074 223.85 184.513 288.433 305.474 207.739 244.723 212.206 200.15 197.621 187.665 183.513 161.22 167.415 161.622 160.878 151.513 175.055 149.554 149.428 227.164 164.548 484.116 251.769 212.148 164.402 149.563 148.973 242.575 254.608
threshold=77.250000000000014 -0.07309242337942122 16.750000000000004 -0.87792757153511036 39.068428039550788 29.806963920593265 -0.39753912389278406 -0.3657191395759582 14.250000000000002 13.937954425811769 41.78544998168946 13.250000000000002 31.387905120849613 -0.37370587885379786 28.953827857971195 17.750000000000004 41.779499053955085 36.396553039550788 32.034252166748054 0.94968265295028698 0.93225467205047619 -0.20931270718574521 28.626117706298832 0.17161487042903903 -0.12447811290621756 24.83557224273682 26.866142272949222 0.77756834030151378 28.514179229736332 29.780797958374027
decision_type=2 2 2 2 2 2 2 2 2 2 2 2 2 2 2 2 2 2 2 2 2 2 2 2 2 2 2 2 2 2
left_child=1 15 3 5 8 6 18 -8 -5 -7 19 -3 13 14 -10 -1 17 -12 -2 20 25 22 23 -21 -23 -4 -22 -27 29 -29
right_child=2 11 10 4 -6 9 7 -9 12 -11 16 -13 -14 -15 -16 -17 -18 -19 -20 21 26 24 -24 -25 -26 27 -28 28 -30 -31
leaf_value=-0.0044082991832248963 0.08548850292408014 -0.0042355054120951944 0.027615193197054314 -0.00065231890884074283 -0.0079098070234491207 0.0063197558051243542 -0.044482969463272633 0.0205637200892127 -0.0067725906654413489 -0.010615530856491223 -0.046901047094380144 0.002135500046631995 0.0015173199926128275 0.0051334906560026889 0.024875451807855803 0.00081550893296215203 0.0012125667416392606 0.017881841459778208 -0.010643330779857935 -0.032741990992749555 0.054441967921789791 0.0084692024946854457 -0.0018727427696566797 -0.13006729198885816 -0.0047268683988351814 -0.00017955199279337108 0.0089686324243166572 -0.0049687328964295001 -0.0023339549550176935 -0.032756159864003841
leaf_weight=50112 212 13725 516 67052 9678 23640 137 1479 501 1858 108 64050 46060 19365 2071 20880 4326 3026 50 1310 189 3640 2988 70 18655 200616 4179 1952 22445 1427
leaf_count=50112 212 13725 516 67052 9678 23640 137 1479 501 1858 108 64050 46060 19365 2071 20880 4326 3026 50 1310 189 3640 2988 70 18655 200616 4179 1952 22445 1427
internal_value=-2.1031e-12 -0.000841816 0.000286217 0.00156138 0.000671135 0.00626777 0.0223168 0.0150492 0.00128607 0.00508571 -0.000540535 0.0010112 0.00319752 0.00672535 0.0187107 -0.00287189 0.00727757 0.0156494 0.0671427 -0.000766605 -0.000358068 -0.004311 -0.0131851 -0.0376788 -0.00257241 -0.000575438 0.0109362 -0.000639678 -0.0042142 -0.0167038
internal_weight=586317 148767 437550 172103 144727 27376 1878 1616 135049 25498 265447 77775 67997 21937 2572 70992 7460 3134 262 257987 231324 26663 4368 1380 22295 226956 4368 226440 25824 3379
internal_count=586317 148767 437550 172103 144727 27376 1878 1616 135049 25498 265447 77775 67997 21937 2572 70992 7460 3134 262 257987 231324 26663 4368 1380 22295 226956 4368 226440 25824 3379
is_linear=0
shrinkage=0.05


Tree=174
num_leaves=31
num_cat=0
split_feature=3 9 11 1 7 11 1 10 12 10 10 10 10 10 1 10 0 11 10 10 10 9 3 11 11 11 12 7 10 12
split_gain=59.98 85.3218 130.67 122.259 85.7688 152.71 86.1745 86.258 89.2399 114.868 92.5242 86.3643 87.9376 82.9342 78.1475 76.1824 164.374 241.493 124.343 92.8767 144.344 121.07 116.722 113.409 108.815 107.838 197.658 153.815 106.078 97.9493
threshold=28.315699577331547 26.480161666870121 0.99903711676597606 29.916902542114261 33.642652511596687 -0.85204595327377308 24.853873252868656 -0.25950939953327173 16.750000000000004 -0.34964421391487116 -0.61188074946403492 -0.23448921740055081 -0.20088869333267209 0.30081701278686529 31.363744735717777 -0.021515898406505581 1.0000000180025095e-35 0.72064045071601879 -0.59817537665367115 -0.58429276943206776 -0.56314551830291737 29.964596748352054 26.491054534912113 0.97690230607986461 0.9969642460346223 0.9549313783645631 16.250000000000004 30.20611667633057 -0.12447811290621756 16.750000000000004
decision_type=2 2 2 2 2 2 2 2 2 2 2 2 2 2 2 2 2 2 2 2 2 2 2 2 2 2 2 2 2 2
left_child=1 2 3 13 6 -6 7 8 9 10 -3 -9 -13 -1 15 16 19 -18 -19 29 21 -21 24 25 -22 -24 -27 -28 -25 -8
right_child=-2 4 -4 -5 5 -7 14 11 -10 -11 -12 12 -14 -15 -16 -17 17 18 -20 20 22 -23 23 28 -26 26 27 -29 -30 -31
leaf_value=-0.0022629861865062057 -0.00015249665419693324 0.010465759107629296 -0.033390025734267914 -0.044884756269939943 -0.083527161045931275 0.007263157229066234 0.00072240803707695274 -0.057683121503344675 0.024237448716617972 0.04236135075157306 -0.033606026065877238 0.024392962068455613 -0.023147894131678146 0.020065891579672528 0.028720771609052943 0.0068452442761287721 0.0022906027796417558 0.039463363180778199 0.013053167855476486 -0.023974704730877639 0.016577466362598142 -0.11458689219811385 -0.0061198772260710761 0.008205401696378201 -0.028458206460946392 -0.00020226797899886747 -0.031042177438642456 -0.10860181774782099 -0.01021400025366548 0.02434079783467822
leaf_weight=6349 537447 183 344 161 80 110 2556 134 296 92 341 123 465 445 297 9622 14821 558 2214 133 996 51 3036 1902 155 611 869 69 1327 530
leaf_count=6349 537447 183 344 161 80 110 2556 134 296 92 341 123 465 445 297 9622 14821 558 2214 133 996 51 3036 1902 155 611 869 69 1327 530
internal_value=2.71635e-13 0.00167708 -0.00330881 -0.00182097 0.0025525 -0.0309643 0.00270639 -0.00854704 0.00167446 -0.00916749 -0.0182145 -0.0214584 -0.0132031 -0.000800468 0.00316902 0.00297665 0.00172871 0.00482404 0.0183695 -0.00272214 -0.00525221 -0.04909 -0.00435247 -0.00654211 0.0105127 -0.0115971 -0.0223323 -0.0367475 0.000635706 0.00477871
internal_weight=586317 48870 7299 6955 41571 190 41381 1634 912 616 524 722 588 6794 39747 39450 29828 17593 2772 12235 9149 184 8965 7814 1151 4585 1549 938 3229 3086
internal_count=586317 48870 7299 6955 41571 190 41381 1634 912 616 524 722 588 6794 39747 39450 29828 17593 2772 12235 9149 184 8965 7814 1151 4585 1549 938 3229 3086
is_linear=0
shrinkage=0.05


Tree=175
num_leaves=31
num_cat=0
split_feature=10 11 9 11 11 11 9 3 0 9 10 1 10 1 5 10 10 3 7 1 11 3 11 10 12 10 1 11 9 3
split_gain=55.7913 191.2 361.636 193.59 229.927 222.854 152.692 150.782 135.368 114.629 151.567 123.674 144.942 113.727 109.431 97.8361 283.998 149.518 408.902 399.013 258.249 196.856 906.329 414.608 270.38 204.61 201.543 227.666 177.803 157.069
threshold=0.97109106183052074 -0.20930689573287961 41.532588958740241 -0.19244445115327832 -0.14153505116701123 0.047319635748863227 38.476831436157234 39.721979141235359 0.94097924232482921 39.57866287231446 0.99817630648612987 38.259286880493171 0.99166813492774974 37.352123260498054 36.467489242553718 0.94130858778953563 0.92913278937339794 38.825445175170906 36.893100738525398 34.095119476318366 0.23448270559310916 36.817195892333991 0.30080866813659674 0.94970905780792247 17.250000000000004 0.96460527181625377 37.73210525512696 0.28434865176677709 40.596107482910163 40.587558746337898
decision_type=2 2 2 2 2 2 2 2 2 2 2 2 2 2 2 2 2 2 2 2 2 2 2 2 2 2 2 2 2 2
left_child=15 2 8 6 13 -6 7 -3 -2 11 -11 -7 -13 -5 -15 16 -1 18 21 -20 28 -17 25 -24 -25 26 -23 -28 29 -19
right_child=1 3 -4 4 5 9 -8 -9 -10 10 -12 12 -14 14 -16 17 -18 20 19 -21 -22 22 23 24 -26 -27 27 -29 -30 -31
leaf_value=-0.00014168947231994796 0.012613393880672437 -0.020438198989576682 -0.085375406311617955 0.0029162744238756121 -0.0038969403651838252 0.0028224363087312157 0.0088396803121258815 -0.087131390438425244 0.045776984303472351 -0.024362306141729732 0.033775857219955435 0.0006648803082613847 0.022220577272680134 0.051656809370320633 0.015405179989413801 -0.0036479870484696416 0.010430053042677766 -0.0088686012209500033 0.084875951183558507 0.0089436934158728647 -0.055835453534756996 -0.017985841365404088 -0.024940201452588791 -0.088340181373059753 -0.23310204610610619 -0.047156486686691645 0.014039698379029462 0.11825382738816935 0.0046841875575912391 -0.035261941076750333
leaf_weight=515565 2780 1075 90 2087 17688 13634 441 92 346 661 135 1293 1965 227 2510 8834 6432 2216 181 3920 303 495 73 55 78 250 372 61 1702 756
leaf_count=515565 2780 1075 90 2087 17688 13634 441 92 346 661 135 1293 1965 227 2510 8834 6432 2216 181 3920 303 495 73 55 78 250 372 61 1702 756
internal_value=-3.71657e-12 0.00169115 0.0134391 0.000787455 0.00146793 7.15569e-05 -0.0162244 -0.0256959 0.0162841 0.00404005 -0.0145022 0.00491382 0.0136658 0.011708 0.0184118 -0.000140667 -1.14254e-05 -0.00363693 -0.00104209 0.012295 -0.0111024 -0.00639494 -0.0239286 -0.120686 -0.173238 -0.00700837 0.00380739 0.0287211 -0.00820247 -0.0155824
internal_weight=586317 45024 3216 41808 40200 35376 1608 1167 3126 17688 796 16892 3258 4824 2737 541293 521997 19296 14319 4101 4977 10218 1384 206 133 1178 928 433 4674 2972
internal_count=586317 45024 3216 41808 40200 35376 1608 1167 3126 17688 796 16892 3258 4824 2737 541293 521997 19296 14319 4101 4977 10218 1384 206 133 1178 928 433 4674 2972
is_linear=0
shrinkage=0.05


Tree=176
num_leaves=31
num_cat=0
split_feature=1 10 5 10 10 9 1 3 12 1 1 13 0 3 9 10 10 1 10 10 10 9 9 10 1 10 10 7 3 10
split_gain=55.7107 101.991 66.7853 390.75 658.569 682.101 375.165 195.744 183.019 205.987 174.293 165.372 157.92 154.821 147.013 194.427 304.006 201.917 191.724 157.505 179.815 155.67 142.912 124.075 240.226 131.244 145.532 233.08 145.703 135.187
threshold=43.429134368896491 0.42888796329498297 41.528860092163093 0.45972847938537603 0.51973900198936474 39.986669540405281 40.280481338500984 38.588819503784187 18.250000000000004 39.992656707763679 38.826128005981452 77.750000000000014 2.0219435691833501 40.587558746337898 40.92570877075196 0.80392050743103038 0.77758994698524486 34.616605758666999 0.47494667768478399 0.69636976718902599 0.7324872910976411 41.78544998168946 41.532588958740241 0.68391311168670665 40.591190338134773 0.28435654938220983 0.41327477991580969 40.001266479492195 40.13878250122071 0.44437406957149511
decision_type=2 2 2 2 2 2 2 2 2 2 2 2 2 2 2 2 2 2 2 2 2 2 2 2 2 2 2 2 2 2
left_child=2 -2 14 7 5 -5 12 -4 9 -9 -6 -8 -7 -10 -1 16 17 18 -16 23 -21 -17 -13 25 -25 -19 -27 29 -29 -28
right_child=1 -3 3 4 10 6 11 8 13 -11 -12 22 -14 -15 15 21 -18 19 -20 20 -22 -23 -24 24 -26 26 27 28 -30 -31
leaf_value=-5.6496375642431497e-05 -0.056463762968778614 0.0096120846014261484 -0.072568821124732494 -0.20279419715915409 0.041396156536035629 -0.11710992852685514 -0.053996737733963997 0.10452361805874805 -0.031518805821331729 0.017077001324295998 -0.0045434456418891002 -0.046681479626836692 -0.023662824236089366 0.026632308135442047 0.0082497060221309471 0.0087353775587566476 -0.046774266298301947 -0.027589990111824732 0.11986034749285646 0.058934303368281184 0.0063313816012290558 0.031346039353318443 0.039814150892198086 -0.10995289413879315 0.019813575806192071 0.021225747265875547 -0.091293208476867574 0.01846407688048389 -0.0070765130920630486 -0.022473263063649131
leaf_weight=563271 60 2191 50 70 211 154 124 146 138 125 9605 65 64 671 84 2782 324 411 71 232 542 1048 180 75 68 787 89 937 1382 360
leaf_count=563271 60 2191 50 70 211 154 124 146 138 125 9605 65 64 671 84 2782 324 411 71 232 542 1048 180 75 68 787 89 937 1382 360
internal_value=-7.84373e-13 0.00785084 -3.02573e-05 -0.00378576 -0.00679972 -0.0552638 -0.0376707 0.0241481 0.0286257 0.0641885 -0.00355595 -0.00694673 -0.0896759 0.0167128 4.58614e-05 0.00631818 0.000172366 0.00319156 0.0593746 0.00140816 0.0220987 0.0149223 0.0168663 -0.00248925 -0.0482458 -0.000839434 0.00225325 -0.00314103 0.00324325 -0.0361146
internal_weight=586317 2251 584066 11603 10473 657 587 1130 1080 271 9816 369 218 809 572463 9192 5362 5038 155 4883 774 3830 245 4109 143 3966 3555 2768 2319 449
internal_count=586317 2251 584066 11603 10473 657 587 1130 1080 271 9816 369 218 809 572463 9192 5362 5038 155 4883 774 3830 245 4109 143 3966 3555 2768 2319 449
is_linear=0
shrinkage=0.05


Tree=177
num_leaves=31
num_cat=0
split_feature=3 1 8 12 7 10 10 6 11 11 10 0 10 7 11 11 0 10 5 11 9 3 10 13 10 9 1 9 2 10
split_gain=55.036 88.4434 90.397 83.7147 92.854 123.71 104.614 106.74 134.359 94.2457 87.778 86.0385 93.925 81.8883 182.849 323.254 111.123 87.9624 83.1787 75.4273 100.151 125.729 137.339 155.346 100.126 115.692 134.491 87.9768 86.7599 232.712
threshold=28.567762374877933 27.419076919555668 56.545053482055671 19.250000000000004 28.56797027587891 0.54883790016174328 -0.49750867486000055 11.201243400573732 -0.71464690566062916 0.94968265295028698 -0.24284747242927548 0.30414754152297979 0.047320950776338584 32.630838394165046 -0.90878397226333607 -0.87792757153511036 62.201110839843757 -0.25118774175643915 32.314928054809577 0.99548450112342846 29.817021369934086 29.840383529663089 -0.055916473269462579 80.250000000000014 0.012910176534205677 31.874295234680179 30.901343345642093 28.799597740173343 0.15296494215726855 0.95236876606941234
decision_type=2 2 2 2 2 2 2 2 2 2 2 2 2 2 2 2 2 2 2 2 2 2 2 2 2 2 2 2 2 2
left_child=1 2 3 -1 5 9 7 8 -6 -5 -8 12 -11 16 17 -16 18 -15 -3 28 21 27 23 -23 -22 -26 -27 -21 -2 -30
right_child=19 13 -4 4 6 -7 10 -9 -10 11 -12 -13 -14 14 15 -17 -18 -19 -20 20 24 22 -24 -25 25 26 -28 -29 29 -31
leaf_value=0.0001873607496870309 0.00032819291616750204 0.0028474632873964913 0.02725267511048763 0.01283939106817155 0.061170661236558649 -0.061736682351938514 -0.050194430513546801 -0.055576533388529886 -0.0061100700299583175 -0.011510023091844263 -0.017477597399886174 -0.032647731957410504 0.011663612478134217 0.069484856379804782 -0.12763249212077685 -0.013076004974800527 0.026059346173631138 -0.00093408891341972106 0.05097709389093022 -0.012163322623321281 0.0059729001925803177 -0.056437759192116577 -0.011681932891846705 0.016165869443544322 -0.00054172355079326725 -0.052790386664744726 -0.0094908289666550596 0.0036700497599367523 -0.0015544583029274764 0.0085777142052038662
leaf_weight=16744 375579 34992 278 881 105 86 286 66 253 1154 724 276 704 81 70 512 529 98 90 1603 3459 387 1439 91 2437 249 641 1938 134649 5916
leaf_count=16744 375579 34992 278 881 105 86 286 66 253 1154 724 276 704 81 70 512 529 98 90 1603 3459 387 1439 91 2437 249 641 1938 134649 5916
internal_value=5.68766e-13 0.00146304 -0.00107468 -0.00144477 -0.00747087 -0.00260561 -0.0179919 0.00285146 0.0136231 -0.000918957 -0.026742 -0.00659895 -0.00272949 0.0029671 -0.0132621 -0.0268543 0.00331391 0.0309315 0.00297094 -0.000160398 -0.00403906 -0.00908132 -0.0193952 -0.0426157 1.64536e-05 -0.00617632 -0.021605 -0.00349767 -6.83881e-05 -0.00112802
internal_weight=586317 57929 21557 21279 4535 3101 1434 424 358 3015 1010 2134 1858 36372 761 582 35611 179 35082 528388 12244 5458 1917 478 6786 3327 890 3541 516144 140565
internal_count=586317 57929 21557 21279 4535 3101 1434 424 358 3015 1010 2134 1858 36372 761 582 35611 179 35082 528388 12244 5458 1917 478 6786 3327 890 3541 516144 140565
is_linear=0
shrinkage=0.05


Tree=178
num_leaves=31
num_cat=0
split_feature=10 10 11 11 0 9 11 10 5 0 9 5 1 1 5 9 8 5 7 9 3 5 11 1 1 10 12 9 10 6
split_gain=53.8629 345.432 319.468 372.959 295.416 289.708 249.721 240.912 538.972 488.205 278.478 247.001 295.898 240.319 237.16 267.744 206.257 241.386 300.335 203.754 202.464 202.148 198.498 311.487 278.335 312.258 347.58 195.911 256.054 193.886
threshold=-0.98521098494529713 -0.97109106183052052 -0.14153505116701123 -0.09024826809763907 0.98818287253379833 31.006347656250004 0.21771516650915149 -0.99466162919998158 31.297702789306644 0.26792560517787939 30.139940261840824 31.422794342041019 32.091121673583991 31.549039840698246 30.458487510681156 26.860345840454105 1.0000000180025095e-35 30.649332046508793 31.90236854553223 29.667792320251468 28.027479171752933 30.554695129394535 0.16704543679952624 31.6137228012085 31.396285057067875 -0.97873103618621815 15.750000000000002 33.306697845458991 -0.98211652040481556 0.35480695962905889
decision_type=2 2 2 2 2 2 2 2 2 2 2 2 2 2 2 2 2 2 2 2 2 2 2 2 2 2 2 2 2 2
left_child=2 5 4 7 -1 14 20 8 9 10 -4 12 29 -11 15 -2 17 18 -5 -16 -7 -22 24 -24 -23 26 -26 -28 -29 -9
right_child=1 -3 3 16 -6 6 -8 11 -10 13 -12 -13 -14 -15 19 -17 -18 -19 -20 -21 21 22 23 -25 25 -27 27 28 -30 -31
leaf_value=0.033239434607902268 -0.065748335186534945 7.6995974533508271e-05 -0.054672288979319007 -0.010110314286275963 0.0028507444829168811 -0.067686062599975796 -0.024985820288509993 -0.024383795956303869 -0.00031303394487208525 -0.0042964683875333573 -0.1418539659768655 -0.024648947925832422 0.037606891340070843 -0.11195606341066421 -0.049611628909968203 -0.0016835723794695148 0.0068631660233293996 0.0016560992600405007 -0.066004957140574014 -0.018950471854930109 0.025327292990206904 0.010032524854784805 -0.025724113010412105 0.015694619740768908 -0.0058889396196453473 -0.0011566924653980801 -0.047642299965051239 -0.027381005949514398 -0.1556969052082614 0.0100198195237187
leaf_weight=1491 176 541293 176 2064 1725 105 1049 740 835 345 191 1030 529 61 778 2223 13805 7979 272 1785 834 1066 557 2453 384 905 376 59 114 917
leaf_count=1491 176 541293 176 2064 1725 105 1049 740 835 345 191 1030 529 61 778 2223 13805 7979 272 1785 834 1066 557 2453 384 905 376 59 114 917
internal_value=5.07773e-12 -0.000115449 0.00198933 0.000328198 0.0169395 -0.00821317 -0.00226722 -0.0123631 -0.0281651 -0.058251 -0.100045 -0.00446213 0.0050495 -0.0204719 -0.0176821 -0.00638361 0.00286646 -0.0024825 -0.0166186 -0.0282577 0.00121036 0.0022824 -0.000967424 0.00803009 -0.0102934 -0.0220819 -0.0423792 -0.0679024 -0.111936 -0.0053445
internal_weight=586317 554157 32160 28944 3216 12864 7902 4824 1608 773 367 3216 2186 406 4962 2399 24120 10315 2336 2563 6853 6748 5914 3010 2904 1838 933 549 173 1657
internal_count=586317 554157 32160 28944 3216 12864 7902 4824 1608 773 367 3216 2186 406 4962 2399 24120 10315 2336 2563 6853 6748 5914 3010 2904 1838 933 549 173 1657
is_linear=0
shrinkage=0.05


Tree=179
num_leaves=31
num_cat=0
split_feature=7 3 10 3 10 1 1 3 1 10 10 5 10 3 3 1 1 11 9 11 10 11 9 9 11 5 11 11 10 11
split_gain=53.4185 92.6135 107.615 102.809 181.437 188.892 115.627 88.0339 150.388 72.5991 76.3567 61.7672 61.6349 63.9287 58.8745 247.79 198.543 205.371 318.545 289.435 166.422 170.97 169.044 166.474 178.702 276.948 149.289 139.659 460.68 137.662
threshold=43.405693054199226 40.744228363037116 0.50495636463165294 42.42724800109864 0.53436762094497692 42.090299606323249 41.521457672119148 42.42724800109864 42.090299606323249 0.7440970540046693 0.87795194983482372 43.40974426269532 0.5772862732410432 43.408536911010749 31.421188354492191 31.427606582641605 29.153871536254886 -0.92260536551475514 33.135114669799812 -0.81401595473289479 -0.99273952841758717 -0.09024826809763907 30.342226028442386 29.425127029418949 -0.97502842545509327 28.176776885986332 -0.72658059000968922 0.83824864029884349 -0.45972847938537592 -0.98208922147750843
decision_type=2 2 2 2 2 2 2 2 2 2 2 2 2 2 2 2 2 2 2 2 2 2 2 2 2 2 2 2 2 2
left_child=14 -2 7 -4 5 -5 -6 -3 -9 12 11 -11 13 -8 15 -1 17 -16 26 -20 21 22 -17 24 29 -26 -19 -18 -29 -22
right_child=1 2 3 4 6 -7 9 8 -10 10 -12 -13 -14 -15 16 20 27 18 19 -21 23 -23 -24 -25 25 -27 -28 28 -30 -31
leaf_value=-8.7407977414287668e-06 -0.041857697388955527 0.0063888142999660759 0.034503871548038564 -0.12919904687533193 0.073753565105563787 -0.012090521474491876 -0.047172503312393817 0.12288580206222832 0.021149213638688838 0.0085630736077944632 0.0065784500000210348 -0.043931570494823609 0.022221035981068636 0.0071596615570199088 0.041410929628416741 0.00018770938239446501 -0.00032245837358352134 0.063180292073128266 -0.12599802624934645 -0.012987239158082114 0.010334248714997168 -0.0028268086072641648 -0.07695744091293559 0.0077876922732401143 -0.03650789234278453 0.0001781305956497939 0.012097096331642465 -0.035269874069194504 -0.0026857898332356871 0.092884970635552955
leaf_weight=207776 91 112 266 51 61 106 71 64 84 78 325 199 578 228 546 123 332145 172 67 367 140 1674 168 21806 628 2845 849 1180 13438 79
leaf_count=207776 91 112 266 51 61 106 71 64 84 78 325 199 578 228 546 123 332145 172 67 367 140 1674 168 21806 628 2845 849 1180 13438 79
internal_value=-1.10449e-12 0.00758186 0.0096057 0.00560199 0.0010717 -0.0501321 0.00629183 0.0398337 0.0651434 0.00350943 -0.00986124 -0.0291497 0.0126875 -0.00574196 -3.00417e-05 0.000581234 -0.000442343 0.0152622 0.00544966 -0.0304336 0.00504479 -0.008976 -0.0443497 0.0061253 -0.00369325 -0.00645556 0.0207027 -0.000532966 -0.00531606 0.0401128
internal_weight=586317 2314 2223 1963 1697 157 1540 260 148 1479 602 277 877 299 584003 235239 348764 2001 1455 434 27463 1965 291 25498 3692 3473 1021 346763 14618 219
internal_count=586317 2314 2223 1963 1697 157 1540 260 148 1479 602 277 877 299 584003 235239 348764 2001 1455 434 27463 1965 291 25498 3692 3473 1021 346763 14618 219
is_linear=0
shrinkage=0.05


Tree=180
num_leaves=31
num_cat=0
split_feature=13 11 12 12 11 1 11 13 3 10 1 11 6 9 10 1 10 8 1 6 11 9 9 2 10 9 3 11 9 10
split_gain=52.3746 201.657 169.862 165.761 274.724 449.018 405.748 276.752 267.063 281.474 246.407 245.341 230.202 225.688 301.222 207.123 195.147 188.151 182.349 176.289 284.885 186.151 175.761 172.316 233.727 159.09 266.037 159.087 269.179 695.95
threshold=77.250000000000014 -0.07309242337942122 12.750000000000002 17.250000000000004 -0.63872575759887684 30.199495315551761 -0.71464690566062916 79.250000000000014 38.703609466552741 -0.030120026320219036 34.315080642700202 -0.5702211558818816 5.2329921722412118 36.223758697509773 -0.80392050743103016 34.258369445800788 0.81403854489326488 4.7451694011688241 33.260351181030281 0.42811988294124609 -0.52705818414688099 32.814941406250007 41.78544998168946 2.743537545204163 -0.11593352630734442 29.854121208190922 31.545034408569339 -0.91583034396171559 34.869119644165046 0.20088869333267215
decision_type=2 2 2 2 2 2 2 2 2 2 2 2 2 2 2 2 2 2 2 2 2 2 2 2 2 2 2 2 2 2
left_child=1 -1 -3 4 5 6 25 15 9 12 -11 13 17 14 -6 23 -15 -9 -19 -13 21 -21 27 -7 -25 26 -2 28 29 -5
right_child=3 2 -4 22 11 7 -8 8 -10 10 -12 19 -14 16 -16 -17 -18 18 -20 20 -22 -23 -24 24 -26 -27 -28 -29 -30 -31
leaf_value=-0.002737254852643309 0.02011641311850498 -0.0054509185103766662 0.0018015499668330736 -0.0041902726598354112 -0.023947520775021758 0.0067257140903786931 0.051777759468246067 0.012856900997500177 -0.0040374816046673178 0.039192034555823929 0.013856607332791171 -0.00025812802692706463 -0.010583158804289514 -0.029004536379608203 0.00892145023154408 -0.0043017573149303099 0.0083272554880403377 0.014944355625611467 -0.023632016957061651 0.056757488441216253 0.0032129631054804309 0.013847494228174976 0.0071819644751908666 -0.015509704723790577 0.0086011442679308076 0.0059036357311697731 0.1037825993463105 -0.00034356060956648184 -0.011639810295008097 0.025800970398865242
leaf_weight=70992 1387 9150 68625 19779 1024 12503 767 5658 3961 1165 5446 113694 1930 1883 2183 14964 430 507 774 394 24656 705 7000 2326 1770 3044 102 198626 8728 2144
leaf_count=70992 1387 9150 68625 19779 1024 12503 767 5658 3961 1165 5446 113694 1930 1883 2183 14964 430 507 774 394 24656 705 7000 2326 1770 3044 102 198626 8728 2144
internal_value=1.46245e-12 -0.000810447 0.000948318 0.000275552 0.00132998 0.00429408 0.0181456 0.00285472 0.00754765 0.010512 0.0183213 0.00017876 0.004691 -0.0101597 -0.00157366 -3.58471e-05 -0.0220643 0.00893932 -0.00836408 0.000588001 0.00432319 0.0292311 -0.000622662 0.00380987 -0.00509071 0.0124549 0.0258477 -0.000860943 -0.00421371 -0.00125722
internal_weight=586317 148767 77775 437550 201273 56304 5300 51004 19441 15480 6611 144969 8869 5520 3207 31563 2313 6939 1281 139449 25755 1099 236277 16599 4096 4533 1489 229277 30651 21923
internal_count=586317 148767 77775 437550 201273 56304 5300 51004 19441 15480 6611 144969 8869 5520 3207 31563 2313 6939 1281 139449 25755 1099 236277 16599 4096 4533 1489 229277 30651 21923
is_linear=0
shrinkage=0.05


Tree=181
num_leaves=31
num_cat=0
split_feature=3 9 4 11 10 7 13 10 10 7 5 10 11 11 11 9 1 11 10 1 3 10 12 9 10 3 10 9 3 7
split_gain=53.1983 79.8327 74.4359 289.377 423.315 315.058 143.355 128.728 122.699 194.121 150.452 122.125 102.902 464.049 302.491 461.108 331.754 293.507 520.491 731.999 541.635 647.822 449.561 336.265 284.894 438.948 390.876 450.168 278.54 465.577
threshold=28.245443344116214 24.838127136230472 12.957699775695803 -0.66483077406883229 -0.45972847938537592 27.168518066406254 78.250000000000014 -0.63874351978301991 -0.38168568909168238 25.500941276550297 29.141403198242191 -0.41327477991580958 -0.62538740038871754 -0.66483077406883229 -0.58427652716636647 35.669494628906257 34.258369445800788 -0.72658059000968922 -0.72660079598426808 39.321441650390632 31.328034400939945 0.7086201310157777 14.750000000000002 32.457199096679695 0.63209757208824169 36.473411560058601 0.67125374078750621 38.587604522705085 40.13878250122071 40.001266479492195
decision_type=2 2 2 2 2 2 2 2 2 2 2 2 2 2 2 2 2 2 2 2 2 2 2 2 2 2 2 2 2 2
left_child=1 -1 12 4 5 -4 -7 -8 10 -10 11 -6 13 17 15 -14 -17 24 23 20 -20 22 -22 -19 -2 26 27 -26 29 -24
right_child=2 -3 3 -5 8 6 7 -9 9 -11 -12 -13 14 -15 -16 16 -18 18 19 -21 21 -23 28 -25 25 -27 -28 -29 -30 -31
leaf_value=-0.009406644812853417 0.00069292027931166036 0.0020108258866451036 -0.060344640765393712 0.0019731516679963911 0.0092724433936001282 -0.036895173993377169 -0.02431441806513053 -0.00032932457236979341 -0.10005625643820133 -0.0041469459882954576 -0.0013206675960329276 0.063068499815439424 0.00067203966170928657 0.01310765185466941 -0.00019801856474356051 -0.14923732834046377 -0.020859045203689197 0.0034146333136895555 0.0090499750822810154 0.0084831772431470977 -0.01247725501649407 -0.0061529196159734699 -0.047885116056457872 0.04735425558185518 0.038063636897688574 0.003803623433597623 -0.011042392175071516 0.14081019863044306 0.065251481701053826 -0.14608543629750728
leaf_weight=1585 108924 44955 481 17955 210 678 986 1293 53 11574 718 212 4802 7705 361283 51 3795 1534 1348 3322 1111 2486 2433 608 1104 4451 364 118 51 127
leaf_count=1585 108924 44955 481 17955 210 678 986 1293 53 11574 718 212 4802 7705 361283 51 3795 1534 1348 3322 1111 2486 2433 608 1104 4451 364 118 51 127
internal_value=3.9938e-12 0.00162198 -0.000139849 -0.00239879 -0.00724287 -0.0228157 -0.0167111 -0.0107064 -0.00304929 -0.00458413 0.0126048 0.036298 1.27679e-05 0.00119055 -0.000419226 -0.0096605 -0.0225614 0.000473086 -0.00664193 -0.0110781 -0.0196782 -0.0259162 -0.0391165 0.0158868 0.0012789 0.0118516 0.0344378 0.0479852 -0.0504517 -0.0527568
internal_weight=586317 46540 539777 34160 16205 3438 2957 2279 12767 11627 1140 422 505617 135686 369931 8648 3846 127981 13020 10878 7556 6208 3722 2142 114961 6037 1586 1222 2611 2560
internal_count=586317 46540 539777 34160 16205 3438 2957 2279 12767 11627 1140 422 505617 135686 369931 8648 3846 127981 13020 10878 7556 6208 3722 2142 114961 6037 1586 1222 2611 2560
is_linear=0
shrinkage=0.05


Tree=182
num_leaves=31
num_cat=0
split_feature=12 13 11 1 7 3 10 0 5 10 12 2 10 10 10 8 13 11 5 1 11 10 5 5 9 11 7 3 12 10
split_gain=53.4715 155.878 153.431 209.301 223.55 132.386 123.207 122.048 120.49 112.329 103.99 101.124 95.5473 165.19 101.248 98.3385 92.1002 90.6992 178.12 464.791 120.128 285.572 317.36 239.799 193.034 154.292 791.21 703.471 567.179 537.28
threshold=13.750000000000002 78.250000000000014 -0.14153505116701123 32.809226989746101 37.246870040893562 37.834314346313484 -0.46735489368438715 0.30414754152297979 39.33873367309571 0.53436762094497692 12.250000000000002 18.583564758300785 -0.90149331092834462 -0.8520696461200713 -0.82391539216041554 7.664839744567872 79.250000000000014 -0.99981480836868275 34.742454528808601 33.394697189331062 -0.99862980842590321 -0.030120026320219036 32.249189376831062 35.079074859619148 32.931301116943366 -0.99626126885414112 32.892864227294929 32.053300857543952 17.250000000000004 -0.064507851377129541
decision_type=2 2 2 2 2 2 2 2 2 2 2 2 2 2 2 2 2 2 2 2 2 2 2 2 2 2 2 2 2 2
left_child=1 11 3 4 10 7 12 -5 -8 -7 -3 -1 15 -14 -15 -4 -12 18 -2 -20 21 22 24 -23 -19 26 29 -28 -29 -22
right_child=17 2 6 5 -6 9 8 -9 -10 -11 16 -13 13 14 -16 -17 -18 20 19 -21 25 23 -24 -25 -26 -27 27 28 -30 -31
leaf_value=-0.0022852344802614497 0.0031169769510631376 0.044773227717726009 -0.0047281543339715683 0.0078989104461680091 -0.07699821191795525 0.0091380453391857585 0.0015565830793757278 -0.0031330073494994998 -0.076197261840105057 -0.012057194518789761 0.010444024269485696 -0.012760251420908732 -0.034424708995911282 0.018743375671121092 -0.010136484435496623 0.015516398808480074 0.032793504505225432 -0.018023172784456282 0.12915164552945294 0.011575813652039163 -0.0073861921587269064 0.0039896338904969516 -0.04826719754361572 -0.033086033569705901 0.045626382769688091 0.0001526401380603594 0.038308868482150732 0.0026243453174703319 -0.046558784262701637 0.045397629720781769
leaf_weight=55937 2160 328 3062 8534 63 839 14244 3550 50 2452 2246 2403 672 336 3136 746 580 398 106 406 675 3510 768 498 170 473779 634 1218 1130 1687
leaf_count=55937 2160 328 3062 8534 63 839 14244 3550 50 2452 2246 2403 672 336 3136 746 580 398 106 406 675 3510 768 498 170 473779 634 1218 1130 1687
internal_value=2.4513e-13 -0.00105824 0.00131099 0.0046634 0.0162612 0.00223673 -0.00149078 0.00465799 0.0012846 -0.00665373 0.018124 -0.0027167 -0.00647963 -0.0117335 -0.00734166 -0.000762178 0.015031 0.00021545 0.00940214 0.0359177 0.000164782 -0.00729026 -0.0273098 -0.000617073 0.00102687 0.000247934 0.00869629 -0.00842627 -0.0210456 0.0303133
internal_weight=586317 99178 40838 18592 3217 15375 22246 12084 14294 3291 3154 58340 7952 4144 3472 3808 2826 487139 2672 512 484467 5344 1336 4008 568 479123 5344 2982 2348 2362
internal_count=586317 99178 40838 18592 3217 15375 22246 12084 14294 3291 3154 58340 7952 4144 3472 3808 2826 487139 2672 512 484467 5344 1336 4008 568 479123 5344 2982 2348 2362
is_linear=0
shrinkage=0.05


Tree=183
num_leaves=31
num_cat=0
split_feature=3 10 1 7 5 11 10 9 5 10 10 11 1 10 3 8 12 10 10 10 1 1 12 12 10 12 9 3 2 10
split_gain=51.3694 187.4 138.029 246.299 152.867 136.226 607.037 173.156 161.228 196.026 269.544 150.023 403.474 290.293 205.841 156.474 146.777 143.779 211.707 275.718 346.263 142.64 133.229 132.73 136.333 128.548 163.293 211.943 217.518 193.477
threshold=30.58529090881348 0.7324872910976411 30.901343345642093 25.926727294921879 35.005475997924812 0.83824864029884349 -0.40542197227478022 32.594768524169929 31.605974197387699 -0.48250326514244074 -0.45972847938537592 0.8189845383167268 29.953510284423832 0.54883790016174328 32.550685882568366 0.11438101902604104 14.250000000000002 -0.090250775218009935 0.45972847938537603 0.50495636463165294 32.352018356323249 28.964809417724613 16.750000000000004 14.250000000000002 -0.99273952841758717 19.250000000000004 31.529391288757328 34.096069335937507 2.0400922298431401 -0.11593352630734442
decision_type=2 2 2 2 2 2 2 2 2 2 2 2 2 2 2 2 2 2 2 2 2 2 2 2 2 2 2 2 2 2
left_child=1 2 -1 -4 23 11 7 8 21 16 -11 25 13 -13 15 -14 -10 -8 -19 20 -20 -7 -22 -5 -25 26 -2 28 -28 -30
right_child=5 -3 3 4 -6 6 17 -9 9 10 -12 12 14 -15 -16 -17 -18 18 19 -21 22 -23 -24 24 -26 -27 27 -29 29 -31
leaf_value=6.1975192391627832e-05 -0.00304924161104263 0.015680781244102809 -0.042464766148751713 -0.0051932898760812217 -0.066222029038377705 -0.07764314422948343 0.0058770850621968594 0.013608185021599229 -0.10475903957736708 -0.15228304497220302 -0.032577760056546418 -0.1060665012375126 0.024774445417164129 0.027340802900706892 -0.0095605728193267642 -0.016026172523522373 -0.024331590341784851 -0.0056307314274418926 0.0066624822131721474 -0.0040344828287876755 0.028885773041457424 -0.016510566294221533 0.073594166419700097 -0.0094429687591265788 0.0089051376944536947 0.0017800377387987274 0.0030206984268476983 -0.0012260111225768481 -0.0059743004553643245 0.0034058896434582772
leaf_weight=153481 54907 2069 272 2369 74 99 6199 319 62 88 101 123 2358 61 715 261 667 16411 1812 3268 378 2638 298 1093 13732 71165 77126 150670 14731 8770
leaf_count=153481 54907 2069 272 2369 74 99 6199 319 62 88 101 123 2358 61 715 261 667 16411 1812 3268 378 2638 298 1093 13732 71165 77126 150670 14731 8770
internal_value=-2.00028e-12 0.000723127 0.00054217 0.00474404 0.00548766 -0.000302899 -0.00341844 -0.0217202 -0.0248036 -0.0429363 -0.0883136 -3.83675e-05 0.0102391 -0.0618391 0.014217 0.0207084 -0.0311718 -0.000854413 -0.00273688 0.00551383 0.0180556 -0.0187218 0.0485945 0.00579628 0.00755239 -0.000134178 -0.000579062 -3.93418e-05 0.00173747 -0.00247384
internal_weight=586317 173090 171021 17540 17268 413227 32340 3974 3655 918 189 380887 3518 184 3334 2619 729 28366 22167 5756 2488 2737 676 17194 14825 377369 306204 251297 100627 23501
internal_count=586317 173090 171021 17540 17268 413227 32340 3974 3655 918 189 380887 3518 184 3334 2619 729 28366 22167 5756 2488 2737 676 17194 14825 377369 306204 251297 100627 23501
is_linear=0
shrinkage=0.05


Tree=184
num_leaves=31
num_cat=0
split_feature=10 10 11 11 0 9 11 10 5 11 10 5 0 9 5 1 3 9 9 8 5 7 3 5 11 1 1 10 12 9
split_gain=50.5921 315.301 284.38 329.808 265.881 257.333 224.202 223.948 326.452 281.96 212.905 480.139 433.883 243.65 223.516 269.223 213.16 208.113 192.532 186.152 216.659 272.048 183.55 180.747 179.886 283.567 252.32 273.851 324.962 186.643
threshold=-0.98521098494529713 -0.97109106183052052 -0.14153505116701123 -0.09024826809763907 0.98818287253379833 31.006347656250004 0.21771516650915149 -0.97505551576614369 31.892766952514652 0.20088311284780505 -0.99466162919998158 31.297702789306644 0.26792560517787939 30.139940261840824 31.328165054321293 32.091121673583991 31.117238998413089 26.860345840454105 31.254272460937504 1.0000000180025095e-35 30.649332046508793 31.90236854553223 28.027479171752933 30.554695129394535 0.16704543679952624 31.176130294799808 31.300760269165043 -0.97873103618621815 15.750000000000002 33.306697845458991
decision_type=2 2 2 2 2 2 2 2 2 2 2 2 2 2 2 2 2 2 2 2 2 2 2 2 2 2 2 2 2 2
left_child=2 5 4 10 -1 7 22 8 17 -10 11 12 13 -4 15 -12 -14 -2 -6 20 21 -5 -7 -24 26 -26 -25 28 -28 -30
right_child=1 -3 3 19 18 6 -8 -9 9 -11 14 -13 16 -15 -16 -17 -18 -19 -20 -21 -22 -23 23 24 25 -27 27 -29 29 -31
leaf_value=0.031496920884989156 -0.074718910535531383 7.1971591846150843e-05 -0.051784791058426809 -0.0095322211608864851 -0.018473970158560116 -0.064548752709691015 -0.023771038999928905 0.00096296321774409907 -0.072235653730765625 0.026397913288982479 -0.0046623761883610657 -0.00014089774352241821 -0.0053245586085285852 -0.13333283118045455 -0.022671064110812433 0.037090744046225643 -0.11373793488153472 -0.013751995918211629 0.015865738580560028 0.0065445554362815505 0.0015869604789395129 -0.062729543941906538 0.023862260234593594 0.010241861334876085 -0.032213386549936752 0.013484686472886849 -0.0044115097483272579 -0.0012558145813746269 -0.043710247387173419 -0.10490444348720106
leaf_weight=1491 147 541293 176 2064 663 105 1049 1310 491 85 1629 835 354 191 1081 506 52 2929 1062 13805 7979 272 834 1014 390 2620 394 926 386 184
leaf_count=1491 147 541293 176 2064 663 105 1049 1310 491 85 1629 835 354 191 1081 506 52 2929 1062 13805 7979 272 834 1014 390 2620 394 926 386 184
internal_value=3.63098e-12 -0.000111889 0.00192798 0.000360727 0.0160333 -0.00784839 -0.0022445 -0.0167726 -0.0231345 -0.0576804 -0.0115738 -0.0264289 -0.0548253 -0.0942253 -0.0041463 0.00523321 -0.01921 -0.0166656 0.00266735 0.00274764 -0.00233394 -0.0157264 0.00105061 0.00207135 -0.00100164 0.00756367 -0.0098796 -0.0206749 -0.0393285 -0.0634642
internal_weight=586317 554157 32160 28944 3216 12864 7902 4962 3652 576 4824 1608 773 367 3216 2135 406 3076 1725 24120 10315 2336 6853 6748 5914 3010 2904 1890 964 570
internal_count=586317 554157 32160 28944 3216 12864 7902 4962 3652 576 4824 1608 773 367 3216 2135 406 3076 1725 24120 10315 2336 6853 6748 5914 3010 2904 1890 964 570
is_linear=0
shrinkage=0.05


Tree=185
num_leaves=31
num_cat=0
split_feature=3 12 7 11 13 13 4 11 10 7 13 9 1 3 11 10 12 3 11 10 9 5 7 9 11 11 11 9 1 11
split_gain=50.479 73.0096 75.9074 124.539 70.7518 69.6856 68.8803 267.103 379.221 285.553 133.779 141.945 163.468 121.134 118.472 171.319 149.937 112.255 104.482 143.324 103.525 144.743 123.9 91.1385 89.1359 419.516 272.121 414.921 314.399 262.331
threshold=28.245443344116214 12.750000000000002 33.690311431884773 -0.85204595327377308 77.250000000000014 76.250000000000014 12.957699775695803 -0.66483077406883229 -0.45972847938537592 27.544954299926761 77.750000000000014 30.309617042541507 29.416313171386722 29.363496780395511 -0.98798605799674977 -0.11593352630734442 15.750000000000002 33.261857986450202 -0.79354220628738392 0.67125374078750621 25.9338493347168 27.763551712036136 26.476396560668949 32.164163589477546 -0.62538740038871754 -0.66483077406883229 -0.58427652716636647 35.595941543579109 34.042966842651374 -0.72658059000968922
decision_type=2 2 2 2 2 2 2 2 2 2 2 2 2 2 2 2 2 2 2 2 2 2 2 2 2 2 2 2 2 2
left_child=1 4 -3 -4 5 -1 24 8 9 -8 -11 -12 13 -13 15 -10 18 -17 -16 -20 21 -18 -22 -19 25 29 27 -26 -29 -2
right_child=6 2 3 -5 -6 -7 7 -9 14 10 11 12 -14 -15 16 17 20 23 19 -21 22 -23 -24 -25 26 -27 -28 28 -30 -31
leaf_value=0.0027558966837474036 0.0011864083312562712 0.0026624643359339506 -0.085841919836821046 0.0051866772953052444 0.0069433931321125578 -0.0080901839697788882 -0.052760290428583191 0.001891075938266745 -0.03930801449287704 -0.039009607354704587 0.013131059192896527 -0.017744517762493837 -0.0097600286280722509 -0.079474560726709942 -0.016702245931023253 -0.00066414252181885933 -0.082077015144750479 0.015488038259077698 0.029755491723201223 -0.026206349323814118 0.050877288751427031 0.023867725015669649 0.0039649492589944454 -0.02595957065549891 0.00073002386852185133 0.012437621938868364 -0.0001816690285271119 -0.14585823882371188 -0.019663895595464595 -0.0063019567459979449
leaf_weight=2136 114961 37836 64 91 1584 4829 609 17955 446 482 514 156 1515 162 1733 2512 80 155 314 180 144 54 6230 919 4765 7705 361283 50 3833 13020
leaf_count=2136 114961 37836 64 91 1584 4829 609 17955 446 482 514 156 1515 162 1733 2512 80 155 314 180 144 54 6230 919 4765 7705 361283 50 3833 13020
internal_value=1.34841e-12 0.00157999 0.00251942 -0.0323993 -0.00259476 -0.00476395 -0.000136228 -0.00230924 -0.00696315 -0.0217027 -0.0150169 -0.0100895 -0.0166009 -0.0491919 -0.00299398 -0.0100833 0.000278391 -0.00644856 -0.01092 0.00936454 0.00411043 -0.0393829 0.00502478 -0.0199778 1.05833e-05 0.00110675 -0.000391478 -0.00915657 -0.0212889 0.000424588
internal_weight=586317 46540 37991 155 8549 6965 539777 34160 16205 3438 2829 2347 1833 318 12767 4032 8735 3586 2227 494 6508 134 6374 1074 505617 135686 369931 8648 3883 127981
internal_count=586317 46540 37991 155 8549 6965 539777 34160 16205 3438 2829 2347 1833 318 12767 4032 8735 3586 2227 494 6508 134 6374 1074 505617 135686 369931 8648 3883 127981
is_linear=0
shrinkage=0.05


Tree=186
num_leaves=31
num_cat=0
split_feature=13 11 11 13 5 11 3 9 5 10 1 9 9 10 5 11 1 11 5 9 9 1 9 7 3 3 7 5 10 9
split_gain=50.51 120.617 182.992 148.797 184.44 128.91 347.515 136.066 210.464 121.188 203.791 130.373 119.352 114.197 126.845 113.508 148.857 145.25 226.967 302.416 132.14 155.619 117.966 136.07 137.766 110.238 107.613 101.841 97.8802 94.4286
threshold=81.750000000000014 -0.12447465583682059 -0.17552498728036878 83.750000000000014 35.983520507812507 -0.97502842545509327 33.936605453491218 34.616676330566413 35.676416397094734 -0.97505551576614369 31.518439292907718 33.052791595458991 35.749763488769538 -0.95236876606941212 30.738202095031742 -0.48248986899852747 32.284915924072273 -0.45205545425415034 33.833974838256843 35.290496826171882 28.512351989746097 28.514179229736332 32.526515960693366 31.934691429138187 29.765177726745609 32.249172210693366 28.745370864868168 33.985527038574226 -0.92263099551200856 28.447427749633793
decision_type=2 2 2 2 2 2 2 2 2 2 2 2 2 2 2 2 2 2 2 2 2 2 2 2 2 2 2 2 2 2
left_child=-1 2 3 5 -5 6 29 27 12 10 -7 25 -9 14 -11 20 22 18 -18 -20 21 -15 23 24 -17 -12 -23 -8 -25 -2
right_child=1 -3 -4 4 -6 9 7 8 -10 13 11 -13 -14 15 -16 16 17 -19 19 -21 -22 26 -24 28 -26 -27 -28 -29 -30 -31
leaf_value=0.00018670167483703646 0.038387389456047055 -0.0029296317960851772 0.019042290060328274 0.011893244279234246 -0.0043803102791692928 0.0083826406878415582 0.007664648538273585 -0.070316225110348005 -0.03679476526533066 0.03919484104764101 0.0055950571747962387 -0.12497356215921732 -0.17421684717902772 0.023418691288731811 0.0010461308472784041 0.0026117631358589192 0.029535744764459457 0.0018155626415619333 -0.14186676731063189 -0.025362959587592049 0.0030555200990084728 -0.036763194440325789 -0.050874985718911282 -0.029942539081509623 -0.038717239862238337 -0.066392040418174411 -0.0030180324627856075 -0.042215952513516938 0.049219054980584792 -0.0043476107846992006
leaf_weight=504641 134 44044 1344 5144 2632 256 187 59 261 397 90 52 52 224 483 337 129 3502 69 289 16050 571 267 56 502 130 403 226 129 3657
leaf_count=504641 134 44044 1344 5144 2632 256 187 59 261 397 90 52 52 224 483 337 129 3502 69 289 16050 571 267 56 502 130 403 226 129 3657
internal_value=3.53656e-12 -0.00115355 0.000925154 0.000254149 0.00638501 -0.00141791 -0.00910712 -0.0393871 -0.0613209 5.20914e-05 -0.0236365 -0.0537722 -0.11899 0.000586421 0.0182564 -0.000103813 -0.00651847 -0.00174241 -0.0273277 -0.0478176 0.00185986 -0.0141588 -0.0212758 -0.013558 -0.0221167 -0.0369428 -0.0228009 -0.0196308 0.0252566 -0.00283706
internal_weight=586317 81676 37632 36288 7776 28512 4576 785 372 23936 528 272 111 23408 880 22528 5280 3989 487 358 17248 1198 1291 1024 839 220 974 413 185 3791
internal_count=586317 81676 37632 36288 7776 28512 4576 785 372 23936 528 272 111 23408 880 22528 5280 3989 487 358 17248 1198 1291 1024 839 220 974 413 185 3791
is_linear=0
shrinkage=0.05


Tree=187
num_leaves=31
num_cat=0
split_feature=10 11 9 11 11 11 7 5 0 1 9 10 10 5 10 12 1 13 1 7 9 3 0 9 1 1 10 11 1 10
split_gain=49.434 173.774 332.063 173.869 203.721 200.747 138.827 135.159 121.832 104.767 103.718 136.865 113.134 161.882 109.125 156.226 139.72 103.976 131.981 98.8023 94.4596 285.93 90.9906 94.821 128.192 111.027 240.711 98.2576 104.737 89.1775
threshold=0.97109106183052074 -0.20930689573287961 41.78544998168946 -0.19244445115327832 -0.14153505116701123 0.047319635748863227 38.833320617675788 39.081501007080085 0.94097924232482921 37.352123260498054 39.57866287231446 0.99817630648612987 0.99373739957809459 36.551109313964851 0.98664879798889171 18.250000000000004 33.21458816528321 78.750000000000014 38.367088317871101 36.805358886718757 36.807399749755866 36.145484924316413 0.12120397016406061 36.544006347656257 35.073339462280281 37.535396575927741 0.99865758419036876 0.030119189061224464 37.73210525512696 0.94130858778953563
decision_type=2 2 2 2 2 2 2 2 2 2 2 2 2 2 2 2 2 2 2 2 2 2 2 2 2 2 2 2 2 2
left_child=29 2 8 6 9 22 7 -3 -2 -5 12 -12 14 -14 20 17 -17 -16 -19 -11 -7 -22 23 25 -25 -6 -27 28 -26 -1
right_child=1 3 -4 4 5 10 -8 -9 -10 19 11 -13 13 -15 15 16 -18 18 -20 -21 21 -23 -24 24 27 26 -28 -29 -30 -31
leaf_value=-9.0202062866744794e-06 0.011530896238505247 -0.01965602409332487 -0.10473417983216755 0.0025758109532667494 -0.0084107381108598101 0.0089123117010066755 0.0090801376046256502 -0.086963942199945465 0.042894240223799951 0.038695332691126523 -0.02318001009321595 0.032066626756417534 0.0015031373083372024 0.017991294332746911 -0.003125300483327432 0.087401209629347762 0.0055949570886328522 -0.016794509610227701 -0.07280273751259364 0.013200872638004053 -0.059061497226372085 0.0045682744577671807 0.0065265511204414877 0.058377523655288449 0.0034523785505628161 -0.094487803771740708 -0.012190212907190565 0.012930718822385254 -0.0076703649286545359 -0.0034703749640415437
leaf_weight=521997 2809 1102 59 2087 4260 5081 426 80 348 456 661 135 2825 3147 1757 54 1561 1128 116 2281 214 1009 1935 86 3028 122 327 899 7031 19296
leaf_count=521997 2809 1102 59 2087 4260 5081 426 80 348 456 661 135 2825 3147 1757 54 1561 1128 116 2281 214 1009 1935 86 3028 122 327 899 7031 19296
internal_value=-1.04053e-12 0.00159188 0.0127917 0.000730356 0.00137524 6.08504e-05 -0.0153917 -0.0242116 0.0149881 0.0110141 0.00382737 -0.0138103 0.00465851 0.0101917 0.00163247 -0.00420864 0.00833027 -0.0109565 -0.0220171 0.0174484 0.00590953 -0.00656563 -0.00370567 -0.00496253 -0.0024295 -0.0109033 -0.0345517 -0.00290672 -0.00432215 -0.00013241
internal_weight=586317 45024 3216 41808 40200 35376 1608 1182 3157 4824 17688 796 16892 5972 10920 4616 1615 3001 1244 2737 6304 1223 17688 15753 11044 4709 449 10958 10059 541293
internal_count=586317 45024 3216 41808 40200 35376 1608 1182 3157 4824 17688 796 16892 5972 10920 4616 1615 3001 1244 2737 6304 1223 17688 15753 11044 4709 449 10958 10059 541293
is_linear=0
shrinkage=0.05


Tree=188
num_leaves=31
num_cat=0
split_feature=13 11 11 11 7 10 7 10 10 1 5 3 13 10 10 9 10 1 12 13 7 1 9 10 10 3 1 7 11 11
split_gain=48.1414 177.139 123.531 230.322 177.421 181.287 289.946 185.073 286.431 192.514 180.858 146.142 205.378 190.664 195.883 271.709 618.935 263.613 257.956 185.689 188.321 150.825 185.321 257.931 280.744 161.522 145.523 145.044 285.765 307.86
threshold=76.750000000000014 -0.65187487006187428 0.42887605726718908 0.4597157090902329 35.979618072509773 0.7440970540046693 30.596981048583988 0.78829774260520946 0.82876241207122814 31.363744735717777 31.084535598754886 31.421188354492191 83.750000000000014 -0.030120026320219036 -0.16705007851123807 33.540763854980476 -0.09881922602653502 30.267227172851566 15.250000000000002 80.750000000000014 31.154527664184574 28.964809417724613 33.135114669799812 -0.38168568909168238 -0.67760851979255665 33.089862823486335 35.605012893676765 30.815472602844242 -0.99271196126937855 -0.99937036633491505
decision_type=2 2 2 2 2 2 2 2 2 2 2 2 2 2 2 2 2 2 2 2 2 2 2 2 2 2 2 2 2 2
left_child=1 -1 11 26 5 -5 -7 9 -9 10 -8 12 13 14 -2 18 -17 -18 -16 -20 -21 22 -13 24 -24 -25 -4 28 29 -23
right_child=2 -3 3 4 -6 6 7 8 -10 -11 -12 21 -14 -15 15 16 17 -19 19 20 -22 27 23 25 -26 -27 -28 -29 -30 -31
leaf_value=-0.0044415474906399788 0.0021820137369063129 0.0002948726347196551 -0.014448587264718139 -0.00091347007922329383 -0.014084984237572483 0.02903432145074657 0.017128842024720977 -0.01137548455802052 0.0050361488374368836 0.015196388207020073 -0.033826269931875472 0.031709806800607601 0.01809317510891759 0.010684159008864236 0.0060846882868755732 -0.027480771876955995 0.13442788367446895 0.037194347239797941 -0.039475075684301558 -0.026614162616595979 0.01856515149253107 -0.012145132669220295 -0.012265560729964368 -0.0026918985875126738 -0.136176783615543 0.079793776034072852 0.0091359382618870465 0.00042648644518884663 -0.0067269911840016827 0.043267855220135154
leaf_weight=27200 59955 71978 4581 149053 2383 1122 296 4051 7735 4108 423 818 2124 6195 924 331 107 200 1125 618 368 425 174 161 62 94 763 225020 13312 611
leaf_count=27200 59955 71978 4581 149053 2383 1122 296 4051 7735 4108 423 818 2124 6195 924 331 107 200 1125 618 368 425 174 161 62 94 763 225020 13312 611
internal_value=-5.02346e-13 -0.00100411 0.00020443 -0.000861249 -0.000538405 -0.000344857 0.00443402 0.00277258 -0.000604741 0.0110189 -0.0128489 0.00079932 0.00277655 0.00231062 0.00149535 -0.00971311 0.0199475 0.0710836 -0.0159482 -0.0255922 -0.00975211 0.000208254 0.0171342 -0.00714857 -0.0448185 0.0277146 -0.0110813 0.000115693 -0.00475848 0.0205357
internal_weight=586317 99178 487139 174515 169171 166788 17735 16613 11786 4827 719 312624 71947 69823 63628 3673 638 307 3035 2111 986 240677 1309 491 236 255 5344 239368 14348 1036
internal_count=586317 99178 487139 174515 169171 166788 17735 16613 11786 4827 719 312624 71947 69823 63628 3673 638 307 3035 2111 986 240677 1309 491 236 255 5344 239368 14348 1036
is_linear=0
shrinkage=0.05


Tree=189
num_leaves=31
num_cat=0
split_feature=13 0 11 3 9 5 9 9 11 9 11 10 7 11 11 11 3 11 11 1 10 10 10 5 10 5 9 11 10 10
split_gain=49.4552 100.151 106.08 358.763 222.231 232.489 195.782 135.109 129.156 295.637 219.569 118.734 118.682 117.24 579.789 231.809 213.448 187.254 171.131 123.652 256.156 194.442 504.992 166.547 202.897 152.151 254.673 244.838 179.575 160.355
threshold=81.250000000000014 20.480680465698246 -0.97502842545509327 34.096069335937507 34.869119644165046 37.343299865722663 36.302303314208991 28.376096725463871 -0.48248986899852747 28.512351989746097 -0.43663504719734186 0.20088869333267215 28.745370864868168 -0.70250144600868214 -0.72658059000968922 -0.65187487006187428 30.159691810607914 -0.58427652716636647 -0.61186373233795155 29.153871536254886 -0.63874351978301991 -0.57728627324104298 -0.5343676209449767 31.115818023681644 -0.63874351978301991 31.858806610107425 31.286525726318363 -0.86092913150787342 -0.23448921740055081 -0.51973900198936451
decision_type=2 2 2 2 2 2 2 2 2 2 2 2 2 2 2 2 2 2 2 2 2 2 2 2 2 2 2 2 2 2
left_child=-1 2 3 7 -5 6 -6 -2 9 12 -10 -7 -4 14 19 -15 -16 18 -17 20 -11 23 -23 -21 -25 27 -27 28 -24 -28
right_child=1 -3 8 4 5 11 -8 -9 10 13 -12 -13 -14 15 16 17 -18 -19 -20 21 -22 22 25 24 -26 26 29 -29 -30 -31
leaf_value=0.00021085781632082298 0.044777352655461677 0.0055339204016340137 -0.03089377822282896 -0.01280316906982909 -0.052323735961690543 -0.042161702900944703 -0.13742643857740949 -0.0033803172945498089 -0.020526381006938876 -0.08940482683694706 -0.0016462373586967464 0.03634034763161953 -0.0025789213253896558 0.024242598136083041 0.031342652680121742 0.0039050859266254487 -0.044457985333392069 0.011246391423609843 -0.023331678618268598 -0.00072546597572914723 -0.0043312068162077617 -0.041462812784893527 0.018996766252986928 0.014930038973001171 0.062878540809706132 -0.029250995590079182 -0.052435817169707001 0.079603553398929799 -0.021035113952183611 0.005041210608003591
leaf_weight=484222 150 5546 895 636 160 186 117 5016 1578 104 63823 65 631 1809 104 1449 868 3440 958 511 593 619 1685 528 379 604 123 145 336 9037
leaf_count=484222 150 5546 895 636 160 186 117 5016 1578 104 63823 65 631 1809 104 1449 868 3440 958 511 593 619 1685 528 379 604 123 145 336 9037
internal_value=-1.07392e-12 -0.00100007 -0.0013754 -0.00763231 -0.0327092 -0.0566868 -0.0882696 -0.00198201 -0.000936395 0.00213465 -0.00210178 -0.0218325 -0.0191856 0.00353147 0.00104924 0.00860099 -0.0363476 0.00376164 -0.0069353 0.00352808 -0.0170251 0.00455376 0.00257064 0.0221039 0.0349659 0.00485536 0.00219584 0.0168441 0.0123413 0.00426941
internal_weight=586317 102095 96549 6330 1164 528 277 5166 90219 24818 65401 251 1526 23292 15636 7656 972 5847 2407 14664 697 13967 12549 1418 907 11930 9764 2166 2021 9160
internal_count=586317 102095 96549 6330 1164 528 277 5166 90219 24818 65401 251 1526 23292 15636 7656 972 5847 2407 14664 697 13967 12549 1418 907 11930 9764 2166 2021 9160
is_linear=0
shrinkage=0.05


Tree=190
num_leaves=31
num_cat=0
split_feature=3 1 7 10 10 10 9 10 11 11 11 11 12 10 10 11 10 11 0 5 9 9 10 13 10 10 10 5 7 10
split_gain=48.4352 111.726 115.359 114.382 229.154 139.412 139.32 155.085 275.057 193.623 194.585 131.802 116.944 134.327 234.277 227.912 157.387 276.65 144.24 159.62 132.975 113.952 112.717 126.608 110.631 205.558 127.824 122.026 103.281 103.059
threshold=29.801715850830082 29.015290260314945 24.816866874694828 -0.99052327871322621 -0.98521098494529713 -0.9976210594177245 32.666759490966804 -0.61188074946403492 -0.74979865550994862 -0.58427652716636647 -0.22610731422901151 0.030119189061224464 13.750000000000002 -0.97505551576614369 -0.96230018138885487 0.20088311284780505 -0.92913278937339772 0.31717954576015478 4.7598819732666025 32.414970397949226 30.374980926513675 27.018005371093754 0.15005400776863101 79.250000000000014 -0.25118774175643915 -0.30081701278686518 -0.20088869333267209 29.141403198242191 31.681015968322757 0.75548630952835094
decision_type=2 2 2 2 2 2 2 2 2 2 2 2 2 2 2 2 2 2 2 2 2 2 2 2 2 2 2 2 2 2
left_child=1 29 -3 5 -5 11 12 8 -8 -10 -11 -4 -6 15 -15 20 17 28 22 21 -14 -20 -18 -24 25 27 -26 -9 -16 -1
right_child=-2 2 3 4 6 -7 7 24 9 10 -12 -13 13 14 16 -17 18 -19 19 -21 -22 -23 23 -25 26 -27 -28 -29 -30 -31
leaf_value=-0.00054770504541904071 -0.00023071589291739328 -0.024451019667709867 0.011906537631503455 0.028775110661639042 -0.0012529580094165823 -0.018449728740529331 -0.095140459413784725 -0.058772792253229358 0.033164019920707992 -0.040666862339029719 0.011211122526906264 -0.026293385774798977 -0.027996085943828127 0.032275698242988558 0.00091797043080324664 -0.091609836744306533 0.0021742657154902121 -0.077895779073393595 -0.024607594245230981 0.066702701249981636 0.028228117278620096 0.013414441277280309 0.018169038743239174 0.004205262374860989 -0.068944497023885318 0.11133148195379872 -0.0013145842485911146 0.023745613000638956 -0.049524875476016805 0.033729309852298515
leaf_weight=67916 466166 390 1102 874 9692 1361 116 54 180 564 266 284 257 788 995 92 21163 144 206 136 178 4539 2628 4246 74 59 1251 263 113 220
leaf_count=67916 466166 390 1102 874 9692 1361 116 54 180 564 266 284 257 788 995 92 21163 144 206 136 178 4539 2628 4246 74 59 1251 263 113 220
internal_value=3.07271e-12 0.00089514 0.00264019 0.00284485 0.00340279 -0.00708278 0.00294084 -0.00782711 -0.0222209 -0.013846 -0.0240409 0.00407914 0.00361466 0.00494415 0.00532186 -0.020111 0.00470027 -0.0126996 0.00536206 0.0132945 -0.0049894 0.0117637 0.00398109 0.00954376 0.00170105 0.0256381 -0.00509165 0.00968885 -0.00422647 -0.00043703
internal_weight=586317 120151 52015 51625 48878 2747 48004 2827 1126 1010 830 1386 45177 35485 34958 527 34170 1252 32918 4881 435 4745 28037 6874 1701 376 1325 317 1108 68136
internal_count=586317 120151 52015 51625 48878 2747 48004 2827 1126 1010 830 1386 45177 35485 34958 527 34170 1252 32918 4881 435 4745 28037 6874 1701 376 1325 317 1108 68136
is_linear=0
shrinkage=0.05


Tree=191
num_leaves=31
num_cat=0
split_feature=3 1 11 4 12 10 10 10 10 10 10 2 9 10 3 12 12 13 11 11 1 10 9 10 7 11 10 7 11 1
split_gain=47.8646 80.3899 326.836 160.813 147.665 185.791 134.85 211.53 134.626 168.216 132.708 110.61 108.533 91.3408 82.6155 79.9557 76.5604 120.437 128.782 136.348 111.588 105.443 146.78 124.3 116.488 114.289 139.864 109.931 115.414 104.127
threshold=27.948163032531742 27.163667678833011 0.77756834030151378 9.9883728027343768 15.750000000000002 -0.29259762167930597 -0.46735489368438715 -0.54883790016174305 -0.42109696567058558 -0.29259762167930597 -0.24284747242927548 0.24408403784036639 29.817021369934086 -0.7721494436264037 29.648946762084964 12.750000000000002 18.250000000000004 78.750000000000014 -0.98518359661102284 -0.88603779673576344 29.990586280822757 -0.48250326514244074 30.724729537963871 -0.57023701071739186 27.544954299926761 -0.74979865550994862 -0.90880924463272084 32.034252166748054 -0.27608674764633173 29.990586280822757
decision_type=2 2 2 2 2 2 2 2 2 2 2 2 2 2 2 2 2 2 2 2 2 2 2 2 2 2 2 2 2 2
left_child=15 2 3 11 5 -4 7 -6 -8 -10 -11 14 13 -13 -2 -1 17 21 -19 -20 -21 22 23 -17 -23 -24 27 28 -27 -26
right_child=1 -3 4 -5 6 -7 8 -9 9 10 -12 12 -14 -15 -16 16 -18 18 19 20 -22 24 25 -25 29 26 -28 -29 -30 -31
leaf_value=-0.003019201181705925 0.01094948339406962 -6.3371292773010371e-05 -0.029693816948937385 -0.019151241414269098 -0.055921719935205255 0.029108335392134373 -0.10261745579148594 0.049246716700658638 0.032087143674505422 -0.10169141882021603 -0.037549270582265253 -0.022481614630669357 -0.01598929755278963 0.023299379275242303 0.04052920763409442 0.0043319390893639181 -3.3754636788333451e-05 -0.047886094453116493 0.04053184915268334 0.013235782768131157 -0.020755104148395584 -0.00041246312385644361 -0.077889369605109102 -0.016046204072057892 0.010838875384599067 -0.075717346765490814 0.0052977762446324858 -0.10299656430983709 -0.0082465028656932577 0.046499153150058856
leaf_weight=7179 693 544282 321 647 90 231 95 102 74 96 504 139 614 504 358 4786 13108 86 430 3224 261 2909 80 887 3614 86 405 54 241 217
leaf_count=7179 693 544282 321 647 90 231 95 102 74 96 504 139 614 504 358 4786 13108 86 430 3224 261 2909 80 887 3614 86 405 54 241 217
internal_value=-1.14306e-12 -0.000118203 -0.00679763 0.00287889 -0.0256966 -0.00508639 -0.0375351 -5.0988e-05 -0.0468939 -0.0390397 -0.047812 0.00905458 -0.000954245 0.0134027 0.0210252 0.00172661 0.00284778 0.00503362 0.0126382 0.0139678 0.0106901 0.00274233 -0.00178113 0.00114572 0.00713088 -0.0209543 -0.0151594 -0.0369053 -0.0259911 0.0128588
internal_weight=586317 548750 4468 2955 1513 552 961 192 769 674 600 2308 1257 643 1051 37567 30388 17280 4001 3915 3485 13279 6539 5673 6740 866 786 381 327 3831
internal_count=586317 548750 4468 2955 1513 552 961 192 769 674 600 2308 1257 643 1051 37567 30388 17280 4001 3915 3485 13279 6539 5673 6740 866 786 381 327 3831
is_linear=0
shrinkage=0.05


Tree=192
num_leaves=31
num_cat=0
split_feature=12 13 11 1 1 3 12 13 1 11 5 1 11 10 5 9 9 7 9 7 11 7 3 12 10 9 3 11 10 5
split_gain=46.4122 147.572 127.004 136.811 97.3651 90.303 88.9385 133.351 83.5985 79.0368 164.767 438.361 111.573 256.606 283.841 213.927 176.083 140.601 160.899 138.726 132.472 702.074 635.889 731.917 475.934 518.993 474.465 277.657 195.728 251.433
threshold=13.750000000000002 79.250000000000014 -0.14153505116701123 34.150571823120124 30.062276840209964 36.229194641113288 12.250000000000002 77.750000000000014 30.026032447814945 -0.99981480836868275 34.43383979797364 32.92625808715821 -0.99862980842590321 -0.030120026320219036 32.249189376831062 32.630741119384773 32.931301116943366 32.934041976928718 35.366125106811531 35.442277908325202 -0.99626126885414112 32.892864227294929 32.770467758178718 16.750000000000004 -0.064507851377129541 32.226829528808601 32.550685882568366 -0.99049577116966236 -0.11593352630734442 33.588127136230476
decision_type=2 2 2 2 2 2 2 2 2 2 2 2 2 2 2 2 2 2 2 2 2 2 2 2 2 2 2 2 2 2
left_child=1 6 3 5 -4 -3 7 8 -1 10 -2 -12 13 14 16 -15 -11 -16 -19 -20 21 24 -23 -24 25 -14 -26 28 -22 -30
right_child=9 2 4 -5 -6 -7 -8 -9 -10 12 11 -13 20 15 17 -17 -18 18 19 -21 27 22 23 -25 26 -27 -28 -29 29 -31
leaf_value=0.00096616633205890258 0.0018727981567533164 0.022589004446789508 0.0083124812456912226 0.0044492539190403848 -0.0035419319892983554 -0.043729006142557585 -0.0028313193553321822 0.0056447952242619807 -0.0076578758993852206 -0.017404281643169057 0.12281538376377688 0.012168830000970382 0.022202554732018671 0.014359377221619483 -0.0057035514043287982 -0.00956305652143437 0.043386403355192782 -0.071640890167365814 0.038008371545260572 -0.061204317283641174 -0.026551712418691361 0.023483626286372156 0.0091802546407915835 -0.052559288279226041 0.025753930139342376 -0.072751285925131443 0.084305680916000769 0.0003040577607788988 0.0020641507608273389 -0.017885581133487989
leaf_weight=6951 2041 1630 2275 6285 7259 53 61257 8751 4717 398 108 523 467 1484 170 2524 170 457 72 69 1336 1040 868 1074 1201 208 486 465763 4118 2562
leaf_count=6951 2041 1630 2275 6285 7259 53 61257 8751 4717 398 108 523 467 1484 170 2524 170 457 72 69 1336 1040 868 1074 1201 208 486 465763 4118 2562
internal_value=1.73838e-12 -0.000985913 0.00318055 0.00783961 -0.000713236 0.0205006 -0.00187873 0.00097905 -0.00252026 0.000200725 0.00877647 0.0311068 0.000153427 -0.00703126 -0.0260084 -0.000705549 0.000790114 -0.0458281 -0.0572348 -0.0105425 0.000233563 0.00806177 -0.00806749 -0.0249641 0.0284248 -0.0070573 0.0426218 0.000145264 -0.00908131 -0.00558723
internal_weight=586317 99178 17502 7968 9534 1683 81676 20419 11668 487139 2672 631 484467 5344 1336 4008 568 768 598 141 479123 5344 2982 1942 2362 675 1687 473779 8016 6680
internal_count=586317 99178 17502 7968 9534 1683 81676 20419 11668 487139 2672 631 484467 5344 1336 4008 568 768 598 141 479123 5344 2982 1942 2362 675 1687 473779 8016 6680
is_linear=0
shrinkage=0.05


Tree=193
num_leaves=31
num_cat=0
split_feature=13 12 11 5 9 10 7 3 10 1 9 1 7 10 10 3 10 10 5 11 11 9 1 11 1 11 10 11 11 3
split_gain=47.0509 114.579 161.528 429.764 259.641 213.506 166.571 199.717 182.169 154.504 138.822 211.336 136.775 412.701 596.845 248.416 165.419 139.36 133.823 130.628 271.423 252.933 263.929 157.023 233.091 170.969 282.179 233.296 516.63 418.895
threshold=80.250000000000014 17.250000000000004 -0.97502842545509327 33.588127136230476 33.009521484375007 -0.064507851377129541 40.933967590332038 37.635828018188484 0.13301347196102145 33.441390991210945 29.817021369934086 33.305685043334968 32.193466186523445 0.16705007851123813 0.030120026320219043 32.116279602050788 -0.09881922602653502 0.16705007851123813 37.170219421386726 -0.49749487638473505 -0.42108526825904841 27.917654037475589 28.750182151794437 -0.5702211558818816 37.083139419555671 -0.61186373233795155 0.81403854489326488 -0.70250144600868214 -0.72658059000968922 30.125082015991214
decision_type=2 2 2 2 2 2 2 2 2 2 2 2 2 2 2 2 2 2 2 2 2 2 2 2 2 2 2 2 2 2
left_child=-1 -2 3 10 -5 -6 7 8 -7 -10 11 -3 13 14 -12 17 -17 -14 -9 21 -21 22 -4 25 -25 27 -27 28 -23 -30
right_child=1 2 19 4 5 6 -8 18 9 -11 12 -13 15 -15 -16 16 -18 -19 -20 20 -22 23 -24 24 -26 26 -28 -29 29 -31
leaf_value=0.00025774139699846478 0.0034258879028191166 0.0090535682546666659 0.013580537091263813 0.00045827377476345774 0.029458725168023354 -0.051293242361547968 0.04805894460230363 -0.15885146498680114 0.0066252417981963636 -0.04170908914763672 -0.019466862589571754 0.092888613836264899 0.014080746402301543 -0.083325249530119647 0.032483545561478387 0.023025820665813133 -0.022721252788834044 0.070522481660979491 -0.065276251044584274 -0.015232248658367704 -0.0012111620902249447 0.002534344100542802 -0.029159929977484674 0.020827688413601639 -0.0078007362003455613 -0.020668442496395562 0.028028508303557628 0.012896793678378661 0.031833189896127122 -0.041073114387522584
leaf_weight=440467 14585 1045 510 727 121 815 53 50 353 311 2222 81 1234 186 736 254 890 120 162 3600 83745 21171 1238 2536 988 1713 360 4639 237 1168
leaf_count=440467 14585 1045 510 727 121 815 53 50 353 311 2222 81 1234 186 736 254 890 120 162 3600 83745 21171 1238 2536 988 1713 360 4639 237 1168
internal_value=-1.39102e-12 -0.000778379 -0.00124552 -0.00757536 -0.0248879 -0.0347681 -0.0392242 -0.0419599 -0.0354542 -0.0160133 -0.000945041 0.0150843 -0.0041441 -0.0110833 -0.00654073 0.00458966 -0.0125641 0.019083 -0.0873459 -0.000759508 -0.00178905 0.00184251 -0.0166899 0.00282979 0.0128013 0.00162999 -0.0122117 0.00268432 0.000585829 -0.028775
internal_weight=586317 145850 131265 9360 2592 1865 1744 1691 1479 664 6768 1126 5642 3144 2958 2498 1144 1354 212 121905 87345 34560 1748 32812 3524 29288 2073 27215 22576 1405
internal_count=586317 145850 131265 9360 2592 1865 1744 1691 1479 664 6768 1126 5642 3144 2958 2498 1144 1354 212 121905 87345 34560 1748 32812 3524 29288 2073 27215 22576 1405
is_linear=0
shrinkage=0.05


Tree=194
num_leaves=31
num_cat=0
split_feature=10 11 11 10 9 12 10 2 11 1 5 7 9 9 1 12 7 3 10 1 12 10 10 5 4 10 11 1 12 9
split_gain=45.652 163.077 163.593 174.214 138.276 117.251 110.041 191.854 143.726 169.087 468.628 441.689 362.114 275.439 205.046 138.555 128.109 114.423 113.431 107.423 107.057 106.068 402.216 402.806 464.493 367.37 350.196 344.289 305.115 296.487
threshold=0.96683886647224437 -0.14153505116701123 -0.07309242337942122 0.9946616291999818 42.095750808715827 18.250000000000004 0.94970905780792247 0.21990396827459338 0.28434865176677709 35.913198471069343 35.079074859619148 34.553197860717781 35.073209762573249 35.828414916992195 36.905206680297859 18.250000000000004 35.593778610229499 35.600713729858406 0.91927745938301098 35.217159271240241 15.250000000000002 0.79356426000595104 0.79877197742462169 38.256908416748054 0.24630757421255114 0.75548630952835094 -0.51235243678092945 37.083139419555671 14.750000000000002 30.035624504089359
decision_type=2 2 2 2 2 2 2 2 2 2 2 2 2 2 2 2 2 2 2 2 2 2 2 2 2 2 2 2 2 2
left_child=6 4 3 5 -2 -3 18 8 -8 10 17 15 20 14 -13 -11 -15 -10 21 -7 -12 25 23 -23 -25 -1 27 28 -24 -28
right_child=1 2 -4 -5 -6 19 7 -9 9 11 12 13 -14 16 -16 -17 -18 -19 -20 -21 -22 22 26 24 -26 -27 29 -29 -30 -31
leaf_value=-0.00015115078038944354 0.0072350429840662804 -0.0061278627769859968 0.0013955183260020553 -0.015606699539992278 -0.055687604196877641 0.053289091889319629 -0.0029698214267536108 0.019031836202364483 -0.0027770765785131964 -0.044322456166429346 -0.030838704408436526 0.014791693502387668 -0.018674379530807816 -0.087005803164313833 0.089970934793031476 -0.16035416932404042 -0.0049000675571187983 -0.073618806102313111 0.0041072844538814655 0.0078221058562162726 -0.10326386715631741 -0.00486289914050155 0.0038263625624946861 -0.039394534810598764 -0.15877203124307812 0.0089933783558250272 0.031786008796366443 5.3710681821872574e-05 0.034211277909694832 -0.0044440845018972096
leaf_weight=452853 11168 2096 30552 3216 88 150 7347 772 1140 53 61 261 316 51 139 50 694 60 16080 970 312 902 1558 612 94 11256 574 6331 1759 34802
leaf_count=452853 11168 2096 30552 3216 88 150 7347 772 1140 53 61 261 316 51 139 50 694 60 16080 970 312 902 1558 612 94 11256 574 6331 1759 34802
internal_value=-2.6879e-12 0.00147351 -0.000130285 -0.00737785 0.00674311 0.000850997 -0.000132104 -0.00502385 -0.00679521 -0.0157545 -0.0251898 -0.00147288 -0.058056 0.0074486 0.0409165 -0.100649 -0.0105207 -0.00631916 -2.75873e-05 0.0139114 -0.0914195 -0.000157768 -0.00243093 -0.0270027 -0.055289 7.06308e-05 -0.00155337 0.00689046 0.0199394 -0.00385623
internal_weight=586317 48240 36984 6432 11256 3216 538077 11256 10484 3137 1889 1248 689 1145 400 103 745 1200 526821 1120 373 510741 46632 1608 706 464109 45024 9648 3317 35376
internal_count=586317 48240 36984 6432 11256 3216 538077 11256 10484 3137 1889 1248 689 1145 400 103 745 1200 526821 1120 373 510741 46632 1608 706 464109 45024 9648 3317 35376
is_linear=0
shrinkage=0.05


Tree=195
num_leaves=31
num_cat=0
split_feature=4 11 10 11 10 12 7 3 10 10 3 9 1 5 10 9 5 10 10 10 10 5 3 5 7 3 10 11 10 7
split_gain=44.949 252.237 404.576 179.817 168.593 158.316 142.654 215.545 122.495 139.579 116.08 132.261 134.632 190.379 117.909 116.037 106.602 102.741 106.736 100.418 180.504 107.294 90.3822 89.2325 89.1729 88.2434 94.1523 86.9025 242.876 241.42
threshold=12.957699775695803 -0.66483077406883229 -0.45972847938537592 -0.98798605799674977 -0.11593352630734442 15.750000000000002 27.544954299926761 27.55761814117432 0.60505047440528881 0.67125374078750621 25.515925407409672 25.9338493347168 27.01949501037598 29.235082626342777 -0.16705007851123807 27.295834541320804 27.763551712036136 -0.61188074946403492 -0.72660079598426808 -0.65189296007156361 -0.57728627324104298 27.547017097473148 33.261857986450202 25.516271591186527 31.934691429138187 30.29670333862305 -0.25118774175643915 -0.99626126885414112 -0.012910176534205673 32.258707046508796
decision_type=2 2 2 2 2 2 2 2 2 2 2 2 2 2 2 2 2 2 2 2 2 2 2 2 2 2 2 2 2 2
left_child=27 2 6 4 -4 8 7 17 -5 -10 -7 16 14 15 24 25 -12 18 -2 -9 -21 -22 -6 -8 -13 26 -14 28 29 -1
right_child=1 -3 3 5 22 10 23 19 9 -11 11 12 13 -15 -16 -17 -18 -19 -20 20 21 -23 -24 -25 -26 -27 -28 -29 -30 -31
leaf_value=0.0089151785961009717 -0.031104139045640911 0.0021954492606628905 -0.035292299620691359 -0.014634217384754403 -0.0013098326556345539 0.05443284853318503 -0.069495039854996984 -0.071996795475904554 0.030337515739895599 -0.021902024015640804 -0.060392479695103786 -0.00097175209717550678 -0.043894283207313672 0.0023697329667713403 -0.076075712134440754 0.025861343037564672 0.022730315864707033 -0.04661273600974758 0.036724139981228733 0.010241255796669672 -0.088212717831186893 -0.027876304195103188 -0.018513786335665108 -0.01250911683179701 -0.065976973300178848 0.048720658216320101 0.013685099201859863 1.7941818115868474e-05 0.0093740568501122761 -0.012647691287084871
leaf_weight=2136 87 21109 579 2005 2640 119 70 296 361 198 135 437 155 5049 75 1694 54 95 174 150 143 152 1074 3686 60 61 131 531701 8382 3309
leaf_count=2136 87 21109 579 2005 2640 119 70 296 361 198 135 437 155 5049 75 1694 54 95 174 150 143 152 1074 3686 60 61 131 531701 8382 3309
internal_value=-3.52481e-13 -0.00160104 -0.00567319 -0.00157175 -0.0101971 0.00194339 -0.018204 -0.0340663 -0.00886364 0.0118341 0.00542008 0.00467717 0.00569643 0.00757898 -0.017638 0.0204656 -0.0366431 -0.00209065 0.0141147 -0.0494284 -0.0344167 -0.0571241 -0.0062848 -0.0135712 -0.00881946 -0.00587581 -0.0175205 0.000119709 0.00403305 -0.00418887
internal_weight=586317 40789 19680 14827 4293 10534 4853 1097 2564 559 7970 7851 7662 7090 572 2041 189 356 261 741 445 295 3714 3756 497 347 286 545528 13827 5445
internal_count=586317 40789 19680 14827 4293 10534 4853 1097 2564 559 7970 7851 7662 7090 572 2041 189 356 261 741 445 295 3714 3756 497 347 286 545528 13827 5445
is_linear=0
shrinkage=0.05


Tree=196
num_leaves=31
num_cat=0
split_feature=3 1 12 7 10 10 10 10 11 13 10 5 10 11 0 10 10 13 11 9 10 11 11 11 11 11 11 1 11 3
split_gain=45.4674 85.1763 88.1163 117.126 163.461 164.417 162.545 186.549 257.541 194.662 123.883 111.762 100.575 96.734 111.229 117.534 91.3171 87.9621 85.3661 181.061 126.839 82.9423 81.8266 110.869 109.254 100.458 166.731 161.51 155.669 100.427
threshold=28.796261787414554 27.93261814117432 18.750000000000004 28.56797027587891 0.54883790016174328 0.6186656951904298 -0.49750867486000055 -0.24284747242927548 0.95989713072776806 78.250000000000014 -0.55601230263710011 27.944066047668461 0.47494667768478399 0.94968265295028698 0.09513250365853311 -0.20931270718574521 -0.15855792164802548 78.250000000000014 -0.72658059000968922 30.070989608764652 -0.73831951618194569 0.99903711676597606 -0.98208922147750843 -0.95744973421096791 -0.9469526708126067 -0.80389818549156178 -0.71464690566062916 26.488616943359379 -0.48248986899852747 27.948163032531742
decision_type=2 2 2 2 2 2 2 2 2 2 2 2 2 2 2 2 2 2 2 2 2 2 2 2 2 2 2 2 2 2
left_child=1 2 12 4 13 -6 10 8 11 -10 18 -8 17 -4 15 -15 -9 -1 19 -5 -20 -18 -19 29 -25 -26 27 -27 -28 -24
right_child=-2 -3 3 6 5 -7 7 16 9 -11 -12 -13 -14 14 -16 -17 21 22 20 -21 -22 -23 23 24 25 26 28 -29 -30 -31
leaf_value=-0.0012496259087284003 -0.00015838121997908581 0.0028804032298484668 0.010631721854512607 0.068373819426497076 -0.10224197569947978 0.0037151300334844041 0.0087855727052661356 0.014386562220759975 -0.04600582920014859 -0.18552711059153082 0.04403279834695481 -0.041513675679389794 0.026588201006477338 -0.025018996348066966 -0.02745055671422399 0.0032303138461417602 -0.021011930924592116 -0.022909183905546249 0.010072066749178744 -0.022561235511158077 -0.034115592705284442 0.018372806865648416 0.074933600032215456 -0.057789768981324 0.034708734273832913 -0.102794058137198 0.043094996952927338 -0.0077164971744667736 0.0046833490633542054 -0.0087263460411637472
leaf_weight=16627 519145 36009 1741 111 78 69 147 301 50 50 163 444 377 424 434 2798 1109 232 317 108 333 152 111 66 306 67 282 134 4079 53
leaf_count=16627 519145 36009 1741 111 78 69 147 301 50 50 163 444 377 424 434 2798 1109 232 317 108 333 152 111 66 306 67 282 134 4079 53
internal_value=1.78115e-12 0.00122406 -0.000689844 -0.00491854 -0.000485548 -0.052507 -0.0124 -0.0199274 -0.041559 -0.115766 0.00403351 -0.0290027 0.000981827 0.000931379 -0.00368796 -0.000487162 -0.010358 0.000542168 -0.00346924 0.0235291 -0.0125656 -0.0162645 0.00613169 0.00745328 0.00610898 0.00697531 0.00511507 -0.039409 0.0071672 0.0478972
internal_weight=586317 67172 31163 8829 5544 147 3285 2253 691 100 1032 591 22334 5397 3656 3222 1562 21957 869 219 650 1261 5330 5098 4934 4868 4562 201 4361 164
internal_count=586317 67172 31163 8829 5544 147 3285 2253 691 100 1032 591 22334 5397 3656 3222 1562 21957 869 219 650 1261 5330 5098 4934 4868 4562 201 4361 164
is_linear=0
shrinkage=0.05


Tree=197
num_leaves=31
num_cat=0
split_feature=13 13 0 11 3 2 10 11 11 10 5 1 10 9 11 5 10 1 11 1 7 10 10 10 1 10 10 11 10 3
split_gain=44.5803 96.949 189.863 109.452 120.789 91.1575 171.965 290.145 208.747 298.232 258.679 377.453 354.179 358.599 210.076 339.789 205.577 199.24 186.845 364.429 450.191 647.126 203.512 252.414 180.773 177.049 273.117 175.778 314.577 212.157
threshold=81.750000000000014 83.250000000000014 0.33117501437664038 0.33345642685890203 31.922671318054203 0.18082440644502643 1.0000000180025095e-35 0.94415253400802623 -0.66483077406883229 -0.63874351978301991 30.263042449951175 31.363744735717777 -0.69016700983047474 30.788461685180668 -0.48248986899852747 30.709156036376957 -0.72660079598426808 27.93261814117432 -0.27608674764633173 32.251585006713874 31.712438583374027 -0.92263099551200856 -0.91585582494735707 -0.92263099551200856 27.532365798950199 -0.83354803919792164 -0.80392050743103016 -0.93533331155776966 0.47494667768478399 36.396553039550788
decision_type=2 2 2 2 2 2 2 2 2 2 2 2 2 2 2 2 2 2 2 2 2 2 2 2 2 2 2 2 2 2
left_child=5 -2 -3 4 -4 -1 7 8 9 10 12 17 16 -14 15 25 24 -12 19 20 22 -22 23 -16 -7 -10 -27 -8 29 -29
right_child=1 2 3 -5 -6 6 27 -9 14 -11 11 -13 13 -15 18 -17 -18 -19 -20 -21 21 -23 -24 -25 -26 26 -28 28 -30 -31
leaf_value=0.00058746847104215792 -0.0023677050816069091 -0.0015512456294151373 0.015582130346072354 -0.011426760146443248 0.0036168405757407924 0.011967677141519938 0.0064358803929113169 0.021043005492143808 0.028623914282348464 -0.0032110586422521787 -0.016622798376506671 -0.020327693629939927 -0.025384550750588198 -0.083273604522780764 -0.0036566643189254663 -0.0026637141452582683 0.0005767420655026236 0.024222823774962127 -0.00020848819640683611 0.0089813977188267953 -0.062174364763870837 -0.0070204979037697115 -0.017882789311416094 0.035491056720012883 -0.043479790211507004 -0.01912484820461427 0.016573995699937911 -0.0047699303361510206 0.0025431028081885337 -0.025635005398610178
leaf_weight=366745 52506 19783 3645 736 5006 188 13734 1343 1717 33476 408 1857 700 433 2665 5232 1208 1113 37306 2385 1000 1136 2038 487 674 690 2397 4519 19522 1668
leaf_count=366745 52506 19783 3645 736 5006 188 13734 1343 1717 33476 408 1857 700 433 2665 5232 1208 1113 37306 2385 1000 1136 2038 487 674 690 2397 4519 19522 1668
internal_value=-1.07638e-13 -0.00108373 0.00122744 0.00708348 0.00865828 0.000175401 -0.000920525 -0.00203812 -0.00235733 -0.00512393 -0.0148543 -0.00520149 -0.0250345 -0.0475081 -0.000414885 0.0061521 -0.0127337 0.0132662 -0.00181664 -0.00799454 -0.0135211 -0.0328416 -0.00556955 0.00239186 -0.0313868 0.0157533 0.00859466 0.00186909 -0.000570541 -0.0103951
internal_weight=586317 81676 29170 9387 8651 504641 137896 98453 97110 40057 6581 3378 3203 1133 57053 10036 2070 1521 47017 9711 7326 2136 5190 3152 862 4804 3087 39443 25709 6187
internal_count=586317 81676 29170 9387 8651 504641 137896 98453 97110 40057 6581 3378 3203 1133 57053 10036 2070 1521 47017 9711 7326 2136 5190 3152 862 4804 3087 39443 25709 6187
is_linear=0
shrinkage=0.05


Tree=198
num_leaves=31
num_cat=0
split_feature=13 11 11 10 3 10 3 10 10 7 10 9 1 12 5 10 10 6 0 9 12 3 10 10 9 5 12 10 10 6
split_gain=45.7428 156.588 115.264 254.538 283.234 259.961 444.758 292.328 201.818 244.29 224.533 183.603 178.914 161.081 155.174 147.751 269.359 136.553 210.549 136.335 128.893 129.732 160.257 167.537 316.983 359.415 276.222 222.255 324.046 173.541
threshold=76.750000000000014 -0.65187487006187428 0.56312987208366405 0.80392050743103038 36.065160751342781 -0.74981945753097523 30.056553840637211 -0.70252096652984608 0.7440970540046693 30.596981048583988 0.78829774260520946 30.503155708312992 31.23999118804932 19.750000000000004 30.931035995483402 -0.78297284245491017 -0.76109719276428212 1.0000000180025095e-35 0.09513250365853311 30.599422454833988 19.750000000000004 31.421188354492191 -0.030120026320219036 -0.15005400776863095 32.96919250488282 33.541278839111335 15.250000000000002 -0.09881922602653502 -0.064507851377129541 0.12858808040618899
decision_type=2 2 2 2 2 2 2 2 2 2 2 2 2 2 2 2 2 2 2 2 2 2 2 2 2 2 2 2 2 2
left_child=1 -1 20 5 11 6 15 17 13 -10 12 -5 14 -9 -11 -4 19 -7 -19 -17 21 22 23 -2 26 27 -25 -26 29 -29
right_child=2 -3 3 4 -6 7 -8 8 9 10 -12 -13 -14 -15 -16 16 -18 18 -20 -21 -22 -23 -24 24 25 -27 -28 28 -30 -31
leaf_value=-0.0042106663435646065 0.0020877000259426752 0.00024253194200620425 -0.016411214509008263 0.028745429913081488 -0.05094524426388175 0.014019081855473568 -0.0035131300004470826 -0.00047887420287915375 0.032246712306914137 0.018341530336948374 -0.0088137180873023423 -0.01421968147567116 0.014015271609697422 -0.0064127685465251733 -0.031648091884724061 -0.084645441688253026 -0.010402274340161742 -0.043960021697193277 0.018427334191284447 -0.033105917456016175 0.003619492516502384 -0.00018127467827390353 0.0099845673726278797 0.0036843440622630237 -0.0054606072990534809 -0.073968643877417486 -0.034281589131211494 0.021484183758147993 -0.014965622241319226 0.10874432538532548
leaf_weight=27200 60458 71978 843 286 482 4803 7603 112350 862 242 2296 1904 4183 12733 433 368 341 268 273 197 34272 232969 6153 753 259 94 1317 80 119 198
leaf_count=27200 60458 71978 843 286 482 4803 7603 112350 862 242 2296 1904 4183 12733 433 368 341 268 273 197 34272 232969 6153 753 259 94 1317 80 119 198
internal_value=-2.73607e-13 -0.000978777 0.000199272 -0.000951193 -0.0162458 -0.000674681 -0.00874289 -0.000129663 -0.000590042 0.00710096 0.00407109 -0.00860871 0.0101607 -0.00108292 -0.0137259 -0.031477 -0.0454951 0.0113366 -0.012478 -0.066675 0.000713443 0.000384091 0.00228112 0.00153206 -0.0103804 0.0174691 -0.0204708 0.0305715 0.0540786 0.0836335
internal_weight=586317 99178 487139 150467 2672 147795 9352 138443 133099 8016 7154 2190 4858 125083 675 1749 906 5344 541 565 336672 302400 69431 63278 2820 750 2070 656 397 278
internal_count=586317 99178 487139 150467 2672 147795 9352 138443 133099 8016 7154 2190 4858 125083 675 1749 906 5344 541 565 336672 302400 69431 63278 2820 750 2070 656 397 278
is_linear=0
shrinkage=0.05


Tree=199
num_leaves=31
num_cat=0
split_feature=3 1 11 4 12 10 10 9 10 10 10 10 3 7 11 11 12 9 10 10 10 10 11 9 7 12 1 9 2 13
split_gain=46.9103 73.9067 242.395 150.001 113.612 190.322 121.574 184.989 137.707 156.234 110.634 92.6545 81.4373 80.9748 177.428 77.5704 72.6483 72.5202 71.7304 73.0699 69.5165 67.8959 64.8653 71.6982 111.132 74.362 72.6676 62.797 59.7181 178.855
threshold=27.766191482543949 27.01949501037598 0.77756834030151378 8.5783624649047869 15.750000000000002 -0.29259762167930597 -0.46735489368438715 31.467846870422367 -0.42109696567058558 -0.29259762167930597 -0.24284747242927548 -0.40542197227478022 30.091538429260257 31.712438583374027 -0.49749487638473505 -0.72658059000968922 12.750000000000002 27.642139434814457 -0.79356426000595082 -0.99466162919998158 -0.95236876606941212 -0.46735489368438715 -0.72658059000968922 29.294579505920414 28.311470031738285 17.250000000000004 25.946461677551273 24.838127136230472 0.15296494215726855 83.750000000000014
decision_type=2 2 2 2 2 2 2 2 2 2 2 2 2 2 2 2 2 2 2 2 2 2 2 2 2 2 2 2 2 2
left_child=16 2 3 12 5 11 7 -6 -8 -10 -11 21 18 -14 -15 17 -1 -5 19 -2 -21 -4 23 24 -20 -26 -25 -18 -3 -30
right_child=1 28 4 15 6 -7 8 -9 9 10 -12 -13 13 14 -16 -17 27 -19 22 20 -22 -23 -24 26 25 -27 -28 -29 29 -31
leaf_value=-0.0029363541167215824 0.039711998933593617 0.00026009775546950736 -0.029263519784570605 0.024317117347655931 0.031528623909919035 0.031515389086559556 -0.1001902736353481 -0.080302929073572171 0.034731179642593112 -0.092553988019836719 -0.033513343867101142 -0.082034616172313696 0.052128925295499375 -0.058812826325973649 0.050926156532676785 0.0027052265025563132 -0.0098517838926547863 -0.039324600326407527 -0.0080497331363802559 -0.054627124310748003 -0.0071654664683836718 0.030383245689013311 0.023945327025732117 -0.070693897371929076 0.0060169303140913451 0.070824930468505173 -0.0061517585372742566 0.0034589510871335261 -0.0012653105821439155 0.0075890874870449074
leaf_weight=6414 56 400209 207 51 142 219 90 50 73 94 509 65 197 65 85 274 918 366 228 111 253 62 521 51 75 108 301 25486 143097 5940
leaf_count=6414 56 400209 207 51 142 219 90 50 73 94 509 65 197 65 85 274 918 366 228 111 253 62 521 51 75 108 301 25486 143097 5940
internal_value=2.83586e-12 -0.000108902 -0.00667473 0.00218627 -0.0227547 -0.00470916 -0.0331714 0.00240582 -0.0420889 -0.0343535 -0.042717 -0.0284612 0.00897424 0.0310527 0.0033726 -0.0179615 0.00183671 -0.0315411 0.00447821 -0.0134586 -0.0216387 -0.0155159 0.0103454 0.00105892 0.0152434 0.0442643 -0.015503 0.00299617 -5.80605e-05 -0.000912411
internal_weight=586317 553499 4253 2742 1511 553 958 192 766 676 603 334 2051 347 150 691 32818 417 1704 420 364 269 1284 763 411 183 352 26404 549246 149037
internal_count=586317 553499 4253 2742 1511 553 958 192 766 676 603 334 2051 347 150 691 32818 417 1704 420 364 269 1284 763 411 183 352 26404 549246 149037
is_linear=0
shrinkage=0.05


end of trees

feature_importances:
Column_10=1530
Column_11=1071
Column_1=863
Column_9=541
Column_12=445
Column_3=365
Column_13=343
Column_7=305
Column_5=297
Column_0=80
Column_2=54
Column_4=52
Column_8=33
Column_6=21

parameters:
[boosting: gbdt]
[objective: regression]
[metric: l2]
[tree_learner: serial]
[device_type: cpu]
[data_sample_strategy: bagging]
[data: ]
[valid: ]
[num_iterations: 200]
[learning_rate: 0.05]
[num_leaves: 31]
[num_threads: 0]
[seed: 0]
[deterministic: 0]
[force_col_wise: 0]
[force_row_wise: 0]
[histogram_pool_size: -1]
[max_depth: -1]
[min_data_in_leaf: 50]
[min_sum_hessian_in_leaf: 0.001]
[bagging_fraction: 1]
[pos_bagging_fraction: 1]
[neg_bagging_fraction: 1]
[bagging_freq: 0]
[bagging_seed: 3]
[bagging_by_query: 0]
[feature_fraction: 1]
[feature_fraction_bynode: 1]
[feature_fraction_seed: 2]
[extra_trees: 0]
[extra_seed: 6]
[early_stopping_round: 0]
[early_stopping_min_delta: 0]
[first_metric_only: 0]
[max_delta_step: 0]
[lambda_l1: 0]
[lambda_l2: 0]
[linear_lambda: 0]
[min_gain_to_split: 0]
[drop_rate: 0.1]
[max_drop: 50]
[skip_drop: 0.5]
[xgboost_dart_mode: 0]
[uniform_drop: 0]
[drop_seed: 4]
[top_rate: 0.2]
[other_rate: 0.1]
[min_data_per_group: 100]
[max_cat_threshold: 32]
[cat_l2: 10]
[cat_smooth: 10]
[max_cat_to_onehot: 4]
[top_k: 20]
[monotone_constraints: ]
[monotone_constraints_method: basic]
[monotone_penalty: 0]
[feature_contri: ]
[forcedsplits_filename: ]
[refit_decay_rate: 0.9]
[cegb_tradeoff: 1]
[cegb_penalty_split: 0]
[cegb_penalty_feature_lazy: ]
[cegb_penalty_feature_coupled: ]
[path_smooth: 0]
[interaction_constraints: ]
[verbosity: -1]
[saved_feature_importance_type: 0]
[use_quantized_grad: 0]
[num_grad_quant_bins: 4]
[quant_train_renew_leaf: 0]
[stochastic_rounding: 1]
[linear_tree: 0]
[max_bin: 255]
[max_bin_by_feature: ]
[min_data_in_bin: 3]
[bin_construct_sample_cnt: 200000]
[data_random_seed: 1]
[is_enable_sparse: 1]
[enable_bundle: 1]
[use_missing: 1]
[zero_as_missing: 0]
[feature_pre_filter: 1]
[pre_partition: 0]
[two_round: 0]
[header: 0]
[label_column: ]
[weight_column: ]
[group_column: ]
[ignore_column: ]
[categorical_feature: ]
[forcedbins_filename: ]
[precise_float_parser: 0]
[parser_config_file: ]
[objective_seed: 5]
[num_class: 1]
[is_unbalance: 0]
[scale_pos_weight: 1]
[sigmoid: 1]
[boost_from_average: 1]
[reg_sqrt: 0]
[alpha: 0.9]
[fair_c: 1]
[poisson_max_delta_step: 0.7]
[tweedie_variance_power: 1.5]
[lambdarank_truncation_level: 30]
[lambdarank_norm: 1]
[label_gain: ]
[lambdarank_position_bias_regularization: 0]
[eval_at: ]
[multi_error_top_k: 1]
[auc_mu_weights: ]
[num_machines: 1]
[local_listen_port: 12400]
[time_out: 120]
[machine_list_filename: ]
[machines: ]
[gpu_platform_id: -1]
[gpu_device_id: -1]
[gpu_device_id_list: ]
[gpu_use_dp: 0]
[num_gpu: 1]

end of parameters

pandas_categorical:null
