tree
version=v4
num_class=1
num_tree_per_iteration=1
label_index=0
max_feature_idx=13
objective=regression
feature_names=Column_0 Column_1 Column_2 Column_3 Column_4 Column_5 Column_6 Column_7 Column_8 Column_9 Column_10 Column_11 Column_12 Column_13
feature_infos=[0:270.01943969726562] [21.424196243286133:45.438606262207031] [0:270.01943969726562] [21.424196243286133:45.438606262207031] [0:270.01943969726562] [21.424196243286133:45.438606262207031] [0:270.01943969726562] [21.897006988525391:45.438606262207031] [0:270.01943969726562] [21.640104293823242:45.438606262207031] [-0.99999076128005981:0.99999076128005981] [-0.99996298551559448:1] [12:20] [76:85]
tree_sizes=2852 2985 2978 2982 2984 2989 2979 2990 3005 2991 3017 3016 3007 3001 2987 2998 3009 3034 3039 3030 3012 3033 3036 3032 3026 3038 3027 3029 3040 3042 3053 3038 3032 3022 3014 2999 3037 3046 3004 3011 3046 3054 3049 3023 3045 3035 3049 3025 3070 3067 3043 3045 3059 3046 3039 3053 3057 3029 3031 3022 3048 3042 3044 3041 3052 3037 3040 3029 3058 3050 3038 3029 3043 3030 3021 3024 3018 3062 3041 2981 3038 2982 3014 3015 3001 3010 3015 3042 3055 2920 3033 3034 3032 3010 3001 2977 3022 3023 3010 2992 2979 3005 2986 3018 3026 2976 3025 2963 3022 3046 3002 2973 2995 2994 2998 2997 2981 3020 2994 3030 2984 3023 2985 3000 3011 3016 3017 2963 2955 3013 2976 3020 3000 2985 2999 2912 3009 3000 2993 2954 2947 3006 2914 2973 2996 3011 2989 2992 2983 2907 2993 2994 2990 3002 2998 2945 3017 2976 2946 2960 2874 2991 2960 2931 3002 2957 2985 2959 2946 3004 2974 2942 2944 2978 2965 2973 2902 2954 2954 2994 2895 2999 2940 2962 2968 2977 2906 2978 2987 2990 2968 2941 2989 2930 2982 2945 2981 3014 2961 2907

Tree=0
num_leaves=31
num_cat=0
split_feature=1 1 1 9 10 10 10 1 1 10 9 12 1 9 10 11 11 5 12 10 10 7 13 12 11 5 13 10 9 10
split_gain=1.65315e+06 163937 122158 50554.1 49848.8 46499.2 24752.9 17341.9 17189.6 15061.2 14331.3 8429.29 6708.35 6193.02 5930.73 11575.4 5090.45 4345.8 4209.36 4130.86 3877.23 3859.41 3496.72 4025.73 3409.82 3366.96 3018.09 2884.19 2813.54 2796.03
threshold=34.326354980468757 31.058892250061039 37.046483993530281 30.081488609313968 0.7440970540046693 0.42888796329498297 0.54883790016174328 39.129423141479499 28.766963958740238 0.6186656951904298 34.324388504028327 14.250000000000002 35.543157577514656 37.661420822143562 0.030120026320219043 0.74407637119293224 -0.95744973421096791 33.224447250366218 18.750000000000004 -0.58429276943206776 0.36571913957595831 31.336904525756839 78.250000000000014 16.250000000000004 0.3657089769840241 31.05051422119141 80.750000000000014 0.36571913957595831 32.322616577148445 -0.62540480494499195
decision_type=2 2 2 2 2 2 2 2 2 2 2 2 2 2 2 2 2 2 2 2 2 2 2 2 2 2 2 2 2 2
left_child=1 3 5 8 10 -2 13 -8 11 21 14 -1 -7 -4 15 22 -16 -6 -9 29 -12 -5 -3 24 -24 -10 -13 -15 -11 -17
right_child=2 4 6 9 17 12 7 18 25 28 20 26 -14 27 16 19 -18 -19 -20 -21 -22 -23 23 -25 -26 -27 -28 -29 -30 -31
leaf_value=32.215429074731873 32.492596657246423 32.367972694582875 32.55309302445783 32.333912062148009 32.48514524194669 32.600540176243676 32.726597520681167 32.780555655963383 32.302175353969517 32.431711792072868 32.455385998930652 32.300676999899672 32.656514604465308 32.578751283776221 32.472839677571194 32.31077482526721 32.401883609770444 32.547734090032691 32.845201796004055 32.331876583779696 32.562209015723241 32.367336547353474 32.449723419280744 32.388467443864435 32.3554994767305 32.368043743317415 32.249112486100117 32.697806286925847 32.537318513441278 32.150175430453984
leaf_weight=10530 7759 12251 1487 21555 6211 8803 14450 5169 24766 2461 4260 6286 13657 625 3358 469 10222 5011 4910 2807 1061 14410 5597 18515 1159 2105 5173 2734 848 642
leaf_count=10530 7759 12251 1487 21555 6211 8803 14450 5169 24766 2461 4260 6286 13657 625 3358 469 10222 5011 4910 2807 1061 14410 5597 18515 1159 2105 5173 2734 848 642
internal_value=32.444 32.3601 32.6687 32.3145 32.4163 32.5981 32.7413 32.7617 32.2805 32.3567 32.3983 32.2477 32.6346 32.638 32.3908 32.3814 32.4194 32.5131 32.812 32.2996 32.4767 32.3473 32.3899 32.4005 32.4336 32.3073 32.2774 32.6757 32.4588 32.218
internal_weight=219291 159697 59594 88134 71563 30219 29375 24529 48860 39274 60341 21989 22460 4846 55020 41440 13580 11222 10079 3918 5321 35965 37522 25271 6756 26871 11459 3359 3309 1111
internal_count=219291 159697 59594 88134 71563 30219 29375 24529 48860 39274 60341 21989 22460 4846 55020 41440 13580 11222 10079 3918 5321 35965 37522 25271 6756 26871 11459 3359 3309 1111
is_linear=0
shrinkage=1


Tree=1
num_leaves=31
num_cat=0
split_feature=1 1 1 10 10 9 10 1 10 9 1 1 12 11 10 10 10 7 13 12 10 10 10 7 3 5 9 10 12 1
split_gain=1.49197e+06 147979 110427 47885.4 45556.7 45180.8 20333.5 15270.1 13361.8 13200.1 12625.9 8218.51 8027.99 5701.55 5586.74 5543.77 4835.26 4294.18 4261.86 4882.16 4019.13 4942.65 3696.36 3441.93 2978.2 2862.92 2581.51 2498.84 2429.78 2418.34
threshold=34.326354980468757 31.031655311584476 37.392160415649421 0.42888796329498297 0.7324872910976411 30.081488609313968 0.56314551830291759 28.862790107727054 0.63209757208824169 34.324388504028327 39.904392242431648 35.785865783691413 13.750000000000002 0.3657089769840241 0.030120026320219043 0.23448921740055087 0.41327477991580969 33.085998535156257 78.250000000000014 16.250000000000004 -0.65189296007156361 -0.58429276943206776 0.36571913957595831 31.336904525756839 38.276372909545906 31.080486297607425 36.710157394409187 0.91927745938301098 14.750000000000002 41.420511245727546
decision_type=2 2 2 2 2 2 2 2 2 2 2 2 2 2 2 2 2 2 2 2 2 2 2 2 2 2 2 2 2 2
left_child=1 5 3 26 9 7 16 12 23 13 24 27 -1 14 18 20 -4 -6 -3 -20 -15 -22 -11 -7 -8 28 -2 -5 -9 -12
right_child=2 4 6 11 17 8 10 25 -10 22 29 -13 -14 15 -16 -17 -18 -19 19 -21 21 -23 -24 -25 -26 -27 -28 -29 -30 -31
leaf_value=-0.22104524748851706 0.034144051150780091 -0.074215220517899139 0.12508448735503519 0.12753269545495341 0.035343517004267355 -0.10439085701082262 0.263701564477828 -0.15617332374451387 0.017576283590249486 0.010733262508894247 0.35052408520959383 0.21150490720751056 -0.16091987661976503 -0.072792197820378421 0.010994952161921324 -0.042550713440011101 0.23286312252155772 0.095948530567001034 0.0051542164497069623 -0.049097073586043601 -0.23396292708729738 -0.10548420230566287 0.1167384581499475 -0.072651271442999973 0.30838437868638419 -0.070404713968618998 0.10606693530159549 0.17590838808599873 -0.1222333006657662 0.41748970838880717
leaf_weight=9271 6553 10073 1568 4853 6359 21463 7175 7970 3032 4279 4324 14829 13839 6749 4708 8264 3094 5409 5638 15681 971 3268 1018 14188 7765 1932 1541 5933 15585 1959
leaf_count=9271 6553 10073 1568 4853 6359 21463 7175 7970 3032 4279 4324 14829 13839 6749 4708 8264 3094 5409 5638 15681 971 3268 1018 14188 7765 1932 1541 5933 15585 1959
internal_value=8.18659e-11 -0.0796695 0.213494 0.153852 -0.02683 -0.123511 0.291165 -0.155607 -0.0831897 -0.0442989 0.311935 0.187351 -0.18504 -0.0515149 -0.0397961 -0.0734892 0.196613 0.0631998 -0.0474134 -0.0347498 -0.0967578 -0.134914 0.0311058 -0.0917595 0.286925 -0.128918 0.0478373 0.154142 -0.133717 0.371404
internal_weight=219291 159697 59594 33709 72417 87280 25885 48597 38683 60649 21223 25615 23110 55352 36100 19252 4662 11768 31392 21319 10988 4239 5297 35651 14940 25487 8094 10786 23555 6283
internal_count=219291 159697 59594 33709 72417 87280 25885 48597 38683 60649 21223 25615 23110 55352 36100 19252 4662 11768 31392 21319 10988 4239 5297 35651 14940 25487 8094 10786 23555 6283
is_linear=0
shrinkage=0.05


Tree=2
num_leaves=31
num_cat=0
split_feature=1 1 1 9 10 10 10 1 12 10 9 11 7 5 10 1 13 1 3 7 10 10 11 10 12 10 9 12 9 10
split_gain=1.3465e+06 133591 99871.6 41183.7 40656.6 37816.6 20242.7 14963 13914.7 12551.7 11667.1 6297.22 5799.86 5563.34 5319.68 5229.73 4098.55 3914.29 3832.6 3574.89 3150.84 3009.76 7025.43 3214.98 2939.19 2863.94 2639.46 2357.14 2181.36 1958.47
threshold=34.326354980468757 31.058892250061039 37.046483993530281 29.984504699707035 0.7440970540046693 0.42888796329498297 0.56314551830291759 39.129423141479499 14.250000000000002 0.6186656951904298 34.324388504028327 0.77756834030151378 28.269465446472172 35.463424682617195 0.41327477991580969 32.754205703735359 80.750000000000014 41.053329467773445 33.275421142578132 31.515066146850589 0.36571913957595831 0.030120026320219043 0.74407637119293224 -0.58429276943206776 15.250000000000002 0.91927745938301098 32.289619445800788 15.250000000000002 35.462829589843757 0.030120026320219043
decision_type=2 2 2 2 2 2 2 2 2 2 2 2 2 2 2 2 2 2 2 2 2 2 2 2 2 2 2 2 2 2
left_child=1 3 5 8 10 28 14 27 12 19 15 24 -1 25 -4 21 -13 -9 -6 -5 -12 22 -3 -24 -10 -7 -11 -8 -2 -17
right_child=2 4 6 9 18 13 7 17 11 26 20 16 -14 -15 -16 29 -18 -19 -20 -21 -22 -23 23 -25 -26 -27 -28 -29 -30 -31
leaf_value=-0.21301212948813078 0.024475895854158571 -0.056387187789966889 0.11231208489007877 -0.099548182849472019 0.036738830054195211 0.10998209127442998 0.21612373939148488 0.31596736988986246 -0.14921372661638152 -0.014234967066102003 0.010308418867698579 -0.12637441577365113 -0.15537541090622142 0.19239628521444641 0.21720892695283289 -0.033328128638778022 -0.17499443288780001 0.38684661810029175 0.095656671724887704 -0.066872732862170728 0.1066064969465772 -0.033664081336246564 -0.20742082161397291 -0.10194956012815255 -0.087052333533547133 0.16653287859416901 0.086674659692978467 0.26566883374466438 0.080138054865661473 0.0083798427113580525
leaf_weight=8738 5060 26124 1888 25072 6324 3992 3056 7209 2383 2557 4260 10365 8721 13370 3359 11613 7450 2669 4898 12566 1061 9865 984 2719 9414 5098 868 11194 2699 3715
leaf_count=8738 5060 26124 1888 25072 6324 3992 3056 7209 2383 2557 4260 10365 8721 13370 3359 11613 7450 2669 4898 12566 1061 9865 984 2719 9414 5098 868 11194 2699 3715
internal_value=-2.41482e-10 -0.0756861 0.20282 -0.116894 -0.0249358 0.139002 0.268471 0.287826 -0.148818 -0.0803 -0.0411883 -0.127944 -0.184222 0.171878 0.179464 -0.0480256 -0.146707 0.335119 0.0624544 -0.088639 0.0295101 -0.057605 -0.0655232 -0.129976 -0.099609 0.141698 0.0113386 0.255044 0.0438382 -0.0232195
internal_weight=219291 159697 59594 88134 71563 30219 29375 24128 47071 41063 60341 29612 17459 22460 5247 55020 17815 9878 11222 37638 5321 39692 29827 3703 11797 9090 3425 14250 7759 15328
internal_count=219291 159697 59594 88134 71563 30219 29375 24128 47071 41063 60341 29612 17459 22460 5247 55020 17815 9878 11222 37638 5321 39692 29827 3703 11797 9090 3425 14250 7759 15328
is_linear=0
shrinkage=0.05


Tree=3
num_leaves=31
num_cat=0
split_feature=1 1 1 10 10 9 10 3 10 9 12 1 9 9 10 11 11 10 12 1 7 10 10 9 13 9 12 10 1 10
split_gain=1.21553e+06 113909 98715.5 37565.5 36060 33961.3 18288.1 13157.8 11494.8 11162.5 10392.3 6183.21 5480.11 5220.54 5183.69 4893.79 4645.15 5289.55 3747.69 3627.58 3442.18 3278.08 4325.84 2917.24 2836.76 2702.77 2680.8 2548.99 2415.87 2353.38
threshold=34.190040588378913 30.795274734497074 37.046483993530281 0.42888796329498297 0.7324872910976411 29.346663475036625 0.54883790016174328 38.995035171508796 0.63209757208824169 33.473875045776374 14.250000000000002 35.462316513061531 31.040899276733402 37.85646057128907 0.081675637513399138 0.89771011471748363 0.3657089769840241 0.23448921740055087 18.750000000000004 27.833753585815433 33.816766738891609 -0.65189296007156361 -0.58429276943206776 27.462376594543461 77.750000000000014 31.991209983825687 15.750000000000002 0.030120026320219043 38.069396972656257 0.030120026320219043
decision_type=2 2 2 2 2 2 2 2 2 2 2 2 2 2 2 2 2 2 2 2 2 2 2 2 2 2 2 2 2 2
left_child=1 5 3 29 9 10 13 28 12 16 19 -5 -7 -4 26 -12 24 21 -9 -1 -6 -18 -23 -17 -3 -10 -11 -26 -8 -2
right_child=2 4 6 11 20 8 7 18 25 14 15 -13 -14 -15 -16 23 17 -19 -20 -21 -22 22 -24 -25 27 -27 -28 -29 -30 -31
leaf_value=-0.21555707506037286 0.012819452884396995 -0.064622015690308274 0.094061189397763825 0.12867347749338606 0.03705048114654419 -0.10854190813442421 0.22174747958689203 0.28658509417108041 -0.023697272294868385 0.013225770083697956 -0.10508759954350905 0.18150175693329992 -0.072190515520642137 0.20357627165473202 0.050391575881819653 -0.20143602723285747 -0.069767549669562168 -0.041803702334605591 0.34653564433712702 -0.1642619906956857 0.1023055406910274 -0.2092931921653273 -0.098302174614868496 -0.13891332452993216 -0.03684652160946654 0.079531433634768334 -0.053661202335674653 0.024582191392766076 0.2632828691996521 0.065027931647164541
leaf_weight=5893 4308 9369 1650 9039 8715 25490 7543 5485 2181 2693 10084 14304 17476 3196 3816 2484 7597 9351 4968 8303 2631 1097 4395 7495 22775 894 3376 1824 6533 4326
leaf_count=5893 4308 9369 1650 9039 8715 25490 7543 5485 2181 2693 10084 14304 17476 3196 3816 2484 7597 9351 4968 8303 2631 1097 4395 7495 22775 894 3376 1824 6533 4326
internal_value=4.20082e-10 -0.073369 0.188874 0.128086 -0.030185 -0.115122 0.255047 0.272583 -0.0870728 -0.0442822 -0.152817 0.161045 -0.0937563 0.166288 0.00472949 -0.129653 -0.052871 -0.0705242 0.315078 -0.185555 0.0521823 -0.0910426 -0.120472 -0.154477 -0.0412089 0.00631459 -0.0239814 -0.0322916 0.241025 0.0389781
internal_weight=219291 157939 61352 31977 77639 80300 29375 24529 46041 66293 34259 23343 42966 4846 9885 20063 56408 22440 10453 14196 11346 13089 5492 9979 33968 3075 6069 24599 14076 8634
internal_count=219291 157939 61352 31977 77639 80300 29375 24529 46041 66293 34259 23343 42966 4846 9885 20063 56408 22440 10453 14196 11346 13089 5492 9979 33968 3075 6069 24599 14076 8634
is_linear=0
shrinkage=0.05


Tree=4
num_leaves=31
num_cat=0
split_feature=1 1 1 10 10 9 10 1 9 10 1 12 1 10 11 10 10 1 9 11 13 3 5 12 7 12 10 10 13 12
split_gain=1.0973e+06 112373 78325.5 35689.6 34871.8 34090.2 14098.7 13363.5 10112.5 9725.3 8490.15 6630.62 6566.03 4043.57 3899.38 8272.73 4130.94 3610.67 3513.09 2584.24 3075.58 2567.67 2446.84 2240.74 2166.84 2114.59 2144.08 2087.29 2075.08 2694.81
threshold=34.393642425537116 31.058892250061039 37.574357986450202 0.42888796329498297 0.7440970540046693 30.366688728332523 0.56314551830291759 29.001231193542484 33.750249862670906 0.6186656951904298 40.502155303955085 14.250000000000002 35.94304275512696 0.081675637513399138 0.77756834030151378 -0.58429276943206776 0.030120026320219043 32.79255676269532 37.303779602050788 0.78827583789825451 80.250000000000014 38.742454528808601 31.167175292968754 16.250000000000004 27.879270553588871 15.750000000000002 -0.04732095077633857 0.030120026320219043 78.250000000000014 16.250000000000004
decision_type=2 2 2 2 2 2 2 2 2 2 2 2 2 2 2 2 2 2 2 2 2 2 2 2 2 2 2 2 2 2
left_child=1 5 3 25 8 7 18 11 14 -7 21 24 -5 23 16 -16 28 -6 -4 -13 -21 -8 -9 -10 -1 27 -27 -2 -3 -30
right_child=2 4 6 12 17 9 10 22 13 -11 -12 19 -14 -15 15 -17 -18 -19 -20 20 -22 -23 -24 -25 -26 26 -28 -29 29 -31
leaf_value=-0.20429821184880981 0.040352294048679266 -0.062191420357012507 0.079575185687818711 0.13616591923351423 0.020826301053625082 -0.07466687399933343 0.23643408324446474 -0.11049623355122846 0.013753882840851831 0.019832589398648126 0.33595782516788864 -0.10523597175073529 0.1861464607916819 0.052670226317860724 -0.24728971682604972 -0.061337952507716155 -0.0029257649068517803 0.07880467873869007 0.19425993937015237 -0.11537294696548346 -0.17449031936018508 0.27699681655174452 -0.055944226706635306 -0.055999307967715066 -0.16168246606328862 -0.058041780099919865 0.035355557561260686 0.11585165349030394 -0.0080076809646669102 -0.04650170192173872
leaf_weight=6073 2364 12039 823 11694 4208 31080 8443 25599 2615 2984 4103 5311 15000 3766 642 8751 6863 7421 3540 3842 5148 7253 2235 2057 5862 757 3264 1494 6086 17974
leaf_count=6073 2364 12039 823 11694 4208 31080 8443 25599 2615 2984 4103 5311 15000 3766 642 8751 6863 7421 3540 3842 5148 7253 2235 2057 5862 757 3264 1494 6086 17974
internal_value=9.39607e-11 -0.0676483 0.184921 0.136652 -0.0215032 -0.105567 0.253989 -0.130249 -0.0366778 -0.0663887 0.271918 -0.155852 0.164251 0.0141185 -0.0448646 -0.0740475 -0.0384842 0.057825 0.172627 -0.132889 -0.149226 0.255178 -0.106116 -0.0169572 -0.183367 0.0431448 0.0177724 0.0695892 -0.0452444 -0.0367646
internal_weight=219291 160556 58735 34573 72422 88134 24162 54070 60793 34064 19799 26236 26694 8438 52355 9393 42962 11629 4363 14301 8990 15696 27834 4672 11935 7879 4021 3858 36099 24060
internal_count=219291 160556 58735 34573 72422 88134 24162 54070 60793 34064 19799 26236 26694 8438 52355 9393 42962 11629 4363 14301 8990 15696 27834 4672 11935 7879 4021 3858 36099 24060
is_linear=0
shrinkage=0.05


Tree=5
num_leaves=31
num_cat=0
split_feature=1 1 3 10 10 9 10 1 9 10 12 1 11 9 11 10 10 10 9 1 1 7 12 10 1 12 9 12 12 5
split_gain=990587 93210.4 80924.1 31680 30337.7 26796.5 15517.1 11078 9683.93 9196.84 8387.73 5647.37 5446.59 4421.36 4370.74 7202.05 4311.42 4299.93 3522.12 3396.22 3250.31 3117.31 2700.84 2357.85 2355.73 2291.46 2212.29 2020.84 2020.31 1906.95
threshold=34.190040588378913 30.680294990539554 37.045654296875007 0.53436762094497692 0.7324872910976411 29.346663475036625 0.56314551830291759 38.998294830322273 33.473875045776374 0.63209757208824169 14.750000000000002 35.707670211791999 0.78827583789825451 31.157766342163089 0.54882264137268078 0.23448921740055087 0.081675637513399138 0.39753912389278417 37.046499252319343 27.833753585815433 41.053329467773445 33.085998535156257 18.250000000000004 0.91927745938301098 32.330865859985359 16.250000000000004 32.092098236083991 14.750000000000002 15.750000000000002 31.197588920593265
decision_type=2 2 2 2 2 2 2 2 2 2 2 2 2 2 2 2 2 2 2 2 2 2 2 2 2 2 2 2 2 2
left_child=1 5 3 18 8 10 17 27 14 13 19 23 -12 29 24 -16 25 -4 28 -1 -9 -6 -14 -5 -3 -10 -11 -8 -2 -7
right_child=2 4 6 11 21 9 7 20 16 26 12 -13 22 -15 15 -17 -18 -19 -20 -21 -22 -23 -24 -25 -26 -27 -28 -29 -30 -31
leaf_value=-0.19384801227205611 0.049811380131204237 -0.049474629436086527 0.092036226605382077 0.092339715279464649 0.024245099428805261 -0.10290545793771173 0.17208840457339786 0.27050197749911237 0.0083274158277235038 -0.019572839711703014 -0.07728618864576324 0.17020619521478297 -0.10297870594317814 -0.064077064261220451 -0.097945955110007962 -0.037842064827659505 0.045586850654471406 0.18605898617149749 0.10679676613840297 -0.1467251093524837 0.33438433599900824 0.076995376950251604 -0.15364693736309054 0.14106777604260493 -0.024680464741013999 -0.052559299837724241 0.079706685423520621 0.22625122400386602 -0.00086968746827549136 -0.057470825151234223
leaf_weight=6348 4058 23404 1800 4367 6670 23016 2039 7840 3128 2013 6113 12589 4073 14890 10013 9924 3862 3748 1592 9615 2669 4828 7424 5753 16219 3054 778 11082 3815 2567
leaf_count=6348 4058 23404 1800 4367 6670 23016 2039 7840 3128 2013 6113 12589 4073 14890 10013 9924 3862 3748 1592 9615 2669 4828 7424 5753 16219 3054 778 11082 3815 2567
internal_value=-2.15144e-10 -0.0662332 0.170505 0.115819 -0.0288456 -0.105696 0.230805 0.248473 -0.0412747 -0.0796851 -0.139215 0.14785 -0.115421 -0.0857388 -0.0489334 -0.0680282 0.00414063 0.155554 0.0389685 -0.165464 0.286726 0.0463949 -0.135697 0.120041 -0.0393256 -0.0217515 0.00810164 0.217834 0.025253 -0.0983465
internal_weight=219291 157939 61352 32174 81102 76837 29178 23630 69604 43264 33573 22709 17610 40473 59560 19937 10044 5548 9465 15963 10509 11498 11497 10120 39623 6182 2791 13121 7873 25583
internal_count=219291 157939 61352 32174 81102 76837 29178 23630 69604 43264 33573 22709 17610 40473 59560 19937 10044 5548 9465 15963 10509 11498 11497 10120 39623 6182 2791 13121 7873 25583
is_linear=0
shrinkage=0.05


Tree=6
num_leaves=31
num_cat=0
split_feature=1 1 1 9 10 10 1 10 10 9 1 12 1 1 5 10 9 5 10 10 11 10 12 10 9 12 10 9 10 11
split_gain=894237 94831.9 61589.1 31120.4 29547.5 27338.6 12943.6 10409.5 8510.95 7754.5 6190.38 5991.57 5702.4 3150.91 2867.55 2764.59 2629.08 2219.5 2092.52 3908.57 2710.45 6614.18 2009.39 1906.58 2123.95 1845.19 1919.62 1826.5 1780.48 1765.54
threshold=34.461500167846687 31.350564956665043 37.768899917602546 30.366688728332523 0.42888796329498297 0.7440970540046693 29.205821037292484 0.56314551830291759 0.6186656951904298 34.324388504028327 40.502155303955085 13.750000000000002 36.176900863647468 32.831197738647468 33.817344665527351 0.36571913957595831 37.566711425781257 31.461930274963382 0.047320950776338584 -0.71466678380966175 -0.85204595327377308 -0.20088869333267209 17.250000000000004 0.91927745938301098 36.962837219238288 15.750000000000002 0.030120026320219043 32.830299377441413 0.18399664759635928 -0.62538740038871754
decision_type=2 2 2 2 2 2 2 2 2 2 2 2 2 2 2 2 2 2 2 2 2 2 2 2 2 2 2 2 2 2
left_child=1 3 4 6 25 9 11 16 18 13 22 28 23 -3 -7 -11 -4 -8 19 29 21 -21 -9 24 -6 26 -2 -10 -1 -5
right_child=2 5 7 8 12 14 17 10 27 15 -12 -13 -14 -15 -16 -17 -18 -19 -20 20 -22 -23 -24 -25 -26 -27 -28 -29 -30 -31
leaf_value=-0.17597990938574287 0.03645453443360868 -0.043760432502506087 0.080826442835631632 0.013028174274682848 0.090414150492515777 0.039541474952803204 -0.094760519450847014 0.21198344118772977 -0.0034095726482937603 0.0092275607649326945 0.30355706272504696 -0.12142914112441741 0.17331078268002148 -0.015874363968727729 0.093533649386761022 0.096274625657520679 0.18115694565488125 -0.03781105106933795 -0.038038225139162413 -0.0090874828959547262 -0.10628826661203605 -0.1249704422281039 0.24993941163889458 0.14412774203669335 0.16724014316319435 0.016752593540264506 0.10948244255268946 0.086124308740060468 -0.11457586575733923 -0.058106691684544534
leaf_weight=9454 2238 33054 818 925 4491 7988 25676 6045 3137 4324 4103 18459 14458 14606 3553 1156 3236 1833 5816 2779 9099 2211 8240 7688 1125 3926 1505 696 1349 15303
leaf_count=9454 2238 33054 818 925 4491 7988 25676 6045 3137 4324 4103 18459 14458 14606 3553 1156 3236 1833 5816 2779 9099 2211 8240 7688 1125 3926 1505 696 1349 15303
internal_value=1.74652e-10 -0.0604572 0.168626 -0.0917946 0.127575 -0.0135889 -0.115589 0.233436 -0.0579948 -0.0287378 0.249425 -0.138738 0.151573 -0.0352144 0.0561634 0.02759 0.160913 -0.0909658 -0.0655098 -0.07078 -0.0900476 -0.0604336 0.233878 0.12795 0.105804 0.0406998 0.0658179 0.0128481 -0.168312 -0.054052
internal_weight=219291 161418 57873 96737 35431 64681 56771 22442 39966 53140 18388 29262 27762 47660 11541 5480 4054 27509 36133 30317 14089 4990 14285 13304 5616 7669 3743 3833 10803 16228
internal_count=219291 161418 57873 96737 35431 64681 56771 22442 39966 53140 18388 29262 27762 47660 11541 5480 4054 27509 36133 30317 14089 4990 14285 13304 5616 7669 3743 3833 10803 16228
is_linear=0
shrinkage=0.05


Tree=7
num_leaves=31
num_cat=0
split_feature=1 5 1 10 10 9 1 11 10 10 10 12 10 1 7 10 11 10 13 12 7 12 1 9 11 5 10 13 12 10
split_gain=807746 75401.7 70226.4 29579.7 23799.7 20006.7 13637 10101.9 7686.57 6901.58 6245.68 5909.47 5704.59 5459.67 5336.99 4708.73 4304.79 4301.39 4008 4388.62 3639.36 3085.31 2503.35 2341.42 2057.98 2046.26 1933.75 1925.28 1896.3 1803.01
threshold=33.994686126708991 36.880092620849616 30.353841781616214 0.54883790016174328 0.6186656951904298 29.189107894897464 38.747398376464851 0.54882264137268078 0.54883790016174328 0.63209757208824169 0.030120026320219043 14.750000000000002 0.59125596284866344 35.225744247436531 33.085998535156257 0.72066047787666332 0.88999459147453319 -0.22611359506845471 78.250000000000014 16.250000000000004 30.612108230590824 18.750000000000004 27.394323348999027 36.400381088256843 0.3657089769840241 35.386522293090827 -0.71466678380966175 80.250000000000014 14.750000000000002 -0.67760851979255665
decision_type=2 2 2 2 2 2 2 2 2 2 2 2 2 2 2 2 2 2 2 2 2 2 2 2 2 2 2 2 2 2
left_child=2 3 5 23 7 11 8 10 -3 20 18 22 -8 -5 -6 -14 -13 -9 26 24 -7 -17 -1 -2 -20 -16 -4 -18 -10 -22
right_child=1 6 4 13 14 9 12 17 28 -11 -12 16 15 -15 25 21 27 -19 19 -21 29 -23 -24 -25 -26 -27 -28 -29 -30 -31
leaf_value=-0.18346760388875005 0.017477574946702396 0.10547285471617592 -0.046997271589758069 0.095332316627778246 0.0056865201992292048 -0.095355128411911849 0.18221525676702804 -0.09647811150213588 0.15125268942161965 0.0089994391564073347 0.011431494812005002 -0.077861651970858092 0.3365013186099734 0.14704863820001327 0.059536393498132459 0.21923326553418154 -0.10467490762403359 -0.051327657625475781 0.012359959970229109 -0.040035591090871077 -0.044638413462246389 0.2764542832699281 -0.13927398448254141 0.078536741660795703 -0.067964069807294233 0.17216747368417731 -0.084449304910559825 -0.15368839713949589 0.20098599440364262 -0.078852822515811882
leaf_weight=4737 8655 3189 10183 7684 10560 20378 3114 10193 2335 2240 7112 6394 1658 15195 4038 5194 3513 10933 7120 21298 7091 4311 9904 1918 898 448 5210 4663 10699 8426
leaf_count=4737 8655 3189 10183 7684 10560 20378 3114 10193 2335 2240 7112 6394 1658 15195 4038 5194 3513 10933 7120 21298 7091 4311 9904 1918 898 448 5210 4663 10699 8426
internal_value=1.26442e-10 0.149558 -0.0615721 0.0977173 -0.0321609 -0.1 0.206417 -0.0439706 0.175053 -0.0761488 -0.0320905 -0.131138 0.242056 0.12968 0.0250956 0.258749 -0.108594 -0.0731121 -0.0390136 -0.0281657 -0.0814624 0.245186 -0.153573 0.028554 0.00336383 0.0707844 -0.0596735 -0.132629 0.192076 -0.0632174
internal_weight=219291 63952 155339 33452 87993 67346 30500 72947 16223 38135 51821 29211 14277 22879 15046 11163 14570 21126 44709 29316 35895 9505 14641 10573 8018 4486 15393 8176 13034 15517
internal_count=219291 63952 155339 33452 87993 67346 30500 72947 16223 38135 51821 29211 14277 22879 15046 11163 14570 21126 44709 29316 35895 9505 14641 10573 8018 4486 15393 8176 13034 15517
is_linear=0
shrinkage=0.05


Tree=8
num_leaves=31
num_cat=0
split_feature=1 1 1 10 9 10 10 1 12 10 9 5 12 11 10 11 10 9 10 12 10 13 10 12 5 12 13 10 12 1
split_gain=728991 68529.8 63455.3 22472.1 19965.1 19357.3 13143.1 9729.57 6898.32 6626.87 6441.46 4304.76 3556.44 3334.21 5645.17 3251.65 3176.15 2851.52 2850.08 2547.38 2498.16 2073.02 2047.38 2035.05 2021.49 1868.37 1834.59 2012.98 1824.28 1774.24
threshold=33.994686126708991 36.796373367309577 30.652140617370609 0.42888796329498297 29.637813568115238 0.7324872910976411 0.41327477991580969 38.747398376464851 14.250000000000002 0.6186656951904298 33.419498443603523 35.225786209106452 18.750000000000004 0.54882264137268078 0.23448921740055087 0.88999459147453319 0.081675637513399138 31.394502639770511 0.16705007851123813 18.750000000000004 0.91927745938301098 76.750000000000014 0.030120026320219043 15.250000000000002 34.602878570556648 15.250000000000002 77.750000000000014 0.030120026320219043 15.750000000000002 32.431922912597663
decision_type=2 2 2 2 2 2 2 2 2 2 2 2 2 2 2 2 2 2 2 2 2 2 2 2 2 2 2 2 2 2
left_child=2 3 4 22 8 10 -3 -8 18 17 13 20 -9 26 -15 25 28 -6 21 -17 -5 -1 23 -2 29 -10 -4 -28 -12 -7
right_child=1 6 5 11 9 24 7 12 15 -11 16 -13 -14 14 -16 19 -18 -19 -20 -21 -22 -23 -24 -25 -26 -27 27 -29 -30 -31
leaf_value=-0.17489901605134481 0.03621809539766465 0.075080968064614395 -0.051839222572005864 0.065232023096664302 -0.081554027692131062 0.0028290166013510859 0.17548556095949608 0.21032551856987269 -0.12144177193060611 0.010001887230793162 0.010530550477331669 0.13654808270700183 0.2609288436015213 -0.085483471284895821 -0.032711204180994671 -0.096293406390876302 0.038421783206997392 -0.051579380569447567 -0.092539002278201499 -0.14311952310779771 0.11714327919851458 -0.13456700020033013 0.051496831901418232 -0.02638538257223047 0.11861404809021643 -0.069327164153503026 -0.031149640741260087 0.024340122152645749 -0.044545913214700812 0.046781158563818051
leaf_weight=5540 2641 2170 10943 4498 23061 3681 15707 7842 2138 2703 2634 13020 6231 10288 9987 6436 3567 12096 2412 5293 4781 7498 4509 2553 693 8793 26227 1743 3503 6103
leaf_count=5540 2641 2170 10943 4498 23061 3681 15707 7842 2138 2703 2634 13020 6231 10288 9987 6436 3567 12096 2412 5293 4781 7498 4509 2553 693 8793 26227 1743 3503 6103
internal_value=1.43576e-10 0.14208 -0.0584935 0.0903638 -0.0911574 -0.0272284 0.193881 0.202538 -0.116705 -0.0654407 -0.0368578 0.118002 0.232731 -0.0430485 -0.0594891 -0.09914 0.000901034 -0.0712411 -0.142468 -0.117425 0.0919793 -0.151705 0.0268463 0.00544669 0.0360903 -0.0795203 -0.0344824 -0.0276917 -0.0209071 0.0302452
internal_weight=219291 63952 155339 32002 75970 79369 31950 29780 38110 37860 68892 22299 14073 59188 20275 22660 9704 35157 15450 11729 9279 13038 9703 5194 10477 10931 38913 27970 6137 9784
internal_count=219291 63952 155339 32002 75970 79369 31950 29780 38110 37860 68892 22299 14073 59188 20275 22660 9704 35157 15450 11729 9279 13038 9703 5194 10477 10931 38913 27970 6137 9784
is_linear=0
shrinkage=0.05


Tree=9
num_leaves=31
num_cat=0
split_feature=1 1 5 9 10 10 1 10 11 10 1 11 12 1 11 11 5 9 10 13 10 13 12 11 9 11 12 1 7 5
split_gain=658377 70851.6 46475.4 24578.4 21048.3 19882.2 10459 9887.78 7977.4 6853.91 6339.11 5396.2 4939.73 3605.38 3533.99 3538.84 3188.33 2580.57 2346.56 2276.35 2167.59 2044.04 3285.11 2029 1944.83 1913.46 1858.22 1815.59 1751.97 1663.8
threshold=34.461500167846687 31.499691009521488 37.304794311523445 30.366688728332523 0.54883790016174328 0.030120026320219043 29.437642097473148 0.56314551830291759 0.6838940978050233 0.047320950776338584 39.567972183227546 0.75546532869339 13.750000000000002 36.100826263427741 -0.99049577116966236 0.38167507946491247 34.530927658081062 32.155923843383796 0.34964421391487127 78.250000000000014 -0.57023701071739186 78.250000000000014 16.250000000000004 0.030119189061224464 36.710157394409187 0.3657089769840241 15.250000000000002 41.937423706054695 27.879270553588871 31.520864486694339
decision_type=2 2 2 2 2 2 2 2 2 2 2 2 2 2 2 2 2 2 2 2 2 2 2 2 2 2 2 2 2 2
left_child=1 3 4 6 24 11 12 18 16 14 26 21 28 -6 -5 19 23 -11 -4 -16 -13 -3 25 -7 -2 -23 -9 -12 -1 -8
right_child=2 5 7 9 13 8 29 10 -10 17 27 20 -14 -15 15 -17 -18 -19 -20 -21 -22 22 -24 -25 -26 -27 -28 -29 -30 -31
leaf_value=-0.1637107641739953 0.021688522817973052 -0.047413622162403357 0.065395431394718304 -0.13249960796772628 0.10746274252599944 0.0094463194495931803 -0.078235470160178122 0.14914891524515278 -0.025377098158063285 -0.029523814306725484 0.23493210573079557 -0.17089732128974292 -0.10296851138986854 0.14659192783707672 -0.063783484033908211 -0.076395176813184362 0.082538187801567728 0.025053237127399167 0.14923918500489317 -0.0272598973204152 -0.069553993739930972 0.016667133446368072 -0.032954287386672797 0.046331231365155968 0.081596692376639801 -0.059026256920969522 0.19744886778484988 0.30052277527179133 -0.12485383804531358 -0.028907182773363457
leaf_weight=5604 6379 9665 1041 1611 11307 6419 23586 2435 5953 7684 6307 855 21013 12281 7155 12947 3709 3016 4207 10566 1378 6592 15957 8895 1720 956 10929 1267 6014 1843
leaf_count=5604 6379 9665 1041 1611 11307 6419 23586 2435 5953 7684 6307 855 21013 12281 7155 12947 3709 3016 4207 10566 1378 6592 15957 8895 1720 956 10929 1267 6014 1843
internal_value=2.30769e-11 -0.0518751 0.144689 -0.0774826 0.103957 -0.00902317 -0.0987 0.193978 0.0251368 -0.0488202 0.20936 -0.0331222 -0.117434 0.127835 -0.0603161 -0.0565243 0.0409445 -0.0141402 0.132608 -0.0420066 -0.108358 -0.0280574 -0.0200983 0.0308706 0.0344113 0.00708011 0.188648 0.245904 -0.143597 -0.0746603
internal_weight=219291 161418 57873 101039 31687 60379 58060 26186 24976 42979 20938 35403 32631 23588 32279 30668 19023 10700 5248 17721 2233 33170 23505 15314 8099 7548 13364 7574 11618 25429
internal_count=219291 161418 57873 101039 31687 60379 58060 26186 24976 42979 20938 35403 32631 23588 32279 30668 19023 10700 5248 17721 2233 33170 23505 15314 8099 7548 13364 7574 11618 25429
is_linear=0
shrinkage=0.05


Tree=10
num_leaves=31
num_cat=0
split_feature=3 1 10 1 7 10 12 11 10 10 11 10 5 13 12 10 11 10 7 7 13 11 11 9 10 12 13 10 10 11
split_gain=594413 62480.7 45606.6 26305.2 22239.2 17351.2 9140.33 5992.37 4941.39 4910.38 4715.62 4640.54 4593.48 4273.55 3847.38 3639.13 3468.65 6594.31 3101.11 3044.85 2954.51 3472.7 2748.77 2606.37 2577.03 2522.28 2482.27 2435.61 2350.09 1909.56
threshold=34.39253234863282 31.527656555175785 0.41327477991580969 38.069396972656257 30.371634483337406 0.79877197742462169 14.750000000000002 0.78827583789825451 0.012910176534205677 0.030120026320219043 0.75546532869339 0.16705007851123813 36.09974670410157 80.750000000000014 18.250000000000004 -0.71466678380966175 -0.86092913150787342 -0.18399664759635923 33.421787261962898 37.762197494506843 77.250000000000014 0.44436171650886541 -0.9412824511528014 32.356674194335945 -0.58429276943206776 15.750000000000002 80.250000000000014 0.9259161949157716 -0.064507851377129541 -0.77212798595428456
decision_type=2 2 2 2 2 2 2 2 2 2 2 2 2 2 2 2 2 2 2 2 2 2 2 2 2 2 2 2 2 2
left_child=1 4 19 12 6 8 11 22 10 15 -3 20 27 -9 -5 -6 17 -17 -10 25 -1 -22 -8 -11 29 -2 -16 -4 -27 -24
right_child=2 5 3 14 9 -7 7 13 18 23 -12 -13 -14 -15 26 16 -18 -19 -20 -21 21 -23 24 -25 -26 28 -28 -29 -30 -31
leaf_value=-0.14682621576622637 0.051875525702443616 -0.026604886175250926 0.079874270927381544 0.17978983179354441 -0.04035426522487455 0.052631700765177217 -0.10772486635150243 -0.077012590583457302 -0.01131718759544257 -0.029959696975985457 -0.10348436506047745 -0.071674920819987734 0.14375239587989347 -0.1239361900177491 0.24014364027546634 0.0079727880111354153 -0.092457562721902975 -0.11114093072702635 0.038771131514761081 0.10106351937373613 -0.054105532613019452 -0.12666465080674444 -0.19200662344237399 0.028804670908192165 -0.0063441856296254477 -0.083174321066023071 0.18034459909953365 0.12310020165059417 0.013966499303832355 -0.055155815674507516
leaf_weight=10287 3904 32046 5695 9661 17219 9599 2167 11992 10925 8324 2127 4371 17150 8150 6852 2873 9293 1951 4309 1490 2276 5986 261 2440 3027 768 2324 7618 3289 10917
leaf_count=10287 3904 32046 5695 9661 17219 9599 2167 11992 10925 8324 2127 4371 17150 8150 6852 2873 9293 1951 4309 1490 2276 5986 261 2440 3027 768 2324 7618 3289 10917
internal_value=-9.81424e-12 -0.0497989 0.136078 0.155366 -0.0735779 -0.00888139 -0.0932725 -0.0777375 -0.0208324 -0.0457743 -0.03139 -0.118021 0.126646 -0.0959992 0.201812 -0.0557824 -0.0746007 -0.0402011 0.0028505 0.0354634 -0.128943 -0.106676 -0.0552708 -0.0166389 -0.0472688 0.0231855 0.224998 0.104609 -0.0044225 -0.0583512
internal_weight=219291 160540 58751 49300 101534 59006 59434 36514 49407 42100 34173 22920 30463 20142 18837 31336 14117 4824 15234 9451 18549 8262 16372 10764 14205 7961 9176 13313 4057 11178
internal_count=219291 160540 58751 49300 101534 59006 59434 36514 49407 42100 34173 22920 30463 20142 18837 31336 14117 4824 15234 9451 18549 8262 16372 10764 14205 7961 9176 13313 4057 11178
is_linear=0
shrinkage=0.05


Tree=11
num_leaves=31
num_cat=0
split_feature=1 5 5 10 10 1 1 7 11 9 10 10 10 10 10 11 11 1 10 10 12 9 11 12 12 10 10 12 11 12
split_gain=537809 51014.7 47446.3 18370.4 15550.7 14348 10198.5 7914.03 7337.34 6572.97 5827.32 5388.3 4489.3 4445.82 4137.56 3940.52 4195.98 3374.24 3305.44 2623.65 2851.03 2554.26 2550.01 2406.45 2139.39 1875.04 1866.4 1876.84 1666.63 1610.45
threshold=33.994686126708991 36.713724136352546 30.55948638916016 0.54883790016174328 0.030120026320219043 29.583262443542484 38.627557754516609 32.789827346801765 0.76663044095039379 28.595641136169437 0.54883790016174328 0.75548630952835094 0.59125596284866344 0.7086201310157777 -0.16705007851123807 -0.88603779673576344 -0.71464690566062916 35.225744247436531 -0.58429276943206776 -0.62540480494499195 15.750000000000002 31.514078140258793 -0.43663504719734186 18.750000000000004 13.250000000000002 -0.93535929918289173 0.7666517198085786 14.750000000000002 0.69635042548179638 14.750000000000002
decision_type=2 2 2 2 2 2 2 2 2 2 2 2 2 2 2 2 2 2 2 2 2 2 2 2 2 2 2 2 2 2
left_child=2 3 5 -2 8 9 10 28 14 24 -3 21 -8 -14 15 -4 19 -5 -10 20 -17 -7 -18 -15 -1 -24 27 -11 -6 -12
right_child=1 6 4 17 7 11 12 -9 18 26 29 -13 13 23 -16 16 22 -19 -20 -21 -22 -23 25 -25 -26 -27 -28 -29 -30 -31
leaf_value=-0.14606631441349943 0.022321050188284577 0.080228378861395278 0.014156955283278259 0.076724980108557883 0.00087930696463628085 -0.064708186031959353 0.14452649905941259 0.039711198954848537 -0.18962191108780324 -0.10373790460942055 0.1192985070811141 0.057996008981911401 0.28917918241321661 0.17717159339161165 -0.082981598676987678 -0.023871599996470025 0.0019365224620544121 0.11815075393098569 -0.077699154503058226 -0.051656679831474053 -0.1663155488150862 -0.025542999306826981 -0.02199495855164663 0.22579010560071927 -0.10964414263571563 -0.048440482002968972 0.072517012779366605 -0.072731358629607418 -0.029662140768203994 0.16266678694560488
leaf_weight=6139 10321 3302 4720 7611 8753 26876 3285 10669 751 7244 2657 1022 1562 5757 3862 493 6069 13880 5425 4077 1222 4926 14860 4562 11746 12210 195 14958 9122 11015
leaf_count=6139 10321 3302 4720 7611 8753 26876 3285 10669 751 7244 2657 1022 1562 5757 3862 493 6069 13880 5425 4077 1222 4926 14860 4562 11746 12210 195 14958 9122 11015
internal_value=3.87252e-11 0.122036 -0.0502412 0.0771489 -0.0241867 -0.0795486 0.166464 0.00563331 -0.0400406 -0.0995441 0.139841 -0.0550101 0.196261 0.210566 -0.0333765 -0.0289877 -0.0342185 0.10348 -0.0913089 -0.0734825 -0.125368 -0.0586417 -0.027356 0.198666 -0.122146 -0.0339233 -0.0814954 -0.0828481 -0.0147067 0.154239
internal_weight=219291 63952 155339 31812 82233 73106 32140 28544 53689 40282 16974 32824 15166 11881 47513 43651 38931 21491 6176 5792 1715 31802 33139 10319 17885 27070 22397 22202 17875 13672
internal_count=219291 63952 155339 31812 82233 73106 32140 28544 53689 40282 16974 32824 15166 11881 47513 43651 38931 21491 6176 5792 1715 31802 33139 10319 17885 27070 22397 22202 17875 13672
is_linear=0
shrinkage=0.05


Tree=12
num_leaves=31
num_cat=0
split_feature=1 1 7 9 10 10 1 10 10 3 7 12 1 10 10 11 11 1 11 10 13 9 10 10 10 11 5 11 9 11
split_gain=485707 56173.4 31726.7 18701.9 15667.7 15294.6 8128.23 7188.43 5382.71 5270.96 3674.77 3537.1 3510.58 2883.41 3316.19 2861.88 2553.48 2526.69 2297 2078.84 1978.1 1786.71 1775.11 1715.3 2371.3 1662.69 1625.39 1568.63 2438.54 1547.55
threshold=34.605472564697273 31.527656555175785 37.219158172607429 30.456549644470218 0.6186656951904298 0.54883790016174328 29.205821037292484 0.56314551830291759 0.047320950776338584 40.091657638549812 33.816766738891609 13.750000000000002 33.419513702392585 0.72066047787666332 0.84293374419212352 -0.99049577116966236 0.38167507946491247 36.474897384643562 0.54882264137268078 0.34964421391487127 78.250000000000014 32.790451049804695 0.030120026320219043 -0.3415676057338714 -0.62540480494499195 -0.98518359661102284 31.520864486694339 -0.15855351090431211 39.559928894042976 0.030119189061224464
decision_type=2 2 2 2 2 2 2 2 2 2 2 2 2 2 2 2 2 2 2 2 2 2 2 2 2 2 2 2 2 2
left_child=1 3 5 6 12 -2 11 19 15 13 -6 -1 18 -9 -15 -5 20 -7 22 -4 -17 -10 25 24 -20 -3 -8 28 -16 -29
right_child=2 4 7 8 10 17 26 9 21 -11 -12 -13 -14 14 27 16 -18 -19 23 -21 -22 -23 -24 -25 -26 -27 -28 29 -30 -31
leaf_value=-0.12553663465719053 0.027203240796932138 -0.069919854818411661 0.056927465546669935 -0.11627826867907204 0.021911373747061064 0.09721242942563442 -0.06925781682298833 0.21666751074144841 -0.019241695656248909 0.22274083243675982 0.075297456832976103 -0.089726509398495594 0.0065614284143703213 0.10759954707782234 0.17020571206162496 -0.055896851950840154 -0.064911682987639718 0.13120517227669001 -0.050520738077666882 0.13164004323480255 -0.021448708620043028 0.034451411757925196 0.0097679032923660217 -0.033175001118003256 -0.14716922691557066 -0.02222879558019188 -0.024213028629629152 0.12494665088686102 0.25051856971194603 0.18494176835654413
leaf_weight=10868 7091 1985 1192 1593 10522 13070 28332 2323 8475 5324 4647 18866 9615 2771 4918 6921 12312 9397 1916 4253 10474 1896 4024 4564 949 23045 2155 2923 1170 1700
leaf_count=10868 7091 1985 1192 1593 10522 13070 28332 2323 8475 5324 4647 18866 9615 2771 4918 6921 12312 9397 1916 4253 10474 1896 4024 4564 949 23045 2155 2923 1170 1700
internal_value=1.45581e-11 -0.0436462 0.126866 -0.0663958 -0.00581182 0.091224 -0.0842149 0.166511 -0.0406444 0.179713 0.0382661 -0.102815 -0.0203161 0.165218 0.156353 -0.0509885 -0.0474874 0.11143 -0.0273996 0.115284 -0.0351547 -0.00942566 -0.0210555 -0.0522105 -0.0825345 -0.0260109 -0.0660738 0.168966 0.18564 0.147008
internal_weight=219291 163159 56132 101892 61267 29558 60221 26574 41671 21129 15169 29734 46098 15805 13482 31300 29707 22467 36483 5445 17395 10371 29054 7429 2865 25030 30487 10711 6088 4623
internal_count=219291 163159 56132 101892 61267 29558 60221 26574 41671 21129 15169 29734 46098 15805 13482 31300 29707 22467 36483 5445 17395 10371 29054 7429 2865 25030 30487 10711 6088 4623
is_linear=0
shrinkage=0.05


Tree=13
num_leaves=31
num_cat=0
split_feature=3 1 10 1 9 10 1 10 9 12 9 12 13 11 13 13 7 12 10 10 1 5 11 10 12 12 9 11 10 10
split_gain=439272 47818.8 31876 19313.9 16059.5 14244.9 7079.05 4718.26 4138.76 3105.09 2823.27 2775.69 2721.28 2714.88 2854.31 2534.69 2269.62 2283.83 2069.12 1916.03 1703.26 1607.49 1600.24 4890.25 1570.69 1517.57 1508.28 1734.46 2761.13 1432.15
threshold=34.460027694702156 31.410868644714359 0.41327477991580969 37.768899917602546 30.456549644470218 0.79877197742462169 28.766963958740238 0.6186656951904298 33.419498443603523 18.250000000000004 28.267940521240238 14.750000000000002 80.750000000000014 0.38167507946491247 81.250000000000014 78.250000000000014 38.39244461059571 15.750000000000002 0.081675637513399138 -0.064507851377129541 33.223888397216804 31.550268173217777 0.77756834030151378 -0.58429276943206776 15.750000000000002 14.250000000000002 33.750249862670906 -0.99271196126937855 0.030120026320219043 0.012910176534205677
decision_type=2 2 2 2 2 2 2 2 2 2 2 2 2 2 2 2 2 2 2 2 2 2 2 2 2 2 2 2 2 2
left_child=1 4 16 11 6 8 10 26 22 -5 -1 15 -11 14 -13 -4 17 -2 24 -19 -7 -8 29 -24 -10 -9 27 28 -6 -3
right_child=2 5 3 9 7 20 21 25 18 12 -12 13 -14 -15 -16 -17 -18 19 -20 -21 -22 -23 23 -25 -26 -27 -28 -29 -30 -31
leaf_value=-0.11885048041008195 0.050350554276026228 -0.026623471186619081 0.051691670500366417 0.15207276191312544 -0.14991906746057546 0.020916622654009967 -0.069156453490262351 -0.029710618287884585 0.018068041859817582 0.2041880930139362 -0.084182838426776277 0.13949051901277865 0.14068159291569843 0.070339877774799567 0.096480107388208294 0.1079310175837883 0.099695999944579602 -0.079441778298392565 0.034884169230832186 0.012122722505464726 0.062813201165813057 -0.022407595459024654 -0.19675466888393578 -0.035938622607970899 -0.032653953350655261 0.036470403190708593 -0.00051109582710845013 -0.045139194447847662 0.0080698685948047983 -0.0015786256915781395
leaf_weight=12049 3872 28834 3731 11274 939 4055 33693 1328 2783 7778 11457 10874 2154 2713 5978 4327 1091 686 4487 3418 6038 1945 513 6022 3380 2491 1803 32069 392 7117
leaf_count=12049 3872 28834 3731 11274 939 4055 33693 1328 2783 7778 11457 10874 2154 2713 5978 4327 1091 686 4487 3418 6038 1945 513 6022 3380 2491 1803 32069 392 7117
internal_value=5.42907e-12 -0.0423844 0.118154 0.134141 -0.0642268 -0.00847289 -0.0806537 -0.0393293 -0.0188162 0.170031 -0.101953 0.106588 0.190415 0.11676 0.124233 0.0818912 0.0320574 0.0228054 0.00905524 -0.00318265 0.0459807 -0.0666051 -0.0258027 -0.0485627 -0.00974964 0.0134569 -0.0450558 -0.0474605 -0.103389 -0.0216655
internal_weight=219291 161395 57896 48829 98166 63229 59144 39022 53136 21206 23506 27623 9932 19565 16852 8058 9067 7976 10650 4104 10093 35638 42486 6535 6163 3819 35203 33400 1331 35951
internal_count=219291 161395 57896 48829 98166 63229 59144 39022 53136 21206 23506 27623 9932 19565 16852 8058 9067 7976 10650 4104 10093 35638 42486 6535 6163 3819 35203 33400 1331 35951
is_linear=0
shrinkage=0.05


Tree=14
num_leaves=31
num_cat=0
split_feature=5 1 10 3 7 10 12 11 10 13 10 1 1 12 13 11 13 11 10 11 13 10 9 12 10 10 9 11 1 10
split_gain=396499 44187.5 30497.6 16867.1 14674.5 14092.2 6853.95 4872.25 3820.52 3595.48 3478.13 3393.38 2872.58 2781.05 2441.79 2389.77 2221.78 3020.78 2205.97 2155.62 2184 2030.12 2618.78 2023.65 2931.87 1976.01 1716.39 1711.22 1683.11 1640
threshold=34.460351943969734 31.527656555175785 0.41327477991580969 37.759819030761726 30.371634483337406 0.79877197742462169 14.750000000000002 0.78827583789825451 0.081675637513399138 81.250000000000014 0.6186656951904298 33.419513702392585 39.904392242431648 14.750000000000002 78.250000000000014 -0.9412824511528014 77.250000000000014 0.44436171650886541 -0.58429276943206776 0.38167507946491247 81.250000000000014 0.59125596284866344 41.424884796142585 15.750000000000002 0.030120026320219043 0.7086201310157777 39.559928894042976 -0.77212798595428456 33.273767471313484 0.54883790016174328
decision_type=2 2 2 2 2 2 2 2 2 2 2 2 2 2 2 2 2 2 2 2 2 2 2 2 2 2 2 2 2 2
left_child=1 4 23 13 6 11 8 15 16 -9 -6 -3 29 14 -4 -8 -1 -18 27 20 -15 22 -14 -2 -25 -23 -26 -17 -7 -5
right_child=2 5 3 12 10 28 7 9 -10 -11 -12 -13 21 19 -16 18 17 -19 -20 -21 -22 25 -24 24 26 -27 -28 -29 -30 -31
leaf_value=-0.12489278852115893 0.056067026999498275 -0.024679054700990188 0.047919649620441311 0.10008124650110964 -0.042487683001990822 0.020763446216460445 -0.091606173875425495 -0.064118017856013731 -0.060529076363015383 -0.10857091186766583 0.0060342522740519655 0.0062205158617647596 0.18711716921604432 0.13238199032990505 0.10330448124353131 -0.17202466322087695 -0.040442821652520715 -0.10893753237152821 0.0026165330040159068 0.069559243122909217 0.094654701714313602 0.26768433264249281 0.053995895576175505 -0.060862803513274943 0.015597263955790142 0.18779429070005782 0.10575377024632318 -0.042476014302210208 0.061946284233557261 0.15445116570412143
leaf_weight=9798 4171 38225 3718 1567 37561 4014 2168 13202 5278 6940 4096 11576 964 10887 4282 261 2262 5582 3027 2527 5923 916 599 1157 3490 4993 622 10917 6496 12072
leaf_count=9798 4171 38225 3718 1567 37561 4014 2168 13202 5278 6940 4096 11576 964 10887 4282 261 2262 5582 3027 2527 5923 916 599 1157 3490 4993 622 10917 6496 12072
internal_value=2.51429e-13 -0.0402642 0.112264 0.128284 -0.0604713 -0.00639354 -0.0764197 -0.0629675 -0.0978509 -0.0794344 -0.0377167 -0.0174966 0.161856 0.102358 0.0775644 -0.04271 -0.109017 -0.0891855 -0.0352474 0.112616 0.119089 0.186775 0.1361 0.0300477 0.00945057 0.200179 0.0292348 -0.0455009 0.0462177 0.148205
internal_weight=219291 161403 57888 48448 101092 60311 59435 36515 22920 20142 41657 49801 21111 27337 8000 16373 17642 7844 14205 19337 16810 7472 1563 9440 5269 5909 4112 11178 10510 13639
internal_count=219291 161403 57888 48448 101092 60311 59435 36515 22920 20142 41657 49801 21111 27337 8000 16373 17642 7844 14205 19337 16810 7472 1563 9440 5269 5909 4112 11178 10510 13639
is_linear=0
shrinkage=0.05


Tree=15
num_leaves=31
num_cat=0
split_feature=1 1 5 9 10 10 1 10 5 10 10 9 11 5 10 11 11 10 11 13 12 1 11 9 11 11 10 12 9 10
split_gain=358453 42369.8 22721.8 14036.3 12584.9 10452.7 6385.26 5637.43 5230.7 4268.35 3887.36 3426.79 3297.02 3288.73 2493.56 2291.87 2274.7 4224 1839.08 1755.27 3196.9 1745.89 1699.42 2055.34 1628.5 1539 1521.91 1371.61 1329.3 1316.38
threshold=34.682285308837898 31.527656555175785 37.47594070434571 30.578004837036136 0.030120026320219043 0.54883790016174328 29.583262443542484 0.5772862732410432 33.322546005249031 0.047320950776338584 0.72066047787666332 27.947340965271 0.75546532869339 40.752880096435554 0.84293374419212352 -0.99049577116966236 -0.85204595327377308 -0.67760851979255665 0.6838940978050233 78.750000000000014 16.750000000000004 36.474897384643562 -0.15855351090431211 39.263370513916023 0.3657089769840241 -1.0000000180025095e-35 -0.58429276943206776 13.250000000000002 32.790451049804695 0.34964421391487127
decision_type=2 2 2 2 2 2 2 2 2 2 2 2 2 2 2 2 2 2 2 2 2 2 2 2 2 2 2 2 2 2
left_child=1 3 5 6 12 -2 11 29 18 15 -9 27 19 14 -12 -5 -17 -18 -6 -3 24 -7 23 -16 -21 -19 -14 -1 -11 -4
right_child=2 4 7 9 8 21 -8 10 -10 28 13 -13 26 -15 22 16 17 25 -20 20 -22 -23 -24 -25 -26 -27 -28 -29 -30 -31
leaf_value=-0.12824400778291659 0.029012193292698801 -0.034650254556139702 0.046131633182627113 -0.10221051332648723 0.015691783955102036 0.08559631413486013 -0.052918624683102093 0.21196425263287433 0.047663484388558483 -0.013876054627513085 0.09673322086441534 -0.074030973839040851 -0.14306076968556966 0.20297382063568856 0.14749173721638958 -0.0015708536223655225 -0.031366708899960544 -0.11677285765952677 -0.020019258450614141 0.026262346778901144 -0.025151216811072741 0.11300887778743857 0.12760844113304479 0.20808449004460028 -0.045734613800796978 -0.063653554135332108 -0.053920634695386362 -0.093884875368379986 0.032756133331099495 0.11183781326494752
leaf_weight=4550 7241 12917 924 1547 9928 13153 26451 2905 11075 7879 2706 23728 728 2419 4334 3432 17022 1808 5661 5944 13576 10402 4760 2067 905 5547 1399 8032 1896 4355
leaf_count=4550 7241 12917 924 1547 9928 13153 26451 2905 11075 7879 2706 23728 728 2419 4334 3432 17022 1808 5661 5944 13576 10402 4760 2067 905 5547 1399 8032 1896 4355
internal_value=-3.26457e-12 -0.0371065 0.110129 -0.0569507 -0.00456388 0.081551 -0.0716042 0.146095 0.0213896 -0.0334484 0.158682 -0.0852162 -0.0240745 0.149178 0.139793 -0.0429775 -0.0396824 -0.045048 0.00272365 -0.0202242 -0.0111011 0.0977018 0.150233 0.167058 0.016749 -0.0767113 -0.0844303 -0.10631 -0.00483108 0.100337
internal_weight=219291 164025 55266 101892 62133 30796 62761 24470 26664 39131 19191 36310 35469 16286 13867 29356 27809 24377 15589 33342 20425 23555 11161 6401 6849 7355 2127 12582 9775 5279
internal_count=219291 164025 55266 101892 62133 30796 62761 24470 26664 39131 19191 36310 35469 16286 13867 29356 27809 24377 15589 33342 20425 23555 11161 6401 6849 7355 2127 12582 9775 5279
is_linear=0
shrinkage=0.05


Tree=16
num_leaves=31
num_cat=0
split_feature=3 1 7 10 9 10 10 10 10 12 11 1 5 11 5 11 1 10 9 5 9 11 9 12 11 10 10 10 9 12
split_gain=323962 35142.1 23799.8 13538 11525.2 11113.6 5240.78 4816.89 4575.78 4021.34 3936.74 3469.08 2955.64 2937.68 2416.51 2431.05 1922.91 1846.45 1838.17 1746.94 1715.64 1661.82 1644.69 1620.25 1462.18 4452.15 1686.09 1981.61 1337.26 1463.22
threshold=34.460027694702156 31.205601692199711 37.472579956054695 0.54883790016174328 29.189107894897464 0.79877197742462169 0.59125596284866344 0.72066047787666332 0.6186656951904298 14.750000000000002 0.89771011471748363 33.419513702392585 40.752880096435554 -0.54160776734352101 31.431348800659183 -0.99049577116966236 36.176900863647468 0.34964421391487127 27.462376594543461 27.371984481811527 31.573638916015629 -0.15855351090431211 39.559928894042976 13.750000000000002 0.77756834030151378 -0.58429276943206776 0.030120026320219043 -0.16705007851123807 32.155923843383796 14.750000000000002
decision_type=2 2 2 2 2 2 2 2 2 2 2 2 2 2 2 2 2 2 2 2 2 2 2 2 2 2 2 2 2 2
left_child=1 4 3 -2 9 11 17 -8 14 19 -11 24 13 -9 15 -6 -5 -4 -12 -1 -17 22 -15 -7 26 -26 27 -3 -10 -30
right_child=2 5 6 16 8 23 7 12 28 10 18 -13 -14 21 -16 20 -18 -19 -20 -21 -22 -23 -24 -25 25 -27 -28 -29 29 -31
leaf_value=-0.12260707564454672 0.019548276333573294 -0.021650009944565705 0.041578577481702426 0.077584720789510689 -0.12730547899732667 0.0095200811238297812 0.21699139698987416 0.087533236147201487 -0.0098039953303667889 -0.040967285351699696 -0.12389577692475073 0.0075990755014102851 0.19281020662367104 0.14657033552633753 -0.027202819945721813 -0.055507688365616474 0.1055057074738707 0.11180186860410644 -0.073405772107348541 -0.086897161668323661 -0.028096936511044307 0.12139472537243015 0.20538889580275557 0.052069289573688962 -0.17640249951199186 -0.032701152223196576 0.00068799776221032272 -0.072902864214735116 -0.031320626858170289 0.096870676017562427
leaf_weight=5125 8516 29873 1159 11457 1070 3288 2469 2825 3625 9151 2514 10915 2428 4778 11670 34484 13354 4867 6371 10324 6841 4461 1582 7002 581 7456 8078 2013 330 684
leaf_count=5125 8516 29873 1159 11457 1070 3288 2469 2825 3625 9151 2514 10915 2428 4778 11670 34484 13354 4867 6371 10324 6841 4461 1582 7002 581 7456 8078 2013 330 684
internal_value=4.07568e-11 -0.0363987 0.101468 0.0739426 -0.0566136 -0.00947058 0.138804 0.151969 -0.0432616 -0.0800215 -0.063985 -0.0178443 0.141981 0.132937 -0.0473506 -0.0528967 0.0926126 0.0982956 -0.0876919 -0.0987435 -0.0509701 0.144791 0.161201 0.0384734 -0.0236298 -0.0430894 -0.0197164 -0.0248857 0.0043941 0.0551516
internal_weight=219291 161395 57896 33327 92189 69206 24569 18543 58704 33485 18036 58916 16074 13646 54065 42395 24811 6026 8885 15449 41325 10821 6360 10290 48001 8037 39964 31886 4639 1014
internal_count=219291 161395 57896 33327 92189 69206 24569 18543 58704 33485 18036 58916 16074 13646 54065 42395 24811 6026 8885 15449 41325 10821 6360 10290 48001 8037 39964 31886 4639 1014
is_linear=0
shrinkage=0.05


Tree=17
num_leaves=31
num_cat=0
split_feature=5 1 10 1 7 10 12 11 13 10 12 10 11 10 11 10 11 11 12 10 13 11 11 13 13 11 12 10 10 11
split_gain=293245 32303.3 22449.4 12903 12165.6 9328.32 6128.75 4649.15 3242.97 3208.02 2881.55 2697.66 2890.86 2732 2535.7 2407.31 4350.06 3457.94 2286.27 2199.2 2197.33 2179.34 2051.61 2523.11 1925.32 2655.99 1858.65 2346.55 1810.86 2582.59
threshold=34.460351943969734 31.938055038452152 0.41327477991580969 38.28309631347657 30.401480674743656 0.79877197742462169 14.750000000000002 0.77756834030151378 80.750000000000014 0.081675637513399138 14.750000000000002 0.030120026320219043 0.77756834030151378 -0.15005400776863095 -0.9412824511528014 -0.48250326514244074 -0.73829901218414296 -0.79354220628738392 18.750000000000004 -0.58429276943206776 78.250000000000014 -0.77212798595428456 0.38167507946491247 81.250000000000014 77.250000000000014 0.44436171650886541 15.750000000000002 0.030120026320219043 0.012910176534205677 0.77756834030151378
decision_type=2 2 2 2 2 2 2 2 2 2 2 2 2 2 2 2 2 2 2 2 2 2 2 2 2 2 2 2 2 2
left_child=1 4 26 10 6 28 9 14 -9 24 20 12 13 15 -8 16 17 -6 -5 21 -4 -16 23 -12 -1 -26 -2 -28 29 -3
right_child=2 5 3 18 11 -7 7 8 -10 -11 22 -13 -14 -15 19 -17 -18 -19 -20 -21 -22 -23 -24 -25 25 -27 27 -29 -30 -31
leaf_value=-0.1093514785180278 0.050943340728286761 -0.016041757392328739 0.038022256834335723 0.12986218728300095 -0.05783249394454594 0.042398333118091908 -0.081629388310265366 -0.052072893939223555 -0.091985734624456736 -0.050883655849115333 0.11810138453734687 -0.011327876128267252 -0.068932111960446824 -0.095739363246479608 -0.16685998613435415 0.011319741772436472 -0.026278075734032593 -0.18712925731432217 0.16689423508361745 0.0095046325918313832 0.089013335527802079 -0.032610596503349243 0.058136864829254731 0.080283992494430079 -0.03332338268272924 -0.09540495484734364 -0.056636682555482744 0.023967219298488215 0.0039105951322022372 -0.096846721478292735
leaf_weight=9842 4171 25947 3797 10197 1750 9923 2377 12861 8422 5515 13563 13055 6197 1563 310 3447 22265 734 7049 3383 4763 12173 2543 6536 2479 5648 1157 4112 12484 1028
leaf_count=9842 4171 25947 3797 10197 1750 9923 2377 12861 8422 5515 13563 13055 6197 1563 310 3447 22265 734 7049 3383 4763 12173 2543 6536 2479 5648 1157 4112 12484 1028
internal_value=1.6477e-12 -0.0346269 0.0965464 0.110291 -0.0494784 -0.000936685 -0.0640105 -0.0519908 -0.067867 -0.084241 0.0911072 -0.0307955 -0.0378639 -0.0313943 -0.033469 -0.0278274 -0.0332798 -0.0960385 0.144998 -0.0262537 0.066395 -0.0359445 0.10045 0.105804 -0.094479 -0.0764681 0.0260073 0.00626771 -0.0118344 -0.0191212
internal_weight=219291 161403 57888 48448 112021 49382 63010 39526 21283 23484 31202 49011 35956 29759 18243 28196 24749 2484 17246 15866 8560 12483 22642 20099 17969 8127 9440 5269 39459 26975
internal_count=219291 161403 57888 48448 112021 49382 63010 39526 21283 23484 31202 49011 35956 29759 18243 28196 24749 2484 17246 15866 8560 12483 22642 20099 17969 8127 9440 5269 39459 26975
is_linear=0
shrinkage=0.05


Tree=18
num_leaves=31
num_cat=0
split_feature=1 1 7 9 10 10 12 11 1 5 10 13 10 10 11 13 11 11 11 10 10 10 10 10 9 13 12 11 10 11
split_gain=265074 31069.9 17138.4 11011.6 9089.81 7674.59 5191.33 4587.2 4508.58 3662.69 3535.39 3216.72 3204.83 3134.48 2447.87 1862.06 2684.52 1823.02 1855.61 3475.34 1620.54 2035.31 1592.2 1885.14 1713.51 1551.55 2559.96 1504.34 1591.91 2835.33
threshold=34.682285308837898 31.649764060974125 37.04413032531739 30.635138511657718 0.030120026320219043 0.54883790016174328 14.750000000000002 0.77756834030151378 39.567972183227546 33.371110916137702 0.047320950776338584 81.250000000000014 0.081675637513399138 0.54883790016174328 0.73246693611145031 77.250000000000014 0.39752808213233953 -0.99049577116966236 -0.85204595327377308 -0.67760851979255665 0.72066047787666332 0.86095303297042858 0.59125596284866344 0.7086201310157777 41.939998626708991 78.750000000000014 16.750000000000004 -0.95234230160713185 -0.59817537665367115 -0.76107609272003163
decision_type=2 2 2 2 2 2 2 2 2 2 2 2 2 2 2 2 2 2 2 2 2 2 2 2 2 2 2 2 2 2
left_child=1 3 5 6 14 -2 12 27 13 -6 17 -9 15 -4 25 -1 -17 -5 -19 -20 -15 -22 24 -24 -10 -3 -27 -8 29 -29
right_child=2 4 8 10 9 -7 7 11 22 -11 -12 -13 -14 20 -16 16 -18 18 19 -21 21 -23 23 -25 -26 26 -28 28 -30 -31
leaf_value=-0.10405872356937856 0.019103102083689316 -0.030850325105279033 0.066845251461214492 -0.088351168992164775 0.0036084229449307873 0.081317081214232118 -0.070760244263886149 -0.051850450139004647 0.14201132714949172 0.041998464833328059 -0.002259624665572646 -0.092065010040452491 -0.047186070574758078 0.15659777369654751 -0.073828153163182073 -0.02874655862148667 -0.090611466918345221 0.00073638485314377273 -0.026183206812643411 -0.067408237157816228 0.076602924575004033 0.12258940012839492 0.22523880869700696 0.15160771533140771 0.043557295643264396 0.017331646517750415 -0.021010163277528058 -0.16700932281949293 0.003665384677450706 -0.030256720476778923
leaf_weight=9988 6528 11828 3703 1590 14843 20598 2151 15068 1486 10686 10274 7422 5923 2321 1987 2504 5851 3503 17631 7200 3196 9735 1015 6055 629 6627 12689 391 3489 12380
leaf_count=9988 6528 11828 3703 1590 14843 20598 2151 15068 1486 10686 10274 7422 5923 2321 1987 2504 5851 3503 17631 7200 3196 9735 1015 6055 629 6627 12689 391 3489 12380
internal_value=3.82021e-11 -0.0319093 0.0947042 -0.0481464 -0.00274429 0.066345 -0.0608415 -0.0499715 0.122042 0.0196778 -0.0275658 -0.0651218 -0.0791631 0.10811 -0.0200216 -0.0894885 -0.0720705 -0.0362543 -0.0333308 -0.0381368 0.118128 0.111223 0.150792 0.162179 0.112731 -0.0165887 -0.00785572 -0.0314646 -0.0262663 -0.0344436
internal_weight=219291 164025 55266 105365 58660 27126 65167 40901 28140 25529 40198 22490 24266 18955 33131 18343 8355 29924 28334 24831 15252 12931 9185 7070 2115 31144 19316 18411 16260 12771
internal_count=219291 164025 55266 105365 58660 27126 65167 40901 28140 25529 40198 22490 24266 18955 33131 18343 8355 29924 28334 24831 15252 12931 9185 7070 2115 31144 19316 18411 16260 12771
is_linear=0
shrinkage=0.05


Tree=19
num_leaves=31
num_cat=0
split_feature=5 1 10 5 1 10 9 11 10 10 12 12 11 13 10 10 12 13 11 11 10 11 11 11 13 12 9 12 10 10
split_gain=239540 26402.7 18409.6 10966 10646.2 6767.68 5076.44 3268.73 3662.1 3123.95 2431.45 2063.08 2001.89 1928.3 1876.62 3703.65 2115.37 2485.63 2066.04 2709.28 4124.72 1727.99 1727.55 1723.03 2115.56 1718.76 1993.51 1687.91 1677.26 1536.97
threshold=34.460351943969734 32.330865859985359 0.41327477991580969 29.465291976928714 38.175645828247077 0.80900949239730846 28.69754791259766 0.77756834030151378 -0.22611359506845471 0.7666517198085786 14.750000000000002 17.750000000000004 0.99814856052398693 78.250000000000014 0.030120026320219043 -0.16705007851123807 14.750000000000002 80.250000000000014 -0.87792757153511036 -0.73829901218414296 -0.61188074946403492 0.38167507946491247 -0.9412824511528014 0.38167507946491247 81.250000000000014 16.250000000000004 39.263370513916023 13.750000000000002 -0.58429276943206776 0.54883790016174328
decision_type=2 2 2 2 2 2 2 2 2 2 2 2 2 2 2 2 2 2 2 2 2 2 2 2 2 2 2 2 2 2
left_child=1 3 25 6 10 -3 27 14 28 22 13 -6 -10 -4 15 18 -16 -18 -5 20 -20 -21 -8 24 29 -2 -27 -1 -9 -12
right_child=2 5 4 7 11 -7 9 8 12 -11 23 -13 -14 -15 16 -17 17 -19 19 21 -22 -23 -24 -25 -26 26 -28 -29 -30 -31
leaf_value=-0.097235824273914084 0.044843020333808832 -0.0068550963897159728 0.032318933173349072 0.0047951978517774309 0.11010030124638513 0.042812523509446122 -0.096054075918082585 -0.15354902044727903 -0.026812166943233628 0.091097782116398157 0.053659104528169167 0.14441506488360023 -0.090103486644682651 0.080349593160041533 -0.032812630830184944 -0.090724457012795245 0.041503694011786246 -0.020547819182038476 -0.15986679872699416 -0.017331658004915391 -0.03861169357918165 -0.040936001611312223 -0.044372054024973046 0.051719181853807972 0.072036300919657431 -0.010902719528461583 0.082451606366671343 -0.068706813356236379 -0.068061558532617958 0.11263788283406416
leaf_weight=8581 4692 30539 3780 4778 7498 8845 1759 622 13385 408 1219 10534 1378 4673 4496 2345 3376 3092 966 21687 2560 12068 20020 2542 6429 4083 665 13099 7399 11773
leaf_count=8581 4692 30539 3780 4778 7498 8845 1759 622 13385 408 1219 10534 1378 4673 4496 2345 3376 3092 966 21687 2560 12068 20020 2542 6429 4083 665 13099 7399 11773
internal_value=2.75703e-11 -0.0312959 0.0872589 -0.0427849 0.0997054 0.00429944 -0.0627919 -0.031555 -0.0474955 -0.0459783 0.0816586 0.130146 -0.0327199 0.0588713 -0.0249954 -0.0295695 -0.00647054 0.0118402 -0.0261598 -0.030127 -0.0718313 -0.0257706 -0.0485462 0.0904288 0.0954955 0.0233811 0.00217239 -0.0799987 -0.0746908 0.107104
internal_weight=219291 161403 57888 122019 48448 39384 43867 78152 22784 22187 30416 18032 14763 8453 55368 44404 10964 6468 42059 37281 3526 33755 21779 21963 19421 9440 4748 21680 8021 12992
internal_count=219291 161403 57888 122019 48448 39384 43867 78152 22784 22187 30416 18032 14763 8453 55368 44404 10964 6468 42059 37281 3526 33755 21779 21963 19421 9440 4748 21680 8021 12992
is_linear=0
shrinkage=0.05


Tree=20
num_leaves=31
num_cat=0
split_feature=1 7 1 10 10 9 1 11 10 13 10 10 10 5 10 12 12 11 12 13 5 10 5 11 10 11 9 13 11 13
split_gain=216700 21766.2 20050.1 8373.92 7087.1 6054.46 4768.21 3988.41 3348.57 2272.3 2135.57 3328.84 2096.29 2065.49 2056.33 1928.1 1883.34 1845.77 1813.51 1867.27 1810.05 1749.23 1700.16 1662.39 1622.79 1685.77 1588.57 1565.36 1434.22 1381.51
threshold=33.994686126708991 36.708919525146491 30.196988105773929 0.54883790016174328 0.6186656951904298 28.748521804809574 38.397071838378913 0.54882264137268078 0.75548630952835094 77.750000000000014 0.59125596284866344 0.72066047787666332 0.54883790016174328 35.225786209106452 -0.27609442174434656 15.250000000000002 17.250000000000004 0.39752808213233953 15.250000000000002 77.750000000000014 28.851956367492679 0.83354803919792186 31.550268173217777 -0.99049577116966236 0.030120026320219043 -0.12447465583682059 41.052133560180671 78.750000000000014 -0.17552498728036878 80.750000000000014
decision_type=2 2 2 2 2 2 2 2 2 2 2 2 2 2 2 2 2 2 2 2 2 2 2 2 2 2 2 2 2 2
left_child=2 3 5 -2 7 20 12 9 22 15 -8 -12 -3 -6 -9 -4 27 18 19 -5 -1 -13 23 -7 25 -17 -23 -11 -29 -20
right_child=1 6 4 17 13 8 10 14 -10 16 11 21 -14 -15 -16 24 -18 -19 29 -21 -22 26 -24 -25 -26 -27 -28 28 -30 -31
leaf_value=-0.082490642082144294 0.010777752880042709 0.051574501273944529 -0.064038961056394075 0.024346509272086259 0.010517312174461415 -0.11827860358538965 0.091405651439032023 -0.056681498773887035 0.057420408491705766 -0.014445023923035075 0.19872677380456127 0.084939433923328728 0.096476417770259407 0.1123697031997325 -0.026795265921967557 -0.046668380145053583 -0.018492909527589352 0.034661805549626848 0.10329778107469929 0.075396109108978565 -0.049390020727296924 0.1274561024759133 -0.016655009801957419 -0.046361142412575433 0.023607711902878664 -0.004259753992665003 0.19564450801009306 0.034040061051877117 -0.0063660094251077231 0.067477904547079484
leaf_weight=17014 10121 3299 3622 3165 14871 823 3557 10693 828 6662 1776 2188 12256 515 12465 5933 22961 3925 5427 4127 5454 7811 4918 33974 1655 3873 959 5355 3723 5341
leaf_count=17014 10121 3299 3622 3165 14871 823 3557 10693 828 6662 1776 2188 12256 515 12465 5933 22961 3925 5427 4127 5454 7811 4918 33974 1655 3873 959 5355 3723 5341
internal_value=7.44672e-12 0.0774644 -0.0318915 0.0484128 -0.0170517 -0.0536359 0.106753 -0.0232464 -0.0420981 -0.0157765 0.125658 0.135226 0.0869533 0.0139265 -0.040595 -0.0322389 -0.0093606 0.0657385 0.0724924 0.0532387 -0.0744556 0.124934 -0.0441729 -0.0480621 -0.0221892 -0.0299186 0.134913 0.00396132 0.017469 0.0855309
internal_weight=219291 63952 155339 32106 92328 63011 31846 76942 40543 53784 16291 12734 15555 15386 23158 15083 38701 21985 18060 7292 22468 10958 39715 34797 11461 9806 8770 15740 9078 10768
internal_count=219291 63952 155339 32106 92328 63011 31846 76942 40543 53784 16291 12734 15555 15386 23158 15083 38701 21985 18060 7292 22468 10958 39715 34797 11461 9806 8770 15740 9078 10768
is_linear=0
shrinkage=0.05


Tree=21
num_leaves=31
num_cat=0
split_feature=1 5 7 10 10 1 5 11 10 12 10 10 10 11 10 11 11 12 11 11 5 10 10 10 11 12 9 11 1 10
split_gain=195757 23258.3 13076.2 9326.14 6966.51 6241.79 5287.53 3810.57 3301.05 3199.56 3031.95 2759.9 3639.63 2560.01 3502.91 3473.2 2267.01 2733.58 2130.31 2053.71 2003.36 1977.65 1647.28 2444.85 1643.78 1459.5 1453.61 1455.11 1376.16 1369.59
threshold=34.682285308837898 30.646924972534183 37.857082366943366 0.030120026320219043 0.54883790016174328 29.689640998840336 33.041311264038093 0.77756834030151378 -0.58429276943206776 14.250000000000002 0.75548630952835094 0.59125596284866344 0.7086201310157777 -0.98518359661102284 -0.45972847938537592 -0.71464690566062916 -0.78295108675956715 15.750000000000002 0.95989713072776806 -0.43663504719734186 40.752880096435554 0.85206964612007152 0.69636976718902599 0.91927745938301098 -0.15855351090431211 18.250000000000004 31.514078140258793 -0.91583034396171559 27.07005596160889 -0.94697898626327504
decision_type=2 2 2 2 2 2 2 2 2 2 2 2 2 2 2 2 2 2 2 2 2 2 2 2 2 2 2 2 2 2
left_child=1 5 4 7 -2 9 -5 13 -9 28 26 -4 -13 -3 15 16 -15 -18 -11 -17 21 -14 -6 -24 -23 -20 27 -7 -1 -21
right_child=2 3 11 6 22 10 -8 8 -10 18 -12 12 20 14 -16 19 17 -19 25 29 -22 24 23 -25 -26 -27 -28 -29 -30 -31
leaf_value=-0.10281739861414825 0.020419504217123258 -0.054763998968944287 0.080549430225598226 -0.0059813127031291182 0.11070236817565403 -0.079235838573478018 0.034153148362221733 -0.17714309699567302 -0.049119639681642485 -0.040017297791313744 0.050691143326075633 0.18823615071190336 0.068325062510295673 -0.034228364575627529 0.025051646472496292 0.012549715810036137 -0.0068764706850213521 -0.13943101329309654 -0.048606355893903747 -0.0078795283477533107 0.15504694892941709 0.13479012301757032 0.046983494477743248 0.081236971381904333 0.09056503498765589 -0.089953895478753473 -0.010430217739692778 -0.035625182394103734 -0.069370845691978725 -0.030398162878713997
leaf_weight=4152 7671 4385 5092 19789 2809 2073 14021 560 4992 18054 1086 1877 2750 4362 4923 6257 553 1311 4067 13383 2457 5208 7678 16202 3522 4491 5340 24737 11861 13628
leaf_count=4152 7671 4385 5092 19789 2809 2073 14021 560 4992 18054 1086 1877 2750 4362 4923 6257 553 1311 4067 13383 2457 5208 7678 16202 3522 4491 5340 24737 11861 13628
internal_value=5.85205e-12 -0.0274216 0.0813849 -0.00995661 0.0624139 -0.0477189 0.0106624 -0.0227823 -0.0620327 -0.0603834 -0.0314768 0.112565 0.122873 -0.018317 -0.0147188 -0.0196763 -0.0539513 -0.100106 -0.0497572 -0.0132618 0.114071 0.105301 0.074484 0.0702236 0.116948 -0.0703044 -0.0342524 -0.0389972 -0.0780432 -0.019241
internal_weight=219291 164025 55266 88164 34360 75861 33810 54354 5552 42625 33236 20906 15814 48802 44417 39494 6226 1864 26612 33268 13937 11480 26689 23880 8730 8558 32150 26810 16013 27011
internal_count=219291 164025 55266 88164 34360 75861 33810 54354 5552 42625 33236 20906 15814 48802 44417 39494 6226 1864 26612 33268 13937 11480 26689 23880 8730 8558 32150 26810 16013 27011
is_linear=0
shrinkage=0.05


Tree=22
num_leaves=31
num_cat=0
split_feature=5 1 9 7 10 10 1 10 12 12 10 10 11 13 13 12 11 10 10 11 11 13 11 10 10 13 12 12 13 10
split_gain=177390 22023.1 12048.6 8274.84 7260.77 5978.82 4568.97 3274.94 2176.83 2122.45 2007.99 2317.4 1982.74 1542.78 1505.32 1849.96 1436.24 1296.77 1276.8 2023.69 1846.71 1255.9 1931.46 1252.84 1628.41 1250.17 1214.52 1147.26 1178.13 1125.17
threshold=34.678731918334968 32.330865859985359 37.386989593505866 30.461513519287113 0.54883790016174328 0.80900949239730846 29.546133995056156 0.34964421391487127 13.750000000000002 15.250000000000002 0.030120026320219043 -0.08167563751339911 0.54882264137268078 78.250000000000014 81.750000000000014 19.250000000000004 0.98662140965461742 0.65839549899101268 -0.51973900198936451 -0.73829901218414296 -0.79354220628738392 80.250000000000014 0.78827583789825451 -0.63874351978301991 -0.61188074946403492 76.750000000000014 15.250000000000002 14.250000000000002 77.750000000000014 0.030120026320219043
decision_type=2 2 2 2 2 2 2 2 2 2 2 2 2 2 2 2 2 2 2 2 2 2 2 2 2 2 2 2 2 2
left_child=1 3 4 6 26 -3 8 -4 25 -9 11 12 13 -5 15 -11 -14 23 19 20 -15 -10 -23 -8 -25 -1 -2 28 -6 -28
right_child=2 5 7 10 27 -7 17 9 21 14 -12 -13 16 18 -16 -17 -18 -19 -20 -21 -22 22 -24 24 -26 -27 29 -29 -30 -31
leaf_value=-0.095393408496842483 0.037350732005769771 -0.0054085652491282976 0.025494556604626802 -0.034208995750499377 0.011163898695745543 0.038861465812879803 -0.024466815124714106 0.06828269469376741 -0.042847619368317956 0.10744398367016146 -0.007234449938296421 -0.086412042091318225 -0.048441506398984382 -0.031840982201986327 0.066289257022193557 0.14273353607012279 0.053373723306879922 0.0060463337032908805 0.018185434066709801 -0.010184855038133296 -0.15043597246448245 -0.031054942171276519 -0.080759236400226017 -0.14061373442666428 -0.043224866309687041 -0.063312988873850284 -0.046669056232466442 0.076378603327499447 0.06419025438214708 0.011244936375985039
leaf_weight=5518 3063 31689 1298 10619 1439 10044 11751 3080 14864 14296 15424 1654 9847 963 1610 5017 359 1870 3256 12934 498 2766 6662 441 16074 6754 1130 17268 3850 3253
leaf_count=5518 3063 31689 1298 10619 1439 10044 11751 3080 14864 14296 15424 1654 9847 963 1610 5017 359 1870 3256 12934 498 2766 6662 441 16074 6754 1130 17268 3850 3253
internal_value=3.26936e-11 -0.0261154 0.0774373 -0.0368211 0.0560061 0.00524603 -0.0486928 0.102851 -0.0605732 0.107035 -0.0225675 -0.0284608 -0.0259696 -0.0191498 0.112739 0.116611 -0.0448601 -0.0342783 -0.01009 -0.0164856 -0.0722656 -0.051902 -0.0661769 -0.036946 -0.0458254 -0.0777377 0.0131949 0.070138 0.0497632 -0.00368612
internal_weight=219291 163987 55304 122254 30003 41733 66700 25301 36564 24003 55554 40130 38476 28270 20923 19313 10206 30136 17651 14395 1461 24292 9428 28266 16515 12272 7446 22557 5289 4383
internal_count=219291 163987 55304 122254 30003 41733 66700 25301 36564 24003 55554 40130 38476 28270 20923 19313 10206 30136 17651 14395 1461 24292 9428 28266 16515 12272 7446 22557 5289 4383
is_linear=0
shrinkage=0.05


Tree=23
num_leaves=31
num_cat=0
split_feature=3 1 9 9 10 10 12 11 10 13 10 10 10 3 11 13 11 10 10 10 11 10 10 11 11 11 10 11 10 9
split_gain=160335 18516.7 11291 7449.93 6051.62 5225.08 4027.87 3597.42 3000.16 2645.64 2417.15 2389.57 2156.03 2103.95 1762.84 1422.97 1795.03 1378.16 2800.87 1570.02 1363.97 1332.37 1955.04 1644.28 1554.96 1476.74 1330.43 1318.09 1270.08 1251.97
threshold=34.602022171020515 31.938055038452152 37.220106124877937 30.635138511657718 0.54883790016174328 0.030120026320219043 14.750000000000002 0.77756834030151378 0.36571913957595831 80.750000000000014 0.081675637513399138 0.047320950776338584 0.89391031861305248 38.623504638671882 0.77756834030151378 76.750000000000014 0.42887605726718908 0.59125596284866344 0.7086201310157777 0.49002411961555487 -0.95234230160713185 -0.71466678380966175 -0.52707284688949574 -0.99049577116966236 -0.62538740038871754 0.87377473711967479 -0.23448921740055081 -0.72658059000968922 -0.58429276943206776 41.052133560180671
decision_type=2 2 2 2 2 2 2 2 2 2 2 2 2 2 2 2 2 2 2 2 2 2 2 2 2 2 2 2 2 2
left_child=1 3 4 6 -2 14 10 20 -4 -9 15 21 -7 -10 -3 27 -17 19 -19 -15 26 24 -23 -24 -5 -25 -8 -1 -16 -21
right_child=2 5 8 11 -6 12 7 9 13 -11 -12 -13 -14 17 28 16 -18 18 -20 29 -22 22 23 25 -26 -27 -28 -29 -30 -31
leaf_value=-0.12792187228708216 0.01194926504454491 -0.012019975133397634 0.027390890246232719 0.042829261082445835 0.06450024732998233 0.0089101329252746931 -0.1079091583317614 -0.037768156111482834 0.084492007458914734 -0.07266156840853448 -0.035635675401586152 -0.001306117389058094 0.044359239694324065 0.13222448564652364 -0.15903641520873518 -0.037577046351483873 -0.077427004931292037 0.18976934618082017 0.11242896879560527 0.087097039921788383 -0.017484665708142919 -0.065293065937013048 -0.070583972986454746 0.0024285909815838984 -0.022202397163603865 -0.042516390416080421 -0.028740757634447858 -0.077308765063899276 -0.0402770556207485 0.0036932269698817018
leaf_weight=1726 7257 26646 1482 968 22352 17015 855 14208 11209 8795 6087 11832 5735 1079 333 4720 7042 1335 9508 1250 17782 4747 1679 4484 18233 3085 1399 5050 695 703
leaf_count=1726 7257 26646 1482 968 22352 17015 855 14208 11209 8795 6087 11832 5735 1079 333 4720 7042 1335 9508 1250 17782 4747 1679 4484 18233 3085 1399 5050 695 703
internal_value=4.0724e-11 -0.0250898 0.0728535 -0.0363585 0.0516203 9.46021e-05 -0.0468458 -0.0376182 0.0965188 -0.0511094 -0.0629735 -0.0205992 0.0178464 0.100603 -0.0144987 -0.0719499 -0.0614355 0.113618 0.121951 0.0838186 -0.0221293 -0.0274758 -0.039209 -0.02582 -0.0189239 -0.0158902 -0.0587714 -0.0902011 -0.0787468 0.0570751
internal_weight=219291 163116 56175 112692 29609 50424 67664 43039 26566 23003 24625 45028 22750 25084 27674 18538 11762 13875 10843 3032 20036 33196 13995 9248 19201 7569 2254 6776 1028 1953
internal_count=219291 163116 56175 112692 29609 50424 67664 43039 26566 23003 24625 45028 22750 25084 27674 18538 11762 13875 10843 3032 20036 33196 13995 9248 19201 7569 2254 6776 1028 1953
is_linear=0
shrinkage=0.05


Tree=24
num_leaves=31
num_cat=0
split_feature=1 7 1 10 12 10 1 10 11 12 11 13 13 10 10 12 10 11 10 10 13 10 7 13 12 9 10 11 10 12
split_gain=145247 18156.1 11556.7 5973.78 4350.12 3889.45 3774.94 3601.51 2922.85 2728.02 2576.78 1828.94 1748.64 1652.05 2670.38 1635.5 1589.96 1569.11 1565.98 1559.35 1508.46 1463.46 1446.98 1431.58 1369.58 1361.13 1336.8 1304.46 1219.03 1398.09
threshold=33.641326904296882 36.470628738403327 30.196988105773929 0.91927745938301098 14.250000000000002 0.72066047787666332 38.28309631347657 0.6186656951904298 0.78827583789825451 18.250000000000004 0.54882264137268078 77.750000000000014 77.250000000000014 0.59125596284866344 0.72066047787666332 15.250000000000002 0.83354803919792186 0.047319635748863227 0.030120026320219043 0.54883790016174328 80.750000000000014 0.98664879798889171 34.752220153808601 78.250000000000014 17.250000000000004 41.052133560180671 0.25118774175643926 0.38167507946491247 -0.29259762167930597 15.250000000000002
decision_type=2 2 2 2 2 2 2 2 2 2 2 2 2 2 2 2 2 2 2 2 2 2 2 2 2 2 2 2 2 2
left_child=2 3 4 18 12 8 19 10 -6 -10 11 15 -1 -8 -15 -4 -16 -5 -2 -3 28 -19 -9 -20 -13 -18 27 -14 29 -12
right_child=1 6 7 17 5 -7 13 22 9 -11 20 24 26 14 16 -17 25 21 23 -21 -22 -23 -24 -25 -26 -27 -28 -29 -30 -31
leaf_value=-0.076728609453114008 2.8218537666279273e-05 0.040211722103767486 -0.058458009400046654 0.038509921615029793 -0.024363339008256928 0.078363766604257326 0.072733279704126283 0.0044808713795516063 -0.031412934385753051 -0.067893883666065774 -0.090211802355576909 0.004219632340598062 -0.021447734133748717 0.16558244434559191 0.064119759700724296 -0.019318286482200422 0.10406512537770184 0.061026152358344438 0.010161531587028764 0.076943223523283297 -0.06866198299966314 0.10736777189716239 0.085079883389603803 0.041777061287527596 -0.015689023419735073 0.16668531431504796 0.0066316525362613496 -0.066864842645542197 -0.018403993346795659 -0.034798221564432512
leaf_weight=10933 7425 3672 3529 4558 22000 743 3729 12889 9750 10802 1338 14276 2213 1882 2297 10953 8382 5546 6267 13557 2763 2459 582 8353 21876 968 1034 5536 11354 7625
leaf_count=10933 7425 3672 3529 4558 22000 743 3729 12889 9750 10802 1338 14276 2213 1882 2297 10953 8382 5546 6267 13557 2763 2459 582 8353 21876 968 1034 5536 11354 7625
internal_value=1.75026e-11 0.0599955 -0.0275998 0.0344097 -0.0439142 -0.0350487 0.0856709 -0.015809 -0.037029 -0.0505871 -0.0201533 -0.0138418 -0.0633822 0.102199 0.110321 -0.0288559 0.101392 0.0619276 0.0187279 0.0691147 -0.0339996 0.0752615 0.00796306 0.0282248 -0.00782733 0.110548 -0.0467688 -0.0538944 -0.0292858 -0.0430704
internal_weight=219291 69095 150196 34608 63011 43295 34487 87185 42552 20552 73714 50634 19716 17258 13529 14482 11647 12563 22045 17229 23080 8005 13471 14620 36152 9350 8783 7749 20317 8963
internal_count=219291 69095 150196 34608 63011 43295 34487 87185 42552 20552 73714 50634 19716 17258 13529 14482 11647 12563 22045 17229 23080 8005 13471 14620 36152 9350 8783 7749 20317 8963
is_linear=0
shrinkage=0.05


Tree=25
num_leaves=31
num_cat=0
split_feature=5 1 9 10 9 10 12 11 13 10 10 10 11 12 11 11 11 11 13 13 11 10 1 10 11 12 7 12 13 10
split_gain=131370 16228.9 9118.79 6266.59 6175.11 4468.16 3714.72 3322.04 2349.67 2156.04 2145.99 2035.79 1712.05 1599.45 1543.35 2883.54 1593.17 1404.02 1397.26 1341.04 1907.5 1286.2 1255.14 1254.85 1450.89 1209.19 1208.3 1158.01 1140.33 1136.32
threshold=34.678731918334968 32.330865859985359 37.85646057128907 0.54883790016174328 30.664040565490726 0.89773505926132213 14.750000000000002 0.77756834030151378 81.250000000000014 0.030120026320219043 0.34964421391487127 0.081675637513399138 -0.99049577116966236 17.750000000000004 -0.85204595327377308 -0.72658059000968922 -0.49749487638473505 -0.95234230160713185 80.750000000000014 77.250000000000014 0.3657089769840241 -0.23448921740055081 27.588537216186527 0.030120026320219043 0.77756834030151378 14.250000000000002 33.421787261962898 15.250000000000002 78.250000000000014 -0.99865758419036854
decision_type=2 2 2 2 2 2 2 2 2 2 2 2 2 2 2 2 2 2 2 2 2 2 2 2 2 2 2 2 2 2
left_child=1 4 3 27 6 23 11 17 -9 12 -4 19 26 -12 -14 22 -17 21 -15 -1 -21 -8 -16 24 -3 28 -6 -2 -5 -19
right_child=2 5 10 25 9 -7 7 8 -10 -11 13 -13 14 18 15 16 -18 29 -20 20 -22 -23 -24 -25 -26 -27 -28 -29 -30 -31
leaf_value=-0.077386208557413752 0.035376632439839815 -0.0079611796750280409 0.020054288917035704 0.015836160810318009 -0.099620021889104723 0.044157265781782612 -0.10073080994275943 -0.035107223266151316 -0.068981434908477773 -0.0016653789510005551 0.079914001934082809 -0.0320792763756906 0.00582270868071986 0.11665063585477659 -0.17933899091654704 0.011001214162755551 -0.025880424967234989 0.042345108661408205 0.071698438082134136 -0.016735623051595698 -0.066608377657345938 -0.026127387415839448 -0.064757924178723697 0.0090552505831572785 -0.092287057762285324 0.06844279274337027 -0.0071272325092834243 -0.0028746847655667764 0.061243148890312626 -0.017010182385680177
leaf_weight=10019 3321 20678 978 2368 1238 6056 935 16282 7467 13991 8828 6321 4280 9269 266 3315 25086 842 2125 2820 5989 1512 2355 14476 523 20197 494 4895 3323 19042
leaf_count=10019 3321 20678 978 2368 1238 6056 935 16282 7467 13991 8828 6321 4280 9269 266 3315 25086 842 2125 2820 5989 1512 2355 14476 523 20197 494 4895 3323 19042
internal_value=4.43629e-11 -0.0224741 0.0666399 0.0506323 -0.0316641 0.00444763 -0.0411751 -0.0327396 -0.0457577 -0.0183872 0.0923909 -0.0566312 -0.0247045 0.0958894 -0.0223232 -0.0262064 -0.0215756 -0.0188949 0.108267 -0.0648738 -0.0506428 -0.0546334 -0.0763865 -0.00229289 -0.0100414 0.0627067 -0.0732393 0.0125869 0.0423495 -0.0144967
internal_weight=219291 163987 55304 34104 122254 41733 71229 46080 23749 51025 21200 25149 37034 20222 35302 31022 28401 22331 11394 18828 8809 2447 2621 35677 21201 25888 1732 8216 5691 19884
internal_count=219291 163987 55304 34104 122254 41733 71229 46080 23749 51025 21200 25149 37034 20222 35302 31022 28401 22331 11394 18828 8809 2447 2621 35677 21201 25888 1732 8216 5691 19884
is_linear=0
shrinkage=0.05


Tree=26
num_leaves=31
num_cat=0
split_feature=7 1 1 5 10 10 12 10 10 10 3 11 11 10 12 10 10 9 12 11 10 1 13 10 10 10 10 12 13 10
split_gain=118859 12822.3 10344.5 5290.85 4116.7 3534.45 3006.24 2521.44 2422.32 2265.12 2083.73 2064.38 1777.58 2485.52 1718.72 1625.88 2073.47 1568.51 1931.01 1487.32 1434.18 1339.52 1326.17 1286.31 1262.73 1124.91 1042.04 1004.73 1940.09 1919.07
threshold=34.324495315551765 32.330865859985359 37.308439254760749 29.465291976928714 0.54883790016174328 0.80900949239730846 14.750000000000002 0.5772862732410432 0.64534214138984691 -0.3334656953811645 41.05366516113282 -0.71464690566062916 0.77756834030151378 -0.22611359506845471 17.750000000000004 0.72066047787666332 0.83354803919792186 38.62315750122071 16.750000000000004 0.99903711676597606 0.91927745938301098 27.07005596160889 78.250000000000014 0.99865758419036876 -0.58429276943206776 0.030120026320219043 -0.09881922602653502 14.250000000000002 77.750000000000014 0.030120026320219043
decision_type=2 2 2 2 2 2 2 2 2 2 2 2 2 2 2 2 2 2 2 2 2 2 2 2 2 2 2 2 2 2
left_child=1 3 4 6 17 -3 21 -4 9 -8 15 -6 27 24 -11 -9 -17 18 22 -15 -13 -1 -2 -18 -14 -24 -20 28 -5 -29
right_child=2 5 7 12 11 -7 8 10 -10 14 -12 20 13 19 -16 16 23 -19 26 -21 -22 -23 25 -25 -26 -27 -28 29 -30 -31
leaf_value=-0.084437702901796058 -0.019147822522394064 -0.0054532278799612564 0.052190875710874912 -0.053779575582768128 0.10233049749013079 0.030904030028123648 -0.020695901422529334 0.12202600257298135 0.038200223578543309 -0.023669778213870188 0.13428596249971123 0.030460329916585691 -0.12516592436663243 -0.017677813840394917 -0.062841941940486326 0.040506833903129855 0.094537070196489242 0.071838843667332675 -0.080119795367474961 -0.078290632172327498 0.058741399803516073 -0.052414118776842482 0.022003468582618556 0.052251689960445602 -0.05099076229282349 0.072951409236904879 -0.0061565353681597261 -0.018849872471268025 -0.010342568625132255 0.010120550139907461
leaf_weight=4307 1160 29596 5154 5082 2016 8635 11677 2621 1127 4026 2476 6744 622 13670 9197 2807 11242 1156 551 1093 13370 13504 2972 2141 7399 1705 3508 37796 5202 6735
leaf_count=4307 1160 29596 5154 5082 2016 8635 11677 2621 1127 4026 2476 6744 622 13670 9197 2807 11242 1156 551 1093 13370 13504 2972 2141 7399 1705 3508 37796 5202 6735
internal_value=-1.2323e-11 -0.0224944 0.0602391 -0.0304446 0.041648 0.00275856 -0.04433 0.08357 -0.0334985 -0.0367437 0.0911674 0.0540938 -0.0226003 -0.0343382 -0.0509152 0.085492 0.0795775 0.0167271 0.0102892 -0.0221654 0.0492591 -0.060158 0.0287074 0.0877723 -0.0567428 0.0405765 -0.0161969 -0.0177214 -0.0318076 -0.0144683
internal_weight=219291 159668 59623 121437 33182 38231 43838 26441 26027 24900 21287 22130 77599 22784 13223 18811 16190 11052 9896 14763 20114 17811 5837 13383 8021 4677 4059 54815 10284 44531
internal_count=219291 159668 59623 121437 33182 38231 43838 26441 26027 24900 21287 22130 77599 22784 13223 18811 16190 11052 9896 14763 20114 17811 5837 13383 8021 4677 4059 54815 10284 44531
is_linear=0
shrinkage=0.05


Tree=27
num_leaves=31
num_cat=0
split_feature=1 1 1 10 9 10 1 11 10 10 13 12 10 13 10 12 11 13 12 11 12 7 10 10 10 11 11 10 11 7
split_gain=107434 13643.7 8592.23 3395.73 3178.1 3032.61 2843.41 2414.26 2403.04 2400.93 1845.69 1555.96 1505.47 1498.19 1398.01 1270.77 1375.96 1233.54 1219.95 1315.14 1211.6 1170.23 1144.44 1498.19 1268.72 1394.23 1604.79 1048.67 1592.26 1087.28
threshold=33.641326904296882 36.552938461303718 29.933522224426273 0.047320950776338584 28.267940521240238 0.6186656951904298 39.567972183227546 0.54882264137268078 0.54883790016174328 0.7666517198085786 77.750000000000014 15.250000000000002 0.91927745938301098 78.250000000000014 -0.22611359506845471 16.250000000000004 -0.17552498728036878 78.750000000000014 14.750000000000002 0.9549313783645631 15.250000000000002 34.825277328491218 0.7086201310157777 0.91585582494735729 0.99762105941772472 0.16704543679952624 0.064506059512496008 0.030120026320219043 -0.12447465583682059 32.527729034423835
decision_type=2 2 2 2 2 2 2 2 2 2 2 2 2 2 2 2 2 2 2 2 2 2 2 2 2 2 2 2 2 2
left_child=2 3 4 -2 -1 7 8 10 -3 18 11 -4 13 -5 20 16 17 -12 -6 -20 -9 -7 -10 -24 25 26 -25 28 29 -13
right_child=1 6 5 12 9 21 -8 14 22 -11 15 27 -14 -15 -16 -17 -18 -19 19 -21 -22 -23 23 24 -26 -27 -28 -29 -30 -31
leaf_value=-0.057821248245812223 -6.2740075964357714e-05 0.029997303031093554 -0.052674141576048543 0.009037557645123687 -0.046468966197183083 0.0040425840906483934 0.097164796994882077 -0.08062816283216924 0.1005727891040013 0.071752647088008686 0.0032384287950810667 -0.026818007238042032 0.051014283873030974 0.040904292026161339 -0.019339065309991608 -0.011906563423938261 -0.014122597441093017 0.046888095226750359 -0.021106760121863254 -0.046760074857510839 -0.036235801381030885 0.077381703787753484 0.047461354921075068 0.08373231410741705 0.046250195853431715 0.042131370443377773 0.14156147490775106 0.022725909052115953 0.001755708073542789 -0.075687820538956063
leaf_weight=16302 7621 4098 4176 6462 11853 13365 9480 1782 2978 554 3630 4718 11915 8593 13476 27180 4140 2921 20804 6575 11181 567 6300 6157 2511 1490 1490 1447 4025 1500
leaf_count=16302 7621 4098 4176 6462 11853 13365 9480 1782 2978 554 3630 4718 11915 8593 13476 27180 4140 2921 20804 6575 11181 567 6300 6157 2511 1490 1490 1447 4025 1500
internal_value=3.9802e-11 0.0515984 -0.0237369 0.0294079 -0.0392276 -0.0145045 0.0738448 -0.018246 0.0650103 -0.0316091 -0.0121601 -0.0264764 0.0377355 0.0272263 -0.0306156 -0.0061623 0.0084415 0.0227012 -0.0330686 -0.0272673 -0.0423383 0.00702732 0.071867 0.067104 0.0777281 0.0863787 0.0950002 -0.0171179 -0.0227465 -0.0386071
internal_weight=219291 69095 150196 34591 56088 94108 34504 80176 25024 39786 53737 15866 26970 15055 26439 37871 10691 6551 39232 27379 12963 13932 20926 17948 11648 9137 7647 11690 10243 6218
internal_count=219291 69095 150196 34591 56088 94108 34504 80176 25024 39786 53737 15866 26970 15055 26439 37871 10691 6551 39232 27379 12963 13932 20926 17948 11648 9137 7647 11690 10243 6218
is_linear=0
shrinkage=0.05


Tree=28
num_leaves=31
num_cat=0
split_feature=7 1 9 1 10 10 12 11 10 12 10 12 13 12 13 10 11 10 12 13 12 10 13 11 11 10 11 12 10 11
split_gain=97137.4 10473.7 8688.5 4755.07 4386.56 2630.73 2502.45 2526.96 2480.77 1749.53 1700.97 1576.2 1427.2 1414.74 1348.81 1299.91 1605.09 1408.8 1413.87 1277.41 1635.7 1199.73 1143.16 1081.12 1060.92 1010.32 1525.94 1249.99 1034.32 1349.63
threshold=34.324495315551765 32.566757202148445 37.046499252319343 29.583262443542484 0.54883790016174328 0.80900949239730846 14.750000000000002 0.95989713072776806 0.34964421391487127 15.250000000000002 0.72066047787666332 16.250000000000004 81.250000000000014 19.250000000000004 76.750000000000014 0.60505047440528881 0.54882264137268078 -0.22611359506845471 15.250000000000002 77.750000000000014 15.250000000000002 0.25118774175643926 80.750000000000014 -0.78295108675956715 0.99903711676597606 -0.72660079598426808 -0.63872575759887684 18.250000000000004 -0.52707284688949574 -0.73829901218414296
decision_type=2 2 2 2 2 2 2 2 2 2 2 2 2 2 2 2 2 2 2 2 2 2 2 2 2 2 2 2 2 2
left_child=1 3 4 6 11 -3 14 10 -4 -10 25 -2 13 -11 23 16 19 18 -18 20 -5 -16 -20 -1 -19 26 -8 28 29 -27
right_child=2 5 8 15 -6 -7 7 -9 9 12 -12 -13 -14 -15 21 -17 17 24 22 -21 -22 -23 -24 -25 -26 27 -28 -29 -30 -31
leaf_value=-0.10016939029917903 0.025499791044603443 -0.0031968524956005537 0.016888846935047185 -0.052208927347450029 0.048143375667120208 0.029695170278970479 0.052702628970501243 -0.05417040407312447 0.047365417125134208 0.080297820050631921 0.079449738519140278 -0.016393132087001574 0.050560735008690419 0.11118398534529633 -0.04740328379472479 -0.0018376726500806753 -0.07763185953998207 -0.015983052998334229 -0.026773334348534801 -0.0091276338581974571 -0.015901320810445891 0.011057001173300447 -0.063484189500828944 -0.058166064107427522 -0.070914163985403456 -0.11512406102911066 -0.016592001508695584 -0.04339505291835262 0.00023393113280072549 -0.019701805572641031
leaf_weight=2098 4993 24401 1786 4575 21415 8096 941 7869 4047 15462 414 4080 2963 4877 10004 9337 2305 13340 9524 27495 9635 962 2728 5678 941 493 5102 7938 4300 1492
leaf_count=2098 4993 24401 1786 4575 21415 8096 941 7869 4047 15462 414 4080 2963 4877 10004 9337 2305 13340 9524 27495 9635 962 2728 5678 941 493 5102 7938 4300 1492
internal_value=2.53518e-11 -0.0203353 0.0544572 -0.0268088 0.0357986 0.00499756 -0.0393745 -0.0300553 0.0739822 0.0777106 -0.0208792 0.00666113 0.0829809 0.0877039 -0.0535699 -0.0193696 -0.0216902 -0.0307601 -0.0417061 -0.0154185 -0.0275908 -0.0422748 -0.0349473 -0.0694988 -0.0196026 -0.0229288 -0.00580162 -0.0302057 -0.0135474 -0.0434011
internal_weight=219291 159668 59623 127171 30488 32497 47291 28549 29135 27349 20680 9073 23302 20339 18742 79880 70543 28838 14557 41705 14210 10966 12252 7776 14281 20266 6043 14223 6285 1985
internal_count=219291 159668 59623 127171 30488 32497 47291 28549 29135 27349 20680 9073 23302 20339 18742 79880 70543 28838 14557 41705 14210 10966 12252 7776 14281 20266 6043 14223 6285 1985
is_linear=0
shrinkage=0.05


Tree=29
num_leaves=31
num_cat=0
split_feature=5 1 9 7 10 10 12 11 11 12 10 10 11 10 10 10 10 11 10 10 10 11 11 12 9 13 10 13 11 13
split_gain=87888.6 10676.7 6511.15 4636.33 4253.56 2773.43 2767.13 2099.84 2416.07 2311.33 1573.6 1565.7 2941.02 1544.94 1313.62 1300.23 1960.16 1585.85 2966.44 1844.02 1562.44 1455.81 1271.85 1251.83 1147.62 1070.09 1037.74 1018.74 1486.35 1015.48
threshold=34.678731918334968 32.640939712524421 37.85646057128907 30.639884948730472 0.54883790016174328 0.89773505926132213 14.750000000000002 0.78827583789825451 -0.9412824511528014 18.750000000000004 0.34964421391487127 -0.59817537665367115 -0.77212798595428456 0.081675637513399138 -0.23448921740055081 0.030120026320219043 -0.08167563751339911 -0.87792757153511036 -0.71466678380966175 -0.20088869333267209 -0.22611359506845471 -0.43663504719734186 -0.97870382666587818 17.250000000000004 33.419498443603523 80.750000000000014 -0.99865758419036854 77.250000000000014 0.25118076056241995 78.250000000000014
decision_type=2 2 2 2 2 2 2 2 2 2 2 2 2 2 2 2 2 2 2 2 2 2 2 2 2 2 2 2 2 2
left_child=1 3 4 6 -2 -3 13 8 14 -9 -4 12 -10 27 -8 16 17 19 21 -5 -20 -19 -16 -12 29 -25 -14 -1 -29 -21
right_child=2 5 10 15 -6 -7 7 9 11 -11 23 -13 26 -15 22 -17 -18 18 20 24 -22 -23 -24 25 -26 -27 -28 28 -30 -31
leaf_value=-0.064743048030888248 0.0096358934911412574 9.7627550841958261e-05 0.014323877134941973 0.031872118131715081 0.050928251988118879 0.038255858824140711 -0.095173640591797642 -0.023672219602303653 -0.153174328555823 -0.055711291054944961 0.062571946086399793 0.015593753273584596 0.044089256936956665 -0.025215907334007318 -0.059070847909379498 -0.0023926931854699241 -0.070577719154641103 0.016389401393500536 -0.050143634952007271 -0.12022944895741437 0.021251549073227176 -0.01665954572018595 0.031287087950780723 0.095074825757713949 0.02500377234777312 0.057068856405941497 -0.016644042864795133 -0.010345502266500535 -0.054833259038093857 -0.022965456825692204
leaf_weight=10014 8216 28454 978 3239 25888 5719 1314 13595 388 9607 7222 4689 737 6305 1173 16441 1766 3989 8845 449 839 20237 583 10763 572 2237 15406 2678 6281 667
leaf_count=10014 8216 28454 978 3239 25888 5719 1314 13595 388 9607 7222 4689 737 6305 1173 16441 1766 3989 8845 449 839 20237 583 10763 572 2237 15406 2678 6281 667
internal_value=2.59058e-11 -0.0183823 0.054507 -0.0249281 0.0409805 0.00648357 -0.0332943 -0.026181 -0.0159055 -0.0369383 0.0762668 -0.00990749 -0.0171409 -0.0466586 -0.0573641 -0.0142556 -0.0190591 -0.0167165 -0.0205677 0.00978993 -0.0439581 -0.0112178 -0.0290716 0.0792626 -0.0325822 0.0885349 -0.0138713 -0.0537843 -0.0415351 -0.0620977
internal_weight=219291 163987 55304 129814 34104 34173 72770 47492 24290 23202 21200 21220 16531 25278 3070 57044 40603 38837 33910 4927 9684 24226 1756 20222 1688 13000 16143 18973 8959 1116
internal_count=219291 163987 55304 129814 34104 34173 72770 47492 24290 23202 21200 21220 16531 25278 3070 57044 40603 38837 33910 4927 9684 24226 1756 20222 1688 13000 16143 18973 8959 1116
is_linear=0
shrinkage=0.05


Tree=30
num_leaves=31
num_cat=0
split_feature=1 5 3 10 10 7 12 10 11 10 11 10 11 10 10 10 10 10 10 10 12 11 12 11 11 10 13 5 11 13
split_gain=79627.4 9663.78 5521.68 4092.51 3521.62 2758.88 2601.46 1972.32 1959.44 2612.27 2170.13 2759.85 2889.89 1775.99 1952.1 1772.55 2119.84 1766.64 2008.77 1679.96 2283.61 1598.15 1595.33 1591.61 2009.61 1524.79 1301.96 1273.89 1239.2 1188.2
threshold=34.754663467407234 30.646924972534183 37.759819030761726 0.030120026320219043 0.75548630952835094 32.998329162597663 14.250000000000002 0.5772862732410432 0.77756834030151378 -0.58429276943206776 -0.98518359661102284 -0.45972847938537592 -0.70250144600868214 0.69636976718902599 0.91585582494735729 0.59125596284866344 0.7086201310157777 -0.3334656953811645 -0.23448921740055081 -0.62540480494499195 15.750000000000002 -0.43663504719734186 18.250000000000004 -0.83352491259574879 -0.77212798595428456 0.6186656951904298 77.250000000000014 41.418684005737312 -0.32533003389835352 77.250000000000014
decision_type=2 2 2 2 2 2 2 2 2 2 2 2 2 2 2 2 2 2 2 2 2 2 2 2 2 2 2 2 2 2
left_child=1 4 7 8 6 -5 26 -2 10 -10 -3 12 19 -9 -15 -4 -17 23 -19 20 -12 -14 -20 -8 -25 -24 -1 -18 -23 -7
right_child=2 3 15 5 -6 29 17 13 9 -11 11 -13 21 14 -16 16 27 18 22 -21 -22 28 25 24 -26 -27 -28 -29 -30 -31
leaf_value=-0.058193713965622076 0.01730610257018082 -0.044786729951394953 0.045345182041743974 -0.0049724282872626487 0.049554330910026985 0.0014932391985157578 0.022633169035518361 0.089862120719203423 -0.14520609637705742 -0.031319631043372563 -0.0011718973664996716 0.027089803052023506 0.01674804605209641 0.019709935169123255 0.051891751505271602 0.12531082091864498 0.068114631957188213 -0.068680345669352522 -0.015562666845366283 -0.025253884221064317 -0.11354443156212156 -0.04329697929556528 -0.049984507321653049 -0.097964334644271539 -0.018259002550565697 0.0068963775253957698 -0.033585804891158942 0.12056194436576716 -0.0080995794053465558 0.03262698246153075
leaf_weight=11325 7815 4443 5014 19589 1352 4318 2298 2124 560 4992 650 4942 6025 6804 15327 2171 13897 3863 10462 4387 1485 2788 9500 817 24680 1345 10231 1263 24267 10557
leaf_count=11325 7815 4443 5014 19589 1352 4318 2298 2124 560 4992 650 4942 6025 6804 15327 2171 13897 3863 10462 4387 1485 2788 9500 817 24680 1345 10231 1263 24267 10557
internal_value=2.02338e-11 -0.017309 0.0524457 -0.00613247 -0.0304196 0.00735509 -0.0318705 0.0391508 -0.0146555 -0.0428067 -0.0114649 -0.00814125 -0.0125378 0.0461892 0.0419977 0.0715269 0.0791015 -0.0259108 -0.0355068 -0.0429568 -0.0793327 -0.00654043 -0.0294924 -0.017221 -0.020813 -0.0429301 -0.0465142 0.0724841 -0.0117266 0.0235893
internal_weight=219291 164876 54415 89003 75873 34464 74521 32070 54539 5552 48987 44544 39602 24255 22131 22345 17331 52965 25170 6522 2135 33080 21307 27795 25497 10845 21556 15160 27055 14875
internal_count=219291 164876 54415 89003 75873 34464 74521 32070 54539 5552 48987 44544 39602 24255 22131 22345 17331 52965 25170 6522 2135 33080 21307 27795 25497 10845 21556 15160 27055 14875
is_linear=0
shrinkage=0.05


Tree=31
num_leaves=31
num_cat=0
split_feature=1 9 7 10 1 10 10 11 10 1 11 11 10 9 10 10 10 9 11 10 12 13 11 12 11 13 5 13 11 11
split_gain=72126.4 9507.46 5812.27 3313.33 2634.31 2256.78 1858.45 2593.85 4572.92 1846.08 1685.66 1575.17 1354.68 1324.98 1290.84 1448.48 1759.63 1260.77 1097.05 1062.64 1047.59 1145.83 1020.54 1014.18 1380.85 1231.33 1005.31 996.126 993.715 987.993
threshold=33.641326904296882 36.710157394409187 30.639884948730472 0.54883790016174328 29.546133995056156 0.030120026320219043 -0.71466678380966175 -0.87792757153511036 -0.20088869333267209 39.567972183227546 -0.9412824511528014 -0.42108526825904841 0.7440970540046693 32.790451049804695 0.54883790016174328 0.7086201310157777 0.86095303297042858 27.809850692749027 0.34963449835777288 0.9946616291999818 15.750000000000002 78.750000000000014 -0.98798605799674977 14.750000000000002 0.39752808213233953 77.750000000000014 32.22657775878907 80.750000000000014 0.030119189061224464 -0.32533003389835352
decision_type=2 2 2 2 2 2 2 2 2 2 2 2 2 2 2 2 2 2 2 2 2 2 2 2 2 2 2 2 2 2
left_child=2 3 4 20 17 6 11 8 -8 14 -6 -4 18 22 -3 -16 -17 -1 -12 -18 21 -2 -7 25 27 -5 -9 -25 -21 -13
right_child=1 9 5 23 10 13 7 26 -10 -11 12 29 -14 -15 15 16 19 -19 -20 28 -22 -23 -24 24 -26 -27 -28 -29 -30 -31
leaf_value=-0.052523765629735625 -0.013449388687364873 0.031983544257007057 0.016050414861717446 -0.0021935849883240343 -0.057042157045789965 0.043914811317752211 0.032392793925318533 -0.032645117793661138 -0.041983352460756705 0.081312386437018408 -0.0077671517344521171 -0.046531129078105471 0.034534173118949171 0.018637299813967043 0.096394516520935752 0.026659594236886099 0.074138267390375032 -0.032603067942796084 -0.026246530332845647 0.023372391829940057 -0.0085411441394095036 0.03457751279294901 -0.0088542543930501538 0.064451872437732843 0.018480793560045432 0.03825368069051191 -0.064092439708923796 0.035999229603179549 0.09481176562731565 -0.01020949099565252
leaf_weight=11372 1778 4905 5646 3292 2821 975 4040 8631 4231 9134 13510 2045 1237 8574 2481 3991 8490 26339 19805 2239 6965 4119 15205 6684 4304 4392 3602 5699 622 22163
leaf_count=11372 1778 4905 5646 3292 2821 975 4040 8631 4231 9134 13510 2045 1237 8574 2481 3991 8490 26339 19805 2239 6965 4119 15205 6684 4304 4392 3602 5699 622 22163
internal_value=1.71427e-11 0.0422778 -0.0194492 0.0251204 -0.0292869 -0.00961511 -0.0156915 -0.0272818 -0.00565405 0.0623275 -0.0198792 -0.00773124 -0.016845 0.00274639 0.0546977 0.0609488 0.0552168 -0.0386103 -0.0187527 0.0652575 0.00458892 0.020097 -0.00567441 0.0359561 0.0428775 0.0209252 -0.0419048 0.0513572 0.0389038 -0.0132778
internal_weight=219291 69095 150196 37233 75084 75112 50358 20504 8271 31862 37373 29854 34552 24754 22728 17823 15342 37711 33315 11351 12862 5897 16180 24371 16687 7684 12233 12383 2861 24208
internal_count=219291 69095 150196 37233 75084 75112 50358 20504 8271 31862 37373 29854 34552 24754 22728 17823 15342 37711 33315 11351 12862 5897 16180 24371 16687 7684 12233 12383 2861 24208
is_linear=0
shrinkage=0.05


Tree=32
num_leaves=31
num_cat=0
split_feature=7 1 9 10 12 11 13 13 10 11 13 10 11 10 12 11 10 12 1 10 10 11 7 13 12 12 13 13 10 10
split_gain=65120.9 7218.34 6062.4 3160.9 3131.58 2543.35 3400.67 2496.96 2253.66 3220.63 2050.83 2047.22 1689.62 1622.44 1401.9 1354.49 1329.74 1223.28 1090.73 1036.59 1678.48 1258.34 1030.74 965.08 1115.98 963.597 1080.89 907.173 855.978 1041.23
threshold=34.324495315551765 32.330865859985359 37.303779602050788 0.54883790016174328 14.250000000000002 0.77756834030151378 80.250000000000014 77.750000000000014 0.030120026320219043 -0.99049577116966236 80.250000000000014 0.80900949239730846 -0.93533331155776966 0.72066047787666332 16.250000000000004 -0.27608674764633173 0.23448921740055087 15.250000000000002 26.668080329895023 -0.99273952841758717 -0.98801350593566883 -1.0000000180025095e-35 32.32185363769532 81.750000000000014 19.250000000000004 14.250000000000002 77.750000000000014 78.750000000000014 0.23448921740055087 0.31718835234642034
decision_type=2 2 2 2 2 2 2 2 2 2 2 2 2 2 2 2 2 2 2 2 2 2 2 2 2 2 2 2 2 2
left_child=1 4 3 14 7 8 28 18 9 22 13 -3 -4 -10 27 -9 -17 -14 -1 21 -21 -11 -6 24 -19 26 -5 -2 -7 -30
right_child=2 11 12 25 5 6 -8 15 10 19 -12 -13 17 -15 -16 16 -18 23 -20 20 -22 -23 -24 -25 -26 -27 -28 -29 29 -31
leaf_value=-0.079727813225356853 -0.007994672079707759 -0.0039525232169206623 0.01216084675393482 -0.0097389035171047307 -0.12590413397244146 -0.023994112963422187 -0.050847879293509896 0.014906816878150111 0.018036139973281164 0.031373744190770138 -0.013479363754421013 0.023717682813278424 0.037465937791877922 0.087796759970688823 -0.015039516399834418 -0.03906678694854842 0.0027885513989655184 0.066055508855043174 -0.043887097328608793 -0.068177683134666281 -0.013810685326000492 -0.020701897351835849 -0.048153739825122222 0.034479753424760118 0.093172453859699134 0.045871186698652616 0.036956589225148787 0.037476383349128312 0.032109760229364417 -0.013681501695068874
leaf_weight=2478 1582 29596 1578 1804 768 16221 11619 2333 3085 2698 3874 8635 3367 1142 4335 6924 2614 14801 14808 1470 41458 2035 958 1770 5102 17748 3959 3577 1618 5334
leaf_count=2478 1582 29596 1578 1804 768 16221 11619 2333 3085 2698 3874 8635 3367 1142 4335 6924 2614 14801 14808 1470 41458 2035 958 1770 5102 17748 3959 3577 1618 5334
internal_value=1.04493e-11 -0.0166501 0.0445884 0.0302704 -0.0226152 -0.0181019 -0.0287719 -0.0368994 -0.0116443 -0.0156538 0.0127992 0.00229718 0.062342 0.0368832 0.00592049 -0.0192428 -0.0275958 0.0655044 -0.049025 -0.0132239 -0.0156724 0.00898331 -0.0827495 0.0698603 0.0730068 0.0401031 0.0223394 0.0235327 -0.017703 -0.0030241
internal_weight=219291 159668 59623 33005 121437 92280 34792 29157 57488 49387 8101 38231 26618 4227 9494 11871 9538 25040 17286 47661 42928 4733 1726 21673 19903 23511 5763 5159 23173 6952
internal_count=219291 159668 59623 33005 121437 92280 34792 29157 57488 49387 8101 38231 26618 4227 9494 11871 9538 25040 17286 47661 42928 4733 1726 21673 19903 23511 5763 5159 23173 6952
is_linear=0
shrinkage=0.05


Tree=33
num_leaves=31
num_cat=0
split_feature=1 7 1 10 10 1 9 10 10 5 11 11 10 10 10 11 10 10 10 10 9 10 9 10 11 9 11 11 11 10
split_gain=58953.4 7805.07 4753.11 2618.76 2134.91 1720.33 1709.59 1683.97 1853.16 1470.62 1403.32 1228.74 1217.26 1005.41 1199.56 1360.19 1056.46 977.093 2016.67 1324.89 1096.06 1047.65 1305.09 911.134 828.311 764.021 1239.21 1594 1345.34 1235.46
threshold=33.641326904296882 36.470628738403327 29.933522224426273 0.91927745938301098 0.6186656951904298 38.28309631347657 27.809850692749027 0.030120026320219043 -0.81403854489326466 33.085651397705085 0.047319635748863227 -0.48248986899852747 0.98664879798889171 0.53436762094497692 0.25118774175643926 0.86527520418167125 -0.92263099551200856 0.59125596284866344 0.72066047787666332 0.83354803919792186 42.769563674926765 0.99273952841758739 40.088357925415046 0.81403854489326488 0.047319635748863227 33.178802490234382 -0.99049577116966236 -0.90146830677986134 -0.72658059000968922 -0.25118774175643915
decision_type=2 2 2 2 2 2 2 2 2 2 2 2 2 2 2 2 2 2 2 2 2 2 2 2 2 2 2 2 2 2
left_child=2 3 4 -2 6 -3 -1 8 11 -9 -5 -4 -12 14 16 -16 -8 20 -19 23 -7 22 -21 -20 -23 26 -18 29 -29 -28
right_child=1 5 7 10 -6 17 13 9 -10 -11 12 -13 -14 -15 15 -17 25 18 19 21 -22 24 -24 -25 -26 -27 27 28 -30 -31
leaf_value=-0.047713024749599174 0.011064137036483415 0.043880204724402787 0.024964823334637096 0.017520673894788764 0.017214520077455834 0.053985502498952044 -0.0091355048809127915 -0.0067569207339089003 -0.023655684511903877 0.0200630149663409 0.039293621827895982 -0.0097200676747110706 0.081557839504798335 -0.081237082714666065 -0.059154532379064442 0.017557966623539117 -0.086790151268320806 0.12048408960152564 0.04963466975663116 0.06972129073505523 -0.026887517661754658 0.036021108762049461 0.11885454367477051 -0.021632960918346125 0.11330918804398311 0.015944276345661763 0.030541363970984899 -0.073373723730722901 -0.031812975208952328 -0.031577376929913296
leaf_weight=12087 22045 17229 2816 4558 2382 3248 6228 24698 32766 6445 5546 27383 2459 818 722 2894 1034 1882 1686 4670 481 2372 1902 611 406 819 1746 2121 23759 1478
leaf_count=12087 22045 17229 2816 4558 2382 3248 6228 24698 32766 6445 5546 27383 2459 818 722 2894 1034 1882 1686 4670 481 2372 1902 611 406 819 1746 2121 23759 1478
internal_value=2.05693e-11 0.0382226 -0.0175836 0.0214471 -0.0291051 0.0550569 -0.0311595 -0.0107169 -0.0154207 -0.00120657 0.0396667 -0.00648577 0.0522765 -0.026352 -0.0252516 0.00224092 -0.0279251 0.0662148 0.0724608 0.0647009 0.0435538 0.0730594 0.0839409 0.0306775 0.0473166 -0.0317052 -0.0330001 -0.0310891 -0.0352191 0.00206385
internal_weight=219291 69095 150196 34608 56088 34487 53706 94108 62965 31143 12563 30199 8005 41619 40801 3616 37185 17258 13529 11647 3729 9350 6572 2297 2778 30957 30138 29104 25880 3224
internal_count=219291 69095 150196 34608 56088 34487 53706 94108 62965 31143 12563 30199 8005 41619 40801 3616 37185 17258 13529 11647 3729 9350 6572 2297 2778 30957 30138 29104 25880 3224
is_linear=0
shrinkage=0.05


Tree=34
num_leaves=31
num_cat=0
split_feature=1 9 1 7 10 13 10 11 9 10 12 11 13 13 12 13 12 11 10 10 10 12 10 10 10 3 11 10 10 10
split_gain=53432.1 7704.93 3574.06 3256.73 2212.33 1743.67 1706.62 1423.2 1395.71 1359.07 1092.31 1081.46 1466.1 1421.91 1310.81 1071.3 1246.46 973.942 960.984 2114.53 1265.49 1014 987.711 929.844 1773.75 1660.3 1103.38 925.159 1336.81 903.178
threshold=35.061510086059577 32.713695526123054 29.583262443542484 38.278522491455085 0.047320950776338584 78.250000000000014 0.50495636463165294 -0.99049577116966236 27.809850692749027 0.7324872910976411 17.250000000000004 0.38167507946491247 80.750000000000014 77.750000000000014 17.750000000000004 77.250000000000014 15.250000000000002 -0.52705818414688099 0.59125596284866344 0.7086201310157777 0.49002411961555487 17.750000000000004 0.34964421391487127 0.84293374419212352 0.81403854489326488 38.504272460937507 -0.17552498728036878 -0.71466678380966175 -0.49002411961555475 0.91927745938301098
decision_type=2 2 2 2 2 2 2 2 2 2 2 2 2 2 2 2 2 2 2 2 2 2 2 2 2 2 2 2 2 2
left_child=1 2 7 6 5 -3 -2 -1 -9 11 -7 13 -13 14 -4 16 17 -6 20 -20 22 23 -5 24 -21 -26 -25 -12 -29 -18
right_child=3 4 9 18 15 10 -8 8 -10 -11 27 12 -14 -15 -16 -17 29 -19 19 21 -22 -23 -24 26 25 -27 -28 28 -30 -31
leaf_value=-0.090055078084510298 0.011251168697074371 -0.035921423055904809 -0.033275592033422466 0.014127550437247855 -0.065096639532045739 0.014327779459348983 0.040923744393217165 -0.044410259688716071 -0.024066191395948979 0.0078930518817449495 0.0073017538056857042 -0.016726427474652122 -0.042931156630153365 -0.0026921306946664043 7.3881952927698345e-05 0.026058650824707527 0.014538696883492467 -0.0026249133790835709 0.12316263906278833 0.047060838792484946 0.014330217546378674 0.073793561307335595 0.088535338641030789 0.080714410284289884 -0.25187644345738064 -0.017875587973349656 0.024084846392567374 -0.074925907487767576 -0.0063889199375199079 0.11217470932796499
leaf_weight=982 5880 3842 9181 614 937 7822 27551 11279 33384 7008 2563 32512 6386 26867 4339 13573 2561 1867 1588 785 2124 6909 1630 2004 107 260 1507 1183 1785 261
leaf_count=982 5880 3842 9181 614 937 7822 27551 11279 33384 7008 2563 32512 6386 26867 4339 13573 2561 1867 1588 785 2124 6909 1630 2004 107 260 1507 1183 1785 261
internal_value=1.64727e-12 -0.0135796 -0.0191979 0.0448573 0.00678803 -0.00623817 0.0357048 -0.0305129 -0.0292038 -0.0132127 0.00230246 -0.0150783 -0.0210285 -0.00934737 -0.0225727 0.0184546 0.000109303 -0.0235008 0.0623139 0.0690588 0.0419927 0.0616343 0.068176 0.0436182 0.00463917 -0.0860993 0.0564077 -0.0147039 -0.0337067 0.0235688
internal_weight=219291 168332 131938 50959 36394 17195 33431 45645 44663 86293 13353 79285 38898 40387 13520 19199 5626 2804 17528 13160 4368 11572 2244 4663 1152 367 3511 5531 2968 2822
internal_count=219291 168332 131938 50959 36394 17195 33431 45645 44663 86293 13353 79285 38898 40387 13520 19199 5626 2804 17528 13160 4368 11572 2244 4663 1152 367 3511 5531 2968 2822
is_linear=0
shrinkage=0.05


Tree=35
num_leaves=31
num_cat=0
split_feature=3 9 9 1 10 10 12 13 10 10 11 12 12 10 13 11 10 10 10 12 7 10 10 10 10 3 10 10 11 9
split_gain=48273.4 6360.18 3669.13 3126.9 2462.81 1678.59 1517.33 1346.1 1207.17 1332.59 1646.87 1595.9 1201.75 1155.61 1077.29 982.736 948.472 1297.59 1036.95 923.553 910.959 878.929 1858.14 1231.09 1605.93 1988.19 1386.94 1649.59 1125.95 927.302
threshold=34.75067329406739 32.713695526123054 38.278024673461921 29.933522224426273 0.54883790016174328 0.081675637513399138 13.750000000000002 78.250000000000014 0.6186656951904298 -0.72660079598426808 -0.63872575759887684 18.750000000000004 17.250000000000004 0.7324872910976411 77.250000000000014 -0.99049577116966236 0.7086201310157777 0.92263099551200878 0.99865758419036876 13.750000000000002 28.494501113891605 0.98801350593566906 0.86095303297042858 0.79877197742462169 0.83354803919792186 38.623504638671882 0.59125596284866344 0.7086201310157777 -0.021515300963073965 40.088357925415046
decision_type=2 2 2 2 2 2 2 2 2 2 2 2 2 2 2 2 2 2 2 2 2 2 2 2 2 2 2 2 2 2
left_child=1 3 4 6 -2 7 -1 -3 9 10 -8 15 -9 -5 19 -11 -6 -18 -19 -7 -15 22 23 26 25 -25 -4 -28 -23 -24
right_child=2 5 21 13 16 14 8 12 -10 11 -12 -13 -14 20 -16 -17 17 18 -20 -21 -22 28 29 24 -26 -27 27 -29 -30 -31
leaf_value=-0.041394205791068492 0.0074953054067605678 -0.0303880328452183 0.042225460841494089 -0.013919272523676749 0.062918371399479325 -0.035331499624271387 0.052345021771303762 0.015991080489791785 0.021781736618959876 -0.092028702926732847 -0.015192968388176624 -0.045334121565108271 -0.014607982274618375 0.10511269829512143 0.026179273847142734 -0.018767966050479645 0.018914367442069629 0.048279415273805526 0.013383970199020316 0.012222489835762622 0.004119464474630955 0.014557503514886022 0.074367777294341061 -0.18258387782084554 0.05709374066256391 0.004476783557348948 0.12321414998090217 0.053257815223165875 0.090314058980327655 0.12033442550625949
leaf_weight=14693 8108 3961 4680 71049 3544 1455 1015 7486 1478 470 8152 10313 5616 231 11231 17572 8170 14510 2495 3423 6683 2008 3496 184 979 623 1508 1910 649 1599
leaf_count=14693 8108 3961 4680 71049 3544 1455 1015 7486 1478 470 8152 10313 5616 231 11231 17572 8170 14510 2495 3423 6683 2008 3496 184 979 623 1508 1910 649 1599
internal_value=1.87798e-11 -0.0134849 0.0408111 -0.018415 0.0318302 0.00608204 -0.0277003 -0.00484652 -0.0225411 -0.024287 -0.00771494 -0.0296447 0.00287519 -0.0120203 0.0176578 -0.0206764 0.0387005 0.0352913 0.0431595 -0.00196182 0.0074937 0.0595647 0.0642658 0.0516221 0.0140472 -0.038174 0.0599092 0.0841221 0.0330618 0.0887938
internal_weight=219291 164828 54463 131656 36827 33172 53693 17063 39000 37522 9167 28355 13102 77963 16109 18042 28719 25175 17005 4878 6914 17636 14979 9884 1786 807 8098 3418 2657 5095
internal_count=219291 164828 54463 131656 36827 33172 53693 17063 39000 37522 9167 28355 13102 77963 16109 18042 28719 25175 17005 4878 6914 17636 14979 9884 1786 807 8098 3418 2657 5095
is_linear=0
shrinkage=0.05


Tree=36
num_leaves=31
num_cat=0
split_feature=1 10 5 9 11 11 13 11 13 12 1 10 13 13 9 12 0 11 11 13 10 10 12 12 12 13 12 10 11 11
split_gain=43653.7 6408.58 4221.09 2719.23 1754.45 2110.19 2112.78 1579.39 2482.28 1861.11 1520.85 1510.89 1441.58 1361.47 1187.94 1182.21 835.265 799.815 1131.11 1709.08 818.356 982.087 1464.07 802.146 722.469 848.407 702.124 701.01 693.22 683.532
threshold=35.061510086059577 0.6186656951904298 30.408584594726566 37.85646057128907 -0.72658059000968922 -0.52705818414688099 78.250000000000014 0.38167507946491247 77.750000000000014 16.750000000000004 27.187404632568363 0.54883790016174328 79.250000000000014 80.750000000000014 31.603651046752933 18.750000000000004 0.10764911398291589 -0.9412824511528014 -0.62538740038871754 77.250000000000014 -0.92913278937339772 0.047320950776338584 17.750000000000004 15.250000000000002 18.750000000000004 80.250000000000014 16.250000000000004 0.5772862732410432 -0.92260536551475514 0.93834263086318981
decision_type=2 2 2 2 2 2 2 2 2 2 2 2 2 2 2 2 2 2 2 2 2 2 2 2 2 2 2 2 2 2
left_child=1 2 10 11 -3 6 -6 8 15 12 -1 26 -10 29 17 -4 -7 -12 19 23 -20 -22 -23 -19 -5 27 -2 -26 -16 -9
right_child=3 4 7 24 5 16 -8 13 9 -11 14 -13 -14 -15 28 -17 -18 18 20 -21 21 22 -24 -25 25 -27 -28 -29 -30 -31
leaf_value=-0.044519343025471593 0.024359359386886693 0.085255329759480802 -0.03006557726001434 0.047176329467641914 -0.087302900653452198 0.0093564165559557339 0.042521093492636317 -0.018685969781086546 0.0051393687446459951 -0.0056365948719300368 -0.048215049160381447 0.036544357714061969 0.037725380718683331 -0.048276634273459351 -0.032320213415567574 0.0036891434471943377 0.041517038120213595 -0.056045701336667253 -0.010350590738771752 0.025780117454464613 -0.034782658407632693 -0.00083836312933101449 -0.037000583017920349 0.0033814081108862661 0.040535220522601563 0.041623870838182808 -0.010176714945800448 0.0858806082359347 0.010217517858807919 0.0036637130444215262
leaf_weight=9235 3186 773 10510 12555 1054 20454 446 17174 9438 24450 3447 24560 5300 3403 1260 3444 2240 1416 7012 2746 23983 6293 5041 948 1053 2398 2735 4472 3993 4272
leaf_count=9235 3186 773 10510 12555 1054 20454 446 17174 9438 24450 3447 24560 5300 3403 1260 3444 2240 1416 7012 2746 23983 6293 5041 948 1053 2398 2735 4472 3993 4272
internal_value=1.83652e-11 -0.0122743 -0.0163456 0.0405455 0.0111036 0.00873446 -0.0487019 -0.00849067 -0.00362517 0.00282319 -0.0257165 0.0310785 0.0168578 -0.018896 -0.0226233 -0.0217345 0.0125308 -0.0249602 -0.0232705 -0.0010495 -0.025953 -0.0290508 -0.0169222 -0.0322145 0.0546369 0.0664591 0.00840662 0.0772383 1.42928e-05 -0.014234
internal_weight=219291 168332 143365 50959 24967 24194 1500 77991 53142 39188 65374 30481 14738 24849 56139 13954 22694 50886 47439 5110 42329 35317 11334 2364 20478 7923 5921 5525 5253 21446
internal_count=219291 168332 143365 50959 24967 24194 1500 77991 53142 39188 65374 30481 14738 24849 56139 13954 22694 50886 47439 5110 42329 35317 11334 2364 20478 7923 5921 5525 5253 21446
is_linear=0
shrinkage=0.05


Tree=37
num_leaves=31
num_cat=0
split_feature=5 10 5 9 11 11 10 12 11 13 12 10 12 13 13 12 11 11 12 11 11 10 12 12 3 11 13 10 10 13
split_gain=39553.6 5240.23 3491.28 3107.81 1597.23 2553.42 1541.12 1427.03 1289.61 2150.35 2210.16 1268.52 1698.43 1254.47 1189.63 1152.61 1232.81 2174.7 1116.09 1077.38 1072.82 1057.33 1000.68 990.903 918.31 938.07 913.622 898.823 870.065 801.576
threshold=34.753267288208015 0.59125596284866344 30.408584594726566 37.303779602050788 -0.73829901218414296 -0.52705818414688099 0.54883790016174328 13.750000000000002 0.38167507946491247 78.250000000000014 17.250000000000004 -0.3334656953811645 17.750000000000004 80.750000000000014 78.250000000000014 15.250000000000002 -0.82389250397682179 -0.77212798595428456 18.750000000000004 -0.93533331155776966 0.6838940978050233 0.69636976718902599 13.250000000000002 15.250000000000002 30.22818756103516 0.41326330602169042 76.750000000000014 -0.23448921740055081 -0.98801350593566883 80.750000000000014
decision_type=2 2 2 2 2 2 2 2 2 2 2 2 2 2 2 2 2 2 2 2 2 2 2 2 2 2 2 2 2 2
left_child=1 2 7 6 -3 14 -2 26 9 18 28 15 -13 -10 21 -9 -17 -18 -4 -5 22 -6 -7 -21 -24 -26 -1 -14 -11 -27
right_child=3 4 8 19 5 20 -8 11 13 10 -12 12 27 -15 -16 16 17 -19 -20 23 -22 -23 24 -25 25 29 -28 -29 -30 -31
leaf_value=-0.053374969268523101 0.0050367512576559061 0.078012686682118804 -0.024605131736717755 0.0060018975428893879 0.01746587481676928 -0.0067821650514348387 0.032138554683527928 -0.032382684360305426 -0.013534012249086826 -0.010503006458441853 -0.0070501897525491481 -0.014024804969287938 -0.072849377535127949 -0.046382264725106634 0.016938724223597053 0.030932252215193773 -0.11603625897922905 -0.0084367556475544395 0.0048894462475798902 0.02633166658625501 -0.0067123387707517454 -0.11548962326259174 0.075170730931243629 0.055727254360918903 0.037312873167666682 0.018184958323681118 -0.028389560562999794 -0.035694754855954011 0.025180244839511142 -0.020012147278589711
leaf_weight=5793 6948 805 14007 1355 185 3474 21406 5887 20712 2024 19375 10329 1930 3381 356 1913 482 18238 4160 3310 6633 780 804 21414 4790 5715 9931 10394 10952 1808
leaf_count=5793 6948 805 14007 1355 185 3474 21406 5887 20712 2024 19375 10329 1930 3381 356 1913 482 18238 4160 3310 6633 780 804 21414 4790 5715 9931 10394 10952 1808
internal_value=1.78246e-11 -0.0122019 -0.0160019 0.0369553 0.00871032 0.00643741 0.0254974 -0.024483 -0.00862501 -0.00408538 0.00364497 -0.0202903 -0.0289795 -0.0181436 -0.0611813 -0.0128681 -0.00730023 -0.0112072 -0.0178513 0.0494127 0.0102836 -0.0900007 0.0170785 0.0517918 0.023398 0.0200174 -0.0375946 -0.0415134 0.0196144 0.00900506
internal_weight=219291 164858 139508 54433 25350 24545 28354 64897 74611 50518 32351 49173 22653 24093 1321 26520 20633 18720 18167 26079 23224 965 16591 24724 13117 12313 15724 12324 12976 7523
internal_count=219291 164858 139508 54433 25350 24545 28354 64897 74611 50518 32351 49173 22653 24093 1321 26520 20633 18720 18167 26079 23224 965 16591 24724 13117 12313 15724 12324 12976 7523
is_linear=0
shrinkage=0.05


Tree=38
num_leaves=31
num_cat=0
split_feature=5 10 5 9 10 1 11 11 11 13 12 13 9 13 12 10 10 10 10 11 10 10 10 5 9 10 10 12 5 11
split_gain=35697.1 4733.88 3192.51 2820.52 1767.45 1312.53 1249.31 2353.38 1208.48 1930.96 2092.47 1115.09 1094.57 1073.64 983.952 954.243 866.852 829.54 1287.55 1178.32 818.137 2400.77 1555.18 1131.25 1035.48 1054.27 805.821 911.35 809.84 869.319
threshold=34.753267288208015 0.60505047440528881 30.408584594726566 37.85646057128907 0.54883790016174328 27.187404632568363 -0.73829901218414296 -0.52705818414688099 0.38167507946491247 78.250000000000014 16.250000000000004 80.750000000000014 31.603651046752933 78.250000000000014 18.750000000000004 0.69636976718902599 0.36571913957595831 0.98801350593566906 0.89391031861305248 -0.021515300963073965 0.7086201310157777 0.59125596284866344 0.49002411961555487 39.564310073852546 41.052133560180671 0.56314551830291759 0.7324872910976411 13.750000000000002 30.253842353820804 0.41326330602169042
decision_type=2 2 2 2 2 2 2 2 2 2 2 2 2 2 2 2 2 2 2 2 2 2 2 2 2 2 2 2 2 2
left_child=1 2 5 4 -2 -1 -3 13 9 14 -11 -10 -7 15 -4 -8 -5 18 20 -19 21 22 -18 -22 -24 -26 -9 -28 -29 -30
right_child=3 6 8 16 -6 12 7 26 11 10 -12 -13 -14 -15 -16 -17 17 19 -20 -21 23 -23 24 -25 25 -27 27 28 29 -31
leaf_value=-0.040716722608348112 0.0053099159662838222 0.075921661398011292 -0.023032844327285893 0.0066358729228431588 0.032438628510538962 -0.022606556695259281 0.016592581114052117 -0.005118150461903271 -0.012958807704515194 0.023555766718117457 -0.0044808787333009952 -0.043852533357758391 0.0014292055803142784 0.016091787945260057 0.0046449739158008303 -0.10971514216033169 0.070528444912859811 0.0096278097870651745 0.078451430187013463 0.075721814670171639 0.01309196975998321 0.1078332085845158 0.033885757642930725 0.057279651849922911 -0.079489118606421161 0.053492934466339653 -0.0028504273526838799 0.071486366570031226 0.037814556213391581 0.0091058826393871761
leaf_weight=9225 7864 671 14077 1124 25382 50674 185 6030 21106 9360 23028 3390 5225 356 4160 780 2151 2330 4702 949 3048 1857 1561 2760 491 214 4546 817 4232 6996
leaf_count=9225 7864 671 14077 1124 25382 50674 185 6030 21106 9360 23028 3390 5225 356 4160 780 2151 2330 4702 949 3048 1857 1561 2760 491 214 4546 817 4232 6996
internal_value=1.05048e-11 -0.0115918 -0.0151413 0.0351075 0.0260216 -0.0232435 0.00863299 0.00674715 -0.00811734 -0.00370595 0.0036216 -0.0172342 -0.0203599 -0.0581223 -0.0167193 -0.0855007 0.0493649 0.0517587 0.0562525 0.0287566 0.0476132 0.0601318 0.0400771 0.0340902 0.0111712 -0.0391229 0.0105353 0.0162246 0.0234239 0.0199266
internal_weight=219291 164858 140245 54433 33246 65124 24613 23942 75121 50625 32388 24496 55899 1321 18237 965 21187 20063 16784 3279 12082 6274 4417 5808 2266 705 22621 16591 12045 11228
internal_count=219291 164858 140245 54433 33246 65124 24613 23942 75121 50625 32388 24496 55899 1321 18237 965 21187 20063 16784 3279 12082 6274 4417 5808 2266 705 22621 16591 12045 11228
is_linear=0
shrinkage=0.05


Tree=39
num_leaves=31
num_cat=0
split_feature=3 9 1 9 10 11 10 12 13 11 10 12 12 10 10 10 3 10 10 10 13 11 10 10 10 11 11 10 13 12
split_gain=32324.5 4878.54 2233.17 2188.12 1559.36 1323.49 1318.37 1196.25 1072.35 1057.53 1005.81 930.231 892.945 867.262 1511.14 1096.68 1465.66 1584.14 990.836 1124.97 969.195 863.604 846.562 1130.08 1018.24 895.779 1988.77 857.01 822.772 925.782
threshold=35.057132720947273 32.870351791381843 30.065106391906742 38.62315750122071 0.54883790016174328 -0.99049577116966236 0.081675637513399138 13.750000000000002 78.750000000000014 0.95989713072776806 0.047320950776338584 18.750000000000004 17.250000000000004 0.98801350593566906 0.86095303297042858 0.79877197742462169 39.569936752319343 0.83354803919792186 0.59125596284866344 0.7086201310157777 77.750000000000014 -0.021515300963073965 0.7086201310157777 0.92263099551200878 0.99865758419036876 0.16704543679952624 0.047319635748863227 0.98801350593566906 77.250000000000014 15.250000000000002
decision_type=2 2 2 2 2 2 2 2 2 2 2 2 2 2 2 2 2 2 2 2 2 2 2 2 2 2 2 2 2 2
left_child=1 2 5 4 -2 10 8 -7 -3 -9 -1 -11 -10 14 15 18 17 -17 20 -20 -5 -15 -6 -24 25 26 27 -25 29 -8
right_child=3 6 -4 13 22 7 28 9 12 11 -12 -13 -14 21 -16 16 -18 -19 19 -21 -22 -23 23 24 -26 -27 -28 -29 -30 -31
leaf_value=-0.097527884999251635 0.0073987889222252128 -0.022898871687275005 -0.0092682989476951683 -0.0099295359739768867 0.055665496698509287 -0.033387860146208946 -0.021904913205149281 -0.011987472867451988 0.017634345614102469 -0.019124260529147979 0.0077936539055175474 -0.049533845024288592 -0.012029370695299371 0.0055124556825263829 0.080025683717523874 -0.1532604576574835 0.045336042249566513 0.0092716244176718025 0.11027526105620289 0.047507471319152866 0.04914707379059105 0.081742647465468096 0.014875709693977677 0.046631406765269667 0.0088906643452155692 0.022077272624400582 0.083473807731323318 0.0080660555663600916 0.023018570736576097 0.020780601783196895
leaf_weight=968 7227 5037 78076 886 3712 14678 2577 30435 6052 6937 296 3945 4368 1732 4293 242 958 394 1253 1659 3208 473 8209 5170 2620 3802 3165 1997 12417 2505
leaf_count=968 7227 5037 78076 886 3712 14678 2577 30435 6052 6937 296 3945 4368 1732 4293 242 958 394 1253 1659 3208 473 8209 5170 2620 3802 3165 1997 12417 2505
internal_value=1.87173e-11 -0.0105677 -0.0147686 0.0348715 0.0281554 -0.0222687 0.00668361 -0.0211266 -0.00395697 -0.0167707 -0.072864 -0.0301485 0.0051995 0.0508421 0.0557979 0.0437037 0.00627096 -0.0525723 0.0522204 0.0745157 0.0363621 0.0218648 0.0333867 0.0300738 0.0375205 0.0428276 0.0504633 0.0358856 0.0160825 -0.000864532
internal_weight=219291 168291 135335 51000 35902 57259 32956 55995 15457 41317 1264 10882 10420 15098 12893 8600 1594 636 7006 2912 4094 2205 28675 24963 16754 14134 10332 7167 17499 5082
internal_count=219291 168291 135335 51000 35902 57259 32956 55995 15457 41317 1264 10882 10420 15098 12893 8600 1594 636 7006 2912 4094 2205 28675 24963 16754 14134 10332 7167 17499 5082
is_linear=0
shrinkage=0.05


Tree=40
num_leaves=31
num_cat=0
split_feature=1 1 7 12 13 10 10 11 10 11 10 10 10 9 10 13 11 10 11 10 11 11 10 10 11 11 11 7 13 10
split_gain=29187.6 4713.83 2328.05 1506 1655.8 2227.55 1369.94 1200.66 1098.43 1043.7 1029.95 1401.95 1437.66 1084.25 1011.12 994.51 1083.1 921.022 904.456 890.205 1204.78 2850.24 2373.12 1274.09 1202.59 1054.19 837.545 831.307 832.633 819.393
threshold=33.419513702392585 36.552938461303718 30.639884948730472 14.750000000000002 80.750000000000014 0.65839549899101268 0.030120026320219043 -0.9412824511528014 -0.25118774175643915 0.99962961673736583 0.5772862732410432 0.7086201310157777 0.82876241207122814 41.424884796142585 0.81403854489326488 76.750000000000014 -0.34155811369419092 -0.99865758419036854 0.80898702144622814 0.030120026320219043 -0.98208922147750843 -0.90146830677986134 -0.71466678380966175 -0.22611359506845471 -0.42108526825904841 -0.98798605799674977 -0.34155811369419092 36.548133850097663 78.750000000000014 0.081675637513399138
decision_type=2 2 2 2 2 2 2 2 2 2 2 2 2 2 2 2 2 2 2 2 2 2 2 2 2 2 2 2 2 2
left_child=2 6 3 15 5 7 -2 8 -5 19 -3 -12 14 -14 27 16 -1 -9 -6 20 -4 -22 24 -24 -23 -21 -26 28 -13 -17
right_child=1 10 9 4 18 -7 -8 17 -10 -11 11 12 13 -15 -16 29 -18 -19 -20 25 21 22 23 -25 26 -27 -28 -29 -30 -31
leaf_value=-0.062938435815042396 -0.0030905728481676817 0.021530582788127799 -0.037524219699117269 -0.087668457000874889 -0.015463049185493677 0.067296335363056112 0.019130979860524644 0.050084023529947369 -0.017082263508990319 -0.10025948730881436 0.072089917468529538 -0.15707139045392213 0.042827675164302755 0.10970218448018948 -0.032610113060491906 -0.027711907281622174 -0.02803353490840781 -0.0081407817798266804 -0.038460779217985422 0.036475659740275564 0.034617581902311817 0.017627923344952803 -0.035490119833779386 0.016191461126099645 -0.042657737214967864 -0.0012529864868195103 -0.0058719574874776812 0.034138216535689152 0.0041667357477278115 -0.0014298880762752852
leaf_weight=3691 9122 6582 3641 891 8950 973 28939 696 1445 295 3721 114 19069 626 936 12358 5586 28128 8185 2030 3668 5431 10902 1339 1665 21052 21898 3187 269 3902
leaf_count=3691 9122 6582 3641 891 8950 973 28939 696 1445 295 3721 114 19069 626 936 12358 5586 28128 8185 2030 3668 5431 10902 1339 1665 21052 21898 3187 269 3902
internal_value=1.22268e-11 0.0259387 -0.0128283 -0.0190038 -0.0138962 -0.00720264 0.0138052 -0.00952894 -0.0440053 -0.00640511 0.0393231 0.0435173 0.0391242 0.0449533 0.0136463 -0.0288579 -0.041921 -0.00673485 -0.0264485 -0.00601856 -0.00986226 -0.00761926 -0.0113764 -0.0298369 -0.00358253 0.00206515 -0.0084713 0.025774 -0.0438258 -0.0214049
internal_weight=219291 72565 146726 74805 49268 32133 38061 31160 2336 71921 34504 27922 24201 19695 4506 25537 9277 28824 17135 71626 48544 44903 41235 12241 28994 23082 23563 3570 383 16260
internal_count=219291 72565 146726 74805 49268 32133 38061 31160 2336 71921 34504 27922 24201 19695 4506 25537 9277 28824 17135 71626 48544 44903 41235 12241 28994 23082 23563 3570 383 16260
is_linear=0
shrinkage=0.05


Tree=41
num_leaves=31
num_cat=0
split_feature=7 1 9 12 13 13 10 11 11 10 10 10 11 10 13 11 11 11 12 11 12 11 10 11 10 11 10 10 10 5
split_gain=26464.9 3623.67 2360.54 2004.89 2109.13 1872.48 3127.63 2672.7 1396.51 1187.62 1181.56 1134.41 1121.42 2423.64 1191.7 946.859 903.351 901.053 938.734 863.194 797.966 794.985 828.276 815.715 1943.63 1692.33 1123.59 2521.67 879.611 1057.3
threshold=34.67895698547364 32.640939712524421 37.046499252319343 14.750000000000002 77.750000000000014 80.250000000000014 0.72066047787666332 0.54882264137268078 -0.27608674764633173 0.047320950776338584 -0.99628895521163929 0.91927745938301098 0.047319635748863227 0.98930501937866222 78.250000000000014 1.0000000180025095e-35 0.064506059512496008 -0.93533331155776966 16.250000000000004 -0.10737737268209456 15.250000000000002 0.99903711676597606 -0.98521098494529713 -0.69014781713485707 -0.59817537665367115 -0.62538740038871754 0.030120026320219043 -0.1330134719610214 -0.66484925150871266 28.214782714843754
decision_type=2 2 2 2 2 2 2 2 2 2 2 2 2 2 2 2 2 2 2 2 2 2 2 2 2 2 2 2 2 2
left_child=1 3 12 4 -1 6 10 -7 -6 -10 15 -3 14 -14 -2 -5 -13 18 -4 -16 -19 22 -12 24 28 -25 27 -26 -24 -30
right_child=2 11 17 5 8 7 -8 -9 9 -11 21 16 13 -15 19 -17 -18 20 -20 -21 -22 -23 23 25 26 -27 -28 -29 29 -31
leaf_value=-0.034269730738883709 -0.008234356308259248 0.0005472857117773956 0.05831494240968696 0.05599748975929101 0.019661215283321085 -0.0054118464467688967 0.072504197329643458 -0.033634858712178882 -0.02911898334563914 0.0036959982137923959 -0.035465201920672616 -0.013607546541990709 0.017714636581502376 0.078920459597221285 0.024858010634752493 -0.0096135393040228355 0.037342342581053983 0.021448482412756823 -0.020439040518380108 -0.015497959908040863 0.045517009807380215 -0.046823299752954885 -0.031632897137965292 0.052769473142533302 -0.0029021871131930609 -0.0042516502142106848 0.033748670156946478 -0.084282929534299098 0.0094627848785543422 -0.12094074738871569
leaf_weight=20844 5147 29428 557 1333 3182 16795 1282 16759 7833 4255 2436 1115 5909 2227 11477 936 3959 4042 1180 1498 23265 1280 1246 1345 6473 39987 1409 1116 194 782
leaf_count=20844 5147 29428 557 1333 3182 16795 1282 16759 7833 4255 2436 1115 5909 2227 11477 936 3959 4042 1180 1498 23265 1280 1246 1345 6473 39987 1409 1116 194 782
internal_value=2.20219e-11 -0.0100869 0.029911 -0.0139235 -0.0239275 -0.0100542 -0.00475124 -0.0195082 -0.00981012 -0.017568 -0.00644318 0.00431197 0.0190467 0.034468 0.0121232 0.0289319 0.0261462 0.0397332 0.00481483 0.0201988 0.0419544 -0.00786968 -0.00696292 -0.00564173 -0.0175979 -0.0023961 -0.00725647 -0.0148696 -0.0594755 -0.0950204
internal_weight=219291 163989 55302 129487 36114 93373 59819 33554 15270 12088 58537 34502 26258 8136 18122 2269 5074 29044 1737 12975 27307 56268 54988 52552 11220 41332 8998 7589 2222 976
internal_count=219291 163989 55302 129487 36114 93373 59819 33554 15270 12088 58537 34502 26258 8136 18122 2269 5074 29044 1737 12975 27307 56268 54988 52552 11220 41332 8998 7589 2222 976
is_linear=0
shrinkage=0.05


Tree=42
num_leaves=31
num_cat=0
split_feature=3 10 11 13 12 13 7 11 11 10 12 10 13 10 11 10 10 10 10 10 10 10 7 11 10 0 11 12 7 10
split_gain=24007.9 3954.27 2318.06 3455.5 2233.29 1900.86 1693.68 1655.03 2804.97 1466.48 1429.93 1354.31 1353.39 1294.63 995.201 985.868 975.026 945.365 1065.69 1266.13 1678.09 1690.18 1620.51 1394.28 1788.94 1591.15 916.204 897.262 1362.83 1008.89
threshold=35.137472152709968 0.60505047440528881 0.54882264137268078 77.250000000000014 16.250000000000004 81.750000000000014 38.62315750122071 -0.71464690566062916 -0.52705818414688099 0.23448921740055087 15.250000000000002 0.31718835234642034 78.750000000000014 -0.35769492387771601 -0.73829901218414296 0.5772862732410432 0.69636976718902599 0.081675637513399138 -0.20088869333267209 -0.45972847938537592 -0.3334656953811645 -0.23448921740055081 31.69835186004639 -0.70250144600868214 -0.7721494436264037 7.2772393226623544 -0.12447465583682059 17.250000000000004 32.356470108032234 -0.59817537665367115
decision_type=2 2 2 2 2 2 2 2 2 2 2 2 2 2 2 2 2 2 2 2 2 2 2 2 2 2 2 2 2 2
left_child=1 2 3 4 14 9 15 -3 12 10 13 -11 -9 -4 -1 -2 -17 18 19 23 -21 22 -22 25 -25 27 -6 -5 29 -29
right_child=6 7 5 17 26 -7 -8 8 -10 11 -12 -13 -14 -15 -16 16 -18 -19 -20 20 21 -23 -24 24 -26 -27 -28 28 -30 -31
leaf_value=-0.051756337855066982 0.0082524242430892982 0.068742184052341282 -0.050472258547008902 0.011194266844481557 -0.015703933425999708 -0.042983882668981573 0.044262905971061736 -0.095593989293426246 0.009910862738322793 0.030441220244297702 -0.014252503913353518 -0.01015536195332978 0.020938142453468617 -0.018587882611797776 -0.023985722348044157 0.057321677612445582 0.025592637393353775 0.017657987977458038 -0.021835473544187745 0.043548771763843863 -0.051638786543229759 0.054781467840575929 0.031813626934659167 -0.0024808554332097534 0.044045722680471709 -0.060364212328503863 0.017256827949666154 -0.038282290638622755 -0.069221125237891409 0.039466710652432679
leaf_weight=6273 7507 1099 6588 2751 7377 7868 15290 964 24278 2595 23408 9861 336 6161 6642 2685 24650 6099 6668 3515 1820 884 855 33001 2204 2084 2952 836 1207 833
leaf_count=6273 7507 1099 6588 2751 7377 7868 15290 964 24278 2595 23408 9861 336 6161 6642 2685 24650 6099 6668 3515 1820 884 855 33001 2204 2084 2952 836 1207 833
internal_value=2.30419e-11 -0.00900631 -0.0123141 -0.0071458 -0.0236141 -0.0201837 0.0303897 0.00866088 0.00607939 -0.0164935 -0.0215907 -0.00169774 -0.0654749 -0.035064 -0.0374743 0.0243017 0.0287092 -0.00104625 -0.00305969 -0.000555248 0.0190442 -0.00515738 -0.0249652 -0.0037859 0.000431929 -0.0230426 -0.00628384 -0.00922031 -0.0287476 0.000522334
internal_weight=219291 169159 142482 86001 23244 56481 50132 26677 25578 48613 36157 12456 1300 12749 12915 34842 27335 62757 56658 49990 7074 3559 2675 42916 35205 7711 10329 5627 2876 1669
internal_count=219291 169159 142482 86001 23244 56481 50132 26677 25578 48613 36157 12456 1300 12749 12915 34842 27335 62757 56658 49990 7074 3559 2675 42916 35205 7711 10329 5627 2876 1669
is_linear=0
shrinkage=0.05


Tree=43
num_leaves=31
num_cat=0
split_feature=1 10 5 1 11 11 13 11 10 10 11 10 12 11 10 0 10 1 10 9 10 10 10 10 9 10 9 5 11 10
split_gain=21688.8 3404.04 2127.24 1578.6 1252.96 1451.17 1360.64 978.369 1897.25 1697.52 1629.31 1763.19 1860.71 1298.49 1024.05 1012.84 967.612 964.895 806.36 805.031 785.07 747.143 1167.16 1099.57 796.591 789.756 809.619 734.011 729.346 703.439
threshold=35.061510086059577 0.6186656951904298 30.468314170837406 37.768899917602546 -0.72658059000968922 -0.51235243678092945 78.250000000000014 -0.87792757153511036 -0.30081701278686518 0.030120026320219043 -0.71464690566062916 -0.62540480494499195 15.750000000000002 -0.43663504719734186 -0.94697898626327504 3.5535326004028325 0.28435654938220983 27.07005596160889 -0.16705007851123807 31.485593795776371 -0.92913278937339772 0.59125596284866344 0.7086201310157777 0.83354803919792186 42.769563674926765 0.99628895521163952 40.088357925415046 33.274414062500007 0.20088311284780505 -0.66484925150871266
decision_type=2 2 2 2 2 2 2 2 2 2 2 2 2 2 2 2 2 2 2 2 2 2 2 2 2 2 2 2 2 2
left_child=1 2 17 -2 -3 6 -6 8 -4 18 11 12 -9 -12 28 -13 -11 -1 19 -10 -19 24 -23 -24 -5 26 -25 -18 -15 -14
right_child=3 4 7 21 5 -7 -8 10 9 16 13 15 29 14 -16 -17 27 20 -20 -21 -22 22 23 25 -26 -27 -28 -29 -30 -31
leaf_value=-0.033833303236153404 0.020772362205938213 0.071050697329891166 0.036663129297194286 0.027834438020910332 -0.070054395512237702 0.0095946901082248834 0.033207078134364569 0.0012668533540864766 -0.033823693371398768 0.021583960672337338 0.014451566342609475 0.0010979379327882872 -0.065209510596323073 -0.0035084520357646491 -0.014681671134551183 -0.046156743868668838 -0.050947102285312622 -0.0021296765139221237 -0.03367065163004989 0.027693812892532799 -0.018284832621730727 0.076939651724119193 0.012376945720131829 0.044273001012243463 -0.039699446770205427 0.022036112696047609 0.079462331536298253 0.0038708457030634837 0.026249659287513289 -0.13674243635904268
leaf_weight=8532 28517 773 3572 4300 1108 22638 448 607 892 6260 6664 3146 638 11851 28890 1773 901 8866 4784 1317 49540 2244 3224 7254 486 2824 2110 1895 2492 745
leaf_count=8532 28517 773 3572 4300 1108 22638 448 607 892 6260 6664 3146 638 11851 28890 1773 901 8866 4784 1317 49540 2244 3224 7254 486 2824 2110 1895 2492 745
internal_value=8.7029e-12 -0.00865176 -0.0116189 0.0285792 0.0083864 0.00638427 -0.0403236 -0.00591901 0.00370673 -0.00362832 -0.00924378 -0.0320002 -0.0717125 -0.00609281 -0.00925955 -0.0159345 0.0106612 -0.0181269 -0.0221333 0.00285288 -0.0158325 0.0384993 0.0432492 0.0383438 0.0209766 0.0452127 0.0522022 -0.013794 0.00166182 -0.103743
internal_weight=219291 168332 143365 50959 24967 24194 1556 76427 19621 16049 56806 6909 1990 49897 43233 4919 9056 66938 6993 2209 58406 22442 17656 15412 4786 12188 9364 2796 14343 1383
internal_count=219291 168332 143365 50959 24967 24194 1556 76427 19621 16049 56806 6909 1990 49897 43233 4919 9056 66938 6993 2209 58406 22442 17656 15412 4786 12188 9364 2796 14343 1383
is_linear=0
shrinkage=0.05


Tree=44
num_leaves=31
num_cat=0
split_feature=9 10 9 5 11 11 10 13 9 11 13 11 12 11 3 10 10 10 11 11 10 10 10 11 11 11 5 11 10 12
split_gain=19722.1 2479 2422.26 1510.26 1266.29 968.302 2130.76 1375.9 958.551 1119.74 879.984 872.119 834.766 780.713 736.084 720.549 669.31 1102.86 2927.04 2565.63 1795.36 1276.83 1182.89 1125.9 1514.92 1045.44 1040.88 924.76 868.909 1065.72
threshold=34.05976867675782 0.7440970540046693 36.710157394409187 29.465291976928714 0.047319635748863227 0.047319635748863227 0.98930501937866222 77.750000000000014 28.646040916442875 -0.92260536551475514 80.750000000000014 0.99903711676597606 19.250000000000004 -0.10737737268209456 29.9996452331543 0.33346569538116461 -0.94130858778953541 -0.012910176534205673 -0.98208922147750843 -0.88603779673576344 0.36571913957595831 -0.66484925150871266 -0.59817537665367115 0.78827583789825451 0.74407637119293224 -0.43663504719734186 31.963420867919925 0.72064045071601879 -0.63874351978301991 15.750000000000002
decision_type=2 2 2 2 2 2 2 2 2 2 2 2 2 2 2 2 2 2 2 2 2 2 2 2 2 2 2 2 2 2
left_child=1 3 5 8 -3 7 -7 -2 -1 -10 12 16 -4 -9 -6 -12 -5 18 -18 26 -19 25 23 24 28 -21 -20 -27 29 -23
right_child=2 4 10 11 14 6 -8 13 9 -11 15 -13 -14 -15 -16 -17 17 20 19 21 -22 22 -24 -25 -26 27 -28 -29 -30 -31
leaf_value=-0.026808371544026512 -0.016661009552435761 -0.033948871376734593 0.032478104135996319 0.0011653938607613316 0.062429622770985599 0.013879123042872596 0.069958321989822492 0.01785848839743499 -0.045554633182791543 -0.0084197695907186794 -0.050871189166484448 -0.048379983712546634 0.055099457605469228 -0.020101046498185841 0.012811407456889939 0.019460293372756954 -0.058729189808200091 0.014503106908689826 0.0024836360533738115 0.0064888620051382203 -0.012248816238788134 -0.022616164468480408 -0.018611451088313403 -0.15510721571774405 -0.0044044623927252903 -0.017589686966445747 0.044388546985000284 0.034576005423129406 -0.046511840970048041 -0.15693756517409008
leaf_weight=21240 4670 1412 22665 18199 800 7669 2174 14233 2251 20676 394 1321 4973 1497 11380 4810 3363 10843 3583 8698 14876 211 14506 241 1433 16067 2527 897 1190 492
leaf_count=21240 4670 1412 22665 18199 800 7669 2174 14233 2251 20676 394 1321 4973 1497 11380 4810 3363 10843 3583 8698 14876 211 14506 241 1433 16067 2527 897 1190 492
internal_value=1.19469e-11 -0.00952906 0.0235951 -0.0114736 0.0108742 0.0133852 0.0262652 0.00717067 -0.0191555 -0.0120657 0.032997 -0.00802724 0.0365484 0.0142459 0.0160704 0.0141354 -0.00747841 -0.0094715 -0.0135807 -0.0105345 -0.000970341 -0.0147745 -0.0249546 -0.0507504 -0.0431888 -0.00760497 0.0198148 -0.0148313 -0.0725485 -0.116622
internal_weight=219291 156206 63085 142614 13592 30243 9843 20400 44167 22927 32842 98447 27638 15730 12180 5204 97126 78927 53208 49845 25719 43735 18073 3567 3326 25662 6110 16964 1893 703
internal_count=219291 156206 63085 142614 13592 30243 9843 20400 44167 22927 32842 98447 27638 15730 12180 5204 97126 78927 53208 49845 25719 43735 18073 3567 3326 25662 6110 16964 1893 703
is_linear=0
shrinkage=0.05


Tree=45
num_leaves=31
num_cat=0
split_feature=1 7 12 13 11 13 10 10 13 11 10 11 10 13 13 12 11 10 10 10 3 10 10 10 10 11 10 3 9 11
split_gain=17943.7 2999.19 1512.3 2059.41 1562.03 1789.83 1506.28 1659.22 1376.13 1229.71 1490.6 1142.54 946.978 893.899 857.652 1101.76 880.565 831.226 1011.84 819.587 1073.07 756.182 755.729 1925.42 1391.66 1336.88 1056.45 1171.4 1036.36 969.702
threshold=33.370845794677741 36.470628738403327 14.250000000000002 78.250000000000014 0.77756834030151378 80.250000000000014 0.030120026320219043 -0.15005400776863095 79.750000000000014 0.047319635748863227 0.98664879798889171 0.21771516650915149 -0.37371625006198878 81.750000000000014 78.750000000000014 15.750000000000002 -0.17552498728036878 -0.99466162919998158 -0.98521098494529713 -0.57023701071739186 31.113317489624027 0.42888796329498297 0.59125596284866344 0.72066047787666332 0.83354803919792186 -0.17552498728036878 0.81403854489326488 36.626169204711921 39.559928894042976 0.030119189061224464
decision_type=2 2 2 2 2 2 2 2 2 2 2 2 2 2 2 2 2 2 2 2 2 2 2 2 2 2 2 2 2 2
left_child=2 9 3 -1 6 19 7 17 -8 14 -11 -5 -13 22 -2 16 -16 -4 -19 20 -6 -17 -3 -24 26 28 -25 -28 -26 -27
right_child=1 13 4 11 5 -7 8 -9 -10 10 -12 12 -14 -15 15 21 -18 18 -20 -21 -22 -23 23 24 25 29 27 -29 -30 -31
leaf_value=-0.028009429947625238 -0.0084033749822647521 0.018804715148008449 0.014273885868382475 0.021703956325880888 -0.0071638543050454133 -0.032021607122170892 0.026546146697046993 -0.04166609491329179 -0.0048230171329734228 0.014720906190424486 0.056818819581547733 -0.035065551072804506 0.0016966129345781504 0.006134565939159336 0.036707877698220093 -0.012475249681597439 -0.027797020885399565 -0.032381954856591469 -0.0047318526809919876 -0.0061663484426838222 -0.098996861955711404 0.016505079932436672 0.074269640054034636 0.018876269663697678 0.040398818739178555 0.0089346686047550375 -0.26742131838744337 -0.028744178476034554 0.077005641629729824 0.043859118872631206
leaf_weight=22738 9250 6862 5253 3554 733 11649 7309 3202 6702 12673 2521 2898 4429 3307 4650 4991 597 3545 49642 23665 562 4100 3120 3075 6500 4755 55 787 2752 3415
leaf_count=22738 9250 6862 5253 3554 733 11649 7309 3202 6702 12673 2521 2898 4429 3307 4650 4991 597 3545 49642 23665 562 4100 3120 3075 6500 4755 55 787 2752 3415
internal_value=2.64778e-12 0.0201622 -0.010146 -0.0194488 -0.00736009 -0.0158386 -0.0032573 -0.00662092 0.0115411 0.0106124 0.0217058 -0.00155958 -0.0128437 0.0308576 0.0034667 0.0111245 0.0293686 -0.00470075 -0.00657478 -0.00828582 -0.0470173 0.000594748 0.0334679 0.0375817 0.0322175 0.038272 0.00528841 -0.0443347 0.0512875 0.0235328
internal_weight=219291 73410 145881 33619 112262 36609 75653 61642 14011 38782 15194 10881 7327 34628 23588 14338 5247 58440 53187 24960 1295 9091 31321 24459 21339 17422 3917 842 9252 8170
internal_count=219291 73410 145881 33619 112262 36609 75653 61642 14011 38782 15194 10881 7327 34628 23588 14338 5247 58440 53187 24960 1295 9091 31321 24459 21339 17422 3917 842 9252 8170
is_linear=0
shrinkage=0.05


Tree=46
num_leaves=31
num_cat=0
split_feature=1 1 12 13 10 10 11 12 11 11 13 7 13 10 13 11 10 10 3 11 9 10 7 10 9 13 12 10 11 7
split_gain=16194.2 2746.44 1364.85 1858.62 1474.43 1235.29 1956.5 1529.94 1184.51 1491.77 1349.4 1246.65 1101.88 1081.05 1052.45 1048.16 941.462 1465.58 888.293 833.439 1460.86 1468.83 1380.5 825.531 753.507 736.928 876.975 1240.57 883.438 857.335
threshold=33.370845794677741 36.552938461303718 14.250000000000002 78.250000000000014 0.7324872910976411 -0.72660079598426808 -0.62538740038871754 17.250000000000004 -0.80389818549156178 -0.70250144600868214 79.750000000000014 28.548763275146488 79.750000000000014 0.047320950776338584 77.250000000000014 -0.15855351090431211 -0.04732095077633857 -0.18399664759635923 32.163602828979499 -0.9412824511528014 31.85655498504639 -0.49002411961555475 30.694484710693363 -0.82391539216041554 30.691680908203129 80.750000000000014 17.250000000000004 0.56314551830291759 0.20088311284780505 42.766292572021491
decision_type=2 2 2 2 2 2 2 2 2 2 2 2 2 2 2 2 2 2 2 2 2 2 2 2 2 2 2 2 2 2
left_child=2 16 3 -1 5 6 -4 13 19 11 -11 -10 18 14 -7 -5 17 -2 -6 22 -21 -22 -9 -8 -25 26 -3 29 -29 -28
right_child=1 25 4 15 12 7 23 8 9 10 -12 -13 -14 -15 -16 -17 -18 -19 -20 20 21 -23 -24 24 -26 -27 27 28 -30 -31
leaf_value=-0.026608958466056005 0.0024011807684636162 0.02395749312023741 0.044077797878352511 0.025854449254547725 0.085956527148145598 -0.028663512023958438 -0.00065477389213363919 -0.047190289132268429 0.020853764854627956 -0.0087759440787823599 -0.030751378252816031 -0.076879123193454579 0.00061101789919886342 0.011041161607031495 -0.0010983471813558556 -0.010291325349324476 0.014025450969143217 -0.065224075610618423 0.019693337977227582 0.036298331175972982 -0.060233371326833166 0.022464076996765354 -0.0018206107211157904 -0.040887308466130361 -0.0050691358203214616 0.012856233626806591 0.020554264016569682 0.051767835586191607 0.0031947411376360528 -0.064427319853679041
leaf_weight=22738 7168 14481 2250 2652 858 5272 30700 2368 389 13497 14480 2024 3342 9300 10090 8229 30836 902 1232 2624 1085 1063 5743 2646 3299 5619 1892 11138 1022 352
leaf_count=22738 7168 14481 2250 2652 858 5272 30700 2368 389 13497 14480 2024 3342 9300 10090 8229 30836 902 1232 2624 1085 1063 5743 2646 3299 5619 1892 11138 1022 352
internal_value=5.24658e-12 0.0191541 -0.00963869 -0.0184763 -0.00699209 -0.00828419 -0.00117849 -0.0123524 -0.018017 -0.0234031 -0.0201497 -0.0611236 0.0184195 -0.00241317 -0.0105583 -0.0014816 0.0100465 -0.00515743 0.0468961 -0.00531161 0.0112684 -0.0193081 -0.0150663 -0.00395722 -0.0210111 0.0294236 0.0326465 0.0413819 0.0476855 0.00722382
internal_weight=219291 73410 145881 33619 112262 106830 38895 67935 43273 30390 27977 2413 5432 24662 15362 10881 38906 8070 2090 12883 4772 2148 8111 36645 5945 34504 28885 14404 12160 2244
internal_count=219291 73410 145881 33619 112262 106830 38895 67935 43273 30390 27977 2413 5432 24662 15362 10881 38906 8070 2090 12883 4772 2148 8111 36645 5945 34504 28885 14404 12160 2244
is_linear=0
shrinkage=0.05


Tree=47
num_leaves=31
num_cat=0
split_feature=5 10 11 13 12 13 11 11 9 10 12 10 10 10 11 10 10 10 10 10 3 10 7 10 11 11 12 13 10 13
split_gain=14679.8 2362.4 1449.87 2545.68 1867.95 1515.57 1315.71 1804.58 1247.54 1245.84 1178.1 1161.1 1110.72 1075.39 910.492 840.509 1053.31 819.927 1094.1 960.837 1223.17 1261.05 877.456 773.103 808.324 1467.86 769.889 768.107 905.975 721.658
threshold=34.981319427490241 0.59125596284866344 0.54882264137268078 76.750000000000014 16.750000000000004 81.750000000000014 -0.73829901218414296 -0.54160776734352101 38.86769104003907 0.23448921740055087 15.250000000000002 0.31718835234642034 -0.35769492387771601 0.54883790016174328 -0.12447465583682059 0.72066047787666332 0.92263099551200878 0.98801350593566906 0.86095303297042858 0.79877197742462169 39.569936752319343 0.83354803919792186 42.766292572021491 0.99865758419036876 0.16704543679952624 0.064506059512496008 17.750000000000004 78.750000000000014 0.7086201310157777 78.750000000000014
decision_type=2 2 2 2 2 2 2 2 2 2 2 2 2 2 2 2 2 2 2 2 2 2 2 2 2 2 2 2 2 2
left_child=1 2 3 4 14 9 -3 27 13 10 12 -11 -4 -2 -1 -15 -17 18 19 22 21 -21 -10 24 25 -18 -13 28 -8 -5
right_child=8 6 5 29 -6 -7 7 -9 17 11 -12 26 -14 15 -16 16 23 -19 -20 20 -22 -23 -24 -25 -26 -27 -28 -29 -30 -31
leaf_value=-0.046999329357298641 0.0026156861999046734 0.066909441192418984 -0.043855782500276164 -0.0074911809236007185 -0.0020812110393859519 -0.036511527797546121 0.0027889404835000839 0.007494284984229104 0.045076388988391732 0.030862790335445069 -0.01069362462390714 0.0035156924350246369 -0.014322775551949938 0.043396173179267326 -0.011648448454097815 0.0049727937658969081 0.027537528139432527 0.0056554739335466769 0.063395448363712123 -0.16179214243790466 0.029299408269107399 -0.0051930428495836969 -0.015244072487205683 0.0021382845728204129 0.010922171843176398 0.070153483361199795 -0.026641807442111139 0.014841633108687769 -0.10081074622529468 0.0028241099391032045
leaf_weight=7017 8231 869 6588 29583 5951 7784 292 24614 5862 2595 23408 6102 6161 4330 2460 8330 8203 1888 3760 209 913 334 672 2718 3678 2681 3240 335 761 39722
leaf_count=7017 8231 869 6588 29583 5951 7784 292 24614 5862 2595 23408 6102 6161 4330 2460 8330 8203 1888 3760 209 913 334 672 2718 3678 2681 3240 335 761 39722
internal_value=9.94691e-12 -0.00719512 -0.00979107 -0.00566801 -0.0240365 -0.0160432 0.00638897 0.00436634 0.0232595 -0.0127305 -0.0173543 0.00127521 -0.0295839 0.0186218 -0.0378231 0.0230222 0.0195775 0.0362399 0.0411542 0.0306877 -0.00604305 -0.0654678 0.0388726 0.0266178 0.0311869 0.0380349 -0.00694356 -0.0511028 -0.0720822 -0.001579
internal_weight=219291 167482 140611 84733 15428 55878 26871 26002 51809 48094 36157 11937 12749 38171 9477 29940 25610 13638 11750 7990 1456 543 6534 17280 14562 10884 9342 1388 1053 69305
internal_count=219291 167482 140611 84733 15428 55878 26871 26002 51809 48094 36157 11937 12749 38171 9477 29940 25610 13638 11750 7990 1456 543 6534 17280 14562 10884 9342 1388 1053 69305
is_linear=0
shrinkage=0.05


Tree=48
num_leaves=31
num_cat=0
split_feature=9 9 10 11 10 11 10 13 10 10 10 12 13 11 13 11 10 12 11 10 5 5 10 12 12 13 10 11 10 11
split_gain=13376.4 2245.1 1352.55 1305.28 948.426 927.109 1773.9 1479.56 824.399 1046.14 944.279 836.086 1374.27 1321.43 1139.8 1434.63 880.429 717.882 840.504 743.572 764.782 716.823 682.644 915.331 709.097 684.842 616.713 604.97 648.654 3281.99
threshold=33.419498443603523 36.710157394409187 0.7324872910976411 -0.55599683523178089 -0.99466162919998158 0.047319635748863227 0.98930501937866222 77.750000000000014 -0.98801350593566883 -0.94130858778953541 -0.99052327871322621 14.750000000000002 77.750000000000014 -0.5702211558818816 80.250000000000014 -0.43663504719734186 -0.37371625006198878 17.250000000000004 -0.17552498728036878 0.42888796329498297 33.224447250366218 29.994977951049808 0.34964421391487127 16.250000000000004 15.250000000000002 81.750000000000014 0.064507851377129569 0.99903711676597606 -0.012910176534205673 -0.99271196126937855
decision_type=2 2 2 2 2 2 2 2 2 2 2 2 2 2 2 2 2 2 2 2 2 2 2 2 2 2 2 2 2 2
left_child=2 5 4 -4 -1 7 -7 -2 10 -10 -6 12 26 -14 27 -16 -15 18 -9 20 -19 -5 23 -3 -24 -26 -11 28 29 -13
right_child=1 22 3 21 8 6 -8 17 9 11 -12 14 13 16 15 -17 -18 19 -20 -21 -22 -23 24 -25 25 -27 -28 -29 -30 -31
leaf_value=0.0080993641988908044 -0.017353000949160913 0.045301589962095629 -0.1197321343217853 0.05334604338867021 -0.017661017193976929 0.011818249799457864 0.05935415403471507 0.024020438133272485 0.0037007536394565335 -0.035839095352388675 -0.076506102954760513 -0.10885776845352019 0.019472960119848164 -0.031907075961239588 -0.002251325424241165 -0.025684386872924288 -0.0029988801192300236 0.008332257403923125 -0.016455614497987308 0.014787791682662577 -0.033621749552528293 0.0066052842630371453 0.012200085040952442 -0.021772430807029036 0.035438699688641336 0.0088224250842170379 -0.015446786766512125 -0.037662320737698013 0.0043401962447365194 -0.0056052901377638565
leaf_weight=6833 6160 767 196 894 2156 11124 2383 10013 11934 10723 997 786 3436 4848 10122 18414 5767 1981 1471 4186 2405 9947 5109 1510 22752 2704 5667 1386 15691 36929
leaf_count=6833 6160 767 196 894 2156 11124 2383 10013 11934 10723 997 786 3436 4848 10122 18414 5767 1981 1471 4186 2405 9947 5109 1510 22752 2704 5667 1386 15691 36929
internal_value=1.70339e-11 0.0175598 -0.00868441 0.00814774 -0.0100535 0.00956299 0.0202049 0.00408009 -0.0110162 -0.0103828 -0.0362682 -0.0118601 -0.0189518 -0.00747783 -0.00926937 -0.0173724 -0.0162016 0.010663 0.0188358 -0.000286095 -0.0146726 0.0104597 0.0272321 0.000821234 0.0291997 0.0326115 -0.0287883 -0.00504924 -0.00420286 -0.00775712
internal_weight=219291 72565 146726 11037 135689 39723 13507 26216 128856 125703 3153 113769 30441 14051 83328 28536 10615 20056 11484 8572 4386 10841 32842 2277 30565 25456 16390 54792 53406 37715
internal_count=219291 72565 146726 11037 135689 39723 13507 26216 128856 125703 3153 113769 30441 14051 83328 28536 10615 20056 11484 8572 4386 10841 32842 2277 30565 25456 16390 54792 53406 37715
is_linear=0
shrinkage=0.05


Tree=49
num_leaves=31
num_cat=0
split_feature=9 1 10 11 10 11 1 10 10 11 13 10 11 11 5 12 13 10 10 7 12 13 10 10 7 10 5 10 10 9
split_gain=12072.2 2028.26 1220.67 1178.01 855.955 747.184 795.959 816.365 1064.79 724.952 683.041 671.942 2602.61 1302.72 1185 999.325 939.112 870.192 1445.56 1427.09 1418.73 834.785 737.298 1456.95 862.242 711.067 646.933 643.04 633.527 749.538
threshold=33.419498443603523 37.308439254760749 0.7324872910976411 -0.55599683523178089 -0.99466162919998158 0.99903711676597606 27.972471237182621 -0.98521098494529713 -0.94130858778953541 -0.99626126885414112 76.750000000000014 -0.012910176534205673 -0.98208922147750843 -0.48248986899852747 33.476732254028327 15.250000000000002 80.750000000000014 -0.70252096652984608 -0.61188074946403492 28.494501113891605 16.250000000000004 77.750000000000014 -0.30081701278686518 -0.23448921740055081 31.761670112609867 -0.29259762167930597 29.994977951049808 -0.45206801593303675 0.36571913957595831 27.360788345336918
decision_type=2 2 2 2 2 2 2 2 2 2 2 2 2 2 2 2 2 2 2 2 2 2 2 2 2 2 2 2 2 2
left_child=2 9 4 -4 -1 6 10 -8 -9 -2 -6 12 -10 17 28 25 -17 -14 19 -19 -21 -20 -23 24 -24 27 -5 -15 29 -13
right_child=1 -3 3 26 5 -7 7 8 11 -11 -12 14 13 15 -16 16 -18 18 21 20 -22 22 23 -25 -26 -27 -28 -29 -30 -31
leaf_value=0.007694395883516409 -0.015033417263092192 0.027670727608053863 -0.11374552756148791 0.050678741623686512 -0.035101957557227073 -0.035946975203196271 -0.030539860692294491 0.0080526913544804474 -0.058687603064501194 0.011877896337390418 -0.013278188037917053 -0.042471036860382179 0.013538530044291321 -0.030246878458526635 0.031986382433157948 -0.0051976612574499721 -0.024993139996709796 0.039484045942725671 -0.018657608717229976 -0.0026142559957666959 -0.085734846180646029 0.018904549228736012 -0.069591447862310779 0.041330040243674281 0.016917858055207197 -0.0019239919630631788 0.0062750200497921592 -0.072761818772431805 -0.012558385179162366 0.0057011799104960091
leaf_weight=6833 2656 26599 196 894 5195 2814 3990 9965 2855 43310 11571 866 7617 6900 2240 21473 8310 466 3914 790 1466 5764 1016 744 402 1936 9947 1021 15588 11953
leaf_count=6833 2656 26599 196 894 5195 2814 3990 9965 2855 43310 11571 866 7617 6900 2240 21473 8310 466 3914 790 1466 5764 1016 744 402 1936 9947 1021 15588 11953
internal_value=1.19031e-11 0.0166818 -0.00825018 0.00774035 -0.00955086 -0.0104653 -0.00989645 -0.00834009 -0.00749879 0.0103229 -0.0200404 -0.00912456 -0.0120144 -0.00985886 -0.00302621 -0.0152881 -0.010721 -0.000155302 -0.00731819 -0.0401738 -0.0566279 0.000235267 0.00956491 -0.0153351 -0.0450662 -0.0290878 0.00993676 -0.035727 -0.00578709 0.00244686
internal_weight=219291 72565 146726 11037 135689 128856 126042 109276 105286 45966 16766 95321 64674 61819 30647 39640 29783 22179 14562 2722 2256 11840 7926 2162 1418 9857 10841 7921 28407 12819
internal_count=219291 72565 146726 11037 135689 128856 126042 109276 105286 45966 16766 95321 64674 61819 30647 39640 29783 22179 14562 2722 2256 11840 7926 2162 1418 9857 10841 7921 28407 12819
is_linear=0
shrinkage=0.05


Tree=50
num_leaves=31
num_cat=0
split_feature=5 10 11 11 11 13 12 10 13 9 10 10 13 10 13 12 10 11 10 10 10 13 10 12 12 11 10 13 12 11
split_gain=10934.2 1871.83 1233.07 1552.96 1114.14 2118.05 1608.29 1316.25 1196.57 931.137 911.481 1568.6 1018.08 989.644 1132.05 1334.69 1047.76 1032.86 800.819 762.605 1339.73 732.238 782.075 692.443 681.094 651.714 1272.24 625.771 1867.47 1141.51
threshold=35.142101287841804 0.59125596284866344 -0.73829901218414296 -0.54160776734352101 0.54882264137268078 76.750000000000014 16.750000000000004 -0.78297284245491017 81.750000000000014 28.69754791259766 0.5772862732410432 0.7086201310157777 78.250000000000014 0.83354803919792186 80.250000000000014 15.250000000000002 0.81403854489326488 0.20088311284780505 -0.69016700983047474 0.25118774175643926 0.31718835234642034 78.750000000000014 0.7086201310157777 18.250000000000004 15.250000000000002 0.047319635748863227 0.98521098494529735 78.750000000000014 17.250000000000004 -0.15855351090431211
decision_type=2 2 2 2 2 2 2 2 2 2 2 2 2 2 2 2 2 2 2 2 2 2 2 2 2 2 2 2 2 2
left_child=1 4 -3 21 5 6 18 9 19 -6 12 -12 -2 16 15 -15 -13 25 -1 24 -21 22 -4 -22 -9 26 -17 -7 29 -29
right_child=10 2 3 -5 7 27 -8 8 -10 -11 11 13 -14 14 -16 17 -18 -19 -20 20 23 -23 -24 -25 -26 -27 -28 28 -30 -31
leaf_value=-0.020178361565528047 -0.016281353062840741 0.062873538356023204 0.001498189651575245 0.0067217720693288551 -0.11211500803721045 -0.0066139663645784002 -0.0012430055224527626 -0.022366955506111084 -0.030767383453847455 -0.034350416681323805 0.051478870165813775 0.012191874852802051 0.017130978310109235 0.011049081394440044 0.0053050089733205994 0.051924889093995535 -0.041580040228813925 0.011487566614917611 -0.049232886248837864 0.038473163133965781 0.0025027294692075144 0.013278090375110739 -0.092648686148685502 -0.027899995890896402 -0.0075728214306720297 0.068328333644055203 0.014481191564654525 0.028956952917408092 -0.0046112308555630033 -0.001911612429147844
leaf_weight=4860 3093 914 305 25509 453 29759 5975 12017 7364 2562 4650 4520 8672 6696 6104 6441 1133 2989 4632 2076 6750 388 797 2592 22064 2289 3502 8686 26928 4571
leaf_count=4860 3093 914 305 25509 453 29759 5975 12017 7364 2562 4650 4520 8672 6696 6104 6441 1133 2989 4632 2076 6750 388 797 2592 22064 2289 3502 8686 26928 4571
internal_value=4.97884e-12 -0.00607465 0.00575717 0.00382361 -0.00841214 -0.00482086 -0.0215647 -0.0139015 -0.0120688 -0.0460344 0.0205203 0.0242574 0.00834693 0.0204984 0.0243484 0.0296521 0.00141466 0.037836 -0.0343567 -0.00904247 0.00214109 -0.0457934 -0.0665917 -0.00593271 -0.0127893 0.0442744 0.0387369 -0.00111824 0.00295162 0.0183135
internal_weight=219291 169202 27913 26999 141289 85411 15467 55878 52863 3015 50089 38324 11765 33674 28021 21917 5653 15221 9492 45499 11418 1490 1102 9342 34081 12232 9943 69944 40185 13257
internal_count=219291 169202 27913 26999 141289 85411 15467 55878 52863 3015 50089 38324 11765 33674 28021 21917 5653 15221 9492 45499 11418 1490 1102 9342 34081 12232 9943 69944 40185 13257
is_linear=0
shrinkage=0.05


Tree=51
num_leaves=31
num_cat=0
split_feature=7 10 11 13 12 10 5 12 8 11 10 10 10 10 13 12 11 13 11 11 10 10 10 11 10 11 10 7 11 11
split_gain=9884.91 1724.91 911.638 1608.92 2155.95 1556.35 1302.69 1244.33 1128.42 1028.81 889.419 1769.09 916.495 1111.56 982.879 1170.8 1055.4 865.239 858.094 822.262 804.444 1171.75 585.586 947.301 1126.27 1347.96 1583.09 1062.28 928.037 1792.04
threshold=35.224010467529304 0.89773505926132213 0.77756834030151378 76.750000000000014 16.250000000000004 -0.58429276943206776 31.13902568817139 19.250000000000004 0.1587416157126427 -0.32533003389835352 0.59125596284866344 0.7086201310157777 0.83354803919792186 0.81403854489326488 79.750000000000014 15.250000000000002 0.20088311284780505 78.750000000000014 0.064506059512496008 -0.12447465583682059 0.25118774175643926 0.34964421391487127 0.012910176534205677 -0.97870382666587818 -0.45972847938537592 -0.9412824511528014 -0.23448921740055081 31.69835186004639 -0.70250144600868214 -0.63872575759887684
decision_type=2 2 2 2 2 2 2 2 2 2 2 2 2 2 2 2 2 2 2 2 2 2 2 2 2 2 2 2 2 2
left_child=1 2 3 4 9 6 8 20 -4 -1 17 -12 13 -13 15 -14 -17 -2 -3 -6 -7 -22 23 -5 28 26 27 -26 -25 -30
right_child=10 18 5 22 19 7 -8 -9 -10 -11 11 12 14 -15 -16 16 -18 -19 -20 -21 21 -23 -24 24 25 -27 -28 -29 29 -31
leaf_value=-0.043764065276250187 -0.0095490347129121942 -0.012563076036567783 0.0010386131380251578 -0.023317877248688459 -0.011910413868179271 -0.012305923577430756 -0.13117724549895615 -0.028504661453155618 -0.093883345355081402 -0.014132478467925209 0.054516608429996539 0.012521264871747465 0.010867054226550177 -0.042872212627828997 0.008859323899000085 0.04459648358344185 0.0084001972808544888 0.018005014383174971 0.022551988428496456 0.018872851824760714 0.030834563197022657 -0.0053000228430719557 0.0054179536736791911 -0.019737964938841529 -0.042785831241735545 0.036198648127238012 0.049437615551869388 0.022308996979240849 0.039489754173886178 -0.0041985532812126259
leaf_weight=6783 4437 2253 858 5787 4925 24436 458 8288 493 5156 4117 4529 5742 1132 8001 10847 2473 7961 7637 3877 2952 9348 21933 8657 2091 3939 999 895 2474 45813
leaf_count=6783 4437 2253 858 5787 4925 24436 458 8288 493 5156 4117 4529 5742 1132 8001 10847 2473 7961 7637 3877 2952 9348 21933 8657 2091 3939 999 895 2474 45813
internal_value=1.4859e-11 -0.00571228 -0.00696364 -0.00453866 -0.0171259 -0.0128317 -0.0583043 -0.0110047 -0.0335998 -0.0309673 0.019728 0.0236263 0.01974 0.00144453 0.023567 0.0297403 0.0378763 0.00814396 0.0145526 0.00164863 -0.00705653 0.00337228 -0.00171896 -0.00393442 -0.00220519 0.0154563 -0.00504654 -0.0232748 -0.00466287 -0.00196017
internal_weight=219291 170052 160162 113329 20741 46833 1809 45024 1351 11939 49239 36841 32724 5661 27063 19062 13320 12398 9890 8802 36736 12300 92588 70655 64868 7924 3985 2986 56944 48287
internal_count=219291 170052 160162 113329 20741 46833 1809 45024 1351 11939 49239 36841 32724 5661 27063 19062 13320 12398 9890 8802 36736 12300 92588 70655 64868 7924 3985 2986 56944 48287
is_linear=0
shrinkage=0.05


Tree=52
num_leaves=31
num_cat=0
split_feature=9 9 10 11 11 10 13 10 10 10 10 11 12 13 11 13 11 10 11 12 10 5 13 5 13 12 10 11 10 10
split_gain=8981.21 1587.19 920.947 939.074 753.674 1501.74 1214.73 739.727 702.519 849.932 808.496 684.109 640.255 1158.22 1054.32 945.006 1098.32 701.004 667.652 635.424 888.948 707.69 632.378 590.405 548.18 638.294 576.272 499.848 644.825 497.568
threshold=33.419498443603523 36.710157394409187 0.7324872910976411 -0.55599683523178089 0.047319635748863227 0.98930501937866222 77.750000000000014 -0.99466162919998158 -0.98801350593566883 -0.99052327871322621 -0.94130858778953541 -0.10737737268209456 14.750000000000002 78.750000000000014 0.3657089769840241 80.250000000000014 0.53435277938842785 -0.38168568909168238 0.88999459147453319 17.250000000000004 0.42888796329498297 33.224447250366218 83.750000000000014 29.994977951049808 80.750000000000014 19.250000000000004 0.33346569538116461 0.20088311284780505 -0.95747631788253773 -0.51973900198936451
decision_type=2 2 2 2 2 2 2 2 2 2 2 2 2 2 2 2 2 2 2 2 2 2 2 2 2 2 2 2 2 2
left_child=2 4 7 -4 6 -6 29 -1 9 -9 27 19 13 17 -15 -14 22 18 -12 -8 21 -21 -17 -5 25 -3 -26 28 -10 -2
right_child=1 24 3 23 5 -7 11 8 10 -11 12 -13 15 14 -16 16 -18 -19 -20 20 -22 -23 -24 -25 26 -27 -28 -29 -30 -31
leaf_value=0.0077859378837360676 -0.082064295733320747 0.021764907825476298 -0.10169456183568251 0.047655666607949815 0.00954326710628523 0.053280744274840613 0.019477675387921712 -0.014753543816895419 -0.01147319487743953 -0.070581536469471975 -0.028135307239572763 -0.021904573826696166 -0.0037002055406470747 0.037487008651979049 -0.0087100479890658764 -0.0079236813627236967 -0.023791943511053456 -0.013691221423122785 -0.08524889364752368 0.0078888775058354125 0.019653865908577945 -0.032523166879506141 0.027914970705097075 0.0052362315662703831 -0.050500978648705119 0.041545837776860522 0.012396304442797247 0.017019713292259125 0.025293844823780377 -0.013609836731372013
leaf_weight=6833 278 22665 196 894 11124 2383 10556 2156 5941 997 9762 1675 54792 1596 5461 11459 15698 13082 540 1974 3450 2401 1379 9947 394 4973 4810 4501 1492 5882
leaf_count=6833 278 22665 196 894 11124 2383 10556 2156 5941 997 9762 1675 54792 1596 5461 11459 15698 13082 540 1974 3450 2401 1379 9947 394 4973 4810 4501 1492 5882
internal_value=1.20993e-11 0.0143885 -0.00711602 0.00677329 0.00766475 0.0172597 0.00272122 -0.00824578 -0.00909591 -0.0324067 -0.00851121 0.00868601 -0.00980993 -0.0160158 0.00173781 -0.00754285 -0.0149211 -0.0213736 -0.031129 0.0114736 0.000676084 -0.0142893 -0.00407406 0.00873434 0.0225211 0.0253242 0.00763429 0.00386978 -0.00409308 -0.0166992
internal_weight=219291 72565 146726 11037 39723 13507 26216 135689 128856 3153 125703 20056 113769 30441 7057 83328 28536 23384 10302 18381 7825 4375 12838 10841 32842 27638 5204 11934 7433 6160
internal_count=219291 72565 146726 11037 39723 13507 26216 135689 128856 3153 125703 20056 113769 30441 7057 83328 28536 23384 10302 18381 7825 4375 12838 10841 32842 27638 5204 11934 7433 6160
is_linear=0
shrinkage=0.05


Tree=53
num_leaves=31
num_cat=0
split_feature=3 9 12 13 11 13 10 11 7 13 12 10 11 10 11 10 3 11 11 10 11 13 11 11 7 10 11 11 11 11
split_gain=8112.54 1557.73 853.906 1329.15 1107.9 1078.92 1519.16 1159.44 1077.78 850.063 984.748 835.332 713.43 644.029 640.736 1876.86 853.416 634.073 724.515 1313.51 1278.36 633.369 632.276 764.555 631.369 626.294 678.965 652.748 588.361 547.836
threshold=35.22096252441407 33.086376190185554 14.750000000000002 78.750000000000014 -0.15855351090431211 80.250000000000014 0.7324872910976411 0.42887605726718908 30.781644821166996 81.750000000000014 18.750000000000004 -0.99628895521163929 1.0000000180025095e-35 -0.98521098494529713 -0.9412824511528014 0.012910176534205677 27.379680633544925 -0.90146830677986134 -0.69014781713485707 -0.61188074946403492 -0.62538740038871754 83.750000000000014 -0.99626126885414112 -0.99049577116966236 31.635334014892582 0.34964421391487127 0.16704543679952624 -0.99759334325790394 -0.86092913150787342 0.99903711676597606
decision_type=2 2 2 2 2 2 2 2 2 2 2 2 2 2 2 2 2 2 2 2 2 2 2 2 2 2 2 2 2 2
left_child=1 2 3 -1 -5 6 11 21 -8 10 -2 12 -4 -13 15 16 -15 -16 19 -19 -20 -7 -3 -24 28 27 -27 -12 -21 -22
right_child=9 22 5 4 -6 7 8 -9 -10 -11 25 13 -14 14 17 -17 -18 18 20 24 29 -23 23 -25 -26 26 -28 -29 -30 -31
leaf_value=-0.018625684308489425 0.016101174847881327 -0.018728872003864232 0.049255619972842397 0.045368939171615469 -0.0040899469639643906 -0.005704192067958129 0.11835545706246996 -0.020450029582280756 0.023916156799901743 0.00013027835373877905 0.11935208082360067 -0.029134904077760811 -0.00082719750321312297 0.018294758502617779 0.029331160916465711 0.028124343186500485 -0.046937270274563882 -0.049996113173808365 0.04693065007486312 -0.0082651660271851196 -0.00064620229048727379 0.026355168765971982 0.041352708538903701 0.0052584041022874532 -0.0240237957287565 0.042210329612038217 0.002711257121974267 -0.032287268641311963 0.053780037956636551 -0.03258840112945164
leaf_weight=30169 33069 2552 1400 1352 6967 15387 354 18959 2061 5941 81 2428 1445 589 1654 1520 3371 2124 1397 740 42609 1712 1554 26248 1260 8348 1251 573 790 1386
leaf_count=30169 33069 2552 1400 1352 6967 15387 354 18959 2061 5941 81 2428 1445 589 1654 1520 3371 2124 1397 740 42609 1712 1554 26248 1260 8348 1251 573 790 1386
internal_value=5.23281e-13 -0.00517653 -0.00740756 -0.0137465 0.00394809 -0.00499643 -0.00115475 -0.0119353 0.0377594 0.0178664 0.0202987 -0.00265328 0.0238181 -0.00391124 -0.00284503 -0.019106 -0.0372348 -0.00113005 -0.00213158 -0.0203687 -0.000157284 -0.00249432 0.00508956 0.0072759 0.00218639 0.033837 0.0370626 -0.0135062 0.0237712 -0.0016525
internal_weight=219291 170028 139674 38488 8319 101186 65128 36058 2415 49263 43322 62713 2845 59868 57440 5480 3960 51960 50306 4914 45392 17099 30354 27802 2790 10253 9599 654 1530 43995
internal_count=219291 170028 139674 38488 8319 101186 65128 36058 2415 49263 43322 62713 2845 59868 57440 5480 3960 51960 50306 4914 45392 17099 30354 27802 2790 10253 9599 654 1530 43995
is_linear=0
shrinkage=0.05


Tree=54
num_leaves=31
num_cat=0
split_feature=5 10 11 11 11 13 12 10 13 9 11 13 12 11 13 10 9 10 10 3 10 12 13 11 10 10 7 11 10 1
split_gain=7338.99 1365.48 1178.54 1332.12 786.22 1666.62 1270.44 1219 922.84 821.708 684.632 677.451 777.719 663.089 646.027 694.329 641.834 617.991 989.389 858.133 750.903 613.346 1292.68 809.064 641.358 2072.41 957.563 809.338 788.44 723.275
threshold=35.225786209106452 0.59125596284866344 -0.73829901218414296 -0.54160776734352101 0.54882264137268078 77.250000000000014 17.250000000000004 -0.78297284245491017 81.750000000000014 28.69754791259766 0.20088311284780505 81.750000000000014 19.250000000000004 0.99903711676597606 79.250000000000014 0.7086201310157777 27.879224777221683 -0.22611359506845471 -0.46735489368438715 27.823003768920902 0.54883790016174328 16.750000000000004 79.250000000000014 -0.15855351090431211 -0.72660079598426808 -0.61188074946403492 28.494501113891605 -0.63872575759887684 -0.67760851979255665 27.394323348999027
decision_type=2 2 2 2 2 2 2 2 2 2 2 2 2 2 2 2 2 2 2 2 2 2 2 2 2 2 2 2 2 2
left_child=1 4 -3 14 5 6 10 9 13 -6 -1 12 -2 16 15 -4 -9 18 -18 -20 -19 22 -7 -24 27 26 29 -23 -28 -26
right_child=11 2 3 -5 7 21 -8 8 -10 -11 -12 -13 -14 -15 -16 -17 17 20 19 -21 -22 24 23 -25 25 -27 28 -29 -30 -31
leaf_value=-0.027885329702540332 0.016264660798602292 0.060280422206752053 0.0021986245842460293 0.005889307532787864 -0.10454310934098128 -0.0005621620994441923 0.0012775133649386894 -0.020089490442609659 -0.026201132490429321 -0.031490842378731919 0.0023560268766828494 0.0011623943504438321 0.034610311252375729 -0.032578352409228621 0.016375703047067949 -0.083316791838409579 -0.00110351763199807 0.0058019848068587314 0.029466259140131536 -0.032671005962782933 -0.030826329723257707 0.044194606823323088 0.038749635520610504 0.002280909376046083 -0.095644613311137314 -0.003710326751396003 -0.03251281530594307 1.4402023248022056e-06 -0.094604328354134376 0.060214960114728468
leaf_weight=13300 36420 935 328 25961 453 17237 7650 6561 7364 2562 2178 5936 6866 2422 365 859 10928 18024 619 5428 1517 1092 4185 2389 101 15059 927 20202 1140 283
leaf_count=13300 36420 935 328 25961 453 17237 7650 6561 7364 2562 2178 5936 6866 2422 365 859 10928 18024 619 5428 1517 1092 4185 2389 101 15059 927 20202 1140 283
internal_value=-3.39462e-12 -0.0049209 0.00507535 0.00319927 -0.00692889 -0.00392144 -0.0153913 -0.0115437 -0.00978006 -0.0424669 -0.0236299 0.0170024 0.0191746 -0.00712232 -0.0417982 -0.0596866 -0.00569105 -0.00310402 -0.0100829 -0.0263103 0.00295847 0.000315173 0.00663249 0.0254969 -0.00356128 -0.01065 -0.0532875 0.00226776 -0.0667578 0.0192206
internal_weight=219291 170069 28448 27513 141621 85743 23128 55878 52863 3015 15478 49222 43286 45499 1552 1187 43077 36516 16975 6047 19541 62615 23811 6574 38804 17510 2451 21294 2067 384
internal_count=219291 170069 28448 27513 141621 85743 23128 55878 52863 3015 15478 49222 43286 45499 1552 1187 43077 36516 16975 6047 19541 62615 23811 6574 38804 17510 2451 21294 2067 384
is_linear=0
shrinkage=0.05


Tree=55
num_leaves=31
num_cat=0
split_feature=7 10 11 10 10 11 10 11 11 10 9 13 11 13 11 11 13 10 12 12 12 11 13 12 13 10 7 13 3 7
split_gain=6646.52 1283.98 800.638 733.343 1583.4 993.915 944.692 862.913 1427.03 1808.89 927.924 797.726 635.442 613.192 1935.94 1061.17 1245.11 1099.07 1486.91 851.609 817.002 603.886 602.948 1822.28 726.022 669.9 594.89 819.795 565.408 1019.12
threshold=35.224010467529304 0.91236633062362682 0.064506059512496008 0.59125596284866344 0.72066047787666332 -0.55599683523178089 0.81403854489326488 -0.15855351090431211 0.030119189061224464 0.98664879798889171 39.559928894042976 78.750000000000014 0.99903711676597606 76.750000000000014 -0.12447465583682059 0.3657089769840241 81.250000000000014 -0.22611359506845471 15.250000000000002 16.750000000000004 13.250000000000002 -0.86955720186233509 78.750000000000014 17.250000000000004 83.250000000000014 -0.98801350593566883 39.411338806152351 78.750000000000014 37.221149444580085 37.387052536010749
decision_type=2 2 2 2 2 2 2 2 2 2 2 2 2 2 2 2 2 2 2 2 2 2 2 2 2 2 2 2 2 2
left_child=1 12 -3 11 -5 6 26 10 -9 -10 -7 21 13 14 19 22 17 18 -17 -1 -16 -2 -15 25 -25 -24 27 -6 29 -8
right_child=3 2 -4 4 5 7 28 8 9 -11 -12 -13 -14 15 20 16 -18 -19 -20 -21 -22 -23 23 24 -26 -27 -28 -29 -30 -31
leaf_value=-0.036212469435511152 0.0020449664838634658 -0.013009488565527619 0.022332951689209849 0.047365643345725357 -0.040269813511426805 0.021833469697016494 -0.042737844277235898 -0.0073299986676686191 0.00364791398501384 0.05163597323389138 0.053972057680494429 0.01512670692391002 -0.029251756676586884 -0.0048560234379510766 -0.024622000080979058 -0.030559471304614123 -0.021840887601881173 0.0016852467599066938 -0.0035206994969651712 -0.0086397580498259567 0.0048668339340257544 -0.036769273491229736 -0.0070407396085176476 -0.006711624116660442 0.016287159791714172 0.025472661147803624 0.034851760531261787 0.015229850129583578 -0.021386817643984354 -0.2322923236406676
leaf_weight=8155 2908 2105 6712 4540 1082 10252 238 6026 4429 3528 2876 7961 2814 28354 2862 7896 13579 28584 14280 4265 13099 1529 1867 20914 4105 10461 1292 1728 749 101
leaf_count=8155 2908 2105 6712 4540 1082 10252 238 6026 4429 3528 2876 7961 2814 28354 2862 7896 13579 28584 14280 4265 13099 1529 1867 20914 4105 10461 1292 1728 749 101
internal_value=3.63687e-12 -0.00468404 0.0138952 0.0161768 0.0197166 0.0158305 -0.00421544 0.019668 0.0110247 0.024925 0.0288742 0.00565819 -0.00570003 -0.00528168 -0.0119403 -0.00382844 -0.00839272 -0.00479516 -0.0131481 -0.0267441 -0.00042087 -0.0113305 0.000641218 0.00481475 -0.00293809 0.0205487 0.00677077 -0.00614048 -0.0456359 -0.0992128
internal_weight=219291 170052 8817 49239 36841 32301 5190 27111 13983 7957 13128 12398 161235 158421 28381 130040 64339 50760 22176 12420 15961 4437 65701 37347 25019 12328 4102 2810 1088 339
internal_count=219291 170052 8817 49239 36841 32301 5190 27111 13983 7957 13128 12398 161235 158421 28381 130040 64339 50760 22176 12420 15961 4437 65701 37347 25019 12328 4102 2810 1088 339
is_linear=0
shrinkage=0.05


Tree=56
num_leaves=31
num_cat=0
split_feature=5 10 10 11 11 11 11 9 10 12 11 13 10 12 10 10 10 10 10 5 8 10 9 3 13 10 12 11 10 10
split_gain=6017.35 1263.26 1212.95 917.433 1191.96 1115.18 1073.9 900.56 801.457 1078.04 758.576 1031.66 1007.4 904.471 874.814 787.834 745.95 768.17 975.947 1195.61 1006.32 750.714 729.731 659.899 656.562 627.926 591.703 886.07 605.165 805.69
threshold=35.545282363891609 0.047320950776338584 -0.11593352630734442 -0.95744973421096791 -0.83352491259574879 -0.73829901218414296 -0.54160776734352101 38.62315750122071 0.7324872910976411 17.750000000000004 0.54882264137268078 78.750000000000014 -0.78297284245491017 17.250000000000004 -0.20088869333267209 -0.78297284245491017 -0.20931270718574521 -0.62540480494499195 -0.58429276943206776 31.13902568817139 0.37534190714359289 -0.69016700983047474 28.936618804931644 30.032781600952152 79.250000000000014 0.7086201310157777 18.750000000000004 -0.12447465583682059 -0.42888796329498285 -0.66484925150871266
decision_type=2 2 2 2 2 2 2 2 2 2 2 2 2 2 2 2 2 2 2 2 2 2 2 2 2 2 2 2 2 2
left_child=1 2 10 -3 7 -6 24 -5 9 -8 11 14 22 15 26 -13 17 21 19 20 -19 -14 -12 -10 25 -7 28 -28 29 -1
right_child=-2 3 -4 4 5 6 8 -9 23 -11 12 13 16 -15 -16 -17 -18 18 -20 -21 -22 -23 -24 -25 -26 -27 27 -29 -30 -31
leaf_value=-0.0089941013451685283 0.016127675144322926 0.018399168241822937 -0.023367015773182107 -0.035280471000755001 0.045497021628534473 0.00099526457535370591 0.0042299238637368113 0.081809372568336147 0.050800195916048257 -0.016171515543263501 -0.094493837584649396 0.0046201600691600448 -0.011835425475728217 -0.0026710647797279054 -0.046458599695206937 0.03099661225853298 0.011884407838053576 0.0011399656918911205 -0.014325712341925791 -0.1230923044590857 -0.090167434624918219 0.019969201633919249 -0.028672069196961927 0.0067918443849325737 0.011938295042320329 -0.077445972068207275 -0.007413746099546599 0.03221297399992188 0.0091887847074403877 -0.0334274240301154
leaf_weight=20914 45766 7108 10769 3234 1383 348 15312 173 889 11220 506 7745 4824 22283 1477 4462 3618 896 14472 458 455 3015 2509 20367 479 956 3888 2214 3528 4023
leaf_count=20914 45766 7108 10769 3234 1383 348 15312 173 889 11220 506 7745 4824 22283 1477 4462 3618 896 14472 458 455 3015 2509 20367 479 956 3888 2214 3528 4023
internal_value=5.09443e-12 -0.00425356 -0.00741326 0.00150647 -0.000702344 0.00121215 -2.33704e-05 -0.0293349 0.00139816 -0.00439755 -0.00571703 -0.00285985 -0.0122702 0.00332185 -0.00877504 0.0142615 -0.00928661 -0.0124623 -0.0186538 -0.0532786 -0.0296112 0.000397123 -0.0397188 0.00863243 -0.0381231 -0.0565123 -0.00716488 0.00696409 -0.0101937 -0.0129358
internal_weight=219291 173525 112056 61469 54361 50954 49571 3407 47788 26532 101287 70534 30753 34490 36044 12207 27738 24120 16281 1809 1351 7839 3015 21256 1783 1304 34567 6102 28465 24937
internal_count=219291 173525 112056 61469 54361 50954 49571 3407 47788 26532 101287 70534 30753 34490 36044 12207 27738 24120 16281 1809 1351 7839 3015 21256 1783 1304 34567 6102 28465 24937
is_linear=0
shrinkage=0.05


Tree=57
num_leaves=31
num_cat=0
split_feature=7 10 11 10 10 11 10 11 11 10 9 13 11 11 10 13 12 12 3 8 11 11 10 10 10 13 3 7 9 12
split_gain=5464.09 1191.57 831.091 612.126 1359.24 840.332 851.136 795.802 1249.86 1601.91 786.717 678.282 559.569 559.077 1283.14 1142 1574.75 1045.22 931.992 810.697 752.275 631.282 548.809 545.432 1057.36 527.356 520.086 912.073 506.513 713.348
threshold=35.542371749877937 0.91236633062362682 0.064506059512496008 0.59125596284866344 0.72066047787666332 -0.55599683523178089 0.81403854489326488 -0.15855351090431211 0.030119189061224464 0.98664879798889171 39.559928894042976 78.250000000000014 -0.86955720186233509 0.77756834030151378 -0.57023701071739186 76.750000000000014 16.250000000000004 19.250000000000004 31.113317489624027 0.1587416157126427 -0.32533003389835352 -0.12447465583682059 0.92263099551200878 0.25118774175643926 0.31718835234642034 82.250000000000014 37.221149444580085 37.387052536010749 39.263370513916023 15.750000000000002
decision_type=2 2 2 2 2 2 2 2 2 2 2 2 2 2 2 2 2 2 2 2 2 2 2 2 2 2 2 2 2 2
left_child=1 13 -3 11 25 6 -6 10 -9 -10 22 12 -2 15 18 16 20 23 19 -15 -1 -18 -7 -16 -25 -5 27 -8 29 -13
right_child=3 2 -4 4 5 7 26 8 9 -11 -12 28 -14 14 17 -17 21 -19 -20 -21 -22 -23 -24 24 -26 -27 -28 -29 -30 -31
leaf_value=-0.036280875191647868 0.0017225252828946315 -0.011268633362684586 0.02093090900074111 0.050955546983883285 0.006837442735415207 0.0065912408617637688 -0.038204465572528795 -0.0072664346356709755 0.001353137647052631 0.050181651009071709 0.050467071081836415 0.02456829758986287 -0.042340106964745411 -0.0012307315889156945 -0.0085345561616942244 -0.00090374727173869675 -0.0096736452840030501 -0.023928671212882082 -0.090226861460732388 -0.078848539352788349 -0.011204508315216369 0.017012649185691328 0.030663531900346402 0.03800944216474663 -0.0019785194293150082 -0.0044598861338375961 -0.021121623538709926 -0.22148409155335758 0.032751892696198208 -0.010595241501134873
leaf_weight=6924 1921 2723 7589 3863 3999 4036 207 5818 3564 3177 2876 2588 1153 1159 23944 95173 5005 8177 779 474 5265 3977 5728 1968 10332 483 749 101 2281 3258
leaf_count=6924 1921 2723 7589 3863 3999 4036 207 5818 3564 3177 2876 2588 1153 1159 23944 95173 5005 8177 779 474 5265 3977 5728 1968 10332 483 749 101 2281 3258
internal_value=-5.27085e-12 -0.00405532 0.0124283 0.0153607 0.0186495 0.0148936 -0.00370953 0.0186261 0.00971204 0.0243658 0.0274831 0.00520144 -0.0148045 -0.005097 -0.00970988 -0.00324013 -0.0137432 -0.00778136 -0.0452269 -0.0237603 -0.0254492 0.00214236 0.0207131 -0.00413836 0.00441955 0.0447969 -0.0436124 -0.0983059 0.0127686 0.00497151
internal_weight=219291 173489 10312 45802 34601 30255 5056 25199 12559 6741 12640 11201 3074 163177 46833 116344 21171 44421 2412 1633 12189 8982 9764 36244 12300 4346 1057 308 8127 5846
internal_count=219291 173489 10312 45802 34601 30255 5056 25199 12559 6741 12640 11201 3074 163177 46833 116344 21171 44421 2412 1633 12189 8982 9764 36244 12300 4346 1057 308 8127 5846
is_linear=0
shrinkage=0.05


Tree=58
num_leaves=31
num_cat=0
split_feature=3 10 10 11 11 11 11 13 10 10 13 12 11 10 13 11 5 0 10 3 9 10 3 10 9 12 13 12 12 1
split_gain=4951.51 1025 1336.61 808.291 908.25 1297.59 1219.06 757.294 717.62 847.025 664.089 767.62 628.635 943.498 901.404 965.989 777.928 705.372 679.908 727.976 657.901 609.36 617.622 591.463 582.698 579.42 712.834 558.232 548.697 546.108
threshold=35.22096252441407 0.030120026320219043 -0.11593352630734442 -0.95744973421096791 -0.83352491259574879 -0.71464690566062916 -0.55599683523178089 78.750000000000014 0.25118774175643926 0.31718835234642034 81.750000000000014 19.250000000000004 0.54882264137268078 -0.78297284245491017 77.750000000000014 -0.12447465583682059 33.17790603637696 1.4557783007621767 -0.15855792164802548 30.320503234863285 28.748521804809574 0.7324872910976411 30.032781600952152 0.25118774175643926 37.761337280273445 15.250000000000002 81.250000000000014 18.250000000000004 17.250000000000004 26.508317947387699
decision_type=2 2 2 2 2 2 2 2 2 2 2 2 2 2 2 2 2 2 2 2 2 2 2 2 2 2 2 2 2 2
left_child=1 2 12 23 24 -6 7 -7 -8 -10 11 -2 14 20 15 16 17 -1 25 -20 -14 28 -23 -3 -5 -15 -27 -17 -11 -30
right_child=10 3 -4 4 5 6 8 -9 9 21 -12 -13 13 18 -16 27 -18 -19 19 -21 -22 22 -24 -25 -26 26 -28 -29 29 -31
leaf_value=-0.0055453069744515679 0.013219324058494519 0.011644955767765362 -0.02464623977892651 -0.034445848241015341 0.046437981455120729 -0.074384451861227538 -0.014029923634422915 0.011899094324146792 0.032021711366413644 0.0034292440953068953 -0.001718265425187527 0.031442974733290267 -0.092688003295442647 -0.021652617025868924 0.0015108344952675333 -0.0038693142709912962 -0.074468813718399002 -0.027219874373091413 0.0080320468035196112 0.096773451199645519 -0.027789751435096606 0.048346856443700674 0.0056507220651983228 0.056277442543075866 0.02387906045196541 0.00033955300160794867 -0.022601048177437758 0.026582817921337307 0.045562993067074314 -0.016934925296550739
leaf_weight=8125 36455 6621 9670 2914 1509 884 7035 357 2412 8874 5941 6867 461 7869 46181 6396 582 6977 1537 272 2554 889 17930 836 502 13545 4515 1968 365 8248
leaf_count=8125 36455 6621 9670 2914 1509 884 7035 357 2412 8874 5941 6867 461 7869 46181 6396 582 6977 1537 272 2554 889 17930 836 502 13545 4515 1968 365 8248
internal_value=1.29846e-11 -0.00404416 -0.00688795 0.00125546 -0.000955428 0.000799601 -0.00066587 -0.0495632 0.000660416 0.00332963 0.0139582 0.016108 -0.00518742 -0.011149 -0.00257687 -0.0104268 -0.0177448 -0.0155588 -0.00826164 0.0213751 -0.0377128 0.00142346 0.00766767 0.0166487 -0.0258747 -0.0103293 -0.0053956 0.00329589 -0.00529637 -0.0142864
internal_weight=219291 170028 110652 59376 51919 48503 46994 1241 45753 38718 49263 43322 100982 30753 70229 24048 15684 15102 27738 1809 3015 36306 18819 7457 3416 25929 18060 8364 17487 8613
internal_count=219291 170028 110652 59376 51919 48503 46994 1241 45753 38718 49263 43322 100982 30753 70229 24048 15684 15102 27738 1809 3015 36306 18819 7457 3416 25929 18060 8364 17487 8613
is_linear=0
shrinkage=0.05


Tree=59
num_leaves=31
num_cat=0
split_feature=9 9 10 13 12 13 12 10 5 10 12 13 13 10 7 11 11 10 10 10 13 10 11 10 10 3 10 7 12 11
split_gain=4525.9 943.983 802.923 912.818 718.454 1152.51 709.903 781.48 711.186 635.957 622.464 1182.17 848.519 1236.39 1066.96 865.714 803.594 659.309 818.106 573.135 568.938 559.196 693.68 576.999 911.937 1055.58 924.044 725.505 532.601 524.516
threshold=33.419498443603523 38.505393981933601 0.91927745938301098 78.250000000000014 14.250000000000002 79.750000000000014 17.250000000000004 0.42888796329498297 33.476732254028327 -0.59817537665367115 14.750000000000002 78.750000000000014 80.250000000000014 0.7324872910976411 31.425899505615238 0.42887605726718908 -0.15855351090431211 -0.99466162919998158 -0.98521098494529713 0.99762105941772472 83.750000000000014 0.98801350593566906 -0.021515300963073965 0.86095303297042858 0.79877197742462169 39.569936752319343 0.83354803919792186 42.766292572021491 17.750000000000004 1.0000000180025095e-35
decision_type=2 2 2 2 2 2 2 2 2 2 2 2 2 2 2 2 2 2 2 2 2 2 2 2 2 2 2 2 2 2
left_child=10 2 3 -2 -4 -6 9 8 -8 -5 11 -1 13 17 -15 20 -13 29 -19 -7 -14 23 -23 24 27 26 28 -3 -26 -12
right_child=1 21 4 6 5 19 7 -9 -10 -11 12 16 15 14 -16 -17 -18 18 -20 -21 -22 22 -24 -25 25 -27 -28 -29 -30 -31
leaf_value=-0.014982738888551528 -0.0093161797959655304 0.029273144185256679 -0.002178613983972612 -0.0031889357937944333 0.031785753866060772 0.011619841983350209 0.0042441914347007966 0.010959024552234574 -0.033602212637823523 0.021933021381007108 0.039697312954110053 0.035722061702176601 -0.004419786923593955 0.089360997140079126 0.016430358348232667 -0.01655965740425409 -0.0018053011925823665 -0.03337499138005464 -0.0013527727120976152 -0.025045565361621832 0.023948521735168565 -0.016342317866271595 0.04846322740442504 0.039214424862801404 -0.18953223766987784 0.017273539278375823 -0.018135055344505675 -0.025045117833568449 -0.039262356389210461 0.00066547984510469821
leaf_weight=31124 11126 7214 4743 3359 9031 5718 2313 5763 2679 10076 1711 1773 16601 621 2606 19096 7300 2063 60121 1310 1978 1833 533 4534 171 976 424 672 90 1732
leaf_count=31124 11126 7214 4743 3359 9031 5718 2313 5763 2679 10076 1711 1773 16601 621 2606 19096 7300 2063 60121 1310 1978 1833 533 4534 171 976 424 672 90 1732
internal_value=6.40176e-12 0.0102141 0.00712683 0.00253673 0.0149196 0.0199695 0.00798838 -0.001585 -0.0160664 0.0156521 -0.00505152 -0.0103532 -0.00305103 0.000249844 0.030465 -0.00908363 0.00552811 -0.00123589 -0.00241513 0.00478551 -0.00139958 0.0207482 -0.00174327 0.0245274 0.0175523 -0.0161192 -0.0636976 0.0246445 -0.137715 0.0200624
internal_weight=219291 72565 56118 35316 20802 16059 24190 10755 4992 13435 146726 40197 106529 68854 3227 37675 9073 65627 62184 7028 18579 16447 2366 14081 9547 1661 685 7886 261 3443
internal_count=219291 72565 56118 35316 20802 16059 24190 10755 4992 13435 146726 40197 106529 68854 3227 37675 9073 65627 62184 7028 18579 16447 2366 14081 9547 1661 685 7886 261 3443
is_linear=0
shrinkage=0.05


Tree=60
num_leaves=31
num_cat=0
split_feature=10 11 12 13 11 7 11 13 11 12 12 13 11 5 11 9 11 11 13 11 4 1 13 10 7 9 10 11 13 10
split_gain=4160.29 2218.16 1585.06 1492.27 1333.94 1631.32 802.956 739.087 1795.79 1441.76 1435.49 1011.67 665.405 627.627 1128.32 622.296 592.348 590.234 587.867 646.179 549.011 545.008 540.321 501.232 878.225 667.452 498.585 485.486 470.947 465.108
threshold=0.59125596284866344 -0.71464690566062916 14.250000000000002 79.750000000000014 -0.55599683523178089 36.470628738403327 -0.63872575759887684 77.750000000000014 0.38167507946491247 16.250000000000004 15.250000000000002 79.250000000000014 -0.54160776734352101 30.910484313964847 0.39752808213233953 39.559928894042976 -0.12447465583682059 1.0000000180025095e-35 83.750000000000014 0.20088311284780505 0.30448064208030706 31.904052734375004 81.750000000000014 -0.012910176534205673 32.75042915344239 42.769563674926765 0.77758994698524486 -0.74979865550994862 82.250000000000014 0.72066047787666332
decision_type=2 2 2 2 2 2 2 2 2 2 2 2 2 2 2 2 2 2 2 2 2 2 2 2 2 2 2 2 2 2
left_child=7 28 12 4 5 -4 -5 10 9 11 27 -9 20 26 -15 18 23 -18 19 -11 -3 29 -10 24 -12 -25 -6 -1 -2 -16
right_child=1 2 3 6 13 -7 -8 8 22 15 16 -13 -14 14 21 -17 17 -19 -20 -21 -22 -23 -24 25 -26 -27 -28 -29 -30 -31
leaf_value=-0.030522799287622422 0.048499894735149679 -0.01595234945260661 -0.11019016625475109 0.042297559805391953 0.039034616895668388 0.001852430717117339 -0.0014327544086552505 0.0059005165050300132 -0.0070964407696081401 -0.0068112514939229069 -0.0096604492193339813 0.029474460670248157 -0.0031774620631621004 0.028644147041084658 0.012409812653827637 0.026566042614113241 0.045020341641932082 0.0019654129740659444 0.019233953397670457 0.018309956916733667 -0.075954374029486266 -0.0013258611440392575 -0.021113860525256267 0.007865453399835234 -0.050748607751469658 -0.090902529815944391 0.11033598163460451 -0.014239347596560257 -0.0025744150687907162 0.07031623980019712
leaf_weight=6636 4320 1091 363 1116 971 3093 17670 12231 32655 33445 8422 7248 11352 16704 1033 1838 840 15200 2715 2772 586 6074 8708 4382 1538 178 328 14756 504 522
leaf_count=6636 4320 1091 363 1116 971 3093 17670 12231 32655 33445 8422 7248 11352 16704 1033 1838 840 15200 2715 2772 586 6074 8708 4382 1538 178 328 14756 504 522
internal_value=-8.88847e-13 0.0105268 0.00794164 0.0121497 0.0192439 -0.00991593 0.00116509 -0.00450556 -0.00202527 0.00348224 -0.00935671 0.0146722 -0.00752044 0.0231756 0.0213678 -0.00186408 -0.00240296 0.00422016 -0.00320628 -0.00488851 -0.0369191 0.00543599 -0.0100475 -0.00971941 -0.0160052 0.00401004 0.0570383 -0.0192906 0.0431638 0.0318485
internal_weight=219291 65727 60903 47874 29088 3456 18786 153564 101612 60249 51952 19479 13029 25632 24333 40770 30560 16040 38932 36217 1677 7629 41363 14520 9960 4560 1299 21392 4824 1555
internal_count=219291 65727 60903 47874 29088 3456 18786 153564 101612 60249 51952 19479 13029 25632 24333 40770 30560 16040 38932 36217 1677 7629 41363 14520 9960 4560 1299 21392 4824 1555
is_linear=0
shrinkage=0.05


Tree=61
num_leaves=31
num_cat=0
split_feature=10 11 12 13 11 7 11 13 11 12 12 13 11 11 5 11 10 10 9 13 11 11 11 10 10 7 4 13 10 7
split_gain=3754.67 2001.89 1430.52 1346.78 1203.88 1473.02 724.668 667.026 1622.8 1334.95 1295.53 914.92 600.528 572.084 1048.78 689.381 846.226 591.753 563.318 541.905 612.126 534.594 532.686 518.379 1112.76 684.37 495.482 490.248 452.362 792.598
threshold=0.59125596284866344 -0.71464690566062916 14.250000000000002 79.750000000000014 -0.55599683523178089 36.626773834228523 -0.63872575759887684 77.750000000000014 0.3657089769840241 16.250000000000004 15.250000000000002 79.250000000000014 -0.54160776734352101 0.20088311284780505 31.673925399780277 0.047319635748863227 0.98521098494529735 0.77758994698524486 39.559928894042976 83.250000000000014 0.20088311284780505 -0.12447465583682059 1.0000000180025095e-35 0.72066047787666332 0.69636976718902599 32.155460357666023 0.30448064208030706 82.250000000000014 -0.012910176534205673 32.75042915344239
decision_type=2 2 2 2 2 2 2 2 2 2 2 2 2 2 2 2 2 2 2 2 2 2 2 2 2 2 2 2 2 2
left_child=7 -2 12 4 5 -4 -5 10 9 11 -1 -9 26 15 17 16 -6 -15 19 20 -11 28 -23 24 -16 -26 -3 -10 29 -12
right_child=1 2 3 6 13 -7 -8 8 27 18 21 -13 -14 14 23 -17 -18 -19 -20 -21 -22 22 -24 -25 25 -27 -28 -29 -30 -31
leaf_value=-0.01832609639295061 0.041005584270457883 -0.015154731983619194 -0.10042023697258139 0.040182681834209616 0.033983670987433781 0.0022892174888448987 -0.0013611166767699395 0.005788038046894272 -0.0071425763681564145 -0.0070783944072894504 -0.0091774267496170479 0.028281055883639463 -0.0030185889324029587 0.031502340363004117 0.00054691442596722505 0.05236507895916688 0.004468825464787809 0.093602290987845907 0.025237740519873427 0.013235428564056404 0.019109359244286073 0.042769324541794558 0.0018671423211911347 0.011181129034264868 -0.0070354240606812883 -0.18398473808188845 -0.07215665513387351 -0.021999210994644885 0.0038095346433242652 -0.048211177433693901
leaf_weight=21392 4824 1091 394 1116 6912 3062 17670 12150 35168 31771 8422 7200 11352 1994 917 2592 3744 475 1838 4491 2400 840 15200 8760 85 153 586 6594 4560 1538
leaf_count=21392 4824 1091 394 1116 6912 3062 17670 12150 35168 31771 8422 7200 11352 1994 917 2592 3744 475 1838 4491 2400 840 15200 8760 85 153 586 6594 4560 1538
internal_value=-6.4475e-13 0.0100004 0.00754456 0.0115422 0.0182817 -0.00942014 0.00110683 -0.00428028 -0.00192401 0.00335422 -0.00888887 0.0141575 -0.00714442 0.0220168 0.0142908 0.0292389 0.0236136 0.0434495 -0.00180736 -0.00309309 -0.0052391 -0.00228281 0.00400915 0.00702981 -0.0244555 -0.120789 -0.0350731 -0.00948836 -0.00923344 -0.0152049
internal_weight=219291 65727 60903 47874 29088 3456 18786 153564 101612 59850 51952 19350 13029 25632 12384 13248 10656 2469 40500 38662 34171 30560 16040 9915 1155 238 1677 41762 14520 9960
internal_count=219291 65727 60903 47874 29088 3456 18786 153564 101612 59850 51952 19350 13029 25632 12384 13248 10656 2469 40500 38662 34171 30560 16040 9915 1155 238 1677 41762 14520 9960
is_linear=0
shrinkage=0.05


Tree=62
num_leaves=31
num_cat=0
split_feature=10 11 12 13 11 7 11 11 13 11 12 12 13 5 11 4 7 10 10 6 10 4 10 10 5 10 10 9 10 7
split_gain=3388.59 1806.71 1296.22 1380.29 929.452 1369.4 702.162 645.86 601.991 1464.58 1209.42 1169.22 976.915 600.731 1122.73 559.507 518.73 511.587 502.793 900.449 839.307 752.448 598.851 1556.17 824.268 687.155 606.822 1471.76 823.846 740.678
threshold=0.59125596284866344 -0.71464690566062916 14.750000000000002 79.750000000000014 -0.55599683523178089 36.548133850097663 -0.54160776734352101 -0.63872575759887684 77.750000000000014 0.3657089769840241 16.750000000000004 15.250000000000002 79.250000000000014 31.31473541259766 0.39752808213233953 0.21869485825300219 42.766292572021491 0.064507851377129569 0.44437406957149511 1.0000000180025095e-35 0.49002411961555487 1.0000000180025095e-35 -0.72660079598426808 -0.61188074946403492 28.214782714843754 -0.7721494436264037 -0.3334656953811645 32.356674194335945 -0.49002411961555475 30.841373443603519
decision_type=2 2 2 2 2 2 2 2 2 2 2 2 2 2 2 2 2 2 2 2 2 2 2 2 2 2 2 2 2 2
left_child=8 -2 6 4 5 -4 15 -5 11 10 12 -1 -10 -6 -15 -3 -13 -14 22 20 -20 -22 25 24 -24 -12 27 -25 -29 -28
right_child=1 2 3 7 13 -7 -8 -9 9 -11 18 16 17 14 -16 -17 -18 -19 19 -21 21 -23 23 26 -26 -27 29 28 -30 -31
leaf_value=-0.01740979158296142 0.038955305063646056 -0.013304011381329514 -0.12071956636795177 0.038166995592595475 0.051086139616219772 0.0028075964340311278 -0.0011232999450216312 -0.0013730284086516946 0.0041171180127763029 -0.0090139427395798093 0.00053312060420350926 -0.0016785821163261953 0.019221603426872645 0.027368264478984758 0.0025852233236339003 -0.068308641719546953 -0.088755302461470634 0.048746466980290254 0.05640502080983853 0.075965844443967423 -0.031498042188880755 0.071808727502877132 0.012342814831660961 0.033468393376436673 -0.063623621313222675 0.043126615674404928 -0.0349749408590544 -0.048190302738648216 0.026129263165009221 -0.0041243206975335655
leaf_weight=21392 4824 1315 243 1098 1670 2925 13728 17385 13500 41762 15624 30388 6669 15312 6514 713 172 1881 544 549 1221 206 444 2795 1824 1008 2454 1200 541 9390
leaf_count=21392 4824 1315 243 1098 1670 2925 13728 17385 13500 41762 15624 30388 6669 15312 6514 713 172 1881 544 549 1221 206 444 2795 1824 1008 2454 1200 541 9390
internal_value=2.49057e-12 0.00950039 0.00716733 0.0114765 0.0187554 -0.0066675 -0.00518022 0.000975884 -0.00406627 -0.00182781 0.00318651 -0.00844443 0.0124926 0.0221832 0.0199717 -0.0326424 -0.00216867 0.0257171 -0.00224204 0.0193346 0.00356054 -0.0165848 -0.00378323 -0.0099353 -0.0487519 0.00311454 -0.00456069 0.0109902 -0.0250962 -0.0105164
internal_weight=219291 65727 60903 45147 26664 3168 15756 18483 153564 101612 59850 51952 22050 23496 21826 2028 30560 8550 37800 2520 1971 1427 35280 18648 2268 16632 16380 4536 1741 11844
internal_count=219291 65727 60903 45147 26664 3168 15756 18483 153564 101612 59850 51952 22050 23496 21826 2028 30560 8550 37800 2520 1971 1427 35280 18648 2268 16632 16380 4536 1741 11844
is_linear=0
shrinkage=0.05


Tree=63
num_leaves=31
num_cat=0
split_feature=10 11 12 13 11 5 11 13 12 11 12 11 10 11 10 10 10 13 11 11 5 11 10 10 10 10 7 7 1 13
split_gain=3058.2 1630.55 1178.87 1100.08 983.63 1243.24 591.8 546.366 1671.21 1267.25 1097.62 796.137 539.5 550.63 653.877 538.737 1154.78 534.73 487.789 481.337 879.954 622.022 763.986 536.008 455.635 1026.78 688.62 452.489 448.389 446.638
threshold=0.59125596284866344 -0.71464690566062916 14.250000000000002 79.750000000000014 -0.55599683523178089 36.713724136352546 -0.63872575759887684 78.250000000000014 17.250000000000004 -0.15855351090431211 15.250000000000002 0.75546532869339 -0.99466162919998158 0.20088311284780505 -0.90880924463272084 -0.72660079598426808 -0.61188074946403492 79.250000000000014 -0.52705818414688099 0.20088311284780505 31.673925399780277 0.047319635748863227 0.98521098494529735 0.78829774260520946 0.72066047787666332 0.68391311168670665 32.155460357666023 31.425899505615238 32.265117645263679 83.750000000000014
decision_type=2 2 2 2 2 2 2 2 2 2 2 2 2 2 2 2 2 2 2 2 2 2 2 2 2 2 2 2 2 2
left_child=7 -2 18 4 5 -4 -5 10 9 17 -1 29 -12 14 27 -16 -17 -9 -3 21 23 22 -6 -21 25 -22 -27 -14 -26 -10
right_child=1 2 3 6 19 -7 -8 8 11 -11 12 -13 13 -15 15 16 -18 -19 -20 20 24 -23 -24 -25 28 26 -28 -29 -30 -31
leaf_value=-0.01511649653082452 0.037007539738651098 -0.030642731618092979 -0.087959283974298266 0.036319028730792124 0.031039689050986974 0.002808840800754049 -0.0012235757276421082 0.0075234768281796363 -0.0046429863222758917 -0.0017878544992496811 0.024812352913635552 -0.016339398241982529 -0.011774882570585057 0.0032675945319778996 0.015127271798687857 -0.052641090661847828 -0.0037013369733045372 0.025411853412927017 -0.0026446461096201255 0.030169784700603011 0.0081810231935150451 0.048497126625579208 0.002995685838881882 0.097527508441977884 0.059191182499414033 -0.033350516409782947 -0.17356267428243316 -0.04662780547492925 0.0074549460082712418 0.014893916871667979
leaf_weight=26740 4824 1806 431 1116 6912 3025 17670 7854 33642 19129 1800 15870 2028 17200 2850 1350 11250 8925 11223 2126 798 2592 3744 343 441 203 154 1722 8319 3204
leaf_count=26740 4824 1806 431 1116 6912 3025 17670 7854 33642 19129 1800 15870 2028 17200 2850 1350 11250 8925 11223 2126 798 2592 3744 343 441 203 154 1722 8319 3204
internal_value=7.79104e-12 0.00902537 0.00680896 0.010438 0.016529 -0.00851091 0.00100668 -0.00386295 -0.00130997 0.00700931 -0.00734702 -0.00697673 -0.00190839 -0.00322974 -0.00905028 -0.00450439 -0.00894488 0.0170386 -0.00652557 0.0199052 0.0128184 0.0265298 0.0211864 0.0395273 0.00616749 -0.023351 -0.0938342 -0.0277793 0.0100595 -0.00294413
internal_weight=219291 65727 60903 47874 29088 3456 18786 153564 88624 35908 64940 52716 38200 36400 19200 15450 12600 16779 13029 25632 12384 13248 10656 2469 9915 1155 357 3750 8760 36846
internal_count=219291 65727 60903 47874 29088 3456 18786 153564 88624 35908 64940 52716 38200 36400 19200 15450 12600 16779 13029 25632 12384 13248 10656 2469 9915 1155 357 3750 8760 36846
is_linear=0
shrinkage=0.05


Tree=64
num_leaves=31
num_cat=0
split_feature=10 11 12 13 11 7 11 10 11 11 11 7 11 11 0 10 10 10 8 12 10 10 12 3 12 9 10 11 12 3
split_gain=2760.02 1478.28 1037.87 1183.22 828.294 1068.86 616.689 535.352 1213.96 1167.67 1092.26 1258.57 968.016 1655.31 1628.57 892.15 1602.1 768.401 810.885 761.015 749.619 1155.66 700.707 689.824 853.44 634.645 1019.7 837.664 921.51 834.535
threshold=0.59125596284866344 -0.70250144600868214 14.750000000000002 79.750000000000014 -0.55599683523178089 36.548133850097663 -0.54160776734352101 0.030120026320219043 -0.97870382666587818 -0.95744973421096791 -0.88603779673576344 31.924151420593265 -0.70250144600868214 -0.62538740038871754 3.4828147888183598 -0.3334656953811645 -0.23448921740055081 -0.61188074946403492 0.10747056826949121 15.750000000000002 -0.81403854489326466 -0.78297284245491017 19.250000000000004 30.996859550476078 15.250000000000002 38.62315750122071 0.49002411961555487 0.83824864029884349 18.750000000000004 28.903627395629886
decision_type=2 2 2 2 2 2 2 2 2 2 2 2 2 2 2 2 2 2 2 2 2 2 2 2 2 2 2 2 2 2
left_child=7 -2 6 4 5 -4 -3 8 -1 -9 11 15 14 -14 17 -10 19 23 -19 -17 22 -22 -15 -12 -25 27 -27 29 -29 -11
right_child=1 2 3 -5 -6 -7 -8 9 10 25 12 -13 13 20 -16 16 -18 18 -20 -21 21 -23 -24 24 -26 26 -28 28 -30 -31
leaf_value=-0.023696509470097056 0.033569182288025627 -0.031700321439826894 -0.12066485580969318 0.00042900860701349522 0.020086184909683367 -3.6043484444314511e-05 -0.0011082485133255564 0.017070993815827433 0.020025983350545354 -0.098600877410912474 0.0027780303011634908 0.040863445835758988 0.029285858436269782 -0.0038820217851505477 -0.046135010386374187 0.0026335179249020245 0.040584928332107383 0.03394274392810849 -0.011832737214466874 -0.053200862885566115 -0.03741829138339383 -0.0076310683646242817 0.012508267587048788 0.0062110873054346876 -0.067789320703104311 0.03650600581455507 -0.013120044677849517 0.0070411634121146918 -0.018139579867336188 -0.01521468301128589
leaf_weight=8442 5427 1872 197 18300 23496 2707 13728 9045 3212 310 1385 2720 3618 35424 3785 905 937 1805 2085 1874 3618 32562 7992 572 1222 2373 1836 13524 4968 9350
leaf_count=8442 5427 1872 197 18300 23496 2707 13728 9045 3212 310 1385 2720 3618 35424 3785 905 937 1805 2085 1874 3618 32562 7992 572 1222 2373 1836 13524 4968 9350
internal_value=5.40331e-12 0.00857411 0.00632455 0.0101997 0.0169726 -0.0082192 -0.0047793 -0.00366981 -0.00546356 0.00118899 -0.00397948 0.0120424 -0.00562275 -0.00379091 -0.0196668 0.000726971 -0.0159545 -0.00549481 0.00940756 -0.035018 -0.0052944 -0.0106098 -0.000864904 -0.0237302 -0.044195 -0.00325008 0.0148587 -0.00595753 0.000276188 -0.0178906
internal_weight=219291 65727 60300 44700 26400 2904 15600 153564 112158 41406 103716 9648 94068 83214 10854 6928 3716 7069 3890 2779 79596 36180 43416 3179 1794 32361 4209 28152 18492 9660
internal_count=219291 65727 60300 44700 26400 2904 15600 153564 112158 41406 103716 9648 94068 83214 10854 6928 3716 7069 3890 2779 79596 36180 43416 3179 1794 32361 4209 28152 18492 9660
is_linear=0
shrinkage=0.05


Tree=65
num_leaves=31
num_cat=0
split_feature=10 11 12 13 11 11 7 4 11 13 12 11 12 13 11 10 5 11 10 1 9 11 11 12 12 0 13 1 6 10
split_gain=2490.92 1336.46 992.926 1148.92 688.821 570.961 970.021 546.184 511.908 494.293 1176.69 1142.92 962.005 736.052 695.925 539.831 491.973 1070.21 600.718 593.275 469.052 458.772 585.979 483.429 445.271 596.667 441.767 437.979 537.896 711.602
threshold=0.59125596284866344 -0.71464690566062916 15.250000000000002 79.750000000000014 -0.54160776734352101 -0.62538740038871754 36.470628738403327 0.31770305335521704 -0.63872575759887684 77.750000000000014 17.250000000000004 -0.15855351090431211 15.250000000000002 79.250000000000014 0.75546532869339 -0.37371625006198878 31.673925399780277 0.39752808213233953 0.69636976718902599 35.785865783691413 42.769563674926765 0.16704543679952624 0.047319635748863227 18.250000000000004 14.750000000000002 0.10764911398291589 77.250000000000014 39.41289138793946 0.10721274092793466 0.50495636463165294
decision_type=2 2 2 2 2 2 2 2 2 2 2 2 2 2 2 2 2 2 2 2 2 2 2 2 2 2 2 2 2 2
left_child=9 -2 4 5 7 6 -4 -3 -5 12 11 13 -1 -11 27 24 18 19 -7 -18 -14 22 23 -21 25 -13 -6 -12 29 -29
right_child=1 2 3 8 26 16 -8 -9 -10 10 14 15 20 -15 -16 -17 17 -19 -20 21 -22 -23 -24 -25 -26 -27 -28 28 -30 -31
leaf_value=-0.0155857688921667 0.033478703694918462 -0.011929754416101787 -0.13567863925766777 0.034236607575205406 -0.011252387547513709 0.019402652889528867 0.00090316021459754521 -0.062981208899764968 -0.0012572280464206969 0.0050293065548290793 -0.0035024365520264322 -0.034282713606372646 -0.0012868771914422211 0.024065374588217121 -0.014585755961921194 0.0059336388860808734 0.05339993451422162 -0.0018771884653578598 0.074107644108370382 0.011130724058179817 -0.08268957298871632 -0.0011185941605442746 0.053276282521080257 0.033564129068568614 -0.00061200718546051242 -0.0040919982468671815 0.0061773129126189283 0.05831891642435294 0.1077438703309533 -0.02433650630373195
leaf_weight=21392 4824 1600 142 1080 5544 1166 1538 779 17100 11781 38824 3178 30382 8925 17250 10034 1547 5395 881 5967 178 2043 1542 4019 7020 3374 10560 478 176 572
leaf_count=21392 4824 1600 142 1080 5544 1166 1538 779 17100 11781 38824 3178 30382 8925 17250 10034 1547 5395 881 5967 178 2043 1542 4019 7020 3374 10560 478 176 572
internal_value=5.09222e-14 0.0081454 0.0061388 0.010353 -0.00353302 0.0174792 -0.0106413 -0.0286465 0.000851317 -0.00348632 -0.00145795 0.00466056 -0.00745356 0.0132345 -0.0061896 -0.00286008 0.0195733 0.0172408 0.0429469 0.0240632 -0.00176102 0.020719 0.0245891 0.0201593 -0.00936142 -0.0187358 0.000176924 -0.00257328 0.0268506 0.0132914
internal_weight=219291 65727 60903 42420 18483 24240 1680 2379 18180 153564 101612 44312 51952 20706 57300 23606 22560 20513 2047 15118 30560 13571 11528 9986 13572 6552 16104 40050 1226 1050
internal_count=219291 65727 60903 42420 18483 24240 1680 2379 18180 153564 101612 44312 51952 20706 57300 23606 22560 20513 2047 15118 30560 13571 11528 9986 13572 6552 16104 40050 1226 1050
is_linear=0
shrinkage=0.05


Tree=66
num_leaves=31
num_cat=0
split_feature=10 7 11 11 10 10 11 11 0 7 12 10 10 10 8 10 10 12 9 10 3 9 10 4 13 12 10 13 10 13
split_gain=2299.62 1006.52 934.867 964.038 1155.22 1256.13 898.101 1474.12 1462.42 808.968 786.97 769.614 733.872 694.943 726.149 667.263 1053.15 627.4 557.695 691.17 548.328 855.494 879.983 542.482 542.17 615.049 619.752 533.954 503.889 479.086
threshold=0.047320950776338584 33.085998535156257 -0.97870382666587818 -0.88603779673576344 -0.3334656953811645 -0.23448921740055081 -0.70250144600868214 -0.62538740038871754 3.4828147888183598 31.278440475463871 15.750000000000002 0.13301347196102145 -0.04732095077633857 -0.59817537665367115 0.10747056826949121 -0.81403854489326466 -0.78297284245491017 19.250000000000004 32.391584396362312 -0.65189296007156361 34.256374359130866 33.419498443603523 -0.08167563751339911 0.88703584671020519 81.750000000000014 18.750000000000004 0.33346569538116461 77.250000000000014 -0.11593352630734442 77.250000000000014
decision_type=2 2 2 2 2 2 2 2 2 2 2 2 2 2 2 2 2 2 2 2 2 2 2 2 2 2 2 2 2 2
left_child=2 -2 12 4 -4 9 8 -8 13 10 -6 -3 20 18 23 17 -17 -9 19 -5 21 27 -23 -15 25 29 -27 -1 -29 -13
right_child=1 11 3 6 5 -7 7 15 -10 -11 -12 24 -14 14 -16 16 -18 -19 -20 -21 -22 22 -24 -25 -26 26 -28 28 -30 -31
leaf_value=-0.068183730935491793 -0.00082891939078999347 0.042677812817450138 0.028737566751718818 0.018223869909467737 0.0031172127534519669 0.038326481809885175 0.02781732622415144 -0.0034752141224364355 -0.043769428521523469 0.013388054587263408 -0.057137897952650944 -0.0016307020002615811 -0.0029343024692816055 0.052983155287146082 -0.011104445056157162 -0.035394131007974339 -0.0069761178219388768 0.012034024062726398 -0.050433379348616629 -0.034968166034939602 -0.071973068703990464 0.035449567254177271 -0.049828080714149924 -0.0091872110065819145 -0.0035978812259683289 -0.018099362031616249 0.023325052549335666 -0.008948593724231263 -0.059759915277300284 0.010409761025692403
leaf_weight=1086 41172 1669 4824 1259 813 1206 3618 35424 3785 1180 1625 11191 3618 1171 1851 3618 32964 7992 1101 1186 741 923 450 501 8341 982 11211 1505 722 31562
leaf_count=1086 41172 1669 4824 1259 813 1206 3618 35424 3785 1180 1625 11191 3618 1171 1851 3618 32964 7992 1101 1186 741 923 450 501 8341 982 11211 1505 722 31562
internal_value=-3.68566e-13 0.00528718 -0.0049585 -0.00361902 0.011436 -0.0058655 -0.00515656 -0.00340011 -0.0186877 -0.0205962 -0.0370446 0.00916384 -0.0203773 -0.00525808 0.0104701 -0.00481196 -0.00978669 -0.00062028 -0.0208842 -0.00757807 -0.032006 -0.025686 0.00749986 0.0343544 0.00828002 0.0100831 0.0199888 -0.0394391 -0.0254218 0.00725806
internal_weight=219291 106128 113163 104118 9648 4824 94470 83616 10854 3618 2438 64956 9045 7069 3523 79998 36582 43416 3546 2445 5427 4686 1373 1672 63287 54946 12193 3313 2227 42753
internal_count=219291 106128 113163 104118 9648 4824 94470 83616 10854 3618 2438 64956 9045 7069 3523 79998 36582 43416 3546 2445 5427 4686 1373 1672 63287 54946 12193 3313 2227 42753
is_linear=0
shrinkage=0.05


Tree=67
num_leaves=31
num_cat=0
split_feature=10 13 12 13 11 11 11 7 11 11 0 10 10 12 10 12 10 7 12 10 11 8 2 12 1 3 9 10 13 9
split_gain=2075.4 911.236 1027.94 915.513 910.903 843.717 870.044 1054.1 810.536 1330.39 1325.23 711.585 1309.19 668.461 662.32 627.531 614.68 651.569 795.698 602.204 950.464 587.279 606.049 566.228 533.469 494.866 772.084 794.184 481.893 474.518
threshold=0.047320950776338584 81.250000000000014 14.250000000000002 78.250000000000014 0.6838940978050233 -0.97870382666587818 -0.88603779673576344 31.924151420593265 -0.70250144600868214 -0.62538740038871754 6.3784387111663827 -0.3334656953811645 -0.23448921740055081 17.250000000000004 -0.04732095077633857 15.750000000000002 -0.61188074946403492 28.846769332885746 16.250000000000004 -0.81403854489326466 0.61864846944808971 0.10747056826949121 1.6836205124855044 19.250000000000004 31.058892250061039 34.256374359130866 33.419498443603523 -0.08167563751339911 77.250000000000014 29.495378494262699
decision_type=2 2 2 2 2 2 2 2 2 2 2 2 2 2 2 2 2 2 2 2 2 2 2 2 2 2 2 2 2 2
left_child=5 2 3 -2 24 14 7 11 10 -10 16 -7 15 -6 25 -13 17 -8 -19 23 29 22 -18 -11 -4 26 28 -28 -1 -21
right_child=1 -3 4 -5 13 6 8 -9 9 19 -12 12 -14 -15 -16 -17 21 18 -20 20 -22 -23 -24 -25 -26 -27 27 -29 -30 -31
leaf_value=-0.064774544540379786 -0.01052732918177395 -0.0050671578027045557 0.043847296676636893 0.009824957312943151 0.011012351936321879 0.017744435398741973 0.014137500032323164 0.037240374565926153 0.026426459876100261 -0.0033014534109591896 -0.047108853553903943 0.0025681200859944712 0.036720801454440039 -0.009332956174682076 -0.002787587267406513 -0.048133594107457808 0.041375618765329254 -0.0048104683821648519 -0.059801406865709505 -0.05681972506784936 -0.0066273119458357555 -0.011282088584186513 -0.021862152749617642 0.01143232284251652 0.012860252569996703 -0.068374415047186485 0.033677088787403602 -0.047336676840049524 -0.024150686048370732 -0.019488498243403121
leaf_weight=1086 13200 18480 1431 9504 7524 3212 891 2720 3618 35424 2839 905 937 8712 3618 1874 1482 1188 1474 1370 32964 2471 509 7992 47277 741 923 450 2227 2248
leaf_count=1086 13200 18480 1431 9504 7524 3212 891 2720 3618 35424 2839 905 937 8712 3618 1874 1482 1188 1474 1370 32964 2471 509 7992 47277 741 923 450 2227 2248
internal_value=-4.76566e-12 0.00502283 0.00715023 -0.00200777 0.0103518 -0.00471057 -0.00343807 0.0108642 -0.00489873 -0.00323011 -0.0177533 0.000508705 -0.0143893 9.53573e-05 -0.0193585 -0.0316222 -0.00735531 -0.0228724 -0.03526 -0.00457136 -0.00929736 0.00500063 0.0252089 -0.000589266 0.0137706 -0.0304057 -0.0244017 0.00712487 -0.0374672 -0.0336244
internal_weight=219291 106128 87648 22704 64944 113163 104118 9648 94470 83616 10854 6928 3716 16236 9045 2779 8015 3553 2662 79998 36582 4462 1991 43416 48708 5427 4686 1373 3313 3618
internal_count=219291 106128 87648 22704 64944 113163 104118 9648 94470 83616 10854 6928 3716 16236 9045 2779 8015 3553 2662 79998 36582 4462 1991 43416 48708 5427 4686 1373 3313 3618
is_linear=0
shrinkage=0.05


Tree=68
num_leaves=31
num_cat=0
split_feature=10 11 12 13 11 5 10 11 1 11 4 10 11 13 12 11 12 11 11 10 11 10 10 10 11 10 7 12 1 11
split_gain=1904.23 1225 854.959 971.048 631.042 617.39 943.647 503.551 504.074 486.238 484.089 482.031 457.009 453.039 1638.62 905.353 791.354 610.418 531.866 522.071 552.188 694.195 472.474 1102.35 452.773 557.417 450.729 453.53 423.542 670.952
threshold=0.60505047440528881 -0.71464690566062916 15.250000000000002 79.750000000000014 -0.54160776734352101 31.929214477539066 0.82876241207122814 0.39752808213233953 35.863117218017585 0.16704543679952624 0.21869485825300219 0.69636976718902599 -0.63872575759887684 78.750000000000014 17.250000000000004 -0.79354220628738392 15.250000000000002 0.75546532869339 -0.99626126885414112 -0.99466162919998158 0.20088311284780505 -0.90880924463272084 -0.72660079598426808 -0.61188074946403492 0.047319635748863227 0.98521098494529735 31.425899505615238 18.750000000000004 31.775575637817386 0.69635042548179638
decision_type=2 2 2 2 2 2 2 2 2 2 2 2 2 2 2 2 2 2 2 2 2 2 2 2 2 2 2 2 2 2
left_child=13 -2 4 5 10 11 28 8 -8 24 -3 -4 -5 16 15 18 -1 -16 -15 -18 21 26 -23 -24 25 -10 -21 -28 -7 -30
right_child=1 2 3 12 -6 6 7 -9 9 -11 -12 -13 -14 14 17 -17 19 -19 -20 20 -22 22 23 -25 -26 -27 27 -29 29 -31
leaf_value=-0.011672179665621431 0.033256112176702796 -0.011500377374672636 0.01941373351371865 0.032078997412911661 -3.6941834067589881e-05 0.042966860818255341 0.049157147391328218 -0.00091031539802234661 0.028847687804458802 -0.0031766284664369935 -0.05915424368881838 0.065927827286012111 -0.0014682332350129165 -0.0093310951678601366 -0.0021094488316579047 0.0035744114175406561 0.022525658024926627 -0.014318833773281775 0.02832144184362656 -0.010557570670274168 0.003261219978319701 0.013086935434426959 -0.046470283766982812 -0.0028512770533409273 0.049024688719145837 0.0025149298570133691 -0.059373676774667754 -0.01122346330334272 -0.0033877830280631474 -0.067516518016397548
leaf_weight=32340 4221 1573 1206 1080 15921 420 1624 2622 5667 1980 806 1035 16920 1080 33831 19512 2160 14679 7128 2366 20820 3420 1620 13680 1525 3114 1375 759 4357 450
leaf_count=32340 4221 1573 1206 1080 15921 420 1624 2622 5667 1980 806 1035 16920 1080 33831 19512 2160 14679 7128 2366 20820 3420 1620 13680 1525 3114 1375 759 4357 450
internal_value=6.74775e-12 0.00721626 0.00539347 0.0093234 -0.00362604 0.0159075 0.0133339 0.0191888 0.0229774 0.0195169 -0.0276454 0.0408961 0.000544601 -0.00300834 -0.000262487 0.00943512 -0.00567343 -0.00580398 0.0233672 -0.0014743 -0.00265141 -0.00795291 -0.00371421 -0.00746976 0.0238768 0.0195093 -0.0255859 -0.0422481 -0.00518403 -0.0093911
internal_weight=219291 64521 60300 42000 18300 24000 21759 16532 13910 12286 2379 2241 18000 154770 76230 27720 78540 48510 8208 46200 44040 23220 18720 15300 10306 8781 4500 2134 5227 4807
internal_count=219291 64521 60300 42000 18300 24000 21759 16532 13910 12286 2379 2241 18000 154770 76230 27720 78540 48510 8208 46200 44040 23220 18720 15300 10306 8781 4500 2134 5227 4807
is_linear=0
shrinkage=0.05


Tree=69
num_leaves=31
num_cat=0
split_feature=10 13 12 13 11 11 11 10 10 11 0 11 7 12 10 12 10 8 9 12 10 11 11 11 11 1 3 3 9 10
split_gain=1737.92 783.886 857.812 790.136 765.913 762.588 759.533 959.354 1029.84 714.725 1208.27 1192.45 644.535 657.695 609.753 601.191 541.256 593.762 574.122 688.333 536.77 872.989 546.586 627.859 698.903 479.834 466.687 452.573 686.152 704.889
threshold=0.047320950776338584 81.250000000000014 14.250000000000002 78.250000000000014 -0.97870382666587818 0.6838940978050233 -0.88603779673576344 -0.3334656953811645 -0.23448921740055081 -0.70250144600868214 3.4828147888183598 -0.62538740038871754 31.278440475463871 15.750000000000002 -0.04732095077633857 18.750000000000004 -0.61188074946403492 0.10747056826949121 29.148283004760746 16.250000000000004 -0.81403854489326466 0.61864846944808971 -0.49749487638473505 -0.32533003389835352 -0.29258950054645533 31.058892250061039 28.903627395629886 34.256374359130866 33.419498443603523 -0.08167563751339911
decision_type=2 2 2 2 2 2 2 2 2 2 2 2 2 2 2 2 2 2 2 2 2 2 2 2 2 2 2 2 2 2
left_child=4 2 3 -2 14 25 7 -6 12 10 16 -11 13 -9 27 -7 18 -18 -8 -20 22 -22 -13 -24 -25 -4 -21 28 -1 -30
right_child=1 -3 5 -5 6 15 9 8 -10 11 -12 20 -14 -15 -16 -17 17 -19 19 26 21 -23 23 24 -26 -27 -28 -29 29 -31
leaf_value=-0.035441780306678994 -0.0097111544645526512 -0.0047620681827455578 0.041146938495369205 0.0091962483940564842 0.02603166426271062 0.005935792176740274 0.014391924022470345 0.0031936025294517639 0.034512261285356428 0.025180958751007038 -0.039332204021801348 0.018200443470902727 0.01149460910208013 -0.05189060562858179 -0.0023670828422218682 -0.01577939540529719 0.029175423706083267 -0.0099951055958037646 -0.003102128765062146 0.023598974422107337 -0.031942207295116806 -0.0060687847059455067 -0.01614068281025182 0.038075425103215106 -0.00069925006018203742 0.011758890687311601 -0.06967973566060448 -0.065176567939888089 0.031610576026527594 -0.044712993205783681
leaf_weight=3313 13200 18480 1431 9504 4824 11880 892 813 1206 3618 3785 3618 1180 1625 3618 4356 1805 2085 1049 153 3618 32964 6633 1206 31959 47277 1085 741 923 450
leaf_count=3313 13200 18480 1431 9504 4824 11880 892 813 1206 3618 3785 3618 1180 1625 3618 4356 1805 2085 1049 153 3618 32964 6633 1206 31959 47277 1085 741 923 450
internal_value=9.17152e-12 0.00459633 0.00656949 -0.00179643 -0.00431059 0.00949416 -0.00309818 0.010265 -0.00550174 -0.00446293 -0.0165339 -0.00289602 -0.0188397 -0.0335217 -0.0182668 0.000109766 -0.00432686 0.00818042 -0.0196315 -0.0329016 -0.00416584 -0.00862769 -0.000406309 -0.00209783 0.000710738 0.0126223 -0.0581518 -0.0288665 -0.0231248 0.00659557
internal_weight=219291 106128 87648 22704 113163 64944 104118 9648 4824 94470 10854 83616 3618 2438 9045 16236 7069 3890 3179 2287 79998 36582 43416 39798 33165 48708 1238 5427 4686 1373
internal_count=219291 106128 87648 22704 113163 64944 104118 9648 4824 94470 10854 83616 3618 2438 9045 16236 7069 3890 3179 2287 79998 36582 43416 39798 33165 48708 1238 5427 4686 1373
is_linear=0
shrinkage=0.05


Tree=70
num_leaves=31
num_cat=0
split_feature=10 11 10 10 11 11 11 10 9 5 7 11 13 12 11 12 11 11 11 10 9 5 10 9 10 10 5 13 1 13
split_gain=1580.03 1111.77 808.808 757.3 769.622 486.72 857.137 558.839 482.76 467.832 437.354 439.491 414.552 1432.77 821.726 710.786 543.011 470.444 631.362 519.276 788.077 740.483 676.175 765.536 448.063 421.59 411.566 400.949 389.177 416.878
threshold=0.60505047440528881 -0.70250144600868214 0.89391031861305248 0.99628895521163952 -0.021515300963073965 0.16704543679952624 0.081673368811607375 0.98801350593566906 40.088357925415046 41.418684005737312 28.20866680145264 0.54882264137268078 78.750000000000014 17.250000000000004 -0.15855351090431211 15.250000000000002 0.75546532869339 -0.12447465583682059 1.0000000180025095e-35 -0.012910176534205673 34.457607269287116 32.829870223999031 -0.11593352630734442 33.528522491455085 0.28435654938220983 -0.98801350593566883 36.631889343261726 82.750000000000014 40.282957077026374 83.750000000000014
decision_type=2 2 2 2 2 2 2 2 2 2 2 2 2 2 2 2 2 2 2 2 2 2 2 2 2 2 2 2 2 2
left_child=12 27 9 5 -5 6 7 8 -4 10 11 -3 15 14 -14 -1 28 19 -19 21 24 22 25 -24 -21 -17 -7 -2 29 -15
right_child=1 2 3 4 -6 26 -8 -9 -10 -11 -12 -13 13 16 -16 17 -18 18 -20 20 -22 -23 23 -25 -26 -27 -28 -29 -30 -31
leaf_value=-0.010974867342307383 0.033755614127608906 -0.0819729423255358 0.014986841767639711 -0.027851665347892286 0.0086106709957645602 0.0090575342088933791 0.043093892593699536 -0.0082096538301068382 0.050998699357044611 0.03357630453147966 -0.0039632179145250431 0.049216873393196164 0.018141460859147848 -0.0044217583980157554 0.0008876754129941649 -0.06036362622497065 -0.01332638986350166 0.037953662037898545 0.0016027644573689216 0.034975471211024199 -0.008818642986907637 -0.03720042708505502 -0.12711097945463021 0.0076679073534505343 -0.017609256375705925 -0.0032299474892539433 -0.020376366654036155 -0.021097919995113949 0.03549321849171045 0.014506786481153817
leaf_weight=32340 4464 71 9826 2412 3618 8880 3015 2412 1028 910 25521 633 12960 29924 14760 332 14679 1260 22980 2251 4275 2420 243 186 494 11759 1371 360 685 3222
leaf_count=32340 4464 71 9826 2412 3618 8880 3015 2412 1028 910 25521 633 12960 29924 14760 332 14679 1260 22980 2251 4275 2420 243 186 494 11759 1371 360 685 3222
internal_value=-8.20603e-12 0.00657332 0.00470756 0.0100204 -0.00597426 0.0136555 0.0190292 0.0135599 0.0183976 -0.00166783 -0.00289079 0.0359861 -0.00274031 -0.000113677 0.00895438 -0.00528968 -0.00529542 -0.00131005 0.00349229 -0.00661099 0.00460557 -0.0118814 -0.00698749 -0.0686754 0.0255121 -0.00479875 0.00512095 0.0296621 -0.00181085 -0.00258178
internal_weight=219291 64521 59697 32562 6030 26532 16281 13266 10854 27135 26225 704 154770 76230 27720 78540 48510 46200 24240 21960 7020 14940 12520 429 2745 12091 10251 4824 33831 33146
internal_count=219291 64521 59697 32562 6030 26532 16281 13266 10854 27135 26225 704 154770 76230 27720 78540 48510 46200 24240 21960 7020 14940 12520 429 2745 12091 10251 4824 33831 33146
is_linear=0
shrinkage=0.05


Tree=71
num_leaves=31
num_cat=0
split_feature=10 13 12 13 10 11 3 12 11 3 5 10 10 11 10 5 6 11 11 9 13 10 10 9 11 11 1 7 11 9
split_gain=1452.54 692.342 824.319 880.203 691.679 652.275 614.332 561.524 545.928 628.768 440.461 685.856 601.801 422.979 887.1 1045.8 849.562 790.12 632.257 705.766 452.428 673.048 405.313 396.936 394.098 383.188 549.64 621.314 634.198 550.796
threshold=0.047320950776338584 80.750000000000014 14.750000000000002 77.250000000000014 -0.11593352630734442 0.6838940978050233 31.934121131896976 16.750000000000004 0.98662140965461742 30.162026405334476 31.704400062561039 0.68391311168670665 0.72066047787666332 0.77756834030151378 -0.58429276943206776 31.343531608581547 0.15877594053745273 0.72064045071601879 0.56312987208366405 29.105797767639164 76.750000000000014 -0.72660079598426808 0.63209757208824169 29.271014213562015 -0.95234230160713185 -0.99862980842590321 34.326354980468757 33.421787261962898 0.9937097728252412 27.149890899658207
decision_type=2 2 2 2 2 2 2 2 2 2 2 2 2 2 2 2 2 2 2 2 2 2 2 2 2 2 2 2 2 2
left_child=4 2 3 -2 8 6 -4 -7 13 -10 22 -12 -13 17 15 16 -15 18 20 -20 21 -1 -9 -22 -5 -6 27 28 -27 -30
right_child=1 -3 5 24 25 7 -8 10 9 -11 11 12 -14 14 -16 -17 -18 -19 19 -21 23 -23 -24 -25 -26 26 -28 -29 29 -31
leaf_value=-0.0015664732846234362 -0.013133453130858603 -0.0036555473179238477 0.039720860828183241 0.02995514774200464 -0.002298628978336931 0.014138825372216038 0.01148529057431077 -0.0065230769278042545 0.011437371342523048 0.090692860259849128 -0.014440997275422611 -0.15077145596217251 -0.012687328308680676 0.0061792268953003741 -0.0063631865680730182 -0.11208626897235008 -0.076135546551523492 0.023514021454924552 -0.050225007286108597 -0.0093894479591519111 0.0099643465359386934 -0.026490764600965517 0.025513313035593767 -0.0011402438443666315 0.0034231614440105545 -0.054334873663257649 -0.075785577888018457 0.028036879880535184 -0.08373413081862964 -0.011649302388186379
leaf_weight=8058 9504 22176 2023 1530 3618 4884 40349 6293 1509 300 1449 194 133 907 16281 423 479 3015 1287 5949 9590 4080 1171 50029 16422 1317 448 647 280 4946
leaf_count=8058 9504 22176 2023 1530 3618 4884 40349 6293 1509 300 1449 194 133 907 16281 423 479 3015 1287 5949 9590 4080 1171 50029 16422 1317 448 647 280 4946
internal_value=8.03111e-12 0.00420204 0.00627763 -0.000829466 -0.00394081 0.00973155 0.0128334 0.000426105 -0.00264166 0.0245809 -0.00682205 -0.0292016 -0.0946088 -0.00313364 -0.0100539 -0.0432708 -0.0222687 -0.0016071 -0.00256592 -0.0166525 -0.00114542 -0.00994439 -0.001497 0.000645982 0.00568441 -0.0157028 -0.0220521 -0.0187041 -0.023326 -0.0155115
internal_weight=219291 106128 83952 27456 113163 56496 42372 14124 101907 1809 9240 1776 327 100098 18090 1809 1386 82008 78993 7236 71757 12138 7464 59619 17952 11256 7638 7190 6543 5226
internal_count=219291 106128 83952 27456 113163 56496 42372 14124 101907 1809 9240 1776 327 100098 18090 1809 1386 82008 78993 7236 71757 12138 7464 59619 17952 11256 7638 7190 6543 5226
is_linear=0
shrinkage=0.05


Tree=72
num_leaves=31
num_cat=0
split_feature=10 11 10 10 11 11 11 10 5 9 3 9 13 12 11 12 5 11 11 10 11 10 7 11 10 3 9 12 1 5
split_gain=1322.57 993.571 797.955 683.397 694.584 439.331 773.412 504.352 429.997 426.661 383.011 360.788 354.033 1257.46 652.359 644.766 548.463 444.326 438.755 401.604 443.515 723.284 537.386 470.177 507.438 504.238 467.986 393.386 374.296 370.449
threshold=0.5772862732410432 -0.70250144600868214 0.89391031861305248 0.99628895521163952 -0.021515300963073965 0.16704543679952624 0.081673368811607375 0.98801350593566906 41.925495147705085 40.088357925415046 35.782617568969734 28.491013526916507 78.750000000000014 17.250000000000004 -0.80389818549156178 15.250000000000002 41.418684005737312 -0.99626126885414112 0.75546532869339 -0.99466162919998158 0.20088311284780505 -0.012910176534205673 32.789827346801765 -0.15855351090431211 -0.3334656953811645 27.379680633544925 29.457793235778812 18.750000000000004 34.25593566894532 29.71693325042725
decision_type=2 2 2 2 2 2 2 2 2 2 2 2 2 2 2 2 2 2 2 2 2 2 2 2 2 2 2 2 2 2
left_child=12 -2 8 5 -5 6 7 9 11 -4 -7 -3 15 14 17 -1 19 -14 -15 -17 21 22 23 24 -21 -26 -23 -28 -16 -27
right_child=1 2 3 4 -6 10 -8 -9 -10 -11 -12 -13 13 18 28 16 -18 -19 -20 20 -22 26 -24 -25 25 29 27 -29 -30 -31
leaf_value=-0.010405634678674704 0.025218637979266486 0.026658911405042549 0.014033595544646379 -0.026696738417811755 0.0079424811256961284 0.010837958995913373 0.040698732120543063 -0.0080368274962437838 0.039332273728271458 0.047888491651204561 -0.010410456729511276 -0.0041992118179314175 -0.0092299952382509896 -0.001886286078197047 0.0054241483225203726 0.020464302062227966 -0.055328789564077364 0.025292336802021309 -0.01234998901356483 0.00039646467388558911 0.0036898372029561264 0.16038288336992082 -0.03093324571298094 -0.037344061524822926 0.024691436642309422 -0.068099038643091914 -0.0012672688891665212 0.026637927959309967 -0.021648566319695823 -0.021077462718767065
leaf_weight=31836 6030 982 9826 2412 3618 7254 3015 2412 610 1028 2997 26749 1080 33453 18030 2160 462 6804 14301 9629 20460 50 3057 1211 408 625 4372 1776 1374 1270
leaf_count=31836 6030 982 9826 2412 3618 7254 3015 2412 610 1028 2997 26749 1080 33453 18030 2160 462 6804 14301 9629 20460 50 3057 1211 408 625 4372 1776 1374 1270
internal_value=3.81263e-12 0.00585843 0.00394158 0.00928098 -0.00591321 0.0127342 0.0178395 0.0126443 -0.00219304 0.01724 0.00462574 -0.00310648 -0.00257369 -0.000127211 0.00843495 -0.00494822 -0.00112802 0.0205633 -0.00501988 -0.000571785 -0.00163198 -0.00649333 -0.0120509 -0.007659 -0.00464621 -0.02573 0.00803285 0.00679383 0.00350713 -0.0365859
internal_weight=219291 66933 60903 32562 6030 26532 16281 13266 28341 10854 10251 27731 152358 75042 27288 77316 45480 7884 47754 45018 42858 22398 16200 13143 11932 2303 6198 6148 19404 1895
internal_count=219291 66933 60903 32562 6030 26532 16281 13266 28341 10854 10251 27731 152358 75042 27288 77316 45480 7884 47754 45018 42858 22398 16200 13143 11932 2303 6198 6148 19404 1895
is_linear=0
shrinkage=0.05


Tree=73
num_leaves=31
num_cat=0
split_feature=10 11 11 10 10 11 0 11 11 5 10 10 11 7 7 12 5 12 10 10 13 12 10 10 12 11 11 9 9 10
split_gain=1205.49 765.451 672.225 843.126 917.981 648.784 1107.97 1058.46 626.342 670.121 627.403 626.831 626.862 589.426 555.109 583.799 526.266 708.703 737.607 868.978 564.795 492.283 478.614 566.01 448.77 485.258 513.906 434.473 399.756 521.646
threshold=0.030120026320219043 -0.97870382666587818 -0.88603779673576344 -0.3334656953811645 -0.23448921740055081 -0.70250144600868214 6.3784387111663827 -0.63872575759887684 -0.99049577116966236 31.963420867919925 0.89773505926132213 0.99628895521163952 -0.021515300963073965 38.870170593261726 31.044465065002445 16.250000000000004 32.426193237304695 16.750000000000004 -0.63874351978301991 -0.58429276943206776 76.750000000000014 19.250000000000004 -0.59817537665367115 -0.63874351978301991 13.750000000000002 0.18399153649806979 0.081673368811607375 34.978593826293952 31.070920944213871 -0.28435654938220972
decision_type=2 2 2 2 2 2 2 2 2 2 2 2 2 2 2 2 2 2 2 2 2 2 2 2 2 2 2 2 2 2
left_child=1 21 3 -3 14 6 16 -7 9 -2 13 24 -13 -10 15 -5 20 -18 -19 -20 -4 -1 23 -22 -12 26 -26 -27 29 -17
right_child=8 2 5 4 -6 7 -8 -9 10 -11 11 12 -14 -15 -16 28 17 18 19 -21 22 -23 -24 -25 25 27 -28 -29 -30 -31
leaf_value=-0.023836342207281216 -0.0081030001986440413 0.024905248225768086 -0.023827404805673549 6.9732267411791741e-05 0.033122088719126738 0.026849570734829683 -0.042072933664697838 -0.0033275646847637065 -0.001266367226658272 0.038558170272808293 -0.0022984620477976346 -0.025361901473767153 0.0075453570483382335 0.012289723131316346 0.0090767637286546122 -0.0044348854362158711 0.0033931093280260868 -0.097655143234378072 0.068647438582359541 -0.043304673712497389 0.018994701357563488 0.0073186686748057872 0.035439035795050512 -0.035639537866381521 0.01581536800631754 0.015646496290823358 0.039257083953583655 -0.0078544387144032102 -0.11189943261242108 -0.070278505978120395
leaf_weight=6888 1110 4824 1293 888 1206 3015 2839 80199 62354 2508 4386 2412 3618 9202 1289 557 1477 465 211 971 1274 1554 1569 755 10521 4555 3006 3461 230 654
leaf_count=6888 1110 4824 1293 888 1206 3015 2839 80199 62354 2508 4386 2412 3618 9202 1289 557 1477 465 211 971 1274 1554 1569 755 10521 4555 3006 3461 230 654
internal_value=5.49874e-12 -0.00362317 -0.00244471 0.0101245 -0.00465633 -0.00373386 -0.0152313 -0.00223419 0.00379311 0.0242426 0.00307837 0.008903 -0.00561755 0.000476927 -0.0172491 -0.0318194 -0.00572375 -0.0217549 -0.0443071 -0.02332 0.00451573 -0.0181013 0.0147013 -0.00133494 0.0122799 0.0152479 0.0210246 0.0054997 -0.0514707 -0.0399937
internal_weight=219291 112158 103716 9648 4824 94068 10854 83214 107133 3618 103515 31959 6030 71556 3618 2329 8015 3124 1647 1182 4891 8442 3598 2029 25929 21543 13527 8016 1441 1211
internal_count=219291 112158 103716 9648 4824 94068 10854 83214 107133 3618 103515 31959 6030 71556 3618 2329 8015 3124 1647 1182 4891 8442 3598 2029 25929 21543 13527 8016 1441 1211
is_linear=0
shrinkage=0.05


Tree=74
num_leaves=31
num_cat=0
split_feature=10 11 12 13 7 10 11 11 1 5 10 4 10 5 7 11 11 7 10 13 11 13 11 11 12 11 12 13 13 9
split_gain=1098.46 931.746 653.839 762.136 603.168 629.192 536.552 432.612 431.291 686.127 579.675 424.682 360.341 375.703 574.263 422.716 352.746 417.183 348.171 346.548 346.54 347.874 946.437 548.241 521.722 482.424 498.398 825.498 432.585 469.053
threshold=0.60505047440528881 -0.71464690566062916 15.250000000000002 79.750000000000014 31.336904525756839 0.89773505926132213 -0.54160776734352101 -0.63872575759887684 31.904052734375004 38.512767791748054 0.7324872910976411 0.21869485825300219 0.68391311168670665 37.76610183715821 32.155460357666023 0.70860043168067943 -0.62538740038871754 39.564310073852546 0.78829774260520946 82.250000000000014 0.99903711676597606 76.750000000000014 -0.12447465583682059 0.3657089769840241 17.250000000000004 0.20088311284780505 16.250000000000004 79.250000000000014 83.250000000000014 39.263370513916023
decision_type=2 2 2 2 2 2 2 2 2 2 2 2 2 2 2 2 2 2 2 2 2 2 2 2 2 2 2 2 2 2
left_child=20 19 6 4 18 8 11 -5 -6 10 12 -3 -10 14 -14 -16 17 -12 -4 -2 21 22 24 25 -1 26 27 -23 29 -28
right_child=1 2 3 7 5 -7 -8 -9 9 -11 16 -13 13 -15 15 -17 -18 -19 -20 -21 -22 23 -24 -25 -26 -27 28 -29 -30 -31
leaf_value=-0.024729997414126351 0.033084398933403501 -0.011022763358283389 0.030973732482782214 0.030231655825231497 0.031701767233596717 0.018338797255302783 -0.00068701369334537741 -0.0024078615852780182 0.0067682067539023526 0.014343774229576074 -0.099998677480965859 -0.055656909824896766 -0.022643842548584044 0.0017781862701545627 -0.097407591299539117 -0.23079703014630537 -0.0022724024766746531 0.027254191005700514 0.088746153558704105 -0.013753179337112249 -0.019670864843280612 0.00095150297083749884 0.0020295428759213138 -0.0049121361758669019 -0.003306697109525151 0.016804189842137631 -0.0054033016414372749 0.021282393786824713 0.012778561414507787 0.016899357445687362
leaf_weight=8052 3780 1573 1288 1080 1048 12720 15921 16920 208 3611 200 806 206 149 249 78 3821 95 327 441 2814 19035 13260 50601 4392 5010 38095 6768 4230 2513
leaf_count=8052 3780 1573 1288 1080 1048 12720 15921 16920 208 3611 200 806 206 149 249 78 3821 95 327 441 2814 19035 13260 50601 4392 5010 38095 6768 4230 2513
internal_value=3.02211e-12 0.00548081 0.0038911 0.00732785 0.0131609 0.0110318 -0.00399651 -0.000449491 0.00141509 -0.00226838 -0.0142513 -0.0261447 -0.0508411 -0.0684111 -0.0880324 -0.129225 -0.00633951 -0.0590189 0.0426713 0.0281909 -0.00228486 -0.00196289 -0.00726491 -0.000883442 -0.0171688 0.00181125 0.000747919 0.0062842 -0.00243805 -0.00402312
internal_weight=219291 64521 60300 42000 24000 22385 18300 18000 9665 8617 5006 2379 890 682 533 327 4116 295 1615 4221 154770 151956 25704 126252 12444 75651 70641 25803 44838 40608
internal_count=219291 64521 60300 42000 24000 22385 18300 18000 9665 8617 5006 2379 890 682 533 327 4116 295 1615 4221 154770 151956 25704 126252 12444 75651 70641 25803 44838 40608
is_linear=0
shrinkage=0.05


Tree=75
num_leaves=31
num_cat=0
split_feature=10 11 11 7 11 0 11 11 5 10 10 13 12 10 11 13 11 5 0 5 12 10 10 12 10 9 3 12 9 7
split_gain=1015.57 687.746 610.053 771.183 581.619 1021.52 958.12 581.038 594.758 574.123 1307.63 546.322 565.437 638.845 875.06 541.75 536.098 778.54 596.766 450.712 627.647 649.308 693.54 442.071 423.885 588.49 824.074 418.394 445.487 561.661
threshold=0.030120026320219043 -0.97870382666587818 -0.88603779673576344 32.123796463012702 -0.70250144600868214 1.6010481119155886 -0.63872575759887684 -0.99049577116966236 31.963420867919925 -0.30081701278686518 -0.23448921740055081 81.750000000000014 13.750000000000002 0.60505047440528881 -0.71464690566062916 77.250000000000014 -0.55599683523178089 36.550565719604499 0.11522935330867769 32.159183502197273 17.250000000000004 -0.63874351978301991 -0.58429276943206776 19.250000000000004 0.81403854489326488 39.123777389526374 39.41383361816407 17.250000000000004 39.123777389526374 42.766292572021491
decision_type=2 2 2 2 2 2 2 2 2 2 2 2 2 2 2 2 2 2 2 2 2 2 2 2 2 2 2 2 2 2
left_child=1 23 3 9 5 19 -6 8 -2 -3 -11 12 15 27 -15 -9 17 -16 -18 -4 -21 -22 -23 -1 -19 -26 -27 -14 -29 -30
right_child=7 2 4 -5 6 -7 -8 11 -10 10 -12 -13 13 14 16 -17 18 24 -20 20 21 22 -24 -25 25 26 -28 28 29 -31
leaf_value=-0.022483832104864231 -0.0072949816164091814 0.013234573106276621 0.011836287824082491 0.034433895151535505 0.025654190598563421 -0.031558889203789062 -0.0030569178869773476 -0.015707625587688449 0.03666416056725446 -0.039119513812122676 0.03160575860956142 -0.0062358258983427652 0.0066048778962838565 0.036361974710262084 -0.053626383699884178 0.0026959981409783798 0.0081981365544212693 0.0083421863281537053 0.031102183605945934 0.0051112151849795028 -0.099170186054149609 0.077843074078861582 -0.040343129722246053 0.0070395767717171473 0.014848988276892617 -0.18487560248174589 -0.027554334716750346 -0.0098835190879907834 0.026741677290080368 -0.032613884781278295
leaf_weight=6888 1110 4330 3290 2385 3015 4797 80199 6180 2508 1950 983 14420 12998 2919 768 11330 33589 3500 3107 1579 359 152 677 1554 340 119 277 11610 1850 508
leaf_count=6888 1110 4330 3290 2385 3015 4797 80199 6180 2508 1950 983 14420 12998 2919 768 11330 33589 3500 3107 1579 359 152 677 1554 340 119 277 11610 1850 508
internal_value=-1.7288e-12 -0.00332554 -0.0022085 0.00976533 -0.00343658 -0.0143227 -0.00201666 0.00348152 0.0231775 0.00166475 -0.0154158 0.00279312 0.00425445 0.00622445 0.00989647 -0.0037994 0.00804389 -0.00730845 0.0101374 -0.000671992 -0.0155445 -0.0429985 -0.0186733 -0.0170492 0.00108913 -0.0334023 -0.0748302 0.000148587 -0.00585935 0.0139543
internal_weight=219291 112158 103716 9648 94068 10854 83214 107133 3618 7263 2933 103515 89095 71585 44619 17510 41700 5004 36696 6057 2767 1188 829 8442 4236 736 396 26966 13968 2358
internal_count=219291 112158 103716 9648 94068 10854 83214 107133 3618 7263 2933 103515 89095 71585 44619 17510 41700 5004 36696 6057 2767 1188 829 8442 4236 736 396 26966 13968 2358
is_linear=0
shrinkage=0.05


Tree=76
num_leaves=31
num_cat=0
split_feature=10 7 10 11 9 10 10 9 1 10 6 10 10 3 11 11 10 5 11 7 13 11 12 11 13 11 12 9 13 12
split_gain=925.685 566.422 553.167 565.886 386.071 376.69 1013.61 835.489 605.545 605.015 461.878 383.557 875.971 686.864 329.253 684.465 427.508 364.307 313.624 302.35 297.542 1058.29 551.978 480.298 591.423 438.719 420.14 399.926 459.408 953.14
threshold=0.89391031861305248 38.870170593261726 0.99628895521163952 -0.021515300963073965 41.939998626708991 0.49002411961555487 0.54883790016174328 41.052133560180671 40.093946456909187 0.34964421391487127 0.12394945323467256 0.81403854489326488 0.83354803919792186 39.41383361816407 0.16704543679952624 0.081673368811607375 0.98801350593566906 36.631889343261726 0.99903711676597606 35.782991409301765 76.750000000000014 -0.12447465583682059 16.250000000000004 0.3657089769840241 81.750000000000014 0.20088311284780505 12.750000000000002 28.491013526916507 78.750000000000014 16.750000000000004
decision_type=2 2 2 2 2 2 2 2 2 2 2 2 2 2 2 2 2 2 2 2 2 2 2 2 2 2 2 2 2 2
left_child=1 18 4 -4 14 9 7 8 -7 -3 -10 -8 13 -13 15 16 19 -16 20 -2 21 22 -1 25 -25 27 -23 -22 -29 -30
right_child=2 5 3 -5 -6 6 11 -9 10 -11 -12 12 -14 -15 17 -17 -18 -19 -20 -21 23 26 -24 24 -26 -27 -28 28 29 -31
leaf_value=-0.025041029908654595 -0.0021416331759340395 -0.017257099599419234 -0.024650206636877281 0.006615645606214908 0.11484914093874815 -0.047851473071193196 0.023278203614318919 -0.099623224572106095 0.016986660213971681 0.045549784047247327 0.1766939281371602 -0.16190092569837969 0.012206942868955508 -0.025172187506440187 0.0072278322652800028 0.03646666374982193 -0.0090019178446011979 -0.020464648400820309 -0.018535953049578276 0.018577902626111087 0.013595938328793078 -0.019687104445368395 -0.0048525775052478404 -0.0018518652147289181 -0.014705480231835062 0.016116826258032322 0.0054494230390297891 -0.0052222470246157237 0.014193898432322544 -0.001956055789340039
leaf_weight=7902 2217 512 2412 3618 89 371 3666 378 220 1527 57 132 1841 302 8880 3015 2405 1371 2814 8555 5685 1884 5924 53376 10752 5010 14130 27572 13250 29424
leaf_count=7902 2217 512 2412 3618 89 371 3666 378 220 1527 57 132 1841 302 8880 3015 2405 1371 2814 8555 5685 1884 5924 53376 10752 5010 14130 27572 13250 29424
internal_value=3.9962e-12 -0.00135657 0.00777932 -0.0058907 0.0108861 0.0108766 0.00534464 -0.0405476 -0.00608685 0.0297788 0.0498506 0.0132701 -0.00285712 -0.0667579 0.0105362 0.0149755 0.0100582 0.00352416 -0.00197648 0.0143136 -0.00171006 -0.00625707 -0.0163909 -0.000774762 -0.00400696 0.00178605 0.00249218 0.00084049 -0.000191806 0.0030584
internal_weight=219291 186729 32562 6030 26532 9006 6967 1026 648 2039 277 5941 2275 434 26443 16192 13177 10251 177723 10772 174909 29840 13826 145069 64128 80941 16014 75931 70246 42674
internal_count=219291 186729 32562 6030 26532 9006 6967 1026 648 2039 277 5941 2275 434 26443 16192 13177 10251 177723 10772 174909 29840 13826 145069 64128 80941 16014 75931 70246 42674
is_linear=0
shrinkage=0.05


Tree=77
num_leaves=31
num_cat=0
split_feature=10 10 11 3 13 12 13 11 3 12 11 11 9 11 12 11 10 5 6 11 11 9 10 10 10 0 10 12 10 7
split_gain=885.409 693.667 504.281 560.637 472.305 627.073 668.188 486.887 753.221 463.662 379.631 452.752 347.811 540.97 387.812 346.848 800.608 948.903 803.813 729.739 551.829 628.093 366.461 1037.86 645.901 979.829 682.28 543.644 501.441 548.792
threshold=0.012910176534205677 -0.11593352630734442 0.98662140965461742 30.320503234863285 80.750000000000014 14.750000000000002 77.250000000000014 0.70860043168067943 31.900545120239261 16.750000000000004 0.99548450112342846 0.96897393465042125 31.128382682800297 0.39752808213233953 19.250000000000004 0.77756834030151378 -0.58429276943206776 31.13902568817139 0.27881722152233129 0.72064045071601879 0.56312987208366405 29.105797767639164 -0.30081701278686518 -0.42888796329498285 -0.71466678380966175 7.1683132648468026 -0.7721494436264037 19.250000000000004 -0.61188074946403492 28.846769332885746
decision_type=2 2 2 2 2 2 2 2 2 2 2 2 2 2 2 2 2 2 2 2 2 2 2 2 2 2 2 2 2 2
left_child=1 2 15 -4 5 6 -2 8 -7 -9 11 -6 -10 14 -14 19 17 18 -17 20 22 -22 23 24 26 28 27 -1 29 -26
right_child=4 -3 3 -5 10 7 -8 9 12 -11 -12 -13 13 -15 -16 16 -18 -19 -20 -21 21 -23 -24 -25 25 -27 -28 -29 -30 -31
leaf_value=-0.0028432627323165243 -0.011833505102270795 -0.016409618351978548 0.012492452087915438 0.090369361415779337 -0.0024842260899897821 0.037768758760566082 0.004393966039089375 0.012294006164865942 0.039570101854778592 -0.0068255228395083765 0.041651131722532334 -0.034917573127574014 0.0079445399677192125 -0.0065486000695565427 0.021358120701088182 0.0080382327995041827 -0.0051949133134484441 -0.10245227974872045 -0.073836308535300446 0.023090044358404661 -0.046804994088380507 -0.0082820090547300589 -0.011842623135963432 0.022810176091098672 0.015563151794707492 -0.037261086320901533 0.024325889676439023 0.011302004885948159 0.0056775982813118617 -0.02942720985499897
leaf_weight=36900 9702 9045 1537 272 21042 2393 18326 4847 905 9170 462 1134 28334 5370 6654 902 16281 458 449 3015 1287 5949 6633 4824 903 2850 3015 8325 5589 2718
leaf_count=36900 9702 9045 1537 272 21042 2393 18326 4847 905 9170 462 1134 28334 5370 6654 902 16281 458 449 3015 1287 5949 6633 4824 903 2850 3015 8325 5589 2718
internal_value=-2.53092e-12 -0.00313947 -0.00196165 0.024202 0.00321519 0.00491193 -0.00122324 0.00789351 0.0104967 -0.000214097 -0.00320818 -0.00414275 0.00891507 0.00822765 0.0104955 -0.00243448 -0.00870114 -0.0402571 -0.0191725 -0.00105213 -0.00197359 -0.0151337 -0.000646517 0.000493827 -0.00129148 -0.0116411 0.00129592 -0.000239407 -0.00371309 -0.0182076
internal_weight=219291 110952 101907 1809 108339 85701 28028 57673 43656 14017 22638 22176 41263 40358 34988 100098 18090 1809 1351 82008 78993 7236 71757 65124 60300 12060 48240 45225 9210 3621
internal_count=219291 110952 101907 1809 108339 85701 28028 57673 43656 14017 22638 22176 41263 40358 34988 100098 18090 1809 1351 82008 78993 7236 71757 65124 60300 12060 48240 45225 9210 3621
is_linear=0
shrinkage=0.05


Tree=78
num_leaves=31
num_cat=0
split_feature=10 11 11 11 11 11 7 13 12 10 11 10 13 11 5 0 10 10 5 11 11 7 11 11 9 10 11 9 10 12
split_gain=799.512 574.16 474.811 517.495 529.44 1116 583.124 451.873 501.684 465.475 759.928 449.597 444.093 443.906 837.875 480.766 418.978 640.764 815.393 1091.34 1016.18 806.714 637.77 580.951 567.788 559.169 550.621 502.619 598.384 470.955
threshold=0.047320950776338584 -0.99049577116966236 -0.97870382666587818 -0.97106409072875965 -0.95234230160713185 -0.90146830677986134 31.69835186004639 81.250000000000014 13.750000000000002 0.60505047440528881 -0.72658059000968922 -0.04732095077633857 78.250000000000014 -0.55599683523178089 36.713724136352546 0.13205479085445407 -0.66484925150871266 -0.59817537665367115 31.343531608581547 -0.77212798595428456 -0.77212798595428456 30.215759277343754 0.72064045071601879 0.56312987208366405 29.025920867919925 -0.61188074946403492 0.74407637119293224 28.844351768493656 -0.63874351978301991 14.250000000000002
decision_type=2 2 2 2 2 2 2 2 2 2 2 2 2 2 2 2 2 2 2 2 2 2 2 2 2 2 2 2 2 2
left_child=2 -2 11 -4 6 -6 -5 8 12 -10 -11 -1 -3 14 -12 -15 22 18 20 21 -18 -20 23 -7 -25 26 29 28 -22 -21
right_child=1 7 3 4 5 16 -8 -9 9 10 13 -13 -14 15 -16 -17 17 -19 19 25 27 -23 -24 24 -26 -27 -28 -29 -30 -31
leaf_value=-0.023014063460248813 0.024624745946507931 -0.010228299994209468 0.030593521384928518 -0.040274840451826388 0.021669667299245292 0.00076854537651262005 0.015407456714492583 -0.0047197909528489332 0.00059610225304310225 0.036635009724407822 -0.052183684507908772 -0.0002593323432000531 0.0059826551269231238 0.0078179033745312786 0.0026690873405554268 0.029411945265795061 -0.050834314844385081 -0.004243729716073257 -0.17717848632295252 -0.0033154032161819337 0.013283778706245024 0.015629888230682606 0.03561253399448875 -0.045387335265612505 -0.008051154912849863 -0.1659398974971725 -0.02107409003184902 0.018645754564882305 -0.071929972354825067 -0.11327278309612694
leaf_weight=5427 3015 10260 1206 1772 4824 50652 640 17955 25344 2376 830 3618 7182 32045 4318 2803 1076 30552 59 119 433 674 1206 1226 6010 154 442 2144 393 536
leaf_count=5427 3015 10260 1206 1772 4824 50652 640 17955 25344 2376 830 3618 7182 32045 4318 2803 1076 30552 59 119 433 674 1206 1226 6010 154 442 2144 393 536
internal_value=3.98999e-12 0.00311752 -0.00292371 -0.00196912 -0.00235071 -0.00179513 -0.0255001 0.00248865 0.00400851 0.00595622 0.00916227 -0.0139122 -0.0035532 0.00753023 -0.0061747 0.00955482 -0.00297823 -0.00718357 -0.0220788 -0.0483353 -0.00920362 0.000110524 -0.000374915 -0.00112465 -0.014377 -0.0767212 -0.0641964 0.00587875 -0.0272598 -0.0932958
internal_weight=219291 106128 113163 104118 102912 100500 2412 103113 85158 67716 42372 9045 17442 39996 5148 34848 95676 36582 6030 1984 4046 733 59094 57888 7236 1251 1097 2970 826 655
internal_count=219291 106128 113163 104118 102912 100500 2412 103113 85158 67716 42372 9045 17442 39996 5148 34848 95676 36582 6030 1984 4046 733 59094 57888 7236 1251 1097 2970 826 655
is_linear=0
shrinkage=0.05


Tree=79
num_leaves=31
num_cat=0
split_feature=10 10 11 9 11 11 10 10 9 10 10 10 9 1 1 12 9 6 13 13 10 9 10 7 13 11 11 12 13 12
split_gain=737.358 507.147 510.738 450.498 341.452 566.23 431.08 352.087 333.544 323.385 681.463 627.039 1228.01 594.734 422.009 349.16 313.316 306.865 293.532 283.411 268.721 623.234 529.587 304.728 266.48 923.14 578.494 552.209 554.132 517.141
threshold=0.89773505926132213 0.99628895521163952 -0.021515300963073965 39.123777389526374 0.16704543679952624 0.081673368811607375 0.98801350593566906 0.94970905780792247 41.939998626708991 0.49002411961555487 0.36571913957595831 0.56314551830291759 40.756444931030281 39.904392242431648 42.766292572021491 14.750000000000002 35.54430007934571 0.13190586119890216 77.750000000000014 77.750000000000014 -0.99865758419036854 30.898590087890629 -0.99984258413314808 30.523880958557132 77.250000000000014 0.20088311284780505 -0.48248986899852747 17.250000000000004 79.250000000000014 13.250000000000002
decision_type=2 2 2 2 2 2 2 2 2 2 2 2 2 2 2 2 2 2 2 2 2 2 2 2 2 2 2 2 2 2
left_child=3 4 -3 20 5 6 8 16 -2 10 -5 12 13 19 15 -13 -6 -15 -14 -11 21 22 23 -1 25 -22 27 28 -26 -27
right_child=1 2 -4 9 7 -7 -8 -9 -10 11 -12 14 18 17 -16 -17 -18 -19 -20 -21 24 -23 -24 -25 26 29 -28 -29 -30 -31
leaf_value=0.0043861457469816113 0.013725016859227862 -0.023863399569626069 0.005839906142153589 -0.019789377147984268 0.018505290637479327 0.034170128083997817 -0.0089584738689064119 -0.0057753469495761363 0.11497234129687635 -0.11317222375008795 0.045439761466371117 -0.086121424768186572 -0.13456174745911459 0.044125704773310404 0.054519292952832789 0.0092756963424169402 -0.015618883821010213 0.16612361687071184 -0.057005265387935482 -0.00078823476971134432 -0.012355965803537219 -0.007774732965422815 0.048575138574434906 -0.10678105241117569 0.0032198326404352276 -0.014606630699361807 -0.003474169524429427 -0.0016662264670951365 0.019159056879861847 0.0055812979200793571
leaf_weight=294 10169 2412 3618 551 4016 3015 2412 5427 82 72 1465 98 183 213 526 4512 808 68 366 254 22872 1918 1328 78 15373 3852 80902 25981 8450 17976
leaf_count=294 10169 2412 3618 551 4016 3015 2412 5427 82 72 1465 98 183 213 526 4512 808 68 366 254 22872 1918 1328 78 15373 3852 80902 25981 8450 17976
internal_value=6.56249e-13 0.00701953 -0.00604142 -0.00119754 0.010057 0.0146966 0.01006 0.00296111 0.0145349 0.0101844 0.0276118 0.00460061 -0.0286697 0.0203403 0.012089 0.00724773 0.0127896 0.0736483 -0.0828574 -0.0256092 -0.00172574 0.0117624 0.0338049 -0.0189231 -0.00200396 -0.00533649 -0.000864268 0.00337528 0.00887346 0.00201872
internal_weight=219291 31959 6030 187332 25929 15678 12663 10251 10251 8308 2016 6292 1156 607 5136 4610 4824 281 549 326 179024 3618 1700 372 175406 44700 130706 49804 23823 21828
internal_count=219291 31959 6030 187332 25929 15678 12663 10251 10251 8308 2016 6292 1156 607 5136 4610 4824 281 549 326 179024 3618 1700 372 175406 44700 130706 49804 23823 21828
is_linear=0
shrinkage=0.05


Tree=80
num_leaves=31
num_cat=0
split_feature=10 10 11 10 11 12 10 9 11 5 5 13 10 5 12 7 1 13 12 13 11 3 11 10 3 1 11 7 10 10
split_gain=675.718 602.7 472.073 441.234 968.106 453.736 747.714 718.807 667.469 600.925 518.064 442.079 418.143 491.689 432.529 408.336 408.932 403.349 572.212 725.628 457.476 796.411 436.678 432.607 730.557 401.824 397.411 429.727 408.884 712.508
threshold=0.012910176534205677 -0.11593352630734442 0.97690230607986461 -0.30901412665843958 -0.90146830677986134 15.250000000000002 -0.50495636463165272 27.648724555969242 0.3657089769840241 33.817344665527351 27.47375583648682 79.250000000000014 -0.25118774175643915 33.69520568847657 16.750000000000004 28.892757415771488 29.652140617370609 80.250000000000014 15.250000000000002 77.250000000000014 0.78827583789825451 31.802974700927738 -0.021515300963073965 0.54883790016174328 30.562795639038089 26.945723533630375 0.39752808213233953 31.666099548339847 0.7324872910976411 0.68391311168670665
decision_type=2 2 2 2 2 2 2 2 2 2 2 2 2 2 2 2 2 2 2 2 2 2 2 2 2 2 2 2 2 2
left_child=1 2 3 4 15 6 8 25 11 -9 -8 -6 14 -14 -5 16 -1 18 19 22 21 -20 -2 -22 -25 -7 -23 -28 29 -29
right_child=17 -3 -4 12 5 7 10 9 -10 -11 -12 -13 13 -15 -16 -17 -18 -19 20 -21 23 26 -24 24 -26 -27 27 28 -30 -31
leaf_value=0.030379033842177411 -0.020691902545152643 -0.015112094478658668 0.016092676010332811 -0.0062301088826789523 -0.0030456868963506219 -0.055057403020906143 0.0035703718574914322 -0.00027692786499284027 -0.017373052929641652 -0.029159371067184376 -0.043018725281773119 0.018543129271723056 0.00096464022363145516 -0.047685110671806738 -0.03845279444204007 0.029564622493213677 -0.026163281147825873 -0.0024930000993903098 0.035377747115920975 0.0048539892129559666 0.0025801038493538293 0.010728506644569882 -0.0010494615039240555 -0.10354809555630724 -0.00999830372107521 0.028728083209367952 0.029320102164371933 0.023466548990094808 -0.0041673585379012916 -0.094616496074494183
leaf_weight=541 5607 9045 3618 1869 12054 151 805 53210 7137 1864 2306 2952 5456 574 2352 3501 782 26950 2964 21560 8550 29857 5712 258 1092 2735 847 205 4398 339
leaf_count=541 5607 9045 3618 1869 12054 151 805 53210 7137 1864 2306 2952 5456 574 2352 3501 782 26950 2964 21560 8550 29857 5712 258 1092 2735 847 205 4398 339
internal_value=8.28761e-12 -0.00274263 -0.00164475 -0.00229766 -0.00115452 -0.00241693 -0.00801029 2.01732e-05 -0.00478548 -0.00125446 -0.0309634 0.00120129 -0.0121152 -0.00366636 -0.024185 0.0206221 -0.00304205 0.00280878 0.00456434 -0.000528058 0.00801585 0.0104746 -0.0107796 -0.0015731 -0.0278767 0.0243443 0.00840383 -0.00358581 -0.00922549 -0.0501183
internal_weight=219291 110952 101907 98289 88038 83214 25254 57960 22143 55074 3111 15006 10251 6030 4221 4824 1323 108339 81389 32879 48510 38610 11319 9900 1350 2886 35646 5789 4942 544
internal_count=219291 110952 101907 98289 88038 83214 25254 57960 22143 55074 3111 15006 10251 6030 4221 4824 1323 108339 81389 32879 48510 38610 11319 9900 1350 2886 35646 5789 4942 544
is_linear=0
shrinkage=0.05


Tree=81
num_leaves=31
num_cat=0
split_feature=10 10 11 9 11 11 10 5 7 10 10 10 10 9 1 1 12 6 13 12 13 4 11 10 10 13 11 12 11 13
split_gain=629.049 459.615 462.845 373.275 309.499 506.382 389.05 335.579 303.879 406.163 293.833 615.669 563.601 1111.11 535.841 379.693 313.674 277.194 270.612 263.387 257.998 254.218 252.708 247.032 314.117 239.078 901.297 442.728 371.967 507.02
threshold=0.89773505926132213 0.99628895521163952 0.030119189061224464 39.123777389526374 0.16704543679952624 0.081673368811607375 0.98801350593566906 36.631889343261726 40.089426040649421 0.93535929918289196 0.49002411961555487 0.36571913957595831 0.56314551830291759 40.756444931030281 39.904392242431648 42.766292572021491 14.750000000000002 0.13190586119890216 78.250000000000014 19.250000000000004 78.250000000000014 0.34744115173816686 0.99903711676597606 0.96683886647224437 0.95747631788253795 76.750000000000014 -0.12447465583682059 16.250000000000004 0.3657089769840241 81.750000000000014
decision_type=2 2 2 2 2 2 2 2 2 2 2 2 2 2 2 2 2 2 2 2 2 2 2 2 2 2 2 2 2 2
left_child=3 4 19 22 5 6 8 -6 23 -10 11 -5 13 14 20 16 -14 -16 -15 -3 -12 -22 25 24 -2 26 27 -1 -27 -30
right_child=1 2 -4 10 7 -7 -8 -9 9 -11 12 -13 15 18 17 -17 -18 -19 -20 -21 21 -23 -24 -25 -26 28 -28 -29 29 -31
leaf_value=-0.022416475591384832 0.010223824847785975 -0.020951413679496836 0.015209785651630461 -0.019188323398855955 0.0061740754671737287 0.032207987322417017 -0.0086599395553225902 -0.020404097975610758 0.081398694740603322 0.014824502914599788 -0.096635255200995349 0.042812027935397179 -0.082058052544253982 -0.11943182243981776 0.041549204726060725 0.051278267618394435 0.0083614445638080254 0.15749920703032438 -0.048559258825284467 0.011276517460198967 -0.024725733705006706 0.10047847971033592 -0.01645232412602159 0.021492964156294384 -0.019353909799578014 0.0017139013522240497 0.0026840337978344393 -0.0044488634141450897 -0.0013730410478241565 -0.013274187180472045
leaf_weight=7971 4728 3444 1809 551 8880 3015 2412 1371 371 599 90 1465 98 237 213 526 4512 68 312 777 184 52 2814 3445 1108 82081 16014 6016 53376 10752
leaf_count=7971 4728 3444 1809 551 8880 3015 2412 1371 371 599 90 1465 98 237 213 526 4512 68 312 777 184 52 2814 3445 1108 82081 16014 6016 53376 10752
internal_value=-8.84503e-13 0.00648352 -0.0059503 -0.00110609 0.00937511 0.0137923 0.0094076 0.00261943 0.0136588 0.0402874 0.00925453 0.0258665 0.00393194 -0.0276105 0.0190084 0.0110314 0.00643929 0.0696083 -0.0791545 -0.0150189 -0.0246068 0.00286164 -0.0015869 0.0108757 0.00460831 -0.00134951 -0.00541529 -0.0146884 -0.00051524 -0.00336844
internal_weight=219291 31959 6030 187332 25929 15678 12663 10251 10251 970 8308 2016 6292 1156 607 5136 4610 281 549 4221 326 236 179024 9281 5836 176210 30001 13987 146209 64128
internal_count=219291 31959 6030 187332 25929 15678 12663 10251 10251 970 8308 2016 6292 1156 607 5136 4610 281 549 4221 326 236 179024 9281 5836 176210 30001 13987 146209 64128
is_linear=0
shrinkage=0.05


Tree=82
num_leaves=31
num_cat=0
split_feature=10 11 11 11 11 7 6 10 3 9 1 12 5 11 10 7 1 10 7 10 11 11 11 10 12 11 11 11 10 10
split_gain=580.721 535.205 461.478 446.91 900.396 512.875 413.961 678.312 803.131 696.921 479.075 404.16 529.448 394.785 505.038 361.892 376.795 346.15 629.654 741.649 766.69 583.474 500.01 523.177 463.86 1215.63 1211.22 692.811 675.166 446.206
threshold=0.012910176534205677 -0.97870382666587818 -0.97106409072875965 -0.95234230160713185 -0.90146830677986134 31.69835186004639 0.48592489957809454 -0.012910176534205673 34.128559112548835 33.419498443603523 34.124042510986335 15.750000000000002 26.780780792236332 -0.99049577116966236 0.098819226026535048 28.892757415771488 29.652140617370609 -0.66484925150871266 31.336904525756839 -0.63874351978301991 0.74407637119293224 0.72064045071601879 0.56312987208366405 -0.78297284245491017 15.250000000000002 -0.80389818549156178 -0.77212798595428456 -0.86092913150787342 -0.50495636463165272 -0.10738035291433333
decision_type=2 2 2 2 2 2 2 2 2 2 2 2 2 2 2 2 2 2 2 2 2 2 2 2 2 2 2 2 2 2
left_child=1 6 -3 5 15 11 -1 9 -9 -8 -10 -4 -13 14 -2 16 -5 21 24 20 -20 22 -6 -24 27 28 -27 -19 -26 -28
right_child=13 2 3 4 17 -7 7 8 10 -11 -12 12 -14 -15 -16 -17 -18 18 19 -21 -22 -23 23 -25 25 26 29 -29 -30 -31
leaf_value=-0.029181939149652114 0.0066558415748414236 0.029162974433285561 -0.0025738841326719067 0.02944106958105441 0.00087805987766515652 0.015149336391514227 -0.028852900714333336 -0.0031564065228274138 0.1859508434887481 0.014909023000936446 0.050760262784285429 0.030758489955069142 -0.066697364907925938 0.0019961465243668697 0.044940300522092969 0.028056495041774529 -0.024834016229289397 -0.072912238190336182 -0.091452684966291165 -0.013200895701947877 0.0077898935703196136 0.034260287895048834 -0.032186314748898714 -0.0036661907630757616 0.081152522923758838 -0.068364689475733806 0.0043705710168525725 -0.0087633467096607433 0.0160195923659056 -0.018354101633395525
leaf_weight=3143 3015 1206 574 541 50652 640 2612 419 113 1396 156 161 1037 104118 1206 3501 782 442 633 7399 281 1206 2412 4824 679 663 13117 8816 961 2586
leaf_count=3143 3015 1206 574 541 50652 640 2612 419 113 1396 156 161 1037 104118 1206 3501 782 442 633 7399 281 1206 2412 4824 679 663 13117 8816 961 2586
internal_value=1.2011e-12 -0.00254254 -0.00158505 -0.00194893 -0.00143339 -0.0232151 -0.0151373 -0.00573728 0.0401287 -0.0136105 0.10755 -0.0370714 -0.0536002 0.00260387 0.0175943 0.0196379 -0.0026399 -0.00250708 -0.00640364 -0.0184499 -0.0609416 -0.000161196 -0.00087831 -0.0131729 -0.00273064 0.00194583 -0.00216673 -0.011826 0.0429862 0.000628229
internal_weight=219291 110952 103113 101907 99495 2412 7839 4696 688 4008 269 1772 1198 108339 4221 4824 1323 94671 35577 8313 914 59094 57888 7236 27264 18006 16366 9258 1640 15703
internal_count=219291 110952 103113 101907 99495 2412 7839 4696 688 4008 269 1772 1198 108339 4221 4824 1323 94671 35577 8313 914 59094 57888 7236 27264 18006 16366 9258 1640 15703
is_linear=0
shrinkage=0.05


Tree=83
num_leaves=31
num_cat=0
split_feature=10 10 11 3 12 11 9 11 13 7 1 13 10 10 9 10 7 10 4 9 10 11 10 5 11 11 6 12 6 10
split_gain=549.467 414.803 433.326 333.116 306.317 325.266 368.631 362.391 303.112 275.986 244.503 235.115 232.104 228.452 561.888 475.394 275.151 271.577 692.426 410.84 426.835 452.858 399.895 514.187 641.081 488.601 461.64 370.576 335.132 288.3
threshold=0.89773505926132213 0.99628895521163952 -0.021515300963073965 39.268716812133796 13.750000000000002 0.18399153649806979 34.978593826293952 0.081673368811607375 79.250000000000014 41.938804626464851 33.874782562255866 78.750000000000014 0.99906486272811901 -0.99865758419036854 30.898590087890629 -0.99984258413314808 30.523880958557132 -0.98521098494529713 0.13202805817127231 32.494697570800788 -0.99052327871322621 -0.15855351090431211 -0.94697898626327504 31.929214477539066 -0.29258950054645533 -0.20930689573287961 0.26557472348213201 14.250000000000002 1.0000000180025095e-35 -0.8779519498348235
decision_type=2 2 2 2 2 2 2 2 2 2 2 2 2 2 2 2 2 2 2 2 2 2 2 2 2 2 2 2 2 2
left_child=3 4 -3 13 -2 7 8 9 -7 -6 -9 -4 -13 14 15 16 -1 18 28 20 -20 -22 23 24 -19 26 -26 -23 -15 -24
right_child=1 2 11 -5 5 6 -8 10 -10 -11 -12 12 -14 17 -16 -17 -18 22 19 -21 21 27 29 -25 25 -27 -28 -29 -30 -31
leaf_value=0.0041018956904711364 -0.0032377507913167874 -0.022168480739009275 0.017748561127277029 0.0094766823299742529 0.010865726826522504 0.027781863850136118 -0.0090230586473394863 0.089542128032566448 0.0016487067084084248 0.099288324733379854 0.027807435467529475 0.017773075922712156 -0.020506165444483256 -0.037798896063076633 -0.0075701394193631926 0.045904241924403552 -0.10153265878653679 0.045735139984360351 0.0051533805467270004 0.031008781373760421 0.026219777605285023 0.019313970744449474 -0.0093412516778499221 0.024623418712530945 0.0097894910389452628 0.0057501367236342015 -0.037720601607238363 -0.067792038162077226 -0.0064835608934789291 -0.0012957186074095276
leaf_weight=294 4386 2412 1836 7247 10432 1913 3461 170 2642 89 2836 594 1188 2389 1918 1328 78 721 2702 983 249 151 12060 3259 755 4535 1584 638 1330 145111
leaf_count=294 4386 2412 1836 7247 10432 1913 3461 170 2642 89 2836 594 1188 2389 1918 1328 78 721 2702 983 249 151 12060 3259 755 4535 1584 638 1330 145111
internal_value=5.91918e-12 0.00605954 -0.00575259 -0.00103376 0.00880655 0.0112587 0.00327767 0.0159882 0.0126241 0.0116137 0.0312988 0.00519133 -0.00774642 -0.00145673 0.0109806 0.0319101 -0.0180473 -0.00171172 -0.0104625 0.00224431 -0.00531598 -0.0325686 -0.00127206 0.00801007 0.000881309 -0.00382332 -0.0223849 -0.0511216 -0.0265998 -0.00191307
internal_weight=219291 31959 6030 187332 25929 21543 8016 13527 4555 10521 3006 3618 1782 180085 3618 1700 372 176467 8442 4723 3740 1038 168025 10854 7595 6874 2339 789 3719 157171
internal_count=219291 31959 6030 187332 25929 21543 8016 13527 4555 10521 3006 3618 1782 180085 3618 1700 372 176467 8442 4723 3740 1038 168025 10854 7595 6874 2339 789 3719 157171
is_linear=0
shrinkage=0.05


Tree=84
num_leaves=31
num_cat=0
split_feature=10 10 11 9 12 11 11 5 13 10 10 10 9 1 12 6 9 5 1 10 10 11 13 13 11 12 11 13 10 11
split_gain=495.894 374.359 391.077 306.438 276.451 295.861 423.813 321.002 324.699 269.572 554.079 517.24 818.77 739.692 325.681 293.471 257.402 252.727 248.609 237.165 508.706 214.742 214.388 213.72 807.857 398.122 329.632 464.351 386.991 335.786
threshold=0.89773505926132213 0.99628895521163952 -0.021515300963073965 39.123777389526374 13.750000000000002 0.16704543679952624 0.081673368811607375 36.631889343261726 78.750000000000014 0.49002411961555487 0.36571913957595831 0.54883790016174328 41.052133560180671 39.904392242431648 15.250000000000002 0.12394945323467256 41.939998626708991 36.550565719604499 33.874782562255866 0.79877197742462169 0.84293374419212352 0.99903711676597606 79.250000000000014 76.750000000000014 -0.12447465583682059 16.750000000000004 0.38167507946491247 81.750000000000014 -0.88606244325637806 0.20088311284780505
decision_type=2 2 2 2 2 2 2 2 2 2 2 2 2 2 2 2 2 2 2 2 2 2 2 2 2 2 2 2 2 2
left_child=3 4 -3 21 -2 6 16 8 -7 10 -5 12 13 -11 19 -15 -6 -16 -8 -13 -21 23 -4 24 25 -1 29 28 -28 -25
right_child=1 2 22 9 5 7 18 -9 -10 11 -12 14 -14 15 17 -17 -18 -19 -20 20 -22 -23 -24 26 -26 -27 27 -29 -30 -31
leaf_value=-0.020302586214433302 -0.0030758632733886692 -0.021060056805327437 0.015035197706457414 -0.01842522127008718 0.010310663734348845 0.02028445711345897 0.099915063800635168 -0.018886875007945381 -0.0013131358771706768 -0.050697197711102142 0.040392279649461675 0.0017374040392626609 -0.087817028164247635 0.03448432938800184 -0.062404310353823739 0.15118900227385601 0.095704302409391734 0.013536385662805487 0.030157563039002189 -0.21131849057144592 -0.0029376730002695695 -0.015121030437427088 -0.0097305315677145982 0.00082123323383537792 0.0026249994077196508 -0.0028414628548790776 -0.022310472321785915 -0.012631816966720012 -0.00033242313432552259 0.013596888052316222
leaf_weight=8796 4386 2412 2142 551 10432 2979 135 1353 4185 269 1465 119 378 198 112 74 89 5024 2370 54 64 2814 1476 77071 16014 5191 2085 10668 50874 5511
leaf_count=8796 4386 2412 2142 551 10432 2979 135 1353 4185 269 1465 119 378 198 112 74 89 5024 2370 54 64 2814 1476 77071 16014 5191 2085 10668 50874 5511
internal_value=-3.80623e-12 0.00575656 -0.00546496 -0.000982075 0.00836622 0.0106957 0.0154338 0.00344933 0.00766777 0.00840527 0.0243167 0.00330715 -0.0313564 0.00809304 0.00923601 0.0662349 0.011033 0.0118804 0.0339169 -0.0480694 -0.0982984 -0.00141771 0.00493177 -0.00119888 -0.00504299 -0.0138222 -0.000410095 -0.0031148 -0.0011977 0.0016738
internal_weight=219291 31959 6030 187332 25929 21543 13026 8517 7164 8308 2016 6292 919 541 5373 272 10521 5136 2505 237 118 179024 3618 176210 30001 13987 146209 63627 52959 82582
internal_count=219291 31959 6030 187332 25929 21543 13026 8517 7164 8308 2016 6292 919 541 5373 272 10521 5136 2505 237 118 179024 3618 176210 30001 13987 146209 63627 52959 82582
is_linear=0
shrinkage=0.05


Tree=85
num_leaves=31
num_cat=0
split_feature=10 11 11 13 11 11 7 6 10 3 9 1 12 5 11 10 7 1 13 12 13 10 11 5 10 10 10 10 11 5
split_gain=467.927 482.34 416.744 403.305 402.968 813.374 460.248 382.354 673.089 729.224 568.542 428.911 378.298 390.885 370.334 455.797 321.057 347.242 313.9 410.131 436.683 405.929 622.57 469.888 442.136 348.496 340.017 520.453 328.605 380.277
threshold=0.012910176534205677 -0.97870382666587818 -0.97106409072875965 82.750000000000014 -0.95234230160713185 -0.90146830677986134 31.69835186004639 0.48592489957809454 -0.012910176534205673 34.064371109008796 33.419498443603523 34.124042510986335 14.250000000000002 26.472124099731449 -0.99049577116966236 0.098819226026535048 28.892757415771488 30.230021476745609 80.250000000000014 14.750000000000002 77.250000000000014 0.60505047440528881 -0.72658059000968922 31.31473541259766 0.89773505926132213 0.78829774260520946 0.098819226026535048 0.25118774175643926 0.93225467205047619 28.08960056304932
decision_type=2 2 2 2 2 2 2 2 2 2 2 2 2 2 2 2 2 2 2 2 2 2 2 2 2 2 2 2 2 2
left_child=1 3 -3 7 6 16 12 -1 10 -10 -9 -11 -4 -14 15 -2 17 -6 19 20 -16 -21 -23 25 -25 -24 -20 -28 -29 -30
right_child=14 2 4 -5 5 -7 -8 8 9 11 -12 -13 13 -15 18 -17 -18 -19 26 21 -22 22 23 24 -26 -27 27 28 29 -31
leaf_value=-0.031432632040824256 0.006464623005064625 0.02784639933087122 0.01152733131815746 0.025697396016385182 0.023918680403227685 -0.0022500728529589913 0.014430054370573091 -0.030824814803408342 -0.0059679202570708748 0.17658829303192242 0.010240605883692817 0.048680198819765569 0.024879768884261334 -0.05612781066878595 -0.010416759650525496 0.042834858998652803 0.026726991310661641 -0.027321843343882931 0.035871357730039487 0.00027405052875639801 0.0029650234445879053 0.038150488988496496 0.02231763634690425 -0.00099061892641229624 0.011650922748452261 0.080216398483983459 -0.026020329937829958 -0.0028593197600173832 -0.012582964687026105 0.049379386376876104
leaf_weight=2923 3015 1206 350 585 649 94671 640 2380 376 112 1305 158 169 1253 9324 1206 3501 674 550 19503 17612 1782 1608 12338 15741 310 2400 21900 400 650
leaf_count=2923 3015 1206 350 585 649 94671 640 2380 376 112 1305 158 169 1253 9324 1206 3501 674 550 19503 17612 1782 1608 12338 15741 310 2400 21900 400 650
internal_value=9.27814e-12 -0.00228231 -0.00137333 -0.0142388 -0.00171912 -0.00122958 -0.0219128 -0.0174595 -0.00802901 0.0390486 -0.016282 0.101738 -0.0350389 -0.0465003 0.00233735 0.0168561 0.0187976 -0.00218571 0.00174875 0.00332854 -0.00166713 0.00595253 0.00943746 0.00773173 0.00609619 0.0316756 -0.00302221 -0.00386605 -0.00154927 0.0257747
internal_weight=219291 110952 103113 7839 101907 99495 2412 7254 4331 646 3685 270 1772 1422 108339 4221 4824 1323 104118 78218 26936 51282 31779 29997 28079 1918 25900 25350 22950 1050
internal_count=219291 110952 103113 7839 101907 99495 2412 7254 4331 646 3685 270 1772 1422 108339 4221 4824 1323 104118 78218 26936 51282 31779 29997 28079 1918 25900 25350 22950 1050
is_linear=0
shrinkage=0.05


Tree=86
num_leaves=31
num_cat=0
split_feature=10 10 11 7 11 11 9 10 10 9 10 11 12 1 12 1 10 9 13 12 10 10 11 10 9 3 1 13 3 10
split_gain=422.305 454.277 434.943 537.326 351.023 720.709 469.781 339.943 749.822 663.524 552.32 378.447 546.994 534.827 535.326 398.995 325.167 365.139 313.596 408.048 390.763 558.907 478.346 461.641 733.992 662.745 450.081 439.699 430.934 382.126
threshold=0.012910176534205677 -0.11593352630734442 0.98927757143974315 27.365325927734379 -0.95744973421096791 -0.90878397226333607 37.761337280273445 0.23448921740055087 0.36571913957595831 26.767618179321293 0.31718835234642034 0.6838940978050233 18.750000000000004 27.187404632568363 17.750000000000004 29.652140617370609 0.97505551576614391 40.088357925415046 76.750000000000014 16.250000000000004 0.72066047787666332 0.54883790016174328 -0.55599683523178089 0.79877197742462169 38.169408798217781 38.742454528808601 30.065106391906742 80.250000000000014 36.173440933227546 0.49002411961555487
decision_type=2 2 2 2 2 2 2 2 2 2 2 2 2 2 2 2 2 2 2 2 2 2 2 2 2 2 2 2 2 2
left_child=1 2 -1 -4 -2 6 -6 -7 9 10 -9 12 18 -13 15 -15 17 -14 19 -10 21 29 23 -22 28 -26 -24 -28 -25 -20
right_child=4 -3 3 -5 5 7 -8 8 11 -11 -12 13 16 14 -16 -17 -18 -19 20 -21 22 -23 26 24 25 -27 27 -29 -30 -31
leaf_value=-0.0015725024973852362 0.011323086940384672 -0.012907107428209509 -0.053755511980716091 0.042153284160292653 -0.027169039641785683 -0.008271949973137115 0.0077072456462504105 0.0096471852632744395 -0.015191190022187249 0.029604645766813653 -0.086813741919153184 0.042500234390898735 0.0030118725844005606 0.028611366037476521 -0.018186738081701934 -0.0030169020739871538 0.023311734989820063 0.022652498047674826 0.012245885923942448 0.0067374457433000898 -0.0050760632477879226 0.023951507546240133 0.057148250011983454 -0.076629614896770851 -0.17370676509807448 -0.046974303022510079 0.0049298413017948052 -0.011150636037692176 0.016108529868900844 -0.022455371617388795
leaf_weight=100701 9648 9045 170 1036 3489 7035 1335 415 5940 4178 231 572 10558 1142 6103 7861 4212 3050 1785 3300 2499 4641 373 173 163 281 22216 5257 454 1428
leaf_count=100701 9648 9045 170 1036 3489 7035 1335 415 5940 4178 231 572 10558 1142 6103 7861 4212 3050 1785 3300 2499 4641 373 173 163 281 22216 5257 454 1428
internal_value=8.04563e-13 -0.00216819 -0.00121503 0.0286338 0.00222048 0.00133062 -0.0175173 0.00229925 0.00315571 0.022313 -0.0248458 0.00202881 0.00368015 -0.0049576 -0.00675462 0.000995036 0.0111716 0.00741398 0.00092817 -0.00735953 0.00287822 0.0128535 0.000384391 -0.0168467 -0.0443115 -0.0935 0.00259351 0.00185282 -0.00947951 -0.0031769
internal_weight=219291 110952 101907 1206 108339 98691 4824 93867 86832 4824 646 82008 66330 15678 15106 9003 17820 13608 48510 9240 39270 7854 31416 3570 1071 444 27846 27473 627 3213
internal_count=219291 110952 101907 1206 108339 98691 4824 93867 86832 4824 646 82008 66330 15678 15106 9003 17820 13608 48510 9240 39270 7854 31416 3570 1071 444 27846 27473 627 3213
is_linear=0
shrinkage=0.05


Tree=87
num_leaves=31
num_cat=0
split_feature=10 11 11 12 11 11 7 12 5 11 11 9 6 10 7 10 11 11 11 9 12 11 11 11 10 13 10 10 10 0
split_gain=381.13 411.206 375.961 370.911 363.891 733.627 415.373 348.203 414.059 316.798 650.44 423.977 336.663 303.219 577.524 670.248 692.768 527.789 448.316 496.312 422.726 1091.49 1097.31 617.81 610.086 419.699 539.434 406.069 504.928 425.612
threshold=0.012910176534205677 -0.97870382666587818 -0.97106409072875965 19.250000000000004 -0.95234230160713185 -0.90146830677986134 31.69835186004639 16.250000000000004 26.780780792236332 -0.95744973421096791 -0.90878397226333607 37.761337280273445 1.0000000180025095e-35 -0.66484925150871266 31.336904525756839 -0.63874351978301991 0.74407637119293224 0.72064045071601879 0.56312987208366405 29.105797767639164 15.250000000000002 -0.80389818549156178 -0.77212798595428456 -0.86092913150787342 -0.50495636463165272 81.250000000000014 -0.46735489368438715 -0.35769492387771601 -0.45206801593303675 0.17826490849256518
decision_type=2 2 2 2 2 2 2 2 2 2 2 2 2 2 2 2 2 2 2 2 2 2 2 2 2 2 2 2 2 2
left_child=1 3 -3 -1 6 -6 7 -4 -9 -2 11 -11 -12 17 20 16 -16 18 -7 -20 23 24 -23 -15 -22 26 -24 28 -25 -30
right_child=9 2 4 -5 5 13 -8 8 -10 10 12 -13 -14 14 15 -17 -18 -19 19 -21 21 22 25 27 -26 -27 -28 -29 29 -31
leaf_value=-0.018265505501048444 0.010756932612822156 0.026532704377227202 -0.0042642002205456834 0.0097983936281592094 0.017936320534989569 0.0011237470913197179 0.013787176789064687 0.025944068056059547 -0.062354585865083578 -0.025810587659565312 0.001016427503933917 0.0073218834594987363 0.0098620084899708541 -0.068549963109599793 -0.086634113919026687 -0.012246719807241246 0.0077028896147550959 0.03288046378456573 -0.040334463537692926 -0.0060903885359190023 0.077450812774847 -0.064623074863438934 0.023019901809955529 -0.0091324405413504978 0.015536507237946704 -0.012035250838664087 -0.00092663165592424398 0.003780324991181304 -0.067476080744707539 0.0036204174934374011
leaf_weight=6396 9648 1206 655 1443 4824 50652 640 154 963 3489 81474 1335 12393 442 633 7399 281 1206 1287 5949 679 663 3339 3744 961 4410 7954 4008 775 289
leaf_count=6396 9648 1206 655 1443 4824 50652 640 154 963 3489 81474 1335 12393 442 633 7399 281 1206 1287 5949 679 663 3339 3744 961 4410 7954 4008 775 289
internal_value=6.82484e-12 -0.00205978 -0.0012205 -0.0130995 -0.00154894 -0.00108374 -0.0207385 -0.0332083 -0.0501809 0.00210946 0.00126409 -0.0166415 0.00218429 -0.00205292 -0.00569984 -0.0172367 -0.0576312 0.000142683 -0.000539354 -0.0121811 -0.00218218 0.00228214 -0.00161478 -0.0108649 0.0411705 0.00104551 0.00615364 -0.00797277 -0.0177703 -0.0481651
internal_weight=219291 110952 103113 7839 101907 99495 2412 1772 1117 108339 98691 4824 93867 94671 35577 8313 914 59094 57888 7236 27264 18006 16366 9258 1640 15703 11293 8816 4808 1064
internal_count=219291 110952 103113 7839 101907 99495 2412 1772 1117 108339 98691 4824 93867 94671 35577 8313 914 59094 57888 7236 27264 18006 16366 9258 1640 15703 11293 8816 4808 1064
is_linear=0
shrinkage=0.05


Tree=88
num_leaves=31
num_cat=0
split_feature=10 10 7 2 11 10 10 11 12 3 10 9 10 11 3 7 13 10 12 4 10 10 10 10 10 10 1 10 10 11
split_gain=366.084 368.009 539.095 394.583 286.148 806.452 422.589 376.345 329.954 238.878 202.589 506.464 429.216 251.154 378.705 342.933 268.619 249.653 665.778 441.086 341.994 319.996 317.18 569.888 694.426 867.989 554.902 367.625 339.96 626.015
threshold=0.89773505926132213 0.94970905780792247 39.564310073852546 0.10764911398291589 0.030119189061224464 0.98930501937866222 0.98801350593566906 -0.25950218737125391 18.750000000000004 39.268716812133796 -0.99865758419036854 30.898590087890629 -0.99984258413314808 1.0000000180025095e-35 30.258568763732914 30.020481109619144 80.750000000000014 -0.98521098494529713 18.750000000000004 0.14134389162063601 -0.94130858778953541 -0.99052327871322621 -0.8779519498348235 -0.82391539216041554 -0.78297284245491017 -0.73831951618194569 29.398144721984867 -0.86958134174346913 -0.59817537665367115 -0.74979865550994862
decision_type=2 2 2 2 2 2 2 2 2 2 2 2 2 2 2 2 2 2 2 2 2 2 2 2 2 2 2 2 2 2
left_child=9 2 -2 4 6 -6 7 -3 -8 10 11 12 -1 14 -13 -15 -16 18 19 -12 -19 -20 -22 26 -25 -26 27 -24 29 -27
right_child=1 3 -4 -5 5 -7 8 -9 -10 -11 17 13 -14 15 16 -17 -18 20 21 -21 22 -23 23 24 25 28 -28 -29 -30 -31
leaf_value=-0.017088376958253642 0.0092840858063397078 -0.015542059035414002 0.049662990500519449 0.021496625280043622 -0.0064907848438846023 0.023177747528387766 -0.021660354139646357 0.015615319870834655 0.0046916194246978352 0.0080566444076306323 -0.032201044116975323 0.053296264852369005 0.043677781745691945 0.032128795792373856 0.0062728604941087885 -0.045121203403895312 -0.062633972648689723 0.0070915162026878968 0.025213157908429026 -0.0054547073347288944 -0.0098923359783345387 -0.016360568049429185 -0.074219315178604764 -0.020384685600526746 0.019747811089177978 -0.029463132336618639 0.019816217902757699 -0.0041023224450061494 -0.00098206120715347558 -0.0035448874234203058
leaf_weight=372 8735 1441 913 2205 5661 3847 4595 2960 1602 7247 2975 331 1328 185 571 643 188 12060 1620 3199 10854 648 218 4824 4824 3015 5706 1312 114961 10251
leaf_count=372 8735 1441 913 2205 5661 3847 4595 2960 1602 7247 2975 331 1328 185 571 643 188 12060 1620 3199 10854 648 218 4824 4824 3015 5706 1312 114961 10251
internal_value=-1.81125e-12 0.00494606 0.0131052 0.00141779 -0.000784226 0.0055133 -0.00643405 0.0054136 -0.014848 -0.000843802 -0.00120198 0.0105102 0.0303807 -0.00710189 0.0086676 -0.0278612 -0.010795 -0.0014421 -0.00983227 -0.0183427 -0.00102056 0.013335 -0.00164783 -0.00103115 -0.00174898 -0.00107331 0.0126464 -0.0140928 -0.00185662 -0.0094354
internal_weight=219291 31959 9648 22311 20106 9508 10598 4401 6197 187332 180085 3618 1700 1918 1090 828 759 176467 8442 6174 168025 2268 155965 145111 137875 133051 7236 1530 128227 13266
internal_count=219291 31959 9648 22311 20106 9508 10598 4401 6197 187332 180085 3618 1700 1918 1090 828 759 176467 8442 6174 168025 2268 155965 145111 137875 133051 7236 1530 128227 13266
is_linear=0
shrinkage=0.05


Tree=89
num_leaves=31
num_cat=0
split_feature=10 10 7 12 10 1 7 11 11 10 10 9 10 10 10 8 9 12 5 10 10 1 10 11 5 0 10 9 10 7
split_gain=330.391 332.128 486.533 372.795 432.203 237.299 229.582 223.367 523.177 564.332 386.047 220.46 239.218 498.351 457.933 625.893 290.7 274.334 213.978 208.765 439.376 208.091 208.085 203.694 198.893 197.255 183.821 457.084 387.367 248.314
threshold=0.89773505926132213 0.94970905780792247 39.564310073852546 19.250000000000004 0.97505551576614391 33.585346221923835 36.548133850097663 -0.17552498728036878 0.030119189061224464 0.98930501937866222 0.96683886647224437 39.123777389526374 0.49002411961555487 0.36571913957595831 0.53436762094497692 0.10747056826949121 41.424884796142585 15.250000000000002 36.550565719604499 0.79877197742462169 0.84293374419212352 42.766292572021491 0.50495636463165294 0.23448270559310916 39.125549316406257 0.12395858764648439 -0.99865758419036854 30.898590087890629 -0.99984258413314808 30.523880958557132
decision_type=2 2 2 2 2 2 2 2 2 2 2 2 2 2 2 2 2 2 2 2 2 2 2 2 2 2 2 2 2 2
left_child=11 2 -2 7 6 -6 -5 10 25 -10 -3 26 13 -13 15 16 24 19 -19 -16 -21 -15 -18 -8 -14 -9 27 28 29 -1
right_child=1 3 -4 4 5 -7 23 8 9 -11 -12 12 14 21 17 -17 22 18 -20 20 -22 -23 -24 -25 -26 -27 -28 -29 -30 -31
leaf_value=0.0048073677148125112 0.0088198814900987323 -0.01139354051405201 0.047179841014452925 0.011189287255586823 0.11922207413749263 0.023310861065198384 -0.02134996318211246 -0.018798666094547986 -0.0074540980396539357 0.01893534573686461 0.020951447994136504 -0.01838599956971437 -0.10051072705154346 0.033205763932978298 -0.003592936962528469 0.091292618521090066 -0.02193254804577123 -0.058842631345864253 0.011004241058380283 -0.19701514682836005 -0.003354014546494 0.12215628133735795 -0.12805560872362681 -0.11104120696586001 -0.0082063668149065776 0.014116836360240427 -0.001401222552056512 -0.0067467961440413242 0.041493892638781761 -0.095543571399190494
leaf_weight=294 8735 1476 913 625 66 2820 524 5407 4920 3444 2460 551 73 1396 154 84 64 112 5230 54 64 69 166 72 291 497 175406 1918 1328 78
leaf_count=294 8735 1476 913 625 66 2820 524 5407 4920 3444 2460 551 73 1396 154 84 64 112 5230 54 64 69 166 72 291 497 175406 1918 1328 78
internal_value=-7.33028e-12 0.00469876 0.0124499 0.0013469 0.014954 0.0255043 -0.00998284 -0.001723 -0.00463198 0.00341214 0.00882208 -0.000801612 0.00716065 0.0221495 0.00235813 -0.0364567 -0.0545223 0.00704578 0.00953984 -0.0419367 -0.0919786 0.0373952 -0.0985257 -0.0321851 -0.026718 -0.0160278 -0.00117112 0.00998466 0.0288617 -0.016234
internal_weight=219291 31959 9648 22311 4107 2886 1221 18204 14268 8364 3936 187332 8308 2016 6292 678 594 5614 5342 272 118 1465 230 596 364 5904 179024 3618 1700 372
internal_count=219291 31959 9648 22311 4107 2886 1221 18204 14268 8364 3936 187332 8308 2016 6292 678 594 5614 5342 272 118 1465 230 596 364 5904 179024 3618 1700 372
is_linear=0
shrinkage=0.05


Tree=90
num_leaves=31
num_cat=0
split_feature=10 11 5 13 12 11 11 11 11 11 5 5 9 10 9 1 12 13 10 11 11 5 10 11 7 11 4 12 10 1
split_gain=304.515 416.96 346.33 321.107 356.717 330.847 383.307 528.989 509.009 433.607 651.282 426.126 412.062 557.758 644.185 760.699 354.534 326.116 292.406 407.531 370.808 678.224 673.386 541.816 347.859 347.304 457.689 329.561 474.654 536.701
threshold=0.047320950776338584 -0.99049577116966236 33.642402648925788 80.250000000000014 13.750000000000002 -0.98518359661102284 -0.95744973421096791 -0.83352491259574879 -0.71464690566062916 -0.55599683523178089 36.713724136352546 33.817344665527351 38.62315750122071 0.49002411961555487 41.052133560180671 39.129423141479499 16.750000000000004 78.250000000000014 -0.11593352630734442 0.97690230607986461 0.77756834030151378 31.493124961853031 -0.59817537665367115 0.72064045071601879 32.32185363769532 0.56312987208366405 0.10747056826949121 14.750000000000002 -0.29259762167930597 30.855288505554203
decision_type=2 2 2 2 2 2 2 2 2 2 2 2 2 2 2 2 2 2 2 2 2 2 2 2 2 2 2 2 2 2
left_child=18 2 -2 4 17 -6 11 12 -9 10 -10 -7 -8 -14 15 -15 -13 -3 19 20 23 27 24 25 -23 -1 -27 -22 -29 -30
right_child=1 3 -4 -5 5 6 7 8 9 -11 -12 16 13 14 -16 -17 -18 -19 -20 -21 21 22 -24 -25 -26 26 -28 28 29 -31
leaf_value=6.0865135476673507e-05 0.0063004732543557769 -0.0090206404763237824 0.040835615682203195 -0.003460803505872273 -0.029301286175673093 0.044725648113261074 -0.020916320055603826 0.023494628901856975 -0.056146013623605634 0.0061153769529800721 -0.0021921082338689931 0.033659479615501212 0.022124892832629053 -0.084116105029457489 -0.081184887221685501 0.050685436877652791 -0.021301666329498051 0.0048711407497159338 -0.0094518999087277664 0.015520683872391115 -0.017169477352213025 -0.14932937021687551 -0.024581208103121713 0.020604700996865986 -0.028510248971482119 -0.0048021033126994248 -0.035282259019162508 0.0046433137758656847 -0.034311875614838443 0.029776948334241035
leaf_weight=71757 1797 10260 1218 25650 702 1268 3450 3861 664 42822 3548 527 1692 152 337 336 662 7182 11256 3618 4165 189 1193 3015 87 5662 1574 8553 1689 405
leaf_count=71757 1797 10260 1218 25650 702 1268 3450 3861 664 42822 3548 527 1692 152 337 336 662 7182 11256 3618 4165 189 1193 3015 87 5662 1574 8553 1689 405
internal_value=-2.36892e-13 0.00192398 0.020252 0.00138808 0.00299367 0.00482274 0.00522658 0.00439109 0.00604238 0.00460973 -0.0106977 0.0245621 -0.00969342 0.00568958 -0.0280178 0.00869807 0.00305874 -0.0033005 -0.00180438 -0.000959679 -0.00156632 -0.00845886 -0.0408639 -0.000197945 -0.111245 -0.00099194 -0.0114323 -0.00524505 -0.000580335 -0.0219165
internal_weight=219291 106128 3015 103113 77463 60021 59319 56862 50895 47034 4212 2457 5967 2517 825 488 1189 17442 113163 101907 98289 16281 1469 82008 276 78993 7236 14812 10647 2094
internal_count=219291 106128 3015 103113 77463 60021 59319 56862 50895 47034 4212 2457 5967 2517 825 488 1189 17442 113163 101907 98289 16281 1469 82008 276 78993 7236 14812 10647 2094
is_linear=0
shrinkage=0.05


Tree=91
num_leaves=31
num_cat=0
split_feature=10 10 7 2 11 10 10 10 12 13 11 11 10 10 12 10 7 10 10 13 12 1 12 11 9 10 3 10 7 3
split_gain=284.139 323.515 420.248 347.461 239.254 663.262 350.879 309.621 266.645 213.812 676.601 490.864 636.24 701.876 614.936 753.421 558.896 543.665 528.703 453.367 444.679 336.153 322.474 304.732 974.331 660.973 626.127 565.887 548.468 597.66
threshold=0.90149331092834484 0.94970905780792247 39.564310073852546 0.10764911398291589 0.030119189061224464 0.98930501937866222 0.98801350593566906 0.96683886647224437 18.750000000000004 76.750000000000014 -0.12447465583682059 -0.63872575759887684 -0.73831951618194569 0.54883790016174328 16.750000000000004 -0.61188074946403492 28.494501113891605 -0.67760851979255665 -0.67760851979255665 79.250000000000014 17.250000000000004 31.147402763366703 12.750000000000002 -0.9412824511528014 31.762208938598636 -0.49002411961555475 36.709930419921882 -0.5343676209449767 30.841373443603519 27.747601509094242
decision_type=2 2 2 2 2 2 2 2 2 2 2 2 2 2 2 2 2 2 2 2 2 2 2 2 2 2 2 2 2 2
left_child=9 2 -2 4 6 -6 7 -3 -8 10 20 12 -11 14 19 16 17 -16 -18 21 -1 -14 -12 26 27 -26 28 -25 29 -17
right_child=1 3 -4 -5 5 -7 8 -9 -10 11 22 -13 13 -15 15 23 18 -19 -20 -21 -22 -23 -24 24 25 -27 -28 -29 -30 -31
leaf_value=-0.018410990441283158 0.0087715101265056633 -0.01427171360163452 0.044547595040947158 0.020014306623203568 -0.0060217420347881828 0.020884281114287095 -0.019850922613049684 0.013989005024116022 0.0038384420489186023 0.036094392893845549 -0.016581216392289027 -0.0019295356753316366 0.013970283471697259 0.016137013415933675 -0.024155044670194251 0.02673667361609855 -0.01446341299146792 0.074053587304784896 -0.06192392889900427 0.02091201163721329 -0.00051411395535713093 -0.0034001259779817723 0.0050537364693661801 0.083482444421279917 -0.032577707529100462 0.0039795219849807131 -0.059377216221124511 0.020788957072390712 0.0020685799474510088 -0.034110165134208878
leaf_weight=9834 8132 1441 913 2205 5661 3847 4595 2960 1602 1503 1952 105043 4262 8517 352 489 1118 235 1235 4674 5364 8038 14640 430 1628 5141 541 2209 8420 2310
leaf_count=9834 8132 1441 913 2205 5661 3847 4595 2960 1602 1503 1952 105043 4262 8517 352 489 1118 235 1235 4674 5364 8038 14640 430 1628 5141 541 2209 8420 2310
internal_value=-3.12866e-12 0.00440625 0.0123827 0.00117253 -0.00089382 0.00486461 -0.00606 0.00473572 -0.0137269 -0.00073516 -0.00447283 2.58026e-05 0.00404511 0.00307392 0.000365716 -0.00476728 -0.0284851 0.0151619 -0.0393736 0.00765606 -0.0120944 0.00261879 0.00250845 -0.00147314 0.00523411 -0.00481279 -0.00683894 0.0310043 -0.00430545 -0.0234799
internal_weight=219291 31356 9045 22311 20106 9508 10598 4401 6197 187935 31790 156145 51102 49599 41082 24108 2940 587 2353 16974 15198 12300 16592 21168 9408 6769 11760 2639 11219 2799
internal_count=219291 31356 9045 22311 20106 9508 10598 4401 6197 187935 31790 156145 51102 49599 41082 24108 2940 587 2353 16974 15198 12300 16592 21168 9408 6769 11760 2639 11219 2799
is_linear=0
shrinkage=0.05


Tree=92
num_leaves=31
num_cat=0
split_feature=10 10 11 7 13 12 11 12 10 1 7 10 10 6 13 0 11 0 9 10 5 10 9 1 11 11 10 10 5 10
split_gain=256.703 284.077 286.971 209.441 199.08 624.881 605.073 655.287 809.671 492.473 481.635 740.313 434.45 405.986 386.982 373.828 344.421 330.564 327.922 416.63 440.831 386.79 464.893 386.075 324.052 305.659 429.186 466.157 435.938 295.588
threshold=0.89773505926132213 0.99628895521163952 -0.021515300963073965 41.938804626464851 77.750000000000014 15.750000000000002 -0.63872575759887684 17.250000000000004 0.44437406957149511 30.566339492797855 32.123796463012702 0.69636976718902599 -0.74981945753097523 1.0000000180025095e-35 79.250000000000014 1.5320791006088259 -0.99759334325790394 1.0000000180025095e-35 35.059978485107429 -0.61188074946403492 28.214782714843754 -0.70252096652984608 28.207283973693851 27.294301986694339 -0.07309242337942122 -0.12447465583682059 -0.98801350593566883 -0.99052327871322621 29.927847862243656 0.6186656951904298
decision_type=2 2 2 2 2 2 2 2 2 2 2 2 2 2 2 2 2 2 2 2 2 2 2 2 2 2 2 2 2 2
left_child=4 3 -3 -2 5 15 7 9 12 -6 11 16 -9 -10 -11 -1 -7 -8 19 20 23 -22 -23 -14 -17 26 27 -19 -29 -27
right_child=1 2 -4 -5 6 10 17 8 13 14 -12 -13 18 -15 -16 24 -18 25 -20 -21 21 22 -24 -25 -26 29 -28 28 -30 -31
leaf_value=-0.0049031505863035641 0.0061513256550785531 -0.018992510284831222 0.0032726002950224523 0.082985167542284133 0.036376716333047419 0.067248847645173998 -0.0039590669031880103 0.043161186470236222 0.008433744861876832 0.0026772541112430603 -0.0057979146601978273 0.063233469249364099 -0.050376205668828 0.039254654068336337 0.018409846956422185 -0.024616789367835866 0.0041974496839638281 6.1104134543698966e-06 -0.022331014666186477 0.00033777265481740149 0.0023719977823944364 0.034678175099621955 -0.059331705758202097 0.037300663252951963 -0.0029029214059569956 0.0066101074205002905 -0.001019591085790205 0.034983860400685095 -0.11889963656913288 0.049369497484208158
leaf_weight=21963 25840 2412 3618 89 1950 219 59760 450 3933 8702 13084 559 172 1467 7096 5324 19690 289 2778 11847 510 148 1180 465 2537 13136 9360 57 239 417
leaf_count=21963 25840 2412 3618 89 1950 219 59760 450 3933 8702 13084 559 172 1467 7096 5324 19690 289 2778 11847 510 148 1180 465 2537 13136 9360 57 239 417
internal_value=-7.04922e-13 0.00414175 -0.00563344 0.00641505 -0.000706587 -0.00298614 0.000458899 0.00545541 -0.000123929 0.0126701 0.00169477 0.0064844 -0.00533337 0.0168068 0.00974388 -0.00825216 0.00489102 -0.00198348 -0.00660954 -0.00356009 -0.0222179 -0.0346405 -0.0488547 0.0136265 -0.017609 0.00304081 -0.00361634 -0.0451644 -0.0892667 0.00792573
internal_weight=219291 31959 6030 25929 187332 63376 123956 40698 22950 17748 33552 20468 17550 5400 15798 29824 19909 83258 17100 14322 2475 1838 1328 637 7861 23498 9945 585 296 13553
internal_count=219291 31959 6030 25929 187332 63376 123956 40698 22950 17748 33552 20468 17550 5400 15798 29824 19909 83258 17100 14322 2475 1838 1328 637 7861 23498 9945 585 296 13553
is_linear=0
shrinkage=0.05


Tree=93
num_leaves=31
num_cat=0
split_feature=13 12 13 11 10 11 5 10 10 11 1 10 4 11 7 11 1 11 10 12 1 1 1 10 9 12 10 1 3 10
split_gain=257.235 455.336 943.799 739.82 476.196 504.801 457.414 356.929 334.666 410.511 417.075 376.265 335.938 328.229 470.668 342.359 356.848 323.662 779.104 518.467 318.629 304.228 300.27 291.654 274.753 272.711 258.464 391.973 359.851 586.732
threshold=80.750000000000014 15.250000000000002 78.750000000000014 -0.17552498728036878 0.60505047440528881 -0.72658059000968922 31.31473541259766 0.78829774260520946 -0.99466162919998158 1.0000000180025095e-35 30.383790969848636 -0.98521098494529713 0.14134389162063601 0.38167507946491247 30.18331336975098 0.6838940978050233 30.624572753906254 0.69635042548179638 0.68391311168670665 16.750000000000004 32.754205703735359 30.03282451629639 31.938055038452152 0.82876241207122814 32.391584396362312 19.750000000000004 0.49002411961555487 41.937423706054695 30.195890426635746 0.54883790016174328
decision_type=2 2 2 2 2 2 2 2 2 2 2 2 2 2 2 2 2 2 2 2 2 2 2 2 2 2 2 2 2 2
left_child=1 2 -1 -4 8 -6 7 -7 9 20 -11 12 -10 25 -15 -16 -17 22 -19 -20 -3 -5 -8 -24 -14 -2 27 -13 29 -28
right_child=13 4 3 21 5 6 17 -9 11 10 -12 26 24 14 15 16 -18 18 19 -21 -22 -23 23 -25 -26 -27 28 -29 -30 -31
leaf_value=-0.0063716297057477269 -0.0026117397193055609 0.038604561029873169 0.017025094979558151 0.010623673802483125 0.034055893333953008 0.020443531587656095 0.043871602617047839 0.078464477473440083 -0.039226792116171479 -0.094204885660942678 0.005086959630425731 0.0013057470488058995 -0.017725385109243066 -0.0022714334470889837 -0.010864934160690461 -0.02104647406471551 -0.062745841839668082 0.0079464731843833375 -0.01690080703955163 -0.12954637162078361 -0.045467213752548682 -0.0072297590126261984 -0.0047685866529187017 0.0080557916973223176 0.033184375168146707 0.0092606859589391601 -0.010513379033967686 0.081430155709477189 -0.0057729474692211824 -0.12164622530867548
leaf_weight=45822 22572 1643 9234 3380 1764 1762 513 312 1135 113 1651 64723 827 10535 4233 1562 764 817 193 217 121 8115 5680 20200 390 6156 335 153 4185 184
leaf_count=45822 22572 1643 9234 3380 1764 1762 513 312 1135 113 1651 64723 827 10535 4233 1562 764 817 193 217 121 8115 5680 20200 390 6156 335 153 4185 184
internal_value=1.16563e-11 0.000880138 -0.00236679 0.006486 0.00290119 0.00806928 0.00652552 0.0291719 0.000746697 0.0157821 -0.00127357 9.26724e-06 -0.0196596 -0.00333195 -0.0088179 -0.0193328 -0.0347431 0.004825 -0.020278 -0.0765205 0.0328377 -0.00198012 0.00599203 0.00524117 -0.00141084 -6.76485e-05 0.000674131 0.00149471 -0.010643 -0.0499131
internal_weight=219291 173469 66551 20729 106918 31458 29694 2074 75460 3528 1764 71932 2352 45822 17094 6559 2326 27620 1227 410 1764 11495 26393 25880 1217 28728 69580 64876 4704 519
internal_count=219291 173469 66551 20729 106918 31458 29694 2074 75460 3528 1764 71932 2352 45822 17094 6559 2326 27620 1227 410 1764 11495 26393 25880 1217 28728 69580 64876 4704 519
is_linear=0
shrinkage=0.05


Tree=94
num_leaves=31
num_cat=0
split_feature=10 11 13 6 10 2 9 11 11 11 7 1 9 3 9 10 11 11 7 4 6 13 10 10 10 9 3 11 10 9
split_gain=234.602 374.307 357.823 341.729 617.343 666.135 501.799 324.456 333.663 618.142 354.746 382.065 443.537 344.547 330.299 307.108 294.677 512.04 357.656 290.101 272.706 268.954 423.077 288.42 669.291 563.989 519.207 368.088 357.909 478.123
threshold=0.012910176534205677 -0.97870382666587818 82.750000000000014 0.48592489957809454 -0.012910176534205673 0.17870478332042697 33.419498443603523 -0.97106409072875965 -0.95234230160713185 -0.90146830677986134 32.391918182373054 30.32319259643555 29.56772613525391 31.345575332641605 29.745175361633304 -0.030120026320219036 -0.95744973421096791 -0.90878397226333607 31.891771316528324 2.3865234851837163 1.0000000180025095e-35 81.750000000000014 0.098819226026535048 0.23448921740055087 0.36571913957595831 26.614676475524906 28.397090911865238 0.87377473711967479 0.41327477991580969 30.048518180847172
decision_type=2 2 2 2 2 2 2 2 2 2 2 2 2 2 2 2 2 2 2 2 2 2 2 2 2 2 2 2 2 2
left_child=1 2 3 -1 6 -6 -5 -3 10 19 11 14 -13 -14 -9 -8 -2 18 -18 -10 21 23 -23 -19 25 -25 27 -26 29 -28
right_child=16 7 -4 4 5 -7 15 8 9 -11 -12 12 13 -15 -16 -17 17 20 -20 -21 -22 22 -24 24 26 -27 28 -29 -30 -31
leaf_value=-0.028392421068396685 0.0099950975230988868 0.024966899922250225 0.025468238363098195 -0.027833401075845095 0.090704780667312912 -0.010865572333392321 0.0032061327497881816 -0.024951545583143053 0.030202974512764592 -0.0015645754789418926 0.026814951569965856 -0.0097497991234221249 -0.10812681990804979 -0.028478153488585952 0.035519003779309229 0.088771638662513835 -0.053195096851762283 -0.0094777345958451664 -0.010188329927027742 0.0055802653847575245 0.0085662031616904142 0.053142547954408738 -0.0085114660437444981 -0.048371730589920274 0.012551952939421988 0.028370406220871298 -0.04870620050403509 0.072289473061738094 0.0013676865498304116 0.008888364508639942
leaf_weight=2923 9648 1206 585 2380 316 330 1190 756 2195 94671 353 403 360 218 322 115 545 5325 4279 2629 12393 286 10270 257 668 3498 828 420 59284 638
leaf_count=2923 9648 1206 585 2380 316 330 1190 756 2195 94671 353 403 360 218 322 115 545 5325 4279 2629 12393 286 10270 257 668 3498 828 420 59284 638
internal_value=-6.88536e-12 -0.00161603 -0.0121488 -0.0151824 -0.006267 0.038819 -0.0141708 -0.000815294 -0.00112041 -0.000674947 -0.0194957 -0.0274353 -0.0500133 -0.0780863 -0.00688891 0.0107464 0.00165501 0.000839684 -0.0150471 0.016784 0.00165614 0.000605046 -0.00684104 0.00171338 0.0026219 0.023118 0.00137731 0.0356124 0.000764181 -0.0236412
internal_weight=219291 110952 7839 7254 4331 646 3685 103113 101907 99495 2412 2059 981 578 1078 1305 108339 98691 4824 4824 93867 81474 10556 70918 65593 3755 61838 1088 60750 1466
internal_count=219291 110952 7839 7254 4331 646 3685 103113 101907 99495 2412 2059 981 578 1078 1305 108339 98691 4824 4824 93867 81474 10556 70918 65593 3755 61838 1088 60750 1466
is_linear=0
shrinkage=0.05


Tree=95
num_leaves=31
num_cat=0
split_feature=12 13 13 11 10 11 7 10 11 7 10 1 5 11 1 10 7 1 3 10 0 10 11 2 7 10 9 8 11 10
split_gain=227.449 677.574 420.628 389.57 340.922 445.723 352.058 362.191 291.03 375.594 273.413 371.19 479.6 387.595 301.326 275.368 337.031 391.218 356.701 273.654 303.242 266.174 553.059 425.658 280.402 271.442 254.626 249.487 246.546 402.417
threshold=14.250000000000002 79.250000000000014 80.250000000000014 -0.17552498728036878 0.60505047440528881 -0.73829901218414296 30.781644821166996 0.78829774260520946 0.38167507946491247 30.18331336975098 0.90880924463272106 31.649764060974125 38.176483154296882 -0.5702211558818816 36.252170562744148 0.72066047787666332 41.415374755859382 38.510906219482429 40.756444931030281 0.94970905780792247 0.14161862432956698 -0.99865758419036854 1.0000000180025095e-35 0.34817789494991308 30.310089111328129 -0.99939814209938038 38.169408798217781 0.1587416157126427 0.6838940978050233 0.69636976718902599
decision_type=2 2 2 2 2 2 2 2 2 2 2 2 2 2 2 2 2 2 2 2 2 2 2 2 2 2 2 2 2 2
left_child=1 26 4 -3 21 -6 7 -7 -4 -10 11 -8 13 -13 -15 16 17 -14 -19 -12 -21 22 27 -24 -25 -26 -1 -2 -11 -30
right_child=2 3 8 -5 5 6 10 -9 9 28 19 12 15 14 -16 -17 -18 18 -20 20 -22 -23 23 24 25 -27 -28 -29 29 -31
leaf_value=-0.0056403373465479254 0.022651851763457707 0.021267952149526224 2.7225039781975861e-05 1.427028213027291e-05 0.032292774074867116 0.015396591317635095 0.021124602061078652 0.073987508465517257 -0.0018396792624626409 -0.0087810728684863983 0.019833121984989887 -0.0343260773969545 -0.00064962899683030501 -0.010313113870850904 0.017710973336725021 0.0040541428640574213 -0.06266829845446506 0.10192831456661225 -0.014664081773130087 0.0027345612461291964 0.032714480043641754 0.00034643533533410117 0.025350781374102363 0.015690749316685987 -0.10372791877251608 -0.011782255419012573 -0.058181580403771506 0.073533446311685652 -0.022383072682700057 -0.10369208673248068
leaf_weight=37953 531 3888 34200 4840 1620 1080 1768 349 11968 5111 4212 1427 251 5885 1146 4456 76 328 82 11075 913 81216 488 151 198 135 232 441 3111 160
leaf_count=37953 531 3888 34200 4840 1620 1080 1768 349 11968 5111 4212 1427 251 5885 1146 4456 76 328 82 11075 913 81216 488 151 198 135 232 441 3111 160
internal_value=3.78059e-12 -0.00308671 0.000840055 0.009482 0.0025206 0.00668609 0.00543086 0.0297061 -0.00278993 -0.00752441 0.00433376 -0.00043203 -0.00322392 -0.0105674 -0.0057454 0.00873665 0.0370477 0.0485128 0.0786098 0.0088698 0.00501782 0.000784082 0.019068 -0.00760108 -0.0408253 -0.0664526 -0.00595956 0.045737 -0.0156412 -0.0263603
internal_weight=219291 46913 172378 8728 117828 34668 33048 1429 54550 20350 31619 15419 13651 8458 7031 5193 737 661 410 16200 11988 83160 1944 972 484 333 38185 972 8382 3271
internal_count=219291 46913 172378 8728 117828 34668 33048 1429 54550 20350 31619 15419 13651 8458 7031 5193 737 661 410 16200 11988 83160 1944 972 484 333 38185 972 8382 3271
is_linear=0
shrinkage=0.05


Tree=96
num_leaves=31
num_cat=0
split_feature=13 12 11 11 12 13 9 10 10 1 1 11 5 10 11 11 8 10 10 10 10 5 12 10 10 1 7 12 3 10
split_gain=220.848 666.672 582.404 489.593 348.992 303.371 300.654 301.005 480.453 425.176 340.157 577.171 499.721 346.367 295.594 491.008 403.675 369.447 623.42 429.267 469.049 479.825 699.745 430.597 375.713 423.129 351.248 367.417 319.411 311.199
threshold=76.750000000000014 16.750000000000004 0.20088311284780505 0.38167507946491247 19.750000000000004 82.250000000000014 28.491013526916507 -0.98521098494529713 -0.99052327871322621 34.461500167846687 32.10241889953614 -0.15855351090431211 30.818958282470707 -0.98801350593566883 0.047319635748863227 -0.15855351090431211 0.17694809287786487 -0.48250326514244074 -0.30081701278686518 -0.67760851979255665 -0.61188074946403492 28.214782714843754 15.750000000000002 -0.56314551830291737 -0.012910176534205673 29.797588348388675 30.432724952697757 16.250000000000004 30.731786727905277 0.98930501937866222
decision_type=2 2 2 2 2 2 2 2 2 2 2 2 2 2 2 2 2 2 2 2 2 2 2 2 2 2 2 2 2 2
left_child=1 2 -1 4 6 -5 -2 8 9 -8 11 -10 -13 -14 15 16 -9 19 -19 -18 21 -21 -23 28 25 -20 27 -27 -22 -16
right_child=3 -3 -4 5 -6 -7 7 14 10 -11 -12 12 13 -15 29 -17 17 18 24 20 23 22 -24 -25 -26 26 -28 -29 -30 -31
leaf_value=-0.016271278731723852 0.013067766078838462 0.0044950893686446893 0.00021242464656822486 -0.0013772281109564503 0.010924719984652522 -0.011451932692750161 -0.00018766628461606915 0.0052466720150026978 0.01745813909904621 -0.093267020782083279 0.0035959560100899467 -0.026719043309581789 -0.13166514511723373 -0.043355545981361862 0.0050205323162540909 -0.013795311249766032 -0.0032951552454219104 0.023595256160146766 0.012117922058336296 0.04060169806197176 -0.013361511129780136 0.00011635073507071986 -0.084595647699580084 -0.027275471088716141 0.0028621692514275081 0.015917898468725416 -0.01494155597510239 -0.07346784049024184 0.050329922379345207 0.023850222310403263
leaf_weight=12360 5583 15274 9460 59422 11628 8547 6633 38621 277 125 487 448 310 173 11715 5400 8322 2816 1115 136 383 351 798 1329 11238 145 2535 555 405 2700
leaf_count=12360 5583 15274 9460 59422 11628 8547 6633 38621 277 125 487 448 310 173 11715 5400 8322 2816 1115 136 383 351 798 1329 11238 145 2535 555 405 2700
internal_value=1.39426e-13 -0.00351662 -0.00912482 0.000715958 0.0027153 -0.00264411 0.00178489 0.0011356 -0.0078792 -0.00190932 -0.0316812 -0.0459031 -0.0647549 -0.100035 0.00199602 0.000722391 0.00186271 -0.00247519 0.001944 -0.00941231 -0.0243761 -0.048206 -0.0587176 -0.00991164 -0.00196734 -0.0144441 -0.0235992 -0.0549522 0.0193733 0.00854743
internal_weight=219291 37094 21820 182197 114228 67969 102600 97017 8453 6758 1695 1208 931 483 88564 74149 68749 30128 18404 11724 3402 1285 1149 2117 15588 4350 3235 700 788 14415
internal_count=219291 37094 21820 182197 114228 67969 102600 97017 8453 6758 1695 1208 931 483 88564 74149 68749 30128 18404 11724 3402 1285 1149 2117 15588 4350 3235 700 788 14415
is_linear=0
shrinkage=0.05


Tree=97
num_leaves=31
num_cat=0
split_feature=13 12 13 11 10 11 5 3 11 10 11 10 12 1 1 10 10 7 11 10 11 10 10 5 11 11 10 3 5 9
split_gain=201.733 361.688 783.538 615.482 369.836 416.468 394.705 308.704 296.449 295.749 286.277 685.27 465.405 281.77 266.48 253.996 500.508 490.632 930.423 990.091 725.542 750.247 553.569 408.525 389.805 611.465 427.807 380.168 366.486 552.783
threshold=80.750000000000014 15.250000000000002 78.750000000000014 -0.17552498728036878 0.60505047440528881 -0.72658059000968922 31.31473541259766 27.962298393249515 -0.98518359661102284 0.78829774260520946 0.69635042548179638 0.68391311168670665 16.750000000000004 30.734574317932132 31.775575637817386 -0.3334656953811645 -0.24284747242927548 31.761670112609867 -0.87792757153511036 -0.71466678380966175 0.20088311284780505 -0.90880924463272084 -0.94697898626327504 33.532917022705085 -0.77212798595428456 -0.73829901218414296 -0.58429276943206776 32.566640853881843 30.701275825500492 29.189107894897464
decision_type=2 2 2 2 2 2 2 2 2 2 2 2 2 2 2 2 2 2 2 2 2 2 2 2 2 2 2 2 2 2
left_child=1 2 -1 -4 7 -6 9 8 -3 -7 14 -12 -13 -5 -8 17 28 -9 -19 20 21 22 27 -24 26 -26 -21 -20 29 -17
right_child=-2 4 3 13 5 6 10 15 -10 -11 11 12 -14 -15 -16 16 -18 18 19 24 -22 -23 23 -25 25 -27 -28 -29 -30 -31
leaf_value=-0.0057634228258189105 -0.002950676965300715 0.074676047011681304 0.015564570547657414 0.0078260957870889981 0.030738923447519436 0.018824662144751449 0.043312097209533044 0.0067635692283908901 0.010206883052803954 0.071639493403908544 0.0070148730930966879 -0.015715921475971843 -0.12244158152679695 -0.0081560955452266073 0.0045877198120458035 -0.0041879877727733555 -0.0015249456350300969 0.046889492872486283 -0.02538041385323872 0.028688591275360716 0.018383298371412348 0.014409136623845121 -0.033466712285100529 -0.10280373113618953 -0.10071308544934376 -0.031064824543691628 -0.028054566123252463 0.0091208667978047234 -0.00094483511466862289 -0.060915674318689862
leaf_weight=45822 45822 185 9234 4593 1764 1762 452 24784 4934 312 817 193 217 6902 25941 731 28243 820 2035 439 3519 2148 722 301 411 1351 1365 1314 1117 1041
leaf_count=45822 45822 185 9234 4593 1764 1762 452 24784 4934 312 817 193 217 6902 25941 731 28243 820 2035 439 3519 2148 722 301 411 1351 1365 1314 1117 1041
internal_value=2.51708e-12 0.000779424 -0.00211441 0.00595181 0.00258069 0.00713521 0.005733 0.000681991 0.0125368 0.0267698 0.00415334 -0.0194555 -0.0722024 -0.00177017 0.0052509 -0.000180731 -0.00355258 0.00249653 -0.0048348 -0.00795233 8.67058e-05 -0.0097884 -0.0216769 -0.0538679 -0.0305838 -0.0473108 -0.0142462 -0.0118436 -0.0233749 -0.0375139
internal_weight=219291 173469 66551 20729 106918 31458 29694 75460 5119 2074 27620 1227 410 11495 26393 70341 31132 39209 14425 13605 10039 6520 4372 1023 3566 1762 1804 3349 2889 1772
internal_count=219291 173469 66551 20729 106918 31458 29694 75460 5119 2074 27620 1227 410 11495 26393 70341 31132 39209 14425 13605 10039 6520 4372 1023 3566 1762 1804 3349 2889 1772
is_linear=0
shrinkage=0.05


Tree=98
num_leaves=31
num_cat=0
split_feature=13 11 12 11 12 12 9 10 10 1 11 1 11 5 10 1 7 11 9 10 10 10 7 13 7 10 11 11 1 10
split_gain=194.465 609.622 451.817 437.741 335.991 320.279 350.327 361.002 356.207 363.495 314.015 294.785 506.565 444.589 348.128 287.512 440.934 319.004 281.683 337.765 336.15 278.187 272.962 266.936 344.198 313.948 304.402 266.489 286.591 265.886
threshold=76.750000000000014 -0.05591491982340812 17.250000000000004 0.38167507946491247 12.750000000000002 19.250000000000004 28.491013526916507 -0.98521098494529713 -0.99052327871322621 34.461500167846687 -0.67758968472480763 31.938055038452152 -0.15855351090431211 30.818958282470707 -0.98801350593566883 40.502155303955085 41.938804626464851 -0.97870382666587818 31.218770027160648 -0.31718835234642023 -0.49002411961555475 -0.61188074946403492 31.856878280639652 81.750000000000014 29.888268470764164 -0.88606244325637806 0.6838940978050233 -0.91583034396171559 34.326354980468757 0.99762105941772472
decision_type=2 2 2 2 2 2 2 2 2 2 2 2 2 2 2 2 2 2 2 2 2 2 2 2 2 2 2 2 2 2
left_child=1 2 -1 5 -3 6 -2 8 9 -8 15 12 -10 -14 -15 17 -17 -7 19 21 -20 -19 -16 25 -25 -5 -26 -22 -29 -9
right_child=3 4 -4 23 -6 10 7 29 11 -11 -12 -13 13 14 22 16 -18 18 20 -21 27 -23 -24 24 26 -27 -28 28 -30 -31
leaf_value=-0.015777124563533421 0.014069946312758048 -0.01523385725564015 0.00082149439155700479 -0.020140060490819855 0.0053263816983623868 0.014114038276342833 -0.002722487192435754 0.0020955306298634378 0.018552505751498617 -0.089226018527763032 0.012926761947823891 0.0016268309496052854 -0.028081778484603848 -0.13648112895430184 0.010024860352277757 0.060319599728359256 -0.020428239947079489 -0.0076609154668580183 -0.038487462441263977 -0.030973918883565089 -0.020802929005413952 0.039687659968504353 -0.13337569473420871 -0.0022171975300350403 -0.010140714041269249 -0.00037037391003033918 -0.036537871371020665 0.052713191757859129 -0.0017144054925748423 -0.012582669812670486
leaf_weight=11616 5035 2252 6336 2085 16890 2376 5888 75881 234 124 13068 462 409 261 95 467 265 495 1058 389 1709 831 51 6704 2962 54488 1730 284 1630 3216
leaf_count=11616 5035 2252 6336 2085 16890 2376 5888 75881 234 124 13068 462 409 261 95 467 265 495 1058 389 1709 831 51 6704 2962 54488 1730 284 1630 3216
internal_value=5.973e-12 -0.00329989 -0.00991879 0.000671834 0.00290753 0.00256234 0.00124846 0.000503194 -0.00996252 -0.00450666 0.00789745 -0.031656 -0.0463005 -0.0648981 -0.101895 0.000982143 0.0310871 -0.00153004 -0.00734153 0.00999384 -0.0136928 0.0220123 -0.0400671 -0.00250532 -0.00948679 -0.00109899 -0.0198737 -0.00645215 0.00636158 0.00149873
internal_weight=219291 37094 17952 182197 19142 114228 91656 86621 7524 6012 22572 1512 1050 816 407 9504 732 8772 6396 1715 4681 1326 146 67969 11396 56573 4692 3623 1914 79097
internal_count=219291 37094 17952 182197 19142 114228 91656 86621 7524 6012 22572 1512 1050 816 407 9504 732 8772 6396 1715 4681 1326 146 67969 11396 56573 4692 3623 1914 79097
is_linear=0
shrinkage=0.05


Tree=99
num_leaves=31
num_cat=0
split_feature=13 13 12 10 5 11 7 12 11 3 11 1 11 10 10 10 2 1 10 10 11 10 12 2 11 9 10 10 11 7
split_gain=186.702 371.064 649.571 466.598 622.006 406.798 351.22 357.037 347.759 428.383 383.256 320.074 293.618 632.128 309.196 278.513 269.578 258.084 256.638 405.01 235.93 235.017 297.223 271.206 221.143 244.858 217.881 361.912 419.787 312.998
threshold=80.250000000000014 78.750000000000014 15.250000000000002 0.6186656951904298 31.929214477539066 -0.15855351090431211 32.123796463012702 19.250000000000004 -0.99759334325790394 34.256374359130866 -0.99271196126937855 28.108356475830082 0.69635042548179638 0.69636976718902599 0.7086201310157777 0.030120026320219043 6.7948455810546884 32.831197738647468 0.82876241207122814 0.68391311168670665 0.96457844972610485 -0.99466162919998158 18.750000000000004 3.4730851650238042 -0.99626126885414112 31.306705474853519 -0.97109106183052052 -0.49002411961555475 -0.80389818549156178 31.336904525756839
decision_type=2 2 2 2 2 2 2 2 2 2 2 2 2 2 2 2 2 2 2 2 2 2 2 2 2 2 2 2 2 2
left_child=1 2 -1 6 -5 24 8 -8 9 15 16 20 17 -14 -15 -4 -10 -6 19 -19 -7 22 -12 26 25 -3 -23 28 29 -28
right_child=-2 5 3 4 12 11 7 -9 10 -11 21 -13 13 14 -16 -17 -18 18 -20 -21 -22 23 -24 -25 -26 -27 27 -29 -30 -31
leaf_value=-0.0053710533785159805 -0.0025353482072766795 0.083664617253773249 -0.010507942247204484 0.040033642396565705 0.042556935404597901 0.03261477022411962 -0.011094810400215894 0.0071557905672991239 -0.03117173406593365 0.16814257245797379 0.0081808142207214617 -0.0010024443201053473 0.0031395700584224626 -0.20305713103367734 -0.049990793740126632 0.093842735806746153 -0.16321689747575741 0.027118499101741741 0.010020735709235331 -0.01204473727075606 -0.0082203456557380442 -0.016119403150406744 0.054294486470072782 -0.0086905837688504607 0.010296119307402327 -0.014176181900628096 0.083927759179878519 -0.00073286416654708597 0.0096327072772551328 -0.0018826981803079347
leaf_weight=45822 54550 67 184 1489 508 1252 11136 3529 136 65 1388 27606 348 65 67 98 54 822 12248 3353 493 1310 467 5396 22638 1403 338 12770 9534 155
leaf_count=45822 54550 67 184 1489 508 1252 11136 3529 136 65 1388 27606 348 65 67 98 54 822 12248 3353 493 1310 467 5396 22638 1403 338 12770 9534 155
internal_value=-3.37418e-12 0.000839519 -0.0008052 0.0023909 0.00901655 0.00426322 -0.00029864 -0.00670297 0.00264601 0.0524276 0.00209845 0.000310299 0.00636395 -0.032199 -0.125364 0.0257558 -0.0687004 0.00745723 0.00637151 -0.00433404 0.021078 0.00252743 0.01979 0.00144204 0.00907582 -0.00971677 0.00371008 0.00484956 0.0119591 0.0569488
internal_weight=219291 164741 111282 65460 18900 53459 46560 14665 31895 347 31548 29351 17411 480 132 282 190 16931 16423 4175 1745 31358 1855 29503 24108 1470 24107 22797 10027 493
internal_count=219291 164741 111282 65460 18900 53459 46560 14665 31895 347 31548 29351 17411 480 132 282 190 16931 16423 4175 1745 31358 1855 29503 24108 1470 24107 22797 10027 493
is_linear=0
shrinkage=0.05


Tree=100
num_leaves=31
num_cat=0
split_feature=10 11 13 6 10 2 9 10 11 11 11 7 1 9 9 3 10 12 1 7 3 11 11 7 10 4 1 11 10 3
split_gain=176.401 335.889 326.318 303.133 470.771 579.702 481.868 306.84 291.31 279.264 487.246 301.461 329.446 386.246 308.664 288.108 276.278 386.846 410.35 391.874 300.952 273.566 445.621 327.426 293.94 257.684 251.877 251.045 325.591 604.199
threshold=0.012910176534205677 -0.97870382666587818 82.250000000000014 0.15018304437398913 -0.012910176534205673 0.17870478332042697 33.419498443603523 -0.030120026320219036 -0.97106409072875965 -0.95234230160713185 -0.90146830677986134 32.391918182373054 30.261632919311527 29.56772613525391 29.745175361633304 31.345575332641605 -0.1330134719610214 16.250000000000004 31.712697982788089 32.32185363769532 32.753747940063484 -0.95744973421096791 -0.90878397226333607 37.387052536010749 0.34964421391487127 2.3865234851837163 30.680294990539554 0.99814856052398693 -0.22611359506845471 31.113317489624027
decision_type=2 2 2 2 2 2 2 2 2 2 2 2 2 2 2 2 2 2 2 2 2 2 2 2 2 2 2 2 2 2
left_child=1 2 3 -1 6 -6 16 26 -3 11 25 12 14 -14 -10 -15 20 -18 19 -19 -5 -2 23 -23 -25 -11 -8 28 -12 -30
right_child=21 8 -4 4 5 -7 7 -9 9 10 27 -13 13 15 -16 -17 17 18 -20 -21 -22 22 -24 24 -26 -27 -28 -29 29 -31
leaf_value=-0.029013776332638727 0.0094709049952057724 0.023786974233073403 0.018487738748393746 0.00097511196283833431 0.079530953139319654 -0.012718347672757001 0.036476118618769475 0.086438946413286671 -0.02308121392886496 0.027623256678546617 -0.0016833571282575009 0.024948507626659684 -0.0084104699177154612 -0.098223690057588964 0.036227018132698366 -0.02624676990341647 -0.0061045979066221834 -0.13253885015313113 -0.02484425502409647 -0.035945138612268716 -0.065645186782714124 -0.023040445390119919 0.0014111934693211965 -0.012721323155881998 0.032159173403181245 0.0044170135652150302 -0.011913278642863115 -0.017238218118256727 0.0051860546135506997 0.058989854887179533
leaf_weight=2459 9648 1206 819 1003 324 359 380 118 739 2195 86229 353 414 372 312 222 441 280 364 168 204 3296 93867 926 602 2629 920 2412 5453 577
leaf_count=2459 9648 1206 819 1003 324 359 380 118 739 2195 86229 353 414 372 312 222 441 280 364 168 204 3296 93867 926 602 2629 920 2412 5453 577
internal_value=-2.43333e-12 -0.00140131 -0.0113789 -0.0148634 -0.00723439 0.0310427 -0.0139758 0.00923872 -0.000642779 -0.000931889 -0.000524355 -0.0177427 -0.0250617 -0.0454841 -0.00547496 -0.0713232 -0.0273572 -0.043803 -0.0642771 -0.0963162 -0.0102847 0.00143511 0.000649533 -0.0141711 0.00496065 0.0149762 0.00223131 -0.00131419 -0.00089788 0.0103344
internal_weight=219291 110952 7839 7020 4561 683 3878 1418 103113 101907 99495 2412 2059 1008 1051 594 2460 1253 812 448 1207 108339 98691 4824 1528 4824 1300 94671 92259 6030
internal_count=219291 110952 7839 7020 4561 683 3878 1418 103113 101907 99495 2412 2059 1008 1051 594 2460 1253 812 448 1207 108339 98691 4824 1528 4824 1300 94671 92259 6030
is_linear=0
shrinkage=0.05


Tree=101
num_leaves=31
num_cat=0
split_feature=13 11 12 11 12 12 12 10 12 10 9 3 10 11 11 13 10 9 10 9 10 10 9 10 10 10 9 3 11 7
split_gain=172.174 537.489 395.643 389.823 293.312 292.313 259.639 331.757 418.847 257.328 256.561 250.586 561.693 522.787 337.89 363.01 349.399 723.981 312.084 279.09 250.913 562.764 439.444 443.17 634.063 314.206 648.826 254.878 243.112 236.712
threshold=76.750000000000014 -0.05591491982340812 17.250000000000004 0.38167507946491247 19.750000000000004 12.750000000000002 19.750000000000004 -0.78297284245491017 14.750000000000002 -0.81403854489326466 29.148283004760746 30.320503234863285 0.25118774175643926 0.93225467205047619 0.88201534748077404 81.250000000000014 -0.42109696567058558 29.025920867919925 0.26781183481216436 29.495378494262699 0.72066047787666332 0.53436762094497692 28.380756378173832 0.31718835234642034 0.41327477991580969 0.5772862732410432 29.709169387817386 28.994509696960453 0.69635042548179638 30.310089111328129
decision_type=2 2 2 2 2 2 2 2 2 2 2 2 2 2 2 2 2 2 2 2 2 2 2 2 2 2 2 2 2 2
left_child=1 2 -1 4 10 -3 7 8 -5 -10 -2 12 -9 14 15 29 17 -16 -15 -18 21 22 23 -14 -25 26 -23 -28 -8 -13
right_child=3 5 -4 6 -6 -7 28 11 9 -11 -12 13 20 18 16 -17 19 -19 -20 -21 -22 25 -24 24 -26 -27 27 -29 -30 -31
leaf_value=-0.014802066048301166 0.010004210292651717 -0.014197570794529457 0.00073046288214323116 -0.031404305321519055 0.0099422818402926157 0.0049797724772084545 0.0019823051556619466 -0.00074286041644011961 0.001168957453911773 -0.027111367758976726 0.00082261867334492843 0.014694264300058832 0.034745366826435364 0.0059778512221161711 0.047162789226110495 -0.02280026216094274 -0.051614222068747044 -0.10599536212269998 0.04039654065092077 -0.008702754940786853 0.04325413853206575 0.019800461018642135 0.034888710437212755 -0.062909815574361441 0.02766932327690887 0.0011586278556964488 -0.18042907070469213 -0.067755614496612313 -0.018039002254939093 -0.0036325062704019927
leaf_weight=11616 8276 2252 6336 1920 11628 16890 2244 20780 4290 990 94324 2007 538 3432 105 2252 448 291 815 2457 741 196 2702 451 338 1638 74 156 4675 14429
leaf_count=11616 8276 2252 6336 1920 11628 16890 2244 20780 4290 990 94324 2007 538 3432 105 2252 448 291 815 2457 741 196 2702 451 338 1638 74 156 4675 14429
internal_value=2.75435e-12 -0.00310501 -0.00932 0.000632157 0.00241619 0.00272361 -0.00236607 -0.00132572 -0.0114058 -0.0041336 0.00156323 2.20337e-05 0.00334664 -0.00347719 -0.00657905 -0.00397411 -0.0213264 -0.0653852 0.0125828 -0.0153204 0.0157815 0.0124404 0.0233165 -0.000246487 -0.0241066 -0.00879017 -0.047044 -0.104007 -0.0115456 -0.00139462
internal_weight=219291 37094 17952 182197 114228 19142 67969 61050 7200 5280 102600 53850 27614 26236 21989 18688 3301 396 4247 2905 6834 6093 4029 1327 789 2064 426 230 6919 16436
internal_count=219291 37094 17952 182197 114228 19142 67969 61050 7200 5280 102600 53850 27614 26236 21989 18688 3301 396 4247 2905 6834 6093 4029 1327 789 2064 426 230 6919 16436
is_linear=0
shrinkage=0.05


Tree=102
num_leaves=31
num_cat=0
split_feature=13 13 12 10 5 11 11 11 10 5 1 10 10 12 11 10 10 7 10 3 7 3 0 1 11 10 3 10 9 3
split_gain=172.409 336.652 534.673 416.457 561.971 365.711 309.592 452.283 397.567 496.257 346.683 334.036 647.779 304.201 303.093 635.917 319.33 262.095 274.309 343.668 596.025 282.764 258.973 256.702 246.831 240.817 657.234 366.083 474.022 634.024
threshold=80.250000000000014 79.250000000000014 15.250000000000002 0.6186656951904298 31.929214477539066 -0.15855351090431211 -0.12447465583682059 1.0000000180025095e-35 -0.90880924463272084 32.095417022705085 28.348099708557132 -0.72660079598426808 -0.61188074946403492 18.750000000000004 0.69635042548179638 0.69636976718902599 0.7086201310157777 28.7001485824585 -0.67760851979255665 32.639993667602546 32.789827346801765 26.302831649780277 0.10764911398291589 27.294301986694339 -0.14153505116701123 -0.78297284245491017 28.283639907836918 -0.82391539216041554 30.635138511657718 32.132425308227546
decision_type=2 2 2 2 2 2 2 2 2 2 2 2 2 2 2 2 2 2 2 2 2 2 2 2 2 2 2 2 2 2
left_child=1 2 -1 6 -5 -3 8 -8 9 -4 -9 25 17 -11 -6 -16 -17 23 21 -20 -21 -19 -7 -13 -24 26 -10 -28 29 -29
right_child=-2 5 3 4 14 22 7 10 11 13 -12 12 -14 -15 15 16 -18 18 19 20 -22 -23 24 -25 -26 -27 27 28 -30 -31
leaf_value=-0.0042004680027658723 -0.0024363712413069888 0.010812000958767377 -0.0078995689758498602 0.035133483592897002 0.0067730271914059163 -0.0024177818558437005 0.030570266153569354 0.021143046712554098 -0.086383728507687066 -0.066907002149533878 0.00040790036918392182 -0.065113059103134127 -0.0010843475018073043 -0.0082271657090610892 0.0029825236522675971 -0.18892633988485708 -0.045389637580284706 -0.11118432407577833 -0.083631005526009036 0.059774633078909616 -0.07692989991195899 -0.0066476030997475802 -0.081052287558891947 0.037015173119776278 0.013688486889848091 0.032218177495114068 0.021641126212803903 -0.012457872136972572 0.030891724173696618 -0.14049397596846455
leaf_weight=53459 54550 15744 2751 1770 19734 15251 1470 2194 187 708 24826 84 16170 321 391 77 78 72 541 139 187 637 70 230 3847 1050 2003 323 289 138
leaf_count=53459 54550 15744 2751 1770 19734 15251 1470 2194 187 708 24826 84 16170 321 391 77 78 72 541 139 187 637 70 230 3847 1050 2003 323 289 138
internal_value=1.44567e-12 0.000806745 -0.000365346 0.00231924 0.00811445 0.00516546 -3.3197e-05 0.00356099 -0.00399752 -0.0189796 0.00209158 -0.00142917 -0.00432178 -0.0486016 0.00575628 -0.0309919 -0.116695 -0.0320198 -0.0403308 -0.0591945 -0.0186418 -0.0172635 0.000527565 0.00969424 0.0119954 0.0116637 0.00432281 0.0104841 -0.0193125 -0.0507854
internal_weight=219291 164741 129829 76370 22050 34912 54320 28490 25830 3780 27020 22050 18060 1029 20280 546 155 1890 1576 867 326 709 19168 314 3917 3990 2940 2753 750 461
internal_count=219291 164741 129829 76370 22050 34912 54320 28490 25830 3780 27020 22050 18060 1029 20280 546 155 1890 1576 867 326 709 19168 314 3917 3990 2940 2753 750 461
is_linear=0
shrinkage=0.05


Tree=103
num_leaves=31
num_cat=0
split_feature=11 5 12 13 13 11 12 12 13 11 7 11 1 1 11 11 1 13 1 10 10 10 11 9 12 10 5 10 11 13
split_gain=159.573 195.826 281.976 170.861 267.299 483.681 350.841 248.444 197.574 190.28 300.736 238.149 380.832 222.893 272.214 253.521 218.766 204.732 216.1 202.803 194.702 184.694 464.159 326.757 583.701 439.291 466.477 430.042 285.585 279.312
threshold=0.99903711676597606 31.31473541259766 18.750000000000004 80.750000000000014 76.750000000000014 -0.05591491982340812 17.250000000000004 12.750000000000002 76.250000000000014 0.39752808213233953 30.310089111328129 0.6838940978050233 30.825210571289066 28.618703842163089 0.95989713072776806 0.98662140965461742 26.807077407836918 83.250000000000014 35.94304275512696 -0.24284747242927548 0.081675637513399138 -0.012910176534205673 -0.98798605799674977 33.750249862670906 15.750000000000002 -0.11593352630734442 33.476732254028327 -0.030120026320219036 -0.95744973421096791 79.250000000000014
decision_type=2 2 2 2 2 2 2 2 2 2 2 2 2 2 2 2 2 2 2 2 2 2 2 2 2 2 2 2 2 2
left_child=3 -2 -3 4 5 6 -1 8 -7 17 13 -12 -13 14 16 -15 -11 -5 -19 -16 -21 22 23 24 -6 -26 -27 -25 -23 -24
right_child=1 2 -4 9 21 7 -8 -9 -10 10 11 12 -14 15 19 -17 -18 18 -20 20 -22 28 29 27 25 26 -28 -29 -30 -31
leaf_value=-0.013933989945694045 -0.0074716120706052993 -0.021570070403144129 -0.13607901412330262 -0.0024999986335694922 0.00098154297692803019 0.00192347994074464 0.00069269138503483252 0.0048298576540940488 -0.028071499713572493 0.027345082412430579 -0.0090356238009283423 -0.016259534282846527 -0.065870744617310253 0.00089493625348935368 -0.10115463791123357 0.036097224849407132 -0.0082590680292177251 0.0126456387678902 -0.0074659503775224905 -0.0064406694621800464 -0.039141992524407844 0.013509613174983275 -0.0013155430848312616 -0.010683222122074424 -0.0087121699281149257 -0.12444209308546939 -0.039784475448802467 0.081755607019045537 0.0026687249436826753 0.0057585612071352002
leaf_weight=11616 2537 204 73 22080 677 1098 6336 16470 1098 581 3856 1321 547 5792 83 561 1676 5089 1811 1005 832 6750 43605 1242 290 330 321 140 60750 20520
leaf_count=11616 2537 204 73 22080 677 1098 6336 16470 1098 581 3856 1321 547 5792 83 561 1676 5089 1811 1005 832 6750 43605 1242 290 330 321 140 60750 20520
internal_value=-6.15276e-12 -0.01183 -0.0517475 0.000153779 0.000875736 -0.00291199 -0.00877163 0.00272352 -0.013074 -0.00257935 -0.0069095 -0.0161341 -0.030787 -0.00189511 -0.0108665 0.00400347 0.000906201 -0.000150695 0.00736708 -0.0247056 -0.0212515 0.001906 4.88627e-05 -0.0191738 -0.0344244 -0.0598972 -0.0826985 -0.00131894 0.00375281 0.00094817
internal_weight=219291 2814 277 216477 171243 36618 17952 18666 2196 45234 16254 5724 1868 10530 4177 6353 2257 28980 6900 1920 1837 134625 67125 3000 1618 941 651 1382 67500 64125
internal_count=219291 2814 277 216477 171243 36618 17952 18666 2196 45234 16254 5724 1868 10530 4177 6353 2257 28980 6900 1920 1837 134625 67125 3000 1618 941 651 1382 67500 64125
is_linear=0
shrinkage=0.05


Tree=104
num_leaves=31
num_cat=0
split_feature=1 10 10 10 11 3 12 13 12 11 13 11 10 11 11 10 10 10 1 13 12 5 7 11 11 11 8 3 11 7
split_gain=148.339 285.983 236.598 382.262 238.557 179.048 205.038 156.476 284.495 617.596 423.496 405.686 354.637 618.774 507.567 314.701 294.012 290.645 289.337 270.917 265.541 382.453 323.517 223.863 428.87 468.149 450.379 448.98 323.72 335.926
threshold=25.89040565490723 0.26781183481216436 -0.20931270718574521 -0.42109696567058558 -0.69014781713485707 25.124748229980472 15.250000000000002 80.250000000000014 18.750000000000004 0.79874977469444286 79.250000000000014 -0.63872575759887684 -0.38168568909168238 0.88999459147453319 -0.021515300963073965 -0.34964421391487116 -0.99466162919998158 -0.12447811290621756 28.568141937255863 77.250000000000014 15.250000000000002 30.848354339599613 28.494501113891605 0.83824864029884349 0.77756834030151378 0.72064045071601879 1.0000000180025095e-35 31.464907646179203 0.57727023959159862 29.149566650390629
decision_type=2 2 2 2 2 2 2 2 2 2 2 2 2 2 2 2 2 2 2 2 2 2 2 2 2 2 2 2 2 2
left_child=1 2 3 4 -1 6 -6 8 10 16 12 -12 13 23 15 -14 -10 -11 -13 -17 22 -22 -15 24 25 28 27 -26 -2 -30
right_child=7 -3 -4 -5 5 -7 -8 -9 9 17 11 18 14 20 -16 19 -18 -19 -20 -21 21 -23 -24 -25 26 -27 -28 -29 29 -31
leaf_value=-0.054054952058833941 -0.0032619354252474276 0.033723357033882358 -0.038274680508059523 0.024455100278516832 -0.067731301513309264 0.001784976341496272 0.019927758305995285 -0.0021715004299755754 0.035948712299237753 0.0040001913913733532 0.015001110145278199 0.026883405676601909 0.035471741381645348 -0.024160565298893162 0.0050963456571046402 -0.0096834139561444883 0.007859576545720821 -0.018766650085224813 0.00023935761134124962 -0.00038392117482995391 0.004623103645465549 -0.076546600062737072 -0.094373361550196155 0.014704755916330811 0.0066799925047932212 0.024773881111287671 -0.06127429427113993 -0.076268537092921487 -0.05048535158219139 -0.011190279795332655
leaf_weight=391 29890 334 807 687 224 930 95 53801 972 2409 7912 1076 505 312 33106 13549 22412 3353 19210 18560 536 199 346 1523 866 1391 669 201 711 2314
leaf_count=391 29890 334 807 687 224 930 95 53801 972 2409 7912 1076 505 312 33106 13549 22412 3353 19210 18560 536 199 346 1523 866 1391 669 201 711 2314
internal_value=2.2011e-12 -0.0102588 -0.0149461 -0.00685581 -0.019972 -0.00930236 -0.0416259 0.000164846 0.000940653 0.00541422 -4.06125e-05 0.00539802 -0.00150566 -0.0052856 0.000735038 -0.00369206 0.00902715 -0.0092482 0.0016526 -0.00430802 -0.0380087 -0.0173535 -0.061081 -0.00407215 -0.0048656 -0.00363867 -0.0291115 -0.00894574 -0.00483939 -0.0204262
internal_weight=219291 3468 3134 2327 1640 1249 319 215823 162022 29146 132876 28198 104678 38958 65720 32614 23384 5762 20286 32109 1393 735 658 37565 36042 34306 1736 1067 32915 3025
internal_count=219291 3468 3134 2327 1640 1249 319 215823 162022 29146 132876 28198 104678 38958 65720 32614 23384 5762 20286 32109 1393 735 658 37565 36042 34306 1736 1067 32915 3025
is_linear=0
shrinkage=0.05


Tree=105
num_leaves=31
num_cat=0
split_feature=10 10 7 0 10 11 10 12 10 10 9 9 1 12 13 11 1 11 5 12 11 10 12 9 10 1 11 10 9 12
split_gain=143.061 241.179 333.168 311.064 251.405 471.283 520.177 245.284 200.899 157.902 184.56 163.132 322.073 283.328 171.593 150.46 147.621 129.108 176.758 250.342 137.441 829.181 592.48 555.421 495.345 360.001 327.112 333.867 519.209 397.218
threshold=0.89773505926132213 0.94970905780792247 39.564310073852546 0.10764911398291589 0.97505551576614391 0.047319635748863227 0.98521098494529735 18.750000000000004 0.98930501937866222 0.91927745938301098 39.559928894042976 35.30293273925782 34.905132293701179 17.750000000000004 80.750000000000014 0.31717954576015478 35.303436279296882 0.99903711676597606 31.31473541259766 18.750000000000004 0.93225467205047619 0.25118774175643926 19.250000000000004 26.767618179321293 0.30081701278686529 31.205601692199711 0.88999459147453319 -0.42109696567058558 28.546951293945316 16.750000000000004
decision_type=2 2 2 2 2 2 2 2 2 2 2 2 2 2 2 2 2 2 2 2 2 2 2 2 2 2 2 2 2 2
left_child=17 2 9 4 -3 6 -6 -8 -7 10 -2 12 -11 -14 -15 16 -13 20 -19 -20 26 22 25 24 -23 -22 -1 28 -28 -30
right_child=1 3 -4 -5 5 8 7 -9 -10 11 -12 15 13 14 -16 -17 -18 18 19 -21 21 23 -24 -25 -26 -27 27 -29 29 -31
leaf_value=-0.00038629793006898349 -0.0040073282238928436 -0.010328875990679864 0.038436602560874319 0.017816588527280332 0.021171347158465015 0.0010708069169886728 -0.016417604476225405 0.0047789096052975573 0.02100573581972064 0.0099064075051548423 0.05913137192217012 -0.050772210159675063 0.027996169655321385 0.12256357289665605 0.029254999151945273 -0.019864506079368557 0.012489252695099798 -0.0070158864383776283 -0.020646525591819585 -0.1285413286865574 0.00075752347601975613 0.025617271636733094 -0.020392633236800642 0.030702007459469383 -0.064762762271034446 0.030691940544612474 1.6953279818233256e-05 -0.0064594307793751013 -0.12130600964331047 -0.038134352744155976
leaf_weight=154971 3261 5986 913 2261 1528 2024 5310 1837 3365 2045 120 97 543 161 71 567 1870 2537 204 73 13676 294 3330 3614 313 1084 559 6030 215 432
leaf_count=154971 3261 5986 913 2261 1528 2024 5310 1837 3365 2045 120 97 543 161 71 567 1870 2537 204 73 13676 294 3330 3614 313 1084 559 6030 215 432
internal_value=-2.341e-12 0.00309193 0.00969711 0.000235645 -0.00174692 0.00190577 -0.00530822 -0.0109694 0.0135186 0.00669319 -0.00176638 0.0120353 0.0203086 0.0477571 0.0940079 0.00282826 0.0093696 -0.000527487 -0.0111566 -0.0490809 -0.000365387 0.00331407 -0.00134204 0.0232688 -0.0209873 0.00295596 -0.000871483 -0.0112625 -0.0352781 -0.0657725
internal_weight=219291 31959 9648 22311 20050 14064 8675 7147 5389 8735 3381 5354 2820 775 232 2534 1967 187332 2814 277 184518 22311 18090 4221 607 14760 162207 7236 1206 647
internal_count=219291 31959 9648 22311 20050 14064 8675 7147 5389 8735 3381 5354 2820 775 232 2534 1967 187332 2814 277 184518 22311 18090 4221 607 14760 162207 7236 1206 647
is_linear=0
shrinkage=0.05


Tree=106
num_leaves=31
num_cat=0
split_feature=1 10 10 10 11 3 9 13 12 11 13 11 10 11 10 10 10 10 10 7 10 10 10 7 1 5 12 11 9 9
split_gain=131.722 256.045 210.411 345.304 215.499 165.769 143.536 138.213 258.183 530.971 384.058 367.622 311.152 374.049 336.882 335.735 465.857 589.48 440.693 277.98 266.89 266.626 264.297 283.53 261.031 254.841 402.823 368.842 349.76 247.136
threshold=25.89040565490723 0.26781183481216436 -0.20931270718574521 -0.42109696567058558 -0.69014781713485707 26.302831649780277 27.809850692749027 80.250000000000014 18.750000000000004 0.78827583789825451 79.250000000000014 -0.63872575759887684 0.047320950776338584 -0.021515300963073965 0.28435654938220983 0.54883790016174328 0.69636976718902599 0.83354803919792186 0.98801350593566906 32.356470108032234 -0.99273952841758717 -0.12447811290621756 0.49002411961555487 34.825277328491218 28.568141937255863 33.17790603637696 16.250000000000004 -0.99626126885414112 31.070920944213871 39.892511367797859
decision_type=2 2 2 2 2 2 2 2 2 2 2 2 2 2 2 2 2 2 2 2 2 2 2 2 2 2 2 2 2 2
left_child=1 2 3 4 -1 -6 -5 8 10 20 12 -12 25 14 -14 22 -17 19 -19 -18 -10 -11 23 -16 -13 -2 -27 28 -28 -24
right_child=7 -3 -4 6 5 -7 -8 -9 9 21 11 24 13 -15 15 16 17 18 -20 -21 -22 -23 29 -25 -26 26 27 -29 -30 -31
leaf_value=-0.05133288962003725 -0.0031488479197009644 0.031949289812787274 -0.036102034023179921 0.0031636766065995013 -0.026767201187371571 0.0096671272364789746 0.049243682297257091 -0.0020404344040866793 0.03221162638263169 0.0042415718931083412 0.014270369500086375 0.025528370516247473 0.010152968717977374 0.0055266623227164871 -0.025713897395417868 0.015021108045473611 -0.072292806715567537 0.0061857787053600111 -0.018680255605291757 -0.019669072974869976 0.0073401843099721231 -0.017248060323536336 -0.026454262623926351 0.0016968134806774891 0.00022117286677061411 -0.0063441149421966424 0.11921156392246486 -0.064162637723857704 -0.02159305476103561 -0.084825554604633785
leaf_weight=391 49078 334 807 387 633 616 300 53801 1134 2490 7912 1076 4096 26101 1696 3216 272 7350 2352 3243 22088 3434 952 2126 19210 2853 50 695 374 224
leaf_count=391 49078 334 807 387 633 616 300 53801 1134 2490 7912 1076 4096 26101 1696 3216 272 7350 2352 3243 22088 3434 952 2126 19210 2853 50 695 374 224
internal_value=1.25088e-12 -0.00966715 -0.0141023 -0.00647288 -0.0189389 -0.00879799 0.0232859 0.000155339 0.000884467 0.00514615 -5.03218e-05 0.00512889 -0.00144549 0.00131782 -0.00298567 -0.00549679 -0.00204546 -0.00619815 0.000157649 -0.0237412 0.00855473 -0.00821545 -0.0168445 -0.0104666 0.0015635 -0.00413473 -0.0163162 -0.0417411 -0.00498874 -0.0375726
internal_weight=219291 3468 3134 2327 1640 1249 687 215823 162022 29146 132876 28198 104678 51628 25527 21431 16433 13217 9702 3515 23222 5924 4998 3822 20286 53050 3972 1119 424 1176
internal_count=219291 3468 3134 2327 1640 1249 687 215823 162022 29146 132876 28198 104678 51628 25527 21431 16433 13217 9702 3515 23222 5924 4998 3822 20286 53050 3972 1119 424 1176
is_linear=0
shrinkage=0.05


Tree=107
num_leaves=31
num_cat=0
split_feature=12 13 11 10 10 10 10 13 7 9 3 1 13 12 1 13 10 0 1 7 1 9 11 10 10 0 9 10 11 3
split_gain=127.078 381.252 253.231 203.639 279.322 351.825 319.092 239.684 187.141 203.471 322.772 186.449 178.364 316.574 174.296 168.083 168.078 165.606 159.089 148.64 147.094 213.394 171.407 356.417 183.249 237.577 208.349 324.308 145.602 140.674
threshold=13.750000000000002 78.750000000000014 -0.17552498728036878 0.91585582494735729 0.94970905780792247 0.97109106183052074 0.99628895521163952 78.750000000000014 40.089426040649421 35.30293273925782 34.064371109008796 33.874782562255866 81.750000000000014 17.250000000000004 34.326354980468757 81.250000000000014 0.92913278937339794 3.8964523077011113 38.872186660766609 37.661920547485359 25.89040565490723 30.081488609313968 0.53435277938842785 -0.29259762167930597 -0.45206801593303675 0.12395858764648439 27.879224777221683 -0.79356426000595082 0.047319635748863227 33.423013687133796
decision_type=2 2 2 2 2 2 2 2 2 2 2 2 2 2 2 2 2 2 2 2 2 2 2 2 2 2 2 2 2 2
left_child=1 20 18 -2 8 14 11 -8 9 10 -5 15 13 -12 -6 -7 -10 -4 -3 -11 -1 22 -22 24 26 -26 27 -24 -9 -13
right_child=3 2 17 4 5 6 7 28 16 19 12 29 -14 -15 -16 -17 -18 -19 -20 -21 21 -23 23 -25 25 -27 -28 -29 -30 -31
leaf_value=-0.022236886727787404 -0.0001087379500626348 0.015326432094612383 -0.0053496579854762742 0.0012701926166083732 0.014979242894267936 0.12177064780553337 0.0073616357263599011 -0.020396658350448103 0.08073665644764344 -0.0078648503165951698 0.025876297330173353 0.086361419552316271 -0.0047793893898007735 0.08317305768681714 -0.014087392707173629 0.030732849924028357 0.02280795582398738 0.016815251122705505 -0.036156483163715405 0.015112843078689042 0.0054481508126251873 -0.0096338898746815421 -0.11437237713242246 0.0030791688027117445 -0.071952474657272197 -0.0010663785006559596 0.0012591464490458364 -0.020582730314349477 0.008793623601317524 0.0095365030416150378
leaf_weight=1315 158149 4705 5038 930 594 64 2340 2136 187 1513 600 60 183 403 3915 244 379 1012 155 1316 6221 12639 107 3744 348 179 966 665 534 8650
leaf_count=1315 158149 4705 5038 930 594 64 2340 2136 187 1513 600 60 183 403 3915 244 379 1012 155 1316 6221 12639 107 3744 348 179 966 665 534 8650
internal_value=-7.84547e-13 -0.00266755 0.00518534 0.000543094 0.0048298 0.00189161 0.00579693 -0.00432041 0.0147128 0.0115956 0.0233229 0.0114177 0.0406154 0.0488978 -0.0102583 0.0496498 0.0419469 -0.00164207 0.0136845 0.00282396 -0.00593959 -0.00507784 -0.000369421 -0.00639224 -0.0220483 -0.0478754 -0.0142169 -0.0335821 -0.0145586 0.0100657
internal_weight=219291 37094 10910 182197 24048 18537 14028 5010 5511 4945 2116 9018 1186 1003 4509 308 566 6050 4860 2829 26184 24869 12230 6009 2265 527 1738 772 2670 8710
internal_count=219291 37094 10910 182197 24048 18537 14028 5010 5511 4945 2116 9018 1186 1003 4509 308 566 6050 4860 2829 26184 24869 12230 6009 2265 527 1738 772 2670 8710
is_linear=0
shrinkage=0.05


Tree=108
num_leaves=31
num_cat=0
split_feature=13 11 11 12 12 9 10 10 1 1 11 5 10 3 0 6 11 10 10 8 10 10 7 10 10 10 10 12 5 10
split_gain=123.415 396.34 300.097 278.631 244.945 251.556 219.289 428.599 344.244 316.591 332.169 454.545 250.227 304.263 249.649 235.446 230.711 364.7 339.39 356.127 370.494 448.898 329.067 333.013 322.486 429.6 376.299 351.602 491.245 322.595
threshold=76.750000000000014 -0.05591491982340812 0.38167507946491247 16.750000000000004 19.750000000000004 29.148283004760746 -0.98521098494529713 -0.99052327871322621 34.326354980468757 32.198387145996101 -0.15855351090431211 30.818958282470707 -0.98801350593566883 31.70782566070557 32.250623703002937 5.7218804359436044 0.047319635748863227 -0.98211652040481556 0.98801350593566906 0.17694809287786487 -0.48250326514244074 -0.30081701278686518 30.811124801635746 -0.23448921740055081 -0.67760851979255665 -0.61188074946403492 -0.56314551830291737 15.750000000000002 28.443181037902836 -0.86958134174346913
decision_type=2 2 2 2 2 2 2 2 2 2 2 2 2 2 2 2 2 2 2 2 2 2 2 2 2 2 2 2 2 2
left_child=1 3 4 -1 5 -2 7 8 14 10 -9 15 -13 -14 -7 -12 17 -8 19 -19 24 -22 23 -23 29 27 -27 -26 -29 -21
right_child=2 -3 -4 -5 -6 6 16 9 -10 -11 11 12 13 -15 -16 -17 -18 18 -20 20 21 22 -24 -25 25 26 -28 28 -30 -31
leaf_value=-0.013177407612606244 0.0096792832416647823 0.0023762945432867061 -0.0020954261896294342 -0.0005204760650011263 0.0089781460791161193 -0.0019619198801726235 0.049361220687162137 0.0072980888293889476 -0.074452875922375081 0.0054608479368187177 0.0042429256366606728 -0.11713501506151175 -0.091746837718944471 0.046311936815900193 0.044704159703476985 -0.078299659417300937 0.007172812030337726 0.0040675542696192151 -0.012130273561881563 -0.013776669955786754 0.020543258298568692 -0.070350282985006882 0.00054290961304734623 -0.012632140477204607 -0.0034780849997432684 0.017791782240828266 -0.026709296878472084 0.0300927810754897 -0.079248807233944896 0.0074281062166804109
leaf_weight=10560 8276 19142 67969 7392 11628 5988 375 246 158 443 296 318 112 62 301 122 14104 38025 5400 4322 2539 299 13409 1522 327 764 1256 119 751 3066
leaf_count=10560 8276 19142 67969 7392 11628 5988 375 246 158 443 296 318 112 62 301 122 14104 38025 5400 4322 2539 299 13409 1522 327 764 1256 119 751 3066
internal_value=1.53392e-12 -0.00262883 0.000535211 -0.00796573 0.00210052 0.00132105 0.000587699 -0.00730686 -0.00155973 -0.0304787 -0.0442514 -0.0581867 -0.0907586 -0.0425535 0.000271581 -0.0198485 0.00132392 0.000180949 -7.59156e-05 0.000904423 -0.0033346 0.00107932 -0.00216553 -0.0221092 -0.0107302 -0.0239435 -0.0098782 -0.0476793 -0.0642929 -0.00497675
internal_weight=219291 37094 182197 17952 114228 102600 94324 8046 6447 1599 1156 910 492 174 6289 418 86278 72174 71799 66399 28374 17769 15230 1821 10605 3217 2020 1197 870 7388
internal_count=219291 37094 182197 17952 114228 102600 94324 8046 6447 1599 1156 910 492 174 6289 418 86278 72174 71799 66399 28374 17769 15230 1821 10605 3217 2020 1197 870 7388
is_linear=0
shrinkage=0.05


Tree=109
num_leaves=31
num_cat=0
split_feature=11 9 12 13 12 11 11 13 11 3 10 10 11 3 3 12 1 10 11 10 9 11 10 0 7 9 3 10 1 11
split_gain=119.938 165.805 187.934 131.592 228.822 415.062 404.449 391.365 384.827 339.09 317.311 457.213 495.86 314.156 307.904 475.849 307.611 300.751 399.181 286.076 275.838 263.059 416.851 256.829 240.342 238.004 229.297 239.837 337.818 312.379
threshold=0.99903711676597606 30.016159057617191 19.250000000000004 80.250000000000014 18.750000000000004 0.93225467205047619 0.78827583789825451 79.250000000000014 -0.15855351090431211 31.052600860595707 -0.030120026320219036 -0.20088869333267209 0.88999459147453319 34.39253234863282 29.50836277008057 14.750000000000002 30.596577644348148 -0.42888796329498285 -0.86092913150787342 0.49002411961555487 27.149890899658207 -0.67758968472480763 -0.61188074946403492 1.9508613348007204 31.635334014892582 30.983775138854984 24.554425239562992 -0.55601230263710011 28.108356475830082 0.77756834030151378
decision_type=2 2 2 2 2 2 2 2 2 2 2 2 2 2 2 2 2 2 2 2 2 2 2 2 2 2 2 2 2 2
left_child=3 -2 -3 4 5 7 21 10 -9 -7 11 12 17 -13 15 -12 -10 18 23 -17 -16 22 25 -1 26 -6 -20 29 -29 -28
right_child=1 2 -4 -5 6 9 -8 8 16 -11 14 13 -14 -15 20 19 -18 -19 24 -21 -22 -23 -24 -25 -26 -27 27 28 -30 -31
leaf_value=-0.015687519101196656 -0.0015571201957832754 -0.017766884337648479 -0.079401381640401614 -0.002008993261446314 -0.0026747521891277229 0.0054613953524365174 -0.0070142326586611339 0.010646126655403754 0.013639981451338224 0.030757577520477575 0.006282054238387247 -0.019452651782988099 -0.030069540374872857 -0.077733025439967046 0.06520357164173568 0.093484133757875551 -0.0057930211678766707 0.009827289957675631 -0.045911122294013562 0.019452946084008244 -0.00076854449553034887 0.011544251588042311 0.004228588830075485 -0.060576700310051301 -0.010260398833528018 -0.057369362944148662 -0.00063282199997137111 -0.010445352002115771 0.030172041447246275 -0.026505734463423802
leaf_weight=1003 1859 809 146 53850 351 12279 5751 12792 2574 1485 2008 2687 1764 253 159 286 9750 4116 281 240 45229 15552 6966 467 9400 459 23342 808 1397 1228
leaf_count=1003 1859 809 146 53850 351 12279 5751 12792 2574 1485 2008 2687 1764 253 159 286 9750 4116 281 240 45229 15552 6966 467 9400 459 23342 808 1397 1228
internal_value=1.20337e-12 -0.0102561 -0.0271895 0.00013332 0.000842695 -3.24777e-05 0.00486201 -0.000977366 0.00457129 0.0081906 -0.00244946 -0.00538039 -0.00409935 -0.0244679 0.000409549 0.0173716 -0.00173423 -0.00300969 -0.00440285 0.0597056 -0.000537436 0.00778983 0.000280989 -0.0299482 -0.0033728 -0.0336684 -0.000979853 -0.000508305 0.0152882 -0.00192594
internal_weight=219291 2814 955 216477 162627 133548 29079 119784 25116 13764 94668 46746 43806 2940 47922 2534 12324 42042 37926 526 45388 23328 7776 1470 36456 810 27056 26775 2205 24570
internal_count=219291 2814 955 216477 162627 133548 29079 119784 25116 13764 94668 46746 43806 2940 47922 2534 12324 42042 37926 526 45388 23328 7776 1470 36456 810 27056 26775 2205 24570
is_linear=0
shrinkage=0.05


Tree=110
num_leaves=31
num_cat=0
split_feature=13 11 11 12 12 12 9 12 10 12 1 11 10 10 3 3 9 9 11 10 10 10 1 1 11 5 3 11 10 3
split_gain=112.643 355.199 268.797 248.078 216.542 215.865 225.133 207.589 280.469 364.626 243.975 428.241 350.704 229.95 226.907 215.111 211.755 208.701 410.862 203.003 193.61 387.274 313.826 287.221 299.317 410.091 241.371 261.432 232.361 276.008
threshold=76.750000000000014 -0.05591491982340812 0.38167507946491247 16.750000000000004 12.750000000000002 19.750000000000004 29.148283004760746 19.750000000000004 -0.78297284245491017 14.750000000000002 28.348099708557132 0.95989713072776806 -0.38962684571743006 -0.81403854489326466 30.442558288574222 27.667638778686527 28.323177337646488 26.614676475524906 0.99164059758186351 -0.22611359506845471 -0.98521098494529713 -0.99052327871322621 34.754663467407234 32.198387145996101 -0.15855351090431211 30.848354339599613 29.722800254821781 1.0000000180025095e-35 -0.98801350593566883 32.033897399902351
decision_type=2 2 2 2 2 2 2 2 2 2 2 2 2 2 2 2 2 2 2 2 2 2 2 2 2 2 2 2 2 2
left_child=1 3 5 -1 -3 6 -2 8 9 -4 11 12 -10 -11 -15 -12 -14 18 -9 -13 21 22 26 24 -23 -26 27 -8 -27 -30
right_child=2 4 7 -5 -6 -7 20 17 10 13 15 19 16 14 -16 -17 -18 -19 -20 -21 -22 23 -24 -25 25 28 -28 -29 29 -31
leaf_value=-0.012481451146537701 0.0091681078873928814 -0.012337164220254361 -0.028975579189257888 -0.00053860871249335142 0.0041686002825792419 0.0084492299368097556 0.041761421909288512 -0.015491160712426573 0.0050870863100678267 0.0014814006623622218 0.023991341823542664 -0.043844935963587732 0.01301898727736278 -0.079772154812235388 -0.01474231760224807 -0.0017775132520456906 0.043802057551546286 -0.0073877972291567194 -0.11004159040983466 -0.0014015171646290961 0.0012590172321505061 0.006938581926918758 -0.096826021594598022 0.005354816506513759 -0.019367300472215424 -0.11229920158275782 -0.0045408676123948454 -0.0080072807025447085 -0.080506178531337722 0.05897966752573848
leaf_weight=10560 8276 2252 1920 7392 16890 11628 642 502 2693 4290 825 306 927 160 830 44142 1406 6268 149 3551 86278 246 85 443 425 313 5272 448 122 50
leaf_count=10560 8276 2252 1920 7392 16890 11628 642 502 2693 4290 825 306 927 160 830 44142 1406 6268 149 3551 86278 246 85 443 425 313 5272 448 122 50
internal_value=-3.00564e-13 -0.00251149 0.000511321 -0.00756381 0.00222675 0.00199275 0.00126102 -0.00197835 -0.00104811 -0.0103163 0.000191093 0.0077632 0.0173804 -0.00353115 -0.0252522 -0.00130474 0.0315706 -0.0101864 -0.0371317 -0.00476882 0.000567246 -0.00685068 -0.00138764 -0.0288771 -0.0419954 -0.0552237 -0.000112525 0.021306 -0.0866442 -0.039958
internal_weight=219291 37094 182197 17952 19142 114228 102600 67969 61050 7200 53850 8883 5026 5280 990 44967 2333 6919 651 3857 94324 8046 6447 1599 1156 910 6362 1090 485 172
internal_count=219291 37094 182197 17952 19142 114228 102600 67969 61050 7200 53850 8883 5026 5280 990 44967 2333 6919 651 3857 94324 8046 6447 1599 1156 910 6362 1090 485 172
is_linear=0
shrinkage=0.05


Tree=111
num_leaves=31
num_cat=0
split_feature=13 13 12 10 5 7 11 11 10 11 3 11 10 11 10 11 11 10 10 10 9 1 5 3 1 5 10 10 1 2
split_gain=111.186 201.781 392.414 290.94 496.316 293.128 305.268 410.132 464.16 288.432 325.998 318.235 255.18 254.42 538.434 250.518 235.876 272.653 307.596 227.68 227.567 267.641 260.375 225.106 224 217.862 221.213 215.979 206.333 204.214
threshold=80.250000000000014 78.750000000000014 15.250000000000002 0.6186656951904298 31.963420867919925 32.091838836669929 -0.86955720186233509 0.20088311284780505 -0.61188074946403492 -0.99759334325790394 34.256374359130866 -0.99271196126937855 0.030120026320219043 0.69635042548179638 0.69636976718902599 0.84750953316688549 -0.63872575759887684 0.081675637513399138 -0.3334656953811645 0.7086201310157777 42.769563674926765 38.28309631347657 38.397129058837898 28.612001419067386 32.831197738647468 33.224447250366218 -0.45972847938537592 -0.34964421391487116 28.108356475830082 6.7948455810546884
decision_type=2 2 2 2 2 2 2 2 2 2 2 2 2 2 2 2 2 2 2 2 2 2 2 2 2 2 2 2 2 2
left_child=1 2 -1 5 -5 9 27 20 -9 10 12 29 -4 24 -15 -10 17 18 25 -16 21 22 -8 -20 -6 -3 -27 -7 -18 -11
right_child=-2 16 3 4 13 6 7 8 15 11 -12 -13 -14 14 19 -17 28 -19 23 -21 -22 -23 -24 -25 -26 26 -28 -29 -30 -31
leaf_value=-0.0041137862218189759 -0.0019565359112780172 0.020385242416408107 -0.0093696869013872135 0.03456883448754635 0.038559055155797835 0.038212397990530743 -0.02164531210121479 0.021840216192722774 -0.042881961918318584 -0.03003864319095724 0.15091640561346026 0.002406565826445608 0.091538129430264237 0.0017867404280869819 -0.18426924026929414 -0.00096542513043399662 0.017367524275640308 0.015931417723784414 0.04077726250225211 -0.051929353704819319 -0.06978255761869713 0.0069392268746704781 -0.099590041976083413 -0.011496443587092203 0.0047502876930465071 -0.011153006044005973 0.028914824410962565 -0.00019884981651355075 0.00027464179406088416 -0.14635706502803655
leaf_weight=45822 54550 2638 184 1518 505 389 4126 1521 586 131 63 31128 95 335 65 910 1855 6762 219 65 226 859 110 3456 16412 1469 450 6179 36610 53
leaf_count=45822 54550 2638 184 1518 505 389 4126 1521 586 131 63 31128 95 335 65 910 1855 6762 219 65 226 859 110 3456 16412 1469 450 6179 36610 53
internal_value=6.85428e-13 0.00064786 -0.000564991 0.00191917 0.00715107 -0.000204608 -0.00598591 -0.0123365 0.00239032 0.00251783 0.0481866 0.00201902 0.0249896 0.00475663 -0.0317298 -0.0173846 0.00317257 0.00849213 0.00238128 -0.118099 -0.0206866 -0.0185089 -0.0236694 -0.00838136 0.00575953 0.0110608 -0.00175721 0.00207612 0.00109896 -0.0635434
internal_weight=219291 164741 111282 65460 18900 46560 14906 8338 3017 31654 342 31312 279 17382 465 1496 53459 14994 8232 130 5321 5095 4236 3675 16917 4557 1919 6568 38465 184
internal_count=219291 164741 111282 65460 18900 46560 14906 8338 3017 31654 342 31312 279 17382 465 1496 53459 14994 8232 130 5321 5095 4236 3675 16917 4557 1919 6568 38465 184
is_linear=0
shrinkage=0.05


Tree=112
num_leaves=31
num_cat=0
split_feature=11 5 12 13 0 13 2 11 10 11 10 10 10 9 10 1 12 1 9 13 12 9 1 1 3 12 11 10 10 10
split_gain=106.598 151.959 214.524 115.218 198.922 229.273 196.092 309.799 394.8 315.928 353.61 307.739 246.33 459.143 209.927 223.628 264.445 196.776 181.784 190.01 176.044 338.968 166.379 162.46 189.323 148.851 269.049 411.359 353.435 434.8
threshold=0.99903711676597606 31.31473541259766 18.750000000000004 81.250000000000014 0.2452519163489342 83.250000000000014 5.3431115150451669 -0.12447465583682059 -0.98801350593566883 1.0000000180025095e-35 -0.99939814209938038 0.012910176534205677 -0.1330134719610214 33.419498443603523 -0.08167563751339911 31.904052734375004 16.250000000000004 31.410868644714359 27.031724929809574 77.750000000000014 16.250000000000004 32.751594543457038 29.797588348388675 30.162966728210453 30.533640861511234 14.250000000000002 -0.17552498728036878 -0.94130858778953541 -0.35769492387771601 -0.46735489368438715
decision_type=2 2 2 2 2 2 2 2 2 2 2 2 2 2 2 2 2 2 2 2 2 2 2 2 2 2 2 2 2 2
left_child=3 -2 -3 6 -5 -6 25 8 23 -9 17 12 18 14 15 16 -14 -11 -10 -20 -13 -22 -15 -8 -25 26 27 -1 29 -28
right_child=1 2 -4 4 5 -7 7 9 11 10 -12 20 13 22 -16 -17 -18 -19 19 -21 21 -23 -24 24 -26 -27 28 -29 -30 -31
leaf_value=0.032990728367688425 -0.0058296392756135755 -0.018510637794080301 -0.11838890032408989 -0.0051801356610598369 -0.0015736424490323236 0.012799817699916805 -0.021896530183478757 0.031480043654406702 0.011478157803356764 -0.095778861918675531 0.0033070108332056572 -0.0050769576028604334 -0.041522034237249983 0.074381216457395843 -0.030549184293891102 -0.0044585016542586734 -0.14116538011847618 0.0075388834121975605 -0.018647314231813889 -0.0045349417711929218 0.055493200488825459 0.005881528712828446 -0.0090044983580317896 -0.14852167375480071 -0.049328497542840681 0.0022557654907738099 -0.0095688152945214294 0.0013874956813006208 -0.00031089270991194575 -0.048921176821119544
leaf_weight=1102 2537 204 73 23684 10200 3811 171 991 1135 143 6382 2508 105 66 345 69 182 68 3720 6647 405 2297 639 79 123 113585 7012 15688 14540 780
leaf_count=1102 2537 204 73 23684 10200 3811 171 991 1135 143 6382 2508 105 66 345 69 182 68 3720 6647 405 2297 639 79 123 113585 7012 15688 14540 780
internal_value=-3.63873e-12 -0.00966892 -0.0448323 0.000125687 -0.00238645 0.00233595 0.000655355 -0.00335198 -0.00684231 0.00515801 0.00120152 -0.00579403 -0.00993398 -0.0296897 -0.0583438 -0.0852796 -0.10471 -0.0624821 -0.00751905 -0.0095989 0.00446288 0.0133178 -0.00119818 -0.0577612 -0.0881219 0.00133961 -0.0013203 0.00346175 -0.00491561 -0.0135081
internal_weight=219291 2814 277 216477 37695 14011 178782 26075 18491 7584 6593 18118 12908 1406 701 356 287 211 11502 10367 5210 2702 705 373 202 152707 39122 16790 22332 7792
internal_count=219291 2814 277 216477 37695 14011 178782 26075 18491 7584 6593 18118 12908 1406 701 356 287 211 11502 10367 5210 2702 705 373 202 152707 39122 16790 22332 7792
is_linear=0
shrinkage=0.05


Tree=113
num_leaves=31
num_cat=0
split_feature=1 10 10 10 11 3 12 3 7 11 9 12 13 0 13 2 11 10 11 10 10 9 10 10 7 10 5 10 10 10
split_gain=101.217 175.911 204.049 243.849 160.928 142.69 107.404 112.087 106.637 100.947 142.03 161.621 112.635 196.969 199.3 144.468 291.181 374.781 269.587 327.364 256.515 237.104 215.272 558.493 536.692 414.481 314.885 423.736 286.307 365.465
threshold=25.582847595214847 0.26781183481216436 -0.20931270718574521 -0.42109696567058558 -0.69014781713485707 26.482831954956058 15.750000000000002 24.554425239562992 25.831349372863773 0.99903711676597606 30.016159057617191 19.750000000000004 81.250000000000014 0.2452519163489342 83.250000000000014 5.3431115150451669 -0.12447465583682059 -0.98801350593566883 1.0000000180025095e-35 -0.99939814209938038 0.012910176534205677 27.258271217346195 -0.26781183481216425 -0.23448921740055081 31.958871841430668 -0.42888796329498285 28.897807121276859 -0.39753912389278406 -0.72660079598426808 -0.78297284245491017
decision_type=2 2 2 2 2 2 2 2 2 2 2 2 2 2 2 2 2 2 2 2 2 2 2 2 2 2 2 2 2 2
left_child=1 2 3 4 -1 6 7 -6 -5 12 -11 -12 15 -14 -15 -2 17 -17 -18 -20 21 -19 25 24 -24 28 27 -27 29 -23
right_child=9 -3 -4 8 5 -7 -8 -9 -10 10 11 -13 13 14 -16 16 18 20 19 -21 -22 22 23 -25 -26 26 -28 -29 -30 -31
leaf_value=-0.052295326651421503 0.0013516201810537234 0.031331132946070282 -0.039754142033807921 -0.011718533902305615 -0.080009764563773997 0.014207846825805821 0.010769994877045976 -0.021620104941770649 0.036112533833316023 -0.0010859400771181496 -0.019287659178469977 -0.099271872804007122 -0.0050333916215821051 -0.0011673582056349514 0.012378034917551224 -0.056096167469766679 0.029929568596497931 0.013540646424265624 -0.059358040171000062 0.0039822300166632912 0.0042190836913474508 -0.010031583472924514 -0.12902044058351766 -0.015037086380379108 0.0082731967924961035 0.059097311038432736 0.029986011267569931 -0.040258389699576035 -0.026684015502676135 0.037500105442438814
leaf_weight=268 151331 236 578 166 116 402 152 282 391 1782 887 68 23553 10043 3722 368 990 1065 211 6141 5192 4072 221 2391 105 143 1138 430 2398 449
leaf_count=268 151331 236 578 166 116 402 152 282 391 1782 887 68 23553 10043 3722 368 990 1065 211 6141 5192 4072 221 2391 105 143 1138 430 2398 449
internal_value=-3.36717e-12 -0.00982384 -0.0139481 -0.00555421 -0.0180693 -0.00843425 -0.0249836 -0.0386382 0.0218577 0.00011746 -0.00942411 -0.0249829 0.000239515 -0.0022564 0.00249526 0.000766801 -0.00272934 -0.00615686 0.00566066 0.0018782 -0.00511291 -0.00901653 -0.0111337 -0.0234076 -0.0848001 -0.00726946 0.0147656 -0.0154628 -0.0127185 -0.00531101
internal_weight=219291 2591 2355 1777 1220 952 550 398 557 216700 2737 955 213963 37318 13765 176645 25314 17972 7342 6352 17604 12412 11347 2717 326 8630 1711 573 6919 4521
internal_count=219291 2591 2355 1777 1220 952 550 398 557 216700 2737 955 213963 37318 13765 176645 25314 17972 7342 6352 17604 12412 11347 2717 326 8630 1711 573 6919 4521
is_linear=0
shrinkage=0.05


Tree=114
num_leaves=31
num_cat=0
split_feature=13 11 10 12 7 11 12 1 10 10 9 10 1 11 12 13 9 1 7 11 11 9 10 10 11 10 11 7 10 3
split_gain=102.145 314.332 306.329 253.892 250.923 236.88 197.764 276.492 317.502 257.564 259.103 616.629 336.242 251.947 242.116 284.765 298.788 235.727 394.425 289.291 248.732 317.892 411.935 235.706 234.578 230.388 221.778 215.642 214.435 212.872
threshold=76.750000000000014 -0.66483077406883229 0.72066047787666332 12.750000000000002 41.938804626464851 0.38167507946491247 19.250000000000004 30.624572753906254 -0.99984258413314808 -0.98521098494529713 32.155923843383796 -0.99466162919998158 33.933689117431648 -0.67758968472480763 17.250000000000004 78.250000000000014 30.304615974426273 40.502155303955085 41.938804626464851 -0.97870382666587818 -0.9412824511528014 31.218770027160648 -0.49002411961555475 -0.61188074946403492 0.064506059512496008 0.51973900198936474 -0.79354220628738392 30.841373443603519 -0.58429276943206776 31.676903724670414
decision_type=2 2 2 2 2 2 2 2 2 2 2 2 2 2 2 2 2 2 2 2 2 2 2 2 2 2 2 2 2 2
left_child=1 2 4 -3 -1 6 7 8 -2 10 11 -9 24 17 15 16 -10 19 25 27 -21 23 28 -22 -12 -19 -17 -8 -23 -28
right_child=5 3 -4 -5 -6 -7 13 9 14 -11 12 -13 -14 -15 -16 26 -18 18 -20 20 21 22 -24 -25 -26 -27 29 -29 -30 -31
leaf_value=-0.0077926245314142344 -0.053497041608657571 -0.012850410283305518 -0.070611523915374397 0.0021711286278609282 -0.07881041941720815 -0.0018502814383224043 -0.021081713258625762 -0.0072641777027790096 0.01554855028593434 0.00034517873770238336 -0.0040030114846020511 -0.057929155478799316 -0.051125348152596388 0.01057484210659926 0.00045899746149951904 0.04716971797574715 -0.0059341701807943794 0.10791270363629915 -0.021587832907460774 -0.02511897602095144 -0.0078215550509930561 -0.018378890489668773 0.0011558948372448602 0.03631286060280145 0.03253175225941108 0.03156908547563049 0.0080621031211189631 0.019255417408707672 -0.064689033615552352 0.048139675244053395
leaf_weight=9666 217 3188 204 23910 126 67969 398 2356 4075 69347 1166 806 258 13068 7221 856 2685 142 265 1584 495 653 2481 778 705 325 1542 1978 405 422
leaf_count=9666 217 3188 204 23910 126 67969 398 2356 4075 69347 1166 806 258 13068 7221 856 2685 142 265 1584 495 653 2481 778 705 325 1542 1978 405 422
internal_value=3.9846e-12 -0.00239159 -0.00996983 0.000403889 -0.00870646 0.000486911 0.00187761 0.000845176 0.00659635 -0.000466132 -0.0110997 -0.0201788 0.0023847 0.00606991 0.00737251 0.0125836 0.00701584 -0.000124363 0.0271349 -0.00239908 -0.00793331 -0.00227618 -0.00998381 0.0191514 0.00976343 0.0547828 0.0259305 0.0124986 -0.0361063 0.0166735
internal_weight=219291 37094 9996 27098 9792 182197 114228 91656 17018 74638 5291 3162 2129 22572 16801 9580 6760 9504 732 8772 6396 4812 3539 1273 1871 467 2820 2376 1058 1964
internal_count=219291 37094 9996 27098 9792 182197 114228 91656 17018 74638 5291 3162 2129 22572 16801 9580 6760 9504 732 8772 6396 4812 3539 1273 1871 467 2820 2376 1058 1964
is_linear=0
shrinkage=0.05


Tree=115
num_leaves=31
num_cat=0
split_feature=1 10 10 10 10 10 2 10 11 10 10 12 1 10 10 9 13 11 10 12 11 9 3 10 12 11 10 10 12 13
split_gain=97.1207 422.321 1144.06 138.981 89.183 291.478 287.985 187.81 346.133 421.928 204.913 176.885 142.095 319.965 369.73 260.674 211.348 354.277 312.945 645.541 279.543 349.362 768.719 258.644 258.576 228.94 192.659 347.948 249.465 187.081
threshold=41.937423706054695 0.56314551830291759 0.50495636463165294 0.44437406957149511 0.91927745938301098 0.94970905780792247 0.15124162286520007 0.97505551576614391 0.047319635748863227 0.98211652040481578 0.98930501937866222 18.250000000000004 34.25593566894532 -0.04732095077633857 -0.11593352630734442 40.088357925415046 78.250000000000014 -0.59815874695777882 0.44437406957149511 16.750000000000004 -0.55599683523178089 38.169408798217781 38.276372909545906 0.13301347196102145 16.250000000000004 -0.99937036633491505 -0.59817537665367115 -0.51973900198936451 13.750000000000002 80.750000000000014
decision_type=2 2 2 2 2 2 2 2 2 2 2 2 2 2 2 2 2 2 2 2 2 2 2 2 2 2 2 2 2 2
left_child=4 2 3 -2 12 -6 7 -7 9 -9 -10 -11 15 14 26 -1 24 18 19 -18 21 29 -23 -21 -15 -26 28 -28 -14 -19
right_child=1 -3 -4 -5 5 6 -8 8 10 11 -12 -13 13 16 -16 -17 17 20 -20 23 -22 22 -24 -25 25 -27 27 -29 -30 -31
leaf_value=0.00011000677363312032 0.03822685782512536 0.026657658820800397 -0.089234363057425825 0.13208757641471244 0.012333275122142292 -0.0093942782954487686 0.017385121210198834 0.02536292250760229 -0.00089467999762089323 -0.014295613794286089 0.01898176396537659 0.0017176119036908706 0.0033252561428618725 -0.017121373499070551 -0.059804641022377217 0.088214220953661771 0.013952842821892589 0.023389892394449194 0.011722626889094666 0.014047080722150416 -0.0040822838343133154 -0.16850324726448609 -0.023084461250394858 -0.027058898307374353 0.081741128752871262 -0.0023275963266634532 0.064364611644803282 -0.0083594590646533084 -0.037154133849163072 -0.03420609085874942
leaf_weight=155112 98 1267 290 66 5975 5966 2129 1014 2147 5153 3274 2592 598 4225 461 84 2672 266 8379 457 5177 130 302 2353 82 6528 199 948 1047 300
leaf_count=155112 98 1267 290 66 5975 5966 2129 1014 2147 5153 3274 2592 598 4225 461 84 2672 266 8379 457 5177 130 302 2353 82 6528 199 948 1047 300
internal_value=-3.83793e-12 0.0118311 -0.0295462 0.0760001 -9.35851e-05 0.00252701 -0.000103397 -0.00195156 0.00117984 -0.00496578 0.0111097 -0.00893651 -0.000484626 -0.0034059 -0.0183209 0.000157693 -0.00183424 0.00120806 0.00564576 -0.00364248 -0.0087532 -0.032983 -0.0668447 -0.0203737 -0.00746004 -0.00128469 -0.0114714 0.00425788 -0.0224388 -0.00713801
internal_weight=219291 1721 454 164 217570 28250 22275 20146 14180 8759 5421 7745 189320 34124 3253 155196 30871 20036 13861 5482 6175 998 432 2810 10835 6610 2792 1147 1645 566
internal_count=219291 1721 454 164 217570 28250 22275 20146 14180 8759 5421 7745 189320 34124 3253 155196 30871 20036 13861 5482 6175 998 432 2810 10835 6610 2792 1147 1645 566
is_linear=0
shrinkage=0.05


Tree=116
num_leaves=31
num_cat=0
split_feature=13 12 11 11 12 11 10 11 11 10 1 9 10 10 10 5 6 9 1 0 12 3 10 8 10 9 9 10 10 10
split_gain=91.4626 297.419 267.821 213.224 182.034 258.956 387.458 359.401 422.227 370.109 343.053 301.808 365.912 348.197 298.771 659.383 554.377 288.944 263.555 260.817 253.885 250.167 295.399 236.525 220.111 216.867 203.024 268.926 374.46 199.646
threshold=76.750000000000014 16.250000000000004 0.21771516650915149 0.38167507946491247 19.750000000000004 0.83824864029884349 0.25118774175643926 0.77756834030151378 0.72064045071601879 -0.65189296007156361 30.445905685424808 29.745175361633304 0.50495636463165294 0.38168568909168249 -0.58429276943206776 31.11047458648682 0.15877594053745273 30.048518180847172 31.293609619140629 0.10764911398291589 18.250000000000004 29.828688621521 0.54883790016174328 1.0000000180025095e-35 0.5772862732410432 28.69754791259766 27.947340965271 0.30081701278686529 0.41327477991580969 -0.30901412665843958
decision_type=2 2 2 2 2 2 2 2 2 2 2 2 2 2 2 2 2 2 2 2 2 2 2 2 2 2 2 2 2 2
left_child=1 2 -1 -2 5 7 23 8 -5 19 26 12 18 -13 15 16 -9 -16 25 -10 -15 22 -19 -7 -24 -12 27 -8 -29 -6
right_child=3 -3 -4 4 29 6 10 14 9 -11 11 13 -14 20 17 -17 -18 21 -20 -21 -22 -23 24 -25 -26 -27 -28 28 -30 -31
leaf_value=-0.011535565499265396 0.0017801787416522209 0.0024856622120769884 0.00026540795138246429 -0.0045129877792263011 0.0016744396440609467 -0.0033715441904975836 0.037235267075627444 0.012140735559352937 0.018504509187869854 0.002935387432281185 -0.076379101065138733 0.032864232193766219 0.020746498623434008 0.0055660499009705091 0.0088828598855134402 -0.095676944419913909 -0.06533133008801896 -0.0049220628844088184 -0.090277293854289592 0.064947602026474302 -0.036174749575922024 -0.013136367906706792 -0.15520553363838849 0.011652139662523826 -0.045806297790016597 0.0071124909477758005 0.027702967987132083 -0.045415973312393325 0.030665825834823596 -0.015931582294873597
leaf_weight=11232 114228 17456 8406 21600 2550 17932 361 644 893 3150 117 1005 291 1969 1451 346 360 138 225 457 447 2277 94 3068 90 232 3220 420 263 4369
leaf_count=11232 114228 17456 8406 21600 2550 17932 361 644 893 3150 117 1005 291 1969 1451 346 360 138 225 457 447 2277 94 3068 90 232 3220 420 263 4369
internal_value=-2.20544e-12 -0.00226308 -0.00648419 0.000460747 -0.00175668 -0.000885574 0.00247657 -0.00403959 -0.00161029 0.0123227 0.0114494 0.00145977 -0.0249265 0.00813154 -0.0157812 -0.0361518 -0.0156381 -0.00899102 -0.0480813 0.0342264 -0.00215669 -0.0189699 -0.0602209 -0.00117666 -0.101695 -0.0208775 0.0214906 0.00232982 -0.0161195 -0.00944288
internal_weight=219291 37094 19638 182197 67969 61050 29550 31500 26100 4500 8550 4286 865 3421 5400 1350 1004 4050 574 1350 2416 2599 322 21000 184 349 4264 1044 683 6919
internal_count=219291 37094 19638 182197 67969 61050 29550 31500 26100 4500 8550 4286 865 3421 5400 1350 1004 4050 574 1350 2416 2599 322 21000 184 349 4264 1044 683 6919
is_linear=0
shrinkage=0.05


Tree=117
num_leaves=31
num_cat=0
split_feature=13 13 12 10 5 7 11 11 10 11 3 11 10 11 11 10 1 11 0 11 12 9 10 3 11 10 10 10 6 9
split_gain=90.6322 166.615 325.805 242.768 455.933 261.985 266.798 362.847 409.927 254.322 293.074 270.034 228.825 218.754 213.335 468.646 208.635 199.877 225.212 260.507 198.333 348.97 250.223 256.094 215.466 276.683 191.014 218.894 288.972 263.274
threshold=80.250000000000014 78.750000000000014 15.250000000000002 0.6186656951904298 31.929214477539066 32.091838836669929 -0.86955720186233509 0.20088311284780505 -0.61188074946403492 -0.99759334325790394 34.256374359130866 -0.99271196126937855 0.030120026320219043 0.84750953316688549 0.69635042548179638 0.68391311168670665 32.831197738647468 -0.15855351090431211 1.0000000180025095e-35 -0.14153505116701123 15.750000000000002 32.189920425415046 0.42888796329498297 33.324245452880866 -0.99626126885414112 -0.030120026320219036 -0.20088869333267209 -0.012910176534205673 0.59602636098861705 34.324388504028327
decision_type=2 2 2 2 2 2 2 2 2 2 2 2 2 2 2 2 2 2 2 2 2 2 2 2 2 2 2 2 2 2
left_child=1 2 -1 5 -5 9 26 -8 -9 10 12 -11 -4 -10 16 -16 -6 20 -19 -20 21 -3 23 24 25 -22 -7 28 -28 -29
right_child=-2 17 3 4 14 6 7 8 13 11 -12 -13 -14 -15 15 -17 -18 18 19 -21 22 -23 -24 -25 -26 -27 27 29 -30 -31
leaf_value=-0.003750797183680492 -0.0017664624694848953 0.035748188403415836 -0.0092675630797875008 0.033081007803461279 0.036744874073160398 0.028696072834208348 -0.019450230518160874 0.020534054047323138 -0.040154257410174317 -0.058481838444561667 0.14266769119671413 0.0022686994968253789 0.086287354798497348 -0.00098510985732830781 0.013677802749812588 -0.086327948539375601 0.0042102028779409445 -0.0021060347427397162 -0.067111936393865132 0.010207711872910648 -0.10155317103575677 0.0079829741032836441 0.011688705342560382 -0.014754568336431307 0.0055649958362991451 -0.0012296199252808929 -0.043281728985556774 0.019181107147733276 0.0049789295844139643 -0.0051479563253238776
leaf_weight=45822 54550 1284 184 1489 508 603 5321 1521 586 184 63 31128 95 910 277 203 16423 23376 111 5864 109 9540 4536 2957 5496 186 630 1791 611 2933
leaf_count=45822 54550 1284 184 1489 508 603 5321 1521 586 184 63 31128 95 910 277 203 16423 23376 111 5864 109 9540 4536 2957 5496 186 630 1791 611 2933
internal_value=-4.42149e-12 0.000584921 -0.000517187 0.00174634 0.00652552 -0.000193662 -0.00565923 -0.0115962 0.0022557 0.0023801 0.0452635 0.00191171 0.0232691 -0.0163281 0.00425448 -0.0286163 0.00518638 0.00287911 0.000108273 0.00877131 0.00625254 0.0112766 0.00215883 -0.00278258 0.00333055 -0.0382983 0.00187771 -0.000833354 -0.0195208 0.00407587
internal_weight=219291 164741 111282 65460 18900 46560 14906 8338 3017 31654 342 31312 279 1496 17411 480 16931 53459 29351 5975 24108 10824 13284 8748 5791 295 6568 5965 1241 4724
internal_count=219291 164741 111282 65460 18900 46560 14906 8338 3017 31654 342 31312 279 1496 17411 480 16931 53459 29351 5975 24108 10824 13284 8748 5791 295 6568 5965 1241 4724
is_linear=0
shrinkage=0.05


Tree=118
num_leaves=31
num_cat=0
split_feature=1 10 10 10 10 9 10 7 11 1 7 12 13 10 10 4 9 6 2 10 1 10 11 5 11 8 10 10 10 10
split_gain=86.1387 375.407 1029.31 124.187 87.9637 382.19 297.121 233.064 186.549 334.603 277.276 250.805 207.072 154.161 146.322 454.002 335.503 243.704 250.271 236.917 299.051 206.704 469.923 524.188 421.201 426.857 229.214 479.69 576.411 612.869
threshold=41.937423706054695 0.56314551830291759 0.50495636463165294 0.44437406957149511 -0.99865758419036854 30.83834266662598 -0.99984258413314808 30.872042655944828 1.0000000180025095e-35 32.001739501953132 30.020481109619144 15.250000000000002 81.250000000000014 -0.99939814209938038 -0.98521098494529713 0.14134389162063601 32.494697570800788 1.0000000180025095e-35 0.14188683778047564 -0.99273952841758717 30.03282451629639 -0.94697898626327504 -0.29258950054645533 32.19328689575196 -0.20930689573287961 1.197660565376282 -0.8779519498348235 -0.82391539216041554 -0.78297284245491017 -0.73831951618194569
decision_type=2 2 2 2 2 2 2 2 2 2 2 2 2 2 2 2 2 2 2 2 2 2 2 2 2 2 2 2 2 2
left_child=4 2 3 -2 5 6 7 -1 9 -7 -10 -12 -11 -13 15 17 19 18 -6 -17 -21 22 -16 24 25 -24 -23 -28 -29 -30
right_child=1 -3 -4 -5 14 8 -8 -9 10 12 11 13 -14 -15 21 16 -18 -19 -20 20 -22 26 23 -25 -26 -27 27 28 29 -31
leaf_value=0.00319617866928084 0.036537725255083371 0.025120943798854486 -0.084485085317543882 0.12526258109419636 -0.039747277337833363 0.026203825723085064 0.036574929933017523 -0.10484463076417645 0.028107883689890947 -0.008118968897124627 0.0093841572404111343 -0.084961261409052635 -0.088520666983510771 -0.02755831670237794 0.036187627949185473 0.0069098900333389793 0.029633491452783545 -0.0026199837170426178 -0.0043175372163210025 0.0091205447276378332 -0.037179562673963003 -0.0070044851658171538 0.0027962730699728992 0.023644554668368782 0.0050000161836941228 -0.039216432155326601 0.012728609985735074 -0.017452083891787231 0.01764206519251952 -0.00043721867661234142
leaf_weight=297 98 1267 290 66 1684 729 1291 60 191 281 183 264 112 210 1206 2268 983 1339 708 576 884 12060 1093 2346 4856 1353 7236 4824 4824 165712
leaf_count=297 98 1267 290 66 1684 729 1291 60 191 281 183 264 112 210 1206 2268 983 1339 708 576 884 12060 1093 2346 4856 1353 7236 4824 4824 165712
internal_value=3.92064e-12 0.0111421 -0.0278693 0.0722441 -8.81353e-05 0.00764305 0.0254107 -0.0149619 -0.00722044 0.00615583 -0.0249188 -0.0403344 -0.0310324 -0.0595296 -0.000218872 -0.00667038 0.00364849 -0.0196996 -0.0292605 -0.00320324 -0.0189132 4.61447e-05 0.00676147 0.0030832 -0.00352279 -0.020443 -0.000328301 0.000112644 -0.000407937 7.41951e-05
internal_weight=219291 1721 454 164 217570 3618 1648 357 1970 1122 848 657 393 474 213952 8442 4711 3731 2392 3728 1460 205510 10854 9648 7302 2446 194656 182596 175360 170536
internal_count=219291 1721 454 164 217570 3618 1648 357 1970 1122 848 657 393 474 213952 8442 4711 3731 2392 3728 1460 205510 10854 9648 7302 2446 194656 182596 175360 170536
is_linear=0
shrinkage=0.05


Tree=119
num_leaves=31
num_cat=0
split_feature=1 10 10 11 5 13 10 10 12 12 12 11 13 11 10 11 11 10 10 10 11 10 3 7 9 12 10 5 12 7
split_gain=86.298 159.915 213.444 160.14 109.125 85.91 166.225 221.998 225.714 169.304 156.33 363.539 257.555 244.304 242.579 446.633 368.234 590.626 436.763 292.571 329.384 396.956 366.707 283.493 246.879 233.419 232.697 228.479 368.328 332.85
threshold=25.582847595214847 0.25118774175643926 0.064507851377129569 0.90515965223312389 28.024309158325199 80.250000000000014 0.99762105941772472 0.97505551576614391 17.250000000000004 18.750000000000004 18.750000000000004 0.79874977469444286 79.250000000000014 -0.63872575759887684 -0.38168568909168238 0.88999459147453319 -0.55599683523178089 0.7086201310157777 0.59125596284866344 0.28435654938220983 -0.97870382666587818 -0.04732095077633857 31.70782566070557 32.424255371093757 38.169408798217781 14.250000000000002 -0.99273952841758717 30.937841415405277 14.750000000000002 28.494501113891605
decision_type=2 2 2 2 2 2 2 2 2 2 2 2 2 2 2 2 2 2 2 2 2 2 2 2 2 2 2 2 2 2
left_child=1 2 3 4 -1 10 7 8 -7 -9 12 26 14 -14 15 -2 17 18 19 20 21 22 -16 25 -20 -19 -12 28 29 -17
right_child=5 -3 -4 -5 -6 6 -8 9 -10 -11 11 -13 13 -15 16 27 -18 23 24 -21 -22 -23 -24 -25 -26 -27 -28 -29 -30 -31
leaf_value=-0.023453459426045299 -0.0032632961336311475 0.026686992059006126 -0.062486296376250319 0.021136804079499492 0.0036157745085613532 0.0080674753955225914 -0.020020921275292571 -0.00080128242269909356 -0.0030780339130610131 0.024320218483556512 0.028864681193915817 -0.0072040792327348491 0.011641278540544829 0.0012911847008317101 -0.0071608328818171104 -0.018285620774909868 0.0034121052479575316 -0.049382684806008194 0.0094146087029688217 -0.013146742958476296 0.01121104504081271 0.0027417309926688316 -0.046844192555560368 -0.020036748564158217 0.045831468596786384 -0.16574871896633081 0.0056461887404257623 -0.081312902643813287 0.001899175839079598 -0.095914766009852825
leaf_weight=1199 37905 279 202 371 540 5052 1200 1242 45046 1458 1134 5808 7927 20307 1524 304 42881 187 2028 5880 4443 4398 942 2982 604 56 22290 201 648 253
leaf_count=1199 37905 279 202 371 540 5052 1200 1242 45046 1458 1134 5808 7927 20307 1524 304 42881 187 2028 5880 4443 4398 942 2982 604 56 22290 201 648 253
internal_value=3.63167e-12 -0.00907101 -0.0133861 -0.00868551 -0.0150478 0.000108459 -0.00161965 -0.00120142 -0.00195409 0.0127643 0.000681987 0.00399373 -4.33368e-05 0.00419709 -0.00118101 -0.00428973 0.00067272 -0.00442481 -0.00119579 -0.00410045 0.000603915 -0.00626198 -0.0223197 -0.0242686 0.0177717 -0.0761995 0.00677024 -0.0319619 -0.02373 -0.0535463
internal_weight=219291 2591 2312 2110 1739 216700 53998 52798 50098 2700 162702 29232 133470 28234 105236 39311 65925 23044 19819 17187 11307 6864 2466 3225 2632 243 23424 1406 1205 557
internal_count=219291 2591 2312 2110 1739 216700 53998 52798 50098 2700 162702 29232 133470 28234 105236 39311 65925 23044 19819 17187 11307 6864 2466 3225 2632 243 23424 1406 1205 557
is_linear=0
shrinkage=0.05


Tree=120
num_leaves=31
num_cat=0
split_feature=11 9 12 5 12 11 10 1 12 9 10 10 9 5 10 10 11 3 12 10 9 12 7 9 10 11 11 8 9 12
split_gain=80.9833 132.469 137.966 115.934 109.802 93.045 678.593 492.908 511.473 464.881 522.859 313.156 358.811 616.093 301.434 264.552 256.938 287.734 337.292 310.26 489.121 307.518 303.372 294.097 250.206 248.908 465.092 326.147 360.16 285.357
threshold=0.99903711676597606 29.918120384216312 19.250000000000004 29.895223617553714 18.250000000000004 0.93225467205047619 0.25118774175643926 30.476527214050297 17.750000000000004 27.149890899658207 0.31718835234642034 0.098819226026535048 27.031724929809574 28.754715919494632 0.064507851377129569 -0.20931270718574521 0.88999459147453319 30.350585937500004 14.750000000000002 -0.42109696567058558 29.025920867919925 18.250000000000004 28.14733982086182 29.495378494262699 -0.32533907890319819 0.84750953316688549 0.77756834030151378 3.7008731365203862 29.884610176086429 19.250000000000004
decision_type=2 2 2 2 2 2 2 2 2 2 2 2 2 2 2 2 2 2 2 2 2 2 2 2 2 2 2 2 2 2
left_child=5 4 -3 -4 -2 16 7 8 -7 10 -8 12 -10 14 24 -15 25 18 -18 20 -19 -22 -20 -21 -14 26 29 28 -28 -1
right_child=1 2 3 -5 -6 6 9 -9 11 -11 -12 -13 13 15 -16 -17 17 19 22 23 21 -23 -24 -25 -26 -27 27 -29 -30 -31
leaf_value=-0.00062222438278353815 -0.0094366458127603248 -0.015006372795465649 -0.0033456863835453991 -0.095709185235483468 0.01639572436345426 0.0028556540894913848 0.017147727420594058 0.0163765070621451 -0.050242519602876491 0.028788618303685468 -0.070814278976004646 -0.032763079238743158 0.073244200646877297 -0.040700738616553531 0.092094057706516796 -0.0043243966168167404 -0.020792440243664684 0.065904861493188832 -0.026903128835622809 -0.047989563317884315 -0.12315730912109407 -0.013782909176042003 0.020200793598466407 -0.0078950701263012946 0.0062130125023380466 0.010109363541228072 0.0054599131845568345 -0.044986242723042295 -0.016920431883938901 0.0046257986879919511
leaf_weight=140712 1158 862 50 106 638 8666 460 3316 456 3494 267 1919 154 981 129 1019 1203 61 416 547 208 93 1917 2791 1450 6030 2826 676 4940 31746
leaf_count=140712 1158 862 50 106 638 8666 460 3316 456 3494 267 1919 154 981 129 1019 1203 61 416 547 208 93 1917 2791 1450 6030 2826 676 4940 31746
internal_value=-2.17583e-13 -0.00842755 -0.0228369 -0.0661055 -0.000260113 0.00010955 0.00316755 -0.00104459 -0.00495473 0.0212196 -0.0151574 -0.0160361 -0.00837335 -0.00325887 0.0185624 -0.022167 -0.000241835 -0.00948644 0.000712645 -0.0192335 -0.0631998 -0.0893639 0.0118016 -0.0144654 0.0126487 0.00011602 -0.000217091 -0.0116759 -0.00877636 0.00034383
internal_weight=219291 2814 1018 156 1796 216477 22311 18090 14774 4221 727 6108 4189 3733 1733 2000 194166 7236 3536 3700 362 301 2333 3338 1604 186930 180900 8442 7766 172458
internal_count=219291 2814 1018 156 1796 216477 22311 18090 14774 4221 727 6108 4189 3733 1733 2000 194166 7236 3536 3700 362 301 2333 3338 1604 186930 180900 8442 7766 172458
is_linear=0
shrinkage=0.05


Tree=121
num_leaves=31
num_cat=0
split_feature=13 11 10 12 7 13 11 11 9 3 12 1 2 11 10 11 10 12 1 10 11 3 10 10 9 11 5 10 3 7
split_gain=77.6795 260.365 264.83 214.236 211.077 182.219 177.504 173.519 236.578 560.33 169.242 191.05 279.737 172.672 174.393 232.653 169.55 326.418 322.045 237.878 318.686 385.404 293.445 280.553 235.157 218.095 198.446 181.245 199.483 195.015
threshold=76.750000000000014 -0.66483077406883229 0.72066047787666332 12.750000000000002 41.938804626464851 76.250000000000014 0.38167507946491247 0.31717954576015478 34.978593826293952 35.057132720947273 19.750000000000004 31.089668273925785 3.1134561300277714 -0.99626126885414112 -0.99984258413314808 1.0000000180025095e-35 0.081675637513399138 12.250000000000002 34.326354980468757 -0.3334656953811645 -0.99759334325790394 34.193220138549812 0.064507851377129569 -0.38168568909168238 29.56772613525391 0.20088311284780505 33.817344665527351 -0.08167563751339911 32.163602828979499 29.783488273620609
decision_type=2 2 2 2 2 2 2 2 2 2 2 2 2 2 2 2 2 2 2 2 2 2 2 2 2 2 2 2 2 2
left_child=1 2 4 5 -1 -3 7 10 9 -9 11 12 -2 -14 15 -15 17 -13 -18 23 24 27 -23 26 -21 -20 -19 29 -29 -22
right_child=6 3 -4 -5 -6 -7 -8 8 -10 -11 -12 16 13 14 -16 -17 18 19 25 20 21 22 -24 -25 -26 -27 -28 28 -30 -31
leaf_value=-0.0069698518999893339 0.010244435115759176 0.00023719374707711853 -0.06536734411287505 0.0020819787847043882 -0.072105374410452824 -0.023670467840443507 -0.0015985638383173347 0.010455926849410921 -0.021203060168821748 0.084050533939749539 0.0070767365583720779 0.02142887646625739 -0.034957240388305826 0.027612671949991993 0.00094688201686671388 -0.10807868752134853 0.011426091110993191 -0.001057645354849648 0.00054305884850890226 0.099856792900123101 -0.035152647223592563 -0.074518848303881502 0.0015053675984015723 0.033164991973825088 -0.0026951116204180538 -0.014740971036079218 -0.014636906866678699 -0.10107147115740484 -0.023006413067509647 -0.0025926636893262812
leaf_weight=9666 11210 1594 204 23910 126 1594 67969 3250 477 281 11220 1256 359 51 11159 83 6710 18547 36824 57 599 529 167 549 2896 2492 3147 118 267 1980
leaf_count=9666 11210 1594 204 23910 126 1594 67969 3250 477 281 11220 1256 359 51 11159 83 6710 18547 36824 57 599 529 167 549 2896 2492 3147 118 267 1980
internal_value=3.80161e-12 -0.0020856 -0.00898267 0.000458612 -0.00780799 -0.0117166 0.000424614 0.00162846 0.0118478 0.0163126 0.00125685 0.000597263 0.00460565 -0.000819231 0.000266003 -0.056435 -0.000606339 -0.00352343 0.00130214 -0.00460952 -0.0129353 -0.0227946 -0.0562774 -0.0021342 -0.000715613 -0.000425702 -0.0030275 -0.0149322 -0.0469328 -0.0101551
internal_weight=219291 37094 9996 27098 9792 3188 182197 114228 4008 3531 110220 99000 22862 11652 11293 134 76138 30112 46026 28856 6613 3660 696 22243 2953 39316 21694 2964 385 2579
internal_count=219291 37094 9996 27098 9792 3188 182197 114228 4008 3531 110220 99000 22862 11652 11293 134 76138 30112 46026 28856 6613 3660 696 22243 2953 39316 21694 2964 385 2579
is_linear=0
shrinkage=0.05


Tree=122
num_leaves=31
num_cat=0
split_feature=13 2 11 10 10 11 10 10 9 10 10 10 7 5 10 12 10 10 1 12 12 9 10 10 12 12 10 5 7 1
split_gain=79.902 158.405 237.136 348.161 243.604 217.366 239.931 173.941 170.625 163.879 491.61 403.669 391.972 220.478 277.72 221.024 190.059 281.109 163.04 162.704 161.986 360.649 150.839 197.541 209.475 150.178 148.245 361.909 165.375 145.865
threshold=80.250000000000014 5.3431115150451669 -0.12447465583682059 -0.98801350593566883 0.012910176534205677 1.0000000180025095e-35 -0.99939814209938038 -0.98211652040481556 27.031724929809574 -0.26781183481216425 -0.23448921740055081 -0.42888796329498285 31.958871841430668 28.897807121276859 -0.39753912389278406 16.750000000000004 -0.72660079598426808 -0.78297284245491017 31.410868644714359 16.250000000000004 16.250000000000004 33.932086944580085 0.99762105941772472 0.97505551576614391 17.250000000000004 19.250000000000004 -0.49750867486000055 25.839174270629886 27.947483062744144 27.833753585815433
decision_type=2 2 2 2 2 2 2 2 2 2 2 2 2 2 2 2 2 2 2 2 2 2 2 2 2 2 2 2 2 2
left_child=1 -1 3 -3 7 -4 18 -5 -9 11 12 16 -11 14 -13 -16 17 19 -7 -10 -6 -22 23 24 -2 -25 27 -8 -29 -18
right_child=22 2 5 4 20 6 26 8 9 10 -12 13 -14 -15 15 -17 29 -19 -20 -21 21 -23 -24 25 -26 -27 -28 28 -30 -31
leaf_value=0.001176470150058942 0.0076797240174476386 -0.058191256565215926 0.027759473105507793 0.043853833022216959 -0.004652531209213424 -0.08510786399146486 -0.054535258248370772 0.0090231260153658659 -0.0010494442827438781 -0.12255268499401271 -0.01533962431094792 0.053478818231572717 0.0042034723185773552 0.027117891590178911 0.013719696947210631 -0.065709581415671695 -0.05466027430941986 0.031140171110910116 0.012655827016495761 -0.022712030587360901 0.047085892592113737 0.0014009812715136431 -0.019189581915556725 0.0026815828149431703 -0.003038569266382048 0.026975835147230943 0.017321003367858915 -0.021280133353407952 0.0062716395531055517 -0.02050620584428663
leaf_weight=141569 5065 321 869 150 2508 132 300 1029 1615 204 2114 117 87 1045 143 226 383 409 63 1871 597 1563 1200 1674 45585 1026 1365 638 3722 1701
leaf_count=141569 5065 321 869 150 2508 132 300 1029 1615 204 2114 117 87 1045 143 226 383 409 63 1871 597 1563 1200 1674 45585 1026 1365 638 3722 1701
internal_value=2.53199e-12 0.000549206 -0.00328306 -0.00664117 -0.00559133 0.00433559 0.00106302 -0.0096234 -0.0103564 -0.0123676 -0.0237268 -0.00872995 -0.0846565 0.0141782 -0.0136449 -0.034928 -0.0145959 -0.00807516 -0.0535227 -0.0126762 0.00399132 0.0140278 -0.0016586 -0.00126428 -0.00196674 0.0119134 0.00282969 -0.00141508 0.00223998 -0.0267831
internal_weight=219291 164741 23172 16083 15762 7089 6220 11094 10944 9915 2405 7510 291 1531 486 369 5979 3895 195 3486 4668 2160 54550 53350 50650 2700 6025 4660 4360 2084
internal_count=219291 164741 23172 16083 15762 7089 6220 11094 10944 9915 2405 7510 291 1531 486 369 5979 3895 195 3486 4668 2160 54550 53350 50650 2700 6025 4660 4360 2084
is_linear=0
shrinkage=0.05


Tree=123
num_leaves=31
num_cat=0
split_feature=12 13 9 12 13 11 1 13 3 10 12 10 10 10 11 10 1 11 11 5 10 2 3 9 10 7 10 10 10 10
split_gain=74.5556 258.766 181.919 162.957 272.988 137.676 125.829 123.542 159.02 343.907 256.058 235.233 184.607 309.047 222.621 167.321 182.902 268.264 166.703 188.982 176.075 164.035 160.727 157.522 253.118 154.161 479.478 288.516 634.859 354.822
threshold=13.750000000000002 79.250000000000014 38.064682006835945 12.250000000000002 77.750000000000014 -0.17552498728036878 38.872186660766609 80.250000000000014 28.452372550964359 -0.51973900198936451 19.750000000000004 -0.99939814209938038 0.36571913957595831 0.31718835234642034 0.87377473711967479 0.90880924463272106 35.627431869506843 0.18399153649806979 0.064506059512496008 34.602878570556648 0.98521098494529735 0.12434946373105051 34.89990425109864 34.901929855346687 0.96460527181625377 31.69835186004639 0.78829774260520946 -0.49002411961555475 -0.56314551830291737 -0.23448921740055081
decision_type=2 2 2 2 2 2 2 2 2 2 2 2 2 2 2 2 2 2 2 2 2 2 2 2 2 2 2 2 2 2
left_child=1 2 3 4 -1 6 -3 8 9 11 12 -2 13 -11 -14 25 -17 18 20 -20 -18 -22 -21 24 -19 26 27 28 -10 -29
right_child=7 5 -4 -5 -6 -7 -8 -9 15 10 -12 -13 14 -15 -16 16 17 23 19 22 21 -23 -24 -25 -26 -27 -28 29 -30 -31
leaf_value=-0.005477821934875747 0.044073487577775142 0.01733917467806366 -0.054955745397146316 -0.0057961043632448403 0.013722773563633869 0.00047910774174914761 -0.032442743159634503 -0.0015756712188230695 0.0032960138290594639 0.017260929614538848 -0.013576092349711702 -0.0061544685652740998 0.020137312471849092 -0.096959738545119772 0.085693965783479431 0.016225991222784685 0.0098511805070656249 0.051365688684279535 0.11277769778210384 0.10309448918515746 -0.0057866024447268552 0.035350338308217037 0.014080107464557665 -0.017636422472656427 -0.024480774496305025 -0.0019499389062718508 0.046250833802265183 -0.011545185890711249 0.037195374943309996 0.0015427568515749401
leaf_weight=4364 247 2783 174 22795 3215 3630 133 54550 21278 4561 683 4143 319 60 218 3120 4953 231 52 52 4539 256 2047 2090 210 51471 604 7317 1477 17719
leaf_count=4364 247 2783 174 22795 3215 3630 133 54550 21278 4561 683 4143 319 60 218 3120 4953 231 52 52 4539 256 2047 2090 210 51471 604 7317 1477 17719
internal_value=2.09638e-12 -0.00204324 -0.0039764 -0.00368436 0.00266704 0.00697819 0.0150686 0.000415988 0.00126712 0.00724566 0.015193 -0.00332843 0.0190024 0.0157779 0.0467506 0.000746187 0.00524866 0.00287518 0.00601937 0.018618 0.00323935 -0.00359034 0.0162853 -0.0119066 0.0152483 -4.5057e-05 0.0019809 0.0014214 0.00549638 -0.00228231
internal_weight=219291 37094 30548 30374 7579 6546 2916 182197 127647 10231 5841 4390 5158 4621 537 117416 17550 14430 11899 2151 9748 4795 2099 2531 441 99866 48395 47791 22755 25036
internal_count=219291 37094 30548 30374 7579 6546 2916 182197 127647 10231 5841 4390 5158 4621 537 117416 17550 14430 11899 2151 9748 4795 2099 2531 441 99866 48395 47791 22755 25036
is_linear=0
shrinkage=0.05


Tree=124
num_leaves=31
num_cat=0
split_feature=1 10 10 10 11 9 3 11 11 12 10 11 11 10 13 11 10 10 10 10 10 9 3 10 11 1 10 5 3 0
split_gain=73.2445 139.782 167.939 206.668 135.171 122.419 98.2803 325.137 475.272 314.139 304.333 332.541 249.961 225.99 249.237 315.71 233.39 218.397 294.083 364.466 618.158 565.903 510.255 446.694 441.863 361.75 329.991 297.881 291.766 269.173
threshold=25.582847595214847 0.26781183481216436 -0.20931270718574521 -0.42109696567058558 -0.69014781713485707 25.513776779174808 30.320503234863285 0.93834263086318981 0.88201534748077404 19.250000000000004 0.7666517198085786 0.56312987208366405 0.99962961673736583 0.97505551576614391 79.750000000000014 0.60503363609313976 -0.67760851979255665 -0.98521098494529713 -0.94697898626327504 -0.88606244325637806 -0.8520696461200713 31.891221046447757 33.179183959960945 -0.92913278937339772 0.31717954576015478 31.68137359619141 -0.90149331092834462 32.19328689575196 31.867238998413089 0.11522935330867769
decision_type=2 2 2 2 2 2 2 2 2 2 2 2 2 2 2 2 2 2 2 2 2 2 2 2 2 2 2 2 2 2
left_child=1 2 3 4 -1 -6 10 8 9 17 -2 -12 -9 14 -11 -16 -17 29 27 21 25 28 26 24 -24 -21 -23 -19 -20 -8
right_child=6 -3 -4 -5 5 -7 7 12 -10 13 11 -13 -14 -15 15 16 -18 18 19 20 -22 22 23 -25 -26 -27 -28 -29 -30 -31
leaf_value=-0.047307466319067154 0.0013443818163917159 0.028329238509246291 -0.035444834549644713 0.020817450333522097 -0.083263484146445993 -0.0028879674799859919 -0.020945355954007778 0.015084769529167714 -0.01666673056546011 0.0081932543803716652 -0.031190778993289259 0.04694839681373441 -0.022985449033261107 0.017531552677829899 0.00019834727793980602 0.015579159120663514 -0.044027613130102609 0.0006539780469429538 -0.010988833191713317 0.0048146918407767844 -0.001588564263737398 -0.004595515119412647 -0.12583840875783556 -0.029622016333766488 0.00024338289258185399 0.043086556464587596 -0.049748551951920877 0.024820700964186464 0.019267549626297606 -0.00043688381231162031
leaf_weight=268 63090 236 578 557 50 902 3181 4771 4701 11318 170 684 474 2886 12356 214 706 3177 1926 1248 94600 1765 317 572 89 1222 525 2130 1359 3219
leaf_count=268 63090 236 578 557 50 902 3181 4771 4701 11318 170 684 474 2886 12356 214 706 3177 1926 1248 94600 1765 317 572 89 1222 525 2130 1359 3219
internal_value=1.20796e-11 -0.00835686 -0.0120333 -0.00441823 -0.0159398 -0.00710937 9.99198e-05 -0.000589009 -0.00102398 -0.000509059 0.0017457 0.0313938 0.0116443 0.00429507 0.00274183 -0.0019056 -0.0301626 -0.00165375 -0.00112635 -0.00171429 -0.000943831 -0.0131271 -0.0278586 -0.0580909 -0.0981998 0.0237492 -0.0149472 0.0103535 0.00152819 -0.0106302
internal_weight=219291 2591 2355 1777 1220 952 216700 152756 147511 142810 63944 854 5245 27480 24594 13276 920 115330 108930 103623 97070 6553 3268 978 406 2470 2290 5307 3285 6400
internal_count=219291 2591 2355 1777 1220 952 216700 152756 147511 142810 63944 854 5245 27480 24594 13276 920 115330 108930 103623 97070 6553 3268 978 406 2470 2290 5307 3285 6400
is_linear=0
shrinkage=0.05


Tree=125
num_leaves=31
num_cat=0
split_feature=10 9 10 7 11 1 7 12 13 12 10 10 4 9 6 2 10 1 9 10 10 10 10 10 0 11 10 11 5 10
split_gain=73.7468 338.248 260.175 197.05 156.59 294.308 248.005 227.297 184.219 133.351 131.017 129.244 399.697 304.551 217.131 224.235 213.717 290.584 175.981 165.794 242.415 411.095 520.775 538.661 436.877 326.244 223.366 428.696 613.238 485.359
threshold=-0.99865758419036854 30.83834266662598 -0.99984258413314808 30.872042655944828 1.0000000180025095e-35 32.001739501953132 30.020481109619144 15.250000000000002 80.750000000000014 14.250000000000002 -0.99939814209938038 -0.98521098494529713 0.14134389162063601 32.356674194335945 1.0000000180025095e-35 0.14188683778047564 -0.99273952841758717 30.383790969848636 32.257619857788093 -0.94130858778953541 -0.8779519498348235 -0.82391539216041554 -0.78297284245491017 -0.73831951618194569 3.4183005094528203 -0.49749487638473505 -0.59817537665367115 -0.74979865550994862 28.443181037902836 -0.62540480494499195
decision_type=2 2 2 2 2 2 2 2 2 2 2 2 2 2 2 2 2 2 2 2 2 2 2 2 2 2 2 2 2 2
left_child=1 2 3 -1 5 9 -6 -8 -7 -3 -9 12 14 16 15 -2 -14 -18 -16 -13 -21 24 -23 -24 -22 -26 27 28 -25 -29
right_child=11 4 -4 -5 6 8 7 10 -10 -11 -12 19 13 -15 18 -17 17 -19 -20 20 21 22 23 26 25 -27 -28 29 -30 -31
leaf_value=0.0027115551903781165 -0.037359166485818787 -0.023312844208070661 0.034241517869832323 -0.096631734967231764 0.027031123197359563 -0.0054578896691604827 0.0096333298909152196 -0.079416439129448874 -0.078216386318493356 0.033788053038865853 -0.026497537933201309 0.0058176165987016111 0.0060037987687322708 0.026064483951449002 -0.012819712118718896 -0.003822924970520271 0.0034280465329736848 -0.042534497130644958 0.028907353641128116 -0.0074848360089710521 0.019148846010893207 -0.016475935022985538 0.016653138370498064 0.021727873553295984 0.0060392376126501193 -0.038036929527150959 0.00024188929955977525 0.0023278136192284903 -0.034437885078029529 -0.031440280485022919
leaf_weight=297 1684 123 1291 60 191 263 183 264 130 606 210 12060 2200 1135 1001 708 701 675 338 10854 5362 4824 4824 609 1239 635 154167 9045 2406 1206
leaf_count=297 1684 123 1291 60 191 263 183 264 130 606 210 12060 2200 1135 1001 708 701 675 338 10854 5362 4824 4824 609 1239 635 154167 9045 2406 1206
internal_value=5.34136e-12 0.00707937 0.0237944 -0.0139848 -0.00690358 0.00535163 -0.0231186 -0.0376979 -0.0295256 0.0241537 -0.0559714 -0.000118759 -0.00618307 0.00349901 -0.0184083 -0.0274329 -0.00366313 -0.019119 -0.00228667 0.000128284 -0.000223272 0.000204345 -0.000272988 0.00018077 0.0118857 -0.00889586 -0.000293824 -0.00651946 -0.023093 -0.0016449
internal_weight=219291 3618 1648 357 1970 1122 848 657 393 729 474 215673 8442 4711 3731 2392 3576 1376 1339 207231 195171 184317 177081 172257 7236 1874 167433 13266 3015 10251
internal_count=219291 3618 1648 357 1970 1122 848 657 393 729 474 215673 8442 4711 3731 2392 3576 1376 1339 207231 195171 184317 177081 172257 7236 1874 167433 13266 3015 10251
is_linear=0
shrinkage=0.05


Tree=126
num_leaves=31
num_cat=0
split_feature=13 11 12 11 12 10 12 1 11 10 10 10 3 6 10 10 10 9 3 10 9 11 9 3 9 10 10 10 10 3
split_gain=74.3307 233.293 179.417 167.822 155.367 231.37 304.73 215.235 357.161 283.813 186.474 177.897 202.772 177.775 242.907 516.997 365.771 248.769 189.041 169.809 169.777 153.761 210.031 479.802 148.952 191.591 219.216 305.402 552.602 364.874
threshold=76.750000000000014 -0.05591491982340812 17.750000000000004 0.38167507946491247 19.750000000000004 -0.78297284245491017 14.750000000000002 28.348099708557132 0.95989713072776806 -0.38962684571743006 -0.22611359506845471 -0.81403854489326466 30.731786727905277 1.0000000180025095e-35 -0.57023701071739186 -0.63874351978301991 -0.69016700983047474 28.014299392700199 27.667638778686527 -0.30901412665843958 28.323177337646488 0.31717954576015478 35.059978485107429 35.057132720947273 29.672808647155765 -0.99865758419036854 -0.95747631788253773 -0.81403854489326466 -0.78297284245491017 32.132425308227546
decision_type=2 2 2 2 2 2 2 2 2 2 2 2 2 2 2 2 2 2 2 2 2 2 2 2 2 2 2 2 2 2
left_child=1 2 -1 21 5 6 -5 8 9 -7 -10 -8 -13 18 15 16 -15 -17 -9 -6 -11 24 23 -23 25 -2 -27 -28 29 -29
right_child=3 -3 -4 4 19 7 11 13 10 20 -12 12 -14 14 -16 17 -18 -19 -20 -21 -22 22 -24 -25 -26 26 27 28 -30 -31
leaf_value=-0.0093612620921366026 0.036046228193306544 0.0017998573715585491 0.0016090275983497401 -0.02622303559569408 0.0016001646293078405 0.005214463437955944 0.00144669619312502 0.026590780749120635 -0.041405679391831346 0.01242752165916065 -0.00072694279239643954 -0.063912486074384239 -0.0098304477813832992 -0.015144102340835392 0.016739680342702092 -0.083266814768812147 0.043915188429556259 -0.018945752859190715 -0.0025106273882885919 -0.014637029140216138 0.039991019900151629 0.0097860639877037515 -0.021099867453494986 0.076784793806803989 0.0005959445217014899 -0.0080093105471955844 0.027454181494908549 -0.024116400118047273 0.0084790760007507592 -0.12846982225775719
leaf_weight=12672 525 19142 5280 1920 2550 2693 4290 566 306 927 3551 224 766 515 2999 232 534 427 39694 4369 1406 3270 447 291 98297 2476 1762 516 6544 100
leaf_count=12672 525 19142 5280 1920 2550 2693 4290 566 306 927 3551 224 766 515 2999 232 534 427 39694 4369 1406 3270 447 291 98297 2476 1762 516 6544 100
internal_value=3.07019e-12 -0.00204015 -0.00613471 0.00041536 -0.00155187 -0.000747094 -0.00916506 0.000378428 0.00749057 0.0162734 -0.00395424 -0.00296216 -0.0220672 -0.00102654 0.00816785 -0.00688304 0.0149204 -0.0415899 -0.0021015 -0.00865281 0.0290389 0.00158592 0.0112059 0.0152611 0.0012361 0.00651376 0.00515347 0.00880635 0.00421732 -0.0410569
internal_weight=219291 37094 17952 182197 67969 61050 7200 53850 8883 5026 3857 5280 990 44967 4707 1708 1049 659 40260 6919 2333 114228 4008 3561 110220 11923 11398 8922 7160 616
internal_count=219291 37094 17952 182197 67969 61050 7200 53850 8883 5026 3857 5280 990 44967 4707 1708 1049 659 40260 6919 2333 114228 4008 3561 110220 11923 11398 8922 7160 616
is_linear=0
shrinkage=0.05


Tree=127
num_leaves=31
num_cat=0
split_feature=1 10 10 10 1 11 9 12 12 10 11 10 1 12 9 10 11 10 9 12 8 3 9 12 9 5 11 11 10 3
split_gain=70.3925 328.545 915.935 112.398 71.1639 67.7061 120.035 123.17 102.253 85.1105 80.309 615.132 433.433 419.446 415.105 379.596 204.992 262.752 439.703 328.248 400.011 236.412 360.691 343.896 256.425 227.75 219.838 382.773 273.711 578.655
threshold=41.937423706054695 0.56314551830291759 0.50495636463165294 0.44437406957149511 42.766292572021491 0.99903711676597606 29.918120384216312 19.750000000000004 18.250000000000004 1.0000000180025095e-35 0.93225467205047619 0.25118774175643926 30.885951995849613 19.250000000000004 26.767618179321293 0.30081701278686529 0.88999459147453319 -0.42109696567058558 28.267940521240238 16.250000000000004 0.83771058917045604 30.127976417541507 28.380756378173832 14.750000000000002 29.495378494262699 29.23655986785889 0.84750953316688549 0.77756834030151378 -0.58429276943206776 31.113317489624027
decision_type=2 2 2 2 2 2 2 2 2 2 2 2 2 2 2 2 2 2 2 2 2 2 2 2 2 2 2 2 2 2
left_child=5 2 3 -2 -3 10 8 9 -7 -8 16 12 13 -12 15 -13 26 18 25 20 -20 22 -19 -24 -23 -18 27 -1 29 -29
right_child=1 4 -4 -5 -6 6 7 -9 -10 -11 11 14 -14 -15 -16 -17 17 21 19 -21 -22 24 23 -25 -26 -27 -28 28 -30 -31
leaf_value=0.00021248727400710881 0.034046744322998222 0.011677265479270333 -0.079829863224756617 0.11845534035202228 0.035389319022674552 -0.0088658452816582998 -0.0013162240687929823 -0.085019236031762313 0.016062661679800024 -0.031307381192794519 -0.00017780389874837889 0.02258621093113812 0.019890838753662491 -0.021230907538051458 0.026474264264356395 -0.056532535555671316 -0.025864730293596951 -0.021180997248724413 -0.15001976588865121 -0.033759846770145159 0.013281794158741833 -0.040586129209171068 -0.01425858038342928 0.035624703355085607 -0.0060956175905757309 0.042456527403056173 0.0094048379202565854 -0.0092919690207660232 -0.0059925961496500582 -0.070831093819171229
leaf_weight=170737 98 654 290 66 613 1158 460 71 638 487 13044 294 2156 2890 3614 313 256 738 150 517 50 658 491 1166 2977 233 6030 1261 6633 548
leaf_count=170737 98 654 290 66 613 1158 460 71 638 487 13044 294 2156 2890 3614 313 256 738 150 517 50 658 491 1166 2977 233 6030 1261 6633 548
internal_value=1.65949e-12 0.0100724 -0.026423 0.0680161 0.0231496 -7.96735e-05 -0.00778507 -0.0215015 -1.03957e-05 -0.0167393 2.12922e-05 0.002861 -0.00114936 -0.00399627 0.0200482 -0.0182114 -0.000307927 -0.00856387 -0.0298688 -0.0548016 -0.109194 -0.0043029 0.00789389 0.0208434 -0.012339 0.00668916 1.46273e-05 -0.000301386 -0.0106943 -0.027934
internal_weight=219291 1721 454 164 1267 217570 2814 1018 1796 947 214756 22311 18090 15934 4221 607 192445 7236 1206 717 200 6030 2395 1657 3635 489 185209 179179 8442 1809
internal_count=219291 1721 454 164 1267 217570 2814 1018 1796 947 214756 22311 18090 15934 4221 607 192445 7236 1206 717 200 6030 2395 1657 3635 489 185209 179179 8442 1809
is_linear=0
shrinkage=0.05


Tree=128
num_leaves=31
num_cat=0
split_feature=1 11 11 10 9 0 3 10 11 12 10 12 11 11 11 10 9 5 10 9 1 10 10 11 9 1 9 11 10 10
split_gain=68.1765 126.262 193.692 131.91 135.201 91.6689 87.1127 308.751 261.309 243.876 260.002 226.509 241.18 235.845 242.5 257.554 682.528 325.659 327.374 238.335 342.009 235.33 218.225 414.47 231.479 321.518 217.848 391.641 224.502 421.542
threshold=25.582847595214847 -0.14153505116701123 0.96897393465042125 -0.35769492387771601 26.075219154357914 3.8268625736236577 30.032781600952152 0.7666517198085786 0.57727023959159862 19.250000000000004 -0.99273952841758717 19.250000000000004 0.99962961673736583 0.93834263086318981 0.88201534748077404 -0.40542197227478022 28.69754791259766 30.848354339599613 -0.42109696567058558 29.346663475036625 31.147402763366703 0.26781183481216436 0.25118774175643926 0.84750953316688549 28.491013526916507 29.247275352478031 26.614676475524906 0.99164059758186351 0.30081701278686529 0.41327477991580969
decision_type=2 2 2 2 2 2 2 2 2 2 2 2 2 2 2 2 2 2 2 2 2 2 2 2 2 2 2 2 2 2
left_child=1 -1 3 4 -3 -4 7 9 -9 22 -11 13 -13 14 -8 16 -16 18 -18 20 -17 -15 -2 -24 25 -25 27 28 -12 -30
right_child=6 2 5 -5 -6 -7 11 8 -10 10 26 12 -14 21 15 19 17 -19 -20 -21 -22 -23 23 24 -26 -27 -28 -29 29 -31
leaf_value=-0.021782838256218236 0.0015389132832180383 -0.062264541921151044 -0.017199838050664194 0.031030666475999169 0.0044134370988103914 -0.0770217868535676 -0.0014204322158251966 -0.031728267412601922 0.049173170432158374 0.050028544885916126 0.0095572259529417732 0.0036329203552179393 -0.082760532398098788 0.0040214478367134538 0.0420316050299352 -0.0069311117928380229 -0.067959706759795027 -0.12225873965441306 0.022964393489880205 -0.0025566598330104473 -0.091105683453913247 0.031376916987825229 -0.003933039516641949 0.020467220284661518 0.032157960307982757 -0.036826537783873854 -0.0043696031504748805 -0.085812884885898055 -0.097046782166369305 0.010298712114507164
leaf_weight=1018 40023 85 222 456 720 90 119915 121 570 203 490 30160 81 4728 204 314 344 170 139 3304 196 943 2488 941 2291 331 8146 232 179 187
leaf_count=1018 40023 85 222 456 720 90 119915 121 570 203 490 30160 81 4728 204 314 344 170 139 3304 196 943 2488 941 2291 331 8146 232 179 187
internal_value=1.18881e-12 -0.00806256 0.000816814 0.00954415 -0.00262709 -0.0344562 9.64009e-05 0.00179051 0.0350066 0.00137703 -0.00594575 -0.000496828 0.00340152 -0.00140188 -0.0018558 -0.0130327 -0.0378012 -0.0627413 -0.0417931 -0.0074673 -0.0392806 0.00857024 0.0028769 0.0117267 0.0226618 0.00555823 -0.00717629 -0.0281903 -0.012573 -0.0422009
internal_weight=219291 2591 1573 1261 805 312 216700 56202 691 55511 9437 160498 30241 130257 124586 4671 857 653 483 3814 510 5671 46074 6051 3563 1272 9234 1088 856 366
internal_count=219291 2591 1573 1261 805 312 216700 56202 691 55511 9437 160498 30241 130257 124586 4671 857 653 483 3814 510 5671 46074 6051 3563 1272 9234 1088 856 366
is_linear=0
shrinkage=0.05


Tree=129
num_leaves=31
num_cat=0
split_feature=13 12 11 9 11 5 1 12 13 10 3 13 11 3 9 12 11 10 9 9 10 11 1 10 10 9 11 11 10 3
split_gain=67.0235 221.161 215.141 172.846 150.455 147.908 144.288 262.943 294.527 276.547 227.03 206.087 213.889 266.036 197.385 186.638 184.016 169.587 170.842 190.467 204.392 258.576 165.907 163.679 387.304 160.308 154.656 524.447 390.41 309.672
threshold=76.750000000000014 16.750000000000004 0.21771516650915149 28.082297325134281 0.38167507946491247 27.268621444702152 31.089668273925785 16.750000000000004 78.250000000000014 -0.95747631788253773 31.523118972778324 82.750000000000014 -0.99626126885414112 32.328271865844734 28.936618804931644 19.250000000000004 -0.14153505116701123 0.97505551576614391 40.088357925415046 34.978593826293952 0.45972847938537603 -0.29258950054645533 34.326354980468757 -0.89391031861305226 -0.78297284245491017 39.892511367797859 -0.98518359661102284 -0.98798605799674977 -0.064507851377129541 34.128559112548835
decision_type=2 2 2 2 2 2 2 2 2 2 2 2 2 2 2 2 2 2 2 2 2 2 2 2 2 2 2 2 2 2
left_child=1 2 3 -1 6 -4 7 8 14 10 16 12 13 -9 -2 26 -10 18 19 -17 -21 22 -22 -11 -25 -19 27 28 29 -8
right_child=4 -3 5 -5 -6 -7 15 11 9 23 -12 -13 -14 -15 -16 17 -18 25 -20 20 21 -23 -24 24 -26 -27 -28 -29 -30 -31
leaf_value=0.00053076343628772596 0.017944926629946151 0.0026772074292878071 -0.017232518357009025 -0.012927297049392354 -0.0014682416048807344 0.0027952521265587364 -0.011318035920395526 -0.064029877201346286 -0.05464094202923641 0.065518568836697863 0.042514083038549873 0.015456187093804342 -0.00048173103698820633 0.020916383329998046 0.00042693678256322315 0.005345921639430872 0.003441587654506262 0.022268106435186591 0.016473181740598773 -0.026105007255332519 0.078978852043549222 -0.028731504573565769 0.0035636643100726024 -0.042013302572038877 0.038141268845276327 -0.012496462165582879 0.00010892822749259036 -0.053969020129084715 0.0029764205517415054 -0.067922822177751099
leaf_weight=3213 2311 15274 1037 9267 67969 8303 711 286 178 380 280 2035 12945 136 5286 8657 583 2183 2067 1097 75 685 2638 171 1270 391 64453 568 4476 366
leaf_count=3213 2311 15274 1037 9267 67969 8303 711 286 178 380 280 2035 12945 136 5286 8657 583 2183 2067 1097 75 685 2638 171 1270 391 64453 568 4476 366
internal_value=-3.63164e-13 -0.00193728 -0.00516742 -0.00946249 0.000394416 0.000571612 0.00150275 0.00478765 0.0109058 0.024576 0.0040195 0.000632997 -0.00162369 -0.0366538 0.00575589 0.000541411 -0.0101441 0.0051178 0.00311031 0.00101017 -0.00734014 -0.00128214 0.00564849 0.0363274 0.0286295 0.0169872 -0.000612379 -0.00820762 -0.00352682 -0.0305542
internal_weight=219291 37094 21820 12480 182197 9340 114228 25861 10459 2862 1041 15402 13367 422 7597 88367 761 17793 15219 13152 4495 3398 2713 1821 1441 2574 70574 6121 5553 1077
internal_count=219291 37094 21820 12480 182197 9340 114228 25861 10459 2862 1041 15402 13367 422 7597 88367 761 17793 15219 13152 4495 3398 2713 1821 1441 2574 70574 6121 5553 1077
is_linear=0
shrinkage=0.05


Tree=130
num_leaves=31
num_cat=0
split_feature=13 10 10 12 2 11 10 10 11 10 10 9 5 12 1 1 10 9 12 9 13 12 10 1 5 10 13 0 13 10
split_gain=69.7895 147.74 157.845 190.634 143.515 198.883 308.333 230.603 175.084 206.148 160.307 336.661 183.539 358.129 303.745 144.364 143.402 143.33 140.165 325.449 139.879 141.374 167.821 234.945 149.643 239.485 137.688 142.955 134.401 128.278
threshold=80.250000000000014 0.99762105941772472 0.97505551576614391 17.250000000000004 5.3431115150451669 -0.12447465583682059 -0.98801350593566883 0.012910176534205677 1.0000000180025095e-35 -0.99939814209938038 -0.1330134719610214 33.691522598266609 33.476732254028327 15.750000000000002 32.330865859985359 31.410868644714359 -0.98211652040481556 27.031724929809574 16.250000000000004 33.932086944580085 77.750000000000014 16.250000000000004 -0.26781183481216425 29.901420593261722 33.642402648925788 -0.16705007851123807 83.750000000000014 0.13205479085445407 78.250000000000014 -0.444374069571495
decision_type=2 2 2 2 2 2 2 2 2 2 2 2 2 2 2 2 2 2 2 2 2 2 2 2 2 2 2 2 2 2
left_child=4 2 3 -2 -1 6 -6 10 -7 15 16 12 13 -12 -15 -10 -8 -18 -9 -20 29 22 -22 -24 25 -23 -5 -28 -14 -19
right_child=1 -3 -4 26 5 8 7 18 9 -11 11 -13 28 14 -16 -17 17 20 19 -21 21 24 23 -25 -26 -27 27 -29 -30 -31
leaf_value=0.0011103334530076319 0.007414646653476519 -0.018900042020024557 0.010619623818488133 -0.0038880902706155199 -0.054721845411137039 0.024865321447759717 0.041480247366552557 -0.0039390003238034179 -0.079412614106144197 0.0025432171767222006 -0.015063565571043887 0.0023588978971356336 0.046366716719962453 -0.13162230793560778 -0.020364822662803671 0.01258123955792851 0.010126877657998495 -0.023667839557233061 0.044841023509849295 0.0014428476905491935 0.011185333893890252 -0.01130441528313178 0.057551222995428725 -0.055086276356217483 -0.05874989343913202 0.073906109232236367 -0.0020029003422563415 0.013681792797401338 -0.049587893298464934 -0.0035543897125778143
leaf_weight=141569 5065 1200 2700 39507 321 869 150 2508 132 6025 214 557 74 214 86 63 1002 2499 597 1563 1791 2757 59 215 158 85 3676 2402 72 1161
leaf_count=141569 5065 1200 2700 39507 321 869 150 2508 132 6025 214 557 74 214 86 63 1002 2499 597 1563 1791 2757 59 215 158 85 3676 2402 72 1161
internal_value=-5.16834e-12 -0.00155009 -0.00115984 -0.00178777 0.000513276 -0.00313444 -0.0062098 -0.00522183 0.00384271 0.000905633 -0.00914482 -0.0262674 -0.0504263 -0.0644789 -0.0997285 -0.0496915 -0.00703506 -0.00778321 0.0041016 0.0134376 -0.00984005 -0.00445841 0.00561012 -0.0308322 -0.0113889 -0.0087559 -0.00281026 0.00419562 -0.000953365 -0.0172876
internal_weight=219291 54550 53350 50650 164741 23172 16083 15762 7089 6220 11094 1217 660 514 300 195 9877 9727 4668 2160 8725 5065 2065 274 3000 2842 45585 6078 146 3660
internal_count=219291 54550 53350 50650 164741 23172 16083 15762 7089 6220 11094 1217 660 514 300 195 9877 9727 4668 2160 8725 5065 2065 274 3000 2842 45585 6078 146 3660
is_linear=0
shrinkage=0.05


Tree=131
num_leaves=31
num_cat=0
split_feature=13 10 10 12 13 12 10 7 10 1 11 3 10 11 11 11 10 10 5 11 10 3 10 11 10 10 12 11 10 10
split_gain=62.985 133.335 142.455 172.047 132.411 247.512 192.286 224.594 611.165 215.984 197.412 279.211 225.789 210.045 192.647 187.643 203.819 235.336 187.313 181.396 515.012 180.327 178.436 467.177 244.586 175.071 176.141 173.978 347.135 228.478
threshold=80.250000000000014 0.99762105941772472 0.97505551576614391 17.250000000000004 78.750000000000014 15.250000000000002 0.97109106183052074 32.024396896362312 0.69636976718902599 34.827480316162116 -0.99759334325790394 33.87755203247071 0.030120026320219043 -0.99271196126937855 0.56312987208366405 -0.63872575759887684 0.081675637513399138 -0.3334656953811645 33.224447250366218 0.6838940978050233 0.69636976718902599 28.612001419067386 -0.91585582494735707 0.21771516650915149 -0.95236876606941212 -0.45972847938537592 17.250000000000004 -0.55599683523178089 -0.51973900198936451 -0.71466678380966175
decision_type=2 2 2 2 2 2 2 2 2 2 2 2 2 2 2 2 2 2 2 2 2 2 2 2 2 2 2 2 2 2
left_child=4 2 3 -2 5 -1 7 8 10 -8 11 12 -7 -12 -10 16 17 18 -6 22 -21 -19 23 24 -9 26 -20 28 29 -24
right_child=1 -3 -4 -5 15 6 9 19 14 -11 13 -13 -14 -15 -16 -17 -18 21 25 20 -22 -23 27 -25 -26 -27 -28 -29 -30 -31
leaf_value=-0.0033133044159643237 0.0070439142934950365 -0.017955039921260321 0.010088642616961066 -0.0026697485773024081 0.018231843208261836 -0.023804736874376734 0.11223483839287207 -0.015634759555236692 -0.035041033327579497 0.0098039494840360415 -0.053305028779404955 0.11726406629789959 0.079379277285642744 0.0022603448566769599 0.051407688587939537 0.00068331166535095297 0.013709443101725526 0.036578385797105983 -0.003026227600133327 -0.0089078998981817203 -0.094363086662916318 -0.010208097341636083 0.010770614490253278 0.023859383985890173 -0.056441945473389536 0.024986734956399435 -0.049935600130427166 0.0049049996116899038 -0.0013354731385912446 -0.042647021150457487
leaf_weight=45822 5065 1200 2700 45585 2638 150 52 1398 70 4988 171 88 82 31478 812 38465 6762 219 1230 2039 193 3456 260 613 498 450 239 10003 11695 870
leaf_count=45822 5065 1200 2700 45585 2638 150 52 1398 70 4988 171 88 82 31478 812 38465 6762 219 1230 2039 193 3456 260 613 498 450 239 10003 11695 870
internal_value=-1.76217e-12 -0.00147259 -0.00110185 -0.00169838 0.000487613 -0.000494881 0.00147802 0.000695343 0.00348798 0.0108608 0.00235521 0.0414301 0.0126655 0.00196012 0.0445467 0.0025328 0.00727741 0.00199396 0.00958586 -0.00263235 -0.0162972 -0.00742 -0.00142858 -0.0140852 -0.0263531 -0.00229955 -0.0106582 -3.75064e-05 -0.00389247 -0.0303562
internal_weight=219291 54550 53350 50650 164741 111282 65460 60420 32851 5040 31969 320 232 31649 882 53459 14994 8232 4557 27569 2232 3675 25337 2509 1896 1919 1469 22828 12825 1130
internal_count=219291 54550 53350 50650 164741 111282 65460 60420 32851 5040 31969 320 232 31649 882 53459 14994 8232 4557 27569 2232 3675 25337 2509 1896 1919 1469 22828 12825 1130
is_linear=0
shrinkage=0.05


Tree=132
num_leaves=31
num_cat=0
split_feature=3 10 11 11 11 12 10 9 10 12 11 12 10 10 9 10 1 4 12 11 11 7 11 10 9 10 11 11 1 9
split_gain=62.0503 273.74 262.22 255.927 435.289 241.089 233.44 223.364 245.026 298.792 208.163 245.977 346.231 464.34 429.062 282.782 244.415 224.756 236.747 255.975 534.803 272.552 228.774 228.448 206.426 497.97 280.569 494.61 406.244 255.336
threshold=30.320503234863285 0.25118774175643926 0.9549313783645631 0.93225467205047619 0.88201534748077404 19.250000000000004 0.26781183481216436 27.258271217346195 -0.42109696567058558 18.750000000000004 0.94968265295028698 17.250000000000004 -0.22611359506845471 0.098819226026535048 26.907961845397953 0.047320950776338584 26.945723533630375 3.116963386535645 15.250000000000002 -0.83352491259574879 -0.73829901218414296 28.648891448974613 0.57727023959159862 -0.79356426000595082 26.614676475524906 0.41327477991580969 0.85651928186416637 0.79874977469444286 28.172838211059574 29.709169387817386
decision_type=2 2 2 2 2 2 2 2 2 2 2 2 2 2 2 2 2 2 2 2 2 2 2 2 2 2 2 2 2 2
left_child=1 10 24 4 5 -2 -5 -6 9 -9 17 -12 -13 14 16 -16 -14 18 22 -20 21 -21 -1 -24 25 -3 27 -26 -29 -30
right_child=3 2 -4 6 7 -7 -8 8 -10 -11 11 12 13 -15 15 -17 -18 -19 19 20 -22 -23 23 -25 26 -27 -28 28 29 -31
leaf_value=0.0044103075988412331 -0.0014888234244260013 -0.063119453643085285 0.030315001885273304 0.0049308831055125506 0.058724411897128452 0.0037224622530202382 0.030710967918291938 -0.075990802937261001 -0.014248901109123953 0.021919271615472174 0.001042025539612545 -0.038076699795988461 0.013432123522133618 -0.025473325458146585 0.00274265370292114 0.044779729957810016 -0.077500542782850138 -0.0030907856860335021 0.026343549247362676 0.056763541675975616 0.0085322679476331036 -0.058718948605082859 -0.073551690564963274 -0.0080805561380933623 0.0088775975030036466 0.020599161454552966 0.018315793539572588 -0.095347013755235827 0.010439997963432807 -0.039877996845225
leaf_weight=7672 115367 346 1229 4587 96 27480 1086 341 3735 101 7788 1065 106 2241 3211 457 244 15161 1849 58 11466 429 138 3861 3900 365 3715 188 493 516
leaf_count=7672 115367 346 1229 4587 96 27480 1086 341 3735 101 7788 1065 106 2241 3211 457 244 15161 1849 58 11466 429 138 3861 3900 365 3715 188 493 516
internal_value=-3.56125e-12 0.00127491 0.00857951 -0.000554861 -0.000956695 -0.000486309 0.00986604 -0.0166818 -0.0184148 -0.0536177 -0.000133966 -0.00514409 -0.0117221 -0.00723775 0.00293297 0.0079801 -0.0499609 0.00172932 0.00459815 0.00903072 0.00635262 -0.0449654 -0.000643756 -0.0103399 0.00577442 -0.0201415 0.00786546 0.000248629 -0.0278658 -0.0152925
internal_weight=219291 66498 10752 152793 147120 142847 5673 4273 4177 442 55746 15112 7324 6259 4018 3668 350 40634 25473 13802 11953 487 11671 3999 9523 711 8812 5097 1197 1009
internal_count=219291 66498 10752 152793 147120 142847 5673 4273 4177 442 55746 15112 7324 6259 4018 3668 350 40634 25473 13802 11953 487 11671 3999 9523 711 8812 5097 1197 1009
is_linear=0
shrinkage=0.05


Tree=133
num_leaves=31
num_cat=0
split_feature=11 5 12 13 4 1 10 11 10 10 11 10 5 5 9 10 5 12 1 5 10 3 3 10 3 10 6 10 10 10
split_gain=62.2027 112.155 153.433 70.736 136.502 187.056 236.785 455.434 254.95 173.697 265.864 214.915 347.708 208.051 231.153 246.571 321.662 313.418 180.806 173.473 171.224 256.014 240.644 358.324 161.228 181.169 373.849 223.445 299.175 489.04
threshold=0.99903711676597606 31.520864486694339 18.750000000000004 81.250000000000014 6.1263427734375009 28.955904006958011 0.42888796329498297 0.87377473711967479 0.7666517198085786 -0.055916473269462579 -0.95234230160713185 -0.25118774175643915 30.675104141235355 28.024309158325199 33.370243072509773 -0.11593352630734442 32.461334228515632 16.250000000000004 25.89040565490723 26.472124099731449 -0.08167563751339911 32.328271865844734 33.324245452880866 -0.1330134719610214 27.823003768920902 -0.98521098494529713 0.10721274092793466 -0.94697898626327504 -0.88606244325637806 -0.83354803919792164
decision_type=2 2 2 2 2 2 2 2 2 2 2 2 2 2 2 2 2 2 2 2 2 2 2 2 2 2 2 2 2 2
left_child=3 -2 -3 4 5 6 19 8 -8 10 11 12 -6 18 15 -15 17 -17 -13 -1 22 -22 23 -16 -7 26 -26 -27 -29 -30
right_child=1 2 -4 -5 9 24 7 -9 -10 -11 -12 13 -14 14 20 16 -18 -19 -20 -21 21 -23 -24 -25 25 27 -28 28 29 -31
leaf_value=-0.0088198954850668091 -0.0043518566863474956 -0.017696966536443436 -0.11176494919417197 -0.0018723482226986222 -0.066530151627320136 0.019597316307709264 -0.0078189994386028659 0.066806625137726464 0.054280250238799399 0.0045816767104016453 -0.00278711746132308 -0.022691143869385338 0.02088106032336752 -0.022203588114215939 0.00032058755633394419 -0.0097850798205895862 0.027338974633150631 -0.15093805649574255 0.034490154033729563 0.0058468074943720007 -0.13304818968933363 -0.0061799202388505177 -0.049638791212900768 0.10342604916744916 -0.019501966284955697 0.010466662341449136 0.0049408276591028054 -0.010404608475110677 0.017528884036581985 0.00013709585009711621
leaf_weight=2296 2576 181 57 37695 471 1083 750 450 212 5796 15673 220 150 680 243 55 54 138 372 16536 52 169 105 129 3342 5530 2941 6317 4195 110823
leaf_count=2296 2576 181 57 37695 471 1083 750 450 212 5796 15673 220 150 680 243 55 54 138 372 16536 52 169 105 129 3342 5530 2941 6317 4195 110823
internal_value=6.29214e-12 -0.00738598 -0.0402259 9.60108e-05 0.000511026 0.00105907 0.00553934 0.0252876 0.00586607 -0.00297187 -0.00533697 -0.0194187 -0.0454163 -0.0121365 -0.0213815 -0.0377452 -0.0805317 -0.110713 0.0132403 0.00405864 0.000350828 -0.0360313 0.0172071 0.0360749 0.000383377 0.000227094 -0.00806058 0.000637542 0.000189567 0.000771419
internal_weight=219291 2814 238 216477 178782 154475 20244 1412 962 24307 18511 2838 621 2217 1625 927 247 193 592 18832 698 221 477 372 134231 133148 6283 126865 121335 115018
internal_count=219291 2814 238 216477 178782 154475 20244 1412 962 24307 18511 2838 621 2217 1625 927 247 193 592 18832 698 221 477 372 134231 133148 6283 126865 121335 115018
is_linear=0
shrinkage=0.05


Tree=134
num_leaves=31
num_cat=0
split_feature=13 12 7 11 12 11 1 11 9 10 3 7 11 11 0 10 10 5 0 12 7 10 10 8 10 10 10 1 9 1
split_gain=64.4512 291.427 225.511 225.212 194.696 380.756 464.663 313.312 404.809 516.451 426.019 277.198 257.525 461.616 253.496 181.069 179.529 268.243 239.067 264.872 189.193 185.134 178.715 248.37 182.701 178.522 177.806 245.039 191.133 176.246
threshold=77.250000000000014 15.750000000000002 29.888268470764164 0.30080866813659674 16.750000000000004 -0.63872575759887684 31.322509765625004 -0.52705818414688099 38.064682006835945 0.79877197742462169 38.869958877563484 37.958257675170906 -0.15855351090431211 -0.05591491982340812 0.69935938715934765 -0.09881922602653502 -0.37371625006198878 33.085651397705085 0.29220308363437658 14.750000000000002 29.19104099273682 -0.70252096652984608 -0.45206801593303675 0.35977821052074438 -0.40542197227478022 -0.99984258413314808 0.82391539216041576 36.021558761596687 29.884610176086429 26.508317947387699
decision_type=2 2 2 2 2 2 2 2 2 2 2 2 2 2 2 2 2 2 2 2 2 2 2 2 2 2 2 2 2 2
left_child=1 2 29 15 5 6 -2 8 26 -10 11 -11 -9 -14 -8 -4 17 18 19 22 21 -20 -15 24 -24 -22 28 -28 -7 -1
right_child=4 -3 3 -5 -6 7 14 12 9 10 -12 -13 13 16 -16 -17 -18 -19 20 -21 25 -23 23 -25 -26 -27 27 -29 -30 -31
leaf_value=-0.013936301802438917 0.024918593104642436 0.0019415644826539056 -0.031628681059607665 -0.00098163843834220754 -0.00088883813099352644 0.035275754122274745 0.0092420164463801937 0.0093068903562329251 0.0098798993890258403 -0.051820952550042425 -0.03053415481726704 -0.17786222889910652 -0.023154899674196806 -0.01803870611116937 -0.005070452016924314 -0.011720907363362173 0.0037884524490352082 0.019865867654087682 -0.029901349747683704 -0.0017231858359467108 -0.046590673557663567 0.0034623450545258373 -0.13663748993119673 -0.0018878924314666428 -0.044405384087381337 0.011265618974748669 -0.062173444057136019 0.05133171995203676 -0.017029003483609511 0.0015734797387913964
leaf_weight=2177 3584 29457 1375 4339 99281 194 9988 8142 209 64 172 137 2124 3103 4482 6746 20473 1097 758 3110 139 921 104 132 111 3269 59 245 1752 11547
leaf_count=2177 3584 29457 1375 4339 99281 194 9988 8142 209 64 172 137 2124 3103 4482 6746 20473 1097 758 3110 139 921 104 132 111 3269 59 245 1752 11547
internal_value=-1.0642e-13 -0.00147006 -0.00530814 -0.010178 0.000499821 0.00264165 0.00880092 0.000240715 -0.0158736 -0.0530423 -0.088299 -0.13773 0.00129022 -0.000556693 0.00480881 -0.0150916 0.000888308 -0.00377072 -0.00599699 -0.0123051 0.00213776 -0.0116 -0.0218442 -0.0558746 -0.08902 0.00890587 -0.00625924 0.0293028 -0.0118147 -0.000886794
internal_weight=219291 55641 26184 12460 163650 64369 18054 46315 2832 582 373 201 43483 35341 14470 8121 33217 12744 11647 6560 5087 1679 3450 347 215 3408 2250 304 1946 13724
internal_count=219291 55641 26184 12460 163650 64369 18054 46315 2832 582 373 201 43483 35341 14470 8121 33217 12744 11647 6560 5087 1679 3450 347 215 3408 2250 304 1946 13724
is_linear=0
shrinkage=0.05


Tree=135
num_leaves=31
num_cat=0
split_feature=10 9 10 7 5 11 1 13 7 7 10 12 12 10 4 9 10 11 12 2 11 0 11 10 3 1 5 7 9 10
split_gain=60.5546 290.557 225.198 169.757 135.497 167.734 342.55 203.709 129.28 136.539 128.711 119.145 116.865 97.5392 344.7 278.674 208.326 264.027 272.142 186.558 208.897 323.709 196.553 270.554 172.133 165.167 163.881 136.901 168.575 132.924
threshold=-0.99865758419036854 30.83834266662598 -0.99984258413314808 30.872042655944828 30.285980224609379 -0.021515300963073965 31.031655311584476 80.750000000000014 29.954782485961918 32.910375595092781 -0.99984258413314808 16.750000000000004 16.750000000000004 -0.98521098494529713 0.14134389162063601 32.751594543457038 -0.99052327871322621 -0.15855351090431211 14.750000000000002 1.0000000180025095e-35 0.098816476762294783 0.36300493776798254 -0.07309242337942122 -0.99466162919998158 33.225990295410163 32.330865859985359 31.895812034606937 30.612108230590824 30.366688728332523 -0.94130858778953541
decision_type=2 2 2 2 2 2 2 2 2 2 2 2 2 2 2 2 2 2 2 2 2 2 2 2 2 2 2 2 2 2
left_child=1 2 3 11 12 6 -6 -8 -7 -10 -11 -1 -3 14 19 16 -16 -18 -19 20 22 24 23 26 -22 -21 -2 28 -20 -15
right_child=13 4 -4 -5 5 8 7 -9 9 10 -12 -13 -14 29 15 -17 17 18 27 25 21 -23 -24 -25 -26 -27 -28 -29 -30 -31
leaf_value=-0.023637850525830822 -0.042047125776895344 -0.01212118149458756 0.031626450912817725 -0.089951248274495202 0.05681731851547267 0.015883292139137854 0.0019374172179717185 -0.081562228014781357 -0.04544917269457259 -0.052220986466164944 0.045627557176552466 0.040987439372600257 0.037213889141534028 0.0052012209893960663 0.005457435180467725 0.032106441444638457 0.024856323636354011 0.01771203770154953 -0.15644352545792406 -0.012328336103306043 -0.088803051529373511 -0.00082952080504128389 0.0038585237312731011 -0.011619386495571704 -0.024769165751293003 0.027790030759888524 -0.11905381508632869 -0.031979567429403437 -0.056293088767489188 -0.00020778267387569838
leaf_weight=178 195 209 1291 60 216 146 240 105 629 54 89 119 282 12060 2891 726 251 198 55 939 355 256 757 620 149 353 107 412 178 195171
leaf_count=178 195 209 1291 60 216 146 240 105 629 54 89 119 282 12060 2891 726 251 198 55 939 355 256 757 620 149 353 107 412 178 195171
internal_value=2.17914e-14 0.006415 0.0219069 -0.0132412 -0.00654476 -0.0141002 0.00743937 -0.0234755 -0.0272632 -0.0354231 0.00867776 0.00225578 0.0162138 -0.000107614 -0.00537586 0.00361547 -0.0015751 -0.0201593 -0.0335625 -0.0167289 -0.0248664 -0.0466159 -0.0150215 -0.0305227 -0.0698724 -0.0013672 -0.069331 -0.0493026 -0.0799337 0.000106999
internal_weight=219291 3618 1648 357 1970 1479 561 345 918 772 143 297 491 215673 8442 4711 3985 1094 843 3731 2439 760 1679 922 504 1292 302 645 233 207231
internal_count=219291 3618 1648 357 1970 1479 561 345 918 772 143 297 491 215673 8442 4711 3985 1094 843 3731 2439 760 1679 922 504 1292 302 645 233 207231
is_linear=0
shrinkage=0.05


Tree=136
num_leaves=31
num_cat=0
split_feature=13 12 11 10 7 5 13 10 11 10 11 10 1 10 5 9 10 4 9 12 6 11 10 10 12 9 10 12 3 9
split_gain=59.3419 200.257 183.855 235.855 202.443 164.564 154.14 136.688 238.713 191.326 135.784 140.281 307.311 282.718 266.054 255.775 225.216 343.486 273.197 261.317 201.835 272.653 582.635 395.586 298.408 192.32 177 155.199 199.681 232.462
threshold=76.750000000000014 12.750000000000002 -0.66483077406883229 0.72066047787666332 41.415374755859382 29.645109176635746 76.250000000000014 -0.90880924463272084 -0.32533003389835352 -0.82391539216041554 0.38167507946491247 -0.78297284245491017 31.439333915710453 -0.81403854489326466 28.08960056304932 33.750249862670906 -0.8779519498348235 1.0000000180025095e-35 29.422572135925297 14.250000000000002 1.0000000180025095e-35 0.76663044095039379 -0.58429276943206776 -0.69016700983047474 15.250000000000002 30.366688728332523 0.82876241207122814 19.750000000000004 28.397090911865238 30.578004837036136
decision_type=2 2 2 2 2 2 2 2 2 2 2 2 2 2 2 2 2 2 2 2 2 2 2 2 2 2 2 2 2 2
left_child=1 6 3 4 -3 -4 -1 8 -7 -9 -2 12 13 16 -15 -14 18 -18 -12 25 27 23 24 -22 -23 -20 -25 28 29 -13
right_child=10 2 5 -5 -6 7 -8 9 -10 -11 11 20 15 14 -16 -17 17 -19 19 -21 21 22 -24 26 -26 -27 -28 -29 -30 -31
leaf_value=-0.0024869974339925965 0.0014240394907055736 -0.0043549512417605787 0.0087425292266474115 -0.063298699882191917 -0.057941629917153882 -0.0500529103612865 -0.021280823802495741 0.019632593747129033 -0.0053722590981401461 -0.00054279284326791118 0.046101814308086367 0.0041603748820147135 0.0057859438635800607 -0.12481827020645142 -0.032090075920576396 -0.087578870333731185 0.0099703669284034041 -0.036121688836333564 -0.026052246394760489 -0.021152254113481206 -0.0073422717988424896 -0.077709893709621752 0.0073904349331856967 0.044425226919456579 -0.0066586110221541657 -0.11367830936279562 -0.01226700835808691 -0.0094139671245229567 -0.0020546324534131632 0.035513869548159376
leaf_weight=2182 114228 8460 6283 180 180 342 2182 1286 2374 13625 119 6533 3345 85 860 75 1803 521 106 949 732 325 4244 1232 271 153 155 5699 40112 650
leaf_count=2182 114228 8460 6283 180 180 342 2182 1286 2374 13625 119 6533 3345 85 860 75 1803 521 106 949 732 325 4244 1232 271 153 155 5699 40112 650
internal_value=-2.76368e-12 -0.00182289 -0.000481415 -0.00665149 -0.00547134 0.00179462 -0.0118839 -0.000681901 -0.0109985 0.00119723 0.000371126 -0.00139839 -0.00761053 -0.0160556 -0.0404307 0.00373847 -0.00974651 -0.000362663 -0.0261806 -0.0333012 -0.000567797 0.00743796 0.000889423 0.0223954 -0.045403 -0.0778159 0.0380898 -0.00161909 -0.000679811 0.0069976
internal_weight=219291 37094 32730 8820 8640 23910 4364 17627 2716 14911 182197 67969 8016 4596 945 3420 3651 2324 1327 1208 59953 6959 4840 2119 596 259 1387 52994 47295 7183
internal_count=219291 37094 32730 8820 8640 23910 4364 17627 2716 14911 182197 67969 8016 4596 945 3420 3651 2324 1327 1208 59953 6959 4840 2119 596 259 1387 52994 47295 7183
is_linear=0
shrinkage=0.05


Tree=137
num_leaves=31
num_cat=0
split_feature=11 5 10 13 1 11 11 13 10 9 10 11 12 13 10 10 11 9 10 5 7 5 10 3 11 1 13 10 11 11
split_gain=56.5532 99.0973 176.951 118.705 73.1166 458.92 285.1 473.619 465.503 285.997 235.912 304.398 228.415 218.293 208.308 569.87 299.656 468.037 538.828 577.117 373.734 330.17 342.861 293.602 265.525 264.826 219.086 213.114 289.117 316.297
threshold=0.99814856052398693 28.801242828369144 1.0000000180025095e-35 82.750000000000014 30.763122558593754 0.93834263086318981 0.60503363609313976 80.750000000000014 -0.67760851979255665 30.211767196655277 0.25118774175643926 0.9549313783645631 19.250000000000004 76.250000000000014 -0.88606244325637806 -0.8429337441921233 -0.32533003389835352 31.891221046447757 -0.92913278937339772 32.22657775878907 32.712821960449226 31.461930274963382 -0.91585582494735707 32.230146408081062 -0.29258950054645533 31.649764060974125 78.750000000000014 -0.90149331092834462 0.18399153649806979 0.15004983544349673
decision_type=2 2 2 2 2 2 2 2 2 2 2 2 2 2 2 2 2 2 2 2 2 2 2 2 2 2 2 2 2 2
left_child=4 2 -2 -4 10 6 12 -8 -9 -10 -1 -12 13 -6 16 25 17 26 19 -19 21 -20 -23 24 -18 -16 -15 28 29 -26
right_child=1 -3 3 -5 5 -7 7 8 9 -11 11 -13 -14 14 15 -17 23 18 20 -21 -22 22 -24 -25 27 -27 -28 -29 -30 -31
leaf_value=7.7892465142295915e-05 -0.018167359208084898 -0.012120660292928458 0.010626621879069176 0.061840338982405402 -0.010130872226188442 0.018966936108723756 -0.0044909006627410998 0.031361512368581396 -0.019740016311475629 -0.067607517859847296 0.004743184064601353 0.028892244912629407 0.00424844488609364 -0.017459192146066609 0.0030367471490411191 -0.00029338628260416996 0.061630948281918591 0.042090809572255243 0.036922185762840162 -0.10874420094982218 0.0047410273257536386 -0.020325284372186187 -0.11253347049706278 0.0061937424111661501 -0.012215557218765933 0.03762494784903947 0.029635585023537737 -0.044947721617035918 0.0053876953007554323 -0.063264960640041931
leaf_weight=62999 528 2430 727 134 6431 2941 14964 230 569 691 11746 1468 23694 501 885 72046 130 76 85 383 664 182 226 5339 4050 1477 487 422 2458 328
leaf_count=62999 528 2430 727 134 6431 2941 14964 230 569 691 11746 1468 23694 501 885 72046 130 76 85 383 664 182 226 5339 4050 1477 487 422 2458 328
internal_value=-7.69411e-12 -0.00603127 0.00462188 0.0185972 0.000106897 -0.000574476 -0.000996074 -0.00716771 -0.0340508 -0.0459912 0.00135193 0.00742601 -0.000148879 -0.00123227 -0.000594571 0.000498901 -0.00590167 -0.0213556 -0.0379304 -0.0837693 -0.0197453 -0.0527249 -0.0714014 -0.00273973 -0.00919557 0.0246654 0.00575453 -0.0104642 -0.00833542 -0.0160402
internal_weight=219291 3819 1389 861 215472 139259 136318 16454 1490 1260 76213 13214 119864 96170 89739 74408 15331 2604 1616 459 1157 493 408 12727 7388 2362 988 7258 6836 4378
internal_count=219291 3819 1389 861 215472 139259 136318 16454 1490 1260 76213 13214 119864 96170 89739 74408 15331 2604 1616 459 1157 493 408 12727 7388 2362 988 7258 6836 4378
is_linear=0
shrinkage=0.05


Tree=138
num_leaves=31
num_cat=0
split_feature=12 13 12 13 9 10 9 9 10 5 11 11 10 11 10 10 10 9 10 1 11 3 10 9 5 9 1 10 10 10
split_gain=55.898 256.591 142.991 207.472 140.507 116.724 110.363 108.582 194.742 125.385 104.358 100.968 177.69 96.1522 133.268 104.068 166.951 126.895 151.299 96.2815 95.854 360.107 374.72 344.387 333.938 313.328 451.77 323.09 236.232 328.839
threshold=12.250000000000002 77.750000000000014 13.750000000000002 79.250000000000014 38.064682006835945 0.5772862732410432 29.850750923156742 30.081488609313968 -0.11593352630734442 26.472124099731449 -0.10737737268209456 0.38167507946491247 -0.8779519498348235 0.53435277938842785 -0.22611359506845471 -0.45206801593303675 -0.35769492387771601 27.879224777221683 -0.79356426000595082 29.583262443542484 -0.9412824511528014 37.306327819824226 -0.25118774175643915 27.947340965271 29.645109176635746 27.258271217346195 32.06840896606446 -0.28435654938220972 0.012910176534205677 0.28435654938220983
decision_type=2 2 2 2 2 2 2 2 2 2 2 2 2 2 2 2 2 2 2 2 2 2 2 2 2 2 2 2 2 2
left_child=1 6 3 4 7 10 -1 9 11 -2 -3 -9 -13 -11 15 17 -17 18 -15 -20 21 22 24 -24 -4 -26 -27 -28 -25 -30
right_child=2 5 20 -5 -6 -7 -8 8 -10 13 -12 12 -14 14 -16 16 -18 -19 19 -21 -22 -23 23 28 25 26 27 -29 29 -31
leaf_value=0.0016661281012399578 -0.014177592972684151 0.027590290889144026 -0.043869542040808417 0.0052987200971661057 -0.06044054979775583 0.00015666263624642944 -0.014658658046376286 -0.015480267837624405 -0.004660798377151153 0.005853695847928166 0.0090214266981214833 -0.086348564924723287 -0.019448479785576404 -0.092663209262776047 0.0026071945936266775 -0.058875144870081254 -0.0066977051931812808 0.0055909266894748483 -0.0066973464838652455 -0.079687221844991052 0.00075475749664516022 -0.038728343338755744 0.038002262527584922 -0.0069294989314946272 -0.068636358203103306 0.029239248377722668 -0.0073082021704569027 -0.08632366610468889 0.0088652470161493715 -0.020052486547213821
leaf_weight=2675 1700 1452 910 5455 116 1332 1689 2774 8581 4487 1580 146 310 73 2834 291 324 828 396 51 162157 678 607 7424 177 732 513 173 7699 1127
leaf_count=2675 1700 1452 910 5455 116 1332 1689 2774 8581 4487 1580 146 310 73 2834 291 324 828 396 51 162157 678 607 7424 177 732 513 173 7699 1127
internal_value=-9.76535e-13 0.00392095 -0.000162526 -0.00346474 -0.00555127 0.012494 -0.00465206 -0.00527195 -0.00859982 -0.00169352 0.0179139 -0.0190645 -0.0408682 0.000592447 -0.0043288 -0.0143424 -0.0313865 -0.00656626 -0.0259243 -0.0150251 0.00035159 -0.00291071 -0.00165648 0.00102492 -0.0197006 -0.00591135 0.00191821 -0.0272348 -0.000356321 0.00517272
internal_weight=219291 8728 210563 28366 22911 4364 4364 22795 11811 10984 3032 3230 456 9284 4797 1963 615 1348 520 447 182197 20040 19362 16857 2505 1595 1418 686 16250 8826
internal_count=219291 8728 210563 28366 22911 4364 4364 22795 11811 10984 3032 3230 456 9284 4797 1963 615 1348 520 447 182197 20040 19362 16857 2505 1595 1418 686 16250 8826
is_linear=0
shrinkage=0.05


Tree=139
num_leaves=31
num_cat=0
split_feature=13 2 11 10 10 11 10 10 9 10 10 7 10 5 10 12 10 10 9 10 5 12 3 7 1 10 12 12 9 5
split_gain=55.8465 122.261 175.077 255.177 205.363 145.394 164.923 133.468 130.964 128.914 426.541 350.358 316.01 193.982 265.916 170.327 154.818 236.345 133.62 264.747 210.732 332.634 167.01 172.786 149.401 138.73 123.982 123.35 291.347 122.853
threshold=80.250000000000014 6.1256933212280282 -0.12447465583682059 -0.98801350593566883 0.012910176534205677 1.0000000180025095e-35 -0.99939814209938038 -0.98211652040481556 27.149890899658207 -0.26781183481216425 -0.23448921740055081 31.793798446655277 -0.42888796329498285 28.897807121276859 -0.39753912389278406 16.750000000000004 -0.72660079598426808 -0.78297284245491017 33.99536323547364 -0.11593352630734442 33.476732254028327 15.250000000000002 29.43463230133057 29.384826660156254 33.085115432739265 -0.18399664759635923 16.250000000000004 16.250000000000004 32.674556732177741 31.581368446350101
decision_type=2 2 2 2 2 2 2 2 2 2 2 2 2 2 2 2 2 2 2 2 2 2 2 2 2 2 2 2 2 2
left_child=1 -1 3 -3 7 -4 -7 -5 -9 12 11 -11 16 14 -14 -16 17 26 19 22 21 -21 23 -12 -23 -24 -10 -6 -29 -20
right_child=-2 2 5 4 27 6 -8 8 9 10 18 -13 13 -15 15 -17 -18 -19 29 20 -22 24 25 -25 -26 -27 -28 28 -30 -31
leaf_value=0.00098814701088759159 -0.0013866313517404611 -0.051147884439300829 0.023697611529910192 0.039580785438800899 -0.0037177180399440325 -0.045994444241881045 0.0024979175891793465 0.0074554846856025149 -0.001249957193880265 -0.11868497735828142 -0.0094473339308167141 0.00083168560554590691 0.053054941281978345 0.025074928711701999 0.011053800992404801 -0.062104207508129373 -0.025095243520093721 0.03000266604117471 0.064367494887361917 -0.0055242451507753381 0.0024392520772994726 -0.11457571472073425 0.0036277877291951803 0.05665000595965948 -0.019286848708987239 -0.056566941071068869 -0.02093246396179636 0.060691748766007449 0.0054991640339543115 -0.0028095702249391098
leaf_weight=143150 54550 307 802 140 2341 181 5605 1017 1487 188 229 91 111 994 124 222 1901 377 78 150 154 232 188 174 50 195 1732 278 1709 534
leaf_count=143150 54550 307 802 140 2341 181 5605 1017 1487 188 229 91 111 994 124 222 1901 377 78 150 154 232 188 174 50 195 1732 278 1709 534
internal_value=5.61433e-12 0.000459149 -0.00304815 -0.00603172 -0.00508924 0.00374641 0.00098096 -0.00890805 -0.00957176 -0.0114518 -0.0218164 -0.0797028 -0.00807594 0.0126789 -0.0142831 -0.0358857 -0.0135544 -0.00745348 -0.0136761 -0.0223424 -0.0477797 -0.0656818 -0.00337769 0.019091 -0.0976805 -0.0270197 -0.0118402 0.00405896 0.0132211 0.00575221
internal_weight=219291 164741 21591 15003 14696 6588 5786 10368 10228 9211 2263 279 6948 1451 457 346 5497 3596 1984 1372 586 432 786 403 282 383 3219 4328 1987 612
internal_count=219291 164741 21591 15003 14696 6588 5786 10368 10228 9211 2263 279 6948 1451 457 346 5497 3596 1984 1372 586 432 786 403 282 383 3219 4328 1987 612
is_linear=0
shrinkage=0.05


Tree=140
num_leaves=31
num_cat=0
split_feature=1 11 11 10 9 10 10 3 10 11 12 10 9 11 11 10 10 10 10 1 10 10 10 1 10 11 9 1 12 11
split_gain=55.9701 109.983 165.468 111.47 112.998 82.335 82.0336 74.7506 250.989 259.915 219.355 206.668 178.88 322.976 197.939 195.921 346.879 186.575 356.195 370.665 260.302 599.442 350.111 247.755 162.776 316.316 190.29 274.262 161.83 191.959
threshold=25.582847595214847 -0.14153505116701123 0.96897393465042125 -0.35769492387771601 25.825807571411136 -0.96230018138885487 0.064507851377129569 29.965735435485843 0.75548630952835094 0.56312987208366405 19.250000000000004 -0.99273952841758717 26.614676475524906 0.99164059758186351 0.9969642460346223 0.30081701278686529 0.41327477991580969 0.53436762094497692 0.5772862732410432 29.164972305297855 0.21772121638059619 0.11593352630734445 0.012910176534205677 29.247275352478031 0.25118774175643926 0.84750953316688549 28.380756378173832 28.909843444824222 19.250000000000004 0.99962961673736583
decision_type=2 2 2 2 2 2 2 2 2 2 2 2 2 2 2 2 2 2 2 2 2 2 2 2 2 2 2 2 2 2
left_child=1 5 3 4 -3 -1 -4 8 10 -10 24 -12 13 15 -15 -13 -17 20 19 -19 21 22 -14 -23 -2 -26 27 -27 -9 -30
right_child=7 2 6 -5 -6 -7 -8 28 9 -11 11 12 17 14 -16 16 -18 18 -20 -21 -22 23 -24 -25 25 26 -28 -29 29 -31
leaf_value=-0.082028456017667173 0.0015715726567427598 -0.063321974233764663 0.0019363446072067905 0.028800264457107996 0.0035956329606921392 -0.016844954042901598 -0.051208506957604198 -0.0012109681449326512 -0.038324813881459148 0.04269549401482773 0.045136666674262443 0.0091745898834242647 -0.00513251626672908 -0.10736225765669741 -0.0044349167986701315 -0.08902337168754397 0.0086097790902430141 -0.14725631343525486 -0.0083647281457863727 -0.0039522132422781077 0.023304539811617352 -0.10770823155458159 0.044133744633954426 -0.012146696437580082 -0.0037942727003612733 0.021599726400831618 0.028667332954741855 -0.029128189188223786 0.0030375121074513573 -0.072651524997005862
leaf_weight=51 38867 69 115 456 736 967 197 131710 117 643 195 483 5484 166 65 179 185 109 577 77 905 195 386 104 2289 761 2263 410 30446 84
leaf_count=51 38867 69 115 456 736 967 197 131710 117 643 195 483 5484 166 65 179 185 109 577 77 905 195 386 104 2289 761 2263 410 30446 84
internal_value=1.32077e-12 -0.00730522 0.000982005 0.00904845 -0.00214016 -0.0201105 -0.0316199 8.73458e-05 0.00169018 0.0302226 0.00128637 -0.00578357 -0.00689736 -0.0259939 -0.0784 -0.0117014 -0.0394021 -0.00427058 -0.0277611 -0.0879315 -0.0017369 -0.00541051 -0.00189286 -0.0744694 0.0027308 0.0106035 0.0202006 0.00383846 -0.000450686 0.00282926
internal_weight=219291 2591 1573 1261 805 1018 312 216700 54460 760 53700 9110 8915 1078 231 847 364 7837 763 186 7074 6169 5870 299 44590 5723 3434 1171 162240 30530
internal_count=219291 2591 1573 1261 805 1018 312 216700 54460 760 53700 9110 8915 1078 231 847 364 7837 763 186 7074 6169 5870 299 44590 5723 3434 1171 162240 30530
is_linear=0
shrinkage=0.05


Tree=141
num_leaves=31
num_cat=0
split_feature=11 5 10 13 1 12 7 7 1 1 11 11 13 10 9 13 10 10 11 11 1 10 10 10 2 12 10 10 7 10
split_gain=53.4793 86.0428 155.883 105.828 70.4149 66.6471 101.896 69.77 97.863 65.67 410.365 262.115 426.451 420.664 257.491 198.459 198.119 193.741 260.547 201.765 238.589 210.859 207.679 685.426 454.914 247.531 240.044 230.113 334.475 229.283
threshold=0.99814856052398693 28.801242828369144 1.0000000180025095e-35 82.750000000000014 27.394323348999027 19.750000000000004 30.020481109619144 32.057281494140632 30.855288505554203 30.763122558593754 0.93834263086318981 0.60503363609313976 80.750000000000014 -0.67760851979255665 30.211767196655277 76.250000000000014 0.7666517198085786 0.25118774175643926 0.9549313783645631 0.42887605726718908 26.508317947387699 -0.99984258413314808 -0.69016700983047474 -0.63874351978301991 1.0000000180025095e-35 19.250000000000004 0.098819226026535048 -0.71466678380966175 30.020481109619144 -0.8779519498348235
decision_type=2 2 2 2 2 2 2 2 2 2 2 2 2 2 2 2 2 2 2 2 2 2 2 2 2 2 2 2 2 2
left_child=9 2 -2 -4 -5 7 -7 8 -3 17 11 15 -13 -14 -15 -11 -16 19 -19 20 -1 -22 24 -24 27 -25 -27 29 -29 -21
right_child=1 5 3 4 -6 6 -8 -9 -10 10 -12 12 13 14 16 -17 -18 18 -20 22 21 -23 23 25 -26 26 -28 28 -30 -31
leaf_value=-0.011187824990606375 -0.017327999236702897 -0.013139569325538248 0.0096527944741656296 0.017756661197636275 0.090645889937877658 0.00018705202390750249 -0.079340291883924913 -0.057077461740354433 0.012843472481167401 -0.0079001661147727643 0.017936951646748175 -0.0043180682842103562 0.029814722528175006 -0.018809621366752013 -0.05354007116756531 0.00040444576896236521 -0.13128768704439464 0.0043062848092440516 0.026648289942015593 -0.034309026626653451 -0.03317497446893293 0.0048714159335403982 0.030145658381522292 -0.00033042660559279898 -0.0313963520738514 -0.0076737092071446043 -0.037142690905730504 0.0064877718962911201 -0.089511938719859352 0.0040105764111817849
leaf_weight=2699 528 1736 727 60 74 75 87 74 458 7687 2941 14964 230 569 596 112177 95 11746 1468 430 369 27825 1697 19211 1869 3436 865 184 179 4235
leaf_count=2699 528 1736 727 60 74 75 87 74 458 7687 2941 14964 230 569 596 112177 95 11746 1468 430 369 27825 1697 19211 1869 3436 865 184 179 4235
internal_value=-9.29671e-12 -0.00586507 0.00406162 0.0171786 0.0580089 -0.0115392 -0.0425221 -0.00932615 -0.00771558 0.000103952 -0.000541793 -0.000940464 -0.00685809 -0.0323675 -0.0437182 -0.000128137 -0.064229 0.00128388 0.00678835 0.000129319 0.00301394 0.00437347 -0.00264632 -0.000542899 -0.0103345 -0.00275787 -0.0136004 -0.00250537 -0.0408509 0.000478437
internal_weight=219291 3819 1389 861 134 2430 162 2268 2194 215472 139259 136318 16454 1490 1260 119864 691 76213 13214 62999 30893 28194 32106 25209 6897 23512 4301 5028 363 4665
internal_count=219291 3819 1389 861 134 2430 162 2268 2194 215472 139259 136318 16454 1490 1260 119864 691 76213 13214 62999 30893 28194 32106 25209 6897 23512 4301 5028 363 4665
is_linear=0
shrinkage=0.05


Tree=142
num_leaves=31
num_cat=0
split_feature=10 9 10 7 5 0 12 10 3 7 11 12 8 10 12 9 1 10 1 1 6 10 9 2 11 11 11 0 0 10
split_gain=55.2862 262.943 189.503 150.094 122.953 141.236 154.414 134.462 125.91 130.729 110.105 109.126 95.4992 90.5707 316.041 227.187 344.802 367.74 287.963 160.579 147.973 134.223 127.687 123.842 245.567 120.176 194.444 169.134 121.731 113.513
threshold=-0.99865758419036854 30.83834266662598 -0.99984258413314808 30.523880958557132 30.346482276916507 32.250623703002937 16.250000000000004 -0.99984258413314808 28.806694984436039 30.371634483337406 -0.038720846176147454 15.750000000000002 21.247849464416507 -0.98521098494529713 18.750000000000004 32.155923843383796 30.41554164886475 -0.99466162919998158 34.124042510986335 32.533452987670906 0.11516655609011651 -0.99052327871322621 30.719644546508793 0.15951878577470782 0.13300977647304538 -0.15855351090431211 -0.14153505116701123 0.4088634997606278 3.3612266778945927 -0.94130858778953541
decision_type=2 2 2 2 2 2 2 2 2 2 2 2 2 2 2 2 2 2 2 2 2 2 2 2 2 2 2 2 2 2
left_child=1 2 3 -1 11 6 7 -6 -8 -10 -11 -3 -4 14 15 16 25 22 20 21 23 -16 -18 24 -17 28 27 -27 -2 -15
right_child=13 4 12 -5 5 -7 8 -9 9 10 -12 -13 -14 29 19 18 17 -19 -20 -21 -22 -23 -24 -25 -26 26 -28 -29 -30 -31
leaf_value=0.0047778655156994676 -0.00053440009651239961 -0.020936541013957172 0.023019758698188564 -0.076444048510575804 -0.031426056339365335 0.046074063419013898 0.044149790960803348 0.022753105434978299 0.014218798027631189 0.0064539545083320453 -0.051486066840464667 0.029985145176630781 0.057126702906316496 0.0048115799095925157 0.012068238239365921 -0.0013508808923032673 -0.028118979700558246 -0.054761305269440286 -0.051819878653963897 0.032497287913630317 0.029130564977877069 -0.01893160732767259 0.0012066060720973915 0.018105997399046652 -0.08962104730308057 0.0088423227033917872 -0.00041646538498885674 -0.094069719543560928 0.076857678351863745 -0.00018691315512971485
leaf_weight=286 112 149 1035 71 174 93 53 335 114 95 599 358 256 12060 1147 402 802 918 205 619 665 502 691 423 98 63 1593 109 93 195171
leaf_count=286 112 149 1035 71 174 93 53 335 114 95 599 358 256 12060 1147 402 802 918 205 619 665 502 691 423 98 63 1593 109 93 195171
internal_value=-9.56267e-12 0.00612959 0.020867 -0.0113755 -0.00619897 -0.0135524 -0.0176 0.00423213 -0.0305066 -0.0354036 -0.0435548 0.01502 0.029783 -0.000102826 -0.0051794 -0.0110429 -0.0171789 -0.0298584 0.00394962 0.0107824 0.0111491 0.00263105 -0.0145463 -0.00180615 -0.0186518 -0.00166094 -0.00586967 -0.0563752 0.0345752 0.000103979
internal_weight=219291 3618 1648 357 1970 1463 1370 509 861 808 694 507 1291 215673 8442 6174 4381 2411 1793 2268 1588 1649 1493 923 500 1970 1765 172 205 207231
internal_count=219291 3618 1648 357 1970 1463 1370 509 861 808 694 507 1291 215673 8442 6174 4381 2411 1793 2268 1588 1649 1493 923 500 1970 1765 172 205 207231
is_linear=0
shrinkage=0.05


Tree=143
num_leaves=31
num_cat=0
split_feature=1 10 10 10 1 10 10 9 12 10 10 10 10 3 10 10 5 7 10 13 13 9 10 10 3 11 11 10 10 13
split_gain=53.5276 294.522 815.771 101.841 69.1869 316.236 261.39 249.716 156.407 199.202 296.214 147.888 139.516 144.737 138.873 360.756 204.401 169.43 123.575 117.995 116.677 116.567 208.702 161.4 162.869 110.478 225.748 211.209 224 189.089
threshold=41.937423706054695 0.56314551830291759 0.50495636463165294 0.44437406957149511 34.326354980468757 -0.04732095077633857 -0.11593352630734442 40.088357925415046 13.250000000000002 -0.59817537665367115 -0.51973900198936451 -0.064507851377129541 0.88606244325637828 35.057132720947273 0.13301347196102145 0.16705007851123813 32.675605773925788 31.278440475463871 0.98930501937866222 76.250000000000014 82.250000000000014 35.224086761474616 -0.45972847938537592 -0.34964421391487116 34.324495315551765 0.20088311284780505 0.047319635748863227 0.98801350593566906 0.96683886647224437 78.750000000000014
decision_type=2 2 2 2 2 2 2 2 2 2 2 2 2 2 2 2 2 2 2 2 2 2 2 2 2 2 2 2 2 2
left_child=4 2 3 -2 7 6 8 12 -6 -10 -11 -8 -1 -14 17 16 -16 -7 -15 -17 25 22 -12 -24 -25 26 27 28 29 -21
right_child=1 -3 -4 -5 5 14 11 -9 9 10 21 -13 13 18 15 19 -18 -19 -20 20 -22 -23 23 24 -26 -27 -28 -29 -30 -31
leaf_value=0.00014565627212459418 0.031020364003037388 0.021164924697293523 -0.076172864119811307 0.11136707856573842 0.008605573010605036 0.077767182195309523 -0.071620413406052158 0.08419651198357847 -0.033053953963629958 0.063893067226682268 -0.069338326360918134 -0.0092705325911800456 0.0065588380491320951 0.023477899058343611 -0.12321174810640514 -0.0095871948630644882 -0.031381713817274524 0.0096312207353908743 0.1020191653179271 -0.0040603409856696899 -0.0070925857503348795 0.045389381307177248 0.026902735591108024 0.0044255225621076802 -0.088907481721849244 -0.0050566831592656356 0.012927699879864524 -0.0083412175529821789 0.015914148626208945 0.0047631254683704978
leaf_weight=154272 98 1267 290 66 720 97 311 89 1058 148 166 137 5090 176 76 3546 299 1536 70 11139 5382 72 215 107 83 6990 4056 5683 2704 13348
leaf_count=154272 98 1267 290 66 720 97 311 89 1058 148 166 137 5090 176 76 3546 299 1536 70 11139 5382 72 215 107 83 6990 4056 5683 2704 13348
internal_value=-1.01348e-11 0.0087833 -0.0257707 0.063355 -6.94767e-05 -0.00155061 -0.0173108 0.000467273 -0.0111649 -0.0188636 0.000116745 -0.0525536 0.000420584 0.00836918 -0.000683816 -0.00112448 -0.0499926 0.0136785 0.045827 -0.000777724 -0.000144111 -0.0145627 -0.0221224 -0.00276963 -0.0363463 0.000707361 0.00179836 0.000425223 0.00225744 0.00074938
internal_weight=219291 1721 454 164 217570 57873 3017 159697 2569 1849 791 448 159608 5336 54856 53223 375 1633 246 52848 49302 643 571 405 190 43920 36930 32874 27191 24487
internal_count=219291 1721 454 164 217570 57873 3017 159697 2569 1849 791 448 159608 5336 54856 53223 375 1633 246 52848 49302 643 571 405 190 43920 36930 32874 27191 24487
is_linear=0
shrinkage=0.05


Tree=144
num_leaves=31
num_cat=0
split_feature=12 13 12 9 1 1 13 9 10 11 13 10 10 10 11 10 10 0 1 11 10 11 11 11 6 3 11 7 10 10
split_gain=52.2241 206.257 208.568 158.101 129.002 112.799 126.311 133.944 111.201 108.956 212.227 197.132 123.397 132.431 120.433 245.097 139.331 122.063 103.208 98.7701 94.034 97.2135 94.0087 162.1 129.734 104.021 110.714 92.66 97.9087 89.1146
threshold=13.750000000000002 78.250000000000014 12.250000000000002 30.081488609313968 27.394323348999027 39.129423141479499 79.250000000000014 38.064682006835945 0.56314551830291759 0.57727023959159862 76.250000000000014 -0.3415676057338714 -0.79356426000595082 -0.63874351978301991 -0.82389250397682179 -0.444374069571495 -0.21772121638059613 5.473067283630372 25.89040565490723 -0.17552498728036878 -0.72660079598426808 0.3657089769840241 -0.49749487638473505 -0.35768499970436091 8.8238739967346209 26.642413139343265 -0.17552498728036878 36.548133850097663 -0.11593352630734442 0.97505551576614391
decision_type=2 2 2 2 2 2 2 2 2 2 2 2 2 2 2 2 2 2 2 2 2 2 2 2 2 2 2 2 2 2
left_child=1 3 8 9 -5 6 7 20 -3 14 -11 12 -12 -14 15 17 -17 -1 -18 -8 21 -4 -16 24 -24 -25 -27 28 -6 -2
right_child=29 2 5 4 27 -7 19 -9 -10 10 11 -13 13 -15 22 16 18 -19 -20 -21 -22 -23 23 25 -26 26 -28 -29 -30 -31
leaf_value=-0.02560643425963709 4.1314587109008441e-05 0.020122141910675469 -0.0069742173692881786 -0.056180645081176595 -0.018950945547330882 -0.045751369040183454 0.013589429664738912 -0.061028824740279354 0.00020772119005432309 0.013164291576155136 -0.088792325403184102 -0.0032700962517429586 -0.0033238011292673442 -0.033691385736459807 0.01822264165777766 0.018003872033079609 -0.048230117633200731 -0.092651158428805724 -0.0044723412045741253 -0.00010026012739366508 -8.6303250309725601e-05 -0.035580088229523035 -0.0069336426324368072 -0.019559384407425121 -0.068069027410282826 0.03409856618485084 0.0058190611261835614 -0.041034541055897454 -0.0056831098149679191 0.0043331854082922366
leaf_weight=203 169171 2256 1188 147 1715 135 2347 103 1017 1110 73 2785 576 953 1459 703 153 102 1130 3004 4828 396 261 322 130 418 2012 220 7348 13026
leaf_count=203 169171 2256 1188 147 1715 135 2347 103 1017 1110 73 2785 576 953 1459 703 153 102 1130 3004 4828 396 261 322 130 418 2012 220 7348 13026
internal_value=9.16514e-14 -0.00171007 0.00274623 -0.00482948 -0.00970801 -0.000305054 0.000211991 -0.0044632 0.0139343 -0.00111644 -0.00636694 -0.0113087 -0.0252835 -0.0222514 0.00307072 -0.00629627 0.000112673 -0.0480279 -0.00969053 0.00590417 -0.00355455 -0.0141257 0.00773386 0.0028649 -0.02726 0.007145 0.0106836 -0.0089721 -0.00819379 0.000348158
internal_weight=219291 37094 15274 21820 9430 12001 11866 6515 3273 12390 5497 4387 1602 1529 6893 2291 1986 305 1283 5351 6412 1584 4602 3143 391 2752 2430 9283 9063 182197
internal_count=219291 37094 15274 21820 9430 12001 11866 6515 3273 12390 5497 4387 1602 1529 6893 2291 1986 305 1283 5351 6412 1584 4602 3143 391 2752 2430 9283 9063 182197
is_linear=0
shrinkage=0.05


Tree=145
num_leaves=31
num_cat=0
split_feature=13 10 10 12 13 0 12 11 2 11 10 10 11 10 9 10 10 7 10 10 10 5 10 12 10 12 10 1 1 6
split_gain=53.0587 120.819 118.294 154.559 125.965 155.079 116.918 112.499 111.247 159.587 229.905 185.319 124.474 149.039 121.266 129.646 409.687 311.775 283.539 177.539 198.455 169.452 221.345 178.322 123.634 132.973 124.52 119.886 114.398 116.248
threshold=80.250000000000014 0.99762105941772472 0.97505551576614391 17.250000000000004 83.250000000000014 0.12395858764648439 18.750000000000004 0.80898702144622814 5.3431115150451669 -0.12447465583682059 -0.98801350593566883 0.012910176534205677 1.0000000180025095e-35 -0.99939814209938038 27.031724929809574 -0.26781183481216425 -0.23448921740055081 31.958871841430668 -0.42888796329498285 -0.72660079598426808 -0.78297284245491017 28.897807121276859 -0.39753912389278406 16.750000000000004 -0.98211652040481556 16.750000000000004 -0.96230018138885487 31.410868644714359 27.394323348999027 3.8824893236160283
decision_type=2 2 2 2 2 2 2 2 2 2 2 2 2 2 2 2 2 2 2 2 2 2 2 2 2 2 2 2 2 2
left_child=8 2 3 -2 -5 -6 -4 -7 -1 10 -10 14 -11 27 -12 18 17 -17 19 20 24 22 -20 -24 -16 26 -26 -14 -21 -30
right_child=1 -3 6 4 5 7 -8 -9 9 12 11 -13 13 -15 15 16 -18 -19 21 28 -22 -23 23 -25 25 -27 -28 -29 29 -31
leaf_value=0.00097320974332823918 0.0067437944222906001 -0.017041362741879312 -0.0020744275693448362 -0.0038678493972442354 -0.0024017931892780127 0.012062908532211685 0.018801871127825373 -0.031824712352796561 -0.047409139931161318 0.021211599059010697 0.0080366173771145785 0.0036922771885212961 -0.069096538541612754 0.0024018948025589064 0.037845748033788471 -0.109411992076967 -0.012335884848833918 0.003635829146255621 0.048093344669980116 -0.050853592729667989 0.027640608761944609 0.023904365415574835 0.012864273136572821 -0.058480628658976179 -0.038032958081860746 -0.021168714982588929 0.0030634638460431095 0.014736355362933072 -0.027726679198901639 -0.00077140149095423864
leaf_weight=141569 5065 1200 1242 35455 6268 3710 1458 152 321 869 1044 4668 132 6025 135 204 2114 87 117 320 409 1045 143 226 208 1659 1619 63 1151 613
leaf_count=141569 5065 1200 1242 35455 6268 3710 1458 152 321 869 1044 4668 132 6025 135 204 2114 87 117 320 409 1045 143 226 208 1659 1619 63 1151 613
internal_value=-5.86092e-13 -0.00135158 -0.000998669 -0.00154226 -0.00246294 0.00245425 0.00919877 0.0103356 0.000447543 -0.00276401 -0.00551885 -0.00466573 0.00348596 0.0010095 -0.00818252 -0.00986737 -0.0199924 -0.0756142 -0.00668218 -0.0115007 -0.00537365 0.0125604 -0.0118315 -0.0308321 -0.00910269 -0.0109208 -0.00161527 -0.0420121 -0.0233491 -0.0183596
internal_weight=219291 54550 53350 50650 45585 10130 2700 3862 164741 23172 16083 15762 7089 6220 11094 10050 2405 291 7645 6114 4030 1531 486 369 3621 3486 1827 195 2084 1764
internal_count=219291 54550 53350 50650 45585 10130 2700 3862 164741 23172 16083 15762 7089 6220 11094 10050 2405 291 7645 6114 4030 1531 486 369 3621 3486 1827 195 2084 1764
is_linear=0
shrinkage=0.05


Tree=146
num_leaves=31
num_cat=0
split_feature=1 10 10 9 10 10 12 10 10 10 3 10 10 9 7 13 13 13 9 10 10 10 11 11 10 10 13 12 10 9
split_gain=52.5391 301.891 232.871 224.709 139.042 275.883 182.592 133.344 129.815 126.381 130.128 118.979 330.505 184 153.638 136.763 117.16 114.644 114.618 223.254 137.039 134.016 113.613 277.564 176.488 243.965 150.72 193.827 155.125 140.825
threshold=34.326354980468757 -0.04732095077633857 -0.11593352630734442 40.088357925415046 -0.59817537665367115 -0.51973900198936451 14.750000000000002 -0.064507851377129541 -0.99273952841758717 0.88606244325637828 35.057132720947273 0.13301347196102145 0.16705007851123813 33.226667404174812 31.278440475463871 79.250000000000014 76.250000000000014 82.250000000000014 35.224086761474616 -0.45972847938537592 -0.34964421391487116 -0.38168568909168238 0.16704543679952624 0.064506059512496008 0.98521098494529735 0.96683886647224437 78.250000000000014 15.750000000000002 0.85206964612007152 30.86781215667725
decision_type=2 2 2 2 2 2 2 2 2 2 2 2 2 2 2 2 2 2 2 2 2 2 2 2 2 2 2 2 2 2
left_child=3 2 4 9 6 -6 8 -4 -2 -1 -11 14 13 15 -3 -13 -14 22 19 -7 -21 -20 23 24 25 26 27 28 -18 -24
right_child=1 11 7 -5 5 18 -8 -9 -10 10 -12 12 16 -15 -16 -17 17 -19 21 20 -22 -23 29 -25 -26 -27 -28 -29 -30 -31
leaf_value=0.00016681811796935271 -0.062499233269456611 0.073883893315862745 -0.068047416447721706 0.079899111009213375 0.05792157138360942 -0.060377040828797572 -0.041691753235828209 -0.0088427977983153213 0.00020833101445074371 0.0062771217825515965 0.043510891099477464 -0.12170162956112798 -0.0091582550139352719 -0.013790030276268414 0.0090008301522118469 -0.033935506036505102 -0.023439546888494728 -0.0067986297392330676 0.076600883049624313 0.025475438536509815 -0.025048338071175031 -0.026707928525811098 0.036355864961927782 0.017518791054026331 -0.0064894418258471358 0.018347021975706448 0.0040306918222798131 0.0012488170269330011 -0.00075615576568116528 -0.0056353962290920968
leaf_weight=154272 92 97 311 89 188 208 612 137 802 5090 246 103 3661 194 1536 78 1827 5382 77 273 264 53 205 2696 6609 2259 16858 6117 1283 7672
leaf_count=154272 92 97 311 89 188 208 612 137 802 5090 246 103 3661 194 1536 78 1827 5382 77 273 264 53 205 2696 6609 2259 16858 6117 1283 7672
internal_value=-8.47715e-15 -0.00126692 -0.0166778 0.000472774 -0.0108768 0.00296859 -0.0206495 -0.0499424 -0.0062448 0.000428485 0.00799367 -0.000445125 -0.000840416 -0.04762 0.0128549 -0.0838798 -0.000518945 0.000102342 -0.00883845 -0.0163978 0.000636934 0.0344827 0.000918163 0.00206067 0.000868349 0.00258397 0.00121887 -0.00391841 -0.0140817 -0.00454257
internal_weight=219291 59594 3017 159697 2569 1063 1506 448 894 159608 5336 56577 54944 375 1633 181 54569 50908 875 745 537 130 45526 37649 34953 28344 26085 9227 3110 7877
internal_count=219291 59594 3017 159697 2569 1063 1506 448 894 159608 5336 56577 54944 375 1633 181 54569 50908 875 745 537 130 45526 37649 34953 28344 26085 9227 3110 7877
is_linear=0
shrinkage=0.05


Tree=147
num_leaves=31
num_cat=0
split_feature=12 13 12 9 11 1 11 13 10 10 10 11 10 10 0 9 1 1 13 9 11 11 6 11 3 11 13 13 11 3
split_gain=51.0182 184.447 191.41 142.751 125.76 114.426 98.8016 191.553 178.081 111.377 119.929 107.935 216.635 125.038 108.358 98.504 94.3406 93.4383 90.5677 95.9556 85.0644 146.791 118.669 96.5166 133.682 145.114 83.0484 117.825 224.794 140.822
threshold=13.750000000000002 78.250000000000014 12.750000000000002 30.081488609313968 -0.71464690566062916 27.394323348999027 0.57727023959159862 76.250000000000014 -0.3415676057338714 -0.79356426000595082 -0.62540480494499195 -0.82389250397682179 -0.444374069571495 -0.21772121638059613 5.473067283630372 38.064682006835945 38.069396972656257 25.89040565490723 79.250000000000014 38.169408798217781 -0.49749487638473505 -0.35768499970436091 2.3344490528106694 -0.27608674764633173 26.790010452270511 -0.20930689573287961 80.250000000000014 76.250000000000014 -0.09024826809763907 28.397090911865238
decision_type=2 2 2 2 2 2 2 2 2 2 2 2 2 2 2 2 2 2 2 2 2 2 2 2 2 2 2 2 2 2
left_child=1 3 4 6 16 -5 11 -8 9 -9 -11 12 14 -14 -1 -6 -3 -15 19 -4 -13 22 -22 -23 25 -25 27 28 -2 -29
right_child=26 2 18 5 15 -7 7 8 -10 10 -12 20 13 17 -16 -17 -18 -19 -20 -21 21 23 -24 24 -26 -27 -28 29 -30 -31
leaf_value=-0.024100924286165698 -0.0098995662239931004 0.024515336138620298 -0.0064840015679064949 -0.053044223406535834 0.0059153965410394744 -0.0085826502438710022 0.01244379856330049 -0.084425368037534088 -0.0031663116345936985 -0.0043443797267779397 -0.032836196711492724 0.017267273174667194 0.016981793903053054 -0.04592383723657311 -0.087269573256957778 -0.050369797486670413 -0.021208336329484573 -0.0042886158453472644 0.0027698070286720608 -0.066347353132989478 0.0027616756769998454 0.037811834455414889 -0.052381486649905773 -0.098942814453652037 0.0082100254009226485 -0.01060115266720661 -0.0012888350045307752 0.0078251674940261005 0.0027083708281078786 0.0010822826018247907
leaf_weight=203 6708 1498 4296 147 4847 9283 1110 73 2785 624 905 1459 703 153 102 79 122 1130 4364 68 187 229 204 57 2214 252 54550 8359 7475 105105
leaf_count=203 6708 1498 4296 147 4847 9283 1110 73 2785 624 905 1459 703 153 102 79 122 1130 4364 68 187 229 204 57 2214 252 54550 8359 7475 105105
internal_value=2.3102e-12 -0.00169021 0.00252388 -0.00464008 0.00898706 -0.00927574 -0.00111189 -0.00611175 -0.0108067 -0.0240891 -0.0212084 0.00287538 -0.00599226 3.30907e-05 -0.0452262 0.00501273 0.0210719 -0.00925369 -0.00232349 -0.00741679 0.00728993 0.00265838 -0.0260087 0.00673135 0.00391033 -0.0268972 0.000344115 0.00104196 -0.00325469 0.00157904
internal_weight=219291 37094 15274 21820 6546 9430 12390 5497 4387 1602 1529 6893 2291 1986 305 4926 1620 1283 8728 4364 4602 3143 391 2752 2523 309 182197 127647 14183 113464
internal_count=219291 37094 15274 21820 6546 9430 12390 5497 4387 1602 1529 6893 2291 1986 305 4926 1620 1283 8728 4364 4602 3143 391 2752 2523 309 182197 127647 14183 113464
is_linear=0
shrinkage=0.05


Tree=148
num_leaves=31
num_cat=0
split_feature=11 2 10 13 1 11 11 13 10 7 12 11 10 10 11 9 10 5 7 5 10 3 13 1 11 10 11 11 9 11
split_gain=49.5242 82.7876 77.361 190.39 62.6141 366.368 241.914 383.468 401.38 229.873 187.109 181.841 179.002 607.356 291.323 421.565 484.938 516.052 361.687 273.222 293.593 265.343 232.403 223.173 222.573 213.37 196.904 321.082 310.012 343.678
threshold=0.99814856052398693 0.21955960988998416 0.012910176534205677 81.250000000000014 30.763122558593754 0.93834263086318981 0.60503363609313976 80.250000000000014 -0.67760851979255665 30.841373443603519 19.250000000000004 0.79874977469444286 -0.88606244325637806 -0.8429337441921233 -0.32533003389835352 31.823954582214359 -0.92913278937339772 32.22657775878907 32.712821960449226 31.461930274963382 -0.91585582494735707 32.230146408081062 78.750000000000014 31.649764060974125 -0.25950218737125391 -0.91585582494735707 0.18399153649806979 0.15004983544349673 32.45946121215821 0.098816476762294783
decision_type=2 2 2 2 2 2 2 2 2 2 2 2 2 2 2 2 2 2 2 2 2 2 2 2 2 2 2 2 2 2
left_child=4 2 -2 -4 -1 6 10 -8 -9 -10 12 -11 14 23 15 22 17 -17 19 -18 -21 24 -6 -14 -16 -20 27 28 29 -26
right_child=1 -3 3 -5 5 -7 7 8 9 11 -12 -13 13 -15 21 16 18 -19 25 20 -22 -23 -24 -25 26 -27 -28 -29 -30 -31
leaf_value=0.0012521804112434465 -0.013034412681522287 0.023105315921550736 -0.0067771380692114892 0.043075114349400805 -0.017122606676876897 0.016929565907976517 -0.0036742252852853853 0.025864385387903661 -0.018831175340552869 -0.068534702483426649 0.0038531031444335993 -0.015365209746078485 0.005204970870629759 -0.0009219615968036176 0.027154283690298844 0.031350453370224601 0.028276331314156133 -0.10162078076428849 -0.038338579263362781 -0.020062786208417289 -0.1017270455845591 0.0055425485149734333 0.030865040996819706 0.035969782247088987 -0.014482202966137803 0.022729706330490967 -0.0010506324800969369 -0.062910790811227968 0.018671489296135286 -0.069824174505245529
leaf_weight=76213 2295 235 1055 234 553 2941 14356 311 949 621 23694 217 957 77632 408 89 93 405 202 196 251 5500 464 1535 3045 490 3053 359 629 309
leaf_count=76213 2295 235 1055 234 553 2941 14356 311 949 621 23694 217 957 77632 408 89 93 405 202 196 251 5500 464 1535 3045 490 3053 359 629 309
internal_value=1.87595e-12 -0.00564403 -0.0075291 0.00227284 0.000100034 -0.000530507 -0.0009072 -0.00659222 -0.0265592 -0.0356828 -0.000126805 -0.0547665 -0.00110736 -0.000142017 -0.00592769 -0.0207643 -0.0358106 -0.0776644 -0.0190284 -0.0496965 -0.065919 -0.00286847 0.00477146 0.0241552 -0.00879703 0.00490341 -0.0107805 -0.017622 -0.0135399 -0.0195808
internal_weight=219291 3819 3584 1289 215472 139259 136318 16454 2098 1787 119864 838 96170 80124 16046 2743 1726 494 1232 540 447 13303 1017 2492 7803 692 7395 4342 3983 3354
internal_count=219291 3819 3584 1289 215472 139259 136318 16454 2098 1787 119864 838 96170 80124 16046 2743 1726 494 1232 540 447 13303 1017 2492 7803 692 7395 4342 3983 3354
is_linear=0
shrinkage=0.05


Tree=149
num_leaves=31
num_cat=0
split_feature=10 9 10 7 5 0 12 10 3 7 12 12 11 8 10 4 9 10 11 12 2 11 0 11 10 8 3 1 12 12
split_gain=48.8761 237.028 169.117 131.41 112.293 126.733 136.038 119.577 113.204 117.26 103.05 101.563 98.8652 86.377 76.4236 293.314 225.071 168.788 208.85 238.578 162.22 175.87 273.309 161.19 239.051 147.526 140.144 137.774 117.617 115.046
threshold=-0.99865758419036854 30.83834266662598 -0.99984258413314808 30.872042655944828 30.346482276916507 32.250623703002937 16.250000000000004 -0.99984258413314808 28.806694984436039 30.371634483337406 16.750000000000004 17.750000000000004 -0.038720846176147454 21.247849464416507 -0.98521098494529713 0.14134389162063601 32.751594543457038 -0.99052327871322621 -0.15855351090431211 14.250000000000002 1.0000000180025095e-35 0.098816476762294783 0.36300493776798254 -0.07309242337942122 -0.99466162919998158 0.43706230819225317 33.225990295410163 32.330865859985359 18.250000000000004 13.750000000000002
decision_type=2 2 2 2 2 2 2 2 2 2 2 2 2 2 2 2 2 2 2 2 2 2 2 2 2 2 2 2 2 2
left_child=1 2 3 10 11 6 7 -6 -8 -10 -1 -3 -11 -4 15 20 17 28 -19 -20 21 23 26 24 25 -2 29 -22 -17 -23
right_child=14 4 13 -5 5 -7 8 -9 9 12 -12 -13 -14 -15 -16 16 -18 18 19 -21 27 22 -24 -25 -26 -27 -28 -29 -30 -31
leaf_value=-0.021149800906188034 -0.087615669007150176 -0.0042527491993581256 0.021746274149104402 -0.078195258238702089 -0.029938282485751585 0.043512872213958415 0.041871413272664942 0.021154111796771111 0.013435550862433096 0.0061063965699194294 0.038952196317973364 0.041277065629292516 -0.048796626837690517 0.054183372485385919 9.3286589292266732e-05 -0.0034361337611166958 0.029138824950965231 0.022177905576170026 0.026040541351353454 -0.042454401830386158 -0.010918946717772162 -0.027588475686617389 -0.00070574092733295408 0.0033098938462813943 -0.010056519023135245 -0.01191607747747693 -0.023449385198358222 0.02572185021664198 0.016977340791670768 -0.096332047325609405
leaf_weight=178 209 300 1035 60 174 93 53 335 114 95 119 207 599 256 207231 1668 726 251 156 687 939 78 256 757 620 93 149 353 1223 277
leaf_count=178 209 300 1035 60 174 93 53 335 114 95 119 207 599 256 207231 1668 726 251 156 687 939 78 256 757 620 93 149 353 1223 277
internal_value=3.23091e-12 0.0057633 0.0197556 -0.0107033 -0.00594195 -0.0129694 -0.0168036 0.00368834 -0.0289178 -0.0335612 0.00293147 0.0143363 -0.0412811 0.0281784 -9.66817e-05 -0.00475995 0.00353416 -0.00113058 -0.0178585 -0.0297792 -0.0152326 -0.0228208 -0.042777 -0.0137876 -0.0278253 -0.0643042 -0.0641465 -0.000907955 0.00519952 -0.0812278
internal_weight=219291 3618 1648 357 1970 1463 1370 509 861 808 297 507 694 1291 215673 8442 4711 3985 1094 843 3731 2439 760 1679 922 302 504 1292 2891 355
internal_count=219291 3618 1648 357 1970 1463 1370 509 861 808 297 507 694 1291 215673 8442 4711 3985 1094 843 3731 2439 760 1679 922 302 504 1292 2891 355
is_linear=0
shrinkage=0.05


Tree=150
num_leaves=31
num_cat=0
split_feature=4 10 7 10 9 10 6 9 2 10 11 5 11 8 10 5 11 9 1 12 10 1 9 10 5 0 9 10 10 10
split_gain=47.772 140.08 145.415 139.616 201.418 138.52 251.577 208.745 166.882 147.103 457.01 382.53 211.163 219.251 166.693 674.676 508.519 299.948 356.672 310.917 167.402 356.932 314.297 245.972 407.846 261.677 209 202.319 196.917 154.628
threshold=6.0300328731536874 -0.99984258413314808 30.523880958557132 -0.99865758419036854 31.101372718811039 -0.98521098494529713 0.13190586119890216 32.322616577148445 0.11548787727952005 -0.94697898626327504 -0.27608674764633173 31.929214477539066 -0.20930689573287961 2.3032125234603886 -0.90880924463272084 33.041311264038093 -0.40541070699691767 32.356674194335945 32.831197738647468 18.250000000000004 -0.82391539216041554 32.330865859985359 30.83834266662598 -0.8779519498348235 32.259752273559577 1.0042000412940981 29.530364990234379 -0.78297284245491017 -0.73831951618194569 -0.89391031861305226
decision_type=2 2 2 2 2 2 2 2 2 2 2 2 2 2 2 2 2 2 2 2 2 2 2 2 2 2 2 2 2 2
left_child=1 2 -1 4 -3 6 8 -8 -5 10 -7 12 13 -12 15 -11 -17 -18 -19 -20 21 23 -23 24 26 -25 -16 -22 -29 -26
right_child=-2 3 -4 5 -6 9 7 -9 -10 14 11 -13 -14 -15 20 16 17 18 19 -21 27 22 -24 25 29 -27 -28 28 -30 -31
leaf_value=0.00094962926413127253 -0.0018188487285934925 0.025826297144269289 -0.044180922952299528 -0.025377644743525954 -0.0074023857247407761 0.035063436943652757 -0.003740352168122657 0.027891478229475283 -0.0020789845148763437 0.00027777062636262067 -0.0055068290177138247 0.01825018260081682 0.00034920590842920404 -0.047270492946062198 0.0051962999379663363 -0.13117087779196668 0.023250585176520958 0.01532906917706317 -0.08846459836849585 0.003406549204761784 -0.011207516317632178 0.060411238415442318 0.014675954853329296 0.016047042504825113 0.044626226057215987 -0.009218623575706705 -0.030300103237880845 0.011563358096078858 6.9135658020534079e-05 -0.0039696379446259051
leaf_weight=354 30998 1244 360 2046 720 1240 2283 676 1231 4258 705 2304 2871 567 562 146 201 176 396 120 3878 463 1991 3322 381 1482 1582 3822 148625 287
leaf_count=354 30998 1244 360 2046 720 1240 2283 676 1231 4258 705 2304 2871 567 562 146 201 176 396 120 3878 463 1991 3322 381 1482 1582 3822 148625 287
internal_value=8.00464e-12 0.000299431 -0.0218053 0.00038357 0.0136447 0.000243253 -0.0070825 0.00348612 -0.0166255 0.000497929 0.00726486 0.00191815 -0.0071644 -0.0241232 0.000194959 -0.00853693 -0.0446611 -0.0305173 -0.0461348 -0.0670992 0.000472929 0.00672149 0.0233049 0.00137804 -0.0103667 0.00825276 -0.0209955 7.04154e-05 0.000357307 0.0237475
internal_weight=219291 188293 714 187579 1964 185615 6236 2959 3277 179379 7687 6447 4143 1272 171692 5297 1039 893 692 516 166395 10070 2454 7616 2812 4804 2144 156325 152447 668
internal_count=219291 188293 714 187579 1964 185615 6236 2959 3277 179379 7687 6447 4143 1272 171692 5297 1039 893 692 516 166395 10070 2454 7616 2812 4804 2144 156325 152447 668
is_linear=0
shrinkage=0.05


Tree=151
num_leaves=31
num_cat=0
split_feature=11 11 13 9 3 12 11 11 11 0 8 9 10 1 9 10 10 12 12 10 10 9 5 10 5 12 1 10 1 7
split_gain=48.778 241.086 231.924 198.658 406.977 136.252 163.306 265.918 416.083 245.525 236.403 303.019 232.84 295.703 311.873 338.409 306.139 230.961 216.817 199.517 222.177 517.703 338.985 296.605 264.278 233.916 215.109 278.347 194.393 193.006
threshold=0.38167507946491247 0.31717954576015478 76.250000000000014 35.627878189086921 35.057132720947273 19.750000000000004 0.83824864029884349 0.77756834030151378 0.72064045071601879 0.18776734918355945 1.4586918354034426 30.14364051818848 0.25118774175643926 29.652140617370609 28.69754791259766 0.38168568909168249 0.41327477991580969 17.750000000000004 17.250000000000004 -0.46735489368438715 -0.40542197227478022 28.323177337646488 30.965818405151371 -0.42109696567058558 29.275653839111332 14.750000000000002 30.9441032409668 -0.021515898406505581 30.506408691406254 29.921259880065922
decision_type=2 2 2 2 2 2 2 2 2 2 2 2 2 2 2 2 2 2 2 2 2 2 2 2 2 2 2 2 2 2
left_child=1 2 -1 4 -3 6 7 8 -2 -10 11 -9 19 -14 16 18 -15 -17 -16 28 21 24 23 25 -21 -23 29 -28 -8 -22
right_child=5 3 -4 -5 -6 -7 12 10 9 -11 -12 -13 13 14 15 17 -18 -19 -20 20 26 22 -24 -25 -26 -27 27 -29 -30 -31
leaf_value=-0.006701959013931229 -0.003300182075387579 0.0097964466786446009 0.00081142230104799145 -0.022421015444863 0.062556318128342503 -0.0072821762192388853 0.0071011284138378598 0.0062035481874746744 0.0069040443139418289 0.03449988516543754 -0.037217030206043999 -0.017346710524015676 0.020657419410981898 -0.056488987917686445 0.011675459019966387 0.0051696578070776922 0.010333622595509004 -0.021031502112207143 0.045798834392912942 -0.0097102394855595395 0.00072727106181294933 -0.10101102261902078 -0.10749960351266608 0.0087918058864960343 0.046455761731984284 -0.031937573923737451 0.023916574839944957 -0.012884620064482011 0.046442222552443471 -0.011159629625551911
leaf_weight=11220 26208 4027 121440 395 402 7733 2368 2232 4477 983 800 3520 3349 415 1574 2898 292 1185 661 526 13484 152 151 374 348 633 1788 721 362 4573
leaf_count=11220 26208 4027 121440 395 402 7733 2368 2232 4477 983 800 3520 3349 415 1574 2898 292 1185 661 526 13484 152 151 374 348 633 1788 721 362 4573
internal_value=-2.16106e-12 0.000575229 0.000175962 0.0115551 0.0145852 -0.000966724 -0.000307418 -0.00258127 -0.000684236 0.0118723 -0.0117503 -0.00820829 0.00211648 0.00843124 0.00260271 0.00612687 -0.0288904 -0.00243465 0.0217674 -0.000454526 -0.0019872 -0.0171499 -0.0370339 -0.0278533 0.0126533 -0.0453123 -0.000377003 0.0133412 0.0123178 -0.00228313
internal_weight=219291 137484 132660 4824 4429 81807 74074 38220 31668 5460 6552 5752 35854 10374 7025 6318 707 4083 2235 25480 22750 2184 1310 1159 874 785 20566 2509 2730 18057
internal_count=219291 137484 132660 4824 4429 81807 74074 38220 31668 5460 6552 5752 35854 10374 7025 6318 707 4083 2235 25480 22750 2184 1310 1159 874 785 20566 2509 2730 18057
is_linear=0
shrinkage=0.05


Tree=152
num_leaves=31
num_cat=0
split_feature=1 10 10 9 10 10 12 10 3 10 11 3 10 9 10 10 10 3 12 13 11 10 10 0 10 3 11 11 10 0
split_gain=48.698 267.65 339.353 185.234 125.584 264.518 158.73 115.838 131.017 125.978 107.277 106.326 100.935 96.4185 208.656 128.111 122.65 109.277 96.3558 295.609 440.537 242.698 399.728 216.863 215.664 366.723 346.744 378.744 254.485 214.581
threshold=34.25593566894532 -0.064507851377129541 -0.11593352630734442 40.088357925415046 -0.59817537665367115 -0.51973900198936451 14.750000000000002 0.88606244325637828 35.22096252441407 0.98930501937866222 -0.12447465583682059 32.46617507934571 -0.63874351978301991 35.139902114868171 -0.45972847938537592 -0.38168568909168238 -0.34964421391487116 33.937786102294929 17.250000000000004 77.750000000000014 -0.15855351090431211 -0.72660079598426808 -0.78297284245491017 2.0321241617202763 -0.82391539216041554 32.999116897583015 -0.49749487638473505 -0.20930689573287961 -0.96683886647224415 4.9124369621276864
decision_type=2 2 2 2 2 2 2 2 2 2 2 2 2 2 2 2 2 2 2 2 2 2 2 2 2 2 2 2 2 2
left_child=3 2 4 7 6 -6 10 18 -9 -10 12 -3 -2 14 -7 -15 -16 -18 19 23 29 22 24 -1 26 -26 -20 28 -28 -21
right_child=1 11 -4 -5 5 13 -8 8 9 -11 -12 -13 -14 15 16 -17 17 -19 21 20 -22 -23 -24 -25 25 -27 27 -29 -30 -31
leaf_value=0.00034285179469334919 0.007873952707751165 0.032917451584504279 -0.064345879056257396 0.074689258329038111 0.055197784984624722 -0.056696275507682539 -0.036832405003177429 0.0063073350567964988 0.021265477468297492 0.11118695907817598 -0.045477545452238602 -0.00057176461191801159 -0.048870097682811323 0.066823288871582315 0.023179287439808093 -0.027246370042872722 0.011877016080099912 -0.05055094999673812 0.025504812657263176 0.015744773594824749 0.00068596029174757857 -0.0031494516228436839 0.02007706796437389 -0.008568942948658136 -0.010331969818206414 -0.1289942571576233 -0.035333829220945141 0.0047522830617856074 -0.0060279380040705642 0.0019629003331845742
leaf_weight=27841 716 238 319 84 199 219 699 4906 123 57 142 57130 88 89 295 61 126 158 1485 9592 27529 49590 2970 9044 2309 67 891 13927 4394 4003
leaf_count=27841 716 238 319 84 199 219 699 4906 123 57 142 57130 88 89 295 61 126 158 1485 9592 27529 49590 2970 9044 2309 67 891 13927 4394 4003
internal_value=5.98965e-12 -0.00120741 -0.015491 0.000459807 -0.00990903 0.00279029 -0.0187638 0.000420525 0.00784449 0.0497406 -0.00541293 -0.000432829 0.00166316 -0.00821086 -0.0151242 0.0285683 0.000599903 -0.022854 0.000174769 0.0014077 0.00432266 -0.00109689 0.00281151 -0.00184227 0.000589059 -0.0136781 0.00222692 0.000427641 -0.0109686 0.0116867
internal_weight=219291 60479 3111 158812 2792 1147 1645 158728 5086 180 946 57368 804 948 798 150 579 284 153642 78009 41124 75633 26043 36885 23073 2376 20697 19212 5285 13595
internal_count=219291 60479 3111 158812 2792 1147 1645 158728 5086 180 946 57368 804 948 798 150 579 284 153642 78009 41124 75633 26043 36885 23073 2376 20697 19212 5285 13595
is_linear=0
shrinkage=0.05


Tree=153
num_leaves=31
num_cat=0
split_feature=12 13 12 13 1 11 9 9 9 9 10 11 13 10 10 9 7 10 11 11 10 10 1 13 10 10 12 13 3 11
split_gain=49.0149 161.331 124.387 176.314 107.098 122.387 157.749 103.345 89.4083 83.1515 169.059 99.4941 143.199 130.773 94.5996 189.791 161.606 155.506 87.0312 95.4158 153.212 81.0043 80.2184 76.998 105.517 102.088 134.995 114.623 113.713 127.34
threshold=13.750000000000002 79.250000000000014 12.250000000000002 77.750000000000014 39.129423141479499 -0.63872575759887684 38.505393981933601 38.064682006835945 29.850750923156742 30.081488609313968 -0.1330134719610214 0.53435277938842785 76.250000000000014 -0.35769492387771601 -0.46735489368438715 27.879224777221683 28.14733982086182 -0.79356426000595082 -0.97870382666587818 0.38167507946491247 -0.8779519498348235 -0.78297284245491017 25.582847595214847 80.250000000000014 0.99762105941772472 0.97505551576614391 17.250000000000004 83.750000000000014 37.134969711303718 0.13300977647304538
decision_type=2 2 2 2 2 2 2 2 2 2 2 2 2 2 2 2 2 2 2 2 2 2 2 2 2 2 2 2 2 2
left_child=1 2 3 8 5 -3 -7 9 -1 11 18 22 -13 14 15 17 -16 -14 -11 -20 -21 -22 -4 -2 25 26 -25 -28 29 -29
right_child=23 4 7 -5 -6 6 -8 -9 -10 10 -12 12 13 -15 16 -17 -18 -19 19 20 21 -23 -24 24 -26 -27 27 28 -30 -31
leaf_value=0.0014505724408462447 0.0010092319086850267 0.017569380122477593 -0.018593483859828366 0.011115542498548606 -0.042788125802886434 0.0030620996741831663 -0.084512856625951829 -0.052099493079430403 -0.013242907580992487 -0.059840433165813105 -0.0040519688329356532 0.012751113408995133 -0.094228467115989104 -0.0031942045236567971 -0.014620504679244965 0.0029996098903124222 -0.081470939384486823 -0.024085042462024531 -0.012239923985626856 -0.079249604981494692 0.0059155147608808021 -0.045476941149196044 0.0049594992525494215 0.006333690656978315 -0.015897640896661566 0.0085679651884441859 -0.0032540862328066852 0.013814348761156892 -0.019892133878934067 -0.0012419328180498079
leaf_weight=2675 127647 1756 390 3273 113 4625 52 116 1689 117 8612 841 91 2992 215 750 156 600 2626 146 171 139 4949 5065 1200 2700 39507 2730 456 2892
leaf_count=2675 127647 1756 390 3273 113 4625 52 116 1689 117 8612 841 91 2992 215 750 156 600 2626 146 171 139 4949 5065 1200 2700 39507 2730 456 2892
internal_value=3.48133e-12 -0.00165669 -0.00318311 0.00234309 0.00546659 0.00631422 0.00208842 -0.00502518 -0.00423625 -0.00478563 -0.00769783 -0.00165416 -0.00628208 -0.00961408 -0.0202147 -0.0144178 -0.0427301 -0.0333225 -0.0175128 -0.015906 -0.0370179 -0.0171282 0.00323902 0.000337291 -0.00123505 -0.000905245 -0.00141023 -0.00227067 0.00412153 0.00606928
internal_weight=219291 37094 30548 7637 6546 6433 4677 22911 4364 22795 11811 10984 5645 4804 1812 1441 371 691 3199 3082 456 310 5339 182197 54550 53350 50650 45585 6078 5622
internal_count=219291 37094 30548 7637 6546 6433 4677 22911 4364 22795 11811 10984 5645 4804 1812 1441 371 691 3199 3082 456 310 5339 182197 54550 53350 50650 45585 6078 5622
is_linear=0
shrinkage=0.05


Tree=154
num_leaves=31
num_cat=0
split_feature=3 10 11 11 11 9 10 12 9 10 12 10 1 9 10 10 10 1 13 11 10 3 11 11 10 10 13 10 11 10
split_gain=49.2195 214.32 241.592 174.218 352.624 188.739 194.273 256.83 185.912 179.945 171.315 165.681 273.665 183.434 319.734 291.48 271.919 164.005 157.856 237.945 195.344 145.697 142.558 258.249 740.296 141.922 301.321 153.963 140.532 232.841
threshold=30.320503234863285 0.7666517198085786 0.56312987208366405 0.93225467205047619 0.88201534748077404 27.258271217346195 -0.42109696567058558 18.750000000000004 29.495378494262699 0.26781183481216436 19.250000000000004 -0.021515898406505581 30.32319259643555 29.189107894897464 -0.15855792164802548 -0.073094449937343584 -0.10738035291433333 31.557967185974125 79.750000000000014 0.60503363609313976 0.75548630952835094 30.851837158203129 0.83824864029884349 0.77756834030151378 -0.59817537665367115 0.44437406957149511 83.250000000000014 0.18399664759635928 0.96457844972610485 -0.22611359506845471
decision_type=2 2 2 2 2 2 2 2 2 2 2 2 2 2 2 2 2 2 2 2 2 2 2 2 2 2 2 2 2 2
left_child=1 28 -3 4 10 -6 7 21 17 11 22 12 -5 16 -15 -16 -14 -8 -12 25 -21 -7 23 -2 -25 26 27 -20 -1 -30
right_child=3 2 -4 9 5 6 8 -9 -10 -11 18 -13 13 14 15 -17 -18 -19 19 20 -22 -23 -24 24 -26 -27 -28 -29 29 -31
leaf_value=0.0020202660998709476 -0.0010507468294134535 -0.026752773230766941 0.039184757003274104 -0.018128602020772485 0.054336605519589888 -0.037932223952195261 -0.025142578206086869 0.022114453383601539 -0.0081827215184788679 0.026405086074732794 0.0072739787766051868 -0.0088593658830885078 0.019898456478523847 0.0055897717351559044 0.074144768250795703 0.01662484299340599 -0.057231352603135832 -0.090709429838862585 -0.0073900248389578028 -0.0165178471170551 -0.087809760733550291 -0.10342189868650167 0.011892145576744499 -0.089595267903876952 -0.0077978748696258919 0.0067933844235909847 0.0096735563229845556 -0.033574914768552025 -0.028870506930738782 -0.0019784936941915168
leaf_weight=51533 109747 174 689 635 96 181 437 101 3176 1086 12566 1658 316 912 480 407 179 122 4158 811 109 160 2028 302 3290 6372 2815 649 857 13245
leaf_count=51533 109747 174 689 635 96 181 437 101 3176 1086 12566 1658 316 912 480 407 179 122 4158 811 109 160 2028 302 3290 6372 2815 649 857 13245
internal_value=-6.52946e-12 0.00113547 0.0258903 -0.000494175 -0.000825715 -0.0149791 -0.0165721 -0.0479178 -0.0128627 0.00810376 -0.000402344 0.0037708 0.0109203 0.0189613 0.0263778 0.0477517 -0.00799293 -0.0394523 0.0031455 -0.000333014 -0.0249644 -0.0686605 -0.00124743 -0.00148254 -0.014675 0.00128631 -0.0033176 -0.0109253 0.000809982 -0.00361276
internal_weight=219291 66498 863 152793 147120 4273 4177 442 3735 5673 142847 4587 2929 2294 1799 887 495 559 27480 14914 920 341 115367 113339 3592 13994 7622 4807 65635 14102
internal_count=219291 66498 863 152793 147120 4273 4177 442 3735 5673 142847 4587 2929 2294 1799 887 495 559 27480 14914 920 341 115367 113339 3592 13994 7622 4807 65635 14102
is_linear=0
shrinkage=0.05


Tree=155
num_leaves=31
num_cat=0
split_feature=1 10 10 9 10 10 10 12 10 3 10 10 10 5 7 11 3 7 7 10 12 10 10 3 10 9 1 6 10 13
split_gain=46.5658 246.228 195.589 166.451 119.862 112.185 239.119 144.179 107.095 117.301 113.503 98.0695 313.47 201.416 148.108 97.3693 116.085 126.75 151.093 103.441 426.99 318.922 310.04 213.395 187.116 398.861 452.829 464.345 324.044 309.998
threshold=34.25593566894532 -0.04732095077633857 -0.11593352630734442 40.088357925415046 -0.09881922602653502 -0.59817537665367115 -0.51973900198936451 13.250000000000002 0.88606244325637828 35.22096252441407 0.98930501937866222 0.13301347196102145 0.16705007851123813 32.292924880981452 30.722123146057132 0.59123954176902782 33.478069305419929 37.567344665527351 34.324495315551765 0.42888796329498297 16.250000000000004 0.47494667768478399 0.38168568909168249 34.75067329406739 0.54883790016174328 41.424884796142585 39.129423141479499 0.12394945323467256 0.49002411961555487 82.250000000000014
decision_type=2 2 2 2 2 2 2 2 2 2 2 2 2 2 2 2 2 2 2 2 2 2 2 2 2 2 2 2 2 2
left_child=3 2 5 8 -4 7 -7 -2 -1 -10 -11 14 13 -13 -3 16 17 18 -14 20 22 23 -18 -21 25 26 29 28 -28 -23
right_child=1 11 4 -5 -6 6 -8 -9 9 10 -12 12 15 -15 -16 -17 19 -19 -20 21 -22 24 -24 -25 -26 -27 27 -29 -30 -31
leaf_value=0.00017609136684927483 0.0054212020128281222 0.083082049070061115 -0.083538341272970759 0.070815034043265598 -0.027983033861632329 0.05225083704630671 -0.0080368176955245407 -0.02732490277633462 0.0060962326350105346 0.020164546219828897 0.10551792674518207 -0.12802601173396164 0.0055525794414992852 -0.029804324427845353 0.0083214339754096485 -0.026243094705137332 0.025482432752466328 -0.047762501274163906 0.05261647076546231 -0.060272908135168793 -0.018307721544941671 -0.032265902559283452 -0.029299451459430605 0.030217113590727315 0.00021567611153492972 -0.057439749792785155 0.10383748091561229 0.10550960007704945 -0.0064203578858273089 0.025352174644358457
leaf_weight=153642 471 69 139 84 322 199 948 1174 4906 123 57 62 408 330 1661 364 1215 65 293 69 3126 1197 328 1168 45384 431 76 149 541 290
leaf_count=153642 471 69 139 84 322 199 948 1174 4906 123 57 62 408 330 1661 364 1215 65 293 69 3126 1197 328 1168 45384 431 76 149 541 290
internal_value=1.46122e-12 -0.00118068 -0.0145618 0.000449628 -0.044734 -0.00957988 0.00242285 -0.017949 0.00041239 0.0075507 0.0471931 -0.000420036 -0.00078549 -0.0453394 0.0113032 -0.000468541 -0.00029715 0.0190307 0.0252241 -0.000571451 -0.00768452 0.000102129 0.0138373 0.0251696 -0.000542966 -0.0133709 -0.00494052 0.0262913 0.00716083 -0.021029
internal_weight=219291 60479 3253 158812 461 2792 1147 1645 158728 5086 180 57226 55496 392 1730 55104 54740 766 701 53974 4669 49305 1543 1237 48068 2684 2253 766 617 1487
internal_count=219291 60479 3253 158812 461 2792 1147 1645 158728 5086 180 57226 55496 392 1730 55104 54740 766 701 53974 4669 49305 1543 1237 48068 2684 2253 766 617 1487
is_linear=0
shrinkage=0.05


Tree=156
num_leaves=31
num_cat=0
split_feature=1 10 10 10 1 1 10 10 9 12 10 10 10 7 9 10 10 3 3 12 13 11 10 10 9 10 10 10 11 10
split_gain=47.1233 251.626 709.983 86.8024 62.2345 57.4147 218.531 272.489 167.112 105.598 114.312 214.496 99.3818 107.147 98.6281 175.59 121.439 137.966 87.5619 86.5895 264.026 383.175 217.609 359.733 225.314 809.263 400.025 498.454 347.029 708.319
threshold=41.937423706054695 0.56314551830291759 0.50495636463165294 0.44437406957149511 42.766292572021491 34.326354980468757 -0.064507851377129541 -0.11593352630734442 40.088357925415046 12.750000000000002 -0.59817537665367115 -0.51973900198936451 0.88606244325637828 32.527729034423835 35.139902114868171 -0.45972847938537592 -0.34964421391487116 34.324495315551765 32.46617507934571 17.250000000000004 77.750000000000014 -0.15855351090431211 -0.72660079598426808 -0.78297284245491017 31.218770027160648 -0.49750867486000055 -0.31718835234642023 -0.25118774175643915 -0.79354220628738392 -0.50495636463165272
decision_type=2 2 2 2 2 2 2 2 2 2 2 2 2 2 2 2 2 2 2 2 2 2 2 2 2 2 2 2 2 2
left_child=5 2 3 -2 -3 8 7 9 12 -7 -11 -12 19 -14 15 -13 -17 -18 -8 20 -1 -22 23 -21 26 -26 28 -28 29 -24
right_child=1 4 -4 -5 -6 6 18 -9 -10 10 11 14 13 -15 -16 16 17 -19 -20 22 21 -23 24 -25 25 -27 27 -29 -30 -31
leaf_value=-0.0017524549732682475 0.029596761006460116 0.0089571413665757854 -0.070718313149529796 0.10377434581715726 0.031131688236986473 0.01201746721923495 0.031746823377378629 -0.059043218301447459 0.068918608463882064 -0.024230032622272343 0.051198779237370921 -0.062218454167779005 -0.0048494000816660752 0.011297269775417748 0.033284483022996976 0.021837795484344408 0.0062227853215657755 -0.074423534200363559 -0.00083395296154940867 0.0005446010312963554 0.01085288136881919 0.00065572520360943521 0.075339166736870092 0.019030898136566634 -0.026400727694530758 -0.0015508030726429636 -0.029553720525707969 -0.0021278225215475887 0.0024549891072373153 0.0099237334243838168
leaf_weight=36972 98 654 290 66 613 467 207 311 89 1215 163 175 1389 3947 102 233 117 97 54786 23097 13830 27593 524 2970 4292 13844 1816 18886 8480 1968
leaf_count=36972 98 654 290 66 613 467 207 311 89 1215 163 175 1389 3947 102 233 117 97 54786 23097 13830 27593 524 2970 4292 13844 1816 18886 8480 1968
internal_value=-2.7735e-12 0.00824112 -0.0236976 0.0594487 0.0196856 -6.51881e-05 -0.00141444 -0.0148404 0.00042377 -0.00948928 -0.0142674 -0.000620769 0.000385576 0.00709417 -0.0122873 -0.0197605 -0.00313828 -0.0303319 -0.000711315 0.000153537 0.00131892 0.00406028 -0.00105052 0.00265088 -0.00298757 -0.0074317 -0.00044294 -0.00453365 0.00727542 0.0236788
internal_weight=219291 1721 454 164 1267 217570 57873 2880 159697 2569 2102 887 159608 5336 724 622 447 214 54993 154272 78395 41423 75877 26067 49810 18136 31674 20702 10972 2492
internal_count=219291 1721 454 164 1267 217570 57873 2880 159697 2569 2102 887 159608 5336 724 622 447 214 54993 154272 78395 41423 75877 26067 49810 18136 31674 20702 10972 2492
is_linear=0
shrinkage=0.05


Tree=157
num_leaves=31
num_cat=0
split_feature=12 13 9 1 11 9 9 10 12 11 10 10 9 10 7 8 10 11 10 10 3 0 10 13 1 10 0 10 10 11
split_gain=48.0361 177.963 173.329 129.13 148.106 124.892 118.192 151.666 238.498 142.805 194.391 119.956 220.961 302.424 219.883 135.993 128.65 114.462 332.995 130.669 108.293 107.56 97.6895 96.5837 128.254 131.645 102.422 143.093 306.033 94.2085
threshold=14.250000000000002 79.250000000000014 38.169408798217781 39.129423141479499 -0.17552498728036878 32.155923843383796 30.081488609313968 -0.1330134719610214 12.750000000000002 0.53435277938842785 -0.35769492387771601 -0.45206801593303675 28.267940521240238 -0.79356426000595082 28.14733982086182 0.31667998433113104 -0.40542197227478022 -0.85204595327377308 -0.444374069571495 -0.20088869333267209 24.554425239562992 6.9371085166931161 -0.030120026320219036 77.250000000000014 34.190040588378913 0.86958134174346935 1.5320791006088259 0.86095303297042858 0.79877197742462169 -0.97870382666587818
decision_type=2 2 2 2 2 2 2 2 2 2 2 2 2 2 2 2 2 2 2 2 2 2 2 2 2 2 2 2 2 2
left_child=1 2 6 4 5 -3 9 8 -8 17 11 12 13 -11 -13 16 -16 18 -1 -20 -15 -6 -21 -9 25 -25 -26 28 -28 -10
right_child=-2 3 -4 -5 21 -7 7 23 29 10 -12 14 -14 20 15 -17 -18 -19 19 22 -22 -23 -24 24 26 -27 27 -29 -30 -31
leaf_value=-0.058216800664030455 0.00038605502817896714 0.043176420938652885 -0.045976986784080513 -0.039062764888423633 -0.0030579449727295626 0.010518142495058171 -0.00038944685754016361 -0.0079505344142041696 -0.065467705574170074 -0.080928650845563846 0.0017192442130233656 -0.004893803738345315 0.005863254346353295 -0.067891108903622391 -0.12697059388714607 -0.0039428899009876393 -0.049525958776840164 0.0089486994710800474 0.01600680812457762 -0.026456984505385625 -0.0098706701806945477 0.018046310588228778 0.0013375610761036847 0.0034808301865209856 -0.0025579499807029294 0.029522817258113204 -0.024620792673738987 0.0093982047667084956 -0.15636177074937327 -0.019390722399237087
leaf_weight=252 172378 320 232 163 4100 3437 2461 5255 115 191 5623 314 1321 86 99 68 117 5838 1005 461 1240 708 1006 3769 4546 557 262 177 53 3137
leaf_count=252 172378 320 232 163 4100 3437 2461 5255 115 191 5623 314 1321 86 99 68 117 5838 1005 461 1240 708 1006 3769 4546 557 262 177 53 3137
internal_value=4.8074e-12 -0.00141853 -0.00289084 0.00502283 0.00586182 0.0132998 -0.00262746 -0.00522503 -0.012133 0.000369744 -0.00400622 -0.0133759 -0.00908748 -0.0221066 -0.0337281 -0.0656082 -0.0850214 0.00499972 -0.00346361 0.00211803 -0.0136337 4.97532e-05 -0.00739678 -0.00252544 0.000519081 0.0068339 -0.00490329 -0.0265739 -0.0467867 -0.0210201
internal_weight=219291 46913 38185 8728 8565 3757 37953 20332 5713 17621 9059 3436 2838 1517 598 284 216 8562 2724 2472 1326 4808 1467 14619 9364 4326 5038 492 315 3252
internal_count=219291 46913 38185 8728 8565 3757 37953 20332 5713 17621 9059 3436 2838 1517 598 284 216 8562 2724 2472 1326 4808 1467 14619 9364 4326 5038 492 315 3252
is_linear=0
shrinkage=0.05


Tree=158
num_leaves=31
num_cat=0
split_feature=4 10 10 11 10 10 10 11 11 1 5 10 11 7 10 3 0 10 7 13 10 10 1 10 3 7 7 5 9 12
split_gain=46.8727 128.873 171.462 133.325 176.46 344.686 217.05 342.694 224.944 225.945 261.479 238.666 164.417 128.841 286.851 206.552 186.652 128.078 133.029 126.774 126.447 261.897 345.743 218.541 630.534 170.01 137.381 126.18 123.548 123.425
threshold=6.0300328731536874 -0.99052327871322621 -0.055916473269462579 0.87377473711967479 -0.63874351978301991 -0.61188074946403492 -0.78297284245491017 0.50494235754013073 -0.67758968472480763 27.394323348999027 30.818958282470707 -0.66484925150871266 0.16704543679952624 33.042322158813484 -0.11593352630734442 28.806694984436039 5.8454012870788583 -0.99984258413314808 30.872042655944828 78.250000000000014 -0.86958134174346913 -0.81403854489326466 32.640939712524421 -0.89391031861305226 29.932185173034672 30.988023757934574 28.548763275146488 27.736248970031742 31.573638916015629 15.250000000000002
decision_type=2 2 2 2 2 2 2 2 2 2 2 2 2 2 2 2 2 2 2 2 2 2 2 2 2 2 2 2 2 2
left_child=17 -2 3 4 6 -6 7 12 9 27 11 -11 20 14 19 -16 -17 18 -1 -7 23 25 -23 -3 26 -22 -25 -8 -12 -10
right_child=1 2 -4 -5 5 13 8 -9 29 10 28 -13 -14 -15 15 16 -18 -19 -20 -21 21 22 -24 24 -26 -27 -28 -29 -30 -31
leaf_value=-0.00060619622419931388 0.0091021786779494143 -0.0083034467510772255 0.0036336853862095455 0.01530876195377235 -0.050612333602362274 -0.017304980745924164 -0.015726513575230326 -0.048056519973036761 0.0055293807944645605 0.0035199827919436149 -0.096351935525308366 0.068784334432593616 0.0069489739986948532 0.0052401311280598582 0.031471536556879683 -0.02831525311114327 -0.098068337431271579 0.00037705243124096298 -0.043860245435177997 -0.002661097971542575 0.048948160063808976 -0.0057568181406629807 -0.1139104828308601 -0.057228521965185387 0.00078812161005944721 0.0043760268001327906 -0.13959503750006358 -0.076479560252384726 -0.014996755926168817 0.033165743643228093
leaf_weight=380 2492 3652 7675 770 526 2563 217 457 683 402 56 215 2559 1352 66 186 198 187579 334 3491 335 461 88 81 336 592 135 141 280 989
leaf_count=380 2492 3652 7675 770 526 2563 217 457 683 402 56 215 2559 1352 66 186 198 187579 334 3491 335 461 88 81 336 592 135 141 280 989
internal_value=5.75307e-13 -0.00180165 -0.00275486 -0.00510867 -0.00589235 -0.0114277 -0.00191963 -0.00591184 0.00971843 -0.0057875 0.0069348 0.026262 -0.00357417 -0.00880409 -0.0117235 -0.0502379 -0.0642817 0.000296599 -0.0208399 -0.00886068 -0.00831514 0.00427522 -0.0230929 -0.0127355 -0.042058 0.0204835 -0.108708 -0.0396544 -0.028556 0.0218765
internal_weight=219291 30998 28506 20831 20061 8382 11679 8696 2983 1311 953 617 8239 7856 6504 450 384 188293 714 6054 5680 1476 549 4204 552 927 216 358 336 1672
internal_count=219291 30998 28506 20831 20061 8382 11679 8696 2983 1311 953 617 8239 7856 6504 450 384 188293 714 6054 5680 1476 549 4204 552 927 216 358 336 1672
is_linear=0
shrinkage=0.05


Tree=159
num_leaves=31
num_cat=0
split_feature=1 11 11 11 13 5 10 11 12 10 10 11 9 10 7 7 1 5 10 3 13 1 11 10 1 0 6 5 12 10
split_gain=47.396 223.513 228.505 183.872 327.998 320.62 180.829 526.073 154.091 154.723 517.764 245.703 356.488 412.74 455.879 316.562 234.518 234.073 253.616 232.271 213.542 193.189 187.629 184.094 188.669 175.088 207.279 173.156 168.063 166.508
threshold=30.763122558593754 0.93834263086318981 0.9999259114265443 0.60503363609313976 81.250000000000014 29.7528190612793 0.7086201310157777 0.59123954176902782 19.250000000000004 -0.88606244325637806 -0.8429337441921233 -0.32533003389835352 31.793825149536136 -0.92913278937339772 32.289096832275398 32.712821960449226 33.815826416015632 31.461930274963382 -0.91585582494735707 32.230146408081062 78.750000000000014 31.649764060974125 -0.29258950054645533 -0.91585582494735707 32.679006576538093 1.5320791006088259 8.6888327598571795 33.041311264038093 14.250000000000002 -0.92913278937339772
decision_type=2 2 2 2 2 2 2 2 2 2 2 2 2 2 2 2 2 2 2 2 2 2 2 2 2 2 2 2 2 2
left_child=6 3 -3 8 -5 -6 -1 -8 9 11 21 12 20 14 -14 17 -16 -15 -19 22 25 -11 -13 27 -25 26 -2 -17 -23 -21
right_child=1 2 -4 4 5 -7 7 -9 -10 10 -12 19 13 15 16 23 -18 18 -20 29 -22 28 -24 24 -26 -27 -28 -29 -30 -31
leaf_value=0.00060055235858942234 0.022882888509290447 0.014390620513949593 -0.051238393846838537 -0.0039257094599908305 0.022136562207544393 -0.045205926995408992 -0.023255208040465339 0.033592017381018649 0.0034157461215562936 0.0046139959450042347 -0.00090846744169260961 0.050129103472939245 0.043850903378876108 0.025367141130723456 -0.066604327114477543 -0.099544135675482134 -0.1473373115177338 -0.018360781591804581 -0.09389157346796756 0.008685042328397917 0.029589993748396295 -0.0014856561818356875 -0.0093334156676234455 0.061114234333530561 -0.0027394275619264915 -0.063959795114998191 -0.056771925913837333 -0.0020541221876420193 0.041120509045162457 -0.016068232280785168
leaf_weight=77512 288 3409 138 15335 220 899 587 1327 23694 957 77632 135 73 95 292 69 130 197 255 4706 460 284 7668 186 306 144 114 134 1251 794
leaf_count=77512 288 3409 138 15335 220 899 587 1327 23694 957 77632 135 73 95 292 69 130 197 255 4706 460 284 7668 186 306 144 114 134 1251 794
internal_value=1.60394e-12 -0.000553933 0.0118373 -0.000876352 -0.00583268 -0.0319661 0.000975447 0.0161577 -0.000195986 -0.00108583 -0.000188342 -0.00556735 -0.0191929 -0.0329105 -0.0715176 -0.0175236 -0.0914747 -0.0459772 -0.0609722 -0.00275784 0.0044925 0.0222454 -0.00830465 0.00487077 0.0214004 -0.0166519 0.00029421 -0.0351911 0.0332377 0.00511157
internal_weight=219291 139865 3547 136318 16454 1119 79426 1914 119864 96170 80124 16046 2743 1737 495 1242 422 547 452 13303 1006 2492 7803 695 492 546 402 203 1535 5500
internal_count=219291 139865 3547 136318 16454 1119 79426 1914 119864 96170 80124 16046 2743 1737 495 1242 422 547 452 13303 1006 2492 7803 695 492 546 402 203 1535 5500
is_linear=0
shrinkage=0.05


Tree=160
num_leaves=31
num_cat=0
split_feature=11 3 6 11 3 1 9 11 1 9 11 10 9 3 0 5 7 5 12 11 3 13 11 3 5 5 9 10 1 1
split_gain=43.9602 361.462 422.234 260.74 192.32 279.095 146.212 166.889 164.437 187.396 136.915 466.029 480.214 1144.07 360.591 212.169 201.529 160.318 171.14 152.459 457.555 184.347 154.685 330.078 149.831 132.139 130.518 254.828 148.831 129.134
threshold=-0.99626126885414112 33.478069305419929 2.5678197145462041 -0.99981480836868275 34.75067329406739 34.605472564697273 31.188016891479496 -0.99981480836868275 35.94304275512696 33.322546005249031 -0.99049577116966236 0.081675637513399138 32.998216629028327 33.373069763183601 1.5320791006088259 31.31473541259766 32.869796752929695 32.292924880981452 16.750000000000004 -0.98518359661102284 28.948546409606937 76.750000000000014 -0.98798605799674977 33.755943298339851 34.255571365356452 32.325286865234382 31.793825149536136 0.13301347196102145 32.566757202148445 33.585346221923835
decision_type=2 2 2 2 2 2 2 2 2 2 2 2 2 2 2 2 2 2 2 2 2 2 2 2 2 2 2 2 2 2
left_child=1 29 6 4 -4 -6 -3 8 9 -8 11 12 14 16 15 -2 -14 18 -16 20 21 -12 26 -24 -13 -25 27 -22 -29 -1
right_child=10 2 3 -5 5 -7 7 -9 -10 -11 19 24 13 -15 17 -17 -18 -19 -20 -21 22 -23 23 25 -26 -27 -28 28 -30 -31
leaf_value=-0.018925174965424823 0.0325262264598161 0.058825406033815031 0.037989412115244148 0.018165947355852096 0.17481419209923066 0.031470409480103274 -0.0058420716813998297 -4.4753830285272796e-05 0.045295126318931581 -0.084534327750018734 -0.01020119303631453 0.018358091863989536 0.028789319237187989 -0.049387840876632338 -0.03233871591415495 -0.039623276719303678 0.095424591897156186 -0.004841211372244675 -0.095881521818228066 9.8077172600713849e-05 -0.029946833707892556 0.057410707760299967 -0.010514243534807075 -0.14493668532557788 0.049854366348570107 -0.058746685065440278 -0.024254995683430619 0.073434913276819655 -0.020354329980909826 0.0077547891417542539
leaf_weight=2918 250 83 171 660 84 57 128 1157 50 185 156 1272 184 346 172 172 296 113 276 207231 188 285 546 50 537 402 564 164 57 537
leaf_count=2918 250 83 171 660 84 57 128 1157 50 185 156 1272 184 346 172 172 296 113 276 207231 188 285 546 50 537 402 564 164 57 537
internal_value=8.62721e-13 -0.00421004 0.00997001 0.0359711 0.0736359 0.116867 -0.0057961 -0.00932478 -0.0389032 -0.0523535 0.00011904 0.00976278 -0.00818217 0.019921 -0.0317968 0.00311932 0.0698811 -0.0580617 -0.0714856 -4.73909e-05 -0.0125455 0.0334936 -0.0228465 -0.0366771 0.0277077 -0.068281 -0.00866053 0.0128438 0.0492449 -0.0147784
internal_weight=219291 6030 2575 972 312 141 1603 1520 363 313 213261 3618 1809 826 983 422 480 561 448 209643 2412 441 1971 998 1809 452 973 409 221 3455
internal_count=219291 6030 2575 972 312 141 1603 1520 363 313 213261 3618 1809 826 983 422 480 561 448 209643 2412 441 1971 998 1809 452 973 409 221 3455
is_linear=0
shrinkage=0.05


Tree=161
num_leaves=31
num_cat=0
split_feature=12 13 12 9 11 1 5 9 1 7 10 10 10 10 5 11 10 9 12 10 10 13 1 1 13 11 9 10 3 10
split_gain=43.7262 151.08 162.262 114.3 105.821 96.2329 83.0988 79.8162 78.5762 77.7013 83.5205 76.857 266.717 118.754 141.895 78.2397 69.758 213.866 225.732 192.174 220.133 175.986 155.539 148.866 147.798 142.04 135.013 131.521 123.235 116.724
threshold=13.750000000000002 78.250000000000014 12.750000000000002 30.081488609313968 -0.71464690566062916 27.187404632568363 26.472124099731449 38.064682006835945 38.069396972656257 36.548133850097663 -0.11593352630734442 -0.62540480494499195 -0.38168568909168238 -0.50495636463165272 28.443181037902836 -0.88603779673576344 0.97505551576614391 39.559928894042976 18.250000000000004 0.95495790243148815 0.92263099551200878 79.250000000000014 33.933689117431648 36.100826263427741 82.250000000000014 -0.038720846176147454 36.548719406127937 0.99762105941772472 33.87755203247071 0.98521098494529735
decision_type=2 2 2 2 2 2 2 2 2 2 2 2 2 2 2 2 2 2 2 2 2 2 2 2 2 2 2 2 2 2
left_child=1 3 4 6 8 -5 -1 -6 -3 10 -7 -8 13 -13 -15 -16 19 18 21 20 -2 -18 -20 26 28 29 -21 -23 -24 -19
right_child=16 2 -4 5 7 9 11 -9 -10 -11 -12 12 -14 14 15 -17 17 25 22 23 -22 27 24 -25 -26 -27 -28 -29 -30 -31
leaf_value=-0.010377250131120815 -1.4231684787736803e-05 0.022428002156581289 -0.0022138939296805541 -0.052319354038473556 0.0053667619099098439 -0.016965648354037795 0.0060030436408707553 -0.045298773888498546 -0.019300911156078956 -0.037163406362471341 -0.0047640764704057412 -0.008125340552521584 0.0025286006831348479 -0.018168201776216333 -0.025927871717361824 -0.084115963958304479 0.0065970375830364386 0.016599582497154281 0.061522498016846699 -0.0017181424991585936 0.010150338276203482 -0.0023665829799709472 0.087765613687224686 -0.017211086805921302 -0.00097333679470754824 0.011419670447664738 0.062575473211878951 -0.026900884022641111 0.017637642145404784 -0.029833340316160459
leaf_weight=2012 159151 1498 8728 123 4847 1733 4144 79 122 220 7354 664 4933 368 84 185 4429 158 172 1616 5511 1796 64 2807 1312 406 86 785 2960 944
leaf_count=2012 159151 1498 8728 123 4847 1733 4144 79 122 220 7354 664 4933 368 84 185 4429 158 172 1616 5511 1796 64 2807 1312 406 86 785 2960 944
internal_value=-4.63945e-12 -0.00156477 0.00224916 -0.00423451 0.0081999 -0.00838258 -0.00107743 0.00455422 0.0192855 -0.00780192 -0.00709106 0.000725543 -0.00278263 -0.0229212 -0.0383443 -0.0659457 0.000318575 0.00384434 0.00616253 4.70942e-05 0.000325962 0.000549316 0.0148911 -0.0101367 0.0130414 -0.0138618 0.00153054 -0.00982858 0.0191218 -0.023176
internal_weight=219291 37094 15274 21820 6546 9430 12390 4926 1620 9307 9087 10378 6234 1301 637 269 182197 13026 11518 169171 164662 7010 4508 4509 4336 1508 1702 2581 3024 1102
internal_count=219291 37094 15274 21820 6546 9430 12390 4926 1620 9307 9087 10378 6234 1301 637 269 182197 13026 11518 169171 164662 7010 4508 4509 4336 1508 1702 2581 3024 1102
is_linear=0
shrinkage=0.05


Tree=162
num_leaves=31
num_cat=0
split_feature=3 10 11 11 11 9 10 9 9 1 5 10 12 12 10 10 9 10 12 13 11 10 9 12 11 9 11 10 9 10
split_gain=45.4791 182.229 203.697 147.236 266.831 143.318 180.861 243.511 186.719 190.941 177.089 183.196 158.103 152.261 140.008 248.546 163.928 152.005 139.655 141.076 200.008 176.682 140.794 131.502 170.019 133.01 199.936 166.552 237.279 151.558
threshold=30.320503234863285 0.7666517198085786 0.56312987208366405 0.93834263086318981 0.88201534748077404 26.767618179321293 -0.42109696567058558 29.025920867919925 29.495378494262699 31.557967185974125 30.788506507873539 -0.40542197227478022 15.250000000000002 18.250000000000004 0.34964421391487127 0.38168568909168249 30.578004837036136 0.45972847938537603 19.250000000000004 79.750000000000014 0.60503363609313976 0.75548630952835094 31.101372718811039 19.750000000000004 0.79874977469444286 26.614676475524906 0.99164059758186351 0.53436762094497692 28.145855903625492 0.30081701278686529
decision_type=2 2 2 2 2 2 2 2 2 2 2 2 2 2 2 2 2 2 2 2 2 2 2 2 2 2 2 2 2 2
left_child=1 23 -3 4 18 -6 7 -7 9 -8 -10 -12 -9 14 -13 -16 -17 -18 -2 22 -21 -22 -20 -1 -25 26 29 -27 -29 -26
right_child=3 2 -4 -5 5 6 8 12 10 -11 11 13 -14 -15 15 16 17 -19 19 20 21 -23 -24 24 25 27 -28 28 -30 -31
leaf_value=0.0014870799547620915 -0.0011449456999751094 -0.024420496595798639 0.036125221633736222 0.0077572244274592642 0.050719908235689885 0.041890133379825528 -0.020990783943508395 -0.12463133917252223 0.01235004827757611 -0.088755337606977541 -0.075119936083797856 -0.030568325992706896 -0.04360025581980094 -0.030834132580474401 0.059643220324279739 -0.033850306496501018 0.016142102183054629 -0.034235773165836807 0.017687522803220015 0.0010175382494950723 -0.015016730248445185 -0.082817812693100262 0.004169254837916251 0.0032833094769969952 0.0063712860658680179 -0.0056571136726929318 -0.08363158375745533 0.021843022253507607 -0.096946500238625943 -0.052012141576172635
leaf_weight=59851 115367 174 689 5245 88 70 452 75 950 135 113 364 305 652 177 332 804 184 2375 13994 811 109 10191 2539 264 2448 157 65 119 192
leaf_count=59851 115367 174 689 5245 88 70 452 75 950 135 113 364 305 652 177 332 804 184 2375 13994 811 109 10191 2539 264 2448 157 65 119 192
internal_value=6.72864e-12 0.00109147 0.0239179 -0.000475027 -0.000767665 -0.0124886 -0.0136944 -0.0438069 -0.0104394 -0.0365755 -0.00614914 -0.0128415 -0.0595932 -0.0100411 -0.00275629 0.00400629 -0.00345412 0.00675999 -0.000381937 0.00282134 -0.000467097 -0.0230497 0.00672424 0.00079134 -0.00640795 -0.0139907 -0.0349665 -0.00910541 -0.0549828 -0.0182112
internal_weight=219291 66498 863 152793 147548 4701 4613 450 4163 587 3576 2626 380 2513 1861 1497 1320 988 142847 27480 14914 920 12566 65635 5784 3245 613 2632 184 456
internal_count=219291 66498 863 152793 147548 4701 4613 450 4163 587 3576 2626 380 2513 1861 1497 1320 988 142847 27480 14914 920 12566 65635 5784 3245 613 2632 184 456
is_linear=0
shrinkage=0.05


Tree=163
num_leaves=31
num_cat=0
split_feature=11 3 10 1 11 9 10 11 9 10 1 11 10 1 10 11 1 9 10 9 10 11 10 11 7 12 10 3 13 7
split_gain=43.0626 76.8201 64.0251 57.0275 250.632 651.512 157.271 339.243 174.447 326.039 159.072 158.919 209.408 195.183 399.647 205.455 175.669 224.915 200.591 186.9 163.734 157.121 216.675 206.795 382.188 529.735 266.799 283.334 258.055 301.842
threshold=0.99814856052398693 27.895131111145023 0.012910176534205677 30.763122558593754 0.98662140965461742 29.56772613525391 0.26781183481216436 0.9549313783645631 26.460005760192875 0.41327477991580969 28.568141937255863 0.87377473711967479 0.60505047440528881 28.618703842163089 0.53436762094497692 0.8189845383167268 29.652140617370609 28.380756378173832 0.45972847938537603 27.947340965271 0.54883790016174328 0.42887605726718908 0.047320950776338584 -0.99049577116966236 32.32185363769532 16.750000000000004 -0.064507851377129541 33.373069763183601 78.250000000000014 33.421787261962898
decision_type=2 2 2 2 2 2 2 2 2 2 2 2 2 2 2 2 2 2 2 2 2 2 2 2 2 2 2 2 2 2
left_child=3 2 -2 6 -5 -6 21 8 9 10 -8 12 13 14 -10 -16 18 -18 19 -13 -17 22 23 24 25 -1 27 28 29 -26
right_child=1 -3 -4 4 5 -7 7 -9 11 -11 -12 16 -14 -15 15 20 17 -19 -20 -21 -22 -23 -24 -25 26 -27 -28 -29 -30 -31
leaf_value=-0.0096673703944962844 -0.010916416442298708 -0.0085428620682264072 0.021402442639351833 -0.0006565119937282796 -0.053468394216856563 0.058834137582775961 -0.03650586822505042 0.034135973532487929 0.0010660483939255057 0.017038773879391591 -0.11794949341111068 -0.018467829986783053 0.0080009437793802703 -0.002728023700343462 -0.029731030391314917 -0.054756915873537461 -0.056768977183750596 0.0071970532637650993 0.052564651147700404 0.023338056985641023 -0.16115440562684702 -0.00224655024874819 0.023086807656622597 0.0029245682655497053 -0.054475729821456813 -0.084066937975965594 -0.036198663508373849 -0.042835560548169317 0.086805612068947394 0.093374081328511244
leaf_weight=791 236 3146 437 138584 174 501 223 1006 344 270 82 333 4371 2398 113 60 152 1433 453 1356 91 32568 1254 27918 90 343 179 93 236 56
leaf_count=791 236 3146 437 138584 174 501 223 1006 344 270 82 333 4371 2398 113 60 152 1433 453 1356 91 32568 1254 27918 90 343 179 93 236 56
internal_value=-8.81445e-13 -0.00526296 0.0100692 9.32801e-05 -0.000508475 0.029885 0.00119283 0.0062758 0.00387599 -0.0229777 -0.0584022 0.00526656 0.00101491 -0.00914343 -0.0344463 -0.08072 0.013682 0.00106277 0.0230198 0.0150957 -0.118877 0.000177881 0.00272823 0.00186882 -0.0146157 -0.0321709 0.0158241 0.0354285 0.0544823 0.00223379
internal_weight=219291 3819 673 215472 139259 675 76213 12685 11679 575 305 11104 7377 3006 608 264 3727 1585 2142 1689 151 63528 30960 29706 1788 1134 654 475 382 146
internal_count=219291 3819 673 215472 139259 675 76213 12685 11679 575 305 11104 7377 3006 608 264 3727 1585 2142 1689 151 63528 30960 29706 1788 1134 654 475 382 146
is_linear=0
shrinkage=0.05


Tree=164
num_leaves=31
num_cat=0
split_feature=4 10 10 11 10 10 10 11 11 1 5 10 11 7 10 7 10 9 10 6 9 2 1 1 10 10 11 10 11 5
split_gain=43.7943 119.394 160.162 120.064 156.418 302.481 192.503 309.588 202.216 203.742 237.609 213.813 152.244 120.84 118.746 124.16 122.381 180.652 130.619 223.286 189.101 150.243 132.044 127.044 200.051 150.762 132.923 123.826 396.878 335.621
threshold=6.1263427734375009 -0.99052327871322621 -0.064507851377129541 0.87377473711967479 -0.63874351978301991 -0.61188074946403492 -0.78297284245491017 0.50494235754013073 -0.67758968472480763 27.394323348999027 30.994411468505863 -0.66484925150871266 0.16704543679952624 27.034778594970707 -0.99984258413314808 30.872042655944828 -0.99865758419036854 31.101372718811039 -0.98521098494529713 0.13190586119890216 32.356674194335945 0.11548787727952005 31.836202621459964 30.098621368408207 -0.99273952841758717 -0.98801350593566883 -0.14153505116701123 -0.94697898626327504 -0.27608674764633173 31.929214477539066
decision_type=2 2 2 2 2 2 2 2 2 2 2 2 2 2 2 2 2 2 2 2 2 2 2 2 2 2 2 2 2 2
left_child=14 -2 3 4 6 -6 7 12 9 13 11 -11 -3 -8 15 -1 17 -16 19 21 23 -18 -23 -21 -25 26 -26 28 -20 -30
right_child=1 2 -4 -5 5 -7 8 -9 -10 10 -12 -13 -14 -15 16 -17 18 -19 27 20 -22 22 -24 24 25 -27 -28 -29 29 -31
leaf_value=-0.00052974458182385815 0.0088049385983766399 -0.0081463363554653192 0.0034189142877619535 0.014462330398928431 -0.048012972973567047 -0.008555828036797334 -0.0022784063398798965 -0.045988601598876327 0.020548345088555815 0.0031041382447157132 -0.028415490401368617 0.064823615864612341 0.0066030369076791927 -0.061588696951782984 0.024290518830411785 -0.0421158922000896 -0.02417209850096496 -0.0071096581132977683 0.032553267831195214 0.014928302368136385 0.026590734530541612 -0.013798914398944446 0.020725044524597187 -0.0014665891026310791 -0.11838186286216559 -0.0071941807099124974 -0.038497440311105247 0.00020090067502495551 -0.006781660822381747 0.016990746508013573
leaf_weight=384 2464 5637 7811 763 519 7575 143 454 1659 404 322 215 2537 215 1247 337 2047 724 1243 656 663 817 419 1270 86 170 132 171910 4159 2309
leaf_count=384 2464 5637 7811 763 519 7575 143 454 1659 404 322 215 2537 215 1247 337 2047 724 1243 656 663 817 419 1270 86 170 132 171910 4159 2309
internal_value=-6.25982e-12 -0.0017507 -0.00267125 -0.00499821 -0.00575271 -0.0110859 -0.00202694 -0.00580063 0.00898029 -0.0057937 0.00642015 0.0245414 -0.00356851 -0.0378977 0.000285184 -0.0199674 0.000362916 0.0127564 0.000231501 -0.00686832 0.00304822 -0.0158606 -0.0020954 -0.00369711 -0.0110664 -0.0424884 -0.0700115 0.000478938 0.00667753 0.00170481
internal_weight=219291 30718 28254 20443 19680 8094 11586 8628 2958 1299 941 619 8174 358 188573 721 187852 1971 185881 6260 2977 3283 1236 2314 1658 388 218 179621 7711 6468
internal_count=219291 30718 28254 20443 19680 8094 11586 8628 2958 1299 941 619 8174 358 188573 721 187852 1971 185881 6260 2977 3283 1236 2314 1658 388 218 179621 7711 6468
is_linear=0
shrinkage=0.05


Tree=165
num_leaves=31
num_cat=0
split_feature=2 10 10 11 12 11 10 10 10 5 1 1 11 10 1 7 3 10 10 10 11 9 10 5 9 10 10 10 9 12
split_gain=41.3804 199.336 226.461 194.023 160.681 159.909 185.997 283.076 400.843 178.85 199.183 188.478 165.498 142.211 159.498 141.541 245.212 188.046 164.73 193.029 215.08 164.763 141.455 236.636 164.014 149.087 170.732 141.013 183.924 180.429
threshold=3.5387870073318486 0.86095303297042858 0.81403854489326488 -0.55599683523178089 16.250000000000004 -0.12447465583682059 -0.444374069571495 -0.72660079598426808 -0.78297284245491017 28.214782714843754 26.508317947387699 27.394323348999027 1.0000000180025095e-35 -0.99939814209938038 31.469078063964847 31.2494649887085 27.747601509094242 -0.34964421391487116 -0.30081701278686518 -0.23448921740055081 -0.99271196126937855 32.257619857788093 -0.98801350593566883 29.7528190612793 30.5474967956543 -0.98211652040481556 -0.96230018138885487 -0.26781183481216425 27.879224777221683 16.750000000000004
decision_type=2 2 2 2 2 2 2 2 2 2 2 2 2 2 2 2 2 2 2 2 2 2 2 2 2 2 2 2 2 2
left_child=-1 2 5 4 -4 6 7 8 22 11 -11 -9 -7 14 -14 16 -8 -17 -18 27 -21 -22 23 24 -2 -24 -27 29 -29 -20
right_child=1 -3 3 -5 -6 12 15 9 -10 10 -12 -13 13 -15 -16 17 18 -19 19 20 21 -23 25 -25 -26 26 -28 28 -30 -31
leaf_value=0.00032197237298455168 -0.054450515680946415 0.015568423116165967 -0.1478646831403746 -0.010049235624911723 -0.042270729407689278 0.019064607008122014 0.0091652602038321453 -0.025744122659082682 0.022988002797041187 -0.092364596057505841 -0.022342502137440476 0.021955412001681194 -0.056904735462847356 0.0021042450591548952 0.011697017127587694 0.027261876557175515 0.0014322012766232314 0.0013611341479177596 0.031668516169048588 -0.042405718159789267 -0.012061370290757623 0.03465620023518922 0.029001230176701843 -0.052749180146657651 0.053156771955525019 -0.026874552088854621 -0.0037997271706460842 0.0015148637023990725 -0.092577355422756899 -0.048998204329603133
leaf_weight=179784 52 1646 61 199 88 1444 1531 366 1249 105 3100 477 217 8960 139 760 1002 8993 101 449 800 247 296 396 111 946 5253 67 231 221
leaf_count=179784 52 1646 61 199 88 1444 1531 366 1249 105 3100 477 217 8960 139 760 1002 8993 101 449 800 247 296 396 111 946 5253 67 231 221
internal_value=-2.48156e-12 -0.0014652 -0.00220573 -0.0423545 -0.0855005 -0.00183328 -0.00390359 -0.0084055 -0.00312015 -0.0192465 -0.0246365 0.00124601 0.00331421 0.000872863 -0.0301192 -4.27964e-05 -0.00722221 0.00337944 -0.0152688 -0.0231773 -0.0134553 -0.00104013 -0.00774293 -0.0318778 0.0188281 -0.00566573 -0.00732107 -0.0466354 -0.0714224 -0.0236959
internal_weight=219291 39507 37861 348 149 37513 26753 12351 8303 4048 3205 843 10760 9316 356 14402 4649 9753 3118 2116 1496 1047 7054 559 163 6495 6199 620 298 322
internal_count=219291 39507 37861 348 149 37513 26753 12351 8303 4048 3205 843 10760 9316 356 14402 4649 9753 3118 2116 1496 1047 7054 559 163 6495 6199 620 298 322
is_linear=0
shrinkage=0.05


Tree=166
num_leaves=31
num_cat=0
split_feature=12 13 12 9 11 10 13 10 10 1 13 9 1 1 10 11 11 10 10 0 11 11 6 11 3 10 1 7 11 10
split_gain=41.0737 140.974 150.014 99.3498 95.1995 174.325 155.299 97.6515 89.7355 83.5968 86.1045 88.7239 83.3711 76.4116 74.8049 75.9661 71.0071 233.787 85.0412 77.293 73.7764 144.864 112.173 93.4157 87.8268 80.7921 96.1533 70.1054 69.5392 69.5118
threshold=13.750000000000002 78.250000000000014 12.250000000000002 29.884610176086429 0.57727023959159862 -0.79356426000595082 76.250000000000014 0.25118774175643926 0.59125596284866344 39.129423141479499 79.250000000000014 38.064682006835945 25.152820587158207 27.187404632568363 -0.72660079598426808 0.3657089769840241 -0.85204595327377308 -0.444374069571495 -0.21772121638059613 5.473067283630372 -0.49749487638473505 -0.35768499970436091 2.7238405942916875 -0.25950218737125391 26.790010452270511 -0.98801350593566883 29.247275352478031 36.548133850097663 0.21771516650915149 -0.11593352630734442
decision_type=2 2 2 2 2 2 2 2 2 2 2 2 2 2 2 2 2 2 2 2 2 2 2 2 2 2 2 2 2 2
left_child=1 3 8 4 12 -6 -7 -8 28 10 11 14 -1 -5 15 -4 17 19 -19 -14 -18 22 -22 -23 -25 26 -26 29 -3 -15
right_child=-2 2 9 13 5 6 7 -9 -10 -11 -12 -13 16 27 -16 -17 20 18 -20 -21 21 23 -24 24 25 -27 -28 -29 -30 -31
leaf_value=-0.020146092625119842 0.00030876105477016026 0.024892004721609393 -0.0062022702081467231 -0.042828005983561179 -0.07658944932613955 0.012464698757080792 -0.013651606141029227 0.003870597829677345 -0.00099864789919294501 -0.039543986354989041 0.0047246603729734736 -0.049872540316806692 -0.033239292939833832 -0.014901802812726401 -2.1783911633236195e-06 -0.031489526827918425 0.017377429062260721 0.01750740918512796 -0.0059036642254062391 -0.10019031344124905 0.0023543988648188218 0.037526900614002712 -0.053405990638342261 -0.02335558123701063 0.00637025223051181 0.014578848539404521 -0.036271571227800607 -0.035127421190369539 0.0073724329598415976 -0.0044113569618509764
leaf_weight=366 182197 1269 1188 153 86 1040 3087 1071 981 135 5351 103 128 1991 4828 396 1405 596 1111 65 176 237 185 251 415 1410 194 220 1023 7633
leaf_count=366 182197 1269 1188 153 86 1040 3087 1071 981 135 5351 103 128 1991 4828 396 1405 596 1111 65 176 237 185 251 415 1410 194 220 1023 7633
internal_value=-2.54884e-12 -0.00151656 0.0021676 -0.00409548 -0.000993082 -0.0059842 -0.00481605 -0.00913831 0.0116561 -0.000420158 2.49553e-05 -0.00383508 0.00304011 -0.00776454 -0.00309555 -0.0125241 0.00441483 -0.00362713 0.00227033 -0.0557876 0.00799071 0.00339227 -0.0262209 0.00765647 0.00453784 0.00800552 -0.00721351 -0.00721957 0.0170724 -0.00658161
internal_weight=219291 37094 15274 21820 11823 5284 5198 4158 3273 12001 11866 6515 6539 9997 6412 1584 6173 1900 1707 193 4273 2868 361 2507 2270 2019 609 9844 2292 9624
internal_count=219291 37094 15274 21820 11823 5284 5198 4158 3273 12001 11866 6515 6539 9997 6412 1584 6173 1900 1707 193 4273 2868 361 2507 2270 2019 609 9844 2292 9624
is_linear=0
shrinkage=0.05


Tree=167
num_leaves=31
num_cat=0
split_feature=1 11 11 11 13 5 10 6 5 10 10 10 10 7 10 11 11 9 11 7 12 12 10 10 10 10 10 9 10 13
split_gain=41.9195 177.235 212.694 178.832 344.349 304.694 203.033 159.443 150.234 148.812 225.582 254.766 252.969 145.88 135.739 303.42 132.101 306.495 235.54 196.815 266.737 164.556 282.958 258.779 352.42 245.425 245.114 140.289 130.422 125.741
threshold=30.973201751708988 0.93834263086318981 0.9999259114265443 0.60503363609313976 79.750000000000014 29.790090560913089 0.67125374078750621 3.6722016334533696 32.869735717773445 -0.11593352630734442 -0.66484925150871266 -0.48250326514244074 -0.18399664759635923 33.178339004516609 0.15005400776863101 -0.99759334325790394 0.88201534748077404 30.243069648742679 0.89771011471748363 31.666099548339847 14.750000000000002 16.250000000000004 -0.61188074946403492 0.7324872910976411 0.69636976718902599 0.7086201310157777 -0.59817537665367115 33.13313293457032 0.69636976718902599 76.250000000000014
decision_type=2 2 2 2 2 2 2 2 2 2 2 2 2 2 2 2 2 2 2 2 2 2 2 2 2 2 2 2 2 2
left_child=8 3 -3 29 7 -6 -7 16 -1 10 -10 13 -13 -12 15 -11 19 -18 -19 20 -5 -21 -23 24 26 -26 -24 -25 -22 -2
right_child=1 2 -4 4 5 6 -8 -9 9 14 11 12 -14 -15 -16 -17 17 18 -20 21 28 22 23 27 25 -27 -28 -29 -30 -31
leaf_value=0.00049388182526254585 -0.0064698527130515457 0.014882458287912334 -0.050845459832759336 -0.011700383175979268 0.023126250069649162 -0.016774718557840889 -0.045745094892977914 -0.043396296508851212 0.020674457123813141 -0.0098613072237548061 -0.10039684962481261 0.033376623117908781 -0.039172364718924824 -0.016451172270699515 0.011346164343360894 0.074910934378375427 -0.037957935761518478 -0.028814363241136089 0.011615673263168929 0.0042356038048957795 0.011221756459454725 0.016794151157555955 -0.12768575934959311 0.014296583153068955 -0.17663570195436479 -0.060511268122264976 -0.019161896665325775 -0.033583547396447262 0.035844173040720059 0.00025840490630827626
leaf_weight=82944 7416 2683 129 1147 345 1747 925 229 793 158 120 274 214 91 626 318 756 504 1263 2024 2601 517 56 453 70 130 734 231 678 109115
leaf_count=82944 7416 2683 129 1147 345 1747 925 229 793 158 120 274 214 91 626 318 756 504 1263 2024 2601 517 56 453 70 130 734 231 678 109115
internal_value=-5.44485e-12 -0.000552835 0.0118672 -0.000819559 -0.00607421 -0.0210942 -0.0268038 -0.00209674 0.00086445 0.0127135 0.00242123 -0.0182867 0.00156211 -0.0641928 0.0266482 0.0467722 -0.00124959 -0.0113151 8.38462e-05 0.00168934 0.00905328 -0.00604323 -0.0155386 -0.0255243 -0.0418648 -0.101155 -0.0268547 -0.00187346 0.0163129 -0.00016978
internal_weight=219291 133753 2812 130941 14410 3017 2672 11393 85538 2594 1492 699 488 211 1102 476 11164 2523 1767 8641 4426 4215 2191 1674 990 200 790 684 3279 116531
internal_count=219291 133753 2812 130941 14410 3017 2672 11393 85538 2594 1492 699 488 211 1102 476 11164 2523 1767 8641 4426 4215 2191 1674 990 200 790 684 3279 116531
is_linear=0
shrinkage=0.05


Tree=168
num_leaves=31
num_cat=0
split_feature=13 0 5 11 1 9 10 9 11 11 1 1 11 11 10 5 9 9 13 7 10 9 3 7 10 11 4 10 3 11
split_gain=42.352 96.1862 127.477 219.996 295.571 169.69 163.094 154.135 417.602 176.041 214.128 170.77 154.82 300.917 183.192 156.542 185.496 141.698 114.921 111.679 126.251 106.969 200.543 146.227 116.803 125.264 103.739 100.816 176.112 201.793
threshold=81.250000000000014 0.2452519163489342 29.825044631958011 0.59123954176902782 30.885951995849613 30.517174720764164 0.7666517198085786 26.907961845397953 0.98927757143974315 0.98927757143974315 28.667558670043949 27.905324935913089 0.95989713072776806 0.90515965223312389 -0.22611359506845471 28.024309158325199 29.984504699707035 28.491013526916507 83.250000000000014 27.556782722473148 0.72066047787666332 33.870700836181648 31.771627426147464 31.486158370971683 0.33346569538116461 0.38167507946491247 0.15908952057361606 0.44437406957149511 32.872188568115241 -0.98798605799674977
decision_type=2 2 2 2 2 2 2 2 2 2 2 2 2 2 2 2 2 2 2 2 2 2 2 2 2 2 2 2 2 2
left_child=-1 2 7 21 17 -6 -7 8 -2 12 -11 -10 13 19 -14 -16 -17 -5 27 -9 -21 22 23 -4 -23 -26 -15 28 -3 -30
right_child=1 18 3 4 5 6 -8 9 11 10 -12 -13 14 26 15 16 -18 -19 -20 20 -22 24 -24 -25 25 -27 -28 -29 29 -31
leaf_value=0.00031906291206876703 0.0036631883152962461 -0.00022773791433698773 -0.020775468180780084 0.036891016567859689 -0.018293363851249574 -0.047282685535628213 -0.12162868035643289 0.02408871642106563 -0.038602241394540812 0.0092076636334029339 0.057953859304358805 -0.11675411917195462 -0.061587149191667689 0.032446524712025436 0.026909379208077872 -0.037269846175129413 0.03850756206844777 -0.011140426130286957 0.0091830921183326288 -0.0085619915580317923 0.026013140531961666 -0.033576113183868897 0.0082905582553416558 0.0064996946544478504 -0.0042237129653128298 -0.039317991795921083 -0.034746431553217237 0.0093942666080358474 0.015479106662342349 -0.031109049066555112
leaf_weight=181106 858 7008 1331 165 459 431 89 363 227 791 315 101 187 985 241 403 101 2213 3816 2756 292 397 4068 779 6279 265 61 1903 303 998
leaf_count=181106 858 7008 1331 165 459 431 89 363 227 791 315 101 187 985 241 403 101 2213 3816 2756 292 397 4068 779 6279 265 61 1903 303 998
internal_value=-2.97675e-12 -0.00151327 -0.00342557 -0.00590555 -0.0173271 -0.0404499 -0.0600073 0.00189405 -0.0146812 0.00492072 0.0230911 -0.0626673 0.00119157 0.00506697 -0.0173413 -0.00623533 -0.0220843 -0.00780771 0.00177982 -0.00212747 -0.00524968 -0.00298289 0.0018027 -0.0107056 -0.00724243 -0.00564486 0.028528 -0.00098662 -0.00336414 -0.0202588
internal_weight=219291 38185 24157 16476 3357 979 520 7681 1186 6495 1106 328 5389 4457 932 745 504 2378 14028 3411 3048 13119 6178 2110 6941 6544 1046 10212 8309 1301
internal_count=219291 38185 24157 16476 3357 979 520 7681 1186 6495 1106 328 5389 4457 932 745 504 2378 14028 3411 3048 13119 6178 2110 6941 6544 1046 10212 8309 1301
is_linear=0
shrinkage=0.05


Tree=169
num_leaves=31
num_cat=0
split_feature=11 5 10 12 1 11 9 10 10 11 12 10 13 9 11 11 11 10 11 10 10 11 9 12 10 9 11 11 11 11
split_gain=40.3677 70.7472 105.514 59.9988 50.276 216.177 587.17 146.745 140.261 453.488 156.621 308.523 174.883 147.845 363.747 168.864 139.794 212.871 138.803 127.996 153.016 134.588 127.607 124.632 136.757 158.734 172.308 236.705 177.992 183.442
threshold=0.99814856052398693 28.332268714904789 1.0000000180025095e-35 18.250000000000004 30.763122558593754 0.98662140965461742 29.56772613525391 -0.073094449937343584 0.7086201310157777 0.59123954176902782 19.250000000000004 -0.72660079598426808 79.750000000000014 26.614676475524906 0.99164059758186351 0.97308227419853222 0.91234096884727489 0.31718835234642034 0.87377473711967479 -0.99984258413314808 -0.99865758419036854 1.0000000180025095e-35 34.457607269287116 19.250000000000004 0.97505551576614391 30.396374702453617 -0.98208922147750843 -0.9412824511528014 -0.86955720186233509 -0.82389250397682179
decision_type=2 2 2 2 2 2 2 2 2 2 2 2 2 2 2 2 2 2 2 2 2 2 2 2 2 2 2 2 2 2
left_child=4 2 -2 -4 8 23 -7 -8 10 -10 19 12 -12 14 15 16 18 -18 -13 21 -21 -1 -15 -6 25 -25 -27 -28 -29 -30
right_child=1 -3 3 -5 5 6 7 -9 9 -11 11 13 -14 22 -16 -17 17 -19 -20 20 -22 -23 -24 24 -26 26 27 28 29 -31
leaf_value=0.0031525731758209386 -0.014757164434328441 -0.0090665277035247155 0.0010983282265533841 0.03288143002364554 -0.0013415082391010072 -0.051378079294494686 0.068748259640059567 0.0010466724078869447 -0.022106020415544485 0.030673952674519434 0.025689327686960362 -0.014581681046133284 0.00067438766048078175 -0.0070541319148629284 -0.082722902635993842 0.034162229008277679 -0.014939153267206341 -0.087647657656413039 0.064851424843072894 0.021491749648468082 0.0016739232455225365 -0.057330977184608348 0.053471859412754633 0.011189336453291352 0.012745319235633785 0.013990148949476686 -0.022207396246050556 0.016480536816439458 -0.023376536559055805 -0.00053311720250022584
leaf_weight=181 363 2849 259 348 112070 174 401 100 587 1327 1083 223 1969 8355 224 165 302 151 73 990 60308 187 88 3413 2886 1870 1336 1438 935 14636
leaf_count=181 363 2849 259 348 112070 174 401 100 587 1327 1083 223 1969 8355 224 165 302 151 73 990 60308 187 88 3413 2886 1870 1336 1438 935 14636
internal_value=3.14371e-12 -0.00509562 0.00656738 0.0193199 9.03142e-05 -0.000474698 0.0277525 0.055235 0.00112272 0.014487 0.00077845 -0.00429348 0.00955092 -0.00870357 -0.0256214 -0.0116271 -0.0217143 -0.0391753 0.00500824 0.00181749 0.00199399 -0.0275823 -0.00642328 -0.000612184 0.00247054 0.00121555 -0.000468378 -0.00194221 -0.000350447 -0.00190481
internal_weight=219291 3819 970 607 215472 139259 675 501 76213 1914 74299 12633 3052 9581 1138 914 749 453 296 61666 61298 368 8443 138584 26514 23628 20215 18345 17009 15571
internal_count=219291 3819 970 607 215472 139259 675 501 76213 1914 74299 12633 3052 9581 1138 914 749 453 296 61666 61298 368 8443 138584 26514 23628 20215 18345 17009 15571
is_linear=0
shrinkage=0.05


Tree=170
num_leaves=31
num_cat=0
split_feature=1 10 10 10 1 5 1 10 10 10 9 10 9 10 12 10 10 7 10 7 9 3 13 11 12 13 11 0 11 0
split_gain=40.9145 225.721 629.021 78.5869 55.8905 55.4551 51.6155 198.391 152.572 157.861 148.761 129.616 150.531 242.037 119.999 98.3814 88.907 91.5129 87.1624 121.352 173.463 96.5207 86.6296 127.781 118.59 248.993 365.715 230.043 266.269 189.882
threshold=41.937423706054695 0.56314551830291759 0.50495636463165294 0.44437406957149511 42.766292572021491 42.765747070312507 34.326354980468757 -0.04732095077633857 -0.3334656953811645 -0.59817537665367115 40.088357925415046 -0.51973900198936451 35.224086761474616 -0.45972847938537592 14.750000000000002 -0.99273952841758717 0.88606244325637828 32.527729034423835 -0.012910176534205673 35.061351776123054 34.823617935180671 32.46617507934571 83.750000000000014 0.13300977647304538 17.250000000000004 77.250000000000014 -0.15855351090431211 5.5630879402160653 -0.99626126885414112 2.2945755720138554
decision_type=2 2 2 2 2 2 2 2 2 2 2 2 2 2 2 2 2 2 2 2 2 2 2 2 2 2 2 2 2 2
left_child=6 2 3 -2 -3 -4 10 8 9 14 16 -11 13 -13 15 -8 22 -18 19 -9 -21 -20 24 -24 25 29 27 28 -27 -1
right_child=1 4 5 -5 -6 -7 7 18 -10 11 -12 12 -14 -15 -16 -17 17 -19 21 20 -22 -23 23 -25 -26 26 -28 -29 -30 -31
leaf_value=-0.00020795248513516131 0.02728698179404945 0.0083514462001119758 -0.035007102386925809 0.09786702447542639 0.029365429075755373 -0.081852315069379553 -0.05424456415373994 0.084523744116911118 -0.033760775644351364 0.046919123705060406 0.065027485282966091 -0.052262127038892894 0.063102494089398539 0.01759551632315139 -0.034008240446731189 0.00034556635322692016 -0.0043258376155514439 0.010596417338956634 0.035671382226585023 -0.063555421505895396 0.046995047900882714 -0.00090170689625988516 0.016181373881325387 -0.00053717142463101126 -0.0015375371451088258 -0.013709497778036824 0.0002708333108216475 -0.00020062448447874957 0.014673088847077881 -0.0098965295278098612
leaf_weight=21421 98 654 93 66 613 197 92 71 728 188 89 208 80 307 612 802 1389 3947 181 57 94 54453 2055 2575 71247 888 32833 4733 11900 6620
leaf_count=21421 98 654 93 66 613 197 92 71 728 188 89 208 80 307 612 802 1389 3947 181 57 94 54453 2055 2575 71247 888 32833 4733 11900 6620
internal_value=1.02122e-12 0.00767904 -0.022571 0.0556911 0.0185184 -0.0668295 -6.0742e-05 -0.00134004 -0.013823 -0.00748191 0.000402865 0.0107283 -0.000706722 -0.0106188 -0.0169498 -0.00527221 0.00036683 0.00671204 -0.000653494 0.0306129 0.00526408 -0.000780542 0.00014736 0.00688326 -6.10527e-05 0.00128081 0.00338361 0.00921672 0.0127022 -0.00249526
internal_weight=219291 1721 454 164 1267 290 217570 57873 3017 2289 159697 783 595 515 1506 894 159608 5336 54856 222 151 54634 154272 4630 149642 78395 50354 17521 12788 28041
internal_count=219291 1721 454 164 1267 290 217570 57873 3017 2289 159697 783 595 515 1506 894 159608 5336 54856 222 151 54634 154272 4630 149642 78395 50354 17521 12788 28041
is_linear=0
shrinkage=0.05


Tree=171
num_leaves=31
num_cat=0
split_feature=9 10 10 9 1 10 13 10 1 3 7 11 1 9 12 12 11 10 10 5 1 3 11 10 1 11 5 11 10 1
split_gain=40.7533 248.092 277.558 402.654 414.955 207.367 206.824 204.183 234.673 197.052 176.911 316.094 137.806 133.709 136.486 145.705 125.761 274.635 323.675 180.207 137.829 134.456 123.297 666.25 312.977 169.827 202.587 162.943 386.905 595.646
threshold=29.672808647155765 0.45972847938537603 0.31718835234642034 28.491013526916507 31.235643386840824 0.26781183481216436 80.250000000000014 0.49002411961555487 32.533452987670906 29.118277549743656 30.432724952697757 -0.99981480836868275 28.812848091125492 27.149890899658207 18.750000000000004 14.250000000000002 -0.58427652716636647 -0.59817537665367115 -0.65189296007156361 29.427904129028324 32.036602020263679 31.64512920379639 0.98662140965461742 -0.055916473269462579 29.689640998840336 0.96457844972610485 31.285727500915531 0.92589047551155101 0.26781183481216436 28.402746200561527
decision_type=2 2 2 2 2 2 2 2 2 2 2 2 2 2 2 2 2 2 2 2 2 2 2 2 2 2 2 2 2 2
left_child=1 2 5 12 6 10 -5 9 -9 -3 -1 -12 -4 -14 15 -15 17 18 19 -13 -21 -18 25 24 -24 27 -27 -2 29 -29
right_child=22 7 3 4 -6 -7 -8 8 -10 -11 11 16 13 14 -16 -17 21 -19 -20 20 -22 -23 23 -25 -26 26 -28 28 -30 -31
leaf_value=-0.00049023468098237518 -0.00060366207533307141 0.068203278003341486 -0.019645490918019492 -0.0069685875758855572 -0.065083137226964141 0.023491289779756168 0.03542129556279567 0.0045812393035518121 0.038720030639387761 -0.027387331404945633 0.13328957076256093 -0.10069469786607302 -0.099603824743202757 -0.02835182718112015 0.00034167822692931322 -0.099206379548633025 0.0071348622472858407 0.011350631993560997 -0.12810799914258947 0.017694492039117906 -0.073380112976712347 0.032255900287208532 0.0046623695554138212 -0.0075147833287686405 0.061025798359120802 -0.01962145702145 0.017133307529742611 0.054068025448492596 0.025619773746867198 -0.017460808520543113
leaf_weight=38475 159486 276 430 624 202 1006 534 3571 586 67 52 52 140 153 126 138 1441 1019 79 224 51 845 380 2006 700 2152 454 350 1944 1728
leaf_count=38475 159486 276 430 624 202 1006 534 3571 586 67 52 52 140 153 126 138 1441 1019 79 224 51 845 380 2006 700 2152 454 350 1944 1728
internal_value=6.68537e-14 0.00125274 0.000147229 -0.0165989 0.00104396 0.0010561 0.0125791 0.012453 0.00939368 0.0495311 0.00052175 0.0108688 -0.0409092 -0.0573246 -0.0431301 -0.061953 0.00915343 -0.00250469 -0.0372795 -0.0153362 0.000804293 0.0164206 -0.000370869 0.00953179 0.0411942 -0.000554837 -0.0132183 -0.000353006 0.00958637 -0.00541312
internal_weight=219291 50091 45591 2347 1360 43244 1158 4500 4157 343 42238 3763 987 557 417 291 3711 1425 406 327 275 2286 169200 3086 1080 166114 2606 163508 4022 2078
internal_count=219291 50091 45591 2347 1360 43244 1158 4500 4157 343 42238 3763 987 557 417 291 3711 1425 406 327 275 2286 169200 3086 1080 166114 2606 163508 4022 2078
is_linear=0
shrinkage=0.05


Tree=172
num_leaves=31
num_cat=0
split_feature=13 2 13 7 11 11 9 11 11 10 1 11 11 9 12 10 5 10 10 1 7 5 5 11 11 10 10 10 12 1
split_gain=39.6211 112.034 104.133 99.1842 293.443 178.343 132.918 249.989 205.836 187.939 158.647 157.603 373.218 143.853 124.149 119.426 114.593 108.397 198.384 118.719 147.204 135.145 109.3 105.46 152.721 104.557 103.66 136.052 112.838 96.7836
threshold=81.750000000000014 0.13240584731101993 83.250000000000014 29.710849761962894 0.6838940978050233 0.91925191879272472 26.907961845397953 0.98927757143974315 0.98927757143974315 1.0000000180025095e-35 27.497083663940433 0.9549313783645631 0.91234096884727489 28.207283973693851 18.750000000000004 -0.22611359506845471 28.214782714843754 0.16705007851123813 0.26781183481216436 32.10241889953614 33.530347824096687 30.253842353820804 31.860885620117191 0.96897393465042125 0.91234096884727489 -0.073094449937343584 0.78829774260520946 0.68391311168670665 18.750000000000004 27.497083663940433
decision_type=2 2 2 2 2 2 2 2 2 2 2 2 2 2 2 2 2 2 2 2 2 2 2 2 2 2 2 2 2 2
left_child=-1 3 -3 6 17 -6 7 23 11 25 -9 12 13 -8 -11 -13 29 -5 -19 21 -21 -20 -23 24 -2 -10 27 -22 -28 -17
right_child=1 2 -4 4 5 -7 8 10 9 14 -12 15 -14 -15 -16 16 -18 18 19 20 26 22 -24 -25 -26 -27 28 -29 -30 -31
leaf_value=0.00027038254815081781 0.019149979587845423 -0.0012071900794601586 0.0087415223348494536 0.0036183128305795989 -0.035370294088737979 -0.0027915076628375166 0.017091956904152005 -0.014294779863953591 0.028988151022707322 0.021527141354405165 -0.09056438730160396 -0.057140722614980634 0.037878169397219406 -0.010438268709796344 0.078042695602123568 -0.0089468462618055924 -0.029811728343790641 -0.0598159844165458 0.029824285673014091 0.015347555098321098 -0.0040791380226802339 -0.043328545683732789 0.0026844057741813188 0.038852131322805655 -0.031803274726465693 -0.017347231775775185 -0.024235349451555522 0.028945988395515782 -0.0053219868901795949 0.05486086203818559
leaf_weight=188743 264 7771 3976 3675 1277 626 622 125 244 178 150 174 671 2001 214 156 317 173 102 903 1356 517 172 141 332 243 1148 405 2519 96
leaf_count=188743 264 7771 3976 3675 1277 626 622 125 244 178 150 174 671 2001 214 156 317 173 102 903 1356 517 172 141 332 243 1148 405 2519 96
internal_value=1.01259e-12 -0.00167058 0.00216014 -0.00406404 -0.00652846 -0.0246534 0.00128759 -0.0152139 0.00468456 0.0266106 -0.0558964 -8.95209e-05 0.00460245 -0.00390994 0.05238 -0.0208908 -0.00980559 -0.00338428 -0.00691197 -0.00562688 -0.00334507 -0.0238901 -0.031842 -3.38427e-05 -0.00923338 0.00586803 -0.00645476 0.00351608 -0.0112431 0.0153609
internal_weight=219291 30548 11747 18801 12873 1903 5928 1012 4916 879 275 4037 3294 2623 392 743 569 10970 7295 7122 6331 791 689 737 596 487 5428 1761 3667 252
internal_count=219291 30548 11747 18801 12873 1903 5928 1012 4916 879 275 4037 3294 2623 392 743 569 10970 7295 7122 6331 791 689 737 596 487 5428 1761 3667 252
is_linear=0
shrinkage=0.05


Tree=173
num_leaves=31
num_cat=0
split_feature=2 10 10 11 10 10 10 12 11 11 10 5 9 5 10 7 1 10 10 7 10 10 1 5 10 7 12 10 1 4
split_gain=40.7259 180.077 201.794 174.21 154.607 217.173 164.016 142.981 140.521 158.843 154.502 215.021 146.65 134.706 125.198 183.057 121.809 115.981 182.886 127.727 140.662 354.54 248.156 203.796 184.259 196.121 185.344 171.205 160.382 176.601
threshold=3.5387870073318486 0.86095303297042858 0.81403854489326488 -0.55599683523178089 0.53436762094497692 0.68391311168670665 0.49002411961555487 16.250000000000004 -0.12447465583682059 1.0000000180025095e-35 -0.98801350593566883 29.7528190612793 30.5474967956543 32.426193237304695 -0.99939814209938038 30.310089111328129 32.06840896606446 -0.98211652040481556 -0.96230018138885487 27.556782722473148 -0.48250326514244074 -0.72660079598426808 27.394323348999027 28.501871109008793 -0.38168568909168238 30.841373443603519 14.250000000000002 -0.7721494436264037 27.294301986694339 8.125218868255617
decision_type=2 2 2 2 2 2 2 2 2 2 2 2 2 2 2 2 2 2 2 2 2 2 2 2 2 2 2 2 2 2
left_child=-1 2 4 7 6 -6 8 -4 10 16 11 12 -2 14 15 -11 -10 -12 -19 -20 21 27 -23 -24 26 28 -22 -21 -26 -30
right_child=1 -3 3 -5 5 -7 -8 -9 9 13 17 -13 -14 -15 -16 -17 -18 18 19 20 24 22 23 -25 25 -27 -28 -29 29 -31
leaf_value=0.00031941601726722296 -0.051382264833500814 0.014736323223694288 -0.13976935349771233 -0.0094451532351091782 0.027803994461412507 -0.0044808594534134398 -0.059080847754376012 -0.040160923282779884 0.024344598268737139 0.021168312933992177 0.027268492661863316 -0.050321138205331274 0.050369534920901064 0.021264495623607785 -0.00055409045920765858 -0.061141569523140794 -0.014665248416519415 -0.02576774095653224 0.007801752241970026 -0.0042615827083915146 -0.033865750235247807 -0.053612044829361397 0.018929124015540359 -0.021141734388212999 0.014318829301764516 0.00079121610856235861 0.027877175222585988 0.026103328340846645 -0.0076403453803328848 -0.037679535507604084
leaf_weight=179784 52 1646 61 199 1027 1057 128 88 1204 102 296 396 111 689 8106 200 240 946 2315 5170 141 522 362 2570 376 8139 881 510 1075 898
leaf_count=179784 52 1646 61 199 1027 1057 128 88 1204 102 296 396 111 689 8106 200 240 946 2315 5170 141 522 362 2570 376 8139 881 510 1075 898
internal_value=2.584e-12 -0.00145356 -0.00215741 -0.0400565 -0.00180583 0.0114292 -0.00258434 -0.0809402 -0.00237949 0.00245535 -0.00443781 -0.0304258 0.0179088 9.96309e-06 -0.00173176 -0.0333415 0.017861 -0.00383753 -0.0042227 -0.00333496 -0.00458382 -0.00921689 -0.0218493 -0.0161944 -0.000907149 -0.00288196 0.0193588 -0.00153516 -0.0156091 -0.0213125
internal_weight=219291 39507 37861 348 37513 2084 35429 149 35301 10541 24760 559 163 9097 8408 302 1444 24201 23905 22959 20644 9134 3454 2932 11510 10488 1022 5680 2349 1973
internal_count=219291 39507 37861 348 37513 2084 35429 149 35301 10541 24760 559 163 9097 8408 302 1444 24201 23905 22959 20644 9134 3454 2932 11510 10488 1022 5680 2349 1973
is_linear=0
shrinkage=0.05


Tree=174
num_leaves=31
num_cat=0
split_feature=12 13 9 11 9 0 9 10 12 11 13 10 10 9 10 7 8 10 3 0 10 10 1 11 10 10 3 0 11 13
split_gain=39.7074 148.31 142.722 107.031 122.935 97.3539 92.5507 131.833 211.504 116.273 160.523 145.009 104.953 209.423 228.896 196.538 106.775 97.6707 93.0758 94.3499 92.1439 109.669 90.56 88.8021 263.101 118.551 83.1275 82.2713 82.0319 82.0012
threshold=14.250000000000002 79.250000000000014 38.169408798217781 -0.17552498728036878 32.155923843383796 6.9371085166931161 30.11297702789307 -0.1330134719610214 12.750000000000002 0.53435277938842785 76.250000000000014 -0.35769492387771601 -0.46735489368438715 28.380756378173832 -0.79356426000595082 28.14733982086182 0.31667998433113104 -0.40542197227478022 24.554425239562992 1.0276046395301821 0.85206964612007152 0.75548630952835094 39.129423141479499 -0.85204595327377308 -0.444374069571495 -0.20088869333267209 27.277895927429203 5.473067283630372 -0.97870382666587818 76.250000000000014
decision_type=2 2 2 2 2 2 2 2 2 2 2 2 2 2 2 2 2 2 2 2 2 2 2 2 2 2 2 2 2 2
left_child=1 2 6 4 -3 -5 9 8 -8 23 -11 12 13 14 -12 -14 17 -17 -16 -20 21 -4 -6 24 27 -26 -9 -1 -10 -2
right_child=29 3 20 5 22 -7 7 26 28 10 11 -13 15 -15 18 16 -18 -19 19 -21 -22 -23 -24 -25 25 -27 -28 -29 -30 -31
leaf_value=-0.031860999337960647 -0.003452869575617279 0.040456311672387529 -0.034484147993944426 -0.0033073601443662998 0.0096608035354893203 0.016759179839133491 -8.6590794950439876e-05 -0.06530226968372109 -0.061111699949707027 0.011986592877933801 -0.075499954473247741 -0.0011600383889269967 -0.0083197452796628657 0.0069276757890551115 -0.064573310086482469 -0.11927411688228298 -0.010971130712875235 -0.049724994522962473 -0.023247124060653618 0.0071500227281587649 -0.001788896980847159 -0.12630767856538297 -0.032696207038318839 0.0078553115070489656 0.015063947074349255 -0.0071350789387219175 -0.0019710368395719061 -0.092722112662726786 -0.018103148316630801 0.00066364152114944258
leaf_weight=172 13092 320 93 4132 3437 708 2431 52 115 1384 182 4812 336 994 88 99 67 103 637 426 89 50 131 5893 1015 1476 14502 82 3087 159286
leaf_count=172 13092 320 93 4132 3437 708 2431 52 115 1384 182 4812 336 994 88 99 67 103 637 426 89 50 131 5893 1015 1476 14502 82 3087 159286
internal_value=-2.54435e-12 -0.0012897 -0.00263377 0.00459057 0.0107683 -0.000372007 -0.00239477 -0.00471107 -0.0112059 0.000237181 -0.00369772 -0.00650081 -0.0152661 -0.0104426 -0.0233953 -0.0338187 -0.0656687 -0.083811 -0.0151564 -0.0110654 -0.0417311 -0.0665903 0.00810566 0.0043953 -0.00303271 0.00191029 -0.00219731 -0.0515091 -0.0196478 0.000350995
internal_weight=219291 46913 38185 8728 3888 4840 37953 20187 5633 17766 9128 7744 2932 2327 1333 605 269 202 1151 1063 232 143 3568 8638 2745 2491 14554 254 3202 172378
internal_count=219291 46913 38185 8728 3888 4840 37953 20187 5633 17766 9128 7744 2932 2327 1333 605 269 202 1151 1063 232 143 3568 8638 2745 2491 14554 254 3202 172378
is_linear=0
shrinkage=0.05


Tree=175
num_leaves=31
num_cat=0
split_feature=3 10 11 12 11 11 11 9 10 12 10 9 10 1 10 1 10 9 10 10 10 3 13 9 11 11 1 11 9 11
split_gain=40.1903 149.856 187.11 114.569 139.451 102.708 259.848 150.145 169.955 203.111 145.435 143.553 145.663 152.497 128.384 125.143 191.902 133.59 229.716 217.763 198.796 120.122 115.181 114.197 330.027 356.274 390.809 293.216 221.034 189.186
threshold=30.320503234863285 0.77758994698524486 0.56312987208366405 19.750000000000004 0.79874977469444286 0.93225467205047619 0.88201534748077404 27.555355072021488 -0.42109696567058558 18.750000000000004 0.26781183481216436 29.745175361633304 -0.38962684571743006 31.293609619140629 0.45972847938537603 30.292207717895511 -0.021515898406505581 29.189107894897464 -0.10738035291433333 -0.15855792164802548 -0.073094449937343584 30.851837158203129 79.750000000000014 30.336795806884769 -0.99981480836868275 -0.58427652716636647 32.679006576538093 -0.43663504719734186 26.277179718017582 -0.62538740038871754
decision_type=2 2 2 2 2 2 2 2 2 2 2 2 2 2 2 2 2 2 2 2 2 2 2 2 2 2 2 2 2 2
left_child=1 3 -3 -1 -5 6 23 -8 9 21 15 12 -10 -14 -13 -7 17 18 -17 -19 -21 -9 -20 24 -2 28 27 -27 -26 -30
right_child=5 2 -4 4 -6 10 7 8 11 -11 -12 14 13 -15 -16 16 -18 19 22 20 -22 -23 -24 -25 25 26 -28 -29 29 -31
leaf_value=0.0014289208048120397 0.08322168884351272 -0.02192563841735725 0.03819654175145655 0.0027769767621281505 -0.012812635900924674 -0.013543457802787576 0.043506811846391824 -0.033840638160102632 0.020482097534284763 0.019496678584015249 0.022608181244527972 -0.0021735646911094251 -0.021628375434768577 -0.072478059760302999 -0.034260126499269732 0.017837396151623792 -0.0089320132533229121 0.0044707159385283029 -0.079765935206124863 0.060949942007039987 0.013634426872861588 -0.09394710901775398 0.0061060619017664804 -0.0008506449828738432 -0.048611635430565764 0.032797618157394536 0.031840827294480872 0.0016732240126255038 -0.0019930206187957233 -0.034953014586331897
leaf_weight=59970 129 170 542 2571 3245 984 115 173 119 97 1086 2612 414 229 354 318 1284 927 124 480 413 160 57 126228 310 828 1494 8788 4589 481
leaf_count=59970 129 170 542 2571 3245 984 115 173 119 97 1086 2612 414 229 354 318 1284 927 124 480 413 160 57 126228 310 828 1494 8788 4589 481
internal_value=-2.78702e-12 0.00102605 0.0238415 0.000779117 -0.00592115 -0.000446553 -0.000701114 -0.0128507 -0.0144094 -0.0441739 0.00615507 -0.0109763 -0.0303337 -0.0397381 -0.00600318 0.0022597 0.00657563 0.015162 -0.00775679 0.0214458 0.0390672 -0.0627206 -0.0527234 -0.000337681 0.00355849 0.00293529 0.00804959 0.00435324 -0.00762602 -0.00511999
internal_weight=219291 66498 712 65786 5816 152793 147120 4273 4158 430 5673 3728 762 643 2966 4587 3603 2319 499 1820 893 333 181 142847 16619 16490 11110 9616 5380 5070
internal_count=219291 66498 712 65786 5816 152793 147120 4273 4158 430 5673 3728 762 643 2966 4587 3603 2319 499 1820 893 333 181 142847 16619 16490 11110 9616 5380 5070
is_linear=0
shrinkage=0.05


Tree=176
num_leaves=31
num_cat=0
split_feature=11 3 6 11 2 9 11 1 9 1 1 9 13 10 10 12 10 5 13 11 10 9 3 0 5 9 11 3 12 11
split_gain=40.5455 309.525 392.567 231.827 169.989 143.755 165.821 139.723 162.224 129.231 123.385 142.268 280.32 292.237 207.562 185.966 198.273 454.737 217.436 122.719 390.933 388.948 961.275 309.893 193.211 164.341 140.758 410.794 173.38 146.494
threshold=-0.99626126885414112 33.588491439819343 2.1124470233917241 -0.99981480836868275 0.30612066388130194 31.188016891479496 -0.99981480836868275 35.863117218017585 33.226667404174812 34.059602737426765 33.585346221923835 32.751594543457038 81.750000000000014 -0.012910176534205673 -0.030120026320219036 15.250000000000002 -0.064507851377129541 33.224447250366218 80.250000000000014 -0.99049577116966236 0.081675637513399138 32.998216629028327 33.423013687133796 1.5320791006088259 31.31473541259766 33.528522491455085 -0.98518359661102284 28.761457443237308 14.750000000000002 -0.98798605799674977
decision_type=2 2 2 2 2 2 2 2 2 2 2 2 2 2 2 2 2 2 2 2 2 2 2 2 2 2 2 2 2 2
left_child=1 10 5 4 9 -3 7 8 -7 -4 11 -1 14 -14 15 -13 17 -17 -18 20 21 23 25 24 -2 -23 27 28 -21 -29
right_child=19 2 3 -5 -6 6 -8 -9 -10 -11 -12 12 13 -15 -16 16 18 -19 -20 26 -22 22 -24 -25 -26 -27 -28 29 -30 -31
leaf_value=-0.0078113880952828223 0.031987275938689712 0.066091377008706334 0.13720776543897742 0.017394803148082935 0.022670161844386409 -0.0055830717552453283 -0.00046852756659672331 0.035044438114353253 -0.084516091626565704 0.055940131256554997 0.0076870963474374781 -0.0069633617710088292 0.049016288962175553 -0.076163011951552284 -0.019462525071475192 -0.1168538232753565 -0.13846636043986774 0.043979574249071236 -0.028510907048084701 -0.0097165707184152829 0.025680064818380512 0.02065872649190488 -0.046226831806872773 -0.052792325419367174 -0.036863339142765593 0.083181758493950375 9.6530957306134306e-05 -0.0078106880690022064 0.057982056826236 -0.034861568933467507
leaf_weight=1682 250 65 102 655 120 104 1076 51 174 94 582 114 188 62 553 91 171 85 61 148 1809 154 341 561 172 331 207231 997 262 1005
leaf_count=1682 250 65 102 655 120 104 1076 51 174 94 582 114 188 62 553 91 171 85 61 148 1809 154 341 561 172 331 207231 997 262 1005
internal_value=-4.66094e-12 -0.00404322 0.00969284 0.0343641 0.0695379 -0.00660365 -0.00996677 -0.0410309 -0.0549872 0.0982325 -0.0133856 -0.0174642 -0.0297177 0.0179718 -0.0408083 -0.0634218 -0.0791969 -0.0391786 -0.109556 0.000114323 0.00924442 -0.00719122 0.0181008 -0.0284437 0.00392494 0.0633291 -4.32434e-05 -0.0120522 0.0335445 -0.0213902
internal_weight=219291 6030 2441 971 316 1470 1405 329 278 196 3589 3007 1325 250 1075 522 408 176 232 213261 3618 1809 826 983 422 485 209643 2412 410 2002
internal_count=219291 6030 2441 971 316 1470 1405 329 278 196 3589 3007 1325 250 1075 522 408 176 232 213261 3618 1809 826 983 422 485 209643 2412 410 2002
is_linear=0
shrinkage=0.05


Tree=177
num_leaves=31
num_cat=0
split_feature=4 10 10 10 12 5 10 10 10 11 12 10 7 5 5 10 13 12 10 7 5 10 9 10 6 9 2 1 10 11
split_gain=37.8873 101.015 145.719 121.997 275.605 251.51 128.452 119.401 283.208 274.874 159.017 121.226 247.075 207.771 185.535 105.191 104.381 98.2344 95.5789 105.586 113.858 92.4409 157.954 120.236 195.216 175.71 137.374 126.58 164.198 119.977
threshold=6.1263427734375009 0.23448921740055087 0.20088869333267215 0.16705007851123813 15.750000000000002 33.642402648925788 -0.99052327871322621 0.69636976718902599 0.54883790016174328 -0.52705818414688099 16.750000000000004 0.30081701278686529 38.506401062011726 35.862731933593757 36.713724136352546 0.79877197742462169 77.250000000000014 18.250000000000004 -0.99984258413314808 30.523880958557132 30.223423957824711 -0.99865758419036854 31.101372718811039 -0.98521098494529713 0.13190586119890216 32.189920425415046 0.11548787727952005 30.098621368408207 -0.99273952841758717 0.13300977647304538
decision_type=2 2 2 2 2 2 2 2 2 2 2 2 2 2 2 2 2 2 2 2 2 2 2 2 2 2 2 2 2 2
left_child=18 2 3 6 -5 -6 17 8 11 10 15 13 -13 -3 -14 -9 -17 -2 19 -1 -21 22 -20 24 26 27 29 -26 -29 -23
right_child=1 7 -4 4 5 -7 -8 9 -10 -11 -12 12 14 -15 -16 16 -18 -19 21 20 -22 23 -24 -25 25 -27 -28 28 -30 -31
leaf_value=0.0014160864344727594 -0.00065339948695881012 0.025972575928820719 -0.037127155234319753 -0.030968564386038407 0.073404434838133359 -0.04986506286263466 -0.0041167487562440708 -0.033093202311154223 0.037342059952148926 0.010641940878184189 -0.0031198205127597606 -0.017845496377583276 0.09113743781591907 -0.04645179537075915 -0.00082057508814141033 -0.042254898370357979 -0.13926275138294808 0.019550151992360154 0.021891483633789073 0.030147723431905939 -0.048524959974700681 -0.018048618082110977 -0.0074698473757469908 0.00045817738925217139 0.014429272283219861 0.023820388985684973 -0.0018365823645216284 -0.0031098539105993204 -0.041298587961977169 -0.052862190246297458
leaf_weight=357 1420 754 307 152 240 50 22553 326 773 1219 378 1055 99 114 123 57 54 1044 1247 54 310 1759 724 179621 643 739 1236 1230 365 288
leaf_count=357 1420 754 307 152 240 50 22553 326 773 1219 378 1055 99 114 123 57 54 1044 1247 54 310 1759 724 179621 643 739 1236 1230 365 288
internal_value=4.35212e-12 -0.00162836 -0.00288535 -0.00247244 0.0235669 0.0521511 -0.00293251 0.00491196 0.0113941 -0.00438735 -0.0268667 0.00204312 -0.00775671 0.0164606 0.0401877 -0.0474076 -0.0894479 0.00790687 0.000265255 -0.0179046 -0.0368537 0.000334993 0.0111063 0.000220779 -0.006591 0.00268128 -0.014999 -0.00429896 -0.011849 -0.0229467
internal_weight=219291 30718 25766 25459 442 290 25017 4952 2918 2034 815 2145 1277 868 222 437 111 2464 188573 721 364 187852 1971 185881 6260 2977 3283 2238 1595 2047
internal_count=219291 30718 25766 25459 442 290 25017 4952 2918 2034 815 2145 1277 868 222 437 111 2464 188573 721 364 187852 1971 185881 6260 2977 3283 2238 1595 2047
is_linear=0
shrinkage=0.05


Tree=178
num_leaves=31
num_cat=0
split_feature=1 10 12 3 10 11 10 10 11 5 10 3 10 3 11 2 13 11 11 10 1 7 11 10 11 11 11 7 9 7
split_gain=38.1082 195.086 174.81 159.11 140.797 203.92 149.932 172.435 328.161 282.998 275.298 228.319 182.996 149.057 125.934 246.961 149.122 125.788 123.666 147.24 121.201 119.273 111.129 110.909 110.14 110.064 226.243 137.244 238.415 167.071
threshold=28.955904006958011 0.7666517198085786 19.250000000000004 27.895131111145023 0.25118774175643926 0.84750953316688549 -0.08167563751339911 -0.42888796329498285 -0.74979865550994862 28.988920211791996 -0.65189296007156361 27.667638778686527 -0.30901412665843958 29.542384147644047 0.97308227419853222 1.0000000180025095e-35 79.250000000000014 -0.96681198477745045 0.8189845383167268 0.7324872910976411 27.759128570556644 32.32185363769532 0.57727023959159862 -0.72660079598426808 0.99962961673736583 -0.27608674764633173 -0.14153505116701123 28.323995590209964 28.207283973693851 29.461111068725589
decision_type=2 2 2 2 2 2 2 2 2 2 2 2 2 2 2 2 2 2 2 2 2 2 2 2 2 2 2 2 2 2
left_child=1 2 4 17 6 18 7 8 9 -1 -11 25 20 -8 15 -14 -17 -2 19 -6 -9 -18 -3 -4 -25 27 -27 -10 -29 -30
right_child=3 22 23 -5 5 -7 13 12 11 10 -12 -13 14 -15 -16 16 21 -19 -20 -21 -22 -23 -24 24 -26 26 -28 28 29 -31
leaf_value=-0.0057948445265812755 0.056007610396223963 -0.027105721440531461 0.012371835527140565 -0.00043970846579282589 0.0081345806918031501 0.024786901932985078 -0.0093424656197007294 0.030877667466465981 0.016842911166489692 -0.12874031687520213 -0.034937967758367557 0.0081879329801092336 -0.022637893977118271 0.028090078857760027 0.014449652136508374 0.00016250979624789523 0.021220886350272524 0.0098046246549033725 -0.05997701785734131 -0.061443621681731508 0.0082976165099600662 0.090219749489875697 0.053442687055702966 -0.010646458761390441 0.025268754136076224 -0.058275358191070464 -0.0076495675811048859 -0.070132820682691319 -0.033118669874600444 0.026903323683635162
leaf_weight=857 159 51 679 183452 802 1623 3978 1343 932 97 404 7289 991 285 1854 1643 441 2004 90 84 1066 73 267 4993 223 240 2742 143 191 295
leaf_count=857 159 51 679 183452 802 1623 3978 1343 932 97 404 7289 991 285 1854 1643 441 2004 90 84 1066 73 267 4993 223 240 2742 143 191 295
internal_value=4.43007e-12 0.00154744 0.00117588 -0.000280752 0.00285283 0.0139261 0.00169536 0.00346158 3.26858e-05 -0.0232466 -0.0530993 0.00270453 0.00956429 -0.00683994 0.00411175 -0.00197671 0.00751574 0.013201 -0.00413449 0.001538 0.0208858 0.0310203 0.0405245 -0.00663653 -0.00911097 -0.00609328 -0.0117241 0.0046633 -0.0133834 0.00331443
internal_weight=219291 33676 33358 185615 27463 2599 24864 20601 13190 1358 501 11832 7411 4263 5002 3148 2157 2163 976 886 2409 514 318 5895 5216 4543 2982 1561 629 486
internal_count=219291 33676 33358 185615 27463 2599 24864 20601 13190 1358 501 11832 7411 4263 5002 3148 2157 2163 976 886 2409 514 318 5895 5216 4543 2982 1561 629 486
is_linear=0
shrinkage=0.05


Tree=179
num_leaves=31
num_cat=0
split_feature=2 10 10 11 10 10 10 12 11 10 5 11 9 5 10 7 1 11 10 11 5 12 6 11 3 10 0 3 10 12
split_gain=37.6213 162.481 176.915 155.968 135.156 189.662 147.144 125.773 121.487 138.351 192.712 136.485 131.371 122.356 110.902 158.954 107.591 107.175 227.353 214.303 201.304 303.099 173.491 438.008 403.34 274.807 267.382 264.418 225.142 189.128
threshold=3.5387870073318486 0.86095303297042858 0.81403854489326488 -0.55599683523178089 0.53436762094497692 0.68391311168670665 0.49002411961555487 16.250000000000004 -0.12447465583682059 -0.98801350593566883 29.7528190612793 1.0000000180025095e-35 30.5474967956543 32.426193237304695 -0.99939814209938038 30.310089111328129 32.06840896606446 -0.17552498728036878 -0.98211652040481556 -0.05591491982340812 39.564310073852546 18.250000000000004 2.5678197145462041 -0.99981480836868275 32.753747940063484 -0.95747631788253773 3.4183005094528203 34.75067329406739 0.28435654938220983 17.750000000000004
decision_type=2 2 2 2 2 2 2 2 2 2 2 2 2 2 2 2 2 2 2 2 2 2 2 2 2 2 2 2 2 2
left_child=17 2 4 7 6 -6 8 -4 9 10 12 16 -2 14 15 -13 -10 18 -1 20 21 -19 24 27 26 -25 28 -24 -20 -29
right_child=1 -3 3 -5 5 -7 -8 -9 11 -11 -12 13 -14 -15 -16 -17 -18 19 22 -21 -22 -23 23 25 -26 -27 -28 29 -30 -31
leaf_value=0.036305891563846289 -0.048599883632931995 0.013981471463518342 -0.13141138182311762 -0.0085872970291544417 0.025940576381441524 -0.0042301496450622197 -0.055976298427412988 -0.037989022378513426 0.022598976398905412 -0.0036161109941835051 -0.047611234813688723 0.019342671916363578 0.047705354910713066 0.020215185283289899 -0.00059315239659628273 -0.057357170091010636 -0.014063547354113932 -0.013430116708170521 0.016055119714056907 -9.9144945654367636e-05 -0.037227476395672948 0.011102964083246819 0.020832800301760143 -0.032326320657177512 0.00026282252127892141 -0.0024594276275333444 -0.0015876454290872149 0.058504003922144582 -0.0090930863351752177 0.18258852362632752
leaf_weight=475 52 1646 61 199 1027 1057 128 88 1204 24201 396 102 111 689 8106 200 240 4527 10207 102667 587 1744 252 808 37228 16451 3736 75 975 52
leaf_count=475 52 1646 61 199 1027 1057 128 88 1204 24201 396 102 111 689 8106 200 240 4527 10207 102667 587 1744 252 808 37228 16451 3736 75 975 52
internal_value=-5.57814e-12 -0.00139706 -0.00206564 -0.0375517 -0.00173644 0.0106381 -0.00246433 -0.0762358 -0.0022703 -0.00418415 -0.0287763 0.00222518 0.0169822 -4.15865e-05 -0.00170154 -0.0314519 0.0165055 0.000307 0.00183122 -0.000670769 -0.00922821 -0.00660733 0.00159656 -0.00269007 0.00304648 -0.00385768 0.00999312 0.0504809 0.0138624 0.10931
internal_weight=219291 39507 37861 348 37513 2084 35429 149 35301 24760 559 10541 163 9097 8408 302 1444 179784 70259 109525 6858 6271 69784 17638 52146 17259 14918 379 11182 127
internal_count=219291 39507 37861 348 37513 2084 35429 149 35301 24760 559 10541 163 9097 8408 302 1444 179784 70259 109525 6858 6271 69784 17638 52146 17259 14918 379 11182 127
is_linear=0
shrinkage=0.05


Tree=180
num_leaves=31
num_cat=0
split_feature=11 3 6 10 7 10 11 12 1 9 13 11 10 9 3 0 5 5 11 3 13 12 10 0 6 7 5 12 1 9
split_gain=39.2132 275.963 325.352 185.005 224.374 160.605 122.95 201.409 135.608 119.484 117.847 110.381 352.591 352.017 927.403 298.62 176.49 132.408 125.674 371.079 156.003 134.553 142.754 141.712 134.668 119.428 111.321 232.403 183.105 106.154
threshold=-0.99626126885414112 33.478069305419929 2.5678197145462041 -0.064507851377129541 32.910375595092781 1.0000000180025095e-35 -0.99937036633491505 18.250000000000004 36.329019546508796 31.218770027160648 81.750000000000014 -0.99049577116966236 0.081675637513399138 33.13313293457032 33.373069763183601 0.10764911398291589 31.581368446350101 33.934806823730476 -0.98518359661102284 28.761457443237308 77.250000000000014 18.750000000000004 0.15005400776863101 11.732022762298586 13.600627422332765 32.869796752929695 32.292924880981452 16.750000000000004 31.712697982788089 33.086376190185554
decision_type=2 2 2 2 2 2 2 2 2 2 2 2 2 2 2 2 2 2 2 2 2 2 2 2 2 2 2 2 2 2
left_child=1 29 6 -4 5 -5 8 -8 9 -3 -11 12 13 15 25 16 -2 -14 19 20 -13 22 23 -21 -24 -15 27 -17 -29 -1
right_child=11 2 3 4 -6 -7 7 -9 -10 10 -12 18 17 14 -16 26 -18 -19 -20 21 -22 -23 24 -25 -26 -27 -28 28 -30 -31
leaf_value=-0.0061104688219324717 0.051098271896389415 0.046861956261244481 -0.029826251215894113 0.10777886750466832 0.017427782892839486 0.040278311227719549 -0.0069881005137450714 0.048364858603287889 0.045323778235534622 -0.041302650405094031 0.020713283729561594 -0.00091179020103785064 0.014237813101675271 0.03085857482051085 -0.043203499041802707 -0.014764518331432223 -0.031727649095867359 0.042421743605375657 9.5066041399379192e-05 -0.0098406844522533135 0.06089685421592958 0.00036201096432221107 -0.063959534111440439 -0.059279711924759407 0.02136178986995288 0.085705964510830554 -0.005393197124157055 -0.095111661755092627 -0.0010078540507940546 -0.024029066400796707
leaf_weight=2086 166 51 110 154 502 206 617 224 72 550 89 192 1158 152 342 245 105 651 207231 844 218 567 363 175 53 286 162 288 63 1369
leaf_count=2086 166 51 110 154 502 206 617 224 72 550 89 192 1158 152 342 245 105 651 207231 844 218 567 363 175 53 286 162 288 63 1369
internal_value=-4.5824e-12 -0.00397624 0.00841379 0.0312378 0.0390302 0.0691535 -0.00542585 0.00775514 -0.0199734 -0.026787 -0.0326651 0.000112429 0.00877142 -0.00683744 0.0184959 -0.0260406 0.019007 0.0243803 -3.70071e-05 -0.0113843 0.0319523 -0.0202594 -0.0284074 -0.0183312 -0.0530893 0.0666722 -0.042146 -0.0521358 -0.0782212 -0.0132105
internal_weight=219291 6030 2575 972 862 360 1603 841 762 690 639 213261 3618 1809 780 1029 271 1809 209643 2412 410 2002 1435 1019 416 438 758 596 351 3455
internal_count=219291 6030 2575 972 862 360 1603 841 762 690 639 213261 3618 1809 780 1029 271 1809 209643 2412 410 2002 1435 1019 416 438 758 596 351 3455
is_linear=0
shrinkage=0.05


Tree=181
num_leaves=31
num_cat=0
split_feature=12 13 12 11 9 11 10 13 10 3 1 11 10 12 13 11 10 11 13 10 9 10 13 10 10 1 1 11 10 1
split_gain=37.4189 131.897 137.919 89.2601 76.5622 81.4891 144.763 128.432 79.916 71.652 74.2254 87.5412 83.6804 79.8876 94.4931 76.6607 140.787 68.2216 101.587 66.7969 185.923 178.736 186.324 172.539 198.227 154.851 130.727 129.62 131.421 124.47
threshold=13.750000000000002 78.250000000000014 12.750000000000002 -0.71464690566062916 29.884610176086429 0.57727023959159862 -0.79356426000595082 76.250000000000014 0.25118774175643926 25.860814094543461 29.164972305297855 -0.99862980842590321 -0.98521098494529713 13.250000000000002 76.750000000000014 -0.34155811369419092 -0.8779519498348235 -0.99862980842590321 77.250000000000014 0.97505551576614391 39.405883789062507 0.99762105941772472 78.250000000000014 0.95495790243148815 0.92263099551200878 37.768899917602546 36.100826263427741 -0.038720846176147454 0.98521098494529735 33.585346221923835
decision_type=2 2 2 2 2 2 2 2 2 2 2 2 2 2 2 2 2 2 2 2 2 2 2 2 2 2 2 2 2 2
left_child=1 4 3 -3 5 9 -7 -8 -9 -1 11 -11 -12 14 -13 16 -14 -18 -19 23 21 25 -23 24 -2 29 -25 28 -22 -21
right_child=19 2 -4 -5 -6 6 7 8 -10 10 12 13 15 -15 -16 -17 17 18 -20 20 27 22 -24 26 -26 -27 -28 -29 -30 -31
leaf_value=-0.012926554891007289 -2.9539000963126215e-05 0.017783540233820217 -0.0019986116721945196 0.0042540314313681349 -0.0071629381904438662 -0.070177151764158244 0.010943175777110112 -0.012785362879295662 0.0030659841668677287 -0.033280518947820352 -0.031829280146825338 -0.00085724250970366862 -0.061106965400547053 0.022575136274547849 0.018255886178484778 0.014502526568481701 0.050888441991189429 -0.018867118210915707 0.014607304277756429 0.050082511867137185 0.01738810970354589 0.012431083144967471 -0.012299732753760666 0.0013128607091911139 0.0096160463021784954 0.022742416974194071 -0.016249850423726082 0.011054322350733602 -0.02713692363695477 0.0051192628995819743
leaf_weight=674 159151 1620 8728 4926 9997 86 1040 3087 1071 123 233 1932 111 902 972 600 58 547 387 158 197 1172 2175 1702 5511 1864 2807 458 1044 5958
leaf_count=674 159151 1620 8728 4926 9997 86 1040 3087 1071 123 233 1932 111 902 972 600 58 547 387 158 197 1172 2175 1702 5511 1864 2807 458 1044 5958
internal_value=7.1459e-12 -0.00144752 0.00211607 0.00760231 -0.00394203 -0.00121857 -0.00583631 -0.00477181 -0.00870244 0.00251292 0.00428721 0.00823563 -0.0037259 0.00957733 0.00554013 0.000119134 -0.00770501 -0.00172959 -0.0049971 0.000294704 0.00374483 0.00605834 -0.00363988 2.90477e-05 0.000293285 0.010126 -0.0096205 -0.011679 -0.0200689 0.00628084
internal_weight=219291 37094 15274 6546 21820 11823 5284 5198 4158 6539 5865 3929 1936 3806 2904 1703 1103 992 934 182197 13026 11327 3347 169171 164662 7980 4509 1699 1241 6116
internal_count=219291 37094 15274 6546 21820 11823 5284 5198 4158 6539 5865 3929 1936 3806 2904 1703 1103 992 934 182197 13026 11327 3347 169171 164662 7980 4509 1699 1241 6116
is_linear=0
shrinkage=0.05


Tree=182
num_leaves=31
num_cat=0
split_feature=13 11 10 9 1 11 10 11 5 5 10 3 9 10 10 10 11 10 10 1 10 11 1 3 9 1 11 10 11 10
split_gain=37.4912 108.768 288.607 118.208 126.16 207.713 110.993 112.063 107.309 201.759 178.499 167.786 157.003 120.524 299.99 105.207 137.481 123.392 205.199 137.029 120.227 98.3 92.2655 89.4252 183.368 88.6581 88.2137 160.472 85.1089 100.286
threshold=81.750000000000014 -0.49749487638473505 -0.80392050743103016 29.148283004760746 28.667558670043949 0.98927757143974315 0.60505047440528881 0.99962961673736583 31.767458915710453 29.825044631958011 -0.99939814209938038 34.460027694702156 32.951616287231452 0.53436762094497692 0.5772862732410432 -0.71466678380966175 -0.35768499970436091 -0.40542197227478022 -0.54162281751632679 30.261632919311527 -0.59817537665367115 0.73246693611145031 32.466800689697273 27.823003768920902 27.555355072021488 30.32319259643555 0.98662140965461742 -0.073094449937343584 0.98662140965461742 0.11593352630734445
decision_type=2 2 2 2 2 2 2 2 2 2 2 2 2 2 2 2 2 2 2 2 2 2 2 2 2 2 2 2 2 2
left_child=-1 2 -2 4 6 22 7 23 9 13 -10 21 15 -5 -15 16 -11 18 20 -19 -17 -12 25 -3 28 -6 -26 -28 -25 -30
right_child=1 3 -4 8 5 -7 -8 -9 10 12 11 -13 -14 14 -16 17 -18 19 -20 -21 -22 -23 -24 24 26 -27 27 -29 29 -31
leaf_value=0.00026301481363113799 0.036583856628735735 -0.0035564208879406362 0.00050390528502342502 0.0056116835828565019 0.010571066926093255 0.051117572750968877 0.035978626131797864 0.030368538795909311 -0.060376657086862906 -0.06242125039927722 0.0073046861249228094 -0.0086976048659298533 0.040880414897351176 -0.10417788372064629 -0.0036698653246138805 -0.057373182611364426 -0.0084147338003928498 -0.0031724574329211573 -0.11418787870440901 -0.03234106464012023 0.0034983414152623912 -0.056667351121174506 0.049687138496510755 -0.02990622361016981 -0.021189875356087993 -0.010766288411516303 0.097607202613726268 -0.010735837891331392 -0.041261479535525475 -0.13138016168818331
leaf_weight=188743 588 1611 9660 2210 1438 282 157 183 128 124 3856 3552 116 90 424 191 2372 693 97 961 141 61 113 118 364 736 50 108 58 66
leaf_count=188743 588 1611 9660 2210 1438 282 157 183 128 124 3856 3552 116 90 424 191 2372 693 97 961 141 61 113 118 364 736 50 108 58 66
internal_value=1.04651e-12 -0.00162506 0.00257407 -0.00374489 0.00268703 0.0106294 -0.00482826 -0.00733283 -0.00600823 -0.0102854 -0.00183124 -0.00082792 -0.016566 0.00053957 -0.0212685 -0.0180213 -0.0110977 -0.0263176 -0.0502127 -0.0201199 -0.0315211 0.00630844 0.00563701 -0.0102378 -0.0243265 0.00334738 -0.00764794 0.0235499 -0.0603024 -0.0892279
internal_weight=219291 30548 10248 20300 5284 2569 2715 2558 15016 7419 7597 7469 4695 2724 514 4579 2496 2083 429 1654 332 3917 2287 2375 764 2174 522 158 242 124
internal_count=219291 30548 10248 20300 5284 2569 2715 2558 15016 7419 7597 7469 4695 2724 514 4579 2496 2083 429 1654 332 3917 2287 2375 764 2174 522 158 242 124
is_linear=0
shrinkage=0.05


Tree=183
num_leaves=31
num_cat=0
split_feature=1 10 10 10 10 12 10 13 5 7 1 10 10 9 11 3 7 7 10 10 12 11 10 12 13 11 10 10 10 10
split_gain=36.6269 202.945 567.125 70.9412 50.4719 121.048 96.7842 55.506 50.2424 49.8691 44.093 173.419 198.774 119.263 85.1253 88.6249 95.5998 95.0732 84.4637 179.518 107.753 82.8228 89.1866 81.8292 255.598 316.663 209.384 198.32 345.826 255.707
threshold=41.937423706054695 0.56314551830291759 0.50495636463165294 0.44437406957149511 0.68391311168670665 17.750000000000004 0.7324872910976411 79.750000000000014 42.765747070312507 40.277309417724616 34.25593566894532 -0.064507851377129541 -0.11593352630734442 40.088357925415046 0.59123954176902782 33.086526870727546 37.472579956054695 32.953380584716804 -0.59817537665367115 -0.51973900198936451 14.750000000000002 -0.12447465583682059 -0.63874351978301991 17.250000000000004 77.250000000000014 -0.15855351090431211 0.98930501937866222 -0.69016700983047474 -0.63874351978301991 -0.92913278937339772
decision_type=2 2 2 2 2 2 2 2 2 2 2 2 2 2 2 2 2 2 2 2 2 2 2 2 2 2 2 2 2 2
left_child=10 2 3 -2 5 -3 -6 -7 -4 -8 13 12 18 23 15 16 17 -13 20 -20 21 22 -12 24 -1 -26 -25 29 -29 -27
right_child=1 4 8 -5 6 7 9 -9 -10 -11 11 14 -14 -15 -16 -17 -18 -19 19 -21 -22 -23 -24 26 25 27 -28 28 -30 -31
leaf_value=-0.0022233485512598047 0.025907055084707632 -0.0022590418903516598 -0.033152538413176898 0.092965933660779043 -0.052522857880605192 0.060292778106421731 0.054402519343010949 0.0088677885921310592 -0.0777417171571574 0.010259020604211924 0.0073499392439476639 -0.0058156752178700737 -0.050106529788103919 0.05993747971231296 -0.024685780105985711 -0.00063197138391416483 -0.046249315736121406 0.039963626302258436 0.045144620672893251 -0.0070920348240486016 -0.030592780143046023 -0.039909013135860427 -0.045989688172597777 -0.00093630705361250055 0.0090864872606763094 0.0022593020950062545 0.05366165171012241 0.035221968750068118 0.0022923454327880388 -0.012802378425580463
leaf_weight=29783 98 182 93 66 58 242 71 67 197 647 716 166 319 84 364 54708 51 358 199 948 699 142 88 77692 17380 6187 176 828 21507 5175
leaf_count=29783 98 182 93 66 58 242 71 67 197 647 716 166 319 84 364 54708 51 358 199 948 699 142 88 77692 17380 6187 176 828 21507 5175
internal_value=-6.33064e-12 0.00726556 -0.0214178 0.0528942 0.0175436 0.0300893 0.00960546 0.0491424 -0.0634424 0.0146242 -5.74713e-05 -0.00122768 -0.012716 0.000375488 -0.000585416 -0.000426732 0.0191006 0.025461 -0.00844393 0.00197082 -0.0157058 -0.00470573 0.00151177 0.000343968 0.00145803 0.00360464 -0.000812903 0.000777258 0.00351311 -0.00460078
internal_weight=219291 1721 454 164 1267 491 776 309 290 718 217570 58758 3111 158812 55647 55283 575 524 2792 1147 1645 946 804 158728 80860 51077 77868 33697 22335 11362
internal_count=219291 1721 454 164 1267 491 776 309 290 718 217570 58758 3111 158812 55647 55283 575 524 2792 1147 1645 946 804 158728 80860 51077 77868 33697 22335 11362
is_linear=0
shrinkage=0.05


Tree=184
num_leaves=31
num_cat=0
split_feature=1 10 12 3 10 11 10 10 11 5 10 3 10 3 11 2 13 1 10 10 10 7 10 9 11 10 10 11 11 10
split_gain=36.8519 176.564 155.384 143.769 126.831 183.592 131.612 156.001 300.37 254.54 248.653 201.112 165.745 134.153 114.145 223.017 133.494 111.152 109.364 108.035 141.734 107.971 106.516 193.023 182.457 143.198 110.516 102.022 100.156 151.689
threshold=28.955904006958011 0.7666517198085786 19.250000000000004 27.667638778686527 0.25118774175643926 0.84750953316688549 -0.08167563751339911 -0.42888796329498285 -0.74979865550994862 28.988920211791996 -0.65189296007156361 27.667638778686527 -0.30901412665843958 29.542384147644047 0.97308227419853222 1.0000000180025095e-35 79.250000000000014 27.833753585815433 0.44437406957149511 0.7324872910976411 0.6186656951904298 32.32185363769532 -0.7721494436264037 31.101372718811039 0.53435277938842785 -0.88606244325637806 -0.61188074946403492 0.21771516650915149 -0.92260536551475514 -0.16705007851123807
decision_type=2 2 2 2 2 2 2 2 2 2 2 2 2 2 2 2 2 2 2 2 2 2 2 2 2 2 2 2 2 2
left_child=1 2 4 -2 6 19 7 8 9 -1 -11 -10 17 -8 15 -14 -17 -9 -7 20 -6 -18 23 24 -13 27 -24 -25 29 -4
right_child=3 -3 28 -5 5 18 13 12 11 10 -12 22 14 -15 -16 16 21 -19 -20 -21 -22 -23 26 25 -26 -27 -28 -29 -30 -31
leaf_value=-0.0056766033467517182 0.014775752878874074 0.038602381761100896 -0.048191055376159753 -0.00040473292987170122 -0.019949120228225477 0.015016240454578153 -0.0087202708225225765 0.028971607290826863 -0.0056566955355609773 -0.12242697158578747 -0.0332795499120885 0.013545799589294076 -0.021509548528018896 0.026791544313248445 0.013763110901348638 0.00018776041988824164 0.020060306465646036 0.0071904518611414078 0.043271727272301774 -0.058086581448359154 0.019985769252433349 0.085708779749804981 0.021160025227731628 -0.01358808898009751 -0.02864187750025865 -0.048266754889395781 0.0020162267868121925 0.029768048569206597 -0.0044178139928575839 0.021089710326534568
leaf_weight=857 1573 318 302 184042 419 1132 3978 1404 4543 97 404 2544 991 285 1854 1643 441 1005 491 84 473 73 2133 743 285 252 1166 166 5486 107
leaf_count=857 1573 318 302 184042 419 1132 3978 1404 4543 97 404 2544 991 285 1854 1643 441 1005 491 84 473 73 2133 743 285 252 1166 166 5486 107
internal_value=-3.68368e-12 0.00152172 0.00116824 -0.000276085 0.00274927 0.013259 0.00165071 0.00330551 4.40929e-05 -0.0222277 -0.0505396 0.0026003 0.00911014 -0.00634615 0.00392097 -0.00187552 0.00714503 0.0198848 0.0235643 -0.00387775 0.00122712 0.0293839 0.00774663 0.0022506 0.00929572 -0.0149162 0.0143938 -0.00567047 -0.00619732 -0.0300663
internal_weight=219291 33676 33358 185615 27463 2599 24864 20601 13190 1358 501 11832 7411 4263 5002 3148 2157 2409 1623 976 892 514 7289 3990 2829 1161 3299 909 5895 409
internal_count=219291 33676 33358 185615 27463 2599 24864 20601 13190 1358 501 11832 7411 4263 5002 3148 2157 2409 1623 976 892 514 7289 3990 2829 1161 3299 909 5895 409
is_linear=0
shrinkage=0.05


Tree=185
num_leaves=31
num_cat=0
split_feature=12 13 12 10 7 1 13 9 10 10 11 1 10 9 12 13 10 10 10 1 11 1 10 7 9 3 1 11 3 12
split_gain=37.0348 117.167 127.726 77.5068 71.5423 70.8285 71.4128 70.448 63.2062 62.3268 61.8272 66.875 61.5318 168.054 179.533 180.211 153.821 182.115 137.892 120.311 117.037 115.234 104.827 103.39 112.264 321.89 233.613 172.079 109.699 107.601
threshold=13.750000000000002 78.250000000000014 12.250000000000002 0.59125596284866344 36.548133850097663 39.129423141479499 79.250000000000014 38.064682006835945 -0.72660079598426808 0.85206964612007152 0.3657089769840241 31.031655311584476 0.97505551576614391 39.405883789062507 18.750000000000004 79.250000000000014 0.95495790243148815 0.92263099551200878 0.99762105941772472 35.141525268554695 -0.021515300963073965 33.585346221923835 0.98521098494529735 41.938804626464851 35.139902114868171 35.057132720947273 35.785865783691413 0.33345642685890203 33.755943298339851 18.750000000000004
decision_type=2 2 2 2 2 2 2 2 2 2 2 2 2 2 2 2 2 2 2 2 2 2 2 2 2 2 2 2 2 2
left_child=1 4 3 -3 -1 6 7 8 10 -6 11 -4 16 14 15 -14 17 -2 -17 -18 22 -16 -15 24 25 28 29 -27 -19 -26
right_child=12 2 5 -5 9 -7 -8 -9 -10 -11 -12 -13 13 20 21 18 19 23 -20 -21 -22 -23 -24 -25 26 27 -28 -29 -30 -31
leaf_value=-0.0035022184102145668 -2.1717087552571139e-05 0.015707681559387981 0.012256150589366391 -0.0010869710898709117 -0.064754154197660022 -0.036481459716817849 0.0042205583028651766 -0.044597589050406068 -7.2353962511835239e-05 -0.010430334248601205 -0.028692334453514171 -0.013639302942996999 0.0079631915789064502 0.016557388766172347 0.072658623460420346 -0.00053020788793707097 0.0064258263197107413 -0.010223473244612771 -0.022912855078773182 -0.013376876331814856 0.016828983711561055 0.014022094568581693 -0.022809867710336284 0.067137912572606623 -0.013032229878159466 0.027923738948945231 0.0082812719993671392 0.085158603472842112 0.017535781269654101 -0.063210947930854619
leaf_weight=21600 159151 2292 356 981 88 135 5351 103 4828 132 396 832 4728 197 86 2267 980 630 988 3529 308 3258 1194 76 339 335 2941 216 818 156
leaf_count=21600 159151 2292 356 981 88 135 5351 103 4828 132 396 832 4728 197 86 2267 980 630 988 3529 308 3258 1194 76 339 335 2941 216 818 156
internal_value=1.62438e-12 -0.00144007 0.00191863 0.0106739 -0.00379116 -0.000469173 -5.94593e-05 -0.00357479 -0.00291581 -0.0321599 -0.0115826 -0.00587939 0.000293188 0.00360455 0.00580407 0.00172994 3.82162e-05 0.000287709 -0.00732408 -0.0090729 -0.0110594 0.0155301 -0.0172345 0.00922356 0.00841372 0.017835 0.00293259 0.0503606 0.00545821 -0.0288461
internal_weight=219291 37094 15274 3273 21820 12001 11866 6515 6412 220 1584 1188 182197 13026 11327 7983 169171 164662 3255 4509 1699 3344 1391 5511 5435 1999 3436 551 1448 495
internal_count=219291 37094 15274 3273 21820 12001 11866 6515 6412 220 1584 1188 182197 13026 11327 7983 169171 164662 3255 4509 1699 3344 1391 5511 5435 1999 3436 551 1448 495
is_linear=0
shrinkage=0.05


Tree=186
num_leaves=31
num_cat=0
split_feature=11 3 6 7 11 9 11 1 9 1 9 13 10 10 12 10 5 13 5 7 10 13 11 10 9 3 0 10 9 10
split_gain=36.2693 249.611 313.132 186.333 210.056 120.506 136.783 114.322 151.979 108.715 119.949 254.436 264.864 185.05 165.057 179.634 409.868 196.561 112.073 107.602 140.815 105.162 101.021 319.337 230.334 344.285 180.423 176.841 174.994 241.531
threshold=-0.99626126885414112 33.588491439819343 2.1124470233917241 35.142175674438484 -0.99759334325790394 31.128382682800297 -0.99981480836868275 35.863117218017585 33.226667404174812 33.585346221923835 32.751594543457038 81.750000000000014 -0.012910176534205673 -0.030120026320219036 15.250000000000002 -0.064507851377129541 33.224447250366218 80.250000000000014 33.586933135986335 32.789827346801765 1.0000000180025095e-35 78.750000000000014 -0.99049577116966236 0.098819226026535048 32.356674194335945 33.644670486450202 0.18776734918355945 -0.09881922602653502 33.528522491455085 0.081675637513399138
decision_type=2 2 2 2 2 2 2 2 2 2 2 2 2 2 2 2 2 2 2 2 2 2 2 2 2 2 2 2 2 2
left_child=1 9 5 4 19 -3 7 8 -7 10 18 13 -13 14 -12 16 -16 -17 -1 20 -4 -15 23 24 26 28 -2 -27 -26 -30
right_child=22 2 3 -5 -6 6 -8 -9 -10 -11 11 12 -14 21 15 17 -18 -19 -20 -21 -22 -23 -24 -25 25 27 -28 -29 29 -31
leaf_value=-0.011463843317646799 0.0098893972890868945 0.062759253700248527 0.1138342535606137 -0.014905583260255191 -0.0094492913892298396 -0.0028937697945231643 -0.00035562856027452483 0.031863533573992117 -0.07840290219555128 0.0075666474972887979 -0.0060216315249961468 0.047695787029558838 -0.071476949408890753 -0.0033629713642743895 -0.10972626402482882 -0.13045795534612145 0.042966474057996973 -0.025913840801012323 0.031694862893559488 0.034668759525591279 0.044495161569793711 -0.050853799252274512 -3.4833636944601273e-05 0.029399403746447964 0.0046456257444120966 -0.047153968791730255 -0.037498169879085129 0.0094541029340961553 0.071685938741600327 -0.0011705589961169629
leaf_weight=1515 299 61 135 183 163 108 1076 51 174 582 114 188 62 386 91 171 85 61 167 330 160 167 209643 1206 428 302 612 254 348 169
leaf_count=1515 299 61 135 183 163 108 1076 51 174 582 114 188 62 386 91 171 85 61 167 330 160 167 209643 1206 428 302 612 254 348 169
internal_value=2.46407e-12 -0.00382407 0.00851112 0.0305454 0.0411006 -0.00604349 -0.00902218 -0.0370258 -0.0494845 -0.0122137 -0.0160421 -0.0272935 0.0181409 -0.0378597 -0.0592116 -0.0740735 -0.0359826 -0.10297 -0.00717876 0.0542841 0.0762266 -0.0177047 0.000108126 0.00839187 -0.0021119 0.00992542 -0.0219451 -0.0212934 0.0282933 0.0478702
internal_weight=219291 6030 2441 971 788 1470 1409 333 282 3589 3007 1325 250 1075 522 408 176 232 1682 625 295 553 213261 3618 2412 1501 911 556 945 517
internal_count=219291 6030 2441 971 788 1470 1409 333 282 3589 3007 1325 250 1075 522 408 176 232 1682 625 295 553 213261 3618 2412 1501 911 556 945 517
is_linear=0
shrinkage=0.05


Tree=187
num_leaves=31
num_cat=0
split_feature=1 11 11 11 13 5 10 6 5 10 10 10 10 7 9 10 10 9 11 10 6 13 9 0 9 10 12 1 13 10
split_gain=36.7817 130.698 176.861 142.047 284.382 256.522 179.574 146.925 123.5 122.831 189.812 229.621 202.66 130.178 116.419 116.228 323.94 290.287 236.06 231.337 317.124 622.795 287.408 233.74 389.477 220.292 235.156 217.543 207.376 203.131
threshold=30.973201751708988 0.93834263086318981 0.9999259114265443 0.60503363609313976 79.750000000000014 29.71693325042725 0.67125374078750621 3.6722016334533696 32.869735717773445 -0.11593352630734442 -0.66484925150871266 -0.48250326514244074 -0.18399664759635923 33.178339004516609 35.059978485107429 0.54883790016174328 0.72066047787666332 30.048518180847172 0.56312987208366405 0.49002411961555487 1.0000000180025095e-35 78.250000000000014 40.088357925415046 0.16765367984771731 40.756444931030281 0.83354803919792186 19.250000000000004 34.25593566894532 83.250000000000014 0.36571913957595831
decision_type=2 2 2 2 2 2 2 2 2 2 2 2 2 2 2 2 2 2 2 2 2 2 2 2 2 2 2 2 2 2
left_child=8 3 -3 15 7 -6 -7 -5 14 10 -10 13 -13 -12 -1 19 27 18 -18 22 23 -22 -2 24 -21 26 -19 -17 -29 -24
right_child=1 2 -4 4 5 6 -8 -9 9 -11 11 12 -14 -15 -16 16 17 25 -20 20 21 -23 29 -25 -26 -27 -28 28 -30 -31
leaf_value=0.00039784830344709798 -0.0015797156044972231 0.012897227907571668 -0.047038793062331885 -0.0010022295439984915 0.023620749747543229 -0.01468124938952849 -0.04177758756657237 -0.04146070141735686 0.018945784643800367 0.024212835489123841 -0.094575161175647127 0.03052648857268199 -0.034408995385116367 -0.015275903455503696 0.046696643844873459 0.035163445552362914 -0.017595691460774786 -0.01252834760855928 0.053014353113493756 -0.0042158242562962767 -0.042084080696003431 0.073437682882070074 -0.014072596971625717 -0.061832256803691789 -0.065832170031057666 0.0010068081903622115 0.010245218990332719 0.010285977107879483 -0.028338481296162607 0.034402215014079689
leaf_weight=82808 56828 2683 129 11164 315 1767 935 229 793 1102 120 274 214 91 136 839 161 6124 447 1189 218 251 282 370 327 40568 1391 6243 368 925
leaf_count=82808 56828 2683 129 11164 315 1767 935 229 793 1102 120 274 214 91 136 839 161 6124 447 1189 218 251 282 370 327 40568 1391 6243 368 925
internal_value=1.37629e-12 -0.000517849 0.0101477 -0.000746895 -0.00543003 -0.0190796 -0.0240577 -0.00181545 0.000809744 0.0115529 0.00220215 -0.0167931 0.00205068 -0.060375 0.000473763 -0.000167788 0.00146996 -1.56866e-05 0.0343166 -0.00169031 -0.0170527 0.019741 -0.00106692 -0.0262024 -0.0175064 -0.000449812 -0.00831304 0.0111797 0.00813595 0.0230767
internal_weight=219291 133753 2812 130941 14410 3017 2702 11393 85538 2594 1492 699 488 211 82944 116531 56141 48691 608 60390 2355 469 58035 1886 1516 48083 7515 7450 6611 1207
internal_count=219291 133753 2812 130941 14410 3017 2702 11393 85538 2594 1492 699 488 211 82944 116531 56141 48691 608 60390 2355 469 58035 1886 1516 48083 7515 7450 6611 1207
is_linear=0
shrinkage=0.05


Tree=188
num_leaves=31
num_cat=0
split_feature=2 10 10 11 10 10 10 12 11 10 11 7 10 10 1 5 13 10 7 12 4 10 10 3 3 1 9 10 3 10
split_gain=35.1827 141.587 155.765 138.494 115.233 162.478 126.519 111.338 109.98 129.001 121.878 111.474 124.301 299.007 209.776 183.637 168.955 164.643 174.119 167.173 154.454 149.943 133.136 241.712 197.988 140.832 131.896 118.986 138.324 242.423
threshold=3.5387870073318486 0.86095303297042858 0.81403854489326488 -0.55599683523178089 0.53436762094497692 0.68391311168670665 0.49002411961555487 16.250000000000004 -0.12447465583682059 -0.96230018138885487 1.0000000180025095e-35 27.556782722473148 -0.48250326514244074 -0.72660079598426808 27.394323348999027 32.869735717773445 77.750000000000014 -0.38168568909168238 30.432724952697757 14.250000000000002 8.125218868255617 -0.7721494436264037 -0.59817537665367115 32.132425308227546 28.097385406494144 29.725203514099125 33.322546005249031 -0.94697898626327504 29.650210380554203 -0.90880924463272084
decision_type=2 2 2 2 2 2 2 2 2 2 2 2 2 2 2 2 2 2 2 2 2 2 2 2 2 2 2 2 2 2
left_child=-1 2 4 7 6 -6 8 -4 9 -2 -10 -11 13 21 -15 16 -16 19 20 -14 26 27 24 -24 25 -18 -19 -13 -29 -30
right_child=1 -3 3 -5 5 -7 -8 -9 10 11 -12 12 17 14 15 -17 22 18 -20 -21 -22 -23 23 -25 -26 -27 -28 28 29 -31
leaf_value=0.00029688334327241717 -0.016865176625004658 0.013004718249740749 -0.12363801117314668 -0.0079788936773577158 0.023923334553216592 -0.0040016720768054573 -0.051958391457174007 -0.035740120521619581 0.015613356085846653 0.0074354686181173609 -2.3183581123199147e-05 0.014369388505574366 -0.032070329574643508 -0.049294926768691343 -0.029899681702489037 -0.035695028402489899 0.064305281224369543 -0.0073502141905993348 0.00047961437555327132 0.026567866277113762 -0.031289500604183972 0.024429330843347856 0.040113155761072355 -0.025814888245176255 -0.024132157328546011 -0.015571506071797352 0.068532690344775313 -0.020379954390034271 -0.021124580566134359 0.008748927332089448
leaf_weight=179784 1801 1646 61 199 1027 1057 128 88 1444 2315 9097 754 141 522 600 779 128 935 8593 881 899 510 432 205 691 97 61 1361 1019 2036
leaf_count=179784 1801 1646 61 199 1027 1057 128 88 1444 2315 9097 754 141 522 600 779 128 935 8593 881 899 510 432 205 691 97 61 1361 1019 2036
internal_value=2.74306e-12 -0.00135102 -0.00197514 -0.0352726 -0.00166624 0.00975984 -0.00233835 -0.0717252 -0.00215843 -0.00397938 0.00211885 -0.00296856 -0.00413526 -0.00849056 -0.0200915 -0.0148923 -0.00736538 -0.00067902 -0.00254576 0.0184779 -0.0162645 -0.00143605 0.00134073 0.0188961 -0.0108676 0.0298695 -0.00270277 -0.00398757 -0.00712189 -0.00121543
internal_weight=219291 39507 37861 348 37513 2084 35429 149 35301 24760 10541 22959 20644 9134 3454 2932 2153 11510 10488 1022 1895 5680 1553 637 916 225 996 5170 4416 3055
internal_count=219291 39507 37861 348 37513 2084 35429 149 35301 24760 10541 22959 20644 9134 3454 2932 2153 11510 10488 1022 1895 5680 1553 637 916 225 996 5170 4416 3055
is_linear=0
shrinkage=0.05


Tree=189
num_leaves=31
num_cat=0
split_feature=1 10 12 3 10 10 10 10 11 11 11 10 10 11 11 9 10 11 11 9 3 13 12 9 12 10 1 6 2 10
split_gain=36.1499 158.237 142.76 129.042 121.116 114.106 166.086 170.881 105.376 103.056 99.5958 95.6338 95.129 94.1713 77.3204 105.691 76.9599 75.6465 160.917 172.776 338.36 161.487 146.406 117.648 107.992 100.961 145.89 220.282 193.341 145.857
threshold=28.955904006958011 0.7666517198085786 19.250000000000004 27.895131111145023 -0.66484925150871266 0.7324872910976411 0.42888796329498297 0.49002411961555487 -0.38961601257324213 -0.99862980842590321 0.57727023959159862 -0.72660079598426808 -0.79356426000595082 0.99962961673736583 0.78827583789825451 30.048518180847172 -0.67760851979255665 0.38167507946491247 0.31717954576015478 35.627878189086921 34.89990425109864 76.250000000000014 17.250000000000004 34.978593826293952 19.750000000000004 -0.98521098494529713 31.293609619140629 1.9517263174057009 5.2547652721405038 -0.99052327871322621
decision_type=2 2 2 2 2 2 2 2 2 2 2 2 2 2 2 2 2 2 2 2 2 2 2 2 2 2 2 2 2 2
left_child=1 2 5 4 8 6 9 -8 12 -1 -3 -4 -2 -13 -9 -16 -14 18 21 20 -20 22 -5 -22 25 29 27 28 -27 -23
right_child=3 10 11 17 -6 -7 7 14 -10 -11 -12 13 16 -15 15 -17 -18 -19 19 -21 23 24 -24 -25 -26 26 -28 -29 -30 -31
leaf_value=-0.036020047470695725 -0.080219960312048602 -0.027414017985118375 0.01176344310416976 -0.012737558131262469 0.021912518172234434 -0.055498111673763818 0.043990249763361015 0.018999630929545812 0.012099118993718372 0.0022623167603050402 0.048840103980610741 -0.0096050464157193868 0.002635417346783141 0.0236046505519142 0.0049091277179620675 -0.059369509329553698 -0.0555371857881546 -0.0018521515537961637 0.0072055784819394248 -0.02224300350637258 0.061714571083196258 -0.0019408500133774719 0.00076199480628085013 -0.0037871433603690894 0.0051103911055252159 0.015877902494969693 -0.00048657696493314447 -0.0014487346308652586 -0.0013034443586177041 -0.01804608277418298
leaf_weight=177 60 51 679 4600 1257 84 481 481 536 25918 267 4993 235 223 234 88 75 61169 3781 395 418 6818 3565 82 11145 5464 74820 7086 2338 1771
leaf_count=177 60 51 679 4600 1257 84 481 481 536 25918 267 4993 235 223 234 88 75 61169 3781 395 418 6818 3565 82 11145 5464 74820 7086 2338 1771
internal_value=-1.57053e-13 0.00150716 0.00117252 -0.000273443 0.0118678 0.00268797 0.00286649 0.0204224 -0.00206847 0.00200265 0.0366107 -0.00588749 -0.0225923 -0.00818523 0.00630516 -0.0126577 -0.0114386 -0.000416595 0.000301507 0.00939787 0.0123173 -6.01605e-05 -0.00684339 0.0509723 0.000445907 -8.29562e-05 0.000412873 0.00493308 0.0107292 -0.00526165
internal_weight=219291 33676 33358 185615 2163 27463 27379 1284 906 26095 318 5895 370 5216 803 322 310 183452 122283 4676 4281 117607 8165 500 109442 98297 89708 14888 7802 8589
internal_count=219291 33676 33358 185615 2163 27463 27379 1284 906 26095 318 5895 370 5216 803 322 310 183452 122283 4676 4281 117607 8165 500 109442 98297 89708 14888 7802 8589
is_linear=0
shrinkage=0.05


Tree=190
num_leaves=31
num_cat=0
split_feature=12 13 9 10 10 11 9 0 12 13 1 9 10 11 13 10 1 11 11 10 10 3 10 5 9 10 12 13 1 10
split_gain=34.5372 125.016 119.677 93.7692 123.495 92.0617 110.993 83.5808 78.9526 145.962 76.5688 75.0504 213.975 109.543 139.128 117.283 104.579 92.1372 98.5275 140.466 111.769 81.9539 107.103 129.603 103.327 201.863 76.7186 185.849 153.789 99.9
threshold=14.250000000000002 79.250000000000014 38.064682006835945 0.85206964612007152 0.7666517198085786 -0.17552498728036878 32.155923843383796 6.9371085166931161 12.250000000000002 77.750000000000014 39.129423141479499 30.11297702789307 -0.1330134719610214 0.53435277938842785 76.250000000000014 -0.35769492387771601 29.583262443542484 -0.97870382666587818 0.3657089769840241 -0.8779519498348235 -0.78297284245491017 24.554425239562992 -0.45206801593303675 28.604484558105472 28.323177337646488 -0.79356426000595082 12.750000000000002 77.250000000000014 29.689640998840336 -0.98801350593566883
decision_type=2 2 2 2 2 2 2 2 2 2 2 2 2 2 2 2 2 2 2 2 2 2 2 2 2 2 2 2 2 2
left_child=1 2 8 4 -4 6 -3 -7 9 -1 -8 13 17 26 -15 16 21 -13 -19 -20 -21 -16 24 -24 25 -23 27 -10 -28 -30
right_child=-2 5 3 -5 -6 7 10 -9 11 -11 -12 12 -14 14 15 -17 -18 18 19 20 -22 22 23 -25 -26 -27 28 -29 29 -31
leaf_value=-0.0035944966054507425 0.00032734748499473314 0.038134725349236759 -0.029681137713071494 0.0023771014165090906 -0.12292185505995384 -0.0031263304356079153 0.0088253845143900743 0.015466656273247024 -0.013305013746715048 0.010445366843624735 -0.030122420450366807 -0.05274217668327557 -0.0021602677686831241 0.011717619775391739 -0.053964264615875696 -0.002455218843536092 -0.044038289813525262 -0.01027428956336689 -0.061340577560762055 0.0086118433523234127 -0.04026430430999569 -0.075509600559385825 -0.015016877849573507 -0.081142127158764371 0.00948798561240141 -0.0066318549207214084 0.012340724063939561 0.027938523272361022 -0.042188729757667874 -0.0019403266190796957
leaf_weight=4364 172378 320 112 99 52 4132 3437 708 1406 3215 131 157 11677 1067 113 3885 302 3496 245 246 223 123 241 107 712 787 3690 339 174 1353
leaf_count=4364 172378 320 112 99 52 4132 3437 708 1406 3215 131 157 11677 1067 113 3885 302 3496 245 246 223 123 241 107 712 787 3690 339 174 1353
internal_value=-5.92049e-13 -0.00120281 -0.00243682 -0.036049 -0.0592453 0.00419596 0.00992539 -0.00040653 -0.00220371 0.00236119 0.00739541 -0.00334391 -0.00569146 -0.000709885 -0.00497289 -0.00781321 -0.016541 -0.0151336 -0.0137311 -0.0306567 -0.0146278 -0.0125544 -0.0101791 -0.0353485 -0.00477898 -0.0159417 0.00378275 -0.00529266 0.00681832 -0.00652659
internal_weight=219291 46913 38185 263 164 8728 3888 4840 37922 7579 3568 30343 16044 14299 7337 6270 2385 4367 4210 714 469 2083 1970 348 1622 910 6962 1745 5217 1527
internal_count=219291 46913 38185 263 164 8728 3888 4840 37922 7579 3568 30343 16044 14299 7337 6270 2385 4367 4210 714 469 2083 1970 348 1622 910 6962 1745 5217 1527
is_linear=0
shrinkage=0.05


Tree=191
num_leaves=31
num_cat=0
split_feature=13 11 10 9 1 11 10 11 1 11 11 11 10 7 1 9 10 11 10 11 9 5 9 5 3 10 9 1 10 1
split_gain=34.7288 97.1094 260.684 109.931 113.038 187.103 101.166 125.654 121.736 184.04 220.401 143.277 154.611 105.616 102.83 111.269 96.985 102.004 203.09 178.002 160.099 118.371 109.683 90.1165 82.6664 114.789 139.663 80.2132 79.2884 78.5074
threshold=81.750000000000014 -0.49749487638473505 -0.80392050743103016 29.148283004760746 28.667558670043949 0.98927757143974315 -0.93535929918289173 -0.29258950054645533 31.775575637817386 0.91234096884727489 0.9549313783645631 0.25118076056241995 -0.65189296007156361 30.215759277343754 30.353841781616214 31.635630607604984 0.60505047440528881 0.9969642460346223 1.0000000180025095e-35 0.99164059758186351 26.614676475524906 27.567015647888187 28.646040916442875 32.951786041259773 30.258568763732914 0.82876241207122814 30.898590087890629 32.466800689697273 1.0000000180025095e-35 30.32319259643555
decision_type=2 2 2 2 2 2 2 2 2 2 2 2 2 2 2 2 2 2 2 2 2 2 2 2 2 2 2 2 2 2
left_child=-1 2 -2 4 16 27 7 -5 9 11 -11 23 -13 -10 15 -14 17 19 -19 21 -21 -3 -23 -8 -16 26 -26 29 -7 -6
right_child=1 3 -4 6 5 28 8 -9 13 10 -12 12 14 -15 24 -17 -18 18 -20 20 -22 22 -24 -25 25 -27 -28 -29 -30 -31
leaf_value=0.00025313983739862981 0.034726368757818364 0.0059711315562574821 0.00043617749168397852 0.032391491117999861 0.010078074875157494 0.024753470751098718 -0.070127447147208907 -0.0011069564034079612 0.050462205720308066 0.034751814463352342 -0.011737060819103915 -0.0041955645286040847 -0.018949851983027108 -0.0038075622889159211 -0.0014250486859582834 0.037120447826987889 0.03366690657622845 -0.023804085844988665 0.040765426018187001 -0.083397341480227427 -0.0099566962302598209 -0.032490226381051417 0.0079371812197279717 0.0051132762413471939 -0.035642365425300408 -0.014073747888466985 -0.087151491480115098 0.046487788572511846 0.078081028484221965 -0.010000673201646935
leaf_weight=188743 588 973 9660 310 1438 156 195 2887 91 401 700 1787 1507 6048 143 94 157 211 288 152 145 547 242 50 347 244 212 113 126 736
leaf_count=188743 588 973 9660 310 1438 156 195 2887 91 401 700 1787 1507 6048 143 94 157 211 288 152 145 547 242 50 347 244 212 113 126 736
internal_value=-9.36104e-13 -0.00156404 0.00240365 -0.00356704 0.00263561 0.0101536 -0.0057497 0.00214125 -0.00788418 -0.0131597 0.00519485 -0.017573 -0.0154701 -0.00300311 -0.0233804 -0.0156578 -0.00447811 -0.0068193 0.0134625 -0.0117346 -0.0475425 -0.00569889 -0.0200904 -0.0547722 -0.0364501 -0.0426874 -0.0551771 0.00541535 0.0485807 0.00328049
internal_weight=219291 30548 10248 20300 5284 2569 15016 3197 11819 5680 1101 4579 4334 6139 2547 1601 2715 2558 499 2059 297 1762 789 245 946 803 559 2287 282 2174
internal_count=219291 30548 10248 20300 5284 2569 15016 3197 11819 5680 1101 4579 4334 6139 2547 1601 2715 2558 499 2059 297 1762 789 245 946 803 559 2287 282 2174
is_linear=0
shrinkage=0.05


Tree=192
num_leaves=31
num_cat=0
split_feature=11 9 12 12 10 1 3 11 9 10 9 10 11 13 12 11 12 11 11 10 10 3 13 11 11 10 9 3 11 9
split_gain=35.5518 74.2323 93.0675 67.1873 64.0482 63.2309 40.2744 137.077 586.482 215.308 207.153 121.111 155.229 116.731 110.214 138.001 93.4238 121.114 375.961 103.099 140.641 103.69 101.662 122.299 471.106 294.52 292.448 225.33 170.519 245.032
threshold=0.99903711676597606 30.016159057617191 19.250000000000004 18.250000000000004 1.0000000180025095e-35 29.164972305297855 30.320503234863285 0.98662140965461742 29.745175361633304 -0.073094449937343584 27.947340965271 0.77758994698524486 0.56312987208366405 80.750000000000014 19.750000000000004 0.79874977469444286 19.250000000000004 -0.97870382666587818 -0.9412824511528014 0.97505551576614391 0.95747631788253795 35.782617568969734 81.750000000000014 -0.98518359661102284 -0.98798605799674977 0.098819226026535048 28.491013526916507 33.588491439819343 -0.95234230160713185 31.603651046752933
decision_type=2 2 2 2 2 2 2 2 2 2 2 2 2 2 2 2 2 2 2 2 2 2 2 2 2 2 2 2 2 2
left_child=6 3 4 -2 -3 -4 11 16 10 -10 -9 14 -13 -12 -1 -16 22 -18 -19 20 -20 -21 23 24 25 26 -8 -26 29 -25
right_child=1 2 5 -5 -6 -7 7 8 9 -11 13 12 -14 -15 15 -17 17 18 19 21 -22 -23 -24 28 27 -27 -28 -29 -30 -31
leaf_value=0.001538339843576193 -0.006766035200381184 0.0040131393696538915 -0.0080622523948550226 0.013139366788653135 -0.024127586623835049 -0.077403315816385057 0.10371653734353081 -0.11634519821964205 0.062819883776170538 0.010380883125563426 -0.036941113131015064 -0.020057538304861417 0.034703577128694332 0.029740074989588368 0.0027077045064525553 -0.013047952934397504 0.012983184906667979 -0.023822585807143429 0.0021871543890721497 0.032452937060139034 -0.018126061289945643 0.0071479210930329735 -0.0058045060746004387 -0.011817662095679318 -0.01393255244587259 0.019769527079242805 -0.0091837093491134811 -0.072590034859789973 -0.00066688830167059977 0.015477260925629913
leaf_weight=58015 1205 398 50 654 411 96 58 64 467 337 229 170 542 92 2571 3025 2334 1431 21081 487 888 2399 10521 1070 290 1174 5187 376 100118 3551
leaf_count=58015 1205 398 50 654 411 96 58 64 467 337 229 170 542 92 2571 3025 2334 1431 21081 487 888 2399 10521 1070 290 1174 5187 376 100118 3551
internal_value=2.18589e-13 -0.00558385 -0.0169142 0.000236726 -0.0102833 -0.0536564 7.25849e-05 -0.00037084 0.0165397 0.0408399 -0.0342065 0.00112149 0.0216286 -0.01783 0.000891956 -0.00580925 -0.000504028 0.00206766 0.00109845 0.00253325 0.00136608 0.011418 -0.00110562 -0.000663524 -0.0070212 -0.00286819 -0.00793524 -0.0470485 -0.000233463 0.00915708
internal_weight=219291 2814 955 1859 809 146 216477 152154 1189 804 385 64323 712 321 63611 5596 150965 28620 26286 24855 21969 2886 122345 111824 7085 6419 5245 666 104739 4621
internal_count=219291 2814 955 1859 809 146 216477 152154 1189 804 385 64323 712 321 63611 5596 150965 28620 26286 24855 21969 2886 122345 111824 7085 6419 5245 666 104739 4621
is_linear=0
shrinkage=0.05


Tree=193
num_leaves=31
num_cat=0
split_feature=2 10 10 11 11 10 10 10 5 10 10 8 10 1 6 3 7 3 10 10 9 11 1 12 10 13 12 9 9 12
split_gain=34.3518 130.516 137.323 125.297 104.872 125.458 187.912 293.965 137.588 167.464 370.715 169.843 206.999 136.409 134.686 130.259 113.247 187.104 135.245 131.491 152.104 137.667 118.965 113.23 144.985 126.8 111.387 110.418 106.428 101.018
threshold=3.5387870073318486 0.86095303297042858 0.81403854489326488 -0.55599683523178089 -0.12447465583682059 -0.444374069571495 -0.72660079598426808 -0.78297284245491017 28.214782714843754 -0.61188074946403492 -0.58429276943206776 8.1605505943298358 -0.70252096652984608 26.945723533630375 4.4042625427246103 30.258568763732914 30.930343627929691 27.747601509094242 -0.34964421391487116 -0.30081701278686518 32.289619445800788 -0.99271196126937855 29.762038230896 16.250000000000004 0.030120026320219043 81.750000000000014 18.750000000000004 32.790451049804695 27.360788345336918 15.250000000000002
decision_type=2 2 2 2 2 2 2 2 2 2 2 2 2 2 2 2 2 2 2 2 2 2 2 2 2 2 2 2 2 2
left_child=-1 2 4 -4 5 6 7 -2 13 11 15 12 -10 -8 -15 27 17 29 22 28 23 -22 26 -21 25 -25 -18 -11 -19 -7
right_child=1 -3 3 -5 -6 16 8 -9 9 10 -12 -13 -14 14 -16 -17 18 19 -20 20 21 -23 -24 24 -26 -27 -28 -29 -30 -31
leaf_value=0.00029335668449746342 -0.00667068489249168 0.012448113597215144 -0.067870690407318954 -0.0072375720031337175 0.0025244196403397187 -0.0084473305470768173 -0.023461059786152292 0.01964632004768576 0.025184009797196684 0.0273450085417489 -0.022876354035227031 -0.062838992293270446 -0.035193328540875722 -0.0076339843023108134 0.043211121861165297 0.050757786267045274 0.015652585805505922 -0.035553757574949302 0.00099610522668263919 -0.011398327710331425 -0.042754012827090057 0.032671698687744201 0.033293313680899446 -0.056626417834884847 0.026789070437351865 -0.012016359590417684 -0.06187606749390917 -0.059840095023391771 0.008299298019846902 0.018035034864819881
leaf_weight=179784 7054 1646 149 199 10760 610 322 1249 179 92 1538 379 686 259 262 271 137 169 9381 556 86 204 611 650 75 211 70 60 763 879
leaf_count=179784 7054 1646 149 199 10760 610 322 1249 179 92 1538 379 686 259 262 271 137 169 9381 556 86 204 611 650 75 211 70 60 763 879
internal_value=-1.31686e-12 -0.00133497 -0.00193419 -0.0331983 -0.00164416 -0.00332076 -0.00701813 -0.00271188 -0.0158508 -0.0205784 -0.0114753 -0.0349282 -0.0226991 0.00212295 0.017935 0.029978 -0.000149929 -0.00705663 0.00269632 -0.0148707 -0.0228298 0.0103041 0.0221947 -0.02927 -0.0398862 -0.0456941 -0.0105648 -0.00707016 0.000347403 0.00718598
internal_weight=219291 39507 37861 348 37513 26753 12351 8303 4048 3205 1961 1244 865 843 521 423 14402 4203 10199 2714 1782 290 818 1492 936 861 207 152 932 1489
internal_count=219291 39507 37861 348 37513 26753 12351 8303 4048 3205 1961 1244 865 843 521 423 14402 4203 10199 2714 1782 290 818 1492 936 861 207 152 932 1489
is_linear=0
shrinkage=0.05


Tree=194
num_leaves=31
num_cat=0
split_feature=1 10 10 10 10 9 10 9 12 11 11 9 1 5 5 13 10 12 1 3 3 12 10 10 10 13 10 9 12 9
split_gain=33.8787 158.328 114.815 137.264 114.326 133.663 220.288 103.304 93.1392 90.4236 228.116 137.934 134.91 126.007 108.032 118.574 136.046 157.562 111.035 100.845 97.0133 131.093 86.2493 139.879 174.162 139.431 186.283 276.514 192.158 175.99
threshold=34.25593566894532 -0.04732095077633857 -0.3334656953811645 -0.59817537665367115 -0.51973900198936451 35.224086761474616 -0.45972847938537592 40.088357925415046 14.750000000000002 0.15004983544349673 0.064506059512496008 30.86781215667725 36.404758453369148 34.904850006103523 36.631889343261726 79.250000000000014 0.89773505926132213 14.250000000000002 35.863117218017585 35.299917221069343 35.782617568969734 18.250000000000004 0.98801350593566906 0.96683886647224437 0.95747631788253795 78.250000000000014 0.83354803919792186 39.405883789062507 17.750000000000004 39.892511367797859
decision_type=2 2 2 2 2 2 2 2 2 2 2 2 2 2 2 2 2 2 2 2 2 2 2 2 2 2 2 2 2 2
left_child=7 2 3 8 -5 6 -6 -1 -2 10 22 -11 -12 -14 15 16 18 -18 -13 -15 21 -19 23 24 25 26 28 -28 29 -3
right_child=1 9 -4 4 5 -7 -8 -9 -10 11 12 14 13 19 -16 -17 17 20 -20 -21 -22 -23 -24 -25 -26 -27 27 -29 -30 -31
leaf_value=0.00035418047575359619 -0.0047086643263638314 -0.011958644671606129 -0.028677490557314906 0.043001390868521783 -0.047550531637326851 0.058862574385052706 0.01642415546991749 0.05581721465236375 -0.028776384819164415 0.032123922250719909 0.0025621592355934975 -0.017496251059599521 0.094714156514213943 0.090182273978224176 -0.017085334812144592 -0.011171871509189107 -0.011894151300817155 0.012273763256038439 0.015823176082705736 0.019215368554227008 0.0021827339395631357 0.045727894756651954 -0.0052182115113856955 0.010490056431978707 -0.019480414056597131 0.0027395868155299548 -0.0056958300917833438 0.022119318114117451 0.00053090231819175309 -0.043152766043802915
leaf_weight=158728 946 3705 765 199 224 83 337 84 699 248 1248 1259 62 52 1702 2974 857 1093 312 1341 1209 400 7519 3294 1144 21330 2357 1439 3166 515
leaf_count=158728 946 3705 765 199 224 83 337 84 699 248 1248 1259 62 52 1702 2974 857 1093 312 1341 1209 400 7519 3294 1144 21330 2357 1439 3166 515
internal_value=3.59642e-12 -0.00100708 -0.0117371 -0.00652838 0.00987721 -0.000358362 -0.0091201 0.000383516 -0.0149356 -0.000397129 0.000520446 -0.00470227 0.0146234 0.0249688 -0.00563362 -0.00322854 0.00137643 0.00678618 -0.010879 0.0218645 0.0127111 0.0212367 -0.000336789 0.000656537 -0.000305895 0.000368799 -0.00415355 0.00484843 -0.00878007 -0.0157655
internal_weight=219291 60479 3253 2488 843 644 561 158812 1645 57226 47172 10054 2703 1455 9806 8104 5130 3559 1571 1393 2702 1493 44469 36950 33656 32512 11182 3796 7386 4220
internal_count=219291 60479 3253 2488 843 644 561 158812 1645 57226 47172 10054 2703 1455 9806 8104 5130 3559 1571 1393 2702 1493 44469 36950 33656 32512 11182 3796 7386 4220
is_linear=0
shrinkage=0.05


Tree=195
num_leaves=31
num_cat=0
split_feature=1 5 1 10 12 10 10 10 3 11 10 10 10 10 11 9 10 3 9 10 3 9 10 11 11 11 5 10 13 12
split_gain=33.1351 59.1819 43.5579 139.752 125.157 112.112 159.095 125.863 101.508 100.668 97.4809 499.07 128.858 94.9855 248.515 270.477 145.436 139.473 136.558 157.541 127.191 97.9559 97.7229 89.4127 87.2411 278.577 219.789 196.636 102.055 139.216
threshold=24.579398155212406 25.839174270629886 28.812848091125492 0.7666517198085786 19.250000000000004 0.7324872910976411 0.42888796329498297 0.49002411961555487 27.747601509094242 -0.96681198477745045 0.53436762094497692 0.5772862732410432 0.41327477991580969 0.098819226026535048 0.97690230607986461 25.08636569976807 1.0000000180025095e-35 27.379680633544925 26.767618179321293 0.30081701278686529 28.508864402771 26.075219154357914 -0.30081701278686518 -0.99862980842590321 -0.90146830677986134 -0.74979865550994862 29.155122756958011 -0.65189296007156361 77.250000000000014 17.750000000000004
decision_type=2 2 2 2 2 2 2 2 2 2 2 2 2 2 2 2 2 2 2 2 2 2 2 2 2 2 2 2 2 2
left_child=1 -1 3 4 5 6 23 -8 9 -4 12 -12 13 16 18 -16 21 -17 19 -15 -19 22 -6 -2 28 26 -26 -28 -25 -30
right_child=2 -3 8 -5 10 -7 7 -9 -10 -11 11 -13 -14 14 15 17 -18 20 -20 -21 -22 -23 -24 24 25 -27 27 -29 29 -31
leaf_value=-0.028574170257596107 -0.034874284148840987 -0.00061833841541051194 0.050021468975127825 0.035530742702968909 -0.0077868634803315339 -0.059782484631565685 0.042194046524191134 0.0079311160775570304 -0.00036549815008926948 0.0077128499736424001 -0.12570626305803509 6.7216705517946841e-05 0.025571732582003012 0.022151350270251974 0.033205768004666236 -0.036605366195793153 0.028644008038926666 -0.14020195301008329 0.027441205675828497 -0.056763032212145438 -0.053920689279056459 -0.0035660101825964819 -0.10229155631626355 0.002552711329556305 -0.0066367098421395467 0.0027495474613812771 -0.11575979192781707 -0.033042658491219144 0.033435268274182625 0.0027078201442156157
leaf_weight=282 161 576 152 304 59 71 445 674 186192 1874 101 360 355 111 86 197 352 88 284 147 83 3014 51 2082 815 18464 92 328 824 667
leaf_count=282 161 576 152 304 59 71 445 674 186192 1874 101 360 355 111 86 197 352 88 284 147 83 3014 51 2082 815 18464 92 328 824 667
internal_value=-1.52994e-13 -0.00980662 3.85202e-05 0.00180075 0.00145794 0.00295679 0.00313822 0.0215567 -0.000244375 0.010887 -0.00552128 -0.0274884 -0.00342333 -0.00572504 -0.0193382 -0.0466272 -0.00182438 -0.0652838 0.00352018 -0.0228115 -0.0983227 -0.00525744 -0.0516027 0.00225868 0.00251557 0.00121178 -0.0217788 -0.0511616 0.00970376 0.0196893
internal_weight=219291 858 218433 30215 29911 24623 24552 1119 188218 2026 5288 461 4827 4472 996 454 3476 368 542 258 171 3124 110 23433 23272 19699 1235 420 3573 1491
internal_count=219291 858 218433 30215 29911 24623 24552 1119 188218 2026 5288 461 4827 4472 996 454 3476 368 542 258 171 3124 110 23433 23272 19699 1235 420 3573 1491
is_linear=0
shrinkage=0.05


Tree=196
num_leaves=31
num_cat=0
split_feature=11 2 10 13 12 7 10 3 10 2 10 10 11 10 12 10 13 11 11 11 1 13 1 12 11 10 11 11 9 10
split_gain=34.6373 65.6229 55.6838 130.6 50.8484 114.168 107.53 83.6462 51.9971 40.6311 119.633 138.57 217.392 113 103.993 126.616 133.46 97.9495 168.955 150.627 95.8622 89.0482 114.523 130.549 125.18 330.783 205.23 216.578 160.581 153.002
threshold=0.99814856052398693 0.21955960988998416 0.012910176534205677 80.750000000000014 18.750000000000004 30.086299896240238 -0.021515898406505581 29.794075965881351 -0.021515898406505581 3.5387870073318486 0.53436762094497692 0.68391311168670665 -0.52705818414688099 0.49002411961555487 16.750000000000004 0.79877197742462169 76.750000000000014 0.96897393465042125 0.85651928186416637 0.83824864029884349 28.108356475830082 81.750000000000014 28.812848091125492 13.250000000000002 0.95989713072776806 -0.24284747242927548 0.84750953316688549 0.80898702144622814 26.075219154357914 0.15005400776863101
decision_type=2 2 2 2 2 2 2 2 2 2 2 2 2 2 2 2 2 2 2 2 2 2 2 2 2 2 2 2 2 2
left_child=9 2 4 -4 7 8 -7 -2 -6 21 13 -12 14 17 15 -13 -17 18 19 -11 -19 22 23 -1 26 -26 27 -25 -28 -27
right_child=1 -3 3 -5 5 6 -8 -9 -10 10 11 12 -14 -15 -16 16 -18 20 -20 -21 -22 -23 -24 24 25 29 28 -29 -30 -31
leaf_value=-0.0019597054407067133 -0.017909130835993072 0.020875940217408649 -0.00650461333363778 0.031992613804286779 -0.024851273774492696 -0.020110975122719095 -0.08767182809587952 0.0044747331183859979 0.011803909931955956 -0.0023737676669188705 0.022626662338981154 -0.01583679913873634 0.012369624794076087 -0.049198209328460508 -2.8616225498031504e-05 -0.015787664382443042 -0.10725242509250786 -0.051412218897438827 0.015784235946018736 -0.065094148136752975 0.00062840845283062673 -0.0024705056987573883 0.0003618453797675339 0.007885480412147745 -0.053269785615291609 0.011197790575833966 -0.017215176850411316 -0.032785732029883191 0.025974330158590582 -0.014579128457895066
leaf_weight=5137 820 235 1007 282 193 131 107 850 194 33427 1027 465 1820 128 604 71 91 198 1305 96 160 23305 135692 5773 276 2073 236 347 2444 797
leaf_count=5137 820 235 1007 282 193 131 107 850 194 33427 1027 465 1820 128 604 71 91 198 1305 96 160 23305 135692 5773 276 2073 236 347 2444 797
internal_value=-1.09031e-12 -0.00472011 -0.00639842 0.00191759 -0.0110692 -0.0232348 -0.050485 -0.00651615 -0.00647632 8.36587e-05 -0.00136797 0.00674056 0.00139313 -0.00230433 -0.0148353 -0.0290989 -0.067166 -0.00213374 -0.00186627 -0.00255338 -0.0281538 0.000408411 0.000847575 0.00470577 0.00757205 -0.000988241 0.0106324 0.00557945 0.0221711 0.00403953
internal_weight=219291 3819 3584 1289 2295 625 238 1670 387 215472 39392 4078 3051 35314 1231 627 162 35186 34828 33523 358 176080 152775 17083 11946 3146 8800 6120 2680 2870
internal_count=219291 3819 3584 1289 2295 625 238 1670 387 215472 39392 4078 3051 35314 1231 627 162 35186 34828 33523 358 176080 152775 17083 11946 3146 8800 6120 2680 2870
is_linear=0
shrinkage=0.05


Tree=197
num_leaves=31
num_cat=0
split_feature=12 1 13 11 9 9 10 10 10 10 10 10 13 11 12 13 1 11 5 10 10 10 7 13 11 11 3 11 7 7
split_gain=32.8425 116.139 136.896 104.383 174.955 92.202 77.0121 75.843 110.188 79.8707 74.401 87.9236 72.623 155.149 145.778 234.407 208.163 357.276 211.564 201.984 153.033 125.277 152.119 115.186 117.784 365.499 341.815 407.793 302.798 282.232
threshold=14.250000000000002 38.872186660766609 79.250000000000014 -0.63872575759887684 38.62315750122071 38.169408798217781 0.18399664759635928 -0.92913278937339772 -0.72660079598426808 -0.63874351978301991 0.85206964612007152 0.75548630952835094 76.250000000000014 -0.62538740038871754 16.250000000000004 77.250000000000014 33.933689117431648 -0.29258950054645533 33.274414062500007 -0.59817537665367115 -0.5343676209449767 0.7086201310157777 41.415374755859382 77.250000000000014 -0.90878397226333607 -0.86955720186233509 34.324495315551765 -0.99759334325790394 30.841373443603519 33.875125885009773
decision_type=2 2 2 2 2 2 2 2 2 2 2 2 2 2 2 2 2 2 2 2 2 2 2 2 2 2 2 2 2 2
left_child=1 2 5 6 7 -1 -4 -5 -9 -10 11 -7 13 21 15 -14 17 18 -17 -18 -21 22 -2 -16 26 -26 28 29 -25 -28
right_child=12 -3 3 4 -6 10 -8 8 9 -11 -12 -13 14 -15 23 16 19 -19 -20 20 -22 -23 -24 24 25 -27 27 -29 -30 -31
leaf_value=-0.0020663065894788633 -0.0081209534306716426 -0.031528165433615356 0.0071988444631996308 0.014462991080457607 -0.0808306754253863 -0.026203997070429686 0.026477125307820367 -0.01552064647682376 0.037049991549602493 0.0018525228188883216 0.0032934979158781999 -0.11052406144142152 -0.0036278074897518652 0.00018416374934702285 0.0035778516005533509 0.029117985966640021 -0.022598387647238132 0.0046880424927474591 0.0065079748016295584 0.075511118416792491 0.001818771221325636 -0.048824967689924288 -0.082571000347961679 -0.013255648489742873 0.017205974381647889 -0.00071143038464408122 0.071815853325339657 -0.024602065328443983 0.0048488229444735948 -0.006609996394172573
leaf_weight=37892 3458 313 1487 1056 64 81 795 960 168 3969 78 50 8728 9348 17456 2962 887 11585 1590 71 9089 216 70 3293 2940 89278 192 3197 7733 285
leaf_count=37892 3458 313 1487 1056 64 81 795 960 168 3969 78 50 8728 9348 17456 2962 887 11585 1590 71 9089 216 70 3293 2940 89278 192 3197 7733 285
internal_value=6.86303e-13 -0.00117293 -0.000969041 0.00476891 0.00141177 -0.00224898 0.013915 0.00226721 -0.000259517 0.00328186 -0.0353676 -0.0583872 0.000319215 -0.00326053 0.000613441 0.00346843 0.00583385 0.00935156 0.0212204 0.000183869 0.00238997 -0.0118612 -0.00959814 -0.000187961 -0.000802787 -0.000140206 -0.00495938 -0.0181677 -0.000558217 0.0249576
internal_weight=219291 46913 46600 8499 6217 38101 2282 6153 5097 4137 209 131 172378 13092 159286 34912 26184 16137 4552 10047 9160 3744 3528 124374 106918 92218 14700 3674 11026 477
internal_count=219291 46913 46600 8499 6217 38101 2282 6153 5097 4137 209 131 172378 13092 159286 34912 26184 16137 4552 10047 9160 3744 3528 124374 106918 92218 14700 3674 11026 477
is_linear=0
shrinkage=0.05


Tree=198
num_leaves=31
num_cat=0
split_feature=1 10 10 1 10 10 9 10 4 11 11 3 5 3 9 5 13 10 10 12 10 1 10 10 1 9 13 11 12 13
split_gain=32.8575 225.381 413.063 33.9914 141.117 150.695 105.989 80.7344 89.1335 79.1474 207.6 126.925 136.023 127.803 115.956 97.6176 104.457 115.756 135.547 142.43 130.322 98.61 84.9479 80.8758 128.898 129.366 78.7716 101.369 97.9895 207.736
threshold=42.766292572021491 0.56314551830291759 0.50495636463165294 34.326354980468757 -0.064507851377129541 -0.11593352630734442 40.088357925415046 -0.99273952841758717 0.31770305335521704 0.15004983544349673 0.064506059512496008 36.019569396972663 34.904850006103523 33.87755203247071 30.86781215667725 36.631889343261726 78.750000000000014 0.89773505926132213 0.95495790243148815 18.750000000000004 0.9259161949157716 35.863117218017585 0.91236633062362682 0.9769294559955598 38.397071838378913 35.708261489868171 83.750000000000014 0.15004983544349673 17.250000000000004 77.250000000000014
decision_type=2 2 2 2 2 2 2 2 2 2 2 2 2 2 2 2 2 2 2 2 2 2 2 2 2 2 2 2 2 2
left_child=3 2 -2 6 5 7 26 -5 -9 10 -6 13 -13 -12 -11 16 17 21 19 -19 -21 -16 -17 24 25 -24 28 -28 29 -1
right_child=1 -3 -4 4 9 -7 -8 8 -10 14 11 12 -14 -15 15 22 -18 18 -20 20 -22 -23 23 -25 -26 -27 27 -29 -30 -31
leaf_value=-0.0020061620396815932 0.073462493320846034 0.026019674333550805 -0.070534280123574114 -0.045517205719111692 -0.00047867308396046926 -0.044731919580270986 0.054888624753384442 0.0015228911834507624 -0.018306851910918801 0.030096107624233405 0.075886400061874443 0.096730077670792405 0.019456060020676222 -0.0046497811655807162 -0.016836857676641125 0.012379369552192137 -0.0092477873020516861 0.01328727498071846 -0.0023462506045755969 0.015333108989871108 0.10259101803050093 0.017354382533939675 -0.1104405756278742 -0.0082363066315330209 -0.001794619966597157 -0.036166161079610536 0.014824957127504626 0.00022604285421590263 -0.0012117230852259598 0.0032334493398459871
leaf_weight=29909 69 613 179 135 43409 311 89 1536 898 235 52 59 1638 935 1048 224 3667 1174 1499 80 92 264 67 694 247 469 2109 2726 73391 51473
leaf_count=29909 69 613 179 135 43409 311 89 1536 898 235 52 59 1638 935 1048 224 3667 1174 1499 80 92 264 67 694 247 469 2109 2726 73391 51473
internal_value=8.73257e-12 0.00974836 -0.0304707 -3.84257e-05 -0.00106693 -0.01186 0.000339835 -0.00788058 -0.00579309 -0.000510395 0.000355714 0.0138505 0.0221427 -0.00040674 -0.00460072 -0.00545675 -0.00309661 0.00232951 0.00799552 0.0195128 0.0620059 -0.00995691 -0.0163126 -0.020664 -0.0316791 -0.0454505 0.000309417 0.00659401 0.000113091 0.00130782
internal_weight=219291 861 248 218430 58733 2880 159697 2569 2434 55853 46093 2684 1697 987 9760 9525 7824 4157 2845 1346 172 1312 1701 1477 783 536 159608 4835 154773 81382
internal_count=219291 861 248 218430 58733 2880 159697 2569 2434 55853 46093 2684 1697 987 9760 9525 7824 4157 2845 1346 172 1312 1701 1477 783 536 159608 4835 154773 81382
is_linear=0
shrinkage=0.05


Tree=199
num_leaves=31
num_cat=0
split_feature=4 9 11 10 3 11 5 11 11 11 11 11 12 1 11 10 7 10 9 11 9 1 10 1 10 7 5 11 12 10
split_gain=32.4472 89.8152 138.186 145.308 162.481 124.671 116.49 223.294 346.436 118.919 198.827 102.474 104.73 118.43 102.655 257.324 198.219 166.997 209 178.059 92.4751 86.4379 85.6395 90.0538 83.9741 91.9516 94.7365 82.5131 91.7866 81.8948
threshold=6.1263427734375009 32.713695526123054 -0.99049577116966236 -0.08167563751339911 29.395645141601566 0.38167507946491247 32.75249099731446 -0.99937036633491505 -0.99626126885414112 -0.95744973421096791 -0.92910701036453236 -0.98518359661102284 15.250000000000002 32.431922912597663 -0.95234230160713185 -0.25118774175643915 31.044465065002445 0.25118774175643926 27.947340965271 -0.97870382666587818 29.530364990234379 32.365041732788093 0.16705007851123813 29.286466598510746 -0.99984258413314808 30.872042655944828 30.408584594726566 -0.99759334325790394 19.250000000000004 -0.26781183481216425
decision_type=2 2 2 2 2 2 2 2 2 2 2 2 2 2 2 2 2 2 2 2 2 2 2 2 2 2 2 2 2 2
left_child=24 2 3 4 -2 6 7 -3 27 22 -11 12 -4 -14 15 16 20 18 19 -17 -13 -20 23 -10 25 -1 -27 -9 -29 -22
right_child=1 5 11 -5 -6 -7 -8 8 9 10 -12 14 13 -15 -16 17 -18 -19 21 -21 29 -23 -24 -25 -26 26 -28 28 -30 -31
leaf_value=-5.812882144861457e-05 0.008458951100086173 0.071287688998677198 -0.031148885610807493 -0.0063606582739168058 -0.067578317782795425 -0.058510145243448046 -0.0017185321054721285 -0.022009136319405053 0.06770977031232582 -0.046147897042538653 0.0094596056863922324 -0.033514786287055662 0.05531664987098877 -0.006121124602923524 -0.0017605135643460447 -0.030607288135768903 0.014922865630006013 0.06361059832076231 -0.024931013227035573 0.047292650392350269 -0.050387985342657649 0.018958268934889264 0.043201360145348117 0.0087574848457903278 0.00031084137820444613 0.02418234270066023 -0.047553742113391084 -0.10846407896544981 -0.021753984171093681 -0.10886419521807467
leaf_weight=384 96 141 76 557 262 83 5473 198 72 173 2270 300 223 121 17727 101 138 93 781 268 143 131 415 646 187852 55 282 76 51 103
leaf_count=384 96 141 76 557 262 83 5473 198 72 173 2270 300 223 121 17727 101 138 93 781 268 143 131 415 646 187852 55 282 76 51 103
internal_value=2.32095e-12 -0.00150693 -0.00332953 -0.0223348 -0.0471884 0.00250363 0.00303586 0.00947347 0.00723922 0.0117312 0.00552178 -0.00246886 0.0219706 0.0337063 -0.00298766 -0.013558 -0.0386163 -0.00108348 -0.00578025 0.0259704 -0.0521482 -0.0186267 0.02512 0.0146691 0.000245474 -0.0167856 -0.0358461 -0.0421863 -0.0736435 -0.0748719
internal_weight=219291 30718 21120 915 358 9598 9515 4042 3901 3576 2443 20205 420 344 19785 2058 684 1374 1281 369 546 912 1133 718 188573 721 337 325 127 246
internal_count=219291 30718 21120 915 358 9598 9515 4042 3901 3576 2443 20205 420 344 19785 2058 684 1374 1281 369 546 912 1133 718 188573 721 337 325 127 246
is_linear=0
shrinkage=0.05


end of trees

feature_importances:
Column_10=1896
Column_11=1176
Column_12=577
Column_9=494
Column_13=455
Column_1=448
Column_7=261
Column_5=257
Column_3=227
Column_0=67
Column_6=46
Column_2=40
Column_4=31
Column_8=25

parameters:
[boosting: gbdt]
[objective: regression]
[metric: l2]
[tree_learner: serial]
[device_type: cpu]
[data_sample_strategy: bagging]
[data: ]
[valid: ]
[num_iterations: 200]
[learning_rate: 0.05]
[num_leaves: 31]
[num_threads: 0]
[seed: 0]
[deterministic: 0]
[force_col_wise: 0]
[force_row_wise: 0]
[histogram_pool_size: -1]
[max_depth: -1]
[min_data_in_leaf: 50]
[min_sum_hessian_in_leaf: 0.001]
[bagging_fraction: 1]
[pos_bagging_fraction: 1]
[neg_bagging_fraction: 1]
[bagging_freq: 0]
[bagging_seed: 3]
[bagging_by_query: 0]
[feature_fraction: 1]
[feature_fraction_bynode: 1]
[feature_fraction_seed: 2]
[extra_trees: 0]
[extra_seed: 6]
[early_stopping_round: 0]
[early_stopping_min_delta: 0]
[first_metric_only: 0]
[max_delta_step: 0]
[lambda_l1: 0]
[lambda_l2: 0]
[linear_lambda: 0]
[min_gain_to_split: 0]
[drop_rate: 0.1]
[max_drop: 50]
[skip_drop: 0.5]
[xgboost_dart_mode: 0]
[uniform_drop: 0]
[drop_seed: 4]
[top_rate: 0.2]
[other_rate: 0.1]
[min_data_per_group: 100]
[max_cat_threshold: 32]
[cat_l2: 10]
[cat_smooth: 10]
[max_cat_to_onehot: 4]
[top_k: 20]
[monotone_constraints: ]
[monotone_constraints_method: basic]
[monotone_penalty: 0]
[feature_contri: ]
[forcedsplits_filename: ]
[refit_decay_rate: 0.9]
[cegb_tradeoff: 1]
[cegb_penalty_split: 0]
[cegb_penalty_feature_lazy: ]
[cegb_penalty_feature_coupled: ]
[path_smooth: 0]
[interaction_constraints: ]
[verbosity: -1]
[saved_feature_importance_type: 0]
[use_quantized_grad: 0]
[num_grad_quant_bins: 4]
[quant_train_renew_leaf: 0]
[stochastic_rounding: 1]
[linear_tree: 0]
[max_bin: 255]
[max_bin_by_feature: ]
[min_data_in_bin: 3]
[bin_construct_sample_cnt: 200000]
[data_random_seed: 1]
[is_enable_sparse: 1]
[enable_bundle: 1]
[use_missing: 1]
[zero_as_missing: 0]
[feature_pre_filter: 1]
[pre_partition: 0]
[two_round: 0]
[header: 0]
[label_column: ]
[weight_column: ]
[group_column: ]
[ignore_column: ]
[categorical_feature: ]
[forcedbins_filename: ]
[precise_float_parser: 0]
[parser_config_file: ]
[objective_seed: 5]
[num_class: 1]
[is_unbalance: 0]
[scale_pos_weight: 1]
[sigmoid: 1]
[boost_from_average: 1]
[reg_sqrt: 0]
[alpha: 0.9]
[fair_c: 1]
[poisson_max_delta_step: 0.7]
[tweedie_variance_power: 1.5]
[lambdarank_truncation_level: 30]
[lambdarank_norm: 1]
[label_gain: ]
[lambdarank_position_bias_regularization: 0]
[eval_at: ]
[multi_error_top_k: 1]
[auc_mu_weights: ]
[num_machines: 1]
[local_listen_port: 12400]
[time_out: 120]
[machine_list_filename: ]
[machines: ]
[gpu_platform_id: -1]
[gpu_device_id: -1]
[gpu_device_id_list: ]
[gpu_use_dp: 0]
[num_gpu: 1]

end of parameters

pandas_categorical:null
