tree
version=v4
num_class=1
num_tree_per_iteration=1
label_index=0
max_feature_idx=13
objective=regression
feature_names=Column_0 Column_1 Column_2 Column_3 Column_4 Column_5 Column_6 Column_7 Column_8 Column_9 Column_10 Column_11 Column_12 Column_13
feature_infos=[0:270.01943969726562] [21.424196243286133:45.438606262207031] [0:270.01943969726562] [21.424196243286133:45.438606262207031] [0:270.01943969726562] [21.424196243286133:45.438606262207031] [0:270.01943969726562] [21.897006988525391:45.438606262207031] [0:270.01943969726562] [21.640104293823242:45.438606262207031] [-0.99999076128005981:0.99999076128005981] [-0.99996298551559448:1] [12:20] [76:85]
tree_sizes=2793 2883 2881 2871 2844 2880 2832 2818 2856 2888 2851 2835 2884 2839 2874 2856 2883 2895 2858 2889 2832 2876 2876 2899 2839 2851 2842 2878 2883 2836 2876 2874 2893 2831 2833 2860 2828 2881 2867 2845 2846 2884 2816 2852 2897 2835 2808 2892 2826 2839 2854 2847 2847 2813 2848 2831 2824 2831 2887 2875 2895 2834 2849 2835 2844 2889 2867 2800 2887 2883 2846 2825 2817 2858 2857 2845 2871 2845 2831 2828 2873 2790 2843 2884 2845 2857 2869 2786 2889 2878 2864 2837 2887 2851 2831 2845 2866 2825 2913 2817 2860 2830 2830 2796 2831 2827 2867 2804 2825 2849 2874 2804 2787 2854 2824 2893 2811 2863 2863 2775 2804 2855 2842 2860 2844 2806 2839 2816 2877 2801 2854 2823 2827 2845 2857 2822 2865 2837 2866 2820 2866 2803 2868 2787 2819 2815 2858 2790 2851 2865 2816 2867 2863 2820 2813 2856 2841 2819 2844 2816 2825 2864 2866 2802 2842 2826 2837 2818 2871 2836 2834 2853 2832 2791 2831 2850 2792 2832 2860 2870 2821 2854 2827 2900 2838 2850 2847 2845 2843 2889 2854 2799 2816 2825 2851 2853 2799 2847 2824 2783

Tree=0
num_leaves=31
num_cat=0
split_feature=0 11 10 10 11 12 10 3 8 13 1 13 12 11 8 10 7 9 12 10 13 10 10 10 10 10 2 10 0 10
split_gain=855399 251228 363876 224885 196197 204384 133608 126422 113587 77761 62449.2 59756.2 58017.2 51811.4 47478.7 41367.2 93152.7 39649.5 38859.2 48616.5 70977 63956.4 213428 38118.1 38803.9 75072.2 126693 77062.1 44521.1 85662.1
threshold=1.0000000180025095e-35 0.21771516650915149 0.53436762094497692 0.081675637513399138 -0.10737737268209456 16.750000000000004 -0.15005400776863095 31.229602813720707 18.561347961425785 80.250000000000014 25.582847595214847 79.250000000000014 16.750000000000004 -0.91583034396171559 3.0260558128356938 -0.67760851979255665 24.51005840301514 29.189107894897464 15.250000000000002 -0.38962684571743006 78.750000000000014 -0.61188074946403492 -0.57023701071739186 -0.99052327871322621 -0.73831951618194569 -0.62540480494499195 32.237607955932624 -0.69016700983047474 29.662833213806156 -0.67760851979255665
decision_type=2 2 2 2 2 2 2 2 2 2 2 2 2 2 2 2 2 2 2 2 2 2 2 2 2 2 2 2 2 2
left_child=1 2 12 4 5 -2 10 8 -8 -10 11 -7 -1 -5 -3 16 -6 -18 19 20 -16 -22 -23 -12 -25 26 28 -28 -26 -30
right_child=3 14 -4 13 15 6 7 -9 9 -11 23 -13 -14 -15 18 -17 17 -19 -20 -21 21 22 -24 24 25 -27 27 -29 29 -31
leaf_value=3.4388937545281197 3.4838258037869685 3.239083274636974 3.2658278374134282 3.4949406413333901 5.4263229180916177 3.8700583907073942 4.2402046667810138 3.8158542252674499 6.718555244024234 4.6208996457592946 4.0760203030002788 5.294856858145419 3.573132484416683 3.3160515990231283 3.4567797222371959 3.2963435621055828 3.6370969476664525 3.4233663326134982 3.2649447049966245 3.2301723284898314 3.7615970037166795 7.5297610908939241 3.8682601254990101 3.5741719365589706 3.747638393606211 3.648371087972893 4.1154165271810195 5.7968968999202497 3.8610533151846207 6.0459733107095417
leaf_weight=17733 13357 75812 34020 5839 61 211 881 2388 85 92 552 113 14739 13193 996 4172 2741 10415 2574 803 357 55 144 8218 1638 7615 131 142 150 64
leaf_count=17733 13357 75812 34020 5839 61 211 881 2388 85 92 552 113 14739 13193 996 4172 2741 10415 2574 803 357 55 144 8218 1638 7615 131 142 150 64
internal_value=3.37722 3.30813 3.3801 3.51837 3.57129 3.63847 3.73119 4.01743 4.47242 5.62825 3.67881 4.36698 3.49982 3.37093 3.24886 3.43361 3.47693 3.4679 3.39923 3.546 3.70941 4.16197 4.88023 3.66677 3.65419 3.7217 3.98448 4.99003 3.83625 4.51449
internal_weight=219291 147233 66492 72058 53026 35637 22280 3446 1058 177 18834 324 32472 19032 80741 17389 13217 13156 4929 2355 1552 556 199 18510 17958 9740 2125 273 1852 214
internal_count=219291 147233 66492 72058 53026 35637 22280 3446 1058 177 18834 324 32472 19032 80741 17389 13217 13156 4929 2355 1552 556 199 18510 17958 9740 2125 273 1852 214
is_linear=0
shrinkage=1


Tree=1
num_leaves=31
num_cat=0
split_feature=0 11 10 10 11 12 10 1 9 8 10 1 13 9 12 12 11 10 12 13 10 5 8 10 7 9 10 10 10 10
split_gain=771998 226733 328398 202958 177067 184456 120581 114491 103496 74786.7 67017.4 56360.4 53929.9 52887.6 52360.5 48447.5 46759.8 45432.7 113189 86250.5 50065.5 53039.4 54406.6 37333.9 84070.3 35783.7 37284.6 34401.6 35020.5 67752.6
threshold=1.0000000180025095e-35 0.21771516650915149 0.53436762094497692 0.081675637513399138 -0.10737737268209456 16.750000000000004 -0.15005400776863095 31.806564331054691 30.336795806884769 19.279627799987797 -0.030120026320219036 25.582847595214847 79.250000000000014 32.223348617553718 16.750000000000004 17.750000000000004 -0.91583034396171559 -0.35769492387771601 15.250000000000002 79.250000000000014 -0.79356426000595082 30.848354339599613 4.2942793369293222 -0.67760851979255665 24.51005840301514 29.189107894897464 -0.80392050743103016 -0.99052327871322621 -0.73831951618194569 -0.62540480494499195
decision_type=2 2 2 2 2 2 2 2 2 2 2 2 2 2 2 2 2 2 2 2 2 2 2 2 2 2 2 2 2 2
left_child=1 2 14 4 5 -2 11 8 9 -8 13 12 -7 15 -1 -10 -5 18 19 -3 -21 -22 -23 24 -6 26 -26 -13 -29 -30
right_child=3 17 -4 16 23 6 7 -9 10 -11 -12 27 -14 -15 -16 -17 -18 -19 -20 20 21 22 -24 -25 25 -27 -28 28 29 -31
leaf_value=0.058594702842152672 0.10128014828379316 0.048432329069225698 -0.1058179195222077 0.11183924277906875 1.946652391320858 0.46820110694827488 1.3590682863140073 0.35338160596328527 0.49329091075991027 3.7856667641401289 0.23770392593684408 0.66386492814325848 1.8217596610707223 0.8226502451339347 0.18612149838540565 2.1451422743727826 -0.058105339776215063 -0.14695259442483988 -0.1238324432717931 0.16683881706460135 0.51237068591860069 0.87407148329334139 2.613571463854282 -0.076827978717509515 0.13972039262122368 0.043843652050969517 0.56420837836400639 0.18710897428255965 0.5768975626563434 0.25759817098419491
leaf_weight=17733 13357 4838 34020 5839 61 211 87 1934 61 50 379 552 113 772 14739 163 13193 55883 19168 380 287 108 77 4172 2049 10415 692 8218 2125 7615
leaf_count=17733 13357 4838 34020 5839 61 211 87 1934 61 50 379 552 113 772 14739 163 13193 55883 19168 380 287 108 77 4172 2049 10415 692 8218 2125 7615
internal_value=-1.57113e-10 -0.0656306 0.00274287 0.1341 0.184373 0.248196 0.336273 0.608209 0.934158 2.24469 0.803582 0.286518 0.940276 1.01891 0.116479 1.69531 -0.0059665 -0.121938 -0.0657016 0.130125 0.594007 0.937913 1.59808 0.0535724 0.0947338 0.0861471 0.246888 0.275075 0.263124 0.327261
internal_weight=219291 147233 66492 72058 53026 35637 22280 3446 1512 137 1375 18834 324 996 32472 224 19032 80741 24858 5690 852 472 185 17389 13217 13156 2741 18510 17958 9740
internal_count=219291 147233 66492 72058 53026 35637 22280 3446 1512 137 1375 18834 324 996 32472 224 19032 80741 24858 5690 852 472 185 17389 13217 13156 2741 18510 17958 9740
is_linear=0
shrinkage=0.05


Tree=2
num_leaves=31
num_cat=0
split_feature=0 11 10 10 11 12 10 12 1 5 11 0 10 12 13 10 5 8 10 10 11 10 7 9 10 7 6 10 4 9
split_gain=696728 204627 296379 183170 159803 166472 109102 47255.4 44549.3 55337.9 42200.7 41024.7 41003 102153 80002 50244.6 62568.7 60576.9 44769.5 34856.4 34073.3 33693.9 75873.4 32294.8 33649.4 32145.8 30120.9 52773.9 33338.6 29510.4
threshold=1.0000000180025095e-35 0.21771516650915149 0.53436762094497692 0.081675637513399138 -0.10737737268209456 16.750000000000004 -0.31718835234642023 16.750000000000004 25.582847595214847 28.501871109008793 -0.91583034396171559 24.954116821289066 -0.35769492387771601 15.250000000000002 78.750000000000014 -0.79356426000595082 30.848354339599613 3.3136918544769292 -0.61188074946403492 -0.99052327871322621 0.098816476762294783 -0.67760851979255665 24.51005840301514 29.189107894897464 -0.80392050743103016 36.548133850097663 17.521893501281742 -0.15005400776863095 7.461336851119996 31.823954582214359
decision_type=2 2 2 2 2 2 2 2 2 2 2 2 2 2 2 2 2 2 2 2 2 2 2 2 2 2 2 2 2 2
left_child=1 2 7 4 5 -2 8 20 9 -7 -5 -8 13 14 -3 -16 -17 -18 -19 29 -1 22 -6 24 -24 -9 -13 -28 -29 -10
right_child=3 12 -4 10 21 6 11 25 19 -11 -12 26 -14 -15 15 16 17 18 -20 -21 -22 -23 23 -25 -26 -27 27 28 -30 -31
leaf_value=0.041520764760562982 0.096216144616448687 0.016059313803348085 -0.10052701916577403 0.10624728389626642 1.8493197387359182 1.6739115847759889 0.43212148833002878 0.20860001728324362 0.31706717969357689 -0.053191292349641262 -0.05520007702887815 0.58067528550609293 -0.13960496328143954 -0.11764082047856649 0.11600971844971181 0.41585880452378243 0.6814717959993295 1.2085997139569373 3.2460048558456558 0.22619709203512667 0.39528541657784677 -0.072986579213196762 0.13273437236153451 0.041651468300561843 0.53599796756978202 0.0052696215231208049 0.74363026354590378 1.1357007393123288 2.8242870736122132 1.0568521770031756
leaf_weight=17024 13357 4281 34020 5839 61 119 5098 12435 318 76 13193 835 55883 19168 625 539 137 52 56 15193 709 4172 2049 10415 692 2304 290 57 60 234
leaf_count=17024 13357 4281 34020 5839 61 119 5098 12435 318 76 13193 835 55883 19168 625 539 137 52 56 15193 709 4172 2049 10415 692 2304 290 57 60 234
internal_value=5.94392e-10 -0.062349 0.00260573 0.127395 0.175154 0.235786 0.31946 0.110655 0.24968 1.00078 -0.00566818 0.4949 -0.115841 -0.0624165 0.123618 0.450418 0.717006 1.37953 2.26503 0.240377 0.055665 0.0508938 0.0899971 0.0818397 0.234543 0.176815 0.752584 1.10527 2.00164 0.630672
internal_weight=219291 147233 66492 72058 53026 35637 22280 32472 15940 195 19032 6340 80741 24858 5690 1409 784 245 108 15745 17733 17389 13217 13156 2741 14739 1242 407 117 552
internal_count=219291 147233 66492 72058 53026 35637 22280 32472 15940 195 19032 6340 80741 24858 5690 1409 784 245 108 15745 17733 17389 13217 13156 2741 14739 1242 407 117 552
is_linear=0
shrinkage=0.05


Tree=3
num_leaves=31
num_cat=0
split_feature=0 11 10 10 11 12 0 10 10 5 10 11 3 10 1 12 1 11 12 10 12 13 10 5 8 10 2 11 10 7
split_gain=628797 184676 267482 165311 144422 173678 108125 120595 115329 89710.7 64237.3 55788.8 49362.8 42759.2 85245.1 42648 38589.4 38538.2 37837.8 37005.2 92193 72201.8 45345.7 56468.3 54670.7 40404.5 34969.9 30994.2 30252.3 74370.6
threshold=1.0000000180025095e-35 0.21771516650915149 0.53436762094497692 0.081675637513399138 -0.67758968472480763 17.250000000000004 24.954116821289066 -0.62540480494499195 -0.67760851979255665 28.155348777771 -0.30081701278686518 0.20088311284780505 27.667638778686527 -0.15005400776863095 27.833753585815433 16.750000000000004 31.806564331054691 -0.40541070699691767 15.250000000000002 -0.35769492387771601 15.250000000000002 78.750000000000014 -0.79356426000595082 30.848354339599613 3.3136918544769292 -0.61188074946403492 18.890501022338871 0.081673368811607375 -0.67760851979255665 24.51005840301514
decision_type=2 2 2 2 2 2 2 2 2 2 2 2 2 2 2 2 2 2 2 2 2 2 2 2 2 2 2 2 2 2
left_child=1 2 15 4 5 -2 13 8 9 -8 -9 -6 -10 -7 -15 27 26 -5 28 20 21 -3 -23 -24 -25 -26 -16 -1 29 -13
right_child=3 19 -4 17 11 6 7 10 12 -11 -12 18 -14 14 16 -17 -18 -19 -20 -21 -22 22 23 24 25 -27 -28 -29 -30 -31
leaf_value=0.037632749177245947 0.10723293912055015 0.015256351431022115 -0.095500666594938416 0.03843043910246538 0.14778884957411381 0.26266117526770355 2.1394284025430679 0.085330997496960811 3.8996325214703882 0.3082949202323314 0.74534406195166103 2.036750248843735 1.9276090641284274 2.5235100776943216 0.5523340709092448 0.16797465260292732 0.31026458311326444 -0.12092194338041713 -0.085826568578567963 -0.13262471125831782 -0.11175878244246569 0.11020923250198365 0.39506586413408917 0.64739820190372255 1.1481697194851364 3.0837045505642893 1.2967437479002724 0.33942957489426984 -0.033789188153376039 0.1659274825864297
leaf_weight=16837 9626 4281 34020 13799 20061 7411 100 555 51 202 1098 54 84 51 708 14739 1594 5233 5455 55883 19168 625 539 137 52 56 203 896 2505 3268
leaf_count=16837 9626 4281 34020 13799 20061 7411 100 555 51 202 1098 54 84 51 708 14739 1594 5233 5455 55883 19168 625 539 137 52 56 203 896 2505 3268
internal_value=1.8241e-09 -0.0592316 0.00247544 0.121025 0.166396 0.265605 0.392046 0.719026 1.45771 0.914631 0.523743 0.0977635 2.6726 0.323481 0.499825 0.105122 0.458624 -0.00538477 0.00881135 -0.110049 -0.0592957 0.117438 0.427897 0.681156 1.31055 2.15178 0.718212 0.0528817 0.0974075 0.196338
internal_weight=219291 147233 66492 72058 53026 21683 12057 2090 437 302 1653 31343 135 9967 2556 32472 2505 19032 11282 80741 24858 5690 1409 784 245 108 911 17733 5827 3322
internal_count=219291 147233 66492 72058 53026 21683 12057 2090 437 302 1653 31343 135 9967 2556 32472 2505 19032 11282 80741 24858 5690 1409 784 245 108 911 17733 5827 3322
is_linear=0
shrinkage=0.05


Tree=4
num_leaves=31
num_cat=0
split_feature=6 11 10 10 11 12 2 11 10 0 10 8 5 10 1 1 12 13 1 12 3 9 11 11 12 13 10 10 10 10
split_gain=574983 200303 265172 148408 176567 98705.5 47744.8 41716.8 171294 84727 55627 41574.1 41827.4 68714 106084 70167.7 63468.9 72726.9 49823.4 41084.6 40186.8 38241.9 32134.5 30366.7 52840.5 56361.8 41398.2 90307.7 63069.2 55493.2
threshold=1.0000000180025095e-35 0.20088311284780505 0.39753912389278417 0.081675637513399138 -0.9469526708126067 16.750000000000004 14.601128578186037 -0.67758968472480763 -0.62540480494499195 29.662833213806156 -0.67760851979255665 6.7102456092834482 32.325286865234382 -0.15005400776863095 31.712697982788089 32.265117645263679 18.250000000000004 80.250000000000014 28.517326354980472 16.750000000000004 26.482831954956058 32.124345779418952 -0.90878397226333607 0.21771516650915149 15.250000000000002 78.750000000000014 -0.80392050743103016 -0.55601230263710011 -0.61188074946403492 -0.70252096652984608
decision_type=2 2 2 2 2 2 2 2 2 2 2 2 2 2 2 2 2 2 2 2 2 2 2 2 2 2 2 2 2 2
left_child=1 2 19 4 5 -2 23 8 9 -8 20 -7 13 15 16 -13 -15 18 -18 -1 -11 -21 -5 -6 25 -25 -27 28 29 -28
right_child=3 -3 -4 22 6 11 7 -9 -10 10 -12 12 -14 14 -16 -17 17 -19 -20 21 -22 -23 -24 24 -26 26 27 -29 -30 -31
leaf_value=0.067254657619914823 0.14204704947811264 -0.11000099032183248 -0.080778860978677813 0.086947665491194856 0.11992060447121942 0.34873759264179383 0.68268457438070618 0.15461967314273842 0.10456730547456461 2.0297133471612092 3.0739954175344155 0.40107125735240756 0.31734612838933984 0.67200273280277067 0.45814825562466138 1.4508929637734029 4.2954031372070309 1.3763142449286534 2.196008630853433 0.082839465962033246 0.40192892482360976 0.25775171466421082 -0.053887246427874194 0.011455351372997283 -0.088205118115094336 0.04399232314094717 1.2827558383353956 0.14176477552267441 2.1314473803208345 0.10256126857466169
leaf_weight=16332 3678 80236 37531 6044 26471 3361 463 4992 1406 91 67 1222 871 95 285 183 50 128 65 5272 65 7673 12279 3193 5459 648 223 623 105 180
leaf_count=16332 3678 80236 37531 6044 26471 3361 463 4992 1406 91 67 1222 871 95 285 183 50 128 65 5272 65 7673 12279 3193 5459 648 223 623 105 180
internal_value=-1.62273e-11 -0.056751 0.00720198 0.115505 0.157278 0.347623 0.114272 0.233167 0.420598 1.06832 1.869 0.468407 0.607148 0.731614 1.16869 0.53781 1.76781 2.19621 3.10879 0.119987 1.35147 0.186517 -0.00743163 0.0914484 0.0191937 0.137112 0.362644 0.545214 1.04 0.755622
internal_weight=219291 147044 66808 72247 53924 9938 43986 7084 2092 686 223 6260 2899 2028 623 1405 338 243 115 29277 156 12945 18323 36902 10431 4972 1779 1131 508 403
internal_count=219291 147044 66808 72247 53924 9938 43986 7084 2092 686 223 6260 2899 2028 623 1405 338 243 115 29277 156 12945 18323 36902 10431 4972 1779 1131 508 403
is_linear=0
shrinkage=0.05


Tree=5
num_leaves=31
num_cat=0
split_feature=0 11 10 10 11 10 12 11 12 13 3 7 3 10 8 13 11 12 10 10 12 13 10 9 10 7 9 13 1 5
split_gain=520057 150203 135600 132904 119786 102365 101054 67267.5 56776.5 39493.1 103334 39893.2 34714.6 74589.3 82510.9 61563.6 32799.1 32110 30024.6 28902.8 71231.5 76291.5 27481.7 38642.2 27276.4 66914.5 32804.3 42918.3 25932.1 25200.5
threshold=1.0000000180025095e-35 -0.05591491982340812 0.081675637513399138 0.39753912389278417 -0.9469526708126067 -0.94130858778953541 16.750000000000004 0.20088311284780505 16.750000000000004 80.250000000000014 26.482831954956058 28.494501113891605 31.229602813720707 -0.15005400776863095 18.561347961425785 80.250000000000014 -0.5702211558818816 15.250000000000002 0.012910176534205677 -0.35769492387771601 15.250000000000002 79.250000000000014 -0.08167563751339911 32.257619857788093 -0.67760851979255665 24.51005840301514 28.793961524963382 78.750000000000014 32.466800689697273 30.618477821350101
decision_type=2 2 2 2 2 2 2 2 2 2 2 2 2 2 2 2 2 2 2 2 2 2 2 2 2 2 2 2 2 2
left_child=1 3 4 8 6 -3 -2 9 -1 -6 11 -11 13 -8 18 -16 -4 24 22 20 21 -7 23 -15 25 -9 27 -27 29 -23
right_child=2 5 16 -5 7 19 12 17 -10 10 -12 -13 -14 14 15 -17 -18 -19 -20 -21 -22 28 -24 -25 -26 26 -28 -29 -30 -31
leaf_value=0.031554740694447997 0.10794770830995773 0.11516819672184231 0.044773878677744405 -0.061285832787936673 0.11456326654474883 0.027071665952892777 0.36653385841293257 1.9306597531945617 0.18319375509742961 2.1836211800449687 0.21404580382618837 0.66905082575538577 0.31793485309124447 1.1903162067933897 2.8446704394852418 0.97822509646091782 -0.091997157633353574 -0.077795597300100758 0.10938586056611295 -0.12247703575057362 -0.10436679089497805 0.37443965193993267 1.346195815681176 0.2986397982488434 -0.033575817031024614 0.22078012145079176 0.050676743319077178 1.0111850669410409 0.041807272010059522 1.0400520947842689
leaf_weight=14440 4036 5600 12186 28436 21794 4434 1919 54 10782 89 9400 85 3363 199 85 92 6846 5455 177 64731 18061 262 193 312 2505 783 2265 220 176 311
leaf_count=14440 4036 5600 12186 28436 21794 4434 1919 54 10782 89 9400 85 3363 199 85 92 6846 5455 177 64731 18061 262 193 312 2505 783 2265 220 176 311
internal_value=1.39107e-09 -0.0538671 0.110064 0.0128242 0.151156 -0.0921094 0.303517 0.11409 0.096378 0.151748 0.236395 1.44374 0.428015 0.552367 0.889432 1.87454 -0.00442403 0.00938553 0.691516 -0.105304 -0.0574779 0.105914 0.837875 0.645888 0.091001 0.18494 0.156094 0.394149 0.572653 0.735706
internal_weight=219291 147233 72058 53658 53026 93575 10376 42650 25222 31368 9574 174 6340 2977 1058 177 19032 11282 881 87975 23244 5183 704 511 5827 3322 3268 1003 749 573
internal_count=219291 147233 72058 53658 53026 93575 10376 42650 25222 31368 9574 174 6340 2977 1058 177 19032 11282 881 87975 23244 5183 704 511 5827 3322 3268 1003 749 573
is_linear=0
shrinkage=0.05


Tree=6
num_leaves=31
num_cat=0
split_feature=8 11 10 0 11 10 2 10 4 11 11 10 12 10 9 13 12 9 12 10 1 2 13 8 11 11 12 3 10 0
split_gain=474429 171831 222279 126549 72455 97877.1 88577.3 65531.3 55164.2 50015.7 43829.4 44855.1 39655.4 56068.1 85782.9 56250.8 37017.4 36566.3 36239.8 35214.7 44681 33420.6 32005.7 27846 27370.2 39695 66614.4 131522 27812.7 26777.7
threshold=1.0000000180025095e-35 0.21771516650915149 0.39753912389278417 6.8281092643737802 -0.67758968472480763 -0.62540480494499195 48.863092422485359 0.15005400776863101 44.523046493530281 -0.9469526708126067 -0.97502842545509327 -0.04732095077633857 17.750000000000004 -0.15005400776863095 32.223348617553718 80.750000000000014 16.750000000000004 31.823954582214359 16.250000000000004 -0.25118774175643915 32.499906539916999 21.241452217102054 79.750000000000014 18.918992042541507 0.82873937487602245 0.78827583789825451 15.250000000000002 30.502725601196293 -0.58429276943206776 49.059967041015632
decision_type=2 2 2 2 2 2 2 2 2 2 2 2 2 2 2 2 2 2 2 2 2 2 2 2 2 2 2 2 2 2
left_child=1 2 16 7 5 6 8 9 29 18 11 12 -7 -14 15 23 -1 -18 -2 20 -20 -16 -22 -15 25 -11 27 -27 -29 -5
right_child=3 -3 -4 4 -6 10 -8 -9 -10 24 -12 -13 13 14 21 -17 17 -19 19 -21 22 -23 -24 -25 -26 26 -28 28 -30 -31
leaf_value=0.059854760709025949 0.077972425125370212 -0.10167165090865704 -0.072507346262088379 0.40825827085887401 0.11564612440543574 0.27169640294656827 1.9418256891673824 -0.024271808349335941 2.0216369402313989 0.079943028813457773 0.16380219928057738 0.18828869223786104 0.39015149395105175 1.8453556416464634 0.28878077146891729 0.96329857732938684 0.040187164417622608 0.22517136505637714 0.37885444395785189 0.24081195302154224 1.9571534146865208 1.3925979995850435 0.72735648695211341 3.3561353046385971 -0.069115612117418818 0.21615577203759906 -0.055497057160955536 2.871278960942417 1.3447630687057972 1.3008817269917459
leaf_weight=16428 2795 79055 38454 870 8382 671 137 14357 63 29418 4901 1350 518 61 234 92 3735 9382 599 3631 87 97 135 61 3032 218 311 74 50 93
leaf_count=16428 2795 79055 38454 870 8382 671 137 14357 63 29418 4901 1350 518 61 234 92 3735 9382 599 3631 87 97 135 61 3032 218 311 74 50 93
internal_value=-1.68104e-09 -0.051545 0.00673177 0.104931 0.221841 0.319143 0.747687 0.0674691 0.588236 0.100112 0.256727 0.404399 0.572652 0.762624 1.11664 1.8968 0.109865 0.172498 0.219087 0.307679 0.60341 0.612256 1.2093 2.60075 0.0740652 0.0885019 0.474081 0.955657 2.25575 0.494462
internal_weight=219291 147054 67999 72237 17530 9148 1163 54707 1026 40350 7985 3084 1734 1063 545 214 29545 13117 7247 4452 821 331 222 122 33103 30071 653 342 124 963
internal_count=219291 147054 67999 72237 17530 9148 1163 54707 1026 40350 7985 3084 1734 1063 545 214 29545 13117 7247 4452 821 331 222 122 33103 30071 653 342 124 963
is_linear=0
shrinkage=0.05


Tree=7
num_leaves=31
num_cat=0
split_feature=6 11 10 0 11 10 2 10 11 10 8 11 7 4 11 12 10 1 5 1 13 0 1 0 12 13 2 12 5 11
split_gain=433105 147412 202434 112799 67928 85510.9 90770.7 58360.5 57522.5 69988 69042 56022 48756.7 47279.8 30252.8 29677.3 35434.2 36357.8 28506 56816 27691.7 27521.6 26342.5 24492.6 23500.6 37145.9 27834.6 22723.4 18917.6 18356.8
threshold=1.0000000180025095e-35 0.21771516650915149 0.54883790016174328 5.7482674121856698 -0.67758968472480763 -0.62540480494499195 48.863092422485359 0.081675637513399138 -0.98798605799674977 -0.04732095077633857 18.561347961425785 -0.9469526708126067 31.395439147949222 44.523046493530281 0.11593030393123628 17.750000000000004 -0.25118774175643915 32.499906539916999 30.223423957824711 31.775575637817386 79.750000000000014 49.059967041015632 31.904052734375004 30.451300621032718 17.250000000000004 81.250000000000014 20.427454948425297 16.750000000000004 27.816333770751957 0.91234096884727489
decision_type=2 2 2 2 2 2 2 2 2 2 2 2 2 2 2 2 2 2 2 2 2 2 2 2 2 2 2 2 2 2
left_child=1 2 14 7 5 6 13 11 9 10 22 15 -12 21 27 -2 17 -17 19 28 -19 -5 24 -8 -7 26 -26 -1 -16 -13
right_child=3 -3 -4 4 -6 8 23 -9 -10 -11 12 29 -14 -15 18 16 -18 20 -20 -21 -22 -23 -24 -25 25 -27 -28 -29 -30 -31
leaf_value=0.041921512415012456 0.1406786058313548 -0.095495696316953482 -0.081431716443411184 0.36370023231368714 0.10770834242590213 0.24199684390983689 1.1247752741730261 -0.019715115047410248 0.16588869420116814 0.1894178280553695 2.380608230194833 0.077410373371472579 0.66358820426676957 1.804551381223342 1.0884135921810603 0.43916364671450342 0.26592740748664617 1.9714834152395468 0.17869255741481821 2.2118860535761891 0.73031090263809473 1.2788243413137066 0.087770180089864883 2.4487833014820355 0.93123325697231774 0.28418958135328304 1.9649432656856682 0.12652463386697455 0.24629124632647723 -0.10399066943629476
leaf_weight=17495 3460 79347 33882 943 9778 177 62 15483 6705 1121 101 29429 70 68 86 382 1969 83 1359 51 98 90 208 80 229 156 91 14527 297 1464
leaf_count=17495 3460 79347 33882 943 9778 177 62 15483 6705 1121 101 29429 70 68 86 382 1969 83 1359 51 98 90 208 80 229 156 91 14527 297 1464
internal_value=-7.10607e-10 -0.0492541 0.00494516 0.100247 0.201649 0.292586 0.680943 0.0617542 0.23809 0.462943 0.760056 0.095952 1.67773 0.527496 0.0914932 0.235868 0.365946 0.715744 0.291356 0.644143 1.29947 0.44343 0.5778 1.8707 0.733889 0.916798 1.22519 0.0803023 0.435384 0.0688139
internal_weight=219291 147044 67697 72247 19879 10101 1243 52368 8858 2153 1032 36885 171 1101 33815 5992 2532 563 1793 434 181 1033 861 142 653 476 320 32022 383 30893
internal_count=219291 147044 67697 72247 19879 10101 1243 52368 8858 2153 1032 36885 171 1101 33815 5992 2532 563 1793 434 181 1033 861 142 653 476 320 32022 383 30893
is_linear=0
shrinkage=0.05


Tree=8
num_leaves=31
num_cat=0
split_feature=8 11 10 0 10 11 10 4 10 11 0 13 11 12 3 11 10 3 12 7 6 11 9 10 13 11 12 7 2 10
split_gain=393276 140612 121311 105907 79108.7 62566.1 97657 66813.5 62424.4 51780.9 45146.4 41008.2 69762.4 114243 53996.8 38205.3 36821.4 33330 32474.4 54263.4 30296.7 30226 29379.3 28859.9 31150.3 28781.9 58185.7 32591.5 26008.1 44173.8
threshold=1.0000000180025095e-35 -0.038720846176147454 0.081675637513399138 11.936178207397463 -0.97505551576614369 -0.67758968472480763 -0.62540480494499195 12.275880813598635 0.41327477991580969 0.82873937487602245 30.451300621032718 78.250000000000014 0.78827583789825451 15.250000000000002 30.562795639038089 -0.97502842545509327 -0.030120026320219036 27.481372833251957 16.750000000000004 32.998329162597663 12.072984695434572 0.01290981797501445 29.884610176086429 -0.67760851979255665 79.250000000000014 -0.10737737268209456 17.250000000000004 26.287113189697269 7.4679205417633066 -0.1330134719610214
decision_type=2 2 2 2 2 2 2 2 2 2 2 2 2 2 2 2 2 2 2 2 2 2 2 2 2 2 2 2 2 2
left_child=1 2 18 8 21 6 7 23 9 11 -9 -2 25 14 -14 16 20 22 -1 -20 -8 -3 -12 -5 -25 26 -13 -27 -22 -30
right_child=3 4 -4 5 -6 -7 15 10 -10 -11 17 12 13 -15 -16 -17 -18 -19 19 -21 28 -23 -24 24 -26 27 -28 -29 29 -31
leaf_value=0.060177998569306071 0.051098449789463977 -0.11360101987362958 -0.03901922076750567 0.20307642726387798 -0.095080247329590944 0.10939143860941095 0.39430512332059886 0.8357837197811181 -0.044682972218727607 -0.077728848544984908 1.6951189684305801 0.053404389925049124 0.73485093083534692 -0.025960175144309934 2.5164609810709955 0.15297339315823483 0.15538300851256037 0.94070621697375412 0.11228538173359615 0.3980957031103205 0.33666129773957243 0.20588660038357892 3.3386006096234691 0.30681692164514091 1.5915065739075749 1.1888105316294564 0.23722958230191435 0.046910103201838041 0.75414106534197789 1.9505823267435809
leaf_weight=11338 19278 971 35823 342 87412 5575 845 184 10119 4149 57 6733 74 185 100 3294 811 52 6114 2280 157 3116 52 91 98 63 11936 7669 264 109
leaf_count=11338 19278 971 35823 342 87412 5575 845 184 10119 4149 57 6733 74 185 100 3294 811 52 6114 2280 157 3116 52 91 98 63 11936 7669 264 109
internal_value=-7.21177e-10 -0.0469299 0.0158165 0.095536 -0.0850274 0.231648 0.338881 0.829075 0.0686076 0.0914499 1.37081 0.106696 0.146749 0.83906 1.75876 0.260522 0.422583 1.98227 0.115369 0.189918 0.580182 0.129982 2.47917 0.4771 0.972952 0.137335 0.170933 0.0562143 0.876533 1.10377
internal_weight=219291 147054 55555 72237 91499 11931 6356 876 60306 50187 345 46038 26760 359 174 5480 2186 161 19732 8394 1375 4087 109 531 189 26401 18669 7732 530 373
internal_count=219291 147054 55555 72237 91499 11931 6356 876 60306 50187 345 46038 26760 359 174 5480 2186 161 19732 8394 1375 4087 109 531 189 26401 18669 7732 530 373
is_linear=0
shrinkage=0.05


Tree=9
num_leaves=31
num_cat=0
split_feature=0 11 10 10 11 12 7 11 13 3 7 12 12 10 5 5 0 11 13 9 10 10 12 13 10 1 8 11 10 7
split_gain=359269 104678 104347 94206.3 86271.9 75636.3 61038.3 44126.6 30163.3 79241.4 33069 27980.2 27891.6 42921.5 30623.7 59253.9 27623.8 24547.5 24359.7 21363.3 44994.4 21175.3 59537.4 64162.3 22428.1 35196 20541.8 20102.6 19050.4 37669.1
threshold=1.0000000180025095e-35 -0.34155811369419092 -0.94130858778953541 0.081675637513399138 -0.9469526708126067 16.250000000000004 36.399862289428718 0.20088311284780505 80.250000000000014 26.482831954956058 28.494501113891605 15.250000000000002 16.750000000000004 -0.91585582494735707 32.159183502197273 29.895223617553714 19.279534339904789 -0.40541070699691767 79.250000000000014 28.793961524963382 -0.70252096652984608 -0.3415676057338714 15.250000000000002 79.250000000000014 -0.79356426000595082 31.588481903076175 17.871334075927738 -0.91583034396171559 -0.15005400776863095 31.990682601928714
decision_type=2 2 2 2 2 2 2 2 2 2 2 2 2 2 2 2 2 2 2 2 2 2 2 2 2 2 2 2 2 2
left_child=1 6 -3 4 5 -2 12 8 -6 10 -10 18 -1 14 15 -14 -7 -5 -9 20 -20 22 23 -4 -25 -26 -18 -15 -28 -30
right_child=3 2 21 17 7 16 -8 11 9 -11 -12 -13 13 27 -16 -17 26 -19 19 -21 -22 -23 -24 24 25 -27 28 -29 29 -31
leaf_value=0.029336983968830832 0.066550833839496143 0.082935357201820326 0.031264908783372382 0.031023038984822577 0.092278282822855051 0.2930970745642445 -0.050315370427788497 0.025547614704974009 1.9296560394127718 0.17917995700287553 0.55069833837887827 -0.071910242547476785 0.23288894028632676 0.21069440931176434 0.31233608363182253 2.2142133464281626 0.41049672542461302 -0.096156418994432169 1.4506341761736961 0.15635375996433878 0.21849219364003611 -0.10011215132884431 -0.088041578064373627 0.17207770049303017 0.59065563690809297 1.9929221124649048 0.60090187918806048 0.060402876898281166 2.0175413818122485 0.38777061406809554
leaf_weight=14179 3518 9999 4518 13799 21794 5113 16597 4330 89 9400 85 5455 77 3564 266 74 1217 5233 108 1153 236 72820 18464 277 426 50 385 5922 78 65
leaf_count=14179 3518 9999 4518 13799 21794 5113 16597 4330 89 9400 85 5455 77 3564 266 74 1217 5233 108 1153 236 72820 18464 277 426 50 385 5922 78 65
internal_value=1.28915e-09 -0.0447722 -0.0708215 0.091481 0.125732 0.255033 0.023461 0.0942746 0.124775 0.198751 1.25603 0.00947167 0.0743068 0.138694 0.635169 1.20387 0.351721 -0.00394597 0.0856581 0.259525 0.605327 -0.0867441 -0.0457305 0.102483 0.529789 0.737953 0.523493 0.116869 0.78394 1.27674
internal_weight=219291 147233 106554 72058 53026 10376 40679 42650 31368 9574 174 11282 24082 9903 417 151 6858 19032 5827 1497 344 96555 23735 5271 753 476 1745 9486 528 143
internal_count=219291 147233 106554 72058 53026 10376 40679 42650 31368 9574 174 11282 24082 9903 417 151 6858 19032 5827 1497 344 96555 23735 5271 753 476 1745 9486 528 143
is_linear=0
shrinkage=0.05


Tree=10
num_leaves=31
num_cat=0
split_feature=6 11 10 0 11 1 4 10 11 11 8 11 10 2 4 0 12 10 1 13 5 7 10 8 0 10 9 12 10 11
split_gain=325042 107843 151270 87103.9 52534.9 57808.5 56610.8 43639.7 45915.5 30624.3 26811.7 25678.8 90142.9 75914 39135 23606 23513.3 32016.2 32875.6 25173.5 22433.7 34829 20987.2 24487.8 19688.7 17318 19756.7 35752.2 24493.6 15440.5
threshold=1.0000000180025095e-35 0.20088311284780505 0.5772862732410432 5.7482674121856698 -0.98798605799674977 31.618682861328129 14.780290603637697 0.081675637513399138 -0.9469526708126067 0.13300977647304538 18.918992042541507 -0.67758968472480763 -0.62540480494499195 48.863092422485359 44.523046493530281 49.059967041015632 17.750000000000004 -0.25118774175643915 32.499906539916999 79.750000000000014 29.7528190612793 31.924151420593265 -0.030120026320219036 18.561347961425785 30.451300621032718 0.012910176534205677 31.959293365478519 16.750000000000004 -0.15005400776863095 -0.49749487638473505
decision_type=2 2 2 2 2 2 2 2 2 2 2 2 2 2 2 2 2 2 2 2 2 2 2 2 2 2 2 2 2 2
left_child=1 2 9 7 5 6 22 8 16 25 -8 12 13 14 15 -6 -2 18 -18 -20 21 -11 23 -5 -15 26 -1 -28 -29 -9
right_child=3 -3 -4 4 11 -7 10 29 -10 20 -12 -13 -14 24 -16 -17 17 -19 19 -21 -22 -23 -24 -25 -26 -27 27 28 -30 -31
leaf_value=0.048560829409642889 0.12453021681408608 -0.081741876701743182 -0.073605283440319441 0.50649018658568035 0.31480648447161941 0.13864992568952042 0.98435645940239136 0.019032842604118833 0.058022597001340707 0.45760298775166125 2.1011099766112036 0.093367428940943839 0.14187308252007597 1.0247180173233632 1.6269917218343299 1.1623343799842729 0.39454079273288478 0.22997104154713832 1.8533424127319582 0.66994939434665202 0.21380999876636683 1.9322717567980292 0.10486827589144621 1.519918021630934 2.2118026690185069 0.020666019830685067 0.056211351009720717 0.19333880972892475 0.49616679607802694 -0.085804896860520952
leaf_weight=10924 3460 80236 32259 483 943 1030 212 10098 30893 201 72 9778 6705 62 68 90 382 1969 83 98 856 50 288 68 80 12119 5433 4171 795 5385
leaf_count=10924 3460 80236 32259 483 943 1030 212 10098 30893 201 72 9778 6705 62 68 90 382 1969 83 98 856 50 288 68 80 12119 5433 4171 795 5385
internal_value=-1.15278e-09 -0.0426693 0.00425661 0.0868447 0.175952 0.40918 0.657306 0.0530192 0.0825912 0.0769576 1.26748 0.147624 0.214374 0.605458 0.46513 0.388647 0.20926 0.325043 0.657544 1.21261 0.335694 0.751362 0.450764 0.631559 1.6935 0.0683929 0.0955186 0.144847 0.241818 -0.0174298
internal_weight=219291 147044 66808 72247 19879 2153 1123 52368 36885 34549 284 17726 7948 1243 1101 1033 5992 2532 563 181 1107 251 839 551 142 33442 21323 10399 4966 15483
internal_count=219291 147044 66808 72247 19879 2153 1123 52368 36885 34549 284 17726 7948 1243 1101 1033 5992 2532 563 181 1107 251 839 551 142 33442 21323 10399 4966 15483
is_linear=0
shrinkage=0.05


Tree=11
num_leaves=31
num_cat=0
split_feature=8 11 10 0 10 11 10 4 10 11 0 13 11 12 7 10 11 10 3 11 10 13 3 9 10 3 12 13 7 10
split_gain=296904 104892 90776.5 81498.8 59494.7 48719.1 80594.8 55130.8 46795.9 40464.6 37422.5 35205.8 63473.1 100469 49399.5 53017.5 29985.1 30215.6 27879.7 26763.6 26564 27770.7 31741.7 26509.2 24192.5 41676.4 43598.5 41907.6 39756.8 31963.7
threshold=1.0000000180025095e-35 -0.038720846176147454 0.012910176534205677 11.936178207397463 -0.97505551576614369 -0.67758968472480763 -0.62540480494499195 12.275880813598635 0.41327477991580969 0.82873937487602245 30.451300621032718 78.250000000000014 0.78827583789825451 15.250000000000002 29.271402359008793 -0.58429276943206776 -0.95234230160713185 -0.030120026320219036 27.481372833251957 0.01290981797501445 -0.67760851979255665 78.750000000000014 30.621431350708011 29.884610176086429 -0.15005400776863095 32.19691467285157 17.750000000000004 80.750000000000014 32.869796752929695 -0.28435654938220972
decision_type=2 2 2 2 2 2 2 2 2 2 2 2 2 2 2 2 2 2 2 2 2 2 2 2 2 2 2 2 2 2
left_child=1 2 -1 8 19 6 7 20 9 11 -9 -2 -13 14 -14 -16 17 24 23 -3 -5 -22 -23 -12 29 26 -26 28 -28 -8
right_child=3 4 -4 5 -6 -7 16 10 -10 -11 18 12 13 -15 15 -17 -18 -19 -20 -21 21 22 -24 -25 25 -27 27 -29 -30 -31
leaf_value=0.10338713527299302 0.041127439182456343 -0.11642935691453156 -0.031986554998598364 0.15973042302182194 -0.08239903018280334 0.094527691761522481 0.96119291652784211 0.74733936061561312 -0.038702264749882892 -0.070390035015591546 1.500844461366273 0.12077376589116805 0.5879400969218852 -0.021078389834713291 3.401458073773167 1.1746209368109704 0.087497796439461747 0.11584558278415102 0.83855066183381366 0.18420339133747377 0.13433664281380506 2.3294094003131613 0.65925393641898133 3.0619859177332658 0.19515504990245258 0.14442323063860976 2.1448675632683769 0.54344834533002639 0.69914729221605931 0.21754734318875385
leaf_weight=18633 19278 971 36922 342 87412 5575 165 184 10119 4149 57 26401 67 185 55 52 2284 1123 52 3116 73 50 66 52 142 253 144 135 71 1163
leaf_count=18633 19278 971 36922 342 87412 5575 165 184 10119 4149 57 26401 67 185 55 52 2284 1123 52 3116 73 50 66 52 142 253 144 135 71 1163
internal_value=5.91382e-10 -0.0407764 0.0134174 0.0830092 -0.073681 0.20241 0.297036 0.742354 0.0593868 0.0791641 1.23445 0.0926421 0.129753 0.79012 1.6526 2.31926 0.225851 0.324723 1.79116 0.112778 0.422628 0.898348 1.37915 2.24561 0.437878 0.665929 0.934101 1.2339 1.66744 0.309943
internal_weight=219291 147054 55555 72237 91499 11931 6356 876 60306 50187 345 46038 26760 359 174 107 5480 3196 161 4087 531 189 116 109 2073 745 492 350 215 1328
internal_count=219291 147054 55555 72237 91499 11931 6356 876 60306 50187 345 46038 26760 359 174 107 5480 3196 161 4087 531 189 116 109 2073 745 492 350 215 1328
is_linear=0
shrinkage=0.05


Tree=12
num_leaves=31
num_cat=0
split_feature=2 10 11 11 10 12 7 11 10 12 4 10 1 10 2 10 7 5 8 13 1 10 5 7 12 10 12 13 10 8
split_gain=272387 82162 80017.4 77461.4 76191.5 63704.2 50512.4 37348.6 55727.4 42587.8 36351.8 35456.6 44514.5 45402.4 73944.9 81492.3 29966.8 45942.7 29909.6 26205.9 24243.7 68204.9 22408.8 21998 21898.6 20404.8 50875.5 53025.6 33561.2 29732
threshold=1.0000000180025095e-35 0.081675637513399138 -0.32533003389835352 -0.9469526708126067 -0.96683886647224415 16.750000000000004 36.470628738403327 -0.10737737268209456 -0.99052327871322621 17.750000000000004 6.1263427734375009 -0.49002411961555475 25.582847595214847 -0.69016700983047474 32.237607955932624 -0.63874351978301991 30.148729324340824 30.059331893920902 13.166890144348146 79.250000000000014 28.618703842163089 -0.15005400776863095 30.701275825500492 32.289096832275398 17.250000000000004 -0.3415676057338714 15.250000000000002 78.750000000000014 -0.89391031861305226 2.9671137332916264
decision_type=2 2 2 2 2 2 2 2 2 2 2 2 2 2 2 2 2 2 2 2 2 2 2 2 2 2 2 2 2 2
left_child=2 3 6 5 -4 -2 24 8 10 -10 -5 12 -11 -14 19 -16 -12 -18 -7 -15 21 22 -20 -21 -1 26 27 -6 -29 -30
right_child=1 -3 4 7 25 18 -8 -9 9 11 16 -13 13 14 15 -17 17 -19 20 23 -22 -23 -24 -25 -26 -27 -28 28 29 -31
leaf_value=0.030854133646687432 0.076968260113220346 -0.01031185414916054 0.088843770248761889 0.20683120360273671 0.004526499653993577 0.26473633893016629 -0.046087726988815449 0.026178855087670608 0.042374642841375432 1.297904649305534 0.27034730009523267 -0.0068281887002257209 0.13970011725224982 0.079432785891758451 2.4351241317357912 0.40827062357483168 2.1477121106113297 0.72945706100442287 0.36484405166725969 0.26347425683747966 0.39185564494082215 1.999932261556387 1.4349966476622382 0.64536352178212075 0.12982318087258771 -0.08768455318516559 -0.07513588051763373 -0.024911476923999462 0.30670913392894789 0.85690353062456937
leaf_weight=15813 3943 18795 7740 448 4530 4533 17149 17730 12506 94 141 2206 7130 825 89 112 83 183 345 871 1291 96 57 665 8645 72298 19433 440 730 370
leaf_count=15813 3943 18795 7740 448 4530 4533 17149 17730 12506 94 141 2206 7130 825 89 112 83 183 345 871 1291 96 57 665 8645 72298 19433 440 730 370
internal_value=-6.7459e-10 0.0795854 -0.0390187 0.111257 -0.0621691 0.234689 0.0197048 0.081848 0.120779 0.10693 0.517579 0.174253 0.215073 0.204571 0.385104 1.30573 0.859631 1.172 0.333058 0.306728 0.506174 0.802529 0.516582 0.42881 0.065836 -0.0741203 -0.0356672 0.0906913 0.34415 0.491775
internal_weight=219291 72143 147148 53348 105541 10265 41607 43083 25353 24498 855 11992 9786 9692 2562 201 407 266 6322 2361 1789 498 402 1536 24458 97801 25503 6070 1540 1100
internal_count=219291 72143 147148 53348 105541 10265 41607 43083 25353 24498 855 11992 9786 9692 2562 201 407 266 6322 2361 1789 498 402 1536 24458 97801 25503 6070 1540 1100
is_linear=0
shrinkage=0.05


Tree=13
num_leaves=31
num_cat=0
split_feature=0 11 10 10 11 12 11 11 9 7 7 0 10 10 10 5 0 12 10 9 12 10 5 3 3 10 6 11 10 9
split_gain=247943 71220.9 71016.3 64873.2 61353.1 46435.3 82903 55553.2 51026.6 42803.2 35287.1 28390.2 43122.1 76573.8 86798.3 52025.8 29618.1 28739.9 27211.7 25461.6 21387.6 41076.1 32015.9 48997 20823.9 49343 19391.2 32204 17524.4 25489.2
threshold=1.0000000180025095e-35 -0.34155811369419092 -0.94130858778953541 0.39753912389278417 0.73246693611145031 17.250000000000004 -0.10737737268209456 0.59123954176902782 28.793961524963382 36.399862289428718 24.51005840301514 24.954116821289066 -0.73831951618194569 -0.62540480494499195 -0.67760851979255665 28.851956367492679 54.775394439697273 19.250000000000004 -0.30081701278686518 27.947340965271 17.250000000000004 -0.91585582494735707 32.159183502197273 31.64512920379639 28.508864402771 -0.70252096652984608 17.521893501281742 -0.98798605799674977 -0.99052327871322621 31.823954582214359
decision_type=2 2 2 2 2 2 2 2 2 2 2 2 2 2 2 2 2 2 2 2 2 2 2 2 2 2 2 2 2 2
left_child=1 9 -3 4 5 7 11 -2 10 20 -9 19 -13 14 15 16 -14 -16 -15 -7 -1 22 23 -22 -12 -26 -20 -28 29 -21
right_child=3 2 -4 -5 -6 6 -8 8 -10 -11 24 12 13 18 17 -17 -18 -19 26 28 21 -23 -24 -25 25 -27 27 -29 -30 -31
leaf_value=0.02686160888208184 0.046587034127295923 0.068164032481338704 -0.071816646169355958 -0.028927891449751966 -0.067815751875662175 -0.02805915029900723 -0.015322341483907979 2.0137190363034607 0.10591660884793026 -0.042692861165827371 0.36284327458322441 0.07377246467892036 0.60740397727442175 0.016026257340259312 2.8779045358536735 0.028904411143378758 2.1596314872304601 1.415582689487686 0.31207809722149249 0.18674276502942852 0.407847456184107 0.10238013155756165 0.27575545178313332 2.304920801569204 1.8936266764224081 0.30358262758840016 1.4306035512045288 0.44820665527147113 0.18211705473675022 0.97427731767899728
leaf_weight=15581 24140 9999 96555 12231 5134 1449 5697 50 708 16597 306 1158 63 555 63 179 60 72 1062 253 77 8142 221 61 89 108 114 311 18083 173
leaf_count=15581 24140 9999 96555 12231 5134 1449 5697 50 708 16597 306 1158 63 555 63 179 60 72 1062 253 77 8142 221 61 89 108 114 311 18083 173
internal_value=-3.09687e-10 -0.0371941 -0.0586809 0.0759971 0.0974479 0.112961 0.155863 0.0634871 0.387014 0.019088 0.7469 0.197196 0.325675 0.443344 1.04405 0.572908 1.36459 2.098 0.314791 0.173783 0.0616666 0.125459 0.648876 1.24641 0.620974 1.02193 0.4263 0.71172 0.189584 0.506563
internal_weight=219291 147233 106554 72058 59827 54693 29292 25401 1261 40679 553 23595 3637 2479 437 302 123 135 2042 19958 24082 8501 359 138 503 197 1487 425 18509 426
internal_count=219291 147233 106554 72058 59827 54693 29292 25401 1261 40679 553 23595 3637 2479 437 302 123 135 2042 19958 24082 8501 359 138 503 197 1487 425 18509 426
is_linear=0
shrinkage=0.05


Tree=14
num_leaves=31
num_cat=0
split_feature=8 11 10 0 10 11 10 4 10 10 13 0 5 9 11 12 11 12 11 10 10 2 7 13 10 12 12 7 10 10
split_gain=224717 77651.9 67640.5 63735.8 47169.3 38605.8 62269.1 47502 34808.5 32283.4 50568.8 40649.9 33902 30746.8 30880.3 62111 24073.8 24047.3 23049.9 20764.3 23578.2 35298.4 31430.8 29906.3 25562.9 21192.6 19779.1 55663.9 20198.5 15241.9
threshold=1.0000000180025095e-35 -0.038720846176147454 0.012910176534205677 11.333653450012209 -0.97505551576614369 -0.67758968472480763 -0.62540480494499195 44.523046493530281 0.41327477991580969 -0.67760851979255665 79.250000000000014 32.250623703002937 28.443181037902836 27.648724555969242 -0.10737737268209456 16.750000000000004 0.01290981797501445 15.250000000000002 -0.93533331155776966 -0.030120026320219036 -0.15005400776863095 20.832380294799808 30.401480674743656 80.750000000000014 -0.09881922602653502 18.250000000000004 16.750000000000004 32.998329162597663 -0.20088869333267209 -0.99052327871322621
decision_type=2 2 2 2 2 2 2 2 2 2 2 2 2 2 2 2 2 2 2 2 2 2 2 2 2 2 2 2 2 2
left_child=1 2 26 8 16 6 7 9 13 12 -11 -12 -5 -2 15 -15 -3 -16 19 20 -8 22 25 24 -23 -22 -1 29 -29 -28
right_child=3 4 -4 5 -6 -7 18 -9 -10 10 11 -13 -14 14 17 -17 -18 -19 -20 -21 21 23 -24 -25 -26 -27 27 28 -30 -31
leaf_value=0.044328618582867678 -0.03001515384351873 -0.1151453565997978 -0.028039070852713205 0.85304623679534819 -0.071548707755589386 0.081659153825858422 0.25046286143406954 1.7841168261077032 -0.033957054785338232 0.14773971394502691 1.0068348178170297 2.7145205403566361 0.018653339530561079 0.021392711797532309 0.11285375933337716 0.17261786821255848 0.1699803902579414 -0.02354956998413622 0.059217054119376923 0.1038789737220383 0.33425583677776793 0.9726419096123684 0.18731160808505642 0.21469778701263881 2.3788034191162422 1.5867104572585866 0.35295062593929893 0.25451175882805344 0.58023699426510933 0.047350198579715619
leaf_weight=10673 6896 971 36922 185 87412 5844 1698 83 10073 112 115 50 356 11117 4943 17444 3116 9330 1979 1243 59 73 444 56 58 79 441 1321 744 5454
leaf_count=10673 6896 971 36922 185 87412 5844 1698 83 10073 112 115 50 356 11117 4943 17444 3116 9330 1979 1243 59 73 444 56 58 79 441 1321 744 5454
internal_value=1.19864e-10 -0.0354747 0.0111541 0.0722164 -0.0637861 0.175217 0.258183 0.644389 0.050801 0.528745 0.967722 1.52432 0.303982 0.0679691 0.0837439 0.113755 0.102239 0.0236894 0.197017 0.270523 0.354487 0.58418 0.392161 1.1818 1.59522 1.05124 0.0888169 0.148468 0.371867 0.0702119
internal_weight=219291 147054 55555 72237 91499 12434 6590 901 59803 818 277 165 541 49730 42834 28561 4087 14273 5689 3710 2467 769 582 187 131 138 18633 7960 2065 5895
internal_count=219291 147054 55555 72237 91499 12434 6590 901 59803 818 277 165 541 49730 42834 28561 4087 14273 5689 3710 2467 769 582 187 131 138 18633 7960 2065 5895
is_linear=0
shrinkage=0.05


Tree=15
num_leaves=31
num_cat=0
split_feature=6 11 10 0 11 1 4 8 11 10 11 10 12 5 7 1 12 9 2 1 13 10 5 10 12 13 10 13 11 11
split_gain=205717 64123.6 99283.7 58491.8 41986 44601.2 57953.6 37396.4 26081 23160.4 28435.5 20804.8 24417.3 20306.7 31357.4 18214.7 17016.9 26177 15825.9 17121.6 14661 13237.3 12221.1 11924 30006 19216.2 13703.2 11914.3 11643.5 45916.1
threshold=1.0000000180025095e-35 0.20088311284780505 0.5772862732410432 2.155571818351746 -0.98798605799674977 31.618682861328129 13.578283309936525 18.918992042541507 0.13300977647304538 0.081675637513399138 -0.9469526708126067 -0.25118774175643915 17.750000000000004 29.7528190612793 31.924151420593265 32.499906539916999 16.750000000000004 30.274973869323734 48.863092422485359 25.582847595214847 80.250000000000014 -0.030120026320219036 27.816333770751957 -0.3415676057338714 15.750000000000002 78.250000000000014 -0.42109696567058558 81.250000000000014 0.73246693611145031 0.59123954176902782
decision_type=2 2 2 2 2 2 2 2 2 2 2 2 2 2 2 2 2 2 2 2 2 2 2 2 2 2 2 2 2 2
left_child=1 2 8 9 5 6 16 -8 -1 10 11 12 -2 14 22 -14 -5 -18 28 -20 -17 27 -10 24 25 -3 -27 -19 29 -6
right_child=3 23 -4 4 18 -7 7 -9 13 -11 -12 -13 15 -15 -16 20 17 21 19 -21 -22 -23 -24 -25 -26 26 -28 -29 -30 -31
leaf_value=0.053233736729883463 0.13617018522128188 -0.0099006097042808085 -0.060839947234311999 0.013551217850297691 0.093054134420872098 0.11584795062660831 0.77828933721414739 2.0067778309689293 0.95589866296428705 -0.020535159537474795 0.037004511681361124 0.12180470015993093 0.41258410637381049 0.18394938485458098 1.815894924581051 1.5368364118905955 1.300993470652029 0.70725809673804951 0.93009454258667523 0.2248646141790932 0.56226062080689843 0.071865621694812074 0.13476794278249146 -0.076907161589836293 -0.068852764955237386 0.11935691753016785 0.46487270635960692 0.15147816491861865 -0.051112790642899267 0.60369723932506458
leaf_weight=33442 434 4216 32259 325 22514 1585 287 79 69 13916 25279 3649 253 856 50 86 80 284 93 1154 70 270 132 55594 17938 2157 331 146 1294 449
leaf_count=33442 434 4216 32259 325 22514 1585 287 79 69 13916 25279 3649 253 856 50 86 80 284 93 1154 70 270 132 55594 17938 2157 331 146 1294 449
internal_value=7.59773e-11 -0.0339454 0.00223938 0.0690889 0.124731 0.299865 0.498143 1.04345 0.0611376 0.0327132 0.0576034 0.173525 0.3974 0.299911 0.695383 0.674596 0.317524 0.44418 0.103746 0.27746 1.09953 0.346258 0.416649 -0.0640744 -0.0351228 0.055129 0.165324 0.518551 0.0948156 0.103039
internal_weight=219291 147044 66808 72247 28560 3056 1471 366 34549 43687 29771 4492 843 1107 251 409 1105 780 25504 1247 156 700 201 80236 24642 6704 2488 430 24257 22963
internal_count=219291 147044 66808 72247 28560 3056 1471 366 34549 43687 29771 4492 843 1107 251 409 1105 780 25504 1247 156 700 201 80236 24642 6704 2488 430 24257 22963
is_linear=0
shrinkage=0.05


Tree=16
num_leaves=31
num_cat=0
split_feature=2 10 11 11 10 12 10 9 7 6 8 13 4 11 12 13 10 8 5 10 10 11 3 10 13 5 10 11 10 12
split_gain=187546 58801 58226.1 56628.3 66297.6 47065 29896.2 28463 42368.6 38208.3 33288.5 35213.6 25558.9 24507.6 35600.6 39114.4 50438.3 79382.1 23620.5 22725.1 23129.1 22222.9 19574.9 32445 29742.6 31530.9 19572.1 17798.8 59509.2 27338.2
threshold=1.0000000180025095e-35 0.081675637513399138 -0.9469526708126067 -0.81401595473289479 -0.55601230263710011 16.750000000000004 -0.40542197227478022 30.336795806884769 27.464221954345707 12.495853900909426 20.867640495300297 81.250000000000014 3.9543625116348271 0.21771516650915149 15.250000000000002 78.750000000000014 -0.61188074946403492 3.1355441808700566 29.501658439636234 -0.20088869333267209 1.0000000180025095e-35 0.11593030393123628 32.19691467285157 -0.08167563751339911 81.250000000000014 32.359636306762702 -0.25118774175643915 -0.10737737268209456 -0.99052327871322621 17.250000000000004
decision_type=2 2 2 2 2 2 2 2 2 2 2 2 2 2 2 2 2 2 2 2 2 2 2 2 2 2 2 2 2 2
left_child=3 2 5 -1 13 -2 12 8 -7 -10 26 18 -4 21 15 -15 -17 -18 -12 -9 22 -5 23 -21 25 -25 -11 28 -14 -30
right_child=1 -3 6 4 -6 7 -8 19 9 10 11 -13 27 14 -16 16 17 -19 -20 20 -22 -23 -24 24 -26 -27 -28 -29 29 -31
leaf_value=0.049953271614210946 0.064279319783936056 -0.010012669940330369 0.044915977205256752 0.042811964286657886 -0.065477278838442593 0.069396021230848592 -0.064482228981174353 0.010429349496949531 0.38829989621175948 1.1530093446511913 1.1265590065128861 0.32615837395191194 0.71255855735845308 0.017052490131021288 -0.061839515215114653 0.25290427327230908 0.11557879232127091 2.8059479771611784 2.4164814365197378 0.34683417181034826 0.08399819872841531 0.25101603720327054 0.2064299506564376 2.0600501703627319 0.370643567344278 0.78543518354177233 0.29890123369582627 0.06104358473631858 0.032068563694596236 0.20257753036598536
leaf_weight=18290 3943 18795 22056 14489 94991 488 3911 1006 703 108 62 50 476 3025 13941 896 58 52 83 1071 1074 1406 1146 81 152 121 177 6483 3695 6462
leaf_count=18290 3943 18795 22056 14489 94991 488 3911 1006 703 108 62 50 476 3025 13941 896 58 52 83 1071 1074 1406 1146 81 152 121 177 6483 3695 6462
internal_value=1.89421e-10 0.066038 0.0928314 -0.0323768 -0.0440627 0.199846 0.067334 0.284398 0.461396 0.6231 0.966986 1.47037 0.0804947 0.0160016 -0.0239988 0.106871 0.376953 1.38739 1.86493 0.220807 0.27887 0.0612288 0.360275 0.483999 0.898982 1.29654 0.622563 0.126342 0.166155 0.140548
internal_weight=219291 72143 53348 147148 128858 10265 43083 6322 1671 1183 480 195 39172 33867 17972 4031 1006 110 145 4651 3645 15895 2571 1425 354 202 285 17116 10633 10157
internal_count=219291 72143 53348 147148 128858 10265 43083 6322 1671 1183 480 195 39172 33867 17972 4031 1006 110 145 4651 3645 15895 2571 1425 354 202 285 17116 10633 10157
is_linear=0
shrinkage=0.05


Tree=17
num_leaves=31
num_cat=0
split_feature=8 11 10 0 10 11 10 10 0 5 0 12 9 10 10 11 11 13 12 4 10 1 13 10 5 10 10 11 3 11
split_gain=171225 63948.5 54059.2 49738.3 36039.8 30472.3 56145.4 58945.7 60705.8 42577.6 33028.3 26207.4 28674.7 29786.8 23342.9 30734.4 22104.4 18814.9 18679.2 17603.9 17152.5 38105.6 23816 20762 16460.8 23819.7 16376.6 15921.7 17931.8 19335.7
threshold=0.27924837172031408 -0.038720846176147454 0.39753912389278417 11.333653450012209 -0.97505551576614369 -0.67758968472480763 -0.63874351978301991 -0.67760851979255665 29.662833213806156 28.443181037902836 58.903915405273445 16.750000000000004 31.823954582214359 -0.99052327871322621 0.064507851377129569 -0.9469526708126067 0.01290981797501445 79.250000000000014 16.750000000000004 4.339790105819703 -0.25118774175643915 32.330865859985359 80.250000000000014 -0.18399664759635923 32.714302062988288 0.012910176534205677 -0.99628895521163929 -0.93533331155776966 31.141479492187504 -0.98798605799674977
decision_type=2 2 2 2 2 2 2 2 2 2 2 2 2 2 2 2 2 2 2 2 2 2 2 2 2 2 2 2 2 2
left_child=1 2 11 14 16 6 7 9 19 10 -5 26 -13 -14 15 18 -3 -17 -2 -9 21 -20 -23 -22 -15 -26 -1 28 29 -8
right_child=3 4 -4 5 -6 -7 27 8 -10 -11 -12 12 13 24 -16 17 -18 -19 20 -21 23 22 -24 -25 25 -27 -28 -29 -30 -31
leaf_value=0.31029092290062987 0.067739197184576022 -0.11611259900916245 -0.034171084240731862 0.56584203604538486 -0.062091950689510816 0.074138196965684258 0.6236365702639266 0.31155169014211581 2.5000249322963088 0.021854045837273343 2.0281514368220872 -0.0021289890594714217 0.79740870169640243 0.073209043841587315 -0.0061236645981934791 0.015390229841657785 0.14593998336546271 0.090950131250964308 0.2148949881400386 1.4180297403012292 -0.091942496977932428 1.4325605670877157 0.4817769760832839 0.2476417275460181 0.32421817873370701 0.10249979764515159 0.0093384763524345538 0.063699499187169772 0.13437877725719147 0.25093593272955073
leaf_weight=466 2741 1055 30934 159 88744 5519 492 92 73 353 51 3656 182 3804 15196 19382 3392 14330 601 59 561 126 138 2277 2397 2449 15078 1946 1849 1189
leaf_count=466 2741 1055 30934 159 88744 5519 492 92 73 353 51 3656 182 3804 15196 19382 3392 14330 601 59 561 126 138 2277 2397 2449 15078 1946 1849 1189
internal_value=1.18166e-10 -0.0293473 0.0114025 0.0665147 -0.0551315 0.159797 0.235281 0.630175 1.3162 0.357228 0.920974 0.061694 0.115631 0.164378 0.046659 0.0666332 0.083771 0.0475086 0.166684 0.743884 0.239924 0.434844 0.93556 0.180515 0.151059 0.212169 0.0183609 0.178528 0.24183 0.360019
internal_weight=219291 152157 58966 67134 93191 11782 6263 787 224 563 210 28032 12488 8832 55352 40156 4447 33712 6444 151 3703 865 264 2838 8650 4846 15544 5476 3530 1681
internal_count=219291 152157 58966 67134 93191 11782 6263 787 224 563 210 28032 12488 8832 55352 40156 4447 33712 6444 151 3703 865 264 2838 8650 4846 15544 5476 3530 1681
is_linear=0
shrinkage=0.05


Tree=18
num_leaves=31
num_cat=0
split_feature=11 10 10 12 13 10 2 10 13 1 5 7 10 12 13 10 10 8 12 3 10 9 10 13 10 0 10 7 9 9
split_gain=157100 96519.3 86383.5 78462 43528.4 50921.5 41601.6 28278.8 41235.1 52646.5 31068.4 27076 28222.6 37330.1 45413.7 52563.6 32119 85988.5 27611.8 24793.4 23040.5 32353.3 21812.4 28229.4 28736.4 38588.3 28441.6 30133.8 24220.1 24025.5
threshold=-0.37370587885379786 -0.57023701071739186 0.081675637513399138 17.750000000000004 77.750000000000014 -0.91585582494735707 21.745800971984867 -0.15005400776863095 81.250000000000014 31.775575637817386 32.359636306762702 24.51005840301514 -0.96683886647224415 15.250000000000002 79.250000000000014 -0.90880924463272084 -0.61188074946403492 4.3712267875671396 12.750000000000002 33.179183959960945 -0.70252096652984608 29.189107894897464 -0.69016700983047474 82.250000000000014 -0.62540480494499195 13.851084709167482 -0.3334656953811645 32.910375595092781 31.128382682800297 28.646040916442875
decision_type=2 2 2 2 2 2 2 2 2 2 2 2 2 2 2 2 2 2 2 2 2 2 2 2 2 2 2 2 2 2
left_child=2 11 3 -1 -5 -6 22 -8 9 10 -9 18 -13 14 -14 -16 20 -18 -2 -15 21 -17 -7 24 25 29 27 -26 -28 -24
right_child=1 -3 -4 4 5 6 7 8 -10 -11 -12 12 13 19 15 16 17 -19 -20 -21 -22 -23 23 -25 26 -27 28 -29 -30 -31
leaf_value=0.04473919474148394 0.022133975256891814 -0.063699242255782954 -0.00066082970889657072 0.042045786345997926 0.7846303592966154 0.068231536958034897 0.31655090115268425 2.0998991880749092 0.141084828156472 0.18257281207940082 0.62001125608384611 0.071826278792505693 0.021812649532805095 -0.0570902456429421 -0.064039435719247917 1.2489538246393206 -0.13200692325257338 2.6916140205625978 1.4523187907996462 0.21356386933738822 0.010794813771333013 0.40678044647720413 -0.20189840927583363 0.079125450361863678 0.018619827067730934 1.6116799304882687 0.55503424434983539 0.4775785824691281 0.23853357467586533 0.65115664251696537
leaf_weight=25752 68 89043 38592 4440 390 3764 1860 122 162 91 50 18059 6953 19275 612 140 52 56 67 885 252 615 109 2606 1789 84 948 447 1668 340
leaf_count=25752 68 89043 38592 4440 390 3764 1860 122 162 91 50 18059 6953 19275 612 140 52 56 67 885 252 615 109 2606 1789 84 948 447 1668 340
internal_value=-1.11821e-10 -0.0330943 0.0541181 0.101494 0.178949 0.221072 0.205418 0.400631 0.768607 1.15514 1.6697 0.0248457 0.0228103 -0.00788243 0.0788112 0.308291 0.512655 1.33209 0.731929 -0.0452089 0.42477 0.562945 0.167471 0.214216 0.279592 0.628082 0.24131 0.110371 0.353229 0.444068
internal_weight=219291 136077 83214 44622 18870 14430 14040 2285 425 263 172 47034 46899 28840 8680 1727 1115 108 135 20160 1007 755 11755 7991 5385 533 4852 2236 2616 449
internal_count=219291 136077 83214 44622 18870 14430 14040 2285 425 263 172 47034 46899 28840 8680 1727 1115 108 135 20160 1007 755 11755 7991 5385 533 4852 2236 2616 449
is_linear=0
shrinkage=0.05


Tree=19
num_leaves=31
num_cat=0
split_feature=0 8 10 8 11 0 11 10 10 5 11 6 11 11 10 11 9 11 10 11 12 5 13 11 13 12 9 12 10 10
split_gain=142451 59118.6 33577.7 32122.3 26238.1 24991.1 31426.1 78221 71465.6 36129.3 24360.9 18660.9 28636 17890.7 20944.3 18833.6 46228.3 17800.3 21544.5 16604.4 30285.4 69480.8 32018.9 18451.3 19164.6 16111.8 23261.9 15518 14922.8 28676.8
threshold=2.0738124847412114 0.30351445078849798 -0.91585582494735707 4.1271648406982431 -0.40541070699691767 28.957439422607425 -0.67758968472480763 -0.63874351978301991 -0.69016700983047474 28.214782714843754 -0.30900555849075312 17.521893501281742 -0.97502842545509327 0.70860043168067943 0.38168568909168249 0.69635042548179638 29.382980346679691 -0.91583034396171559 -0.46735489368438715 0.60503363609313976 15.250000000000002 31.402622222900394 78.250000000000014 0.30080866813659674 80.250000000000014 16.750000000000004 33.870700836181648 17.750000000000004 -0.57023701071739186 -0.61188074946403492
decision_type=2 2 2 2 2 2 2 2 2 2 2 2 2 2 2 2 2 2 2 2 2 2 2 2 2 2 2 2 2 2
left_child=1 2 10 13 -4 -5 7 8 9 -7 25 -9 -13 14 15 -2 -17 27 19 23 21 22 -21 24 -19 -1 -27 -3 29 -24
right_child=3 17 4 5 -6 6 -8 11 -10 -11 -12 12 -14 -15 -16 16 -18 18 -20 20 -22 -23 28 -25 -26 26 -28 -29 -30 -31
leaf_value=0.05232456472758959 0.076949029458441176 0.04170389659197743 -0.0037223563616758334 0.1067225375946397 -0.057118357756125199 1.659630537767341 0.08284803077192078 0.14258896124962886 2.8790463551327035 0.16290073867397595 0.033758299564627427 0.9515535574249715 0.10213872982843503 -0.073702306671698234 -0.025178434095854144 1.8644220101482727 0.055815998076096829 0.018757122959034811 -0.03887864853357547 0.01307648254535798 -0.015525688218080756 1.8572211663487932 0.46607571019596927 -0.086349047518804511 0.14867825491329698 0.3769515215976002 1.4029709070003951 0.18185072032347382 0.055343272028461336 1.4956528706760968
leaf_weight=296 22672 4979 30587 13280 92834 69 1176 842 54 97 7440 214 185 2777 5853 51 115 11174 11764 658 1165 71 331 2884 3805 368 65 3274 126 85
leaf_count=296 22672 4979 30587 13280 92834 69 1176 842 54 97 7440 214 185 2777 5853 51 115 11174 11764 658 1165 71 331 2884 3805 368 65 3274 126 85
internal_value=-1.34165e-10 -0.0211577 -0.0373875 0.076757 -0.0438854 0.134641 0.275238 0.430097 1.29902 0.785035 0.060786 0.276058 0.557715 0.0474785 0.0592075 0.0808343 0.611472 0.0318159 0.0149602 0.0461617 0.168618 0.337405 0.247483 0.0294621 0.05176 0.336625 0.530973 0.0973007 0.532057 0.676446
internal_weight=219291 171906 131590 47385 123421 15917 2637 1461 220 166 8169 1241 399 31468 28691 22838 166 40316 32063 20299 2436 1271 1200 17863 14979 729 433 8253 542 416
internal_count=219291 171906 131590 47385 123421 15917 2637 1461 220 166 8169 1241 399 31468 28691 22838 166 40316 32063 20299 2436 1271 1200 17863 14979 729 433 8253 542 416
is_linear=0
shrinkage=0.05


Tree=20
num_leaves=31
num_cat=0
split_feature=11 10 10 12 13 10 2 10 9 10 10 1 7 5 0 10 10 9 13 7 13 10 12 13 10 8 10 9 13 1
split_gain=130395 78819.5 72841.6 67690.1 39720 38438.9 36021.5 31975.9 44588.3 27350.9 103366 30483.1 25573.3 25275 24947.1 23463.1 26878.9 43592.3 28796.1 23230.1 26364.5 23618 32324.9 37253.3 47153.2 58635.5 32000.5 22278.2 21763.8 28465
threshold=-0.37370587885379786 -0.57023701071739186 0.081675637513399138 17.250000000000004 77.250000000000014 -0.91585582494735707 18.890501022338871 -0.15005400776863095 30.336795806884769 -0.62540480494499195 -0.69016700983047474 25.582847595214847 32.869796752929695 32.426193237304695 28.229519844055179 -0.31718835234642023 -0.28435654938220972 29.603873252868656 80.750000000000014 24.51005840301514 76.750000000000014 -0.96683886647224415 15.750000000000002 79.250000000000014 -0.61188074946403492 4.3712267875671396 -0.90880924463272084 33.274934768676765 80.750000000000014 31.775575637817386
decision_type=2 2 2 2 2 2 2 2 2 2 2 2 2 2 2 2 2 2 2 2 2 2 2 2 2 2 2 2 2 2
left_child=2 19 3 -1 -5 12 15 9 -9 10 11 -8 27 -14 -12 -7 17 18 -17 20 -2 -21 23 -23 26 -26 -25 -6 29 -10
right_child=1 -3 -4 4 5 6 7 8 28 -11 14 -13 13 -15 -16 16 -18 -19 -20 21 -22 22 -24 24 25 -27 -28 -29 -30 -31
leaf_value=0.032138661169265913 -0.026778439065413689 -0.057807300056034766 -0.00099804810133779349 0.012728282203064996 0.28016156449412716 0.097108307797839022 1.2856267387261155 2.0421526067521216 1.2051351396647911 0.097102855603502944 1.0519615744549187 0.13257574785851237 2.0550316690043973 0.52497114946819712 2.2110715599730613 1.9181535236936593 0.19731717317340319 0.2242558667133373 0.49753368033036111 0.065162283967266518 1.3707316809717347 0.016426361260301368 -0.04624959118240328 -0.069377673863262421 0.11500172530493094 2.2722244243773204 0.35504296497513788 1.4037224584350401 0.15553351109807112 0.22865541210339871
leaf_weight=22644 67 89043 38592 3996 327 9748 61 53 179 1370 169 950 55 53 64 84 4151 246 62 18059 68 7961 18864 714 63 63 1175 51 231 128
leaf_count=22644 67 89043 38592 3996 327 9748 61 53 179 1370 169 950 55 53 64 84 4151 246 62 18059 68 7961 18864 714 63 63 1175 51 231 128
internal_value=4.01408e-10 -0.0301506 0.0493042 0.0928089 0.155318 0.187004 0.17482 0.326315 0.658459 0.251221 0.420949 0.202147 0.625623 1.30417 1.37034 0.140845 0.234691 0.630456 1.31488 0.0222081 0.677153 0.0203228 -0.00775475 0.0650366 0.257089 1.19361 0.194621 0.431753 0.522147 0.798004
internal_weight=219291 136077 83214 44622 21978 17982 17496 3205 591 2614 1244 1011 486 108 233 14291 4543 392 146 47034 135 46899 28840 9976 2015 126 1889 378 538 307
internal_count=219291 136077 83214 44622 21978 17982 17496 3205 591 2614 1244 1011 486 108 233 14291 4543 392 146 47034 135 46899 28840 9976 2015 126 1889 378 538 307
is_linear=0
shrinkage=0.05


Tree=21
num_leaves=31
num_cat=0
split_feature=2 11 10 10 11 12 1 9 10 5 13 2 8 11 10 12 1 13 4 7 5 11 12 13 10 9 12 8 9 10
split_gain=119587 50374.2 49128.2 34952.8 52177.2 38531.9 54742.1 49167.2 32677.5 44956.8 24564.2 28435.2 21603.1 19630.6 34058.4 21206.3 28868.9 22481.6 20590.5 19864.2 34153.3 17945.3 43279.8 40286.7 24017.5 20340.2 23117.8 18445.4 17342.3 33344.2
threshold=1.3277066946029665 -0.81401595473289479 -0.3415676057338714 0.012910176534205677 -0.98518359661102284 18.250000000000004 31.557967185974125 32.223348617553718 -0.1330134719610214 30.728355407714847 80.750000000000014 21.241452217102054 13.607872009277346 -0.10737737268209456 -0.99052327871322621 17.750000000000004 25.582847595214847 79.750000000000014 6.1263427734375009 29.605284690856937 30.346482276916507 0.21771516650915149 15.750000000000002 78.750000000000014 -0.89391031861305226 31.959293365478519 15.750000000000002 3.434971928596497 29.189107894897464 -0.69016700983047474
decision_type=2 2 2 2 2 2 2 2 2 2 2 2 2 2 2 2 2 2 2 2 2 2 2 2 2 2 2 2 2 2
left_child=1 -1 21 4 5 -2 7 8 -7 12 11 -9 -10 14 18 -16 17 -17 -6 -20 -21 25 23 -23 -25 -3 -27 -26 29 -15
right_child=3 2 -4 -5 13 6 -8 10 9 -11 -12 -13 -14 28 15 16 -18 -19 19 20 -22 22 -24 24 27 26 -28 -29 -30 -31
leaf_value=0.045522537044925905 0.13130762466103837 0.0049473073360865715 -0.053875738917744456 -0.0031975115859278545 0.17588820756102602 0.70181766403622414 0.18099706363012713 0.3584260134038123 1.6886717368055273 0.60388863748974275 -0.037508715698895467 1.487007814974979 3.1309955174922948 0.25972799420201653 0.038910417885452193 0.29397025443613528 0.12617021263896058 1.4079134549026366 0.040953795835151373 1.5954421812752346 0.44336557885498007 0.010206611696481124 -0.058865136421288822 -0.023857214911663382 0.24760437644311076 0.0021451510265212831 0.17464666349314462 0.61309788769020557 -0.015597665746559096 -0.03583602720302561
leaf_weight=24384 2002 13921 92174 13772 360 129 782 159 54 54 163 86 50 1902 10990 110 11048 77 83 111 153 5821 19672 551 1146 3265 4794 494 9069 1915
leaf_count=24384 2002 13921 92174 13772 360 129 782 159 54 54 163 86 50 1902 10990 110 11048 77 83 111 153 5821 19672 551 1146 3265 4794 494 9069 1915
internal_value=-4.2547e-10 -0.020863 -0.0322756 0.0653468 0.0893689 0.274234 0.467963 0.79085 1.29227 1.77435 0.438134 0.754581 2.3821 0.071413 0.0991605 0.0882925 0.136598 0.752653 0.440803 0.715643 0.927761 0.00781308 -0.0189677 0.0789931 0.261743 0.0415437 0.10476 0.357698 0.0220333 0.111443
internal_weight=219291 166222 141838 53069 39297 3479 1477 695 287 158 408 245 104 35818 22932 22225 11235 187 707 347 264 49664 27684 8012 2191 21980 8059 1640 12886 3817
internal_count=219291 166222 141838 53069 39297 3479 1477 695 287 158 408 245 104 35818 22932 22225 11235 187 707 347 264 49664 27684 8012 2191 21980 8059 1640 12886 3817
is_linear=0
shrinkage=0.05


Tree=22
num_leaves=31
num_cat=0
split_feature=0 8 11 12 10 4 0 10 1 10 3 11 11 1 10 5 9 13 2 11 7 10 8 9 10 10 10 11 9 10
split_gain=108697 44568.3 26110.2 51605.7 37658.7 46901.3 29660.9 36148.5 25830.1 25717.8 25362 20642.5 19983.8 85058.4 29142.7 30472.3 21635.4 27196 24673.2 18124.5 16697.1 25926.2 15574.5 15118.2 14791.3 14354.8 13973.6 22932.9 26661.3 30161.2
threshold=2.0738124847412114 0.30351445078849798 -0.67758968472480763 17.750000000000004 -0.62540480494499195 44.523046493530281 35.414232254028327 -0.67760851979255665 28.233153343200687 -0.91585582494735707 26.790010452270511 -0.30900555849075312 -0.98798605799674977 27.678379058837894 0.012910176534205677 32.359636306762702 34.05976867675782 81.250000000000014 20.427454948425297 -0.5702211558818816 32.356470108032234 -0.50495636463165272 0.17694809287786487 27.648724555969242 0.41327477991580969 0.41327477991580969 -0.67760851979255665 0.59123954176902782 28.793961524963382 -0.70252096652984608
decision_type=2 2 2 2 2 2 2 2 2 2 2 2 2 2 2 2 2 2 2 2 2 2 2 2 2 2 2 2 2 2
left_child=1 9 3 -2 5 6 -5 10 -7 11 -8 -1 13 -6 15 16 17 18 -15 -11 -14 -22 -17 -3 -23 -25 27 -4 29 -29
right_child=2 23 26 4 12 8 7 -9 -10 19 -12 -13 20 14 -16 22 -18 -19 -20 -21 21 24 -24 25 -26 -27 -28 28 -30 -31
leaf_value=0.30726014962023834 0.029017652470309852 -0.053435503029385593 0.041891186165878426 0.23029294969432268 1.8731168173532933 2.0512369427371482 1.2595629926313434 1.8388858628473177 0.53962563085556037 0.00027686142048209591 -0.091283614749319106 0.028465135916073442 0.028642452791122583 0.69439299159663193 0.012322056213545991 0.46342087150808492 -0.32535163652896881 0.37827812059141408 1.7044614572112806 -0.047786889881802699 0.50854179777895392 0.19760092530793813 0.032150583074499785 0.055655952213056914 -0.040960053687504862 -0.022342294663152556 -0.027048888248299242 0.88802578682820377 0.060288629754248896 0.058756654805311281
leaf_weight=729 10735 5046 17419 1051 80 65 57 67 50 24463 89 7440 3564 139 1022 326 50 231 107 98958 518 2178 585 27781 926 7489 7070 283 594 179
leaf_count=729 10735 5046 17419 1051 80 65 57 67 50 24463 89 7440 3564 139 1022 326 50 231 107 98958 518 2178 585 27781 926 7489 7070 283 594 179
internal_value=3.87171e-10 -0.0184818 0.0670492 0.10719 0.182757 0.427285 0.339331 0.877353 1.39401 -0.0325735 0.436102 0.0533447 0.148087 0.268637 0.216459 0.361541 0.664161 0.767883 1.13373 -0.0382603 0.105476 0.18108 0.18648 0.0275132 0.126432 0.0390943 0.0327308 0.0556072 0.281856 0.566729
internal_weight=219291 171906 47385 21840 11105 1379 1264 213 115 131590 146 8169 9726 2540 2460 1438 527 477 246 123421 7186 3622 911 40316 3104 35270 25545 18475 1056 462
internal_count=219291 171906 47385 21840 11105 1379 1264 213 115 131590 146 8169 9726 2540 2460 1438 527 477 246 123421 7186 3622 911 40316 3104 35270 25545 18475 1056 462
is_linear=0
shrinkage=0.05


Tree=23
num_leaves=31
num_cat=0
split_feature=11 10 10 12 13 10 2 7 12 11 11 13 10 5 10 13 10 9 7 10 10 10 7 10 3 9 10 9 9 10
split_gain=99890.1 60358.5 55354 53391.6 34629.9 34516.4 28108.3 23090.8 22944 47532.3 27637.2 25997.8 47670.7 22743.3 21464.4 24939.6 39047.6 25749.5 43254.8 33996.1 21992 25942.3 34261.6 22941.4 22824.1 21311.2 20130.7 29834.7 19760.5 18925
threshold=-0.37370587885379786 -0.35769492387771601 0.081675637513399138 17.250000000000004 77.250000000000014 -0.91585582494735707 25.005523681640629 32.869796752929695 15.250000000000002 0.21771516650915149 -0.09024826809763907 79.250000000000014 -0.90880924463272084 32.426193237304695 -0.31718835234642023 81.250000000000014 -0.25118774175643915 30.777950286865238 27.556782722473148 -0.30081701278686518 -0.45972847938537592 -0.69016700983047474 32.289096832275398 -0.65189296007156361 32.532686233520515 32.024663925170906 -0.62540480494499195 29.230901718139652 33.274934768676765 -0.18399664759635923
decision_type=2 2 2 2 2 2 2 2 2 2 2 2 2 2 2 2 2 2 2 2 2 2 2 2 2 2 2 2 2 2
left_child=2 8 3 -1 -5 7 14 28 10 25 -2 -12 -13 -9 20 16 17 18 -16 -20 21 -7 26 24 -24 -10 27 -23 -6 -18
right_child=1 -3 -4 4 5 6 -8 13 9 -11 11 12 -14 -15 15 -17 29 -19 19 -21 -22 22 23 -25 -26 -27 -28 -29 -30 -31
leaf_value=0.027195218127594564 -0.072092841787116169 -0.054015953470947647 -0.00069686270527822972 0.0034537292824166864 0.25482850021679831 0.048674237191781322 0.31660265396513509 1.9388528488170018 0.019986272670871073 -0.050930955859728115 0.058908232894493796 -0.025293236107875906 0.40355972041496663 0.48744511278170466 0.020901092559278731 0.085649817030854086 -0.10401567450517582 0.23090728949755432 0.42079997484517451 1.7578746948674135 -0.064745761181921699 -0.14192250502460144 1.7982236807197332 0.31884499297535518 0.60204234434301185 0.14698189156382246 -0.025548777777794036 0.55216427370149046 1.3129991484623329 0.29069817163393724
leaf_weight=22644 3111 80601 38592 3996 327 4863 2323 55 9687 23940 11025 1080 1620 53 83 2084 360 170 68 158 1898 238 50 1310 197 5013 1310 443 51 1941
leaf_count=22644 3111 80601 38592 3996 327 4863 2323 55 9687 23940 11025 1080 1620 53 83 2084 360 170 68 158 1898 238 50 1310 197 5013 1310 443 51 1941
internal_value=-3.50147e-10 -0.0263892 0.0431534 0.081078 0.136594 0.16618 0.154635 0.581818 0.0137496 -0.00747567 0.0624633 0.0929627 0.232019 1.22659 0.129837 0.216415 0.314441 0.725152 0.997066 1.35557 0.0889881 0.123679 0.226483 0.402184 0.844184 0.0632944 0.089082 0.309591 0.397598 0.228944
internal_weight=219291 136077 83214 44622 21978 17982 17496 486 55476 38640 16836 13725 2700 108 15173 4864 2780 479 309 226 10309 8411 3548 1557 247 14700 1991 681 378 2301
internal_count=219291 136077 83214 44622 21978 17982 17496 486 55476 38640 16836 13725 2700 108 15173 4864 2780 479 309 226 10309 8411 3548 1557 247 14700 1991 681 378 2301
is_linear=0
shrinkage=0.05


Tree=24
num_leaves=31
num_cat=0
split_feature=6 11 10 11 1 8 10 10 4 10 10 9 12 2 10 0 9 7 6 1 5 10 1 10 5 1 5 10 5 9
split_gain=91058.9 30278.4 30885 27324.6 27734.7 22564.2 22094.2 21890.9 19257.5 22848.9 42878.1 87486.8 31545.5 47469.9 36663.4 29150 18459.8 34036.2 28890.3 25512.8 38385.7 29211.3 18992.5 18229.9 23270 53511.7 15237.9 13769.8 12105.4 11285.6
threshold=0.15877594053745273 -0.9469526708126067 0.030120026320219043 -0.038720846176147454 35.543157577514656 7.2715106010437021 -0.46735489368438715 -0.97505551576614369 12.275880813598635 -0.73831951618194569 -0.70252096652984608 27.258271217346195 17.750000000000004 32.237607955932624 -0.63874351978301991 54.775394439697273 30.86781215667725 28.436634063720707 12.275880813598635 28.618703842163089 29.645109176635746 -0.25118774175643915 31.712697982788089 -0.99273952841758717 30.408584594726566 31.806564331054691 27.816333770751957 -0.99052327871322621 28.801242828369144 30.048518180847172
decision_type=2 2 2 2 2 2 2 2 2 2 2 2 2 2 2 2 2 2 2 2 2 2 2 2 2 2 2 2 2 2
left_child=3 2 5 4 27 28 8 23 -3 -10 11 -11 -12 -14 -15 29 17 -7 -19 20 -20 22 -21 -5 25 26 -25 -1 -2 -13
right_child=1 6 -4 7 -6 16 -8 -9 9 10 12 15 13 14 -16 -17 -18 18 19 21 -22 -23 -24 24 -26 -27 -28 -29 -30 -31
leaf_value=0.19230239792915055 -0.048261746070703125 0.033909157767413177 0.018118960955518928 -0.018608801380126175 -0.030302676855460571 0.1225395103743715 -0.01283257885082271 -0.044217132483651708 0.068052621642997593 2.5772204396941447 -0.0019795233898412109 0.53909951006779966 0.2443258727325367 2.2201701794893056 0.39912717004951381 1.4954582050994591 0.13563993722992149 0.35613796482182125 0.59750246672537521 0.61149853463683812 2.482769647571776 0.21301646459398271 1.7847655423204689 0.89127487044396081 0.085593058498401486 1.9737547565389564 0.14835800089800874 0.031853802103983968 0.14298118249931416 -0.085837829749953076
leaf_weight=1406 1022 28661 5386 2403 27870 803 19331 88179 5813 55 1198 146 620 59 52 54 1438 723 54 70 54 172 68 87 1364 54 334 27325 4347 143
leaf_count=1406 1022 28661 5386 2403 27870 803 19331 88179 5813 55 1198 146 620 59 52 54 1438 723 54 70 54 172 68 87 1364 54 334 27325 4347 143
internal_value=2.26228e-11 0.0469207 0.112321 -0.0221247 0.00523395 0.1703 0.0304494 -0.0388799 0.0531847 0.121054 0.253455 0.725969 0.155964 0.414811 1.36707 0.429121 0.271461 0.371929 0.547441 0.878331 1.54014 0.647767 1.18963 0.0720668 0.190551 0.491948 0.301882 0.0397056 0.106578 0.229874
internal_weight=219291 70269 14137 149022 56601 8751 56132 92421 36801 8140 2327 398 1929 731 111 343 3382 1944 1141 418 108 310 138 4242 1839 475 421 28731 5369 289
internal_count=219291 70269 14137 149022 56601 8751 56132 92421 36801 8140 2327 398 1929 731 111 343 3382 1944 1141 418 108 310 138 4242 1839 475 421 28731 5369 289
is_linear=0
shrinkage=0.05


Tree=25
num_leaves=31
num_cat=0
split_feature=2 11 10 10 11 12 1 9 10 5 13 10 8 11 10 4 3 5 7 5 9 12 11 13 10 1 12 1 13 9
split_gain=83936.1 36331.9 33380.5 24918.1 40908.2 30157.7 44979.1 40724.4 29308.7 38718.6 21195.5 25240.6 17566.8 15312.3 31003.9 18467.4 18947.9 29031.2 34349.7 16714.1 15309.8 15734.6 20366.9 23857.6 25261.4 29619.7 15292.1 23460.1 18568.3 15090.9
threshold=1.3277066946029665 -0.83352491259574879 -0.3415676057338714 0.012910176534205677 -0.98518359661102284 18.250000000000004 31.557967185974125 32.223348617553718 -0.1330134719610214 30.728355407714847 80.750000000000014 -0.08167563751339911 13.607872009277346 -0.10737737268209456 -0.99052327871322621 6.1263427734375009 29.650210380554203 31.228696823120121 30.148729324340824 30.059331893920902 32.024663925170906 15.250000000000002 -0.07309242337942122 78.750000000000014 -0.80392050743103016 31.588481903076175 17.750000000000004 25.582847595214847 79.750000000000014 29.189107894897464
decision_type=2 2 2 2 2 2 2 2 2 2 2 2 2 2 2 2 2 2 2 2 2 2 2 2 2 2 2 2 2 2
left_child=1 -1 20 4 5 -2 7 8 -7 12 11 -9 -10 14 15 -6 -17 18 -18 -20 21 22 -3 -24 -25 -26 -16 28 -28 -15
right_child=3 2 -4 -5 13 6 -8 10 9 -11 -12 -13 -14 29 26 16 17 -19 19 -21 -22 -23 23 24 25 -27 27 -29 -30 -31
leaf_value=0.041185772395993553 0.11227350239311676 -0.051521142377522505 -0.044493709665515108 -0.003127948183516983 0.15871349807880406 0.59994333468435357 0.14998709542957872 0.28219459761737609 1.554395189550188 0.52946319311029377 -0.060044644014521337 1.3301995209924391 2.8550165449380875 0.098922807694626746 0.031332981826604482 0.016115956301135676 0.29623465968235846 0.12505767374017904 2.3969675972229907 1.1891590375666981 0.05385575251287459 -0.031314019176758301 0.043560892253295354 -0.012510546441118028 0.35099477035783117 1.5265531440837341 0.2527862045913935 0.10488729927597365 1.2651459784089747 -0.019584640202607528
leaf_weight=22776 2002 4041 93235 13772 360 129 782 153 54 54 163 92 50 3817 10990 84 62 86 54 61 12568 26147 5986 518 894 57 110 11048 77 9069
leaf_count=22776 2002 4041 93235 13772 360 129 782 153 54 54 163 92 50 3817 10990 84 62 86 54 61 12568 26147 5986 518 894 57 110 11048 77 9069
internal_value=-1.75399e-11 -0.0174787 -0.0267933 0.0547467 0.0750294 0.238718 0.410107 0.70279 1.15914 1.61569 0.381782 0.675731 2.17969 0.0591303 0.0836366 0.4096 0.669885 0.878694 1.24487 1.7563 0.00607382 -0.00987931 0.0388727 0.0878709 0.268429 0.421454 0.0732674 0.114287 0.66964 0.0155188
internal_weight=219291 166222 143446 53069 39297 3479 1477 695 287 158 408 245 104 35818 22932 707 347 263 177 115 50211 37643 11496 7455 1469 951 22225 11235 187 12886
internal_count=219291 166222 143446 53069 39297 3479 1477 695 287 158 408 245 104 35818 22932 707 347 263 177 115 50211 37643 11496 7455 1469 951 22225 11235 187 12886
is_linear=0
shrinkage=0.05


Tree=26
num_leaves=31
num_cat=0
split_feature=11 10 10 12 10 1 10 1 0 5 13 10 7 2 6 10 12 13 10 1 8 1 5 10 10 10 3 10 9 7
split_gain=77878.5 46386.3 41381.9 43053.2 35009 63533.3 36341.4 23557.3 22185.2 22032.5 23011.6 21445.7 54018.5 22046.4 18465.7 16170 36189.1 38844.3 36626.5 19704.4 18358.1 16065.5 15034.4 34292.7 56080 16634 19032.9 19851.6 14938.3 18896.2
threshold=-0.37370587885379786 -0.96683886647224415 0.012910176534205677 17.750000000000004 -0.15005400776863095 27.678379058837894 -0.91585582494735707 31.806564331054691 35.414232254028327 32.869735717773445 82.250000000000014 -0.08167563751339911 31.924151420593265 21.241452217102054 0.55672374367713939 -0.3415676057338714 15.750000000000002 78.750000000000014 -0.90880924463272084 33.693746566772468 3.3136918544769292 31.588481903076175 30.438410758972172 -0.61188074946403492 -0.57023701071739186 -0.70252096652984608 27.747601509094242 -0.80392050743103016 33.750249862670906 32.869796752929695
decision_type=2 2 2 2 2 2 2 2 2 2 2 2 2 2 2 2 2 2 2 2 2 2 2 2 2 2 2 2 2 2
left_child=2 -2 3 -1 6 -6 28 9 21 10 11 12 -7 -13 -9 16 17 -3 -19 -18 -20 -8 25 -24 -25 26 -22 -28 29 -5
right_child=1 15 -4 4 5 7 8 14 -10 -11 -12 13 -14 -15 -16 -17 19 18 20 -21 22 -23 23 24 -26 -27 27 -29 -30 -31
leaf_value=0.02962944479215749 0.051252885809615602 0.000886970527881364 0.0023289565043872126 0.23969429840684026 1.6901357613131403 1.2323833708336813 0.020683393312666998 0.3579294272251235 0.30583770981471264 0.17019527753693375 0.13214548518079403 0.86950755041092642 -0.18878898283311477 2.2078897845745087 -0.00070692978331202269 -0.047487218348853527 -0.04733999563015414 -0.058667526628391288 0.1807829338314792 0.48062916366027653 0.046361324416343559 0.12917846986459816 0.37258859998749005 2.5252268489515575 0.3842238448108688 0.13480305149547966 0.25459127841927742 1.4223157471614449 1.2887318990326353 0.99023894139372559
leaf_weight=24360 18090 9072 41004 343 80 151 7262 581 1092 398 151 80 120 50 939 79998 24581 1122 1903 178 86 6436 276 57 66 494 59 95 56 111
leaf_count=24360 18090 9072 41004 343 80 151 7262 581 1092 398 151 80 120 50 939 79998 24581 1122 1903 178 86 6436 276 57 66 494 59 95 56 111
internal_value=-6.24605e-10 -0.023301 0.0381033 0.0728555 0.131846 0.303367 0.10326 0.258451 0.08895 0.453771 0.658232 0.856335 0.603082 1.38427 0.136377 -0.0347317 -0.00787094 0.0588891 0.185439 -0.0435443 0.275653 0.0716598 0.434997 0.682033 1.3764 0.300709 0.6422 0.974941 0.518237 0.423198
internal_weight=219291 136077 83214 42210 17850 2550 15300 2470 14790 950 552 401 271 130 1520 117987 37989 13230 4158 24759 3036 13698 1133 399 123 734 240 154 510 454
internal_count=219291 136077 83214 42210 17850 2550 15300 2470 14790 950 552 401 271 130 1520 117987 37989 13230 4158 24759 3036 13698 1133 399 123 734 240 154 510 454
is_linear=0
shrinkage=0.05


Tree=27
num_leaves=31
num_cat=0
split_feature=0 10 11 12 13 9 8 12 11 11 10 9 10 7 10 9 10 6 3 11 10 0 10 5 12 11 1 8 6 10
split_gain=71150.5 28658.1 27908 22994.3 27931.1 22023.3 19353.6 18679.7 19071.1 17462.7 16022.5 19940.3 25600.3 19767 15733.2 24154.6 23279.2 25321.1 18676.5 15405.6 32807.3 53098.7 61069.8 27631.1 15412.4 13867.5 39759.2 19730.8 27039.3 17360.2
threshold=2.0738124847412114 0.20088869333267215 0.21771516650915149 15.250000000000002 79.250000000000014 27.648724555969242 4.1271648406982431 16.250000000000004 0.15004983544349673 -0.10737737268209456 -0.88606244325637806 31.823954582214359 -0.99052327871322621 30.371634483337406 -0.31718835234642023 30.016159057617191 -0.25118774175643915 10.366930007934572 32.230146408081062 -0.67758968472480763 -0.63874351978301991 29.662833213806156 -0.69016700983047474 28.39008712768555 18.750000000000004 -0.97502842545509327 31.557967185974125 17.516601562500004 29.545843124389652 -0.15005400776863095
decision_type=2 2 2 2 2 2 2 2 2 2 2 2 2 2 2 2 2 2 2 2 2 2 2 2 2 2 2 2 2 2
left_child=1 2 5 4 -4 -1 -2 -7 9 10 11 -9 -13 -14 18 16 17 -16 -12 20 21 -8 23 -23 -22 26 27 -26 29 -29
right_child=6 -3 3 -5 -6 7 19 8 -10 -11 14 12 13 -15 15 -17 -18 -19 -20 -21 24 22 -24 -25 25 -27 -28 28 -30 -31
leaf_value=-0.087951312126394565 0.031520553198818239 -0.035255018697582394 0.0044140162899818439 -0.041760323446022728 0.20782991839475795 0.0076679645229112336 0.21246603373256623 0.087460510674251452 0.30895531578631014 -0.0344690101565421 -0.055746424615127965 1.1068021369771552 1.2244189418852329 0.23135606688234983 0.2993214843537787 0.097054718622200248 0.095931834989204642 1.3374304394449006 0.10881450521653376 0.048857756292525027 0.055243766445048727 1.4096302893231898 2.6144772259088662 0.083499894707754097 0.35570250057795072 0.1125384838223395 0.020508989840465303 0.16038369438082903 1.8338092162377304 1.063284576974683
leaf_weight=3255 31468 86429 10102 34117 2026 16028 635 2288 871 3322 3999 97 52 1379 116 4470 205 119 3031 7778 4468 68 52 93 342 1672 531 97 63 118
leaf_count=3255 31468 86429 10102 34117 2026 16028 635 2288 871 3322 3999 97 52 1379 116 4470 205 119 3031 7778 4468 68 52 93 342 1672 531 97 63 118
internal_value=-8.27648e-11 -0.0149528 0.00557546 -0.0207392 0.0383949 0.036594 0.0542468 0.0478622 0.0801562 0.0697105 0.0916757 0.180865 0.320726 0.267442 0.0631711 0.131848 0.485322 0.825002 0.0152044 0.0991766 0.147264 0.441615 1.12476 0.643605 0.113028 0.204484 0.33805 0.610008 0.922859 0.655929
internal_weight=219291 171906 85477 46245 12128 39232 47385 35977 19949 19078 15756 3816 1528 1431 11940 4910 440 235 7030 15917 8139 848 213 161 7291 2823 1151 620 278 215
internal_count=219291 171906 85477 46245 12128 39232 47385 35977 19949 19078 15756 3816 1528 1431 11940 4910 440 235 7030 15917 8139 848 213 161 7291 2823 1151 620 278 215
is_linear=0
shrinkage=0.05


Tree=28
num_leaves=31
num_cat=0
split_feature=11 10 9 12 10 0 9 3 13 10 10 9 10 10 13 13 10 10 2 10 5 9 11 1 13 3 4 1 10 12
split_gain=66118.8 38925.1 36566.4 45920.6 30183.1 20089 16437.5 15462.5 24723.1 30363 52489.7 22582.5 14622.6 22907.5 14846.2 21440.5 19129.5 32681.8 15434.4 14465.6 18395.4 28942.5 27977.6 19718.1 19886.8 25499.8 17673.8 44401.7 13666.9 31079.7
threshold=-0.37370587885379786 -0.96683886647224415 37.566711425781257 17.750000000000004 -0.91585582494735707 24.954116821289066 27.648724555969242 27.481372833251957 79.750000000000014 -0.63874351978301991 -0.73831951618194569 29.918120384216312 0.44437406957149511 0.34964421391487127 77.750000000000014 82.250000000000014 -0.70252096652984608 -0.63874351978301991 12.292025089263918 -0.99984258413314808 31.343531608581547 31.823954582214359 -0.10737737268209456 31.380067825317386 80.250000000000014 30.38144683837891 0.12395858764648439 31.806564331054691 -0.3415676057338714 15.750000000000002
decision_type=2 2 2 2 2 2 2 2 2 2 2 2 2 2 2 2 2 2 2 2 2 2 2 2 2 2 2 2 2 2
left_child=2 19 3 -1 -5 6 -6 8 -7 10 -10 -12 13 14 -8 16 -16 18 -18 -2 21 -21 23 24 -23 -26 27 -24 29 -3
right_child=1 28 -4 4 5 7 12 -9 9 -11 11 -13 -14 -15 15 -17 17 -19 -20 20 -22 22 26 -25 25 -27 -28 -29 -30 -31
leaf_value=0.018152768385579048 -0.1204693972667877 0.054621399645526418 -0.031372177285851073 0.48398101249965386 -0.091708780022139794 0.11979968581468828 0.015229180734942969 0.15785347519695764 -0.032697577470239124 0.23316564873581933 1.2022997518832035 2.6110293459892273 -0.0089934266320095945 0.364298761157273 0.039822020779195624 0.033790061634725262 0.44803916626204715 0.17868886884421126 1.1147702335404313 0.066047517276396045 0.0033967888971922857 1.0834606000716274 -0.011724641951766328 0.11996225430875232 -0.21100016021451284 1.1527025714516641 0.049773539733207715 1.4326299666844566 -0.04366768751633094 -0.040305797283962996
leaf_weight=40374 1206 13230 16566 510 1306 310 4335 2011 58 155 66 50 3136 831 2226 4591 354 6220 115 7347 7942 230 137 152 86 57 846 87 79998 24759
leaf_count=40374 1206 13230 16566 510 1306 310 4335 2011 58 155 66 50 3136 831 2226 4591 354 6220 115 7347 7942 230 137 152 86 57 846 87 79998 24759
internal_value=1.34055e-10 -0.0214698 0.0351088 0.0516333 0.103081 0.0955414 0.0805918 0.225935 0.440196 0.74209 1.19544 1.80951 0.0909102 0.107689 0.0957369 0.121577 0.166786 0.209037 0.611523 0.0468254 0.058775 0.10796 0.301021 0.599978 0.795587 0.332574 0.154337 0.549252 -0.031941 -0.00724657
internal_weight=219291 136077 83214 66648 26274 25764 23114 2650 639 329 174 116 21808 18672 17841 13506 8915 6689 469 18090 16884 8942 1595 525 373 143 1070 224 117987 37989
internal_count=219291 136077 83214 66648 26274 25764 23114 2650 639 329 174 116 21808 18672 17841 13506 8915 6689 469 18090 16884 8942 1595 525 373 143 1070 224 117987 37989
is_linear=0
shrinkage=0.05


Tree=29
num_leaves=31
num_cat=0
split_feature=11 10 9 12 10 0 7 3 13 10 10 9 11 10 2 10 5 5 5 0 10 5 9 11 1 13 3 4 1 2
split_gain=59672.3 35129.9 33001.2 41443.4 27240.3 18130.4 15415.6 13954.9 22312.6 27402.6 47372 20380.7 13328.7 31253.9 17972.5 17438 80472.6 17018.9 13096.5 45918.6 13055.2 16601.8 26120.6 25249.8 17795.6 17947.8 23115.2 15950.6 40072.5 12972.8
threshold=-0.37370587885379786 -0.96683886647224415 37.566711425781257 17.750000000000004 -0.91585582494735707 24.954116821289066 27.262175559997562 27.481372833251957 79.750000000000014 -0.63874351978301991 -0.73831951618194569 29.918120384216312 -0.72658059000968922 -0.63874351978301991 14.349512100219728 -0.88606244325637806 29.389229774475101 31.798939704895023 32.325286865234382 0.43856677412986761 -0.99984258413314808 31.343531608581547 31.823954582214359 -0.10737737268209456 31.380067825317386 80.250000000000014 30.562795639038089 0.12395858764648439 31.806564331054691 13.851084709167482
decision_type=2 2 2 2 2 2 2 2 2 2 2 2 2 2 2 2 2 2 2 2 2 2 2 2 2 2 2 2 2 2
left_child=2 20 3 -1 18 6 -6 8 29 10 -10 -12 13 14 17 16 -14 -8 19 -5 -2 22 -22 24 25 -24 -27 28 -25 -7
right_child=1 -3 -4 4 5 7 12 -9 9 -11 11 -13 15 -15 -16 -17 -18 -19 -20 -21 21 -23 23 27 -26 26 -28 -29 -30 -31
leaf_value=0.017245129884980111 -0.11444592737837173 -0.030343909789900161 -0.029803567804536926 1.6604799363939535 -0.11406698359040585 0.7183014358515325 0.011617196421138943 0.14996080306534157 -0.031062698544099418 0.22150736425192125 1.1421847675334325 2.4804778804779053 2.1763583964705471 0.094031843256819736 0.92028501031195953 -0.0075828845466055219 0.11549355775076482 0.52442471980156891 0.13908202285422203 0.29455829803386463 0.062745142088241765 0.0032269494546121116 1.0292875673848652 -0.011138411192563329 0.11396413955249285 -0.17188414149814182 1.1443340489324534 0.047284862385230497 1.3609984748322388 -0.05926054779872978
leaf_weight=40374 1206 117987 16566 84 1014 69 284 2011 58 155 66 50 50 14701 144 5645 900 376 196 230 7347 7942 230 137 152 90 53 846 87 241
leaf_count=40374 1206 117987 16566 84 1014 69 284 2011 58 155 66 50 50 14701 144 5645 900 376 196 230 7347 7942 230 137 152 90 53 846 87 241
internal_value=2.21964e-10 -0.0203963 0.0333534 0.0490517 0.0979272 0.0907643 0.0765622 0.214639 0.418186 0.704985 1.13567 1.71904 0.0853087 0.110633 0.414184 0.0257705 0.22396 0.303762 0.459782 0.659964 0.0444841 0.0558363 0.102562 0.28597 0.569979 0.755808 0.315945 0.14662 0.52179 0.11381
internal_weight=219291 136077 83214 66648 26274 25764 23114 2650 639 329 174 116 22100 15505 804 6595 950 660 510 314 18090 16884 8942 1595 525 373 143 1070 224 310
internal_count=219291 136077 83214 66648 26274 25764 23114 2650 639 329 174 116 22100 15505 804 6595 950 660 510 314 18090 16884 8942 1595 525 373 143 1070 224 310
is_linear=0
shrinkage=0.05


Tree=30
num_leaves=31
num_cat=0
split_feature=8 11 1 0 9 11 10 10 3 10 11 12 7 10 10 10 10 5 7 10 9 11 9 12 6 5 3 13 10 12
split_gain=55666.6 25453 22978.3 18237.1 16343.9 14999.9 43820.3 48359.3 27227.6 14963.9 19788.8 14244.2 16421 25078.4 14027.2 13962.7 15719 12944 20427.1 18733 16281.7 11429.9 14369.8 20862.2 13943.6 14358.3 27133.2 26504.5 32748 21533.9
threshold=2.1632907390594487 -0.038720846176147454 36.329019546508796 24.954116821289066 27.648724555969242 -0.67758968472480763 -0.63874351978301991 -0.67760851979255665 27.277895927429203 -0.97505551576614369 0.01290981797501445 16.250000000000004 32.391918182373054 0.012910176534205677 -0.99628895521163929 -0.20088869333267209 -0.50495636463165272 30.408584594726566 32.091838836669929 -0.99939814209938038 31.424944877624515 -0.90878397226333607 30.83834266662598 16.250000000000004 6.2239048480987558 31.673925399780277 29.581087112426761 80.750000000000014 -0.30081701278686518 18.250000000000004
decision_type=2 2 2 2 2 2 2 2 2 2 2 2 2 2 2 2 2 2 2 2 2 2 2 2 2 2 2 2 2 2
left_child=1 2 11 4 -2 6 7 8 -5 10 -3 14 -13 15 -1 16 -14 18 -12 20 -19 22 23 -6 -25 26 -26 28 -28 -30
right_child=3 9 -4 5 21 -7 -8 -9 -10 -11 17 12 13 -15 -16 -17 -18 19 -20 -21 -22 -23 -24 24 25 -27 27 -29 29 -31
leaf_value=0.25976706557657736 -0.036682678659383593 -0.12056893139579215 -0.027586397436581409 0.94308130793919998 -0.0057063364349387927 0.043796492395856208 0.1495927329923486 1.9013489550153417 -0.1630006878483064 -0.034481493059005754 0.18432641885485435 0.011955434165072758 0.16673339053455671 0.030909635806724081 -0.0031396859807491075 0.30428995890790422 -0.096928748264042242 0.12700657559723794 1.0116335766669362 0.022087038361330857 1.1999671035911887 0.034456996254874722 0.05736420029249506 0.14363282191071566 0.1160204903889946 0.14450070476725449 0.3070186993838111 0.37634971299159686 0.92822212800383574 2.1132235668963051
leaf_weight=519 6127 1338 26838 121 962 1755 1832 75 103 93404 1108 10513 3770 6802 22600 1486 665 79 80 3149 64 26810 6986 1028 254 362 79 228 72 82
leaf_count=519 6127 1338 26838 121 962 1755 1832 75 103 93404 1108 10513 3770 6802 22600 1486 665 79 80 3149 64 26810 6986 1028 254 362 79 228 72 82
internal_value=-1.50825e-11 -0.0131354 0.00923224 0.0483136 0.0389371 0.152044 0.241191 0.802425 0.434481 -0.0296354 0.0481655 0.030549 0.0581958 0.0964041 0.00276233 0.171644 0.127199 0.0985598 0.240037 0.0475041 0.607213 0.0515059 0.0969729 0.187193 0.27535 0.401074 0.530976 0.759606 1.13464 1.5592
internal_weight=219291 172415 73193 46876 42990 3886 2131 299 224 99222 5818 46355 23236 12723 23119 5921 4435 4480 1188 3292 143 36863 10053 3067 2105 1077 715 461 233 154
internal_count=219291 172415 73193 46876 42990 3886 2131 299 224 99222 5818 46355 23236 12723 23119 5921 4435 4480 1188 3292 143 36863 10053 3067 2105 1077 715 461 233 154
is_linear=0
shrinkage=0.05


Tree=31
num_leaves=31
num_cat=0
split_feature=0 10 11 12 13 11 13 11 5 11 9 7 10 10 1 5 9 7 9 11 5 2 11 3 10 10 4 9 10 10
split_gain=50528.2 20560.9 16821.7 19196.2 25100.3 18854.4 16437.9 15302 14064 18704.2 16342.2 29652.1 14564 13007.8 22818.9 16371.6 17771.4 13414.6 11428.4 11160.4 10987.7 10917.7 19485.9 28160 13116.2 43749.2 20892.2 12639.6 10785.4 24216.2
threshold=2.0738124847412114 0.20088869333267215 0.21771516650915149 15.250000000000002 79.250000000000014 0.11593030393123628 80.250000000000014 0.73246693611145031 29.994977951049808 -0.92910701036453236 27.462376594543461 29.568634986877445 0.34964421391487127 -0.35769492387771601 32.466800689697273 30.618477821350101 30.396374702453617 30.612108230590824 27.731657028198246 -0.81401595473289479 27.816333770751957 14.839941978454592 -0.99049577116966236 29.6171989440918 -0.444374069571495 -0.72660079598426808 48.942388534545906 32.024663925170906 0.72066047787666332 0.77758994698524486
decision_type=2 2 2 2 2 2 2 2 2 2 2 2 2 2 2 2 2 2 2 2 2 2 2 2 2 2 2 2 2 2
left_child=1 2 5 4 -4 6 18 8 21 10 11 -10 -12 14 15 -6 17 -17 -1 -3 -7 28 23 -23 25 -24 27 -27 -2 -30
right_child=7 19 3 -5 13 20 -8 -9 9 -11 12 -13 -14 -15 -16 16 -18 -19 -20 -21 -22 22 24 -25 -26 26 -28 -29 29 -31
leaf_value=-0.08715132248777907 0.057321595694021413 0.018346289815532723 0.006174248938187455 -0.034849614805333405 0.20639963353927243 0.70630109725740331 0.088320302575662105 -0.058120267891667382 -0.00035323514995804753 0.011549661412651003 0.080207540815856085 1.4383279413457901 0.64643416529116426 0.052967035473891713 -0.042540458550422711 0.69061959331088207 0.45899936381154333 1.735631410105686 0.014744342227243438 -0.036502745363285488 0.15030061423040947 -0.025076457430367117 0.087134568322952924 1.5426618135366283 0.0069377454814300151 0.33660994077730644 1.1557329591001029 1.0039593680313341 1.2998663862901074 -0.086468414465586341
leaf_weight=3066 7773 10566 10102 34117 377 93 7228 3301 83 22637 9093 63 115 870 330 68 325 56 26850 75863 1995 54 2120 61 1191 572 113 81 56 72
leaf_count=3066 7773 10566 10102 34117 377 93 7228 3301 83 22637 9093 63 115 870 330 68 325 56 26850 75863 1995 54 2120 61 1191 572 113 81 56 72
internal_value=-8.12174e-11 -0.0126009 0.00478714 -0.0156429 0.0383872 0.0288692 0.0206509 0.0457143 0.0534894 0.0361259 0.0956011 0.620448 0.0872792 0.199007 0.308916 0.449328 0.653301 1.16256 0.00430136 -0.0297974 0.175065 0.0994231 0.164646 0.806506 0.146541 0.204153 0.528015 0.41939 0.0648181 0.520053
internal_weight=219291 171906 85477 46245 12128 39232 37144 47385 44084 31991 9354 146 9208 2026 1156 826 449 124 29916 86429 2088 12093 4192 115 4077 2886 766 653 7901 128
internal_count=219291 171906 85477 46245 12128 39232 37144 47385 44084 31991 9354 146 9208 2026 1156 826 449 124 29916 86429 2088 12093 4192 115 4077 2886 766 653 7901 128
is_linear=0
shrinkage=0.05


Tree=32
num_leaves=31
num_cat=0
split_feature=8 11 1 0 9 11 10 10 5 12 7 10 10 10 11 12 5 7 10 9 10 10 2 11 9 11 9 12 5 13
split_gain=46698.2 21174.7 19110.7 15581.2 14168.6 12849 38789.4 43073.5 24129.8 12253.8 15359.6 31305.2 12773.9 11939.8 17407.2 11924.6 11467 47231.5 17271 11824.1 10424.9 23274 18161.5 13249.4 10823 9859.24 12914.8 18559.4 12790.9 15892.6
threshold=2.1632907390594487 -0.038720846176147454 36.329019546508796 24.954116821289066 27.648724555969242 -0.67758968472480763 -0.63874351978301991 -0.67760851979255665 28.155348777771 16.250000000000004 32.953380584716804 0.012910176534205677 -0.9976210594177245 -0.97505551576614369 0.01290981797501445 18.750000000000004 30.408584594726566 31.924151420593265 -0.99939814209938038 31.218770027160648 -0.62540480494499195 -0.69016700983047474 25.590339660644535 -0.98798605799674977 34.190166473388679 -0.90878397226333607 30.83834266662598 16.250000000000004 27.160553932189945 81.250000000000014
decision_type=2 2 2 2 2 2 2 2 2 2 2 2 2 2 2 2 2 2 2 2 2 2 2 2 2 2 2 2 2 2
left_child=1 2 9 4 -2 6 7 8 -5 12 20 -12 -1 14 -3 16 17 -16 19 -18 21 24 -23 -22 -11 26 27 -6 -29 -30
right_child=3 13 -4 5 25 -7 -8 -9 -10 10 11 -13 -14 -15 15 -17 18 -19 -20 -21 23 22 -24 -25 -26 -27 -28 28 29 -31
leaf_value=0.29713270771588068 -0.034823850604932149 -0.11583968304293941 -0.025206841268352334 1.0670423908969935 -0.0068971756854909715 0.039944732691707091 0.13645930281173291 1.7878028939167661 -0.0023917647485668177 0.024928062682692785 0.21314557767404774 0.032209531901436647 -0.0026425280908754815 -0.031409183319097873 0.18822702707428815 -0.046423384691484361 0.17397525638341904 1.5704086519552001 0.045514265863150605 1.261362441763282 0.10232751419245592 0.25894818820823462 1.1291533628807349 -0.077335062518384179 0.7356158838227943 0.031452332662051198 0.051964249688349229 -0.17595592680250763 0.4108932718886304 0.11990833021700383
leaf_weight=361 6127 1338 26838 85 962 1755 1832 75 139 6744 3796 6457 22758 93404 973 1184 50 66 2157 50 1352 507 68 4258 54 26810 6986 157 1160 788
leaf_count=361 6127 1338 26838 85 962 1755 1832 75 139 6744 3796 6457 22758 93404 973 1184 50 66 2157 50 1352 507 68 4258 54 26810 6986 157 1160 788
internal_value=1.35669e-10 -0.0120309 0.00837053 0.0442509 0.035584 0.140131 0.22264 0.750673 0.40342 0.0278107 0.0534532 0.099198 0.00203842 -0.0270804 0.0424156 0.0896803 0.138572 0.276027 0.0752952 0.717669 0.0173274 0.0564095 0.361859 -0.0340367 0.0305734 0.0472865 0.0895142 0.175045 0.258194 0.293185
internal_weight=219291 172415 73193 46876 42990 3886 2131 299 224 46355 23236 10253 23119 99222 5818 4480 3296 1039 2257 100 12983 7373 575 5610 6798 36863 10053 3067 2105 1948
internal_count=219291 172415 73193 46876 42990 3886 2131 299 224 46355 23236 10253 23119 99222 5818 4480 3296 1039 2257 100 12983 7373 575 5610 6798 36863 10053 3067 2105 1948
is_linear=0
shrinkage=0.05


Tree=33
num_leaves=31
num_cat=0
split_feature=0 6 11 10 11 10 2 12 1 12 10 9 5 11 10 10 3 13 10 9 12 13 4 10 10 13 5 10 7 0
split_gain=42664.1 21336.4 14661.5 15461.7 18122.8 33804.1 52973.7 22271.4 27123.4 13606.4 19228.4 20044.1 15616.9 17824.3 13016 16685.2 24469.5 25551.8 26633.3 44254.5 29000.6 24383.8 21060.4 12034.8 11582.8 11527.3 11516 10396.3 10038.7 13707.8
threshold=5.5630879402160653 0.30328859388828283 -0.9469526708126067 -0.40542197227478022 -0.72658059000968922 -0.63874351978301991 32.237607955932624 15.750000000000002 27.759128570556644 16.250000000000004 -0.28435654938220972 30.86781215667725 36.796823501586921 -0.97502842545509327 -0.030120026320219036 -0.15005400776863095 32.363410949707038 81.250000000000014 -0.08167563751339911 32.223348617553718 18.250000000000004 79.250000000000014 7.9900336265563974 -0.09881922602653502 -0.73831951618194569 77.750000000000014 29.961604118347172 -0.30081701278686518 33.372018814086921 54.775394439697273
decision_type=2 2 2 2 2 2 2 2 2 2 2 2 2 2 2 2 2 2 2 2 2 2 2 2 2 2 2 2 2 2
left_child=1 24 9 4 5 6 7 -4 -9 -2 11 25 13 14 15 28 17 18 19 20 -17 -22 -20 -21 -1 -11 -6 -27 29 -12
right_child=2 -3 3 -5 26 -7 -8 8 -10 10 12 -13 -14 -15 -16 16 -18 -19 22 23 21 -23 -24 -25 -26 27 -28 -29 -30 -31
leaf_value=0.014278359228923771 -0.0009143098166191463 0.019739164517260054 -0.29912475710389791 -0.030276525543230928 0.090304614081773538 0.091746719538405408 1.8052703159408912 1.5201076696316402 0.33816443571667065 0.27109636378449364 -0.067759314723387712 -0.21878158330917358 0.50407679648235892 -0.044975813978724036 0.064567506951824519 0.28722154720537907 0.06350307664316561 0.12459498424919285 0.79688171843998135 -0.36190843298321679 2.325851041291441 0.83674293946888723 2.0302792454352145 0.4284077410826857 -0.02526631050834683 0.52992918603122241 -3.1969435976904106e-05 1.3854548660867003 0.54110697771388072 0.49310329164598737
leaf_weight=21984 1909 47606 108 6708 5785 2676 70 57 327 74 647 65 268 1326 1661 69 405 245 80 105 56 54 61 89 117428 60 9042 87 108 131
leaf_count=21984 1909 47606 108 6708 5785 2676 70 57 327 74 647 65 268 1326 1661 69 405 245 80 105 56 54 61 89 117428 60 9042 87 108 131
internal_value=-2.08747e-10 -0.00916155 0.05309 0.034547 0.0586176 0.165782 0.518308 0.335204 0.513609 0.114339 0.153691 0.553044 0.132162 0.112373 0.168597 0.252886 0.377337 0.544798 0.745089 0.523802 1.09078 1.59483 1.33048 0.000659296 -0.0190305 0.780052 0.0352143 1.03626 0.0893858 0.026679
internal_weight=219291 187018 32273 24773 18065 3238 562 492 384 7500 5591 286 5305 5037 3711 2050 1164 759 514 373 179 110 141 194 139412 221 14827 147 886 778
internal_count=219291 187018 32273 24773 18065 3238 562 492 384 7500 5591 286 5305 5037 3711 2050 1164 759 514 373 179 110 141 194 139412 221 14827 147 886 778
is_linear=0
shrinkage=0.05


Tree=34
num_leaves=31
num_cat=0
split_feature=11 10 7 12 10 5 11 10 0 9 1 4 3 10 7 10 13 9 7 5 11 10 10 1 3 1 5 13 9 12
split_gain=39274.7 24650.2 23289.4 29964.2 25191.4 64695.7 21723.7 41738.9 58647.3 29227.8 22600.3 20757.6 17653.4 14672.4 26408.6 30590.3 18784.5 21564.6 22358.7 29338.9 26791.8 28009.1 30811.9 17415.4 23766.5 23938 15901.5 14669 14667 14284.8
threshold=-0.37370587885379786 -0.35769492387771601 37.857082366943366 17.750000000000004 -0.88606244325637806 29.1955680847168 -0.72658059000968922 -0.63874351978301991 30.451300621032718 29.230901718139652 26.508317947387699 36.514019012451179 26.642413139343265 -0.3334656953811645 32.75042915344239 -0.51973900198936451 81.750000000000014 30.427604675292972 27.464221954345707 31.736545562744144 -0.99049577116966236 -0.25118774175643915 -0.30081701278686518 31.870696067810062 32.999116897583015 33.223888397216804 32.426193237304695 80.250000000000014 33.932086944580085 18.250000000000004
decision_type=2 2 2 2 2 2 2 2 2 2 2 2 2 2 2 2 2 2 2 2 2 2 2 2 2 2 2 2 2 2
left_child=2 29 3 -1 5 -5 7 8 9 -6 12 -11 27 14 -9 23 17 18 -15 20 -20 22 -22 26 -25 -26 -16 -8 -7 -2
right_child=1 -3 -4 4 6 28 10 13 -10 11 -12 -13 -14 16 15 -17 -18 -19 19 -21 21 -23 -24 24 25 -27 -28 -29 -30 -31
leaf_value=0.012608340657946799 0.027650740788065897 -0.03420219029848267 -0.030117950705725996 2.010705032916023 -0.15528723086038279 0.18420678738119389 0.39664498562102812 -0.052709358388421647 1.8263755908783743 0.39007571317246781 -0.024688753365344127 1.3701355803442203 0.086732449429691771 0.0030857863962738472 0.54620786188782133 -0.067296272469963878 0.022827122773333697 0.11870160361311569 1.5768051217408166 0.10337697056737204 0.27887483778107769 0.10477175607451612 1.3481870698084117 0.26180303465829508 1.705768551309319 0.53885154436332183 -0.21421569370921106 1.5004666706202208 0.98877088494472598 -0.025604992333468069
leaf_weight=41499 36156 80601 14670 52 252 1419 68 3988 68 641 6750 59 160 338 137 500 4238 6921 76 321 118 194 157 161 85 91 138 54 59 19320
leaf_count=41499 36156 80601 14670 52 252 1419 68 3988 68 641 6750 59 160 338 137 500 4238 6921 76 321 118 194 157 161 85 91 138 54 59 19320
internal_value=1.51881e-10 -0.0165471 0.0270589 0.0392961 0.0802468 0.27731 0.06843 0.0968873 0.407782 0.306454 -0.0063673 0.472681 0.432178 0.0787281 0.00737093 0.222839 0.108164 0.152676 0.347976 0.482586 0.705937 0.564815 0.889355 0.459877 0.700819 1.10242 0.164613 0.885222 0.216324 0.00910397
internal_weight=219291 136077 83214 68544 27045 1530 25515 18483 1020 952 7032 700 282 17463 5100 1112 12363 8125 1204 866 545 469 275 612 337 176 275 122 1478 55476
internal_count=219291 136077 83214 68544 27045 1530 25515 18483 1020 952 7032 700 282 17463 5100 1112 12363 8125 1204 866 545 469 275 612 337 176 275 122 1478 55476
is_linear=0
shrinkage=0.05


Tree=35
num_leaves=31
num_cat=0
split_feature=8 11 7 13 3 11 11 10 12 11 10 6 1 4 7 12 10 11 12 5 7 10 9 11 10 3 12 11 5 10
split_gain=36372.9 16759.3 15487.9 13747.8 14995.2 17040.7 14047.4 38986.6 48914.9 14291.9 20028.2 19801.2 12321.2 11591.5 12692.9 10572.9 9789.67 15719.1 10450.1 10216.3 42694.3 15584 10676.8 9722.6 12486.8 21402.9 9385.78 22959.9 17168.9 11506.6
threshold=2.1632907390594487 -0.038720846176147454 37.567344665527351 78.250000000000014 31.113317489624027 0.91925191879272472 0.78827583789825451 -0.57023701071739186 15.250000000000002 -0.74979865550994862 -0.62540480494499195 6.0293686389923105 27.833753585815433 31.234565734863285 27.153847694396976 18.750000000000004 -0.97505551576614369 0.01290981797501445 18.750000000000004 30.408584594726566 31.924151420593265 -0.99939814209938038 31.218770027160648 -0.99271196126937855 -0.04732095077633857 29.472296714782718 14.250000000000002 0.47493347525596624 30.788506507873539 -0.70252096652984608
decision_type=2 2 2 2 2 2 2 2 2 2 2 2 2 2 2 2 2 2 2 2 2 2 2 2 2 2 2 2 2 2
left_child=1 2 -1 -2 5 12 9 8 -8 10 11 -6 13 -5 -15 -16 17 -3 19 20 -19 22 -21 24 25 -14 27 -25 29 -29
right_child=3 16 -4 4 6 -7 7 -9 -10 -11 -12 -13 23 14 15 -17 -18 18 -20 21 -22 -23 -24 26 -26 -27 -28 28 -30 -31
leaf_value=0.021702518125574166 0.00577296138460169 -0.11146433699614354 -0.029800188205512158 0.18505491760525072 0.18604975011346214 -0.07652853610889028 2.1931907846971792 -0.056993374062909025 0.10202365517616273 -0.018420634676967571 0.059274652149502831 1.0831186389669458 -0.24913336212746798 0.17331745115936631 0.40770987465723674 1.1703120818480532 -0.027926340535814095 0.17587111121376658 -0.043575537835272987 0.16343168937787414 1.4899895001541485 0.041590071041447851 1.1967155015468598 -0.045349456575388712 -0.023132453309306019 0.84055006409382949 0.071994423354605583 0.70168968738708037 1.1591832547102656 0.19586161994238008
leaf_weight=53055 18671 1338 20138 1113 178 1153 54 198 58 8841 7469 94 60 144 88 94 93404 973 1184 50 66 2157 50 450 141 181 7242 153 70 424
leaf_count=53055 18671 1338 20138 1113 178 1153 54 198 58 8841 7469 94 60 144 88 94 93404 973 1184 50 66 2157 50 450 141 181 7242 153 70 424
internal_value=-9.72339e-11 -0.0106178 0.00753229 0.0390536 0.0610845 0.105633 0.0312491 0.364726 1.11026 0.0250148 0.0746224 0.496066 0.126306 0.261857 0.524066 0.801581 -0.0240066 0.0389217 0.0838361 0.129605 0.259347 0.0698791 0.680074 0.103939 0.350602 0.56926 0.0926398 0.228933 0.419701 0.329989
internal_weight=219291 172415 73193 46876 28205 11313 16892 310 112 16582 7741 272 10160 1439 326 182 99222 5818 4480 3296 1039 2257 100 8721 382 241 8339 1097 647 577
internal_count=219291 172415 73193 46876 28205 11313 16892 310 112 16582 7741 272 10160 1439 326 182 99222 5818 4480 3296 1039 2257 100 8721 382 241 8339 1097 647 577
is_linear=0
shrinkage=0.05


Tree=36
num_leaves=31
num_cat=0
split_feature=0 10 3 11 10 11 10 2 12 1 12 10 9 5 11 10 10 9 7 0 3 10 3 2 3 7 1 10 13 4
split_gain=33636 16325.5 13143.3 11971.2 12681.5 15011.7 27155.8 45624.3 18797.5 23229.9 11289.5 16779.2 17708.2 14639.4 15988.8 11069.5 15009.4 25986.3 18955.4 15388.1 14597 14439 38286.5 16961.4 15314.7 13948.1 12870.4 14643.1 10528.5 9972.61
threshold=5.5630879402160653 0.20088869333267215 32.605419158935554 -0.9469526708126067 -0.40542197227478022 -0.72658059000968922 -0.63874351978301991 32.237607955932624 15.750000000000002 27.759128570556644 16.250000000000004 -0.28435654938220972 30.86781215667725 36.713724136352546 -0.97502842545509327 -0.030120026320219036 -0.1330134719610214 32.189920425415046 31.131119728088382 54.775394439697273 30.442558288574222 -0.08167563751339911 32.19691467285157 23.293423652648929 30.22818756103516 33.372018814086921 32.298109054565437 -0.064507851377129541 77.750000000000014 37.739986419677741
decision_type=2 2 2 2 2 2 2 2 2 2 2 2 2 2 2 2 2 2 2 2 2 2 2 2 2 2 2 2 2 2
left_child=1 2 29 10 5 6 7 8 -5 -10 -2 12 28 14 15 16 19 18 20 25 -18 24 23 -23 -19 -13 27 -24 -12 -1
right_child=3 -3 -4 4 -6 -7 -8 -9 9 -11 11 13 -14 -15 -16 -17 17 21 -20 -21 -22 22 26 -25 -26 -27 -28 -29 -30 -31
leaf_value=-0.0053497510723576509 -0.0024985765558733341 -0.02348522224247919 0.044590417106826125 -0.2870094647286115 -0.028323188328043477 0.030883206620807679 0.083359531025066061 1.6600361449910062 1.3911156233726887 0.29728959127634036 0.23834704482625868 -0.06589948134010204 -0.21407747928912824 0.47008456758223477 -0.051119038651716443 0.055822918991713016 0.79105018743919953 -0.46356981538621522 0.30681116343307568 0.54446853589474786 1.9289377467743323 0.65014240327451767 -0.10348447905853392 1.680039319371591 0.22730938503948545 0.52293834646296655 -0.30786780094889205 0.9275864611972463 0.96961173654666966 0.11658538886863526
leaf_weight=77340 1909 89923 18041 108 6708 14827 2676 70 57 327 74 756 65 280 1316 1661 63 116 83 161 51 116 72 61 260 116 127 66 147 1714
leaf_count=77340 1909 89923 18041 108 6708 14827 2676 70 57 327 74 756 65 280 1316 1661 63 116 83 161 51 116 72 61 260 116 127 66 147 1714
internal_value=3.71029e-10 -0.00813466 0.00608202 0.0471394 0.0303837 0.0521831 0.149717 0.465681 0.295753 0.459654 0.102484 0.13833 0.511383 0.118218 0.0986115 0.151738 0.229528 0.366082 0.881611 0.0953536 1.30011 0.241926 0.435678 1.00508 0.0141658 0.0124322 0.0553608 0.389636 0.724754 -0.00270603
internal_weight=219291 187018 97095 32273 24773 18065 3238 562 492 384 7500 5591 286 5305 5025 3709 2048 1015 197 1033 114 818 442 177 376 872 265 138 221 79054
internal_count=219291 187018 97095 32273 24773 18065 3238 562 492 384 7500 5591 286 5305 5025 3709 2048 1015 197 1033 114 818 442 177 376 872 265 138 221 79054
is_linear=0
shrinkage=0.05


Tree=37
num_leaves=31
num_cat=0
split_feature=2 11 10 11 12 9 13 10 10 5 9 11 12 10 7 10 1 11 11 7 10 11 10 4 12 7 5 10 7 0
split_gain=31270.8 14582.6 11953.1 26389.1 19769.6 32258.2 29406.1 11279.7 11086.5 10914.3 9221.15 12417.3 13363.5 15874.1 14897.4 24180 9647.34 8916.63 21827.4 52022.1 18874.2 9681 25661.2 14921.3 15977 15984.9 32960.4 13940.8 13230.8 10792.8
threshold=1.3277066946029665 -0.83352491259574879 1.0000000180025095e-35 -0.98798605799674977 16.750000000000004 31.635630607604984 79.250000000000014 -0.3415676057338714 -0.1330134719610214 31.13902568817139 31.991209983825687 -0.65187487006187428 15.250000000000002 -0.42109696567058558 29.605284690856937 -0.38962684571743006 29.933522224426273 0.73246693611145031 0.60503363609313976 24.51005840301514 -0.78297284245491017 -0.10737737268209456 -0.99052327871322621 6.1263427734375009 19.250000000000004 29.605284690856937 30.059331893920902 -0.98211652040481556 26.914702415466312 58.903915405273445
decision_type=2 2 2 2 2 2 2 2 2 2 2 2 2 2 2 2 2 2 2 2 2 2 2 2 2 2 2 2 2 2
left_child=1 -1 3 4 -2 6 -6 10 -8 -10 11 -3 13 -13 -15 16 -16 18 21 -20 -21 22 23 -5 25 -25 -27 -24 29 -29
right_child=2 7 -4 17 5 -7 8 -9 9 -11 -12 12 -14 14 15 -17 -18 -19 19 20 -22 -23 27 24 -26 26 -28 28 -30 -31
leaf_value=0.026497736625220994 0.017204939965837131 -0.10802163933209936 -0.006184502907912056 0.12405048412451936 1.4934687255011809 0.1889707015181587 -0.10425082932212459 -0.026858983574204222 1.0186298960877449 0.27602999444940307 0.039035799262545808 0.02965873288490389 -0.021757940013550255 0.09066333717272973 1.6042956156922239 0.18731388420298561 0.6537200935787576 -0.048377956961279826 1.8090289420806447 0.93931499011330788 0.12463651872817688 -0.0082886773984722616 -0.16859397893114125 0.076901598227402529 -0.026384246376592941 1.8957362976536822 0.53918146538513678 -0.093798946422371507 0.063512430146163798 0.46907859727242579
leaf_weight=22776 1033 2976 14021 360 91 1512 67 93235 97 101 12869 9467 24206 420 56 166 51 2882 52 77 927 8931 748 63 82 67 135 1975 19759 89
leaf_count=22776 1033 2976 14021 360 91 1512 67 93235 97 101 12869 9467 24206 420 56 166 51 2882 52 77 927 8931 748 63 82 67 135 1975 19759 89
internal_value=-2.5618e-10 -0.0106685 0.0334159 0.0476352 0.192728 0.289792 0.717997 -0.0165697 0.451703 0.639829 0.00253607 -0.0100427 -0.00155795 0.0465681 0.277566 0.565108 1.15122 0.0359907 0.0433002 0.266984 0.187117 0.0359665 0.0529458 0.349566 0.583531 0.772259 0.989128 0.0436546 0.0509296 -0.0695276
internal_weight=219291 166222 53069 39048 2901 1868 356 143446 265 198 50211 37342 34366 10160 693 273 107 36147 33265 1056 1004 32209 23278 707 347 265 202 22571 21823 2064
internal_count=219291 166222 53069 39048 2901 1868 356 143446 265 198 50211 37342 34366 10160 693 273 107 36147 33265 1056 1004 32209 23278 707 347 265 202 22571 21823 2064
is_linear=0
shrinkage=0.05


Tree=38
num_leaves=31
num_cat=0
split_feature=8 11 7 13 3 11 11 10 12 11 10 6 1 4 7 12 11 10 12 11 5 9 11 5 10 11 12 5 7 10
split_gain=29352.6 13467.7 12353.8 11768.6 12646.6 14351.1 12865.5 35154.5 44096.9 12171.1 18022.3 17728 10437.9 10077.2 11075.9 9152.98 8318.03 21447.2 8481.33 19978.8 15369 10499.6 8289.03 8083.97 8082.53 14147.1 9573.85 8971.52 44354.7 13254.1
threshold=2.1632907390594487 -0.038720846176147454 37.567344665527351 78.250000000000014 31.113317489624027 0.91925191879272472 0.78827583789825451 -0.57023701071739186 15.250000000000002 -0.74979865550994862 -0.62540480494499195 6.0293686389923105 27.833753585815433 31.234565734863285 27.153847694396976 18.750000000000004 -0.99626126885414112 -0.04732095077633857 14.250000000000002 0.47493347525596624 30.788506507873539 25.825807571411136 -0.9412824511528014 29.895223617553714 -0.97505551576614369 0.01290981797501445 18.250000000000004 30.408584594726566 31.924151420593265 -0.99939814209938038
decision_type=2 2 2 2 2 2 2 2 2 2 2 2 2 2 2 2 2 2 2 2 2 2 2 2 2 2 2 2 2 2
left_child=1 2 -1 -2 5 12 9 8 -8 10 11 -6 13 -5 -15 -16 17 -14 19 -18 21 -21 -4 -23 25 -3 27 28 -27 -29
right_child=3 24 22 4 6 -7 7 -9 -10 -11 -12 -13 16 14 15 -17 18 -19 -20 20 -22 23 -24 -25 -26 26 -28 29 -30 -31
leaf_value=0.01938765436503926 0.0042909444025769055 -0.10702979135757205 0.11342945372188591 0.16850173329819007 0.17432352834161413 -0.07079120609402037 2.0833687819816449 -0.053250601710845724 0.097858407855679175 -0.017982722770810564 0.053320796133350334 1.0231327865669069 1.1645432706922294 0.15694772991248304 0.37736053012988791 1.0869085133947591 -0.03724833499294835 0.011420392757708875 0.068675559204410375 0.78826074272704627 1.0953608322888613 0.088827866011823742 -0.033957896084334062 0.54711683864348148 -0.025102066618015312 0.17494406744397137 -0.022994719204592978 0.65519870943997216 1.6755009847191666 0.040483466136995522
leaf_weight=53055 18671 1338 1004 1113 178 1153 54 198 58 8841 7469 94 64 144 88 94 453 109 7448 96 70 348 19134 133 93404 930 1535 92 52 1871
leaf_count=53055 18671 1338 1004 1113 178 1153 54 198 58 8841 7469 94 64 144 88 94 453 109 7448 96 70 348 19134 133 93404 930 1535 92 52 1871
internal_value=-3.80125e-11 -0.00953829 0.00673213 0.0350829 0.0554663 0.0963778 0.0280669 0.347207 1.05516 0.0221006 0.0678797 0.467662 0.115349 0.240111 0.484594 0.74383 0.0947626 0.438009 0.0878157 0.217412 0.395714 0.310835 -0.0266098 0.215548 -0.0215405 0.0356384 0.0782478 0.131018 0.254403 0.0692934
internal_weight=219291 172415 73193 46876 28205 11313 16892 310 112 16582 7741 272 10160 1439 326 182 8721 173 8548 1100 647 577 20138 481 99222 5818 4480 2945 982 1963
internal_count=219291 172415 73193 46876 28205 11313 16892 310 112 16582 7741 272 10160 1439 326 182 8721 173 8548 1100 647 577 20138 481 99222 5818 4480 2945 982 1963
is_linear=0
shrinkage=0.05


Tree=39
num_leaves=31
num_cat=0
split_feature=11 10 7 1 10 3 10 0 10 9 6 2 5 10 9 11 1 2 1 13 3 0 9 12 10 7 5 10 10 10
split_gain=26541.8 19887.3 18483.3 18249.4 80426.8 45068.1 17215.9 16798 15774.1 12987 12160.5 10674.6 9789.56 19369.8 25256.7 13301.3 17208.2 31901.2 15312.1 15383.4 20806.4 11461.2 9325.13 9266.26 10737.8 15508.8 19726.1 8351.81 13086.6 24193.3
threshold=-0.37370587885379786 -0.86095303297042836 29.921259880065922 31.322509765625004 -0.88606244325637806 30.162026405334476 -0.96683886647224415 6.6037840843200692 -0.88606244325637806 27.360788345336918 12.933266639709474 26.832779884338382 31.343531608581547 -0.99466162919998158 31.823954582214359 0.098816476762294783 31.904052734375004 0.15951878577470782 31.380067825317386 80.250000000000014 30.38144683837891 3.010526299476624 37.85646057128907 17.750000000000004 -0.91585582494735707 32.869796752929695 32.325286865234382 -0.73831951618194569 -0.63874351978301991 -0.67760851979255665
decision_type=2 2 2 2 2 2 2 2 2 2 2 2 2 2 2 2 2 2 2 2 2 2 2 2 2 2 2 2 2 2
left_child=1 2 3 8 5 -5 12 9 -1 -3 -7 -10 13 -2 -15 18 -17 -18 19 21 -21 -16 -11 -4 25 -25 -27 -9 29 -29
right_child=6 7 23 4 -6 10 -8 27 11 22 -12 -13 -14 14 15 16 17 -19 -20 20 -22 -23 -24 24 -26 26 -28 28 -30 -31
leaf_value=-0.021929929009770269 -0.021279505724948227 -0.10059091003821184 -0.0061629993271679088 2.4941310571772712 -0.11618079114882721 0.4371899336931252 -0.020566647186543597 -0.036582091775285569 0.28529387688132024 0.019841535144605651 1.415977205306876 1.0113378143807252 -0.0081528850019720826 0.072988277898167836 0.50162446421853613 -0.0030925891284899016 1.4053578166474761 0.025077160433226942 0.097316569457516863 -0.20554358893355659 1.026283085137083 1.2263011348215824 -0.027279437980530376 0.18177694991743068 0.072792392261387104 1.4794943054517111 0.22226718121709732 0.085691894066587504 0.057615340116180414 0.54455926341862226
leaf_weight=531 3873 2854 2236 56 210 84 117987 1982 324 44247 51 60 8295 4814 89 410 71 102 152 86 57 141 13766 371 1379 60 65 994 13540 404
leaf_count=531 3873 2854 2236 56 210 84 117987 1982 324 44247 51 60 8295 4814 89 410 71 102 152 86 57 141 13766 371 1379 60 65 994 13540 404
internal_value=-8.49549e-11 0.0222443 0.114785 0.277875 0.559133 1.30162 -0.0136029 0.015788 0.154613 0.00353744 0.806954 0.398738 0.0318164 0.0656648 0.122527 0.337759 0.173362 0.591551 0.520317 0.692693 0.285464 0.945883 0.00866012 0.0625776 0.144553 0.344065 0.825736 0.0598573 0.0726531 0.218297
internal_weight=219291 83214 5427 1316 401 191 136077 77787 915 60867 135 384 18090 9795 5922 1108 583 173 525 373 143 230 58013 4111 1875 496 125 16920 14938 1398
internal_count=219291 83214 5427 1316 401 191 136077 77787 915 60867 135 384 18090 9795 5922 1108 583 173 525 373 143 230 58013 4111 1875 496 125 16920 14938 1398
is_linear=0
shrinkage=0.05


Tree=40
num_leaves=31
num_cat=0
split_feature=8 11 7 13 3 11 11 10 12 11 10 6 10 10 12 10 11 10 0 2 11 9 10 10 10 12 9 7 4 1
split_gain=25128.9 11061.8 10607.5 9962.77 11804.1 12587.3 12327.8 30364.4 38556.6 10389.1 15368.3 16240.1 9894.35 61412.2 13946.7 18087.7 17439.5 35425.7 15095.6 14760.5 18596.2 10571.6 9989.38 10506.1 9783.58 12432 9290.29 12610.9 8583.01 15202.4
threshold=2.4849199056625371 -0.038720846176147454 37.857082366943366 78.250000000000014 31.113317489624027 0.91925191879272472 0.78827583789825451 -0.57023701071739186 15.250000000000002 -0.74979865550994862 -0.62540480494499195 6.0293686389923105 -0.89391031861305226 -0.88606244325637806 14.250000000000002 -0.78297284245491017 0.78827583789825451 -0.58429276943206776 13.399230957031252 24.417988777160648 -0.9946339726448058 25.825807571411136 -0.96230018138885487 -0.99273952841758717 -0.99052327871322621 18.250000000000004 31.454433441162113 26.914702415466312 33.130407333374031 28.402746200561527
decision_type=2 2 2 2 2 2 2 2 2 2 2 2 2 2 2 2 2 2 2 2 2 2 2 2 2 2 2 2 2 2
left_child=1 2 -1 -2 5 12 9 8 -8 10 11 -6 22 -14 15 18 21 -18 -15 -16 -21 -17 23 -5 25 -25 27 -22 -29 -30
right_child=3 -3 -4 4 6 -7 7 -9 -10 -11 -12 -13 13 14 19 16 17 -19 -20 20 26 -23 -24 24 -26 -27 -28 28 29 -31
leaf_value=0.016745644238726373 0.0043061026384838899 -0.019473845567837458 -0.027011011401753771 -0.045782871874284189 0.14902957584151252 -0.066596259550597767 1.9930812348540012 -0.044520941397042879 0.10232463126303629 -0.018335840791689682 0.049048465907779094 0.97925345943524289 1.5960120673343126 0.4706221044994891 0.054965113568224692 0.71980553585290918 1.70946281907313 0.25570028843556314 1.4951289310157301 1.0963916153204245 -0.0024662253122638774 -0.045003062240016871 -0.081991677076607872 1.2026540621271673 0.15498228710086254 0.12470675596484432 -0.013598684921819072 0.28684298285854598 1.0540548662998175 0.1613760241284603
leaf_weight=56268 17789 99787 18373 682 167 1114 52 183 56 8479 7137 91 72 128 4480 50 51 235 50 61 270 469 1140 53 975 54 358 471 114 82
leaf_count=56268 17789 99787 18373 682 167 1114 52 183 56 8479 7137 91 72 128 4480 50 51 235 50 61 270 469 1140 53 975 54 358 471 114 82
internal_value=-6.21856e-11 -0.00858386 0.00597487 0.0333742 0.0524734 0.0926622 0.0253518 0.347846 1.01269 0.0194399 0.0627531 0.44186 0.110775 0.143398 0.12806 0.302291 0.201436 0.514938 0.758405 0.0987127 0.243248 0.0286779 0.0333637 0.107913 0.20479 0.658643 0.203061 0.28584 0.402546 0.680587
internal_weight=219291 174428 74641 44863 27074 10909 16165 291 108 15874 7395 258 9795 6891 6819 983 805 286 178 5836 1356 519 2904 1764 1082 107 1295 937 667 196
internal_count=219291 174428 74641 44863 27074 10909 16165 291 108 15874 7395 258 9795 6891 6819 983 805 286 178 5836 1356 519 2904 1764 1082 107 1295 937 667 196
is_linear=0
shrinkage=0.05


Tree=41
num_leaves=31
num_cat=0
split_feature=8 10 7 11 10 3 0 6 12 5 7 13 10 10 10 9 1 12 11 12 11 10 11 10 10 5 10 10 10 10
split_gain=22678.9 10432.6 14852.2 9627.53 11663.6 12004.1 12175.6 11247.2 10903.2 16403.3 24447.5 25649.7 19413.3 15077.5 11881.2 9884.29 11417.9 10919.3 10731.9 8898.58 14944 13633.4 13437 11202.8 19496.2 16507.5 10117.2 14733.7 10068.7 15486.3
threshold=2.4849199056625371 0.20088869333267215 32.222187042236335 -0.92910701036453236 -0.04732095077633857 36.248844146728523 7.5070478916168222 11.299108505249025 18.250000000000004 32.359636306762702 28.494501113891605 81.250000000000014 -0.1330134719610214 -0.25118774175643915 -0.30081701278686518 27.648724555969242 25.582847595214847 17.250000000000004 -0.59815874695777882 15.750000000000002 -0.19244445115327832 -0.90880924463272084 0.41326330602169042 -0.92263099551200856 -0.91585582494735707 32.829870223999031 -0.70252096652984608 -0.65189296007156361 0.012910176534205677 -0.20088869333267209
decision_type=2 2 2 2 2 2 2 2 2 2 2 2 2 2 2 2 2 2 2 2 2 2 2 2 2 2 2 2 2 2
left_child=1 2 -1 4 7 -6 -7 -2 -9 10 -10 12 13 14 -12 18 17 -17 -5 22 21 23 -4 -21 -25 -26 -23 -28 29 -29
right_child=3 -3 19 15 5 6 -8 8 9 -11 11 -13 -14 -15 -16 16 -18 -19 -20 20 -22 26 -24 24 25 -27 27 28 -30 -31
leaf_value=-0.0078132231841399665 0.067842112858709364 -0.020294015167476726 -0.020930289509246691 -0.13734056209636 -0.0078987358926403458 0.17513734069600534 1.0182540463466272 0.096916655738369328 0.077989374746673695 -0.15707733082137521 0.37391880639642477 0.16875357306757294 1.4591659048990329 0.23639004062116148 1.3352184972994858 0.15032543451197342 0.02766405141849252 0.92471529910368711 0.0098562262350302028 0.17350314953194296 -0.0062798899218503377 -0.041221053268077311 0.24444378982872178 1.0282818661488851 -0.16804357213633403 0.86536824157682524 0.38977692055176494 0.03962768964965558 -0.0081857401128288109 0.23917105270029118
leaf_weight=64881 3838 87849 7171 1945 4341 267 51 1071 363 154 50 215 98 125 90 142 28638 67 3408 999 4942 1471 511 116 112 59 422 2140 1973 1782
leaf_count=64881 3838 87849 7171 1945 4341 267 51 1071 363 154 50 215 98 125 90 142 28638 67 3408 999 4942 1471 511 116 112 59 422 2140 1973 1782
internal_value=-5.13599e-11 -0.00815467 0.00416274 0.0317055 0.0731872 0.0138236 0.310354 0.119252 0.210347 0.321292 0.39958 0.601548 0.857886 0.635526 0.991897 0.0187722 0.0303513 0.398575 -0.0436274 0.0399731 0.0636784 0.10178 -0.00327784 0.252602 0.527932 0.188514 0.0768754 0.104376 0.083945 0.130292
internal_weight=219291 174428 86579 44863 10663 4659 318 6004 2166 1095 941 578 363 265 140 34200 28847 209 5353 21698 14016 9074 7682 1286 287 171 7788 6317 5895 3922
internal_count=219291 174428 86579 44863 10663 4659 318 6004 2166 1095 941 578 363 265 140 34200 28847 209 5353 21698 14016 9074 7682 1286 287 171 7788 6317 5895 3922
is_linear=0
shrinkage=0.05


Tree=42
num_leaves=31
num_cat=0
split_feature=0 6 11 5 11 10 9 7 5 1 12 11 11 10 4 11 13 1 4 11 4 12 10 10 10 11 7 10 11 8
split_gain=21157.3 10462.3 8971.63 9985.7 13495 16648.3 14332.4 19534.7 9414.05 10461.8 11894.2 7796.87 18678 12283.3 18469.5 15506 14946.5 22946.5 21662 12151.4 15901.1 12039.1 11902.4 19680.8 11823.1 25997.6 15542.7 9485.89 17221.2 8148.49
threshold=5.5630879402160653 0.30328859388828283 0.73246693611145031 29.961604118347172 -0.92910701036453236 0.34964421391487127 27.462376594543461 29.568634986877445 36.796823501586921 35.785865783691413 17.250000000000004 -0.89388549327850331 -0.87792757153511036 -0.73831951618194569 8.9738178253173846 -0.61186373233795155 80.250000000000014 28.348099708557132 36.514019012451179 -0.99049577116966236 22.288679122924808 18.750000000000004 -0.89391031861305226 -0.88606244325637806 -0.99052327871322621 -0.10737737268209456 29.674810409545902 -0.70252096652984608 0.6838940978050233 6.4996585845947275
decision_type=2 2 2 2 2 2 2 2 2 2 2 2 2 2 2 2 2 2 2 2 2 2 2 2 2 2 2 2 2 2
left_child=1 -1 3 11 5 6 7 -5 -8 10 -10 19 -13 15 -15 -14 27 18 21 20 -2 -18 24 -24 25 26 -17 28 -16 -25
right_child=2 -3 -4 4 -6 -7 8 -9 9 -11 -12 12 13 14 16 22 17 -19 -20 -21 -22 -23 23 29 -26 -27 -28 -29 -30 -31
leaf_value=-0.013362297940442781 0.14117935472663412 0.013786074811596345 -0.060850943010377724 -0.012371437227915205 0.00079505640395355251 0.81213970738343699 0.051216537759196261 1.2377795039405746 -0.021215772023972346 -0.046661573506237286 0.68697915855719127 1.0003476726760467 -0.1456264888078391 0.071448009601542475 0.17943607670031797 0.30087868861854078 0.11518733054399491 0.17016590975690635 1.9185604118468131 -0.027021542407964123 1.0926629199473947 1.1195631705863136 1.2309216694831848 0.10060577517282879 -0.0060857653701697854 0.084713630272305662 1.4990942085951062 0.076101062408910541 1.209773217068344 0.43096062076247987
leaf_weight=139412 235 47606 2168 63 15206 78 6079 62 85 148 196 60 715 925 121 50 52 128 51 2082 54 70 50 564 1869 429 59 334 61 279
leaf_count=139412 235 47606 2168 63 15206 78 6079 62 85 148 196 60 715 925 121 50 52 128 51 2082 54 70 50 564 1869 429 59 334 61 279
internal_value=-4.25037e-11 -0.0064516 0.0373862 0.0444607 0.0268597 0.0859177 0.0773778 0.607703 0.0671918 0.293563 0.472756 0.0915738 0.122724 0.113577 0.224456 0.0654698 0.39769 0.677698 1.05321 0.0151506 0.318965 0.691469 0.111207 0.267106 0.0533687 0.259912 0.949454 0.234352 0.524769 0.20994
internal_weight=219291 187018 32273 30105 21917 6711 6633 125 6508 429 281 8188 5817 5757 1742 4015 817 301 173 2371 289 122 3300 893 2407 538 109 516 182 843
internal_count=219291 187018 32273 30105 21917 6711 6633 125 6508 429 281 8188 5817 5757 1742 4015 817 301 173 2371 289 122 3300 893 2407 538 109 516 182 843
is_linear=0
shrinkage=0.05


Tree=43
num_leaves=31
num_cat=0
split_feature=11 10 10 12 7 10 10 0 9 10 3 9 12 10 13 10 5 1 9 10 3 9 7 7 10 10 5 10 9 11
split_gain=19730.9 14324.3 13731.1 15069.4 17857.9 31849.4 49377.7 12253.2 11535.8 10293.5 11855.5 9952.91 8831.74 18359 28621 21527.6 14877.5 15898.7 15138 16394.3 17762.1 13461.6 25685.9 12465.9 47115.9 10530.1 8371.72 16898.8 22516 11355.2
threshold=-0.34155811369419092 -0.96683886647224415 -0.86095303297042836 17.250000000000004 28.7001485824585 -0.88606244325637806 -0.89391031861305226 6.8281092643737802 27.648724555969242 -0.89391031861305226 30.562795639038089 34.125484466552741 15.250000000000002 -0.3415676057338714 79.250000000000014 -0.90880924463272084 30.728355407714847 32.831197738647468 29.382980346679691 -0.70252096652984608 27.823003768920902 30.396374702453617 30.750155448913578 24.51005840301514 -0.70252096652984608 -0.8779519498348235 31.343531608581547 -0.99466162919998158 31.823954582214359 0.098816476762294783
decision_type=2 2 2 2 2 2 2 2 2 2 2 2 2 2 2 2 2 2 2 2 2 2 2 2 2 2 2 2 2 2
left_child=2 26 3 9 5 6 -5 8 -4 -1 -11 -6 13 14 23 -16 18 21 19 20 -17 22 -18 24 -3 -23 27 -2 -29 -30
right_child=1 12 7 4 11 -7 -8 -9 -10 10 -12 -13 -14 -15 15 16 17 -19 -20 -21 -22 25 -24 -25 -26 -27 -28 28 29 -31
leaf_value=-0.052507330032120297 -0.020539642393270646 1.6567964260224946 -0.086878481978471256 0.32920930241093493 0.11943349196272135 -0.18979988445838292 2.176531634675829 0.051032029411752659 0.0079184517977933019 0.32365595468916153 0.0046948767303371802 0.83077871984243401 -0.027603217600475457 -0.022256489262713171 -0.056963146292535516 0.12164377349615096 0.51196073927620256 -0.067520124756809435 0.0021232316947477239 0.20566065940761896 1.3173148577533118 0.97992397486590432 1.9311180695295336 0.0077614200036862854 -0.14928480716200052 0.33541811420940437 -0.0075934142035967685 0.06700751423766664 0.48567530853602858 0.16510525525133823
leaf_weight=2142 3873 54 3394 99 2974 87 57 16657 58942 478 746 50 80500 23912 540 50 88 107 531 332 82 78 50 8804 109 338 8295 4814 525 583
leaf_count=2142 3873 54 3394 99 2974 87 57 16657 58942 478 746 50 80500 23912 540 50 88 107 531 332 82 78 50 8804 109 338 8295 4814 525 583
internal_value=-6.10239e-11 -0.012004 0.0187387 0.0878358 0.164333 0.576714 1.00419 0.0129366 0.00275706 0.0135886 0.129256 0.131195 -0.0184797 0.00245951 0.0554031 0.217185 0.306581 0.490453 0.184431 0.393063 0.864409 0.59822 1.02615 0.015783 0.449049 0.456263 0.0293683 0.0606697 0.113781 0.317
internal_weight=219291 133665 85626 6633 3267 243 156 78993 62336 3366 1224 3024 115575 35075 11163 2196 1656 661 995 464 132 554 138 8967 163 416 18090 9795 5922 1108
internal_count=219291 133665 85626 6633 3267 243 156 78993 62336 3366 1224 3024 115575 35075 11163 2196 1656 661 995 464 132 554 138 8967 163 416 18090 9795 5922 1108
is_linear=0
shrinkage=0.05


Tree=44
num_leaves=31
num_cat=0
split_feature=8 13 1 4 9 7 11 9 10 11 12 5 7 10 9 12 10 10 7 10 3 7 10 10 2 10 9 10 7 10
split_gain=18268.2 9633.33 9344.33 10929.6 9529.92 11179.5 8878.03 8959.94 7439.92 14315.7 9466.17 8696.87 32674.2 13427 11349.4 7326.3 11752 10657.4 26027.8 11345.1 10885.9 9677.73 8034.03 20905.2 17556.8 10179.2 11295.5 12541.4 14105.8 13484.6
threshold=3.8427743911743169 78.250000000000014 27.972471237182621 31.234565734863285 29.850750923156742 29.710849761962894 -0.038720846176147454 38.86769104003907 -0.97505551576614369 0.01290981797501445 18.750000000000004 30.408584594726566 31.924151420593265 -0.99939814209938038 31.424944877624515 16.250000000000004 -0.9976210594177245 0.56314551830291759 32.953380584716804 0.012910176534205677 33.644670486450202 35.224010467529304 -0.62540480494499195 -0.69016700983047474 35.382091522216804 -0.86095303297042836 31.891221046447757 -0.99052327871322621 30.086299896240238 -0.99466162919998158
decision_type=2 2 2 2 2 2 2 2 2 2 2 2 2 2 2 2 2 2 2 2 2 2 2 2 2 2 2 2 2 2
left_child=6 -2 3 -3 -5 -6 7 15 9 -8 11 12 -11 14 -13 16 -1 18 22 21 -21 -20 23 25 -25 26 -17 29 -29 -28
right_child=1 2 -4 4 5 -7 8 -9 -10 10 -12 13 -14 -15 -16 17 -18 -19 19 20 -22 -23 -24 24 -26 -27 27 28 -30 -31
leaf_value=0.27026962898260393 -8.593564925412294e-06 0.10132484812476517 0.042344760236684056 0.218499724058554 1.3257083534657097 0.35785288024161543 -0.10306434088677148 -0.032522175885887093 -0.01992283593806983 0.16570378640333849 -0.038297496371431573 0.1205333710077309 1.3042647626417787 0.040100037182409266 1.1025244851197515 -0.00078860365251932408 -0.0076809889045162246 -0.013744525088325655 0.1524344157893153 -0.052155987315896338 0.10819714159958915 0.46110419330813895 -0.034407992932102664 0.22598357520825588 1.1486500870702523 -0.061183580235050862 -0.13676026176605652 0.90490547282234679 0.07600091051974385 0.68599531102119038
leaf_weight=385 14918 1439 21585 218 52 70 1436 12743 95252 1059 1320 62 67 2372 56 3177 31098 10333 4033 1488 3666 271 6735 650 56 2812 67 53 1624 194
leaf_count=385 14918 1439 21585 218 52 70 1436 12743 95252 1059 1320 62 67 2372 56 3177 31098 10333 4033 1488 3666 271 6735 650 56 2812 67 53 1624 194
internal_value=-1.89385e-11 0.0313805 0.0514226 0.161566 0.416528 0.770381 -0.00663674 0.00589199 -0.0164237 0.0358827 0.0763057 0.118141 0.233451 0.0659967 0.586563 0.0132374 -0.00428198 0.028925 0.0466848 0.111944 0.0619019 0.17187 0.00652186 0.0384531 0.29917 0.015233 0.0572434 0.152376 0.102198 0.47479
internal_weight=219291 38282 23364 1779 340 122 181009 79385 101624 6372 4936 3616 1126 2490 118 66642 31483 35159 24826 9458 5154 4304 15368 8633 706 7927 5115 1938 1677 261
internal_count=219291 38282 23364 1779 340 122 181009 79385 101624 6372 4936 3616 1126 2490 118 66642 31483 35159 24826 9458 5154 4304 15368 8633 706 7927 5115 1938 1677 261
is_linear=0
shrinkage=0.05


Tree=45
num_leaves=31
num_cat=0
split_feature=11 10 5 6 10 7 10 10 1 1 0 9 2 11 11 11 4 12 8 0 12 12 6 9 10 13 7 9 2 10
split_gain=16746.8 15970.5 16426.7 12953.4 11284.4 10885.1 14334.7 24541.8 40570.5 14162.3 10410.4 10380.9 8786.86 7465.37 17087.2 25299.9 25159.2 22314.4 23931 8039.82 8525.36 8164.35 7328.03 6784.58 6886.53 12496.7 9975.28 10654.1 6696.48 7264.1
threshold=-0.38961601257324213 -0.86095303297042836 31.024106025695804 42.617511749267585 -0.96683886647224415 32.75042915344239 -0.89391031861305226 -0.88606244325637806 31.527656555175785 30.763122558593754 6.6037840843200692 27.360788345336918 8.54986619949341 -0.20930689573287961 -0.14153505116701123 -0.12447465583682059 0.52594763040542614 18.250000000000004 1.3234326243400576 15.948968410491945 16.750000000000004 17.750000000000004 0.43700471520423895 30.747285842895511 -0.90880924463272084 80.250000000000014 32.123796463012702 32.790451049804695 64.370910644531264 -0.58429276943206776
decision_type=2 2 2 2 2 2 2 2 2 2 2 2 2 2 2 2 2 2 2 2 2 2 2 2 2 2 2 2 2 2
left_child=1 2 3 5 13 6 -1 8 -8 12 11 -3 -9 19 -15 16 -16 18 22 21 -21 -2 -18 -4 25 -25 -27 -28 -12 -30
right_child=4 10 23 -5 -6 -7 7 9 -10 -11 28 -13 -14 14 15 -17 17 -19 -20 20 -22 -23 -24 24 -26 26 27 -29 29 -31
leaf_value=-0.010483532095222958 -0.0084745054893116834 -0.09042801432589806 -0.13261862311236547 0.90566295889403792 -0.016263999194024523 0.92118541145324717 0.1337960267824424 0.16905350174575653 1.5861817154017361 -0.052555770384974054 0.041950139609047921 0.0072706419432846132 0.55972138883455869 -0.10741787335258533 -0.049228121631905063 0.022374197734068603 0.18481991819360041 0.19050676250091847 1.6766558410798511 0.89900450438726698 0.1940426216303156 0.21979810429909855 0.95875877947138077 0.057536170642032029 0.0092668886349118584 0.015173156800515512 1.1754721201241833 0.32122734240064887 0.49094859536351826 0.073876920356718515
leaf_weight=674 947 2854 527 66 119193 50 106 343 88 399 16442 57453 248 2412 236 13266 66 169 75 64 130 668 57 491 1618 68 73 73 174 261
leaf_count=674 947 2854 527 66 119193 50 106 343 88 399 16442 57453 248 2412 236 13266 66 169 75 64 130 668 57 491 1618 68 73 73 174 261
internal_value=-1.05949e-10 0.0178775 0.106137 0.217001 -0.0106794 0.193179 0.173588 0.278372 0.79261 0.177603 0.0123612 0.0026471 0.332989 0.0261172 0.0154105 0.036772 0.353523 0.612513 0.97271 0.122477 0.426607 0.0859441 0.543475 0.0293491 0.0660934 0.196512 0.515378 0.74835 0.047073 0.240706
internal_weight=219291 82008 4824 1974 137283 1908 1858 1184 194 990 77184 60307 591 18090 16281 13869 603 367 198 1809 194 1615 123 2850 2323 705 214 146 16877 435
internal_count=219291 82008 4824 1974 137283 1908 1858 1184 194 990 77184 60307 591 18090 16281 13869 603 367 198 1809 194 1615 123 2850 2323 705 214 146 16877 435
is_linear=0
shrinkage=0.05


Tree=46
num_leaves=31
num_cat=0
split_feature=8 13 10 10 11 12 7 11 3 11 12 7 11 10 7 0 10 5 1 9 7 6 1 3 5 12 0 13 10 10
split_gain=15639.1 8500.6 8982.83 13593.2 42235.7 29688.3 31193.4 16124.1 11192.6 32553.1 16749.2 24437.5 12305.8 20379.4 43710.1 18714.1 12310.2 17856.6 19262.1 10553.4 10974.7 15195.1 12119.4 10832 9972.99 9136.61 9594.7 8859.27 8750.61 9434.7
threshold=3.8427743911743169 78.250000000000014 -0.89391031861305226 -0.54162281751632679 0.78827583789825451 15.250000000000002 29.271402359008793 -0.90878397226333607 27.172071456909183 -0.67758968472480763 18.750000000000004 28.984292984008793 -0.48248986899852747 -0.70252096652984608 28.796544075012211 3.4183005094528203 -0.67760851979255665 31.929214477539066 29.901420593261722 30.86781215667725 27.464221954345707 20.823126792907718 28.618703842163089 36.626169204711921 31.963420867919925 16.750000000000004 0.12395858764648439 80.750000000000014 -0.25118774175643915 -0.31718835234642023
decision_type=2 2 2 2 2 2 2 2 2 2 2 2 2 2 2 2 2 2 2 2 2 2 2 2 2 2 2 2 2 2
left_child=-1 -2 -3 4 8 6 -6 19 9 10 -4 -12 16 14 15 -14 -10 -18 -19 20 -5 27 -23 -21 -16 -20 -27 -22 29 -24
right_child=1 2 3 7 5 -7 -8 -9 12 -11 11 -13 13 -15 24 -17 17 18 25 23 21 22 28 -25 -26 26 -28 -29 -30 -31
leaf_value=-0.0061406348496638487 -0.00045119452002070405 -0.0026949846168969793 0.34545010669251619 -0.070940169068864287 0.34243611936168428 0.065035699522015697 1.8464297252849624 -0.033372018378745733 -0.036146216115671918 -0.06630138918999734 2.006839231650035 0.52378347423232974 0.60114272714537742 -0.05282489450313152 0.31398428397488248 1.6966836368147697 0.00012143048294947122 1.3176561063528061 -0.028203954581291449 0.01783955943783121 0.28356064193067992 1.0148886056763402 0.10242862791991701 0.34162969325638853 -0.069878981350403699 1.0282326847314835 0.30855737198144201 0.038451637975178594 0.099807287779237544 0.95893177818292852
leaf_weight=181009 14918 6385 118 379 58 87 85 4887 2367 246 51 61 85 500 515 72 732 50 155 3826 683 89 51 277 252 57 247 801 161 87
leaf_count=181009 14918 6385 118 379 58 87 85 4887 2367 246 51 61 85 500 515 72 732 50 155 3826 683 89 51 277 252 57 247 801 161 87
internal_value=7.31701e-11 0.0290348 0.0478617 0.0668737 0.129491 0.79333 1.23642 0.0349103 0.101771 0.333514 0.761142 1.1991 0.0798496 0.204311 0.343453 1.10356 0.0307275 0.158278 0.385725 0.0874277 0.174425 0.224101 0.502693 0.0396991 0.187865 0.284208 0.443496 0.151261 0.350234 0.642398
internal_weight=219291 38282 23364 16979 5738 230 143 11241 5508 476 230 112 5032 1424 924 157 3608 1241 509 6354 2251 1872 388 4103 767 459 304 1484 299 138
internal_count=219291 38282 23364 16979 5738 230 143 11241 5508 476 230 112 5032 1424 924 157 3608 1241 509 6354 2251 1872 388 4103 767 459 304 1484 299 138
is_linear=0
shrinkage=0.05


Tree=47
num_leaves=31
num_cat=0
split_feature=11 10 5 6 10 7 10 10 13 1 0 9 2 12 11 11 11 8 9 4 1 10 10 12 13 10 5 1 9 10
split_gain=14625.2 14331.6 14528.4 11585.1 10371.2 9874.18 12681.6 21449.2 35785.3 12838.7 8991.28 8992.7 8132.86 7933.06 13136.3 12418.3 22885 45932.9 21818.6 13746.2 9420.66 8862.2 8830.96 8365.41 11814.7 30968.2 13345.4 13974.5 13091.9 13550.3
threshold=-0.38961601257324213 -0.86095303297042836 31.024106025695804 42.617511749267585 -0.3415676057338714 32.75042915344239 -0.89391031861305226 -0.88606244325637806 77.750000000000014 30.763122558593754 5.5630879402160653 27.360788345336918 33.22191238403321 18.250000000000004 -0.17552498728036878 -0.14153505116701123 -0.12447465583682059 1.2584935426712038 32.024663925170906 0.52594763040542614 30.292207717895511 -0.97873103618621815 -0.93535929918289173 15.250000000000002 79.250000000000014 -0.90880924463272084 30.728355407714847 32.831197738647468 29.382980346679691 -0.70252096652984608
decision_type=2 2 2 2 2 2 2 2 2 2 2 2 2 2 2 2 2 2 2 2 2 2 2 2 2 2 2 2 2 2
left_child=1 2 3 5 13 6 -1 8 -8 12 11 -3 -9 15 20 18 17 19 -2 -17 -15 -20 -23 24 -18 -26 28 -28 29 -27
right_child=4 10 -4 -5 -6 -7 7 9 -10 -11 -12 -13 -14 14 -16 16 23 -19 21 -21 -22 22 -24 -25 25 26 27 -29 -30 -31
leaf_value=-0.0097443271047319632 -0.11631760029569765 -0.086282912084086644 0.0281001549760664 0.85584991908434671 -0.021504651275845225 0.87542438936233524 0.11748907187155316 0.25746928071854186 1.4802935864650801 -0.051400492260031828 0.041957761065135477 0.0062628596220534252 0.90663624897880379 -0.066093422397582091 -0.035521560272657425 -0.1626021246167107 0.033322039482124019 1.3965714261345157 -0.10338268855091515 0.52486084026635671 0.1406381717119653 0.20331964131282498 -0.092625908059829898 0.0034699667988796904 -0.051328234027136613 0.79309414749344187 0.56142918523804486 -0.062725762716520625 0.0010173327831477768 0.19420391948759019
leaf_weight=674 3859 2754 2850 66 80601 50 105 538 89 399 18424 56006 53 766 17010 180 11466 91 474 122 1964 1246 316 16380 1152 132 554 107 531 332
leaf_count=674 3859 2754 2850 66 80601 50 105 538 89 399 18424 56006 53 766 17010 180 11466 91 474 122 1964 1246 316 16380 1152 132 554 107 531 332
internal_value=-6.09464e-11 0.0167067 0.100315 0.204576 -0.00997999 0.182048 0.163389 0.261946 0.742693 0.167739 0.0114812 0.00192537 0.315686 0.00640791 -0.0191812 0.0200815 0.0327135 0.411839 -0.0464472 0.115115 0.0826322 0.0859838 0.143448 0.0278529 0.0558333 0.147754 0.286247 0.460394 0.170557 0.364578
internal_weight=219291 82008 4824 1974 137283 1908 1858 1184 194 990 77184 58760 591 56682 19740 36942 31047 393 5895 302 2730 2036 1562 30654 14274 2808 1656 661 995 464
internal_count=219291 82008 4824 1974 137283 1908 1858 1184 194 990 77184 58760 591 56682 19740 36942 31047 393 5895 302 2730 2036 1562 30654 14274 2808 1656 661 995 464
is_linear=0
shrinkage=0.05


Tree=48
num_leaves=31
num_cat=0
split_feature=11 10 10 5 1 12 12 13 13 9 5 10 1 10 3 10 5 2 5 10 10 9 1 10 3 7 11 7 12 7
split_gain=13549.5 17460.5 13047.8 11462.9 17211.8 11399.8 10705.5 18828.2 15770 10437.7 19443.2 19214 17466.9 26401.4 11645.6 31750.5 15004.8 18245.7 11394.1 11293.6 26138.9 39261.5 18269.1 14629.1 10089.1 9658.96 9406.74 21631 12850.9 23574.2
threshold=-0.93533331155776966 0.012910176534205677 -0.39753912389278406 36.713724136352546 34.532089233398445 17.250000000000004 16.250000000000004 81.750000000000014 76.750000000000014 31.040899276733402 27.160553932189945 -0.20088869333267209 28.618703842163089 -0.15005400776863095 32.363410949707038 -0.08167563751339911 32.393571853637702 20.832380294799808 30.701275825500492 -0.25118774175643915 -0.30081701278686518 27.149890899658207 32.232032775878913 -0.18399664759635923 31.834308624267582 33.530347824096687 0.90515965223312389 31.278440475463871 15.250000000000002 29.605284690856937
decision_type=2 2 2 2 2 2 2 2 2 2 2 2 2 2 2 2 2 2 2 2 2 2 2 2 2 2 2 2 2 2
left_child=1 6 26 -3 5 -5 -1 8 -8 10 -10 -11 13 18 15 25 17 -17 -12 20 -14 -22 -23 -21 -25 -13 -2 28 29 -28
right_child=2 3 -4 4 -6 -7 7 -9 9 11 12 14 19 -15 -16 16 -18 -19 -20 23 21 22 -24 24 -26 -27 27 -29 -30 -31
leaf_value=0.018161722181467065 0.0086738173299721871 -0.028676538765523542 -0.015519343511452356 -0.010847349746951035 0.029908069064078547 0.61222873196219574 -0.024157817463922336 -0.029966565879345049 -0.034834206129781775 -0.083745627602730355 0.19207917202839117 0.010968997198241679 0.16273238818317401 1.506756953895092 0.10299928103106866 0.63090585166757762 0.49740520440751601 1.9506152868270874 1.0643628316745162 -0.23482917113602164 -0.25203083449680558 0.7105362598187267 1.5871948460582646 0.89242410245588266 0.18458208518357999 0.38500977464308833 0.078763425111466528 1.0024116627659116 -0.015654637100068248 0.97125834721439297
leaf_weight=5214 80199 10392 112560 105 1319 244 1056 1848 409 787 149 440 471 76 1279 55 168 50 50 200 76 156 96 59 343 284 245 70 785 106
leaf_count=5214 80199 10392 112560 105 1319 244 1056 1848 409 787 149 440 471 76 1279 55 168 50 50 200 76 156 96 59 343 284 245 70 785 106
internal_value=9.86015e-11 0.0343953 -0.00449099 -0.00914702 0.112526 0.42477 0.0739792 0.110123 0.151852 0.187957 0.274249 0.129217 0.349676 0.714005 0.202856 0.330957 0.790457 1.25934 0.411246 0.278163 0.401385 0.744085 1.0445 0.114616 0.288469 0.157692 0.0107581 0.149362 0.0967971 0.348292
internal_weight=219291 25326 193965 12060 1668 349 13266 8052 6204 5148 2085 3063 1676 275 2276 997 273 105 199 1401 799 328 252 602 402 724 81405 1206 1136 351
internal_count=219291 25326 193965 12060 1668 349 13266 8052 6204 5148 2085 3063 1676 275 2276 997 273 105 199 1401 799 328 252 602 402 724 81405 1206 1136 351
is_linear=0
shrinkage=0.05


Tree=49
num_leaves=31
num_cat=0
split_feature=11 12 10 13 13 7 11 1 13 1 11 10 9 7 9 10 10 0 9 10 9 6 3 13 13 10 10 7 10 10
split_gain=12598.2 11071.9 23793.4 17063.8 16771.9 10251.4 18104.2 39360.4 37588.2 24981.6 16101.1 23410.9 21105.5 19235.7 17583.1 15292 45074.4 37985.5 21042 20503.3 16812.5 14607.1 14321.5 14271.7 12185.8 12462.5 11873.9 15508.3 9885.93 9515.17
threshold=-0.34155811369419092 17.750000000000004 0.44437406957149511 77.250000000000014 82.250000000000014 32.910375595092781 -0.98798605799674977 31.527656555175785 80.250000000000014 28.459609985351566 -0.96681198477745045 -0.31718835234642023 30.456549644470218 27.556782722473148 34.125484466552741 -0.62540480494499195 -0.69016700983047474 35.414232254028327 29.230901718139652 -0.66484925150871266 30.211767196655277 28.846113204956058 25.860814094543461 80.250000000000014 80.750000000000014 -0.30081701278686518 -0.86095303297042836 28.14733982086182 -0.96683886647224415 -0.91585582494735707
decision_type=2 2 2 2 2 2 2 2 2 2 2 2 2 2 2 2 2 2 2 2 2 2 2 2 2 2 2 2 2 2
left_child=1 -1 3 -3 5 6 7 8 9 -5 -8 14 13 -13 15 16 22 18 -18 -20 -21 24 23 -12 25 -15 27 -24 -2 -7
right_child=28 2 -4 4 -6 29 10 -9 -10 -11 11 12 -14 21 -16 -17 17 -19 19 20 -22 -23 26 -25 -26 -27 -28 -29 -30 -31
leaf_value=-0.00041737367543945585 0.024778275859588913 -0.026119000573194842 -0.024510952859971492 2.147901021361351 0.010892178632808393 0.63123920248189114 -0.1274577070710457 0.049137578493969276 0.2578395976274635 0.8299467876844574 0.075709076259623878 0.00098167475468168659 0.090263970684444098 0.32185943565278685 0.94926233388897452 -0.057024778160241478 -0.1400681204224215 1.7093324132006744 1.0880940715872474 1.0723526876342173 0.13658987555963298 1.5958525264263155 0.82115956638008358 1.1717583025512457 0.17358090673196352 1.2863448700734548 -0.062515868927793247 0.086399378228865314 -0.014971654045482355 0.15887137061429268
leaf_weight=49416 18090 4410 11220 50 5880 109 1058 788 261 128 66 96 405 53 54 2411 151 58 124 60 240 50 76 54 84 91 2068 1304 115575 4861
leaf_count=49416 18090 4410 11220 50 5880 109 1058 788 261 128 66 96 405 53 54 2411 151 58 124 60 240 50 76 54 84 91 2068 1304 115575 4861
internal_value=-5.13465e-11 0.0149734 0.0359772 0.0631352 0.0822611 0.110809 0.0809669 0.260509 0.639919 1.20016 0.0550586 0.0809957 0.34036 0.611186 0.050686 0.0433473 0.100952 0.489791 0.366776 0.547279 0.323742 0.821904 0.031968 0.568931 0.652179 0.931361 0.0132802 0.126864 -0.00959196 0.169231
internal_weight=219291 85626 36210 24990 20580 14700 9730 1227 439 178 8503 7445 779 374 6666 6612 4201 633 575 424 300 278 3568 120 228 144 3448 1380 133665 4970
internal_count=219291 85626 36210 24990 20580 14700 9730 1227 439 178 8503 7445 779 374 6666 6612 4201 633 575 424 300 278 3568 120 228 144 3448 1380 133665 4970
is_linear=0
shrinkage=0.05


Tree=50
num_leaves=31
num_cat=0
split_feature=8 13 3 11 10 11 10 3 6 12 10 1 11 12 3 10 9 2 7 5 7 10 9 0 10 7 12 11 11 10
split_gain=11490.6 7165.54 7065 11970.4 17380.3 7038.19 9271.94 14097 8258.88 15726.9 36731.2 21424.3 6465.84 13890 12001.1 10569.9 16314 10335.4 13680.5 8104.86 7272.93 7077.22 6255.89 6250.22 6028.29 10026.9 7127.69 11770.6 11392.2 7415.78
threshold=3.8427743911743169 79.250000000000014 31.199020385742191 0.77756834030151378 -0.57023701071739186 -0.92910701036453236 -0.064507851377129541 36.248844146728523 11.469469070434572 18.250000000000004 -0.15005400776863095 32.533452987670906 0.91234096884727489 14.250000000000002 26.482831954956058 -0.63874351978301991 29.065122604370121 3.6023073196411137 28.323995590209964 30.468314170837406 27.153847694396976 -0.78297284245491017 27.648724555969242 1.1113213896751406 0.20088869333267215 32.123796463012702 15.750000000000002 0.61864846944808971 0.21771516650915149 0.012910176534205677
decision_type=2 2 2 2 2 2 2 2 2 2 2 2 2 2 2 2 2 2 2 2 2 2 2 2 2 2 2 2 2 2
left_child=24 5 12 -4 -5 6 8 -8 -2 -10 11 -11 13 17 15 16 -15 18 -3 -20 -16 -19 -17 -9 25 -1 27 -27 29 -28
right_child=1 2 3 4 -6 -7 7 23 9 10 -12 -13 -14 14 20 22 -18 21 19 -21 -22 -23 -24 -25 -26 26 28 -29 -30 -31
leaf_value=-0.0062542181787452761 0.058120392776029643 1.3386995528752987 0.014835337068810484 0.99746446098495078 -0.061653779781883279 -0.010903849727318071 -0.047661835738485391 0.20781653959253063 0.072905427805542294 0.056891548365044099 1.5365941316645215 1.1946022371053695 -0.060993704863047386 0.31713300975202358 -0.12509780627272224 0.39426258976363682 1.4106016586808598 0.53201891331002116 0.022156169581903171 0.7698075414531762 0.082505721863060877 -0.048329226631257272 -0.23801769453126032 0.93346102821826937 -0.014507813451943255 -0.014155358230118454 0.089295743628588053 0.44658103730291759 -0.031534350474065713 -0.011326672168746525
leaf_weight=67140 1827 52 9911 76 79 16006 2139 73 541 240 69 50 674 103 458 83 51 80 73 72 5348 153 74 50 89326 8222 10610 141 3357 2213
leaf_count=67140 1827 52 9911 76 79 16006 2139 73 541 240 69 50 674 103 458 83 51 80 73 72 5348 153 74 50 89326 8222 10610 141 3357 2213
internal_value=9.01748e-11 0.0248877 0.0487271 0.0216541 0.457656 0.00525863 0.057112 -0.0177299 0.119192 0.243168 0.499747 0.253049 0.0864666 0.101647 0.082338 0.384938 0.679256 0.376333 0.642923 0.393404 0.0661291 0.150932 0.0962451 0.502794 -0.00526355 0.00374307 0.0310917 -0.00638735 0.0504636 0.0719303
internal_weight=219291 38282 17287 10066 155 20995 4989 2262 2727 900 359 290 7221 6547 6117 311 154 430 197 145 5806 233 157 123 181009 91683 24543 8363 16180 12823
internal_count=219291 38282 17287 10066 155 20995 4989 2262 2727 900 359 290 7221 6547 6117 311 154 430 197 145 5806 233 157 123 181009 91683 24543 8363 16180 12823
is_linear=0
shrinkage=0.05


Tree=51
num_leaves=31
num_cat=0
split_feature=11 10 7 6 9 10 12 1 3 10 9 9 12 10 10 13 3 10 10 7 2 10 3 1 9 9 1 6 5 11
split_gain=10811.8 11843.3 12727.5 13571.8 9432.85 21081.2 41712.7 15708 8734.24 8316.58 7927.32 8288.46 10815.3 11676.3 11823.5 19961 24808.5 18042.9 17818 18995.1 25706.1 15884.8 25683.9 28297.8 13061.4 11234.2 12924.2 10628.4 9365.55 19967.4
threshold=-0.37370587885379786 -0.86095303297042836 29.921259880065922 42.617511749267585 29.495378494262699 -0.88606244325637806 16.750000000000004 31.712697982788089 27.823003768920902 -0.96683886647224415 26.614676475524906 38.390882492065437 18.250000000000004 -0.73831951618194569 -0.51973900198936451 79.250000000000014 26.482831954956058 -0.3334656953811645 -0.69016700983047474 32.289096832275398 34.248380661010749 -0.56314551830291737 33.87755203247071 33.223888397216804 30.14364051818848 32.830299377441413 32.330865859985359 2.0319367647171025 31.798939704895023 -0.99049577116966236
decision_type=2 2 2 2 2 2 2 2 2 2 2 2 2 2 2 2 2 2 2 2 2 2 2 2 2 2 2 2 2 2
left_child=1 2 3 4 -1 6 -6 -8 -7 -2 -3 12 -12 -14 15 25 -17 -16 -18 20 -20 -21 23 -23 27 -15 -27 -19 29 -29
right_child=9 10 -4 -5 5 8 7 -9 -10 -11 11 -13 13 14 17 16 18 24 19 21 -22 22 -24 -25 -26 26 -28 28 -30 -31
leaf_value=0.06981798126235382 0.022886158698988635 -0.079092408791655577 0.04228818916498879 0.94307352929346033 0.046802731348663314 0.65301677236834976 0.78308414700958462 1.968113195279549 -0.062020047691701344 -0.01352196170420372 0.0051529999698191773 -0.025425925061727441 -0.057281186713991898 -0.082226997821874759 -0.080570897740914638 1.019934986283382 -0.078379884886586274 -0.11006193985989275 0.052836755532499516 0.30480088258369104 0.97295493086179108 1.7714851539456444 -0.004723902757351215 0.44827292011799041 0.053407304926517775 -0.03128752781397845 0.61958632275676562 1.1367193000479823 0.021549668673117084 0.30441722405180743
leaf_weight=734 18090 2461 4111 62 117 52 54 58 239 117987 42720 12310 2274 1017 2436 99 422 172 788 369 84 89 65 74 11315 169 139 84 193 507
leaf_count=734 18090 2461 4111 62 117 52 54 58 239 117987 42720 12310 2274 1017 2436 99 422 172 788 369 84 89 65 74 11315 169 139 84 193 507
internal_value=-1.22477e-10 0.0141972 0.085611 0.220945 0.185242 0.348168 0.707044 1.39676 0.0657529 -0.00868189 0.00921483 0.0120999 0.0194305 0.0494825 0.0629539 0.148256 0.248372 0.0437265 0.207978 0.29024 0.141472 0.507536 0.835646 1.17076 0.0684016 -0.00210562 0.262451 0.245871 0.323958 0.422714
internal_weight=219291 83214 5427 1316 1254 520 229 112 291 136077 77787 75326 63016 20296 18022 3315 1990 14707 1891 1469 872 597 228 163 12271 1325 308 956 784 591
internal_count=219291 83214 5427 1316 1254 520 229 112 291 136077 77787 75326 63016 20296 18022 3315 1990 14707 1891 1469 872 597 228 163 12271 1325 308 956 784 591
is_linear=0
shrinkage=0.05


Tree=52
num_leaves=31
num_cat=0
split_feature=11 12 10 7 11 1 11 9 13 7 8 10 9 10 10 9 13 13 12 13 1 10 1 5 1 3 10 10 1 10
split_gain=9850.18 10248.6 21544.9 14163.7 9855.6 36902.5 13885 16409.7 13827.5 17103.8 12135 10425.8 19236.7 17977 20157.2 30365.3 27224 25267.9 42522.8 20806.4 17368.5 8564.44 13656.2 14301.4 8608.91 15448.4 11608.2 28386.3 8449.11 7831.2
threshold=-0.20930689573287961 17.750000000000004 0.44437406957149511 32.827878952026374 -0.98798605799674977 27.833753585815433 -0.96681198477745045 33.639381408691413 80.750000000000014 31.425899505615238 1.0000000180025095e-35 -0.31718835234642023 31.248117446899418 -0.62540480494499195 -0.69016700983047474 29.230901718139652 79.250000000000014 81.750000000000014 19.250000000000004 80.750000000000014 33.131380081176765 -0.86095303297042836 26.508317947387699 27.268621444702152 31.499691009521488 31.613467216491703 -0.88606244325637806 -0.91585582494735707 25.582847595214847 -0.96230018138885487
decision_type=2 2 2 2 2 2 2 2 2 2 2 2 2 2 2 2 2 2 2 2 2 2 2 2 2 2 2 2 2 2
left_child=1 -1 3 4 5 -3 28 10 9 -9 -8 13 20 14 21 -16 -17 18 19 -18 -13 24 23 -23 29 26 27 -26 -6 -12
right_child=-2 2 -4 -5 6 -7 7 8 -10 -11 11 12 -14 -15 15 16 17 -19 -20 -21 -22 22 -24 -25 25 -27 -28 -29 -30 -31
leaf_value=-0.0019474141935357234 -0.0092881304733447283 1.1181851644734186 -0.020955401806106354 0.10758567528267023 0.34342826418194577 0.088382881639641003 -0.065688604625216002 1.2926259154179058 -0.037711543739809616 0.34152620854166649 0.19793020762631727 0.25513746497422657 -0.12080087641317896 -0.066785157208546095 -0.15930185093014848 0.043519759996395027 2.3908787287160997 0.30865942458987861 0.36289757428547514 1.0432956063637027 1.0206119857861526 0.83766754026646206 -0.047680247266258198 0.024307842438912576 0.27836696593598886 0.086323205805632075 -0.073018973249278654 1.3434734676905136 -0.13591391786524201 -0.031244918457506335
leaf_weight=54984 124017 91 13260 9118 97 1976 2895 61 154 210 536 629 321 3051 255 224 61 191 104 54 84 92 2627 131 187 731 73 94 1759 1224
leaf_count=54984 124017 91 13260 9118 97 1976 2895 61 154 210 536 629 321 3051 255 224 61 191 104 54 84 92 2627 131 187 731 73 94 1759 1224
internal_value=-7.20604e-11 0.0120902 0.0312475 0.0568565 0.0310331 0.13372 0.0176375 0.0346862 0.340619 0.555611 0.0251005 0.0497358 0.200615 0.0335439 0.080036 0.301466 0.486791 0.728968 1.09554 1.7581 0.34532 0.0454703 -0.0157917 0.359864 0.10684 0.217616 0.488731 0.634666 -0.110862 0.0385493
internal_weight=219291 95274 40290 27030 17912 2067 15845 13989 425 271 13564 10669 1034 9635 6584 889 634 410 219 115 713 5695 2850 223 2845 1085 354 281 1856 1760
internal_count=219291 95274 40290 27030 17912 2067 15845 13989 425 271 13564 10669 1034 9635 6584 889 634 410 219 115 713 5695 2850 223 2845 1085 354 281 1856 1760
is_linear=0
shrinkage=0.05


Tree=53
num_leaves=31
num_cat=0
split_feature=8 13 10 10 11 12 0 11 3 10 11 11 3 7 9 0 10 10 9 3 7 6 1 13 13 10 1 11 10 0
split_gain=9012.27 5857.09 7019.12 10654.5 37127.8 26278.6 28826.4 11000.5 8711.54 19762.5 9485.08 13039 17529.8 33912.2 14419.3 19447 19362.6 53752.3 7731.78 9655.11 8200.26 12083.4 9562.46 7827.33 7167.7 6728.64 7230.49 6577.52 10876 13140.2
threshold=3.8427743911743169 78.250000000000014 -0.89391031861305226 -0.54162281751632679 0.78827583789825451 15.250000000000002 0.15948714315891269 -0.90878397226333607 29.9996452331543 -0.8779519498348235 0.70860043168067943 0.59123954176902782 28.164047241210941 28.796544075012211 28.69754791259766 22.324149131774906 -0.63874351978301991 -0.67760851979255665 30.86781215667725 36.626169204711921 27.464221954345707 20.823126792907718 28.618703842163089 79.250000000000014 80.750000000000014 -0.25118774175643915 30.624572753906254 -0.97502842545509327 0.20088869333267215 5.5630879402160653
decision_type=2 2 2 2 2 2 2 2 2 2 2 2 2 2 2 2 2 2 2 2 2 2 2 2 2 2 2 2 2 2
left_child=-1 -2 -3 4 8 6 -6 18 9 -4 11 14 -13 -14 -11 -16 17 -17 20 27 -5 24 -23 -21 -22 26 -24 28 -20 -30
right_child=1 2 3 7 5 -7 -8 -9 -10 10 -12 12 13 -15 15 16 -18 -19 19 23 21 22 25 -25 -26 -27 -28 -29 29 -31
leaf_value=-0.0046614811769460805 -0.0024346102912567264 -0.0070217012065054724 0.95848006306091948 -0.068075439448388217 1.7441387526957053 0.047118237426226173 0.30213132625666717 -0.030223261258376322 0.032447492967913133 -0.060430686018776658 -0.10986047229540033 -0.01063541699683361 1.9341385967284443 0.24852600030198291 0.10592503638983829 0.39663846971184924 -0.12558479292052135 2.2680125300288201 0.037996252996501348 0.73084322473965591 0.24100503671810711 0.89036048563678616 0.083460993933327066 0.14438311226994979 0.020534620026966412 0.080372733931398446 0.83326640342330105 -0.072246090417143471 -0.0065395927093192642 1.1230024788492861
leaf_weight=181009 14918 6385 75 379 84 87 59 4887 3298 612 339 83 50 74 692 165 70 50 2193 80 683 89 51 197 801 161 87 1530 51 52
leaf_count=181009 14918 6385 75 379 84 87 59 4887 3298 612 339 83 50 74 692 165 70 50 2193 80 683 89 51 197 801 161 87 1530 51 52
internal_value=-5.66159e-11 0.0220409 0.0376686 0.0544745 0.109912 0.732316 1.14918 0.0261764 0.0839219 0.160738 0.132714 0.1785 0.551764 0.928208 0.129875 0.249084 0.596684 0.831842 0.0695546 0.0287016 0.144019 0.186959 0.435394 0.313758 0.122004 0.299969 0.556164 0.00806374 0.0615803 0.563715
internal_weight=219291 38282 23364 16979 5738 230 143 11241 5508 2210 2135 1796 207 124 1589 977 285 215 6354 4103 2251 1872 388 277 1484 299 138 3826 2296 103
internal_count=219291 38282 23364 16979 5738 230 143 11241 5508 2210 2135 1796 207 124 1589 977 285 215 6354 4103 2251 1872 388 277 1484 299 138 3826 2296 103
is_linear=0
shrinkage=0.05


Tree=54
num_leaves=31
num_cat=0
split_feature=11 10 5 6 7 10 10 12 1 6 10 2 9 5 10 7 10 4 1 11 2 9 11 10 3 1 9 12 10 13
split_gain=8621.55 10814.9 12004.8 9331.49 8404.08 10494.3 15631.5 28367.4 11235.2 7369.95 7366.24 7271.42 7054.71 6990.87 14211.5 19834 10825.2 26260.2 17010.2 19759.9 27585.7 14026.3 8079.12 8001.81 6658.58 8865.11 6605.89 8217.17 10176.2 10369.9
threshold=-0.38961601257324213 -0.86095303297042836 31.024106025695804 42.617511749267585 32.75042915344239 -0.89391031861305226 -0.88606244325637806 16.750000000000004 30.763122558593754 6.0293686389923105 -0.96683886647224415 8.54986619949341 26.614676475524906 31.343531608581547 -0.99466162919998158 30.841373443603519 -0.99052327871322621 5.810997962951661 31.904052734375004 0.15004983544349673 0.37751992046833044 31.823954582214359 -0.24284072965383527 -0.98801350593566883 30.760957717895511 29.583262443542484 38.390882492065437 18.250000000000004 -0.83354803919792164 77.250000000000014
decision_type=2 2 2 2 2 2 2 2 2 2 2 2 2 2 2 2 2 2 2 2 2 2 2 2 2 2 2 2 2 2
left_child=1 2 3 4 5 -1 7 -7 11 -9 13 -8 -3 14 -2 -16 17 24 22 23 -21 -19 -18 -20 -17 -26 27 -14 -29 -30
right_child=10 12 -4 -5 -6 6 8 9 -10 -11 -12 -13 26 -15 15 16 18 21 19 20 -22 -23 -24 -25 25 -27 -28 28 29 -31
leaf_value=-0.014697677774205584 -0.023801918628714787 -0.07500681809732658 0.019812599565392656 0.76473763883113866 0.79969432020187381 0.012774310593483268 0.14130192940332451 1.654395615041256 -0.052966916291505989 0.80013034279805195 -0.012174623375003836 0.49668795126602955 0.0050493071687028124 -0.01170899671364848 0.03619143708689606 -0.025646684073481731 0.68437174745634488 0.33818673996565241 -0.27083009279543357 1.8975709341168405 0.26772390343248847 1.2965134945086072 0.040012749248277926 0.41534437579137312 -0.061218008150657026 0.71048805240769786 -0.022911770282257826 -0.15402822726672249 -0.036725306291328731 0.065357542774444458
leaf_weight=674 3873 2461 2850 66 50 93 343 50 399 51 119193 248 42467 8295 4010 183 51 60 62 50 54 105 1054 135 60 98 12027 630 2924 16675
leaf_count=674 3873 2461 2850 66 50 93 343 50 399 51 119193 248 42467 8295 4010 183 51 60 62 50 54 105 1054 135 60 98 12027 630 2924 16675
internal_value=1.25896e-10 0.0128272 0.0854567 0.180231 0.160013 0.142798 0.232454 0.642858 0.152032 1.22303 -0.00766253 0.290432 0.00828788 0.0220672 0.0506709 0.0993763 0.231893 0.430211 0.160521 0.49374 1.0513 0.948031 0.0697524 0.199391 0.179652 0.417435 0.0110312 0.0175425 0.0437696 0.0501277
internal_weight=219291 82008 4824 1974 1908 1858 1184 194 990 101 137283 591 77184 18090 9795 5922 1912 506 1406 301 104 165 1105 197 341 158 74723 62696 20229 19599
internal_count=219291 82008 4824 1974 1908 1858 1184 194 990 101 137283 591 77184 18090 9795 5922 1912 506 1406 301 104 165 1105 197 341 158 74723 62696 20229 19599
is_linear=0
shrinkage=0.05


Tree=55
num_leaves=31
num_cat=0
split_feature=11 12 10 1 7 13 9 10 3 13 3 10 8 7 3 7 5 4 10 11 1 7 4 3 7 9 1 11 4 11
split_gain=7920.05 10849.5 12060.5 25407 22219.9 17146.4 22295.3 21217.8 22201.6 20332.1 14661.5 9941.82 12428.2 7386.15 6921.93 11629.6 9524.6 8276.51 6616.8 21411.4 13333.3 12709.1 11125.6 10520.1 6929.7 15134.4 11901.7 6819.82 8364.51 8010.36
threshold=-0.98798605799674977 16.250000000000004 -0.030120026320219036 32.298109054565437 35.142175674438484 82.250000000000014 31.013070106506351 -0.08167563751339911 30.38144683837891 79.250000000000014 32.639993667602546 -0.064507851377129541 0.18648168444633487 31.730654716491703 29.650210380554203 32.024396896362312 31.767458915710453 16.800004959106449 -0.25950939953327173 -0.95234230160713185 32.330865859985359 30.18331336975098 7.7234292030334482 33.937786102294929 28.323995590209964 30.83834266662598 28.955904006958011 -0.89388549327850331 5.810997962951661 -0.10737737268209456
decision_type=2 2 2 2 2 2 2 2 2 2 2 2 2 2 2 2 2 2 2 2 2 2 2 2 2 2 2 2 2 2
left_child=1 -1 3 5 -5 6 9 14 -9 -3 13 -10 -13 -4 16 17 -8 -16 19 20 24 22 -22 -23 -2 -26 -27 -21 -29 -30
right_child=18 2 10 4 -6 -7 7 8 11 -11 -12 12 -14 -15 15 -17 -18 -19 -20 27 21 23 -24 -25 25 26 -28 28 29 -31
leaf_value=-0.020481676691250186 -0.046151335472832039 1.6848618872206786 0.10608244184750615 -0.10402692583963456 0.54888298029191052 -0.053021602925375437 -0.33302995496843429 1.3405170363467187 0.098178871742165691 0.50373644212983093 0.097226055258181676 1.3082177107437301 0.35682871894228579 -0.16678748440653854 0.26785011944862513 0.10238682466442697 0.4081948344145091 1.168813268840313 -0.010060609855297668 -0.049872723496828572 0.41256535562872892 0.051879061540770315 1.4673465135544541 0.85962311124636059 0.40451995761649767 0.3826928133659202 -0.12018178905322972 -0.00018467962462426815 0.067799862236873606 0.00013554530913875942
leaf_weight=4266 457 58 323 951 151 274 144 80 141 98 2635 52 101 1068 52 348 62 50 116781 5427 50 159 50 54 453 163 423 66619 10066 7735
leaf_count=4266 457 58 323 951 151 274 144 80 141 98 2635 52 101 1068 52 348 62 50 116781 5427 50 159 50 54 453 163 423 66619 10066 7735
internal_value=-6.62015e-12 0.0416405 0.0818672 0.166672 -0.0145629 0.303468 0.385827 0.301459 0.60201 0.942873 0.0279002 0.401055 0.680177 -0.103425 0.130109 0.239999 -0.109943 0.709499 -0.00216836 0.00788734 0.178199 0.474965 0.939956 0.256659 0.116109 0.187478 0.0196963 0.00445824 0.00795094 0.0383979
internal_weight=219291 10854 6588 2562 1102 1460 1186 1030 374 156 4026 294 153 1391 656 450 206 102 208437 91656 1809 313 100 213 1496 1039 586 89847 84420 17801
internal_count=219291 10854 6588 2562 1102 1460 1186 1030 374 156 4026 294 153 1391 656 450 206 102 208437 91656 1809 313 100 213 1496 1039 586 89847 84420 17801
is_linear=0
shrinkage=0.05


Tree=56
num_leaves=31
num_cat=0
split_feature=11 12 10 7 10 13 1 11 1 9 10 10 13 1 10 10 0 9 4 9 7 7 9 2 10 9 7 3 10 5
split_gain=7338.78 8047.4 17186.9 13369.6 9239.68 9410.2 9142.52 8244.24 17214.7 29607.9 13161.9 17048.9 22219.2 14431.9 12313 28845.6 28459.6 18340.3 15782.1 11125.4 14197.8 13256.1 10849.7 10021.1 9987.2 12337.4 10297.3 11759.1 8031.24 7836.05
threshold=-0.20930689573287961 17.750000000000004 0.44437406957149511 32.827878952026374 0.30081701278686529 77.750000000000014 25.582847595214847 -0.99049577116966236 29.966835975646976 32.189920425415046 -0.25118774175643915 -0.31718835234642023 81.250000000000014 32.952119827270515 -0.62540480494499195 -0.69016700983047474 35.414232254028327 29.230901718139652 22.779994010925297 30.86781215667725 27.556782722473148 30.432724952697757 30.366688728332523 20.033709526062015 -0.8779519498348235 33.750249862670906 28.269465446472172 29.932185173034672 -0.71466678380966175 32.869735717773445
decision_type=2 2 2 2 2 2 2 2 2 2 2 2 2 2 2 2 2 2 2 2 2 2 2 2 2 2 2 2 2 2
left_child=1 -1 3 4 5 -3 28 8 9 -8 11 14 13 19 15 24 17 -17 22 20 -13 -22 -19 -20 25 26 27 -9 -7 -16
right_child=-2 2 -4 -5 -6 6 7 10 -10 -11 -12 12 -14 -15 29 16 -18 18 23 -21 21 -23 -24 -25 -26 -27 -28 -29 -30 -31
leaf_value=-0.0020033836766756778 -0.0080171138979379351 -0.04250204740725734 -0.019213649577936462 0.099570808812192366 0.6498732092269397 0.93072722289854526 1.1943314889314198 1.0025950300788125 0.083916541631478603 -0.041318418285564373 -0.098084440767216508 0.0066134466371242555 -0.01817916878123341 1.2957110490720227 -0.082770119640951725 -0.14552645316285096 1.2799772138732513 0.78858426275812554 0.40786193773150448 0.017006375672229165 1.2148421969091265 0.30119407779895346 0.14572940361013129 1.3592439912860432 -0.033864869125112378 0.80841060339162751 0.056511342431758482 0.12876593628239752 0.1709000708286961 0.178676890063381
leaf_weight=54984 124017 4182 13260 9118 59 52 99 63 1284 95 1837 69 347 53 2674 209 74 81 50 119 102 65 346 62 3043 60 2362 99 105 321
leaf_count=54984 124017 4182 13260 9118 59 52 99 63 1284 95 1837 69 347 53 2674 209 74 81 50 119 102 65 346 62 3043 60 2362 99 105 321
internal_value=1.49776e-11 0.0104358 0.0274116 0.0502843 0.0251953 0.0231309 0.0432082 0.0388011 0.150245 0.589245 0.0251159 0.0473062 0.275942 0.526089 0.029028 0.0679349 0.344607 0.252071 0.406241 0.411188 0.609949 0.859231 0.267676 0.93452 0.0275182 0.0998049 0.08296 0.468588 0.422563 -0.0547486
internal_weight=219291 95274 40290 27030 17912 17853 13671 13514 1478 194 12036 10199 755 408 9444 6449 822 748 539 355 236 167 427 112 5627 2584 2524 162 157 2995
internal_count=219291 95274 40290 27030 17912 17853 13671 13514 1478 194 12036 10199 755 408 9444 6449 822 748 539 355 236 167 427 112 5627 2584 2524 162 157 2995
is_linear=0
shrinkage=0.05


Tree=57
num_leaves=31
num_cat=0
split_feature=6 4 11 1 2 7 10 3 5 8 12 1 11 10 10 11 7 12 10 11 4 0 11 10 12 7 12 10 10 5
split_gain=6831.51 5264.57 5461.19 15521 18893 13356.5 5784.78 5189.58 7710.18 9967.94 4679.98 4948.21 4396.81 4062.41 6273.72 7064.4 3880.59 4537.74 6452.97 22767.5 21913.5 4700.3 3752.73 24474 15667.5 12751.7 8515.14 6999.93 6705.91 22566.8
threshold=1.865866541862488 71.395942687988295 -0.99049577116966236 31.970799446105961 21.241452217102054 31.131119728088382 -0.08167563751339911 29.542384147644047 31.024106025695804 18.561347961425785 17.750000000000004 30.065106391906742 -0.99626126885414112 -0.48250326514244074 -0.72660079598426808 0.70860043168067943 27.365325927734379 14.750000000000002 -0.69016700983047474 0.69635042548179638 12.710318088531496 54.775394439697273 -0.12447465583682059 -0.99052327871322621 18.750000000000004 30.722123146057132 17.250000000000004 -0.98521098494529713 0.68391311168670665 29.427904129028324
decision_type=2 2 2 2 2 2 2 2 2 2 2 2 2 2 2 2 2 2 2 2 2 2 2 2 2 2 2 2 2 2
left_child=-1 2 3 4 7 -6 -7 -2 9 10 -9 -12 -10 14 -3 -16 17 18 19 -4 -21 -19 23 24 25 -18 28 -28 -25 -30
right_child=1 13 16 -5 5 6 -8 8 12 -11 11 -13 -14 -15 15 -17 22 21 -20 20 -22 -23 -24 26 -26 -27 27 -29 29 -31
leaf_value=-0.0047293096549581668 -0.074173036561451827 0.10459285304234045 0.033290264441431322 -0.0064884416267898997 1.2057115323301675 0.038059236549995316 0.66775387144088749 0.022754283459676852 0.1875077508803871 0.98818908751010892 0.76729248907703618 0.19478396665304901 -0.073150793118100854 -0.014375751217206321 0.88314573981744404 0.20290999701139573 0.4732906093324224 -0.080752853228724053 -0.039848438038565942 0.022062916338443758 1.4340718960175751 0.29632786396671745 -0.0079867985135821697 -0.026769013542636829 0.046988187175324686 1.5430489369309868 -0.23131396218668671 0.050282541762761292 1.0975486287038845 0.048654897873160213
leaf_weight=170365 259 279 790 2424 69 71 75 124 387 55 65 90 278 228 68 87 60 2978 1597 50 61 85 12066 9766 78 52 224 14927 53 1580
leaf_count=170365 259 279 790 2424 69 71 75 124 387 55 65 90 278 228 68 87 60 2978 1597 50 61 85 12066 9766 78 52 224 14927 53 1580
internal_value=2.55666e-11 0.0164679 0.014547 0.0712972 0.199303 0.632455 0.361533 0.125274 0.176983 0.372984 0.251706 0.434868 0.0785407 0.156512 0.246287 0.501336 0.00956235 -0.0295003 0.0205136 0.127504 0.798032 -0.0702886 0.0151601 0.0256048 0.591058 0.969964 0.0215583 0.0461193 -0.0110871 0.0826974
internal_weight=219291 48926 48264 3897 1473 215 146 1258 999 334 279 155 665 662 434 155 44367 5561 2498 901 111 3063 38806 26740 190 112 26550 15151 11399 1633
internal_count=219291 48926 48264 3897 1473 215 146 1258 999 334 279 155 665 662 434 155 44367 5561 2498 901 111 3063 38806 26740 190 112 26550 15151 11399 1633
is_linear=0
shrinkage=0.05


Tree=58
num_leaves=31
num_cat=0
split_feature=10 11 13 13 12 10 10 9 7 10 4 6 11 9 12 11 0 11 13 10 10 10 10 1 10 7 3 5 10 10
split_gain=6646.98 12379.5 7911.85 10391.3 18050 18912.5 17794.3 17792.3 20074.7 28461 13190.6 14043.1 7225.6 7884.12 11052.2 15858.8 20729.3 13576.9 12468 12176 14996.1 9624.09 7766.75 7183.11 9501.55 19974.3 20168.1 21356.8 13908.6 21294.7
threshold=0.081675637513399138 -0.9469526708126067 77.250000000000014 81.250000000000014 16.250000000000004 -0.25118774175643915 -0.21772121638059613 31.335542678833011 28.382769584655765 -0.30081701278686518 0.28036242723464971 12.495853900909426 -0.89388549327850331 32.024663925170906 14.750000000000002 -0.87792757153511036 1.9916533827781679 -0.07309242337942122 79.250000000000014 -0.92913278937339772 -0.76109719276428212 -0.94130858778953541 -0.88606244325637806 32.232032775878913 -0.15005400776863095 31.990682601928714 30.442558288574222 30.590215682983402 -0.030120026320219036 -0.08167563751339911
decision_type=2 2 2 2 2 2 2 2 2 2 2 2 2 2 2 2 2 2 2 2 2 2 2 2 2 2 2 2 2 2
left_child=1 2 -1 4 -4 7 -7 8 -6 -10 -11 -12 -3 14 15 16 -14 19 21 -17 -21 -19 -23 24 -8 26 -26 -28 29 -27
right_child=-2 12 3 -5 5 6 23 -9 9 10 11 -13 13 -15 -16 17 -18 18 -20 20 -22 22 -24 -25 25 28 27 -29 -30 -31
leaf_value=-0.011884208319846046 -0.0091555478015545987 -0.05764712152914199 0.018874591866564219 -0.015826300517198563 0.10884119894276252 -0.20390846936256077 0.078044228698617546 0.015664055405958603 0.18668832550722142 1.8202899072170258 0.42603473111268991 1.3162807637247209 0.14835444381312721 0.030971447062344198 -0.014755472249345312 -0.14466292945360326 1.3269513144807996 0.11595202842763933 0.16461119185859791 0.10958256686927799 -0.083062819760818862 -0.13283347062896456 0.022634434273857005 0.087610362229642025 0.29888145777835823 0.07091899706807063 1.9011844691854938 0.60069766842613104 -0.12590042671791332 0.73787513658171522
leaf_weight=3672 104118 4824 3744 2520 174 378 617 219 135 50 83 95 126 22484 53366 1864 53 2638 2074 1950 2096 889 8337 1762 157 298 54 76 238 200
leaf_count=3672 104118 4824 3744 2520 174 378 617 219 135 50 83 95 126 22484 53366 1864 53 2638 2074 1950 2096 889 8337 1762 157 298 54 76 238 200
internal_value=1.17063e-11 0.00827674 0.0515181 0.0730749 0.100132 0.167201 0.121543 0.395494 0.550397 0.762052 1.10273 0.901166 0.00206241 0.00506666 -0.00286928 0.0288039 0.497324 0.0245785 0.0515066 -0.0389281 0.00978407 0.0317343 0.00765384 0.157704 0.233012 0.326477 0.680284 1.1409 0.188512 0.338773
internal_weight=219291 115173 14472 10800 8280 4536 3780 756 537 363 228 178 100701 95877 73393 20027 179 19848 13938 5910 4046 11864 9226 3402 1640 1023 287 130 736 498
internal_count=219291 115173 14472 10800 8280 4536 3780 756 537 363 228 178 100701 95877 73393 20027 179 19848 13938 5910 4046 11864 9226 3402 1640 1023 287 130 736 498
is_linear=0
shrinkage=0.05


Tree=59
num_leaves=31
num_cat=0
split_feature=11 10 0 12 8 9 7 12 13 13 11 10 0 3 9 10 12 5 10 5 10 13 11 4 7 10 9 1 11 1
split_gain=6138.67 6882.18 6896.44 7734.77 6862.51 6724.52 7121.16 9449.59 7793.94 11808.3 9266.91 35002.3 32940.4 13632.5 12900.5 13610.3 10920.8 8812.94 7566.26 52488.4 12340.4 7546.17 7504.81 7430.91 7028.13 16842.4 23525.8 22288.3 14797.3 25810.6
threshold=-0.20930689573287961 -0.96683886647224415 15.948968410491945 16.750000000000004 51.292980194091804 26.614676475524906 37.857082366943366 17.750000000000004 77.250000000000014 82.250000000000014 -0.72658059000968922 -0.63874351978301991 28.957439422607425 25.860814094543461 29.346663475036625 -0.66484925150871266 19.250000000000004 31.963420867919925 0.68391311168670665 28.706172943115238 0.81403854489326488 79.250000000000014 -0.61186373233795155 7.3483557701110849 32.910375595092781 -0.51973900198936451 33.086376190185554 33.223888397216804 -0.98798605799674977 31.744479179382328
decision_type=2 2 2 2 2 2 2 2 2 2 2 2 2 2 2 2 2 2 2 2 2 2 2 2 2 2 2 2 2 2
left_child=1 2 4 -4 -1 -3 7 18 17 10 11 12 14 -12 -10 23 21 -9 -7 -20 -21 -17 -15 -16 28 26 27 -26 29 -13
right_child=-2 5 3 -5 -6 6 -8 8 9 -11 13 24 -14 22 15 16 -18 -19 19 20 -22 -23 -24 -25 25 -27 -28 -29 -30 -31
leaf_value=0.052588509560851995 -0.0073323506933479238 -0.071204756981606235 0.83777430737391123 0.16629477782891347 0.61115711998325173 -0.0072444640490557021 -0.019211488380216631 -0.096259333975378072 -0.11030970775256199 0.0026235389450878213 0.65077507898785436 0.48713683053265844 1.6623609127821746 -0.083198226611961065 0.57696130203789675 0.08792803992551787 -0.19153534127606286 0.043198421961177215 1.3813174407163711 0.12978469334417495 -0.0073018868579051007 0.87460800731920507 0.048762592940007871 1.2447583341598512 1.3465133117694483 0.10278430257728628 -0.015489753575403562 0.17265733111260542 -0.0011452446798159337 0.015595507117052361
leaf_weight=1558 124017 2626 64 130 57 36873 17009 2105 112 8569 86 471 54 1424 116 54 90 2453 73 2357 5409 70 4427 65 102 3837 129 67 4131 756
leaf_count=1558 124017 2626 64 130 57 36873 17009 2105 112 8569 86 471 54 1424 116 54 90 2453 73 2357 5409 70 4427 65 102 3837 129 67 4131 756
internal_value=6.377e-11 0.00954443 0.106139 0.387814 0.0723027 0.00767487 0.00995514 0.0166746 0.0388408 0.0499848 0.0753639 0.104613 0.488382 0.025832 0.363342 0.497644 0.227722 -0.0212067 0.00223917 0.0468482 0.0343042 0.532022 0.0166463 0.816778 0.0819339 0.130906 0.493001 0.881138 0.0441397 0.196603
internal_weight=219291 95274 1809 194 1615 93465 90839 73830 29118 24560 15991 10054 561 5937 507 395 214 4558 44712 7839 7766 124 5851 181 9493 4135 298 169 5358 1227
internal_count=219291 95274 1809 194 1615 93465 90839 73830 29118 24560 15991 10054 561 5937 507 395 214 4558 44712 7839 7766 124 5851 181 9493 4135 298 169 5358 1227
is_linear=0
shrinkage=0.05


Tree=60
num_leaves=31
num_cat=0
split_feature=10 11 10 10 13 9 1 6 7 9 10 7 1 11 9 9 12 13 11 11 0 11 11 11 5 9 7 10 10 9
split_gain=5904.95 10817.5 7415.76 12532.2 7674.37 7459.01 14399.9 17396.3 11811.8 13303.6 10653.4 8116.27 17053.5 6546.44 8701.94 6569.36 11750.3 10385.2 12248.5 11316.6 10166.1 10106.6 15491.3 9703.81 14730.6 10812.4 16267.8 13554.7 10413.5 10913.2
threshold=0.081675637513399138 -0.9469526708126067 -0.25118774175643915 -0.21772121638059613 77.250000000000014 31.635630607604984 31.904052734375004 10.214131832122805 28.494501113891605 30.016159057617191 -0.28435654938220972 29.531802177429203 29.164972305297855 -0.91583034396171559 29.850750923156742 31.793825149536136 14.750000000000002 79.250000000000014 -0.86092913150787342 -0.69014781713485707 10.410720348358156 -0.46734189987182612 -0.07309242337942122 0.41326330602169042 30.530126571655277 30.396374702453617 30.750155448913578 -0.57023701071739186 -0.78297284245491017 25.825807571411136
decision_type=2 2 2 2 2 2 2 2 2 2 2 2 2 2 2 2 2 2 2 2 2 2 2 2 2 2 2 2 2 2
left_child=1 2 5 -4 -5 6 11 -8 -9 -10 -7 -1 -13 14 -3 16 17 18 20 -20 -15 -21 -23 -19 28 26 27 -26 -25 -30
right_child=-2 13 3 4 -6 10 7 8 9 -11 -12 12 -14 15 -16 -17 -18 23 19 21 -22 22 -24 24 25 -27 -28 -29 29 -31
leaf_value=-0.014179848394346762 -0.0086293915919386614 0.052577159590894595 -0.12069257284442401 -0.022897991419973319 0.07372087393931033 -0.25488146040040782 0.13798333195540607 0.25251391977071763 1.4172540855996403 0.48655097141657794 0.15280454208071415 0.71052365010300433 0.051462762550257682 0.14423311708043471 -0.12916445667338952 0.025422307841378302 -0.016365087126598885 -0.080140204237596629 -0.12554283329904423 0.14213028606563269 0.68948985711927069 -0.11180348874068531 0.030365898500994054 0.59641713971651877 0.91845432312360831 0.18194318665976983 1.4140053621213884 -0.13617260279291768 0.6695837853706047 0.041090720003965839
leaf_weight=752 104118 972 1206 2754 8100 272 291 89 81 73 390 141 323 528 2043 26611 51208 441 1451 1538 102 2291 11709 103 63 166 60 59 73 1283
leaf_count=752 104118 972 1206 2754 8100 272 291 89 81 73 390 141 323 528 2043 26611 51208 441 1451 1538 102 2291 11709 103 63 166 60 59 73 1283
internal_value=-1.19602e-10 0.00780109 0.0482224 0.0322158 0.0492056 0.128255 0.182335 0.398769 0.711068 0.976077 -0.0147039 0.0872887 0.251738 0.00199204 -0.0705731 0.00423171 -0.00370221 0.0289369 0.0160241 0.00799613 0.232513 0.0204665 0.00710089 0.130142 0.181462 0.473768 0.739938 0.40843 0.111741 0.0749255
internal_weight=219291 115173 14472 12060 10854 2412 1750 534 243 154 662 1216 464 100701 3015 97686 71075 19867 17619 16989 630 15538 14000 2248 1807 348 182 122 1459 1356
internal_count=219291 115173 14472 12060 10854 2412 1750 534 243 154 662 1216 464 100701 3015 97686 71075 19867 17619 16989 630 15538 14000 2248 1807 348 182 122 1459 1356
is_linear=0
shrinkage=0.05


Tree=61
num_leaves=31
num_cat=0
split_feature=8 1 0 9 10 11 10 2 7 13 13 13 10 13 6 11 9 10 10 1 1 13 10 11 10 9 12 2 11 5
split_gain=5493.32 4707.89 8321.58 5025.47 4523.89 8194.52 7200.61 13816.1 16144.7 5811.98 5655.75 5471.45 5197.46 7401.88 6662.88 6552.59 17363.2 17228.8 12593.4 21903 11004.6 10282.5 13551.5 9662.08 15702.3 16997.3 15535.5 10983.8 10480.5 7027.47
threshold=3.8427743911743169 25.582847595214847 58.903915405273445 27.648724555969242 -0.89391031861305226 0.30080866813659674 -0.86958134174346913 1.5014705657958987 28.750898361206058 77.250000000000014 80.750000000000014 78.250000000000014 0.064507851377129569 82.250000000000014 5.0600628852844247 -0.95234230160713185 30.86781215667725 -0.25118774175643915 -0.15005400776863095 28.568141937255863 32.133798599243171 79.250000000000014 -0.54162281751632679 -0.72658059000968922 -0.62540480494499195 29.346663475036625 14.750000000000002 2.5163218975067143 0.6712351143360139 26.919746398925785
decision_type=2 2 2 2 2 2 2 2 2 2 2 2 2 2 2 2 2 2 2 2 2 2 2 2 2 2 2 2 2 2
left_child=-1 2 -2 -3 5 10 7 -6 -9 -8 -5 -10 13 14 -11 16 17 20 -19 -20 -16 -17 23 24 25 -23 27 -25 -29 -28
right_child=1 3 -4 4 6 -7 9 8 11 12 -12 -13 -14 -15 15 21 -18 18 19 -21 -22 22 -24 26 -26 -27 29 28 -30 -31
leaf_value=-0.0036393544176125422 0.080088090840108137 -0.029787136531735776 0.59574945546226221 -0.011688599046137782 0.013401093958533027 -0.11295494261251951 -0.023814763021167546 1.0520314146946004 0.60083054360244192 0.04063521589636495 0.080211957941113854 0.1102395009579918 0.0017527609692534721 -0.032133052180127943 0.46555784671040978 -0.03905398870577171 0.06508078527057852 0.0091632546610142807 1.4364528749503342 0.24285162288982134 1.2700973599017422 -0.058739535987377169 -0.027548596508318819 1.0284095902455179 0.11172067739785055 0.99433704873592399 0.54693396436540709 0.74556754879080334 -0.2402079950752003 -0.039215935094345747
leaf_weight=181009 647 5419 89 6117 555 1512 4200 77 77 5370 2305 217 5486 1807 92 1120 882 249 51 156 79 50 649 73 177 164 57 52 56 497
leaf_count=181009 647 5419 89 6117 555 1512 4200 77 77 5370 2305 217 5486 1807 92 1120 882 249 51 156 79 50 649 73 177 164 57 52 56 497
internal_value=2.14779e-11 0.017208 0.142444 0.014753 0.0222658 -0.00577798 0.0348187 0.171307 0.407527 0.0288758 0.0134635 0.238728 0.0418424 0.0608331 0.0780206 0.123606 0.208082 0.409242 0.24874 0.536927 0.837246 0.0795738 0.154426 0.259312 0.460125 0.748291 0.152485 0.554651 0.234425 0.0210919
internal_weight=219291 38282 736 37546 32127 9934 22193 926 371 21267 8422 294 17067 11581 9774 4404 1509 627 456 207 171 2895 1775 1126 391 214 735 181 108 554
internal_count=219291 38282 736 37546 32127 9934 22193 926 371 21267 8422 294 17067 11581 9774 4404 1509 627 456 207 171 2895 1775 1126 391 214 735 181 108 554
is_linear=0
shrinkage=0.05


Tree=62
num_leaves=31
num_cat=0
split_feature=11 10 9 8 9 7 12 13 13 11 10 0 3 9 10 12 9 10 9 1 10 10 2 12 3 4 1 7 10 9
split_gain=5116.72 6366.92 6548.29 8035.11 5956.36 6015.03 8394.82 6455.77 9744.73 8156.88 30972.6 29102 12080.7 11207.9 12468.4 9665.86 8113 8545.12 6978.01 6902.62 17860.5 17623.5 14169.6 17312.3 13283.3 6597.69 6479.92 6441.64 14608.7 20524.1
threshold=-0.20930689573287961 -0.96683886647224415 30.664040565490726 51.292980194091804 26.614676475524906 38.170564651489265 17.750000000000004 77.250000000000014 82.250000000000014 -0.72658059000968922 -0.63874351978301991 28.957439422607425 25.860814094543461 29.346663475036625 -0.66484925150871266 19.250000000000004 33.178802490234382 -0.5343676209449767 31.157766342163089 31.322509765625004 -0.90880924463272084 -0.92913278937339772 0.81673383712768566 19.250000000000004 30.097958564758304 7.3483557701110849 32.831197738647468 32.789827346801765 -0.51973900198936451 33.086376190185554
decision_type=2 2 2 2 2 2 2 2 2 2 2 2 2 2 2 2 2 2 2 2 2 2 2 2 2 2 2 2 2 2
left_child=1 2 3 -1 -3 6 -6 16 9 10 11 13 -11 -9 25 18 -8 -18 -16 -14 21 -21 26 -24 -22 -15 -23 -12 29 -29
right_child=-2 4 -4 -5 5 -7 7 8 -10 12 27 -13 19 14 15 -17 17 -19 -20 20 24 22 23 -25 -26 -27 -28 28 -30 -31
leaf_value=-0.023566666376057102 -0.0066942518497819974 -0.067322119057907942 0.20244265937403788 0.60431973080806156 0.0013778292671505152 -0.019723945052986417 -0.06599433067996946 -0.10228574577319836 0.0029100047583481342 0.61130796419673183 0.036472159864087465 1.5601921442482207 -0.055639182383433884 0.54386329141702372 0.94861993002891554 -0.18839992228481506 0.40959784613382183 0.033212103183647354 0.18399997291129988 0.076364549331375958 0.65313023591002861 0.55310923239588738 1.4332319590109814 0.32199364531607855 -0.011692817921671386 1.173107754611052 -0.12348903971932718 0.77827178113162521 0.092644353937268345 -0.0070586815646320987
leaf_weight=903 124017 2626 852 54 45855 15126 3072 112 8785 86 5166 54 2226 116 50 90 169 1400 74 417 77 75 79 63 3100 65 67 190 4177 148
leaf_count=903 124017 2626 852 54 45855 15126 3072 112 8785 86 5166 54 2226 116 50 90 169 1400 74 417 77 75 79 63 3100 65 67 190 4177 148
internal_value=-2.28094e-11 0.00871383 0.101622 0.0118627 0.00691561 0.00906169 0.0148125 0.0354451 0.0454192 0.0681457 0.0955324 0.45673 0.0228316 0.339201 0.464383 0.206033 -0.0187493 0.0737533 0.492314 0.0145404 0.054824 0.283259 0.587043 0.940218 0.0044203 0.769835 0.233869 0.0746015 0.118229 0.434399
internal_weight=219291 95274 1809 957 93465 90839 75713 29858 25217 16432 10242 561 6190 507 395 214 4641 1569 124 6104 3878 701 284 142 3177 181 142 9681 4515 338
internal_count=219291 95274 1809 957 93465 90839 75713 29858 25217 16432 10242 561 6190 507 395 214 4641 1569 124 6104 3878 701 284 142 3177 181 142 9681 4515 338
is_linear=0
shrinkage=0.05


Tree=63
num_leaves=31
num_cat=0
split_feature=10 11 10 10 9 1 6 7 10 7 10 9 13 13 8 10 3 5 2 11 4 11 10 7 5 7 10 10 5 3
split_gain=4840.18 9144.33 6522.5 11070 6587.53 15258.7 11117.6 11353.5 10835 7165.67 7143.77 6571.41 6484.52 6277.43 5954.12 8820.49 10732.2 17419.7 8529.19 5922.88 6665.48 6322.01 26439.1 17480.1 27564.2 9390.95 27170 44377.4 8408.38 12212.5
threshold=0.081675637513399138 -0.9469526708126067 -0.25118774175643915 -0.21772121638059613 30.83834266662598 32.165618896484382 10.214131832122805 28.494501113891605 -0.28435654938220972 28.323995590209964 -0.30081701278686518 29.603873252868656 77.250000000000014 79.250000000000014 18.918992042541507 -0.20088869333267209 29.794075965881351 30.728355407714847 6.569892644882203 -0.89388549327850331 5.810997962951661 -0.10737737268209456 -0.99052327871322621 30.148729324340824 30.059331893920902 25.831349372863773 -0.70252096652984608 -0.71466678380966175 32.259752273559577 30.412980079650882
decision_type=2 2 2 2 2 2 2 2 2 2 2 2 2 2 2 2 2 2 2 2 2 2 2 2 2 2 2 2 2 2
left_child=1 2 4 -4 5 9 -7 -8 -6 -1 -11 -9 -5 -10 -14 -16 -17 18 -18 -3 -21 22 23 -22 -25 26 27 -23 29 -26
right_child=-2 19 3 12 8 6 7 11 13 10 -12 -13 14 -15 15 16 17 -19 -20 20 21 25 -24 24 28 -27 -28 -29 -30 -31
leaf_value=-0.036448483833433937 -0.0078127255643555202 -0.052337751523381139 -0.11449621076808368 -0.021095596914809975 -0.1719962733248403 0.19120107439855127 0.23698169777935912 1.5048476160764697 0.34942334464575397 -0.023171803894950899 0.33036835379789242 0.70935860806041307 0.051282938272063761 -0.0096948400632861781 0.62841600154084398 -0.17429020424547806 0.38571973218349742 0.11599729891661897 1.2347555705634032 -0.0018953991929739657 0.011087686675914959 -0.039099062270956275 0.040398234429938486 1.3980871660126883 0.0086978046980220828 -0.01713068855469899 -0.0075561167862680219 1.6669349778029656 -0.17412810707301427 0.91218211903754209
leaf_weight=532 104118 4824 1206 2754 423 163 62 50 249 215 426 54 7062 238 99 219 64 601 55 77881 163 81 9604 88 64 7327 450 72 57 90
leaf_count=532 104118 4824 1206 2754 423 163 62 50 249 215 426 54 7062 238 99 219 64 601 55 77881 163 81 9604 88 64 7327 450 72 57 90
internal_value=2.62005e-11 0.00706281 0.0442269 0.0292153 0.119285 0.183602 0.484518 0.772534 0.013126 0.0992024 0.211786 1.09181 0.0451832 0.17392 0.067718 0.179533 0.132207 0.225433 0.778131 0.00172187 0.00444185 0.0318675 0.0581712 0.427634 0.654714 -0.00152138 0.188146 0.76374 0.344681 0.536708
internal_weight=219291 115173 14472 12060 2412 1502 329 166 910 1173 641 104 10854 487 8100 1038 939 720 119 100701 95877 17996 10066 462 299 7930 603 153 211 154
internal_count=219291 115173 14472 12060 2412 1502 329 166 910 1173 641 104 10854 487 8100 1038 939 720 119 100701 95877 17996 10066 462 299 7930 603 153 211 154
is_linear=0
shrinkage=0.05


Tree=64
num_leaves=31
num_cat=0
split_feature=11 10 5 6 8 5 7 10 10 1 3 1 9 10 13 7 12 10 10 5 9 11 10 11 10 7 5 3 12 10
split_gain=4502.46 8691.59 10509.2 8257.06 7127.74 8287.31 8008.85 6676.46 5842.69 17831.8 15579.9 6678 5783.61 5638.41 10359.9 8550.21 9379.84 5348.75 6393.12 8558.36 11721.1 11672.5 18816.6 10019.7 16334.6 17982.1 22773.5 17960.8 21375.8 12451.2
threshold=-0.38961601257324213 -0.86095303297042836 31.024106025695804 42.617511749267585 15.670248985290529 28.501871109008793 32.75042915344239 -0.90149331092834462 -0.88606244325637806 31.380067825317386 30.822149276733402 30.763122558593754 30.747285842895511 -0.90880924463272084 80.250000000000014 32.123796463012702 19.250000000000004 -0.96683886647224415 -0.99984258413314808 32.714302062988288 31.823954582214359 0.081673368811607375 -0.98211652040481556 -0.10737737268209456 -0.99052327871322621 30.461513519287113 30.190104484558109 30.562795639038089 16.750000000000004 -0.98211652040481556
decision_type=2 2 2 2 2 2 2 2 2 2 2 2 2 2 2 2 2 2 2 2 2 2 2 2 2 2 2 2 2 2
left_child=1 2 3 4 6 -6 7 -1 9 -9 -11 -10 -4 14 -14 -16 -17 18 -2 20 21 -20 -23 24 25 -22 -27 -28 -29 -26
right_child=17 -3 12 -5 5 -7 -8 8 11 10 -12 -13 13 -15 15 16 -18 -19 19 -21 23 22 -24 -25 29 26 27 28 -30 -31
leaf_value=-0.087764011120510313 -0.091420982877575607 0.0052002722913227096 -0.13658184679101382 0.71288254380677696 0.89173965854412429 0.23846216229653924 0.72227938723564156 -0.0073350880197645026 0.1971508833667508 1.4688357349996473 0.30138146492151119 -0.09199370513646038 0.038359223182793036 -0.0045328417038591065 -0.0078751381267519564 0.99163897597241446 0.17013107892452628 -0.0093822485632534536 -0.01598133402439679 -0.046504129982064747 -0.15870883003808559 0.21080923707142044 -0.03858660101432447 0.072114485348369867 -0.17141787595898508 1.4279344009501596 -0.098454494088729652 -0.026899637172327323 1.2518032257373517 0.30657039942694891
leaf_weight=430 1206 77184 527 66 59 274 50 153 488 51 65 338 491 1618 68 89 57 119193 7290 3156 80 1707 1358 2431 251 77 94 51 91 298
leaf_count=430 1206 77184 527 66 59 274 50 153 488 51 65 338 491 1618 68 89 57 119193 7290 3156 80 1707 1358 2431 251 77 94 51 91 298
internal_value=5.35219e-11 0.00926968 0.0743802 0.163055 0.144036 0.354208 0.0995996 0.0791839 0.144743 0.347131 0.814659 0.0788326 0.0129612 0.0468868 0.164897 0.455224 0.670913 -0.00553738 0.019796 0.0277401 0.0448085 0.0184401 0.10031 0.125759 0.264197 0.510284 0.681273 0.437659 0.792551 0.0880366
internal_weight=219291 82008 4824 1974 1908 333 1575 1525 1095 269 116 826 2850 2323 705 214 146 137283 18090 16884 13728 10355 3065 3373 942 393 313 236 142 549
internal_count=219291 82008 4824 1974 1908 333 1575 1525 1095 269 116 826 2850 2323 705 214 146 137283 18090 16884 13728 10355 3065 3373 942 393 313 236 142 549
is_linear=0
shrinkage=0.05


Tree=65
num_leaves=31
num_cat=0
split_feature=11 10 10 7 4 11 2 0 12 5 1 11 1 10 4 12 12 10 11 9 11 9 11 8 1 11 10 12 5 10
split_gain=4252.01 8360.31 5510.75 14520.6 35930.4 6591.89 33917.9 19363.4 16263.4 19178.7 20412.3 10872 15216.6 9627.29 7742.54 7226.11 6963.33 6650.45 6264.69 7540.18 17322.6 13876.8 14471.8 21826.5 8114.98 7988.88 11166.4 28179.7 10166.4 8652.9
threshold=-0.83352491259574879 0.50495636463165294 -0.63874351978301991 24.51005840301514 12.275880813598635 -0.72658059000968922 13.851084709167482 26.807853698730472 16.250000000000004 31.704400062561039 30.162966728210453 -0.65187487006187428 26.508317947387699 -0.66484925150871266 10.731776714324953 18.750000000000004 19.250000000000004 -0.65189296007156361 -0.38961601257324213 31.991209983825687 -0.14153505116701123 29.382980346679691 -0.12447465583682059 4.8431859016418466 31.293609619140629 -0.10737737268209456 -0.99052327871322621 16.750000000000004 30.408584594726566 -0.97873103618621815
decision_type=2 2 2 2 2 2 2 2 2 2 2 2 2 2 2 2 2 2 2 2 2 2 2 2 2 2 2 2 2 2
left_child=1 -1 3 4 -2 6 8 13 -5 -10 -11 12 14 -8 -7 -16 18 -12 -13 20 -20 24 23 -23 -22 26 27 28 -21 -28
right_child=2 -3 -4 5 -6 11 7 -9 9 10 17 16 -14 -15 15 -17 -18 -19 19 25 21 22 -24 -25 -26 -27 29 -29 -30 -31
leaf_value=0.0096675505226635899 -0.11153200319627438 0.11960855816270087 -0.0097184736634036567 -0.14789310959494326 1.5890445628166199 0.019047369805136414 0.70381523592553974 1.4655980640766668 -0.059888696650897723 1.0181893889301568 0.32125601260042602 0.056003828270280789 -0.12218974654452584 0.09763547207107981 0.18789537773554912 0.8140274574048818 -0.027459428475796611 -0.091431734402825066 -0.090196076503529177 0.64307450113388209 0.10329973661738537 0.11568949524098666 -0.015493753445986875 1.2382241874018551 -0.069717776389045846 0.01667377856589369 -0.10194301877736933 0.87836454193921965 -0.14505144463813244 0.12481276398882224
leaf_weight=39195 82 1809 116781 877 50 330 131 51 619 93 367 8841 3085 131 128 72 10212 133 4832 52 5082 191 15884 56 782 6544 533 159 192 1997
leaf_count=39195 82 1809 116781 877 50 330 131 51 619 93 367 8841 3085 131 128 72 10212 133 4832 52 5082 191 15884 56 782 6544 533 159 192 1997
internal_value=5.98151e-11 0.0145179 -0.00333895 0.0087738 0.532626 0.00764713 0.0888403 0.574235 0.0161124 0.134786 0.337997 0.00434004 -0.0796706 0.400725 0.167823 0.413303 0.00982621 0.211481 0.0182604 0.00906885 -0.00447471 0.0143571 -0.00958809 0.370191 0.0802268 0.0474073 0.115979 0.360422 0.0229098 0.0770417
internal_weight=219291 41004 178287 61506 132 61374 2402 313 2089 1212 593 58972 3615 262 530 200 55357 500 45145 36304 26827 21995 16131 247 5864 9477 2933 403 244 2530
internal_count=219291 41004 178287 61506 132 61374 2402 313 2089 1212 593 58972 3615 262 530 200 55357 500 45145 36304 26827 21995 16131 247 5864 9477 2933 403 244 2530
is_linear=0
shrinkage=0.05


Tree=66
num_leaves=31
num_cat=0
split_feature=4 11 10 9 3 10 5 10 10 7 3 7 9 10 7 12 5 13 12 11 10 6 1 5 9 1 10 10 13 10
split_gain=4143.24 3792.59 7593.16 5438.78 7295.5 16466.3 35447.1 9952.72 20154.4 18081.1 20452.1 14741.4 9622.25 9463.76 9238.19 9112.08 8855.26 8336.36 7651.74 7030.2 8690.11 6356.73 7739.92 10119.1 6154.53 5668.76 6650.69 11891 6007.29 5910.12
threshold=102.05446624755861 -0.83352491259574879 0.50495636463165294 38.390882492065437 32.911766052246101 -0.5343676209449767 33.17790603637696 -0.030120026320219036 -0.08167563751339911 32.189571380615241 30.38144683837891 33.372018814086921 31.514078140258793 -0.28435654938220972 33.75306701660157 16.750000000000004 33.817344665527351 81.250000000000014 19.250000000000004 -0.9946339726448058 0.42888796329498297 0.33066692948341375 37.964206695556648 37.961769104003913 32.909502029418952 32.566757202148445 -0.26781183481216425 -0.28435654938220972 82.750000000000014 -0.1330134719610214
decision_type=2 2 2 2 2 2 2 2 2 2 2 2 2 2 2 2 2 2 2 2 2 2 2 2 2 2 2 2 2 2
left_child=1 2 3 4 7 6 -6 8 12 -10 11 -11 25 -14 24 -7 -17 -12 -16 -18 21 -21 23 -23 -15 28 27 -27 29 -1
right_child=-2 -3 -4 -5 5 15 -8 -9 9 10 17 -13 13 14 18 16 19 -19 -20 20 -22 22 -24 -25 -26 26 -28 -29 -30 -31
leaf_value=0.021520113700250466 0.19255789448657346 -0.0033996389105874305 0.11362813082201878 -0.053923899241061495 1.4617914750240744 -0.0072698275572293039 0.03975418171436667 -0.057791863198785556 -0.044971219724028198 1.6638694972991943 0.38576587138795543 0.47242382700658503 -0.11786716028873233 0.042584660606068692 0.29886038705654555 0.0089287925742374645 0.0045868977447818329 -0.10339389038560665 -0.16569108269593147 0.11209267503671104 -0.047252269148077702 0.19814933306973553 0.68269621828439264 0.91594355433594954 -0.14141043911966342 0.1610594285676861 -0.15184735955951884 0.89981378326813388 -0.15834116725874087 0.21915749897900969
leaf_weight=6962 279 178083 1809 3171 64 6929 139 6219 349 50 380 54 2641 1103 425 3343 1093 113 112 1619 485 1318 99 51 773 591 139 60 438 400
leaf_count=6962 279 178083 1809 3171 64 6929 139 6219 349 50 380 54 2641 1103 425 3343 1093 113 112 1619 485 1318 99 51 773 591 139 60 438 400
internal_value=1.19046e-11 -0.0002453 0.0134793 0.00884818 0.0143852 0.0407921 0.488081 -0.00482763 0.0177484 0.240927 0.40806 1.04523 0.00227444 -0.052467 0.0191127 0.0347132 0.0710395 0.273646 0.201971 0.115549 0.149502 0.180414 0.255764 0.22489 -0.03323 0.034482 0.162112 0.229147 0.0215555 0.0322584
internal_weight=219291 219012 40929 39120 35949 15140 203 20809 14590 946 597 104 13644 5054 2413 14937 8008 493 537 4665 3572 3087 1468 1369 1876 8590 790 651 7800 7362
internal_count=219291 219012 40929 39120 35949 15140 203 20809 14590 946 597 104 13644 5054 2413 14937 8008 493 537 4665 3572 3087 1468 1369 1876 8590 790 651 7800 7362
is_linear=0
shrinkage=0.05


Tree=67
num_leaves=31
num_cat=0
split_feature=10 11 13 13 12 10 9 7 10 10 13 7 9 10 4 6 3 3 9 10 10 5 12 10 5 5 7 4 7 0
split_gain=3847.96 7532.19 5917.81 7893.62 9097.04 11334.7 16426.1 16426.1 14952 14727.9 15881.4 9150.93 10455.1 11023.1 8856.43 14998.1 8101.98 13200.5 17708.7 8748.67 8686.1 10184.3 8555.87 7990.99 6802.43 5918.64 5868.52 5513.22 7679.69 6927.78
threshold=0.081675637513399138 -0.9469526708126067 82.250000000000014 77.750000000000014 16.250000000000004 -0.25118774175643915 30.86781215667725 28.494501113891605 -0.16705007851123807 -0.30081701278686518 81.250000000000014 33.324275970458991 28.748521804809574 -0.21772121638059613 0.54438602924346935 12.495853900909426 31.405996322631839 29.6171989440918 30.177688598632816 0.012910176534205677 -0.08167563751339911 32.292924880981452 18.250000000000004 -0.20088869333267209 30.468314170837406 30.346482276916507 34.980108261108406 0.59997275471687328 32.024396896362312 14.838733673095705
decision_type=2 2 2 2 2 2 2 2 2 2 2 2 2 2 2 2 2 2 2 2 2 2 2 2 2 2 2 2 2 2
left_child=1 2 3 26 -5 6 7 -6 11 -9 14 12 13 -7 -11 -16 17 22 -19 20 -20 -22 -10 -15 -24 -8 -1 -18 29 -29
right_child=-2 -3 -4 4 5 8 25 9 16 10 -12 -13 -14 23 15 -17 27 18 19 -21 21 -23 24 -25 -26 -27 -28 28 -30 -31
leaf_value=-0.010863586621827239 -0.0069660632800912607 0.0014500872414176715 -0.053581182336713135 0.014080994624880057 0.074351835376032266 -0.19113804672759491 -0.26093438944516295 0.17435513060878627 -0.25632880439425443 1.6423835575365677 0.1145658921312403 0.3980891410852232 -0.23986150530215944 0.82964582599842773 0.30799129094987637 1.3544616410334906 0.18557989260311736 1.2478171387262513 0.2792926252228638 0.0097471533664299035 1.2055837225963308 0.31574517733524327 -0.026915570377157284 0.11319686457053901 0.57413773418858993 0.19425448079112989 0.25629343577422375 0.11726147196314585 -0.066559175030076814 0.71697149585593833
leaf_weight=4681 104118 100701 1512 3096 186 153 131 110 154 52 54 93 627 65 63 75 903 57 249 159 68 61 104 97 86 157 215 387 822 55
leaf_count=4681 104118 100701 1512 3096 186 153 131 110 154 52 54 93 627 65 63 75 903 57 249 159 68 61 104 97 86 157 215 387 822 55
internal_value=9.80858e-11 0.00629742 0.0400268 0.0509477 0.0813531 0.123276 0.292153 0.454791 0.089501 0.654683 0.871224 -0.0750801 -0.121794 0.113216 1.08627 0.876725 0.144361 0.267123 0.409864 0.32092 0.45181 0.784807 0.0206453 0.400661 0.24514 -0.0127932 0.000868186 0.0912232 0.0238149 0.191886
internal_weight=219291 115173 14472 12960 8064 4968 828 540 4140 354 244 1035 942 315 190 138 3105 938 594 537 378 129 344 162 190 288 4896 2167 1264 442
internal_count=219291 115173 14472 12960 8064 4968 828 540 4140 354 244 1035 942 315 190 138 3105 938 594 537 378 129 344 162 190 288 4896 2167 1264 442
is_linear=0
shrinkage=0.05


Tree=68
num_leaves=31
num_cat=0
split_feature=4 10 10 5 7 10 1 9 11 10 4 9 11 11 10 7 11 11 7 10 7 12 13 10 3 10 10 9 3 0
split_gain=3736.8 3495.1 4972.37 7692.38 10908.3 10237.7 9891.12 19136.2 21431.5 11661.1 20295.2 12580.6 6437.77 5215.83 6525.71 13313.5 16573.3 7566.55 9038.14 6067.53 18661.7 10341.7 22350 24674.2 42495.9 15704.2 15490.5 14365.3 16589.2 33851.4
threshold=102.05446624755861 -0.99984258413314808 -0.96683886647224415 31.343531608581547 30.841373443603519 -0.99466162919998158 31.904052734375004 32.951616287231452 0.15004983544349673 -0.99052327871322621 5.810997962951661 31.891221046447757 -0.24284072965383527 -0.34155811369419092 -0.90880924463272084 32.910375595092781 -0.29258950054645533 -0.27608674764633173 29.149566650390629 -0.57023701071739186 24.51005840301514 16.250000000000004 78.750000000000014 -0.61188074946403492 30.562795639038089 -0.58429276943206776 -0.70252096652984608 28.748521804809574 27.054052352905277 7.0452198982238778
decision_type=2 2 2 2 2 2 2 2 2 2 2 2 2 2 2 2 2 2 2 2 2 2 2 2 2 2 2 2 2 2
left_child=1 -1 3 4 -3 -6 9 8 -8 10 -7 -12 -11 -4 15 17 -17 -15 -19 20 -16 22 -22 26 -25 -26 27 28 -24 -30
right_child=-2 2 13 -5 5 6 7 -9 -10 12 11 -13 -14 14 19 16 -18 18 -20 -21 21 -23 23 24 25 -27 -28 -29 29 -31
leaf_value=-0.085580953366567347 0.18286942397327727 0.021075043859179653 0.0074082122867019764 -0.0095077226392565432 -0.0026515034056602874 0.11837730517791999 0.38929025873464224 -0.14883197492361069 1.4059927858333563 0.61166992555646338 0.26878287911903664 1.1908398537718234 0.036476915051800111 -0.16764067969992322 0.7468640132383868 0.32320427739981539 -0.036344277218190009 0.081684085284445679 -0.078159070803237113 -0.01093113103774445 0.0035724213692840652 -0.012767243147595779 -0.16204029152206345 -0.051631643250584607 1.8128163903392853 0.65926800592272894 -0.098296306630765204 0.15925491328155528 0.33150613609856616 1.9255357874959125
leaf_weight=1193 279 6163 85474 7940 861 288 192 100 71 51 61 94 1054 1731 88 499 896 1084 4802 87792 4925 11345 51 104 70 51 519 1366 96 51
leaf_count=1193 279 6163 85474 7940 861 288 192 100 71 51 61 94 1054 1731 88 499 896 1084 4802 87792 4925 11345 51 104 70 51 519 1366 96 51
internal_value=4.42296e-11 -0.000232958 0.000234495 0.0263032 0.0581262 0.140502 0.205 0.439906 0.663761 0.149916 0.366653 0.827966 0.0630243 -0.00195472 -0.00888541 -0.0497388 0.0922684 -0.0757464 -0.0487214 -0.00542705 0.0204604 0.0170196 0.0637403 0.192131 0.689556 1.32661 0.138401 0.216947 0.614964 0.884537
internal_weight=219291 219012 217819 16875 8935 2772 1911 363 263 1548 443 155 1105 200944 115470 9012 1395 7617 5886 106458 18666 18578 7233 2308 225 121 2083 1564 198 147
internal_count=219291 219012 217819 16875 8935 2772 1911 363 263 1548 443 155 1105 200944 115470 9012 1395 7617 5886 106458 18666 18578 7233 2308 225 121 2083 1564 198 147
is_linear=0
shrinkage=0.05


Tree=69
num_leaves=31
num_cat=0
split_feature=4 13 10 11 3 7 12 2 10 3 1 12 10 4 5 9 11 3 10 10 12 11 9 11 9 12 11 10 11 3
split_gain=3372.46 3299.71 5471.38 23642.5 15986.1 11523.6 15141.1 10470.6 9909.53 18407.3 19102 16182.4 8307.04 5917.76 5683.63 10075.3 5343.15 5089.96 4999.56 5025.08 6482.24 12770.4 13851.2 7875.67 8864.83 4800.72 4309.83 13576.4 9012.67 8826.65
threshold=102.05446624755861 79.750000000000014 -0.51236665248870839 -0.73829901218414296 27.481372833251957 32.289096832275398 17.750000000000004 32.237607955932624 -0.56314551830291737 33.755943298339851 33.085115432739265 18.750000000000004 -0.65189296007156361 6.8880155086517343 32.029146194458015 30.719644546508793 -0.99626126885414112 29.687146186828617 -0.99984258413314808 -0.98801350593566883 17.250000000000004 -0.10737737268209456 32.189920425415046 0.11593030393123628 32.998216629028327 13.750000000000002 -0.83352491259574879 0.47494667768478399 -0.76107609272003163 37.567226409912116
decision_type=2 2 2 2 2 2 2 2 2 2 2 2 2 2 2 2 2 2 2 2 2 2 2 2 2 2 2 2 2 2
left_child=1 18 3 4 7 14 -7 -3 12 10 11 -10 -8 -14 -6 -16 17 -4 -1 20 23 22 -22 -20 -25 -21 27 -27 -28 -29
right_child=-2 2 16 -5 5 6 8 -9 9 -11 -12 -13 13 -15 15 -17 -18 -19 19 25 21 -23 -24 24 -26 26 28 29 -30 -31
leaf_value=-0.12834291119979305 0.17372595598173451 0.26937627625465393 0.56325571087171455 0.011692911992823856 -0.043946483067111089 0.052050174207948711 0.66986936175788969 1.2780517664896149 0.67815778166055685 0.020994162125574367 0.36387882526263154 1.8563264454564743 -0.030338463554450124 0.45020751988758212 0.857701241115437 0.073120046595948326 -0.0045517065318320879 0.066465683220759464 0.05013338358447722 0.010869477599120001 0.093260472543671036 -0.084893913352419234 0.86607887295709141 0.34541165096903437 -0.21755159523742026 -0.0019589436186885603 -0.085827574293826425 0.34105279350229967 -0.012114519169303338 0.076754178844047227
leaf_weight=810 279 50 53 20971 748 528 87 53 55 91 101 62 211 92 51 207 45525 1897 3695 33154 363 1872 69 444 83 19605 4367 440 82208 1120
leaf_count=810 279 50 53 20971 748 528 87 53 55 91 101 62 211 92 51 207 45525 1897 3695 33154 363 1872 69 444 83 19605 4367 440 82208 1120
internal_value=3.83984e-11 -0.00022131 0.00866008 0.0285003 0.179385 0.151294 0.254142 0.788403 0.406795 0.618295 0.867627 1.30249 0.239221 0.11557 0.0258515 0.228212 -0.00108012 0.0799682 -0.0044623 -0.00378164 0.0391113 -0.0283457 0.216697 0.0759235 0.256748 -0.00576838 -0.0108882 0.00933725 -0.0158327 0.1513
internal_weight=219291 219012 70782 23307 2336 2233 1227 103 699 309 218 117 390 303 1006 258 47475 1950 148230 147420 6526 2304 432 4222 527 140894 107740 21165 86575 1560
internal_count=219291 219012 70782 23307 2336 2233 1227 103 699 309 218 117 390 303 1006 258 47475 1950 148230 147420 6526 2304 432 4222 527 140894 107740 21165 86575 1560
is_linear=0
shrinkage=0.05


Tree=70
num_leaves=31
num_cat=0
split_feature=9 11 12 10 1 5 10 9 12 7 10 10 13 13 11 10 0 9 3 4 13 13 10 5 1 10 9 9 1 10
split_gain=3247.79 4634.87 7967.36 7130.11 14188.8 18819.2 15526.9 8827.83 8029.52 8116.2 8526.77 8432.14 7501.62 8304.06 12286.2 23606 29316.1 12378.2 10110.2 9862.08 8524.06 7302.2 6808.01 21616.6 13318 18585.4 6731.12 6425.04 6244.41 6048.81
threshold=38.86769104003907 -0.20930689573287961 17.750000000000004 -0.88606244325637806 30.680294990539554 30.818958282470707 -0.89391031861305226 34.255071640014656 18.750000000000004 32.091838836669929 -0.90880924463272084 -0.92263099551200856 77.750000000000014 82.250000000000014 -0.72658059000968922 -0.63874351978301991 29.662833213806156 29.346663475036625 25.860814094543461 28.102565765380863 80.250000000000014 83.250000000000014 0.41327477991580969 35.386522293090827 34.605472564697273 0.23448921740055087 28.267940521240238 33.178802490234382 36.962081909179695 -0.59817537665367115
decision_type=2 2 2 2 2 2 2 2 2 2 2 2 2 2 2 2 2 2 2 2 2 2 2 2 2 2 2 2 2 2
left_child=1 2 -1 4 -4 6 21 8 9 -7 11 -11 27 14 15 16 17 -14 20 -19 -16 26 23 28 25 -25 -6 -5 -17 -29
right_child=-2 -3 3 12 5 7 -8 -9 -10 10 -12 -13 13 -15 18 22 -18 19 -20 -21 -22 -23 -24 24 -26 -27 -28 29 -30 -31
leaf_value=-0.0017890685867255726 -0.023439926512528519 -0.004661593291128684 -0.038868034617371587 -0.069675018005420114 0.69883337901247777 -0.044891084669283238 1.0562525791269315 0.70611693813864684 0.0010163388516584583 0.31547135434097107 0.0003227827615208096 0.89405647971849334 -0.10914176577513202 -0.0059088080357008787 0.024976154996289149 0.054647970603295251 1.5631928333640099 0.33938279068470001 -0.020137405105797271 1.0852529526616519 0.91338200144193804 0.81993151992925872 -0.054083254226398737 0.096600151035162785 0.17489689422800747 0.92010618465323035 0.16113382906896193 0.54603071804893644 0.52908801193748201 0.024308474188885987
leaf_weight=50913 13845 121519 1379 3690 68 208 79 56 1375 228 135 87 138 8329 54 7510 50 300 4682 52 54 61 990 111 475 179 404 57 70 2193
leaf_count=50913 13845 121519 1379 3690 68 208 79 56 1375 228 135 87 138 8329 54 7510 50 300 4682 52 54 61 990 111 475 179 404 57 70 2193
internal_value=7.07486e-11 0.00157962 0.0106163 0.0297475 0.0916265 0.158251 0.402089 0.086815 0.0697561 0.213399 0.332787 0.475271 0.0210219 0.0339618 0.0566063 0.0884804 0.4099 0.292217 -0.0091048 0.449568 0.469179 0.305131 0.0698873 0.0845944 0.337905 0.604902 0.238599 -0.0290688 0.0590293 0.0375254
internal_weight=219291 205446 83927 33014 4080 2701 612 2089 2033 658 450 315 28934 22994 14665 9875 540 490 4790 352 108 533 9335 8345 765 290 472 5940 7580 2250
internal_count=219291 205446 83927 33014 4080 2701 612 2089 2033 658 450 315 28934 22994 14665 9875 540 490 4790 352 108 533 9335 8345 765 290 472 5940 7580 2250
is_linear=0
shrinkage=0.05


Tree=71
num_leaves=31
num_cat=0
split_feature=8 1 2 9 12 13 8 9 11 10 10 12 9 10 11 6 7 10 0 3 10 12 1 13 3 11 4 2 9 11
split_gain=2993.72 4137.43 5935.77 4174.64 3798.04 3775.06 6270.98 4157.6 3586.38 13840.6 27683.7 34550.1 19980.8 12270.7 8221.33 7060.21 4275.87 11416.7 5545.36 10206.2 13529.8 12318.3 4129.26 4905.52 3711.87 6043.3 7807.39 6424.27 4750.36 4500.13
threshold=3.8427743911743169 25.152820587158207 23.850608825683597 27.648724555969242 15.750000000000002 79.250000000000014 19.680310249328617 25.825807571411136 0.59123954176902782 -0.55601230263710011 -0.61188074946403492 15.250000000000002 29.230901718139652 -0.71466678380966175 0.30080866813659674 15.357319831848146 29.818718910217289 0.67125374078750621 20.870538711547855 27.277895927429203 -0.20088869333267209 19.250000000000004 28.862790107727054 78.750000000000014 28.658992767333988 -0.9412824511528014 6.7856056690216073 35.382091522216804 31.013070106506351 -0.24284072965383527
decision_type=2 2 2 2 2 2 2 2 2 2 2 2 2 2 2 2 2 2 2 2 2 2 2 2 2 2 2 2 2 2
left_child=-1 2 -2 4 5 -3 -7 -8 14 10 13 12 -12 15 16 -10 17 18 24 20 21 -20 23 -16 29 26 -26 -27 -28 -5
right_child=1 3 -4 8 -6 6 7 -9 9 -11 11 -13 -14 -15 22 -17 -18 -19 19 -21 -22 -23 -24 -25 25 27 28 -29 -30 -31
leaf_value=-0.0026866589612656896 0.072184867717250051 -0.0057131203299104778 0.51437227840515531 -0.075148509104912525 -0.06685600715077529 0.59848105620060654 0.39964547574279774 -0.085265304215929733 0.20748160554768888 -0.057750049923435326 0.68290505607108609 0.054668992291265567 2.0034830695087158 -0.082468867009127866 -0.029959109986423333 0.83606176863496118 0.010413667011707822 0.78869257448416841 0.39627590666596713 0.05695915088254784 -0.090250173873371559 1.3551660313921154 -0.10373915536834727 0.51402412563562394 0.028290840458745761 0.016323166766170079 0.47338127879492148 0.40359013319720288 0.02706794484685629 0.17476912351596244
leaf_weight=181009 394 2237 94 1167 3036 70 62 154 317 954 61 107 54 510 134 52 22095 53 91 491 72 53 1925 60 345 3039 253 111 78 213
leaf_count=181009 394 2237 94 1167 3036 70 62 154 317 954 61 107 54 510 134 52 22095 53 91 491 72 53 1925 60 345 3039 253 111 78 213
internal_value=4.91733e-11 0.0127033 0.15736 0.0108355 -0.0291805 0.0161556 0.187206 0.053922 0.0177364 0.0816492 0.202437 0.701328 1.303 0.0764366 0.0133845 0.296062 0.0205557 0.0581166 0.0515683 0.182962 0.469384 0.749201 -0.0815814 0.138283 0.0337244 0.0590804 0.194729 0.0299697 0.368208 -0.0365743
internal_weight=219291 38282 488 37794 5559 2523 286 216 32235 2055 1101 222 115 879 30180 369 28061 5966 5913 707 216 144 2119 194 5206 3826 676 3150 331 1380
internal_count=219291 38282 488 37794 5559 2523 286 216 32235 2055 1101 222 115 879 30180 369 28061 5966 5913 707 216 144 2119 194 5206 3826 676 3150 331 1380
is_linear=0
shrinkage=0.05


Tree=72
num_leaves=31
num_cat=0
split_feature=10 13 10 5 9 11 10 12 5 11 12 3 7 10 1 9 13 10 3 13 10 11 5 1 10 1 12 13 10 3
split_gain=3001.04 4579.8 4076.87 6935.12 9544.55 9881.7 16355 8349.49 8695.93 9546.91 9622.53 14819 16565.6 10457.2 15549.6 18505.1 20025.1 10210.4 6464.21 5372.85 4938.23 6636.33 4747.76 5623.87 4598.91 4526.55 5723.47 7693.1 19385.4 4327.3
threshold=-0.99984258413314808 81.750000000000014 -0.96683886647224415 32.714302062988288 31.823954582214359 0.081673368811607375 -0.98211652040481556 19.250000000000004 31.61091232299805 -0.24284072965383527 16.750000000000004 29.759100914001468 30.052595138549808 -0.99466162919998158 29.361492156982425 32.951616287231452 79.250000000000014 -0.99052327871322621 28.715373039245609 78.250000000000014 -0.99939814209938038 0.01290981797501445 30.316172599792484 29.205821037292484 -0.97873103618621815 32.330865859985359 18.750000000000004 80.250000000000014 -0.98801350593566883 30.097958564758304
decision_type=2 2 2 2 2 2 2 2 2 2 2 2 2 2 2 2 2 2 2 2 2 2 2 2 2 2 2 2 2 2
left_child=1 -1 3 4 5 29 18 8 9 -6 19 24 -13 -14 -15 16 -16 -18 22 -11 21 -5 23 -7 -12 26 27 -20 -29 -2
right_child=2 -3 -4 20 7 6 -8 -9 -10 10 11 12 13 14 15 -17 17 -19 25 -21 -22 -23 -24 -25 -26 -27 -28 28 -30 -31
leaf_value=-0.11785559945150777 -0.068874094999066757 0.16353767367434646 -0.0015453872977097783 -0.14018048980961675 0.88133858308873403 0.31440707761414199 -0.038560249531896726 -0.04338628573628673 0.054758671847930242 -0.13970905655023586 -0.12572511429790148 -0.094943862039711058 0.22673371732811881 0.11568068024057609 2.0634261166712022 0.21113503048462526 1.3162315642247435 0.35239616984734312 0.11031389394984636 0.16806817887448064 -0.057205313074778212 0.51157830163836482 -0.014518757797432719 0.81626648386319478 0.33512151190610251 0.50582936005223367 -0.071706735185990245 0.080159910599179318 1.0361254077382824 0.012035119614755511
leaf_weight=1038 2532 168 201201 69 55 147 1358 685 1237 209 172 97 113 65 53 56 61 50 822 441 2997 90 54 90 79 84 284 141 85 4758
leaf_count=1038 2532 168 201201 69 55 147 1358 685 1237 209 172 97 113 65 53 56 61 50 822 441 2997 90 54 90 79 84 284 141 85 4758
internal_value=3.71023e-11 -0.0786565 0.000434967 0.0240342 0.0393989 0.0156044 0.0909328 0.112447 0.152159 0.235195 0.209738 0.332273 0.490961 0.633757 0.795138 0.995887 1.26385 0.882071 0.193951 0.069106 -0.0427993 0.22874 0.408584 0.504987 0.0193222 0.149842 0.127392 0.181347 0.439704 -0.0160667
internal_weight=219291 1206 218085 16884 13728 10355 3065 3373 2688 1451 1396 746 495 398 285 220 164 111 1707 650 3156 159 291 237 251 1416 1332 1048 226 7290
internal_count=219291 1206 218085 16884 13728 10355 3065 3373 2688 1451 1396 746 495 398 285 220 164 111 1707 650 3156 159 291 237 251 1416 1332 1048 226 7290
is_linear=0
shrinkage=0.05


Tree=73
num_leaves=31
num_cat=0
split_feature=4 3 11 10 9 13 12 10 5 10 3 10 10 1 9 1 10 12 5 10 10 9 3 0 4 1 11 7 11 10
split_gain=2933.46 2877.07 4109.87 9956.54 5435.88 5191.59 10540.6 27673 9798.75 13968.6 15106.3 12217.5 29484.1 37656.5 11996.5 9826.53 8418.64 10175.3 6719.89 5521.45 8443.83 9354.89 9417.67 21505.8 6034.93 7136.52 5106.93 5091.08 4926.88 5599.41
threshold=102.05446624755861 38.869958877563484 0.30080866813659674 -0.90880924463272084 26.907961845397953 78.250000000000014 15.750000000000002 -0.3415676057338714 30.756749153137211 -0.42109696567058558 31.229602813720707 -0.55601230263710011 -0.61188074946403492 31.147402763366703 25.825807571411136 31.744479179382328 -0.46735489368438715 13.250000000000002 32.675605773925788 -0.43664719164371485 -0.70252096652984608 29.30988693237305 26.928457260131839 4.9124369621276864 1.3863886594772341 29.901420593261722 0.9969642460346223 29.605284690856937 0.081673368811607375 -0.34964421391487116
decision_type=2 2 2 2 2 2 2 2 2 2 2 2 2 2 2 2 2 2 2 2 2 2 2 2 2 2 2 2 2 2
left_child=1 2 4 -4 28 -5 7 8 14 11 -11 12 15 -14 16 18 17 -7 -10 20 21 22 -16 -24 25 27 -9 -21 29 -1
right_child=-2 -3 3 5 -6 6 -8 26 9 10 -12 -13 13 -15 19 -17 -18 -19 -20 24 -22 -23 23 -25 -26 -27 -28 -29 -30 -31
leaf_value=-0.10639383372012992 0.16202478920873989 -0.022277296724103605 -0.081863642394351011 -0.017673737222302883 0.0093459751887241035 1.1675699507445099 -0.0062237400595897933 -0.017118444616450661 0.25498396035562509 1.3537918624307577 0.18016483388268031 -0.23275172168361968 0.28911368464369602 1.999176902675404 -0.069396631047129634 0.009833190665645487 -0.052227156073786321 0.31504003388385865 0.80077558301744001 0.27836460405487123 -0.052133609396316782 0.024289117209426701 0.10806922941343991 1.0883694095015526 -0.1347973322229726 -0.045510500177208868 0.12229099058250151 0.76871352627252543 0.27758410415781493 0.025395699855610666
leaf_weight=2398 279 13833 4217 35349 113696 60 35774 7609 538 58 52 138 82 53 88 486 56 84 63 118 1207 519 127 100 84 84 719 96 110 1214
leaf_count=2398 279 13833 4217 35349 113696 60 35774 7609 538 58 52 138 82 53 88 486 56 84 63 118 1207 519 127 100 84 84 719 96 110 1214
internal_value=3.3732e-11 -0.000206404 0.0012816 -0.0069037 0.00739948 -0.00311999 0.00755457 0.0472378 0.153694 0.257035 0.798986 0.213201 0.263562 0.960472 0.0957782 0.177009 0.467964 0.670261 0.312197 0.0650571 0.0324035 0.154749 0.369698 0.53992 0.239523 0.345036 -0.0050825 0.498334 -0.0520601 -0.0620991
internal_weight=219291 219012 205179 87761 117418 83544 48195 12421 4093 1470 110 1360 1222 135 2623 1087 200 144 601 2423 2041 834 315 227 382 298 8328 214 3722 3612
internal_count=219291 219012 205179 87761 117418 83544 48195 12421 4093 1470 110 1360 1222 135 2623 1087 200 144 601 2423 2041 834 315 227 382 298 8328 214 3722 3612
is_linear=0
shrinkage=0.05


Tree=74
num_leaves=31
num_cat=0
split_feature=10 13 10 5 7 10 1 9 11 10 11 9 5 11 3 6 11 10 12 7 3 9 10 7 1 2 10 5 11 13
split_gain=2746.32 4168.92 3550.55 6272.64 9409.87 8687.09 8630.02 16736.5 18349.1 10182.5 18955.4 26134.7 7135.2 5326.88 5201.64 4500.47 3757.89 5204 7835.86 10041.4 25557.9 6246.38 5901.61 7888.15 6313.79 6281.44 5203.26 11696.1 12278 8352.99
threshold=-0.99984258413314808 82.250000000000014 -0.96683886647224415 31.343531608581547 30.841373443603519 -0.99466162919998158 31.904052734375004 32.951616287231452 0.15004983544349673 -0.99052327871322621 -0.12447465583682059 31.85655498504639 30.093139648437504 -0.24284072965383527 30.032781600952152 0.88320410251617443 -0.34155811369419092 -0.86095303297042836 17.250000000000004 28.14733982086182 30.097958564758304 34.125484466552741 -0.89391031861305226 32.155460357666023 32.715936660766609 26.182127952575687 -0.90880924463272084 33.224447250366218 -0.29258950054645533 78.750000000000014
decision_type=2 2 2 2 2 2 2 2 2 2 2 2 2 2 2 2 2 2 2 2 2 2 2 2 2 2 2 2 2 2
left_child=1 -1 3 4 -2 -6 9 8 -8 10 11 -7 -12 -11 -14 -16 17 18 22 20 -20 -21 24 25 -4 -24 27 -18 29 -29
right_child=2 -3 16 -5 5 6 7 -9 -10 13 12 -13 14 -15 15 -17 26 -19 19 21 -22 -23 23 -25 -26 -27 -28 28 -30 -31
leaf_value=-0.10699726793018205 0.016772338430446881 0.19692201715605778 -0.11095211902595335 -0.0098983706805560248 -0.0042152387438326834 0.27915807566008505 0.36186660875391685 -0.14410425108671188 1.3026183069591792 0.55343537354001815 0.51540671683976369 1.7435288204550745 -0.32378951010489188 0.030217694572660811 -0.066784742971261343 0.50298775853747024 -0.062247107022421234 0.0029349385335724777 1.3508756617350239 0.075522503232156993 0.016738542754203081 0.63892323164641862 0.12805131174815743 -0.12075189386129555 0.076091386451841492 0.68462400993815176 -0.0042223232570024784 0.66588399129824383 -0.047959105293021394 0.17833826975945974
leaf_weight=1080 6169 126 1496 7942 861 78 192 100 71 51 87 50 86 1054 84 59 8177 78993 56 3061 100 50 828 342 646 54 106530 127 456 285
leaf_count=1080 6169 126 1496 7942 861 78 192 100 71 51 87 50 86 1054 84 59 8177 78993 56 3061 100 50 828 342 646 54 106530 127 456 285
internal_value=4.7578e-12 -0.0752445 0.000416099 0.0224394 0.0511607 0.127663 0.18705 0.406484 0.615834 0.135627 0.337864 0.851178 0.129939 0.0543662 -0.0165045 0.168296 -0.00143201 0.00650682 0.0490446 0.104207 0.49566 0.0845775 -0.00449504 0.0830874 -0.0545422 0.162127 -0.00731364 -0.0437225 0.130788 0.328625
internal_weight=219291 1206 218085 16884 8942 2773 1912 363 263 1549 444 128 316 1105 229 143 201201 85626 6633 3267 156 3111 3366 1224 2142 882 115575 9045 868 412
internal_count=219291 1206 218085 16884 8942 2773 1912 363 263 1549 444 128 316 1105 229 143 201201 85626 6633 3267 156 3111 3366 1224 2142 882 115575 9045 868 412
is_linear=0
shrinkage=0.05


Tree=75
num_leaves=31
num_cat=0
split_feature=9 11 12 10 1 5 10 7 9 12 7 10 10 13 13 13 11 10 0 7 4 3 13 7 10 9 1 11 5 1
split_gain=2736.72 3594.53 6907.4 5895.95 12252.7 16821.1 14131.3 19440.9 7470.85 7184.95 7302.23 7663.71 7646.38 7116.5 6667.82 7483.4 10993.6 21296 25792.4 11501.5 14254.2 8879.09 7437.99 6278.9 13570.8 17147.3 18646.1 10771.4 14524 12256.1
threshold=38.86769104003907 -0.20930689573287961 17.750000000000004 -0.88606244325637806 30.680294990539554 30.818958282470707 -0.93535929918289173 28.7001485824585 34.255071640014656 18.750000000000004 32.091838836669929 -0.90880924463272084 -0.92263099551200856 83.250000000000014 77.750000000000014 82.250000000000014 -0.72658059000968922 -0.63874351978301991 29.662833213806156 28.846769332885746 7.3483557701110849 25.860814094543461 80.250000000000014 32.910375595092781 -0.51973900198936451 33.086376190185554 33.223888397216804 -0.90878397226333607 35.386522293090827 34.605472564697273
decision_type=2 2 2 2 2 2 2 2 2 2 2 2 2 2 2 2 2 2 2 2 2 2 2 2 2 2 2 2 2 2
left_child=1 2 -1 4 -4 6 13 -8 9 10 -7 12 -12 -6 -5 16 17 18 19 -16 -21 22 -18 -19 25 26 -25 28 -26 -30
right_child=-2 -3 3 14 5 8 7 -9 -10 -11 11 -13 -14 -15 15 -17 21 23 -20 20 -22 -23 -24 24 27 -27 -28 -29 29 -31
leaf_value=-0.0021425915814124179 -0.021516769895955745 -0.0040462891205702532 -0.037774542072062545 -0.027938193371170473 0.13782699695461104 -0.046944642939174983 1.4775434754292172 0.39207772024145182 0.64758470349812081 -0.002851300430272452 0.29420353896883239 -0.0038950003959514479 0.84517125694573625 0.77336569762229923 -0.083193253257655003 -0.0063628576528375466 0.024103060419912694 0.028130094246800942 1.4701861445903779 0.23597703584092711 0.95601774501459058 -0.01951458961531816 0.8539839913999594 1.2198669254549386 0.07050572692742911 -0.015566210141000542 0.11510713239983908 -0.042459599415293793 0.58413654629478573 0.16963175985489573
leaf_weight=50913 13845 121519 1379 5940 370 208 60 132 56 1375 228 135 87 50 152 8329 54 5103 50 242 96 4682 54 97 2055 115 63 1144 287 471
leaf_count=50913 13845 121519 1379 5940 370 208 60 132 56 1375 228 135 87 50 152 8329 54 5103 50 242 96 4682 54 97 2055 115 63 1144 287 471
internal_value=-4.39662e-11 0.00145001 0.00940818 0.0272214 0.0834907 0.145403 0.375933 0.731286 0.0778661 0.0621729 0.198052 0.311294 0.446376 0.213486 0.0192868 0.0314863 0.0529828 0.0831336 0.388422 0.278038 0.440486 -0.00917549 0.439044 0.0654736 0.110503 0.450141 0.784868 0.086899 0.139507 0.326575
internal_weight=219291 205446 83927 33014 4080 2701 612 192 2089 2033 658 450 315 420 28934 22994 14665 9875 540 490 338 4790 108 9335 4232 275 160 3957 2813 758
internal_count=219291 205446 83927 33014 4080 2701 612 192 2089 2033 658 450 315 420 28934 22994 14665 9875 540 490 338 4790 108 9335 4232 275 160 3957 2813 758
is_linear=0
shrinkage=0.05


Tree=76
num_leaves=31
num_cat=0
split_feature=12 13 11 7 2 11 10 10 9 10 10 10 12 11 9 13 1 7 0 11 5 10 13 1 4 1 11 10 11 3
split_gain=2728.8 4187.68 4677.45 6541.65 4713.24 4720.29 6153.18 17224 7347.56 6533.23 4500.46 6492.2 7381.2 10155 11567.3 4868.32 13454.3 5989.34 6765.96 11740.1 8588.69 5272.35 3977.7 3800.97 3792.89 3740.68 3413.33 12695.8 8367.55 7800.16
threshold=13.750000000000002 79.750000000000014 -0.99981480836868275 33.934738159179695 46.540275573730476 -0.35768499970436091 -0.62540480494499195 -0.69016700983047474 29.457793235778812 -0.09881922602653502 -0.99939814209938038 -0.98801350593566883 17.250000000000004 -0.10737737268209456 32.155923843383796 78.750000000000014 33.32238960266114 32.527729034423835 1.9038538336753847 0.11593030393123628 29.23655986785889 -0.99273952841758717 82.250000000000014 26.945723533630375 1.1629760861396792 33.815826416015632 -0.83352491259574879 0.47494667768478399 -0.76107609272003163 37.567226409912116
decision_type=2 2 2 2 2 2 2 2 2 2 2 2 2 2 2 2 2 2 2 2 2 2 2 2 2 2 2 2 2 2
left_child=25 10 3 -3 -4 6 7 22 -8 -10 -2 12 15 14 -14 16 17 18 19 24 21 -20 -6 -22 -12 -1 27 -13 -28 -29
right_child=1 2 4 -5 5 -7 8 -9 9 -11 11 26 13 -15 -16 -17 -18 -19 20 -21 23 -23 -24 -25 -26 -27 28 29 -30 -31
leaf_value=0.021296725908313961 -0.10284204241388346 0.073997921464331318 0.0046530037795125623 0.58091704133714062 0.04767547965090236 -0.062377204353159126 0.53166647280621182 1.1029696734835868 -0.20238246141848237 0.24469715037741341 0.10306153143748092 -0.0027084231023416054 0.079440038547169578 -0.076416173617583655 0.76614585977953842 -0.012027322332102325 0.89641454771666218 -0.14351314249041988 0.35039768584494324 0.56075407681537093 0.60082154993254411 1.0492166353626684 0.51074777072475797 0.14181487402495216 -0.1099621207870406 -0.015853117853853512 -0.081624935384483288 0.32386067495871845 -0.01060795282022825 0.075405178926822761
leaf_weight=28172 1248 297 67355 81 184 275 68 61 220 130 582 19656 358 1584 74 588 59 181 53 116 52 55 62 340 326 8922 4368 440 82264 1120
leaf_count=28172 1248 297 67355 81 184 275 68 61 220 130 582 19656 358 1584 74 588 59 181 53 116 52 55 62 340 326 8922 4368 440 82264 1120
internal_value=-2.19569e-11 -0.00251667 0.00722274 0.182623 0.00625278 0.114006 0.18091 0.350879 0.0560761 -0.0363243 -0.00841651 -0.00736636 0.0523926 -0.017812 0.19707 0.112568 0.1541 0.128413 0.160708 0.0870914 0.311476 0.706278 0.164385 0.202704 0.0265795 0.0123613 -0.00978669 0.00818796 -0.0141886 0.145482
internal_weight=219291 182197 68733 378 68355 1000 725 307 418 350 113464 112216 4368 2016 432 2352 1764 1705 1524 1024 500 108 246 392 908 37094 107848 21216 86632 1560
internal_count=219291 182197 68733 378 68355 1000 725 307 418 350 113464 112216 4368 2016 432 2352 1764 1705 1524 1024 500 108 246 392 908 37094 107848 21216 86632 1560
is_linear=0
shrinkage=0.05


Tree=77
num_leaves=31
num_cat=0
split_feature=4 12 10 10 11 4 9 10 8 10 9 11 10 4 5 13 11 7 10 11 3 7 12 10 3 1 12 2 10 3
split_gain=2540.5 2403.52 3733.99 15767.6 11917.8 11732.5 31126.9 9691.15 8604.1 8482.66 5912.68 3964.45 3856.62 5175.9 6040.59 3729.49 4232.43 5903.83 4124.98 21684.6 11577 11340.9 10461.4 9404.61 16308.6 16803.2 14560 8703.69 6914.25 5495.5
threshold=102.05446624755861 13.750000000000002 -0.70252096652984608 -0.88606244325637806 -0.07309242337942122 12.710318088531496 26.075219154357914 -0.61188074946403492 26.761257171630863 -0.93535929918289173 29.382980346679691 -0.69014781713485707 -0.99628895521163929 1.1111428737640383 28.08960056304932 79.750000000000014 -0.99981480836868275 33.934738159179695 -0.51236665248870839 -0.73829901218414296 27.481372833251957 32.289096832275398 17.750000000000004 -0.56314551830291737 33.755943298339851 33.085115432739265 18.750000000000004 32.237607955932624 -0.65189296007156361 31.934121131896976
decision_type=2 2 2 2 2 2 2 2 2 2 2 2 2 2 2 2 2 2 2 2 2 2 2 2 2 2 2 2 2 2
left_child=1 2 3 4 -1 11 -7 -4 -8 10 12 -5 -6 14 -14 -3 17 -17 19 20 27 29 -23 28 25 26 -25 -18 -24 -22
right_child=-2 15 7 5 9 6 8 -9 -10 -11 -12 -13 13 -15 -16 16 18 -19 -20 -21 21 22 23 24 -26 -27 -28 -29 -30 -31
leaf_value=-0.09668857667935403 0.15078242053160959 -0.0081249294048809633 -0.12509428247726714 -0.13105441884479332 0.049046275568177707 1.5057073615921233 0.12534199359636475 0.0090566834549055744 0.81198722645640375 -0.103097930461231 0.031823661583300439 0.099417254502432453 0.72035781340221472 0.12541131704394864 0.25063122479318112 0.070298023465456383 0.21465780329704287 0.55187118425045489 -0.0029286999246589045 0.0068465190814888848 -0.062639334312624584 0.068049965289413414 0.60314181571633663 0.62987834634428674 0.01732058354786464 0.34176397189350416 1.7474262380792247 1.1342970150821614 0.097440522422294812 0.18607548503733395
leaf_weight=2447 279 113349 1419 199 329 52 372 26261 52 713 1567 2992 103 342 204 297 50 81 45641 20328 659 468 87 55 91 101 62 53 303 335
leaf_count=2447 279 113349 1419 199 329 52 372 26261 52 713 1567 2992 103 342 204 297 50 81 45641 20328 659 468 87 55 91 101 62 53 303 335
internal_value=2.52362e-11 -0.000192082 0.0114155 0.0386938 -0.0133016 0.119587 0.35115 0.00217951 0.209553 0.0493282 0.0920315 0.0850444 0.1885 0.259193 0.408227 -0.0025557 0.00664496 0.173492 0.00572065 0.0231943 0.169978 0.145293 0.251005 0.373499 0.579541 0.814229 1.22208 0.68787 0.210251 0.0211831
internal_weight=219291 219012 37052 9372 5705 3667 476 27680 424 3258 2545 3191 978 649 307 181960 68611 378 68233 22592 2264 2161 1167 699 309 218 117 103 390 994
internal_count=219291 219012 37052 9372 5705 3667 476 27680 424 3258 2545 3191 978 649 307 181960 68611 378 68233 22592 2264 2161 1167 699 309 218 117 103 390 994
is_linear=0
shrinkage=0.05


Tree=78
num_leaves=31
num_cat=0
split_feature=9 11 12 10 1 5 10 13 9 7 12 5 1 10 10 10 13 3 10 9 10 3 12 2 5 13 7 9 1 10
split_gain=2344.15 3103.85 5907 5497.34 11092 12345.2 14426.8 7504.12 7246.84 11431.5 13915 6306.65 8963.56 5837.53 6377.12 13645.3 12741.7 15690.3 12921.5 13851.4 11278.5 16264.9 11355 10780.7 9776.19 17313.3 7905.68 7819.67 10568.6 6357.86
threshold=38.99238586425782 -0.20930689573287961 17.750000000000004 -0.88606244325637806 30.292207717895511 30.818958282470707 -0.89391031861305226 83.250000000000014 32.155923843383796 30.872042655944828 19.250000000000004 33.371110916137702 32.79255676269532 -0.73831951618194569 -0.51973900198936451 -0.3334656953811645 79.250000000000014 26.482831954956058 -0.69016700983047474 32.289619445800788 -0.56314551830291737 33.87755203247071 18.750000000000004 32.237607955932624 31.228696823120121 81.750000000000014 28.984292984008793 32.751594543457038 32.298109054565437 -0.25118774175643915
decision_type=2 2 2 2 2 2 2 2 2 2 2 2 2 2 2 2 2 2 2 2 2 2 2 2 2 2 2 2 2 2
left_child=1 2 -1 4 -4 6 7 -6 -7 -10 11 -11 -13 -5 16 -16 27 26 -19 23 24 22 -22 -20 25 -21 -18 -15 -29 -17
right_child=-2 -3 3 13 5 8 -8 -9 9 10 -12 12 -14 14 15 29 17 18 19 20 21 -23 -24 -25 -26 -27 -28 28 -30 -31
leaf_value=-0.0020046010302783601 -0.020604834646885103 -0.003816464751440032 -0.0608222697602002 -0.040139570184660703 0.17500961925457834 -0.033190498721426702 0.93914462101610408 0.73874362279589367 0.88101383593736904 0.1854946337624731 -0.063829109029739095 0.9368848397166698 0.19002667223768577 -0.082819529244429729 -0.082560691138314019 0.13920266040096826 1.0438755592538251 -0.099496166220283122 0.015948157752727812 1.3129275374114515 0.41207776757081355 -0.014994677502504536 1.2208466101654816 0.60792567410362175 0.11076333771676346 0.050010850126373352 0.23925618849835306 -0.054523257254582028 0.46206637646630411 0.023445499778500103
leaf_weight=51254 12986 121701 1048 3825 643 988 79 65 51 479 566 77 84 1277 3060 1275 72 492 911 51 75 71 103 84 430 58 53 228 175 17030
leaf_count=51254 12986 121701 1048 3825 643 988 79 65 51 479 566 77 84 1277 3060 1275 72 492 911 51 75 71 103 84 430 58 53 228 175 17030
internal_value=7.33894e-11 0.00129698 0.00865257 0.0250311 0.0794036 0.127872 0.298274 0.226765 0.0681365 0.147779 0.116772 0.276491 0.54722 0.017452 0.0261094 0.0151708 0.0833893 0.157316 0.127349 0.189945 0.346544 0.624853 0.880073 0.0659241 0.217974 0.640917 0.702717 -0.0222204 0.169802 0.0315083
internal_weight=219291 206305 84604 33350 4080 3032 787 708 2245 1257 1206 640 161 29270 25445 21365 4080 2400 2275 1783 788 249 178 995 539 109 125 1680 403 18305
internal_count=219291 206305 84604 33350 4080 3032 787 708 2245 1257 1206 640 161 29270 25445 21365 4080 2400 2275 1783 788 249 178 995 539 109 125 1680 403 18305
is_linear=0
shrinkage=0.05


Tree=79
num_leaves=31
num_cat=0
split_feature=10 13 10 5 9 11 10 12 5 11 12 3 7 12 11 11 0 3 13 10 11 9 1 10 7 10 8 9 10 13
split_gain=2305.39 3683.42 3053.75 5661.39 8352.96 8209.61 14134.4 7420.13 7166.44 8397.83 8613.29 12855.8 14491.2 9670.52 15831.1 12829.6 6173.17 5403.08 4736.86 4476.33 5976.08 4294.06 6764.35 4030.18 4002.8 3990.67 5438.31 4787.31 3981.82 15950.2
threshold=-0.99984258413314808 81.750000000000014 -0.96683886647224415 32.714302062988288 31.823954582214359 0.081673368811607375 -0.98211652040481556 19.250000000000004 31.61091232299805 -0.24284072965383527 16.750000000000004 29.759100914001468 30.052595138549808 18.750000000000004 0.16704543679952624 -0.10737737268209456 5.3759255409240732 28.715373039245609 78.250000000000014 -0.99939814209938038 0.01290981797501445 31.128382682800297 29.247275352478031 -0.97873103618621815 28.7001485824585 -0.97505551576614369 51.292980194091804 28.546951293945316 -0.98801350593566883 80.250000000000014
decision_type=2 2 2 2 2 2 2 2 2 2 2 2 2 2 2 2 2 2 2 2 2 2 2 2 2 2 2 2 2 2
left_child=1 -1 3 4 5 25 17 8 9 -6 18 23 -13 14 15 16 -14 21 -11 20 -5 22 -7 -12 -8 27 -27 -2 -19 -30
right_child=2 -3 -4 19 7 6 24 -9 -10 10 11 12 13 -15 -16 -17 -18 28 -20 -21 -22 -23 -24 -25 -26 26 -28 -29 29 -31
leaf_value=-0.10409420517117129 -0.1265687391717715 0.14826305069118029 -0.001332707303968202 -0.13113872158354609 0.82185346100818024 0.26864858246766604 0.23769690972291124 -0.043880582217426196 0.05204021869046456 -0.13715429804399254 -0.11937109903584041 -0.092293376775132011 1.30218481070229 0.14292061601274758 1.4108436778639302 0.20061064196177403 0.54934022662774573 0.067100777740678977 0.15183362512914739 -0.053294976133263394 0.48734901015957199 -0.038685546088247348 0.82735106235886191 0.31203990227813966 -0.065896935236457621 0.052254414498930569 0.57939523578836372 -0.010782171000337714 0.056079778074263002 0.61877787376163151
leaf_weight=1038 1072 168 201201 69 55 156 119 685 1237 209 172 97 56 93 66 130 53 840 441 2997 90 52 83 79 1239 828 52 5338 390 186
leaf_count=1038 1072 168 201201 69 55 156 119 685 1237 209 172 97 56 93 66 130 53 840 441 2997 90 52 83 79 1239 828 52 5338 390 186
internal_value=1.67104e-11 -0.06894 0.000381235 0.0208057 0.0346879 0.0124282 0.0810883 0.103025 0.140461 0.215842 0.191966 0.307897 0.4557 0.589256 0.725352 0.536053 0.936123 0.176858 0.0589129 -0.0395793 0.218949 0.373085 0.462675 0.0164116 -0.0392934 -0.0164392 0.0834036 -0.0301462 0.136531 0.237784
internal_weight=219291 1206 218085 16884 13728 10355 3065 3373 2688 1451 1396 746 495 398 305 239 109 1707 650 3156 159 291 239 251 1358 7290 880 6410 1416 576
internal_count=219291 1206 218085 16884 13728 10355 3065 3373 2688 1451 1396 746 495 398 305 239 109 1707 650 3156 159 291 239 251 1358 7290 880 6410 1416 576
is_linear=0
shrinkage=0.05


Tree=80
num_leaves=31
num_cat=0
split_feature=12 1 13 11 7 2 7 11 10 10 10 12 11 9 9 1 13 1 5 7 1 0 11 9 4 11 10 11 3 10
split_gain=2299.51 3272.21 3134.62 3793.49 5336.06 3883.27 4034.54 4477.19 8606.61 3788.03 5816.83 6576.99 8992.83 10212.9 4524.9 4857.38 8675.3 4208.72 5238.09 7462.73 3421.3 4252.01 3295.31 12467.9 5033.98 3023.19 11556.8 7483.7 7005.68 7849.33
threshold=13.750000000000002 33.815826416015632 79.750000000000014 -0.99981480836868275 33.934738159179695 46.540275573730476 29.531802177429203 -0.67758968472480763 -0.62540480494499195 -0.99939814209938038 -0.98801350593566883 17.250000000000004 -0.10737737268209456 32.189920425415046 33.086376190185554 33.273767471313484 78.750000000000014 26.508317947387699 28.214782714843754 28.269465446472172 30.383790969848636 4.0465431213378915 0.01290981797501445 30.664040565490726 6.1263427734375009 -0.83352491259574879 0.47494667768478399 -0.76107609272003163 37.567226409912116 0.53436762094497692
decision_type=2 2 2 2 2 2 2 2 2 2 2 2 2 2 2 2 2 2 2 2 2 2 2 2 2 2 2 2 2 2
left_child=1 -1 9 4 -4 -5 7 8 -7 22 11 14 13 20 15 17 -17 -11 19 -19 21 -13 -2 -24 -25 26 -12 -27 29 -28
right_child=2 -3 3 5 -6 6 -8 -9 -10 10 25 12 -14 -15 -16 16 -18 18 -20 -21 -22 -23 23 24 -26 27 28 -29 -30 -31
leaf_value=0.019704608907317473 -0.14095290545374156 -0.015041227785405814 0.065968829576515592 0.0037904585564044486 0.52380038809813101 0.90633137841999045 0.034944506803812996 0.071419645615599367 0.13530064800314689 0.49218093530407975 -0.002222075432000062 -0.023904920926560529 -0.071304615500498533 0.74366926898558938 -0.08328511287606713 0.89872124298874823 0.097193699128487535 -0.1065763285085559 0.073033497180588949 0.64947505464896249 -0.12792449569969905 0.40155762283131485 -0.17520780815257198 0.85680176585912704 0.15740834349450075 -0.076660250699936053 0.42052061183883133 -0.0094986454390229135 0.072752983292656212 -0.088903593560008654
leaf_weight=28172 936 8922 297 67355 81 61 685 165 89 70 19656 115 1584 69 276 56 85 50 1721 94 128 120 209 50 53 4368 343 82264 1120 97
leaf_count=28172 936 8922 297 67355 81 61 685 165 89 70 19656 115 1584 69 276 56 85 50 1721 94 128 120 209 50 53 4368 343 82264 1120 97
internal_value=-2.80586e-12 0.0113474 -0.00231025 0.00611607 0.164076 0.00524257 0.103049 0.25115 0.448853 -0.00741466 -0.00645121 0.0501141 -0.0161557 0.186057 0.106917 0.132204 0.415531 0.111558 0.0972721 0.386957 0.0800648 0.193353 -0.0940446 0.0466804 0.49692 -0.00874219 0.00817407 -0.0128849 0.139166 0.308216
internal_weight=219291 37094 182197 68733 378 68355 1000 315 150 113464 112216 4368 2016 432 2352 2076 141 1935 1865 144 363 235 1248 312 103 107848 21216 86632 1560 440
internal_count=219291 37094 182197 68733 378 68355 1000 315 150 113464 112216 4368 2016 432 2352 2076 141 1935 1865 144 363 235 1248 312 103 107848 21216 86632 1560 440
is_linear=0
shrinkage=0.05


Tree=81
num_leaves=31
num_cat=0
split_feature=4 11 11 10 2 12 8 13 7 8 0 10 1 13 9 5 9 7 9 3 10 3 7 12 7 5 12 7 10 0
split_gain=2212.41 2129.32 2083.17 7595.9 23821.2 9212.38 4646.13 4479.17 5788.26 5916.42 4459.58 4426.79 8966.71 4126.91 4981 4036.12 3979.86 3439.06 3381.15 4787.61 3944.78 3881.19 3540.01 3329.83 2768.58 2788.62 2602.38 3037.09 2594.42 2232.59
threshold=102.05446624755861 0.26780438423156744 -0.99626126885414112 -0.064507851377129541 23.293423652648929 17.750000000000004 15.94290065765381 77.750000000000014 32.123796463012702 0.39228267967700964 3.2410799264907841 -0.012910176534205673 32.198387145996101 80.750000000000014 33.13313293457032 32.602136611938484 30.606508255004886 28.015873908996586 33.178802490234382 32.954833984375007 -0.030120026320219036 30.562795639038089 34.125484466552741 17.250000000000004 34.980108261108406 34.190887451171882 15.250000000000002 32.189571380615241 -0.030120026320219036 0.61374580860137951
decision_type=2 2 2 2 2 2 2 2 2 2 2 2 2 2 2 2 2 2 2 2 2 2 2 2 2 2 2 2 2 2
left_child=2 -2 3 4 5 6 26 17 13 10 15 12 -12 14 16 -10 -9 -5 21 22 -21 -11 -20 -18 -19 -26 -1 -28 -14 -7
right_child=1 -3 -4 7 -6 29 -8 8 9 18 11 -13 28 -15 -16 -17 23 24 19 20 -22 -23 -24 -25 25 -27 27 -29 -30 -31
leaf_value=0.043864375870529715 0.041457372381473373 0.33294616332228638 -0.00099962472885930164 0.16504004764961216 1.1793415004986205 0.12331269515572854 0.70077999725061302 0.034381635460937233 -0.17405571379194704 0.26487219028461439 0.77898214428145218 0.052877159458221558 -0.018738742259520932 0.048959698449747444 -0.0097735714351776803 0.070106370692403414 0.25285623836614007 -0.092718623759532257 0.046526395902037623 -0.26719345006957113 0.024169724566491385 -0.18594791538259381 0.50259430726913557 0.66754976889416584 0.43227081089638753 -0.055705749944074838 0.046170862749218944 0.54663200802230216 0.36214639434142959 -0.25053772166152888
leaf_weight=154 184 95 212984 164 56 53 51 57 218 52 81 269 103 358 101 757 79 1552 102 166 387 583 73 125 52 67 50 77 79 162
leaf_count=154 184 95 212984 164 56 53 51 57 218 52 81 269 103 358 101 757 79 1552 102 166 387 583 73 125 52 67 50 77 79 162
internal_value=1.56025e-11 0.14071 -0.000179251 0.0288066 0.197157 0.0966043 0.261729 0.0100941 0.0425758 0.0107762 0.0790493 0.195491 0.341358 0.169333 0.288376 0.0155142 0.403751 -0.0534534 -0.0647099 0.0088388 -0.0632919 -0.14903 0.236772 0.506958 -0.0748974 0.157528 0.182044 0.3496 0.146591 -0.158379
internal_weight=219291 279 219012 6028 603 547 332 5425 3590 2870 1507 532 263 720 362 975 261 1835 1363 728 553 635 175 204 1671 119 281 127 182 215
internal_count=219291 279 219012 6028 603 547 332 5425 3590 2870 1507 532 263 720 362 975 261 1835 1363 728 553 635 175 204 1671 119 281 127 182 215
is_linear=0
shrinkage=0.05


Tree=82
num_leaves=31
num_cat=0
split_feature=12 10 10 11 4 9 10 10 8 9 11 11 9 1 8 0 10 6 1 9 7 4 10 6 5 10 9 11 10 9
split_gain=2073.26 3194.67 14287.3 10511.4 10446.1 28196.8 8657.28 7592.62 7566.52 5381.42 3577.49 3485.4 4979.21 8442.6 7640.4 6727.48 4023.04 6313.17 5131.64 4222.72 3460.47 3232.75 4348.57 3151.6 3073.66 2882.24 2931.9 2866.21 9283.82 11486.9
threshold=13.750000000000002 -0.70252096652984608 -0.88606244325637806 -0.07309242337942122 12.710318088531496 26.075219154357914 -0.61188074946403492 -0.93535929918289173 26.761257171630863 29.382980346679691 -0.69014781713485707 0.47493347525596624 27.360788345336918 31.205601692199711 1.0000000180025095e-35 0.93425947427749645 -0.79356426000595082 0.13190586119890216 30.196988105773929 27.555355072021488 26.914702415466312 0.9838455617427827 -0.99865758419036854 81.629077911376967 28.08960056304932 -0.76109719276428212 28.082297325134281 -0.90878397226333607 0.34964421391487127 37.661420822143562
decision_type=2 2 2 2 2 2 2 2 2 2 2 2 2 2 2 2 2 2 2 2 2 2 2 2 2 2 2 2 2 2
left_child=1 2 3 -1 10 -6 -3 9 20 21 -4 12 -12 14 15 -14 -13 19 25 -18 -7 22 -5 -8 -24 26 -19 28 -2 -30
right_child=27 6 4 7 5 8 23 -9 -10 -11 11 16 13 -15 -16 -17 17 18 -20 -21 -22 -23 24 -25 -26 -27 -28 -29 29 -31
leaf_value=-0.091797311353882222 0.004537742927240733 -0.11766109607046789 -0.12508675093626856 0.056237843799469778 1.4297232925676955 -0.19911206170916559 0.0079942219936138259 -0.098852024783043807 0.75616936350838759 0.028277040844992381 -0.063926893851568564 -0.034251733524396671 0.29612352769930389 0.060842044313326342 0.12186481222965728 0.748239079433201 0.3937297242677818 0.65584695385052605 0.73226892511392461 -0.064503904636606907 0.19058020350833735 0.08012380798874362 0.57646247096555803 0.40533609246462587 0.26072349413298074 0.019599068842621317 0.13880600852185285 -0.004697479325840896 0.19489968319317441 -0.066599035863990033
leaf_weight=2448 23046 1428 199 172 52 70 26232 714 53 1571 234 823 206 645 272 137 59 52 58 340 306 455 114 50 238 108 58 157147 1405 599
leaf_count=2448 23046 1428 199 172 52 70 26232 714 53 1571 234 823 206 645 272 137 59 52 58 340 306 455 114 50 238 108 58 157147 1405 599
internal_value=-4.64194e-12 0.0107747 0.0359895 -0.0134767 0.112937 0.33015 0.0022357 0.0452638 0.196869 0.0856162 0.0801949 0.0938484 0.147886 0.187223 0.319768 0.476706 0.039955 0.130432 0.314287 0.00325495 0.118031 0.177628 0.262294 0.00875014 0.36298 0.20308 0.383225 -0.00219365 0.0135137 0.116737
internal_weight=219291 37094 9384 5712 3672 481 27710 3264 429 2550 3191 2992 1494 1260 615 343 1498 675 276 399 376 979 524 26282 352 218 110 182197 25050 2004
internal_count=219291 37094 9384 5712 3672 481 27710 3264 429 2550 3191 2992 1494 1260 615 343 1498 675 276 399 376 979 524 26282 352 218 110 182197 25050 2004
is_linear=0
shrinkage=0.05


Tree=83
num_leaves=31
num_cat=0
split_feature=3 11 12 10 5 3 10 7 3 10 13 13 11 10 9 4 3 1 10 3 10 5 3 5 10 11 10 1 9 5
split_gain=1998.52 2607.57 5514.2 5962.71 43015.3 8380.88 4911.12 4899.88 5321.01 4664.46 4275.41 6685.7 9265.67 16678.3 14741.6 17432.1 9183.6 6600.67 12077.2 12011.9 9285.77 13355.6 8274.87 6416.76 7031.8 5878.08 15446.4 16743.4 12910.2 11269.2
threshold=38.742454528808601 -0.20930689573287961 17.750000000000004 0.68391311168670665 28.706172943115238 34.602022171020515 0.81403854489326488 27.153847694396976 25.124748229980472 -0.96230018138885487 77.750000000000014 81.250000000000014 -0.72658059000968922 -0.65189296007156361 31.157766342163089 8.3967819213867205 26.482831954956058 31.322509765625004 -0.90880924463272084 30.097958564758304 -0.92913278937339772 31.704400062561039 32.532686233520515 31.963420867919925 -0.94697898626327504 -0.90878397226333607 0.33346569538116461 35.385360717773445 30.211767196655277 31.673925399780277
decision_type=2 2 2 2 2 2 2 2 2 2 2 2 2 2 2 2 2 2 2 2 2 2 2 2 2 2 2 2 2 2
left_child=1 2 3 -1 -5 6 -6 8 -4 -9 23 12 13 14 -12 -16 -13 -14 20 -20 -19 -22 -23 -11 -25 26 28 -28 29 -15
right_child=-2 -3 7 4 5 -7 -8 9 -10 10 11 16 17 25 15 -17 -18 18 19 -21 21 22 -24 24 -26 -27 27 -29 -30 -31
leaf_value=-0.010636501835008231 -0.017799547670343627 -0.0034084572914862016 0.28571133760245221 1.1462553857890672 0.20786015877359421 -6.8699900159374151e-05 0.045358876728970939 0.13391429437872243 -0.10379594321248509 -0.072179301961996942 -0.11752305282625948 0.56843268226270804 -0.084440006634347448 0.46753674202117079 0.42888333108666893 1.5055796502267613 0.0060344585701430737 0.08874519565310196 0.72274640567068549 -0.018773716546094624 1.1522917037616012 0.72966762906626659 -0.05274899248931423 0.55814670127245691 0.021128587974315039 0.015197501988577267 1.1284146736349379 0.25827964373896106 0.053823753148121413 0.014786475854059464
leaf_weight=40914 14712 121064 95 86 837 7712 1046 1003 1138 2620 74 73 1437 381 143 51 12862 278 56 2207 61 57 83 62 3626 2286 70 263 3779 215
leaf_count=40914 14712 121064 95 86 837 7712 1046 1003 1138 2620 74 73 1437 381 143 51 12862 278 56 2207 61 57 83 62 3626 2286 70 263 3779 215
internal_value=-3.13712e-11 0.00128003 0.00807649 -0.00228697 0.0329999 0.0230218 0.117591 0.0240042 -0.0737852 0.0278094 0.024341 0.0338354 0.0616782 0.095812 0.482904 0.711932 0.00920841 0.00236271 0.0478534 -0.000424124 0.275937 0.534839 0.265806 -0.0123482 0.0301565 0.0809792 0.11292 0.441191 0.0879338 0.304212
internal_weight=219291 204579 83515 50595 9681 9595 1883 32920 1233 31687 30684 24376 11441 7262 268 194 12935 4179 2742 2263 479 201 140 6308 3688 6994 4708 333 4375 596
internal_count=219291 204579 83515 50595 9681 9595 1883 32920 1233 31687 30684 24376 11441 7262 268 194 12935 4179 2742 2263 479 201 140 6308 3688 6994 4708 333 4375 596
is_linear=0
shrinkage=0.05


Tree=84
num_leaves=31
num_cat=0
split_feature=4 1 8 11 7 11 10 10 10 9 9 10 11 10 0 12 8 12 9 7 10 4 3 13 8 10 10 11 5 1
split_gain=2019.07 1953.31 5107.37 3667.23 2759.78 4681.84 25789 43219.9 3860.15 2281.71 3190.51 2948.75 2164.66 4853 5452.88 7471.89 4348.46 4293.07 3609.32 3862.42 29916.4 9349.66 7252.44 7319.99 6845.31 8711.64 9393.82 7661.55 8576.7 6355.92
threshold=102.05446624755861 25.152820587158207 22.805819511413578 -0.97502842545509327 26.914702415466312 0.15004983544349673 -0.70252096652984608 -0.71466678380966175 0.6186656951904298 29.065122604370121 27.462376594543461 -0.92913278937339772 -0.20930689573287961 -0.96683886647224415 20.46892070770264 17.250000000000004 51.292980194091804 19.250000000000004 25.825807571411136 29.888268470764164 0.72066047787666332 22.779994010925297 29.24412822723389 81.250000000000014 0.11530163139104845 -0.92913278937339772 -0.8779519498348235 -0.95744973421096791 28.08960056304932 31.588481903076175
decision_type=2 2 2 2 2 2 2 2 2 2 2 2 2 2 2 2 2 2 2 2 2 2 2 2 2 2 2 2 2 2
left_child=1 2 -1 -4 5 8 7 9 -3 10 11 -7 13 14 16 -16 17 -6 -15 20 21 29 -23 24 -24 -26 -27 -28 -29 -20
right_child=-2 4 3 -5 12 6 -8 -9 -10 -11 -12 -13 -14 18 15 -17 -18 -19 19 -21 -22 22 23 -25 25 26 27 28 -30 -31
leaf_value=0.0260665395607526 0.13442090776779 -0.083421946349301265 0.64678563520050891 0.13948908065886875 0.0052535148780545309 0.31700725104411442 -0.037496671438412031 1.3131082068098354 0.35509990762700055 -0.13559968326542829 0.42324251668320767 -0.07559833493309491 -0.0039840655819175039 -0.17298418817878292 0.80403647285992985 0.076985861192501726 0.49118196415273768 0.2182898977136481 -0.011657874534154979 0.001206206947665326 1.1953805530138992 0.043234194342473928 -0.0064515957147768229 -0.0050446168213265953 -0.061613977130721601 1.1500493242804495 0.84906287620097032 0.70502683172623326 0.018936897176618298 0.084668957526266353
leaf_weight=1556 279 3135 57 95 1226 75 4091 94 51 74 90 132 117980 285 61 84 57 293 7945 77862 55 842 101 187 68 56 81 72 124 2183
leaf_count=1556 279 3135 57 95 1226 75 4091 94 51 74 90 132 117980 285 61 84 57 293 7945 77862 55 842 101 187 68 56 81 72 124 2183
internal_value=7.16547e-12 -0.000171239 0.05309 0.329725 -0.00058987 -0.0299058 0.00260915 0.355454 -0.0764023 0.112814 0.174708 0.0666501 0.000493168 0.00626094 0.0894307 0.382849 0.0624347 0.0463461 0.00466809 0.00523332 0.0320012 0.0265131 0.141676 0.261977 0.361445 0.454108 0.55942 0.440015 0.27097 0.00910451
internal_weight=219291 219012 1708 152 217304 7742 4556 465 3186 371 297 207 209562 91582 1721 145 1576 1519 89861 89576 11714 11659 1531 689 502 401 333 277 196 10128
internal_count=219291 219012 1708 152 217304 7742 4556 465 3186 371 297 207 209562 91582 1721 145 1576 1519 89861 89576 11714 11659 1531 689 502 401 333 277 196 10128
is_linear=0
shrinkage=0.05


Tree=85
num_leaves=31
num_cat=0
split_feature=9 11 9 7 10 10 10 9 1 3 1 4 1 13 3 10 10 13 10 8 12 10 5 10 12 12 3 10 13 10
split_gain=1864.47 2230.9 4407.08 4255.58 40752 7304.53 15997.5 9442.65 9283.12 6258.76 9858.5 6360.66 6469.81 18352.9 10296.1 6216.29 6150.89 6079.52 6457.09 9735.89 11008.2 9411.52 5000.5 12090.4 10839.6 7719.08 11073.2 10234.5 7983.99 7308.08
threshold=38.99238586425782 -0.32533003389835352 26.614676475524906 29.888268470764164 0.72066047787666332 -0.20088869333267209 -0.21772121638059613 29.105797767639164 26.508317947387699 32.605419158935554 32.911146163940437 22.779994010925297 27.972471237182621 78.750000000000014 29.161611557006839 -0.16705007851123807 -0.7721494436264037 80.750000000000014 -0.92263099551200856 0.16674016416072848 17.250000000000004 -0.63874351978301991 32.127990722656257 -0.93535929918289173 19.250000000000004 16.750000000000004 30.502725601196293 0.030120026320219043 81.250000000000014 0.7324872910976411
decision_type=2 2 2 2 2 2 2 2 2 2 2 2 2 2 2 2 2 2 2 2 2 2 2 2 2 2 2 2 2 2
left_child=1 2 -1 4 5 6 7 -4 -8 11 -11 16 13 -13 -14 -7 -9 18 -16 -20 -21 -22 29 24 -24 -25 27 28 -27 -5
right_child=-2 -3 3 22 -6 15 8 9 -10 10 -12 12 14 -15 17 -17 -18 -19 19 20 21 -23 23 25 -26 26 -28 -29 -30 -31
leaf_value=-0.056935057780900557 -0.018376171757531611 -0.0028480352881611361 -0.0042213075170517084 -0.021657124406710113 1.2760432950475 -0.22147396082858101 1.089164804501666 0.15292044958786011 0.26495607476080618 0.73955030701662361 0.091074634525997969 -0.010242233566111989 -0.074268055551903717 1.0376314877699584 -0.095498490959405907 -0.010484949693061177 0.0027199416366982341 0.03129142597317696 -0.020585534025411138 0.17625406519509854 1.4706405857713385 0.58804619857179585 0.42040779941995271 -0.011116160245745514 -0.15556083616860417 0.47810745157870721 0.024985836441687777 -0.15136263700697919 0.077422863335778871 0.23765205548132645
leaf_weight=2534 12986 129487 5112 17485 66 417 54 973 93 95 153 90 337 78 50 2144 2276 149 61 64 55 67 326 20572 109 337 22509 139 197 276
leaf_count=2534 12986 129487 5112 17485 66 417 54 973 93 95 153 90 337 78 50 2144 2276 149 61 64 55 67 326 20572 109 337 22509 139 197 276
internal_value=3.72102e-11 0.0011567 0.00790722 0.0101191 0.0369399 0.0302737 0.0500908 0.0421314 0.567727 0.0954036 0.339483 0.0809914 0.194723 0.476271 0.134314 -0.0448397 0.0477015 0.29192 0.422673 0.527566 0.707336 0.985937 0.00477924 0.0137853 0.276085 0.0111775 0.0309611 0.23081 0.330289 -0.0176275
internal_weight=219291 206305 76818 74284 12334 12268 9707 9560 147 4448 248 4200 951 168 783 2561 3249 446 297 247 186 122 61950 44189 435 43754 23182 673 534 17761
internal_count=219291 206305 76818 74284 12334 12268 9707 9560 147 4448 248 4200 951 168 783 2561 3249 446 297 247 186 122 61950 44189 435 43754 23182 673 534 17761
is_linear=0
shrinkage=0.05


Tree=86
num_leaves=31
num_cat=0
split_feature=12 10 10 11 9 11 10 10 9 10 1 9 8 3 2 11 6 4 10 0 6 5 13 10 10 12 11 9 13 1
split_gain=1908.08 2835.86 12775.9 9488.17 9303.24 26044.5 7635.28 6835.68 4851.99 4559.86 3470.63 5276.23 4291.11 5107.01 10263 4200.11 5588.67 3067.24 5553.89 3816.88 2854.73 2759.25 2579.27 3364.04 5350.88 5939.73 8116.09 9248.45 4180.97 11068.5
threshold=13.750000000000002 -0.70252096652984608 -0.88606244325637806 -0.07309242337942122 25.825807571411136 0.60503363609313976 -0.61188074946403492 -0.93535929918289173 30.427604675292972 -0.71466678380966175 32.10241889953614 32.024663925170906 18.918992042541507 27.277895927429203 1.8686593174934389 0.49001051485538488 0.29043112695217138 0.9838455617427827 -0.99865758419036854 31.297123908996586 81.629077911376967 27.816333770751957 79.750000000000014 -0.99939814209938038 -0.98801350593566883 17.250000000000004 -0.10737737268209456 32.155923843383796 78.750000000000014 33.32238960266114
decision_type=2 2 2 2 2 2 2 2 2 2 2 2 2 2 2 2 2 2 2 2 2 2 2 2 2 2 2 2 2 2
left_child=1 2 3 -1 5 -4 -3 8 17 10 11 12 -6 -14 -15 16 -13 18 -5 -19 -8 -20 23 -2 25 28 27 -27 29 -25
right_child=22 6 4 7 9 -7 20 -9 -10 -11 -12 15 13 14 -16 -17 -18 19 21 -21 -22 -23 -24 24 -26 26 -28 -29 -30 -31
leaf_value=-0.087094297292469203 -0.088372515782845232 -0.11030626738794846 -0.15402632737042088 0.015891802108518479 0.086878792335718491 1.1683434918063553 0.007689790777118473 -0.093618752257454974 0.0052543193598345141 -0.16531651399984779 -0.00061037540306838663 0.76673183893276897 -0.097493675004690888 0.091313283633742789 0.95596307957021054 0.062914394631105305 0.17931542231639228 0.032504915607071694 0.55574264729856171 0.48249667985182187 0.38585433423519139 0.25338725979207083 0.005539081672427025 0.11759633961877214 -0.0080240454871858182 0.072370283069952732 -0.0669434494455933 0.68639933052095214 -0.013058571738260642 0.81418233368608917
leaf_weight=2448 1248 1428 76 237 2271 73 26232 714 1149 166 650 88 50 74 64 85 75 620 93 51 50 400 68733 1705 107848 358 1584 74 588 59
leaf_count=2448 1248 1428 76 237 2271 73 26232 714 1149 166 650 88 50 74 64 85 75 620 93 51 50 400 68733 1705 107848 358 1584 74 588 59
internal_value=1.13912e-12 0.0103366 0.0340932 -0.0126834 0.106857 0.493846 0.00229137 0.0431247 0.0814129 0.0904897 0.103139 0.128051 0.105883 0.335448 0.49231 0.347858 0.496448 0.143873 0.214802 0.066707 0.00840923 0.310424 -0.00210445 -0.00673467 -0.00582674 0.0484258 -0.0145517 0.177551 0.102406 0.140895
internal_weight=219291 37094 9384 5712 3672 149 27710 3264 2550 3523 3357 2707 2459 188 138 248 163 1401 730 671 26282 493 182197 113464 112216 4368 2016 432 2352 1764
internal_count=219291 37094 9384 5712 3672 149 27710 3264 2550 3523 3357 2707 2459 188 138 248 163 1401 730 671 26282 493 182197 113464 112216 4368 2016 432 2352 1764
is_linear=0
shrinkage=0.05


Tree=87
num_leaves=31
num_cat=0
split_feature=4 11 11 10 2 12 8 13 7 8 0 10 1 13 9 9 5 7 9 3 3 10 13 4 7 5 12 9 10 4
split_gain=1809.26 1919.49 1784.73 6821.06 21331.6 8450.16 4176.57 3881.71 5193.43 5386.78 4009.85 3966.32 8065.91 3716.16 4511.33 3621.92 3617.22 3149.51 3073.58 4271.91 3527.04 3131.66 3071.34 2929.96 2470.11 2519.36 2340.24 2893.87 2340 2206.42
threshold=102.05446624755861 0.26780438423156744 -0.99626126885414112 -0.064507851377129541 23.293423652648929 17.750000000000004 15.94290065765381 77.750000000000014 32.123796463012702 0.39228267967700964 3.2410799264907841 -0.012910176534205673 32.198387145996101 80.750000000000014 33.13313293457032 30.606508255004886 32.602136611938484 28.015873908996586 33.178802490234382 33.13365554809571 30.562795639038089 -0.030120026320219036 78.250000000000014 6.6800432205200204 34.980108261108406 34.190887451171882 15.250000000000002 33.370243072509773 -0.030120026320219036 3.6696181297302251
decision_type=2 2 2 2 2 2 2 2 2 2 2 2 2 2 2 2 2 2 2 2 2 2 2 2 2 2 2 2 2 2
left_child=2 -2 3 4 5 6 26 17 13 10 16 12 -12 14 15 -9 -10 -5 20 23 -11 -21 -17 -20 -19 -26 -1 -28 -14 -18
right_child=1 -3 -4 7 -6 -7 -8 8 9 18 11 -13 28 -15 -16 22 29 24 19 21 -22 -23 -24 -25 25 -27 27 -29 -30 -31
leaf_value=0.04260662809352983 0.033010187194399208 0.30976410315225 -0.0009214362794182948 0.15887027614999838 1.1156421080763852 -0.1531602362521686 0.66546694427436481 0.029636950032752858 -0.16551258507176142 0.25119663615209553 0.73774422260898131 0.04961823164641193 -0.019055314767129215 0.045014322192704709 -0.011540903128904871 0.20609236949616494 0.11539348009388598 -0.087577532351883522 0.34893243519339978 -0.25494838651198493 -0.17856374692657442 0.011668237164455055 0.61764508672332497 -0.045201821287473049 0.4099372741766274 -0.053882652076322646 0.084270536850710398 0.56199157658230625 0.34267178559793704 -0.080801236255016798
leaf_weight=154 184 95 212984 164 56 215 51 57 218 52 81 269 103 358 101 68 565 1552 127 157 583 369 136 75 52 67 61 66 79 192
leaf_count=154 184 95 212984 164 56 215 51 57 218 52 81 269 103 358 101 68 565 1552 127 157 583 369 136 75 52 67 61 66 79 192
internal_value=4.36761e-12 0.127245 -0.000162098 0.0266672 0.1862 0.091047 0.249193 0.00893475 0.0391727 0.0090513 0.0741969 0.184611 0.322683 0.15924 0.272204 0.382005 0.0139505 -0.0502229 -0.0629769 0.00714693 -0.143371 -0.0679112 0.480461 0.202595 -0.0707443 0.148795 0.173642 0.332535 0.137958 0.0656321
internal_weight=219291 279 219012 6028 603 547 332 5425 3590 2870 1507 532 263 720 362 261 975 1835 1363 728 635 526 204 202 1671 119 281 127 182 757
internal_count=219291 279 219012 6028 603 547 332 5425 3590 2870 1507 532 263 720 362 261 975 1835 1363 728 635 526 204 202 1671 119 281 127 182 757
is_linear=0
shrinkage=0.05


Tree=88
num_leaves=31
num_cat=0
split_feature=12 12 11 11 1 10 3 8 13 10 9 10 10 10 5 1 10 11 3 10 4 13 7 10 9 0 4 13 6 10
split_gain=1719.29 2728.87 2446.63 6537.98 5799.28 5659 3664.09 2411.52 2400.42 3901.27 8163.14 11756.7 3581.57 5989.2 8694.25 3564.7 4747.1 3541.01 9262 17800.9 3443.86 3883.74 3400.47 5633.57 4862.62 4094.91 4041.59 3363.7 3714.08 3337.43
threshold=13.750000000000002 12.750000000000002 -0.69014781713485707 -0.59815874695777882 32.754205703735359 0.72066047787666332 31.229602813720707 70.974880218505874 78.250000000000014 -0.95236876606941212 33.178802490234382 -0.97873103618621815 -0.99939814209938038 -0.99865758419036854 30.408584594726566 31.557967185974125 -0.90880924463272084 -0.99626126885414112 30.38144683837891 -0.04732095077633857 0.13202805817127231 76.750000000000014 32.123796463012702 -0.04732095077633857 33.178802490234382 14.838733673095705 6.8880155086517343 80.750000000000014 15.654105663299562 -0.98211652040481556
decision_type=2 2 2 2 2 2 2 2 2 2 2 2 2 2 2 2 2 2 2 2 2 2 2 2 2 2 2 2 2 2
left_child=1 2 -1 4 5 -4 -7 8 9 10 12 20 -2 14 -14 16 -11 18 19 -10 21 -12 23 -20 -24 27 -26 28 -25 -15
right_child=7 -3 3 -5 -6 6 -8 -9 17 15 11 -13 13 29 -16 -17 -18 -19 22 -21 -22 -23 24 25 26 -27 -28 -29 -30 -31
leaf_value=-0.036277550393104534 -0.088477643862381161 0.022597880768555532 0.15147389994663057 -0.0018359692526904474 8.4273102079365412e-05 0.89352777164940744 0.34117364411382645 -0.093386329465347528 1.0732697266736069 -0.11052225051774367 0.45033605873177296 0.54431369760696324 0.62914399810057764 0.049309405076386072 0.079465178483999782 -0.0020615104998822427 -0.020926624180444244 0.0014582273318939267 -0.20075567745577511 0.047909503954648977 -0.26402641062036553 -0.033390466849935262 -0.10566685480258331 0.43769500508803771 0.1015323048014689 0.58541236162185672 -0.090028423559788157 0.039960664383613981 -0.023281292551227156 -0.029647358956449949
leaf_weight=4512 772 19638 237 12272 311 51 73 719 64 1564 64 181 96 2879 287 35210 27015 107671 107 125 76 118 696 148 1121 60 365 296 62 2501
leaf_count=4512 772 19638 237 12272 311 51 73 719 64 1564 64 181 96 2879 287 35210 27015 107671 107 125 76 118 696 148 1121 60 365 296 62 2501
internal_value=4.47259e-11 0.00981191 -0.00457231 0.00647946 0.158335 0.294667 0.568352 -0.00199763 -0.00163556 -0.00882842 0.0266776 0.23539 0.012657 0.0262048 0.217244 -0.0127103 -0.0258298 0.00296173 0.0561428 0.395121 0.0186644 0.136711 0.0337026 0.131958 0.00339744 0.194856 0.05448 0.148545 0.301597 0.0126048
internal_weight=219291 37094 17456 12944 672 361 124 182197 181478 70763 6974 439 6535 5763 383 63789 28579 110715 3044 189 258 182 2855 673 2182 566 1486 506 210 5380
internal_count=219291 37094 17456 12944 672 361 124 182197 181478 70763 6974 439 6535 5763 383 63789 28579 110715 3044 189 258 182 2855 673 2182 566 1486 506 210 5380
is_linear=0
shrinkage=0.05


Tree=89
num_leaves=31
num_cat=0
split_feature=10 3 11 7 12 11 11 11 10 1 10 10 10 1 12 4 10 10 12 1 6 7 1 7 13 12 13 11 5 9
split_gain=1751.49 2682.49 8144.25 19947 7233.75 5333.04 9877.02 6453.17 5041.72 9571.95 9297.61 8379.26 10084.2 22710.9 22209 7024.29 5142.63 10386.4 12145.4 11396.1 5511.55 5027.37 4995.46 4671.82 9279.82 4852.17 5424.17 8434.13 8444.25 9523.59
threshold=0.20088869333267215 32.605419158935554 0.79874977469444286 32.256572723388679 15.750000000000002 0.21771516650915149 0.18399153649806979 0.047319635748863227 -0.45972847938537592 31.938055038452152 -0.34964421391487116 -0.56314551830291737 -0.5343676209449767 33.370845794677741 17.750000000000004 1.1930530071258547 -0.93535929918289173 -0.95236876606941212 19.250000000000004 33.641326904296882 28.846113204956058 30.117945671081547 32.831197738647468 35.142175674438484 79.250000000000014 14.250000000000002 78.750000000000014 0.41326330602169042 30.530126571655277 30.396374702453617
decision_type=2 2 2 2 2 2 2 2 2 2 2 2 2 2 2 2 2 2 2 2 2 2 2 2 2 2 2 2 2 2
left_child=1 23 4 -4 -3 6 7 8 9 -6 -10 16 13 14 -13 -12 17 -11 19 22 -18 -14 -19 25 -25 26 -1 -28 -29 -30
right_child=-2 2 3 -5 5 -7 -8 -9 10 11 15 12 21 -15 -16 -17 20 18 -20 -21 -22 -23 -24 24 -26 -27 27 28 29 -31
leaf_value=0.0081501014074823307 -0.0050697769862199579 -0.02022578274576119 0.0044336017479913101 1.0653202240122484 -0.06042093399705159 -0.057527051498470622 0.35557716643961612 -0.08128528897019216 -0.21375933979903006 0.055064633580515436 0.089863741738978403 0.069845832192472049 0.62823669927624559 -0.079599595117364447 1.3028348909389407 -0.022938062232016273 0.029437105984035528 0.77155740315131116 -0.094386884726976095 1.0720186021847604 0.53087076228111985 0.12142166125422976 0.18951350786282045 0.45043748873704215 -0.07826154436577451 -0.0059939363710098947 -0.0252105678955328 0.077640114678702646 0.58031910713079404 0.14883771789589903
leaf_weight=17440 95877 8400 144 64 936 1317 256 981 397 659 2930 56 52 102 105 2609 2559 51 95 78 56 829 133 167 165 78441 1514 2300 191 387
leaf_count=17440 95877 8400 144 64 936 1317 256 981 397 659 2930 56 52 102 105 2609 2559 51 95 78 56 829 133 167 165 78441 1514 2300 191 387
internal_value=2.78329e-11 0.00393857 0.0194201 0.33086 0.0165539 0.0383093 0.0481057 0.0418725 0.0522458 0.0857843 0.0199786 0.114444 0.232445 0.504144 0.873969 0.0367314 0.0772656 0.172729 0.389931 0.565543 0.0401753 0.151336 0.350841 0.000428626 0.18768 -0.000191357 0.0206569 0.0703198 0.120574 0.291421
internal_weight=219291 123414 22809 208 22601 14201 12884 12628 11647 5711 5936 4775 1144 263 161 5539 3631 1016 357 262 2615 881 184 100605 332 100273 21832 4392 2878 578
internal_count=219291 123414 22809 208 22601 14201 12884 12628 11647 5711 5936 4775 1144 263 161 5539 3631 1016 357 262 2615 881 184 100605 332 100273 21832 4392 2878 578
is_linear=0
shrinkage=0.05


Tree=90
num_leaves=31
num_cat=0
split_feature=4 11 1 8 11 7 11 10 10 10 9 9 10 10 12 0 10 10 3 10 1 10 6 11 11 9 9 7 3 1
split_gain=1634.7 1702.48 1664.83 4569.22 3354.71 2434.07 3929.38 22184.6 38617.9 3121.9 1964.98 2941.68 2714.29 1883.68 3492.74 2011.87 1918.07 1832.41 7611.86 14756.9 12435 8668.82 7412.45 5778.71 8190.57 9793.01 5227.5 5111.86 3438.22 3670.43
threshold=102.05446624755861 0.26780438423156744 25.152820587158207 22.805819511413578 -0.97502842545509327 26.914702415466312 0.15004983544349673 -0.70252096652984608 -0.71466678380966175 0.6186656951904298 29.065122604370121 27.462376594543461 -0.92913278937339772 -0.71466678380966175 13.750000000000002 4.1150341033935556 -0.79356426000595082 0.39753912389278417 36.546129226684577 0.38168568909168249 34.827480316162116 0.34964421391487127 0.92980360984802257 -0.87792757153511036 -0.84291031956672657 33.932086944580085 35.139902114868171 37.219158172607429 37.856121063232429 41.420511245727546
decision_type=2 2 2 2 2 2 2 2 2 2 2 2 2 2 2 2 2 2 2 2 2 2 2 2 2 2 2 2 2 2
left_child=2 -2 3 13 -5 6 9 8 10 -4 11 12 -8 14 15 16 -1 18 -7 20 21 27 -21 -19 25 -25 -22 -20 -27 -30
right_child=1 -3 5 4 -6 17 7 -9 -10 -11 -12 -13 -14 -15 -16 -17 -18 23 19 22 26 -23 -24 24 -26 28 -28 -29 29 -31
leaf_value=-0.069239174030148065 0.032202510151040295 0.29284344629237524 -0.076981604439808005 0.61392223957860681 0.12872316774569059 0.0024760896998802708 0.29349315394709508 -0.035482208299730818 1.2342087745825028 0.31738329704704826 -0.13091184699756872 0.39569977386130228 -0.083180611614476554 -0.0032629262314956991 0.36190961118479936 -0.18182820652002171 0.35431695109063932 -0.073347623322126618 0.00012212705782572316 0.26126295824377044 0.19424888247989797 0.91209430224495014 0.91599418858755133 0.39821586484818355 -0.0057016773640259791 0.15144234653090211 -0.019994577567668304 0.51811559297853993 -0.016943358963082463 0.20631937006832249
leaf_weight=52 184 95 3135 57 95 126383 75 4091 94 51 74 90 132 1259 109 81 55 3015 110 106 342 60 73 230 75277 651 1700 84 1317 214
leaf_count=52 184 95 3135 57 95 126383 75 4091 94 51 74 90 132 1259 109 81 55 3015 110 106 342 60 73 230 75277 651 1700 84 1317 214
internal_value=3.64682e-11 0.120951 -0.00015408 0.0490172 0.310673 -0.000540564 -0.0280722 0.00171544 0.328975 -0.0706688 0.0996163 0.157054 0.0532954 0.023457 0.136724 0.00616442 0.148477 0.000476558 0.00417669 0.091016 0.0569265 0.386854 0.528276 -0.00543135 -0.00279562 0.0879007 0.0158875 0.224408 0.0551911 0.0142638
internal_weight=219291 279 219012 1708 152 217304 7742 4556 465 3186 371 297 207 1556 297 188 107 209562 128858 2475 2296 254 179 80704 77689 2412 2042 194 2182 1531
internal_count=219291 279 219012 1708 152 217304 7742 4556 465 3186 371 297 207 1556 297 188 107 209562 128858 2475 2296 254 179 80704 77689 2412 2042 194 2182 1531
is_linear=0
shrinkage=0.05


Tree=91
num_leaves=31
num_cat=0
split_feature=10 13 5 10 5 9 11 10 5 12 5 7 2 10 11 8 11 13 13 3 7 10 11 3 10 3 1 5 0 10
split_gain=1611.89 3134.96 2646.55 2270.25 4685.61 7531.8 6928.33 12345.7 7166.73 6805.42 6411.74 7761.75 9568.19 12601.7 36678.6 12667.3 6997.08 9022.61 4964.63 15878.6 4687.75 4057.12 5305.31 3930.06 3797.05 3760.5 4859.34 3979.38 7466.08 3675.96
threshold=-0.99984258413314808 82.250000000000014 31.963420867919925 -0.96683886647224415 32.714302062988288 31.823954582214359 0.081673368811607375 -0.97873103618621815 27.887423515319828 19.250000000000004 31.197588920593265 30.781644821166996 5.5403645038604745 -0.98521098494529713 0.18399153649806979 1.0850909948349001 -0.10737737268209456 79.750000000000014 83.250000000000014 31.229602813720707 31.515066146850589 -0.99939814209938038 0.01290981797501445 28.338375091552738 -0.98211652040481556 30.097958564758304 26.508317947387699 29.070967674255375 4.4202105998992929 -0.97505551576614369
decision_type=2 2 2 2 2 2 2 2 2 2 2 2 2 2 2 2 2 2 2 2 2 2 2 2 2 2 2 2 2 2
left_child=1 -1 -3 4 5 6 25 8 -8 10 11 -7 13 15 -15 20 17 -14 23 -20 -13 22 -6 -10 -11 -2 -27 28 -28 -29
right_child=3 2 -4 -5 21 9 7 -9 18 24 -12 12 16 14 -16 -17 -18 -19 19 -21 -22 -23 -24 -25 -26 26 27 29 -30 -31
leaf_value=-0.085180678440568355 -0.066325606516016919 -0.0074982775252704558 0.4608869319781661 -0.0011590256166585115 -0.12073658169179723 0.008280897476497762 0.4789097446373245 -0.065914606354305183 0.3529198143463716 -0.11366742840800725 0.065032890351376091 0.49721530922612206 0.84102312827652159 1.8753043838267058 0.040212578698992731 0.86605659384329459 -0.024627398090444137 0.061833479991730528 -0.093398110820881786 1.1041825377494099 -0.01412239785377796 -0.05006356487469546 0.46200811568233702 0.075808255800298985 0.15727695491961663 0.49941909232735632 0.032011466802630041 -0.021607058201955236 0.75411996380984792 0.11817805958596386
leaf_weight=1080 2532 76 50 201201 69 311 149 1056 139 512 1548 61 66 53 56 76 263 85 62 50 169 2997 90 1609 173 50 126 3999 50 533
leaf_count=1080 2532 76 50 201201 69 311 149 1056 139 512 1548 61 66 53 56 76 263 85 62 50 169 2997 90 1609 173 50 126 3999 50 533
internal_value=7.83919e-12 -0.0576457 0.178369 0.000318778 0.0179293 0.0305586 0.00942132 0.0724964 0.14525 0.0954493 0.131302 0.221288 0.301198 0.47086 0.932505 0.306417 0.131126 0.402406 0.118521 0.441236 0.121493 -0.0370059 0.209119 0.097844 -0.0452391 -0.0170979 0.00909892 0.00389161 0.237156 -0.00516719
internal_weight=219291 1206 126 218085 16884 13728 10355 3065 2009 3373 2688 1140 829 415 109 306 414 151 1860 112 230 3156 159 1748 685 7290 4758 4708 176 4532
internal_count=219291 1206 126 218085 16884 13728 10355 3065 2009 3373 2688 1140 829 415 109 306 414 151 1860 112 230 3156 159 1748 685 7290 4758 4708 176 4532
is_linear=0
shrinkage=0.05


Tree=92
num_leaves=31
num_cat=0
split_feature=3 11 11 11 9 4 1 9 10 1 10 12 12 9 10 1 10 3 10 2 12 10 9 12 2 1 10 13 10 4
split_gain=1541.58 1915.79 4023.62 11170.3 9899.32 5839.86 6135.08 13311.8 5613.65 7543.64 6450.47 6742.8 5834.36 5539.26 4699.49 5980.2 19721.4 19528.2 8971.19 8263.91 4987.66 4294.81 25367.4 24768.8 21784.3 5098.29 4884.39 8011.26 16464.4 12467.5
threshold=38.869958877563484 -0.32533003389835352 -0.61186373233795155 -0.5702211558818816 38.505393981933601 39.153354644775398 28.812848091125492 27.731657028198246 -0.69016700983047474 26.32643032073975 -0.76109719276428212 15.250000000000002 18.750000000000004 27.648724555969242 -0.86095303297042836 31.588481903076175 -0.89391031861305226 29.965735435485843 -0.89391031861305226 34.248380661010749 13.250000000000002 -0.65189296007156361 30.777950286865238 15.750000000000002 28.964666366577152 27.833753585815433 -0.34964421391487116 80.250000000000014 -0.50495636463165272 40.778713226318366
decision_type=2 2 2 2 2 2 2 2 2 2 2 2 2 2 2 2 2 2 2 2 2 2 2 2 2 2 2 2 2 2
left_child=1 2 8 4 5 6 7 -4 9 12 11 13 -1 -11 15 16 -5 -17 20 -18 -19 22 -10 -24 25 -25 27 -23 29 -29
right_child=-2 -3 3 14 -6 -7 -8 -9 21 10 -12 -13 -14 -15 -16 17 19 18 -20 -21 -22 26 23 24 -26 -27 -28 28 -30 -31
leaf_value=0.048337032862938945 -0.016156430352062164 -0.002641446888633233 -0.038877085860698456 -0.084230588877636681 0.61701889073786642 0.52170640718191863 0.072721364938940644 1.0576411937922241 -0.14479170320428858 -0.15186616735021891 -0.10933771208885375 -0.054137235383142385 0.46400693063841802 0.24259620529415005 -0.014101780798501905 0.92323693921241701 0.14375393795102592 -0.10378432687144604 -0.033041852400449476 0.74014184946014039 0.14976922849265351 -0.048099813066532417 -0.11865733334081641 0.74562680872768405 1.3467560550730144 0.27678847689969494 0.011783800145621347 0.13571515750581961 -0.070964375337570287 0.91650313775775583
leaf_weight=400 13833 128686 62 2422 96 80 2609 50 735 113 3154 1234 107 419 8564 68 920 213 1382 62 2169 9060 337 64 56 617 38779 1447 1500 53
leaf_count=400 13833 128686 62 2422 96 80 2609 50 735 113 3154 1234 107 419 8564 68 920 213 1382 62 2169 9060 337 64 56 617 38779 1447 1500 53
internal_value=-3.37318e-11 0.00108777 0.00733873 0.0275124 0.117767 0.100656 0.088277 0.45064 0.000843894 -0.0475744 -0.0664979 0.0100122 0.136062 0.15881 0.0109638 0.0406296 -0.00759814 0.0834707 0.0682996 0.181408 0.127096 0.00583489 0.0815409 0.236433 0.398802 0.32085 0.00314105 -0.0246498 0.0461693 0.163303
internal_weight=219291 205458 76772 18697 2897 2801 2721 112 58075 5427 4920 1766 507 532 15800 7236 3404 3832 3764 982 2382 52648 1809 1074 737 681 50839 12060 3000 1500
internal_count=219291 205458 76772 18697 2897 2801 2721 112 58075 5427 4920 1766 507 532 15800 7236 3404 3832 3764 982 2382 52648 1809 1074 737 681 50839 12060 3000 1500
is_linear=0
shrinkage=0.05


Tree=93
num_leaves=31
num_cat=0
split_feature=12 1 11 11 10 5 10 9 10 10 13 0 5 8 10 11 10 10 9 4 10 13 10 10 10 9 11 13 9 10
split_gain=1486.87 2501.72 2635.79 23627.1 6886.93 5038.94 22031.8 6524.24 4622.64 7286.35 8263.12 8219.85 7407.75 4343.29 4989.28 3860.87 7003.6 5467.21 19734.7 16874 3755.87 3259.93 6036.93 3742.54 4045.91 3527.63 2979.64 4252.85 2808.6 3301.51
threshold=13.750000000000002 33.815826416015632 -0.46734189987182612 -0.69014781713485707 -0.58429276943206776 30.994411468505863 0.72066047787666332 27.360788345336918 -0.41327477991580958 -0.50495636463165272 76.250000000000014 5.9531130790710458 30.756749153137211 0.35977821052074438 -0.86958134174346913 -0.07309242337942122 -0.92263099551200856 -0.70252096652984608 25.825807571411136 3.4758707284927373 -0.76109719276428212 79.750000000000014 -0.90880924463272084 -0.93535929918289173 -0.90880924463272084 30.427604675292972 0.9969642460346223 79.250000000000014 29.189107894897464 -0.82391539216041554
decision_type=2 2 2 2 2 2 2 2 2 2 2 2 2 2 2 2 2 2 2 2 2 2 2 2 2 2 2 2 2 2
left_child=1 2 3 4 -1 6 7 -5 9 10 -6 -11 -13 20 -15 16 -4 18 19 -17 28 23 -23 25 -25 -20 -19 -28 -9 -30
right_child=-2 -3 15 5 8 -7 -8 13 -10 11 -12 12 -14 14 -16 17 -18 26 21 -21 -22 22 -24 24 -26 -27 27 -29 29 -31
leaf_value=-0.12965746250827062 -0.0018577087002325172 -0.01394896666128605 -0.11465713230606898 -0.016318828617600169 0.51558486952446403 0.11102359588501745 0.98851567639287607 0.32171162851970564 -0.0038135658331532787 0.13618703107635735 -0.11661731224137561 0.9744199391225209 0.16941176763936586 0.57127700107028845 0.02646086271214363 0.22160600211690454 0.051537827613645421 -0.01008726620531606 0.13007663880531942 1.3720209127547696 0.092258154893223254 -0.0034594427769216122 0.46981927123132761 -0.16111359851756646 0.016977873202128763 0.0041214085748180708 0.036066256411348668 0.3354921943100635 0.36251976099170624 0.85086399301886562
leaf_weight=950 182197 8922 1621 259 60 936 97 137 4804 358 373 65 51 52 219 85 1041 11103 1338 51 79 149 123 382 1931 951 672 144 61 80
leaf_count=950 182197 8922 1621 259 60 936 97 137 4804 358 373 65 51 52 219 85 1041 11103 1338 51 79 149 123 382 1931 951 672 144 61 80
internal_value=-3.50462e-11 0.00912463 0.016432 0.0395407 -0.00500313 0.194075 0.273076 0.194837 0.0157326 0.11926 -0.0290142 0.254709 0.620494 0.281922 0.131001 0.00631019 -0.049665 0.015112 0.0589387 0.653012 0.396487 0.0423622 0.21056 0.0324209 -0.0124346 0.0777466 -0.00330997 0.0889061 0.48294 0.639595
internal_weight=219291 37094 28172 8581 6661 1920 984 887 5711 907 433 474 116 628 271 19591 2662 16929 5010 136 357 4874 272 4602 2313 2289 11919 816 278 141
internal_count=219291 37094 28172 8581 6661 1920 984 887 5711 907 433 474 116 628 271 19591 2662 16929 5010 136 357 4874 272 4602 2313 2289 11919 816 278 141
is_linear=0
shrinkage=0.05


Tree=94
num_leaves=31
num_cat=0
split_feature=10 13 5 10 5 9 12 11 10 5 5 11 12 3 7 12 11 11 0 13 0 13 3 1 10 11 10 10 3 1
split_gain=1472.01 2843.17 2388.51 2082.18 4179.17 6866.73 6156.14 6038.68 11115.1 6369.24 5843.53 6653.86 7447.89 10960.5 12303 8531.14 13386.1 10871.7 5821.07 4543.79 14296.8 4176.52 4120.69 4438.17 3652.59 4786.1 3592.4 3426.83 3388.61 4380.15
threshold=-0.99984258413314808 82.250000000000014 31.963420867919925 -0.96683886647224415 32.714302062988288 31.823954582214359 19.250000000000004 0.081673368811607375 -0.97873103618621815 27.816333770751957 31.61091232299805 -0.24284072965383527 16.750000000000004 29.759100914001468 30.052595138549808 18.750000000000004 0.16704543679952624 -0.10737737268209456 5.3759255409240732 81.750000000000014 0.98164987564086925 78.250000000000014 28.283639907836918 28.618703842163089 -0.99939814209938038 0.01290981797501445 -0.97873103618621815 -0.98211652040481556 30.097958564758304 26.508317947387699
decision_type=2 2 2 2 2 2 2 2 2 2 2 2 2 2 2 2 2 2 2 2 2 2 2 2 2 2 2 2 2 2
left_child=1 -1 -3 4 5 7 10 28 9 -9 11 -7 21 26 -15 16 17 18 -16 22 -21 -13 23 -11 25 -6 -14 -8 -2 -30
right_child=3 2 -4 -5 24 6 27 8 -10 19 -12 12 13 14 15 -17 -18 -19 -20 20 -22 -23 -24 -25 -26 -27 -28 -29 29 -31
leaf_value=-0.081309907830215744 -0.062573563327091797 -0.0068984055769090585 0.43806752967834478 -0.0011106364580050377 -0.11447852802449379 0.73265377932651488 -0.10775909937365213 0.4596470498329055 -0.063530643343410437 0.10076840890392864 0.045312225117431708 -0.1358586281395415 -0.11756384801119567 -0.088678002857708757 1.2168175341960576 0.12009082346834161 1.2974752378283125 0.18427949248311612 0.48575805380659287 0.81374525696366706 0.086291285368919612 0.13549882212623135 0.049979210625450368 0.70867445205940927 -0.047101157624297806 0.43901642673545416 0.28974271601042417 0.14963806581635006 0.47454116511344913 0.0040804923759584855
leaf_weight=1080 2532 76 50 201201 69 55 512 142 1056 73 1237 209 172 97 56 93 66 130 53 91 262 441 1390 51 2997 90 79 173 50 4708
leaf_count=1080 2532 76 50 201201 69 55 512 142 1056 73 1237 209 172 97 56 93 66 130 53 91 262 441 1390 51 2997 90 79 173 50 4708
internal_value=-3.67009e-11 -0.0550876 0.169675 0.000304632 0.0171699 0.0290972 0.0910568 0.00891473 0.0678011 0.136834 0.125156 0.193224 0.171972 0.279775 0.416249 0.539309 0.667137 0.493068 0.861348 0.112281 0.273822 0.048247 0.0746166 0.350794 -0.0347116 0.198821 0.0106322 -0.0427522 -0.0158434 0.00902438
internal_weight=219291 1206 126 218085 16884 13728 3373 10355 3065 2009 2688 1451 1396 746 495 398 305 239 109 1867 353 650 1514 124 3156 159 251 685 7290 4758
internal_count=219291 1206 126 218085 16884 13728 3373 10355 3065 2009 2688 1451 1396 746 495 398 305 239 109 1867 353 650 1514 124 3156 159 251 685 7290 4758
is_linear=0
shrinkage=0.05


Tree=95
num_leaves=31
num_cat=0
split_feature=4 5 1 8 11 7 11 10 10 10 9 9 10 5 10 12 12 8 11 10 9 10 10 7 10 11 10 13 1 2
split_gain=1451.18 1674.58 1477.26 4131.29 3023.37 2114.29 3274.64 18877.1 34113.2 2606.88 1782.51 3462.86 2775.43 1715.25 1611.42 3037.86 1672.01 1568.56 3172.44 17968.4 15777.5 8972.24 19029.8 21073.9 35499.3 8038.71 6593.66 3858.06 3582.56 6656.6
threshold=102.05446624755861 28.155348777771 25.152820587158207 22.805819511413578 -0.97502842545509327 26.914702415466312 0.15004983544349673 -0.70252096652984608 -0.71466678380966175 0.6186656951904298 28.748521804809574 27.731657028198246 -0.92913278937339772 26.472124099731449 -0.71466678380966175 12.750000000000002 13.250000000000002 2.4849199056625371 0.60503363609313976 -0.78297284245491017 28.748521804809574 -0.55601230263710011 -0.61188074946403492 29.710849761962894 -0.58429276943206776 0.30080866813659674 -0.67760851979255665 78.750000000000014 28.862790107727054 18.890501022338871
decision_type=2 2 2 2 2 2 2 2 2 2 2 2 2 2 2 2 2 2 2 2 2 2 2 2 2 2 2 2 2 2
left_child=2 -2 3 14 -5 6 9 8 10 -4 11 12 -8 -14 15 -1 -16 -7 25 20 -20 22 26 27 -25 -19 -21 -24 29 -27
right_child=1 -3 5 4 -6 17 7 -9 -10 -11 -12 -13 13 -15 16 -17 -18 18 19 21 -22 -23 23 24 -26 28 -28 -29 -30 -31
leaf_value=-0.073118780092496824 0.045772573832824764 0.33401821454366054 -0.070823439886040424 0.58285875495588568 0.12224359651537318 -0.0017018429374955773 0.28898202266011919 -0.03328869850195483 1.1537046522536176 0.28954697186309919 -0.11369815583614742 0.49581160900885601 0.087179710620488876 -0.25775225909788219 0.082217123586627916 0.25464731824908465 -0.04187654513155617 0.011551000318423411 1.230454947575927 0.17463771187859339 0.058040382618253887 -0.038543224893710627 -0.040187769790723825 1.668056624684785 0.20740918570835343 -0.031052144813801398 -0.082036209191127488 0.42146110076170706 -0.094501061113545781 0.58278352378734521
leaf_weight=116 213 66 3135 57 95 168341 84 4091 94 51 85 57 78 67 396 181 863 34998 60 410 55 1860 149 74 95 209 642 65 2548 56
leaf_count=116 213 66 3135 57 95 168341 84 4091 94 51 85 57 78 67 396 181 863 34998 60 410 55 1860 149 74 95 209 642 65 2548 56
internal_value=8.3522e-12 0.11396 -0.000145174 0.0461733 0.294974 -0.000509235 -0.0261687 0.00102419 0.302904 -0.0650548 0.087337 0.147085 0.0602843 -0.0722026 0.0218688 0.126631 -0.0028447 0.000438723 0.0091805 0.0553696 0.669735 0.0339274 0.127862 0.429627 0.846983 0.00501492 0.0179983 0.100033 -0.0763038 0.0986641
internal_weight=219291 279 219012 1708 152 217304 7742 4556 465 3186 371 286 229 145 1556 297 1259 209562 41221 3410 115 3295 1435 383 169 37811 1052 214 2813 265
internal_count=219291 279 219012 1708 152 217304 7742 4556 465 3186 371 286 229 145 1556 297 1259 209562 41221 3410 115 3295 1435 383 169 37811 1052 214 2813 265
is_linear=0
shrinkage=0.05


Tree=96
num_leaves=31
num_cat=0
split_feature=9 10 10 9 12 11 12 10 5 3 10 1 5 10 12 9 13 9 7 10 5 1 5 7 13 1 13 10 10 3
split_gain=1414.4 1762.03 5799.12 5629.45 3142.88 1699.11 3993.73 5381.54 31488.4 6986.89 5272.21 14951.6 13418.6 21287 6905.7 7935.68 5961.91 7243.03 5579.19 8069.1 8747.15 6697.39 13126.9 7546.79 7380.79 6947.96 6728.3 6588.61 13644 8220.69
threshold=39.263370513916023 0.50495636463165294 0.54883790016174328 40.499383926391609 18.750000000000004 -0.20930689573287961 17.250000000000004 0.68391311168670665 28.706172943115238 34.602022171020515 -0.88606244325637806 30.763122558593754 30.818958282470707 -0.89391031861305226 18.750000000000004 32.155923843383796 83.250000000000014 28.267940521240238 32.789827346801765 0.44437406957149511 35.142101287841804 35.543157577514656 36.550565719604499 36.399862289428718 81.750000000000014 38.28309631347657 78.250000000000014 -0.50495636463165272 -0.59817537665367115 34.128559112548835
decision_type=2 2 2 2 2 2 2 2 2 2 2 2 2 2 2 2 2 2 2 2 2 2 2 2 2 2 2 2 2 2
left_child=5 -2 3 -3 -5 6 7 -1 -9 -10 11 -8 13 16 15 -14 17 -13 -12 20 27 22 -22 25 26 -23 -24 28 -20 -30
right_child=1 2 -4 4 -6 -7 10 8 9 -11 18 12 14 -15 -16 -17 -18 -19 19 -21 21 23 24 -25 -26 -27 -28 -29 29 -31
leaf_value=-0.012442339204680609 -0.059266792836466013 -0.030182713752468227 -0.019135988560023891 0.37971995024383071 0.087124035601173683 -0.0028581152438828814 -0.049578118157113826 0.98219484433878312 0.11086896747809483 0.00044563781039060773 -0.0093476501761906826 0.63656781345605851 0.0041782350547238207 1.0338518823507012 0.0071368141904653917 0.29887996713736137 0.68630213024186304 0.089586284351524728 -0.0044990970531488929 -0.0024434562055982724 0.10570238761952927 0.12568670079291699 0.26671374597701064 -0.054272655622834613 0.10545593538697351 0.64498356762644538 0.74630213302067094 0.0075651405829510595 0.34464357963364045 -0.26785173610473673
leaf_weight=36523 2044 297 8519 225 155 122090 1736 86 1762 7661 17026 70 379 93 1391 575 61 447 895 9184 763 394 114 627 114 77 204 5089 630 60
leaf_count=36523 2044 297 8519 225 155 122090 1736 86 1762 7661 17026 70 379 93 1391 575 61 447 895 9184 763 394 114 627 114 77 204 5089 630 60
internal_value=2.62552e-11 -0.0172761 -0.00794286 0.132905 0.260372 0.000933347 0.00631834 -0.0037191 0.0297859 0.0210936 0.01789 0.0673225 0.13461 0.33177 0.0781948 0.181802 0.218805 0.163646 0.0112122 0.0304978 0.0642362 0.148486 0.230397 0.05934 0.450632 0.210582 0.574374 0.0352902 0.124308 0.291383
internal_weight=219291 11240 9196 677 380 208051 85961 46032 9509 9423 39929 4752 3016 671 2345 954 578 517 35177 18151 8967 2293 1195 1098 432 471 318 6674 1585 690
internal_count=219291 11240 9196 677 380 208051 85961 46032 9509 9423 39929 4752 3016 671 2345 954 578 517 35177 18151 8967 2293 1195 1098 432 471 318 6674 1585 690
is_linear=0
shrinkage=0.05


Tree=97
num_leaves=31
num_cat=0
split_feature=10 11 5 1 11 12 10 6 11 11 9 1 13 9 12 2 1 12 9 6 1 9 9 1 9 7 10 8 12 7
split_gain=1335.26 2397.21 11151 11607.4 5796.79 7548.99 6605.68 10181.7 4974.71 7513.49 8962.42 4884.58 3719.47 5148.65 4107.95 3411.23 3165.31 30353.8 3395.47 3089.17 2946.48 2744.41 3430.07 2692.16 4897.06 6262.61 2703.77 2434.44 2425.2 4080.29
threshold=0.20088869333267215 -0.95744973421096791 36.713724136352546 34.393642425537116 -0.91583034396171559 17.750000000000004 0.34964421391487127 0.45302544534206396 -0.87792757153511036 -0.84291031956672657 36.471483230590827 36.404758453369148 81.250000000000014 33.932086944580085 19.250000000000004 1.0000000180025095e-35 30.916265487670902 18.750000000000004 35.54430007934571 1.2515033483505251 35.061510086059577 36.962837219238288 38.064682006835945 37.964206695556648 37.566711425781257 36.790300369262702 0.33346569538116461 0.10747056826949121 16.750000000000004 32.953380584716804
decision_type=2 2 2 2 2 2 2 2 2 2 2 2 2 2 2 2 2 2 2 2 2 2 2 2 2 2 2 2 2 2
left_child=-1 2 16 -4 5 23 -7 20 28 10 15 21 13 -9 -15 19 17 -2 -18 -10 -8 -5 -23 -3 25 -25 -26 -12 -6 -30
right_child=1 4 3 11 8 6 7 12 9 -11 27 -13 -14 14 -16 -17 18 -19 -20 -21 -22 22 -24 24 26 -27 -28 -29 29 -31
leaf_value=0.0034388778854650736 -0.12546668528374416 -0.025484945432989958 0.84151782497637362 -0.012713805915879423 -0.1191575216594037 0.049059735529088218 0.45295984487120927 0.22123331970952709 0.27178171867470974 -0.0060269615629065095 0.05632424064285016 -0.10744172688140426 0.24661423480220601 1.0627215490196691 0.49108493705590572 0.047655283585058675 -0.15843074958639941 1.0429037004854764 -0.02416450292284486 0.64050586286055688 0.053754744662616698 0.67340872734587764 0.14874801048726746 0.79390094809088063 0.29894440748235762 0.10575153268873692 -0.11322382393174737 -0.097781071493990651 0.41151151683400661 -0.042664889384637389
leaf_weight=123414 423 2059 59 61 1335 1020 52 58 345 83214 1551 172 113 66 60 141 1402 64 709 68 416 59 66 51 51 94 181 307 51 1629
leaf_count=123414 423 2059 59 61 1335 1020 52 58 345 83214 1551 172 113 66 60 141 1402 64 709 68 416 59 66 51 51 94 181 307 51 1629
internal_value=6.21152e-12 -0.00442656 -0.048304 0.191709 -0.00300197 0.0542453 0.132359 0.243424 -0.00572803 -0.00350535 0.0834903 0.0846172 0.472403 0.611067 0.790514 0.259997 -0.086828 0.0280769 -0.113336 0.332492 0.0981109 0.26222 0.396388 -0.00299313 0.119847 0.34779 -0.0226179 0.0308612 -0.0688522 -0.0288774
internal_weight=219291 95877 3015 417 92862 4221 1785 765 88641 85626 2412 358 297 184 126 554 2598 487 2111 413 468 186 125 2436 377 145 232 1858 3015 1680
internal_count=219291 95877 3015 417 92862 4221 1785 765 88641 85626 2412 358 297 184 126 554 2598 487 2111 413 468 186 125 2436 377 145 232 1858 3015 1680
is_linear=0
shrinkage=0.05


Tree=98
num_leaves=31
num_cat=0
split_feature=12 12 8 10 10 11 13 2 9 0 11 7 3 11 11 3 5 10 11 1 11 10 10 10 3 7 13 11 3 10
split_gain=1339.95 2454.86 2191.44 2087.44 2194.08 3041.7 1965.73 3579.92 5023.85 3772.21 3165.61 4725.34 2678.19 3241.81 3937.37 2422.77 2346.39 4243.85 20269.2 3012.94 2282.94 9180.58 6256.17 11475.9 10558.3 8490.62 6754.56 6225.1 5741.83 6520.22
threshold=13.750000000000002 12.750000000000002 70.974880218505874 0.081675637513399138 0.030120026320219043 0.99814856052398693 79.750000000000014 48.863092422485359 29.105797767639164 39.329742431640632 -0.99981480836868275 33.934738159179695 26.302831649780277 -0.97870382666587818 -0.97502842545509327 34.460027694702156 33.996442794799812 -0.62540480494499195 -0.71464690566062916 31.058892250061039 -0.83352491259574879 0.47494667768478399 -0.030120026320219036 -0.34964421391487116 33.588491439819343 35.142175674438484 78.750000000000014 -0.76107609272003163 37.567226409912116 0.53436762094497692
decision_type=2 2 2 2 2 2 2 2 2 2 2 2 2 2 2 2 2 2 2 2 2 2 2 2 2 2 2 2 2 2
left_child=1 -1 6 4 -3 -6 12 10 9 -9 11 15 13 -2 -15 -8 17 18 -10 -20 21 22 23 -14 -24 -25 -27 -22 29 -23
right_child=2 3 -4 -5 5 -7 7 8 16 -11 -12 -13 20 14 -16 -17 -18 -19 19 -21 27 28 24 25 -26 26 -28 -29 -30 -31
leaf_value=-0.0049808393233338024 -0.28712463022166534 0.032507538804226681 -0.088882213853939504 0.0036439740077787407 0.075743414529345257 0.45524285046590701 0.12607527850077879 0.13166834775216971 1.0427736920849333 0.63386149335075437 0.0031689837124305332 0.48699083155320011 -0.035612730090623955 0.3362544674598254 -0.060550313935931632 -0.23699288872773186 0.36498245103792715 -0.11696215275160129 -0.10148158787932855 0.25815536019864022 -0.066722725737481045 0.38256837847824521 -0.090429775094388029 0.060016249890830799 0.016054427447632198 0.50390710245159953 0.072219838201999662 -0.0049670780771335901 0.067044336421905812 -0.081727195008821099
leaf_weight=17456 151 10044 719 9324 198 72 237 79 53 71 67126 81 3891 65 1636 57 55 293 239 77 4283 343 3925 5123 5721 201 165 86389 1120 97
leaf_count=17456 151 10044 719 9324 198 72 237 79 53 71 67126 81 3891 65 1636 57 55 293 239 77 4283 343 3925 5123 5721 201 165 86389 1120 97
internal_value=4.70316e-12 0.00866208 -0.00176354 0.0207891 0.0362886 0.176943 -0.00141838 0.00527498 0.106229 0.369373 0.00397829 0.148847 -0.0054641 -0.065097 -0.0453873 0.0556845 0.0511785 0.0251072 0.137916 -0.0138485 -0.00447145 0.0105601 0.000998961 0.0300742 -0.0272745 0.0766378 0.309294 -0.00788418 0.127169 0.280212
internal_weight=219291 37094 182197 19638 10314 270 181478 68368 867 150 67501 375 113110 1852 1701 294 717 662 369 316 111258 20586 19026 9380 9646 5489 366 90672 1560 440
internal_count=219291 37094 182197 19638 10314 270 181478 68368 867 150 67501 375 113110 1852 1701 294 717 662 369 316 111258 20586 19026 9380 9646 5489 366 90672 1560 440
is_linear=0
shrinkage=0.05


Tree=99
num_leaves=31
num_cat=0
split_feature=10 13 5 10 11 8 4 7 0 12 11 5 6 2 10 9 3 7 1 13 5 9 11 3 13 10 11 13 0 8
split_gain=1326.58 2562.28 1976.72 1819.5 12582.4 14437.8 6835.98 8292.19 15746.3 5542.25 5227.72 4911.79 3602.43 8280.62 6242.89 4639.67 5213.54 4479.39 4662.81 3422.78 3325.57 3240.46 8408.28 13164.7 4916.99 4406.44 7226.9 2861.83 2806.41 3940.7
threshold=-0.99984258413314808 81.750000000000014 31.994977951049808 -0.99052327871322621 -0.12447465583682059 4.9274990558624276 0.16690497845411303 30.872042655944828 1.0276046395301821 16.750000000000004 -0.09024826809763907 30.590215682983402 0.59602636098861705 0.11548787727952005 -0.99273952841758717 32.998216629028327 32.033897399902351 31.044465065002445 30.624572753906254 79.250000000000014 31.767458915710453 31.424944877624515 -0.10737737268209456 29.759100914001468 79.750000000000014 -0.99865758419036854 0.01290981797501445 81.250000000000014 0.72097495198249828 0.83771058917045604
decision_type=2 2 2 2 2 2 2 2 2 2 2 2 2 2 2 2 2 2 2 2 2 2 2 2 2 2 2 2 2 2
left_child=1 -1 -3 4 5 6 -2 19 -9 10 -6 -7 13 15 28 16 17 18 -12 -8 -10 27 23 -23 -25 26 -24 -11 -14 -30
right_child=3 2 -4 -5 9 11 7 8 20 21 12 -13 14 -15 -16 -17 -18 -19 -20 -21 -22 22 25 24 -26 -27 -28 -29 29 -31
leaf_value=-0.081615686752458394 -0.088918066189552725 0.0043217137379741128 0.36505539052445313 -0.00062727205473482551 -0.090625939071714734 1.0931830994651788 0.25495002504724723 1.2534650042653084 0.46980595087011656 -0.103288294371027 0.18719075707671773 0.41491327177660137 -0.074643060402311431 0.013795119475131755 0.54627714644257841 -0.015680733840889152 0.46754240941003977 -0.013001525757855245 0.62242064519998541 -0.29511525659791887 -0.048335756210144611 -0.27745024134527962 -0.083039606250207287 1.0094547703862191 0.32728302317857744 -0.057029608194507621 0.34799699866811618 0.014983572971318616 0.29285805280388194 -0.029916073714673752
leaf_weight=1038 208 110 58 209643 534 56 52 50 60 1760 238 51 703 869 52 159 251 178 83 62 64 53 193 56 50 1339 196 721 151 253
leaf_count=1038 208 110 58 209643 534 56 52 50 60 1760 238 51 703 869 52 159 251 178 83 62 64 53 193 56 50 1339 196 721 151 253
internal_value=1.28721e-11 -0.0522956 0.128861 0.000289192 0.0230481 0.243138 0.129503 0.287251 0.504414 0.00611805 0.0532806 0.769896 0.0794454 0.124154 0.0108586 0.229657 0.281668 0.188172 0.299727 -0.0442083 0.202378 -0.0313593 0.0180217 0.365967 0.687676 -0.0139941 0.134141 -0.0689175 -0.014292 0.0907248
internal_weight=219291 1206 168 218085 8442 603 496 288 174 7839 3471 107 2937 1778 1159 909 750 499 321 114 124 4368 1887 159 106 1728 389 2481 1107 404
internal_count=219291 1206 168 218085 8442 603 496 288 174 7839 3471 107 2937 1778 1159 909 750 499 321 114 124 4368 1887 159 106 1728 389 2481 1107 404
is_linear=0
shrinkage=0.05


Tree=100
num_leaves=31
num_cat=0
split_feature=1 8 11 7 11 10 10 10 9 9 10 4 8 10 10 11 12 13 3 13 10 4 11 10 9 10 10 12 7 11
split_gain=1289.34 3825.01 2626.6 1615.62 3410.63 17601.7 32250.1 2058.64 1652.98 2698.86 2136.05 1565.11 1435.92 2796.48 6598.59 16384 15774.1 5130.89 4079.45 3248.53 3009.24 2452.46 2356.38 15505.3 13361.8 8102.5 17302.2 20155.7 31575.3 7840.75
threshold=25.152820587158207 22.805819511413578 -0.97502842545509327 26.914702415466312 0.15004983544349673 -0.70252096652984608 -0.71466678380966175 0.6186656951904298 29.065122604370121 27.462376594543461 -0.92913278937339772 102.05446624755861 2.1632907390594487 -0.99466162919998158 -0.99052327871322621 -0.12447465583682059 18.250000000000004 77.750000000000014 31.900545120239261 81.250000000000014 -0.98801350593566883 102.05446624755861 0.60503363609313976 -0.78297284245491017 28.748521804809574 -0.55601230263710011 -0.61188074946403492 15.250000000000002 29.710849761962894 0.30080866813659674
decision_type=2 2 2 2 2 2 2 2 2 2 2 2 2 2 2 2 2 2 2 2 2 2 2 2 2 2 2 2 2 2
left_child=1 -1 -3 4 7 6 8 -2 9 10 -6 -7 -5 19 15 16 -15 18 -17 -14 -16 22 29 24 -24 26 -25 28 -28 -22
right_child=3 2 -4 12 5 11 -8 -9 -10 -11 -12 -13 13 14 20 17 -18 -19 -20 -21 21 -23 23 25 -26 -27 27 -29 -30 -31
leaf_value=0.019654479264415589 -0.066666908561567803 0.53903889032701657 0.11647220130029479 -0.0016118145103971113 0.25396547504266104 -0.03151360130515992 1.1172502483192244 0.25351209180320011 -0.1177249628190811 0.36288964167395804 -0.079281549511560759 0.23943880154216726 -0.065952010913693723 1.1040174108184875 -0.15706174539195167 0.38397109758257608 0.1141706887908556 -0.074503482590615747 -0.085926458354601096 0.060542810493650345 0.013119207736297232 0.33532480325485614 1.1092273814337594 0.014078332837806753 0.052690284450848904 -0.037709282817817741 0.2189569842448269 -0.017506203150167269 1.4071422895931818 -0.072070622623815875
leaf_weight=1565 3215 60 95 166521 75 4091 95 51 78 94 134 54 2316 80 270 144 81 375 68 650 32598 58 63 1098 57 1959 138 169 94 2945
leaf_count=1565 3215 60 95 166521 75 4091 95 51 78 94 134 54 2316 80 270 144 81 375 68 650 32598 58 63 1098 57 1959 138 169 94 2945
internal_value=3.32489e-11 0.04312 0.280046 -0.000340884 -0.0225569 0.00508528 0.293049 -0.0616672 0.0875401 0.140381 0.0403047 -0.0279837 0.000494742 0.00862175 0.0120788 0.159197 0.60602 0.036644 0.233249 -0.0382306 0.00928929 0.0104357 0.00995402 0.0486303 0.607372 0.0292407 0.116736 0.397828 0.700377 0.0060606
internal_weight=219291 1720 155 217571 7887 4621 476 3266 381 303 209 4145 209684 43163 40197 748 161 587 212 2966 39449 39179 39121 3578 120 3458 1499 401 232 35543
internal_count=219291 1720 155 217571 7887 4621 476 3266 381 303 209 4145 209684 43163 40197 748 161 587 212 2966 39449 39179 39121 3578 120 3458 1499 401 232 35543
is_linear=0
shrinkage=0.05


Tree=101
num_leaves=31
num_cat=0
split_feature=8 10 10 4 6 12 1 2 4 8 11 11 1 7 3 1 10 10 9 11 5 10 10 6 1 3 9 11 11 9
split_gain=1221.24 2246.59 4783.24 1749.27 2210.73 1640.9 1632.88 4638.49 1524.94 1336.88 2967.83 15078.1 12345.2 9502.54 5777.01 12063.7 6017.81 6955.76 4651.44 3720.26 9818.32 14556.2 9360.45 3373.5 6959.48 5022.13 3270.84 3150.08 6344.77 11993.7
threshold=64.245113372802749 -0.95236876606941212 -0.97505551576614369 102.05446624755861 6.5772912502288827 14.250000000000002 31.175407409667972 14.349512100219728 0.58148351311683666 16.838739395141605 -0.97502842545509327 -0.97870382666587818 30.445905685424808 27.262175559997562 29.077000617980961 28.517326354980472 -0.064507851377129541 -0.08167563751339911 28.082297325134281 0.59123954176902782 30.756749153137211 -0.57023701071739186 -0.76109719276428212 3.6043014526367192 31.293609619140629 31.676903724670414 25.825807571411136 -0.96681198477745045 -0.95234230160713185 29.951079368591312
decision_type=2 2 2 2 2 2 2 2 2 2 2 2 2 2 2 2 2 2 2 2 2 2 2 2 2 2 2 2 2 2
left_child=3 2 -2 9 -5 8 7 -6 -3 -1 11 14 13 -13 18 -16 17 23 -11 26 22 -22 -21 25 -25 -17 -12 -28 29 -29
right_child=1 5 -4 4 6 -7 -8 -9 -10 10 19 12 -14 -15 15 16 -18 -19 -20 20 21 -23 -24 24 -26 -27 27 28 -30 -31
leaf_value=-0.00084715421537816271 -0.087319510014251228 0.27278037259601201 0.41272245382792072 -0.12402112428098917 0.68396784727479898 -0.11917481899063267 -0.027591193189807968 0.088310438984043005 -0.041211648936419251 0.24229840721935034 -0.14694133063228174 0.40395353598552841 0.054687836749686136 1.3434154592235299 0.79864476626669922 -0.3358669677833942 -0.053246273942977977 0.61392611980438239 -0.29430805180753977 0.5793791555371639 0.91681222222101555 -0.12611231335945297 -0.0040000507845922182 0.65231791151797081 0.030481411186151938 0.14751143294616023 -0.13089579742729548 0.49460206068251084 -0.00092801603504574488 -0.069482395189438814
leaf_weight=205491 129 53 76 64 51 733 51 91 143 50 386 57 90 51 54 88 760 75 210 74 81 57 971 68 133 138 427 186 8262 191
leaf_count=205491 129 53 76 64 51 733 51 91 143 50 386 57 90 51 54 88 760 75 210 74 81 57 971 68 133 138 427 186 8262 191
internal_value=4.34281e-11 -0.0517534 0.0980619 0.000269019 0.130639 -0.0848128 0.215085 0.302244 0.0436944 0.000115256 0.0160526 0.0759232 0.487179 0.847588 0.0242552 0.0668055 0.0354907 0.169833 -0.191115 0.00606574 0.0896563 0.486039 0.037311 0.0918312 0.240854 -0.0407067 -0.00439635 0.00167274 0.00822521 0.208819
internal_weight=219291 1134 205 218157 257 929 193 142 196 217900 12409 1774 198 108 1576 1316 1262 502 260 10635 1183 138 1045 427 201 226 9452 9066 8639 377
internal_count=219291 1134 205 218157 257 929 193 142 196 217900 12409 1774 198 108 1576 1316 1262 502 260 10635 1183 138 1045 427 201 226 9452 9066 8639 377
is_linear=0
shrinkage=0.05


Tree=102
num_leaves=31
num_cat=0
split_feature=3 11 10 13 12 10 10 7 7 10 10 3 10 10 13 10 9 3 3 9 10 0 9 10 1 4 11 10 1 1
split_gain=1213.26 1474.08 7325.98 4129.9 7724.27 22159.5 11811.4 23076.2 10078.6 8012.88 14848.6 30844.1 33258.3 10624.8 8109.8 8423.71 8756.15 24881.1 7663.54 6312.81 4764.81 7373.16 4725.01 5433.3 4637.09 11034.7 4004.69 4003.42 4892.3 3762.44
threshold=38.742454528808601 0.30080866813659674 -0.90880924463272084 78.250000000000014 15.750000000000002 -0.35769492387771601 -0.42109696567058558 30.841373443603519 25.087244987487797 -0.55601230263710011 -0.61188074946403492 29.9996452331543 -0.58429276943206776 -0.70252096652984608 79.750000000000014 -0.79356426000595082 28.844351768493656 27.481372833251957 31.169477462768558 28.380756378173832 -0.86958134174346913 1.0000000180025095e-35 29.30988693237305 -0.8779519498348235 29.652140617370609 0.40896974503993994 0.9969642460346223 0.030120026320219043 28.766963958740238 29.762038230896
decision_type=2 2 2 2 2 2 2 2 2 2 2 2 2 2 2 2 2 2 2 2 2 2 2 2 2 2 2 2 2 2
left_child=1 -1 -3 -4 5 6 8 24 -5 10 13 -12 -13 14 15 20 17 -17 -14 29 21 -10 -16 -24 25 -8 -7 -28 -29 -11
right_child=-2 2 3 4 -6 26 7 -9 9 19 11 12 18 -15 22 16 -18 -19 -20 -21 -22 -23 23 -25 -26 -27 27 28 -30 -31
leaf_value=0.0046788387563188516 -0.013868578599977394 -0.068164583240511917 -0.013632499702822785 0.64085774610073054 -0.0029542480449955798 -0.013981049971053504 0.68285247803767135 1.1267670760494333 0.030381875328398006 0.30564205584771659 -0.13539794038482744 1.5343111176853597 -0.037700121591488528 -0.08483203091147927 0.76437243097385421 0.00010004207047063913 0.15191926894788171 1.4577040415543776 0.75672744308032247 -0.13676696068498817 -0.07860702331656487 0.5699157525126527 0.66508431227670783 0.17055980651007024 -0.10135266877224912 -0.10054482068912483 0.041251900582746776 0.5493179864880412 0.025352744168291492 -0.15236848240958589
leaf_weight=116742 14712 4221 35360 88 35776 7710 101 86 278 162 142 92 75 620 61 67 426 52 51 541 576 82 72 243 92 81 540 99 81 62
leaf_count=116742 14712 4221 35360 88 35776 7710 101 86 278 162 142 92 75 620 61 67 426 52 51 541 576 82 72 243 92 81 540 99 81 62
internal_value=-4.69267e-11 0.000997339 -0.00389565 -0.000651308 0.00886077 0.0427305 0.138854 0.412226 0.112183 0.0992675 0.137993 0.438044 0.81157 0.0943841 0.154219 0.101571 0.257844 0.637036 0.283854 -0.0443448 0.0105786 0.153276 0.361593 0.283594 0.187954 0.334198 -0.0034498 0.109322 0.313534 0.178871
internal_weight=219291 204579 87837 83616 48256 12480 4050 360 3690 3602 2837 360 218 2477 1857 1481 545 119 126 765 936 360 376 315 274 182 8430 720 180 224
internal_count=219291 204579 87837 83616 48256 12480 4050 360 3690 3602 2837 360 218 2477 1857 1481 545 119 126 765 936 360 376 315 274 182 8430 720 180 224
is_linear=0
shrinkage=0.05


Tree=103
num_leaves=31
num_cat=0
split_feature=8 10 10 4 6 2 11 11 1 9 11 10 2 12 8 13 7 1 9 8 7 0 1 7 3 9 5 9 3 10
split_gain=1182.16 2071.05 4316.88 1496.48 1975.76 3032.27 1394.64 1638.18 1487.82 1332.54 1212.81 5611.14 18419.1 7773.81 3370.48 3196.54 2776.07 2207.42 4853.13 2096.92 5405.43 5252.6 8957.18 9964.14 5040.2 3988.53 3334.65 2949.26 4229.2 3395.67
threshold=64.245113372802749 -0.95236876606941212 -0.97505551576614369 102.05446624755861 17.862942695617679 11.890420913696291 0.86527520418167125 -0.97502842545509327 31.235643386840824 29.422572135925297 -0.99626126885414112 -0.064507851377129541 23.293423652648929 17.750000000000004 15.670248985290529 76.750000000000014 28.015873908996586 33.223888397216804 33.370243072509773 0.39228267967700964 32.222187042236335 14.838733673095705 32.198387145996101 33.132482528686531 30.881968498229984 30.691680908203129 32.292924880981452 33.178802490234382 33.13365554809571 0.012910176534205677
decision_type=2 2 2 2 2 2 2 2 2 2 2 2 2 2 2 2 2 2 2 2 2 2 2 2 2 2 2 2 2 2
left_child=3 2 9 10 -5 -6 7 8 -3 -2 11 12 13 14 17 16 -13 18 -1 21 24 26 23 -23 -21 -26 -17 -22 -29 -30
right_child=1 6 -4 4 5 -7 -8 -9 -10 -11 -12 15 -14 -15 -16 19 -18 -19 -20 20 27 22 -24 -25 25 -27 -28 28 29 -31
leaf_value=0.067379971232378127 -0.2131305852857156 0.27965171399712563 0.39185239200137167 -0.043296761267653139 0.55114974023080343 0.076583356387687457 0.10101720327811857 -0.12889245940453334 -0.10607103948295116 0.11554903769317795 -0.00050550347262224996 0.12860384578034825 1.0307294964790346 -0.1554689072315083 0.60904657762683934 -0.064441685755796077 -0.11546015743499763 -0.068721248964468643 0.57543366203365265 -0.15446850779155891 -0.13129794728472807 0.17233507464329401 0.013175047076728248 1.1229196889727724 0.018728551059735542 0.31087110132730583 0.074886082570527243 0.16694724170667849 -0.17041845697288713 0.06574953069233716
leaf_weight=132 78 50 76 107 51 99 93 736 50 51 211895 137 56 215 50 632 779 75 73 135 746 60 146 51 198 285 1340 274 354 267
leaf_count=132 78 50 76 107 51 99 93 736 50 51 211895 137 56 215 50 632 779 75 73 135 746 60 146 51 198 285 1340 274 354 267
internal_value=6.01422e-11 -0.0509185 0.0929249 0.000264679 0.120847 0.237936 -0.0826601 -0.103093 0.0867903 -0.0831875 0.00012246 0.022281 0.167211 0.078483 0.230906 0.00616276 -0.0789571 0.163381 0.248297 0.0235357 -0.0104137 0.057942 0.270555 0.60909 0.11562 0.191111 0.0302334 -0.057878 0.00331903 -0.0688776
internal_weight=219291 1134 205 218157 257 150 929 836 100 129 217900 6005 601 545 330 5404 916 280 205 4488 2259 2229 257 111 618 483 1972 1641 895 621
internal_count=219291 1134 205 218157 257 150 929 836 100 129 217900 6005 601 545 330 5404 916 280 205 4488 2259 2229 257 111 618 483 1972 1641 895 621
is_linear=0
shrinkage=0.05


Tree=104
num_leaves=31
num_cat=0
split_feature=10 13 5 10 5 9 12 11 10 5 7 2 10 11 8 11 13 7 5 1 12 13 10 10 11 10 9 7 13 3
split_gain=1163.81 2293.2 1985.09 1651.99 3699.71 5938.59 5509.29 5326.93 10059.5 5115.84 6306.17 8216.31 11093.6 31966 10490.1 5715.31 7728.87 4208.99 3481.39 3325.85 6117.79 6888.24 15328.9 3257.73 4261 3141.56 3093.5 2904.53 2841.05 6152.81
threshold=-0.99984258413314808 82.250000000000014 31.963420867919925 -0.96683886647224415 32.714302062988288 31.823954582214359 19.250000000000004 0.081673368811607375 -0.98211652040481556 31.197588920593265 30.781644821166996 5.5403645038604745 -0.98521098494529713 0.18399153649806979 1.0850909948349001 -0.10737737268209456 79.750000000000014 31.515066146850589 27.656976699829105 32.330865859985359 18.750000000000004 80.250000000000014 -0.98801350593566883 -0.99939814209938038 0.01290981797501445 -0.98211652040481556 28.546951293945316 28.7001485824585 76.750000000000014 32.566640853881843
decision_type=2 2 2 2 2 2 2 2 2 2 2 2 2 2 2 2 2 2 2 2 2 2 2 2 2 2 2 2 2 2
left_child=1 -1 -3 4 5 7 9 26 18 10 -7 12 14 -14 17 16 -13 -12 -9 20 21 -20 -23 24 -6 -8 -2 -10 29 -11
right_child=3 2 -4 -5 23 6 25 8 27 28 11 15 13 -15 -16 -17 -18 -19 19 -21 -22 22 -24 -25 -26 -27 -28 -29 -30 -31
leaf_value=-0.072532421917982259 -0.083642639228620821 -0.0080982910028021601 0.39755343189090492 -0.00098974750266477007 -0.10858650013156559 0.0047753918254179011 -0.10469048676504827 0.4270953758583203 0.19744681069830888 0.020168550229734846 0.4594687157356348 0.76233342249990643 1.7393126992684491 0.026163451001048089 0.78101260583651699 -0.029564354064460036 0.041167827393202225 -0.025054361552176392 0.10010346174690299 0.43211976585998424 -0.096792923375862108 0.098284181301167478 0.93771277671351161 -0.0452223387260169 0.4136637186383208 0.1417599608392234 6.3160132271043699e-05 -0.061165320815832702 0.035672918992573431 0.7033375590896378
leaf_weight=1080 1356 76 50 201201 69 311 512 102 119 90 61 66 53 56 76 263 85 169 993 84 292 151 85 2997 90 173 5934 1239 1406 52
leaf_count=1080 1356 76 50 201201 69 311 512 102 119 90 61 66 53 56 76 263 85 169 993 84 292 151 85 2997 90 173 5934 1239 1406 52
internal_value=-4.80288e-11 -0.0489824 0.152875 0.000270871 0.0152932 0.0265155 0.0841357 0.00774652 0.0630538 0.116394 0.196774 0.268802 0.426022 0.859163 0.271733 0.111203 0.356379 0.10345 0.143847 0.125847 0.108932 0.157811 0.400621 -0.0335216 0.187027 -0.0424483 -0.0155068 -0.0385034 0.0571995 0.270343
internal_weight=219291 1206 126 218085 16884 13728 3373 10355 3065 2688 1140 829 415 109 306 414 151 230 1707 1605 1521 1229 236 3156 159 685 7290 1358 1548 142
internal_count=219291 1206 126 218085 16884 13728 3373 10355 3065 2688 1140 829 415 109 306 414 151 230 1707 1605 1521 1229 236 3156 159 685 7290 1358 1548 142
is_linear=0
shrinkage=0.05


Tree=105
num_leaves=31
num_cat=0
split_feature=1 8 3 2 3 10 12 13 2 13 7 11 10 10 9 10 4 10 10 12 10 11 0 2 7 10 11 1 3 6
split_gain=1142.42 3283.93 2509.3 2460.55 1514.79 1353.93 2593.7 1489.86 1189.06 1719.62 1157.74 3417.63 18396 32909.6 31116.5 2134.02 2777.36 2406.22 2034.4 1939.52 1916.32 1780.54 2765.43 1382.23 3184.92 6743.08 5670.18 5740.45 3027.04 2834.94
threshold=25.152820587158207 22.805819511413578 24.554425239562992 10.233232021331789 25.552998542785648 -0.71466678380966175 12.750000000000002 76.250000000000014 7.4679205417633066 79.750000000000014 26.914702415466312 0.15004983544349673 -0.70252096652984608 -0.72660079598426808 27.360788345336918 -0.91585582494735707 1.9059624671936037 -0.95747631788253773 -0.80392050743103016 15.750000000000002 -0.56314551830291737 -0.90146830677986134 0.2674043476581574 44.666723251342781 29.568634986877445 -0.20088869333267209 -0.43663504719734186 28.108356475830082 28.948546409606937 36.554130554199226
decision_type=2 2 2 2 2 2 2 2 2 2 2 2 2 2 2 2 2 2 2 2 2 2 2 2 2 2 2 2 2 2
left_child=1 5 -3 -4 8 6 -1 -7 -2 -10 11 19 13 15 -15 16 -13 -18 -17 20 -6 -22 -23 -12 25 26 27 -25 -29 -26
right_child=4 2 3 -5 10 7 -8 -9 9 -11 23 12 -14 14 -16 18 17 -19 -20 -21 21 22 -24 24 29 -27 -28 28 -30 -31
leaf_value=-0.070423294559667088 -0.0082416607328088219 0.53920829078217725 -0.12570516570256307 0.36554177618026734 -0.071255065663608633 0.12492618372966169 0.23178803369077181 -0.02661800663597709 -0.13192554651645619 0.044228122154427646 0.00028459566600579154 0.50343450748920437 -0.026553862898974392 1.9240515058791197 0.21866638390523085 -0.20522610007652214 -0.16642412378870208 0.30689092799648643 0.16257147384715864 -0.1047208729878929 0.0036285600564181369 0.0059437368855331891 0.49615977900285346 0.75821114074852736 -0.0070498762161704739 -0.33354569046355009 0.059067993895685095 0.04904667434964291 0.51894177974395039 0.33715756737416791
leaf_weight=116 906 53 52 50 854 191 183 1075 613 179 206523 50 3705 54 53 98 58 50 61 1376 517 66 51 72 1701 67 305 97 53 62
leaf_count=116 906 53 52 50 854 191 183 1075 613 179 206523 50 3705 54 53 98 58 50 61 1376 517 66 51 72 1701 67 305 97 53 62
internal_value=3.61154e-11 0.040589 0.260119 0.115102 -0.000320875 0.0188464 0.114542 -0.0037547 -0.0473619 -0.092113 4.91371e-05 -0.019963 0.00914856 0.321124 1.07933 0.0651999 0.19534 0.0527032 -0.0641214 -0.0619327 -0.0223652 0.0434896 0.219628 0.000719113 0.038792 0.138924 0.198991 0.391228 0.215076 0.00505498
internal_weight=219291 1720 155 102 217571 1565 299 1266 1698 792 215873 6993 4129 424 107 317 158 108 159 2864 1488 634 117 208880 2357 594 527 222 150 1763
internal_count=219291 1720 155 102 217571 1565 299 1266 1698 792 215873 6993 4129 424 107 317 158 108 159 2864 1488 634 117 208880 2357 594 527 222 150 1763
is_linear=0
shrinkage=0.05


Tree=106
num_leaves=31
num_cat=0
split_feature=9 10 10 9 12 11 10 9 8 1 10 5 10 5 10 10 2 12 3 12 7 9 10 2 11 10 3 5 13 13
split_gain=1133.69 1642.75 4936.93 5037.04 2832.48 1354.35 3674.12 4693 4658.3 4056.59 14366.7 30539.1 10779 24920.2 8260.91 14925 8462.27 7394.25 9022.63 6938.78 10654.9 7178.82 6855.43 5151.8 4907.46 14200 10550.1 13300.6 9777.56 5768.41
threshold=39.263370513916023 0.50495636463165294 0.54883790016174328 40.499383926391609 18.750000000000004 -0.20930689573287961 -0.96683886647224415 30.664040565490726 51.292980194091804 31.588481903076175 0.72066047787666332 29.389229774475101 -0.88606244325637806 28.801242828369144 -0.89391031861305226 -0.86958134174346913 34.248380661010749 15.750000000000002 31.113317489624027 19.250000000000004 31.666099548339847 31.128382682800297 -0.89391031861305226 15.94290065765381 -0.98798605799674977 -0.04732095077633857 29.282761573791507 30.093139648437504 81.250000000000014 78.750000000000014
decision_type=2 2 2 2 2 2 2 2 2 2 2 2 2 2 2 2 2 2 2 2 2 2 2 2 2 2 2 2 2 2
left_child=5 -2 3 -3 -5 6 7 8 -1 10 14 -12 13 -11 -8 16 -16 -15 -19 22 21 -21 -20 -17 25 26 -25 -28 -29 -26
right_child=1 2 -4 4 -6 -7 9 -9 -10 12 11 -13 -14 17 15 23 -18 18 19 20 -22 -23 -24 24 29 -27 27 28 -30 -31
leaf_value=-0.026816670441765913 -0.056011622989278677 -0.030766816755211115 -0.01678284826121533 0.3573761407579813 0.079604410745443832 -0.0025494088883522836 -0.079895820798376607 0.16149826059456776 0.45126166244347887 1.1833534902391525 1.3564770276176521 0.098558520930997706 0.0063895876004633929 -0.028304649113569148 0.17988638011266023 -0.02129958879405941 0.85072021589559665 0.49977451141004442 0.20560772156179513 0.083764637656071617 -0.1225859297189589 0.77668519878791553 -0.12099096525073703 -0.04337799503787685 -0.044919303534395362 -0.17917998142394365 1.1928685160658576 0.49315790817931032 -0.28361291505542457 0.073099637812436655
leaf_weight=903 2044 297 8519 225 155 122090 4148 852 54 52 58 287 50946 1075 601 19755 51 154 1317 102 574 59 183 134 1986 204 55 197 51 2163
leaf_count=903 2044 297 8519 225 155 122090 4148 852 54 52 58 287 50946 1075 601 19755 51 154 1317 102 574 59 183 134 1986 204 55 197 51 2163
internal_value=-1.60738e-11 -0.0154671 -0.00645525 0.123502 0.244075 0.000835614 0.00564335 0.0761466 0.000159536 0.00412775 -0.0107405 0.310035 0.0122332 0.0969057 -0.0145118 -0.00374806 0.23236 0.0805964 0.1296 0.104093 -0.0217631 0.337692 0.165763 -0.0100199 0.0365 0.165258 0.326048 0.489424 0.333419 0.0166076
internal_weight=219291 11240 9196 677 380 208051 85961 1809 957 84152 29690 345 54462 3516 29345 25197 652 3464 2389 2235 735 161 1500 24545 4790 641 437 303 248 4149
internal_count=219291 11240 9196 677 380 208051 85961 1809 957 84152 29690 345 54462 3516 29345 25197 652 3464 2389 2235 735 161 1500 24545 4790 641 437 303 248 4149
is_linear=0
shrinkage=0.05


Tree=107
num_leaves=31
num_cat=0
split_feature=8 10 10 13 9 8 11 11 1 10 3 2 11 11 11 10 5 9 9 3 12 3 1 13 9 5 5 9 7 0
split_gain=1121.47 1687.66 4183.04 2148.84 1557.25 1486.73 2859.12 14474 10810.9 3407.56 7651.36 8307.89 3220.42 3488.48 3505.37 8145.01 8514.47 4335.17 3456.78 4741.45 3236.25 5514.1 5295.77 3807.99 3811.99 4154.38 2823.48 3964.47 2663.74 2978.59
threshold=54.36689758300782 -0.95236876606941212 -0.97505551576614369 79.250000000000014 29.672808647155765 16.838739395141605 -0.97502842545509327 -0.97870382666587818 30.445905685424808 -0.064507851377129541 29.077000617980961 21.745800971984867 -0.96681198477745045 -0.92910701036453236 0.59123954176902782 -0.76109719276428212 30.937841415405277 28.595641136169437 30.456549644470218 35.624010086059577 15.250000000000002 29.650210380554203 30.566339492797855 80.750000000000014 28.323177337646488 31.736545562744144 30.468314170837406 28.380756378173832 28.846769332885746 22.826900482177738
decision_type=2 2 2 2 2 2 2 2 2 2 2 2 2 2 2 2 2 2 2 2 2 2 2 2 2 2 2 2 2 2
left_child=5 2 4 -4 -2 -1 7 9 -9 10 26 -12 -8 18 17 -16 -17 -15 20 -20 -14 -22 -23 24 -24 -26 27 -7 29 -19
right_child=1 -3 3 -5 -6 6 12 8 -10 -11 11 -13 13 14 15 16 -18 28 19 -21 21 22 23 -25 25 -27 -28 -29 -30 -31
leaf_value=-0.00067845045459680045 -0.17368781301898487 -0.064137538971311456 0.10714824635595564 0.54298842778572676 0.12083803551161992 0.1451496231853962 -0.12760909672245277 0.85574020989695387 0.080227508943483059 -0.046447578865375365 0.12857348409107794 0.70660119023587975 -0.087552677392959605 -0.07183871775630693 0.54195349633693701 0.0009748083859572054 0.49748140771138039 0.076694880607725627 -0.087193380884802829 0.4320202170122488 0.5668055586478844 -0.11198065314043798 0.12042306136143835 -0.032281417751477824 0.87941383065884582 0.27574235536811648 0.19284237039089203 -0.37987827071337965 0.0021230723770925401 0.44871688514947894
leaf_weight=205679 132 1387 62 52 68 50 423 98 83 774 455 72 95 2005 90 948 95 521 319 51 98 131 76 72 57 57 50 128 5103 60
leaf_count=205679 132 1387 62 52 68 50 423 98 83 774 455 72 95 2005 90 948 95 521 319 51 98 131 76 72 57 57 50 128 5103 60
internal_value=-3.94952e-11 -0.0404409 0.0642318 0.305953 -0.073549 0.000316145 0.0174908 0.077323 0.500118 0.0272734 0.10285 0.207545 0.00746109 0.0133043 0.00347304 0.0855787 0.0461983 -0.00862551 0.104027 -0.0156261 0.179576 0.231261 0.147589 0.277373 0.394716 0.577578 -0.139144 -0.232399 0.0136726 0.115114
internal_weight=219291 1701 314 114 200 217590 11911 1710 181 1529 755 527 10201 9778 8822 1133 1043 7689 956 370 586 491 393 262 190 114 228 178 5684 581
internal_count=219291 1701 314 114 200 217590 11911 1710 181 1529 755 527 10201 9778 8822 1133 1043 7689 956 370 586 491 393 262 190 114 228 178 5684 581
is_linear=0
shrinkage=0.05


Tree=108
num_leaves=31
num_cat=0
split_feature=12 10 2 10 5 10 1 5 2 10 11 4 0 8 5 2 6 12 11 9 11 10 2 6 9 3 7 1 3 7
split_gain=1104.1 4569.35 2645.64 2029.4 2369.59 1839.88 4609.51 1884.55 2141.68 1799.89 14928.4 16159.1 8776.13 9156.7 8412.85 3125.33 3362.45 2319.41 8236.18 9674.2 5083.19 3800.64 3516.92 4470.84 3971.69 4984.32 3439.74 3847.16 3129.81 4022.73
threshold=19.750000000000004 -0.98211652040481556 71.102645874023452 -0.99865758419036854 32.675605773925788 -0.96683886647224415 33.223888397216804 30.701275825500492 1.6437381505966189 -0.99052327871322621 -0.12447465583682059 0.52594763040542614 0.29220308363437658 1.8353883624076845 30.438410758972172 27.58565711975098 7.857983112335206 16.250000000000004 -0.10737737268209456 31.823954582214359 -0.10737737268209456 -0.99984258413314808 0.11548787727952005 0.71763914823532116 33.086376190185554 32.100008010864265 31.2494649887085 30.476527214050297 32.605419158935554 31.958871841430668
decision_type=2 2 2 2 2 2 2 2 2 2 2 2 2 2 2 2 2 2 2 2 2 2 2 2 2 2 2 2 2 2
left_child=9 3 5 4 -2 6 7 8 -3 10 11 -1 -13 -14 -15 16 17 20 19 -19 -12 -22 23 24 25 26 27 -23 -27 -30
right_child=1 2 -4 -5 -6 -7 -8 -9 -10 -11 15 12 13 14 -16 -17 -18 18 -20 -21 21 22 -24 -25 -26 28 -28 -29 29 -31
leaf_value=-0.045972064905492223 -0.066988414660357362 0.44581340366601946 0.31343459516763689 -0.14244364465095649 0.25750521165384377 -0.008469740807735205 0.49032866193188562 -0.0408111478528176 0.0075536273952041353 0.00012508580933448565 -0.1920493737856547 0.99168142263467107 0.11113572898894958 1.1912367662638426 0.27852818466284696 -0.11746570325003536 -0.047393013538011133 -0.018008648696474644 -0.016120078574735172 0.75094994650437286 -0.069288905730910511 0.15157112663102179 0.035895185288083054 0.004751585655668307 -0.0039231878532442503 0.79882223613414116 -0.029449844653236457 0.4968347079794983 0.021978740589540514 0.51066368727342171
leaf_weight=227 271 50 65 912 71 18957 63 277 63 189826 180 72 146 50 51 479 1723 86 3017 78 356 265 994 336 167 51 145 116 61 136
leaf_count=227 271 50 65 912 71 18957 63 277 63 189826 180 72 146 50 51 479 1723 86 3017 78 356 265 994 336 167 51 145 116 61 136
internal_value=1.20423e-11 -0.0109805 -0.00502362 -0.103492 0.000377221 -0.00609007 0.0934935 0.0293894 0.201474 0.00114632 0.0233368 0.27648 0.505936 0.364342 0.730364 0.00646058 0.0141588 0.0318698 0.00263787 0.347716 0.0649965 0.0826091 0.106421 0.161317 0.217221 0.264935 0.177812 0.256691 0.449721 0.359345
internal_weight=219291 20729 19475 1254 342 19410 453 390 113 198562 8736 546 319 247 101 8190 7711 5988 3181 164 2807 2627 2271 1277 941 774 526 381 248 197
internal_count=219291 20729 19475 1254 342 19410 453 390 113 198562 8736 546 319 247 101 8190 7711 5988 3181 164 2807 2627 2271 1277 941 774 526 381 248 197
is_linear=0
shrinkage=0.05


Tree=109
num_leaves=31
num_cat=0
split_feature=12 12 13 11 11 11 1 10 3 11 13 9 0 1 11 10 3 7 10 10 11 10 6 2 10 4 3 10 2 7
split_gain=1067.25 4076.22 6008.33 4127.44 1823.82 5008.62 4538.45 3988.19 2305.75 2036.12 2012.11 2008.45 1815.99 1784.86 2357.86 2311.8 1706.7 2021.12 2137.49 1547.24 4107.77 3568.24 2478.6 6242.57 2326.77 1788.53 1839.98 3382.67 1682.97 1538.81
threshold=13.250000000000002 12.750000000000002 76.250000000000014 0.31717954576015478 -0.69014781713485707 -0.59815874695777882 32.754205703735359 0.72066047787666332 31.229602813720707 -0.99981480836868275 76.250000000000014 29.672808647155765 41.074102401733406 33.32238960266114 0.098816476762294783 -0.94130858778953541 26.482831954956058 32.75042915344239 -0.39753912389278406 -0.88606244325637806 -0.07309242337942122 -0.8429337441921233 32.105989456176765 2.3356956243515019 -0.93535929918289173 0.91122743487358104 29.395645141601566 -0.98801350593566883 0.10764911398291589 27.153847694396976
decision_type=2 2 2 2 2 2 2 2 2 2 2 2 2 2 2 2 2 2 2 2 2 2 2 2 2 2 2 2 2 2
left_child=1 4 3 13 9 6 7 11 -9 -1 -11 -6 -4 14 15 -3 -17 18 -18 20 -7 -21 -23 -24 25 26 27 -22 -28 -2
right_child=29 2 12 -5 5 19 -8 8 -10 10 -12 -13 -14 -15 -16 16 17 -19 -20 21 24 22 23 -25 -26 -27 28 -29 -30 -31
leaf_value=0.19519050918558303 -0.023755326408294586 -0.027364899638371593 0.024345488196392432 0.025307888043244867 0.014324807717154423 -0.10787355770945498 -0.0027818633165581819 0.74552826433643415 0.30736058734051169 0.051727451024287253 -0.050324814675766764 0.3094575463446102 -0.144126258342544 0.024944947683252394 0.55446481652557844 0.45679733645408716 0.34969548389469229 0.49231952851468863 0.058530063070356846 0.13929174866852312 0.073970683840671916 -0.0035450035131747134 0.6220913630392817 -0.11324803672971265 -0.099270542329620751 -0.015994307297805269 0.12947105383541127 0.46257357360287155 -0.077494615831867217 -0.00042184207645954433
leaf_weight=96 7347 78 8565 431 138 1152 311 51 73 552 3864 99 163 96 60 94 97 55 180 480 154 8988 54 62 336 557 229 88 172 184669
leaf_count=96 7347 78 8565 431 138 1152 311 51 73 552 3864 99 163 96 60 94 97 55 180 480 154 8988 54 62 336 557 229 88 172 184669
internal_value=4.91183e-12 0.00925505 0.0350275 0.145654 -0.00524194 0.00430006 0.137213 0.257818 0.487575 -0.032616 -0.0375683 0.137608 0.0211992 0.224243 0.258166 0.222893 0.268715 0.215462 0.160491 -0.0029781 -0.0365016 0.00642416 -0.000581166 0.229065 0.0170274 0.0495908 0.106404 0.215281 0.0406977 -0.00131464
internal_weight=219291 27275 9819 1091 17456 12944 672 361 124 4512 4416 237 8728 660 564 504 426 332 277 12272 2688 9584 9104 116 1536 1200 643 242 401 192016
internal_count=219291 27275 9819 1091 17456 12944 672 361 124 4512 4416 237 8728 660 564 504 426 332 277 12272 2688 9584 9104 116 1536 1200 643 242 401 192016
is_linear=0
shrinkage=0.05


Tree=110
num_leaves=31
num_cat=0
split_feature=7 10 5 1 10 9 10 1 12 9 9 12 10 11 10 5 3 12 13 13 7 10 10 10 1 10 1 3 12 10
split_gain=1043.53 3241.74 4270.81 2832.19 2584.14 3046.62 2915.02 3955 2822.62 2236.15 2146.46 2027.65 1791.8 1411.22 4251.08 24568.1 6174.16 4551.68 7113.04 6838.67 6714.08 12455.3 6963.15 6204.12 9411.34 5559.7 6436.38 5826.79 9369.26 5508.38
threshold=38.170564651489265 0.33346569538116461 39.26458930969239 31.712697982788089 0.47494667768478399 36.629281997680671 0.5772862732410432 41.420511245727546 19.250000000000004 39.719097137451179 37.959405899047859 16.750000000000004 0.54883790016174328 -0.32533003389835352 0.68391311168670665 29.352803230285648 27.895131111145023 16.750000000000004 76.750000000000014 82.250000000000014 33.875125885009773 0.41327477991580969 -0.90880924463272084 0.34964421391487127 34.682285308837898 0.012910176534205677 30.795274734497074 31.374976158142093 19.250000000000004 0.36571913957595831
decision_type=2 2 2 2 2 2 2 2 2 2 2 2 2 2 2 2 2 2 2 2 2 2 2 2 2 2 2 2 2 2
left_child=13 2 3 -2 5 -3 7 -6 12 -4 11 -5 -9 14 17 16 -16 -1 -19 20 29 22 -22 25 -25 27 -27 28 -24 -20
right_child=1 4 9 10 6 -7 -8 8 -10 -11 -12 -13 -14 -15 15 -17 -18 18 19 -21 21 -23 23 24 -26 26 -28 -29 -30 -31
leaf_value=-0.012476197697005031 0.39084701661020516 0.30596325952632752 0.58405281695452604 -0.012090251807655607 0.010481580932582441 -0.086515841232302673 -0.017832065279788385 0.36030970802332496 0.0098578145106633513 0.18266154761881906 -0.059972969680174119 0.38056215501480528 0.099199512704174125 -0.0021118785455774098 1.1734423108696939 0.028961050001310374 0.44597175363983432 -0.045667555953789345 0.019363381841629872 -0.020164978968509186 0.60802234985718606 -0.039409007447559319 0.56126521499219106 0.93377687108516705 0.2140523365382368 0.41797607354471622 0.018391695104423719 0.12157440031530103 -0.094488654481867954 0.3606814944944462
leaf_weight=29274 50 51 55 70 1887 1622 14290 188 165 94 403 62 101 127362 50 9110 70 4317 17749 7039 76 1425 199 50 496 107 1733 1002 75 119
leaf_count=29274 50 51 55 70 1887 1622 14290 188 165 94 403 62 101 127362 50 9110 70 4317 17749 7039 76 1425 199 50 496 107 1733 1002 75 119
internal_value=-3.71411e-11 -0.0111864 0.0918459 0.0309774 -0.0153181 -0.0745514 -0.00935948 0.0423591 0.174854 0.330826 -0.00265527 0.172337 0.269057 0.00106349 0.00661179 0.0383234 0.749084 0.00201403 0.0143497 0.0229661 0.0361483 0.0863702 0.13432 0.124489 0.279961 0.0972461 0.0416284 0.177447 0.381771 0.0216365
internal_weight=219291 19038 734 585 18304 1673 16631 2341 454 149 535 132 289 200253 72891 9230 120 63661 34387 30070 23031 5163 3738 3662 546 3116 1840 1276 274 17868
internal_count=219291 19038 734 585 18304 1673 16631 2341 454 149 535 132 289 200253 72891 9230 120 63661 34387 30070 23031 5163 3738 3662 546 3116 1840 1276 274 17868
is_linear=0
shrinkage=0.05


Tree=111
num_leaves=31
num_cat=0
split_feature=8 10 10 9 9 8 11 11 1 12 7 5 13 11 11 3 9 1 9 11 10 5 9 5 0 3 13 1 9 3
split_gain=1032.4 1519.91 3742.73 2012.97 1388.79 1296.96 2553.34 13024.4 9741.76 3244.7 6298.3 13592.3 8815.97 2899.05 3135.8 6926.33 2995.28 7937.54 3262.22 2889.55 7312.24 7672.8 4082.11 2722.98 2861.51 2516.62 3085.54 6069.86 2330.9 5274.8
threshold=54.36689758300782 -0.95236876606941212 -0.97505551576614369 28.323177337646488 29.672808647155765 16.838739395141605 -0.97502842545509327 -0.97870382666587818 30.445905685424808 18.750000000000004 29.149566650390629 31.31473541259766 80.250000000000014 -0.96681198477745045 -0.95234230160713185 29.542384147644047 30.578004837036136 30.476527214050297 28.323177337646488 0.59123954176902782 -0.76109719276428212 30.937841415405277 28.595641136169437 29.71693325042725 6.4936673641204843 29.118277549743656 78.750000000000014 28.043411254882816 27.947340965271 29.687146186828617
decision_type=2 2 2 2 2 2 2 2 2 2 2 2 2 2 2 2 2 2 2 2 2 2 2 2 2 2 2 2 2 2
left_child=5 2 4 -4 -2 -1 7 9 -9 28 -11 12 -12 -8 15 -15 17 -17 -19 22 -21 -22 -16 24 -24 26 -26 -28 -7 -30
right_child=1 -3 3 -5 -6 6 13 8 -10 10 11 -13 -14 14 19 16 -18 18 -20 20 21 -23 23 -25 25 -27 27 -29 29 -31
leaf_value=-0.00062562096762419422 -0.16436202335647646 -0.061289911880006813 0.52688433277606961 0.10346987610682845 0.11377664410016115 0.27773532802075673 -0.12128755592341633 0.81153163023445074 0.075365174526814377 -0.37711976618859278 1.0754436642959202 0.028070200399084578 0.2445282742800847 0.61612774792945757 -0.062854521316594456 -0.25036426176067811 -0.11452783057672054 0.076276588022708897 0.58100064256218042 0.5136624831188884 0.0010040111010619105 0.47233177912274482 0.024170625409202003 -0.00081693336974119311 -0.047412037403233312 0.33114800526596166 0.65036595036586131 0.0011216856332288848 -0.28875151656327713 0.010898844936174103
leaf_weight=205679 132 1387 50 64 68 57 423 98 83 58 58 401 71 66 2165 71 147 50 89 90 948 95 853 4707 177 170 60 90 186 698
leaf_count=205679 132 1387 50 64 68 57 423 98 83 58 58 401 71 66 2165 71 147 50 89 90 948 95 853 4707 177 170 60 90 186 698
internal_value=3.63391e-12 -0.0388018 0.0605328 0.289178 -0.0697949 0.000303331 0.0163445 0.0728868 0.473953 0.0254094 0.117552 0.171686 0.618118 0.00686624 0.0124102 0.145569 0.0585754 0.179748 0.399445 0.00638923 0.0812471 0.0439342 -0.00392625 0.0171369 0.0797361 0.175103 0.0939785 0.260819 -0.0321673 -0.0521498
internal_weight=219291 1701 314 114 200 217590 11911 1710 181 1529 588 530 129 10201 9778 423 357 210 139 9355 1133 1043 8222 6057 1350 497 327 150 941 884
internal_count=219291 1701 314 114 200 217590 11911 1710 181 1529 588 530 129 10201 9778 423 357 210 139 9355 1133 1043 8222 6057 1350 497 327 150 941 884
is_linear=0
shrinkage=0.05


Tree=112
num_leaves=31
num_cat=0
split_feature=11 10 2 12 2 6 13 7 8 0 10 3 13 9 0 5 7 3 0 3 8 8 13 9 3 0 2 5 10 6
split_gain=994.274 5029.25 15849.2 7062.77 3351.7 4150.23 2782.38 4208.02 4272.73 3343.04 3437.34 6629.76 5088.57 3185.13 3513.29 2954.53 2713.5 2365.95 3105.33 3630.32 6147.46 2316.32 3612.14 2263.34 3360.07 2039.38 1891.86 1951.97 2855.84 1838.53
threshold=-0.99626126885414112 -0.064507851377129541 23.293423652648929 17.750000000000004 0.40922866761684423 1.5277979373931887 77.750000000000014 32.123796463012702 0.39228267967700964 3.2410799264907841 -0.012910176534205673 33.644670486450202 81.250000000000014 30.691680908203129 12.533979415893556 33.421787261962898 28.015873908996586 30.320503234863285 1.3214349746704104 33.755943298339851 7.037771701812745 3.8427743911743169 80.250000000000014 33.870700836181648 32.831476211547859 0.61374580860137951 8.6947975158691424 32.259752273559577 -0.04732095077633857 1.2218313813209536
decision_type=2 2 2 2 2 2 2 2 2 2 2 2 2 2 2 2 2 2 2 2 2 2 2 2 2 2 2 2 2 2
left_child=1 2 3 4 -1 -6 16 13 9 15 11 12 -11 -8 21 -9 -3 -10 19 20 -19 -15 -23 24 -12 -5 27 -18 -29 -30
right_child=-2 6 -4 25 5 -7 7 8 17 10 23 -13 -14 14 -16 -17 26 18 -20 -21 -22 22 -24 -25 -26 -27 -28 28 29 -31
leaf_value=0.066348465636026033 -0.0005661291540264052 0.14881842286076125 0.95816290250846325 0.12095767102151547 0.16254725409569323 0.67673367387142735 -0.023766765484647574 -0.10196906538235205 0.25738639784976841 0.83244288261385935 -0.097374874353408816 0.024837709260323356 0.22737823824797357 0.089059819266154083 0.57646675015750692 0.076250827489688214 -0.097359647393758811 -0.033792777619807118 -0.14726716189971398 -0.096604724415987372 0.47224919049346703 0.64587781217965212 0.10608506167018916 -0.089937580406081449 0.44186100666339584 -0.23635065746666106 -0.17645359019648757 0.30245702701620758 0.070636880936655516 -0.10668599668082657
leaf_weight=172 213261 164 56 53 91 69 213 383 56 69 52 124 70 324 57 592 700 166 691 356 94 55 71 153 65 162 307 80 299 286
leaf_count=172 213261 164 56 53 91 69 213 383 56 69 52 124 70 324 57 592 700 166 691 356 94 55 71 153 65 162 307 80 299 286
internal_value=-3.00024e-12 0.0200221 0.157011 0.0749914 0.219573 0.38429 0.00480115 0.0304004 0.00329531 0.0612853 0.161974 0.290627 0.527734 0.138482 0.206646 0.0062424 -0.045268 -0.0608639 -0.0744997 0.0071275 0.149161 0.159802 0.341709 0.0366556 0.202201 -0.14827 -0.0643052 -0.039082 0.0222628 -0.0160543
internal_weight=219291 6030 603 547 332 160 5427 3591 2871 1508 533 263 139 720 507 975 1836 1363 1307 616 260 450 126 270 117 215 1672 1365 665 585
internal_count=219291 6030 603 547 332 160 5427 3591 2871 1508 533 263 139 720 507 975 1836 1363 1307 616 260 450 126 270 117 215 1672 1365 665 585
is_linear=0
shrinkage=0.05


Tree=113
num_leaves=31
num_cat=0
split_feature=12 12 12 13 11 0 11 11 1 9 0 11 13 1 11 10 9 10 7 5 8 13 10 11 3 10 9 1 1 1
split_gain=986.664 2018.4 1746.6 5395.96 3702.96 1641.51 1609.36 4381.94 4018.03 3711.62 2995.84 1836.35 1780.96 1607.59 2128.58 2067.86 1756.9 3444.65 1620.04 1802.21 1554.58 1638.17 2440.64 15511.6 9028.72 11364.6 12906.4 14237.1 4499.02 4778.36
threshold=13.750000000000002 12.750000000000002 13.250000000000002 76.250000000000014 0.31717954576015478 41.074102401733406 -0.69014781713485707 -0.59815874695777882 32.754205703735359 32.674556732177741 2.200074434280396 -0.99981480836868275 76.250000000000014 33.32238960266114 0.098816476762294783 -0.94130858778953541 27.149890899658207 -0.45972847938537592 32.75042915344239 28.275677680969242 70.974880218505874 80.250000000000014 -0.51236665248870839 -0.73829901218414296 32.328271865844734 -0.62540480494499195 32.024663925170906 28.043411254882816 31.870696067810062 32.952119827270515
decision_type=2 2 2 2 2 2 2 2 2 2 2 2 2 2 2 2 2 2 2 2 2 2 2 2 2 2 2 2 2 2
left_child=1 6 3 4 13 -5 11 8 9 10 -8 -1 -13 14 15 -3 -17 -18 19 -19 21 -2 23 24 25 26 27 -23 -26 -30
right_child=20 2 -4 5 -6 -7 7 -9 -10 -11 -12 12 -14 -15 -16 16 17 18 -20 -21 -22 22 -24 -25 28 -27 -28 -29 29 -31
leaf_value=0.185690778773278 -0.0043257674164497561 -0.025389645726252824 0.0035178871483329613 0.023227304417376082 0.024188141348899243 -0.1369465580930008 0.046702372875141424 -0.0027820214727349944 -0.0033783476222516112 0.53990698397895442 0.40123643482233895 0.048654860330060584 -0.047356621069918538 0.023473910118142764 0.5263350695868334 0.10794496754373328 0.64521032470923201 0.40603317834436892 0.46709771240299403 0.047852839194869594 -0.074889105951649257 0.79635853743016283 -0.0013628807926635593 0.0056555729969970381 -0.085353875055602976 -0.070469405455439685 0.96314018254714284 -0.017556033049913822 0.48474451070911928 0.22015083225060864
leaf_weight=96 127200 78 9819 8565 431 163 194 12272 311 81 86 552 3864 96 60 138 65 50 55 118 719 68 36458 16036 73 620 58 256 286 423
leaf_count=96 127200 78 9819 8565 431 163 194 12272 311 81 86 552 3864 96 60 138 65 50 55 118 719 68 36458 16036 73 620 58 256 286 423
internal_value=1.79641e-12 0.00743298 0.0184293 0.0333406 0.138178 0.020236 -0.00493783 0.0040256 0.128346 0.241826 0.155595 -0.0306521 -0.0353552 0.212617 0.244811 0.211296 0.254633 0.324921 0.231564 0.154454 -0.0015133 -0.00122259 0.00604967 0.021215 0.161076 0.0617057 0.276231 0.153266 0.288401 0.326884
internal_weight=219291 37094 19638 9819 1091 8728 17456 12944 672 361 280 4512 4416 660 564 504 426 288 223 168 182197 181478 54278 17820 1784 1002 382 324 782 709
internal_count=219291 37094 19638 9819 1091 8728 17456 12944 672 361 280 4512 4416 660 564 504 426 288 223 168 182197 181478 54278 17820 1784 1002 382 324 782 709
is_linear=0
shrinkage=0.05


Tree=114
num_leaves=31
num_cat=0
split_feature=12 10 2 10 5 10 11 4 0 8 5 2 6 1 13 5 9 12 5 11 13 0 5 5 9 9 10 13 10 5
split_gain=978.136 4117.75 2353.59 1830.79 2139.17 1666.57 13491 14539.6 7933.04 8230.72 7553.31 2832.66 3006.27 2210.5 3662.31 5139.52 6590.92 6814.79 3255.28 2430.52 7086.51 3361.48 2945.07 3053.73 7079.62 5861.76 1953.36 1829.02 1723.19 1692.51
threshold=19.750000000000004 -0.98211652040481556 71.102645874023452 -0.99865758419036854 32.675605773925788 -0.99052327871322621 -0.12447465583682059 0.52594763040542614 0.29220308363437658 1.8353883624076845 30.438410758972172 27.58565711975098 7.857983112335206 33.32238960266114 79.250000000000014 33.532917022705085 31.730870246887211 18.250000000000004 32.095417022705085 0.081673368811607375 77.250000000000014 0.15107790380716327 29.537099838256839 29.895223617553714 31.823954582214359 28.981591224670414 -0.99865758419036854 81.750000000000014 -0.99984258413314808 29.389229774475101
decision_type=2 2 2 2 2 2 2 2 2 2 2 2 2 2 2 2 2 2 2 2 2 2 2 2 2 2 2 2 2 2
left_child=5 3 -3 4 -2 6 7 -1 -9 -10 -11 12 13 18 15 16 -15 -18 19 22 29 -22 -8 24 25 -24 -16 28 -25 -21
right_child=1 2 -4 -5 -6 -7 11 8 9 10 -12 -13 -14 14 26 -17 17 -19 -20 20 21 -23 23 27 -26 -27 -28 -29 -30 -31
leaf_value=-0.042787534107622337 -0.063506911876456767 -0.0056862008751480736 0.29568703726148948 -0.13515275420422929 0.24480589955625401 9.6267865471164182e-05 -0.044031036497660207 0.94255743647615109 0.10604975554734877 1.1298288782835006 0.26500155115682705 -0.11159250847761965 -0.044483069401042907 -0.041617415635476988 0.24798620870855992 -0.082329465988013592 0.88661710134683513 0.19046673262491823 -0.040976154876773592 0.58008190250396729 0.22895664342472122 -0.062947343443386469 0.53167404207800117 -0.12107170360718733 0.75494171577692037 -0.06517608123200555 -0.071012145041695077 0.17123723922852885 0.038044889353638658 0.2703049174257528
leaf_weight=227 271 19410 65 912 71 189826 998 72 146 50 51 479 1723 63 61 83 78 64 1538 75 144 313 56 191 50 155 225 228 1559 107
leaf_count=227 271 19410 65 912 71 189826 998 72 146 50 51 479 1723 63 61 83 78 64 1538 75 144 313 56 191 50 155 225 228 1559 107
internal_value=8.31441e-13 -0.0103352 -0.00468033 -0.0981567 0.000499549 0.00107895 0.0224318 0.263079 0.480733 0.346112 0.693134 0.0063886 0.0137175 0.0304642 0.123763 0.249621 0.38402 0.572859 0.0205725 0.0449951 0.13411 0.0290312 0.0274034 0.0592443 0.219994 0.0932296 -0.00297403 0.0380331 0.0206784 0.39796
internal_weight=219291 20729 19475 1254 342 198562 8736 546 319 247 101 8190 7711 5988 574 288 205 142 5414 3876 639 457 3237 2239 261 211 286 1978 1750 182
internal_count=219291 20729 19475 1254 342 198562 8736 546 319 247 101 8190 7711 5988 574 288 205 142 5414 3876 639 457 3237 2239 261 211 286 1978 1750 182
is_linear=0
shrinkage=0.05


Tree=115
num_leaves=31
num_cat=0
split_feature=3 9 11 11 11 9 4 1 9 10 1 10 12 12 9 10 9 12 2 13 2 10 10 13 10 10 7 7 0 10
split_gain=929.427 1227.88 1271.25 3323.45 10070.6 9041.28 5047.3 5361.53 11643.8 4652.99 6432.33 5634.47 5510.3 5173.82 4612.19 4116.69 21654 21531.2 19024.6 4628.04 5177.47 4167.39 6519.38 6299.19 12090.7 11803.3 11037.9 8958.17 7838.34 7249.16
threshold=38.869958877563484 40.499383926391609 -0.32533003389835352 -0.61186373233795155 -0.5702211558818816 38.505393981933601 39.153354644775398 28.812848091125492 27.731657028198246 -0.69016700983047474 26.32643032073975 -0.76109719276428212 15.250000000000002 18.750000000000004 27.648724555969242 -0.65189296007156361 30.777950286865238 15.750000000000002 28.964666366577152 82.750000000000014 11.301882266998293 -0.34964421391487116 -0.39753912389278406 80.250000000000014 -0.62540480494499195 -0.50495636463165272 29.674810409545902 32.289096832275398 7.8882715702056894 -0.50495636463165272
decision_type=2 2 2 2 2 2 2 2 2 2 2 2 2 2 2 2 2 2 2 2 2 2 2 2 2 2 2 2 2 2
left_child=1 2 3 9 5 6 7 8 -5 10 13 12 14 -1 -12 16 -11 -18 19 20 -19 22 23 25 26 -17 -25 -26 -27 -29
right_child=-2 -3 -4 4 -6 -7 -8 -9 -10 15 11 -13 -14 -15 -16 21 17 18 -20 -21 -22 -23 -24 24 27 28 -28 29 -30 -31
leaf_value=0.043187678939197213 -0.01254499636048215 -0.061057036508161827 -0.0019433920576113805 -0.036672604246245279 0.0087465944221496918 0.58738739349452473 0.4853478386066854 0.067859767825546549 0.98885159742832185 -0.13013102671524296 -0.138716299554943 -0.10128625947807879 -0.047731547361978287 0.4346208960688282 0.22122630445566696 -0.082318608014274874 -0.10898245442603392 0.27867257479813395 1.2593499571084976 -0.081433731747764942 0.66455349467783464 0.010292055809909757 -0.110928671718243 0.80727872021937197 -0.067572994919796889 0.0058331221627090004 0.15343180164125145 0.22428758033701934 0.2077052920611572 -0.069423276609986248
leaf_weight=400 13833 798 128638 62 15589 96 80 2609 50 735 113 3154 1234 107 419 4530 337 505 56 71 105 38240 1809 94 1266 2580 206 680 591 304
leaf_count=400 13833 798 128638 62 15589 96 80 2609 50 735 113 3154 1234 107 419 4530 337 505 56 71 105 38240 1809 94 1266 2580 206 680 591 304
internal_value=-2.63855e-12 0.000844625 0.00108599 0.00621205 0.0246556 0.110263 0.0939103 0.0824017 0.421151 0.000286253 -0.0437736 -0.0612477 0.0102594 0.125798 0.144772 0.00487496 0.0789808 0.222088 0.373473 0.300626 0.345095 0.0022098 -0.0234175 -0.00797438 0.0601391 -0.0305285 0.358304 0.0203838 0.0434574 0.133548
internal_weight=219291 205458 204660 76022 18486 2897 2801 2721 112 57536 5427 4920 1766 507 532 52109 1809 1074 737 681 610 50300 12060 10251 2550 7701 300 2250 3171 984
internal_count=219291 205458 204660 76022 18486 2897 2801 2721 112 57536 5427 4920 1766 507 532 52109 1809 1074 737 681 610 50300 12060 10251 2550 7701 300 2250 3171 984
is_linear=0
shrinkage=0.05


Tree=116
num_leaves=31
num_cat=0
split_feature=1 8 3 2 3 10 13 11 12 2 9 9 11 10 3 5 12 13 0 6 12 7 10 7 11 10 9 10 9 10
split_gain=937.299 2428.62 2067.66 2048.71 1385.03 5618.02 1863.08 3591.4 3978.29 1939.15 1335.85 1231.14 1837.56 1201.74 2440.84 2808.16 1383.83 1230.48 1518.81 1482.69 1211.57 1035.55 24565.4 1093.59 1873 6907.81 6422.79 7555.59 2572.15 2549.86
threshold=25.152820587158207 22.805819511413578 24.554425239562992 10.233232021331789 26.302831649780277 0.72066047787666332 79.750000000000014 -0.67758968472480763 18.750000000000004 2.5163218975067143 27.947340965271 27.947340965271 -0.77212798595428456 -0.71466678380966175 25.124748229980472 27.160553932189945 13.250000000000002 76.250000000000014 0.83737522363662731 6.0293686389923105 13.250000000000002 24.51005840301514 -0.70252096652984608 27.034778594970707 0.15004983544349673 -0.69016700983047474 28.844351768493656 -0.72660079598426808 27.360788345336918 -0.91585582494735707
decision_type=2 2 2 2 2 2 2 2 2 2 2 2 2 2 2 2 2 2 2 2 2 2 2 2 2 2 2 2 2 2
left_child=1 13 -3 -4 5 6 9 8 10 -2 -8 -11 -13 14 -1 -16 17 19 -19 -15 -17 22 -6 24 -23 26 27 28 29 -26
right_child=4 2 3 -5 21 -7 7 -9 -10 11 -12 12 -14 16 15 20 -18 18 -20 -21 -22 23 -24 -25 25 -27 -28 -29 -30 -31
leaf_value=-0.11298557557165623 -0.008674721907293334 0.47889546082829537 -0.12581605896926845 0.32243732482567433 1.0850841990759912 0.4969238552451134 0.22320083424730122 -0.025046905622174317 0.49796028444053314 -0.048264153647937236 -0.11274066620798254 -0.25574657533779344 -0.089275468244453926 0.031279036227394551 0.38550062259802453 -0.14917753395044581 -0.038558878787333453 0.18273022974632225 -0.058346144190979936 0.41070489840438729 0.18733553040634704 -0.052116822257449215 -0.066079411396206558 0.0007192447105823967 0.23553776157876621 -0.023099446094430449 -0.12513766048614644 0.66090810532764632 0.35129801291093399 -0.19366561582160963
leaf_weight=88 1234 53 52 50 53 50 53 763 76 841 67 226 622 51 104 53 869 98 196 52 54 2679 369 206942 65 3146 121 101 89 74
leaf_count=88 1234 53 52 50 53 50 53 763 76 841 67 226 622 51 104 53 869 98 196 52 54 2679 369 206942 65 3146 121 101 89 74
internal_value=3.666e-11 0.036765 0.225554 0.093916 -0.000290645 -0.0296964 -0.0364793 0.023994 0.214903 -0.0563198 0.0356335 -0.0911298 -0.133642 0.0180671 0.108224 0.200482 -0.00322596 0.0741149 0.0220126 0.222834 0.0206515 0.000250565 0.078498 9.56978e-05 -0.0204681 0.00310996 0.186343 0.3009 0.141422 0.007041
internal_weight=219291 1720 155 102 217571 3932 3882 959 196 2923 120 1689 848 1565 299 211 1266 397 294 103 107 213639 422 213217 6275 3596 450 329 228 139
internal_count=219291 1720 155 102 217571 3932 3882 959 196 2923 120 1689 848 1565 299 211 1266 397 294 103 107 213639 422 213217 6275 3596 450 329 228 139
is_linear=0
shrinkage=0.05


Tree=117
num_leaves=31
num_cat=0
split_feature=10 12 10 2 10 10 1 10 5 2 7 8 10 11 8 12 6 7 2 6 12 11 9 11 10 2 6 9 3 9
split_gain=896.134 973.691 3719.43 2113.96 1721.45 1653.69 4164.41 1706.47 1684.61 1925.56 1495.15 1453.57 1407.83 12187.9 13165.8 6846.32 5333.04 15004.6 2540.43 2700 2018.41 7379.17 8235.79 4472.09 3297.8 3152.6 3859.6 3701.45 4578.68 3202.48
threshold=0.98930501937866222 19.750000000000004 -0.98211652040481556 71.102645874023452 -0.99466162919998158 -0.96683886647224415 33.223888397216804 -0.94130858778953541 30.701275825500492 1.6437381505966189 30.247166633605961 48.730119705200202 -0.99052327871322621 -0.12447465583682059 1.8353883624076845 18.250000000000004 0.43700471520423895 31.395439147949222 27.58565711975098 7.7277843952178964 16.250000000000004 -0.10737737268209456 31.823954582214359 -0.10737737268209456 -0.99984258413314808 0.11548787727952005 0.59602636098861705 32.998216629028327 32.100008010864265 31.823954582214359
decision_type=2 2 2 2 2 2 2 2 2 2 2 2 2 2 2 2 2 2 2 2 2 2 2 2 2 2 2 2 2 2
left_child=1 12 4 5 -3 6 8 10 9 -4 -7 -9 13 14 16 -16 -1 -18 19 20 23 22 -22 -15 -25 26 27 28 -26 -30
right_child=-2 2 3 -5 -6 7 -8 11 -10 -11 -12 -13 -14 18 15 -17 17 -19 -20 -21 21 -23 -24 24 25 -27 -28 -29 29 -31
leaf_value=-0.029159081638221923 -0.014433701094029628 -0.039709348997444306 0.42259444004297264 0.28043408679274412 -0.157361567816452 0.12657714797293437 0.46633058387845283 -0.0034278005564092866 -0.038161849675679899 0.0070351174544720429 -0.12346255705061585 -0.15482939990237354 0.00086183277831579765 -0.18102003817963933 0.95276970827863328 0.24646994336026498 -0.051278161917897795 1.0074576881334738 -0.10556483873805821 -0.041520223825405315 -0.013073200425909213 -0.015980641366842924 0.70042533526817963 -0.065064335415061098 0.16844548550183669 0.032030850176834651 0.0067473496186978401 -0.0036887670478650499 0.2806189314249371 0.65441741293545852
leaf_weight=262 10251 684 50 65 570 68 63 17265 277 63 495 160 180544 180 84 58 88 54 479 1749 84 3001 78 355 520 992 340 175 140 97
leaf_count=262 10251 684 50 65 570 68 63 17265 277 63 495 160 180544 180 84 58 88 54 479 1749 84 3001 78 355 520 992 340 175 140 97
internal_value=4.74405e-13 0.000707806 -0.00985367 -0.00420681 -0.0931876 -0.0052101 0.0891411 -0.00758619 0.0282105 0.190911 -0.0932624 -0.004818 0.00181038 0.0214137 0.250144 0.664281 0.104581 0.35134 0.00616498 0.0131055 0.0291304 0.00176324 0.330463 0.0600566 0.0766255 0.0988427 0.150948 0.203553 0.251462 0.433608
internal_weight=219291 209040 19760 18506 1254 18441 453 17988 390 113 563 17425 189280 8736 546 142 404 142 8190 7711 5962 3163 162 2799 2619 2264 1272 932 757 237
internal_count=219291 209040 19760 18506 1254 18441 453 17988 390 113 563 17425 189280 8736 546 142 404 142 8190 7711 5962 3163 162 2799 2619 2264 1272 932 757 237
is_linear=0
shrinkage=0.05


Tree=118
num_leaves=31
num_cat=0
split_feature=9 1 8 3 10 12 8 7 12 13 0 3 7 10 5 10 3 11 11 12 10 11 11 13 0 1 5 10 11 9
split_gain=883.749 1172.82 2920.03 2154.61 1293.71 2143.36 1779.85 1960.41 1737.2 1425.17 1521.27 1280.56 1284.25 18871.9 1168.41 4188.38 4210.73 3103.68 2931.94 2395.3 2172.42 1530.8 2183.74 2542.68 2049.97 3567.33 1186.56 2721.41 15245.7 11168.8
threshold=24.513104438781742 25.152820587158207 23.279985427856449 25.124748229980472 -0.66484925150871266 15.250000000000002 1.0000000180025095e-35 27.464221954345707 13.250000000000002 76.250000000000014 0.4088634997606278 24.554425239562992 24.51005840301514 -0.70252096652984608 26.919746398925785 0.72066047787666332 29.472296714782718 -0.98208922147750843 -0.97502842545509327 16.750000000000004 -0.20088869333267209 -0.91583034396171559 -0.82389250397682179 76.750000000000014 31.297123908996586 26.32643032073975 29.861405372619632 -0.76109719276428212 0.60503363609313976 27.555355072021488
decision_type=2 2 2 2 2 2 2 2 2 2 2 2 2 2 2 2 2 2 2 2 2 2 2 2 2 2 2 2 2 2
left_child=-1 2 4 -4 5 6 7 -2 9 -6 -11 -3 13 -13 15 17 -17 19 20 -14 -19 -20 23 -23 -24 -26 27 28 -16 -30
right_child=1 11 3 -5 8 -7 -8 -9 -10 10 -12 12 14 -15 26 16 -18 18 21 -21 -22 22 24 -25 25 -27 -28 -29 29 -31
leaf_value=-0.050556680230180708 0.35381259173154833 -0.091944759791240227 0.4772261551464908 0.063651220842955575 0.26782914541492409 0.3261639940530755 -0.11498115127383966 -0.055257563072222252 -0.039212514141848162 0.23444097735851571 -0.04085498881607276 0.80811240766445802 -0.093458994115404426 -0.06170151673886623 0.018659484607947346 0.62448961782082923 -0.018141786653835042 0.45447657342467995 -0.095368347171887136 -0.40892526638858462 0.021463084189066044 0.40911265756075199 -0.02570405030737194 -0.033144109272039854 0.45642380445707043 -0.0037694649496937504 -0.001445127692257543 0.00075706653495829384 1.0450697745308282 0.23847704667401293
leaf_weight=861 64 379 64 62 88 86 107 54 844 69 184 75 206 370 10506 50 52 56 656 85 60 65 5011 65 61 136 164727 33895 50 303
leaf_count=861 64 379 64 62 88 86 107 54 844 69 184 75 206 370 10506 50 52 56 656 85 60 65 5011 65 61 136 164727 33895 50 303
internal_value=-3.26178e-11 0.000199283 0.0425578 0.273721 0.0230882 0.11385 0.0326983 0.166611 -0.000731888 0.0945105 0.0342257 -0.000117613 4.319e-05 0.0848963 -0.000131636 -0.021004 0.296874 -0.0260694 -0.0184712 -0.185605 0.230504 -0.0232895 -0.0144316 0.187984 -0.0194842 0.138727 0.000516313 0.00773583 0.0295192 0.352725
internal_weight=219291 218430 1622 126 1496 311 225 118 1185 341 253 216808 216429 445 215984 6503 102 6401 6110 291 116 5994 5338 130 5208 197 209481 44754 10859 353
internal_count=219291 218430 1622 126 1496 311 225 118 1185 341 253 216808 216429 445 215984 6503 102 6401 6110 291 116 5994 5338 130 5208 197 209481 44754 10859 353
is_linear=0
shrinkage=0.05


Tree=119
num_leaves=31
num_cat=0
split_feature=11 10 2 12 2 6 13 7 7 3 5 4 3 8 5 12 3 10 3 0 3 8 5 8 10 13 3 1 0 9
split_gain=862.639 4542.68 14305.2 6370.99 3016.2 3736.38 2596.02 2339.04 2031.14 5636.8 2743.24 3564.24 2623.87 2356.32 4573.77 4047.13 7020.53 5029.06 2856.57 2570.75 4775.49 6096.16 3525.37 2450.65 2543.08 2476.29 2802.69 1935.49 1840.53 1776.14
threshold=-0.99626126885414112 -0.064507851377129541 23.293423652648929 17.750000000000004 0.40922866761684423 1.5277979373931887 76.750000000000014 27.262175559997562 31.073676109313968 30.939879417419437 30.728355407714847 4.2591025829315194 33.755943298339851 0.39228267967700964 32.638038635253913 18.750000000000004 33.644670486450202 -0.012910176534205673 30.911926269531254 0.19813419133424762 33.69648742675782 10.234837055206301 30.756749153137211 0.13201776891946795 -0.04732095077633857 80.250000000000014 33.588491439819343 32.499906539916999 0.61374580860137951 34.527858734130866
decision_type=2 2 2 2 2 2 2 2 2 2 2 2 2 2 2 2 2 2 2 2 2 2 2 2 2 2 2 2 2 2
left_child=1 2 3 4 -1 -6 7 -3 9 -8 -11 12 27 14 18 23 17 -17 -10 20 21 -15 -21 24 -16 -26 -27 -12 -5 -18
right_child=-2 6 -4 28 5 -7 8 -9 13 10 11 -13 -14 19 15 16 29 -19 -20 22 -22 -23 -24 -25 25 26 -28 -29 -30 -31
leaf_value=0.062886099272602525 -0.00052732336899806095 0.20320656873338239 0.9099707616227013 0.11464065673216335 0.15409892390349084 0.6419755657567926 -0.10141621781831107 -0.095565106275842179 0.18405446588595431 0.49365663779409313 0.39671361438252711 -0.07443043443743351 0.59460209397708674 0.064361594130557573 0.29958735381877877 0.79465099234335335 -0.094771024201597498 0.20769207191963993 -0.125029665290735 0.33926743842317958 -0.073544781031491965 0.57863707832701794 -0.088864425978173275 0.29668736060494155 -0.030842391330234149 -0.072700639769940054 0.37372415580454915 0.0062101912498474122 -0.22480063759664329 0.26730045008659364
leaf_weight=172 213261 71 56 53 91 69 205 847 89 76 55 106 51 229 79 74 105 72 467 50 368 77 1254 92 789 59 87 75 162 50
leaf_count=172 213261 71 56 53 91 69 205 847 89 76 55 106 51 229 79 74 105 72 467 50 368 77 1254 92 789 59 87 75 162 50
internal_value=1.98638e-11 0.0186497 0.148843 0.0709213 0.20824 0.364496 0.00418374 -0.0724575 0.0197873 0.108183 0.226551 0.155819 0.290661 0.00704732 0.0458567 0.0938342 0.256386 0.505192 -0.075554 -0.0314678 0.0478181 0.193771 -0.0724483 0.0495955 0.0271769 0.00416045 0.19332 0.171423 -0.141124 0.0220262
internal_weight=219291 6030 603 547 332 160 5427 918 4509 568 363 287 181 3941 1963 1407 301 146 556 1978 674 306 1304 1106 1014 935 146 130 215 155
internal_count=219291 6030 603 547 332 160 5427 918 4509 568 363 287 181 3941 1963 1407 301 146 556 1978 674 306 1304 1106 1014 935 146 130 215 155
is_linear=0
shrinkage=0.05


Tree=120
num_leaves=31
num_cat=0
split_feature=8 10 10 13 9 11 10 4 6 2 12 6 7 9 2 8 11 3 2 12 7 3 9 11 5 10 12 10 9 5
split_gain=843.803 1347.57 3339.9 1882.28 1201.54 1166.4 3758.97 1130.82 1710.79 1638.19 917.22 1491.2 1724.78 1260.87 1037.48 911.06 2037.3 4331.78 3578.53 3334.35 6346.89 10081.4 6849.77 3062.16 6690.95 14268.4 18175.8 6703.97 2840.61 3058.33
threshold=54.36689758300782 -0.95236876606941212 -0.97505551576614369 79.250000000000014 29.672808647155765 -0.98208922147750843 -0.04732095077633857 102.05446624755861 6.5772912502288827 11.128393650054933 14.750000000000002 35.278631210327156 28.892757415771488 29.815852165222172 2.2433426380157475 16.838739395141605 -0.90878397226333607 36.791879653930671 21.745800971984867 18.750000000000004 30.215759277343754 31.867238998413089 29.30988693237305 0.59123954176902782 30.530126571655277 -0.57023701071739186 14.750000000000002 -0.76109719276428212 28.595641136169437 29.790090560913089
decision_type=2 2 2 2 2 2 2 2 2 2 2 2 2 2 2 2 2 2 2 2 2 2 2 2 2 2 2 2 2 2
left_child=7 2 4 -4 -2 6 -3 15 -9 -10 11 12 14 -14 -7 -1 17 18 -17 -20 22 -22 -21 28 27 26 -26 -25 -18 -30
right_child=1 5 3 -5 -6 10 -8 8 9 -11 -12 -13 13 -15 -16 16 23 -19 19 20 21 -23 -24 24 25 -27 -28 -29 29 -31
leaf_value=-0.0006258005153101211 -0.15262132258239119 0.39593199273502389 0.088379740727043923 0.4962922785431147 0.10608829969868941 0.024377154333280845 -0.19680456140271899 -0.1171537439688109 0.38517600495081683 0.074847048799681473 -0.09573153648606024 -0.19430410747344679 -0.2673753914664741 0.055203560167464666 0.28472319951797104 0.015269271235837803 -0.063803331710457351 0.43511425288660188 0.043904537215731509 0.39498696845884507 0.81975011637069939 -0.051246540936139923 -0.42054268653486293 0.50987742693361005 1.3718812322175062 -0.17038597025473912 0.055659515279180866 -0.012559629090092318 0.075109762938548527 -0.014027380696895487
leaf_weight=205491 132 54 62 52 68 71 53 64 65 123 925 78 54 69 83 2861 1921 70 306 52 92 52 51 66 54 75 51 882 1262 4052
leaf_count=205491 132 54 62 52 68 71 53 64 65 123 925 78 54 69 83 2861 1921 70 306 52 92 52 51 66 54 75 51 882 1262 4052
internal_value=-4.15154e-11 -0.035079 0.0584546 0.274445 -0.0646601 -0.0562539 0.102334 0.000274229 0.10613 0.182142 -0.0695108 -0.00118913 0.0531898 -0.0864165 0.164694 0.00015149 0.0136339 0.0457583 0.037775 0.154211 0.290866 0.505224 -0.00881898 0.000250982 0.0768755 0.35634 0.732574 0.0238126 -0.0116955 0.00714143
internal_weight=219291 1701 314 114 200 1387 107 217590 252 188 1280 355 277 123 154 217338 11847 3484 3414 553 247 144 103 8363 1128 180 105 948 7235 5314
internal_count=219291 1701 314 114 200 1387 107 217590 252 188 1280 355 277 123 154 217338 11847 3484 3414 553 247 144 103 8363 1128 180 105 948 7235 5314
is_linear=0
shrinkage=0.05


Tree=121
num_leaves=31
num_cat=0
split_feature=7 10 5 1 5 12 12 3 10 9 10 1 12 9 10 13 10 11 10 5 3 12 10 1 3 5 10 5 3 6
split_gain=813.868 3544.86 3542.66 3005.59 3162.02 3851.9 3151.29 3447.92 2113.78 4405.46 2482.73 3712.13 2542.67 1785.22 1617.04 1213.61 1195.55 1104.03 4166.48 21133.3 5265.14 3830.78 5681.25 10018.8 31007.6 12412.7 12438 13454.5 6712.35 8157.71
threshold=37.857082366943366 0.33346569538116461 39.26458930969239 36.252170562744148 35.786241531372077 16.750000000000004 18.750000000000004 35.381675720214851 0.47494667768478399 36.400381088256843 0.5772862732410432 41.420511245727546 19.250000000000004 39.719097137451179 0.54883790016174328 77.750000000000014 0.7086201310157777 -0.32533003389835352 0.68391311168670665 29.352803230285648 27.895131111145023 17.250000000000004 -0.88606244325637806 31.588481903076175 30.290165901184086 31.704400062561039 -0.91585582494735707 30.253842353820804 32.605419158935554 2.1524369716644292
decision_type=2 2 2 2 2 2 2 2 2 2 2 2 2 2 2 2 2 2 2 2 2 2 2 2 2 2 2 2 2 2
left_child=17 2 3 4 -2 -6 -7 -8 9 -3 11 -10 14 -4 15 -13 -12 18 21 20 -20 -1 23 -23 -25 26 27 -26 29 -24
right_child=1 8 13 -5 5 6 7 -9 10 -11 16 12 -14 -15 -16 -17 -18 -19 19 -21 -22 22 28 24 25 -27 -28 -29 -30 -31
leaf_value=-0.0101638120654592 -0.076330325472354896 0.38489251741612296 0.52952152231806204 -0.067005934468456776 -0.0031542312650553947 0.63438916326352013 -0.085470031286185646 0.48221258001781453 0.009345655963200571 -0.077625916572908571 -0.049423909942081408 0.52006427214946604 0.010537972874713667 0.17486910700322467 0.095185772264099661 0.25197025649249555 -0.01017283210494996 -0.0017966420850028951 1.0898877111077308 0.029626156571314784 0.41810099204445061 -0.032099729143976151 -0.053596855163102121 1.2993823352815776 0.20756358906042341 0.055638746911566263 0.12870745295498295 1.2888459153699152 0.038314046613511676 0.017684223692721653
leaf_weight=32967 125 53 57 339 113 69 53 54 2082 1800 2250 64 165 94 101 124 14081 126456 50 8175 70 1095 6943 58 51 1254 149 66 10819 9514
leaf_count=32967 125 53 57 339 113 69 53 54 2082 1800 2250 64 165 94 101 124 14081 126456 50 8175 70 1095 6943 58 51 1254 149 66 10819 9514
internal_value=1.73748e-11 -0.00920949 0.0877103 0.043386 0.133779 0.224657 0.370923 0.201024 -0.013438 -0.0643968 -0.00843318 0.0375941 0.167139 0.308745 0.256547 0.343236 -0.0155806 0.00100748 0.00598703 0.0392954 0.698012 0.00159557 0.01454 0.0841051 0.164742 0.121446 0.43168 0.817518 0.0077227 -0.0123884
internal_weight=219291 21624 904 753 414 289 176 107 20720 1853 18867 2536 454 151 289 188 16331 197667 71211 8295 120 62916 29949 2673 1578 1520 266 117 27276 16457
internal_count=219291 21624 904 753 414 289 176 107 20720 1853 18867 2536 454 151 289 188 16331 197667 71211 8295 120 62916 29949 2673 1578 1520 266 117 27276 16457
is_linear=0
shrinkage=0.05


Tree=122
num_leaves=31
num_cat=0
split_feature=10 4 11 3 7 10 10 5 1 9 1 10 5 0 9 12 1 3 5 1 10 5 13 10 10 12 7 3 10 5
split_gain=810.748 2282.41 1879.63 6758.29 2037.24 10226 9815.58 4373.7 5579.94 5565.65 3546.07 8460.17 8340.43 3789.56 3147.2 2880.75 16630.9 2683.31 2534.27 2876.87 3762.99 2268.63 2176.47 2072 5032.73 2978.39 6633.78 2882.63 2468.07 8341.66
threshold=0.20088869333267215 17.141905784606937 -0.05591491982340812 26.928457260131839 36.470628738403327 0.30081701278686529 0.26781183481216436 35.463424682617195 35.785865783691413 37.761337280273445 38.28309631347657 0.50495636463165294 36.961439132690437 0.15948714315891269 36.87976264953614 19.250000000000004 31.058892250061039 31.613467216491703 35.545282363891609 36.962081909179695 0.53436762094497692 35.386522293090827 78.250000000000014 0.47494667768478399 0.53436762094497692 17.750000000000004 32.869796752929695 34.324495315551765 0.68391311168670665 30.818958282470707
decision_type=2 2 2 2 2 2 2 2 2 2 2 2 2 2 2 2 2 2 2 2 2 2 2 2 2 2 2 2 2 2
left_child=-1 2 3 -2 5 15 7 -6 9 14 18 12 -12 -13 -9 -5 -17 21 19 23 -21 -8 -22 25 -25 -7 -27 -28 -26 -30
right_child=1 -3 -4 4 6 10 17 8 -10 -11 11 13 -14 -15 -16 16 -18 -19 -20 20 22 -23 -24 24 28 26 27 -29 29 -31
leaf_value=0.0026796463313402915 0.47939018919070558 -0.057909838512538885 -0.0090070230128375048 -0.098547300195495929 -0.091707086652793271 -0.037887028629962419 -0.057392667531967173 0.35386581706504028 0.048437862791365291 0.13016506034488742 1.0094559394553595 0.008039751218720562 0.19123658087570222 0.43472172370401485 0.85069531977176682 0.90036456197500225 -0.093247030759125618 -0.0081202995856932692 0.0030110926376257898 0.44304013599175962 0.36519761730730538 0.36350772362830264 -0.011633397041388402 0.2446995299205367 -0.016185273313041159 0.65135383138060576 -0.10725185493302476 0.15572987542264471 0.38552574564885234 0.048431166233773075
leaf_weight=123414 75 1886 49871 2039 81 1433 50 51 122 76 51 441 80 59 85 50 267 28170 4975 104 50 89 164 341 1200 50 183 242 194 3398
leaf_count=123414 75 1886 49871 2039 81 1433 50 51 122 76 51 441 80 59 85 50 267 28170 4975 104 50 89 164 341 1200 50 183 242 194 3398
internal_value=4.51572e-11 -0.00344927 -0.00235648 0.00516096 0.00435344 0.0190773 -0.00350008 0.237903 0.317839 0.472872 0.0364906 0.1521 0.50978 0.0583882 0.664384 -0.0767473 0.063474 -0.00703897 0.030576 0.0492111 0.196315 0.212105 0.0764112 0.0425673 0.0591041 -0.0019208 0.106584 0.042493 0.0458971 0.0666373
internal_weight=219291 95877 93991 44120 44045 15321 28724 415 334 212 12965 631 131 500 136 2356 317 28309 12334 7359 318 139 214 7041 5133 1908 475 425 4792 3592
internal_count=219291 95877 93991 44120 44045 15321 28724 415 334 212 12965 631 131 500 136 2356 317 28309 12334 7359 318 139 214 7041 5133 1908 475 425 4792 3592
is_linear=0
shrinkage=0.05


Tree=123
num_leaves=31
num_cat=0
split_feature=12 10 2 10 5 10 1 9 10 13 11 5 9 11 12 11 10 10 11 7 1 11 12 11 10 3 12 13 2 5
split_gain=796.804 3345.91 1851.4 1559.62 1933.98 1518.73 6072.55 1518.43 1387.62 4530.61 5792.02 3455.67 6044.1 6839.03 4733.76 5153.18 28748.4 4520.64 10569.9 9482.99 8805.61 5317.58 7039.86 3260.55 6915.93 3850.98 3230.27 5400.76 8443.44 3913.44
threshold=19.750000000000004 -0.98211652040481556 71.102645874023452 -0.99865758419036854 32.675605773925788 -0.97505551576614369 33.040792465209968 30.606508255004886 -0.96683886647224415 83.750000000000014 0.15004983544349673 31.767458915710453 32.024663925170906 -0.24284072965383527 15.250000000000002 0.16704543679952624 -0.98211652040481556 -0.99052327871322621 -0.10737737268209456 30.582612991333011 30.476527214050297 0.01290981797501445 17.750000000000004 0.081673368811607375 -0.98211652040481556 30.097958564758304 18.750000000000004 81.750000000000014 6.4557712078094491 27.656976699829105
decision_type=2 2 2 2 2 2 2 2 2 2 2 2 2 2 2 2 2 2 2 2 2 2 2 2 2 2 2 2 2 2
left_child=8 3 5 4 -2 6 7 -3 9 11 -11 12 23 -14 -15 17 -17 18 19 -16 -21 -20 -23 25 26 -1 27 29 -29 -25
right_child=1 2 -4 -5 -6 -7 -8 -9 -10 10 -12 -13 13 14 15 16 -18 -19 21 20 -22 22 -24 24 -26 -27 -28 28 -30 -31
leaf_value=-0.05268425491016946 -0.058294089323397719 -0.2152188949405201 0.26217141503324876 -0.12263870024446014 0.23485983289043669 -0.006647677044395485 0.59205088533882833 0.091617562182779833 -0.00027950228203081038 0.10224497532472016 0.68119797335109777 -0.019684199720590521 0.6499092294995128 -0.052876204682301878 -0.10261847906559707 1.2716841682451703 0.03156924968513336 -0.096082329166696429 -0.11000033429100592 0.38932591218624757 1.2292720713019372 0.50701978402631775 -0.021280245248177281 0.43420111444623521 -0.031731345315796161 0.02685780141287359 -0.064574458165450044 0.94522838393847142 0.093197270399994328 0.10009303960662248
leaf_weight=2670 271 63 65 912 71 19182 53 112 182182 216 54 5724 58 395 50 63 181 235 273 83 50 111 146 96 1135 3538 178 54 63 1007
leaf_count=2670 271 63 65 912 71 19182 53 112 182182 216 54 5724 58 395 50 63 181 235 273 83 50 111 146 96 1135 3538 178 54 63 1007
internal_value=1.42798e-11 -0.00932812 -0.00423073 -0.0884921 0.00256535 -0.00512286 0.123163 -0.0188436 0.000973815 0.0149135 0.218036 0.0115092 0.0287007 0.116625 0.0971352 0.146845 0.351763 0.0941029 0.156787 0.484408 0.705095 0.0436645 0.206896 0.0121539 0.0599611 -0.00735246 0.134404 0.163435 0.486442 0.129172
internal_weight=219291 20729 19475 1254 342 19410 228 175 198562 16380 270 16110 10386 1645 1587 1192 244 948 713 183 133 530 257 8741 2533 6208 1398 1220 117 1103
internal_count=219291 20729 19475 1254 342 19410 228 175 198562 16380 270 16110 10386 1645 1587 1192 244 948 713 183 133 530 257 8741 2533 6208 1398 1220 117 1103
is_linear=0
shrinkage=0.05


Tree=124
num_leaves=31
num_cat=0
split_feature=9 1 8 3 3 7 10 11 11 9 12 7 11 10 9 10 9 10 10 12 10 10 1 11 10 3 5 12 13 0
split_gain=788.679 1048.17 2573.99 2061 1159.27 1635.55 19524.1 1195.39 1643.8 5831.98 1174.81 1122.46 1655.87 3575.07 8687.38 16053 2396.04 2484.45 1920.83 1637.19 1711.22 2220.82 1918.11 1569.07 1114.05 1916.16 2374.49 1537.1 1296.66 1380.66
threshold=24.513104438781742 25.152820587158207 22.805819511413578 25.124748229980472 25.552998542785648 24.51005840301514 -0.70252096652984608 -0.84291031956672657 -0.42108526825904841 27.809850692749027 14.750000000000002 26.914702415466312 0.15004983544349673 -0.70252096652984608 28.748521804809574 -0.74981945753097523 27.731657028198246 -0.91585582494735707 -0.95236876606941212 15.750000000000002 -0.56314551830291737 -0.41327477991580958 29.247275352478031 -0.93533331155776966 -0.66484925150871266 25.124748229980472 27.160553932189945 13.250000000000002 76.250000000000014 0.4088634997606278
decision_type=2 2 2 2 2 2 2 2 2 2 2 2 2 2 2 2 2 2 2 2 2 2 2 2 2 2 2 2 2 2
left_child=-1 2 24 -4 7 6 -6 10 9 -9 -3 12 19 14 15 16 17 -14 -16 20 -7 -22 -23 -24 25 -2 -27 28 -26 -30
right_child=1 4 3 -5 5 11 -8 8 -10 -11 -12 -13 13 -15 18 -17 -18 -19 -20 -21 21 22 23 -25 27 26 -28 -29 29 -31
leaf_value=-0.047759998836622873 -0.09573492688291213 -0.021732853092607515 0.44954379406390771 0.052885647324415357 0.86601313437483673 -0.061356201613869232 -0.059548148075374986 -0.061333361731210193 -0.048215765273362653 0.48464172888493195 -0.2173341845264497 0.00063040609189682513 0.2251569768175101 -0.016647238535766783 0.019736627890513496 1.1010887475008619 0.40752311928092316 -0.16452506433435998 -0.38395419949117832 -0.091669575046275709 0.36139558286599394 -0.030682073295802664 0.39395044063979934 0.027084835228179734 0.25576511723599554 0.35778729106442864 0.030735064967840661 -0.036685799467979466 0.22273235974320468 -0.039532386817281016
leaf_weight=861 85 138 66 65 69 764 327 168 1046 69 173 208788 78 3031 52 51 53 86 68 1278 53 399 55 62 87 104 119 843 69 184
leaf_count=861 85 138 66 65 69 764 327 168 1046 69 173 208788 78 3031 52 51 53 86 68 1278 53 399 55 62 87 104 119 843 69 184
internal_value=-3.25055e-11 0.000188259 0.0402326 0.252729 -0.000111324 0.00020333 0.101724 -0.0425943 -0.0212762 0.0976214 -0.13054 1.61844e-05 -0.0212512 0.0016458 0.144548 0.302863 0.115262 0.0208115 -0.209022 -0.0512338 -0.0124665 0.0531781 0.0215201 0.199543 0.0215626 0.106266 0.183262 -0.000490271 0.0892533 0.0319944
internal_weight=219291 218430 1622 131 216808 215214 396 1594 1283 237 311 214818 6030 3419 388 268 217 164 120 2611 1333 569 516 117 1491 308 223 1183 340 253
internal_count=219291 218430 1622 131 216808 215214 396 1594 1283 237 311 214818 6030 3419 388 268 217 164 120 2611 1333 569 516 117 1491 308 223 1183 340 253
is_linear=0
shrinkage=0.05


Tree=125
num_leaves=31
num_cat=0
split_feature=8 10 10 4 9 11 10 4 6 1 2 0 3 5 3 11 10 2 12 9 1 13 7 0 13 9 3 9 5 3
split_gain=758.074 1211.57 2995.67 1807.42 1073.72 1037.68 3396.03 1008.71 1549.28 1542.66 4204.85 859.931 1220.48 1543.71 853.798 813.956 3937.24 12791.8 5802.89 2872.37 5875.59 2413.77 3431.24 3753.13 3662.8 4634.8 3602.05 3195.59 3559.5 4253.66
threshold=54.36689758300782 -0.95236876606941212 -0.97505551576614369 2.9496912956237797 29.672808647155765 -0.98208922147750843 -0.04732095077633857 102.05446624755861 6.5772912502288827 31.031655311584476 14.601128578186037 4.9965629577636728 28.715373039245609 27.160553932189945 26.103140830993656 -0.99626126885414112 -0.064507851377129541 23.293423652648929 17.750000000000004 33.13313293457032 32.605567932128913 78.250000000000014 32.123796463012702 34.291585922241218 80.750000000000014 33.13313293457032 30.562795639038089 33.178802490234382 32.791051864624031 33.534557342529304
decision_type=2 2 2 2 2 2 2 2 2 2 2 2 2 2 2 2 2 2 2 2 2 2 2 2 2 2 2 2 2 2
left_child=7 2 4 -4 -2 6 -3 15 -9 10 -10 12 13 -7 -13 16 17 18 19 -1 -21 -18 24 26 25 -23 -24 -28 -29 -30
right_child=1 5 3 -5 -6 11 -8 8 9 -11 -12 14 -14 -15 -16 -17 21 -19 -20 20 -22 22 23 -25 -26 -27 27 28 29 -31
leaf_value=0.028517362338976122 -0.14430974042113645 0.37531851429354263 0.48523975567147137 0.084024489379953604 0.10025185263332199 -0.083836006645911509 -0.1880764586464414 -0.11224515982903541 0.6196667385451935 -0.062175846625776854 0.046644797522661298 0.029507625622804776 -0.059918303772226539 0.26950136913337569 -0.14264923062755749 -0.00037112738957234179 -0.034115747396699987 0.85947808897388844 -0.13683443566671114 0.64019616274948588 0.074875698441151273 0.43180364700238832 0.27652185555260916 -0.28074712630499293 0.033896575528690673 -0.013895023250105706 -0.086083824228280009 -0.12715284075939984 0.23406392731389569 0.026290405063431652
leaf_weight=142 132 54 50 64 68 56 53 64 51 51 86 86 626 69 443 211348 2290 56 214 83 103 173 130 108 349 88 666 254 326 1008
leaf_count=142 132 54 50 64 68 56 53 64 51 51 86 86 626 69 443 211348 2290 56 214 83 103 173 130 108 349 88 666 254 326 1008
internal_value=3.3079e-11 -0.0332493 0.0554388 0.259996 -0.0611588 -0.0533272 0.0962537 0.000259925 0.100237 0.172572 0.25996 -0.0658313 -0.0314355 0.111206 -0.114662 0.000144003 0.0183196 0.140044 0.065711 0.19786 0.327142 0.00481977 0.0335633 0.00754578 0.139851 0.28153 0.020606 0.00584602 0.044401 0.0770656
internal_weight=219291 1701 314 114 200 1387 107 217590 252 188 137 1280 751 125 529 217338 5990 598 542 328 186 5392 3102 2492 610 261 2384 2254 1588 1334
internal_count=219291 1701 314 114 200 1387 107 217590 252 188 137 1280 751 125 529 217338 5990 598 542 328 186 5392 3102 2492 610 261 2384 2254 1588 1334
is_linear=0
shrinkage=0.05


Tree=126
num_leaves=31
num_cat=0
split_feature=12 12 10 10 11 7 9 1 11 10 0 11 11 13 9 5 13 7 10 9 0 4 11 10 13 10 0 1 12 9
split_gain=742.068 1895.66 1701.99 2002.46 2595.49 1798.66 2571.36 1694.01 1587.48 5253.83 5715.77 4640.41 5102.14 2863.77 4008.86 4488.53 2706.14 2222.71 7686.54 1977.9 2445.28 1784.32 1801 3942.26 2842.85 3824.17 2642.41 2411.97 2404.06 2224.48
threshold=13.750000000000002 12.750000000000002 0.081675637513399138 0.030120026320219043 0.99814856052398693 34.392345428466804 35.224086761474616 29.511097908020023 -0.86092913150787342 -0.42888796329498285 2.2945755720138554 -0.67758968472480763 -0.46734189987182612 79.750000000000014 28.981591224670414 29.23655986785889 79.250000000000014 25.087244987487797 -0.70252096652984608 27.149890899658207 10.602891921997072 8.6941146850585955 -0.07309242337942122 -0.93535929918289173 77.750000000000014 -0.99466162919998158 8.0241575241088885 29.123982429504398 13.250000000000002 31.793825149536136
decision_type=2 2 2 2 2 2 2 2 2 2 2 2 2 2 2 2 2 2 2 2 2 2 2 2 2 2 2 2 2 2
left_child=1 -1 3 5 7 6 8 -5 9 10 -3 -10 16 17 15 -15 19 18 -14 -13 -21 22 29 24 25 27 -26 -24 -27 -19
right_child=-2 2 -4 4 -6 -7 -8 -9 11 -11 -12 12 13 14 -16 -17 -18 21 -20 20 -22 -23 23 -25 26 28 -28 -29 -30 -31
leaf_value=-0.0055426282734962178 -0.0013123889628589168 0.13269943524039154 0.0016213709155251704 -0.10195950211548224 0.42254825474616764 -0.060677754855501913 0.36446414090179169 0.19495055211129889 -0.093055909433366987 0.037556339393399633 0.66922745458047161 -0.011985894403559098 0.65109376680042796 0.12429852715775938 0.05615418003670769 0.7157752184404268 -0.064438154043062884 -0.093713868077821949 -0.033043581777148778 0.29434858136787811 0.037106895052334846 -0.062904558921254225 -0.065156611859155208 0.0014352300520738288 0.097394420829836348 0.50638636408858939 -0.19192459952860777 0.30382711593634809 0.18922697988105941 0.10030887311814647
leaf_weight=17456 182197 165 9324 82 72 547 58 116 795 1292 71 94 59 79 509 54 115 664 135 413 119 870 139 2910 361 119 101 65 120 190
leaf_count=17456 182197 165 9324 82 72 547 58 116 795 1292 71 94 59 79 509 54 115 664 135 413 119 870 139 2910 361 119 101 65 120 190
internal_value=-3.40709e-11 0.00644615 0.0171028 0.0310983 0.165471 0.0274861 0.0325641 0.0719878 0.0305247 0.0771815 0.294113 0.021513 0.0343126 0.0198783 0.120022 0.364447 0.158495 0.00866389 0.175019 0.199449 0.236808 0.00283741 0.0150875 0.02978 0.120922 0.21142 0.034145 0.0524117 0.347143 -0.0505472
internal_weight=219291 37094 19638 10314 270 10044 9497 198 9439 1528 236 7911 7116 6375 642 133 741 5733 194 626 532 5539 4669 3815 905 443 462 204 239 854
internal_count=219291 37094 19638 10314 270 10044 9497 198 9439 1528 236 7911 7116 6375 642 133 741 5733 194 626 532 5539 4669 3815 905 443 462 204 239 854
is_linear=0
shrinkage=0.05


Tree=127
num_leaves=31
num_cat=0
split_feature=13 11 7 3 10 11 3 0 7 12 10 3 1 3 13 5 9 11 3 11 3 3 6 12 10 12 13 13 1 10
split_gain=745.275 2081.32 3369.71 2493.05 2181.59 11801.6 7624.37 6956.1 6677.59 10242.3 9601.49 15522.8 19619.8 7183.13 4158.44 3830.9 8845.95 2946.82 6687.61 4442.59 16519.1 10827.8 7342.5 6881.59 5760.98 5890.46 4492.33 4106.95 7576.77 3391.74
threshold=79.750000000000014 -0.99981480836868275 33.934738159179695 34.529788970947273 -0.52707284688949574 -0.73829901218414296 27.481372833251957 22.826900482177738 32.289096832275398 18.250000000000004 -0.56314551830291737 33.87755203247071 33.17713928222657 30.851837158203129 82.750000000000014 32.095417022705085 30.807463645935062 -0.48248986899852747 26.103140830993656 -0.35768499970436091 30.38144683837891 29.118277549743656 3.2891949415206914 17.750000000000004 -0.90880924463272084 17.250000000000004 82.750000000000014 82.250000000000014 32.754205703735359 -0.92263099551200856
decision_type=2 2 2 2 2 2 2 2 2 2 2 2 2 2 2 2 2 2 2 2 2 2 2 2 2 2 2 2 2 2
left_child=-1 2 3 -2 5 6 7 -3 15 13 14 12 -12 -10 -11 -8 -17 18 -7 20 21 -19 -23 -21 25 -22 -25 28 -27 -29
right_child=1 4 -4 -5 -6 17 8 -9 9 10 11 -13 -14 -15 -16 16 -18 19 -20 23 24 22 -24 26 -26 27 -28 29 -30 -31
leaf_value=-0.0020151389250958377 0.10490632328362536 0.15130305441943082 0.38773762583690569 -0.27586918043402525 -0.0025403629621599325 0.32989293405832343 -0.048386309332074537 0.96196449936604977 0.61750124108557614 0.36504613368603211 1.4359468511854991 -0.072136012394109675 0.27398471591227197 -0.0026974024035144543 -0.0048784008357794055 0.7750117365568876 0.015849805821975073 0.10047134800055593 -0.048047041009873226 0.055234256020783502 -0.13701443024325055 1.2583778745852985 0.47636534799362579 -0.03952029934423465 -0.071436917281744311 0.18475189478904122 0.028886687216145221 -0.18005542901627136 0.76886195914892408 0.22314402347814943
leaf_weight=148376 248 55 90 52 47515 121 713 51 51 149 78 58 68 552 155 50 165 97 3584 4800 151 52 71 7200 698 199 3600 89 77 126
leaf_count=148376 248 55 90 52 47515 121 713 51 51 149 78 58 68 552 155 50 165 97 3584 4800 151 52 71 7200 698 199 3600 89 77 126
internal_value=-5.12368e-12 0.00421629 0.119405 0.0389052 0.0035793 0.0162162 0.127897 0.541338 0.106403 0.1891 0.354501 0.619857 0.894759 0.0497572 0.176433 0.0073991 0.192399 0.00473507 -0.0357041 0.0134662 0.0939169 0.49547 0.806972 0.00542118 0.0279903 0.13609 -0.016718 0.22008 0.34771 0.0562382
internal_weight=219291 70915 390 300 70525 23010 2145 106 2039 1111 508 204 146 603 304 928 215 20865 3705 17160 1560 220 123 15600 1340 642 10800 491 276 215
internal_count=219291 70915 390 300 70525 23010 2145 106 2039 1111 508 204 146 603 304 928 215 20865 3705 17160 1560 220 123 15600 1340 642 10800 491 276 215
is_linear=0
shrinkage=0.05


Tree=128
num_leaves=31
num_cat=0
split_feature=11 10 13 10 1 5 12 5 3 12 10 11 11 10 7 12 7 7 11 11 3 8 6 6 12 12 10 11 11 9
split_gain=736.553 3175.97 2233.58 2683.96 3352.51 4438.76 3748.85 4819.25 3557.09 1987.32 9676.16 1762.42 2230.18 8301.25 18461.8 11558.8 23124.7 5265.27 1773.04 4794.6 13465.6 4974.98 22860.5 4213.45 2579.69 2967.23 1620.78 1412.27 6626.4 33360.1
threshold=0.98367285728454601 0.030120026320219043 78.750000000000014 0.13301347196102145 29.725203514099125 27.656976699829105 18.750000000000004 28.897807121276859 29.202402114868168 14.750000000000002 0.064507851377129569 0.93834263086318981 0.90515965223312389 -0.38962684571743006 31.395439147949222 15.250000000000002 30.401480674743656 29.605284690856937 0.8189845383167268 0.79874977469444286 32.954833984375007 3.1355441808700566 1.3809829950332644 71.000598907470717 13.750000000000002 15.250000000000002 -0.40542197227478022 0.70860043168067943 0.60503363609313976 27.555355072021488
decision_type=2 2 2 2 2 2 2 2 2 2 2 2 2 2 2 2 2 2 2 2 2 2 2 2 2 2 2 2 2 2
left_child=11 -2 -3 9 5 -5 8 -8 -7 10 -4 12 18 14 15 16 17 26 19 27 21 -21 -23 -20 -24 -26 -14 28 -1 -30
right_child=1 2 3 4 -6 6 7 -9 -10 -11 -12 -13 13 -15 -16 -17 -18 -19 23 20 -22 22 24 -25 25 -27 -28 -29 29 -31
leaf_value=-0.0016126426929961445 -0.0085629726328422806 0.010252001700386523 0.6922063771635294 -0.010989754700904374 0.0089147599178776415 0.074722120178863413 0.70480931117904921 0.12442696932038028 0.46244559474732905 0.0099567288232697976 -0.035230758152902129 -0.019242893952010356 0.19540738456679466 0.0010540087401581571 1.069300017792445 0.00071199620747239387 1.3402801806330682 0.59999636232852938 -0.021070609418338493 0.030195934406865899 0.86665554873358741 1.1840260479247795 -0.30197477981161613 0.41364552309470515 0.41032390746474268 -0.10926177648247266 -0.062747572056416956 -0.018799482973336005 0.56008541056637962 0.024434249895090916
leaf_weight=155574 7236 2346 64 159 293 200 99 56 84 1162 160 12060 133 4824 52 799 50 60 12004 2144 52 53 52 56 50 61 112 9648 300 9348
leaf_count=155574 7236 2346 64 159 293 200 99 56 84 1162 160 12060 133 4824 52 799 50 60 12004 2144 52 53 52 56 50 61 112 9648 300 9348
internal_value=-4.92093e-11 0.0121192 0.0444914 0.0797684 0.147473 0.215362 0.297344 0.495123 0.189401 0.0362439 0.172608 -0.000692864 0.0004522 0.0303868 0.147718 0.106191 0.343592 0.180201 -0.00050113 0.000760835 0.0707745 0.0532381 0.281953 -0.019052 -0.0113587 0.124786 0.0773937 -0.00020487 0.000880946 0.0410901
internal_weight=219291 11859 4623 2277 891 598 439 155 284 1386 224 207432 195372 6030 1206 1154 355 305 189342 177282 2412 2360 216 12060 163 111 245 174870 165222 9648
internal_count=219291 11859 4623 2277 891 598 439 155 284 1386 224 207432 195372 6030 1206 1154 355 305 189342 177282 2412 2360 216 12060 163 111 245 174870 165222 9648
is_linear=0
shrinkage=0.05


Tree=129
num_leaves=31
num_cat=0
split_feature=8 4 12 8 4 8 11 2 11 8 4 9 3 7 11 11 1 11 13 0 10 10 10 10 0 0 7 0 13 0
split_gain=705.307 1484.04 2275.76 2434.54 1602.78 1381.73 2192.93 4392.99 7377.11 3900.44 3389.56 2808.7 3101.12 3070.56 2432.8 7314.42 2380.04 2228.19 1772.37 2607.69 3383.04 2169.99 3390.28 2841.22 3338 3417.5 5952.01 2315.51 2657.56 1376.03
threshold=40.761636734008796 7.5896358489990243 14.250000000000002 80.921409606933608 7.0019514560699472 21.247849464416507 -0.90878397226333607 21.745800971984867 -0.99049577116966236 35.23883247375489 5.6224546432495126 30.807463645935062 36.546129226684577 32.289096832275398 -0.96227341890335072 -0.95234230160713185 28.517326354980472 -0.59815874695777882 83.250000000000014 3.2410799264907841 -0.93535929918289173 -0.89391031861305226 -0.59817537665367115 -0.63874351978301991 0.83737522363662731 30.451300621032718 28.14733982086182 2.8896661996841435 79.250000000000014 26.807853698730472
decision_type=2 2 2 2 2 2 2 2 2 2 2 2 2 2 2 2 2 2 2 2 2 2 2 2 2 2 2 2 2 2
left_child=5 2 3 -2 -4 -1 7 11 -9 10 -10 13 29 14 16 -16 -7 -8 21 20 -20 -19 23 24 -23 26 -26 -28 -29 -13
right_child=1 -3 4 -5 -6 6 17 8 9 -11 -12 12 -14 -15 15 -17 -18 18 19 -21 -22 22 -24 -25 25 -27 27 28 -30 -31
leaf_value=-0.00036564369769331672 0.053370374173960226 -0.064656748972494238 -0.032905584581184595 0.37563457115404852 0.25459895509481434 0.19564093825123882 -0.046249799076848716 0.77871498534312611 0.30756564590375168 0.47484362917020917 -0.10735315083443714 -0.027125995570568235 0.35740668925584534 0.45115210880835854 0.56623448359555206 0.029887776306861919 -0.10489530233939276 -0.015948365117993645 0.55527077731031638 -0.085396183789640243 0.0668576016687812 -0.0028600372163759126 -0.026026877810065303 0.4818966035910866 0.73122034309402351 -0.10906138472259044 -0.099950532428920269 0.53616723172880454 0.079959014309963716 -0.27674774775060557
leaf_weight=209098 389 1297 1590 69 50 92 1505 52 74 64 147 859 51 60 87 236 232 1876 65 69 78 310 517 57 63 60 56 58 71 59
leaf_count=209098 389 1297 1590 69 50 92 1505 52 74 64 147 859 51 60 87 236 232 1876 65 69 78 310 517 57 63 60 56 58 71 59
internal_value=5.85767e-12 -0.0226126 0.00337938 0.101921 -0.0241402 0.000355587 0.0225398 0.0663233 0.231045 0.131119 0.0315789 0.0332021 -0.0220863 0.108979 0.0772476 0.174353 -0.0195579 0.00412047 0.0272324 0.167053 0.288864 0.0175708 0.0703241 0.144122 0.112968 0.229548 0.31147 0.168527 0.285076 -0.0431692
internal_weight=219291 3395 2098 458 1640 215896 6798 2013 337 285 221 1676 969 707 647 323 324 4785 3280 212 143 3068 1192 675 618 308 248 185 129 918
internal_count=219291 3395 2098 458 1640 215896 6798 2013 337 285 221 1676 969 707 647 323 324 4785 3280 212 143 3068 1192 675 618 308 248 185 129 918
is_linear=0
shrinkage=0.05


Tree=130
num_leaves=31
num_cat=0
split_feature=9 1 8 3 3 7 10 5 10 12 11 11 12 10 1 10 11 1 5 8 5 7 9 10 7 3 10 9 2 11
split_gain=713.013 883.607 2210.17 1874.8 1120.22 920.519 14565.1 1024.11 3421.49 3626.01 2728.06 2637.43 2139.92 1977.88 1386.39 1292.31 6274.38 1606.48 1298.49 1194.46 1035.15 2503.3 3609.07 8196.21 3758.62 7689.91 14886 4072.47 2741.06 7237.63
threshold=24.513104438781742 25.152820587158207 22.805819511413578 25.124748229980472 24.554425239562992 24.51005840301514 -0.70252096652984608 26.919746398925785 0.72066047787666332 17.750000000000004 -0.98208922147750843 -0.97502842545509327 15.250000000000002 -0.20088869333267209 30.885951995849613 -0.92263099551200856 0.28434865176677709 29.164972305297855 26.08867168426514 8.4289188385009783 29.861405372619632 34.752220153808601 32.830299377441413 0.7324872910976411 31.824193954467777 30.731786727905277 -0.42888796329498285 32.155923843383796 15.366895198822023 -0.99049577116966236
decision_type=2 2 2 2 2 2 2 2 2 2 2 2 2 2 2 2 2 2 2 2 2 2 2 2 2 2 2 2 2 2
left_child=-1 2 -2 -4 -3 6 -6 8 10 -10 12 13 -7 -12 15 16 17 -13 -19 -16 21 22 24 -24 28 -26 27 -27 -9 -30
right_child=1 4 3 -5 5 7 -8 20 9 -11 11 14 -14 -15 19 -17 -18 18 -20 -21 -22 -23 23 -25 25 26 -28 -29 29 -31
leaf_value=-0.04541120740235103 0.019645444826448762 -0.085982095158356683 0.42156676732455245 0.043250678605758229 0.70724853277206423 -0.05858194385186808 -0.056895050777506243 0.0030476056838609194 0.57169051031768325 -0.024655068637086795 0.43275927653802299 -0.051895879339845331 -0.33336646909230072 0.019588629578550659 -0.17469647877812389 -0.023584137989501465 0.5856000692236657 -0.042046030357480051 0.2860357475908179 0.051657561232384887 -0.0013190907655030418 0.36084511489048604 -0.14466641812721034 0.44938670626235394 0.020697471575234785 0.49536330367035203 -0.11527141146361829 1.1161937675774098 0.50088075075385186 0.036947209156681114
leaf_weight=861 1491 379 66 65 75 169 370 39410 50 52 56 356 122 60 250 5135 51 50 76 76 164727 50 741 63 478 56 80 50 86 3740
leaf_count=861 1491 379 66 65 75 169 370 39410 50 52 56 356 122 60 250 5135 51 50 76 76 164727 50 741 63 478 56 80 50 86 3740
internal_value=-1.49322e-11 0.000179 0.0369458 0.233853 -9.6062e-05 5.43375e-05 0.0718932 -9.36749e-05 -0.0196347 0.267671 -0.0242129 -0.0170893 -0.173784 0.21905 -0.0216593 -0.0158923 0.0582122 0.00240971 0.155845 -0.121927 0.000512944 0.00725616 0.00686068 -0.0981175 0.00878328 0.12684 0.399615 0.788208 0.00697022 0.0473754
internal_weight=219291 218430 1622 131 216808 216429 445 215984 6503 102 6401 6110 291 116 5994 5668 533 482 126 326 209481 44754 44704 804 43900 664 186 106 43236 3826
internal_count=219291 218430 1622 131 216808 216429 445 215984 6503 102 6401 6110 291 116 5994 5668 533 482 126 326 209481 44754 44704 804 43900 664 186 106 43236 3826
is_linear=0
shrinkage=0.05


Tree=131
num_leaves=31
num_cat=0
split_feature=10 5 10 11 8 4 0 12 12 11 9 11 13 3 10 11 12 6 2 10 9 3 7 1 0 8 12 13 12 7
split_gain=709.63 1973.53 1156.01 7422.2 9572.85 5642.82 8146.23 5120.38 3752.46 4150.37 2470.69 5283.69 10841.1 7681.68 3579.05 6110.46 2507.45 2410.08 5961.56 4998.81 3354.14 4183.88 3621.44 4223.17 2476.17 3482.03 4565.14 2288.6 2282.78 2208.47
threshold=-0.99984258413314808 33.085651397705085 -0.99052327871322621 -0.12447465583682059 10.959001064300539 0.52594763040542614 0.20778823643922809 17.750000000000004 16.750000000000004 -0.09024826809763907 31.424944877624515 -0.10737737268209456 79.250000000000014 30.258568763732914 -0.99865758419036854 0.01290981797501445 18.750000000000004 0.59602636098861705 0.11548787727952005 -0.99273952841758717 32.951616287231452 32.033897399902351 31.017259597778324 30.476527214050297 0.72097495198249828 0.83771058917045604 13.750000000000002 81.250000000000014 14.250000000000002 29.747520446777347
decision_type=2 2 2 2 2 2 2 2 2 2 2 2 2 2 2 2 2 2 2 2 2 2 2 2 2 2 2 2 2 2
left_child=1 -1 3 4 5 -2 -7 -8 9 28 27 12 -12 -14 15 -13 -17 18 20 24 21 22 23 -11 -19 26 -26 -10 -5 -29
right_child=2 -3 -4 8 -6 6 7 -9 10 17 11 14 13 -15 -16 16 -18 19 -20 -21 -22 -23 -24 -25 25 -27 -28 29 -30 -31
leaf_value=-0.051961830021621275 -0.06529249603647673 0.26007999670955367 -0.00051898674070493232 -0.19099131618650556 0.8226066075403381 0.72842106737403411 0.40365644175596915 -0.059638591519246498 -0.089020137594436 0.14509476020770229 0.84574555324946066 -0.073945862455884664 -0.44066748140523071 0.42731632673577408 -0.046534363511334928 0.5623361426591873 0.18910344742415919 -0.067824209563920643 0.010399638425389475 0.49047872391171182 -0.010392896486728481 0.40748970748296359 -0.022984700233711561 0.55406835546353084 -0.090950841746396505 -0.025893276797335142 0.48264087740447104 -0.14389056343754586 0.015883899782699922 0.0644163128960938
leaf_weight=1153 228 53 209643 258 54 72 99 150 1760 230 57 193 52 50 1339 70 126 703 869 52 165 246 181 87 54 253 97 165 276 556
leaf_count=1153 228 53 209643 258 54 72 99 150 1760 230 57 193 52 50 1339 70 126 703 869 52 165 246 181 87 54 253 97 165 276 556
internal_value=6.19704e-11 -0.0382485 0.000211513 0.0183523 0.187391 0.12491 0.260008 0.124563 0.00534929 0.0441564 -0.0254885 0.0176302 0.29345 -0.0151852 -0.00774913 0.125756 0.322401 0.0674698 0.104038 0.0113704 0.193557 0.238788 0.155453 0.257337 -0.0111351 0.0875095 0.277515 -0.0582837 -0.084067 0.0167455
internal_weight=219291 1206 218085 8442 603 549 321 249 7839 3471 4368 1887 159 102 1728 389 196 2937 1778 1159 909 744 498 317 1107 404 151 2481 534 721
internal_count=219291 1206 218085 8442 603 549 321 249 7839 3471 4368 1887 159 102 1728 389 196 2937 1778 1159 909 744 498 317 1107 404 151 2481 534 721
is_linear=0
shrinkage=0.05


Tree=132
num_leaves=31
num_cat=0
split_feature=13 11 7 11 11 9 1 13 3 10 11 4 10 9 1 3 10 1 6 10 9 0 3 10 0 1 9 12 1 10
split_gain=706.951 1924.58 4149.84 2030.36 7639.56 7495.65 12639 6255.76 5644.55 15576.3 3634.52 6356.74 3177.41 3093.63 7597.32 3952.08 3006.27 3412.8 3898.5 4498.71 6008.35 5928.37 5857.75 3034.92 3789.41 3995.64 3065.09 3951.11 2922.58 2698.95
threshold=80.250000000000014 -0.99981480836868275 33.934738159179695 -0.86092913150787342 -0.82389250397682179 31.070920944213871 33.641326904296882 81.250000000000014 33.644670486450202 -0.5343676209449767 -0.9412824511528014 0.23112435638904574 -0.45972847938537592 29.709169387817386 28.172838211059574 27.895131111145023 -0.20088869333267209 28.667558670043949 0.95357385277748119 -0.09881922602653502 32.870351791381843 3.6837967634201054 31.7401237487793 -0.030120026320219036 17.53166484832764 30.41554164886475 32.322616577148445 19.250000000000004 30.41554164886475 -0.5343676209449767
decision_type=2 2 2 2 2 2 2 2 2 2 2 2 2 2 2 2 2 2 2 2 2 2 2 2 2 2 2 2 2 2
left_child=-1 2 -2 7 5 -5 8 10 9 -7 11 28 -12 15 -15 -13 -9 -18 -19 20 21 -20 -23 24 25 -21 27 -25 -3 -8
right_child=1 3 -4 4 -6 6 29 16 -10 -11 12 13 -14 14 -16 -17 17 18 19 23 -22 22 -24 26 -26 -27 -28 -29 -30 -31
leaf_value=-0.0016336188077938577 0.047065723995607066 0.56123471663548397 0.54213014046351116 -0.1855737613796373 0.0051581381929717372 1.0714639015576761 -0.25863047073284789 -0.095481445625340361 0.078010897499969215 0.25404183575004902 0.19540708323914766 0.53788871895521884 -0.065613223123336922 -0.56249159727441644 0.0308693952779872 0.057296338117529835 -0.26771359014160495 -0.060112844163656955 0.06951750445695333 0.33028416249389747 -0.17893960283925903 0.89771654496435083 0.2335964681553668 -0.1837856293681103 -0.52108978867530831 -0.17794452763162555 0.086081854417515105 0.1043254870578855 0.19896700538733264 0.091941946659715779
leaf_weight=164741 249 65 51 160 44050 92 60 1995 83 159 135 64 855 57 1007 129 136 2147 121 51 78 64 69 296 55 160 929 199 388 646
leaf_count=164741 249 65 51 160 44050 92 60 1995 83 159 135 64 855 57 1007 129 136 2147 121 51 78 64 69 296 55 160 929 199 388 646
internal_value=3.47583e-12 0.00493353 0.131227 0.00423513 0.00854902 0.133023 0.182037 -0.0174541 0.435456 0.553655 0.0462221 0.090362 -0.0300195 0.0324897 -0.000917801 0.216664 -0.0447439 -0.0212314 -0.0131907 0.0366321 0.204899 0.32277 0.553173 0.00357615 -0.151453 -0.0551025 0.0325353 -0.0679591 0.250948 0.0621483
internal_weight=219291 54550 300 54250 45250 1200 1040 9000 334 251 2700 1710 990 1257 1064 193 6300 4305 4169 2022 332 254 133 1690 266 211 1424 495 453 706
internal_count=219291 54550 300 54250 45250 1200 1040 9000 334 251 2700 1710 990 1257 1064 193 6300 4305 4169 2022 332 254 133 1690 266 211 1424 495 453 706
is_linear=0
shrinkage=0.05


Tree=133
num_leaves=31
num_cat=0
split_feature=10 12 10 2 10 0 3 0 1 6 1 13 6 10 11 1 10 11 4 0 9 7 5 2 6 1 13 5 9 12
split_gain=687.816 769.518 3003.76 1658.57 1535.83 1407.96 1619.51 3081.72 2149.8 1481.14 1359.65 1294.64 1125.75 1480.47 6568.1 2476.37 1099.34 9997.79 11017 6613.48 7271.01 4529.31 7069.12 2249.41 2243.34 1830.45 3276.95 4384.49 5941.98 5732.89
threshold=0.98930501937866222 19.750000000000004 -0.98211652040481556 71.102645874023452 -0.99466162919998158 0.2452519163489342 27.172071456909183 32.250623703002937 29.001231193542484 51.300893783569343 30.825210571289066 83.250000000000014 0.92980360984802257 -0.92263099551200856 0.21771516650915149 31.618682861328129 -0.99052327871322621 -0.12447465583682059 0.52594763040542614 0.29220308363437658 30.807463645935062 30.310089111328129 30.756749153137211 27.58565711975098 7.7277843952178964 33.32238960266114 79.250000000000014 33.532917022705085 31.730870246887211 18.250000000000004
decision_type=2 2 2 2 2 2 2 2 2 2 2 2 2 2 2 2 2 2 2 2 2 2 2 2 2 2 2 2 2 2
left_child=1 16 4 5 10 12 7 -7 11 -10 -3 -8 -4 14 15 -14 17 18 -1 -20 -21 -22 -23 24 25 -19 27 28 -27 -30
right_child=-2 2 3 -5 -6 6 8 -9 9 -11 -12 -13 13 -15 -16 -17 -18 23 19 20 21 22 -24 -25 -26 26 -28 -29 29 -31
leaf_value=-0.040162994215236197 -0.012645246930177007 0.11307500570203909 -0.00094467732606664406 0.2484308886528015 -0.14427311894606407 0.015529113485374385 -0.14631381889266645 0.4382965148354952 -0.01626391001975426 -0.23313758206728383 -0.067131137089417856 0.062481816892707077 0.22709733075622857 0.023369400985863154 -0.06719518967129133 0.70726202785968784 0.00076208204815301855 0.017207549226367188 0.83721706523663464 0.83110885605216023 -0.24968014102356109 0.77250660050149067 0.042742760142213426 -0.10002336194719304 -0.038149209210479804 -0.049822264302167157 -0.008753005097379217 -0.076416194645396202 0.82139677924987609 0.18289247145876289
leaf_weight=227 10251 129 10809 65 570 252 543 52 4946 80 555 86 58 1422 143 50 180544 5388 72 50 51 51 95 479 1749 63 286 83 78 64
leaf_count=227 10251 129 10809 65 570 252 543 52 4946 80 555 86 58 1422 143 50 180544 5388 72 50 51 51 95 479 1749 63 286 83 78 64
internal_value=-4.73639e-11 0.000620103 -0.00876899 -0.00369439 -0.0836577 -0.00458307 -0.0245784 0.0878446 -0.030622 -0.0197159 -0.0331449 -0.117766 0.00496283 0.0431304 0.155083 0.449396 0.00160028 0.0189231 0.226086 0.415548 0.292632 0.155963 0.29766 0.00511227 0.0116432 0.0262502 0.111131 0.230183 0.354318 0.53362
internal_weight=219291 209040 19760 18506 1254 18441 5959 304 5655 5026 684 629 12482 1673 251 108 189280 8736 546 319 247 197 146 8190 7711 5962 574 288 205 142
internal_count=219291 209040 19760 18506 1254 18441 5959 304 5655 5026 684 629 12482 1673 251 108 189280 8736 546 319 247 197 146 8190 7711 5962 574 288 205 142
is_linear=0
shrinkage=0.05


Tree=134
num_leaves=31
num_cat=0
split_feature=13 10 11 4 1 11 9 6 10 10 1 8 0 10 10 7 12 10 10 11 6 7 12 2 12 11 11 9 13 4
split_gain=684.679 3357.52 2177.12 2069.43 1729.17 3014.73 5144.47 5432.25 2790.87 4278.36 1606.76 1250.88 4968.43 1099.87 1095.06 1060.83 1054.33 2988.16 1790.91 7871.31 10552.7 8237.63 9971.06 3136.37 2617.65 3756.01 3662.18 9474.13 10100.9 2260.18
threshold=83.750000000000014 -0.99865758419036854 -0.62538740038871754 0.6185206174850465 32.79255676269532 -0.97870382666587818 33.473875045776374 0.69721096754074108 -0.51973900198936451 -0.62540480494499195 28.812848091125492 21.768621444702152 0.63343629240989696 -0.99984258413314808 -0.74981945753097523 29.461111068725589 19.750000000000004 -0.98211652040481556 -0.99052327871322621 -0.12447465583682059 1.0000000180025095e-35 29.384826660156254 18.750000000000004 2.5684474706649785 16.750000000000004 -0.09024826809763907 -0.10737737268209456 31.823954582214359 79.750000000000014 3.6038564443588261
decision_type=2 2 2 2 2 2 2 2 2 2 2 2 2 2 2 2 2 2 2 2 2 2 2 2 2 2 2 2 2 2
left_child=13 3 4 -2 5 6 7 -3 9 -6 -7 -4 -13 15 -12 -1 18 -18 19 20 29 -22 23 -23 25 -21 27 -26 -29 -15
right_child=1 2 11 -5 8 10 -8 -9 -10 -11 14 12 -14 16 -16 -17 17 -19 -20 24 21 22 -24 -25 26 -27 -28 28 -30 -31
leaf_value=0.013279019107753906 0.52813074249029168 -0.13095169858290598 0.024635979070569285 0.08918728887520988 -0.064639969310670536 0.11972522979974748 -0.24470314890146258 0.52880333486275799 -0.019617302107264048 0.57371752680852439 0.038255187181123307 0.4300096958704378 -0.098446613378249684 -0.077679372301608471 -0.20162184943915698 -0.085327974502300508 -0.097768417692180573 -0.0070094995484894802 -0.00013096361196614147 -0.080621189396472628 -0.019383805720270545 1.152398989988225 0.081061443567661373 0.64710285755641328 -0.079228122961340533 0.063536610697118398 -0.034620404089427341 1.0426687629022637 0.060741323076865895 0.25084668149010864
leaf_weight=433 50 52 4388 58 53 50 80 78 989 52 53 87 91 217 465 737 960 16400 186697 534 69 56 58 68 165 2937 3240 50 55 69
leaf_count=433 50 52 4388 58 53 50 80 78 989 52 53 87 91 217 465 737 960 16400 186697 534 69 56 58 68 165 2937 3240 50 55 69
internal_value=1.96084e-11 0.0159274 0.0112894 0.292402 -0.0341205 -0.0911047 0.0707663 0.264901 0.00640391 0.251499 -0.150951 0.0299069 0.159844 -0.000490074 -0.177078 -0.048835 -0.000222729 -0.0120284 0.000832529 0.0247593 0.209224 0.445822 0.622192 0.875301 0.0105697 0.0413585 -0.0198771 0.157043 0.528326 0.00158041
internal_weight=219291 6546 6438 108 1872 778 210 130 1094 105 568 4566 178 212745 518 1170 211575 17360 194215 7518 537 251 182 124 6981 3471 3510 270 105 286
internal_count=219291 6546 6438 108 1872 778 210 130 1094 105 568 4566 178 212745 518 1170 211575 17360 194215 7518 537 251 182 124 6981 3471 3510 270 105 286
is_linear=0
shrinkage=0.05


Tree=135
num_leaves=31
num_cat=0
split_feature=8 10 10 9 10 10 1 1 10 0 0 10 8 9 4 5 6 0 13 11 1 12 10 11 3 10 1 9 1 1
split_gain=683.25 1099.89 2654.25 1775.9 995.372 2331.58 1893.12 2486.35 1084.95 1096.57 1053.57 1008.88 1891.04 935.298 868.302 1556.54 1316.17 844.541 726.01 1772.48 3946.52 2498.99 1931.63 11326.1 7179.59 9777.86 13037.3 11019.3 3945.88 3957.45
threshold=54.36689758300782 -0.95236876606941212 -0.97505551576614369 28.323177337646488 -0.51973900198936451 -0.45972847938537592 28.291425704956058 26.945723533630375 -0.39753912389278406 13.182047367095949 7.1683132648468026 -0.04732095077633857 64.245113372802749 29.189107894897464 102.05446624755861 28.155348777771 13.152827739715578 7.2772393226623544 80.250000000000014 -0.99981480836868275 33.17713928222657 19.250000000000004 -0.51236665248870839 -0.73829901218414296 32.328271865844734 -0.63874351978301991 28.348099708557132 31.666115760803226 31.870696067810062 32.911146163940437
decision_type=2 2 2 2 2 2 2 2 2 2 2 2 2 2 2 2 2 2 2 2 2 2 2 2 2 2 2 2 2 2
left_child=14 2 13 -4 10 -6 7 -7 -8 11 -3 12 -10 -2 18 16 -16 -18 -1 20 -20 -22 23 24 25 26 -21 -28 -26 -30
right_child=1 4 3 -5 5 6 8 -9 9 -11 -12 -13 -14 -15 15 -17 17 -19 19 22 21 -23 -24 -25 28 -27 27 -29 29 -31
leaf_value=-0.0015214267502854867 -0.15462004429237408 -0.045969973950449272 0.46875470606982711 0.071053661522455513 0.25296405961116153 -0.056100367909480989 -0.21958357331209949 0.39896429965200908 0.275486647273813 -0.22193918608843466 -0.17788667684002801 -0.10086947311506128 -0.047734005920324313 0.062721298966142869 -0.16706549346507077 0.31054093323407639 0.23615522962897573 -0.020992726527276587 -0.095934628998907687 1.0325880863964558 0.42155644472956927 0.034866394258257168 -0.0021412779803564571 0.004687030652565349 -0.098448463855949173 -0.049076866126865196 -0.049686611577265533 0.79304926508665086 0.43418484419771208 0.19215819126378014
leaf_weight=163385 110 396 50 64 75 71 112 52 70 73 245 165 128 90 62 62 67 61 119 50 111 67 36031 15860 73 712 173 50 279 428
leaf_count=163385 110 396 50 64 75 71 112 52 70 73 245 165 128 90 62 62 67 61 119 50 111 67 36031 15860 73 712 173 50 279 428
internal_value=2.42342e-11 -0.0315658 0.0529359 0.245484 -0.050696 -0.0114329 -0.0409855 0.136285 -0.0807742 -0.0451168 -0.0963906 -0.00955744 0.0665359 -0.0568164 0.000246764 0.0930052 0.0220199 0.113608 0.000139212 0.0051681 0.126978 0.276005 0.00449385 0.0180581 0.138208 0.0484704 0.302879 0.139268 0.251531 0.287668
internal_weight=219291 1701 314 114 1387 746 671 123 548 436 641 363 198 200 217590 252 190 128 217338 53953 297 178 53656 17625 1765 985 273 223 780 707
internal_count=219291 1701 314 114 1387 746 671 123 548 436 641 363 198 200 217590 252 190 128 217338 53953 297 178 53656 17625 1765 985 273 223 780 707
is_linear=0
shrinkage=0.05


Tree=136
num_leaves=31
num_cat=0
split_feature=11 10 13 6 10 12 10 1 3 12 5 3 11 11 10 7 12 7 7 11 11 3 8 6 6 12 13 10 3 11
split_gain=677.223 2877.19 2004.68 2464.01 3274.92 4362.55 6907.53 3847.44 3592.45 2239.46 4806.81 2827.79 1565.06 2033.52 7493.81 16664.5 10445 20866.6 4749.16 1573.52 4345.4 12155.9 4500.79 20624.9 3759.14 2342.94 2731.55 1457.53 1387.71 1288.06
threshold=0.98367285728454601 0.030120026320219043 78.750000000000014 1.0000000180025095e-35 0.13301347196102145 14.750000000000002 0.064507851377129569 29.725203514099125 27.962298393249515 18.750000000000004 28.897807121276859 29.202402114868168 0.93834263086318981 0.90515965223312389 -0.38962684571743006 31.395439147949222 15.250000000000002 30.401480674743656 29.605284690856937 0.8189845383167268 0.79874977469444286 32.954833984375007 3.1355441808700566 1.3809829950332644 71.000598907470717 13.750000000000002 78.250000000000014 -0.40542197227478022 28.222738265991214 0.70860043168067943
decision_type=2 2 2 2 2 2 2 2 2 2 2 2 2 2 2 2 2 2 2 2 2 2 2 2 2 2 2 2 2 2
left_child=12 -2 -3 4 5 6 -4 8 -6 11 -11 -10 13 19 15 16 17 18 27 20 29 22 -22 -24 -21 -25 -27 28 -15 -1
right_child=1 2 3 -5 7 -7 -8 -9 9 10 -12 -13 -14 14 -16 -17 -18 -19 -20 24 21 -23 23 25 -26 26 -28 -29 -30 -31
leaf_value=0.00081079919867263353 -0.0080644590989898922 0.0099951651606125999 0.71502178033192954 -0.047653677858651211 0.0030722476691992669 0.012936281935846906 0.0014331811895737282 0.020456068399475842 0.1101687642739506 0.70345525354582905 0.11827968083588142 0.48091399706900123 -0.018144931764317022 0.32779158504307271 0.0011292703692945803 1.0160535901498338 0.0007559144294582359 1.2734719952642919 0.57017906427383425 -0.019878302904110898 0.028768152622905659 0.82353416199867535 1.1250582779072367 -0.28733399712408964 0.39073278669800082 -0.13090718553824859 0.36518280569996153 -0.059046478795685947 0.0021043619012524341 -0.017984207103329743
leaf_weight=165222 7236 2346 60 343 104 1067 78 246 151 94 56 78 12060 75 4824 52 799 50 60 12004 2144 52 53 52 56 55 56 112 58 9648
leaf_count=165222 7236 2346 60 343 104 1067 78 246 151 94 56 78 12060 75 4824 52 799 50 60 12004 2144 52 53 52 56 55 56 112 58 9648
internal_value=-3.51646e-11 0.0116209 0.0424327 0.0758532 0.0977575 0.0471503 0.311689 0.181409 0.263385 0.334816 0.48499 0.236449 -0.000664372 0.000414675 0.028999 0.140478 0.101024 0.326697 0.171488 -0.000495654 0.000693189 0.0673465 0.0506847 0.268227 -0.0179717 -0.0103744 0.119372 0.0738499 0.185763 -0.000226167
internal_weight=219291 11859 4623 2277 1934 1205 138 729 483 379 150 229 207432 195372 6030 1206 1154 355 305 189342 177282 2412 2360 216 12060 163 111 245 133 174870
internal_count=219291 11859 4623 2277 1934 1205 138 729 483 379 150 229 207432 195372 6030 1206 1154 355 305 189342 177282 2412 2360 216 12060 163 111 245 133 174870
is_linear=0
shrinkage=0.05


Tree=137
num_leaves=31
num_cat=0
split_feature=12 12 13 11 0 1 11 10 9 10 7 5 11 11 1 9 0 7 11 10 11 10 9 1 9 0 8 4 11 4
split_gain=654.709 3163.38 4697.75 3213.08 1486.97 1377.34 1765.66 1813.34 1613.84 3738.48 1460.76 1331.69 1281.89 3623.04 3389.37 3373.17 1927.54 1718.31 1649.89 1641.53 3363.02 3274.3 5324.81 2142.22 5077.91 2109.32 2168.63 3853.5 1986.02 1935.83
threshold=13.250000000000002 12.750000000000002 76.250000000000014 0.31717954576015478 41.074102401733406 33.32238960266114 0.098816476762294783 -0.94130858778953541 27.360788345336918 -0.45972847938537592 32.75042915344239 29.070967674255375 -0.69014781713485707 -0.59815874695777882 32.754205703735359 32.998216629028327 2.200074434280396 24.51005840301514 -0.99981480836868275 -0.88606244325637806 -0.07309242337942122 -0.70252096652984608 25.825807571411136 31.970799446105961 31.635630607604984 19.690397262573246 10.764499664306642 3.0075269937515263 -0.49749487638473505 0.59997275471687328
decision_type=2 2 2 2 2 2 2 2 2 2 2 2 2 2 2 2 2 2 2 2 2 2 2 2 2 2 2 2 2 2
left_child=1 12 3 5 -4 6 7 -3 -9 -10 11 -11 18 14 15 16 -14 -15 -1 20 -19 22 -21 24 25 26 28 -28 -24 -22
right_child=-2 2 4 -5 -6 -7 -8 8 9 10 -12 -13 13 17 -16 -17 -18 19 -20 21 29 -23 23 -25 -26 -27 27 -29 -30 -31
leaf_value=0.17659329718444497 -0.0010296687609526638 -0.025253538901989277 0.02057242913344505 0.021590360767465181 -0.13187556329863204 0.02203860013590505 0.48331547742088637 0.10763471907899752 0.68264474559713295 0.31601454730738299 0.44075483836910945 0.024870731105509494 0.063465067765607341 -0.18595071666495644 -0.0054603688514692607 0.54899421990849084 0.33893788499231253 -0.10202278646323433 -0.032929558392111244 0.57808222054288938 0.070573905501744014 -0.0036229345705584212 0.23328692403824436 -0.083028877862149256 0.40152397824085173 -0.16892872051787133 -0.00056942839175462719 0.57614012932670977 0.0053008128928535804 -0.041919849237933425
leaf_weight=96 192016 78 8565 431 163 96 60 154 54 66 55 97 205 128 311 64 92 1128 4416 52 731 8210 115 212 117 97 60 56 564 802
leaf_count=96 192016 78 8565 431 163 96 60 154 54 66 55 97 205 128 311 64 92 1128 4416 52 731 8210 115 212 117 97 60 56 564 802
internal_value=-2.46223e-12 0.00724887 0.0299528 0.127773 0.0177254 0.197113 0.226913 0.196388 0.236971 0.310198 0.21794 0.142757 -0.00552212 0.00247759 0.115521 0.219746 0.148797 -0.00371253 -0.0284716 -0.00179171 -0.0364945 0.00794616 0.0825591 0.0614557 0.0918132 0.0511897 0.078047 0.277842 0.0439141 0.011722
internal_weight=219291 27275 9819 1091 8728 660 564 504 426 272 218 163 17456 12944 672 361 297 12272 4512 12144 2661 9483 1273 1221 1009 892 795 116 679 1533
internal_count=219291 27275 9819 1091 8728 660 564 504 426 272 218 163 17456 12944 672 361 297 12272 4512 12144 2661 9483 1273 1221 1009 892 795 116 679 1533
is_linear=0
shrinkage=0.05


Tree=138
num_leaves=31
num_cat=0
split_feature=3 10 10 5 10 10 7 12 6 10 9 11 1 10 5 10 5 10 10 2 10 3 7 9 2 9 9 10 7 13
split_gain=637.765 1054.04 3721.86 2950.59 1723.83 1457.49 2484.12 1427.01 1280.76 1224.8 1011.47 960.261 3799.9 13473.6 19159.6 8321.56 22721.5 6964.17 12978.4 7601.71 4653.92 14192.5 9516.39 9120.06 8332.83 7682.19 7572.62 7748.9 16657.1 10367.7
threshold=38.869958877563484 0.50495636463165294 0.5772862732410432 41.418684005737312 0.54883790016174328 0.33346569538116461 40.277309417724616 18.750000000000004 1.0000000180025095e-35 0.56314551830291759 40.499383926391609 -0.30900555849075312 31.588481903076175 -0.88606244325637806 28.801242828369144 0.72066047787666332 30.438410758972172 -0.89391031861305226 -0.86958134174346913 34.248380661010749 -0.93535929918289173 32.911766052246101 29.921259880065922 31.959293365478519 2.4253234863281254 32.713695526123054 32.058027267456062 -0.90880924463272084 32.091838836669929 79.250000000000014
decision_type=2 2 2 2 2 2 2 2 2 2 2 2 2 2 2 2 2 2 2 2 2 2 2 2 2 2 2 2 2 2
left_child=10 5 3 8 7 6 -2 -5 -3 -6 11 12 15 14 -14 17 -17 -1 19 -19 23 22 24 -16 -22 26 -24 28 -28 -30
right_child=1 2 -4 4 9 -7 -8 -9 -10 -11 -12 -13 13 -15 20 16 -18 18 -20 -21 21 -23 25 -25 -26 -27 27 -29 29 -31
leaf_value=-0.086742785953823509 -0.036170312633910101 0.049809546847767255 -0.015113998071169435 0.38287470295101178 -0.069966843691600986 -0.062907424487524566 0.37536669349306667 0.13834413666580175 -0.10256232847944678 0.18317747435901527 -0.05548265359800935 -0.0017410992097154185 1.0672583278555137 0.0070161076934341388 -0.14169685435858934 0.99879391166920728 0.014259400847367943 0.16660356049281788 -0.0096832481044888397 0.80241338886758862 0.14965858461101353 -0.074765697375192661 0.09534792861821173 0.29780680588080138 1.0111259177815719 -0.056737687584035967 -0.018742049033753577 0.13995037010762895 0.52931170102982028 1.5182954293236417
leaf_weight=2816 119 770 10767 129 87 1523 53 111 168 106 798 127663 52 45604 148 76 256 601 24554 51 52 1017 461 583 61 361 60 138 53 53
leaf_count=2816 119 770 10767 129 87 1523 53 111 168 106 798 127663 52 45604 148 76 256 601 24554 51 52 1017 461 583 61 361 60 138 53 53
internal_value=3.46846e-11 -0.0103919 -0.00523421 0.0723557 0.180316 -0.0473262 0.0906405 0.269779 0.0225191 0.0690658 0.00069966 0.000918723 0.00532878 0.0138092 0.115748 -0.00921985 0.239635 -0.0121682 -0.00383681 0.216337 0.0991829 0.0636565 0.177277 0.208824 0.614698 0.133379 0.223094 0.416815 0.64698 1.0238
internal_weight=219291 13833 12138 1371 433 1695 172 240 938 193 205458 204660 76997 48643 3039 28354 332 28022 25206 652 2987 2256 1239 731 113 1126 765 304 166 106
internal_count=219291 13833 12138 1371 433 1695 172 240 938 193 205458 204660 76997 48643 3039 28354 332 28022 25206 652 2987 2256 1239 731 113 1126 765 304 166 106
is_linear=0
shrinkage=0.05


Tree=139
num_leaves=31
num_cat=0
split_feature=9 1 8 5 3 10 7 4 6 8 8 9 5 2 9 9 10 10 1 1 6 1 10 3 5 3 12 13 6 10
split_gain=626.052 796.11 1968.26 1699.71 1050.28 2960.33 2211.67 2100.27 1530.37 1310.98 2740.35 2048.82 1701.66 1154.83 2855.99 2793.23 3158.87 7657.97 2275.41 2304.31 5222.39 2311.1 1910.46 3101.09 1663.11 3492.09 1471.29 1876.91 2110.66 1365.68
threshold=24.513104438781742 25.152820587158207 23.279985427856449 26.286071777343754 26.790010452270511 0.72066047787666332 29.19104099273682 0.72390007972717296 71.000598907470717 21.768621444702152 16.838739395141605 27.360788345336918 29.070967674255375 44.666723251342781 29.189107894897464 27.360788345336918 -0.88606244325637806 -0.66484925150871266 26.945723533630375 27.905324935913089 12.718822479248049 29.286466598510746 -0.99052327871322621 27.573760986328129 31.860885620117191 30.22818756103516 19.250000000000004 79.750000000000014 0.23032768815755847 -0.78297284245491017
decision_type=2 2 2 2 2 2 2 2 2 2 2 2 2 2 2 2 2 2 2 2 2 2 2 2 2 2 2 2 2 2
left_child=-1 2 -2 -4 5 6 8 -8 9 10 12 -12 -3 -6 15 -15 -17 -18 -16 20 -20 -21 -23 -24 29 -26 27 -27 -29 -25
right_child=1 4 3 -5 13 -7 7 -9 -10 -11 11 -13 -14 14 18 16 17 -19 19 21 -22 22 23 24 25 26 -28 28 -30 -31
leaf_value=-0.042551949450545475 0.019081986298035074 -0.015189819814042891 0.3944556604440817 0.026009426188879997 0.00012098657160746662 0.25936902210276619 -0.019101434844454659 -0.14790292481894748 0.24385903189748023 -0.10102566332694912 0.041305022926202847 0.44315503116311694 0.26478218582543461 -0.086313454071177714 -0.2590543977437994 0.028173237254745083 0.80736759303854067 0.093470790488331512 -0.016153122620149094 -0.12047934417974498 0.61585924356029587 -0.1220434775410672 0.41104576738582832 0.056272941660883757 0.40339804129835999 0.0090283806565875074 -0.16524908445451572 0.41365424193938571 0.013916943108631395 -0.1014476264295253
leaf_weight=861 1496 4105 68 58 208553 93 632 634 59 383 70 58 55 79 74 95 65 89 88 291 52 169 59 274 81 272 69 75 59 275
leaf_count=861 1496 4105 68 58 208553 93 632 634 59 383 70 58 55 79 74 95 65 89 88 291 52 169 59 274 81 272 69 75 59 275
internal_value=-2.20607e-11 0.00016773 0.0350667 0.224853 -9.33589e-05 -0.0205655 -0.0249074 -0.0836039 -0.00919704 -0.0123934 -0.00447688 0.223393 -0.0114883 0.00049821 0.0368191 0.17273 0.254917 0.394791 0.0125651 0.0239596 0.218594 0.00718072 0.0350495 0.0578577 0.0389997 0.0999531 0.0482078 0.0844849 0.237651 -0.022731
internal_weight=219291 218430 1622 126 216808 6089 5996 1266 4730 4671 4288 128 4160 210719 2166 328 249 154 1838 1764 140 1624 1333 1164 1105 556 475 406 134 549
internal_count=219291 218430 1622 126 216808 6089 5996 1266 4730 4671 4288 128 4160 210719 2166 328 249 154 1838 1764 140 1624 1333 1164 1105 556 475 406 134 549
is_linear=0
shrinkage=0.05


Tree=140
num_leaves=31
num_cat=0
split_feature=11 10 0 13 10 12 10 1 3 12 5 7 10 11 11 10 7 8 12 7 11 11 3 8 6 6 12 12 10 5
split_gain=627.979 2605.3 1916.69 2248.89 2434.34 4567.53 7918.99 3587.27 3675.43 2201.73 3971.9 2863.31 1790.32 1378.99 1857.13 6762.56 15128.7 9789.61 3917.02 8953.31 1387.83 3939.49 10971.7 4064.67 18609.4 3390.12 2115.97 2721.77 1270.39 1619.49
threshold=0.98367285728454601 0.030120026320219043 0.20778823643922809 78.750000000000014 0.13301347196102145 14.750000000000002 0.081675637513399138 29.725203514099125 27.962298393249515 18.750000000000004 28.897807121276859 28.20866680145264 0.15005400776863101 0.93834263086318981 0.90515965223312389 -0.38962684571743006 31.278440475463871 3.0260558128356938 14.750000000000002 29.605284690856937 0.8189845383167268 0.79874977469444286 32.954833984375007 3.1355441808700566 1.3809829950332644 71.000598907470717 13.750000000000002 15.250000000000002 -0.51236665248870839 32.325286865234382
decision_type=2 2 2 2 2 2 2 2 2 2 2 2 2 2 2 2 2 2 2 2 2 2 2 2 2 2 2 2 2 2
left_child=13 -2 3 -3 5 6 -5 8 -6 11 -11 -10 -13 14 20 16 17 18 19 -16 21 -1 23 -23 -25 28 -26 -28 29 -22
right_child=1 2 -4 4 7 -7 -8 -9 9 10 -12 12 -14 -15 15 -17 -18 -19 -20 -21 25 22 -24 24 26 -27 27 -29 -30 -31
leaf_value=-0.00025571042011388495 -0.0075417456360006912 0.014782984537299846 -0.060023610848327018 0.74183126089514284 0.0057744787028764918 0.011498771367161277 -0.020834261188646418 0.011587463714529537 -0.0058024361150132292 0.65423207877514267 0.11821056673372235 0.14029145287970701 0.49368452364892773 -0.017048318361275194 0.037967751355388685 0.0012145248095696648 0.84699681290558415 0.77368851119279869 0.0045902888254857723 0.67959254231158794 -0.059141304160701215 0.027426466994818755 0.78249492748425564 1.0688773871592756 -0.27285324658911964 0.37121684784069658 0.38712433729320767 -0.11050629386159241 -0.010565435953821848 0.15937913812019611
leaf_weight=174870 7236 2130 430 61 132 1125 77 279 90 96 54 60 89 12060 185 4824 70 50 824 77 2323 2144 52 53 52 56 50 61 9593 88
leaf_count=174870 7236 2130 430 61 132 1125 77 279 90 96 54 60 89 12060 185 4824 70 50 824 77 2323 2144 52 53 52 56 50 61 9593 88
internal_value=-3.71464e-12 0.0111904 0.0405103 0.0508203 0.0880279 0.0448009 0.316286 0.156272 0.233753 0.311113 0.461264 0.216875 0.351379 -0.000639762 0.000373112 0.0276896 0.13359 0.0896298 0.0581354 0.226537 -0.000496839 0.000619654 0.0640836 0.0482542 0.254988 -0.0169093 -0.00965053 0.113652 -0.0187199 -0.0511654
internal_weight=219291 11859 4623 4193 2063 1263 138 800 521 389 150 239 149 207432 195372 6030 1206 1136 1086 262 189342 177282 2412 2360 216 12060 163 111 12004 2411
internal_count=219291 11859 4623 4193 2063 1263 138 800 521 389 150 239 149 207432 195372 6030 1206 1136 1086 262 189342 177282 2412 2360 216 12060 163 111 12004 2411
is_linear=0
shrinkage=0.05


Tree=141
num_leaves=31
num_cat=0
split_feature=8 4 12 8 4 11 8 8 11 9 3 13 12 10 10 5 7 9 7 10 11 10 7 3 5 13 11 12 10 1
split_gain=629.937 1394.45 1996.51 2180.6 1416.53 1282.11 1228.86 1215.28 1958.83 3172.08 5334.57 5006.66 9037.46 3351.73 3485.15 2400.94 2381.33 2076.65 1911.37 3185.15 3093.53 2991.51 1551.06 1583.32 3206.63 1754.1 1548.2 2466.23 3960.61 1668.05
threshold=40.761636734008796 7.5896358489990243 14.250000000000002 80.921409606933608 7.0019514560699472 -0.98798605799674977 48.730119705200202 24.372336387634281 -0.90878397226333607 30.427604675292972 30.704781532287601 79.250000000000014 17.750000000000004 -0.25118774175643915 -0.31718835234642023 32.638038635253913 29.605284690856937 27.879224777221683 28.750898361206058 -0.70252096652984608 0.13300977647304538 -0.89391031861305226 34.324495315551765 30.939879417419437 31.520864486694339 78.750000000000014 0.47493347525596624 14.750000000000002 -0.57023701071739186 28.909843444824222
decision_type=2 2 2 2 2 2 2 2 2 2 2 2 2 2 2 2 2 2 2 2 2 2 2 2 2 2 2 2 2 2
left_child=7 2 3 6 -4 -3 -2 -1 9 10 13 12 -12 14 -9 -13 -15 -10 19 20 21 -19 23 24 25 -11 29 28 -28 -20
right_child=1 5 4 -5 -6 -7 -8 8 17 22 11 15 -14 16 -16 -17 -18 18 26 -21 -22 -23 -24 -25 -26 -27 27 -29 -30 -31
leaf_value=-0.00024697788347039033 0.14947423981664154 0.16359490389625231 -0.030191300273719159 0.35516823102868555 0.24009315492858879 -0.073074103878523408 -0.029358109889370911 -0.031041090119677258 -0.064434580800739202 0.14046170603537905 0.14501011558607513 -0.032015444342052946 1.090993909880519 0.028008856883755436 0.42769382142344087 0.39936275509270758 -0.33482411428190328 -0.055638352318220785 -0.12819388143718244 -0.12059600340951349 0.47972222873941067 0.31845714810698 0.13885480054990626 -0.067834847223577188 0.41504522398637056 -0.22445105750645911 0.60701077668755143 -0.043126465303381697 0.00143411151236958 0.011594277707149535
leaf_weight=210804 173 60 1590 69 50 1237 216 79 838 69 51 78 50 135 87 55 68 119 240 97 78 97 191 509 57 63 54 97 54 1926
leaf_count=210804 173 60 1590 69 50 1237 216 79 838 69 51 78 50 135 87 55 68 119 240 97 78 97 191 509 57 63 54 97 54 1926
internal_value=-1.17514e-11 -0.0213703 0.00382497 0.0961229 -0.0219509 -0.0621257 0.050174 0.000336052 0.0244729 0.0726445 0.161166 0.347919 0.613319 0.0427379 0.20938 0.146374 -0.0935313 0.00450848 0.025426 0.127851 0.209822 0.112358 0.0126011 -0.0219469 0.101635 -0.0337012 0.00853513 0.139867 0.304222 -0.00389471
internal_weight=219291 3395 2098 458 1640 1297 389 215896 5092 1492 603 234 101 369 166 133 203 3600 2762 391 294 216 889 698 189 132 2371 205 108 2166
internal_count=219291 3395 2098 458 1640 1297 389 215896 5092 1492 603 234 101 369 166 133 203 3600 2762 391 294 216 889 698 189 132 2371 205 108 2166
is_linear=0
shrinkage=0.05


Tree=142
num_leaves=31
num_cat=0
split_feature=13 10 11 4 0 1 10 10 11 9 8 0 10 9 3 9 10 7 5 12 10 10 11 6 7 12 12 11 11 9
split_gain=610.857 3036.86 2035.93 1868.63 1553.78 2523.7 2201.24 3960.25 1366.52 3780.26 1156.97 4450.36 1064.76 1133.35 992.074 1006.58 982.36 960.111 1033.48 930.948 2698.62 1669.93 7134.23 9502.96 7427.08 9111.18 2362.99 3336.35 3301.04 8551.53
threshold=83.750000000000014 -0.99865758419036854 -0.62538740038871754 0.76525980234146129 36.736276626586921 32.79255676269532 -0.51973900198936451 -0.62540480494499195 -0.98798605799674977 33.473875045776374 21.768621444702152 0.63343629240989696 -0.31718835234642023 31.394502639770511 30.162026405334476 30.719644546508793 -0.99984258413314808 29.461111068725589 29.314898490905765 19.750000000000004 -0.98211652040481556 -0.99052327871322621 -0.12447465583682059 1.0000000180025095e-35 29.384826660156254 18.250000000000004 16.750000000000004 -0.09024826809763907 -0.10737737268209456 31.823954582214359
decision_type=2 2 2 2 2 2 2 2 2 2 2 2 2 2 2 2 2 2 2 2 2 2 2 2 2 2 2 2 2 2
left_child=16 3 4 -2 5 8 7 -7 9 -3 -4 -12 -8 -14 15 -10 17 18 -1 21 -21 22 23 -18 -25 -26 27 -24 29 -28
right_child=1 2 10 -5 -6 6 12 -9 14 -11 11 -13 13 -15 -16 -17 19 -19 -20 20 -22 -23 26 24 25 -27 28 -29 -30 -31
leaf_value=0.095544711422949735 0.49785829490306333 0.27348107252572035 0.023567794813593751 0.081256813516742313 0.21492332620698901 -0.082946768933190751 -0.17269826595272339 0.53413794768544343 -0.1807965919672363 -0.24098680943817549 0.40929461858053318 -0.090852098008566584 0.23223761439323429 -0.012893368287466395 -0.18595397064320349 0.075585188430755637 0.002456541901284998 -0.080869712012856587 -0.059295145862481816 -0.092783945004131674 -0.0065341285657275483 -0.00014902593832290094 -0.075333827993333741 -0.017702897600289706 0.91901906728744509 0.20937553520669186 -0.075052856909054708 0.060532160346378198 -0.032548485871427411 0.50216165387071665
leaf_weight=202 51 74 4388 57 61 52 98 52 69 69 87 91 50 828 433 86 286 737 231 960 16400 186697 534 69 98 84 165 2937 3240 105
leaf_count=202 51 74 4388 57 61 52 98 52 69 69 87 91 50 828 433 86 286 737 231 960 16400 186697 534 69 98 84 165 2937 3240 105
internal_value=4.94698e-11 0.0150443 0.0106333 0.277985 -0.0332795 -0.0416397 0.00692008 0.225596 -0.113383 0.0252413 0.028637 0.153602 -0.0163814 0.00106625 -0.147096 -0.0385461 -0.000462901 -0.0461522 0.0129396 -0.000210241 -0.0113037 0.000781354 0.0238858 0.199502 0.424024 0.591491 0.0103769 0.0396297 -0.018551 0.149419
internal_weight=219291 6546 6438 108 1872 1811 1080 104 731 143 4566 178 976 878 588 155 212745 1170 433 211575 17360 194215 7518 537 251 182 6981 3471 3510 270
internal_count=219291 6546 6438 108 1872 1811 1080 104 731 143 4566 178 976 878 588 155 212745 1170 433 211575 17360 194215 7518 537 251 182 6981 3471 3510 270
is_linear=0
shrinkage=0.05


Tree=143
num_leaves=31
num_cat=0
split_feature=11 10 2 12 8 1 1 13 7 7 3 5 4 3 8 5 12 3 10 3 0 3 8 5 8 10 12 3 6 10
split_gain=608.128 3797.34 11403.7 5272.43 3160.04 2207.34 3821.7 2147.7 2050.4 1754.06 4824.4 2518.3 3185.69 2349.13 2063.72 3805.83 3556.96 6172.83 4773.26 2433.3 2298.88 4294.28 5465.71 3047.52 2204.05 2337.26 1994.77 2781.71 2841.14 3577.93
threshold=-0.99626126885414112 -0.064507851377129541 23.293423652648929 18.750000000000004 19.279627799987797 31.235643386840824 33.223888397216804 76.750000000000014 27.262175559997562 31.073676109313968 30.939879417419437 30.728355407714847 4.2591025829315194 33.755943298339851 0.39228267967700964 32.638038635253913 18.750000000000004 33.644670486450202 -0.012910176534205673 30.911926269531254 0.19813419133424762 33.69648742675782 10.234837055206301 30.756749153137211 0.13201776891946795 -0.04732095077633857 15.750000000000002 33.755943298339851 2.1124470233917241 0.012910176534205677
decision_type=2 2 2 2 2 2 2 2 2 2 2 2 2 2 2 2 2 2 2 2 2 2 2 2 2 2 2 2 2 2
left_child=1 2 3 4 5 -1 -7 8 -3 10 -9 -12 13 -13 15 19 24 18 -18 -11 21 22 -16 -22 25 -17 -27 -28 29 -29
right_child=-2 7 -4 -5 -6 6 -8 9 -10 14 11 12 -14 -15 20 16 17 -19 -20 -21 23 -23 -24 -25 -26 26 27 28 -30 -31
leaf_value=-0.041191782905960719 -0.00044275150429227191 0.19081826581370454 0.81426356765441599 -0.19955526446125338 0.52844335302710543 0.40584348329400594 -0.026920686814413276 -0.095136974954568757 -0.088912452858737473 0.1699595811703567 0.4641973944086778 0.15516479471555122 -0.077172226859432355 0.55557584896975876 0.059586579820312006 0.28329053523042536 0.75256409965757587 0.017505422167239652 0.18072789025480032 -0.11530762402264988 0.31278472262620927 -0.071368213268199365 0.54654375306608816 -0.085274815336918719 0.27772770507828048 -0.066741164433502295 -0.070185932206957707 0.55313473070661234 -0.10425777805428352 0.10527240966531365
leaf_weight=151 213261 71 56 140 50 113 93 205 847 89 76 130 106 51 229 79 74 155 72 467 50 368 77 1254 92 509 179 75 62 110
leaf_count=151 213261 71 56 140 50 113 93 205 847 89 76 130 106 51 229 79 74 155 72 467 50 368 77 1254 92 509 179 75 62 110
internal_value=-5.63862e-12 0.0156586 0.134693 0.065121 0.156164 0.104024 0.210469 0.0024326 -0.0672775 0.0166251 0.0987702 0.208277 0.140507 0.267988 0.00478584 0.0411058 0.0848706 0.237261 0.470563 -0.0696443 -0.0312587 0.0437176 0.182122 -0.0700118 0.0433973 0.0221366 7.11797e-05 0.079901 0.188668 0.286838
internal_weight=219291 6030 603 547 407 357 206 5427 918 4509 568 363 287 181 3941 1963 1407 301 146 556 1978 674 306 1304 1106 1014 935 426 247 185
internal_count=219291 6030 603 547 407 357 206 5427 918 4509 568 363 287 181 3941 1963 1407 301 146 556 1978 674 306 1304 1106 1014 935 426 247 185
is_linear=0
shrinkage=0.05


Tree=144
num_leaves=31
num_cat=0
split_feature=10 11 10 13 12 10 7 10 9 10 10 1 1 5 7 4 8 10 1 10 3 1 10 10 10 1 3 13 5 12
split_gain=590.095 659.874 6680.17 3441.5 5638.33 16745.5 7766.61 16916.2 8156.49 7972.72 9093.2 18779.8 6399.66 6950.91 6393.87 5046.17 9035.23 4149.51 4639.93 12685.6 3819.94 4618.3 4114.06 5460.13 20843 5481.84 3756.63 3688.73 3715.13 3150.68
threshold=0.98930501937866222 0.30080866813659674 -0.90880924463272084 78.250000000000014 15.750000000000002 -0.3415676057338714 30.750155448913578 -0.42109696567058558 30.243069648742679 -0.54162281751632679 -0.61188074946403492 30.9441032409668 31.775575637817386 32.638038635253913 25.087244987487797 7.3483557701110849 0.63337382674217235 -0.70252096652984608 27.678379058837894 -0.80392050743103016 26.103140830993656 27.07005596160889 -0.79356426000595082 -0.57023701071739186 -0.61188074946403492 29.725203514099125 30.79303073883057 79.250000000000014 30.190104484558109 14.750000000000002
decision_type=2 2 2 2 2 2 2 2 2 2 2 2 2 2 2 2 2 2 2 2 2 2 2 2 2 2 2 2 2 2
left_child=1 -1 -3 -4 5 6 8 9 14 10 12 -12 13 27 -5 16 -16 18 -17 -20 -18 -22 -23 24 -24 -25 -9 -8 -29 -30
right_child=-2 2 3 4 -6 -7 7 26 -10 -11 11 -13 -14 -15 15 17 20 -19 19 -21 21 22 23 25 -26 -27 -28 28 29 -31
leaf_value=0.002965852170235669 -0.011712564132029842 -0.064096404669794896 -0.011477520014930997 0.51748836060887893 -0.0010387223549224182 -0.002813423071525616 0.079828218560952402 1.0783995230404431 -0.090414288606374502 -0.23507295589380225 0.15813826340617557 1.3316429257948095 0.0056666070478210741 0.73887047387659555 0.0075087082754571773 -0.19300460860831664 -0.097204122121135397 -0.092567520159994213 -0.095896158164197762 0.792333592142205 0.69689644866933431 -0.12348123858603886 0.22017714430766155 0.39158753037001148 1.2550046098869645 -0.12701685667747542 0.51157438059647875 -0.030868572805976047 0.54967071403262036 0.15495037394330691
leaf_weight=121203 10251 4221 35360 95 35776 8340 325 57 620 116 99 52 461 65 539 64 60 478 88 74 72 59 203 99 64 105 60 58 151 76
leaf_count=121203 10251 4221 35360 95 35776 8340 325 57 620 116 99 52 461 65 539 64 60 478 88 74 72 59 203 99 64 105 60 58 151 76
internal_value=-3.5079e-11 0.000574366 -0.00272556 0.000372491 0.00905569 0.037993 0.120197 0.210109 0.0680349 0.16194 0.197724 0.562259 0.149269 0.247344 0.117154 0.09719 0.159494 -0.00909907 0.16744 0.309838 0.283241 0.321159 0.270116 0.31942 0.468226 0.124659 0.78772 0.194968 0.326267 0.417518
internal_weight=219291 209040 87837 83616 48256 12480 4140 1520 2620 1403 1287 151 1136 675 2000 1905 1201 704 226 162 662 602 530 471 267 204 117 610 285 227
internal_count=219291 209040 87837 83616 48256 12480 4140 1520 2620 1403 1287 151 1136 675 2000 1905 1201 704 226 162 662 602 530 471 267 204 117 610 285 227
is_linear=0
shrinkage=0.05


Tree=145
num_leaves=31
num_cat=0
split_feature=8 10 10 1 10 0 3 5 4 6 6 9 13 10 11 7 10 13 1 10 10 3 3 12 1 3 6 7 10 9
split_gain=615.453 1187.71 2319.68 1017.63 1252.93 1266.3 1113.83 1872.31 805.246 1471.37 2474.58 692.76 679.98 1493.51 9838.65 6488.88 7744.91 8331.58 5261.92 4788.59 7474.45 6504.78 5542.72 9447.22 12509.6 4417.97 4130.59 3120.91 2790.29 4549.31
threshold=64.245113372802749 -0.95236876606941212 -0.97505551576614369 30.763122558593754 -0.21772121638059613 25.524681091308597 28.715373039245609 27.160553932189945 102.05446624755861 17.862942695617679 34.181230545043952 29.422572135925297 80.250000000000014 -0.50495636463165272 -0.73829901218414296 32.289096832275398 -0.62540480494499195 81.250000000000014 28.043411254882816 -0.56314551830291737 -0.63874351978301991 32.954833984375007 33.644670486450202 18.750000000000004 33.040792465209968 32.911766052246101 11.669981002807619 33.75306701660157 -0.1330134719610214 31.218770027160648
decision_type=2 2 2 2 2 2 2 2 2 2 2 2 2 2 2 2 2 2 2 2 2 2 2 2 2 2 2 2 2 2
left_child=8 2 11 4 5 6 7 -3 12 -10 -11 -2 -1 14 15 16 17 26 -19 20 21 -17 23 25 -25 -21 -14 -24 29 -15
right_child=1 3 -4 -5 -6 -7 -8 -9 9 10 -12 -13 13 28 -16 19 -18 18 -20 22 -22 -23 27 24 -26 -27 -28 -29 -30 -31
leaf_value=-0.001519128589383993 -0.15059917441163309 -0.053651335527646851 0.29131757330737618 -0.11876318011348018 0.19912729072766228 -0.18146273477623862 -0.056579003789845643 0.36000904744746642 -0.05300656941449531 0.46046583155790971 0.037375082890503113 0.086387544753504741 0.25452690305856041 -0.0066183361458701231 0.004455049929293897 0.74724178913235662 -0.091346087627586614 0.50684403872714856 -0.046699821141309446 -0.10985075585674822 -0.0064822212945877464 0.11183242033096566 -0.090606001392006877 1.4014594712769086 0.32503262818536977 0.48697070098098588 0.86771996080091141 0.40990787738678502 0.0057753972420937017 -0.10206963483629031
leaf_weight=163771 78 59 76 417 61 120 221 51 107 54 96 51 53 5147 16095 75 519 53 226 57 341 87 80 53 55 68 57 51 29464 1648
leaf_count=163771 78 59 76 417 61 120 221 51 107 54 96 51 53 5147 16095 75 519 53 226 57 341 87 80 53 55 68 57 51 29464 1648
internal_value=-1.37988e-11 -0.0367397 0.072191 -0.0607771 -0.0135502 -0.0423159 0.00813013 0.138137 0.000190976 0.0886438 0.189688 -0.0569068 8.66513e-05 0.00494505 0.0167756 0.128493 0.035077 0.203749 0.0584537 0.226327 0.126366 0.406003 0.36446 0.510758 0.853279 0.21482 0.572272 0.104251 -0.000885546 -0.0297683
internal_weight=219291 1134 205 929 512 451 331 110 218157 257 150 129 217900 54129 17870 1775 908 389 279 867 503 162 364 233 108 125 110 131 36259 6795
internal_count=219291 1134 205 929 512 451 331 110 218157 257 150 129 217900 54129 17870 1775 908 389 279 867 503 162 364 233 108 125 110 131 36259 6795
is_linear=0
shrinkage=0.05


Tree=146
num_leaves=31
num_cat=0
split_feature=11 10 13 6 10 1 12 0 5 12 5 1 3 11 11 10 7 8 12 7 11 11 3 8 6 6 12 12 3 1
split_gain=606.314 2593.7 2034.61 2448.11 2368.96 3754.11 3703.45 5943.57 2740.28 2786.65 3415.33 2181.65 1911.26 1398.58 1626.35 6042.68 13415.6 8554.85 4438.49 10223.3 1216.99 3400.59 9770.06 3209.58 16598 2863.48 2045.68 2281.67 1230.5 3391.14
threshold=0.98043283820152294 0.030120026320219043 78.750000000000014 1.0000000180025095e-35 0.13301347196102145 29.725203514099125 14.750000000000002 0.20778823643922809 27.656976699829105 18.750000000000004 29.070967674255375 28.348099708557132 29.202402114868168 0.93834263086318981 0.90515965223312389 -0.38962684571743006 31.395439147949222 3.0260558128356938 14.750000000000002 29.605284690856937 0.8189845383167268 0.79874977469444286 32.954833984375007 3.1355441808700566 1.3809829950332644 71.000598907470717 13.750000000000002 15.250000000000002 31.802974700927738 31.618682861328129
decision_type=2 2 2 2 2 2 2 2 2 2 2 2 2 2 2 2 2 2 2 2 2 2 2 2 2 2 2 2 2 2
left_child=13 -2 -3 4 6 8 7 -4 -6 12 11 -11 -10 14 20 16 17 18 19 -16 21 -1 23 28 -25 -22 -26 -28 -23 -30
right_child=1 2 3 -5 5 -7 -8 -9 9 10 -12 -13 -14 -15 15 -17 -18 -19 -20 -21 25 22 -24 24 26 -27 27 -29 29 -31
leaf_value=-0.00027309992652325374 -0.0077444522744359208 0.0069944589451236515 0.56246611093297416 -0.04445031312817152 -0.00013468287330684498 0.016048810234347333 0.011940891045782212 -0.10396220384721172 0.090950927997016873 0.38680251611603633 0.065223965834022735 0.78213521363703831 0.3532592350778242 -0.018131154949611827 0.037109917998062202 0.00084541355184953942 0.91157889993718033 0.73027197007555511 0.0054015342424446272 0.71657797751382368 -0.017538542293832837 0.0082251726834374119 0.73743274647455959 0.99692031010141913 -0.28045037327191008 0.34083300121793791 0.34996974518895152 -0.10565572669271564 0.31610024016271093 0.0025291486786535155
leaf_weight=174870 7839 2652 81 399 114 345 1067 57 209 90 51 57 104 10854 185 4824 52 50 840 79 12004 1755 52 53 52 56 50 61 129 260
leaf_count=174870 7839 2652 81 399 114 345 1067 57 209 90 51 57 104 10854 185 4824 52 50 840 79 12004 1755 52 53 52 56 50 61 129 260
internal_value=-1.43849e-11 0.0104454 0.0377302 0.0693973 0.0902825 0.148443 0.0434646 0.287202 0.221524 0.270975 0.41778 0.540095 0.178108 -0.000661746 0.000308777 0.0258717 0.125977 0.090577 0.0616053 0.240436 -0.000505329 0.00054019 0.0595037 0.0445663 0.228272 -0.0158745 -0.021656 0.099581 0.0260586 0.106515
internal_weight=219291 13065 5226 2574 2175 970 1205 138 625 511 198 147 313 206226 195372 6030 1206 1154 1104 264 189342 177282 2412 2360 216 12060 163 111 2144 389
internal_count=219291 13065 5226 2574 2175 970 1205 138 625 511 198 147 313 206226 195372 6030 1206 1154 1104 264 189342 177282 2412 2360 216 12060 163 111 2144 389
is_linear=0
shrinkage=0.05


Tree=147
num_leaves=31
num_cat=0
split_feature=8 0 8 11 10 2 9 9 2 6 9 7 0 11 13 13 9 7 0 2 0 8 9 11 5 8 0 4 5 8
split_gain=590.857 1294.46 1044.87 1902.9 8206.84 2562.46 3356.49 3740.78 1907.44 2486.41 1867.76 1704.83 2702.97 2376.04 1365.06 1213.3 1163.41 1495.17 1118.99 1074.56 956.372 1771.3 2213.81 2751.27 1222.53 1417.53 2010.64 2412.63 3196.04 1389.65
threshold=40.761636734008796 0.36300493776798254 26.761257171630863 -0.9469526708126067 -0.26781183481216425 2.1568332910537724 33.691522598266609 32.356674194335945 5.7284412384033212 16.834813117980961 27.879224777221683 28.939235687255863 16.844201087951664 -0.49749487638473505 78.750000000000014 79.750000000000014 28.646040916442875 27.879270553588871 7.0452198982238778 13.168982505798342 51.579845428466804 21.768621444702152 28.323177337646488 -0.67758968472480763 37.045654296875007 4.1271648406982431 71.410312652587905 2.7845128774642949 30.156864166259769 15.94290065765381
decision_type=2 2 2 2 2 2 2 2 2 2 2 2 2 2 2 2 2 2 2 2 2 2 2 2 2 2 2 2 2 2
left_child=2 -2 20 4 14 -6 7 8 -7 19 18 12 13 -12 -4 -11 -15 -18 -5 -10 -1 22 23 -22 25 -24 29 -28 -29 -27
right_child=1 -3 3 10 5 6 -8 -9 9 15 11 -13 -14 16 -16 -17 17 -19 -20 -21 21 -23 24 -25 -26 26 27 28 -30 -31
leaf_value=0.00014706430602138095 0.018521274980860227 -0.045002265812523437 0.66939180640960638 -0.022451440095185089 -0.076904361610068014 0.33586106365546586 -0.23666212387749408 0.50216420223908642 0.077196640729904176 0.38204727920775233 -0.11513670746673335 0.010552254510280603 0.4509145384078676 -0.0042797256028279662 0.32506880580432834 0.056890932691749191 0.058767343620801799 0.39047705761906581 -0.15762326119956882 -0.21077612433987469 0.45020620936456207 -0.29387842368621092 -0.089965945238524928 -0.0057068479257625544 0.19426879591545931 -0.015715016733215313 -0.096241380869307447 0.067051410599599917 0.57787655693292617 -0.30397856182084898
leaf_weight=210276 1299 2096 53 520 320 64 61 67 50 52 111 1976 55 64 63 64 58 82 217 92 52 65 940 91 51 198 72 79 50 53
leaf_count=210276 1299 2096 53 520 320 64 61 67 50 52 111 1976 55 64 63 64 58 82 217 92 52 65 940 91 51 198 72 79 50 53
internal_value=6.13048e-11 -0.0206968 0.000325461 0.0257429 0.0903243 0.03126 0.108177 0.162252 0.0915249 0.0309144 0.0071833 0.0289962 0.127497 0.0710271 0.482389 0.202651 0.172322 0.253054 -0.062251 -0.109377 -0.00015056 -0.0380569 -0.0275724 0.16008 -0.0461685 -0.0549777 0.0177856 0.135629 0.265046 -0.0765834
internal_weight=219291 3395 215896 3969 886 770 450 389 322 258 3083 2346 370 315 116 116 204 140 737 142 211927 1651 1586 143 1443 1392 452 201 129 251
internal_count=219291 3395 215896 3969 886 770 450 389 322 258 3083 2346 370 315 116 116 204 140 737 142 211927 1651 1586 143 1443 1392 452 201 129 251
is_linear=0
shrinkage=0.05


Tree=148
num_leaves=31
num_cat=0
split_feature=9 10 10 9 12 12 3 10 7 10 13 7 12 3 11 1 10 10 5 10 5 9 0 10 12 7 3 12 7 10
split_gain=586.759 1220.28 3309.48 3776.63 2150.6 1130.16 1228.06 815.468 2044.5 1110.47 911.235 772.776 3379.21 669.057 947.058 3695.78 11526 7686.72 20729.9 6307.45 5830.34 22312.7 10656.6 7384.9 9127.24 8885.64 5548.38 5472.85 4360.83 14792
threshold=39.263370513916023 0.50495636463165294 0.54883790016174328 40.499383926391609 18.750000000000004 17.250000000000004 41.42132759094239 0.39753912389278417 41.048490524291999 0.33346569538116461 79.250000000000014 37.567344665527351 17.250000000000004 38.869958877563484 -0.30900555849075312 31.775575637817386 -0.91585582494735707 0.72066047787666332 29.389229774475101 -0.93535929918289173 31.895812034606937 31.762208938598636 1.5320791006088259 -0.93535929918289173 19.250000000000004 32.391918182373054 33.588491439819343 14.750000000000002 29.888268470764164 -0.88606244325637806
decision_type=2 2 2 2 2 2 2 2 2 2 2 2 2 2 2 2 2 2 2 2 2 2 2 2 2 2 2 2 2 2
left_child=13 7 3 -3 5 6 -5 8 -2 -10 -11 12 -4 14 15 17 20 19 -19 -1 21 -17 -23 24 25 -22 -27 -28 29 -18
right_child=1 2 11 4 -6 -7 -8 -9 9 10 -12 -13 -14 -15 -16 16 28 18 -20 -21 23 22 -24 -25 -26 26 27 -29 -30 -31
leaf_value=-0.12852937487898528 -0.056090146206333596 -0.030538190233988394 0.41933369599282744 0.051955868024379015 0.064133041898509671 0.42704313342244582 0.37106890464038184 -0.068591795679030607 0.3328664950238398 0.16960015947531379 -0.085523707071940111 -0.014180676643889846 -0.038837243447701141 -0.016451892971005178 -0.0015609648478759721 -0.13198083109575615 0.68608043796333829 1.0980307752617815 0.053498493040862842 -0.0063023364220609404 -0.13167066466669705 1.1915674567222596 0.26750424534368972 -0.0090224830574540046 -0.13565715151046639 0.25309256398789237 0.2283456846078237 0.80495590713401222 0.0059361921045824918 0.049841515403788755
leaf_weight=1096 493 297 55 64 155 104 57 1355 52 84 60 8314 150 5597 127085 116 95 57 285 28566 86 78 52 668 134 214 60 131 41351 2380
leaf_count=1096 493 297 55 64 155 104 57 1355 52 84 60 8314 150 5597 127085 116 95 57 285 28566 86 78 52 668 134 214 60 131 41351 2380
internal_value=-4.10638e-11 -0.0111273 -0.00336027 0.103042 0.207445 0.306172 0.202282 -0.0460716 -0.00178286 0.134817 0.0632985 -0.011816 0.0840867 0.000601157 0.0010726 0.00551324 0.0145177 -0.00810112 0.227587 -0.0108186 0.14901 0.372125 0.821942 0.106561 0.230096 0.329915 0.42793 0.623822 0.00979482 0.0742628
internal_weight=219291 11240 9196 677 380 225 121 2044 689 196 144 8519 205 208051 202454 75369 45365 30004 342 29662 1539 246 130 1293 625 491 405 191 43826 2475
internal_count=219291 11240 9196 677 380 225 121 2044 689 196 144 8519 205 208051 202454 75369 45365 30004 342 29662 1539 246 130 1293 625 491 405 191 43826 2475
is_linear=0
shrinkage=0.05


Tree=149
num_leaves=31
num_cat=0
split_feature=11 10 9 10 10 8 11 6 2 1 13 12 0 0 3 4 10 9 7 10 11 10 10 1 3 6 4 10 10 1
split_gain=576.432 9866.81 32931.6 35502.2 10666.1 4740.47 3731.67 4165.21 3829.78 5285.17 3641.44 3401.38 4658 3062.6 2798.73 2275.4 3354.78 2051.38 2355.44 19954.1 5885.44 4687.28 7228.67 15775.2 22528.8 8754.45 5778.89 4819.59 11550.5 6716.35
threshold=0.60503363609313976 -0.70252096652984608 28.793961524963382 -0.71466678380966175 -0.78297284245491017 0.19719877839088443 0.30080866813659674 0.21785520017147067 26.832779884338382 29.164972305297855 84.250000000000014 13.750000000000002 8.7231111526489276 0.14161862432956698 26.928457260131839 11.471175193786623 -0.73831951618194569 26.614676475524906 29.783488273620609 0.72066047787666332 0.26780438423156744 -0.92913278937339772 -0.8779519498348235 31.588481903076175 30.502725601196293 4.5686206817626962 33.130407333374031 -0.20088869333267209 -0.21772121638059613 26.508317947387699
decision_type=2 2 2 2 2 2 2 2 2 2 2 2 2 2 2 2 2 2 2 2 2 2 2 2 2 2 2 2 2 2
left_child=6 2 3 4 -2 10 17 -8 -9 -10 14 12 -6 -3 -4 16 -7 -1 19 20 21 -19 23 26 -25 -26 -23 28 -24 -30
right_child=1 13 5 -5 11 15 7 8 9 -11 -12 -13 -14 -15 -16 -17 -18 18 -20 -21 -22 22 27 24 25 -27 -28 -29 29 -31
leaf_value=-0.039173948327342251 0.74219421064010782 0.0022253798650926819 -0.26762340520557609 1.4885277842971643 0.18936283579586369 0.13378500241726946 -0.0097977453906426919 -0.071480147432222585 0.52880113528626682 -0.091686419437865957 0.36685659293679224 0.38951636885099539 -0.29732730871309404 -0.035385433947271706 0.0073497760955546056 -0.15393332632688375 0.46511269297090269 -0.027026392649748321 -8.608388873709575e-06 0.87478341592804476 0.2070370589187745 0.0008788989694942604 0.029529776948180864 1.4816719143986703 -0.21150664726893109 0.57926376972879678 0.52526551664260956 -0.042911965850723405 0.92162973189519526 0.2177426938408894
leaf_weight=3003 99 52863 95 71 171 428 19642 4340 64 74 69 106 69 6030 3571 52 93 5250 111498 68 396 558 7870 50 60 84 58 2414 54 91
leaf_count=3003 99 52863 95 71 171 428 19642 4340 64 74 69 106 69 6030 3571 52 93 5250 111498 68 396 558 7870 50 60 84 58 2414 54 91
internal_value=-1.10493e-11 0.00400566 0.0727535 0.450227 0.284565 0.0275408 -0.00164056 -0.0197186 -0.0632348 0.196076 0.0069973 0.153625 0.0494394 -0.00162556 0.000224175 0.16145 0.192928 0.00167651 0.00263153 0.0199955 0.016553 0.0119784 0.0301984 0.174083 0.567275 0.249776 0.050253 0.0190232 0.0376771 0.47988
internal_weight=219291 63717 4824 516 445 4308 155574 24120 4478 138 3735 346 240 58893 3666 573 521 131454 128451 16953 16885 16489 11239 810 194 144 616 10429 8015 145
internal_count=219291 63717 4824 516 445 4308 155574 24120 4478 138 3735 346 240 58893 3666 573 521 131454 128451 16953 16885 16489 11239 810 194 144 616 10429 8015 145
is_linear=0
shrinkage=0.05


Tree=150
num_leaves=31
num_cat=0
split_feature=10 11 11 11 8 7 5 9 9 13 2 9 13 7 13 3 9 12 13 10 1 5 6 2 0 5 7 5 9 3
split_gain=584.493 2964.32 8144.62 4617.07 7570.4 4750.02 9625.31 12867.3 4395.64 4092.61 3758.31 3293.04 4263.12 3726.98 2966.97 5034.61 4790.13 3744.09 4020.57 4224.33 4056.23 8031.96 3782.04 4334.04 3512.99 3980.38 6606.13 16270 3512.12 3472.37
threshold=-0.96683886647224415 -0.20930689573287961 -0.14153505116701123 -0.12447465583682059 11.705937862396242 30.841373443603519 31.167175292968754 31.666115760803226 30.664040565490726 80.250000000000014 12.951754570007326 29.271014213562015 76.750000000000014 30.612108230590824 83.750000000000014 31.867238998413089 31.306705474853519 19.250000000000004 81.750000000000014 -0.99052327871322621 32.466800689697273 31.257485389709476 0.18673581629991534 0.14188683778047564 0.15107790380716327 32.292924880981452 32.091838836669929 31.285727500915531 33.691522598266609 32.911766052246101
decision_type=2 2 2 2 2 2 2 2 2 2 2 2 2 2 2 2 2 2 2 2 2 2 2 2 2 2 2 2 2 2
left_child=1 8 11 4 5 -4 7 -7 -1 -8 -10 -3 13 -13 17 -16 -17 18 22 -20 21 -21 23 24 25 26 -5 -28 -19 -30
right_child=-2 2 3 14 -6 6 9 -9 10 -11 -12 12 -14 -15 15 16 -18 28 19 20 -22 -23 -24 -25 -26 -27 27 -29 29 -31
leaf_value=-0.0042111149807572525 -0.00077402241666059499 -0.19107037986090425 -0.075652501793928018 0.12809733581981025 0.74110427251458166 0.066305144889788198 -0.11106149393310345 1.1528547215240974 0.09016423052350446 0.37049566764504682 0.33046897118018098 -0.030851368457437134 -0.076953678917806995 0.4112699162087996 -0.081828982634654907 0.62130426554059659 0.13978606176655195 -0.071202024701521788 0.044947110787477526 0.186548129310531 -0.045745584874640449 0.84871843564968852 -0.02054790811227087 -0.0063902989241656927 0.010692418544701848 0.042949990629169509 1.1825578217926835 0.1838069358766079 -0.1130437799901874 0.40854204702071661
leaf_weight=957 201201 545 229 614 50 55 153 54 633 62 219 104 1675 88 151 74 171 1980 630 155 74 65 5172 2344 871 627 56 150 54 78
leaf_count=957 201201 545 229 614 50 55 153 54 633 62 219 104 1675 88 151 74 171 1980 630 155 74 65 5172 2344 871 627 56 150 54 78
internal_value=1.39941e-11 0.00860885 0.00186214 0.0166101 0.151924 0.0986525 0.22185 0.604596 0.0693293 0.0278062 0.151933 -0.0829385 -0.0513734 0.171788 0.0104594 0.145262 0.285224 0.00631167 0.0182608 0.11798 0.274478 0.382189 0.00889121 0.0415508 0.0900297 0.137786 0.2103 0.455312 -0.054554 0.195166
internal_weight=219291 18090 16281 13869 603 553 324 109 1809 215 852 2412 1867 192 13266 396 245 12870 10758 924 294 220 9834 4662 2318 1447 820 206 2112 132
internal_count=219291 18090 16281 13869 603 553 324 109 1809 215 852 2412 1867 192 13266 396 245 12870 10758 924 294 220 9834 4662 2318 1447 820 206 2112 132
is_linear=0
shrinkage=0.05


Tree=151
num_leaves=31
num_cat=0
split_feature=11 10 0 13 3 1 12 10 5 12 10 1 10 1 12 13 11 11 10 7 8 12 7 11 6 11 10 9 10 10
split_gain=563.729 2139.11 1583.26 1795.48 2063.63 2868.88 5607.57 3889.38 2546.09 2560.07 1523.14 2875.13 1204.26 1905.24 1200.6 1910.3 1036.02 1487.6 5467.87 12176.1 7882.5 3098.94 6924.5 1066.41 2621.34 1925.18 7448.89 29720.8 32040.7 9626.18
threshold=0.98367285728454601 0.030120026320219043 0.20778823643922809 78.750000000000014 27.895131111145023 28.812848091125492 15.250000000000002 0.13301347196102145 28.897807121276859 19.250000000000004 0.11593352630734445 29.725203514099125 0.064507851377129569 28.043411254882816 17.250000000000004 80.250000000000014 0.93834263086318981 0.90515965223312389 -0.38962684571743006 31.278440475463871 3.0260558128356938 14.750000000000002 29.605284690856937 0.82873937487602245 71.000598907470717 0.60503363609313976 -0.70252096652984608 28.793961524963382 -0.71466678380966175 -0.78297284245491017
decision_type=2 2 2 2 2 2 2 2 2 2 2 2 2 2 2 2 2 2 2 2 2 2 2 2 2 2 2 2 2 2
left_child=16 -2 3 12 -5 6 -6 -8 9 -9 -7 14 13 -3 -12 -16 17 23 19 20 21 22 -19 25 -25 -1 27 28 29 -27
right_child=1 2 -4 4 5 10 7 8 -10 -11 11 -13 -14 -15 15 -17 -18 18 -20 -21 -22 -23 -24 24 -26 26 -28 -29 -30 -31
leaf_value=-0.0015743846804666839 -0.0063711561719050243 0.28372438128078076 -0.05420172605593148 -0.0023409952446805833 0.63242474789939718 -0.010276070528441129 0.0027739024300615497 0.24362831128140294 0.014586051270879551 0.66213269629278937 0.10456845090458436 0.007852894017251871 -0.0031228116265129054 0.028412535604202996 0.475431532930227 0.12344855562071591 -0.014828557686580361 0.036199811736524506 0.00091374619918901273 0.75996170724076884 0.69432948689162732 0.0046199840332440201 0.60046556891946057 -0.01749297098559998 0.32548091591202788 0.70512319297501547 -0.00077224802772808546 0.026202481744473479 1.4141401067481076 0.14598230196679862
leaf_weight=155574 7236 99 430 558 67 431 237 96 58 59 105 295 1752 279 89 68 12060 185 4824 70 50 824 77 10798 56 99 18090 4308 71 346
leaf_count=155574 7236 99 430 558 67 431 237 96 58 59 105 295 1752 279 89 68 12060 185 4824 70 50 824 77 10798 56 99 18090 4308 71 346
internal_value=-4.26955e-12 0.0106025 0.03717 0.0465403 0.0797862 0.110236 0.205667 0.142128 0.297184 0.40293 0.0602988 0.114909 0.0143402 0.0952799 0.235449 0.32298 -0.000606151 0.000271775 0.02472 0.119945 0.0805072 0.0522465 0.202034 -0.00050683 -0.0157234 0.000418504 0.0139492 0.0691545 0.427754 0.270375
internal_weight=219291 11859 4623 4193 2063 1505 517 450 213 155 988 557 2130 378 262 157 207432 195372 6030 1206 1136 1086 262 189342 10854 178488 22914 4824 516 445
internal_count=219291 11859 4623 4193 2063 1505 517 450 213 155 988 557 2130 378 262 157 207432 195372 6030 1206 1136 1086 262 189342 10854 178488 22914 4824 516 445
is_linear=0
shrinkage=0.05


Tree=152
num_leaves=31
num_cat=0
split_feature=11 10 13 10 3 10 10 0 9 12 10 6 9 1 5 1 10 12 7 9 5 8 7 4 1 10 10 13 9 9
split_gain=568.544 4126.92 3702.65 4297.21 6659.79 5179.44 7745.59 6643.53 4858.9 6935.22 8505.35 7823.22 6250.5 8436.13 8404.77 5654.8 10136.7 4498.46 5933.5 7819.02 10967.4 7314.17 8402.25 7268.59 4739.9 11213 10786.5 8483.84 4998.61 4510.71
threshold=-0.83352491259574879 0.50495636463165294 81.750000000000014 0.012910176534205677 33.69648742675782 -0.34964421391487116 -0.39753912389278406 1.9508613348007204 38.390882492065437 17.250000000000004 0.34964421391487127 0.43700471520423895 36.87976264953614 36.176900863647468 37.56976509094239 32.79255676269532 0.13301347196102145 16.250000000000004 35.061351776123054 31.101372718811039 27.160553932189945 0.15022871643304828 33.275691986083991 23.778342247009281 32.399444580078132 -0.064507851377129541 -0.030120026320219036 79.250000000000014 33.419498443603523 27.648724555969242
decision_type=2 2 2 2 2 2 2 2 2 2 2 2 2 2 2 2 2 2 2 2 2 2 2 2 2 2 2 2 2 2
left_child=1 2 3 5 -5 6 7 -1 9 -6 12 -12 15 14 -14 16 -11 -7 19 20 29 22 -21 -22 25 28 -26 -28 -24 -19
right_child=-2 -3 -4 4 8 17 -8 -9 -10 10 11 -13 13 -15 -16 -17 -18 18 -20 21 23 -23 24 -25 26 -27 27 -29 -30 -31
leaf_value=-0.025905564727355362 -0.0012209415080484743 0.079144313759693025 -0.03629835821653208 -0.049809517480677711 -0.00087287020247554966 0.01089460387927154 -0.10793691407960906 0.090139302122383594 -0.039195692677466268 0.63963652309030294 0.09282096002204919 0.41199987167907137 0.16571025235454243 -0.12213958636696996 0.7727274775829005 -0.054375803367742372 -0.049065692169482221 0.019153824061186625 0.27448553236779472 -0.005792006764663727 0.14024467121882231 -0.040655672986109795 0.64808763700957395 0.40661899362388071 -0.2005682893037796 1.0488961783940334 0.0076608635219080111 0.84438089029581254 0.053364789200865709 -0.30242699427874231
leaf_weight=3172 178287 1809 5460 6502 3893 5214 1557 2018 2735 88 405 365 150 116 92 1088 136 357 348 598 1750 2224 51 300 125 57 56 66 115 157
leaf_count=3172 178287 1809 5460 6502 3893 5214 1557 2018 2735 88 405 365 150 116 92 1088 136 357 348 598 1750 2224 51 300 125 57 56 66 115 157
internal_value=2.86192e-11 0.0053087 0.0019009 0.00808344 -0.0111916 0.0246049 -0.0101273 0.0192155 0.0164984 0.0405507 0.106642 0.24412 0.0432536 0.228434 0.396477 -0.00727576 0.221496 0.0451286 0.0738997 0.0619796 0.127446 0.0109908 0.118539 0.179226 0.276731 0.443841 0.125859 0.460313 0.236081 -0.0790722
internal_weight=219291 41004 39195 33735 15570 18165 6747 5190 9068 6333 2440 770 1670 358 242 1312 224 11418 6204 5856 2564 3292 1068 2050 470 223 247 122 166 514
internal_count=219291 41004 39195 33735 15570 18165 6747 5190 9068 6333 2440 770 1670 358 242 1312 224 11418 6204 5856 2564 3292 1068 2050 470 223 247 122 166 514
is_linear=0
shrinkage=0.05


Tree=153
num_leaves=31
num_cat=0
split_feature=8 4 5 7 10 12 3 9 7 11 11 0 11 10 11 12 13 9 8 11 2 0 5 9 5 13 12 12 3 5
split_gain=559.281 1226.99 1759.43 1437.98 1747.48 1341.14 1323.18 1303.98 1180.11 6323.24 1343.88 1148.72 1506.33 1832.46 1573.27 1041.57 1109.42 1566.73 898.264 1635.1 2628.84 4219.43 2921.76 1836.97 2706.77 2279.32 5334.52 2669.27 1738.52 2575.86
threshold=40.761636734008796 7.5896358489990243 30.756749153137211 30.552203178405765 -0.95236876606941212 12.750000000000002 36.019569396972663 29.148283004760746 31.044465065002445 -0.97502842545509327 -0.91583034396171559 7.5070478916168222 -0.95744973421096791 -0.7721494436264037 -0.45205545425415034 14.750000000000002 78.250000000000014 26.614676475524906 24.372336387634281 -0.90878397226333607 22.308761596679691 23.828494071960453 29.610812187194828 30.691680908203129 33.371110916137702 79.250000000000014 17.750000000000004 19.250000000000004 29.077000617980961 28.754715919494632
decision_type=2 2 2 2 2 2 2 2 2 2 2 2 2 2 2 2 2 2 2 2 2 2 2 2 2 2 2 2 2 2
left_child=18 2 3 4 7 -4 -7 -2 9 -3 -10 12 -11 14 -14 16 -6 -18 -1 20 23 22 -22 24 25 26 -20 -27 -21 -30
right_child=1 8 5 -5 15 6 -8 -9 10 11 -12 -13 13 -15 -16 -17 17 -19 19 28 21 -23 -24 -25 -26 27 -28 -29 29 -31
leaf_value=-0.00018460543909233344 0.290094508819839 0.38517004429567153 0.19775959652359204 0.24279491427810271 -0.016122040475358167 -0.060111607166117881 0.16112513593786087 -0.021609632432460786 -0.29805887669583064 0.19929466880284824 -0.0495912103613807 -0.13771157434605288 0.29442716045122519 -0.13781764648720796 -0.019231491326480301 -0.059069726349865105 0.39597988897094538 0.027000161666761748 -0.013220058770487146 -0.057713364494542674 0.11031159181790105 -0.035762680737301704 0.56741349416022957 -0.014529410251711625 0.43690679986029868 0.069738176487680908 0.45577993798924954 -0.32573979928856717 0.18398526710691956 0.0080190630819836576
leaf_weight=210804 102 82 59 94 155 1102 72 50 101 65 118 396 51 299 185 347 51 66 159 892 58 100 88 741 56 128 98 64 227 2481
leaf_count=210804 102 82 59 94 155 1102 72 50 101 65 118 396 51 299 185 347 51 66 159 892 58 100 88 741 56 128 98 64 227 2481
internal_value=2.12244e-11 -0.0201362 0.0034979 0.058165 0.035655 -0.0348533 -0.0465434 0.18756 -0.0583662 -0.0368694 -0.164181 -0.0716156 -0.0279923 -0.0556066 0.0485507 -0.00164641 0.0716105 0.187837 0.000316645 0.0210679 0.0650793 0.214448 0.385825 0.0355891 0.109129 0.0682485 0.16562 -0.0620878 0.00282768 0.0227696
internal_weight=219291 3395 2098 865 771 1233 1174 152 1297 1078 219 996 600 535 236 619 272 117 215896 5092 1492 246 146 1246 505 449 257 192 3600 2708
internal_count=219291 3395 2098 865 771 1233 1174 152 1297 1078 219 996 600 535 236 619 272 117 215896 5092 1492 246 146 1246 505 449 257 192 3600 2708
is_linear=0
shrinkage=0.05


Tree=154
num_leaves=31
num_cat=0
split_feature=13 11 1 6 11 11 9 1 13 0 3 10 11 4 12 10 6 11 0 10 1 7 2 10 9 10 1 6 5 1
split_gain=553.388 1374.13 3453.06 2672.83 1507.78 5671.17 5974.66 9958.62 5234.27 4984.3 4714.01 9124.71 2988.93 5596.33 2879 3220.56 5401.09 3812.33 4755.17 2859.56 2699.83 2674.98 2944.75 2640.72 7533.71 2611.31 6845.61 2487.24 2480.04 2468.34
threshold=80.250000000000014 -0.99981480836868275 33.131380081176765 0.33066692948341375 -0.86092913150787342 -0.82389250397682179 31.070920944213871 33.641326904296882 81.250000000000014 2.9510625600814824 33.423013687133796 -0.5343676209449767 -0.9412824511528014 0.23112435638904574 19.250000000000004 -0.25118774175643915 18.211704254150394 -0.9946339726448058 12.323037147521974 -0.45972847938537592 30.41554164886475 33.816766738891609 13.608859062194826 -0.5343676209449767 34.324388504028327 0.16705007851123813 30.292207717895511 0.31605622172355657 34.190887451171882 32.133798599243171
decision_type=2 2 2 2 2 2 2 2 2 2 2 2 2 2 2 2 2 2 2 2 2 2 2 2 2 2 2 2 2 2
left_child=-1 2 -2 -4 8 6 -6 9 12 -8 11 -11 13 20 15 16 -15 18 -17 29 -3 -19 -23 -9 -25 27 -27 -10 -22 -14
right_child=1 4 3 -5 5 -7 7 23 25 10 -12 -13 19 14 -16 17 -18 21 -20 -21 28 22 -24 24 -26 26 -28 -29 -30 -31
leaf_value=-0.0014453432032303182 -0.11027056135170095 0.53226162704137658 0.46538465403689022 0.083460132079618485 -0.169703513183631 0.0045707428041704768 0.19933565084423338 -0.26522156469523911 -0.12600950260417468 1.2321639328919076 0.18411222100257874 0.31717784937132487 -0.090715131685137756 0.048736368350329851 -0.089235628931974509 0.062831114684381795 0.68967124626592358 -0.11010386707049197 0.5751249068882317 -0.059576140985284978 0.029914825658003491 -0.0086655164957451427 0.44780647158622744 0.67106559329107407 0.032092364224286483 0.52193884734184515 -0.010995064592720117 -0.039208249339774487 0.2877303086702937 0.35202134167707033
leaf_weight=164741 111 65 78 111 160 44050 175 60 1146 54 50 55 50 84 365 155 54 369 64 855 156 115 51 50 596 62 2143 2949 232 85
leaf_count=164741 111 65 78 111 160 44050 175 60 1146 54 50 55 50 84 365 155 54 369 64 855 156 115 51 50 596 62 2143 2949 232 85
internal_value=-1.75504e-11 0.00436494 0.11108 0.24108 0.00377481 0.0074923 0.114738 0.158498 -0.0149159 0.383446 0.586083 0.770474 0.0433299 0.0833581 0.0290574 0.0774621 0.299537 0.0368171 0.212543 -0.0258096 0.234033 -0.0351154 0.131576 0.052078 0.0815485 -0.0398784 0.00398993 -0.0634999 0.184073 0.188045
internal_weight=219291 54550 300 189 54250 45250 1200 1040 9000 334 159 109 2700 1710 1257 892 138 754 219 990 453 535 166 706 646 6300 2205 4095 388 135
internal_count=219291 54550 300 189 54250 45250 1200 1040 9000 334 159 109 2700 1710 1257 892 138 754 219 990 453 535 166 706 646 6300 2205 4095 388 135
is_linear=0
shrinkage=0.05


Tree=155
num_leaves=31
num_cat=0
split_feature=12 12 13 11 0 10 7 10 10 11 11 10 10 11 10 10 0 6 1 2 10 9 4 10 11 1 7 9 5 4
split_gain=549.766 2834.25 4274.02 2906.37 1274 1243.32 3312.35 1701.79 1802.56 1158.74 1452.46 1317.32 3192.23 3050.67 2581.26 2649.51 4139.79 2934.3 1998.93 2044.92 1797.52 1715.66 2007.7 3742.71 2226.88 4756.14 1588.66 1564.2 1444.9 1382.13
threshold=13.250000000000002 12.750000000000002 76.250000000000014 0.31717954576015478 41.074102401733406 0.012910176534205677 28.548763275146488 -0.59817537665367115 -0.86095303297042836 -0.99981480836868275 -0.96681198477745045 -0.88606244325637806 -0.74981945753097523 -0.07309242337942122 -0.51236665248870839 -0.45206801593303675 5.9531130790710458 7.5975501537323007 27.187404632568363 27.58565711975098 -0.93535929918289173 28.433732986450199 1.8323352336883547 -0.80392050743103016 0.49001051485538488 30.196988105773929 24.51005840301514 28.323177337646488 30.190104484558109 0.91122743487358104
decision_type=2 2 2 2 2 2 2 2 2 2 2 2 2 2 2 2 2 2 2 2 2 2 2 2 2 2 2 2 2 2
left_child=1 9 3 5 -4 6 7 8 -3 -1 -11 13 18 -12 26 16 17 -16 27 21 29 -20 24 -24 25 28 -14 -13 -23 -15
right_child=-2 2 4 -5 -6 -7 -8 -9 -10 10 11 12 14 20 15 -17 -18 -19 19 -21 -22 22 23 -25 -26 -27 -28 -29 -30 -31
leaf_value=0.16778660630807282 -0.0009435441569289162 0.21356383804231882 0.0191053044814978 0.020449620772265503 -0.12200352528526739 0.11813168046762455 0.57868696032091982 0.34459530004129119 -0.11898759839250082 -0.056329519538710543 -0.095651521369291004 0.13664062919180378 -0.29210608893297091 0.090549610557489418 -0.00035482531032749338 0.00054374977996334603 0.51971959188833083 0.4126957995050094 -0.076711816612594574 0.36376531237363818 -0.090233925700054646 0.20904631322505429 0.079727687562505409 0.55941755316474218 -0.090215642691442846 -0.0056984877344427075 -0.050578318977156311 0.44549188443592619 0.58729707240685824 -0.01704768533270833
leaf_weight=96 192016 104 8565 431 163 327 64 98 67 1344 1152 153 71 643 274 9872 59 51 255 50 336 51 156 55 247 271 1657 56 50 557
leaf_count=96 192016 104 8565 431 163 327 64 98 67 1344 1152 153 71 643 274 9872 59 51 255 50 336 51 156 55 247 271 1657 56 50 557
internal_value=1.20194e-11 0.00664255 0.028133 0.121437 0.01647 0.187385 0.25539 0.178471 0.0832659 -0.00544583 -0.0064038 -0.00221423 0.00422556 -0.0341448 -0.00396914 0.00555593 0.134411 0.0644623 0.077295 0.0511285 0.0119852 0.0367213 0.0715713 0.204765 0.0261691 0.103446 -0.0605022 0.219395 0.396299 0.0406065
internal_weight=219291 27275 9819 1091 8728 660 333 269 171 17456 17360 16016 13328 2688 11984 10256 384 325 1344 1135 1536 1085 830 211 619 372 1728 209 101 1200
internal_count=219291 27275 9819 1091 8728 660 333 269 171 17456 17360 16016 13328 2688 11984 10256 384 325 1344 1135 1536 1085 830 211 619 372 1728 209 101 1200
is_linear=0
shrinkage=0.05


Tree=156
num_leaves=31
num_cat=0
split_feature=0 11 11 9 10 3 0 8 11 10 10 13 9 2 1 12 4 0 3 8 11 12 12 11 11 0 2 0 10 6
split_gain=544.73 2366.03 4825.16 11968.4 9789.74 34467.1 6020.01 3142.12 3095.16 3107.84 7045.08 7835.92 3630.51 3203.78 8479.13 3059.29 3174.62 3611.71 2044.54 1826.2 2384 1768.76 4737.94 1661.16 3469.28 5811.14 7102.12 3221.1 2667.47 3497.64
threshold=0.25661714375019079 0.73246693611145031 0.60503363609313976 28.793961524963382 -0.70252096652984608 26.928457260131839 7.0452198982238778 0.14131741970777514 0.28434865176677709 -0.90880924463272084 -0.86958134174346913 78.750000000000014 32.751594543457038 18.890501022338871 28.909843444824222 14.250000000000002 1.9059624671936037 5.3759255409240732 28.097385406494144 20.045656204223636 0.53435277938842785 13.750000000000002 16.250000000000004 -0.99862980842590321 -0.99626126885414112 12.323037147521974 23.293423652648929 36.736276626586921 -0.064507851377129541 4.1008648872375497
decision_type=2 2 2 2 2 2 2 2 2 2 2 2 2 2 2 2 2 2 2 2 2 2 2 2 2 2 2 2 2 2
left_child=-1 2 8 4 5 6 -4 -8 23 -10 11 -11 -13 19 -15 18 -17 -18 -5 20 -12 -6 -23 27 25 -25 28 -2 29 -27
right_child=1 -3 3 15 21 -7 7 -9 9 10 13 12 -14 14 -16 16 17 -19 -20 -21 -22 22 -24 24 -26 26 -28 -29 -30 -31
leaf_value=0.0016616776392735751 -0.029983414802407956 -0.036748198403149371 0.45222663415802855 -0.27578136138617992 -0.13580511053381811 1.2424666338821049 0.17186023787810253 -0.33970721946425841 -0.089088960435446882 -0.031067597424519158 -0.0054340446594530953 0.3021725490316749 0.87905803787708292 0.60086028458494134 -0.20368899391247677 0.00033965364663994741 -0.0053615920312170481 0.54859715803496301 -0.036130610347295519 0.22932571045778416 -0.13387202978392557 0.41848559225909415 -0.11916768640304716 0.0097528858513221267 -0.00076964350040110367 0.17153327885785372 0.73266557236512508 -0.31928449683260213 0.23845147572750791 -0.36553406628966334
leaf_weight=151798 2031 5024 72 144 87 97 52 71 2038 111 756 60 50 66 65 560 56 62 233 54 692 80 84 987 53406 77 60 101 267 50
leaf_count=151798 2031 5024 72 144 87 97 52 71 2038 111 756 60 50 66 65 560 56 62 233 54 692 80 84 987 53406 77 60 101 267 50
internal_value=-1.19902e-12 -0.00373727 -0.0010824 0.0846826 0.275416 0.47225 0.0891171 -0.123435 -0.00333392 -0.0464737 0.000370956 0.265316 0.564393 -0.035485 0.201656 -0.0134862 0.0500044 0.285701 -0.127668 -0.0561678 -0.0668146 0.0464292 0.143102 -0.000387225 0.00129598 0.0778514 0.225898 -0.0436886 0.148726 -0.0399106
internal_weight=219291 67493 62469 1598 543 292 195 123 60871 3892 1854 221 110 1633 131 1055 678 118 377 1502 1448 251 164 56979 54847 1441 454 2132 394 127
internal_count=219291 67493 62469 1598 543 292 195 123 60871 3892 1854 221 110 1633 131 1055 678 118 377 1502 1448 251 164 56979 54847 1441 454 2132 394 127
is_linear=0
shrinkage=0.05


Tree=157
num_leaves=31
num_cat=0
split_feature=13 10 11 10 4 11 0 1 10 0 11 9 7 7 10 9 7 0 5 10 10 8 10 10 4 9 10 7 5 3
split_gain=539.5 2586.81 7998.1 2790.06 1699.85 1383.78 1405.47 2117.46 1767.6 3418.21 1214.84 3444.99 957.155 1464.53 904.013 1054.03 894.009 1069.59 937.196 6493.49 8523.53 2034.46 1562.8 940.156 5730.46 1338.24 867.685 882.523 915.73 867.478
threshold=83.750000000000014 -0.97505551576614369 0.15004983544349673 -0.99865758419036854 0.6185206174850465 -0.62538740038871754 36.736276626586921 32.79255676269532 -0.51973900198936451 1.9916533827781679 -0.98798605799674977 33.473875045776374 30.902323722839359 31.730654716491703 -0.31718835234642023 31.394502639770511 36.790300369262702 1.7947978973388674 30.438410758972172 -0.73831951618194569 -0.80392050743103016 5.3900356292724618 -0.93535929918289173 -0.88606244325637806 3.6696181297302251 33.086376190185554 -0.99984258413314808 29.461111068725589 29.314898490905765 30.162026405334476
decision_type=2 2 2 2 2 2 2 2 2 2 2 2 2 2 2 2 2 2 2 2 2 2 2 2 2 2 2 2 2 2
left_child=26 2 3 4 -2 6 7 10 9 -9 11 -3 -5 -14 -10 -16 18 -18 19 20 21 -7 -20 24 25 -24 27 28 -1 -12
right_child=1 5 -4 12 -6 16 -8 8 14 -11 29 -13 13 -15 15 -17 17 -19 22 -21 -22 -23 23 -25 -26 -27 -28 -29 -30 -31
leaf_value=0.091036132475969811 0.46964526325464251 0.26366961960856983 0.61216469166360588 -0.19987928449279735 0.071823392320295873 -0.10180830568489102 0.20571612894046504 0.48879120570535844 -0.15873041244185704 -0.084509855164931369 -0.034293224647521013 -0.22745496752685399 0.23613001403433309 -0.064541122620856317 0.22431593155860902 -0.012081411474724335 0.058150030969535416 0.28803001295775177 -0.13237789634303374 0.0068668554358822355 0.77011267587320131 0.30206874094226144 -0.10804041204029236 -0.0071176251211392668 0.57525241130590443 0.18754016941167273 -0.00019756886112705523 -0.076660034342275959 -0.054716350283328587 -0.17213411543982893
leaf_weight=202 50 74 72 72 58 72 61 52 98 52 155 69 54 162 50 828 323 60 227 1540 67 55 138 1621 50 53 211575 737 231 433
leaf_count=202 50 74 72 72 58 72 61 52 98 52 155 69 54 162 50 828 323 60 227 1540 67 55 138 1621 50 53 211575 737 231 433
internal_value=8.0919e-12 0.0141383 0.12741 0.0392729 0.256 0.00541647 -0.0303441 -0.0382954 0.00618466 0.202141 -0.104011 0.0266934 -0.0419998 0.0106267 -0.0146959 0.00138085 0.0213328 0.0941626 0.0140364 0.0412088 0.31382 0.0730991 -0.00851832 0.00658163 0.0987248 -0.0260207 -0.000435024 -0.0433749 0.013279 -0.135799
internal_weight=219291 6546 468 396 108 6078 1872 1811 1080 104 731 143 288 216 976 878 4206 383 3823 1734 194 127 2089 1862 241 191 212745 1170 433 588
internal_count=219291 6546 468 396 108 6078 1872 1811 1080 104 731 143 288 216 976 878 4206 383 3823 1734 194 127 2089 1862 241 191 212745 1170 433 588
is_linear=0
shrinkage=0.05


Tree=158
num_leaves=31
num_cat=0
split_feature=7 11 10 10 0 2 10 10 9 0 12 1 10 10 4 2 9 0 12 7 11 10 4 10 1 10 6 11 3 12
split_gain=534.696 1455.2 10018.1 13222.8 2223.77 2603.46 1745.33 2747.64 2262.44 2079.06 1621.63 1417.03 1227.96 1683.79 1544.5 986.728 951.458 1512.4 1083.05 846.613 4960.12 16477.2 8405.67 8460.3 4668.74 4283.73 5729.79 4271.02 3942.56 8210.78
threshold=26.914702415466312 0.26780438423156744 -0.70252096652984608 -0.71466678380966175 37.969963073730476 18.198956489562992 -0.92913278937339772 -0.80392050743103016 27.360788345336918 6.3784387111663827 13.250000000000002 25.582847595214847 -0.56314551830291737 -0.41327477991580958 5.810997962951661 17.836771965026859 25.513776779174808 0.4088634997606278 14.250000000000002 29.853345870971683 -0.37370587885379786 0.72066047787666332 24.304562568664554 -0.8779519498348235 29.689640998840336 -0.8429337441921233 40.791572570800788 -0.27608674764633173 29.542384147644047 16.750000000000004
decision_type=2 2 2 2 2 2 2 2 2 2 2 2 2 2 2 2 2 2 2 2 2 2 2 2 2 2 2 2 2 2
left_child=1 4 3 6 10 -6 -3 -8 9 -9 12 -7 14 -14 -1 -15 17 18 -2 20 21 22 25 24 -24 26 28 -22 29 -18
right_child=16 2 -4 -5 5 11 7 8 -10 -11 -12 -13 13 15 -16 -17 19 -19 -20 -21 27 -23 23 -25 -26 -27 -28 -29 -30 -31
leaf_value=0.0053039422960237384 0.16848305421881379 0.28053787084153065 -0.017761839323775286 0.74122175667054802 0.42647133376800794 0.21117032694361978 -0.17454228970266525 0.25685629497507007 0.42166350852206069 -0.14539316991447576 -0.068007491317335619 -0.10209557548646005 0.31215470574669918 0.0025767303953628277 -0.16829534619730913 0.23174190931725056 0.08445867160470158 -0.18823012960858124 -0.050499116775838099 -0.00099131022561877455 -0.11658338888936173 0.92418816722929487 0.20570467150211336 0.11285437931255921 0.85277875407731951 0.0037238987348613643 0.6057517108050261 0.00017163804730828229 -0.011434275604637258 0.5934190871213012
leaf_weight=464 70 91 4385 98 53 59 105 58 53 72 2413 93 59 413 177 53 414 172 292 164941 802 52 50 1138 63 8385 55 33569 544 98
leaf_count=464 70 91 4385 98 53 59 105 58 53 72 2413 93 59 413 177 53 414 172 292 164941 802 52 50 1138 63 8385 55 33569 544 98
internal_value=-2.73871e-11 -0.0121866 0.00590983 0.22352 -0.0354383 0.124718 0.0896557 0.0293423 0.146325 0.034072 -0.0446118 0.0195011 0.0038048 0.0605022 -0.0426322 0.0286406 0.000500201 -0.0661564 -0.0081545 0.00066961 0.00673456 0.0362939 0.0319978 0.153828 0.566463 0.015948 0.108206 -0.00255268 0.0822923 0.181877
internal_weight=219291 8646 4862 477 3784 205 379 288 183 130 3579 152 1166 525 641 466 210645 534 362 210111 45170 10799 10747 1251 113 9496 1111 34371 1056 512
internal_count=219291 8646 4862 477 3784 205 379 288 183 130 3579 152 1166 525 641 466 210645 534 362 210111 45170 10799 10747 1251 113 9496 1111 34371 1056 512
is_linear=0
shrinkage=0.05


Tree=159
num_leaves=31
num_cat=0
split_feature=10 11 11 11 8 7 6 1 5 9 0 12 13 9 13 7 13 8 4 13 10 9 1 12 13 8 2 5 9 5
split_gain=548.46 2682.21 7264.98 4197.59 6839.58 4279.64 9217.82 10908.6 4549.58 4014.09 3659.1 5608.54 3130.6 2971.82 3831.76 3366.47 2662.04 2652.88 2645.17 2511.81 4062.19 6090.71 14727.4 6065.73 3361.85 4063.75 3341.94 5029.08 4706.36 7141.91
threshold=-0.96683886647224415 -0.20930689573287961 -0.14153505116701123 -0.12447465583682059 11.705937862396242 30.841373443603519 0.57659727334976207 30.652140617370609 32.325286865234382 30.691680908203129 15.948968410491945 17.250000000000004 78.750000000000014 29.271014213562015 76.750000000000014 30.612108230590824 78.750000000000014 51.292980194091804 1.6782761812210085 81.750000000000014 -0.98801350593566883 31.248117446899418 31.775575637817386 18.250000000000004 78.750000000000014 3.0260558128356938 0.10764911398291589 30.879343986511234 31.762208938598636 30.223423957824711
decision_type=2 2 2 2 2 2 2 2 2 2 2 2 2 2 2 2 2 2 2 2 2 2 2 2 2 2 2 2 2 2
left_child=1 9 13 4 5 16 8 -8 12 17 -11 -12 -7 -3 15 -15 18 -1 -4 24 -21 22 23 -22 25 26 28 -28 -5 -30
right_child=-2 2 3 19 -6 6 7 -9 -10 10 11 -13 -14 14 -16 -17 -18 -19 -20 20 21 -23 -24 -25 -26 -27 27 -29 29 -31
leaf_value=-0.023641827626775733 -0.00074978403611952944 -0.180891475811464 -0.10018321889667557 0.038528195480921096 0.70489103183150292 -0.0071237764388754751 0.11041485321792691 1.1308418040573598 -0.2412481042839911 0.094632217060193008 0.71408733946031355 0.11783254597317049 0.4912403848247025 -0.029201847763033584 -0.072434396346881577 0.39099214500324297 -0.32042025408312069 0.33703917903756658 0.3365745291257134 0.018670187060695839 0.60888914925356707 0.02201234913385932 1.1226243722672558 -0.02085594194301383 -0.031285854354978757 -0.032862104211107031 0.066668828183841788 -0.081262052112018868 0.72104483115471019 0.14962076733162791
leaf_weight=912 201201 545 104 1339 50 69 55 50 92 679 66 98 58 104 1675 88 73 54 52 1344 54 268 51 131 4686 2149 1511 927 59 747
leaf_count=912 201201 545 104 1339 50 69 55 50 92 679 66 98 58 104 1675 88 73 54 52 1344 54 268 51 131 4686 2149 1511 927 59 747
internal_value=4.11159e-11 0.00833927 0.00192162 0.0158504 0.144871 0.0942362 0.211174 0.596332 0.0265095 0.0660981 0.145828 0.357789 0.220476 -0.0781688 -0.0481828 0.163387 -0.0712134 -0.00347954 0.0454027 0.00998582 0.0640659 0.185121 0.370346 0.162962 0.00123298 0.0238686 0.0504701 0.0104211 0.0959896 0.19145
internal_weight=219291 18090 16281 13869 603 553 324 105 219 1809 843 164 127 2412 1867 192 229 966 156 13266 1848 504 236 185 11418 6732 4583 2438 2145 806
internal_count=219291 18090 16281 13869 603 553 324 105 219 1809 843 164 127 2412 1867 192 229 966 156 13266 1848 504 236 185 11418 6732 4583 2438 2145 806
is_linear=0
shrinkage=0.05


Tree=160
num_leaves=31
num_cat=0
split_feature=4 11 12 13 13 9 3 12 8 1 7 7 1 0 8 10 10 7 1 10 9 12 9 10 7 11 5 0 3 10
split_gain=569.761 2456.98 5245.4 7575.21 5846.28 4559.37 5060.04 5859.24 6677.44 5498.02 8854.92 4955.97 10552 4349.72 4273.11 3922.77 3784.27 5591.64 3756.41 3352.02 3237.51 3151.27 3090.95 2978.48 8384.56 2921.55 7882.48 4974.1 2884.08 2844.21
threshold=0.25504601001739508 -0.90878397226333607 16.750000000000004 81.750000000000014 78.750000000000014 29.603873252868656 33.179183959960945 19.250000000000004 4.2942793369293222 35.385360717773445 36.399862289428718 36.399862289428718 37.964206695556648 14.600442409515383 24.951455116271976 -0.15005400776863095 0.36571913957595831 34.061851501464851 29.437642097473148 0.15005400776863101 28.267940521240238 15.750000000000002 28.207283973693851 -0.030120026320219036 33.421787261962898 -0.87792757153511036 29.070967674255375 2.7306416034698491 35.137472152709968 -0.28435654938220972
decision_type=2 2 2 2 2 2 2 2 2 2 2 2 2 2 2 2 2 2 2 2 2 2 2 2 2 2 2 2 2 2
left_child=1 2 15 4 16 14 7 23 -9 10 19 12 -11 -12 -6 18 22 -18 20 28 -1 -20 -4 24 -7 26 27 -3 -8 -22
right_child=-2 25 3 -5 5 6 9 8 -10 11 13 -13 -14 -15 -16 -17 17 -19 21 -21 29 -23 -24 -25 -26 -27 -28 -29 -30 -31
leaf_value=0.018941338136085967 -0.0038149807326888704 0.079809739727930859 0.34059845135695693 -0.042512405156058544 0.74719199574262396 -0.13749526383657029 0.36145357527582544 -0.01016340226892175 0.71421594123045606 0.0070324939019978053 0.41758093500582433 -0.011242998928448584 0.75412392431968145 1.0029016390649808 0.1236673090942204 -0.025562295926253455 0.61646979396993462 0.066399080040199426 -0.034913611208252864 0.012875915594173202 0.08358442260041124 0.22472734042186887 -0.00040608997551963609 -0.21669108280584443 0.51126585166523419 0.00074553166577070768 -0.079552561575097061 0.71109982728958132 0.045001992202984793 0.38629443289638304
leaf_weight=211 67669 83 69 1359 61 179 288 72 57 125 77 430 76 54 50 5401 66 154 763 165 126 138 1800 199 69 137059 2143 50 96 202
leaf_count=211 67669 83 69 1359 61 179 288 72 57 125 77 430 76 54 50 5401 66 154 763 165 126 138 1800 199 69 137059 2143 50 96 202
internal_value=-7.93832e-12 0.00170263 0.0231363 0.0597512 0.0937556 0.154903 0.136584 0.0130603 0.309911 0.190856 0.289491 0.084561 0.289515 0.658858 0.466325 -0.00601212 0.0352718 0.23142 0.0673146 0.201354 0.171725 0.00485382 0.0121832 -0.0726081 0.0430068 -0.000187463 -0.0563717 0.317137 0.282341 0.270009
internal_weight=219291 151622 12287 5446 4087 1998 1887 576 129 1311 680 631 201 131 111 6841 2089 220 1440 549 539 901 1869 447 248 139335 2276 133 384 328
internal_count=219291 151622 12287 5446 4087 1998 1887 576 129 1311 680 631 201 131 111 6841 2089 220 1440 549 539 901 1869 447 248 139335 2276 133 384 328
is_linear=0
shrinkage=0.05


Tree=161
num_leaves=31
num_cat=0
split_feature=0 11 11 9 10 3 0 5 4 8 11 10 10 9 12 2 1 7 0 8 11 12 12 12 1 12 10 5 10 10
split_gain=535.736 2067.2 4175.94 10601.2 8468.25 30635.5 5241.63 2860.34 4149.27 2772.87 2742.94 2811.03 6365.29 7120.54 3309.1 2900.4 7630.84 2188.74 1693.75 1633.75 2145.71 1632.98 6090.56 1589.27 4712.77 2237.47 5342.35 22307.4 4458.03 6571.66
threshold=0.25661714375019079 0.73246693611145031 0.60503363609313976 28.793961524963382 -0.70252096652984608 26.928457260131839 7.0452198982238778 28.501871109008793 2.0780767202377324 0.14131741970777514 0.28434865176677709 -0.90880924463272084 -0.86958134174346913 31.991209983825687 14.750000000000002 18.890501022338871 28.909843444824222 27.556782722473148 4.3570158481597909 20.045656204223636 0.53435277938842785 14.250000000000002 16.250000000000004 19.750000000000004 26.508317947387699 16.250000000000004 0.72066047787666332 29.645109176635746 -0.15005400776863095 -0.50495636463165272
decision_type=2 2 2 2 2 2 2 2 2 2 2 2 2 2 2 2 2 2 2 2 2 2 2 2 2 2 2 2 2 2
left_child=-1 2 10 4 5 6 -4 17 -9 -8 23 -12 13 -13 -15 19 -17 -5 -10 20 -14 -6 -23 25 -25 26 28 -28 29 -2
right_child=1 -3 3 7 21 -7 9 8 18 -11 11 12 15 14 -16 16 -18 -19 -20 -21 -22 22 -24 24 -26 -27 27 -29 -30 -31
leaf_value=0.0016479020130262829 -0.025128854520253392 -0.034562275701069775 0.41875138954362934 -0.44292610588501086 -0.099290458289059733 1.1672827045020371 0.15899614333533324 -0.013092649138314259 0.095026410199701788 -0.32157373986613585 -0.084459630066622146 -0.02500236894671632 -0.0049779300353731274 0.80456104286407182 0.25017226989947117 0.57088225448899199 -0.19236155244020314 -0.084022718521757661 0.48342002169229092 0.21689175367355348 -0.1268281315817569 0.55666917745481459 -0.11295509753039196 0.44976251138230927 -0.028218541056017416 0.010632003532755237 0.94049337861793392 0.033428788588330816 -0.059939090414684953 0.06039208995042044
leaf_weight=151798 9068 5024 72 53 110 97 52 674 50 71 2038 113 756 57 51 66 65 214 64 54 692 57 84 52 6232 31391 70 2139 5041 2986
leaf_count=151798 9068 5024 72 53 110 97 52 674 50 71 2038 113 756 57 51 66 65 214 64 54 692 57 84 52 6232 31391 70 2139 5041 2986
internal_value=1.95229e-11 -0.00370628 -0.00122473 0.0785622 0.258071 0.441139 0.079929 -0.0138296 0.0340936 -0.118406 -0.00331931 -0.0439303 0.000621358 0.252459 0.542766 -0.0334608 0.192173 -0.155266 0.313072 -0.05314 -0.0632102 0.0450995 0.157744 -0.000545341 -0.0242633 0.00239466 -0.0110004 0.0621723 -0.0204557 -0.00394373
internal_weight=219291 67493 62469 1598 543 292 195 1055 788 123 60871 3892 1854 221 108 1633 131 267 114 1502 1448 251 141 56979 6284 50695 19304 2209 17095 12054
internal_count=219291 67493 62469 1598 543 292 195 1055 788 123 60871 3892 1854 221 108 1633 131 267 114 1502 1448 251 141 56979 6284 50695 19304 2209 17095 12054
is_linear=0
shrinkage=0.05


Tree=162
num_leaves=31
num_cat=0
split_feature=11 10 13 6 10 12 10 1 5 12 5 13 9 3 11 11 10 7 12 7 3 7 10 10 1 11 6 11 8 7
split_gain=534.83 2187.01 1674.37 2126.95 1993.88 3211.71 5781.69 3141.55 2299.03 2377.84 2946.17 1878.27 1680.88 2846.68 1038.22 1377.92 4960.55 11076.6 7166.63 16223.3 4382.96 7087.01 1000.1 1926.64 3548.24 916.488 2363.7 1907.09 9490.54 19878.8
threshold=0.98043283820152294 0.030120026320219043 78.750000000000014 1.0000000180025095e-35 0.13301347196102145 14.750000000000002 0.064507851377129569 29.725203514099125 27.656976699829105 18.750000000000004 29.070967674255375 80.750000000000014 28.433732986450199 29.202402114868168 0.93834263086318981 0.90515965223312389 -0.38962684571743006 31.395439147949222 15.250000000000002 30.401480674743656 29.472296714782718 29.149566650390629 0.064507851377129569 0.047320950776338584 28.043411254882816 0.82873937487602245 71.000598907470717 0.78827583789825451 3.5043474435806279 29.710849761962894
decision_type=2 2 2 2 2 2 2 2 2 2 2 2 2 2 2 2 2 2 2 2 2 2 2 2 2 2 2 2 2 2
left_child=14 -2 22 4 5 6 -4 8 -6 12 11 -11 -10 -14 15 25 17 18 19 20 21 -17 23 -3 -25 27 -27 -1 -29 -30
right_child=1 2 3 -5 7 -7 -8 -9 9 10 -12 -13 13 -15 -16 16 -18 -19 -20 -21 -22 -23 -24 24 -26 26 -28 28 29 -31
leaf_value=-0.00053823224591657761 -0.0068926907935811105 -0.029661020887193874 0.63609001994132996 -0.042525449762456959 0.00024063932309090568 0.010750916740187596 -0.016760956925841477 0.015304992649353286 0.039650463948951289 0.24884055942296981 0.056728668072644407 0.62609691695146952 0.092816411131306703 0.51132333233532767 -0.015673025814705806 0.08031197672858377 0.0010694049268790676 0.82828389188507578 -0.00077689658268791941 1.1040241124331951 -0.17508460991084576 0.72387304819863418 -0.0061099036410316061 0.5396194593242879 0.064103407992993716 -0.016321503631983866 0.30936144148249051 0.0099876140308511555 0.0020325721839988186 0.72959909001492884
leaf_weight=173664 7839 204 60 399 114 1067 78 345 147 50 51 97 95 71 10854 163 4824 52 799 50 84 58 2244 53 151 10798 56 4415 263 146
leaf_count=173664 7839 204 60 399 114 1067 78 345 147 50 51 97 95 71 10854 163 4824 52 799 50 84 58 2244 53 151 10798 56 4415 263 146
internal_value=-1.3058e-11 0.00981035 0.0348649 0.0635921 0.0830592 0.0401073 0.267087 0.136417 0.203271 0.248565 0.384175 0.497778 0.16278 0.271816 -0.000621513 0.000214682 0.0237443 0.114444 0.082278 0.26921 0.132355 0.24921 0.00698264 0.0789917 0.187644 -0.00053467 -0.0146412 0.000323158 0.0313332 0.261751
internal_weight=219291 13065 5226 2574 2175 1205 138 970 625 511 198 147 313 166 206226 195372 6030 1206 1154 355 305 221 2652 408 204 189342 10854 178488 4824 409
internal_count=219291 13065 5226 2574 2175 1205 138 970 625 511 198 147 313 166 206226 195372 6030 1206 1154 355 305 221 2652 408 204 189342 10854 178488 4824 409
is_linear=0
shrinkage=0.05


Tree=163
num_leaves=31
num_cat=0
split_feature=8 10 10 13 11 10 9 0 3 5 3 1 9 6 2 11 11 10 2 12 8 1 1 13 9 10 7 3 5 4
split_gain=533.595 868.403 1948.26 1633.03 853.758 2711.5 704.815 578.591 874.372 1291.72 629.055 667.955 781.974 637.014 593.188 577.07 570.125 3348.58 9556.48 4644.65 2456.36 1940.6 3073.01 1846.62 1997.45 1961.59 1631.51 4191.59 2328.39 2980
threshold=54.36689758300782 -0.95236876606941212 -0.97505551576614369 79.250000000000014 -0.98208922147750843 -0.04732095077633857 29.189107894897464 4.9965629577636728 28.715373039245609 27.160553932189945 26.103140830993656 26.945723533630375 27.031724929809574 35.278631210327156 8.3994274139404315 0.72064045071601879 -0.99626126885414112 -0.064507851377129541 23.293423652648929 18.750000000000004 16.54928016662598 31.235643386840824 33.223888397216804 76.750000000000014 29.148283004760746 -0.04732095077633857 31.073676109313968 30.939879417419437 30.728355407714847 4.2591025829315194
decision_type=2 2 2 2 2 2 2 2 2 2 2 2 2 2 2 2 2 2 2 2 2 2 2 2 2 2 2 2 2 2
left_child=16 2 6 -4 5 -3 -2 8 9 -6 -9 -12 13 -13 15 -10 17 18 19 20 21 -1 -23 24 -19 -26 27 -25 -29 -30
right_child=1 4 3 -5 7 -7 -8 10 14 -11 11 12 -14 -15 -16 -17 -18 23 -20 -21 -22 22 -24 26 25 -27 -28 28 29 -31
leaf_value=-0.035325151561890672 -0.13174254275181077 0.34014334151590314 0.038845450791620439 0.41879162877224962 -0.085702356995482537 -0.16327787767041405 0.056928400189596384 0.027458950599958731 -0.046603479089386418 0.23751252060351163 -0.29052835550962713 0.12193562537431718 -0.15286872680089914 -0.09102247343974168 0.053286004635420714 -0.17445839523477893 -0.00021261983673437942 0.058478183156821829 0.74951921744006023 -0.18458802156150342 0.46357328748261484 0.38183488875559163 -0.012935040245453517 -0.085527169808069722 0.13024124887276006 -0.13813940261515986 0.004745214440594372 0.44391410193945235 0.25592461981086267 -0.079248654867211984
leaf_weight=149 110 54 62 52 56 53 90 86 403 69 51 58 245 89 110 113 211598 251 56 140 54 109 90 204 77 588 3913 76 180 105
leaf_count=149 110 54 62 52 56 53 90 86 403 69 51 58 245 89 110 113 211598 251 56 140 54 109 90 204 77 588 3913 76 180 105
internal_value=1.29225e-11 -0.0278954 0.0471894 0.212154 -0.0448937 0.0907852 -0.0468406 -0.0562356 -0.028022 0.0927123 -0.0962893 -0.120313 -0.0981673 -0.00699819 -0.0521303 -0.0746027 0.000218071 0.0154272 0.127686 0.0634373 0.149814 0.101128 0.203296 0.00298181 -0.0617024 -0.107064 0.0162133 0.0956376 0.198013 0.13244
internal_weight=219291 1701 314 114 1387 107 200 1280 751 125 529 443 392 147 626 516 217590 5992 598 542 402 348 199 5394 916 665 4478 565 361 285
internal_count=219291 1701 314 114 1387 107 200 1280 751 125 529 443 392 147 626 516 217590 5992 598 542 402 348 199 5394 916 665 4478 565 361 285
is_linear=0
shrinkage=0.05


Tree=164
num_leaves=31
num_cat=0
split_feature=1 11 0 10 12 0 7 8 12 11 10 3 10 13 10 12 2 9 11 4 1 4 4 10 11 0 13 9 11 10
split_gain=527.052 1193.4 1828.48 1189.07 2426.61 1410.53 2630.11 1244.05 1172.3 921.206 1902.76 917.743 2927.44 1595.7 2641.46 7853.13 1653.72 909.221 1398.63 755.017 736.205 864.287 665.833 627.683 2542.51 4931.7 3398.14 4819.61 2974.33 4303.36
threshold=25.152820587158207 -0.95744973421096791 25.524681091308597 -0.71466678380966175 15.250000000000002 4.1150341033935556 26.627830505371097 0.12395858764648439 16.250000000000004 0.85651928186416637 -0.3415676057338714 26.302831649780277 0.72066047787666332 79.750000000000014 -0.63874351978301991 18.750000000000004 2.5163218975067143 27.947340965271 0.76663044095039379 0.9838455617427827 25.89040565490723 3.7387325763702397 44.523046493530281 -0.96683886647224415 -0.24284072965383527 21.76835918426514 78.250000000000014 29.025920867919925 -0.14153505116701123 -0.98211652040481556
decision_type=2 2 2 2 2 2 2 2 2 2 2 2 2 2 2 2 2 2 2 2 2 2 2 2 2 2 2 2 2 2
left_child=1 2 8 4 5 6 -3 -7 19 -5 -11 12 13 16 15 -15 -2 -18 20 -1 -19 -22 -16 24 25 26 -13 -28 29 -26
right_child=11 3 -4 9 -6 7 -8 -9 -10 10 -12 23 -14 14 22 -17 17 18 -20 -21 21 -23 -24 -25 28 -27 27 -29 -30 -31
leaf_value=0.26952821730442772 -0.0034134888015806331 0.37644553824231547 0.34025894736276113 -0.058461379194728026 0.32138616025101308 0.039688108155601906 -0.061325904886637417 -0.2985038257884578 -0.15528407126383961 0.18488481545543956 -0.025831489903449092 -0.086133220493106802 0.35599106401205066 -0.055759867993132817 -0.019799443217454651 0.70832822346040669 -0.042721243826927137 -0.034354086714581802 -0.011768443959009688 0.029607068389914067 -0.11227396323315067 -0.24245837788735886 0.16680313477329178 -0.00059514291647448539 -0.0897882067054218 0.56283476079052153 0.50046598550177845 0.051896828911393078 0.016374906038567963 0.019881054335593246
leaf_weight=53 1234 58 72 583 86 57 84 52 53 148 388 217 50 92 763 53 841 104 233 86 244 267 51 195812 1785 55 82 222 13673 1793
leaf_count=53 1234 58 72 583 86 57 84 52 53 148 388 217 50 92 763 53 841 104 233 86 244 267 51 195812 1785 55 82 222 13673 1793
internal_value=2.56567e-11 0.0275691 0.125378 0.00983451 0.0921712 0.0136354 0.117482 -0.121651 0.0447976 -0.0149622 0.0323514 -0.000217946 -0.0241546 -0.0290509 0.026915 0.223528 -0.0474126 -0.0795587 -0.116092 0.121088 -0.155616 -0.180296 -0.00810813 0.000222605 0.00920476 0.112542 0.0650065 0.172892 0.00575438 -0.034831
internal_weight=219291 1720 264 1456 337 251 142 109 192 1119 536 217571 3932 3882 959 145 2923 1689 848 139 615 511 814 213639 17827 576 521 304 17251 3578
internal_count=219291 1720 264 1456 337 251 142 109 192 1119 536 217571 3932 3882 959 145 2923 1689 848 139 615 511 814 213639 17827 576 521 304 17251 3578
is_linear=0
shrinkage=0.05


Tree=165
num_leaves=31
num_cat=0
split_feature=4 11 12 13 13 9 3 12 8 1 7 7 1 0 8 10 7 10 1 10 9 12 10 7 3 1 2 10 7 11
split_gain=533.153 2215.78 4668.23 6862.56 5238.21 4064.4 4574.78 5314.89 6031.3 4948.94 7999.44 4470.55 9530.36 3923.59 3897.11 3411.84 5092.57 3345.61 3357.32 3013.04 2947.37 2853.26 2793.02 5474.61 3503.36 2736.82 2728.43 2687.39 7629.36 2636.66
threshold=0.25504601001739508 -0.90878397226333607 16.750000000000004 81.750000000000014 78.750000000000014 29.603873252868656 33.179183959960945 19.250000000000004 4.2942793369293222 35.385360717773445 36.399862289428718 36.399862289428718 37.964206695556648 14.600442409515383 24.951455116271976 0.36571913957595831 33.585382461547859 -0.15005400776863095 29.437642097473148 0.15005400776863101 28.267940521240238 15.750000000000002 0.030120026320219043 35.302780151367195 33.69648742675782 27.497083663940433 0.49085897207260137 -0.030120026320219036 33.585382461547859 -0.87792757153511036
decision_type=2 2 2 2 2 2 2 2 2 2 2 2 2 2 2 2 2 2 2 2 2 2 2 2 2 2 2 2 2 2
left_child=1 2 17 4 15 14 7 27 -9 10 19 12 -11 -12 -6 22 -17 18 20 -8 -1 -20 23 -4 -24 26 -22 28 -7 -3
right_child=-2 29 3 -5 5 6 9 8 -10 11 13 -13 -14 -15 -16 16 -18 -19 21 -21 25 -23 24 -25 -26 -27 -28 -29 -30 -31
leaf_value=0.015152523563336141 -0.0036903862390199483 -0.05352253909564969 0.038966112968723432 -0.040791267141627147 0.70904632433027526 -0.11467743315315121 0.26768825416802428 -0.0094282579220210522 0.67901265249963405 0.0064476856042630969 0.39659426586775037 -0.010742124037622194 0.71645178567422063 0.95250555425882344 0.11358612407743932 0.657706915407542 0.087645728566501976 -0.023551339574697142 -0.034668620861578507 0.012211616969469822 0.70256068339305267 0.21239066113535643 -0.15763535867387399 0.47737628955252565 0.029189395123420465 0.15211224450789598 0.20444320092598597 -0.20641213197158137 0.53662552096075933 0.00073843940201299431
leaf_weight=211 67669 2276 722 1359 61 189 384 72 57 125 77 430 76 54 50 51 169 5401 763 165 56 138 403 79 665 218 54 199 59 137059
leaf_count=211 67669 2276 722 1359 61 189 384 72 57 125 77 430 76 54 50 51 169 5401 763 165 56 138 403 79 665 218 54 199 59 137059
internal_value=1.13799e-11 0.00164702 0.0220015 0.0565432 0.0889087 0.146789 0.129493 0.0120412 0.294767 0.181096 0.274677 0.0802491 0.274907 0.625749 0.440821 0.0335497 0.219796 -0.00549657 0.0622213 0.190906 0.160929 0.00317176 0.0116266 0.0822051 -0.0413072 0.254707 0.45803 -0.0695507 0.0402696 -0.000147899
internal_weight=219291 151622 12287 5446 4087 1998 1887 576 129 1311 680 631 201 131 111 2089 220 6841 1440 549 539 901 1869 801 1068 328 110 447 248 139335
internal_count=219291 151622 12287 5446 4087 1998 1887 576 129 1311 680 631 201 131 111 2089 220 6841 1440 549 539 901 1869 801 1068 328 110 447 248 139335
is_linear=0
shrinkage=0.05


Tree=166
num_leaves=31
num_cat=0
split_feature=12 12 13 11 1 11 10 9 10 7 0 5 11 11 7 10 10 11 10 4 7 10 3 10 10 3 1 7 0 11
split_gain=526.555 2537.32 3788.96 2602.48 1172.28 1510.25 1623.59 1459.43 3293.34 1357.01 1093.81 1083.47 1075.92 1270.33 1154.22 1169.89 2693.87 2658.17 1540.33 1211.15 1575.32 1337.52 1203.55 1705.86 1298.35 1197.18 1179.18 2197.9 1095.91 2751.73
threshold=13.250000000000002 12.750000000000002 76.250000000000014 0.31717954576015478 33.32238960266114 0.098816476762294783 -0.94130858778953541 27.360788345336918 -0.45972847938537592 32.75042915344239 41.074102401733406 29.070967674255375 -0.99981480836868275 -0.96681198477745045 24.51005840301514 -0.88606244325637806 -0.8429337441921233 -0.07309242337942122 -0.93535929918289173 0.91122743487358104 27.153847694396976 -0.99865758419036854 28.452372550964359 -0.99466162919998158 -0.97109106183052052 30.22818756103516 31.058892250061039 31.425899505615238 1.9038538336753847 0.4597157090902329
decision_type=2 2 2 2 2 2 2 2 2 2 2 2 2 2 2 2 2 2 2 2 2 2 2 2 2 2 2 2 2 2
left_child=1 12 3 4 5 6 -3 -8 -9 11 -4 -10 -1 -14 -15 17 26 -16 19 20 -19 -22 -23 -24 25 -25 27 28 29 -17
right_child=-2 2 10 -5 -6 -7 7 8 9 -11 -12 -13 13 14 15 16 -18 18 -20 -21 21 22 23 24 -26 -27 -28 -29 -30 -31
leaf_value=0.16199007534111542 -0.00092341080355368892 -0.033373899108324299 0.018294994906883948 0.019122427726151497 0.01557243112086629 0.44171532273292541 0.091758180341937334 0.63395829785753177 0.28161071401202314 0.41255205772139814 -0.11245450953398746 0.018999012014300556 -0.0525506598560328 -0.12284474122934999 -0.088946173558753075 0.47523188794914051 0.0012656271257560909 0.32954744045777873 -0.082419438439510051 -0.015179086435181583 -0.045855842317853661 0.33588189159361825 0.28030490762554111 0.10763661193847657 0.14083460318831217 -0.19874580466950484 0.0012039392215894983 0.46856642747825045 -0.033735483237320472 0.06438250938638837
leaf_weight=96 192016 78 8565 431 96 60 154 54 66 55 163 97 1344 195 1128 57 12681 60 336 557 196 53 80 50 113 88 142 53 84 143
leaf_count=96 192016 78 8565 431 96 60 154 54 66 55 163 97 1344 195 1128 57 12681 60 336 557 196 53 80 50 113 88 142 53 84 143
internal_value=9.06674e-12 0.00650081 0.0268344 0.114684 0.177089 0.204581 0.176351 0.214751 0.284387 0.197796 0.0158532 0.125333 -0.00493684 -0.00585994 -0.00194183 -0.000451658 0.00566227 -0.0306882 0.0121788 0.0387327 0.0856527 0.0604222 0.114668 0.0792474 0.0151654 -0.0877377 0.122059 0.172983 0.117821 0.181475
internal_weight=219291 27275 9819 1091 660 564 504 426 272 218 8728 163 17456 17360 16016 15821 13160 2661 1533 1197 640 580 384 331 251 138 479 337 284 200
internal_count=219291 27275 9819 1091 660 564 504 426 272 218 8728 163 17456 17360 16016 15821 13160 2661 1533 1197 640 580 384 331 251 138 479 337 284 200
is_linear=0
shrinkage=0.05


Tree=167
num_leaves=31
num_cat=0
split_feature=13 10 4 11 0 1 10 10 11 9 8 0 2 9 10 5 10 7 5 3 9 7 0 10 4 11 9 0 1 10
split_gain=516.374 2286.7 1534.33 1473.3 1271.32 1913.74 1576.81 3271.72 1105.01 3122.06 956.312 3784.03 828.198 1301.01 1152.22 936.013 825.48 787.301 816.256 772.685 953.887 766.841 932.84 740.62 3332.01 4777.08 9172.72 3162.81 2839.68 2277.84
threshold=83.750000000000014 -0.99865758419036854 0.76525980234146129 -0.62538740038871754 36.736276626586921 32.79255676269532 -0.51973900198936451 -0.62540480494499195 -0.98798605799674977 33.473875045776374 21.768621444702152 0.63343629240989696 3.4730851650238042 33.750249862670906 -0.31718835234642023 35.463424682617195 -0.99984258413314808 29.461111068725589 29.314898490905765 30.162026405334476 30.719644546508793 36.790300369262702 1.7947978973388674 -0.99865758419036854 0.33334213495254522 0.01290981797501445 30.5474967956543 5.9531130790710458 26.32643032073975 -0.99939814209938038
decision_type=2 2 2 2 2 2 2 2 2 2 2 2 2 2 2 2 2 2 2 2 2 2 2 2 2 2 2 2 2 2
left_child=16 2 -2 4 5 8 7 -7 9 -3 21 -12 14 -14 -8 -15 17 18 -1 20 -10 -5 -23 24 28 -26 -27 29 -18 -28
right_child=1 3 -4 10 -6 6 12 -9 19 -11 11 -13 13 15 -16 -17 23 -19 -20 -21 -22 22 -24 -25 25 26 27 -29 -30 -31
leaf_value=0.084614551811027214 0.4412343282909954 0.25286398554170453 0.06373337823570821 0.014302807302714493 0.19716026731690423 -0.087989761078586956 -0.22402352158228558 0.47289241913419505 -0.17038239715755851 -0.21467523296242175 0.37470742303064503 -0.086479784384533603 0.24132945096492767 -0.14809448018670082 -0.017320812723670583 0.096285467783219364 0.26178255203513451 -0.073746325790356435 -0.052993981549879179 -0.16199742706006448 0.07919798812634031 0.055352284190709179 0.27334149415636888 -0.00050683284628699158 -0.032843246075276618 -0.040731695140129892 0.43405788094156761 0.59463890683932275 -0.0438425538956351 0.12728484682474578
leaf_weight=202 51 74 57 4011 61 52 75 52 69 69 87 91 75 70 667 89 81 737 231 433 86 319 58 209235 426 256 106 98 1232 141
leaf_count=202 51 74 57 4011 61 52 75 52 69 69 87 91 75 70 667 89 81 737 231 433 86 319 58 209235 426 256 106 98 1232 141
internal_value=2.74652e-11 0.013832 0.241998 0.0100044 -0.0273512 -0.0349134 0.00737286 0.192451 -0.0973884 0.0272681 0.0253197 0.138932 -0.0123486 0.0696688 -0.0382139 -0.0113032 -0.000425598 -0.0423081 0.0112021 -0.127704 -0.0319055 0.020711 0.0888891 -0.00019399 0.0277794 0.0952418 0.186031 0.354295 -0.0249883 0.258936
internal_weight=219291 6546 108 6438 1872 1811 1080 104 731 143 4566 178 976 234 742 159 212745 1170 433 588 155 4388 377 211575 2340 1027 601 345 1313 247
internal_count=219291 6546 108 6438 1872 1811 1080 104 731 143 4566 178 976 234 742 159 212745 1170 433 588 155 4388 377 211575 2340 1027 601 345 1313 247
is_linear=0
shrinkage=0.05


Tree=168
num_leaves=31
num_cat=0
split_feature=10 0 11 11 9 10 1 3 12 12 0 3 9 2 11 10 10 13 9 2 0 7 2 12 1 12 10 5 10 10
split_gain=509.506 648.551 1881.95 3825.61 9651.78 7692.96 28299 5378.74 2766.33 2885.09 3651.27 3913.76 4918.72 2468.9 2456.28 2519.04 5753.2 6532.45 3075.74 2628.94 6948.4 1881.45 1559.23 1521.18 4284.9 1928.68 5482.58 19723.9 3928.8 5900.04
threshold=0.98930501937866222 0.25661714375019079 0.73246693611145031 0.60503363609313976 28.793961524963382 -0.70252096652984608 27.905324935913089 26.103140830993656 14.250000000000002 16.750000000000004 3.6116670370101933 30.38144683837891 30.366688728332523 1.9059624671936037 0.28434865176677709 -0.90880924463272084 -0.86958134174346913 78.750000000000014 32.751594543457038 18.890501022338871 15.948968410491945 30.66803073883057 0.14188683778047564 19.750000000000004 26.508317947387699 16.250000000000004 0.72066047787666332 29.1955680847168 -0.15005400776863095 -0.50495636463165272
decision_type=2 2 2 2 2 2 2 2 2 2 2 2 2 2 2 2 2 2 2 2 2 2 2 2 2 2 2 2 2 2
left_child=1 -1 3 14 5 6 7 13 21 10 -10 12 -12 -5 23 -16 17 -17 -19 -18 -21 -6 -4 25 -25 26 28 -28 29 -3
right_child=-2 2 22 4 8 -7 -8 -9 9 -11 11 -13 -14 -15 15 16 19 18 -20 20 -22 -23 -24 24 -26 -27 27 -29 -30 -31
leaf_value=0.002444025880412939 -0.01088342836618154 -0.023927329544353552 0.0015663968083469101 0.25941793799089891 -0.19877446076303137 0.043514244124085548 1.4543593797418808 0.50542995861347995 -0.012521229747189097 -0.053298439058947281 0.52535425573587424 0.68891839194297799 -0.13286393953021616 -0.15196921974420549 -0.07994483650967725 -0.030592136809954776 -0.05054159588025469 0.27173555654784048 0.80271860250830651 -0.10309097090805019 0.64649320846796043 0.039972282494189312 -0.055431286843874321 0.42810651780321046 -0.027685327981537368 0.010079381631939294 1.0382490449091968 0.042451435955816158 -0.056420573739994866 0.057105790457104788
leaf_weight=142156 10251 9068 1981 60 255 251 54 85 166 347 51 50 64 93 2038 111 1502 60 50 81 50 122 3043 52 6152 31028 51 1992 5041 2986
leaf_count=142156 10251 9068 1981 60 255 251 54 85 166 347 51 50 64 93 2038 111 1502 60 50 81 50 122 3043 52 6152 31028 51 1992 5041 2986
internal_value=-2.64246e-12 0.000533707 -0.00352651 -0.00113632 0.0752207 0.246503 0.420989 0.186527 -0.0129367 0.0474375 0.153043 0.31961 0.159042 0.00935908 -0.00316112 -0.0415782 0.00059609 0.24002 0.513091 -0.031806 0.18301 -0.121514 -0.0329567 -0.000508654 -0.023865 0.00237981 -0.0101033 0.0673098 -0.0193549 -0.00385392
internal_weight=219291 209040 66884 61860 1598 543 292 238 1055 678 331 165 115 153 60262 3892 1854 221 110 1633 131 377 5024 56370 6204 50166 19138 2043 17095 12054
internal_count=219291 209040 66884 61860 1598 543 292 238 1055 678 331 165 115 153 60262 3892 1854 221 110 1633 131 377 5024 56370 6204 50166 19138 2043 17095 12054
is_linear=0
shrinkage=0.05


Tree=169
num_leaves=31
num_cat=0
split_feature=12 1 11 11 1 10 11 9 3 9 8 6 10 6 9 10 9 0 10 11 10 1 10 0 1 10 10 5 10 9
split_gain=501.375 1511.51 1431.48 6486.74 6302.64 5680.74 4171.15 4695.34 7245.48 3485.83 3453.95 2810.99 2588.45 2557.3 2447.2 2243.82 5465.48 4793.37 6966.67 2238.5 2130.76 4966.65 2011.82 2280.06 2056.02 1966.99 2484.76 1965.1 1774.2 1578.48
threshold=13.750000000000002 37.223302841186531 -0.40541070699691767 -0.69014781713485707 32.831197738647468 -0.58429276943206776 -0.48248986899852747 27.360788345336918 27.379680633544925 28.793961524963382 1.0000000180025095e-35 12.495853900909426 -0.76109719276428212 1.0513542294502261 33.226667404174812 -0.41327477991580958 30.664040565490726 5.473067283630372 -0.50495636463165272 -0.25950218737125391 -0.8429337441921233 30.41554164886475 -0.80392050743103016 0.21939046680927279 30.566339492797855 -0.56314551830291737 -0.49002411961555475 31.82967567443848 0.90880924463272106 25.825807571411136
decision_type=2 2 2 2 2 2 2 2 2 2 2 2 2 2 2 2 2 2 2 2 2 2 2 2 2 2 2 2 2 2
left_child=1 2 3 5 6 -1 7 -5 9 -9 12 -8 22 -14 20 16 17 -7 -19 -4 21 -12 24 -24 -10 -18 -27 -28 -6 -21
right_child=-2 -3 19 4 28 15 11 8 10 -11 14 -13 13 -15 -16 -17 25 18 -20 29 -22 -23 23 -25 -26 26 27 -29 -30 -31
leaf_value=-0.10734855158083512 -0.0010787530914201854 -0.04701946951493699 -0.05484967607626922 -0.021116185410201185 -0.0036920974185626235 0.095264559593686668 -0.052691544733941553 0.34827457406258183 0.4207906371575188 0.91572191423177718 0.45412769219497351 0.25308659226494901 0.041058154589351206 0.43246082612059333 0.31207332693259504 0.0020056852804770718 0.25146751657791311 0.10577624398227557 0.76390245038753335 0.073054002503737531 -0.036062198616064238 -0.13622115683106203 0.31332077441144396 0.69418595735455912 0.09241059098679287 -0.15294968281487198 0.31644630609401347 -0.013739935478361526 0.2482205648179332 0.0015991732389480304
leaf_weight=1122 182197 1331 1730 243 1643 352 375 59 88 50 82 94 173 55 102 6715 59 83 78 803 298 63 88 71 104 290 58 202 73 20610
leaf_count=1122 182197 1331 1730 243 1643 352 375 59 88 50 82 94 173 55 102 6715 59 83 78 803 298 63 88 71 104 290 58 202 73 20610
internal_value=-4.88284e-11 0.00529858 0.00724571 0.0207922 0.076869 -0.00212304 0.13849 0.179765 0.219354 0.608572 0.18161 0.00859448 0.266646 0.135475 0.0912688 0.0129418 0.0783926 0.19863 0.42462 -0.000141236 0.0404289 0.197631 0.351851 0.483393 0.242918 -0.0228906 -0.0523218 0.059917 0.00702447 0.00427877
internal_weight=219291 37094 35763 12620 3661 8959 1945 1476 1233 109 1124 469 579 228 545 7837 1122 513 161 23143 443 145 351 159 192 609 550 260 1716 21413
internal_count=219291 37094 35763 12620 3661 8959 1945 1476 1233 109 1124 469 579 228 545 7837 1122 513 161 23143 443 145 351 159 192 609 550 260 1716 21413
is_linear=0
shrinkage=0.05


Tree=170
num_leaves=31
num_cat=0
split_feature=7 11 10 9 10 9 0 4 13 2 12 2 10 4 2 9 2 9 11 12 0 10 10 5 10 0 7 11 10 4
split_gain=514.954 1363.18 8166.41 11478.2 33499.6 2233.61 1894.09 2373.15 1757.26 1624.56 1421 1419.46 1013.64 1505.99 1499.52 1249.85 1033.44 837.768 1441.17 1708.37 781.561 727.064 2639.19 1322.77 1673.82 2494.6 711.689 4119.01 12496.3 7666.47
threshold=26.914702415466312 0.26780438423156744 -0.70252096652984608 28.748521804809574 -0.71466678380966175 27.258271217346195 54.775394439697273 42.509162902832038 78.250000000000014 5.1565227508544931 13.250000000000002 0.21955960988998416 -0.56314551830291737 5.810997962951661 17.174123764038089 26.767618179321293 0.58167904615402233 25.513776779174808 0.72064045071601879 14.250000000000002 6.9371085166931161 -0.51236665248870839 -0.49750867486000055 26.472124099731449 -0.61188074946403492 0.4704472571611405 29.853345870971683 -0.37370587885379786 0.72066047787666332 24.304562568664554
decision_type=2 2 2 2 2 2 2 2 2 2 2 2 2 2 2 2 2 2 2 2 2 2 2 2 2 2 2 2 2 2
left_child=1 6 3 4 5 8 10 -8 9 11 12 -3 13 20 15 -14 -17 18 -2 -20 -1 23 -23 -4 25 -25 27 28 29 -19
right_child=17 2 21 -5 -6 -7 7 -9 -10 -11 -12 -13 14 -15 -16 16 -18 26 19 -21 -22 22 -24 24 -26 -27 -28 -29 -30 -31
leaf_value=-0.015057076817891438 -0.13515451011691718 0.062887337980791921 -0.20657088946318256 -0.32849534505179956 1.3524111945354023 0.31426231865820137 0.39344836436865627 -0.078508141696453093 -0.23608594538271427 -0.13493435765212436 -0.061905951753417225 0.40249119949340822 -0.033567311748311256 -0.15839604413055855 0.28077780863270169 0.28436092950295716 0.025898880155926403 0.0140781188454141 0.28646045981668961 -0.040387470652097586 0.17431741449094953 0.34469812942238959 -0.013870550013678607 -0.13503639434267264 -0.14360986389491678 0.27644479230703678 -0.0008729837488809138 -0.0022526984695002573 0.80638001627252942 0.14575583614390544
leaf_weight=403 298 80 136 84 65 95 57 50 50 53 2494 50 311 184 65 69 88 9496 51 185 63 52 3910 65 137 85 164941 34371 52 1251
leaf_count=403 298 80 136 84 65 95 57 50 50 53 2494 50 311 184 65 69 88 9496 51 185 63 52 3910 65 137 85 164941 34371 52 1251
internal_value=7.74531e-12 -0.0119595 0.00555542 0.202029 0.315423 0.109923 -0.0344641 0.172908 0.0266083 0.0983827 -0.0404986 0.193504 0.0046325 -0.0372783 0.0557432 0.0244884 0.13949 0.000490881 -0.0620566 0.0302449 0.0105451 -0.0158169 -0.00916445 -0.0781271 -0.0172617 0.0981363 0.000649846 0.00621055 0.0331473 0.029406
internal_weight=219291 8646 4862 477 393 328 3784 107 233 183 3677 130 1183 650 533 468 157 210645 534 236 466 4385 3962 423 287 150 210111 45170 10799 10747
internal_count=219291 8646 4862 477 393 328 3784 107 233 183 3677 130 1183 650 533 468 157 210645 534 236 466 4385 3962 423 287 150 210111 45170 10799 10747
is_linear=0
shrinkage=0.05


Tree=171
num_leaves=31
num_cat=0
split_feature=4 11 3 12 10 3 7 10 9 0 5 10 10 11 7 11 13 13 1 11 10 8 5 3 13 10 3 10 10 8
split_gain=530.448 2041.03 5064.81 4803.19 10692.2 13318.2 5161.53 4605.78 3931.29 11132.7 9224.71 5543.49 3970.19 3847.27 3838.85 4495.3 5064.12 4781.68 6534.75 8561.43 3984.67 3801.31 3727.68 8358 3494.27 3466.13 3410.25 5276.41 2853.48 4139.61
threshold=0.25504601001739508 -0.81401595473289479 33.086526870727546 17.250000000000004 -0.51973900198936451 33.87755203247071 30.052595138549808 0.47494667768478399 28.491013526916507 10.410720348358156 30.848354339599613 -0.3334656953811645 0.47494667768478399 -0.76107609272003163 30.493049621582035 -0.90878397226333607 81.250000000000014 78.750000000000014 34.393642425537116 -0.97106409072875965 0.50495636463165294 0.16674016416072848 38.069244384765632 37.221149444580085 79.250000000000014 0.53436762094497692 28.283639907836918 -0.15005400776863095 0.38168568909168249 1.3234326243400576
decision_type=2 2 2 2 2 2 2 2 2 2 2 2 2 2 2 2 2 2 2 2 2 2 2 2 2 2 2 2 2 2
left_child=1 2 8 6 5 -5 -4 -8 9 -1 11 -11 26 -3 -6 16 17 28 19 21 -17 -19 23 -20 -9 -14 27 -10 -16 -30
right_child=-2 13 3 4 14 -7 7 24 12 10 -12 -13 25 -15 15 20 -18 18 22 -21 -22 -23 -24 -25 -26 -27 -28 -29 29 -31
leaf_value=-0.001743001159047708 -0.0036810104626563028 -0.056499519761225553 0.50901008918881419 0.83932179013111952 -0.32853949379826353 -0.15422144216986805 -0.019022382004119594 0.12986357449437166 0.22130054064231161 0.58144246700639823 0.93882280980547272 -0.09989562169648708 0.33742180307706199 0.00068633483599481746 0.052615214137377492 -0.045487366660570308 0.0016071276553091159 0.49295692752097175 0.088984529655519409 0.84225633833990532 0.079686868254047569 0.091038761312048216 0.0090819024964022763 0.68539239154477805 -0.033884156632846767 -0.084721843564980914 -0.044885173769203812 -0.12150669693114372 0.052724435810859387 0.65786616119742403
leaf_weight=800 67669 3010 51 96 63 52 5045 1067 301 51 60 72 135 128559 984 1296 803 102 201 86 1248 139 293 83 469 76 6186 179 65 50
leaf_count=800 67669 3010 51 96 63 52 5045 1067 301 51 60 72 135 128559 984 1296 803 102 201 86 1248 139 293 83 469 76 6186 179 65 50
internal_value=5.90115e-12 0.00164284 0.0165022 0.0366774 0.0709483 0.490239 0.00794095 0.00405787 -0.014795 0.0787345 0.430549 0.18261 -0.0281641 -0.000621948 0.0594843 0.0640535 0.107694 0.150224 0.235403 0.413976 0.0159189 0.261145 0.134202 0.263287 0.0798651 0.18537 -0.0349232 0.093462 0.0801581 0.31583
internal_weight=219291 151622 20053 12193 5561 148 6632 6581 7860 983 183 123 6877 131569 5413 5350 2806 2003 904 327 2544 241 577 284 1536 211 6666 480 1099 115
internal_count=219291 151622 20053 12193 5561 148 6632 6581 7860 983 183 123 6877 131569 5413 5350 2806 2003 904 327 2544 241 577 284 1536 211 6666 480 1099 115
is_linear=0
shrinkage=0.05


Tree=172
num_leaves=31
num_cat=0
split_feature=10 11 11 11 8 7 6 1 5 9 2 13 4 9 13 9 7 13 4 12 2 13 1 7 11 12 6 2 0 11
split_gain=511.335 2253.99 5954.75 3823.5 6161.86 4099.27 8526.05 9552.1 4162.07 3638.89 3150.56 2962.77 2818.68 2653.54 3449.94 3127.48 2401.76 3314.46 7457.87 3167.01 2957.64 2785.19 4826.06 4667.59 6034.45 4134.18 3424.08 3328.18 3247.29 6992.76
threshold=-0.96683886647224415 -0.20930689573287961 -0.14153505116701123 -0.12447465583682059 10.959001064300539 30.872042655944828 0.57659727334976207 30.652140617370609 32.325286865234382 30.664040565490726 12.951754570007326 78.750000000000014 4.0993287563323983 29.271014213562015 76.750000000000014 30.427604675292972 33.042322158813484 83.750000000000014 3.2296423912048344 19.250000000000004 0.34817789494991308 81.750000000000014 32.431922912597663 29.747520446777347 1.0000000180025095e-35 17.750000000000004 0.18673581629991534 2.4253234863281254 0.11522935330867769 0.098816476762294783
decision_type=2 2 2 2 2 2 2 2 2 2 2 2 2 2 2 2 2 2 2 2 2 2 2 2 2 2 2 2 2 2
left_child=1 9 13 4 5 -4 8 -8 11 -1 -11 -7 -12 -3 15 -15 17 19 20 21 -19 26 23 -23 -25 -26 28 -27 29 -5
right_child=-2 2 3 16 -6 6 7 -9 -10 10 12 -13 -14 14 -16 -17 -18 18 -20 -21 -22 22 -24 24 25 27 -28 -29 -30 -31
leaf_value=-0.0059114056621856273 -0.00072396350308282886 -0.16740684599094435 -0.073115756934022766 0.020288075295195732 0.64754848115974006 -0.0084286305341212189 0.10637048608981646 1.0742755942195654 -0.22866506607717146 0.079603130446002479 0.54817629961172742 0.48031617608146027 0.17016644576603238 -0.02301958134345148 -0.065017352965757697 0.38278375974704709 -0.047013568428529273 0.7548436557162892 -0.0465073531810321 -0.049005210220055717 0.25487255451735108 -0.096001360512955103 -0.15430022009295125 0.010409255090121514 0.66232195598538968 0.4513988224422838 -0.012098816625022706 0.11350390725709192 0.0084932812161097673 0.22263388282542357
leaf_weight=957 201201 545 230 1078 54 68 52 50 92 633 75 57 144 106 1675 86 1663 55 147 1736 64 142 145 213 80 127 4859 171 2079 707
leaf_count=957 201201 545 230 1078 54 68 52 50 92 633 75 57 144 106 1675 86 1663 55 147 1736 64 142 145 213 80 127 4859 171 2079 707
internal_value=-3.50721e-11 0.00805208 0.002169 0.0147794 0.137917 0.0877889 0.203802 0.580834 0.0265792 0.0609999 0.136157 0.214439 0.299622 -0.0703406 -0.0420058 0.158746 0.00918221 0.0172365 0.191698 0.0131431 0.485952 0.0243804 0.109264 0.161402 0.223248 0.343181 0.0158365 0.257506 0.0509654 0.100433
internal_weight=219291 18090 16281 13869 603 549 319 102 217 1809 852 125 219 2412 1867 192 13266 11603 266 11337 119 9601 878 733 591 378 8723 298 3864 1785
internal_count=219291 18090 16281 13869 603 549 319 102 217 1809 852 125 219 2412 1867 192 13266 11603 266 11337 119 9601 878 733 591 378 8723 298 3864 1785
is_linear=0
shrinkage=0.05


Tree=173
num_leaves=31
num_cat=0
split_feature=11 10 2 12 2 6 13 7 3 10 9 10 7 6 1 7 13 1 9 8 3 12 6 4 7 9 8 12 10 12
split_gain=509.029 3155.86 8616.07 4315.86 2520.9 3145.7 1580.55 1781.49 1582.81 5979.04 5933.48 4471.42 11078.4 6490.4 5042.98 4292.49 4094.97 4214.06 4064.42 3518.84 3351.05 2936.21 2782.48 2289.03 3640.57 4254.33 2573.96 2457.04 2629.02 3698.57
threshold=-0.99626126885414112 -0.064507851377129541 23.293423652648929 17.750000000000004 0.40922866761684423 1.5277979373931887 76.750000000000014 28.269465446472172 33.644670486450202 -0.030120026320219036 36.548719406127937 -0.030120026320219036 33.042322158813484 4.1764094829559335 31.618682861328129 32.827878952026374 78.750000000000014 32.715936660766609 31.762208938598636 0.26617455482482916 32.872188568115241 18.250000000000004 0.95357385277748119 4.5634183883667001 32.024396896362312 30.606508255004886 2.6854056119918828 16.750000000000004 0.012910176534205677 17.750000000000004
decision_type=2 2 2 2 2 2 2 2 2 2 2 2 2 2 2 2 2 2 2 2 2 2 2 2 2 2 2 2 2 2
left_child=1 2 3 4 -1 -6 7 -3 11 10 -10 12 -8 20 19 18 22 -18 -15 -14 -13 -22 -16 24 25 -11 27 -26 -29 -30
right_child=-2 6 -4 -5 5 -7 8 -9 9 23 -12 13 14 15 16 -17 17 -19 -20 -21 21 -23 -24 -25 26 -27 -28 28 29 -31
leaf_value=0.042504543035702655 -0.00040507355417515253 0.094649084503967432 0.71353951500994828 -0.1121579862230046 0.1251887429546524 0.57284355619247407 -0.14631730051757769 -0.089412850685717055 -0.27064399369566494 -0.087125721225446026 0.29824803932833505 -0.11312602284809853 0.88875095821776484 0.074792485572036035 0.59837161081914725 -0.081577297761444234 0.30864160476546543 -0.19700428905586403 0.39122704870114106 0.32964309301460165 -0.071579016581790098 0.18946415190145655 0.12887072028978816 -0.08796975798332575 -0.0065993807690733295 0.45558605819359554 -0.10500168973688817 0.3023234544831781 0.30749988385609223 -0.16540643231998575
leaf_weight=172 213261 159 56 215 91 69 200 759 339 54 53 887 53 206 78 151 76 90 200 60 219 212 53 358 470 109 291 179 70 101
leaf_count=172 213261 159 56 215 91 69 200 759 339 54 53 887 53 206 78 151 76 90 200 60 219 212 53 358 470 109 291 179 70 101
internal_value=-1.36617e-11 0.0143261 0.122841 0.0623678 0.175389 0.31824 0.00226884 -0.0575328 0.014444 -0.0183807 -0.193727 0.0411794 0.158768 0.00292389 0.30759 0.146022 0.199426 0.0344962 0.230672 0.59188 -0.057551 0.0568227 0.408421 0.0237369 0.0551269 0.275792 0.0227522 0.0680892 0.168385 0.0281809
internal_weight=219291 6030 603 547 332 160 5427 918 4509 2024 392 2485 610 1875 410 557 297 166 406 113 1318 431 131 1632 1274 163 1111 820 350 171
internal_count=219291 6030 603 547 332 160 5427 918 4509 2024 392 2485 610 1875 410 557 297 166 406 113 1318 431 131 1632 1274 163 1111 820 350 171
is_linear=0
shrinkage=0.05


Tree=174
num_leaves=31
num_cat=0
split_feature=0 11 11 9 10 3 0 5 8 11 10 10 9 12 2 1 4 8 12 12 8 11 7 11 0 11 0 3 12 2
split_gain=520.033 1648.45 3380.43 8073.38 6516.19 24564.7 4437 2551.3 2295.03 2150.51 2341.42 5117.69 5936.73 2835.37 2378.16 6671.44 2082.29 3000.2 1481.53 5512.24 1463 1997.45 1460.02 1452 2935.86 2922.45 4868.71 5520.95 2474.71 3426.36
threshold=0.2452519163489342 0.73246693611145031 0.60503363609313976 28.793961524963382 -0.70252096652984608 26.928457260131839 7.0452198982238778 32.325286865234382 0.14131741970777514 0.28434865176677709 -0.90880924463272084 -0.86958134174346913 31.991209983825687 14.750000000000002 18.890501022338871 28.909843444824222 24.304562568664554 0.37534190714359289 14.250000000000002 16.250000000000004 20.045656204223636 0.53435277938842785 28.750898361206058 -0.99862980842590321 36.736276626586921 -0.99626126885414112 12.323037147521974 30.127976417541507 13.750000000000002 3.2287141084671025
decision_type=2 2 2 2 2 2 2 2 2 2 2 2 2 2 2 2 2 2 2 2 2 2 2 2 2 2 2 2 2 2
left_child=-1 2 9 4 5 6 -4 16 -8 23 -11 12 -12 -14 20 -16 17 -5 -6 -20 21 22 -13 24 -2 26 28 -28 29 -25
right_child=1 -3 3 7 18 -7 8 -9 -10 10 11 14 13 -15 15 -17 -18 -19 19 -21 -22 -23 -24 25 -26 -27 27 -29 -30 -31
leaf_value=0.0016285430512167052 -0.028239014605966051 -0.031096028624752137 0.37372804749501898 -0.035785340757895488 -0.097666979012164201 1.0377774580237793 0.134026634779114 0.33898013824224477 -0.30317907183313036 -0.076100978790611784 -0.025003021831313772 0.2605170874595642 0.73464490575225738 0.22147162847366988 0.52940743108364674 -0.184245287500895 -0.32323682885617022 0.28767397449566773 0.52667161987016076 -0.11036822739545078 0.20882069374676104 -0.11782800764399931 -0.018906789402230041 0.035304429522594036 -0.30441474740458008 -0.001179560828532018 0.67610457328910178 0.14174076883603157 -0.026555504349339981 0.53109064137935647
leaf_weight=151512 2037 5059 73 886 110 97 52 50 71 2047 114 50 57 51 66 65 56 78 57 84 54 692 719 115 101 53608 55 399 826 50
leaf_count=151512 2037 5059 73 886 110 97 52 50 71 2047 114 50 57 51 66 65 56 78 57 84 54 692 719 115 101 53608 55 399 826 50
internal_value=-7.88617e-12 -0.00364042 -0.00142585 0.069998 0.226831 0.386997 0.0649276 -0.00973785 -0.118344 -0.00331237 -0.039163 0.00131457 0.226664 0.492313 -0.0290789 0.175305 -0.0268319 -0.00961332 0.0398645 0.147159 -0.0467517 -0.0561979 -0.000738787 -0.000858223 -0.0412857 0.000711789 0.0708789 0.206476 0.00875852 0.185543
internal_weight=219291 67779 62720 1614 544 293 196 1070 123 61106 3915 1868 222 108 1646 131 1020 964 251 141 1515 1461 769 57191 2138 55053 1445 454 991 165
internal_count=219291 67779 62720 1614 544 293 196 1070 123 61106 3915 1868 222 108 1646 131 1020 964 251 141 1515 1461 769 57191 2138 55053 1445 454 991 165
is_linear=0
shrinkage=0.05


Tree=175
num_leaves=31
num_cat=0
split_feature=11 10 0 13 3 1 12 10 5 12 10 1 12 13 10 10 1 5 11 11 10 7 12 7 3 3 5 11 11 3
split_gain=505.43 1810.52 1228.13 1504.62 1707.67 2432.17 4944.5 3229.28 2160.25 2116.21 1299.94 2422.94 1110.99 1683.72 985.121 1637.28 3407.87 777.507 726.749 1259.97 4502.23 10034.2 4768.62 10010.1 5070.19 1302.78 1604.57 817.847 3157.44 8769.68
threshold=0.98367285728454601 0.030120026320219043 0.20778823643922809 78.750000000000014 27.895131111145023 28.812848091125492 15.250000000000002 0.13301347196102145 28.897807121276859 19.250000000000004 0.11593352630734445 29.725203514099125 17.250000000000004 80.250000000000014 0.064507851377129569 0.047320950776338584 28.043411254882816 29.1955680847168 0.93834263086318981 0.90515965223312389 -0.38962684571743006 31.159658432006839 15.250000000000002 29.605284690856937 29.932185173034672 28.222738265991214 27.160553932189945 0.8189845383167268 0.79874977469444286 32.954833984375007
decision_type=2 2 2 2 2 2 2 2 2 2 2 2 2 2 2 2 2 2 2 2 2 2 2 2 2 2 2 2 2 2
left_child=18 -2 3 14 -5 6 -6 -8 9 -9 -7 12 17 -14 15 -3 -17 -12 19 27 21 22 23 25 -25 26 -21 28 -1 -30
right_child=1 2 -4 4 5 10 7 8 -10 -11 11 -13 13 -15 -16 16 -18 -19 -20 20 -22 -23 -24 24 -26 -27 -28 -29 29 -31
leaf_value=-0.0004818011331746007 -0.0055763289332679423 -0.023257015958199456 -0.045993235245520292 -0.0015408971495563366 0.58946846901480832 -0.010311125786737334 0.0020921953195383778 0.22292751307250003 0.010051952713522418 0.60342646953413048 -0.047268011134404403 0.0070609398615562313 0.44332008751925456 0.11287041990196003 -0.0025373158424924721 0.53763299996362013 0.063694241755906295 0.22486247766130374 -0.012485876491789331 0.014435861314888354 0.0010593167738029729 0.60512042214618411 -0.0023052516175407281 0.99911058199405667 0.28705757665634157 -0.077226829545589182 0.36828811702863229 -0.013154357742601397 0.042966305118605892 0.6994030773639679
leaf_weight=174870 7236 179 430 558 67 431 237 96 58 59 52 295 89 68 1752 51 148 53 12060 81 4824 94 767 50 50 111 53 12060 2360 52
leaf_count=174870 7236 179 430 558 67 431 237 96 58 59 52 295 89 68 1752 51 148 53 12060 81 4824 94 767 50 50 111 53 12060 2360 52
internal_value=-7.2903e-12 0.0100393 0.0344812 0.042734 0.0731682 0.100868 0.188736 0.129071 0.270358 0.367763 0.054888 0.105338 0.215994 0.300195 0.0132571 0.086463 0.185156 0.0900931 -0.000573953 0.000161351 0.0226614 0.10907 0.0671373 0.221521 0.643084 0.0494547 0.154392 -0.000555211 0.000301874 0.0571183
internal_weight=219291 11859 4623 4193 2063 1505 517 450 213 155 988 557 262 157 2130 378 199 105 207432 195372 6030 1206 1112 345 100 245 134 189342 177282 2412
internal_count=219291 11859 4623 4193 2063 1505 517 450 213 155 988 557 262 157 2130 378 199 105 207432 195372 6030 1206 1112 345 100 245 134 189342 177282 2412
is_linear=0
shrinkage=0.05


Tree=176
num_leaves=31
num_cat=0
split_feature=8 10 10 4 11 9 9 0 3 5 9 7 7 2 13 10 11 10 7 13 10 1 3 10 2 5 9 4 0 1
split_gain=493.242 766.309 1672.67 1536.64 758.473 2535.85 591.497 544.751 792.764 1157.34 579.542 857.485 765.534 678.785 534.439 1194.42 9014.19 6036.67 8700.17 6696.82 4376.87 5377.41 7150.49 5285.31 4363.07 4240.89 3594.43 4582.4 3390.77 3139.9
threshold=54.36689758300782 -0.95236876606941212 -0.97505551576614369 2.9496912956237797 -0.98208922147750843 30.983775138854984 29.672808647155765 4.9965629577636728 28.715373039245609 27.47375583648682 27.462376594543461 29.10764312744141 26.778383255004886 29.671564102172855 80.250000000000014 -0.50495636463165272 -0.73829901218414296 -0.62540480494499195 32.789827346801765 81.250000000000014 -0.56314551830291737 33.273767471313484 33.819618225097663 -0.5343676209449767 8.54986619949341 32.495714187622077 29.495378494262699 22.779994010925297 6.8281092643737802 30.445905685424808
decision_type=2 2 2 2 2 2 2 2 2 2 2 2 2 2 2 2 2 2 2 2 2 2 2 2 2 2 2 2 2 2
left_child=14 2 6 -4 5 -3 -2 8 9 -6 11 12 13 -9 -1 16 17 19 29 24 25 22 -22 -23 -16 -20 -21 28 -28 -19
right_child=1 4 3 -5 7 -7 -8 10 -10 -11 -12 -13 -14 -15 15 -17 -18 18 20 26 21 23 -24 -25 -26 -27 27 -29 -30 -31
leaf_value=-0.0012144919853599077 -0.1051288481350198 0.34015964696220324 0.40425233468413357 0.034310614244895989 -0.057311688993985838 -0.1471942889903273 0.076389287316295157 0.070422840832465791 -0.049057526527398143 0.24721285981669402 -0.14762898202538491 0.14478867539763451 -0.21095875404202025 -0.14507049812424569 0.28556350780468759 -0.00069764602548039742 0.0033201097344377588 -0.24418343226369249 0.31025273911236378 -0.12991277547958105 0.80901270126251834 -0.26347247306947358 0.086809118738714261 0.38710300449181245 0.79389765228216469 -0.14444229613526816 0.26659499291395178 0.6493172814331527 -0.11755156095551199 0.0044613399339356909
leaf_weight=163564 132 51 50 64 65 56 68 89 626 60 250 50 78 62 92 36191 16067 166 89 92 97 54 53 74 78 121 173 53 86 540
leaf_count=163564 132 51 50 64 65 56 68 89 626 60 250 50 78 62 92 36191 16067 166 89 92 97 54 53 74 78 121 173 53 86 540
internal_value=-3.9678e-11 -0.0268199 0.0437132 0.196566 -0.0427877 0.0850959 -0.0434127 -0.053478 -0.0261019 0.0888601 -0.0923428 -0.0428032 -0.0837621 -0.0180579 0.000209663 0.0045213 0.0151116 0.122269 0.0582101 0.255521 0.22055 0.350695 0.553834 0.112641 0.518799 0.0482618 0.144736 0.225722 0.139041 -0.0540019
internal_weight=219291 1701 314 114 1387 107 200 1280 751 125 529 279 229 151 217590 54026 17835 1768 1194 574 488 278 150 128 170 210 404 312 259 706
internal_count=219291 1701 314 114 1387 107 200 1280 751 125 529 279 229 151 217590 54026 17835 1768 1194 574 488 278 150 128 170 210 404 312 259 706
is_linear=0
shrinkage=0.05


Tree=177
num_leaves=31
num_cat=0
split_feature=4 11 12 13 9 9 0 10 8 12 10 5 0 10 10 6 13 1 13 8 8 0 13 5 10 7 11 5 0 11
split_gain=500.776 1939.46 3646.92 6272.36 6061.33 7159.3 5412.94 5594.01 4821.66 4579.29 3845.95 3685.93 4032.7 3368.28 3350.9 4597.79 4503.63 3628.81 3724.67 2937.83 2729.42 2590.2 2842.83 3363.71 2419.42 2373.35 2315.78 6649.31 4211.67 2350.39
threshold=0.25504601001739508 -0.90878397226333607 17.250000000000004 81.750000000000014 28.145855903625492 33.178802490234382 0.54016670584678661 -0.38168568909168238 0.67681768536567699 19.250000000000004 0.012910176534205677 32.325286865234382 7.5070478916168222 -0.15005400776863095 0.11593352630734445 2.4256383180618291 78.750000000000014 35.061510086059577 79.750000000000014 9.9325165748596209 8.575327396392824 1.7947978973388674 79.250000000000014 34.826848983764656 -0.030120026320219036 39.898149490356452 -0.87792757153511036 29.070967674255375 2.7306416034698491 -0.83352491259574879
decision_type=2 2 2 2 2 2 2 2 2 2 2 2 2 2 2 2 2 2 2 2 2 2 2 2 2 2 2 2 2 2
left_child=1 2 13 4 -4 6 9 -8 10 -6 24 -10 20 -1 -12 17 -17 18 -16 -14 21 22 23 -13 -7 -19 27 28 -3 -28
right_child=-2 26 3 -5 5 8 7 -9 11 -11 14 12 19 -15 15 16 -18 25 -20 -21 -22 -23 -24 -25 -26 -27 29 -29 -30 -31
leaf_value=0.064522639495430745 -0.003576576676671884 0.074563255098210754 0.54558432546133806 -0.036865537525036567 0.060197092597251881 0.16590034333949394 0.36901009093110382 -0.11261531903292053 -0.16218504180759194 0.49129791087531427 -0.16295317102110748 0.51036807782948024 0.34815652791372281 -0.017657311849856538 0.056298002307968477 0.098126697778934624 0.72795910169096567 -0.11570074487274561 0.52123202233442245 0.81394545875776281 0.047643433724779916 0.015275031517422389 0.58640115384951064 0.024535786215125061 0.51025645151609622 0.081431735296543684 0.038453446581113541 -0.071395069412383841 0.65545984268188473 -0.00038940055384635201
leaf_weight=1571 67669 83 72 1321 308 188 65 832 50 77 165 63 97 6043 112 64 51 312 70 52 164 63 96 82 70 299 4012 2143 50 133047
leaf_count=1571 67669 83 72 1321 308 188 65 832 50 77 165 63 97 6043 112 64 51 312 70 52 164 63 96 82 70 299 4012 2143 50 133047
internal_value=-2.49039e-11 0.00159623 0.0206393 0.0554104 0.0917757 0.081814 -0.0104053 -0.0777149 0.140986 0.146417 0.0860008 0.250709 0.284168 -0.000701086 0.0443242 0.0819902 0.377444 0.0391439 0.235119 0.510714 0.212042 0.30073 0.375351 0.235622 0.25933 -0.0192317 -8.30462e-05 -0.0501045 0.292945 0.00074761
internal_weight=219291 151622 12287 4673 3352 3280 1282 897 1998 385 1331 667 617 7614 1073 908 115 793 182 149 468 304 241 145 258 611 139335 2276 133 137059
internal_count=219291 151622 12287 4673 3352 3280 1282 897 1998 385 1331 667 617 7614 1073 908 115 793 182 149 468 304 241 145 258 611 139335 2276 133 137059
is_linear=0
shrinkage=0.05


Tree=178
num_leaves=31
num_cat=0
split_feature=11 10 9 10 10 8 8 2 13 12 11 13 2 9 12 3 9 9 8 10 5 3 4 9 11 3 7 7 10 10
split_gain=495.104 6357.8 19418 21924.6 8129.11 5282.45 3688.58 3077.82 4048.19 7628.76 2989.16 2947.25 2266.81 2096.13 3934.57 2107.52 2042.14 1915.82 3275.29 1603.41 1519.43 1608.7 1488.99 1247.32 2025.95 1751.71 4159.88 1497.83 6634.53 11308.4
threshold=0.60503363609313976 -0.70252096652984608 27.555355072021488 -0.71466678380966175 -0.76109719276428212 0.19719877839088443 0.14131741970777514 17.836771965026859 79.250000000000014 15.250000000000002 0.54882264137268078 84.250000000000014 0.14188683778047564 28.793961524963382 13.750000000000002 26.928457260131839 30.456549644470218 28.014299392700199 22.307407379150394 0.79877197742462169 32.638038635253913 30.195890426635746 0.50786548852920543 26.614676475524906 0.081673368811607375 30.851837158203129 29.568634986877445 29.783488273620609 0.72066047787666332 0.83827194571495067
decision_type=2 2 2 2 2 2 2 2 2 2 2 2 2 2 2 2 2 2 2 2 2 2 2 2 2 2 2 2 2 2
left_child=10 2 3 4 -2 11 -6 8 -7 22 23 13 -3 14 -4 -15 -11 19 -19 -12 21 -17 -10 24 25 26 -1 28 -25 -30
right_child=1 12 5 -5 6 7 -8 -9 9 16 17 -13 -14 15 -16 20 -18 18 -20 -21 -22 -23 -24 27 -26 -27 -28 -29 29 -31
leaf_value=-0.035465626238320544 0.67248976906140656 0.002596782206164262 -0.092803082697921327 1.4065930392666193 0.33552816868351221 0.079393833650607773 -0.18814795377959567 -0.19922881424427033 0.85684484176946674 0.31093857709188449 -0.23284387578610827 0.33543290123984598 -0.029070202286119645 -0.2333108583406398 0.49549681660408773 0.040779329935274264 -0.023720948117756352 -0.035614739100568719 0.36739812586821763 -0.025605593432537606 0.25479355615874133 -0.027784818056307239 0.48365946617993444 0.011127823365468657 0.14500833353051892 -0.13363687109244968 0.36984503750617687 -0.0015203342039353273 0.90682576173650364 -0.014915607625436856
leaf_weight=2429 75 52561 54 51 57 365 82 55 52 86 226 69 6332 95 60 1476 97 4388 51 159 60 2035 55 18211 154 435 65 129318 56 82
leaf_count=2429 75 52561 54 51 57 365 82 55 52 86 226 69 6332 95 60 1476 97 4388 51 159 60 2035 55 18211 154 435 65 129318 56 82
internal_value=-7.44054e-12 0.00371235 0.0588977 0.474981 0.252961 0.0347122 0.0265969 0.160026 0.190192 0.329645 -0.00152043 0.0115964 -0.000807958 0.00568511 0.216828 -0.000880723 0.133551 -0.0402641 -0.0309845 -0.147257 0.00530266 0.00103907 0.665021 -0.000280633 -0.031757 -0.0410509 -0.0249022 0.000376532 0.0137451 0.359124
internal_weight=219291 63717 4824 265 214 4559 139 710 655 290 155574 3849 58893 3780 114 3666 183 4824 4439 385 3571 3511 107 150750 3083 2929 2494 147667 18349 138
internal_count=219291 63717 4824 265 214 4559 139 710 655 290 155574 3849 58893 3780 114 3666 183 4824 4439 385 3571 3511 107 150750 3083 2929 2494 147667 18349 138
is_linear=0
shrinkage=0.05


Tree=179
num_leaves=31
num_cat=0
split_feature=0 11 11 6 12 7 9 10 13 2 12 7 6 11 10 10 13 9 0 9 0 11 7 10 10 8 1 10 10 10
split_gain=479.833 1355.48 2766.68 7058.49 6778.31 8397.01 4088.54 6249.51 4038.14 4323.01 2325.52 2716.6 2232.03 1870.49 2168.53 4574.41 5430.08 2697.01 2176.96 7029.45 1567.88 1419.1 1377.84 1498.85 2072.03 3160.28 1343.47 6189.86 3497.73 9245.79
threshold=0.2452519163489342 0.73246693611145031 0.60503363609313976 0.13190586119890216 13.750000000000002 26.778383255004886 26.460005760192875 -0.70252096652984608 80.250000000000014 13.168982505798342 13.250000000000002 27.365325927734379 6.2239048480987558 0.28434865176677709 -0.90880924463272084 -0.86958134174346913 78.750000000000014 32.751594543457038 16.844201087951664 29.189107894897464 7.0452198982238778 0.53435277938842785 31.308062553405765 -0.51236665248870839 -0.40542197227478022 12.740633487701418 29.164972305297855 0.72066047787666332 -0.11593352630734442 -0.1330134719610214
decision_type=2 2 2 2 2 2 2 2 2 2 2 2 2 2 2 2 2 2 2 2 2 2 2 2 2 2 2 2 2 2
left_child=-1 2 13 10 6 -6 7 -5 9 20 -4 -12 -8 26 -15 16 -16 -18 21 -20 -7 -17 23 -3 25 -25 27 28 29 -2
right_child=1 22 3 4 5 8 12 -9 -10 -11 11 -13 -14 14 15 18 17 -19 19 -21 -22 -23 -24 24 -26 -27 -28 -29 -30 -31
leaf_value=0.0015643306030026735 -0.016943021588727097 -0.072746414942778434 -0.16092539918652485 0.54078065233456118 0.95278022733445367 0.36594453878831446 0.0092807114218609234 -0.10686804776299444 -0.091866378225977471 0.0048203276856890265 0.36682209302153856 8.2440691363248392e-05 -0.39918222167882428 -0.072178637492390826 -0.031907393454431415 0.00034602397600865469 0.23952486155951613 0.73488731169700627 0.61537238800967187 -0.038094409162210935 0.73679917237737724 -0.099658872472272703 0.083035557691588602 0.031770651572925093 -0.034056340065223151 0.41985573701817414 0.0030017232574236045 0.42800632646450637 -0.10807734879354636 0.32539362740466626
leaf_weight=151512 10521 1670 214 74 52 57 79 75 63 53 54 778 58 2047 111 713 61 50 54 173 57 706 263 549 2519 58 45386 78 1005 201
leaf_count=151512 10521 1670 214 74 52 57 79 75 63 53 54 778 58 2047 111 713 61 50 54 173 57 706 263 549 2519 58 45386 78 1005 201
internal_value=3.38576e-12 -0.00349688 -0.00148872 0.0631268 0.205021 0.378968 0.0335079 0.214783 0.249236 0.377915 -0.013925 0.0238853 -0.163645 -0.00319542 -0.0366306 0.00232387 0.215377 0.462661 -0.0264111 0.117356 0.551372 -0.0494098 -0.0283934 -0.0345039 -0.0140736 0.0688529 -0.000906619 -0.0159328 -0.0188856 -0.0105254
internal_weight=219291 67779 62720 1614 568 282 286 149 230 167 1046 832 137 61106 3915 1868 222 111 1646 227 114 1419 5059 4796 3126 607 57191 11805 11727 10722
internal_count=219291 67779 62720 1614 568 282 286 149 230 167 1046 832 137 61106 3915 1868 222 111 1646 227 114 1419 5059 4796 3126 607 57191 11805 11727 10722
is_linear=0
shrinkage=0.05


Tree=180
num_leaves=31
num_cat=0
split_feature=1 11 0 12 11 7 11 9 9 10 3 11 11 13 12 10 12 11 11 13 9 13 2 12 8 12 9 12 4 1
split_gain=492.748 1048.05 1590.89 1030.71 919.22 944.816 1064.07 2576.71 852.02 1140.93 816.749 1711.55 2285.33 8543.96 11494 2404.92 2178.28 1320.59 2278.88 1285.58 1244.12 1974.22 1396.81 1449.38 1013.65 1477.83 1426.04 890.141 877.493 868.486
threshold=25.152820587158207 -0.96227341890335072 25.524681091308597 16.250000000000004 -0.85204595327377308 24.51005840301514 -0.43663504719734186 29.025920867919925 26.614676475524906 -0.40542197227478022 26.790010452270511 -0.77212798595428456 -0.65187487006187428 80.750000000000014 18.750000000000004 0.63209757208824169 15.750000000000002 -0.61186373233795155 -0.43663504719734186 76.250000000000014 27.462376594543461 79.750000000000014 19.240400314331058 18.250000000000004 7.1589868068695077 17.750000000000004 27.149890899658207 17.750000000000004 0.93589186668396007 26.32643032073975
decision_type=2 2 2 2 2 2 2 2 2 2 2 2 2 2 2 2 2 2 2 2 2 2 2 2 2 2 2 2 2 2
left_child=1 2 3 -1 -3 -6 7 -7 9 -8 11 16 13 15 -15 24 19 -14 -19 28 21 -18 23 -22 27 -26 -27 -13 -2 -24
right_child=10 4 -4 -5 5 6 8 -9 -10 -11 -12 12 17 14 -16 -17 20 18 -20 -21 22 -23 29 -25 25 26 -28 -29 -30 -31
leaf_value=0.11869643115856517 0.25886658061787771 -0.12785321027711705 0.31949568116623495 -0.14380700605095559 -0.1253236162706767 -0.0067368605403008604 0.22980585412976021 0.36363873255367463 -0.005473174553305136 -0.035635378391348886 0.00032133786306807609 -0.017967397879935256 -0.19952724866664293 -0.035024810433387753 0.93574084122815437 0.31778049123074331 -0.12807904558099864 0.24621752271564998 -0.020041540029845133 -0.060635487875839757 -0.18064068475466097 0.23859726391805736 -0.34995361631331234 0.14058497075376838 -0.070862199611885043 0.018412285785262401 0.39239274434745314 -0.17279110598262318 0.032722570149227977 -0.17533718385798411
leaf_weight=127 53 111 72 53 101 118 96 78 894 70 211200 288 99 60 62 56 131 82 4024 455 89 51 115 58 97 52 50 137 225 187
leaf_count=127 53 111 72 53 101 118 96 78 894 70 211200 288 99 60 62 56 131 82 4024 455 89 51 115 58 97 52 50 137 225 187
internal_value=2.78406e-11 0.0266568 0.120859 0.0414038 0.0104859 0.0218018 0.0336328 0.140658 0.0138433 0.117873 -0.000210734 -0.017849 -0.00432273 0.0730257 0.458315 0.00390023 -0.0675017 -0.019075 -0.0147241 -0.00887673 -0.135603 -0.0253291 -0.180302 -0.0538986 -0.0242685 0.0688615 0.201736 -0.0678753 0.0758364 -0.24183
internal_weight=219291 1720 252 180 1468 1357 1256 196 1060 166 217571 6371 5007 802 122 680 1364 4205 4106 733 631 182 449 147 624 199 102 425 278 302
internal_count=219291 1720 252 180 1468 1357 1256 196 1060 166 217571 6371 5007 802 122 680 1364 4205 4106 733 631 182 449 147 624 199 102 425 278 302
is_linear=0
shrinkage=0.05


Tree=181
num_leaves=31
num_cat=0
split_feature=11 10 13 6 10 12 10 1 5 12 5 3 9 3 3 10 10 1 11 11 10 7 8 12 9 3 9 11 11 3
split_gain=473.428 1864.39 1394.25 1821.33 1658.69 2800.92 5106.29 2656.21 1988.41 2046.41 2106.33 1241.18 1404.8 1476.97 1052.69 813.67 1562.09 2900.85 741.042 1144.52 4069.04 9264.93 6637.82 3033.64 6984.93 1317.51 1586.91 729.981 2924.18 7902.51
threshold=0.98043283820152294 0.030120026320219043 78.750000000000014 1.0000000180025095e-35 0.13301347196102145 14.750000000000002 0.064507851377129569 29.652140617370609 27.656976699829105 19.250000000000004 28.653522491455082 28.338375091552738 28.433732986450199 29.202402114868168 28.612001419067386 0.064507851377129569 0.047320950776338584 28.043411254882816 0.93834263086318981 0.90515965223312389 -0.38962684571743006 31.395439147949222 3.0260558128356938 14.750000000000002 29.495378494262699 29.161611557006839 28.323177337646488 0.8189845383167268 0.79874977469444286 32.954833984375007
decision_type=2 2 2 2 2 2 2 2 2 2 2 2 2 2 2 2 2 2 2 2 2 2 2 2 2 2 2 2 2 2
left_child=18 -2 15 4 5 6 -4 8 -6 11 -11 -10 14 -14 -13 16 -3 -18 19 27 21 22 23 24 25 26 -21 28 -1 -30
right_child=1 2 3 -5 7 -7 -8 -9 9 10 -12 12 13 -15 -16 -17 17 -19 -20 20 -22 -23 -24 -25 -26 -27 -28 -29 29 -31
leaf_value=-0.00050567811326438503 -0.006191860874558191 -0.025963640462620841 0.59616416315237675 -0.039620946890620262 0.00087453653497760299 0.010001127074682961 -0.017370651619365584 0.018029003847616812 -0.0019884553179144861 0.56975241628560158 0.15786258950829507 0.2858508195205216 0.18236194330621774 0.514951234630176 0.013513585030438103 -0.0048897500940015028 0.48795555655686362 0.058002147954327378 -0.013300906925796149 0.0056712025035453098 0.0010296877659377035 0.75657039582729346 0.63777531939744958 0.0023087383111401109 0.68673245885915923 -0.15336277608601553 0.33384223459746509 -0.012464369147106469 0.041491859461046693 0.66462868543771603
leaf_weight=174870 7839 204 60 399 114 1067 78 362 80 77 52 57 71 63 94 2244 53 151 10854 93 4824 52 50 840 57 53 61 12060 2360 52
leaf_count=174870 7839 204 60 399 114 1067 78 362 80 77 52 57 71 63 94 2244 53 151 10854 93 4824 52 50 840 57 53 61 12060 2360 52
internal_value=-9.47141e-12 0.00923004 0.0323629 0.0585772 0.0765915 0.0374159 0.249384 0.125258 0.189102 0.232539 0.403719 0.172039 0.220889 0.338729 0.116316 0.0069196 0.071871 0.169706 -0.000584749 0.000121704 0.0215662 0.103712 0.0742941 0.0487741 0.196619 0.0616598 0.135661 -0.000561242 0.000248494 0.054926
internal_weight=219291 13065 5226 2574 2175 1205 138 970 608 494 129 365 285 134 151 2652 408 204 206226 195372 6030 1206 1154 1104 264 207 154 189342 177282 2412
internal_count=219291 13065 5226 2574 2175 1205 138 970 608 494 129 365 285 134 151 2652 408 204 206226 195372 6030 1206 1154 1104 264 207 154 189342 177282 2412
is_linear=0
shrinkage=0.05


Tree=182
num_leaves=31
num_cat=0
split_feature=10 5 10 11 5 11 10 10 12 12 7 9 13 13 9 10 12 11 0 10 10 7 5 3 12 13 1 3 10 0
split_gain=476.087 2045.31 3047.91 4389.54 6717.3 3024.19 7696 5324.26 14289.3 21322.4 25923.2 15499.8 12727.8 6324.41 3780.03 5985.81 3685.53 3543.36 7548.27 4985.15 6687.39 9970.96 9054.23 14207.8 16603.8 4541.99 3539.17 3215.89 3213.44 3007.92
threshold=-0.96683886647224415 32.602136611938484 -0.99939814209938038 1.0000000180025095e-35 33.322546005249031 0.081673368811607375 -0.98211652040481556 -0.98801350593566883 16.250000000000004 18.250000000000004 32.091838836669929 30.86781215667725 82.750000000000014 78.250000000000014 30.691680908203129 -0.98211652040481556 19.250000000000004 0.01290981797501445 5.9531130790710458 -0.99466162919998158 -0.99052327871322621 30.310089111328129 30.059331893920902 30.562795639038089 16.250000000000004 77.250000000000014 28.721801757812504 32.678840637207038 -0.99939814209938038 26.807853698730472
decision_type=2 2 2 2 2 2 2 2 2 2 2 2 2 2 2 2 2 2 2 2 2 2 2 2 2 2 2 2 2 2
left_child=1 5 3 -3 -5 14 7 13 26 10 11 -10 -11 -7 -1 16 17 19 28 -16 21 -21 -23 -24 -25 -22 -9 -8 -19 -17
right_child=-2 2 -4 4 -6 6 27 8 9 12 -12 -13 -14 -15 15 29 -18 18 -20 20 25 22 23 24 -26 -27 -28 -29 -30 -31
leaf_value=-0.028982482798506043 -0.00069856536070661297 -0.094286431150976568 -0.039502698610082418 0.088594937479744354 0.77359375044995671 0.16575766662475527 -0.043921847408472964 0.29945066680736615 0.96416156383024332 -0.092510217979056009 1.6363667643070223 -0.022538933794150194 0.75543290532992358 -0.02970180492357205 -0.059878493033641469 0.12738693401170759 -0.077381533434107433 0.34466243292249388 0.45374653455899 -0.14516192513207596 0.31584560668750394 0.81613349988136763 -0.15265229534983202 -0.13464573747069949 0.93657965052760006 -0.10936822300597307 -0.10635103596548412 0.19950651489705051 0.014769179118898116 0.45156066520139576
leaf_weight=5133 201201 128 3332 120 51 740 1761 66 72 211 60 89 56 939 1343 678 955 84 143 141 74 81 137 57 99 415 289 147 609 80
leaf_count=5133 201201 128 3332 120 51 740 1761 66 72 211 60 89 56 939 1343 678 955 84 143 141 74 81 137 57 99 415 289 147 609 80
internal_value=1.87432e-11 0.0077696 -0.0257799 0.127144 0.292893 0.0161947 0.0506005 0.107922 0.210449 0.386025 0.749302 0.418718 0.0853355 0.0564447 0.00099698 0.0324277 0.00876573 0.0346126 0.123005 0.00312746 0.0874073 0.21315 0.348235 0.218885 0.54517 -0.0450209 -0.0309062 -0.0251671 0.0547562 0.161601
internal_weight=219291 18090 3631 299 171 14459 4430 2522 843 488 221 161 267 1679 10029 4896 4138 3183 836 2347 1004 515 374 293 156 489 355 1908 693 758
internal_count=219291 18090 3631 299 171 14459 4430 2522 843 488 221 161 267 1679 10029 4896 4138 3183 836 2347 1004 515 374 293 156 489 355 1908 693 758
is_linear=0
shrinkage=0.05


Tree=183
num_leaves=31
num_cat=0
split_feature=3 6 10 10 3 12 10 10 10 7 8 13 9 13 3 5 3 10 10 12 12 5 11 7 10 1 12 10 13 1
split_gain=466.328 884.078 997.904 3411.15 1887.76 1604.68 1618.36 1018.71 843.843 1679.47 721.704 754.742 667.086 652.886 652.174 2682.32 3199.74 2653.55 5938.88 5195.43 4834.14 3937.61 3945.25 6861.35 3593.69 3763.93 3439.66 7460.12 4732.99 4722.6
threshold=38.742454528808601 1.0000000180025095e-35 0.50495636463165294 0.5772862732410432 41.42132759094239 19.250000000000004 0.54883790016174328 0.56314551830291759 0.33346569538116461 39.898149490356452 0.78606140613555919 80.250000000000014 40.499383926391609 78.750000000000014 32.605419158935554 35.463424682617195 31.7401237487793 0.53436762094497692 0.51973900198936474 14.250000000000002 15.750000000000002 33.754238128662116 -0.9946339726448058 31.278440475463871 0.13301347196102145 34.980390548706062 17.250000000000004 -0.93535929918289173 81.250000000000014 33.474121093750007
decision_type=2 2 2 2 2 2 2 2 2 2 2 2 2 2 2 2 2 2 2 2 2 2 2 2 2 2 2 2 2 2
left_child=12 2 8 4 10 6 13 -8 9 -2 11 -4 14 -6 15 -1 -17 18 20 -20 -16 24 -23 -24 25 -22 27 29 -28 -25
right_child=1 -3 3 -5 5 -7 7 -9 -10 -11 -12 -13 -14 -15 17 16 -18 -19 19 -21 21 22 23 26 -26 -27 28 -29 -30 -31
leaf_value=-0.0016800426367042584 -0.05950657663125436 -0.038871228741032424 0.019904989489454093 -0.0082861931238492094 0.41240888833999634 0.027775211606456116 -0.071753310388885438 0.22833577586157669 -0.054539446240643677 0.26822733500647167 -0.13414387395926591 0.13322927568410406 -0.046897636055718589 0.20418061093758733 -0.013057581684867091 0.28442057185085479 -0.044488282959292254 -0.0035137326704212943 -0.068769001554359097 0.36832691754476271 0.026909692797098452 -0.017018279256452825 0.61881887068351116 0.093926785955062278 -0.05728739699909189 -0.15151427388191224 0.1323725261500287 -0.012830926497796971 0.025367954524692555 0.71178509209115637
leaf_weight=130064 103 2072 578 9865 104 139 52 62 1360 63 58 197 736 59 10964 177 127 42682 99 217 9570 1515 57 65 1701 305 2757 1831 1653 59
leaf_count=130064 103 2072 578 9865 104 139 52 62 1360 63 58 197 736 59 10964 177 127 42682 99 217 9570 1515 57 65 1701 305 2757 1831 1653 59
internal_value=-2.05535e-12 -0.00859805 -0.00363555 0.0015702 0.0794191 0.166403 0.235967 0.091453 -0.0415495 0.0648744 0.0359795 0.0487113 0.000618316 0.337038 0.000789878 -0.00133331 0.147015 0.00455708 0.015744 0.231389 0.0135081 0.0284349 0.0555602 0.072682 0.00983656 0.0213989 0.0677913 0.0125868 0.092264 0.387908
internal_weight=219291 14712 12640 11114 1249 416 277 114 1526 166 833 775 204579 163 203843 130368 304 73475 30793 316 30477 19513 7937 6422 11576 9875 6365 1955 4410 124
internal_count=219291 14712 12640 11114 1249 416 277 114 1526 166 833 775 204579 163 203843 130368 304 73475 30793 316 30477 19513 7937 6422 11576 9875 6365 1955 4410 124
is_linear=0
shrinkage=0.05


Tree=184
num_leaves=31
num_cat=0
split_feature=12 11 13 11 10 7 1 11 11 5 9 11 3 10 9 0 8 2 10 9 0 10 11 10 10 5 8 11 2 11
split_gain=493.074 1391.53 3130.26 1866.84 1304.83 2528.58 1251.87 1620.01 5611.94 5493.03 6021.92 6156.54 7212.02 4963.79 3666.54 2274.46 2222.78 1978.73 1959.42 4710.89 4145.45 6101.67 1807.17 1770.19 2291.4 1765.29 1741.15 1607.08 1572.91 2975.31
threshold=13.750000000000002 0.9969642460346223 79.250000000000014 0.99962961673736583 0.047320950776338584 27.464221954345707 37.223302841186531 -0.40541070699691767 -0.69014781713485707 30.994411468505863 29.148283004760746 -0.5702211558818816 29.395645141601566 -0.58429276943206776 31.101372718811039 19.690397262573246 16.241221427917484 4.4028723239898691 -0.41327477991580958 30.664040565490726 5.473067283630372 -0.50495636463165272 -0.25950218737125391 -0.56314551830291737 -0.49002411961555475 31.82967567443848 13.166890144348146 -0.49749487638473505 0.1984723433852196 -0.9946339726448058
decision_type=2 2 2 2 2 2 2 2 2 2 2 2 2 2 2 2 2 2 2 2 2 2 2 2 2 2 2 2 2 2
left_child=1 6 4 -4 -3 -6 7 8 13 10 26 12 -12 -1 -14 16 17 27 19 20 -15 -22 -9 -21 -25 -26 -10 -13 -20 -30
right_child=-2 2 3 -5 5 -7 -8 22 9 -11 11 15 14 18 -16 -17 -18 -19 28 23 21 -23 -24 24 25 -27 -28 -29 29 -31
leaf_value=-0.099741997181997374 -0.0010697860804931229 -0.0066653786350174679 0.42082870381573834 0.048962264314845759 -0.044884081683674103 0.43094740976702495 -0.043790947309409002 -0.051562058753360888 0.03063933255171012 0.028073308013696702 0.80640307903289798 0.44761379862373529 0.059267963970962324 0.089367088314876053 0.55356787931053864 -0.17993618761003019 0.48051900044083595 -0.058885777004800001 0.026505249373502987 0.24010407887340005 0.097261703086186604 0.71317679963719394 0.0016438886916287658 -0.14472095524121462 0.30283365711441329 -0.01011656776144363 0.28286976894097671 0.067095504541482248 0.077716741048475257 -0.04429835719510794
leaf_weight=1122 182197 560 90 54 59 53 1331 1730 614 2414 95 55 95 352 62 50 52 91 3382 59 83 78 20597 290 58 202 77 56 612 2721
leaf_count=1122 182197 560 90 54 59 53 1331 1730 614 2414 95 55 95 352 62 50 52 91 3382 59 83 78 20597 290 58 202 77 56 612 2721
internal_value=1.59934e-11 0.00525454 0.069826 0.281379 0.0244932 0.180286 0.00380213 0.00561478 0.0199337 0.0720924 0.157306 0.279798 0.46254 -0.00138044 0.254469 0.128315 0.188994 0.113948 0.0127017 0.0738642 0.185493 0.395655 -0.00247876 -0.0201677 -0.0480878 0.0596954 0.0587461 0.255641 0.00248214 -0.0218941
internal_weight=219291 37094 816 144 672 112 36278 34947 12620 3661 1247 556 252 8959 157 304 254 202 7837 1122 513 161 22327 609 550 260 691 111 6715 3333
internal_count=219291 37094 816 144 672 112 36278 34947 12620 3661 1247 556 252 8959 157 304 254 202 7837 1122 513 161 22327 609 550 260 691 111 6715 3333
is_linear=0
shrinkage=0.05


Tree=185
num_leaves=31
num_cat=0
split_feature=0 12 1 5 7 11 6 1 10 10 13 0 11 11 11 10 0 10 10 7 11 1 10 10 12 11 10 1 7 4
split_gain=504.593 1308.21 1588.2 2162.45 4346.37 3943.68 8000.59 8023.98 3981.81 5918.83 12459.2 8285.33 5056.65 3177.44 3338.72 23092.5 5149.38 3682.94 3640.52 2939.32 2934.41 6816.94 2834.54 2786.31 2277.2 5453.43 7024.22 3889.26 4232 3817.1
threshold=0.2452519163489342 19.750000000000004 29.325263023376468 30.223423957824711 34.061851501464851 -0.99271196126937855 1.8294037580490115 30.065106391906742 -0.99052327871322621 -0.99466162919998158 78.750000000000014 5.5630879402160653 0.01290981797501445 -0.96681198477745045 -0.45205545425415034 -0.88606244325637806 35.414232254028327 0.7086201310157777 -0.8779519498348235 26.627830505371097 -0.95744973421096791 31.806564331054691 -0.61188074946403492 -0.99865758419036854 15.750000000000002 0.41326330602169042 -0.8779519498348235 38.627557754516609 38.39244461059571 0.50786548852920543
decision_type=2 2 2 2 2 2 2 2 2 2 2 2 2 2 2 2 2 2 2 2 2 2 2 2 2 2 2 2 2 2
left_child=-1 2 -2 4 5 6 -4 -8 9 12 11 -11 -7 -10 15 -15 17 18 -17 22 21 -20 -16 -14 25 27 -27 -5 -29 -28
right_child=1 -3 3 24 -6 8 7 -9 13 10 -12 -13 23 14 19 16 -18 -19 20 -21 -22 -23 -24 -25 -26 26 29 28 -30 -31
leaf_value=0.0016041842560607597 -0.014243956434077235 -0.024244385215516535 -0.088436515068789148 -0.03267829347110994 0.4246702657245538 -0.051552339428102292 0.97256338388587427 0.16210152420240481 -0.12283274093085278 0.2561864295601845 -0.041546549065546556 1.1024538573671561 0.46398093705431798 0.91793459923068677 0.40313418741467633 0.28854537443622297 0.40318212231000267 0.44519057240337134 0.03199678073050799 -0.029166489647874574 -0.014142587399612673 0.65550360011783515 -0.011715415146115215 0.053211212467837644 0.0069210627464952523 0.57355596227081207 -0.017345144636531452 0.58673764580430887 0.036035252982785683 0.28295315954235051
leaf_weight=151512 16965 6885 109 10346 68 429 52 74 451 55 110 61 89 75 79 115 90 50 216 3412 2669 55 86 77 24377 76 407 52 106 143
leaf_count=151512 16965 6885 109 10346 68 429 52 74 451 55 110 61 89 75 79 115 90 50 216 3412 2669 55 86 77 24377 76 407 52 106 143
internal_value=1.73728e-11 -0.00358597 -0.00125021 0.00376786 0.0265459 0.0233053 0.225231 0.496578 0.0174607 0.121858 0.339689 0.701206 0.0391187 0.00571631 0.0141836 0.0507007 0.0303431 0.0195361 0.0125696 -0.0191993 0.00177464 0.158539 0.18691 0.273443 -0.00163494 -0.0203743 0.122992 -0.0289185 0.217279 0.0607324
internal_weight=219291 67779 60894 43929 8422 8354 235 126 8119 821 226 116 595 7298 6847 3270 3195 3105 3055 3577 2940 271 165 166 35507 11130 626 10504 158 550
internal_count=219291 67779 60894 43929 8422 8354 235 126 8119 821 226 116 595 7298 6847 3270 3195 3105 3055 3577 2940 271 165 166 35507 11130 626 10504 158 550
is_linear=0
shrinkage=0.05


Tree=186
num_leaves=31
num_cat=0
split_feature=4 11 3 12 7 10 13 1 11 13 8 9 6 9 12 12 8 1 3 5 7 10 2 9 1 11 5 6 11 3
split_gain=481.556 1741.87 3204.91 4882.52 6570.55 3932.03 3464.96 3211.85 9518.56 9231.56 8331.88 4336.94 4063.29 4229.14 3079.47 3000.76 2611.09 4061.19 2605.6 7800.32 6284.95 2447.92 2829.53 2255.78 3960.23 2097.99 5810.86 3729.34 1982.51 5179.77
threshold=0.25504601001739508 -0.90878397226333607 33.755943298339851 17.250000000000004 30.841373443603519 0.030120026320219043 81.250000000000014 35.543157577514656 -0.97106409072875965 77.250000000000014 0.33110161125659948 30.926726341247562 5.0600628852844247 34.457607269287116 18.250000000000004 13.750000000000002 0.11530163139104845 34.393642425537116 29.687146186828617 31.431348800659183 31.990682601928714 -0.18399664759635923 4.8095123767852792 28.267940521240238 28.517326354980472 -0.87792757153511036 29.070967674255375 1.7917528152465823 -0.83352491259574879 30.968355178833011
decision_type=2 2 2 2 2 2 2 2 2 2 2 2 2 2 2 2 2 2 2 2 2 2 2 2 2 2 2 2 2 2
left_child=1 2 5 4 -4 16 7 8 11 -10 -11 -5 -9 -14 -13 -7 -1 18 19 21 -21 22 23 -18 -25 26 27 -3 29 -27
right_child=-2 25 3 6 -6 15 -8 12 9 10 -12 14 13 -15 -16 -17 17 -19 -20 20 -22 -23 -24 24 -26 28 -28 -29 -30 -31
leaf_value=-0.027278206611400041 -0.0035072703632986523 0.49538350875178977 0.57593663197755818 -0.26308837338217667 -0.0017405634628033983 0.036010619040144493 -0.0013661575262419515 0.036750165522081893 -0.015351856907363981 0.34161800616479016 1.0726764599155441 0.31704114207812628 0.043048533563520397 0.68085592001114259 0.068781001007034756 -0.077533204635401767 0.054168874234186884 0.48959239743374011 0.016655343109533646 0.90323202639818201 0.22714985522526232 -0.11987445570319813 -0.084672585534533176 0.59551038623927799 0.056695931171998386 -0.11314611460420565 -0.067540393474047222 -0.042246060696515174 -0.00027975530402982738 0.05712329229840335
leaf_weight=1285 67669 78 50 70 3169 797 610 839 64 80 76 191 51 53 361 2156 132 54 1661 50 110 164 127 73 64 512 2143 55 133047 3500
leaf_count=1285 67669 78 50 70 3169 797 610 839 64 80 76 191 51 53 361 2156 132 54 1661 50 110 164 127 73 64 512 2143 55 133047 3500
internal_value=-4.74582e-11 0.0015653 0.0196123 0.0474529 0.00723237 -0.00381009 0.101511 0.136668 0.207647 0.49032 0.697775 0.107667 0.0732919 0.368085 0.154683 -0.0468883 0.0303861 0.0608168 0.0510923 0.130537 0.438426 0.0425683 0.109843 0.201677 0.343801 -2.61426e-05 -0.0476374 0.273055 0.000764489 0.035394
internal_weight=219291 151622 12287 5614 3219 6673 2395 1785 842 220 156 622 943 104 552 2953 3720 2435 2381 720 160 560 396 269 137 139335 2276 133 137059 4012
internal_count=219291 151622 12287 5614 3219 6673 2395 1785 842 220 156 622 943 104 552 2953 3720 2435 2381 720 160 560 396 269 137 139335 2276 133 137059 4012
is_linear=0
shrinkage=0.05


Tree=187
num_leaves=31
num_cat=0
split_feature=1 11 11 0 12 7 11 9 9 10 3 7 2 9 13 4 11 11 12 1 9 11 8 2 0 6 2 9 6 2
split_gain=484.289 964.37 1571.9 1396.74 909.523 836.243 947.794 2293.24 769.905 1030.78 692.838 1621.68 2007.62 1661.24 1552.38 1457.93 1340.48 3237.58 2228.54 1080.59 3827.18 8069.82 1010.69 1245.76 920.915 788.193 779.315 2244.57 2517.28 3093.76
threshold=25.152820587158207 -0.95234230160713185 -0.85204595327377308 36.736276626586921 16.250000000000004 24.51005840301514 -0.43663504719734186 29.025920867919925 26.614676475524906 -0.40542197227478022 26.790010452270511 29.19104099273682 33.22191238403321 30.86781215667725 80.750000000000014 1.3528232574462893 -0.97870382666587818 -0.97502842545509327 17.750000000000004 28.108356475830082 29.672808647155765 -0.35768499970436091 28.888425827026371 12.734832763671877 58.903915405273445 2.2890592813491826 44.666723251342781 29.189107894897464 2.7748982906341557 51.398485183715827
decision_type=2 2 2 2 2 2 2 2 2 2 2 2 2 2 2 2 2 2 2 2 2 2 2 2 2 2 2 2 2 2
left_child=1 3 -3 4 -1 -4 7 -7 9 -8 11 13 14 16 15 25 18 -18 -2 20 22 -22 24 -24 -19 -13 -12 28 -28 -30
right_child=10 2 5 -5 -6 6 8 -9 -10 -11 26 12 -14 -15 -16 -17 17 19 -20 -21 21 -23 23 -25 -26 -27 27 -29 29 -31
leaf_value=0.11730296848944444 -0.04552491736550459 -0.21645100610713436 -0.11668853285159952 0.33638446959582247 -0.10259932722036656 -0.0051863295124780582 0.21946139859422453 0.34422314969870527 -0.0041829580811458648 -0.032841469130611846 -2.8037873013172969e-05 -0.02740475389422441 -0.17283405732965418 0.21443252408644187 0.18087801299290732 -0.13211678678378352 0.34717750313381357 -0.004037803501313642 -0.39669187448241494 -0.073909509061612408 0.72036612556691759 -0.0093428857068209789 0.033178652199439523 -0.22054067702364116 0.21201447960734368 0.1270641829178791 0.35533142147169822 0.0086167641248051357 -0.22782925821062344 0.17762174215875096
leaf_weight=170 253 73 101 55 65 118 96 78 894 70 209034 498 328 86 80 335 66 3638 55 513 57 113 82 118 50 99 103 1838 67 158
leaf_count=170 253 73 101 55 65 118 96 78 894 70 209034 498 328 86 80 335 66 3638 55 513 57 113 82 118 50 99 103 1838 67 158
internal_value=3.41932e-11 0.026427 0.00956698 0.109564 0.0564789 0.0217256 0.0328561 0.133864 0.0141791 0.113069 -0.000208918 -0.0164542 -0.0653333 -0.00343537 -0.0304912 -0.0486345 -0.00722438 -0.000515138 -0.108233 -0.00553542 0.00310822 0.235324 -0.00704526 -0.116516 -0.00110868 -0.0017893 0.000281134 0.0301184 0.150606 0.0568874
internal_weight=219291 1720 1430 290 235 1357 1256 196 1060 166 217571 6371 1340 5031 1012 932 4945 4637 308 4571 4058 170 3888 200 3688 597 211200 2166 328 225
internal_count=219291 1720 1430 290 235 1357 1256 196 1060 166 217571 6371 1340 5031 1012 932 4945 4637 308 4571 4058 170 3888 200 3688 597 211200 2166 328 225
is_linear=0
shrinkage=0.05


Tree=188
num_leaves=31
num_cat=0
split_feature=12 12 13 11 4 10 10 10 10 1 10 11 13 11 13 11 10 9 10 10 2 11 7 2 5 10 5 11 11 7
split_gain=476.019 2268.53 3248.86 2288.04 1124.16 1329.9 2357.33 1069.74 1775.68 3374.32 1304.82 1032.81 2386.71 1104.9 1504.15 1589.91 1414.77 2093.33 1787.86 1541.12 1219.28 1068.93 1037.41 1979 1015.31 976.789 1395.55 971.726 1097.12 1001.47
threshold=13.250000000000002 12.750000000000002 76.250000000000014 0.31717954576015478 6.6800432205200204 -0.70252096652984608 -0.89391031861305226 -0.8520696461200713 -0.59817537665367115 26.121144294738773 -0.98211652040481556 0.9969642460346223 78.750000000000014 -0.40541070699691767 78.750000000000014 -0.95744973421096791 -0.76109719276428212 29.884610176086429 -0.48250326514244074 -0.39753912389278406 0.44008997082710272 -0.99049577116966236 36.470628738403327 3.0002013444900517 30.026994705200199 -0.82391539216041554 30.408584594726566 -0.99981480836868275 -0.96681198477745045 24.51005840301514
decision_type=2 2 2 2 2 2 2 2 2 2 2 2 2 2 2 2 2 2 2 2 2 2 2 2 2 2 2 2 2 2
left_child=1 27 3 7 11 6 -6 10 -9 -10 -3 13 -13 14 16 22 17 -4 -18 -20 21 -21 23 -16 -23 26 -8 -1 -29 -30
right_child=-2 2 4 -5 5 -7 25 8 9 -11 -12 12 -14 -15 15 -17 18 -19 19 20 -22 24 -24 -25 -26 -27 -28 28 29 -31
leaf_value=0.15400466761008527 -0.00087798158440401087 0.11350149828376194 0.060640934244105493 0.017152421874817452 -0.052642455883617933 -0.070352587285070711 0.46247386488318443 -0.11157757882593256 0.55326440633833407 0.11704107026576692 0.40832368560221011 0.0073989573165646992 0.38911698890465596 0.00526066126624235 -0.038552253415221227 -0.0372295877772073 -0.059345963960367953 0.41510004764550357 0.32721238944029052 -0.028671353207268182 0.011098806189940028 0.3102859477570028 0.30920640235657204 0.31814968526222798 0.11758947130973073 0.05457800605054041 0.097492091926661417 -0.048902201032771181 -0.11448888498525565 -0.00048185014840613843
leaf_weight=96 192016 66 97 431 317 758 50 66 50 391 87 117 63 4679 146 765 256 73 63 103 460 81 51 53 438 103 55 1344 195 15821
leaf_count=96 192016 66 97 431 317 758 50 66 50 391 87 117 63 4679 146 765 256 73 63 103 460 81 51 53 438 103 55 1344 195 15821
internal_value=-1.13523e-11 0.00618099 0.0254074 0.106755 0.0152389 -0.0279872 0.0331803 0.165269 0.1303 0.166499 0.281145 0.0226881 0.141 0.0197567 0.0459854 -0.00145596 0.0766365 0.21285 0.0601081 0.0868157 0.0728185 0.118463 0.108011 0.0564488 0.147663 0.163977 0.271293 -0.00463387 -0.00551113 -0.00186992
internal_weight=219291 27275 9819 1091 8728 1283 525 660 507 441 153 7445 180 7265 2586 1015 1571 170 1401 1145 1082 622 250 199 519 208 105 17456 17360 16016
internal_count=219291 27275 9819 1091 8728 1283 525 660 507 441 153 7445 180 7265 2586 1015 1571 170 1401 1145 1082 622 250 199 519 208 105 17456 17360 16016
is_linear=0
shrinkage=0.05


Tree=189
num_leaves=31
num_cat=0
split_feature=11 10 9 10 10 8 8 2 13 12 13 11 10 13 11 2 9 4 3 9 3 9 8 13 12 12 10 9 10 11
split_gain=470.992 5548.05 16412.3 19323 7491.48 4741.82 3286.4 2717 3610.63 4661.62 2669.3 2639.82 3691.63 2616.43 2097.22 2726.93 4874.13 2027.98 1846.55 4165.39 1774.67 1752.27 2949.94 1466.78 4589.22 3698.06 4189.63 7625.25 6030.28 4979.31
threshold=0.60503363609313976 -0.70252096652984608 27.555355072021488 -0.71466678380966175 -0.76109719276428212 0.19719877839088443 0.14131741970777514 17.836771965026859 78.750000000000014 15.250000000000002 84.250000000000014 0.33345642685890203 -0.90880924463272084 79.250000000000014 0.54882264137268078 18.890501022338871 30.243069648742679 7.3483557701110849 26.642413139343265 28.793961524963382 29.687146186828617 28.014299392700199 22.307407379150394 77.750000000000014 16.750000000000004 13.250000000000002 -0.86095303297042836 32.870351791381843 -0.90149331092834462 -0.24284072965383527
decision_type=2 2 2 2 2 2 2 2 2 2 2 2 2 2 2 2 2 2 2 2 2 2 2 2 2 2 2 2 2 2
left_child=11 2 3 4 -2 10 -6 8 -7 13 18 23 -13 -10 15 -14 -17 -3 -4 -20 -11 -16 -23 25 -25 -1 27 28 29 -27
right_child=1 17 5 -5 6 7 -8 -9 9 20 -12 12 14 -15 21 16 -18 -19 19 -21 -22 22 -24 24 -26 26 -28 -29 -30 -31
leaf_value=0.039324655116215183 0.63200816039244334 0.0012639957682029012 -0.19836147119877515 1.3122926548415541 0.30356741382724101 0.045416124926899754 -0.19073596813875002 -0.18587469068440524 0.21421172166864078 0.36865136803093335 0.31922424262848459 -0.068997887504869335 -0.0016969201111194324 0.6267032551309355 -0.14009727959430404 0.60369156891336806 -0.013677403224205756 -0.04674104377237033 0.3682407186366618 0.0034564319966588573 0.034671194868822218 -0.033292506477450017 0.34918059657017392 -0.017503605499214734 0.0060897866913731877 -0.071523200598199485 -0.007306468354851766 0.18686099986525384 0.14512197709636773 0.02683673211076993
leaf_weight=7992 75 56604 108 51 57 283 82 55 60 54 69 3015 13734 107 385 52 83 2289 80 3592 151 4388 51 32634 55944 1699 28728 732 835 5302
leaf_count=7992 75 56604 108 51 57 283 82 55 60 54 69 3015 13734 107 385 52 83 2289 80 3592 151 4388 51 32634 55944 1699 28728 732 835 5302
internal_value=-3.06486e-11 0.00362082 0.0551722 0.4377 0.229269 0.0329371 0.011964 0.151665 0.180008 0.282399 0.0110362 -0.00148295 -0.0176568 0.478503 -0.009376 0.000501207 0.224124 -0.000601821 0.00541051 0.0114038 0.122646 -0.037773 -0.0288982 0.00113984 -0.00260252 0.00845946 0.00184549 0.0325315 0.0181148 0.00296678
internal_weight=219291 63717 4824 265 214 4559 139 710 655 372 3849 155574 21708 167 18693 13869 135 58893 3780 3672 205 4824 4439 133866 88578 45288 37296 8568 7836 7001
internal_count=219291 63717 4824 265 214 4559 139 710 655 372 3849 155574 21708 167 18693 13869 135 58893 3780 3672 205 4824 4439 133866 88578 45288 37296 8568 7836 7001
is_linear=0
shrinkage=0.05


Tree=190
num_leaves=31
num_cat=0
split_feature=0 11 5 10 13 10 1 4 11 4 2 10 13 12 8 1 4 10 10 11 10 11 10 2 10 9 12 1 7 5
split_gain=501.495 1238.39 5287.66 4172.65 3613.98 2885.85 2840.82 2458.64 2135.73 1763.2 1665.22 3071.9 1765.24 1626.49 1613.11 1422.57 2509.48 2510.07 3051.64 2271.09 3915.84 2995.18 6718.52 3470.12 2863.69 2431.87 3484.07 1925.54 1856.42 1717.81
threshold=0.2452519163489342 -0.98798605799674977 32.996969223022468 0.13301347196102145 77.750000000000014 -0.064507851377129541 34.059602737426765 0.24440997093915942 -0.98518359661102284 7.0019514560699472 10.069405078887941 1.0000000180025095e-35 79.750000000000014 17.250000000000004 6.7102456092834482 29.619242668151859 28.102565765380863 -0.48250326514244074 -0.71466678380966175 -0.90146830677986134 -0.20088869333267209 0.098816476762294783 -0.93535929918289173 15.10836172103882 -0.21772121638059613 29.56772613525391 12.750000000000002 28.233153343200687 27.947483062744144 27.816333770751957
decision_type=2 2 2 2 2 2 2 2 2 2 2 2 2 2 2 2 2 2 2 2 2 2 2 2 2 2 2 2 2 2
left_child=1 2 3 14 5 -4 -7 -8 13 10 12 -12 -6 -3 -1 16 19 18 -18 20 24 23 25 -21 27 26 -23 28 -10 -28
right_child=-2 8 4 -5 9 6 7 -9 15 -11 11 -13 -14 -15 -16 -17 17 -19 -20 21 -22 22 -24 -25 -26 -27 29 -29 -30 -31
leaf_value=-0.061277695859385729 -0.0035749411496066637 -0.028604208149377877 0.47411615961646458 0.33128984216123059 0.0091106265932417232 0.048460718487177382 0.52956804128950585 0.091350314432853144 0.11266100781116013 -0.078149189986288559 0.39625224644186524 -0.038344078817391311 0.13015759635735955 -0.22751598085530778 0.055510928894194879 -0.0012162253786496447 0.11254743240773678 -0.063230421728290173 0.53179499838939481 -0.054344562132926211 -0.038114494395940328 0.055930340146025027 0.0099956734358610244 0.21740841234208849 0.54052805164281059 0.034724143358192065 0.69581652010029016 0.046717211376371345 0.43154890769343268 0.34187431418756536
leaf_weight=1721 67779 247 83 78 876 246 73 57 96 234 99 69 459 176 357 119289 120 85 68 2614 331 75 23324 123 51 99 55 229 87 91
leaf_count=1721 67779 247 83 78 876 246 73 57 96 234 99 69 459 176 357 119289 120 85 68 2614 331 75 23324 123 51 99 55 229 87 91
internal_value=8.38506e-12 0.00159925 0.0278854 -0.027737 0.0824945 0.207273 0.148369 0.337426 0.000821887 0.0495219 0.0693989 0.217757 0.050729 -0.111367 -0.0412134 0.00114529 0.0114085 0.162246 0.26419 0.00989314 0.0932109 0.00738549 0.0131176 -0.0421321 0.187096 0.240665 0.33292 0.143346 0.264263 0.475209
internal_weight=219291 151512 4352 2156 2196 459 376 130 147160 1737 1503 168 1335 423 2078 146737 27448 273 188 27175 794 26381 23644 2737 463 320 221 412 183 146
internal_count=219291 151512 4352 2156 2196 459 376 130 147160 1737 1503 168 1335 423 2078 146737 27448 273 188 27175 794 26381 23644 2737 463 320 221 412 183 146
is_linear=0
shrinkage=0.05


Tree=191
num_leaves=31
num_cat=0
split_feature=8 0 11 11 1 11 12 2 1 9 4 1 11 11 0 10 13 1 3 11 5 12 6 13 10 1 5 6 9 8
split_gain=472.6 942.869 778.993 1134.02 1269.2 2178.65 1609.68 976.769 1791.09 2066.86 974.695 772.943 718.511 1389.71 1027.33 848.215 1933.96 1637.97 1009.78 673.507 1441.69 663.762 1423.71 1122.71 1043.21 987.562 911.043 718.326 661.08 659.961
threshold=40.761636734008796 0.36300493776798254 0.79874977469444286 0.60503363609313976 28.721801757812504 -0.97502842545509327 13.750000000000002 2.4253234863281254 27.294301986694339 27.258271217346195 6.8880155086517343 30.734574317932132 0.79874977469444286 0.60503363609313976 0.21939046680927279 -0.95236876606941212 78.750000000000014 31.836202621459964 30.38144683837891 -0.92260536551475514 31.493124961853031 18.750000000000004 21.72469520568848 77.750000000000014 -0.18399664759635923 30.196988105773929 31.963420867919925 1.8294037580490115 29.709169387817386 26.761257171630863
decision_type=2 2 2 2 2 2 2 2 2 2 2 2 2 2 2 2 2 2 2 2 2 2 2 2 2 2 2 2 2 2
left_child=29 12 3 4 5 -3 11 -7 10 -10 -9 -6 13 14 15 16 18 -18 -2 20 -17 23 24 26 25 -23 -8 -25 -27 -1
right_child=1 2 -4 -5 6 7 21 8 9 -11 -12 -13 -14 -15 -16 19 17 -19 -20 -21 -22 22 -24 27 -26 28 -28 -29 -30 -31
leaf_value=-8.7241261703873836e-05 0.11648454158394426 0.24781976801917907 0.10901094564620187 -0.22998799017106653 0.25802355772919128 -0.15871626677690076 -0.066498918031906565 0.092256853393479887 0.40116830169451689 0.0067683470717976608 -0.17143950382513662 -0.010758784532828152 -0.078664259500091233 0.26806774363885155 0.19775951506748593 0.25281753213174885 0.37032753351975134 0.026327711664713344 -0.15877107505140634 -0.05511820703028486 -0.040562984415207261 0.15782446313452714 -0.1396012807652581 -0.2325182483482518 0.1799865030445332 -0.15785859945580502 0.17931609166105494 -0.10714476912039456 0.032800407535754715 0.020491452987438867
leaf_weight=211927 54 94 85 80 54 96 137 51 53 89 112 53 177 58 73 62 74 65 87 520 129 58 197 152 86 109 52 460 78 3969
leaf_count=211927 54 94 85 80 54 96 137 51 53 89 112 53 177 58 73 62 74 65 87 520 129 58 197 152 86 109 52 460 78 3969
internal_value=1.19075e-11 -0.0185101 -0.0392537 -0.0455205 -0.0378781 0.0311646 -0.0616777 -0.0196224 0.024158 0.153974 -0.0889333 0.124888 0.0149608 0.0297305 0.0167384 0.00340385 0.0771165 0.209464 -0.053354 -0.025625 0.0546705 -0.0766984 -0.033176 -0.105387 0.0301647 -0.0224259 0.00113272 -0.138283 -0.0783324 0.000291074
internal_weight=219291 3395 2096 2011 1931 495 1436 401 305 142 163 107 1299 1122 1064 991 280 139 141 711 191 1329 528 801 331 245 189 612 187 215896
internal_count=219291 3395 2096 2011 1931 495 1436 401 305 142 163 107 1299 1122 1064 991 280 139 141 711 191 1329 528 801 331 245 189 612 187 215896
is_linear=0
shrinkage=0.05


Tree=192
num_leaves=31
num_cat=0
split_feature=0 6 13 11 10 2 3 1 2 1 13 8 9 10 8 9 13 1 11 10 10 9 11 10 10 10 4 7 12 8
split_gain=474.089 2531.76 1067.9 1000.97 3585.18 2080.21 6581.89 1679.27 1220.38 1173.02 1440 1058.9 1460.44 2290.83 1331.69 1024.78 1189.84 853.938 684.305 1119.93 715.216 603.888 2112.2 6250.35 8063.71 5744.43 5255.52 12167.4 3167.07 2930.05
threshold=51.579845428466804 71.000598907470717 76.250000000000014 -0.63872575759887684 -0.65189296007156361 11.890420913696291 29.202402114868168 27.678379058837894 29.671564102172855 30.098621368408207 79.250000000000014 0.23041217029094699 30.048518180847172 -0.20088869333267209 14.601083278656008 30.926726341247562 78.750000000000014 30.476527214050297 0.11593030393123628 -0.78297284245491017 -0.65189296007156361 28.380756378173832 0.081673368811607375 -0.69016700983047474 -0.79356426000595082 -0.83354803919792164 12.710318088531496 25.087244987487797 12.750000000000002 3.7713967561721806
decision_type=2 2 2 2 2 2 2 2 2 2 2 2 2 2 2 2 2 2 2 2 2 2 2 2 2 2 2 2 2 2
left_child=21 2 -2 4 7 6 -6 8 -4 -8 -11 -7 13 -13 -14 18 -17 -18 -5 -20 -21 22 -1 24 25 -24 28 -28 29 -26
right_child=1 -3 3 15 5 11 9 -9 -10 10 -12 12 14 -15 -16 16 17 -19 19 20 -22 -23 23 -25 26 -27 27 -29 -30 -31
leaf_value=-0.026462038300487118 0.12664002956328343 0.31308722674794914 0.50805880957841876 -0.19643959549970405 0.45637679341677073 0.016932043665519324 -0.20465766900706861 -0.019705427573153786 0.16209527679647392 -0.12536248095688365 0.14405130645696154 0.19325000351028784 -0.17165799522190356 -0.25322359210606349 -0.45877684516421824 0.11915215011173433 -0.12556775807284973 0.072591812120214719 0.10961709017715147 -0.29106332420740488 -0.077755985223829108 0.0011460966181591184 0.076808646094554803 -0.0082875268299342272 -0.22435107347719813 -0.17036352397222074 1.1188616649319347 0.1879345811041141 0.25299762995820851 0.2550314635038376
leaf_weight=8964 98 54 50 215 74 93 105 51 52 105 94 56 128 59 59 109 213 73 62 53 152 193474 1086 12955 85 300 52 108 261 51
leaf_count=8964 98 54 50 215 74 93 105 51 52 105 94 56 128 59 59 109 213 73 62 53 152 193474 1086 12955 85 300 52 108 261 51
internal_value=5.28828e-12 -0.0245122 -0.0341021 -0.042839 -0.00658322 -0.0503531 0.0334936 0.214555 0.331685 -0.069445 0.0018983 -0.130591 -0.176021 -0.0358104 -0.262246 -0.0811205 -0.0214156 -0.0749886 -0.130049 -0.076588 -0.132904 0.000220494 -0.00728433 0.00425474 0.0878806 0.0233082 0.248558 0.490486 0.151056 -0.0445826
internal_weight=219291 1955 1901 1803 926 773 378 153 102 304 199 395 302 115 187 877 395 286 482 267 205 217336 23862 14898 1943 1386 557 160 397 136
internal_count=219291 1955 1901 1803 926 773 378 153 102 304 199 395 302 115 187 877 395 286 482 267 205 217336 23862 14898 1943 1386 557 160 397 136
is_linear=0
shrinkage=0.05


Tree=193
num_leaves=31
num_cat=0
split_feature=13 10 11 5 3 9 11 0 1 10 10 11 9 10 10 9 11 11 4 2 8 11 2 9 10 5 6 3 12 10
split_gain=451.784 1882.71 6452.06 2319.38 2666.48 1501.65 1074.79 1153.55 1664.91 1288.01 2847.07 956.099 2873.81 790.331 5759.81 7080.1 1475.99 2005.55 7436.45 1204.58 1016.21 849.432 778.131 1181.08 1062.26 842.37 746.929 722.384 664.019 2191.69
threshold=83.750000000000014 -0.97505551576614369 0.15004983544349673 31.581368446350101 32.872188568115241 32.528141021728523 -0.62538740038871754 36.736276626586921 32.79255676269532 -0.51973900198936451 -0.62540480494499195 -0.98798605799674977 33.473875045776374 -0.80392050743103016 -0.76109719276428212 31.013070106506351 -0.49749487638473505 -0.34155811369419092 3.8085612058639531 1.1164281368255617 20.440749168396 -0.29258950054645533 3.4730851650238042 33.750249862670906 -0.31718835234642023 35.463424682617195 18.897978782653812 30.851837158203129 19.750000000000004 -0.98211652040481556
decision_type=2 2 2 2 2 2 2 2 2 2 2 2 2 2 2 2 2 2 2 2 2 2 2 2 2 2 2 2 2 2
left_child=28 2 3 -2 5 -5 7 8 11 10 -10 12 -3 16 15 -15 -8 18 19 -18 -19 -16 24 -24 -11 -25 -13 -28 -1 -30
right_child=1 6 -4 4 -6 -7 13 -9 9 22 -12 26 -14 14 21 -17 17 20 -20 -21 -22 -23 23 25 -26 -27 27 -29 29 -31
leaf_value=0.00043705720975589877 -0.13142771109164705 0.24090024458395468 0.54496125733583334 0.11312970737616222 -0.033634744276453681 0.46542492252850876 -0.18126339222348872 0.18784093495275156 -0.08811693727397002 -0.21508477250734967 0.43510069604963064 -0.1459687073589698 -0.20766596621361333 0.77267389145859511 0.087149167145517736 -0.038248046677486575 -0.22783166987426356 -0.064314481511131602 0.58698910778270119 0.095705287041617376 0.16983276773609368 0.0089773032309804959 0.23145198333263398 -0.13902340101344243 -0.016615450390680197 0.092810041829943665 0.13357342470956679 -0.12873310230250629 -0.079560848082253499 -0.0052456286032016002
leaf_weight=195289 142 74 72 60 133 61 126 61 52 75 52 483 69 57 396 51 66 507 63 51 51 2838 75 70 667 89 52 53 1056 16400
leaf_count=195289 142 74 72 60 133 61 126 61 52 75 52 483 69 57 396 51 66 507 63 51 51 2838 75 70 667 89 52 53 1056 16400
internal_value=-4.34031e-12 0.012938 0.109572 0.0304105 0.120887 0.290733 0.00549726 -0.0260189 -0.0332223 0.00621912 0.173492 -0.0914942 0.0244592 0.0195244 0.0305447 0.389739 -0.0231027 0.0039003 0.149024 -0.0868027 -0.0429139 0.0185494 -0.011605 0.0678947 -0.0366764 -0.009255 -0.119694 0.00117108 -0.000398092 -0.00974132
internal_weight=219291 6546 468 396 254 121 6078 1872 1811 1080 104 731 143 4206 3342 108 864 738 180 117 558 3234 976 234 742 159 588 105 212745 17456
internal_count=219291 6546 468 396 254 121 6078 1872 1811 1080 104 731 143 4206 3342 108 864 738 180 117 558 3234 976 234 742 159 588 105 212745 17456
is_linear=0
shrinkage=0.05


Tree=194
num_leaves=31
num_cat=0
split_feature=9 10 10 9 12 12 3 7 12 12 3 10 7 10 3 11 10 12 10 7 12 3 1 9 4 7 0 1 6 10
split_gain=444.24 830.684 2163.32 3135.64 1858.65 953.369 991.049 688.18 3009.7 548.518 503.96 866.584 786.724 1167.31 711.352 2530.05 9110.97 5415.21 6546.19 7116.81 4532.45 5077.26 4173.73 3492.88 3276.32 4038.77 5603.73 8069.92 11430.2 4723.79
threshold=39.263370513916023 0.50495636463165294 0.54883790016174328 40.499383926391609 18.750000000000004 17.250000000000004 41.42132759094239 37.567344665527351 17.250000000000004 19.750000000000004 38.869958877563484 0.51973900198936474 39.898149490356452 0.68391311168670665 32.605419158935554 -0.27608674764633173 -0.93535929918289173 19.250000000000004 -0.95236876606941212 32.189571380615241 13.750000000000002 33.644670486450202 32.754205703735359 33.812322616577156 10.731776714324953 30.639884948730472 0.34778882563114172 32.754205703735359 10.366930007934572 -0.83354803919792164
decision_type=2 2 2 2 2 2 2 2 2 2 2 2 2 2 2 2 2 2 2 2 2 2 2 2 2 2 2 2 2 2
left_child=10 -2 3 -3 5 6 -5 8 -4 -6 12 -12 14 -14 -1 16 17 18 -16 -20 -21 22 -22 -23 25 26 27 28 -18 -27
right_child=1 2 7 4 9 -7 -8 -9 -10 -11 11 -13 13 -15 15 -17 24 -19 19 20 21 23 -24 -25 -26 29 -28 -29 -30 -31
leaf_value=-0.0013501319257296586 -0.038513389744792674 -0.038964851818953705 0.39677822331135926 0.039203220757190141 0.11539559067800792 0.38068079567020296 0.32587356202696505 -0.012341728050398612 -0.035617556062837445 -0.080407623204934817 -0.068983092835513002 -0.0072015984449923191 0.26447562882001846 -0.038437701054548815 -0.030527862674230105 -0.0051023455609788999 0.17901469230061712 -0.1002307317733987 -0.17534904312669186 -0.0079426593937963804 0.6816355804079457 0.95293509448702274 0.17303997637785001 0.46547017504703514 -0.033030888388243772 -0.063613139390911844 -0.0214586695897564 0.1025352480035393 1.0414646808959303 0.016841284624574879
leaf_weight=130311 2044 297 55 64 99 104 57 8314 150 56 641 4956 69 59 154 33875 101 134 57 53 57 74 138 73 3917 1941 490 506 62 30383
leaf_count=130311 2044 297 55 64 99 104 57 8314 150 56 641 4956 69 59 154 33875 101 134 57 53 57 74 138 73 3917 1941 490 506 62 30383
internal_value=5.83208e-12 -0.00968211 -0.00327377 0.0827524 0.177884 0.269665 0.174246 -0.0101102 0.0803911 0.0446538 0.000523078 -0.0142772 0.000932243 0.124852 0.000853846 0.00484194 0.0136742 0.187407 0.25101 0.346932 0.4223 0.488974 0.321706 0.710861 0.0102367 0.0152984 0.107006 0.201097 0.507063 0.0120101
internal_weight=219291 11240 9196 677 380 225 121 8519 205 155 208051 5597 202454 128 202326 72015 38140 740 606 452 395 342 195 147 37400 33483 1159 669 163 32324
internal_count=219291 11240 9196 677 380 225 121 8519 205 155 208051 5597 202454 128 202326 72015 38140 740 606 452 395 342 195 147 37400 33483 1159 669 163 32324
is_linear=0
shrinkage=0.05


Tree=195
num_leaves=31
num_cat=0
split_feature=0 12 2 3 1 11 13 0 1 3 9 11 10 11 11 7 3 12 13 10 10 3 10 5 11 12 9 1 9 13
split_gain=444.096 1130.17 1499.6 1556.93 2621.14 5503.85 1733.91 1900.95 1491.8 2050.23 4855.41 6278.15 11818.7 11746.4 4909.02 4692.8 3439.58 3193.54 6679.3 7679.57 10510.3 4494.59 4745.74 2598.71 3551.75 5239.91 2486.4 4431.76 7729.2 2537.93
threshold=0.2452519163489342 19.750000000000004 71.102645874023452 27.172071456909183 27.905324935913089 -0.67758968472480763 83.250000000000014 30.451300621032718 29.325263023376468 31.052600860595707 32.322616577148445 -0.99626126885414112 -0.064507851377129541 -0.99049577116966236 -0.97870382666587818 33.475862503051765 30.412980079650882 17.250000000000004 80.750000000000014 -0.51973900198936451 -0.67760851979255665 30.22818756103516 -0.95747631788253773 30.156864166259769 -0.99271196126937855 15.250000000000002 30.14364051818848 31.775575637817386 29.189107894897464 78.750000000000014
decision_type=2 2 2 2 2 2 2 2 2 2 2 2 2 2 2 2 2 2 2 2 2 2 2 2 2 2 2 2 2 2
left_child=-1 8 3 4 5 -3 7 -5 -2 10 23 12 -12 -13 15 -15 -17 -16 19 20 21 -19 -23 24 25 -10 27 -26 -29 -28
right_child=1 2 -4 6 -6 -7 -8 -9 9 -11 11 13 -14 14 17 16 -18 18 -20 -21 -22 22 -24 -25 26 -27 29 28 -30 -31
leaf_value=0.0015049501680807463 -0.013786356437019729 0.49194876406295801 0.21462341845035554 -0.035891076240222905 -0.23746321546630217 -0.008388501663055074 0.018080819693723649 -0.16180287743249211 -0.022469342741788481 -0.0036316944888034421 0.95748526924534849 -0.24743643788342429 0.1043063639828288 0.0054838184681203633 0.015318212143272687 0.83407437872886669 0.30668600139058672 0.0359263577023331 0.0020245798110018602 -0.057381916769287167 0.83231780643109232 0.73662647056308661 0.12992587248011242 -0.023429635579976533 0.033611370420774299 0.67160494918576807 0.036074972199958102 0.085891971113565183 0.75486667736993818 -0.062568253428186435
leaf_weight=151512 16965 81 66 4740 52 171 1455 320 57 30151 57 281 141 72 1135 50 81 147 466 136 96 66 63 4701 3339 52 1229 161 59 1389
leaf_count=151512 16965 81 66 4740 52 171 1455 320 57 30151 57 281 141 72 1135 50 81 147 466 136 96 66 63 4701 3339 52 1229 161 59 1389
internal_value=6.04031e-11 -0.00336414 -0.0225654 -0.0248611 0.0857412 0.152434 -0.030022 -0.0438539 -0.00119315 0.00367024 0.0196494 0.0785404 0.349918 0.0578182 0.0949188 0.329754 0.507979 0.0723149 0.138733 0.264139 0.381684 0.224941 0.440331 0.00468944 0.0257184 0.308649 0.0207257 0.0479332 0.265299 -0.0162609
internal_weight=219291 67779 6885 6819 304 252 6515 5060 60894 43929 13778 2791 198 2593 2312 203 131 2109 974 508 372 276 129 10987 6286 109 6177 3559 220 2618
internal_count=219291 67779 6885 6819 304 252 6515 5060 60894 43929 13778 2791 198 2593 2312 203 131 2109 974 508 372 276 129 10987 6286 109 6177 3559 220 2618
is_linear=0
shrinkage=0.05


Tree=196
num_leaves=31
num_cat=0
split_feature=8 4 5 7 10 12 3 7 11 11 9 0 11 10 11 12 8 8 12 4 8 11 10 1 3 6 6 4 1 0
split_gain=426.427 935.716 1449.34 1244.37 1217.7 1162.89 1142.9 1085.53 4959.15 1261.46 1033.58 883.77 1325.05 1433.63 1377.7 827.915 856.616 1178.48 795.1 654.388 599.482 1458.41 6737.48 2186.94 6737.24 1598.08 1440.17 1208.16 1178.28 1144.05
threshold=40.761636734008796 7.5896358489990243 30.756749153137211 30.552203178405765 -0.95236876606941212 12.750000000000002 36.019569396972663 31.044465065002445 -0.97502842545509327 -0.97870382666587818 29.148283004760746 7.5070478916168222 -0.95744973421096791 -0.7721494436264037 -0.45205545425415034 14.250000000000002 80.921409606933608 48.730119705200202 14.250000000000002 2.0364875793457036 26.761257171630863 -0.9469526708126067 -0.26781183481216425 30.916265487670902 30.678079605102543 21.72469520568848 26.025314331054691 28.102565765380863 31.618682861328129 16.254577636718754
decision_type=2 2 2 2 2 2 2 2 2 2 2 2 2 2 2 2 2 2 2 2 2 2 2 2 2 2 2 2 2 2
left_child=20 2 3 4 10 -4 -7 8 -3 -9 19 12 -10 14 -14 16 17 -6 -13 -2 -1 22 28 24 26 -23 29 -27 -22 -24
right_child=1 7 5 -5 15 6 -8 9 11 -11 -12 18 13 -15 -16 -17 -18 -19 -20 -21 21 25 23 -25 -26 27 -28 -29 -30 -31
leaf_value=-8.4074593186129294e-05 0.37897686785459522 0.34340436404071206 0.18485186589976488 0.22442403434121863 0.1752853086316272 -0.055247155868426351 0.15036646355616137 -0.36221776858524041 0.19031389800401835 -0.083804836803765007 -0.027685565739870074 -0.28198266095585295 0.27345726861819331 -0.12147409042801371 -0.020059020617926443 -0.045263876272855622 0.25301682937603731 -0.080269281029164252 -0.088279744949507855 0.12563842010612672 0.2901497747175969 0.02179701969078994 0.025457086160778998 -0.046997825202519911 0.50129490046826908 -0.02985523924941081 0.15349088975145847 -0.19377923423360136 0.61120654508179317 -0.25357535348998178
leaf_weight=211927 50 82 59 94 76 1102 72 54 65 165 50 63 51 299 185 380 52 111 333 52 65 2438 75 458 86 500 79 145 51 72
leaf_count=211927 50 82 59 94 76 1102 72 54 65 165 50 63 51 299 185 380 52 111 333 52 65 2438 75 458 86 500 79 145 51 72
internal_value=-3.97562e-12 -0.0175827 0.00305639 0.0526729 0.031733 -0.0317516 -0.0426371 -0.0509679 -0.0303505 -0.152455 0.158538 -0.0611215 -0.0228582 -0.0487577 0.0433703 0.000595146 0.0735091 0.0235925 -0.119096 0.249824 0.00027649 0.019529 0.0760669 0.0225506 0.124644 0.00328107 -0.018683 -0.0667064 0.431304 -0.111212
internal_weight=219291 3395 2098 865 771 1233 1174 1297 1078 219 152 996 600 535 236 619 239 187 396 102 215896 3969 886 770 312 3083 226 645 116 147
internal_count=219291 3395 2098 865 771 1233 1174 1297 1078 219 152 996 600 535 236 619 239 187 396 102 215896 3969 886 770 312 3083 226 645 116 147
is_linear=0
shrinkage=0.05


Tree=197
num_leaves=31
num_cat=0
split_feature=4 11 11 9 10 3 10 3 3 0 11 3 12 11 9 0 1 5 1 13 3 9 5 12 10 7 7 10 1 12
split_gain=422.462 1293.89 7345.32 6677.69 8834.46 18083.9 15104.4 4910.27 3365.15 3196.6 2661.33 2520.56 4641.59 2378.28 5684.06 3036.64 2299.57 2006.01 1688.85 4670.98 6180.41 1947.16 1681.27 8900.54 1853.03 1650.07 2157.63 4581.41 4053.44 3768.54
threshold=0.15024377405643466 0.73246693611145031 0.60503363609313976 29.148283004760746 -0.70252096652984608 26.642413139343265 -0.72660079598426808 28.856807708740238 28.452372550964359 9.6284780502319354 0.30080866813659674 29.828688621521 16.750000000000004 0.26780438423156744 30.048518180847172 0.19813419133424762 30.065106391906742 31.61091232299805 28.618703842163089 78.750000000000014 29.118277549743656 32.424364089965827 30.994411468505863 14.750000000000002 -0.51236665248870839 27.262175559997562 29.783488273620609 0.7086201310157777 26.32643032073975 16.750000000000004
decision_type=2 2 2 2 2 2 2 2 2 2 2 2 2 2 2 2 2 2 2 2 2 2 2 2 2 2 2 2 2 2
left_child=-1 2 10 4 5 9 7 -7 -5 -4 13 -6 -13 25 15 16 -15 -10 19 -12 -21 -20 24 -24 -3 -2 27 29 -28 -27
right_child=1 22 3 8 11 6 -8 -9 17 -11 18 12 -14 14 -16 -17 -18 -19 21 20 -22 -23 23 -25 -26 26 28 -29 -30 -31
leaf_value=0.0015109033271275267 -0.032539756003887137 -0.078203362949755925 0.19634752675164036 -0.2232006747471659 -0.045935729256745023 0.1261708684375181 1.3678862391820839 0.74675060463448373 0.01736316116051077 -0.27312430771497581 -0.037029196929165537 0.55296574550370381 -0.033634965755529218 0.66445524871901229 -0.043544650429202886 0.11624674475174551 0.2490748215595196 0.27830410918090925 -0.069488267082518526 0.73704388685086197 -0.033987648813229687 0.01896433882408094 0.57249869578964496 -0.03004806026601823 -0.014303199302301218 -0.015106988894364907 -0.19289830907602126 0.44586000080619548 -0.003383659668959477 0.045692708802693452
leaf_weight=148774 4129 1620 82 133 238 68 62 60 513 65 354 60 77 54 414 242 87 86 3139 51 53 776 73 382 3786 4656 284 63 43279 5631
leaf_count=148774 4129 1620 82 133 238 68 62 60 513 65 354 60 77 54 414 242 87 86 3139 51 53 776 73 382 3786 4656 284 63 43279 5631
internal_value=-5.58877e-11 -0.00318764 -0.00114848 0.110355 0.219377 0.405166 0.727335 0.417068 0.00431115 -0.0112421 -0.00369563 0.0524143 0.22327 -0.000898727 0.0848862 0.223712 0.408157 0.0548271 -0.0413281 0.0495187 0.344114 -0.0519559 -0.0256829 0.0666243 -0.033452 -0.00207668 0.000256379 0.0207775 -0.00461916 0.0181742
internal_weight=219291 70517 64656 1444 712 337 190 128 732 147 63212 375 137 58839 797 383 141 599 4373 458 104 3915 5861 455 5406 58042 53913 10350 43563 10287
internal_count=219291 70517 64656 1444 712 337 190 128 732 147 63212 375 137 58839 797 383 141 599 4373 458 104 3915 5861 455 5406 58042 53913 10350 43563 10287
is_linear=0
shrinkage=0.05


Tree=198
num_leaves=31
num_cat=0
split_feature=1 11 11 0 12 7 11 9 9 4 6 5 6 11 11 11 12 10 3 12 9 11 4 4 0 12 12 6 0 1
split_gain=433.422 813.758 1400.39 1130.95 815.481 720.295 848.162 2025.11 681.7 907.103 666.004 641.203 1893.89 1746.56 1788.44 1669.08 1499.84 1405.69 1729.62 1341.92 1319.93 933.706 2183.86 827.626 2167.64 3295.24 2094.33 1169.49 923.578 2647.21
threshold=25.152820587158207 -0.95234230160713185 -0.85204595327377308 36.736276626586921 16.250000000000004 24.51005840301514 -0.43663504719734186 29.025920867919925 26.614676475524906 0.28036242723464971 6.2239048480987558 26.919746398925785 101.79515838623048 -0.98208922147750843 -0.97502842545509327 -0.91583034396171559 15.250000000000002 0.72066047787666332 29.43463230133057 14.750000000000002 26.907961845397953 -0.82389250397682179 2.9496912956237797 44.523046493530281 3.4828147888183598 14.250000000000002 14.250000000000002 30.314878463745121 31.297123908996586 26.32643032073975
decision_type=2 2 2 2 2 2 2 2 2 2 2 2 2 2 2 2 2 2 2 2 2 2 2 2 2 2 2 2 2 2
left_child=1 3 -3 4 -1 -4 7 -7 9 -8 -10 12 13 16 20 19 -2 21 -19 -16 -15 22 -17 28 25 -25 -26 -28 -23 -30
right_child=11 2 5 -5 -6 6 8 -9 10 -11 -12 -13 -14 14 15 17 -18 18 -20 -21 -22 23 -24 24 26 -27 27 -29 29 -31
leaf_value=0.11119604984407916 -0.040958378105451262 -0.20381869743131614 -0.10747120500643655 0.30547151635993613 -0.097027498443539334 -0.0037979454188844411 0.19579079578792777 0.32455016901859873 0.0089513578975756285 -0.046642799125831635 -0.15169262770031181 0.00032077132260680083 0.24447346740535331 0.012779157888144255 0.0003170187660546993 0.38351443948317321 -0.26934079490299151 0.38350209237313737 -0.024383644619078007 -0.135155168135455 0.35157849823349507 -0.021166392908477973 -0.016167100060179278 0.49031594286362329 -0.24967423277907075 0.028925880304443732 0.18068682453698581 -0.10722755142327012 0.33930936077993146 -0.060387967286174599
leaf_weight=170 173 73 101 55 65 118 105 78 824 61 70 209914 70 57 293 50 123 51 53 486 58 5564 108 60 80 109 90 58 68 106
leaf_count=170 173 73 101 55 65 118 105 78 824 61 70 209914 70 57 293 50 123 51 53 486 58 5564 108 60 80 109 90 58 68 106
internal_value=-2.92361e-11 0.0250007 0.00951305 0.101371 0.0536023 0.0209893 0.0313193 0.126871 0.0136512 0.106704 -0.00362703 -0.000197642 -0.0144098 -0.0167983 -0.0119646 -0.0150995 -0.135861 -0.0066846 0.175637 -0.0842009 0.183652 -0.00969771 0.110314 -0.0127885 0.0570291 0.192733 -0.0435584 0.0678555 -0.017619 0.0958156
internal_weight=219291 1720 1430 290 235 1357 1256 196 1060 166 894 217571 7657 7587 7291 7176 296 6397 104 779 115 6293 158 6135 397 169 228 148 5738 174
internal_count=219291 1720 1430 290 235 1357 1256 196 1060 166 894 217571 7657 7587 7291 7176 296 6397 104 779 115 6293 158 6135 397 169 228 148 5738 174
is_linear=0
shrinkage=0.05


Tree=199
num_leaves=31
num_cat=0
split_feature=0 6 2 6 7 11 9 13 13 5 12 3 10 1 11 8 7 10 3 1 4 9 11 9 8 0 10 3 3 6
split_gain=415.235 2181.09 976.85 2040.06 1862.7 1746.16 1558.59 1665.84 1358.71 2123.48 1077.78 1353.75 2764.89 937.109 1168.73 1286.05 1187.81 855.516 733.117 1989.4 653.853 593.114 581.069 628.724 1281.97 538.333 1667.27 2151.57 4836.55 1151.59
threshold=51.579845428466804 71.000598907470717 17.496590614318851 28.846113204956058 29.19104099273682 -0.62538740038871754 30.691680908203129 80.750000000000014 81.750000000000014 29.537099838256839 18.750000000000004 30.032781600952152 -0.61188074946403492 30.855288505554203 -0.97870382666587818 28.888425827026371 30.371634483337406 -0.49002411961555475 33.043224334716804 31.938055038452152 3.8824568986892705 33.178802490234382 -0.78295108675956715 31.128382682800297 0.24311948567628863 46.789373397827156 -0.08167563751339911 26.642413139343265 27.747601509094242 7.2392911911010751
decision_type=2 2 2 2 2 2 2 2 2 2 2 2 2 2 2 2 2 2 2 2 2 2 2 2 2 2 2 2 2 2
left_child=25 2 3 4 5 -2 7 17 13 -10 11 12 -8 14 16 22 -4 -6 21 -20 -12 -13 -16 -24 -25 -1 27 -27 -29 -30
right_child=1 -3 8 -5 6 -7 10 -9 9 -11 20 18 -14 -15 15 -17 -18 -19 19 -21 -22 -23 23 24 -26 26 -28 28 29 -31
leaf_value=8.1241493431871578e-05 0.38113218137621879 0.29040826771546296 -0.44717562365531927 0.22927362110931426 -0.16551376155346909 0.02267612210246471 0.37521778844218234 -0.39744110340089134 0.32896958336234094 -0.11392061250694728 -0.18746983884479357 -0.15323960277413534 -0.10736848411752897 0.098806300635139149 -0.23486169007263685 0.07504598978830844 -0.10422338571618586 0.074932907521724698 0.30338787126260019 -0.070066650017563778 -0.00065788979176431897 0.044786015180024237 -0.14193443223999003 -0.16012776895002886 0.18968662003427744 -0.18594052825123072 -0.12838951234688176 0.58431959484632201 0.0043597286300999785 0.20818272376752864
leaf_weight=216788 50 54 50 88 109 106 71 57 50 59 113 121 51 54 95 98 51 56 54 105 80 55 223 55 50 60 106 52 231 99
leaf_count=216788 50 54 50 88 109 106 71 57 50 59 113 121 51 54 95 98 51 56 54 105 80 55 223 55 50 60 106 52 231 99
internal_value=1.82472e-11 -0.0229403 -0.0318413 -0.00178083 -0.0215598 0.137566 -0.0500273 -0.164409 -0.0745769 0.08924 -0.0109613 0.0308793 0.173481 -0.100991 -0.118337 -0.0881601 -0.274002 -0.0839076 -0.0210532 0.056767 -0.110035 -0.0913566 -0.125971 -0.0944332 0.00645051 0.000206355 0.0497009 0.0924103 0.13613 0.0655066
internal_weight=219291 1955 1901 1116 1028 156 872 222 785 109 650 457 122 676 622 521 101 165 335 159 193 176 423 328 105 217336 548 442 382 330
internal_count=219291 1955 1901 1116 1028 156 872 222 785 109 650 457 122 676 622 521 101 165 335 159 193 176 423 328 105 217336 548 442 382 330
is_linear=0
shrinkage=0.05


end of trees

feature_importances:
Column_10=1378
Column_11=781
Column_9=527
Column_12=493
Column_1=404
Column_7=388
Column_13=381
Column_3=349
Column_5=333
Column_0=253
Column_8=216
Column_2=177
Column_4=174
Column_6=146

parameters:
[boosting: gbdt]
[objective: regression]
[metric: l2]
[tree_learner: serial]
[device_type: cpu]
[data_sample_strategy: bagging]
[data: ]
[valid: ]
[num_iterations: 200]
[learning_rate: 0.05]
[num_leaves: 31]
[num_threads: 0]
[seed: 0]
[deterministic: 0]
[force_col_wise: 0]
[force_row_wise: 0]
[histogram_pool_size: -1]
[max_depth: -1]
[min_data_in_leaf: 50]
[min_sum_hessian_in_leaf: 0.001]
[bagging_fraction: 1]
[pos_bagging_fraction: 1]
[neg_bagging_fraction: 1]
[bagging_freq: 0]
[bagging_seed: 3]
[bagging_by_query: 0]
[feature_fraction: 1]
[feature_fraction_bynode: 1]
[feature_fraction_seed: 2]
[extra_trees: 0]
[extra_seed: 6]
[early_stopping_round: 0]
[early_stopping_min_delta: 0]
[first_metric_only: 0]
[max_delta_step: 0]
[lambda_l1: 0]
[lambda_l2: 0]
[linear_lambda: 0]
[min_gain_to_split: 0]
[drop_rate: 0.1]
[max_drop: 50]
[skip_drop: 0.5]
[xgboost_dart_mode: 0]
[uniform_drop: 0]
[drop_seed: 4]
[top_rate: 0.2]
[other_rate: 0.1]
[min_data_per_group: 100]
[max_cat_threshold: 32]
[cat_l2: 10]
[cat_smooth: 10]
[max_cat_to_onehot: 4]
[top_k: 20]
[monotone_constraints: ]
[monotone_constraints_method: basic]
[monotone_penalty: 0]
[feature_contri: ]
[forcedsplits_filename: ]
[refit_decay_rate: 0.9]
[cegb_tradeoff: 1]
[cegb_penalty_split: 0]
[cegb_penalty_feature_lazy: ]
[cegb_penalty_feature_coupled: ]
[path_smooth: 0]
[interaction_constraints: ]
[verbosity: -1]
[saved_feature_importance_type: 0]
[use_quantized_grad: 0]
[num_grad_quant_bins: 4]
[quant_train_renew_leaf: 0]
[stochastic_rounding: 1]
[linear_tree: 0]
[max_bin: 255]
[max_bin_by_feature: ]
[min_data_in_bin: 3]
[bin_construct_sample_cnt: 200000]
[data_random_seed: 1]
[is_enable_sparse: 1]
[enable_bundle: 1]
[use_missing: 1]
[zero_as_missing: 0]
[feature_pre_filter: 1]
[pre_partition: 0]
[two_round: 0]
[header: 0]
[label_column: ]
[weight_column: ]
[group_column: ]
[ignore_column: ]
[categorical_feature: ]
[forcedbins_filename: ]
[precise_float_parser: 0]
[parser_config_file: ]
[objective_seed: 5]
[num_class: 1]
[is_unbalance: 0]
[scale_pos_weight: 1]
[sigmoid: 1]
[boost_from_average: 1]
[reg_sqrt: 0]
[alpha: 0.9]
[fair_c: 1]
[poisson_max_delta_step: 0.7]
[tweedie_variance_power: 1.5]
[lambdarank_truncation_level: 30]
[lambdarank_norm: 1]
[label_gain: ]
[lambdarank_position_bias_regularization: 0]
[eval_at: ]
[multi_error_top_k: 1]
[auc_mu_weights: ]
[num_machines: 1]
[local_listen_port: 12400]
[time_out: 120]
[machine_list_filename: ]
[machines: ]
[gpu_platform_id: -1]
[gpu_device_id: -1]
[gpu_device_id_list: ]
[gpu_use_dp: 0]
[num_gpu: 1]

end of parameters

pandas_categorical:null
