tree
version=v4
num_class=1
num_tree_per_iteration=1
label_index=0
max_feature_idx=13
objective=regression
feature_names=Column_0 Column_1 Column_2 Column_3 Column_4 Column_5 Column_6 Column_7 Column_8 Column_9 Column_10 Column_11 Column_12 Column_13
feature_infos=[0:296.68112182617188] [19.28339958190918:45.686824798583984] [0:270.01943969726562] [19.900615692138672:45.787788391113281] [0:294.57958984375] [18.936450958251953:45.642349243164062] [0:284.76925659179688] [18.936450958251953:45.62506103515625] [0:283.40838623046875] [19.630348205566406:45.686824798583984] [-0.99999076128005981:0.99999076128005981] [-0.99996298551559448:1] [12:20] [76:85]
tree_sizes=2843 2966 2915 2919 2922 2955 2964 2914 2931 2917 2916 2926 2927 2893 2923 2928 2904 2923 2901 2879 2882 2948 2882 2919 2908 2897 2943 2857 2917 2987 2923 2889 2898 2857 2863 2857 2889 2909 2878 2970 2873 2901 2872 2922 2900 2882 2932 2888 2990 2905 2906 2907 2890 2938 2884 2891 2895 2924 2860 2895 2872 2892 2936 2867 2950 2913 2838 2835 2858 2878 2848 2856 2862 2884 2931 2804 2870 2883 2835 2801 2850 2838 2916 2855 2833 2891 2894 2846 2911 2888 2852 2817 2828 2853 2905 2834 2857 2862 2856 2879 2820 2887 2947 2849 2884 2883 2868 2844 2824 2858 2915 2859 2936 2910 2803 2810 2846 2890 2930 2834 2881 2918 2815 2885 2797 2876 2827 2875 2869 2812 2936 2841 2862 2845 2888 2893 2939 2873 2832 2935 2865 2899 2867 2842 2804 2890 2869 2850 2814 2861 2882 2848 2812 2846 2826 2926 2883 2838 2855 2876 2825 2869 2839 2895 2803 2910 2859 2858 2880 2876 2885 2834 2853 2822 2832 2895 2881 2844 2825 2869 2833 2870 2887 2863 2812 2844 2839 2860 2845 2811 2867 2881 2872 2836 2870 2834 2831 2876 2845 2820

Tree=0
num_leaves=31
num_cat=0
split_feature=0 11 10 12 11 10 10 2 12 10 11 7 13 10 11 10 0 3 10 9 1 13 10 13 8 12 10 12 13 10
split_gain=2.34646e+06 602627 510849 473425 452217 406916 188631 171016 169494 160871 121764 106654 95754.9 79067.2 77653.9 73821.9 59523 58453.7 88484.3 55877.9 50334.1 50969.6 44116.4 42939.3 39224.3 37284.3 37019.9 63373.9 66173.5 36346.7
threshold=0.09513250365853311 -0.12447465583682059 0.15005400776863101 17.750000000000004 -0.67758968472480763 0.53436762094497692 -0.95236876606941212 24.675455093383793 16.750000000000004 -0.62540480494499195 -0.10737737268209456 28.243948936462406 77.750000000000014 -0.67760851979255665 -0.84291031956672657 0.25118774175643926 5.5766096115112314 26.684843063354496 -0.444374069571495 28.684830665588382 29.953510284423832 82.250000000000014 -0.5343676209449767 79.250000000000014 8.2003240585327166 17.250000000000004 -0.27609442174434656 15.250000000000002 78.750000000000014 -0.16705007851123807
decision_type=2 2 2 2 2 2 2 2 2 2 2 2 2 2 2 2 2 2 2 2 2 2 2 2 2 2 2 2 2 2
left_child=1 5 3 16 7 8 -3 12 -1 11 -6 19 -5 -13 25 23 -2 18 22 -9 21 -14 -11 -10 -15 -4 27 28 -8 -20
right_child=2 6 14 4 10 -7 26 9 15 17 -12 13 20 24 -16 -17 -18 -19 29 -21 -22 -23 -24 -25 -26 -27 -28 -29 -30 -31
leaf_value=2.9456164713045374 2.9970474602099006 2.9583729666617717 2.9242412485645191 3.1297793337110233 3.1744565456746128 2.8422230968765465 2.8514055577033894 6.6086355585133756 3.0744732680455074 4.0435263299509563 2.9689782532506777 3.6319308466607181 3.5875104461687872 4.4084032188271811 2.8678722184420251 2.9667348866136156 3.0896139159930964 3.4392392811259302 3.424253707145736 4.5292397190851119 3.3143359953027405 3.2593031653755182 5.6539018940420824 3.2009664550775825 5.9992474809071776 3.0734659479882867 2.7850133711884291 2.8003821121803143 3.0657946715139999 4.7459351962528773
leaf_weight=43230 42114 19683 7665 5455 17412 63570 14143 70 14297 77 12305 364 4044 121 25852 8759 29554 3240 391 60 13423 1672 95 12641 57 9222 175260 56653 4828 60
leaf_count=43230 42114 19683 7665 5455 17412 63570 14143 70 14297 77 12305 364 4044 121 25852 8759 29554 3240 391 60 13423 1672 95 12641 57 9222 175260 56653 4828 60
internal_value=2.91793 2.85315 3.07238 3.12151 3.2266 2.93637 2.80932 3.3666 3.0122 3.64873 3.08937 4.36273 3.31458 4.05424 2.92234 3.09283 3.03522 3.52453 3.96808 5.64891 3.36725 3.49151 4.93298 3.13383 4.91783 3.00573 2.79763 2.82687 2.90597 3.60009
internal_weight=586317 413064 173253 130514 58846 142497 270567 29129 78927 4535 29717 672 24594 542 42739 35697 71668 3863 623 130 19139 5716 172 26938 178 16887 250884 75624 18971 451
internal_count=586317 413064 173253 130514 58846 142497 270567 29129 78927 4535 29717 672 24594 542 42739 35697 71668 3863 623 130 19139 5716 172 26938 178 16887 250884 75624 18971 451
is_linear=0
shrinkage=1


Tree=1
num_leaves=31
num_cat=0
split_feature=0 11 10 12 11 10 10 3 12 11 10 2 10 1 7 13 11 10 13 11 0 13 1 13 10 12 1 10 12 13
split_gain=2.11768e+06 543871 461041 427266 408126 367241 170240 158656 152968 110550 88622.6 119724 111627 144207 97530.3 87463.7 70082.7 66624.2 60308.8 59332.9 54899.2 49079.1 59592.5 38752.8 34020.5 33649.1 33533.5 33410.4 57195 59721.6
threshold=0.09513250365853311 -0.12447465583682059 0.15005400776863101 17.750000000000004 -0.67758968472480763 0.53436762094497692 -0.95236876606941212 27.766191482543949 16.750000000000004 -0.07309242337942122 -0.444374069571495 22.042654037475589 -0.15005400776863095 27.01949501037598 28.629338264465336 77.750000000000014 -0.84291031956672657 0.25118774175643926 79.250000000000014 0.87377473711967479 8.1237616539001483 82.250000000000014 29.953510284423832 79.250000000000014 -0.78297284245491017 17.250000000000004 29.108410835266117 -0.27609442174434656 15.250000000000002 78.750000000000014
decision_type=2 2 2 2 2 2 2 2 2 2 2 2 2 2 2 2 2 2 2 2 2 2 2 2 2 2 2 2 2 2
left_child=1 5 3 19 7 8 -3 10 24 26 11 -5 -12 -14 18 -9 25 23 -13 20 -2 22 -17 -10 -1 -4 -6 28 29 -8
right_child=2 6 16 4 9 -7 27 15 17 -11 12 14 13 -15 -16 21 -18 -19 -20 -21 -22 -23 -24 -25 -26 -27 -28 -29 -30 -31
leaf_value=0.10088768154897498 0.090479500404651386 0.038419233516717388 0.0059941033821672074 0.58560748068811996 0.093813514170549672 -0.071923142935457068 -0.063199805059631603 0.20159014920476276 0.14871452243259739 0.040645155725437601 0.37057058662660747 0.86457206070903814 3.3065501221479519 0.44447367068859611 1.0544078761763027 0.64311745836680234 -0.047556474772627727 0.046363058088432697 2.6374218138848557 -0.09035444129510399 0.18617824423999418 0.31827238418431913 0.41786585610450122 0.268883056469221 -7.6778618193690888e-05 0.1477575677826892 0.27049648772187751 -0.12627238375738983 -0.11167207768254182 0.14046985464024067
leaf_weight=11294 45965 19683 7665 731 3269 63570 14143 5176 14297 11402 1499 62 78 101 481 4144 25852 8759 212 3467 22236 6570 10075 12641 31936 9222 15046 175260 56653 4828
leaf_count=11294 45965 19683 7665 731 3269 63570 14143 5176 14297 11402 1499 62 78 101 481 4144 25852 8759 212 3467 22236 6570 10075 12641 31936 9222 15046 175260 56653 4828
internal_value=-1.86683e-09 -0.0615412 0.146725 0.193399 0.293237 0.0175164 -0.103178 0.426236 0.0895535 0.16287 0.760517 1.04171 0.511495 1.69164 1.48332 0.385502 0.00419137 0.166154 2.23627 0.111423 0.121681 0.431292 0.483513 0.205105 0.0263006 0.0834112 0.238961 -0.114287 -0.0865096 -0.0113672
internal_weight=586317 413064 173253 130514 58846 142497 270567 29129 78927 29717 3164 1486 1678 179 755 25965 42739 35697 274 71668 68201 20789 14219 26938 43230 16887 18315 250884 75624 18971
internal_count=586317 413064 173253 130514 58846 142497 270567 29129 78927 29717 3164 1486 1678 179 755 25965 42739 35697 274 71668 68201 20789 14219 26938 43230 16887 18315 250884 75624 18971
is_linear=0
shrinkage=0.05


Tree=2
num_leaves=31
num_cat=0
split_feature=0 11 10 12 11 10 2 10 10 12 11 10 7 13 9 5 11 11 0 13 3 10 10 13 10 4 6 6 0 10
split_gain=1.91131e+06 495880 413641 387556 374212 333545 160255 154243 147836 141255 118279 96480.8 86797.7 84813.7 80300.7 63899.5 63307.3 43369.2 43282.5 47889.7 42068.6 75978.4 73075.8 44575.6 37769.2 36074.2 36749.9 35381.9 34485.4 30266.1
threshold=0.11282509565353395 -0.12447465583682059 0.15005400776863101 17.250000000000004 -0.67758968472480763 0.53436762094497692 22.042654037475589 -0.95236876606941212 -0.62540480494499195 17.250000000000004 0.20088311284780505 -0.66484925150871266 30.46944618225098 77.750000000000014 29.202995300292972 38.709918975830085 -0.84291031956672657 0.87377473711967479 20.94362831115723 81.750000000000014 26.684843063354496 -0.444374069571495 -0.54883790016174305 79.750000000000014 -0.78297284245491017 16.786019325256351 28.991141319274906 7.7447028160095224 7.7225463390350351 -0.27609442174434656
decision_type=2 2 2 2 2 2 2 2 2 2 2 2 2 2 2 2 2 2 2 2 2 2 2 2 2 2 2 2 2 2
left_child=1 5 3 17 6 9 13 -3 11 24 -6 12 27 -5 -13 -11 -4 28 -15 25 21 22 -10 -24 -1 -20 -27 -8 -2 -9
right_child=2 7 16 4 10 -7 8 29 20 15 -12 14 -14 18 -16 -17 -18 -19 19 -21 -22 -23 23 -25 -26 26 -28 -29 -30 -31
leaf_value=0.10609575674126476 0.076876166214491462 0.036421004911005327 0.079977547599918014 0.17635921479131633 0.1964523063998363 -0.068214778979234378 0.92892823493010113 -0.082132144683478625 0.15909501818407859 0.19992511902768106 -0.039898156411234564 3.9577585759116154 0.25950485031074444 0.35140791447109443 1.595171739600721 0.0013357464343500443 -0.045090108846065999 -0.083371255771811204 0.5549730826612167 0.27988809986807917 0.45915762764300388 0.56348652310278868 1.3607029087517573 3.1106508562123625 0.0061191748091522745 0.7728267891457542 1.6659368386163433 1.8653940424492021 0.15812038686626231 -0.11995029781978217
leaf_weight=12804 39137 19796 16743 6353 27843 63749 190 75756 56 26035 6536 51 263 17396 122 4797 25572 3260 1932 1214 4149 560 69 77 36028 466 153 215 19604 175391
leaf_count=12804 39137 19796 16743 6353 27843 63749 190 75756 56 26035 6536 51 263 17396 122 4797 25572 3260 1932 1214 4149 560 69 77 36028 466 153 215 19604 175391
internal_value=-4.65525e-10 -0.0581564 0.140133 0.184436 0.2672 0.017026 0.386752 -0.0979513 0.626769 0.0852376 0.151518 1.23931 0.966775 0.336575 2.29166 0.169028 0.00439607 0.0941389 0.384675 0.538385 0.521872 0.863347 1.69464 2.28362 0.0323335 0.661401 0.993579 1.42606 0.10399 -0.108543
internal_weight=586317 414356 171961 129646 67645 143413 33266 270943 5752 79664 34379 841 668 27514 173 30832 42315 62001 21161 3765 4911 762 202 146 48832 2551 619 405 58741 251147
internal_count=586317 414356 171961 129646 67645 143413 33266 270943 5752 79664 34379 841 668 27514 173 30832 42315 62001 21161 3765 4911 762 202 146 48832 2551 619 405 58741 251147
is_linear=0
shrinkage=0.05


Tree=3
num_leaves=31
num_cat=0
split_feature=0 11 10 12 11 10 10 0 12 11 3 10 11 13 5 11 10 7 7 10 2 6 11 13 13 0 12 1 10 9
split_gain=1.72496e+06 442968 375536 352126 338824 299140 138773 132531 126178 109805 98241.6 113070 118808 82094.7 57072.3 57040.5 56595.5 56175.6 52255.9 50700 74180 54167.5 39502.8 34809.4 33338.8 31676.3 30347.4 28913.2 28602.3 41105.2
threshold=0.09513250365853311 -0.12447465583682059 0.15005400776863101 17.250000000000004 -0.69014781713485707 0.53436762094497692 -0.95747631788253773 22.479414939880375 16.750000000000004 0.20088311284780505 27.55761814117432 -0.444374069571495 -0.98798605799674977 77.750000000000014 27.944066047668461 -0.84291031956672657 0.25118774175643926 28.629338264465336 31.430132865905765 -0.62540480494499195 29.478695869445804 10.444717407226564 0.87377473711967479 79.250000000000014 82.250000000000014 8.1237616539001483 17.250000000000004 35.528953552246101 -0.31718835234642023 32.741127014160163
decision_type=2 2 2 2 2 2 2 2 2 2 2 2 2 2 2 2 2 2 2 2 2 2 2 2 2 2 2 2 2 2
left_child=1 5 3 22 7 8 -3 13 -1 -6 11 17 -13 -5 19 26 23 -9 -19 20 -15 -22 25 -10 -12 -2 -4 -7 29 -16
right_child=2 6 15 4 9 27 -8 10 16 -11 24 12 -14 14 28 -17 -18 18 -20 -21 21 -23 -24 -25 -26 -27 -28 -29 -30 -31
leaf_value=0.023373615007489176 0.073178539319651098 0.038555162025337611 0.0017321373429377209 0.16177139722943529 0.1878265814276322 0.036422053024610782 -0.1028566583509589 2.0520945021958372 0.13284665279811556 -0.038529005280584297 0.53696321940841263 2.1586198876869114 0.36668971718787491 0.72708189909213361 0.22076555065710363 -0.042901515620774537 0.039983630849461903 0.76832448124786024 2.4077048281744378 0.49224622958529007 1.1036825210769785 3.333763760328293 -0.079419301813575482 0.24673723614146273 0.20946398147895906 0.15161061091852446 0.13636104821115766 -0.076136711400624751 0.40322482460685144 0.47104060460227964
leaf_weight=43230 40266 18632 7665 6220 28558 6337 251935 246 14297 6595 3600 105 777 301 6914 25852 8759 276 59 1269 53 56 3303 12641 991 18923 9222 57233 9851 2151
leaf_count=43230 40266 18632 7665 6220 28558 6337 251935 246 14297 6595 3600 105 777 301 6914 25852 8759 276 59 1269 53 56 3303 12641 991 18923 9222 57233 9851 2151
internal_value=-6.80387e-10 -0.0555424 0.132422 0.174547 0.253266 0.0158056 -0.0931186 0.36867 0.0808212 0.14536 0.579971 0.936774 0.580015 0.320965 0.369043 0.00378363 0.150392 1.47836 1.05705 0.648421 1.1318 2.24941 0.0888628 0.186291 0.46627 0.0982536 0.0752531 -0.0649162 0.344246 0.280152
internal_weight=586317 413064 173253 130514 68022 142497 270567 32869 78927 35153 6054 1463 882 26815 20595 42739 35697 581 335 1679 410 109 62492 26938 4591 59189 16887 63570 18916 9065
internal_count=586317 413064 173253 130514 68022 142497 270567 32869 78927 35153 6054 1463 882 26815 20595 42739 35697 581 335 1679 410 109 62492 26938 4591 59189 16887 63570 18916 9065
is_linear=0
shrinkage=0.05


Tree=4
num_leaves=31
num_cat=0
split_feature=0 11 10 12 11 10 10 12 2 10 11 10 13 7 10 9 11 1 11 13 3 10 13 11 1 11 10 13 0 10
split_gain=1.55716e+06 403855 336918 317764 304221 271751 125969 114656 113330 121278 89822.2 72268.1 68823.5 63767.5 57990 56009.2 51590.4 45019.7 43116 45136.3 42261.9 62399.3 41367.2 40591.4 62543.4 34199.1 34096.5 31720.6 30819.2 35895.9
threshold=0.11282509565353395 -0.12447465583682059 0.15005400776863101 17.750000000000004 -0.69014781713485707 0.54883790016174328 -0.95236876606941212 17.250000000000004 24.675455093383793 -0.62540480494499195 -0.10737737268209456 -0.66484925150871266 77.750000000000014 30.46944618225098 0.25118774175643926 29.50916957855225 -0.84291031956672657 29.953510284423832 0.87377473711967479 79.250000000000014 26.684843063354496 -0.444374069571495 81.750000000000014 0.80898702144622814 28.804106712341312 -0.62538740038871754 -0.5343676209449767 77.250000000000014 45.297044754028327 -0.63874351978301991
decision_type=2 2 2 2 2 2 2 2 2 2 2 2 2 2 2 2 2 2 2 2 2 2 2 2 2 2 2 2 2 2
left_child=1 5 3 18 8 7 -3 25 12 11 -6 13 -5 -10 27 -13 -4 22 19 -2 21 26 28 -21 -25 -1 -11 -9 -14 -30
right_child=2 6 16 4 10 -7 -8 14 9 20 -12 15 17 -15 -16 -17 -18 -19 -20 23 -22 -23 -24 24 -26 -27 -28 -29 29 -31
leaf_value=0.0038037131987096401 0.077459209557794007 0.033027825212529976 0.072211739385524693 0.16890245268928153 0.21332715624245285 -0.062953170304311398 -0.097977229859418244 0.08583329895443928 1.4495287247234956 0.90621776749174332 0.037328536137850296 3.5649370698688125 0.53789294896534756 0.21662236211270139 0.037751210820642291 1.4994965855827493 -0.040690523373058965 0.32227111344976372 -0.077691260006253191 0.15612414813110029 0.42812150556972189 0.56850885436125098 0.3194040016494285 0.020482830545650081 1.2232510453748207 0.098726007325381615 2.3219535686467823 0.2239171928855882 1.8096752878427507 0.75237235207687292
leaf_weight=36650 47370 19796 16743 5357 17812 62503 251147 5442 264 77 12225 52 2856 174 8372 89 25572 13236 3423 19875 3237 450 2114 208 225 12804 95 17642 100 407
leaf_count=36650 47370 19796 16743 5357 17812 62503 251147 5442 264 77 12225 52 2856 174 8372 89 25572 13236 3423 19875 3237 450 2114 208 225 12804 95 17642 100 407
internal_value=-2.39113e-10 -0.0524926 0.126486 0.16647 0.252735 0.0153559 -0.0884056 0.0758497 0.369729 0.601898 0.141696 1.27668 0.326922 0.959744 0.15048 2.26122 0.00398211 0.372159 0.0954384 0.104195 0.500654 0.878124 0.49272 0.166558 0.645478 0.0283798 1.68816 0.191364 0.601667 0.960913
internal_weight=586317 414356 171961 129646 58545 143413 270943 80910 28508 4438 30037 579 24070 438 31456 141 42315 18713 71101 67678 3859 622 5477 20308 433 49454 172 23084 3363 507
internal_count=586317 414356 171961 129646 58545 143413 270943 80910 28508 4438 30037 579 24070 438 31456 141 42315 18713 71101 67678 3859 622 5477 20308 433 49454 172 23084 3363 507
is_linear=0
shrinkage=0.05


Tree=5
num_leaves=31
num_cat=0
split_feature=0 11 10 12 11 10 2 10 10 12 11 10 13 9 11 7 10 1 12 13 3 10 10 13 10 12 13 1 0 1
split_gain=1.40533e+06 364479 304812 273458 295854 245255 119423 113769 107259 104466 91614.5 73941.6 66372.1 64510.3 59745.9 55082.7 50523.3 39873 38845.4 37089.6 29562.4 66304.3 43351.7 29551.9 28356.5 54323.8 53257.1 28603.4 28129.1 27134.3
threshold=0.11282509565353395 -0.12447465583682059 0.081675637513399138 17.250000000000004 -0.69014781713485707 0.54883790016174328 22.042654037475589 -0.95747631788253773 -0.62540480494499195 16.750000000000004 0.20088311284780505 -0.66484925150871266 77.750000000000014 29.202995300292972 -0.84291031956672657 30.46944618225098 0.25118774175643926 30.234247207641605 17.250000000000004 81.750000000000014 26.491054534912113 -0.444374069571495 -0.5343676209449767 79.250000000000014 -0.27609442174434656 15.250000000000002 79.250000000000014 32.120763778686531 7.7225463390350351 35.528953552246101
decision_type=2 2 2 2 2 2 2 2 2 2 2 2 2 2 2 2 2 2 2 2 2 2 2 2 2 2 2 2 2 2
left_child=1 5 3 28 6 9 12 -3 11 -1 -6 15 -5 -13 18 -8 23 19 -4 -14 21 22 -10 -11 25 26 -9 -28 -2 -7
right_child=2 7 14 4 10 29 8 24 20 16 -12 13 17 -15 -16 -17 -18 -19 -20 -21 -22 -23 -24 -25 -26 -27 27 -29 -30 -31
leaf_value=0.020171493912588299 0.059311161798874447 0.034860637544443851 -0.0019992788828163809 0.15060463032720978 0.1705633676585975 0.039144161040211539 1.2478376633807873 -0.030462590399840124 0.70437407489272141 0.11993579572929763 -0.03763540886905941 3.5183471768510111 0.53578806329120188 1.4007532993850651 -0.039823971485279122 0.23106157272416461 0.035118609862906165 0.29191143162850541 0.13658476495575511 0.29104524870876664 0.41991009893489961 0.49047698938969486 2.3547325830074386 0.2242291873364094 -0.10391311296318986 -0.091858884076801151 0.32978232240586314 0.016032283769912989 0.13172559076309329 -0.070773928990512033
leaf_weight=44116 39942 18744 9161 5797 28411 6237 333 16330 69 14470 6491 51 4100 122 25915 222 9523 12763 11286 2487 4043 485 94 12801 175391 57489 1744 1245 20189 56266
leaf_count=44116 39942 18744 9161 5797 28411 6237 333 16330 69 14470 6491 51 4100 122 25915 222 9523 12763 11286 2487 4043 485 94 12801 175391 57489 1744 1245 20189 56266
internal_value=-1.58421e-09 -0.049868 0.120162 0.160606 0.231312 0.0145881 0.344892 -0.0839853 0.557793 0.0720572 0.131843 1.12246 0.299013 2.02502 0.0105936 0.841127 0.134268 0.343474 0.0744941 0.443383 0.470161 0.783685 1.65611 0.168891 -0.0928182 -0.0674829 0.00505443 0.199097 0.0836243 -0.0598055
internal_weight=586317 414356 171961 125599 65468 143413 30566 270943 5419 80910 34902 728 25147 173 46362 555 36794 19350 20447 6587 4691 648 163 27271 252199 76808 19319 2989 60131 62503
internal_count=586317 414356 171961 125599 65468 143413 30566 270943 5419 80910 34902 728 25147 173 46362 555 36794 19350 20447 6587 4691 648 163 27271 252199 76808 19319 2989 60131 62503
is_linear=0
shrinkage=0.05


Tree=6
num_leaves=31
num_cat=0
split_feature=0 11 10 12 11 10 10 12 13 3 10 10 7 10 10 5 1 13 9 13 13 11 11 10 10 12 13 1 10 8
split_gain=1.26831e+06 328942 275290 273322 240031 221416 103871 96185 82198.3 98959.9 83718.7 73045.3 94490.3 84303.9 59878 48236.4 44875.5 43263.1 43747 42548 39465.3 35808.1 31259.8 30784.9 29226.3 53673.6 47291.9 37627.9 26712.2 32256.3
threshold=0.11282509565353395 -0.12447465583682059 0.25118774175643926 17.750000000000004 -0.10737737268209456 0.53436762094497692 -0.97505551576614369 17.250000000000004 77.750000000000014 27.55761814117432 -0.73831951618194569 -0.444374069571495 28.629338264465336 -0.15005400776863095 -0.71466678380966175 38.709918975830085 29.953510284423832 79.750000000000014 28.962584495544437 81.750000000000014 79.250000000000014 -0.40541070699691767 0.73246693611145031 -0.83354803919792164 -0.3415676057338714 15.250000000000002 79.250000000000014 31.863302230834964 -0.96683886647224415 17.938377380371097
decision_type=2 2 2 2 2 2 2 2 2 2 2 2 2 2 2 2 2 2 2 2 2 2 2 2 2 2 2 2 2 2
left_child=1 5 3 20 8 7 -3 23 -5 10 -10 12 17 -13 -11 28 19 -12 -19 -16 22 -4 -2 -1 25 26 -8 -28 29 -9
right_child=2 6 21 4 -6 -7 24 15 9 14 11 13 -14 -15 16 -17 -18 18 -20 -21 -22 -23 -24 -25 -26 -27 27 -29 -30 -31
leaf_value=0.10050424882594618 0.07004831031932468 0.048017791175815949 0.025794417655262997 0.1482474680661498 0.030101480042879422 -0.055591688047129197 -0.021863734582394961 0.25881938622157635 0.0024077367703646225 0.20679428446310913 0.85005411249859364 0.3084352988109903 0.65470194744176236 1.8513042727095668 0.5641267593306234 -0.0071201796014254458 0.29646718333041855 2.597597779426724 1.3563510351095882 0.28733216713380577 0.13804803345470237 -0.081371466700867326 -0.072187688802041669 0.0046874178132750681 -0.098152155584818254 -0.085482179908042161 0.39122380306731491 0.0310443129724913 0.15113115683827652 0.83276566795409757
leaf_weight=10749 47094 15017 26134 10025 12494 63749 15837 1632 453 13926 119 917 583 98 3610 4797 16348 144 140 2256 22304 11108 4208 38083 181041 56130 1346 1572 24115 288
leaf_count=10749 47094 15017 26134 10025 12494 63749 15837 1632 453 13926 119 917 583 98 3610 4797 16348 144 140 2256 22304 11108 4208 38083 181041 56130 1346 1572 24115 288
internal_value=6.72118e-10 -0.0473746 0.114153 0.147416 0.225575 0.0138587 -0.079786 0.0694345 0.275808 0.308942 0.616196 0.755149 1.06165 0.457402 0.288079 0.138577 0.339037 1.65037 1.98572 0.457675 0.082522 -0.00616946 0.0583815 0.0257788 -0.0872852 -0.0610133 0.0122172 0.197186 0.165422 0.344911
internal_weight=586317 414356 171961 134719 61113 143413 270943 79664 48619 38594 2454 2001 986 1015 36140 30832 22214 403 284 5866 73606 37242 51302 48832 255926 74885 18755 2918 26035 1920
internal_count=586317 414356 171961 134719 61113 143413 270943 79664 48619 38594 2454 2001 986 1015 36140 30832 22214 403 284 5866 73606 37242 51302 48832 255926 74885 18755 2918 26035 1920
is_linear=0
shrinkage=0.05


Tree=7
num_leaves=31
num_cat=0
split_feature=0 11 10 12 11 10 2 10 10 12 11 10 3 13 7 11 5 13 1 12 8 10 8 1 11 10 8 10 1 7
split_gain=1.14482e+06 297999 251875 224032 245651 200817 102325 94261 94145.2 86576.5 77631.7 66192.4 63205.8 57087.8 48392.7 48357.7 42511.9 36099.2 41450.7 33433.3 31734.5 28600.3 32222.4 33104.4 30836.9 28127.8 27288.2 33237.2 35701 58522.8
threshold=0.12120397016406061 -0.12447465583682059 0.081675637513399138 17.250000000000004 -0.69014781713485707 0.54883790016174328 22.042654037475589 -0.62540480494499195 -0.97505551576614369 16.750000000000004 0.20088311284780505 -0.66484925150871266 28.027479171752933 78.750000000000014 30.46944618225098 -0.84291031956672657 38.709918975830085 81.750000000000014 30.234247207641605 16.750000000000004 7.4034337997436532 -0.96683886647224415 17.938377380371097 30.332758903503422 -0.91583034396171559 0.012910176534205677 12.431318759918215 -0.56314551830291737 27.419076919555668 30.438085556030277
decision_type=2 2 2 2 2 2 2 2 2 2 2 2 2 2 2 2 2 2 2 2 2 2 2 2 2 2 2 2 2 2
left_child=1 5 3 -2 6 9 13 11 -3 -1 -6 14 20 -5 -8 19 21 18 -15 -4 -13 22 -11 -24 25 -23 -9 -28 29 -29
right_child=2 8 15 4 10 -7 7 26 -10 16 -12 12 -14 17 -16 -17 -18 -19 -20 -21 -22 24 23 -25 -26 -27 27 28 -30 -31
leaf_value=0.017932546881339381 0.075717103873534142 0.04566434754022422 -0.014834519375128237 0.16731941413669438 0.15450024615351055 -0.054039229911172638 1.1546471130181182 0.33817358491870064 -0.082896177040385544 0.23890886509109302 -0.037568645727312007 1.8224220944036329 0.6766955382557529 0.54337372271146178 0.20161463605189645 -0.036609059827394486 -0.00098137571199906153 0.24341822553895845 0.31644877177780517 0.11698956348611077 3.5464678951338229 0.28197237593172358 1.8058000230126912 0.52878919491023402 0.08872523147732643 0.12551746864932259 -0.1309542632164204 0.82916525282839426 0.52465333294441818 2.6283534953054395
leaf_weight=44285 59870 15079 7796 8718 28325 62598 333 3014 256065 1964 6461 56 66 3032 222 25773 5943 7341 5984 12557 51 5117 63 261 17117 6550 146 307 1170 53
leaf_count=44285 59870 15079 7796 8718 28325 62598 333 3014 256065 1964 6461 56 66 3032 222 25773 5943 7341 5984 12557 51 5117 63 261 17117 6550 146 307 1170 53
internal_value=1.48927e-09 -0.0448821 0.108761 0.145571 0.209638 0.0132751 0.313234 0.510277 -0.0757466 0.0651047 0.118826 1.03962 1.89357 0.270659 0.773434 0.00888572 0.121542 0.325736 0.392762 0.0664958 2.64416 0.144976 0.315121 0.777097 0.131452 0.194137 0.42811 0.589846 0.658628 1.09405
internal_weight=586317 415042 171275 125149 65279 143898 30493 5418 271144 81300 34786 728 173 25075 555 46126 37015 16357 9016 20353 107 31072 2288 324 28784 11667 4690 1676 1530 360
internal_count=586317 415042 171275 125149 65279 143898 30493 5418 271144 81300 34786 728 173 25075 555 46126 37015 16357 9016 20353 107 31072 2288 324 28784 11667 4690 1676 1530 360
is_linear=0
shrinkage=0.05


Tree=8
num_leaves=31
num_cat=0
split_feature=0 11 10 12 11 10 10 12 2 10 11 5 13 10 11 5 1 6 13 8 1 7 5 1 13 13 1 6 10 10
split_gain=1.03414e+06 283353 222609 197597 220095 187976 89711.6 85746.5 81778.1 75853.7 58967.8 57205 50054 42303.4 41871.2 40060.6 35467 34934.9 32374 30631.1 30975.5 53986.9 29602.5 25902.1 25810.9 25655.6 25631.8 25597.9 36195.2 51048.7
threshold=0.22221296280622485 -0.12447465583682059 0.081675637513399138 17.750000000000004 -0.69014781713485707 0.54883790016174328 -0.95236876606941212 16.750000000000004 28.764366149902347 -0.62540480494499195 -0.07309242337942122 30.193783760070804 77.750000000000014 -0.66484925150871266 -0.40541070699691767 38.709918975830085 29.953510284423832 9.458402633666994 82.750000000000014 12.652980804443361 27.419076919555668 30.339541435241703 34.491258621215827 32.519788742065437 77.250000000000014 83.750000000000014 29.843582153320316 3.1536448001861577 -0.23448921740055081 -0.62540480494499195
decision_type=2 2 2 2 2 2 2 2 2 2 2 2 2 2 2 2 2 2 2 2 2 2 2 2 2 2 2 2 2 2
left_child=1 5 3 17 8 7 23 -1 12 11 26 13 -5 -10 -4 24 18 -2 22 -11 21 -21 27 -3 -9 -25 -6 -14 29 -29
right_child=2 6 14 4 10 -7 -8 15 9 19 -12 -13 16 -15 -16 -17 -18 -19 -20 20 -22 -23 -24 25 -26 -27 -28 28 -30 -31
leaf_value=0.016330357909182521 0.065815249393727349 0.087652433364066834 0.038462726651858174 0.14033438885227387 0.084584524221622451 -0.051036575620823733 -0.079766303154102602 0.058499278125707425 1.1309460828883637 0.32173092139748127 0.024022606189367746 0.12626141591652021 0.30723163371097673 2.3993715664919684 -0.07422353813610949 -0.00092613425117926056 0.27378639419391582 0.16004782348925253 0.17211038368256049 0.78794144214386308 0.49814744130953365 2.5889324679374699 1.6698319719387937 -0.03854350058279276 0.16268980612960016 0.39721471690746257 0.21247410220995333 0.86470649823315837 0.81523804025187196 0.28721954667696054
leaf_weight=46307 53343 9784 32605 4825 5732 63597 252729 7754 290 1819 10716 111 1571 85 11033 6111 12003 12059 1021 248 855 50 52 10504 25466 349 12379 517 929 1473
leaf_count=46307 53343 9784 32605 4825 5732 63597 252729 7754 290 1819 10716 111 1571 85 11033 6111 12003 12059 1021 248 855 50 52 10504 25466 349 12379 517 929 1473
internal_value=-2.52601e-09 -0.0413309 0.106688 0.141835 0.211985 0.0140814 -0.0715813 0.0624397 0.317924 0.544227 0.11699 1.12333 0.282974 1.41846 0.00997225 0.116727 0.322154 0.0831901 0.426515 0.449529 0.651147 1.09012 0.483702 0.0286553 0.13837 -0.0245308 0.171998 0.469965 0.557548 0.43725
internal_weight=586317 422601 163716 120078 54676 149235 273366 85638 25849 3458 28827 486 22391 375 43638 39331 17566 65402 5563 2972 1153 298 4542 20637 33220 10853 18111 4490 2919 1990
internal_count=586317 422601 163716 120078 54676 149235 273366 85638 25849 3458 28827 486 22391 375 43638 39331 17566 65402 5563 2972 1153 298 4542 20637 33220 10853 18111 4490 2919 1990
is_linear=0
shrinkage=0.05


Tree=9
num_leaves=31
num_cat=0
split_feature=0 11 10 12 11 10 10 12 4 10 11 1 10 11 0 13 10 0 10 11 0 3 10 12 9 10 13 7 8 8
split_gain=933314 255726 200905 178332 198636 169648 81019.7 78371.8 77582.7 56065.7 53337.2 52040.9 40130.4 39161.2 37438.6 35692 33791.6 33199.9 41358.2 77558.9 32798.7 31316.3 45825 29684.9 29613 29180.4 28096.1 27697.5 27454.9 27001.7
threshold=0.22221296280622485 -0.12447465583682059 0.081675637513399138 17.750000000000004 -0.69014781713485707 0.54883790016174328 -0.97505551576614369 17.250000000000004 24.805573463439945 -0.63874351978301991 -0.10737737268209456 29.108410835266117 0.25118774175643926 -0.84291031956672657 17.392970085144047 78.750000000000014 -0.67760851979255665 27.320881843566898 -0.15005400776863095 -0.99759334325790394 5.5766096115112314 27.02042388916016 -0.70252096652984608 17.750000000000004 31.809103012084964 -0.76109719276428212 79.250000000000014 27.844889640808109 0.30458521842956549 3.1932226419448857
decision_type=2 2 2 2 2 2 2 2 2 2 2 2 2 2 2 2 2 2 2 2 2 2 2 2 2 2 2 2 2 2
left_child=1 5 3 20 8 7 -3 25 14 11 -6 16 26 23 15 -5 27 -11 -19 -20 -2 22 -16 -4 -21 -1 -9 -10 -8 -24
right_child=2 6 13 4 10 -7 28 12 9 17 -12 -13 -14 -15 21 -17 -18 18 19 24 -22 -23 29 -25 -26 -27 -28 -29 -30 -31
leaf_value=0.08134713958586437 0.047624074842483655 0.042208148516844117 0.0030062170980425847 0.12752515980103216 0.16690223032536178 -0.048484745735562634 -0.079381966396587456 0.10001749051528944 2.0640301126659963 0.35815292517572123 0.028186918815825059 0.5608882455977503 0.026249648671412013 -0.032908062524572845 1.9799193135329656 0.28199828373434938 2.7524215861603065 0.53166846547031499 0.13341875603023443 3.0866870737300731 0.11895020584731263 0.33395898010224923 0.079096730547596 0.12679612253981606 1.4305220126021991 -0.0023136900631681662 0.20626051911939186 0.5645995455668934 -0.017517707720919904 0.78823021806671589
leaf_weight=14419 36604 15717 10092 5723 17239 63597 238255 12950 57 2569 11588 222 8682 24235 63 10789 54 610 73 53 28798 4892 196 9311 55 37608 11979 67 19394 426
leaf_count=14419 36604 15717 10092 5723 17239 63597 238255 12950 57 2569 11588 222 8682 24235 63 10789 54 610 73 53 28798 4892 196 9311 55 37608 11979 67 19394 426
internal_value=5.4319e-10 -0.0392643 0.101353 0.134743 0.201386 0.0133773 -0.0680023 0.0593177 0.302027 0.511982 0.111141 1.07156 0.118828 0.00947364 0.266289 0.228458 1.70848 0.445365 0.72861 1.39234 0.0790306 0.378295 0.694925 0.0624098 2.24327 0.0208725 0.15107 1.25385 -0.0747253 0.564773
internal_weight=586317 422601 163716 120078 54676 149235 273366 85638 25849 3760 28827 400 33611 43638 22089 16512 178 3360 791 181 65402 5577 685 19403 108 52027 24929 124 257649 622
internal_count=586317 422601 163716 120078 54676 149235 273366 85638 25849 3760 28827 400 33611 43638 22089 16512 178 3360 791 181 65402 5577 685 19403 108 52027 24929 124 257649 622
is_linear=0
shrinkage=0.05


Tree=10
num_leaves=31
num_cat=0
split_feature=2 11 6 10 12 11 1 4 12 11 10 10 12 11 10 6 10 10 10 3 10 8 10 10 13 8 10 3 5 9
split_gain=847001 219165 179192 174264 90015.5 93999 144802 79925.7 69142.1 66088.6 63330 62312.4 63345.4 46428.1 109951 56211 44952 42679.8 51818 67989 41832.9 44082.1 41365.9 34027.2 36282.4 33832.1 33521.3 32104.7 32093 30471.1
threshold=0.044659113511443145 -0.05591491982340812 2.4670652151107793 0.53436762094497692 17.250000000000004 -0.67758968472480763 30.586003303527836 21.008079528808597 16.750000000000004 0.20088311284780505 -0.97505551576614369 0.25118774175643926 16.750000000000004 -0.98798605799674977 -0.064507851377129541 28.991141319274906 -0.26781183481216425 -0.31718835234642023 -0.3657191395759582 27.55761814117432 -0.62540480494499195 34.164461135864265 -0.030120026320219036 -0.71466678380966175 78.750000000000014 2.6347903013229375 -0.76109719276428212 28.381040573120121 38.593587875366218 28.161762237548832
decision_type=2 2 2 2 2 2 2 2 2 2 2 2 2 2 2 2 2 2 2 2 2 2 2 2 2 2 2 2 2 2
left_child=1 3 9 8 -4 6 7 16 -1 11 -3 12 -2 14 -9 -15 20 18 19 -17 21 -6 25 -14 -25 -18 -7 -23 -10 -27
right_child=2 10 4 -5 5 26 -8 13 28 -11 -12 -13 23 15 -16 17 22 -19 -20 -21 -22 27 -24 24 -26 29 -28 -29 -30 -31
leaf_value=0.016429516055559652 0.039685334789017784 0.045108730283615228 0.086717040996974748 -0.049398870571118456 0.37447900542565377 0.14932896019419917 0.16702448213570995 1.8976376439082541 0.12901504522439 -0.033652718540408522 -0.072137395161451207 0.0038218435384805068 0.089810647347862788 0.39923521786852584 0.094829827319937859 1.9085734396133311 0.30810175259492512 0.41714513000490067 2.2856685888104971 0.51967835818424069 0.12529212425243783 2.2511205713215627 0.12441802718416117 0.10088818502163806 0.24594306509803429 0.25213438044666264 -0.03437511940062362 0.65783801224659877 0.0017442989837704471 0.87401620050323592
leaf_weight=44543 26926 12075 28126 69245 883 15473 13103 216 31230 18705 249392 25228 16383 1503 139 129 627 268 90 278 2819 57 572 7076 11032 243 2958 71 5887 1040
leaf_count=44543 26926 12075 28126 69245 883 15473 13103 216 31230 18705 249392 25228 16383 1503 139 129 627 268 90 278 2819 57 572 7076 11032 243 2958 71 5887 1040
internal_value=-4.47954e-10 -0.0390308 0.0925304 0.00895003 0.155422 0.203172 0.272861 0.428067 0.058428 0.0515805 -0.0667228 0.0699807 0.0971566 0.660047 1.19175 0.576822 0.331666 0.925728 1.19997 0.959893 0.224252 0.500183 0.497418 0.142022 0.18926 0.609123 0.119846 1.36735 0.108829 0.756232
internal_weight=586317 412372 173945 150905 68595 40469 22038 8935 81660 105350 261467 86645 61417 2623 355 2268 6312 765 497 407 3830 1011 2482 34491 18108 1910 18431 128 37117 1283
internal_count=586317 412372 173945 150905 68595 40469 22038 8935 81660 105350 261467 86645 61417 2623 355 2268 6312 765 497 407 3830 1011 2482 34491 18108 1910 18431 128 37117 1283
is_linear=0
shrinkage=0.05


Tree=11
num_leaves=31
num_cat=0
split_feature=0 8 10 12 11 11 4 11 10 10 1 10 10 13 0 10 11 13 11 6 11 12 10 7 10 3 0 3 10 10
split_gain=773283 212000 168354 147030 180503 96720 76424 65795.9 52917 48677.7 45895.9 44546.5 42799.1 40276.1 38451 40084.1 79802.2 35822 33139.9 32679.6 30911.1 47656.9 34175.2 29093.4 29777.5 28954.6 26051.9 25827.3 46714.9 67588.6
threshold=0.22221296280622485 0.11438101902604104 0.081675637513399138 16.750000000000004 -0.69014781713485707 -0.27608674764633173 21.008079528808597 0.20088311284780505 -0.63874351978301991 -0.97109106183052052 28.692169189453129 0.54883790016174328 0.15005400776863101 78.750000000000014 23.488909721374515 -0.15005400776863095 -0.99759334325790394 81.750000000000014 -0.40541070699691767 12.026760578155519 -0.12447465583682059 17.250000000000004 -0.98211652040481556 28.629338264465336 -0.31718835234642023 28.315699577331547 19.246644973754886 30.229525566101078 -0.62540480494499195 -0.66484925150871266
decision_type=2 2 2 2 2 2 2 2 2 2 2 2 2 2 2 2 2 2 2 2 2 2 2 2 2 2 2 2 2 2
left_child=1 5 3 -2 6 11 13 -6 10 -7 19 -1 20 26 -10 23 -17 27 -4 -8 21 22 -3 24 -16 -12 -5 28 29 -15
right_child=2 12 18 4 7 9 8 -9 14 -11 25 -13 -14 17 15 16 -18 -19 -20 -21 -22 -23 -24 -25 -26 -27 -28 -29 -30 -31
leaf_value=0.029850663540736202 0.056946444137630316 0.32901860655936471 0.033494559465330968 0.10154563974370326 0.12636845322094231 0.035515568990644168 0.78430165929395124 -0.042763835193151079 0.28938830067296439 -0.072677708207681713 1.3137438642978669 -0.04358121433401918 -0.016139341913345189 0.47312492698905512 1.1409868743961753 0.11325219559270566 1.7222253769484102 0.18283625991909222 -0.066756493540837042 1.968836456911522 0.017264489017542312 0.16023127183386077 0.021898167861100101 0.15392955717467549 0.36152900132265958 0.25221731054026481 0.31995897194676348 0.27258528160505047 0.35728960777902591 1.6483945195303589
leaf_weight=42312 49668 957 32605 8029 30504 10852 109 7086 3667 247456 85 40347 26123 369 221 127 196 7501 11033 125 23093 14529 16932 451 275 263 1645 6915 2659 183
leaf_count=42312 49668 957 32605 8029 30504 10852 109 7086 3667 247456 85 40347 26123 369 221 127 196 7501 11033 125 23093 14529 16932 451 275 263 1645 6915 2659 183
internal_value=9.8062e-10 -0.0357399 0.0922556 0.122821 0.16929 -0.053068 0.254967 0.0944857 0.424664 -0.0681323 0.875592 -0.00599245 0.0366359 0.220662 0.371506 0.608614 1.0896 0.265652 0.00814808 1.41707 0.0614714 0.0929623 0.0383281 0.444563 0.708828 0.511498 0.138685 0.327 0.444183 0.862752
internal_weight=586317 422601 163716 120078 70410 340967 32820 37590 5519 258308 582 82659 81634 27301 4937 1270 323 17627 43638 234 55511 32418 17889 947 496 348 9674 10126 3211 552
internal_count=586317 422601 163716 120078 70410 340967 32820 37590 5519 258308 582 82659 81634 27301 4937 1270 323 17627 43638 234 55511 32418 17889 947 496 348 9674 10126 3211 552
is_linear=0
shrinkage=0.05


Tree=12
num_leaves=31
num_cat=0
split_feature=4 11 0 10 11 12 10 13 10 11 6 10 10 1 3 12 10 1 13 12 10 10 5 10 9 11 6 5 1 13
split_gain=704012 186836 158746 146474 84160.3 97619.8 78253.3 73904.9 66612.2 54898.4 54785.3 70571.4 62088.8 103617 54120.3 49517.6 47979.1 39401.5 32412.5 31971.3 26133.1 36147.3 24911.8 24759 24452.3 24241.8 22895.2 21839.6 21667.3 24196.3
threshold=0.04290918447077275 -0.038720846176147454 6.4068396091461191 0.54883790016174328 -0.67758968472480763 16.750000000000004 0.25118774175643926 79.750000000000014 1.0000000180025095e-35 -0.12447465583682059 12.664909839630129 -0.62540480494499195 -0.15005400776863095 26.860832214355472 28.44644927978516 16.750000000000004 -0.97109106183052052 30.993125915527347 80.750000000000014 18.250000000000004 -0.11593352630734442 -0.04732095077633857 39.206367492675788 -0.54883790016174305 32.226829528808601 0.74407637119293224 43.16392898559571 28.572127342224125 33.21458816528321 83.750000000000014
decision_type=2 2 2 2 2 2 2 2 2 2 2 2 2 2 2 2 2 2 2 2 2 2 2 2 2 2 2 2 2 2
left_child=1 3 6 15 5 -4 7 25 10 19 -7 14 23 -14 26 -1 28 18 20 -9 -15 -22 24 -13 -17 -2 -12 -25 -3 -30
right_child=2 16 4 -5 -6 8 -8 9 -10 -11 11 12 13 17 -16 22 -18 -19 -20 -21 21 -23 -24 27 -26 -27 -28 -29 29 -31
leaf_value=0.017251041317629931 0.056327957222975983 0.088431916601661859 0.055358903958244443 -0.045533685821698151 0.095642334231104409 0.27576857408108196 -0.012596546193765091 0.11146365078688798 0.12300181781545093 0.041894033550536725 1.2291317970582807 -0.049575229564850984 2.8597550486002055 0.56347334140048522 0.50253222831654265 0.064708909105384391 -0.066309237512339136 0.20495824142838878 0.42015119120047961 0.23212580467607219 2.1021316019788623 0.54576658952348633 0.00031697804864195124 0.52939660366555119 0.15169909400478612 -0.054892428532380161 2.2717110013783866 0.23231819380457647 -0.068851332363932025 0.62570842513742386
leaf_weight=45605 59124 7462 5847 69708 22358 8516 31435 9328 4358 10011 246 418 57 82 288 15015 246499 299 173 13342 126 53 5961 1126 17486 5342 67 1373 4483 129
leaf_count=45605 59124 7462 5847 69708 22358 8516 31435 9328 4358 10011 246 418 57 82 288 15015 246499 299 173 13342 126 53 5961 1126 17486 5342 67 1373 4483 129
internal_value=-4.37326e-10 -0.0355875 0.0843509 0.00805577 0.164742 0.231829 0.0559743 0.0781625 0.291882 0.139413 0.349272 0.494574 0.41309 0.806296 0.997172 0.0524919 -0.0615425 0.646613 0.950888 0.182477 1.30268 1.64131 0.0942776 0.3066 0.111511 0.0471116 1.4523 0.366176 0.035774 -0.0494241
internal_weight=586317 412348 173969 153775 45387 23029 128582 97147 17182 32681 12824 4308 3707 790 601 84067 258573 733 434 22670 261 179 38462 2917 32501 64466 313 2499 12074 4612
internal_count=586317 412348 173969 153775 45387 23029 128582 97147 17182 32681 12824 4308 3707 790 601 84067 258573 733 434 22670 261 179 38462 2917 32501 64466 313 2499 12074 4612
is_linear=0
shrinkage=0.05


Tree=13
num_leaves=31
num_cat=0
split_feature=2 11 6 10 10 11 12 1 10 1 12 12 11 10 10 12 10 13 3 11 7 9 13 4 10 7 10 7 9 10
split_gain=640245 160870 139491 129570 72243 98768.9 68447.2 70750 64616.8 73004.7 58828.7 55166.6 50343.2 47341.7 43234.7 57689 41111.4 45472.7 115779 109327 58641 35230.5 35003.7 35442.7 34177.9 183621 30019.6 28843.9 28281.5 28228.8
threshold=0.11267887800931932 -0.05591491982340812 2.4670652151107793 0.53436762094497692 1.0000000180025095e-35 -0.92910701036453236 16.750000000000004 30.993125915527347 -0.15005400776863095 27.01949501037598 18.250000000000004 16.750000000000004 0.20088311284780505 -0.97505551576614369 0.49002411961555487 17.750000000000004 -0.444374069571495 79.250000000000014 27.55761814117432 -0.67758968472480763 28.56797027587891 28.910720825195316 81.250000000000014 21.008079528808597 -0.34964421391487116 27.752035140991214 -0.91585582494735707 29.697713851928714 33.399255752563484 -0.08167563751339911
decision_type=2 2 2 2 2 2 2 2 2 2 2 2 2 2 2 2 2 2 2 2 2 2 2 2 2 2 2 2 2 2
left_child=1 3 12 11 5 6 -4 8 24 10 -10 -1 14 -3 15 -2 17 -7 19 20 21 -19 23 -11 25 -8 -13 -25 29 -29
right_child=2 13 4 -5 -6 16 7 -9 9 22 -12 26 -14 -15 -16 -17 -18 18 -20 -21 -22 -23 -24 27 -26 -27 -28 28 -30 -31
leaf_value=0.012118247253076969 0.039343829272880333 0.038827167250571705 0.086543345663316007 -0.043120649834205223 0.031197165407125804 0.086528591230220442 3.4820912144400857 0.19756574562646512 0.76068893268238758 0.65616352034503611 2.9797599288634959 0.19322480492526153 -0.030316503908538253 -0.062114891604820643 -0.0089520143687383553 0.13263193129759593 -0.037111130545211063 2.0518600722659106 0.16537669650709153 0.08458506066926591 0.59511812965674649 1.0394325516203384 0.34506615925492684 0.53876073663944701 0.32808176691405033 0.19356222023952113 0.074000742447662846 1.3792671890235415 0.78983595049381261 3.0052974587572474
leaf_weight=45085 39049 12182 3145 69551 13098 19456 55 3922 56 561 64 6348 18425 249796 17630 28791 3539 177 18744 428 290 167 537 68 3434 186 31376 51 50 56
leaf_count=45085 39049 12182 3145 69551 13098 19456 55 3922 56 561 64 6348 18425 249796 17630 28791 3539 177 18744 428 290 167 537 68 3434 186 31376 51 50 56
internal_value=9.53736e-10 -0.0336618 0.0810992 0.00719155 0.136725 0.161863 0.287457 0.357354 0.479802 0.763325 1.94419 0.0494486 0.0446464 -0.0574211 0.0608064 0.0789349 0.126108 0.14082 0.194152 0.702026 1.11885 1.56036 0.656217 0.868797 0.368476 0.944056 0.0940632 1.39896 1.77154 2.23027
internal_weight=586317 414338 171979 152360 68084 54986 12185 9040 5118 1443 120 82809 103895 261978 85470 67840 42801 39262 19806 1062 634 344 1323 786 3675 241 37724 225 157 107
internal_count=586317 414338 171979 152360 68084 54986 12185 9040 5118 1443 120 82809 103895 261978 85470 67840 42801 39262 19806 1062 634 344 1323 786 3675 241 37724 225 157 107
is_linear=0
shrinkage=0.05


Tree=14
num_leaves=31
num_cat=0
split_feature=0 8 10 12 11 11 2 10 11 5 10 13 10 10 10 1 1 0 11 13 5 10 10 9 6 10 0 9 3 1
split_gain=586168 162952 129626 110715 131814 70560.4 55792.3 61785.4 37804.9 36937.8 36717.4 36236.8 35698.9 33012.2 28340.2 26281.3 26212.9 26098.5 25943.7 24903.5 33328.9 32231.3 83734.6 59780.7 32850.4 25060.3 35341.9 44276.6 24420.7 22233.6
threshold=0.22221296280622485 0.12326981499791147 0.081675637513399138 17.750000000000004 -0.69014781713485707 -0.27608674764633173 31.354767799377445 -0.62540480494499195 -0.10737737268209456 30.193783760070804 -0.78297284245491017 77.250000000000014 -0.97109106183052052 0.15005400776863101 -0.66484925150871266 29.916902542114261 29.953510284423832 8.1237616539001483 -0.40541070699691767 81.750000000000014 34.491258621215827 -0.1330134719610214 -0.04732095077633857 32.356893539428718 14.993460178375246 -0.59817537665367115 47.585163116455085 32.96919250488282 25.515925407409672 39.582099914550788
decision_type=2 2 2 2 2 2 2 2 2 2 2 2 2 2 2 2 2 2 2 2 2 2 2 2 2 2 2 2 2 2
left_child=1 5 3 17 6 10 11 9 15 14 -1 -5 -7 -3 -8 -6 19 -2 -4 20 21 25 23 24 -23 26 27 -13 -9 -12
right_child=2 13 18 4 8 12 7 28 -10 -11 29 16 -14 -15 -16 -17 -18 -19 -20 -21 -22 22 -24 -25 -26 -27 -28 -29 -30 -31
leaf_value=0.099507323286500707 0.04016800378807503 0.05439060932785629 0.028945998522229913 0.070089439566192485 0.045106190801257051 0.029435010822772324 0.98974314799490282 1.0909698083021933 0.016298833596404494 0.089532722968587219 0.0019408918182460347 0.31130780235714095 -0.063034252906478724 -0.013955461540217491 2.0845480227414028 0.17640474823464636 0.20158788839983488 0.10647497024545843 -0.059755243029792439 0.18758356383097741 1.6442127831139655 1.4075833051282669 0.050215038939407375 0.59906608005406825 2.8936314620992594 0.24331060105763883 1.3031509500361027 1.7723145870358818 0.31977162427591166 -0.056340877165491049
leaf_weight=7484 42640 55250 32605 3640 5688 10897 266 107 11588 89 51421 701 247573 25974 76 11551 12921 22762 11033 2125 53 107 264 177 57 2551 133 56 2526 24002
leaf_count=7484 42640 55250 32605 3640 5688 10897 266 107 11588 89 51421 701 247573 25974 76 11551 12921 22762 11033 2125 53 107 264 177 57 2551 133 56 2526 24002
internal_value=1.5167e-11 -0.0311168 0.080322 0.107143 0.159652 -0.0462615 0.241637 0.441953 0.0861375 0.996904 -0.00612467 0.214699 -0.0591358 0.0325347 1.23303 0.133083 0.242194 0.063245 0.00651965 0.326491 0.398503 0.382185 0.718744 1.23631 1.92408 0.323011 0.551456 0.419388 0.351112 -0.0166062
internal_weight=586317 422601 163716 120078 54676 341377 25849 3064 28827 431 82907 22785 258470 81224 342 17239 19145 65402 43638 6224 4099 4046 605 341 164 3441 890 757 2633 75423
internal_count=586317 422601 163716 120078 54676 341377 25849 3064 28827 431 82907 22785 258470 81224 342 17239 19145 65402 43638 6224 4099 4046 605 341 164 3441 890 757 2633 75423
is_linear=0
shrinkage=0.05


Tree=15
num_leaves=31
num_cat=0
split_feature=4 11 0 10 11 12 10 13 10 11 6 10 10 1 9 12 10 12 13 10 10 8 1 13 12 10 10 10 0 8
split_gain=536030 136939 122407 109025 65968.5 76870.7 60476.3 50305.6 50298.9 44488.9 43949.3 59916.2 49580.5 84239.6 46868.4 38740.3 36693.8 47828.8 41339.2 45461.2 48327 53420.7 31239.4 27166.1 23520.9 22774.8 30594.2 21948.2 21555.5 20562.3
threshold=0.04290918447077275 -0.038720846176147454 6.4068396091461191 0.54883790016174328 -0.67758968472480763 16.750000000000004 0.012910176534205677 79.750000000000014 1.0000000180025095e-35 -0.12447465583682059 12.664909839630129 -0.62540480494499195 -0.15005400776863095 26.860832214355472 29.891755104064945 16.250000000000004 -0.3415676057338714 15.250000000000002 78.750000000000014 -0.61188074946403492 -0.58429276943206776 0.44006955623626715 30.993125915527347 80.750000000000014 18.250000000000004 -0.11593352630734442 -0.04732095077633857 -0.54883790016174305 6.8707537651062021 12.652980804443361
decision_type=2 2 2 2 2 2 2 2 2 2 2 2 2 2 2 2 2 2 2 2 2 2 2 2 2 2 2 2 2 2
left_child=1 3 6 15 5 -4 7 29 10 24 -7 14 27 -14 -12 -1 17 18 -3 -20 21 -21 23 25 -9 -15 -27 -13 -17 -2
right_child=2 16 4 -5 -6 8 -8 9 -10 -11 11 12 13 22 -16 28 -18 -19 19 20 -22 -23 -24 -25 -26 26 -28 -29 -30 -31
leaf_value=0.0098921466430097159 0.032320152430624464 -0.0046208600185070571 0.04699395660768562 -0.039923205447593438 0.083017858945229617 0.24091644452936276 -0.001248190783381907 0.10347617892102323 0.11012976467266411 0.038336878046874273 1.2625168130969149 -0.068698783450577255 2.5647078977080815 0.47212519242269241 0.3622065917488711 0.060076247000944064 -0.066441847759112202 -0.0485113745407625 0.069193560605966806 0.54581274415055914 0.29354118288684677 2.5356527620281741 0.17594587483589716 0.35424908258779936 0.21476909146237069 1.9022754792848398 0.47043976373267626 0.3227426922214417 0.1484749140043817 0.11382897880700465
leaf_weight=41038 48815 16023 5847 69708 22358 8516 41206 8066 4358 9761 359 418 57 82 242 34404 173680 62919 4443 96 1360 52 299 173 11539 126 53 2499 8625 9195
leaf_count=41038 48815 16023 5847 69708 22358 8516 41206 8066 4358 9761 359 418 57 82 242 34404 173680 62919 4443 96 1360 52 299 173 11539 126 53 2499 8625 9195
internal_value=6.46827e-10 -0.0310529 0.0736028 0.00631082 0.144196 0.203591 0.0486849 0.072233 0.256881 0.125556 0.306751 0.436892 0.361811 0.713184 0.899996 0.0446479 -0.0532734 -0.0263324 0.0371737 0.149705 0.386915 1.24495 0.569205 0.840137 0.16898 1.1622 1.47832 0.26665 0.0777954 0.0452399
internal_weight=586317 412348 173969 153775 45387 23029 128582 87376 17182 29366 12824 4308 3707 790 601 84067 258573 84893 21974 5951 1508 148 733 434 19605 261 179 2917 43029 58010
internal_count=586317 412348 173969 153775 45387 23029 128582 87376 17182 29366 12824 4308 3707 790 601 84067 258573 84893 21974 5951 1508 148 733 434 19605 261 179 2917 43029 58010
is_linear=0
shrinkage=0.05


Tree=16
num_leaves=31
num_cat=0
split_feature=2 11 6 10 10 11 12 1 10 1 12 11 10 13 3 11 7 10 13 4 1 12 10 9 9 11 7 10 10 10
split_gain=485651 118120 111192 97462.2 55794.9 80471.5 53991 57729.3 52035 59449.6 44917 40414.6 38357.1 36956.7 97043.8 91477.5 51695.5 36453.8 32830.1 33919.4 31895.1 41448.2 30837.5 167324 30691.8 29979.1 27988.2 27826.6 31072.6 24926
threshold=0.11267887800931932 -0.05591491982340812 2.4670652151107793 0.53436762094497692 1.0000000180025095e-35 -0.92910701036453236 16.750000000000004 30.993125915527347 -0.15005400776863095 26.488616943359379 17.250000000000004 0.20088311284780505 -0.444374069571495 79.250000000000014 27.55761814117432 -0.67758968472480763 28.56797027587891 -0.96683886647224415 81.250000000000014 21.008079528808597 36.651681900024421 16.750000000000004 -0.34964421391487116 27.418050765991214 28.910720825195316 -0.70250144600868214 29.697713851928714 -0.54883790016174305 -0.62540480494499195 -0.54883790016174305
decision_type=2 2 2 2 2 2 2 2 2 2 2 2 2 2 2 2 2 2 2 2 2 2 2 2 2 2 2 2 2 2
left_child=1 3 11 10 5 6 -4 8 22 -10 -1 20 13 -7 15 16 24 -3 19 -11 21 -2 23 -8 -15 -23 -21 28 -18 -26
right_child=2 17 4 -5 -6 12 7 -9 9 18 -12 -13 -14 14 -16 -17 27 -19 -20 26 -22 25 -24 -25 29 -27 -28 -29 -30 -31
leaf_value=0.01291461063847717 0.024253059387104189 0.028666653161486835 0.077313272214745613 -0.037946251721508867 0.02755657484338685 0.075380889073335761 3.1384104172225857 0.17349418866678917 2.063242482303365 0.59811596196872019 0.088424879213926444 -0.029078393949389089 -0.047542163581692908 1.891944447310252 0.14606019960687314 0.072583178528279904 0.80680377971592954 -0.054116825133708239 0.30440943285249217 0.44386886824732247 -0.017618360733234872 0.14280667113148446 0.29016909961877246 0.10831508868477412 0.54194288186343575 0.055310102484549706 1.6310406544324707 1.4566184891003466 -0.36728979603459061 1.868240010738373
leaf_weight=50541 32657 14052 3145 69551 13098 19456 61 3922 74 584 32268 18425 3539 177 18744 428 123 247926 539 69 13610 20255 3434 180 116 18948 177 63 104 51
leaf_count=50541 32657 14052 3145 69551 13098 19456 61 3922 74 584 32268 18425 3539 177 18744 428 123 247926 539 69 13610 20255 3434 180 116 18948 177 63 104 51
internal_value=-1.11822e-10 -0.0293174 0.0706327 0.00568923 0.120297 0.142388 0.255753 0.317832 0.42844 0.682867 0.0423385 0.0380869 0.110114 0.124325 0.172404 0.637374 1.01865 -0.0496765 0.608252 0.805567 0.0525659 0.0658586 0.328539 0.875269 1.4332 0.100517 1.29805 0.526916 0.268893 0.94698
internal_weight=586317 414338 171979 152360 68084 54986 12185 9040 5118 1443 82809 103895 42801 39262 19806 1062 634 261978 1369 830 85470 71860 3675 241 344 39203 246 290 227 167
internal_count=586317 414338 171979 152360 68084 54986 12185 9040 5118 1443 82809 103895 42801 39262 19806 1062 634 261978 1369 830 85470 71860 3675 241 344 39203 246 290 227 167
is_linear=0
shrinkage=0.05


Tree=17
num_leaves=31
num_cat=0
split_feature=8 11 0 10 1 2 12 11 2 10 12 10 9 10 11 1 1 5 13 10 13 11 12 13 13 3 7 5 7 13
split_gain=443480 123871 119408 80884.4 62756.4 51351.3 45944.4 43971.2 53691 45145.6 40086.5 34708 45612.1 27965.6 66446.6 88786.7 30423 33192.9 30699.8 27788.7 30790.7 24006.8 21218.3 20304.2 20061.3 20017.6 19629.7 18785.8 18726.5 18288.7
threshold=0.095130976289510741 -0.27608674764633173 5.767928123474122 -0.96683886647224415 38.153575897216804 4.4507155418396005 16.750000000000004 -0.67758968472480763 57.217317581176765 -0.71466678380966175 18.250000000000004 0.44437406957149511 32.814941406250007 -0.04732095077633857 -0.99049577116966236 27.419076919555668 31.644694328308109 32.348861694335945 82.250000000000014 0.15005400776863101 79.250000000000014 -0.91583034396171559 17.750000000000004 77.250000000000014 81.750000000000014 26.684843063354496 30.405122756958011 29.531901359558109 31.246698379516605 83.750000000000014
decision_type=2 2 2 2 2 2 2 2 2 2 2 2 2 2 2 2 2 2 2 2 2 2 2 2 2 2 2 2 2 2
left_child=1 4 5 28 6 19 -1 8 10 -10 -4 12 -8 14 15 -12 17 18 -17 20 -2 22 -22 -14 -24 26 -11 -16 -3 -30
right_child=2 3 7 -5 -6 -7 11 -9 9 25 13 -13 23 -15 27 16 -18 -19 -20 -21 21 -23 24 -25 -26 -27 -28 -29 29 -31
leaf_value=0.0058127352418206116 0.016890468498381214 0.11763575158723896 0.10093003153683058 -0.05388209725321598 -0.038385147722395339 0.10275142860175096 0.037700623757706761 0.085949213088237969 1.8083613341504876 0.6083279828914977 2.6348752138289573 -0.0056508657077714228 0.03829231638143963 0.11385193204831148 0.34558713672174918 1.1639117000744708 0.095358667321382998 0.11241604687122544 0.14383888493251543 -0.0141688395961638 0.066836325170825148 0.06053062314972623 0.4090280365712835 0.19336445934836372 0.15617969013150376 0.2948516140469421 1.6832455276274214 0.17389924705357876 0.0069384547004061967 0.37239969649227428
leaf_weight=50007 43478 6650 10657 265053 40610 28267 12666 20584 66 254 55 9004 2547 3281 2469 372 248 153 92 29656 2560 22634 1325 12327 1923 632 51 4492 13853 351
leaf_count=50007 43478 6650 10657 265053 40610 28267 12666 20584 66 254 55 9004 2547 3281 2469 372 248 153 92 29656 2560 22634 1325 12327 1923 632 51 4492 13853 351
internal_value=-4.29835e-10 -0.0281621 0.0671454 -0.0464224 0.0128941 0.0431451 0.0369545 0.138939 0.186732 0.544426 0.170289 0.079569 0.107431 0.236511 0.287576 0.686929 0.563072 0.751066 0.961656 0.0265576 0.0433511 0.0838003 0.174483 0.16681 0.259327 0.455397 0.788068 0.234795 0.0483892 0.0159695
internal_weight=586317 413068 173249 285907 127161 129843 86551 43406 22822 1003 21819 36544 27540 11162 7881 920 865 617 464 101576 71920 28442 5808 14874 3248 937 305 6961 20854 14204
internal_count=586317 413068 173249 285907 127161 129843 86551 43406 22822 1003 21819 36544 27540 11162 7881 920 865 617 464 101576 71920 28442 5808 14874 3248 937 305 6961 20854 14204
is_linear=0
shrinkage=0.05


Tree=18
num_leaves=31
num_cat=0
split_feature=4 11 0 10 11 12 10 10 10 1 12 10 6 7 12 11 10 9 5 13 10 4 11 10 12 13 10 10 8 9
split_gain=405548 100218 94189.1 81950.1 50259.6 65914.2 44595 43373.3 57814.1 56431 62217.3 39515.1 87297.3 39812.8 38322.2 72513.1 34895.4 48382.8 30388.5 34634.8 40810.8 36736.4 30382.7 29809.2 42063.7 36710.7 41564.7 43593 47951 28447.6
threshold=0.04290918447077275 -0.038720846176147454 5.1942808628082284 0.59125596284866344 -0.67758968472480763 16.750000000000004 0.012910176534205677 -0.04732095077633857 -0.15005400776863095 27.01949501037598 18.250000000000004 -0.62540480494499195 27.446836471557621 29.888275146484379 17.750000000000004 -0.92260536551475514 -0.67760851979255665 28.512351989746097 32.314928054809577 81.250000000000014 -0.09881922602653502 21.008079528808597 -0.10737737268209456 -0.3415676057338714 15.250000000000002 78.750000000000014 -0.61188074946403492 -0.58429276943206776 0.44006955623626715 30.819928169250492
decision_type=2 2 2 2 2 2 2 2 2 2 2 2 2 2 2 2 2 2 2 2 2 2 2 2 2 2 2 2 2 2
left_child=1 3 6 -1 5 -4 14 8 11 10 -10 12 16 -14 -2 -16 -7 -18 19 20 29 -22 -17 24 25 -3 -27 28 -28 -11
right_child=2 23 4 -5 -6 7 -8 -9 9 18 -12 -13 13 -15 15 22 17 -19 -20 -21 21 -23 -24 -25 -26 26 27 -29 -30 -31
leaf_value=0.036524173022047017 0.033458156992961549 -0.0015665762570848164 0.035944357290352634 -0.037247267695401758 0.0709392439693209 0.14780584845568875 -0.0028766911549555981 0.1031679690315106 0.45138753678726212 1.1311887314727715 2.5302047443117055 0.17958207949202301 1.5204491464896894 0.084292532674601822 0.25397589446469115 0.10627419495152257 2.0195095309344206 0.46503900709215895 0.14879986937687156 0.22117020943167587 0.80992264947235848 1.8809176731494166 -0.0041364469257821369 -0.057888444752589877 -0.042536431640352 0.066879495592017946 0.52322735798855624 0.28199738850166528 2.4084495910658288 0.1899401929370802
leaf_weight=87967 49748 16023 6708 65808 24938 1317 40074 5710 73 111 71 9132 231 61 6402 17480 55 557 574 405 226 124 9682 173680 62919 4443 96 1360 52 290
leaf_count=87967 49748 16023 6708 65808 24938 1317 40074 5710 73 111 71 9132 231 61 6402 17480 55 557 574 405 226 124 9682 173680 62919 4443 96 1360 52 290
internal_value=4.86586e-11 -0.0270103 0.0640208 0.00495369 0.121481 0.170629 0.0404647 0.218338 0.268056 0.525348 1.47636 0.225585 0.414735 1.22043 0.0613123 0.102597 0.292773 0.604738 0.446188 0.593854 0.794835 1.18936 0.0669179 -0.0460194 -0.021737 0.0378188 0.143863 0.37068 1.1856 0.450485
internal_weight=586317 412348 173969 153775 50583 25645 123386 18937 13227 1874 144 11353 2221 292 83312 33564 1929 612 1730 1156 751 350 27162 258573 84893 21974 5951 1508 148 401
internal_count=586317 412348 173969 153775 50583 25645 123386 18937 13227 1874 144 11353 2221 292 83312 33564 1929 612 1730 1156 751 350 27162 258573 84893 21974 5951 1508 148 401
is_linear=0
shrinkage=0.05


Tree=19
num_leaves=31
num_cat=0
split_feature=0 8 10 13 11 12 11 13 3 10 10 9 6 9 7 8 1 11 9 10 10 10 10 3 2 4 0 10 3 12
split_gain=371267 104921 86426.7 84560.8 60697 57429.6 42201.3 40849.1 36247.4 50095.5 55626.5 46972 42724 30565.4 30287.1 29225.7 34697.5 28258.3 27667.2 59717.2 53207.8 27173.4 24986.7 23978.3 21412.6 20913 20506.7 18748.7 46472.5 57794.3
threshold=0.22221296280622485 0.30458521842956549 0.081675637513399138 79.250000000000014 -0.70250144600868214 15.750000000000002 -0.27608674764633173 81.750000000000014 30.021443367004398 -0.62540480494499195 -0.66484925150871266 28.962584495544437 12.026760578155519 31.34796237945557 29.196641921997074 6.5691564083099374 27.163667678833011 0.20088311284780505 25.9338493347168 -0.69016700983047474 -0.71466678380966175 -0.78297284245491017 -0.97109106183052052 25.515925407409672 0.044659113511443145 67.811252593994155 19.246644973754886 -0.15005400776863095 27.860212326049808 17.750000000000004
decision_type=2 2 2 2 2 2 2 2 2 2 2 2 2 2 2 2 2 2 2 2 2 2 2 2 2 2 2 2 2 2
left_child=1 6 3 17 5 -5 21 8 9 10 12 -12 -7 -13 -10 -14 -17 26 19 20 -19 -1 -8 -11 -3 -9 -2 -28 29 -29
right_child=2 24 -4 4 -6 7 22 25 14 23 11 13 15 -15 -16 16 -18 18 -20 -21 -22 -23 -24 -25 -26 -27 27 28 -30 -31
leaf_value=0.081461451080952499 0.049201863563195725 0.0082586860655485313 0.0036618426565891934 -0.035961798423204031 0.086492937593155753 0.0020850124073418684 0.025290397900474687 0.12642535150121662 -0.07321461584682136 1.3409883927880673 2.4939399507428921 0.32066276382240988 0.18494031233713032 1.6509562011224679 0.2496272937831332 0.72618426564531247 2.5029521154463295 0.29978376285699398 -0.039655832610186577 -0.095088911360672004 1.9385796864056726 -0.015007164354393919 -0.049641250407204983 0.30689312032693022 0.063606909643891027 0.74256767344794106 0.10738982732533649 0.31907468118529392 0.21015474359120079 2.5387705716870581
leaf_weight=8046 44958 46307 43638 2451 31612 233 11644 8454 807 57 70 90 64 83 7280 61 50 115 11169 316 87 78713 249826 3392 28065 140 7634 69 835 51
leaf_count=8046 44958 46307 43638 2451 31612 233 11644 8454 807 57 70 90 64 83 7280 61 50 115 11169 316 87 78713 249826 3392 28065 140 7634 69 835 51
internal_value=-2.65437e-10 -0.0247644 0.0639244 0.0858247 0.131586 0.192944 -0.0362779 0.219942 0.27881 0.399914 0.802199 1.40109 0.445507 0.958896 0.217411 1.03589 1.52653 0.0473522 -0.0230883 0.334138 1.0056 -0.0060607 -0.0463043 0.323983 0.0291449 0.136463 0.0627263 0.133518 0.34238 1.26245
internal_weight=586317 422601 163716 120078 54844 23232 348229 20781 12187 4100 651 243 408 173 8087 175 111 65234 11687 518 202 86759 261470 3449 74372 8594 53547 8589 955 120
internal_count=586317 422601 163716 120078 54844 23232 348229 20781 12187 4100 651 243 408 173 8087 175 111 65234 11687 518 202 86759 261470 3449 74372 8594 53547 8589 955 120
is_linear=0
shrinkage=0.05


Tree=20
num_leaves=31
num_cat=0
split_feature=4 11 10 6 10 11 10 12 1 10 10 5 9 5 13 13 12 13 3 11 7 0 9 10 11 7 1 9 0 10
split_gain=336854 82429.7 91058.8 81600.3 50273.2 63611 45735.4 44755.4 49668.8 44817.3 56194.5 64221 44444.5 39472.5 38974.7 42154.9 33954.3 33797.7 83911.5 91300.8 42946.3 31594 30988.5 29649.1 52821.9 46678.9 28284.3 44152.5 25870.6 24427.1
threshold=0.11312321946024896 0.33345642685890203 0.59125596284866344 2.9900375604629521 1.0000000180025095e-35 -0.92910701036453236 -0.444374069571495 16.750000000000004 30.993125915527347 -0.1330134719610214 -0.064507851377129541 31.762591361999515 32.931301116943366 29.279334068298343 81.250000000000014 77.250000000000014 18.250000000000004 79.250000000000014 27.860212326049808 -0.67758968472480763 28.856875419616703 0.80213308334350597 32.594768524169929 -0.98211652040481556 -0.10737737268209456 30.136150360107425 27.163667678833011 29.891755104064945 6.4068396091461191 -0.34964421391487116
decision_type=2 2 2 2 2 2 2 2 2 2 2 2 2 2 2 2 2 2 2 2 2 2 2 2 2 2 2 2 2 2
left_child=1 2 28 21 5 7 17 -5 9 29 11 12 13 -11 15 -15 -17 23 19 20 -19 -2 -12 24 25 -7 -22 -28 -1 -9
right_child=3 -3 -4 4 -6 6 -8 8 -10 10 22 -13 -14 14 -16 16 -18 18 -20 -21 26 -23 -24 -25 -26 -27 27 -29 -30 -31
leaf_value=0.019352160603283063 0.0045204776332492492 -0.046549063331313534 -0.036617611453035041 0.057172965954172178 0.013205442454314653 0.77331815675355775 -0.067457383997182638 0.78175180922603105 0.15168318304718614 0.23238477313425393 -0.14678916609917697 0.094060887186915257 0.28386118038508451 0.72367944366863524 0.80615809794704796 1.1035248600087078 2.5540071794328547 1.2481053932185779 0.12805594425170649 0.066147143532783323 -0.09152290605008602 0.060941543981201413 0.73590860581083328 0.030977353066295829 0.078834850149773386 0.14348050200015255 2.085440624716147 0.3458729096966931 0.086823395033454168 0.26592379013366374
leaf_weight=90209 55488 208715 98595 3078 13624 598 4048 246 4184 64 260 183 114 61 118 53 169 417 19558 556 130 44881 161 16078 3693 579 53 117 16863 3424
leaf_count=90209 55488 208715 98595 3078 13624 598 4048 246 4184 64 260 183 114 61 118 53 169 417 19558 556 130 44881 161 16078 3693 579 53 117 16863 3424
internal_value=-2.53339e-10 -0.0244122 -0.00194718 0.0588359 0.0996284 0.119949 0.0930128 0.221841 0.277927 0.386767 0.654393 0.910539 1.1686 1.3855 1.56954 1.88784 2.20772 0.108561 0.153658 0.547003 0.919885 0.0297497 0.190775 0.0637154 0.171798 0.463483 0.463658 0.888209 0.0299784 0.3005
internal_weight=586317 414382 205667 171935 71566 57942 45827 12115 9037 4853 1183 762 579 465 401 283 222 41779 20831 1273 717 100369 421 20948 4870 1177 300 170 107072 3670
internal_count=586317 414382 205667 171935 71566 57942 45827 12115 9037 4853 1183 762 579 465 401 283 222 41779 20831 1273 717 100369 421 20948 4870 1177 300 170 107072 3670
is_linear=0
shrinkage=0.05


Tree=21
num_leaves=31
num_cat=0
split_feature=8 0 11 10 1 2 12 11 2 10 12 10 9 10 7 10 13 11 10 10 1 1 13 8 3 12 10 13 1 13
split_gain=310487 84053.2 83188.3 56795.5 47368.8 39645.4 36925.4 30950.9 43079.4 38224.6 30444.4 27641.9 41805.7 24651.8 29968.6 19873.2 24995 19725.2 19195.8 50424.5 67877.7 24317 26177.3 32172.8 18147.3 17716.9 17510.6 17302.7 16791.1 21798.9
threshold=0.095130976289510741 5.767928123474122 -0.27608674764633173 -0.97109106183052052 38.367088317871101 4.4507155418396005 17.750000000000004 -0.67758968472480763 57.217317581176765 -0.70252096652984608 18.250000000000004 0.44437406957149511 32.814941406250007 -0.93535929918289173 31.585505485534672 0.15005400776863101 79.250000000000014 -0.91583034396171559 -0.04732095077633857 -0.1330134719610214 27.419076919555668 31.644694328308109 80.750000000000014 12.431318759918215 26.684843063354496 18.250000000000004 0.012910176534205677 82.750000000000014 33.21458816528321 83.750000000000014
decision_type=2 2 2 2 2 2 2 2 2 2 2 2 2 2 2 2 2 2 2 2 2 2 2 2 2 2 2 2 2 2
left_child=2 5 4 28 6 15 13 8 10 -10 -3 12 -8 14 -1 16 -2 25 19 -12 -21 22 23 -22 -11 -18 -14 -27 -4 -30
right_child=1 7 3 -5 -6 -7 11 -9 9 24 18 -13 26 -15 -16 -17 17 -19 -20 20 21 -23 -24 -25 -26 27 -28 -29 29 -31
leaf_value=-0.071658004982002324 0.011832616139501137 0.081341358612864789 0.073067711103538713 -0.044556998705236835 -0.03622178693966726 0.08841990644030101 0.032962463161097348 0.071959694730820895 1.3993472866566465 0.6961444888064372 0.19582484761388413 -0.0052174627919668939 0.24770018546916137 0.0025704919291393152 0.29155691030628711 -0.012969577079329509 0.0722726440557801 0.051024473072168168 0.097874035082768263 2.2928966613926671 0.55431181067737145 0.063246194824140761 0.29217749697422341 1.5551541136295508 0.21767570212832654 0.34921954275340289 0.11725999403153937 0.091452282324788747 -0.046898898396362201 0.54714248081985506
leaf_weight=878 43478 10657 13961 266410 38508 28267 9277 20584 101 294 6961 7092 4902 59481 1608 29656 3085 22634 3281 55 205 248 280 132 608 1646 5415 1077 5377 159
leaf_count=878 43478 10657 13961 266410 38508 28267 9277 20584 101 294 6961 7092 4902 59481 1608 29656 3085 22634 3281 55 205 248 280 132 608 1646 5415 1077 5377 159
internal_value=4.45804e-11 0.0561825 -0.0235641 -0.0385283 0.0100813 0.0360463 0.0301939 0.116417 0.156515 0.476917 0.141786 0.0793667 0.109982 0.00901775 0.163277 0.0214715 0.0356732 0.0721172 0.199496 0.241804 0.589694 0.481398 0.649472 0.946333 0.373629 0.154317 0.179237 0.247268 0.0438487 -0.0298374
internal_weight=586317 173249 413068 285907 127161 129843 88653 43406 22822 1003 21819 26686 19594 61967 2486 101576 71920 28442 11162 7881 920 865 617 337 902 5808 10317 2723 19497 5536
internal_count=586317 173249 413068 285907 127161 129843 88653 43406 22822 1003 21819 26686 19594 61967 2486 101576 71920 28442 11162 7881 920 865 617 337 902 5808 10317 2723 19497 5536
is_linear=0
shrinkage=0.05


Tree=22
num_leaves=31
num_cat=0
split_feature=8 0 11 10 4 2 11 10 6 13 10 10 1 3 8 13 9 6 6 13 5 10 11 13 10 11 7 8 7 9
split_gain=280214 76243.3 75233.4 87231.3 32121 29692.6 25705.1 37532.7 46770.7 24748 23787.2 57933.7 37464.1 23207.3 22991 19324.8 24367.6 18444.5 17445.9 16178.6 17028.6 16000.4 18410.7 20306.1 14353.4 41399.3 16645.4 13850.5 17780.8 35825.2
threshold=0.095130976289510741 4.045114517211915 0.34963449835777288 0.54883790016174328 16.786019325256351 4.4507155418396005 -0.67758968472480763 -0.62540480494499195 12.026760578155519 80.250000000000014 -0.04732095077633857 -0.1330134719610214 31.115842819213871 30.196025848388675 25.528041839599613 79.250000000000014 29.817021369934086 2.5152945518493657 28.233439445495609 78.750000000000014 30.056657791137699 0.25118774175643926 -0.22610731422901151 81.750000000000014 -0.96683886647224415 -0.12447465583682059 30.20611667633057 17.582556724548343 30.534151077270511 29.50916957855225
decision_type=2 2 2 2 2 2 2 2 2 2 2 2 2 2 2 2 2 2 2 2 2 2 2 2 2 2 2 2 2 2
left_child=2 5 3 9 19 17 7 8 -6 -1 11 -9 14 15 -13 -10 18 -2 -17 -3 27 22 23 -11 25 26 -19 -21 -29 -30
right_child=1 4 -4 -5 6 -7 -8 10 13 21 -12 12 -14 -15 -16 16 -18 24 -20 20 -22 -23 -24 -25 -26 -27 -28 28 29 -31
leaf_value=0.019774031080428706 0.003328834710151113 0.048896482984024076 -0.04387379491476634 -0.03352689504884182 0.16922174734853165 0.080529737669987542 0.094300091842799527 0.1926420171071507 0.32501095581616535 0.23680803608550396 0.0029112792125454657 0.90798271704546141 0.15835779526700766 -0.027936465173028408 2.0359130154956473 1.0419965676135488 0.71701859729630613 0.51009926536288197 2.104280439257622 0.14336038453967698 0.090435483570639685 0.00217406060541825 0.031196655408347641 0.087097291443478067 0.03417100741421604 0.037255285453683937 0.19048799723914889 0.2493151164201334 1.8724065072131606 0.38958938127398146
leaf_weight=85068 62947 17624 205093 104150 342 24951 4346 3271 61 3953 1107 253 156 50 55 63 105 733 100 3578 18769 4597 4903 5304 28233 4237 917 1122 53 176
leaf_count=85068 62947 17624 205093 104150 342 24951 4346 3271 61 3953 1107 253 156 50 55 63 105 733 100 3578 18769 4597 4903 5304 28233 4237 917 1122 53 176
internal_value=-4.52196e-10 0.0533733 -0.0223859 -0.00119568 0.104563 0.0318807 0.185412 0.256591 0.593153 0.0312367 0.206475 0.266809 0.789652 0.975698 1.1094 1.12823 1.31105 0.0193755 1.6937 0.0851753 0.112156 0.0832232 0.109536 0.151028 0.0489795 0.119998 0.332473 0.194863 0.331263 0.732774
internal_weight=586317 173249 413068 207975 51231 122018 9909 5563 721 103825 4842 3735 464 379 308 329 268 97067 163 41322 23698 18757 14160 9257 34120 5887 1650 4929 1351 229
internal_count=586317 173249 413068 207975 51231 122018 9909 5563 721 103825 4842 3735 464 379 308 329 268 97067 163 41322 23698 18757 14160 9257 34120 5887 1650 4929 1351 229
is_linear=0
shrinkage=0.05


Tree=23
num_leaves=31
num_cat=0
split_feature=4 11 6 9 10 11 12 1 7 1 10 9 12 13 10 10 12 13 1 13 3 10 11 7 1 9 2 10 11 7
split_gain=255565 64985.9 62895 55936.9 40552.3 50923.8 36048.3 57849.3 44600.6 42805.4 30056.7 29780 29182.5 23696.2 28452.7 22755.3 33035.9 31990.2 31604 21854.2 42742.3 48360.2 66013.2 37621.6 32919.9 36039.9 24929.4 23620.3 44072.8 34221
threshold=0.21095371991395953 -0.038720846176147454 3.959931612014771 37.25233459472657 1.0000000180025095e-35 -0.95744973421096791 18.250000000000004 31.023309707641605 29.101040840148929 26.678178787231449 -0.25118774175643915 31.437306404113773 17.750000000000004 79.250000000000014 0.45972847938537603 -0.27609442174434656 15.250000000000002 78.750000000000014 31.23999118804932 79.750000000000014 27.948163032531742 -0.444374069571495 -0.67758968472480763 28.506230354309086 27.163667678833011 29.891755104064945 41.109869003295906 -0.97505551576614369 -0.10737737268209456 30.136150360107425
decision_type=2 2 2 2 2 2 2 2 2 2 2 2 2 2 2 2 2 2 2 2 2 2 2 2 2 2 2 2 2 2
left_child=1 3 13 12 5 6 -4 8 -8 -10 11 -9 -1 -2 -15 16 17 -3 -19 27 21 22 23 26 -25 -26 -21 28 29 -7
right_child=2 15 4 -5 -6 19 7 10 9 -11 -12 -13 -14 14 -16 -17 -18 18 -20 20 -22 -23 -24 24 25 -27 -28 -29 -30 -31
leaf_value=0.010706197257681141 0.0079500475367986819 -0.001247175443681028 0.11385127337662669 -0.031895894837230591 0.007824926971219677 0.5733983278599899 0.19090842455380452 1.0862190972987948 1.9388522639389962 0.59763131603374164 0.061117381071113266 -0.25433002255600073 0.071027169800712844 0.078174461898284794 -0.022431605074706609 -0.046922996189522413 -0.03386193612493809 0.25442387227519092 0.033855279183670955 0.92555263250576503 0.10829815427518188 -0.07421635992608025 0.091455958548056729 -0.10273421872129192 1.9195521485854368 0.41376611816517095 1.8219051307326826 0.032143973986429632 0.057785980695038423 0.13405901990697702
leaf_weight=68508 58925 17529 3809 63942 11662 892 798 145 62 1469 1784 58 28347 33393 8901 168782 68153 2824 3822 213 16817 412 442 134 61 114 122 19118 4198 881
leaf_count=68508 58925 17529 3809 63942 11662 892 798 145 62 1469 1784 58 28347 33393 8901 168782 68153 2824 3822 213 16817 412 442 134 61 114 122 19118 4198 881
internal_value=-4.66763e-10 -0.0206068 0.0528809 0.00439921 0.0920205 0.111076 0.225959 0.324898 0.493978 0.651946 0.126716 0.703205 0.0283606 0.028446 0.0570014 -0.036006 -0.0160489 0.0341686 0.127579 0.0895701 0.131095 0.387021 0.562002 0.884955 0.487041 0.93864 1.25199 0.0592567 0.146066 0.355092
internal_weight=586317 421907 164410 160797 63191 51529 8125 4316 2329 1531 1987 203 96855 101219 42294 261110 92328 24175 6646 43404 18315 1498 1086 644 309 175 335 25089 5971 1773
internal_count=586317 421907 164410 160797 63191 51529 8125 4316 2329 1531 1987 203 96855 101219 42294 261110 92328 24175 6646 43404 18315 1498 1086 644 309 175 335 25089 5971 1773
is_linear=0
shrinkage=0.05


Tree=24
num_leaves=31
num_cat=0
split_feature=0 8 10 13 11 3 10 10 9 3 6 10 9 11 3 10 11 11 9 12 7 8 10 10 8 10 4 9 10 10
split_gain=235887 72293.8 56040.4 48757.7 43618.7 42864 40182.3 95181.6 43659.7 69330.2 41944 37709.6 28976.9 28256.2 22561.5 22113.5 20128.7 19963.8 83125.3 19815.6 20617.5 18516.4 17552.5 21146.9 19402.4 17072.5 16946.9 29383.6 24979.1 16341.2
threshold=0.50916326045990001 0.30458521842956549 1.0000000180025095e-35 79.250000000000014 -0.70250144600868214 29.986152648925785 -0.62540480494499195 -0.66484925150871266 28.962584495544437 28.850794792175297 15.278044223785402 -0.70252096652984608 31.715365409851078 -0.27608674764633173 25.515925407409672 -0.7721494436264037 0.73246693611145031 0.64532420039176952 24.838127136230472 15.750000000000002 29.196641921997074 0.29305543005466467 -0.48250326514244074 -0.93535929918289173 7.5315473079681405 -0.97109106183052052 44.86070632934571 26.670157432556156 -0.26781183481216425 -0.444374069571495
decision_type=2 2 2 2 2 2 2 2 2 2 2 2 2 2 2 2 2 2 2 2 2 2 2 2 2 2 2 2 2 2
left_child=1 13 3 16 5 6 7 10 9 -9 -5 -12 -10 15 -8 -1 17 22 -19 -7 -21 -20 23 -2 -24 -15 28 -28 -16 -29
right_child=2 -3 -4 4 -6 19 14 8 12 -11 11 -13 -14 25 26 -17 -18 18 21 20 -22 -23 24 -25 -26 -27 27 29 -30 -31
leaf_value=0.069032893979361576 0.0693928149335023 0.024171987360785588 0.0064765730904262093 -0.03259511145888129 0.071541490159892945 -0.031486272354880523 1.2101306345379144 3.3703232209637477 0.47747929538003153 0.82473438655336706 2.0114317049874981 0.41716005062027012 1.6844311011955142 0.020857905217554422 0.076448752974130882 -0.012523292724572713 -0.073618374862569946 2.0828245499233407 0.022340898605536206 -0.057342087524691235 0.16446983704980006 0.58151839271802264 0.05841382664847386 -0.0055911850407513383 0.18941366261011441 -0.0393238887804577 1.5138872828776555 0.74411762936282799 0.3117163733845853 0.16863244478213224
leaf_weight=9244 17117 80759 43505 473 29037 1916 57 53 156 54 51 136 73 12362 2653 82401 3504 60 625 1165 10398 194 10820 20863 3826 252209 59 177 1963 407
leaf_count=9244 17117 80759 43505 473 29037 1916 57 53 156 54 51 136 73 12362 2653 82401 3504 60 625 1165 10398 194 10820 20863 3826 252209 59 177 1963 407
internal_value=-2.47755e-10 -0.0185404 0.0542492 0.0738864 0.110556 0.167798 0.275328 0.566779 1.25182 2.08563 0.218029 0.851961 0.862228 -0.0282238 0.220722 -0.00429693 0.0424787 0.0500818 0.286402 0.117444 0.142122 0.154796 0.0461347 0.0282029 0.0926351 -0.0365119 0.209998 0.450485 0.176499 0.343052
internal_weight=586317 436975 149342 105837 48828 19791 6312 996 336 107 660 187 229 356216 5316 91645 57009 53505 879 13479 11563 819 52626 37980 14646 264571 5259 643 4616 584
internal_count=586317 436975 149342 105837 48828 19791 6312 996 336 107 660 187 229 356216 5316 91645 57009 53505 879 13479 11563 819 52626 37980 14646 264571 5259 643 4616 584
is_linear=0
shrinkage=0.05


Tree=25
num_leaves=31
num_cat=0
split_feature=2 6 10 11 11 12 10 11 10 1 13 10 9 10 10 4 9 3 9 9 11 12 13 13 10 13 3 11 7 11
split_gain=215046 56197.4 51815.7 49533.8 44213.5 29471.9 28504 45808.2 31988.2 30120.1 47807.2 28449.7 172952 28400.2 35139.2 59512.6 34995.8 30363.8 46309.9 25761.1 21646.3 20316.1 22496.2 20309.7 20968.4 20211.1 56686.5 58549.5 34028.5 30713
threshold=0.11267887800931932 2.4670652151107793 -0.83354803919792164 -0.05591491982340812 -0.87792757153511036 16.750000000000004 1.0000000180025095e-35 -0.92910701036453236 -0.444374069571495 31.023309707641605 77.250000000000014 -0.34964421391487116 27.418050765991214 -0.1330134719610214 -0.064507851377129541 21.498482704162601 32.594768524169929 30.360366821289066 31.874295234680179 32.036619186401374 0.20088311284780505 19.250000000000004 81.250000000000014 79.750000000000014 0.45972847938537603 79.250000000000014 27.55761814117432 -0.83352491259574879 28.088741302490238 -0.66483077406883229
decision_type=2 2 2 2 2 2 2 2 2 2 2 2 2 2 2 2 2 2 2 2 2 2 2 2 2 2 2 2 2 2
left_child=2 20 3 -1 5 -4 7 9 25 10 -3 12 -12 -13 15 19 -16 18 -17 21 23 -15 -23 -2 -25 -9 27 -27 29 -29
right_child=1 6 4 -5 -6 -7 -8 8 -10 -11 11 13 -14 14 16 17 -18 -19 -20 -21 -22 22 -24 24 -26 26 -28 28 -30 -31
leaf_value=0.087725239960333198 0.017163552170486318 0.040350111924317887 -0.015721899934214491 -0.0098286489238781447 -0.032769148172544858 0.070885207276163084 0.01602232618562887 0.050530655196676461 -0.070225648634166249 0.093506949783601578 3.3292538679729811 0.23389675764705908 0.15092601881222559 0.4700274626248413 -0.19002410456322241 2.0439821212419442 0.71862891668692064 2.3924990896426608 0.01055814985718046 0.16016441244271495 -0.025291147224630356 2.0313757440500093 0.67535174780271268 0.092445975726189733 -0.008653364953046928 1.3077968929783772 0.10214674754423736 1.13492286911908 0.085665215153060206 0.10844816084982467
leaf_weight=20192 56843 1923 21860 36595 317852 17839 13098 19456 3539 5265 55 3512 193 180 276 56 172 64 56 310 18425 57 66 21933 6694 177 18744 188 578 119
leaf_count=20192 56843 1923 21860 36595 317852 17839 13098 19456 3539 5265 55 3512 193 180 276 56 172 64 56 310 18425 57 66 21933 6694 177 18744 188 578 119
internal_value=3.633e-10 0.0470013 -0.0195088 0.024859 -0.0265554 0.0231956 0.0823086 0.0980984 0.0737483 0.183631 0.2522 0.333727 0.855797 0.306463 0.512489 0.713298 0.158834 1.52372 1.02727 0.480616 0.0238638 0.808471 1.30375 0.0344603 0.0688054 0.0867258 0.122281 0.477651 0.311622 0.737039
internal_weight=586317 171979 414338 56787 357551 39699 68084 54986 42801 12185 6920 4997 248 4749 1237 789 448 176 112 613 103895 303 123 85470 28627 39262 19806 1062 885 307
internal_count=586317 171979 414338 56787 357551 39699 68084 54986 42801 12185 6920 4997 248 4749 1237 789 448 176 112 613 103895 303 123 85470 28627 39262 19806 1062 885 307
is_linear=0
shrinkage=0.05


Tree=26
num_leaves=31
num_cat=0
split_feature=6 11 0 1 12 10 7 10 10 12 11 10 7 11 10 10 8 13 1 12 2 10 11 10 11 10 7 3 10 7
split_gain=196770 58835.9 56109.1 35801.2 29846.2 31344.7 36696.7 28168 27532.9 27761.4 39216.2 24183.1 33675.2 22438.7 31506.1 31635.1 35075.7 32056.2 31305 37830.8 29840.3 31697.5 19201.1 15447.7 28982.3 18987.2 24158.5 15048.4 14953.9 14744.1
threshold=0.13702613860368731 -0.27608674764633173 7.3316884040832528 39.720970153808601 17.750000000000004 0.45972847938537603 32.560274124145515 -0.97109106183052052 0.15005400776863101 17.750000000000004 -0.92260536551475514 -0.93535929918289173 31.712438583374027 -0.67758968472480763 -0.04732095077633857 -0.1330134719610214 11.574202537536623 80.250000000000014 31.115842819213871 18.750000000000004 57.217317581176765 -0.70252096652984608 0.26780438423156744 -0.98211652040481556 -0.12447465583682059 -0.99052327871322621 29.374021530151371 26.684843063354496 -0.50495636463165272 30.46944618225098
decision_type=2 2 2 2 2 2 2 2 2 2 2 2 2 2 2 2 2 2 2 2 2 2 2 2 2 2 2 2 2 2
left_child=1 3 8 4 11 6 -6 -3 9 23 -11 12 -1 14 15 20 -17 18 19 -18 -4 -22 28 24 25 26 -2 29 -12 -23
right_child=2 7 13 -5 5 -7 -8 -9 -10 10 22 -13 -14 -15 -16 16 17 -19 -20 -21 21 27 -24 -25 -26 -27 -28 -29 -30 -31
leaf_value=-0.075870716297258819 1.3986232335884852 0.026255106143331482 0.12929053290268366 -0.043201273485137276 0.018459856756623462 -0.0057930135575477949 0.15227045352998397 -0.035335727909121081 -0.0085433983910655573 0.16211198474369798 0.077185272156040943 -0.001183880867843438 0.29229206410735781 0.05867238933103306 0.039646919888221055 0.24234215316069535 0.53271784240093367 0.34828184806693224 0.26160514603058499 2.2103168260345334 1.3185272315517069 0.45010552432743589 -0.04707662771959726 0.01020617582069188 0.039422917692516657 0.19185805954507118 0.37921070908098031 0.15318058038622273 -0.046261595374179482 1.3935840735435487
leaf_weight=999 77 19946 11738 25677 8610 11027 12654 267859 34645 9813 22868 67965 1642 18735 6089 1077 52 211 60 95 91 241 4593 48414 6458 1184 237 462 2748 50
leaf_count=999 77 19946 11738 25677 8610 11027 12654 267859 34645 9813 22868 67965 1642 18735 6089 1077 52 211 60 95 91 241 4593 48414 6458 1184 237 462 2748 50
internal_value=-9.06022e-11 -0.0185048 0.0453401 0.00961545 0.0227954 0.0626147 0.0980892 -0.0310672 0.0296861 0.0434265 0.0752718 0.0045844 0.153029 0.0980702 0.134672 0.175775 0.393223 0.781974 1.22405 1.61688 0.149938 0.437097 0.0470629 0.0208168 0.0853846 0.283529 0.629194 0.330576 0.0639423 0.612215
internal_weight=586317 416379 169938 128574 102897 32291 21264 287805 131037 96392 40022 70606 2641 38901 20166 14077 1495 418 207 147 12582 844 30209 56370 7956 1498 314 753 25616 291
internal_count=586317 416379 169938 128574 102897 32291 21264 287805 131037 96392 40022 70606 2641 38901 20166 14077 1495 418 207 147 12582 844 30209 56370 7956 1498 314 753 25616 291
is_linear=0
shrinkage=0.05


Tree=27
num_leaves=31
num_cat=0
split_feature=0 8 10 13 11 3 10 10 9 3 6 10 9 11 3 1 11 11 9 8 12 7 13 5 0 10 1 12 4 9
split_gain=179287 55501 43476.2 38830.4 34415.1 34468.6 36412.4 86445.6 39385.5 61993.2 37205.6 33201.6 27081.4 21144.7 19658 17995.1 16263.3 18912.5 74569.4 16786 16207.9 18415.6 15572.4 15773.3 15144.9 31062.4 45434.8 45741.1 14516.4 25438.4
threshold=0.52566248178482067 0.30458521842956549 1.0000000180025095e-35 79.250000000000014 -0.70250144600868214 29.986152648925785 -0.62540480494499195 -0.66484925150871266 28.962584495544437 28.850794792175297 15.278044223785402 -0.70252096652984608 32.164163589477546 -0.27608674764633173 25.515925407409672 39.582099914550788 0.73246693611145031 0.64532420039176952 24.838127136230472 0.29305543005466467 15.750000000000002 29.196641921997074 81.750000000000014 28.381810188293461 20.94362831115723 -0.15005400776863095 27.93261814117432 18.250000000000004 44.86070632934571 26.670157432556156
decision_type=2 2 2 2 2 2 2 2 2 2 2 2 2 2 2 2 2 2 2 2 2 2 2 2 2 2 2 2 2 2
left_child=1 13 3 16 5 6 7 10 9 -9 -5 -12 -10 15 -8 -1 17 24 -19 -20 -7 -22 23 -23 -2 -26 27 -27 -16 -30
right_child=2 -3 -4 4 -6 20 14 8 12 -11 11 -13 -14 -15 28 -17 -18 18 19 -21 21 22 -24 -25 25 26 -28 -29 29 -31
leaf_value=0.0095880756389618623 0.027970852836205852 0.021234721468587819 0.0052114656834768291 -0.045972149978228405 0.06278837214709912 -0.031902181780293942 1.1163791192989601 3.1818381186926139 0.517673846690619 0.77470993605200889 1.8755898207572164 0.37813390251662998 1.833842291235924 -0.031780897190727214 0.15180642591011415 -0.040138348698557057 -0.067983539744156857 1.9752055102524673 0.022817804150800574 0.55753933589135307 -0.063191196294733659 1.0670545604939645 0.076330706881385824 0.19235995444856674 0.075195578198091861 0.44978814320090943 0.22544120961705649 2.3989682392389686 1.3948299600348131 0.30542759703670003
leaf_weight=66876 44106 81029 43253 473 28949 1907 57 53 179 54 51 135 50 264693 4615 24993 3486 60 623 192 1163 52 4474 5834 7742 68 453 54 59 584
leaf_count=66876 44106 81029 43253 473 28949 1907 57 53 179 54 51 135 50 264693 4615 24993 3486 60 623 192 1163 52 4474 5834 7742 68 453 54 59 584
internal_value=3.06793e-10 -0.016119 0.0474263 0.064738 0.0975009 0.148407 0.244797 0.522398 1.17508 1.96703 0.189618 0.788727 0.805047 -0.0246076 0.192829 -0.00394002 0.0366456 0.043489 0.274029 0.148789 0.103119 0.125464 0.146643 0.200087 0.039641 0.101529 0.456095 1.31254 0.182817 0.405388
internal_weight=586317 437591 148726 105473 48689 19740 6310 995 336 107 659 186 229 356562 5315 91869 56784 53298 875 815 13430 11523 10360 5886 52423 8317 575 122 5258 643
internal_count=586317 437591 148726 105473 48689 19740 6310 995 336 107 659 186 229 356562 5315 91869 56784 53298 875 815 13430 11523 10360 5886 52423 8317 575 122 5258 643
is_linear=0
shrinkage=0.05


Tree=28
num_leaves=31
num_cat=0
split_feature=4 8 0 1 11 10 10 1 12 13 13 10 11 11 10 9 10 13 3 11 7 11 10 12 7 11 12 0 6 13
split_gain=165888 45369.1 41598 23971 27239.2 53514.5 46869.2 31025.4 36237.1 35936.1 21299.3 21891.2 21891.8 21114.3 25375.9 20861.2 19739.7 24741.4 46487.1 46404.1 27657.9 27002.2 21819.8 19047.3 17706.2 18150.7 20103.2 19241.6 16329.7 15295.8
threshold=0.24630757421255114 5.8019604682922372 2.3258372545242314 32.626295089721687 -0.92910701036453236 -0.064507851377129541 -0.1330134719610214 31.207975387573246 18.750000000000004 80.750000000000014 79.750000000000014 0.44437406957149511 -0.35768499970436091 0.33345642685890203 -0.78297284245491017 32.195915222167976 -0.46735489368438715 79.250000000000014 27.02042388916016 -0.81401595473289479 28.378865242004398 0.77756834030151378 -0.97505551576614369 16.250000000000004 29.73897743225098 -0.12447465583682059 17.250000000000004 0.52566248178482067 14.462930202484133 81.750000000000014
decision_type=2 2 2 2 2 2 2 2 2 2 2 2 2 2 2 2 2 2 2 2 2 2 2 2 2 2 2 2 2 2
left_child=2 10 13 4 5 6 -3 8 -8 15 -2 12 23 14 -1 -10 17 22 19 -19 -21 -20 24 -12 25 26 -6 -28 -23 -25
right_child=1 3 -4 -5 16 -7 7 -9 9 -11 11 -13 -14 -15 -16 -17 -18 18 21 20 -22 28 -24 29 -26 -27 27 -29 -30 -31
leaf_value=0.030639128863023602 0.010512464351990103 0.20346932167888163 0.030789708753128239 0.022020442198590326 0.30088692131350836 -0.017174215213678967 0.41149655966279663 0.17012342204663911 1.9736502368619124 0.53491694690151659 -0.041482076037097207 -0.017263336350908959 0.020396472743612684 -0.032623702446354555 -0.018038103292698966 0.82916590995315842 -0.027551910282388604 1.6634036682380573 0.11872171843522966 0.88946014502065252 0.0097915112643557449 1.117624006641132 0.0054867102866688281 0.16969194825341163 0.061021171848030159 0.16226880737275395 1.7393805399537088 0.60593452787241053 0.25209904588420284 0.077695220901614709
leaf_weight=32829 75429 4985 41980 11551 303 2357 321 301 127 132 1970 8197 11828 204052 145157 58 3645 90 10587 159 204 108 8637 8759 2033 907 56 113 110 9332
leaf_count=32829 75429 4985 41980 11551 303 2357 321 301 127 132 1970 8197 11828 204052 145157 58 3645 90 10587 159 204 108 8637 8759 2033 907 56 113 110 9332
internal_value=2.68978e-10 0.0429878 -0.0164542 0.0845275 0.10502 0.184334 0.264508 0.588554 0.785963 1.16516 0.0261641 0.0556156 0.0743489 -0.0216456 -0.00905973 1.61484 0.0806511 0.0975731 0.150868 0.647082 0.395101 0.130064 0.0477772 0.106159 0.15483 0.293127 0.544586 0.981514 0.680891 0.122237
internal_weight=586317 162299 424018 46784 35233 8281 5924 939 638 317 115515 40086 31889 382038 177986 185 26952 23307 11258 453 363 10805 12049 20061 3412 1379 472 169 218 18091
internal_count=586317 162299 424018 46784 35233 8281 5924 939 638 317 115515 40086 31889 382038 177986 185 26952 23307 11258 453 363 10805 12049 20061 3412 1379 472 169 218 18091
is_linear=0
shrinkage=0.05


Tree=29
num_leaves=31
num_cat=0
split_feature=6 2 11 10 9 10 13 11 10 5 1 12 11 13 13 10 12 2 13 10 11 12 10 7 13 10 10 7 8 3
split_gain=151022 46510 45315.9 30003 33610.9 25549.4 28190.3 25000.4 28865.6 24370 23966.3 26325.1 26166.6 22746.8 23214.7 22136.3 30491.9 21287.6 20144.5 33689.9 19388.7 25683.8 18354.1 37354.8 16586.7 16462.1 16189.1 15334 14956.3 14863.2
threshold=0.13702613860368731 12.996385574340822 -0.27608674764633173 -0.93535929918289173 30.94557094573975 0.15005400776863101 78.250000000000014 -0.67758968472480763 -0.62540480494499195 30.193783760070804 39.720970153808601 17.750000000000004 -0.90878397226333607 82.250000000000014 78.750000000000014 -0.3415676057338714 15.250000000000002 37.52710151672364 79.250000000000014 -0.90880924463272084 -0.92910701036453236 16.750000000000004 -0.38168568909168238 33.012615203857429 82.250000000000014 -0.444374069571495 -0.97505551576614369 29.888275146484379 68.946147918701186 32.923368453979499
decision_type=2 2 2 2 2 2 2 2 2 2 2 2 2 2 2 2 2 2 2 2 2 2 2 2 2 2 2 2 2 2
left_child=2 5 3 4 -1 6 26 8 9 17 11 -5 13 14 -13 16 18 -3 -4 -20 21 -8 23 -16 -23 -22 27 28 -2 -28
right_child=1 7 15 10 -6 -7 20 -9 -10 -11 -12 12 -14 -15 22 -17 -18 -19 19 -21 25 24 -24 -25 -26 -27 29 -29 -30 -31
leaf_value=-0.084942387087166865 0.14618959787147173 0.32365072751362489 0.018915459573523502 -0.0020650989644687419 0.2383702754228034 -0.0079133852143503103 0.0091546471321298489 0.050867557202200667 0.12134850183599924 0.068853506183519902 -0.038854706584943922 0.080350150430311074 0.021835283489227773 -0.005112798128558943 0.17127470590174199 -0.036886126279365279 -0.024808474256593924 0.79859172943618717 -0.0079065979305225197 0.26833974661565529 0.056353583204793181 0.19721916111866455 0.23591343288630756 1.9134209002107383 0.056951363676236801 -0.041593673281655606 -0.015683675261847448 0.014900479287110649 1.0178671758770943 0.089204526083667024
leaf_weight=1131 3114 674 21294 67965 2779 36232 4214 13210 12185 514 25677 3831 21016 2663 80 193906 68182 363 2116 2307 44545 7170 3382 50 2985 4747 31863 4294 50 3778
leaf_count=1131 3114 674 21294 67965 2779 36232 4214 13210 12185 514 25677 3831 21016 2663 80 193906 68182 363 2116 2307 44545 7170 3382 50 2985 4747 31863 4294 50 3778
internal_value=2.75656e-10 0.0397213 -0.0162116 0.00846721 0.144849 0.0283662 0.0406787 0.0999782 0.147208 0.350368 0.00418968 0.0153553 0.053521 0.120072 0.165471 -0.0272366 -0.00730973 0.489903 0.0390837 0.136181 0.0618191 0.112926 0.258324 0.841331 0.155988 0.0469209 0.00945257 0.0764428 0.159965 -0.00456537
internal_weight=586317 169938 416379 128574 3910 142992 106760 26946 13736 1551 124664 98987 31022 10006 7343 287805 93899 1037 25717 4423 63661 14369 3512 130 10155 49292 43099 7458 3164 35641
internal_count=586317 169938 416379 128574 3910 142992 106760 26946 13736 1551 124664 98987 31022 10006 7343 287805 93899 1037 25717 4423 63661 14369 3512 130 10155 49292 43099 7458 3164 35641
is_linear=0
shrinkage=0.05


Tree=30
num_leaves=31
num_cat=0
split_feature=4 0 8 10 11 0 3 11 7 13 11 10 10 2 6 0 10 13 7 11 1 11 12 10 12 10 1 13 13 10
split_gain=138131 46416.4 33980.5 19223.3 22965 17741.7 18355.2 22756.6 21659.9 17648.3 21336.8 24310.6 17572.5 22249.1 19611.1 25779.9 15937.5 15207.5 15142.1 14909.1 14026.1 13498.4 16522.2 20033.7 13152.9 13112.9 18640.2 13505.8 13028.3 17436.8
threshold=1.3339971899986269 1.011194169521332 13.829658031463625 -0.94130858778953541 -0.42108526825904841 22.479414939880375 27.308145523071293 -0.65187487006187428 30.534151077270511 79.250000000000014 -0.95234230160713185 -0.444374069571495 -0.54883790016174305 12.522800922393801 4.6472909450531015 7.2065787315368661 0.25118774175643926 79.250000000000014 32.323551177978523 -0.71464690566062916 27.163667678833011 -0.22610731422901151 15.750000000000002 -0.97109106183052052 18.750000000000004 -0.83354803919792164 32.965463638305671 78.750000000000014 83.750000000000014 -0.99052327871322621
decision_type=2 2 2 2 2 2 2 2 2 2 2 2 2 2 2 2 2 2 2 2 2 2 2 2 2 2 2 2 2 2
left_child=1 3 9 18 25 -4 7 8 19 -2 -11 12 -12 -14 -15 -16 17 -3 -1 -7 -21 22 -19 -24 -17 26 -5 -28 -20 -30
right_child=2 16 5 4 -6 6 -8 -9 -10 10 11 -13 13 14 15 24 -18 21 28 20 -22 -23 23 -25 -26 -27 27 -29 29 -31
leaf_value=0.061646416091582758 0.016106866162693977 0.016581426062802846 0.085334784867332647 0.0044772963268532523 -0.029609366822632349 0.34912524416338742 0.14008643297680723 -0.10645453931392912 1.4966534605351363 0.1249424098320356 0.056925701606536962 -0.015785553515996233 0.11476773078071141 0.20623398737430021 0.21911926634609699 1.7139364543321887 -0.013712326878640262 -0.021902313705511267 -0.024270888117712958 0.41427625963354808 1.575810245059009 0.020055305107064502 0.8754295792807355 0.12221456578725359 0.72818068168202388 -0.0052699582871599503 0.40297437057160768 0.10759824973009041 0.81084780953140978 0.043086504411438242
leaf_weight=12623 57222 28749 18496 2884 271456 508 2202 167 55 9383 22457 12632 1510 270 100 76 18955 2196 12269 51 53 7710 89 10917 61 91208 605 1074 109 230
leaf_count=12623 57222 28749 18496 2884 271456 508 2202 167 55 9383 22457 12632 1510 270 100 76 18955 2196 12269 51 53 7710 89 10917 61 91208 605 1074 109 230
internal_value=1.41371e-10 -0.0126485 0.0465648 -0.0192819 -0.0221825 0.103723 0.215748 0.415515 0.546203 0.0346979 0.057581 0.0405473 0.069623 0.210993 0.49758 0.829494 0.0252921 0.0401796 0.0229351 0.460787 1.00621 0.0726214 0.10332 0.128305 1.27502 -0.00113176 0.081585 0.214032 -0.0158223 0.289948
internal_weight=586317 461074 125243 392458 367227 21532 3036 834 667 103711 46489 37106 24474 2017 507 237 68616 49661 25231 612 104 20912 13202 11006 137 95771 4563 1679 12608 339
internal_count=586317 461074 125243 392458 367227 21532 3036 834 667 103711 46489 37106 24474 2017 507 237 68616 49661 25231 612 104 20912 13202 11006 137 95771 4563 1679 12608 339
is_linear=0
shrinkage=0.05


Tree=31
num_leaves=31
num_cat=0
split_feature=8 2 11 10 13 10 11 10 10 3 13 9 9 11 10 3 13 3 10 12 0 11 3 6 11 10 10 1 7 13
split_gain=126184 38634.1 35465.3 42696.9 21215 22034.6 17633.8 23753.8 23733.5 29872.9 42222 65193.6 23237.8 22706 26350.8 36347 35610.9 20904.5 30051.6 30508.3 16608.7 15312.2 13356.8 13658.7 12966.3 16196.7 17541.1 29940.1 18189 21494.8
threshold=0.21460870653390887 12.07750463485718 0.34963449835777288 0.59125596284866344 79.250000000000014 0.23448921740055087 -0.67758968472480763 -0.62540480494499195 -0.67760851979255665 30.803702354431156 78.750000000000014 28.962584495544437 31.13177585601807 -0.83352491259574879 -0.51973900198936451 27.308145523071293 79.750000000000014 26.491054534912113 -0.71466678380966175 17.750000000000004 6.4068396091461191 -0.92910701036453236 30.32827186584473 2.6666123867034917 -0.92910701036453236 -0.04732095077633857 -0.15005400776863095 31.735107421875004 33.311262130737312 80.750000000000014
decision_type=2 2 2 2 2 2 2 2 2 2 2 2 2 2 2 2 2 2 2 2 2 2 2 2 2 2 2 2 2 2
left_child=2 4 3 20 -2 21 7 8 17 10 -10 -12 -13 14 15 16 -9 18 19 -3 -1 22 23 -6 25 26 -16 28 29 -28
right_child=1 6 -4 -5 5 -7 -8 13 9 -11 11 12 -14 -15 24 -17 -18 -19 -20 -21 -22 -23 -24 -25 -26 -27 27 -29 -30 -31
leaf_value=0.01171160748734159 0.009425089170143305 0.26180346416863237 -0.02927457906792888 -0.02380779403342112 0.064772966161870699 -0.0076169042705380484 0.050135439960471276 0.46802474220647761 0.12093924378806896 0.040448448275392124 2.701442739793233 0.21036542971463257 1.2891377888548261 -0.086742557180298413 0.14795508928565562 0.18440602710323195 1.9769691121052295 0.043438567368528774 -0.061256523834991042 1.6580871239484076 0.061076687695818026 0.049218169667650212 0.092694552408694342 0.35129099700210653 0.017087725155912399 0.053351611220078768 0.84045699762944093 -0.0015214913966880238 0.048947807473058887 0.23505929706748141
leaf_weight=92952 78116 74 206513 101807 670 13331 12710 92 143 185 56 96 104 1339 3595 316 68 814 116 83 20863 35236 9303 1097 2552 2877 461 377 156 215
leaf_count=92952 78116 74 206513 101807 670 13331 12710 92 143 185 56 96 104 1339 3595 316 68 814 116 83 20863 35236 9303 1097 2552 2877 461 377 156 215
internal_value=7.28459e-11 0.0371936 -0.0144658 -0.000282623 0.0265697 0.0490268 0.0925672 0.131878 0.308541 0.565622 0.809124 1.19354 0.771327 0.107376 0.131648 0.495304 1.10933 0.170421 0.549044 0.999966 0.0207605 0.0653339 0.116631 0.242651 0.114732 0.147174 0.203362 0.368115 0.535606 0.647912
internal_weight=586317 164182 422135 215622 137753 59637 26429 13719 1671 584 399 256 200 12048 10709 476 160 1087 273 157 113815 46306 11070 1767 10233 7681 4804 1209 832 676
internal_count=586317 164182 422135 215622 137753 59637 26429 13719 1671 584 399 256 200 12048 10709 476 160 1087 273 157 113815 46306 11070 1767 10233 7681 4804 1209 832 676
is_linear=0
shrinkage=0.05


Tree=32
num_leaves=31
num_cat=0
split_feature=0 6 10 11 12 2 11 1 7 10 4 10 9 5 10 2 10 10 1 13 10 3 10 10 11 10 7 13 12 10
split_gain=115490 46618.7 26021.5 23990.4 37639.3 25749.7 20236.3 18131 24557.9 18389 16929.1 24807.2 17817.8 17495.6 27558.3 36282.2 16812.2 24209.1 39467.2 34840.4 46399.2 19342.2 16910.6 16767.3 24238.8 35129 30219.8 26185.6 20237.9 27945.4
threshold=2.0668512582778935 2.1505448818206792 0.081675637513399138 -0.69014781713485707 16.250000000000004 69.412918090820327 -0.27608674764633173 39.852291107177741 31.585505485534672 -0.82391539216041554 18.522088050842289 -0.62540480494499195 32.814941406250007 27.547017097473148 -0.67760851979255665 19.806551933288578 -0.70252096652984608 -0.38168568909168238 29.331702232360843 81.250000000000014 -0.56314551830291737 30.739950180053714 -0.28435654938220972 -0.83354803919792164 -0.12447465583682059 -0.98211652040481556 30.20611667633057 80.250000000000014 16.750000000000004 -0.99052327871322621
decision_type=2 2 2 2 2 2 2 2 2 2 2 2 2 2 2 2 2 2 2 2 2 2 2 2 2 2 2 2 2 2
left_child=1 6 3 4 -2 10 7 8 -1 -10 12 13 -6 14 -12 -16 -14 18 19 20 -18 -22 -19 24 25 26 27 28 29 -3
right_child=2 23 -4 -5 5 -7 -8 -9 9 -11 11 -13 16 -15 15 -17 17 22 -20 -21 21 -23 -24 -25 -26 -27 -28 -29 -30 -31
leaf_value=-0.036414265474728612 0.0053790692543816557 1.4760613151707813 0.0030970772978306128 0.036559232089233618 0.062662874007724342 0.41852375607995373 -0.024278151318417401 -0.037759293674517781 0.099822803170473595 0.015156511451814736 0.29046159550450218 0.15470875326593189 -0.28288053855957357 0.29990554020845711 0.46396100451797251 2.3249557505751199 2.5654432308673858 -0.13947066464337321 0.22582632673749914 0.13561208544452805 0.39041231174751656 1.6010393940657377 0.15412156343717498 0.011501609122083589 0.017099413355777953 0.084695462683566231 0.1703231683180764 -0.05783199397459006 1.2881854851151238 0.31900927915466731
leaf_weight=22544 9543 67 27062 48658 14429 709 285796 25520 7061 69908 104 4321 204 388 50 55 50 563 1395 109 97 50 3807 43607 11160 7698 870 108 148 236
leaf_count=22544 9543 67 27062 48658 14429 709 285796 25520 7061 69908 104 4321 204 388 50 55 50 563 1395 109 97 50 3807 43607 11160 7698 870 108 148 236
internal_value=3.93531e-11 -0.0107591 0.0457694 0.0594305 0.0904522 0.121285 -0.0169383 -0.000160999 0.00948104 0.0229236 0.11306 0.196449 0.0932514 0.498563 0.867362 1.43877 0.163588 0.17859 0.338626 0.852862 1.24972 0.80219 0.116297 0.028972 0.0665246 0.126959 0.354632 0.641481 0.808944 0.574859
internal_weight=586317 474723 111594 84532 35874 26331 410829 125033 99513 76969 25622 4918 20704 597 209 105 6275 6071 1701 306 197 147 4370 63894 20287 9127 1429 559 451 303
internal_count=586317 474723 111594 84532 35874 26331 410829 125033 99513 76969 25622 4918 20704 597 209 105 6275 6071 1701 306 197 147 4370 63894 20287 9127 1429 559 451 303
is_linear=0
shrinkage=0.05


Tree=33
num_leaves=31
num_cat=0
split_feature=4 0 10 11 12 1 7 1 13 10 11 5 10 10 13 13 9 9 11 6 5 10 9 1 0 10 9 2 9 7
split_gain=107064 37631.6 27224.6 39719.2 29535.4 32757.6 40928.8 31862.8 40868.1 20627.6 22377.1 18107.9 20628.2 39722 22176.9 43605.4 28650.1 16605.1 16548.6 17192.5 19901.7 29818.2 57447.8 115939 15743 15638.3 30599.9 15535 15152.2 15149.5
threshold=1.9686787724494936 3.7640973329544072 1.0000000180025095e-35 -0.95744973421096791 18.250000000000004 31.023309707641605 29.101040840148929 27.01949501037598 79.250000000000014 -0.94130858778953541 -0.42108526825904841 31.698678970336918 -0.04732095077633857 -0.1330134719610214 77.250000000000014 80.750000000000014 33.092733383178718 30.8515739440918 0.88201534748077404 21.945011138916019 28.025094032287601 -0.38168568909168238 27.53487586975098 29.108410835266117 20.94362831115723 -0.25118774175643915 31.006347656250004 1.8040165305137636 32.814941406250007 32.357187271118171
decision_type=2 2 2 2 2 2 2 2 2 2 2 2 2 2 2 2 2 2 2 2 2 2 2 2 2 2 2 2 2 2
left_child=1 9 3 4 -2 6 -6 8 -8 29 -11 12 13 24 -15 16 17 -16 19 -5 21 -21 23 -23 27 26 -7 -9 -27 -1
right_child=2 -3 -4 18 5 25 7 11 -10 10 -12 -13 -14 14 15 -17 -18 -19 -20 20 -22 22 -24 -25 -26 28 -28 -29 -30 -31
leaf_value=0.057176770566594273 0.068116076476075024 0.031695889401495418 0.0027039152953119167 0.037476600485338386 0.05711988056955844 1.0618384996889729 2.1668921175599101 1.0179703964962872 0.42127473075923166 0.00031988049657447103 -0.025878788131670657 0.15371468510197969 -0.011122900718895112 0.18906287046770254 1.2806422786008229 0.58004648383165247 0.6131680196358098 2.3857278695602093 -0.088817244046796986 0.17244927113689978 0.071726807196514294 0.14796728098299425 0.091068775710960226 3.3264674067497255 -0.0078699982882320108 -0.038394308895980056 -0.099483254202851312 0.35725174791079539 0.21026575589084581 -0.013165980510038254
leaf_weight=16365 6705 47625 29859 57915 948 116 60 109 76 115026 279685 544 181 90 55 227 54 89 2278 1924 8360 64 150 52 231 1534 111 484 1020 14380
leaf_count=16365 6705 47625 29859 57915 948 116 60 109 76 115026 279685 544 181 90 55 227 54 89 2278 1924 8360 64 150 52 231 1534 111 484 1020 14380
internal_value=2.18801e-10 -0.0104532 0.0436719 0.0583433 0.140005 0.221303 0.331766 0.450114 1.1914 -0.0151714 -0.018244 0.40127 0.489868 0.55759 0.902063 1.05305 1.59533 1.96365 0.0437593 0.0481705 0.106875 0.24105 0.737243 1.57281 0.342294 0.0962621 0.493968 0.478699 0.0609139 0.0242762
internal_weight=586317 473081 113236 83377 12634 5929 3148 2200 136 425456 394711 2064 1520 1339 515 425 198 144 70743 68465 10550 2190 266 116 824 2781 227 593 2554 30745
internal_count=586317 473081 113236 83377 12634 5929 3148 2200 136 425456 394711 2064 1520 1339 515 425 198 144 70743 68465 10550 2190 266 116 824 2781 227 593 2554 30745
is_linear=0
shrinkage=0.05


Tree=34
num_leaves=31
num_cat=0
split_feature=2 8 6 1 11 10 9 10 10 10 9 10 5 13 10 11 11 3 9 9 10 10 12 7 1 7 11 2 5 11
split_gain=98989.6 39738.6 21566.9 19200.9 22926.6 32410.1 124517 17832 18981.3 37471.5 41879.7 28341.4 33985.2 18677.8 17539.4 18237.1 16460.8 29963.9 25815.5 16440.1 17910.6 21388.7 21891 20941.9 15950.1 39125.1 14620 39733.3 19170.5 14545.1
threshold=2.2936775684356694 1.9023008942604067 9.1625895500183123 32.21832466125489 -0.92910701036453236 -0.34964421391487116 27.018005371093754 -0.444374069571495 -0.73831951618194569 -0.70252096652984608 29.705581665039066 -0.71466678380966175 27.944066047668461 79.250000000000014 -0.93535929918289173 -0.37370587885379786 -0.78295108675956715 26.491054534912113 32.49201965332032 28.376096725463871 -0.04732095077633857 -0.28435654938220972 18.250000000000004 27.168518066406254 27.01949501037598 29.147802352905277 -0.73829901218414296 22.515484809875492 29.406868934631351 -0.29258950054645533
decision_type=2 2 2 2 2 2 2 2 2 2 2 2 2 2 2 2 2 2 2 2 2 2 2 2 2 2 2 2 2 2
left_child=1 14 -2 4 5 6 -4 8 -6 10 11 -10 -13 -11 29 -16 17 -15 -19 -7 21 23 -23 -21 25 -24 27 -18 -28 -1
right_child=2 -3 3 -5 7 19 -8 -9 9 13 -12 12 -14 16 15 -17 26 18 -20 20 -22 22 24 -25 -26 -27 28 -29 -30 -31
leaf_value=0.12912405484447106 0.0304708899875069 0.025685529078662048 2.9827242855876683 0.0096284623811270387 0.058229421514837759 0.015521537362793325 0.058874255500789452 -0.07240727743943863 0.57043885730627331 -0.0036784557639490418 -0.01754202990361103 0.7580867455489394 2.4328224109830678 1.1544544723245405 -0.0016484281854253265 -0.025589258749111051 0.31868285224175991 -0.11158476678887382 0.58351674205055681 0.89213381482888077 0.046165154634039605 0.17230158696406733 0.25060120930716601 -0.11186025156918485 0.44700126712620475 1.9740017963449159 -0.064898513655053156 1.4879666664082596 0.58965895272570679 0.010117783054259645
leaf_weight=2844 81444 67845 50 6766 9379 1177 134 1765 257 1531 205 69 54 62 113105 268096 273 720 164 59 937 789 73 434 1054 60 268 99 192 26412
leaf_count=2844 81444 67845 50 6766 9379 1177 134 1765 257 1531 205 69 54 62 113105 268096 273 720 164 59 937 789 73 434 1054 60 268 99 192 26412
internal_value=2.48177e-10 -0.00976314 0.0432322 0.0823476 0.107191 0.202739 0.853399 0.076902 0.0967567 0.189553 0.558439 0.869166 1.49334 0.124337 -0.0156225 -0.0184858 0.234568 0.0918942 0.0173707 0.176617 0.232286 0.302919 0.376427 0.0082932 0.512109 1.02808 0.396792 0.629863 0.208308 0.0216865
internal_weight=586317 478302 108015 26571 19805 4767 184 15038 13273 3894 585 380 123 3309 410457 381201 1778 946 884 4583 3406 2469 1976 493 1187 133 832 372 460 29256
internal_count=586317 478302 108015 26571 19805 4767 184 15038 13273 3894 585 380 123 3309 410457 381201 1778 946 884 4583 3406 2469 1976 493 1187 133 832 372 460 29256
is_linear=0
shrinkage=0.05


Tree=35
num_leaves=31
num_cat=0
split_feature=4 0 10 11 12 1 7 1 13 10 11 5 7 9 3 3 13 10 10 13 9 5 2 11 12 11 8 10 9 0
split_gain=89601.1 31890 23263.9 34565 25330.7 28263.2 36137.4 26086.3 37038.4 17245.4 18507.9 16562.7 26527.4 23719.4 17686 15911.4 15529 19201.3 39426.5 23292.8 21479.9 19906.8 19841.9 15060 32973.1 14752.6 15306.1 14085.4 27624 14663.4
threshold=1.9686787724494936 3.7640973329544072 -1.0000000180025095e-35 -0.95744973421096791 18.250000000000004 31.023309707641605 29.101040840148929 27.01949501037598 79.250000000000014 -0.83354803919792164 -0.10737737268209456 31.265269279479984 30.136150360107425 29.249510765075687 28.101640701293949 30.091538429260257 77.250000000000014 -0.064507851377129541 -0.1330134719610214 80.750000000000014 32.594768524169929 29.949045181274418 1.050206780433655 -0.91583034396171559 16.250000000000004 0.91234096884727489 42.97387886047364 -0.25118774175643915 31.006347656250004 0.34293018281459814
decision_type=2 2 2 2 2 2 2 2 2 2 2 2 2 2 2 2 2 2 2 2 2 2 2 2 2 2 2 2 2 2
left_child=1 9 3 4 -2 6 -6 8 -8 10 15 13 -13 -9 -15 -1 -16 18 22 21 -19 -20 -18 24 -11 26 -5 28 29 -7
right_child=2 -3 -4 25 5 27 7 11 -10 23 -12 12 -14 14 16 -17 17 20 19 -21 -22 -23 -24 -25 -26 -27 -28 -29 -30 -31
leaf_value=-0.036758653768370633 0.063117687885049165 0.029237904435632036 0.002080935105330741 0.038586327298716895 0.049518027723876645 1.5125520778252395 2.0181897158920767 -0.11352968736982985 0.35637182458058786 -0.032544321361411013 -0.00843568874632151 1.2634600219070773 0.1026227309748379 -0.18142575338715689 0.15204747361596674 0.075031984983866984 1.3896378207052578 -0.21793756329907327 0.96885414050435126 0.81235095261321444 0.93045715860449352 2.2035591367150054 0.40416719214794905 -0.021175162745764926 0.065090753640357574 -0.10468985986598767 0.15600546080244215 0.055288452614928742 -0.09757596306704186 0.38217215145436617
leaf_weight=4028 6705 47625 29859 66125 948 64 60 149 76 18362 38811 53 689 76 160 15173 58 109 53 139 65 85 428 332737 16345 1721 2897 2554 111 52
leaf_count=4028 6705 47625 29859 66125 948 64 60 149 76 18362 38811 53 689 76 160 15173 58 109 53 139 65 85 428 332737 16345 1721 2897 2554 111 52
internal_value=-8.39688e-11 -0.00956279 0.0399518 0.0535141 0.129693 0.204982 0.307588 0.418793 1.08953 -0.0139061 0.0114287 0.374598 0.18554 0.48071 0.556193 0.0515805 0.607296 0.685033 0.793121 1.2692 0.21106 1.72936 0.521775 -0.0179059 0.0134362 0.0399092 0.0435147 0.0888357 0.466279 1.00583
internal_weight=586317 473081 113236 83377 12634 5929 3148 2200 136 425456 58012 2064 742 1322 1173 19201 1097 937 763 277 174 138 486 367444 34707 70743 69022 2781 227 116
internal_count=586317 473081 113236 83377 12634 5929 3148 2200 136 425456 58012 2064 742 1322 1173 19201 1097 937 763 277 174 138 486 367444 34707 70743 69022 2781 227 116
is_linear=0
shrinkage=0.05


Tree=36
num_leaves=31
num_cat=0
split_feature=2 8 11 4 9 10 10 11 5 10 11 11 12 10 7 1 4 10 11 3 12 10 13 3 7 3 0 10 9 9
split_gain=83203.8 37175.3 18731.5 18650.5 17727.7 22343.2 98837.7 17099 34323 14974.3 16020.7 12645 19360.6 16654.4 21155.8 23961.5 14302.3 14082.8 19057.2 37198.3 18711.3 14498.9 21963.8 15572.8 21543.5 13783.9 13296.4 22218.9 12373.1 21277.2
threshold=3.1336501836776738 1.9023008942604067 0.87377473711967479 44.86070632934571 27.834531784057621 -0.3334656953811645 -0.38168568909168238 0.86527520418167125 28.851022720336918 -0.93535929918289173 -0.38961601257324213 -0.95234230160713185 15.750000000000002 -0.04732095077633857 29.456991195678714 32.317893981933601 21.008079528808597 -0.444374069571495 -0.83352491259574879 26.491054534912113 17.250000000000004 -0.5343676209449767 80.250000000000014 33.131374359130866 32.064420700073249 28.902009963989261 28.163828849792484 -0.1330134719610214 31.874295234680179 38.476831436157234
decision_type=2 2 2 2 2 2 2 2 2 2 2 2 2 2 2 2 2 2 2 2 2 2 2 2 2 2 2 2 2 2
left_child=1 9 3 7 5 6 -5 11 -9 -1 28 12 -2 14 -14 16 -16 18 19 20 -13 22 -21 24 25 -24 -18 -28 -11 -30
right_child=2 -3 -4 4 -6 -7 -8 8 -10 10 -12 17 13 -15 15 -17 26 -19 -20 21 -22 -23 23 -25 -26 -27 27 -29 29 -31
leaf_value=0.019665317268290326 -0.018219283164772893 0.024756362355901725 -0.083175864542321662 0.28585040557858438 0.10472350117186886 -0.015403821051842842 2.4278479599053902 0.017938336885223786 1.6129215018107343 -0.033466949557337894 -0.023401193230595217 0.098583119724773696 0.0062836734650658678 0.050745190443437886 0.22744906772028861 0.025701292976176383 0.36650981386756909 -0.0028994289355910338 0.036908963830182835 0.044356227503320973 1.0682451090875216 0.066713285018907206 1.1713869355180684 0.048633580696251656 1.6515922633271953 0.11156908436255022 0.34631836288741658 1.6696630078143089 0.026296124933675502 -0.023090547056154102
leaf_weight=30424 4206 72165 2884 371 3581 227 63 96 52 23585 271434 72 1782 7505 3650 1412 437 21640 45357 286 161 2692 51 72 65 77 70 58 56205 35637
leaf_count=30424 4206 72165 2884 371 3581 227 63 96 52 23585 271434 72 1782 7505 3650 1412 437 21640 45357 286 161 2692 51 72 65 77 70 58 56205 35637
internal_value=-1.63996e-10 -0.00837933 0.0423391 0.0461907 0.148638 0.386548 0.596786 0.0413481 0.578338 -0.0141098 -0.016766 0.040461 0.0765239 0.103243 0.156421 0.203968 0.263686 0.0306768 0.0455559 0.158386 0.768607 0.114544 0.348226 0.676176 0.910285 0.53384 0.497783 0.945959 -0.00116283 0.00713286
internal_weight=586317 489450 96867 93983 4242 661 434 89741 148 417285 386861 89593 19120 14914 7409 5627 4215 70473 48833 3476 233 3243 551 265 193 128 565 128 115427 91842
internal_count=586317 489450 96867 93983 4242 661 434 89741 148 417285 386861 89593 19120 14914 7409 5627 4215 70473 48833 3476 233 3243 551 265 193 128 565 128 115427 91842
is_linear=0
shrinkage=0.05


Tree=37
num_leaves=31
num_cat=0
split_feature=8 2 0 10 11 9 13 9 1 4 13 11 9 13 11 1 10 10 7 11 12 10 5 12 11 10 11 7 3 10
split_gain=75124.8 26377.9 24041.7 14164.6 14960.9 25983.6 15131.7 18484.5 13337.9 23794.7 18172.7 12929.9 12223.5 11838.8 15599.1 15304.1 16901.4 15169.7 20323.6 18422.7 28490.7 15726.3 15071.7 16814.8 21352.5 21326.2 17387.3 17346.5 18277.1 42981
threshold=1.0790319442749026 3.1336501836776738 7.3316884040832528 -0.93535929918289173 -0.29258950054645533 30.94557094573975 83.750000000000014 34.49261665344239 30.096134185791019 0.11312321946024896 77.750000000000014 -0.37370587885379786 33.306697845458991 79.250000000000014 -0.91583034396171559 30.774036407470707 -0.04732095077633857 -0.97505551576614369 29.582084655761722 -0.12447465583682059 17.250000000000004 -0.98211652040481556 31.668210983276371 14.750000000000002 0.18399153649806979 -0.3415676057338714 0.41326330602169042 29.619219779968265 31.146760940551761 -0.66484925150871266
decision_type=2 2 2 2 2 2 2 2 2 2 2 2 2 2 2 2 2 2 2 2 2 2 2 2 2 2 2 2 2 2
left_child=1 3 13 4 5 -1 12 -8 9 10 -7 -5 -6 17 15 16 -15 18 19 20 -2 -22 23 25 -25 26 -16 -28 -29 -30
right_child=2 -3 -4 11 6 8 7 -9 -10 -11 -12 -13 -14 14 22 -17 -18 -19 -20 -21 21 -23 -24 24 -26 -27 27 28 29 -31
leaf_value=-0.1035442896837538 0.25058381794423623 0.024795064572152407 0.072141856563203682 -0.00198065147568792 0.026416269719740322 1.5325643402294837 0.14989814379593222 0.98963839457585268 0.18228389292148031 -0.17087587730525292 0.47105731022995467 -0.022339993823683738 -0.049089795614740098 0.32166763219122596 -0.021066885155471483 0.068424661837731257 -0.067116363419474093 -0.0037155744723334281 0.02178299468062754 0.097228423589886523 1.5732681662216783 0.53777389417995103 -0.0047745539757849771 0.085197524093280907 -0.055611353040701909 -0.058676831434200882 0.21492776374160139 0.46021284874969803 0.3704839835978217 2.2268443419716575
leaf_weight=825 573 49612 30575 110184 17282 69 410 78 1683 73 97 266855 7770 1263 256 8765 359 49168 5471 1363 70 77 19105 9207 3805 486 405 304 72 55
leaf_count=825 573 49612 30575 110184 17282 69 410 78 1683 73 97 266855 7770 1263 256 8765 359 49168 5471 1363 70 77 19105 9207 3805 486 405 304 72 55
internal_value=-1.33493e-10 -0.00961795 0.0333049 -0.0138301 0.0202946 0.13117 0.00836916 0.284119 0.23192 0.581446 0.912286 -0.0163903 0.0029977 0.0215253 0.0409623 0.0945329 0.235617 0.00641958 0.072388 0.205302 0.409892 1.03087 0.0244483 0.0627145 0.0440219 0.216852 0.339477 0.449882 0.670664 1.17442
internal_weight=586317 454938 131379 405326 28287 2747 25540 488 1922 239 166 377039 25052 100804 44082 10387 1622 56722 7554 2083 720 147 33695 14590 13012 1578 1092 836 431 127
internal_count=586317 454938 131379 405326 28287 2747 25540 488 1922 239 166 377039 25052 100804 44082 10387 1622 56722 7554 2083 720 147 33695 14590 13012 1578 1092 836 431 127
is_linear=0
shrinkage=0.05


Tree=38
num_leaves=31
num_cat=0
split_feature=4 0 6 10 11 9 1 12 10 9 10 13 5 2 10 11 3 2 5 1 13 9 10 10 3 11 11 13 5 8
split_gain=68911.7 24816.2 19761 15091 24053.6 24447.6 23842.1 30898.7 24989 29148.6 21151 34585.3 21621 14939.1 14578.4 14970.1 17814.4 14194.1 12350.5 11271.5 14621.4 19124.6 10828.4 39922.3 31348.5 37777.7 38942.3 27291.7 21611.7 14713.5
threshold=1.9686787724494936 6.4068396091461191 8.431364059448244 -0.055916473269462579 -0.95744973421096791 28.376096725463871 30.993125915527347 18.250000000000004 -0.25118774175643915 30.406868934631351 -0.1330134719610214 80.250000000000014 30.42714881896973 57.217317581176765 -0.83354803919792164 -0.10737737268209456 30.159691810607914 7.3823645114898691 31.115818023681644 31.961493492126468 83.750000000000014 34.49261665344239 -0.62540480494499195 -0.72660079598426808 30.58529090881348 0.70860043168067943 0.69635042548179638 78.750000000000014 26.495076179504398 6.5691564083099374
decision_type=2 2 2 2 2 2 2 2 2 2 2 2 2 2 2 2 2 2 2 2 2 2 2 2 2 2 2 2 2 2
left_child=1 14 -2 4 5 -4 7 -7 9 -8 13 12 -12 -9 15 16 -1 -16 -13 -17 -21 -22 23 -6 25 26 27 -25 -29 -30
right_child=2 -3 3 -5 22 6 8 10 -10 -11 11 18 -14 -15 17 19 -18 -19 -20 20 21 -23 -24 24 -26 -27 -28 28 29 -31
leaf_value=-0.040462626768128895 0.021094392652895998 0.031761052330297107 -0.014989448827056846 -0.0042804009115152255 0.055604484008983948 0.12962149774533047 1.3258839752070259 0.30305688885301496 0.026773796050517398 0.081684723944188312 0.76797965587262651 0.6630793193637422 1.8621549609032546 1.0794770402301637 -0.017115092872328149 0.023179403465318538 0.070314179848572286 0.037782733464601849 -0.21760241082101539 -0.036973198112784038 0.10165069003451942 0.92497651487588883 0.010744034963424798 0.068251342372492016 0.036145720788245572 -0.074254512116690541 1.5772973387405791 1.3845518980868334 0.23042934842594748 0.72816800215992517
leaf_weight=4682 78333 35595 1032 6219 15404 653 86 539 1174 104 83 132 99 70 363966 17707 16140 12168 57 22147 596 80 7046 293 812 296 87 86 239 392
leaf_count=4682 78333 35595 1032 6219 15404 653 86 539 1174 104 83 132 99 70 363966 17707 16140 12168 57 22147 596 80 7046 293 812 296 87 86 239 392
internal_value=-2.83039e-11 -0.00838638 0.0350369 0.0663281 0.0816368 0.194901 0.267176 0.396064 0.112869 0.644849 0.573602 0.87121 1.36316 0.392301 -0.0116529 0.0109467 0.0454051 -0.0153391 0.397477 -0.00675613 -0.0299813 0.199086 0.0631277 0.0840883 0.283075 0.427013 0.562268 0.474835 0.640985 0.539643
internal_weight=586317 473081 113236 34903 28684 4029 2997 1633 1364 190 980 371 182 609 437486 61352 20822 376134 189 40530 22823 676 24655 17609 2205 1393 1097 1010 717 631
internal_count=586317 473081 113236 34903 28684 4029 2997 1633 1364 190 980 371 182 609 437486 61352 20822 376134 189 40530 22823 676 24655 17609 2205 1393 1097 1010 717 631
is_linear=0
shrinkage=0.05


Tree=39
num_leaves=31
num_cat=0
split_feature=6 2 11 10 9 1 12 10 7 13 13 11 10 10 3 7 2 12 11 10 9 1 6 13 10 12 13 10 8 10
split_gain=63537.1 23814.1 18824.3 20349.9 27938.7 14443.2 20152.2 16553.2 34935.8 15483.4 16678.7 13807.1 24419.6 33682 38166 19209.9 17963.7 13595.4 26978.7 23684.7 22164.7 15085.4 20406 14082.1 12022.9 20435.2 16170.5 25638.7 12908.3 11370.7
threshold=0.13702613860368731 15.601145744323732 -0.27608674764633173 -0.93535929918289173 30.94557094573975 39.720970153808601 18.250000000000004 0.45972847938537603 32.290451049804695 82.750000000000014 79.250000000000014 -0.67758968472480763 -0.63874351978301991 -0.66484925150871266 28.027479171752933 30.500618934631351 37.52710151672364 17.750000000000004 -0.10737737268209456 0.45972847938537603 27.295834541320804 26.246039390563968 17.845541000366214 77.250000000000014 -0.27609442174434656 15.250000000000002 79.250000000000014 -0.90880924463272084 1.3330603241920473 -0.98211652040481556
decision_type=2 2 2 2 2 2 2 2 2 2 2 2 2 2 2 2 2 2 2 2 2 2 2 2 2 2 2 2 2 2
left_child=2 17 3 4 -1 6 -5 8 -8 10 -10 12 13 15 -15 16 -3 29 19 20 -19 22 -22 -23 25 26 -4 -28 -29 -2
right_child=1 11 24 5 -6 -7 7 -9 9 -11 -12 -13 -14 14 -16 -17 -18 18 -20 -21 21 23 -24 -25 -26 -27 27 28 -30 -31
leaf_value=-0.091795994444742235 0.057861887381668357 0.17215828971197344 0.015837619368372097 -0.0025340408565298796 0.202975704746097 -0.031547707505122605 -0.022473489779756661 -0.0058967687295509103 0.10123111463454496 0.021310356933763656 0.2447259791061312 0.033500069364792953 0.0871152349108682 1.7163379423840102 0.28309766573112199 -0.054094457444666059 0.73337091069955096 -0.089455316531646234 -0.022119593605844048 -0.02620229133218023 0.15328029616592598 0.0067683276742041198 1.0409617032221659 0.088200854021082478 -0.025056601161645483 -0.017446568491961478 -0.010554349826541439 0.17606577921662225 0.48415026954250728 -0.001366174706329674
leaf_weight=1131 9098 365 22514 74113 2779 25677 5521 8749 4527 2413 3664 11001 10371 86 101 406 234 2093 15332 7759 208 6353 94 32306 188182 72443 2116 2146 404 74131
leaf_count=1131 9098 365 22514 74113 2779 25677 5521 8749 4527 2413 3664 11001 10371 86 101 406 234 2093 15332 7759 208 6353 94 32306 188182 72443 2116 2146 404 74131
internal_value=8.8206e-11 0.0257642 -0.0105152 0.00539064 0.117711 0.00186781 0.0105357 0.0494775 0.0795222 0.132626 0.165419 0.073599 0.111749 0.326076 0.942235 0.211427 0.391397 0.0184404 0.035739 0.0539122 0.0690534 0.0775686 0.429578 0.0748187 -0.017621 -0.00357561 0.0333947 0.11811 0.224876 0.00510821
internal_weight=586317 169938 416379 128574 3910 124664 98987 24874 16125 10604 8191 22564 11563 1192 187 1005 599 147374 64145 48813 41054 38961 302 38659 287805 99623 27180 4666 2550 83229
internal_count=586317 169938 416379 128574 3910 124664 98987 24874 16125 10604 8191 22564 11563 1192 187 1005 599 147374 64145 48813 41054 38961 302 38659 287805 99623 27180 4666 2550 83229
is_linear=0
shrinkage=0.05


Tree=40
num_leaves=31
num_cat=0
split_feature=8 2 10 11 12 10 0 11 12 13 10 5 10 9 5 13 13 13 5 9 11 1 10 10 7 10 5 10 9 9
split_gain=58508 22665.1 16850.1 30035.4 19287 17674.7 16100.5 15288.5 30821.1 34328.7 16616 46561.8 22530.2 20635.2 36916.6 14964.9 17458.5 12950.4 43489.8 14546 12797.2 12151.9 20548.4 51538.6 23786.5 24190.8 24316.9 22273.9 123948 15117.3
threshold=1.8635355830192568 3.1336501836776738 0.047320950776338584 -0.92910701036453236 16.750000000000004 -0.46735489368438715 97.80576324462892 0.60503363609313976 15.250000000000002 78.750000000000014 -0.61188074946403492 30.991767883300785 -0.70252096652984608 28.799597740173343 28.176776885986332 76.750000000000014 81.250000000000014 80.250000000000014 26.495076179504398 27.16437911987305 0.18399153649806979 31.023309707641605 -0.012910176534205673 -0.1330134719610214 33.095499038696296 -0.064507851377129541 29.610651016235355 -0.34964421391487116 27.418050765991214 31.874295234680179
decision_type=2 2 2 2 2 2 2 2 2 2 2 2 2 2 2 2 2 2 2 2 2 2 2 2 2 2 2 2 2 2
left_child=1 -1 3 4 -2 6 7 17 9 -9 12 -12 13 14 -11 -6 21 -5 -19 -20 -21 22 23 27 25 26 -25 28 -17 -28
right_child=2 -3 -4 5 15 -7 -8 8 -10 10 11 -13 -14 -15 -16 16 -18 18 19 20 -22 -23 -24 24 -26 -27 29 -29 -30 -31
leaf_value=-0.011767643161355335 0.021190656904712241 0.022518200903642045 -0.0023482304770865874 0.011680570689837513 -0.033297974402396145 -0.045482230055505786 0.42816381224670175 0.055604098467209817 -0.059603572352109238 0.32400359163681669 0.42197606257349252 1.7233122423560507 0.0077430503503571188 0.31169573306346066 2.12516566285491 2.8104640708519866 0.068759763670457608 0.77623410013049698 -0.18889168875965001 0.078645191684625068 -0.0497627512563171 0.13470711904315752 -0.16411382505058789 0.22003362866885523 0.10577660517206765 0.17346120651098007 1.5765414556335002 0.16629748085510712 -0.042822448980115668 0.85550130101170119
leaf_weight=416798 5526 54506 27279 39097 1227 7399 261 1392 1431 66 400 83 399 291 50 52 4206 211 595 15401 2220 3880 262 68 123 94 170 2561 142 127
leaf_count=416798 5526 54506 27279 39097 1227 7399 261 1392 1431 66 400 83 399 291 50 52 4206 211 595 15401 2220 3880 262 68 123 94 170 2561 142 127
internal_value=1.02823e-10 -0.00780251 0.0319734 0.0426449 0.0993601 0.0275544 0.036285 0.0346255 0.127765 0.227774 0.413701 0.645601 0.274734 0.536477 1.10037 0.132815 0.150258 0.0279677 0.0625243 0.0542573 0.0624676 0.19609 0.262265 0.295742 0.723263 0.888733 1.07294 0.205427 0.721976 1.26822
internal_weight=586317 471304 115013 87734 18438 69296 61897 61636 4112 2681 1289 483 806 407 116 12912 11685 57524 18427 18216 17621 7479 3599 3337 582 459 365 2755 194 297
internal_count=586317 471304 115013 87734 18438 69296 61897 61636 4112 2681 1289 483 806 407 116 12912 11685 57524 18427 18216 17621 7479 3599 3337 582 459 365 2755 194 297
is_linear=0
shrinkage=0.05


Tree=41
num_leaves=31
num_cat=0
split_feature=6 11 1 12 7 10 10 11 10 12 1 10 5 10 5 9 9 4 13 10 9 13 3 11 10 11 9 1 12 10
split_gain=53890.8 22720.7 19982.5 29442.1 24601.2 34535.3 19625.5 23548.5 26539 19242.4 16134.3 18742 28733.3 30654.8 27876.6 26233.7 22726.7 19877.1 15399.3 20195.5 122042 14094.5 33199.8 48316.4 21648.3 28184.6 27224.6 22350.2 18843.9 17741.7
threshold=2.0262254476547246 -0.27608674764633173 39.068861007690437 17.750000000000004 32.126644134521491 0.44437406957149511 1.0000000180025095e-35 -0.92910701036453236 -0.444374069571495 16.750000000000004 30.586003303527836 -0.1330134719610214 31.390306472778324 -0.064507851377129541 29.279334068298343 32.594768524169929 32.931301116943366 23.056716918945316 77.250000000000014 -0.34964421391487116 27.418050765991214 79.250000000000014 27.55761814117432 -0.83352491259574879 -0.62540480494499195 -0.67758968472480763 28.910720825195316 27.298403739929203 19.250000000000004 -0.97505551576614369
decision_type=2 2 2 2 2 2 2 2 2 2 2 2 2 2 2 2 2 2 2 2 2 2 2 2 2 2 2 2 2 2
left_child=1 2 3 -1 -5 -6 7 9 21 -2 11 18 13 14 -13 -15 17 -16 -11 20 -20 29 23 28 25 26 27 -25 -23 -9
right_child=6 -3 -4 4 5 -7 -8 8 -10 10 -12 12 -14 15 16 -17 -18 -19 19 -21 -22 22 -24 24 -26 -27 -28 -29 -30 -31
leaf_value=-0.00020461277409509972 0.014895159740435324 -0.01542424024868993 -0.026006084713248348 -0.0078370629835176047 0.11332335296087524 0.0018693029190853493 -0.0042988260439524436 0.077292770772314515 -0.07125885517408985 -0.060522344251017594 0.078252712551183989 -0.0022941332608461379 0.027214774576552983 -0.26206574610651967 0.86068472693956155 0.94231464080512528 0.086015148050543194 1.6900752403514134 2.7976171336337634 0.15990116574005908 -0.00088181252732421429 1.4981728039750899 0.054685500603740916 0.45137119992963365 -0.250640205265246 0.020043883971692083 0.21273135228758666 1.6130479775844737 0.46650843715605639 -0.0056151020543817459
leaf_weight=87734 4954 307727 35086 12893 19952 10666 28968 8926 5866 735 6194 100 397 167 283 62 69 97 51 3111 165 108 27704 74 217 377 177 94 75 23288
leaf_count=87734 4954 307727 35086 12893 19952 10666 28968 8926 5866 735 6194 100 397 167 283 62 69 97 51 3111 165 108 27704 74 217 377 177 94 75 23288
internal_value=-2.2791e-12 -0.0073766 0.00751226 0.0164728 0.0501005 0.0744975 0.0311506 0.0434796 0.030323 0.0972029 0.132874 0.197476 0.373344 0.549968 0.752672 0.064011 0.920815 1.0724 0.146603 0.192361 0.659875 0.0400852 0.0654842 0.332121 0.187273 0.318889 0.645453 1.10136 1.07536 0.0173574
internal_weight=586317 474058 166331 131245 43511 30618 112259 83291 66906 16385 11431 5237 1175 778 549 229 449 380 4062 3327 216 61040 28826 1122 939 722 345 168 183 32214
internal_count=586317 474058 166331 131245 43511 30618 112259 83291 66906 16385 11431 5237 1175 778 549 229 449 380 4062 3327 216 61040 28826 1122 939 722 345 168 183 32214
is_linear=0
shrinkage=0.05


Tree=42
num_leaves=31
num_cat=0
split_feature=0 6 11 10 10 6 10 9 1 10 11 7 11 7 12 13 13 9 10 11 11 3 9 1 3 7 8 10 10 3
split_gain=49605.9 22650.6 14616.8 14981.5 15465.7 15507.3 46757.7 21194.4 15613.1 12191.1 44116.5 24372.4 12129.4 85429.2 13125.2 17224.6 18262.9 19451.2 17340 37062.8 28963.8 50616.1 60339 28116.3 23811.3 21498 18094.2 14292.1 36069.5 20736.8
threshold=3.200477242469788 2.5644061565399174 0.87377473711967479 0.15005400776863101 -0.73831951618194569 45.556047439575202 -0.63874351978301991 29.780797958374027 28.860654830932621 -0.96683886647224415 -0.12447465583682059 30.20611667633057 0.85651928186416637 30.241337776184086 16.750000000000004 82.250000000000014 77.250000000000014 32.779375076293952 -0.62540480494499195 -0.83352491259574879 -0.73829901218414296 30.196025848388675 28.962584495544437 30.129017829895023 29.406938552856449 29.851087570190433 34.164461135864265 -0.38168568909168238 -0.41327477991580958 30.616518974304203
decision_type=2 2 2 2 2 2 2 2 2 2 2 2 2 2 2 2 2 2 2 2 2 2 2 2 2 2 2 2 2 2
left_child=1 -1 3 4 -2 12 7 8 -7 10 11 -3 14 -14 -6 16 -16 18 20 -20 21 22 -18 24 -24 26 -22 28 29 -19
right_child=2 9 -4 -5 5 6 -8 -9 -10 -11 -12 -13 13 -15 15 -17 17 27 19 -21 25 -23 23 -25 -26 -27 -28 -29 -30 -31
leaf_value=-0.010658779553917246 0.023821069652532428 0.39880798943402673 -0.08046630668358179 -0.0024112772701270248 0.017421529210866999 0.87408885269348202 0.11548223113594108 0.057964175742119553 1.9566505351487331 0.011429002977872055 0.0070788344883477893 0.10827159189140537 -0.092148082202507392 2.2086540174025759 -0.0023178715136763076 -0.0043544768661675295 2.3613406524819847 0.62820116343165322 0.098120021969930082 -0.21165497070354747 0.19631389114570991 0.016842552704811598 0.098965911996739153 1.615456387507064 1.302487183769919 -0.1002803162127579 0.98974522668424825 0.15847893399436985 1.3362166897490109 0.15514487768737986
leaf_weight=424747 37015 1279 2764 19790 11622 96 1188 50 51 54835 7708 1657 180 52 3333 4586 59 316 7466 1109 497 298 183 56 53 701 84 3587 87 868
leaf_count=424747 37015 1279 2764 19790 11622 96 1188 50 51 54835 7708 1657 180 52 3333 4586 59 316 7466 1109 497 298 183 56 53 701 84 3587 87 868
internal_value=2.46373e-11 -0.00643893 0.0328494 0.0362054 0.0465977 0.0696819 0.233785 0.947208 1.24967 0.0209343 0.0699028 0.234837 0.0632134 0.423549 0.0608184 0.0824804 0.103779 0.126796 0.0885394 0.058057 0.223903 0.496065 0.902927 0.608247 0.369248 0.0861233 0.311027 0.209529 0.353602 0.2814
internal_weight=586317 490226 96091 93327 73537 36522 1385 197 147 65479 10644 2936 35137 232 34905 23283 18697 15364 10506 8575 1931 649 351 292 236 1282 581 4858 1271 1184
internal_count=586317 490226 96091 93327 73537 36522 1385 197 147 65479 10644 2936 35137 232 34905 23283 18697 15364 10506 8575 1931 649 351 292 236 1282 581 4858 1271 1184
is_linear=0
shrinkage=0.05


Tree=43
num_leaves=31
num_cat=0
split_feature=8 11 1 12 9 10 13 13 10 10 11 11 12 9 10 1 10 10 10 3 13 7 3 10 2 7 5 11 13 3
split_gain=45642.7 19010.5 18771.9 24068.5 21614.9 39571.6 16683.8 27007.8 13497.4 13438.3 24690.9 15951.8 15432.1 18115.4 43393 15065.5 43243.9 14444.7 26955.4 19899.5 18029 19365.8 33953.2 26891.9 40157.3 24982.7 13463.2 19066.4 32632.9 28447
threshold=1.8635355830192568 -0.27608674764633173 39.321441650390632 17.750000000000004 32.391881942749031 0.25118774175643926 82.750000000000014 79.750000000000014 -0.98801350593566883 0.047320950776338584 -0.92910701036453236 -0.78295108675956715 18.250000000000004 28.083243370056156 -0.34964421391487116 27.01949501037598 -0.15005400776863095 -0.31718835234642023 -0.21772121638059613 33.215925216674812 82.750000000000014 32.391004562377937 32.282590866088874 -0.23448921740055081 4.216996669769288 31.619047164916996 31.265269279479984 -0.69014781713485707 78.750000000000014 28.027479171752933
decision_type=2 2 2 2 2 2 2 2 2 2 2 2 2 2 2 2 2 2 2 2 2 2 2 2 2 2 2 2 2 2
left_child=1 2 3 -1 -5 6 7 -6 -3 10 12 -12 -2 14 -14 16 -15 19 20 -17 21 22 23 -19 -25 -24 27 28 -13 -30
right_child=9 8 -4 4 5 -7 -8 -9 -10 -11 11 26 13 15 -16 17 -18 18 -20 -21 -22 -23 25 24 -26 -27 -28 -29 29 -31
leaf_value=3.3082415653720155e-05 0.046605714081302714 0.028694449326335292 -0.027560753546710233 -0.0055022314778627734 0.096073400875224854 0.01379639855860431 0.016362775123437881 0.25256547668156604 -0.016827072983828208 -0.0024104353443466782 -0.028474469962344484 0.0022214208387659148 1.3352744161530778 0.19917105333879592 -0.11712879118275682 -0.13684977414584168 1.5602903129885326 0.27245462343720134 0.11379152678239104 0.77233008252400337 0.054029030416639395 0.061714264732342539 1.4576697628818402 2.1502670940230875 0.3317303858846426 0.16383462085574865 0.0060389470276644109 0.043862966326987024 0.67602227687130911 0.19835686231389052
leaf_weight=88673 9877 17256 32049 14269 7412 15534 2693 4390 289028 27279 11946 1364 54 276 1079 683 74 679 4663 66 397 267 147 51 75 50 23574 30922 444 1046
leaf_count=88673 9877 17256 32049 14269 7412 15534 2693 4390 289028 27279 11946 1364 54 276 1079 683 74 679 4663 66 397 267 147 51 75 50 23574 30922 444 1046
internal_value=1.87859e-10 -0.00689147 0.00678926 0.0150684 0.0451651 0.069241 0.12866 0.154284 -0.0142624 0.0282401 0.0377702 0.024088 0.0891925 0.138326 -0.0479057 0.166732 0.486951 0.150897 0.175469 -0.0567351 0.348101 0.4401 0.540927 0.396944 1.0678 1.12929 0.0350368 0.0552758 0.17893 0.340695
internal_weight=586317 471304 165020 132971 44298 30029 14495 11802 306284 115013 87734 69296 18438 8561 1133 7428 350 7078 6329 749 1666 1269 1002 805 126 197 57350 33776 2854 1490
internal_count=586317 471304 165020 132971 44298 30029 14495 11802 306284 115013 87734 69296 18438 8561 1133 7428 350 7078 6329 749 1666 1269 1002 805 126 197 57350 33776 2854 1490
is_linear=0
shrinkage=0.05


Tree=44
num_leaves=31
num_cat=0
split_feature=0 2 10 11 3 11 12 1 13 9 10 11 10 9 12 3 1 9 12 10 9 1 7 3 9 12 10 10 10 10
split_gain=41941.1 22591.6 16135.8 20990.1 23067.3 13275.6 27888.2 12349.1 13975.3 16443.2 11514.6 14812.9 26821.1 30901.4 40160.2 13207 14169.1 17990.9 10664.9 10500.9 20005.4 11696.6 16739.2 15556 8707.88 21957 35854.8 20966.6 20659.6 18752.7
threshold=6.4068396091461191 4.4507155418396005 -0.83354803919792164 -0.12447465583682059 30.229525566101078 -0.95744973421096791 17.250000000000004 32.626295089721687 83.750000000000014 34.49261665344239 0.11593352630734445 -0.73829901218414296 -0.63874351978301991 28.855322837829593 18.250000000000004 27.766191482543949 28.015341758728031 31.163386344909672 15.750000000000002 -0.25118774175643915 32.099849700927741 31.735107421875004 30.721668243408207 32.085302352905281 32.814941406250007 16.750000000000004 -0.38168568909168238 -0.41327477991580958 -0.56314551830291737 -0.57728627324104298
decision_type=2 2 2 2 2 2 2 2 2 2 2 2 2 2 2 2 2 2 2 2 2 2 2 2 2 2 2 2 2 2
left_child=1 2 3 4 -1 6 -4 -5 -9 -10 11 12 13 14 -2 -15 17 -17 -6 20 21 -8 23 -23 28 -26 27 29 -14 -27
right_child=10 -3 5 7 18 -7 19 8 9 -11 -12 -13 24 15 -16 16 -18 -19 -20 -21 -22 22 -24 -25 25 26 -28 -29 -30 -31
leaf_value=-0.03664785942706407 -0.0023257163396248454 0.026690517037595424 -0.017680786975864612 0.014059890371980525 0.026157848079210084 -0.014958608546586311 0.12243274389687231 -0.047394073850382537 0.095104047340720199 0.86656740167994561 -0.0027180188274400722 0.025936846630800772 -0.13646853236972287 0.79733274396728071 1.5972891658770316 0.042283812537789345 0.029611208427762777 1.2150390163300531 0.10576640858311491 0.069154366203487402 -0.099017965326122212 0.63293393215407501 0.26635774130598433 1.7659872359837647 -0.019399084851209517 0.75126483514724329 0.10320916748660858 1.1275048261010412 0.06522944728297074 0.22621816400923947
leaf_weight=5706 65 51049 19599 28668 6427 364342 118 16877 469 81 14674 32708 1411 85 99 68 570 63 12180 11281 204 69 103 54 2103 232 3607 101 12667 637
leaf_count=5706 65 51049 19599 28668 6427 364342 118 16877 469 81 14674 32708 1411 85 99 68 570 63 12180 11281 204 69 103 54 2103 232 3607 101 12667 637
internal_value=6.2874e-11 -0.00488754 -0.00834551 0.0137091 0.0512992 -0.0122691 0.0189106 -0.00611791 -0.0393111 0.20872 0.0365895 0.0471893 0.0792109 0.339005 0.963295 0.208746 0.137377 0.606281 0.078269 0.0795374 0.293281 0.525923 0.736596 1.13037 0.0673213 0.114334 0.175781 0.445642 0.0450138 0.366392
internal_weight=586317 517227 466178 70408 24313 395770 31428 46095 17427 550 69090 54416 21708 950 164 786 701 131 18607 11829 548 344 226 123 20758 6680 4577 970 14078 869
internal_count=586317 517227 466178 70408 24313 395770 31428 46095 17427 550 69090 54416 21708 950 164 786 701 131 18607 11829 548 344 226 123 20758 6680 4577 970 14078 869
is_linear=0
shrinkage=0.05


Tree=45
num_leaves=31
num_cat=0
split_feature=4 0 11 1 13 10 12 11 3 10 2 10 10 9 2 12 7 13 11 7 10 4 10 2 0 7 10 1 13 9
split_gain=38967.9 15233 12148.8 14648.8 19201 18534.5 18648.8 17187 22322.2 16884.6 18580.7 16860.2 23668.2 23607.4 12487 17863.2 12272.1 13178.4 12240.8 19072.2 31249.1 11754.2 11535 11522.1 11412 11075.5 11007.9 12364.1 17766.1 12029.1
threshold=3.0229232311248784 6.4068396091461191 0.88201534748077404 32.317893981933601 79.250000000000014 -0.94697898626327504 15.250000000000002 -0.34155811369419092 25.515925407409672 -0.91585582494735707 0.090418130159378066 -0.90149331092834462 -0.8779519498348235 29.381423950195316 10.098300933837892 18.750000000000004 36.139402389526374 81.250000000000014 0.39752808213233953 30.068468093872074 -0.52707284688949574 44.86070632934571 -0.25118774175643915 13.199801445007326 7.2065787315368661 29.5407829284668 -0.94130858778953541 32.734432220458991 83.750000000000014 34.49261665344239
decision_type=2 2 2 2 2 2 2 2 2 2 2 2 2 2 2 2 2 2 2 2 2 2 2 2 2 2 2 2 2 2
left_child=1 23 3 4 -2 -6 18 8 -8 10 25 -11 13 -13 -15 -16 21 24 -7 -20 -21 -14 -23 26 -18 -10 27 -1 -29 -30
right_child=2 -3 -4 -5 5 6 7 -9 9 11 -12 12 16 14 15 -17 17 -19 19 20 -22 22 -24 -25 -26 -27 -28 28 29 -31
leaf_value=0.044040297489132844 0.021954795575820571 0.024162076945251035 -0.074197752471922104 0.0062850699891393016 0.004842701735333829 0.017763786669820546 0.81252420956755556 -0.050753072149971851 0.41867936746031048 -0.21469069196851001 0.23131292330903785 1.4680425926446916 0.064172630166304687 0.10693366079827521 0.13720690585758497 1.1419510879781511 0.28073890772732824 0.049491219498493055 0.18636536319007926 0.45673646557686931 1.7705676982215808 0.28600149482753612 -0.024784153384442009 0.043223615219219004 1.2593333617540508 1.4609128190920904 -0.011882751048638023 -0.028829303954343539 0.17142856180944757 0.85109312760679023
leaf_weight=19218 33817 39074 2785 35484 6365 358 111 1962 50 444 760 50 12549 268 87 90 55 108 684 402 51 1195 398 10560 65 52 405680 13146 370 79
leaf_count=19218 33817 39074 2785 35484 6365 358 111 1962 50 444 760 50 12549 268 87 90 55 108 684 402 51 1195 398 10560 65 52 405680 13146 370 79
internal_value=5.74295e-12 -0.00578129 0.0287402 0.0317451 0.0468221 0.0790369 0.102961 0.0890493 0.105896 0.101045 0.316356 0.0889217 0.0979903 0.437925 0.322182 0.648094 0.0862806 0.450186 0.272736 0.353018 0.604651 0.0804137 0.208354 -0.00838679 0.810811 0.950014 -0.00962969 0.0182257 -0.0182659 0.291013
internal_weight=586317 488127 98190 95405 59921 26104 19739 18244 16282 16171 862 15309 14865 495 445 177 14370 228 1495 1137 453 14142 1593 449053 120 102 438493 32813 13595 449
internal_count=586317 488127 98190 95405 59921 26104 19739 18244 16282 16171 862 15309 14865 495 445 177 14370 228 1495 1137 453 14142 1593 449053 120 102 438493 32813 13595 449
is_linear=0
shrinkage=0.05


Tree=46
num_leaves=31
num_cat=0
split_feature=8 11 13 10 13 9 12 10 7 10 13 7 7 10 13 5 10 12 11 1 3 10 10 10 3 10 2 9 10 11
split_gain=35774.3 15142.6 16307.7 23152.2 22568.2 13672.9 13436.4 12828.5 30610 11069.8 11642 34830.3 14871.5 12981.8 11004.7 18531 17966.5 18297.4 22128.5 32959.9 31889.9 61907.5 36962.4 20110 18506.5 17888.9 16456.7 13682.9 13450.6 31920.2
threshold=1.8635355830192568 -0.27608674764633173 80.250000000000014 0.25118774175643926 81.750000000000014 32.099849700927741 17.750000000000004 -0.93535929918289173 31.279366493225101 -0.98801350593566883 83.750000000000014 34.202560424804695 32.258707046508796 -0.99939814209938038 79.250000000000014 31.115818023681644 -0.04732095077633857 14.250000000000002 -0.96227341890335072 30.805282592773441 29.048268318176273 -0.23448921740055081 -0.21772121638059613 -0.25118774175643915 25.937375068664554 -0.48250326514244074 57.217317581176765 26.670157432556156 -0.62540480494499195 -0.69014781713485707
decision_type=2 2 2 2 2 2 2 2 2 2 2 2 2 2 2 2 2 2 2 2 2 2 2 2 2 2 2 2 2 2
left_child=1 2 7 4 5 -4 -7 8 -1 10 12 -12 13 -3 -2 16 17 25 19 20 23 -22 -23 -19 26 27 -20 -16 29 -26
right_child=14 9 3 -5 -6 6 -8 -9 -10 -11 11 -13 -14 -15 15 -17 -18 18 24 -21 21 22 -24 -25 28 -27 -28 -29 -30 -31
leaf_value=-0.093902984639213205 0.01054269639023922 -0.055191508705209294 0.037208247344433738 -0.00016227234570101226 0.03088280996574172 0.10492226164263506 0.27527116516883327 -0.0048463390089757835 0.19090759354018871 -0.015002261573744735 0.11580316376318966 1.5278612591922283 -0.03449673363361544 0.089477985596861431 1.1040580696817759 0.018637440900655413 -0.067464255956658725 0.90483967472451288 0.20029369334319261 -0.05328663807562263 -0.24424385485759417 1.8272544609194392 0.69933188158877291 0.086889795955007787 0.32395625650716142 0.035353236635818686 1.1650451378113982 0.36504731902465859 -0.017639152200942521 0.052214227038086015
leaf_weight=1497 61374 1940 1836 19302 9099 2113 2560 126062 2551 289028 345 50 7194 7727 69 33366 1892 83 123 708 154 89 395 794 1230 454 69 679 4633 8901
leaf_count=1497 61374 1940 1836 19302 9099 2113 2560 126062 2551 289028 345 50 7194 7727 69 33366 1892 83 123 708 154 89 395 794 1230 454 69 679 4633 8901
internal_value=-1.73972e-10 -0.00610116 0.00610879 0.0364532 0.0817345 0.152821 0.198244 -0.00203295 0.0855812 -0.0126796 0.0262228 0.294545 0.0199369 0.0604453 0.0250015 0.0415454 0.079248 0.0943495 0.0811538 0.228346 0.359961 0.628916 0.906739 0.164301 0.0592757 0.282943 0.547001 0.433218 0.052933 0.0852063
internal_weight=586317 471304 165020 34910 15608 6509 4673 130110 4048 306284 17256 395 16861 9667 115013 53639 20273 18381 17179 2223 1515 638 484 877 14956 1202 192 748 14764 10131
internal_count=586317 471304 165020 34910 15608 6509 4673 130110 4048 306284 17256 395 16861 9667 115013 53639 20273 18381 17179 2223 1515 638 484 877 14956 1202 192 748 14764 10131
is_linear=0
shrinkage=0.05


Tree=47
num_leaves=31
num_cat=0
split_feature=4 0 11 11 9 9 5 0 1 13 3 10 2 9 10 10 7 11 12 1 10 12 13 7 7 12 13 2 7 10
split_gain=32513.8 12847.5 10934.5 14399.2 66407.7 13962.1 13164.9 25164.2 11598.5 14820.8 17924.9 14621.8 10054.3 10039.8 9875.84 17886.8 21055.2 9879.65 31729.4 55720.7 24274 9873.5 9785.88 11123.6 16244 9487.87 9380.71 11708.8 9450.83 9250.91
threshold=3.0229232311248784 6.4068396091461191 0.74407637119293224 0.6838940978050233 24.838127136230472 31.970374107360843 30.490084648132328 7.2065787315368661 32.317893981933601 79.250000000000014 25.515925407409672 -0.94697898626327504 13.199801445007326 27.16437911987305 -0.98211652040481556 -0.99466162919998158 30.783016204833988 -0.98798605799674977 18.750000000000004 27.844524383544925 -0.012910176534205673 13.750000000000002 77.750000000000014 30.94082069396973 33.40168762207032 18.250000000000004 82.250000000000014 100.3716506958008 36.302387237548835 -0.94130858778953541
decision_type=2 2 2 2 2 2 2 2 2 2 2 2 2 2 2 2 2 2 2 2 2 2 2 2 2 2 2 2 2 2
left_child=1 12 3 8 -5 13 -4 -8 9 14 -11 25 29 21 15 -2 -17 18 -16 -20 22 -6 -21 -24 -25 -12 28 -28 -13 -1
right_child=2 -3 6 4 5 -7 7 -9 -10 10 11 26 -14 -15 17 16 -18 -19 19 20 -22 -23 23 24 -26 -27 27 -29 -30 -31
leaf_value=0.016701104752367298 0.0018885417241269683 0.022218232724844657 -0.072561026054175443 1.8646268276305034 0.098866043040657992 0.92770435624569658 0.078307479130882665 1.2492892953914172 0.0056540204392948289 0.67573239891560843 0.079494202387757285 0.10877613152996438 0.040537347568026627 -0.022960448863349206 0.0010342627492190184 0.31526683644970716 0.0089477212922204116 -0.0026800557975796896 1.9122223818408592 0.25054474953049272 -0.14899866374485163 0.88168659672808303 0.14409749410023875 1.4896726899437214 0.36738890675561775 -0.045758502219088004 0.027839806122344914 0.72449538402381497 0.46130924357651432 -0.010900153463211078
leaf_weight=32813 3022 39074 4530 58 101 50 457 51 35304 122 2472 12706 10560 644 1996 1338 966 24157 56 178 223 67 51 76 56 3893 5362 61 193 405680
leaf_count=32813 3022 39074 4530 58 101 50 457 51 35304 122 2472 12706 10560 644 1996 1338 966 24157 56 178 223 67 51 76 56 3893 5362 61 193 405680
internal_value=-3.38648e-10 -0.00528086 0.0262525 0.0301328 0.226963 0.116772 -0.0454945 0.195867 0.0281695 0.0421325 0.0711607 0.0681729 -0.00767367 0.0668374 0.0197108 0.0818959 0.186836 0.00734949 0.0992629 0.405613 0.261144 0.411062 0.514501 0.771245 1.01355 0.00288638 0.0908533 0.0356761 0.114051 -0.00883472
internal_weight=586317 488127 98190 93152 920 862 5038 508 92232 56928 24809 24687 449053 812 32119 5326 2304 26793 2636 640 584 168 361 183 132 6365 18322 5423 12899 438493
internal_count=586317 488127 98190 93152 920 862 5038 508 92232 56928 24809 24687 449053 812 32119 5326 2304 26793 2636 640 584 168 361 183 132 6365 18322 5423 12899 438493
is_linear=0
shrinkage=0.05


Tree=48
num_leaves=31
num_cat=0
split_feature=8 11 1 9 12 10 10 13 13 13 9 10 7 10 12 13 10 10 11 11 9 10 10 13 1 6 12 13 1 11
split_gain=30232.5 13177.5 14567.2 22197.1 21655.6 25454.5 22112.9 16680.2 20842.2 11111.8 10967.8 10485.1 13810.4 9697.49 18305.1 18636.7 24814.1 9457.37 20692.8 13739.7 12923.7 23397 23863.2 44755.3 78469.4 13789 13068.4 12606.9 18965.4 20705.9
threshold=1.8635355830192568 -0.27608674764633173 39.321441650390632 31.874295234680179 17.750000000000004 0.45972847938537603 -0.93535929918289173 82.750000000000014 79.750000000000014 81.750000000000014 32.526515960693366 0.69636976718902599 30.136150360107425 -0.3415676057338714 15.750000000000002 78.750000000000014 -0.90880924463272084 0.047320950776338584 -0.92910701036453236 -0.78295108675956715 32.49201965332032 -0.54883790016174305 -0.51973900198936451 79.750000000000014 29.581052780151371 6.5533070564270028 18.250000000000004 77.250000000000014 30.805282592773441 -0.99937036633491505
decision_type=2 2 2 2 2 2 2 2 2 2 2 2 2 2 2 2 2 2 2 2 2 2 2 2 2 2 2 2 2 2
left_child=1 2 3 11 6 7 -5 8 10 -10 -6 -1 -13 14 15 -3 -17 18 27 20 21 -20 23 -23 25 -25 -22 -2 29 -29
right_child=17 13 -4 4 5 -7 -8 -9 9 -11 -12 12 -14 -15 -16 16 -18 -19 19 -21 26 22 -24 24 -26 -27 -28 28 -30 -31
leaf_value=-0.022921175500276426 -7.1358265514297618e-05 0.0062771203136218609 -0.024478045039785658 0.18074634949981808 -0.031660373749691578 -0.0028348022060044756 0.0032928023610306134 0.0010771386488911828 0.22212785274611471 0.086252348374256882 0.092865716726005187 1.0251674994534137 0.11982269121626439 -0.018283630652581335 -0.014193458338957047 0.0050092053116878553 0.15885082107043685 -0.002729336755348762 -0.18714858065136669 0.028614160054775434 -0.0073390499916606055 -0.02754071451175312 -0.041992125382745112 2.4623103288412094 0.12567006014787335 1.2938140915889367 0.24503968093949485 -0.15656871333229672 0.053336111882547527 0.19821336682745896
leaf_weight=35674 4034 25158 32049 1807 2218 11361 61669 4322 4692 2215 8720 51 242 198880 71738 5006 5502 27279 2510 57350 1565 513 6317 50 177 51 763 446 8679 5279
leaf_count=35674 4034 25158 32049 1807 2218 11361 61669 4322 4692 2215 8720 51 242 198880 71738 5006 5502 27279 2510 57350 1565 513 6317 50 177 51 763 446 8679 5279
internal_value=2.15649e-10 -0.00560872 0.00578145 0.0130747 0.025514 0.0580198 0.00834445 0.0892089 0.110554 0.178554 0.0676144 -0.0204746 0.277408 -0.0117455 0.000361092 0.0296359 0.0855608 0.0229836 0.0309785 0.0184529 -0.0303292 -0.0559152 -0.00957358 0.249324 0.760229 1.87228 0.0753779 0.0780537 0.0999335 0.170574
internal_weight=586317 471304 165020 132971 97004 33528 63476 22167 17845 6907 10938 35967 293 306284 107404 35666 10508 115013 87734 69296 11946 9618 7108 791 278 101 2328 18438 14404 5725
internal_count=586317 471304 165020 132971 97004 33528 63476 22167 17845 6907 10938 35967 293 306284 107404 35666 10508 115013 87734 69296 11946 9618 7108 791 278 101 2328 18438 14404 5725
is_linear=0
shrinkage=0.05


Tree=49
num_leaves=31
num_cat=0
split_feature=6 11 7 9 12 10 10 5 10 9 13 13 10 11 10 10 7 9 12 1 10 5 7 10 9 10 13 13 5 5
split_gain=27448.7 12683.4 15562.9 24598.8 22024 32306.1 21885.8 13439.1 12969 15162.6 15043.2 14772.4 12307.6 16213.1 21242.6 14091.4 54466.6 18924.4 23677.4 20933.4 19604.1 13602.5 24288 21431.5 21613.1 21355.7 29503.4 29103.6 27156.3 16186.4
threshold=2.0262254476547246 -0.27608674764633173 31.585505485534672 38.152715682983406 18.250000000000004 -0.93535929918289173 0.68391311168670665 29.406868934631351 0.44437406957149511 32.391881942749031 82.250000000000014 79.750000000000014 1.0000000180025095e-35 -0.92910701036453236 -0.444374069571495 -0.34964421391487116 27.168518066406254 28.376096725463871 18.250000000000004 30.993125915527347 -0.26781183481216425 31.698678970336918 29.374021530151371 -0.064507851377129541 32.594768524169929 -0.1330134719610214 80.750000000000014 77.250000000000014 29.875873565673832 29.406868934631351
decision_type=2 2 2 2 2 2 2 2 2 2 2 2 2 2 2 2 2 2 2 2 2 2 2 2 2 2 2 2 2 2
left_child=1 2 6 4 5 -4 -1 -8 9 -6 11 -11 13 15 -15 16 -2 -17 -19 20 -20 22 -22 25 -25 29 27 -27 -29 -24
right_child=12 -3 3 -5 8 -7 7 -9 -10 10 -12 -13 -14 14 -16 17 -18 18 19 -21 21 -23 23 24 -26 26 -28 28 -30 -31
leaf_value=-0.02842571088298956 1.4614154531695378 -0.011277323045274982 0.20171954225543517 -0.015010244517284077 0.027676139223960956 0.0073540617280037947 1.1561207564438092 0.25372240192567314 0.0062283017867391099 0.11683964381205741 0.035127293457989137 0.2611645467508163 -0.0058412642299402791 0.029812096968654851 -0.069803553357096981 -0.046161048830177215 0.13820084163138965 0.027027445876955776 0.02308285535360775 0.07151154938696834 0.10079551902507056 0.10913071183718469 0.80633145790798066 -0.28805813486206122 0.8273504662057084 0.32408539544022275 0.39179290069838646 0.64499298995705667 1.9934429554284112 0.25970568165494873
leaf_weight=32928 87 307727 2217 48250 5783 59918 51 216 5665 5502 3185 2616 28968 61040 5866 3032 733 6518 685 3014 503 545 193 145 62 63 176 54 121 454
leaf_count=32928 87 307727 2217 48250 5783 59918 51 216 5665 5502 3185 2616 28968 61040 5866 3032 733 6518 685 3014 503 545 193 145 62 63 176 54 121 454
internal_value=-6.60713e-11 -0.00526453 0.00585968 0.0134966 0.0297001 0.0142891 -0.0247699 0.426091 0.0717891 0.0935263 0.127217 0.163348 0.0222315 0.0319951 0.0210783 0.0765723 0.278591 0.0659295 0.0930466 0.164587 0.258065 0.327565 0.394785 0.511408 0.0460256 0.602203 0.882631 1.2456 1.57735 0.422764
internal_weight=586317 474058 166331 133136 84886 62135 33195 267 22751 17086 11303 8118 112259 83291 66906 16385 820 15565 12533 6015 3001 2316 1771 1268 207 1061 414 238 175 647
internal_count=586317 474058 166331 133136 84886 62135 33195 267 22751 17086 11303 8118 112259 83291 66906 16385 820 15565 12533 6015 3001 2316 1771 1268 207 1061 414 238 175 647
is_linear=0
shrinkage=0.05


Tree=50
num_leaves=31
num_cat=0
split_feature=4 11 1 12 11 13 13 2 10 5 10 3 1 5 5 10 10 7 10 11 1 10 3 5 1 8 12 10 13 1
split_gain=25507.1 13170.3 20235.5 16835.3 21546.6 23030.7 18823.1 14895.4 14196 15245 14115.7 65982.5 42384.9 13074.2 22503 30224.1 12662.3 24049.1 15712.9 12209.4 14432.6 11791.6 36525.4 11483.1 10445.5 10397.8 10055.2 28275.8 65028.3 28187.7
threshold=8.5783624649047869 0.33345642685890203 38.043006896972663 17.750000000000004 -0.90878397226333607 82.750000000000014 77.250000000000014 1.9643344879150393 -0.20088869333267209 35.676416397094734 -0.30081701278686518 33.446430206298835 32.771314620971687 33.084299087524421 31.233236312866214 -0.23448921740055081 -0.98211652040481556 32.493694305419929 -0.99939814209938038 -0.99937036633491505 32.661760330200202 -0.31718835234642023 32.807590484619148 33.441766738891609 33.129404067993171 5.2544071674346933 15.250000000000002 -0.3415676057338714 79.250000000000014 31.863302230834964
decision_type=2 2 2 2 2 2 2 2 2 2 2 2 2 2 2 2 2 2 2 2 2 2 2 2 2 2 2 2 2 2
left_child=1 2 3 16 5 6 -5 8 9 10 11 23 13 14 15 -12 17 18 -1 20 -10 22 -9 -8 -13 -21 27 28 -3 -30
right_child=-2 26 -4 4 -6 -7 7 21 19 -11 12 24 -14 -15 -16 -17 -18 -19 -20 25 -22 -23 -24 -25 -26 -27 -28 -29 29 -31
leaf_value=-0.038005861288668293 0.031720919616249427 0.011053893097122215 -0.020466448664562566 0.0057015506634095527 0.013703191761702135 -0.032424423180430005 -0.072136298884216424 -0.19436124334272012 -0.034661885444646233 -0.39476431003758605 0.62216092512632415 1.7799386023350483 0.098713863458141468 1.6508420449466659 0.26751775168070274 2.0384228904401103 -0.0050714391122773667 -0.046205565466423071 0.11147152630136808 0.16725957495424582 0.52453871403974073 0.1015644185048707 1.0306924549016088 0.59418101544453672 0.86788104246189079 -0.001738815412845617 -0.01953428489393591 -0.019399313900773794 0.34756497896786315 0.065180800830524355
leaf_weight=2179 57192 18223 69225 4157 66157 4236 566 779 163 71 96 53 296 52 119 62 132790 5339 9102 2785 395 5658 66 73 77 1352 157283 44026 2316 1429
leaf_count=2179 57192 18223 69225 4157 66157 4236 566 779 163 71 96 53 296 52 119 62 132790 5339 9102 2785 395 5658 66 73 77 1352 157283 44026 2316 1429
internal_value=-1.36582e-10 -0.00342865 0.00331133 0.0102676 0.0277239 0.0717762 0.0980184 0.128324 0.184042 0.319924 0.356325 0.212886 0.532812 0.923368 0.786802 1.17791 7.81149e-05 0.0412219 0.082599 0.141642 0.361188 0.0755451 -0.0986766 0.00398446 1.23972 0.11203 -0.0126612 0.0037195 0.0500518 0.239814
internal_weight=586317 529125 305848 236623 87213 21056 16820 12663 6160 1465 1394 769 625 329 277 158 149410 16620 11281 4695 558 6503 845 639 130 4137 223277 65994 21968 3745
internal_count=586317 529125 305848 236623 87213 21056 16820 12663 6160 1465 1394 769 625 329 277 158 149410 16620 11281 4695 558 6503 845 639 130 4137 223277 65994 21968 3745
is_linear=0
shrinkage=0.05


Tree=51
num_leaves=31
num_cat=0
split_feature=2 8 11 10 3 10 10 12 2 11 3 10 9 12 0 13 5 9 13 11 12 10 13 12 7 9 12 11 11 9
split_gain=23197.7 13188.1 12827.9 19930 22013.7 29140.6 36961.7 26658.9 20395.7 15350.6 12853.8 10614.2 18776.6 12935 9969.77 9823.72 15351.8 10330.7 8564.53 15911.1 16045 13226.5 12508.3 10493.8 7922.25 13147 7908.13 7559.42 23213.8 11909.2
threshold=7.8980271816253671 2.5853896141052251 -0.67758968472480763 -0.444374069571495 26.491054534912113 -0.56314551830291737 -0.71466678380966175 18.750000000000004 49.913003921508796 -0.92910701036453236 28.956470489501957 -0.45972847938537592 32.741127014160163 16.250000000000004 22.479414939880375 79.250000000000014 26.495076179504398 27.642139434814457 78.250000000000014 -0.96681198477745045 16.750000000000004 -0.27609442174434656 82.750000000000014 13.750000000000002 34.259464263916023 33.731683731079109 15.250000000000002 0.87377473711967479 0.86527520418167125 24.838127136230472
decision_type=2 2 2 2 2 2 2 2 2 2 2 2 2 2 2 2 2 2 2 2 2 2 2 2 2 2 2 2 2 2
left_child=1 18 3 4 5 6 7 -2 14 -5 -11 15 13 -13 -7 -6 -17 -18 -1 20 -20 23 24 -21 -22 -26 27 28 29 -4
right_child=2 -3 26 9 11 8 -8 -9 -10 10 -12 12 -14 -15 -16 16 17 -19 19 21 22 -23 -24 -25 25 -27 -28 -29 -30 -31
leaf_value=-0.014541179593066614 0.38340422039872957 0.015530262612932166 0.80395079461427843 0.056031662440397638 -0.00049318361997675083 0.19078369949055815 -0.10574863642964721 1.6293104456443537 1.6228402247351985 -0.19913869801669093 -0.0047829922778236562 0.88392370300224199 1.2030269728287273 -0.011917337086363878 0.96666169983771033 0.64910227423803757 -0.29175682412705534 0.1301096098746822 -0.005036534206558434 0.060540044630435032 0.082313782952174452 -0.012233782462718666 -0.018754245807873243 0.0059257230906227427 0.53619270718578871 0.16594247731002684 -0.010178151161691441 -0.084433031260447364 0.89936775256086288 0.045208965039686716
leaf_weight=195552 174 78486 52 15668 2318 87 394 57 62 1026 4979 52 57 179 79 138 152 3205 6309 9983 2762 154577 1577 73938 267 2350 21198 1056 81 9502
leaf_count=195552 174 78486 52 15668 2318 87 394 57 62 1026 4979 52 57 179 79 138 152 3205 6309 9983 2762 154577 1577 73938 267 2350 21198 1056 81 9502
internal_value=-1.00826e-10 -0.00337404 0.0293158 0.0536124 0.127263 0.36518 0.188669 0.690836 0.849038 0.0299808 -0.0379901 0.0939994 0.390289 0.189744 0.560027 0.07932 0.132255 0.111008 -0.006691 -0.000593519 0.0527047 -0.00355791 0.105075 0.0124225 0.141379 0.203717 0.00750453 0.0425656 0.0564847 0.0493386
internal_weight=586317 525801 60516 28627 6954 853 625 231 228 21673 6005 6101 288 231 166 5813 3495 3357 447315 251763 13265 238498 6956 83921 5379 2617 31889 10691 9635 9554
internal_count=586317 525801 60516 28627 6954 853 625 231 228 21673 6005 6101 288 231 166 5813 3495 3357 447315 251763 13265 238498 6956 83921 5379 2617 31889 10691 9635 9554
is_linear=0
shrinkage=0.05


Tree=52
num_leaves=31
num_cat=0
split_feature=4 11 1 12 11 13 13 9 2 10 3 10 3 7 13 10 7 10 11 1 10 3 5 10 5 1 7 11 11 1
split_gain=21536.4 11181.2 17375.3 14817.6 18733.6 20306.3 16505.1 13799 11528.7 18556.2 15870.1 20588.1 47736.6 45597.1 12848.4 11317 21871.7 14214.4 10932.2 12699.1 10101.7 33224 9883.77 23565.6 10050.4 9428.61 9164.83 9148.58 27668.1 29959.8
threshold=8.5783624649047869 0.33345642685890203 38.153575897216804 17.750000000000004 -0.90878397226333607 82.750000000000014 77.250000000000014 28.083243370056156 1.9643344879150393 -0.20088869333267209 35.375600814819343 -0.30081701278686518 33.446430206298835 31.681015968322757 79.750000000000014 -0.98211652040481556 32.493694305419929 -0.99939814209938038 -0.99937036633491505 32.661760330200202 -0.31718835234642023 32.807590484619148 29.875873565673832 -0.26781183481216425 31.668210983276371 33.305685043334968 33.988605499267585 -0.85204595327377308 -0.83352491259574879 28.692169189453129
decision_type=2 2 2 2 2 2 2 2 2 2 2 2 2 2 2 2 2 2 2 2 2 2 2 2 2 2 2 2 2 2
left_child=1 2 3 15 5 6 -5 -8 9 10 11 12 25 22 -14 16 17 -1 19 -11 21 -10 -13 -24 -25 -9 -20 -6 29 -29
right_child=-2 -3 -4 4 27 -7 7 8 20 18 -12 13 14 -15 -16 -17 -18 -19 26 -21 -22 -23 23 24 -26 -27 -28 28 -30 -31
leaf_value=-0.036475889231317678 0.029147545912731544 -0.011657279715302031 -0.019427834375787684 0.0050477947677904844 -0.051689661455988002 -0.030934865803239411 -0.14897490355010407 -0.042593448856986009 -0.19721857130342899 -0.031040435361210258 -0.20689822923736415 1.6552958370201172 0.68428441856441835 0.1557232241970716 1.6777221179925481 -0.0049663886523800254 -0.044601222586744649 0.1056952933063403 0.021822635815222612 0.49914745898762097 0.10523681783312705 0.97848101468813242 1.5616597471137843 0.95495220906667277 -0.01121381207516319 0.657648471813157 0.17096027635143607 0.89492856018925804 0.013060688465611554 0.15719425800395573
leaf_weight=2179 57192 223277 67064 4179 5096 4256 461 517 671 160 119 63 87 244 52 134119 5339 9102 1849 384 5479 66 84 51 57 53 2326 156 60467 1168
leaf_count=2179 57192 223277 67064 4179 5096 4256 461 517 671 160 119 63 87 244 52 134119 5339 9102 1849 384 5479 66 84 51 57 53 2326 156 60467 1168
internal_value=-2.0593e-11 -0.0031505 0.00305968 0.00937544 0.0256728 0.0666801 0.09126 0.119577 0.129674 0.178832 0.344017 0.398288 0.225118 0.644334 1.05593 -0.000143662 0.0387745 0.078234 0.132382 0.34321 0.0818595 -0.091932 1.11187 0.933556 0.445031 0.0225168 0.104911 0.0127012 0.0180116 0.244118
internal_weight=586317 529125 305848 238784 88045 21158 16902 12723 12262 6046 1327 1208 709 499 139 150739 16620 11281 4719 544 6216 737 255 192 108 570 4175 66887 61791 1324
internal_count=586317 529125 305848 238784 88045 21158 16902 12723 12262 6046 1327 1208 709 499 139 150739 16620 11281 4719 544 6216 737 255 192 108 570 4175 66887 61791 1324
is_linear=0
shrinkage=0.05


Tree=53
num_leaves=31
num_cat=0
split_feature=0 2 10 11 3 1 13 9 12 11 11 7 7 0 11 4 11 1 13 10 12 1 10 10 3 6 13 11 10 12
split_gain=20036.5 11440.2 8455.29 16247.9 20288.5 10206.5 10991.4 12752.7 9106.24 8453.08 12972.9 58175.1 13488.6 12001.1 12910.3 15689 18052.4 14578.5 19762.5 10005.4 8400.6 8093.85 10438.1 9763.55 16480.4 8448.51 7723.72 11925.3 7818.22 13019.7
threshold=7.3316884040832528 4.4507155418396005 -0.83354803919792164 -0.12447465583682059 30.229525566101078 32.519788742065437 83.750000000000014 34.49261665344239 15.750000000000002 0.87377473711967479 0.85651928186416637 30.068468093872074 27.844889640808109 22.479414939880375 -0.97870382666587818 10.880665779113771 -0.67758968472480763 26.860832214355472 77.250000000000014 -0.31718835234642023 18.250000000000004 34.68036079406739 -0.88606244325637806 -0.91585582494735707 32.965085983276374 5.7180902957916269 78.250000000000014 -0.96681198477745045 -0.25950939953327173 14.750000000000002
decision_type=2 2 2 2 2 2 2 2 2 2 2 2 2 2 2 2 2 2 2 2 2 2 2 2 2 2 2 2 2 2
left_child=1 2 3 4 -1 -5 -7 -8 -6 10 12 -12 13 -2 -15 -16 17 18 -17 20 -19 23 -23 25 -25 -10 -4 -28 29 -29
right_child=9 -3 26 5 8 6 7 -9 21 -11 11 -13 -14 14 15 16 -18 19 -20 -21 -22 22 -24 24 -26 -27 27 28 -30 -31
leaf_value=-0.038817839127048684 0.05105758928190595 0.01875427463882301 -0.016495537505262978 0.012047524677926734 0.020069957045272632 -0.042453496641414332 0.084098031326827152 0.75973353187243153 0.089823686152103691 -0.080486801390690837 -0.12237497029304506 1.8814278834006366 0.021949191711603425 -0.12151135729058929 0.081264452732226877 0.24533875087298546 0.059196369706358748 1.0190177509861609 1.1941451242745476 -0.13020117369633685 0.33224662173586555 0.026638523363478623 0.57502050954164741 -0.03264643216573547 0.17381744174731434 0.21081569552871748 0.041384404821932855 0.061840284013961737 -0.011185916848120599 -0.00085419357291630473
leaf_weight=5816 2776 53188 173070 27742 6516 18289 507 81 5507 1794 125 51 57266 230 555 83 231 62 162 79 158 157 194 3237 1378 1955 14517 10165 155747 44679
leaf_count=5816 2776 53188 173070 27742 6516 18289 507 81 5507 1794 125 51 57266 230 555 83 231 62 162 79 158 157 194 3237 1378 1955 14517 10165 155747 44679
internal_value=3.45134e-11 -0.00322332 -0.00571278 0.0101341 0.0428673 -0.00725098 -0.0356124 0.17717 0.0679455 0.0265049 0.0296119 0.458272 0.0283872 0.113415 0.224379 0.284195 0.429519 0.58677 0.872713 0.352469 0.525791 0.0930467 0.329733 0.0861677 0.0290019 0.121523 -0.00855355 -0.00244751 -0.00546904 0.0107658
internal_weight=586317 522745 469557 71379 24760 46619 18877 588 18944 63572 61778 176 61602 4336 1560 1330 775 544 245 299 220 12428 351 12077 4615 7462 398178 225108 210591 54844
internal_count=586317 522745 469557 71379 24760 46619 18877 588 18944 63572 61778 176 61602 4336 1560 1330 775 544 245 299 220 12428 351 12077 4615 7462 398178 225108 210591 54844
is_linear=0
shrinkage=0.05


Tree=54
num_leaves=31
num_cat=0
split_feature=4 13 11 10 11 3 2 10 7 10 9 9 6 12 3 2 12 13 10 5 12 2 3 11 1 0 10 10 3 11
split_gain=18298.6 11053.1 21533.1 19225.6 15672.7 117879 17293.1 14672.1 26654.7 31035.6 22648.7 23160.5 18930.3 15071.1 32920.3 15156.4 11581.4 17886.5 11356.9 23364.2 30638.6 46436.3 23520.7 10860 11195.4 10756.1 28957.7 18802.6 37578.3 13199.3
threshold=15.019975185394289 79.250000000000014 -0.96227341890335072 -0.45972847938537592 0.86527520418167125 31.858166694641117 4.5227017402648935 -0.98211652040481556 30.46944618225098 -0.99466162919998158 32.099849700927741 32.526515960693366 3.5392497777938847 16.750000000000004 30.458866119384769 2.5389499664306645 15.750000000000002 82.250000000000014 -0.20088869333267209 31.265269279479984 17.750000000000004 4.3817858695983896 30.32827186584473 -0.98798605799674977 34.315080642700202 7.3316884040832528 -0.66484925150871266 -0.65189296007156361 27.766191482543949 0.59123954176902782
decision_type=2 2 2 2 2 2 2 2 2 2 2 2 2 2 2 2 2 2 2 2 2 2 2 2 2 2 2 2 2 2
left_child=1 7 16 4 25 6 -6 8 9 -1 12 -12 -11 -14 15 -15 -3 18 19 20 -18 22 -22 24 -20 -4 29 28 -28 -27
right_child=-2 2 3 -5 5 -7 -8 -9 -10 10 11 -13 13 14 -16 -17 17 -19 23 -21 21 -23 -24 -25 -26 26 27 -29 -30 -31
leaf_value=0.016552554557744372 0.034972948718832081 -0.023189052093776568 0.0094441059728720689 -0.0096508790081558452 0.067012054097118495 2.3454036055256924 1.0099308665990829 -0.01059667840871481 -0.0091020168035348212 0.11282801570914598 1.5088968511076941 0.17160412561698038 0.24345615634113341 0.73052716069917589 0.1738844633118756 1.7025329832753091 -0.027523027443710497 -0.00093056838700076661 0.10105602956636364 0.043486978981474585 2.3353108644485476 0.35967992622819217 0.92697998606969445 0.027271490060226101 0.26837611050004778 0.014118237863683838 1.8606245906329624 0.17911271364936215 0.24045360357500614 0.31456251374688826
leaf_weight=3523 35159 3373 58663 130558 1769 60 50 311330 11892 1859 69 61 644 89 171 73 170 4578 3813 528 56 216 63 3161 1355 10312 51 2172 120 379
leaf_count=3523 35159 3373 58663 130558 1769 60 50 311330 11892 1859 69 61 644 89 171 73 170 4578 3813 528 56 216 63 3161 1355 10312 51 2172 120 379
internal_value=-6.86822e-11 -0.00223096 0.00640887 0.00186824 0.0223085 0.164856 0.0929307 -0.00803382 0.0353748 0.116885 0.236059 0.881398 0.206477 0.384669 0.657766 1.16853 0.0599466 0.0800625 0.119668 0.276041 0.519186 0.796621 1.58972 0.100274 0.144926 0.0185727 0.0596582 0.218856 0.723662 0.0247691
internal_weight=586317 551158 221447 204134 73576 1879 1819 329711 18381 6489 2966 130 2836 977 333 162 17313 13940 9362 1033 505 335 119 8329 5168 71697 13034 2343 171 10691
internal_count=586317 551158 221447 204134 73576 1879 1819 329711 18381 6489 2966 130 2836 977 333 162 17313 13940 9362 1033 505 335 119 8329 5168 71697 13034 2343 171 10691
is_linear=0
shrinkage=0.05


Tree=55
num_leaves=31
num_cat=0
split_feature=8 5 13 10 10 10 10 1 12 10 3 9 13 0 11 12 12 9 1 8 11 13 10 5 9 11 13 7 10 10
split_gain=16866.6 10150.5 10395.1 16858.3 15477.3 12892.9 10780.2 22714.4 11666.5 17259 12914.7 11254.8 11215.4 10487.6 26256.9 15427.5 10075.8 23391.6 11930.8 16621.8 9873.71 14770.9 15734.4 19874.1 20000.5 10655.2 20020.8 11446.4 9865.08 36764.5
threshold=5.8019604682922372 31.265269279479984 79.250000000000014 -0.97505551576614369 -0.073094449937343584 -0.99628895521163929 -0.11593352630734442 30.774036407470707 14.250000000000002 -0.48250326514244074 25.515925407409672 26.670157432556156 81.250000000000014 26.60034275054932 -0.98798605799674977 18.250000000000004 16.750000000000004 29.705581665039066 29.697037696838382 19.850601196289066 -0.43663504719734186 80.250000000000014 -0.86958134174346913 30.738202095031742 30.309617042541507 -0.96681198477745045 82.250000000000014 29.5407829284668 -0.50495636463165272 -0.54883790016174305
decision_type=2 2 2 2 2 2 2 2 2 2 2 2 2 2 2 2 2 2 2 2 2 2 2 2 2 2 2 2 2 2
left_child=20 2 3 5 6 -2 8 12 9 11 -10 -4 -8 -5 15 -15 -7 18 19 -18 21 -1 23 24 -23 26 27 -24 29 -27
right_child=1 -3 4 13 -6 16 7 -9 10 -11 -12 -13 -14 14 -16 -17 17 -19 -20 -21 -22 22 25 -25 -26 28 -28 -29 -30 -31
leaf_value=-0.001149782815365361 0.0064117370588019701 0.0041520035038413233 1.0304131678051569 -0.014869681827669755 -0.083617394656673977 0.10806173372194933 1.1750702311677566 -0.13086561113145323 0.61150890307825645 -0.030006223125383258 0.064899868798814528 0.33809335996995804 0.37137200222913547 0.21497044832396664 0.059782337267297314 1.3302417003933122 0.43783315007503215 0.080493105535708695 0.44486287672929337 1.702051272816383 -0.0079876507305396138 1.4462832629059754 -0.16550094086390277 0.12331095248736551 0.33994323273245758 0.02430590434906961 -0.0070815921507349127 0.17714528865888488 -0.002078009761466171 0.37472296140482486
leaf_weight=128835 1618 37113 66 15449 1437 1345 83 124 109 344 12551 531 91 57 1186 68 52 443 287 52 347533 60 260 824 128 6324 3462 3896 21140 849
leaf_count=128835 1618 37113 66 15449 1437 1345 83 124 109 344 12551 531 91 57 1186 68 52 443 287 52 347533 60 260 824 128 6324 3462 3896 21140 849
internal_value=1.24724e-10 0.0224868 0.0414449 0.0182038 0.0725982 0.113333 0.0887491 0.386236 0.0822311 0.252086 0.0696061 0.414631 0.754745 -0.00334786 0.132427 0.821678 0.192727 0.329266 0.611124 1.06994 -0.00319821 0.00684227 0.0347138 0.229148 0.69303 0.0292375 0.081729 0.155709 0.0151139 0.0657814
internal_weight=586317 73006 35893 20557 15336 3797 13899 298 13601 941 12660 597 174 16760 1311 125 2179 834 391 104 513311 165778 36943 1012 188 35931 7618 4156 28313 7173
internal_count=586317 73006 35893 20557 15336 3797 13899 298 13601 941 12660 597 174 16760 1311 125 2179 834 391 104 513311 165778 36943 1012 188 35931 7618 4156 28313 7173
is_linear=0
shrinkage=0.05


Tree=56
num_leaves=31
num_cat=0
split_feature=2 11 10 3 10 10 10 10 13 1 10 3 12 11 3 8 9 5 3 13 11 12 13 10 12 11 9 8 12 12
split_gain=15697.1 9919.1 17459.4 20851.6 23559.1 25647 48930.7 22477 17712 22578.2 19261.9 13849.1 19313.7 13172.4 9958.34 9800.83 8380.84 20205.5 19019.2 7819.13 13180.2 14620.4 11813 11766.9 12674.9 14945.2 12737.4 13673.7 7452.71 7337.23
threshold=12.996385574340822 -0.67758968472480763 -0.444374069571495 27.860212326049808 -0.54883790016174305 -0.63874351978301991 -0.66484925150871266 -0.71466678380966175 78.750000000000014 27.93261814117432 -0.5343676209449767 26.491054534912113 18.250000000000004 -0.92910701036453236 28.956470489501957 5.8019604682922372 30.8515739440918 28.025094032287601 29.491782188415531 78.250000000000014 -0.96681198477745045 16.750000000000004 82.750000000000014 -0.3415676057338714 13.750000000000002 0.78827583789825451 29.705581665039066 0.44006955623626715 13.250000000000002 15.250000000000002
decision_type=2 2 2 2 2 2 2 2 2 2 2 2 2 2 2 2 2 2 2 2 2 2 2 2 2 2 2 2 2 2
left_child=15 2 3 4 5 6 7 11 -6 -10 -11 12 -2 -4 -15 19 29 18 -18 28 21 -21 -23 24 25 -22 -27 -28 -1 -5
right_child=1 -3 13 16 8 -7 -8 -9 9 10 -12 -13 -14 14 -16 -17 17 -19 -20 20 23 22 -24 -25 -26 26 27 -29 -30 -31
leaf_value=0.0089372876568847084 0.33181044030257251 0.0063286408555719353 0.057400942270817483 0.2908878937304597 0.23862457595972553 -0.13599436466037385 1.3927971923837859 -0.12416653130014065 1.4874639615261307 1.2757147735953334 0.049272949114609305 0.077146701335906995 1.3642897330950221 -0.20653793131758863 -0.0093552578702666735 0.016881085537732893 0.10247260303992145 0.08887336350373029 1.4182651106725661 -0.0090035725900973803 0.041828494706199169 0.1154299323340585 -0.019088513664883542 -0.0097786101142421523 0.0056964543682102549 0.052487832144196216 0.26851789349645477 0.85993461324754417 -0.016049945309215708 -0.093958044918330916
leaf_weight=35949 110 21220 10661 142 180 424 98 295 96 50 89 125 77 804 3145 59722 53 2071 57 7307 9706 7288 2103 165454 81209 584 569 118 175642 969
leaf_count=35949 110 21220 10661 142 180 424 98 295 96 50 89 125 77 804 3145 59722 53 2071 57 7307 9706 7288 2103 165454 81209 584 569 118 175642 969
internal_value=2.18876e-11 0.0299678 0.0557636 0.138111 0.289713 0.171299 0.35611 0.188738 0.611855 0.897734 0.490439 0.484592 0.756949 0.028506 -0.0495008 -0.00223343 0.0670078 0.123947 0.784292 -0.00458265 0.000987517 0.0440365 0.0853062 -0.00180254 0.0125128 0.0629406 0.224164 0.3701 -0.0118047 -0.0447698
internal_weight=586317 40666 19446 4836 1544 1129 705 607 415 235 139 312 187 14610 3949 545651 3292 2181 110 485929 274338 16698 9391 257640 92186 10977 1271 687 211591 1111
internal_count=586317 40666 19446 4836 1544 1129 705 607 415 235 139 312 187 14610 3949 545651 3292 2181 110 485929 274338 16698 9391 257640 92186 10977 1271 687 211591 1111
is_linear=0
shrinkage=0.05


Tree=57
num_leaves=31
num_cat=0
split_feature=11 1 12 12 10 13 10 13 4 9 13 11 10 9 10 3 5 10 7 0 3 10 8 12 1 10 7 10 1 8
split_gain=14638.6 17983.9 33992.1 15698.3 32479.3 31341.4 46601.5 14409.5 12879.3 19374.3 14382.6 17902.8 18002.9 22948.3 22829.2 42379.2 24946.4 21039.2 21005.2 21363.1 18597 17901.3 14467.4 13663.3 12256.2 28665.8 14616.9 25993.4 21382.4 21599.1
threshold=-0.10737737268209456 37.934488296508796 17.750000000000004 15.250000000000002 -0.3415676057338714 79.250000000000014 -0.90880924463272084 77.250000000000014 44.86070632934571 27.295834541320804 82.750000000000014 -0.90878397226333607 -0.45972847938537592 32.526515960693366 -0.70252096652984608 30.523142814636234 33.638193130493171 -0.65189296007156361 31.934691429138187 8.1237616539001483 25.515925407409672 -0.97109106183052052 6.8001720905303964 18.750000000000004 31.961493492126468 -0.8779519498348235 30.275289535522464 -0.61188074946403492 28.860654830932621 0.45525048673152929
decision_type=2 2 2 2 2 2 2 2 2 2 2 2 2 2 2 2 2 2 2 2 2 2 2 2 2 2 2 2 2 2
left_child=1 2 -1 4 5 -2 -7 -4 9 -9 11 -11 13 20 16 18 -15 23 -16 -20 -13 -18 -22 -17 25 -8 -27 -28 -29 -30
right_child=3 -3 7 -5 -6 6 24 8 -10 10 -12 12 -14 14 15 17 21 -19 19 -21 22 -23 -24 -25 -26 26 27 28 29 -31
leaf_value=-0.00079205975434737158 0.023121737911602155 -0.015529082163323557 -0.0069022482019436664 -0.014775661310069311 -0.014075815040983234 -0.014933955411317819 1.0652522298045781 -0.11514076915032284 0.15430326430928434 0.10278768997837384 0.009550206160506218 0.92823094658810534 -0.025900510198017562 0.019955674489334285 0.44171811239869618 0.24865900571295871 1.0687125224206182 0.10045507696652312 0.72846073447726667 2.0417093243605149 -0.0038563430261935004 0.26677490797582898 0.090454791584979752 0.85478453784319708 0.098585206782176263 0.1492906607414351 0.19011911482509453 -0.0031992601496832712 0.47044934308495973 1.084455062912675
leaf_weight=128936 30184 60787 13628 217980 57401 2976 115 1839 2803 17991 16807 58 7753 2972 123 201 81 1222 64 60 10872 494 6496 173 1125 1514 937 126 362 237
leaf_count=128936 30184 60787 13628 217980 57401 2976 115 1839 2803 17991 16807 58 7753 2972 123 201 81 1222 64 60 10872 494 6496 173 1125 1514 937 126 362 237
internal_value=2.38474e-11 0.00845334 0.0153113 -0.00738378 0.00958119 0.0457196 0.137994 0.0401365 0.0492931 0.0449134 0.0494163 0.0632142 0.0399238 0.0622912 0.152455 0.295209 0.0782805 0.200886 0.904678 1.3639 0.0344029 0.379744 0.031418 0.529033 0.241054 0.289756 0.261676 0.364054 0.588849 0.713386
internal_weight=586317 273360 212573 312957 94977 37576 7392 83637 70009 67206 65367 48560 30569 22816 5390 1843 3547 1596 247 124 17426 575 17368 374 4416 3291 3176 1662 725 599
internal_count=586317 273360 212573 312957 94977 37576 7392 83637 70009 67206 65367 48560 30569 22816 5390 1843 3547 1596 247 124 17426 575 17368 374 4416 3291 3176 1662 725 599
is_linear=0
shrinkage=0.05


Tree=58
num_leaves=31
num_cat=0
split_feature=4 11 9 11 11 10 9 1 11 10 6 10 11 3 12 11 10 7 5 10 10 9 1 7 11 10 7 10 12 11
split_gain=13292.3 9134.5 13064.9 9918.6 13071.3 52953.1 52333 50587.7 17023.3 24015.2 21583.8 20892.9 15150.5 13569 14224.2 9331.78 14838.5 17234.8 15696 17156.8 24818.4 13541.4 11271 10670.8 9142.38 9086.59 30786.3 25013.1 15828.4 13602.8
threshold=15.019975185394289 0.74407637119293224 29.705581665039066 -0.97106409072875965 -0.92260536551475514 -0.34964421391487116 27.739242553710941 29.331702232360843 -0.77212798595428456 -0.72660079598426808 28.991141319274906 -0.70252096652984608 -0.76107609272003163 26.866142272949222 18.250000000000004 -0.95234230160713185 -0.030120026320219036 29.582084655761722 31.957645416259769 -0.08167563751339911 -0.064507851377129541 32.594768524169929 27.01949501037598 34.553197860717781 -0.62538740038871754 -0.98211652040481556 31.34055328369141 -0.99628895521163929 19.250000000000004 0.16704543679952624
decision_type=2 2 2 2 2 2 2 2 2 2 2 2 2 2 2 2 2 2 2 2 2 2 2 2 2 2 2 2 2 2
left_child=25 2 3 -2 5 6 7 -5 13 24 -11 -12 -13 14 -6 16 17 -4 19 22 -21 -22 -19 -24 -10 26 27 -1 29 -29
right_child=1 -3 15 4 8 -7 -8 -9 9 10 11 12 -14 -15 -16 -17 -18 18 -20 20 21 -23 23 -25 -26 -27 -28 28 -30 -31
leaf_value=0.0070399179755900737 -0.056996852973260431 -0.079746940738967834 -0.12395738118972917 0.45949701363077528 0.0086798307193806899 0.081645048339080609 0.18581203292540419 2.5121443027341872 -0.08682374586852494 0.19335621040882631 1.3419551096856595 1.0304449714254589 0.064502986392996328 -0.14129364786293272 0.8249635336108696 0.00053404170237952495 -0.0050237855061915282 0.8314794037440052 0.039789083601415393 1.4003337306004984 -0.087532055779463713 0.77743269938689019 0.15766495001654138 0.85297129964455964 0.11103478528392866 -0.0034646495088270905 -0.018312291454533097 0.15497224143463448 -0.042564564113255411 0.44440370656601086
leaf_weight=5939 1015 1805 468 52 169 846 123 71 706 545 94 64 111 1173 78 19041 3013 73 883 81 90 91 1135 58 3374 520310 17796 5714 962 437
leaf_count=5939 1015 1805 468 52 169 846 123 71 706 545 94 64 111 1173 78 19041 3013 73 883 81 90 91 1135 58 3374 520310 17796 5714 962 437
internal_value=2.99178e-11 0.0298074 0.0357361 0.0895823 0.109671 0.269398 0.915085 1.64436 0.0820465 0.12627 0.37424 0.740714 0.417762 -0.0703686 0.266454 0.0175498 0.0725391 0.153712 0.207611 0.304591 0.672884 0.34734 0.228373 0.191469 0.0767975 -0.00190145 0.0244649 0.0827903 0.146038 0.175535
internal_weight=586317 35159 33354 8421 7406 1092 246 123 6314 4894 814 269 175 1420 247 24933 5892 2879 2411 1528 262 181 1266 1193 4080 551158 30848 13052 7113 6151
internal_count=586317 35159 33354 8421 7406 1092 246 123 6314 4894 814 269 175 1420 247 24933 5892 2879 2411 1528 262 181 1266 1193 4080 551158 30848 13052 7113 6151
is_linear=0
shrinkage=0.05


Tree=59
num_leaves=31
num_cat=0
split_feature=11 10 6 13 10 7 5 12 5 5 5 12 10 13 10 1 10 7 10 10 4 10 10 9 10 12 1 13 10 4
split_gain=12960.6 17386.3 18804.1 16690.6 16715.7 16207.2 15334.3 14845.4 14555.3 13817.4 17063.1 13095.9 27901.4 28294.2 43073.7 11086.2 27957.5 12570.9 25237.5 19667.5 27214.6 29798.4 17369.9 22622.9 15666.3 10511 10263.9 9868.06 9457.64 9198.56
threshold=-0.12447465583682059 -0.99052327871322621 3.2814819812774663 80.250000000000014 0.25118774175643926 33.012615203857429 25.940079689025882 19.250000000000004 32.054777145385749 30.360006332397464 30.931035995483402 15.250000000000002 -0.3415676057338714 79.250000000000014 -0.90880924463272084 32.120763778686531 -0.8779519498348235 30.241337776184086 -0.61188074946403492 -0.58429276943206776 0.83326557278633129 -0.48250326514244074 -0.42109696567058558 30.47022914886475 -0.70252096652984608 16.750000000000004 27.163667678833011 81.750000000000014 -0.99984258413314808 44.86070632934571
decision_type=2 2 2 2 2 2 2 2 2 2 2 2 2 2 2 2 2 2 2 2 2 2 2 2 2 2 2 2 2 2
left_child=1 2 -1 29 5 6 -5 8 9 25 -11 12 13 -2 -15 16 -16 24 -19 -20 22 -22 -21 -24 -18 -4 -8 -7 -13 -3
right_child=11 3 7 4 -6 27 26 -9 -10 10 -12 28 -14 14 15 -17 17 18 19 20 21 -23 23 -25 -26 -27 -28 -29 -30 -31
leaf_value=0.041620281332464586 0.020461701916451046 -0.0013724725163383172 0.87441980234450767 0.48346674239603421 -0.0010847436172310985 0.15526862042089726 -0.13204986953526765 -0.041239027390639262 -0.036164976732636044 1.4641549671358534 0.54841958347103026 -0.11580412720163491 -0.013318545566732461 -0.014874709504541292 0.99643065582495183 0.081165963407411321 0.4007621617432584 0.17210449903375072 1.2989101957671252 0.13955139414232115 1.7093087185668634 0.24610926372105957 -0.024719698303470428 1.3196019985057692 0.039095965300704388 0.0024416806603160999 0.033546799272282331 0.055803132875256192 -0.012538128884686231 0.090341955485056913
leaf_weight=1017 30576 198964 54 186 27600 4908 968 146 88 90 117 2240 57889 3072 128 986 411 1031 79 404 81 61 51 81 1103 96 28069 5069 217980 2772
leaf_count=1017 30576 198964 54 186 27600 4908 968 146 88 90 117 2240 57889 3072 128 986 411 1031 79 404 81 61 51 81 1103 96 28069 5069 217980 2772
internal_value=2.96579e-11 0.00804231 0.171963 0.00706075 0.0287232 0.0497105 0.0309251 0.396258 0.539797 0.681771 0.946565 -0.0068715 0.0085446 0.0417948 0.128905 0.228925 0.271401 0.243296 0.333068 0.552294 0.465299 1.08075 0.30225 0.800205 0.137276 0.316354 0.0280263 0.104733 -0.0135885 -0.000112249
internal_weight=586317 270144 1608 268536 66800 39200 29223 591 445 357 207 316173 95953 38064 7488 4416 3430 3302 1788 757 678 142 536 132 1514 150 29037 9977 220220 201736
internal_count=586317 270144 1608 268536 66800 39200 29223 591 445 357 207 316173 95953 38064 7488 4416 3430 3302 1788 757 678 142 536 132 1514 150 29037 9977 220220 201736
is_linear=0
shrinkage=0.05


Tree=60
num_leaves=31
num_cat=0
split_feature=11 10 6 1 13 10 12 1 7 5 12 10 13 10 10 3 1 7 10 3 10 3 0 5 1 13 12 10 5 5
split_gain=11696.9 15691.1 17168.5 17457.3 15063.2 15085.9 14922.4 25582.9 14627 13839.2 11819.1 25181 25535.5 38874.1 10374.1 21429.1 11355.5 12613.1 20948.3 20518.4 14847.4 13451.7 17068.1 10918.2 9263.2 8910.6 10933.1 10083.9 8662.8 8606.36
threshold=-0.12447465583682059 -0.99052327871322621 0.87824982404708873 31.084787368774418 80.250000000000014 0.25118774175643926 18.750000000000004 30.234247207641605 33.012615203857429 25.940079689025882 15.250000000000002 -0.3415676057338714 79.250000000000014 -0.90880924463272084 -0.8779519498348235 32.846303939819343 31.863302230834964 30.275289535522464 -0.61188074946403492 31.452585220336918 -0.70252096652984608 28.850794792175297 7.3316884040832528 30.124102592468265 27.163667678833011 82.250000000000014 17.750000000000004 -0.97109106183052052 31.858806610107425 38.709918975830085
decision_type=2 2 2 2 2 2 2 2 2 2 2 2 2 2 2 2 2 2 2 2 2 2 2 2 2 2 2 2 2 2
left_child=1 2 -1 6 29 8 7 -4 9 -6 11 12 -2 -14 15 -15 17 20 -19 21 -16 -20 23 -23 -11 26 -10 -28 -21 -3
right_child=10 4 3 -5 5 -7 -8 -9 25 24 -12 -13 13 14 16 -17 -18 18 19 28 -22 22 -24 -25 -26 -27 27 -29 -30 -31
leaf_value=0.0086964780182773576 0.019438617094593515 0.0049891713590481286 0.30376524167418806 0.13102809743985433 0.45929340411463299 -0.0010305063604415094 0.20825776291277373 1.4676115061972561 0.068805029567011178 -0.12544737572248732 -0.012909088539805939 -0.012652618163309559 -0.014130973503082109 0.86762566293139809 0.39574915793126642 0.11860449750844426 0.041008829247860569 0.17597814605867804 -0.16768092120566019 1.6513012010092831 0.04058671569000448 0.9076360130818879 1.1392618609511336 0.26612726324143948 0.031869458875596744 0.039608684640193528 0.77108691316618783 0.18803349855340348 0.74664053123105667 -0.021036346008977153
leaf_weight=848 30576 162236 92 439 186 27600 132 97 3015 968 220220 57889 3072 178 402 206 934 889 82 51 1098 82 92 347 28069 3828 76 3058 55 39500
leaf_count=848 30576 162236 92 439 186 27600 132 97 3015 968 220220 57889 3072 178 402 206 934 889 82 51 1098 82 92 347 28069 3828 76 3058 55 39500
internal_value=3.88231e-11 0.0076402 0.163365 0.335942 0.00670772 0.0272871 0.616183 0.901083 0.0472249 0.0293789 -0.00652793 0.00811737 0.0397051 0.12246 0.217479 0.465807 0.193829 0.239902 0.337648 0.540361 0.13577 0.427586 0.521275 0.388747 0.026625 0.0994967 0.136779 0.202173 1.1819 -0.000106637
internal_weight=586317 270144 1608 760 268536 66800 321 189 39200 29223 316173 95953 38064 7488 4416 384 4032 3098 1598 709 1500 603 521 429 29037 9977 6149 3134 106 201736
internal_count=586317 270144 1608 760 268536 66800 321 189 39200 29223 316173 95953 38064 7488 4416 384 4032 3098 1598 709 1500 603 521 429 29037 9977 6149 3134 106 201736
is_linear=0
shrinkage=0.05


Tree=61
num_leaves=31
num_cat=0
split_feature=2 11 7 11 10 11 9 3 11 5 4 0 9 13 10 12 11 12 12 9 13 10 3 6 9 9 9 6 5 10
split_gain=10664.5 8821.37 10921 11446.5 22502.2 28468.9 20035.2 13512.4 12024.6 10073.3 12064.4 9808.94 8372.41 7926.79 14036.7 9277.71 8298.65 26229.1 22413.3 21743.5 14064.7 13515.4 27538.2 18603.7 22774.4 13215.3 13166.5 19128.1 12890.5 11124.1
threshold=12.996385574340822 0.74407637119293224 27.752035140991214 -0.96681198477745045 -0.3657191395759582 -0.93533331155776966 28.447427749633793 25.515925407409672 0.69635042548179638 29.949045181274418 2.9087207317352299 57.193332672119148 27.739242553710941 78.250000000000014 0.25118774175643926 13.250000000000002 -0.10737737268209456 15.250000000000002 18.250000000000004 32.779375076293952 82.750000000000014 -0.99052327871322621 31.387905120849613 0.87824982404708873 30.724729537963871 27.295834541320804 25.493625640869144 33.721384048461921 30.554695129394535 -0.3415676057338714
decision_type=2 2 2 2 2 2 2 2 2 2 2 2 2 2 2 2 2 2 2 2 2 2 2 2 2 2 2 2 2 2
left_child=13 2 3 7 8 6 -6 -2 11 -3 -11 -5 -13 15 16 -1 18 26 21 25 -21 22 23 -15 -25 -20 27 -18 -26 -28
right_child=1 9 -4 4 5 -7 -8 -9 -10 10 -12 12 -14 14 -16 -17 17 -19 19 20 -22 -23 -24 24 28 -27 29 -29 -30 -31
leaf_value=0.012873106506188017 0.33096089876519569 -0.11704108874611074 0.022078198743759745 0.058072834290536224 0.078084682919685122 1.4194521947016181 0.96425465843800839 -0.20608571257719654 0.82515881431422056 0.0064728354796385161 0.82628236943412403 0.10350030504167081 1.0140127840579725 0.023885222692496894 -0.0084818620452294623 -0.013370300643173214 0.0096925586829950793 -0.010205044093782482 -0.14794249561427877 0.17011847979079436 0.032398660683413703 -0.00064447746702848638 0.020907082746511652 0.048268766522407532 0.77166791698379844 0.040576213360951435 0.075592881624444108 1.1563942105706895 1.8182076874279209 -0.0021209943825854717
leaf_weight=40787 156 1781 35512 1974 239 71 87 470 56 156 63 50 51 82 138525 193208 81 76984 974 5831 2718 44482 629 50 56 20406 13799 66 62 6911
leaf_count=40787 156 1781 35512 1974 239 71 87 470 56 156 63 50 51 82 138525 193208 81 76984 974 5831 2718 44482 629 50 56 20406 13799 66 62 6911
internal_value=9.84152e-11 0.0247011 0.0299974 0.119162 0.166562 0.512175 0.314578 -0.072253 0.102175 -0.0776923 0.242308 0.0826629 0.563264 -0.00184091 0.00338097 -0.00879589 0.0128726 0.0032699 0.0253516 0.0589369 0.126333 0.00319211 0.197343 0.641257 0.942594 0.0319879 0.0530064 0.524538 1.32154 0.0496595
internal_weight=586317 40666 38666 3154 2528 397 326 626 2131 2000 219 2075 101 545651 311656 233995 173131 97841 75290 29929 8549 45361 879 250 168 21380 20857 147 118 20710
internal_count=586317 40666 38666 3154 2528 397 326 626 2131 2000 219 2075 101 545651 311656 233995 173131 97841 75290 29929 8549 45361 879 250 168 21380 20857 147 118 20710
is_linear=0
shrinkage=0.05


Tree=62
num_leaves=31
num_cat=0
split_feature=11 4 10 6 12 9 1 12 5 5 5 10 5 5 12 3 10 5 9 10 8 10 3 7 10 0 10 10 0 12
split_gain=9868.24 13535.5 13884.4 16127.5 13535.2 12685.1 12993.5 25311.4 12665.2 10664.9 14269.3 9987.23 16961.5 10254.1 9929.89 9930.66 19422 14226.2 9880.86 20481.8 16908.4 14136.2 20823.9 14020.1 13004.4 23327.6 10298.2 27386 13007.8 9661.09
threshold=-0.12447465583682059 44.86070632934571 -0.99052327871322621 3.2814819812774663 19.250000000000004 27.295834541320804 38.153575897216804 18.250000000000004 31.989886283874515 30.360006332397464 30.931035995483402 0.45972847938537603 27.17766094207764 35.525520324707038 15.750000000000002 31.638983726501468 -0.80392050743103016 29.491099357604984 32.291826248168952 1.0000000180025095e-35 6.6873235702514657 -0.71466678380966175 32.383792877197273 30.815472602844242 -0.65189296007156361 2.4687699079513554 -0.97109106183052052 -0.97873103618621815 1.3886362314224245 15.250000000000002
decision_type=2 2 2 2 2 2 2 2 2 2 2 2 2 2 2 2 2 2 2 2 2 2 2 2 2 2 2 2 2 2
left_child=1 2 3 -1 8 -4 7 11 9 -5 -11 14 -13 -14 -7 -16 17 -17 20 21 -9 22 -20 -24 25 -23 27 -25 -29 -2
right_child=29 -3 5 4 -6 6 -8 18 -10 10 -12 12 13 -15 15 16 -18 -19 19 -21 -22 24 23 26 -26 -27 -28 28 -30 -31
leaf_value=0.033673801025500646 0.0072450083653725524 0.091540172311080234 -0.052954701104668059 0.3114184189400227 -0.070046277146842056 -0.021512339957516984 -0.014344747919415811 -0.01203257921372608 -0.017632539422957453 1.3525359152575558 0.49924756981637497 0.80857588692797711 0.061083027007945268 0.0013814267475383525 -0.018425298725391184 0.88122811399657164 0.0054239822209288186 0.094821896089915619 -0.051381375495070804 0.025021883278597973 0.062741473197249029 0.6039917542088783 0.95801865590306434 0.008719400928208703 0.12803016928705255 0.042276499509153999 0.090605276073108199 0.49317788444459443 1.4899981766194106 -0.011765244234352814
leaf_weight=999 95953 4655 9221 139 134 54873 56772 18362 91 89 109 69 11506 19184 19282 58 22687 6794 2784 19046 12852 405 52 190 7085 340 2234 72 60 220220
leaf_count=999 95953 4655 9221 139 134 54873 56772 18362 91 89 109 69 11506 19184 19282 58 22687 6794 2784 19046 12852 405 52 190 7085 340 2234 72 60 220220
internal_value=-8.43567e-11 0.0070176 0.00553561 0.154215 0.368488 0.00465624 0.00674189 0.01279 0.505786 0.647124 0.882796 0.000504088 0.0255247 0.0237642 -0.00691784 0.00948585 0.0277052 0.101479 0.0388112 0.0582125 0.0187548 0.106023 0.043722 0.145243 0.148925 0.347638 0.128708 0.39306 0.946278 -0.00599596
internal_weight=586317 270144 265489 1561 562 263928 254707 197935 428 337 198 134453 30759 30690 103694 48821 29539 6852 63482 32268 31214 13222 5392 2608 7830 745 2556 322 132 316173
internal_count=586317 270144 265489 1561 562 263928 254707 197935 428 337 198 134453 30759 30690 103694 48821 29539 6852 63482 32268 31214 13222 5392 2608 7830 745 2556 322 132 316173
is_linear=0
shrinkage=0.05


Tree=63
num_leaves=31
num_cat=0
split_feature=0 11 1 10 9 11 11 5 7 13 11 12 3 11 12 9 1 0 4 10 13 5 6 7 10 10 5 11 3 11
split_gain=9299.39 8878.49 16730.7 14375.1 11880.8 13781.2 34205.5 34441.7 7449.82 7244.01 11227.3 8549.03 8197.79 25627.3 32358.4 13378.5 13270.5 15153.6 11430.1 8989.65 10048.8 9577.36 8787.5 8230.84 7528.91 14390.7 26353.2 38245.2 66192.8 8035.87
threshold=12.928617000579836 -0.99049577116966236 26.488616943359379 -0.11593352630734442 29.202995300292972 0.72064045071601879 0.59123954176902782 28.509267807006839 26.223810195922855 79.750000000000014 -0.95744973421096791 13.750000000000002 30.931479454040531 -0.98798605799674977 19.250000000000004 28.447427749633793 29.501111984252933 2.7089172601699834 2.0535271167755131 -0.04732095077633857 82.250000000000014 29.279334068298343 6.0234575271606454 29.332071304321293 -0.45972847938537592 -0.48250326514244074 30.76978969573975 0.87377473711967479 31.421188354492191 -0.12447465583682059
decision_type=2 2 2 2 2 2 2 2 2 2 2 2 2 2 2 2 2 2 2 2 2 2 2 2 2 2 2 2 2 2
left_child=9 2 3 -2 5 6 -3 8 -8 11 12 -1 13 19 -15 -16 22 18 -18 20 21 -11 -17 -14 25 29 -27 -28 -29 -12
right_child=1 4 -4 -5 -6 -7 7 -9 -10 10 24 -13 23 14 15 16 17 -19 -20 -21 -22 -23 -24 -25 -26 26 27 28 -30 -31
leaf_value=0.008073826685886961 1.3069961723011847 0.07716466437474484 0.077256501634758334 0.15250147708824702 0.0020562673821066372 -0.10824442429412325 0.66608235374956903 1.4818267992416094 -0.00023744729669573155 -0.16123498811324438 0.03671413888595218 -0.0098251755159123651 -0.20903411219271179 0.10873386202613407 0.017739950120449068 0.78965315361108102 0.33219184701641402 0.17126425467147174 1.2467593818582516 -0.10962722354097394 -0.090907514064019784 0.48672154778418986 1.7016150434613229 0.038145162883764017 -0.0051326246835093486 0.016555844839466247 0.15015293900269011 0.42896449771838463 2.5568109403436003 -0.0020868406010384698
leaf_weight=87033 52 5582 3796 56 30232 886 69 86 107 75 22283 285708 348 904 76 56 54 131 93 955 256 238 50 10456 102009 950 337 123 52 33264
leaf_count=87033 52 5582 3796 56 30232 886 69 86 107 75 22283 285708 348 904 76 56 54 131 93 955 256 238 50 10456 102009 950 337 123 52 33264
internal_value=2.20208e-11 0.0230053 0.0947156 0.708369 0.0154311 0.0755126 0.103372 0.661723 0.26099 -0.00172359 0.0067414 -0.00564586 0.0501863 0.125017 0.282454 0.623853 0.743812 0.562312 0.910796 -0.0158919 0.141432 0.33146 1.21982 0.0301834 0.00300065 0.0175539 0.172398 0.461559 1.06124 0.0134784
internal_weight=586317 40866 3904 108 36962 6730 5844 262 176 545451 172710 372741 13692 2888 1364 460 384 278 147 1524 569 313 106 10804 159018 57009 1462 512 175 55547
internal_count=586317 40866 3904 108 36962 6730 5844 262 176 545451 172710 372741 13692 2888 1364 460 384 278 147 1524 569 313 106 10804 159018 57009 1462 512 175 55547
is_linear=0
shrinkage=0.05


Tree=64
num_leaves=31
num_cat=0
split_feature=2 11 5 7 11 11 3 1 0 9 9 13 10 12 11 12 13 12 9 6 11 10 13 10 3 11 11 11 11 10
split_gain=8645.58 7202.22 10247.2 9563.84 12056.3 17759.5 10574.4 10525.1 10392.3 9323.83 8849.3 6855.28 11793 7867.07 7243.44 11397.2 15414.3 8768.73 13249 16895 11000.6 17638.3 11650 11816.3 11116.7 6980.37 7512.53 7777.28 6949.84 15478.9
threshold=15.601145744323732 0.73246693611145031 30.738202095031742 28.56797027587891 -0.9469526708126067 -0.92910701036453236 25.515925407409672 29.373962402343754 97.80576324462892 28.161762237548832 32.560945510864265 78.250000000000014 0.25118774175643926 13.250000000000002 -0.92910701036453236 16.750000000000004 82.250000000000014 14.250000000000002 25.493625640869144 33.721384048461921 0.41326330602169042 -0.3415676057338714 79.750000000000014 -0.86095303297042836 32.550685882568366 0.34963449835777288 -0.91583034396171559 -0.40541070699691767 -0.10737737268209456 -0.91585582494735707
decision_type=2 2 2 2 2 2 2 2 2 2 2 2 2 2 2 2 2 2 2 2 2 2 2 2 2 2 2 2 2 2
left_child=11 3 -3 4 6 7 -2 9 10 -6 -7 13 14 25 15 -13 -17 18 19 -16 -20 22 -22 24 -24 26 -1 -28 29 -19
right_child=1 2 -4 -5 5 8 -8 -9 -10 -11 -12 12 -14 -15 17 16 -18 28 20 -21 21 -23 23 -25 -26 -27 27 -29 -30 -31
leaf_value=-0.023243839857333491 0.31332143353644071 -0.10350394824159861 0.42788094990731529 0.018932984652994866 0.10235168083938731 0.088152506883052817 -0.12085913162784918 1.0685481741394796 0.74247159594669943 0.91602885967493064 0.75870535770058645 -0.0059601847302972362 -0.0075643829786272813 -0.012134428803983925 0.022636637173286858 0.088726697859918366 -0.013521234874319624 0.067579814647683742 0.00078821091486555453 1.1551359019801022 0.10051622990137735 0.00035768342613307725 1.248722437074629 0.22319502656805909 0.31077337229953095 -0.013294165643479031 0.076230106823493154 0.012824198013992059 -0.0059814158684036289 -0.00032413716587666777
leaf_weight=5447 167 1651 96 27550 119 3083 875 71 64 50 50 10695 139242 195214 73 12780 5180 11756 12207 60 4806 4817 59 716 68 16539 9289 10089 84171 29333
leaf_count=5447 167 1651 96 27550 119 3083 875 71 64 50 50 10695 139242 195214 73 12780 5180 11756 12207 60 4806 4817 59 716 68 16539 9289 10089 84171 29333
internal_value=7.98512e-11 0.0245572 -0.0743036 0.0299495 0.0977113 0.142879 -0.0512736 0.557701 0.111738 0.343085 0.098854 -0.00150114 0.00331799 -0.00793737 0.0118924 0.0349029 0.0592365 0.00743925 0.0359555 0.533539 0.0330367 0.0706496 0.130589 0.302034 0.746513 0.0118703 0.0286355 0.0432183 0.00224731 0.0191039
internal_weight=586317 33776 1747 32029 4479 3437 1042 240 3197 169 3133 552541 315963 236578 176721 28655 17960 148066 22806 133 22673 10466 5649 843 127 41364 24825 19378 125260 41089
internal_count=586317 33776 1747 32029 4479 3437 1042 240 3197 169 3133 552541 315963 236578 176721 28655 17960 148066 22806 133 22673 10466 5649 843 127 41364 24825 19378 125260 41089
is_linear=0
shrinkage=0.05


Tree=65
num_leaves=31
num_cat=0
split_feature=11 13 5 9 10 1 10 10 10 0 11 1 5 12 10 10 7 9 11 7 9 10 13 2 11 9 1 3 10 10
split_gain=7938.95 11077.3 11737.3 7886.01 8076.91 10134.4 8521.42 42325.1 10470.8 7515.85 10737.8 31233.6 7446.17 7157.87 9042.72 11175.9 32662.4 20244.2 37393.5 11973.2 16916.9 15434.3 18140.6 10449.6 10531.1 12827.7 14214.6 16626.8 10634.9 9927.19
threshold=0.33345642685890203 80.250000000000014 25.940079689025882 27.295834541320804 0.25118774175643926 34.376260757446296 -0.99052327871322621 -0.99466162919998158 -0.15005400776863095 53.543170928955085 -0.98798605799674977 28.311072349548343 28.025094032287601 13.250000000000002 -0.99939814209938038 -0.97505551576614369 30.405122756958011 32.099849700927741 0.16704543679952624 30.564222335815433 33.589101791381843 0.7086201310157777 78.250000000000014 4.826845884323121 -0.10737737268209456 30.536562919616703 29.697037696838382 30.616518974304203 -0.99865758419036854 0.59125596284866344
decision_type=2 2 2 2 2 2 2 2 2 2 2 2 2 2 2 2 2 2 2 2 2 2 2 2 2 2 2 2 2 2
left_child=1 9 -3 12 5 -5 7 -7 -8 13 11 -11 -4 -1 -15 16 17 23 -19 20 21 -17 -23 -16 25 -25 -27 -28 -26 -21
right_child=-2 2 3 4 -6 6 8 -9 -10 10 -12 -13 -14 14 15 19 -18 18 -20 29 -22 22 -24 24 28 26 27 -29 -30 -31
leaf_value=0.017234513796168759 -0.0072587861032386214 0.41567773978539652 0.13571671848938921 0.028319735339753717 0.0036640853150801313 -0.24546227248178587 -0.032444373876646615 1.648179576601833 0.16738648071286125 1.4067257562178677 0.057875044366162143 0.021258936145605933 -0.17706874638828821 -0.079351115152631393 0.067359422702711891 -0.041891018434933903 -0.0060728933673538047 0.26170394830405713 1.7815638188637941 0.0093681556225510172 0.27992813855276577 1.1505383869601509 0.0093918300321435225 0.23197642342675301 0.40215159114610793 -0.01348731646350786 1.3530092845651065 0.23875274354448686 0.01282175085249892 -0.01533536368183458
leaf_weight=44121 229341 187 241 45913 38395 72 957 50 2081 59 1968 131 904 3996 3837 31266 16112 196 51 90030 420 59 85 525 232 51 94 52 719 74172
leaf_count=44121 229341 187 241 45913 38395 72 957 50 2081 59 1968 131 904 3996 3837 31266 16112 196 51 90030 420 59 85 525 232 51 94 52 719 74172
internal_value=1.43238e-12 0.00466344 0.0199697 0.0191347 0.0208413 0.0342808 0.120892 0.53062 0.104438 -0.00040487 0.09253 0.451483 -0.111234 -0.00115878 -0.00481602 -0.00344915 0.0304532 0.132678 0.575521 -0.00723124 -0.0352974 -0.0395124 0.476945 0.112826 0.217104 0.361077 0.705128 0.956151 0.1078 -0.00179072
internal_weight=586317 356976 88800 88613 87468 49073 3160 122 3038 268176 2158 190 1145 266018 221897 217901 21869 5757 247 196032 31830 31410 144 5510 1673 722 197 146 951 164202
internal_count=586317 356976 88800 88613 87468 49073 3160 122 3038 268176 2158 190 1145 266018 221897 217901 21869 5757 247 196032 31830 31410 144 5510 1673 722 197 146 951 164202
is_linear=0
shrinkage=0.05


Tree=66
num_leaves=31
num_cat=0
split_feature=4 11 9 11 11 10 9 1 11 10 6 3 1 3 12 5 10 12 3 10 7 10 12 13 9 11 3 6 11 3
split_gain=7385.01 7590.56 10900.7 8757.47 11078.9 47576.7 45645.9 47798.9 14611.7 20426.3 16405 17599.6 25056.4 11363.5 11716.4 9478.91 8466.14 7930.36 7451.08 7045.78 26173.1 19942.2 13767.1 13034.5 22084.9 12147.1 108194 10821.3 17427.8 13787.8
threshold=15.285014629364015 0.74407637119293224 29.705581665039066 -0.97106409072875965 -0.92260536551475514 -0.34964421391487116 27.739242553710941 29.659092903137211 -0.77212798595428456 -0.72660079598426808 28.991141319274906 28.796261787414554 28.015341758728031 26.866142272949222 18.250000000000004 31.115818023681644 -0.78297284245491017 14.250000000000002 25.515925407409672 -0.98211652040481556 31.34055328369141 -0.99628895521163929 19.250000000000004 83.750000000000014 34.37572097778321 0.16704543679952624 31.858166694641117 8.8615660667419451 -0.10737737268209456 30.771559715271
decision_type=2 2 2 2 2 2 2 2 2 2 2 2 2 2 2 2 2 2 2 2 2 2 2 2 2 2 2 2 2 2
left_child=19 2 3 18 5 6 7 -5 13 16 -11 12 -12 14 -6 -7 -10 -15 -2 20 21 -1 25 -22 -25 27 -27 -23 29 -29
right_child=1 -3 -4 4 8 15 -8 -9 9 10 11 -13 -14 17 -16 -17 -18 -19 -20 -21 23 22 -24 24 -26 26 -28 28 -30 -31
leaf_value=0.0078998913591963073 0.31868635119968342 -0.078147042551909768 0.011134007204698598 0.65210596905513252 0.0033804870364856133 0.021149829979985952 0.17564482600117726 2.6579671352825787 0.10235614545389411 0.18316636655839899 0.49323680922389035 0.23700471145529597 1.8581090345063753 0.30914356164310292 0.75511641974904042 0.68907406975825625 -0.080343087837571589 -0.17469247217407174 -0.11092818701033882 -0.0027803869494171132 -0.026080069279517046 0.1015114904030813 -0.043802688737818299 0.11215631546841075 1.1497472634272916 0.13125071756465118 2.6020925282388929 0.63933594581882613 0.081110382819298055 0.19039209342492341
leaf_weight=5964 114 1779 24471 66 163 780 120 54 3213 530 82 126 57 92 76 57 790 1066 880 520865 17160 4380 966 609 56 389 50 383 670 309
leaf_count=5964 114 1779 24471 66 163 780 120 54 3213 530 82 126 57 92 76 57 790 1066 880 520865 17160 4380 966 609 56 389 50 383 670 309
internal_value=1.72643e-11 0.0224368 0.0279027 0.0775454 0.0965728 0.244587 0.865194 1.55474 0.0708404 0.112275 0.343772 0.664982 1.05293 -0.0714682 0.242426 0.0666357 0.0663001 -0.136253 -0.0616565 -0.00140345 0.0217798 0.0754042 0.131735 -0.0176631 0.199532 0.159169 0.412668 0.139788 0.262879 0.438868
internal_weight=586317 34516 32737 8266 7272 1077 240 120 6195 4798 795 265 139 1397 239 837 4003 1158 994 551801 30936 13111 7147 17825 665 6181 439 5742 1362 692
internal_count=586317 34516 32737 8266 7272 1077 240 120 6195 4798 795 265 139 1397 239 837 4003 1158 994 551801 30936 13111 7147 17825 665 6181 439 5742 1362 692
is_linear=0
shrinkage=0.05


Tree=67
num_leaves=31
num_cat=0
split_feature=13 11 10 10 0 11 9 6 13 13 3 11 5 9 10 12 13 12 11 3 0 12 7 11 3 10 1 7 1 7
split_gain=7229.49 10033.1 11535.9 16256.5 22066.6 19554.1 20936.3 19131.2 14519.5 11233.6 10852.1 97368.1 10513.8 13002.9 9649.68 11992.1 9385.5 8377.36 8275.8 9279.79 16962 30488 10099.2 24450.3 23908.9 19546.2 8686.22 8376.16 7986.05 19991.5
threshold=79.750000000000014 -0.95234230160713185 -0.45972847938537592 -0.54883790016174305 7.5942895412445077 -0.85204595327377308 30.819928169250492 0.87824982404708873 80.750000000000014 81.750000000000014 31.452585220336918 0.86527520418167125 26.495076179504398 27.834531784057621 -0.5343676209449767 17.750000000000004 82.750000000000014 16.250000000000004 -0.98518359661102284 30.866327285766605 18.094827651977543 18.750000000000004 29.374021530151371 -0.97106409072875965 29.840383529663089 -0.25118774175643915 33.305685043334968 30.500618934631351 31.490153312683109 32.974578857421882
decision_type=2 2 2 2 2 2 2 2 2 2 2 2 2 2 2 2 2 2 2 2 2 2 2 2 2 2 2 2 2 2
left_child=-1 9 3 12 10 -6 7 -7 -9 17 -5 14 13 -3 15 -12 -17 -2 26 20 21 -20 25 24 -24 -23 -11 -25 -8 -30
right_child=1 2 -4 4 5 6 28 8 -10 18 11 -13 -14 -15 -16 16 -18 -19 19 -21 -22 22 23 27 -26 -27 -28 -29 29 -31
leaf_value=-0.0038383524258869014 -0.015302212546047817 0.77693101599508407 -0.006086155438270382 0.0042768947195164012 0.085220222374013929 0.27432256499305369 0.022730342006763896 0.84242287580929109 1.9712365834758832 -0.085352775397406933 -0.006763979920319148 1.7494016580109659 0.01101763584273222 0.090036219113570612 0.018821134161095286 0.92289291423559183 0.12770214515217279 0.097890502393609385 -0.06014473408408149 0.001137750720709032 -0.16019290160119296 0.96833804812071467 1.9870339140577138 0.72067129228193805 0.72563367578987936 -0.23954224023804233 0.079494994837704849 -0.070034909894648986 1.3432824635734926 0.17247542103783031
leaf_weight=396712 2016 98 104845 3422 472 64 148 63 52 3439 140 91 59470 232 1455 100 59 8640 355 2478 281 53 53 53 129 91 1041 91 52 122
leaf_count=396712 2016 98 104845 3422 472 64 148 63 52 3439 140 91 59470 232 1455 100 59 8640 355 2478 281 53 53 53 129 91 1041 91 52 122
internal_value=-4.88414e-11 0.00803101 0.00422419 0.0205929 0.0973889 0.31615 0.533713 0.967227 1.35284 0.0427815 0.056976 0.154719 0.0125794 0.294023 0.0719849 0.330692 0.627822 0.0764757 -0.00174289 0.0548882 0.175316 0.289593 0.553756 0.707797 1.09296 0.205025 -0.0470477 0.220989 0.292723 0.522372
internal_weight=586317 189605 170885 66040 6240 973 501 179 115 18720 5267 1845 59800 330 1754 299 159 10656 8064 3584 1106 825 470 326 182 144 4480 144 322 174
internal_count=586317 189605 170885 66040 6240 973 501 179 115 18720 5267 1845 59800 330 1754 299 159 10656 8064 3584 1106 825 470 326 182 144 4480 144 322 174
is_linear=0
shrinkage=0.05


Tree=68
num_leaves=31
num_cat=0
split_feature=11 10 4 9 12 1 7 0 9 10 10 10 7 10 12 11 13 9 12 11 3 6 0 9 5 1 10 13 5 1
split_gain=6815.37 13310.5 11306.9 12201.3 10392.6 17460.5 18991.1 17589.8 17963.3 54356.8 8426.56 7712.64 24247.6 21828 14251.8 13601 10120.7 23939.6 8973.77 12186.7 90664 11871 13025.5 14691 8624.39 8867.05 9825.47 7678.95 10062.9 7963.95
threshold=-0.43663504719734186 -0.86095303297042836 44.86070632934571 27.295834541320804 17.250000000000004 33.938793182373054 32.493694305419929 1.0000000180025095e-35 28.161762237548832 -0.88606244325637806 0.63209757208824169 -0.98211652040481556 31.34055328369141 -0.99273952841758717 19.250000000000004 0.01290981797501445 83.750000000000014 34.434160232543952 14.750000000000002 0.16704543679952624 31.795172691345218 0.87824982404708873 0.56015610694885265 28.308662414550785 33.348825454711921 32.284915924072273 -0.99466162919998158 80.250000000000014 28.025094032287601 31.863302230834964
decision_type=2 2 2 2 2 2 2 2 2 2 2 2 2 2 2 2 2 2 2 2 2 2 2 2 2 2 2 2 2 2
left_child=1 4 3 10 -1 7 -7 -6 9 -9 -3 12 13 15 18 -2 -14 24 -15 21 -21 -20 23 -23 25 -18 -27 28 -10 -29
right_child=11 2 -4 -5 5 6 -8 8 27 -11 -12 -13 16 14 -16 -17 17 -19 19 20 -22 22 -24 -25 -26 26 -28 29 -30 -31
leaf_value=0.014322265308354891 -0.018079342186464838 -0.06190365870081517 0.091628002789712865 0.0056484821683367627 -0.0697538075712342 1.3299744735161463 0.30817638923763302 1.8848755200703939 0.72871791912386064 -0.24610766848874471 0.55360711377912331 -0.0063122292363733228 -0.026426037391884497 0.092741657326310789 -0.061127160559790061 0.10448522709546026 0.030720274175115178 1.1850338616461125 0.053964520304804489 0.11955794351931398 2.3879882348770347 1.1716210579115247 0.1579600211535187 0.37047489853176585 -0.15482522528543163 0.23791829528301719 1.0329353197610804 0.32302484427732975 0.01734104869672946 0.053942978346172503
leaf_weight=4080 7045 7897 3674 189373 1112 54 288 57 52 63 56 341901 18721 1938 732 3335 271 53 924 239 54 63 947 624 247 127 56 779 1130 425
leaf_count=4080 7045 7897 3674 189373 1112 54 288 57 52 63 56 341901 18721 1938 732 3335 271 53 924 239 54 63 947 624 247 127 56 779 1130 425
internal_value=-5.90371e-11 0.00724209 0.00471871 0.00310055 0.0703266 0.128028 0.469513 0.0957484 0.169188 0.766109 -0.0575696 -0.00401266 0.0182121 0.0640238 0.14435 0.0212995 -0.0191924 0.160411 0.175757 0.232187 0.53763 0.197201 0.278199 0.443942 0.0829435 0.212302 0.481202 0.139166 0.0486368 0.228042
internal_weight=586317 209040 201000 197326 8040 3960 342 3618 2506 120 7953 377277 35376 15901 5521 10380 19475 754 4789 2851 293 2558 1634 687 701 454 183 2386 1182 1204
internal_count=586317 209040 201000 197326 8040 3960 342 3618 2506 120 7953 377277 35376 15901 5521 10380 19475 754 4789 2851 293 2558 1634 687 701 454 183 2386 1182 1204
is_linear=0
shrinkage=0.05


Tree=69
num_leaves=31
num_cat=0
split_feature=10 10 7 10 12 12 11 3 8 1 7 7 9 10 8 10 9 13 10 11 13 9 5 5 9 0 11 12 11 10
split_gain=6542 9028.31 26922.1 12783.4 13246.4 11669.4 24279.6 65850.1 11197.9 10314.1 16878.5 9914.19 13475.2 12551.7 9771.28 10611.5 9330.44 8888.34 12478.5 8634.17 7700 18075 7968.74 7070.9 10637 6920.12 6909.61 10425.4 15114.1 23480
threshold=-0.99984258413314808 -0.98211652040481556 31.34055328369141 -0.99273952841758717 18.750000000000004 16.750000000000004 0.16704543679952624 31.387905120849613 3.1932226419448857 30.963296890258793 29.196641921997074 28.506230354309086 29.425127029418949 -0.99052327871322621 18.650094985961918 -0.98801350593566883 30.629525184631351 78.750000000000014 0.25118774175643926 -0.05591491982340812 83.750000000000014 34.37572097778321 33.394929885864265 30.680072784423832 29.589060783386234 97.80576324462892 -0.95234230160713185 14.250000000000002 0.41326330602169042 -0.48250326514244074
decision_type=2 2 2 2 2 2 2 2 2 2 2 2 2 2 2 2 2 2 2 2 2 2 2 2 2 2 2 2 2 2
left_child=-1 2 3 19 5 11 8 16 -7 10 -10 12 -5 -13 -6 -16 -8 25 26 -2 -4 22 -22 24 -12 -3 -19 28 -28 -30
right_child=1 17 20 4 14 6 7 -9 9 -11 23 13 -14 -15 15 -17 -18 18 -20 -21 21 -23 -24 -25 -26 -27 27 -29 29 -31
leaf_value=-0.071116932901274063 -0.017176877026468564 -0.0075546860522243027 -0.020997326831662673 0.18383559191014087 -0.070848121446316303 0.082059538059731194 0.69768065873872154 2.3545401155364281 1.3497183498123597 0.18103701906569941 0.59827839961009366 0.26152281444968406 0.78574133831513138 -0.0060642942506306903 0.014266399341787018 0.88496371609932289 -0.18110349033194692 0.038331170979248083 -0.006601246463949881 0.083594836678213907 0.19219556452766268 1.0020069890900662 -0.18964491185905347 0.78671467796533934 -0.21531421915664303 0.32344003857313836 -0.0022811268161810148 0.0044080168586051339 0.18493888415223769 0.017032072800664749
leaf_weight=3216 3763 279424 17299 525 993 722 55 51 58 339 84 602 113 1611 86 59 67 26136 121176 4885 436 57 199 79 77 158 7904 107758 3848 4537
leaf_count=3216 3763 279424 17299 525 993 722 55 51 58 339 84 602 113 1611 86 59 67 26136 121176 4885 436 57 199 79 77 158 7904 107758 3848 4537
internal_value=-5.36532e-11 0.000392234 0.0261433 0.0776929 0.137132 0.176596 0.287891 0.845781 0.216872 0.369673 0.584263 0.11679 0.290443 0.0667271 -0.0148615 0.36855 0.21507 -0.00111093 0.00533536 0.0397461 -0.014455 0.149093 0.0725322 0.399278 0.209169 -0.00736763 0.0149665 0.0100437 0.0473258 0.094087
internal_weight=586317 583101 32160 14169 5521 4383 1532 173 1359 637 298 2851 638 2213 1138 145 122 550941 271359 8648 17991 692 635 240 161 279582 150183 124047 16289 8385
internal_count=586317 583101 32160 14169 5521 4383 1532 173 1359 637 298 2851 638 2213 1138 145 122 550941 271359 8648 17991 692 635 240 161 279582 150183 124047 16289 8385
is_linear=0
shrinkage=0.05


Tree=70
num_leaves=31
num_cat=0
split_feature=11 10 4 9 12 1 7 0 9 5 13 2 12 10 9 4 10 9 10 2 5 9 10 10 2 10 8 10 7 10
split_gain=6105.69 12060.8 10098.3 10937.5 9341.76 15858.9 17516.5 15533.7 18074.3 12425.8 9796.56 7892.23 7833.05 7610.26 7272.23 10591.3 7214.22 8511.01 30523.2 13708.8 11057.3 10463.5 10356.5 7552.86 10933 17417.5 14212.4 6393.09 19718.3 18544.1
threshold=-0.43663504719734186 -0.86095303297042836 44.86070632934571 27.295834541320804 17.250000000000004 34.042966842651374 32.527023315429695 7.3316884040832528 28.512351989746097 27.944066047668461 79.750000000000014 15.601145744323732 18.750000000000004 0.63209757208824169 30.47022914886475 29.014748573303226 -0.25118774175643915 27.834531784057621 -0.38168568909168238 22.042654037475589 26.692610740661625 26.480161666870121 -0.28435654938220972 -0.444374069571495 30.356674194335941 -0.67760851979255665 2.2891875505447392 -0.98211652040481556 31.34055328369141 -0.99628895521163929
decision_type=2 2 2 2 2 2 2 2 2 2 2 2 2 2 2 2 2 2 2 2 2 2 2 2 2 2 2 2 2 2
left_child=1 4 3 13 14 7 -7 9 -9 -6 -10 -12 -13 -3 15 -1 17 18 20 -20 21 -4 23 24 -19 -26 -27 28 29 -2
right_child=27 2 16 -5 5 6 -8 8 10 -11 11 12 -14 -15 -16 -17 -18 22 19 -21 -22 -23 -24 -25 25 26 -28 -29 -30 -31
leaf_value=0.078966371850269335 -0.00083210229030538708 -0.058637320976054542 0.080009640813679311 0.0053357973601796558 0.77452326980591923 1.312940701082641 0.29819336662603746 1.1491304655963519 0.029221446761942427 0.0078510915571418476 0.23020336040049927 0.20037758904198807 0.9331416264096255 0.52630109276090353 -0.034833785591692458 0.81285619104609774 0.0045226590222095277 0.04232383184078721 1.6598578405730866 0.54907789525927098 -0.151994701410814 1.0163172968327998 0.69213690758283652 -0.097581394176961767 0.029607053658767053 1.4440056954309637 0.43564658642889142 -0.0058916347532497124 -0.017294131001383974 0.10751841126679214
leaf_weight=1364 7304 7897 74 189373 54 51 256 53 460 2482 451 60 93 56 2665 51 1549 828 51 61 186 50 70 472 171 51 111 341901 19475 8597
leaf_count=1364 7304 7897 74 189373 54 51 256 53 460 2482 451 60 93 56 2665 51 1549 828 51 61 186 50 70 472 171 51 111 341901 19475 8597
internal_value=6.24704e-11 0.00685467 0.00445267 0.00292344 0.0669048 0.121611 0.466767 0.0926042 0.247961 0.0241761 0.203072 0.335474 0.645783 -0.0545186 0.0138073 0.105418 0.086586 0.146405 0.347422 1.05488 0.0918244 0.457553 0.0965938 0.0710653 0.139628 0.381573 0.753093 -0.00379801 0.0164364 0.0577485
internal_weight=586317 209040 201000 197326 8040 3960 307 3653 1117 2536 1064 604 153 7953 4080 1415 3674 2125 422 112 310 124 1703 1633 1161 333 162 377277 35376 15901
internal_count=586317 209040 201000 197326 8040 3960 307 3653 1117 2536 1064 604 153 7953 4080 1415 3674 2125 422 112 310 124 1703 1633 1161 333 162 377277 35376 15901
is_linear=0
shrinkage=0.05


Tree=71
num_leaves=31
num_cat=0
split_feature=13 11 13 10 10 0 11 9 6 13 5 11 3 5 12 9 12 12 11 10 8 8 9 11 1 10 1 3 10 12
split_gain=5978.24 7912.45 10357.5 9312.17 14851 19705.5 17637.3 18809.4 17217 13119.2 9828.65 68322.1 50840.4 9104.33 12203.1 16746 7689.19 7610.81 20077.9 10390.1 10031 7692.35 7519.49 8500.2 14822.4 13436.9 17238.5 20345.2 23651.7 14336.1
threshold=79.750000000000014 -0.95234230160713185 82.250000000000014 -0.45972847938537592 -0.54883790016174305 7.5942895412445077 -0.85204595327377308 30.819928169250492 0.87824982404708873 80.750000000000014 30.931035995483402 0.87377473711967479 31.298826217651371 26.495076179504398 17.750000000000004 27.834531784057621 13.750000000000002 13.750000000000002 0.41326330602169042 -0.86095303297042836 12.431318759918215 33.186618804931648 27.16437911987305 -0.34155811369419092 27.298403739929203 -0.91585582494735707 32.626295089721687 32.481035232543952 -0.92263099551200856 18.750000000000004
decision_type=2 2 2 2 2 2 2 2 2 2 2 2 2 2 2 2 2 2 2 2 2 2 2 2 2 2 2 2 2 2
left_child=16 2 -2 4 13 10 -7 8 -8 -10 -6 -12 -13 14 -3 -16 -1 18 -15 -20 -21 -22 -19 24 -24 26 27 29 -29 -26
right_child=1 3 -4 -5 5 6 7 -9 9 -11 11 12 -14 17 15 -17 -18 22 19 20 21 -23 23 -25 25 -27 -28 28 -30 -31
leaf_value=0.009058726861008037 0.063857009419243216 -0.2976265166873393 -0.015671167176545955 -0.0053410891493315665 -0.003940041799783473 0.079437450988028777 0.25895955143496396 0.27695911660297307 0.79691789613829722 1.8699194168815247 0.063801198635952433 0.41210586231870527 2.3971561005440627 0.0060391014195530016 1.0577779595102152 0.17338454912504109 -0.0073516953729089859 -0.14775949612102476 0.84348179000662649 0.1123806374743581 1.0469827133123992 0.24622854085291848 -0.23526496760692803 -0.004609452779097324 0.014448432055994487 0.028812418055269375 -0.026893076294497272 0.26716338539523865 1.6734037025659174 0.3703859218129219
leaf_weight=93344 12672 73 6048 104845 3070 472 64 322 63 52 2064 78 55 1312 76 181 303368 781 96 300 61 59 486 39048 507 15329 730 67 54 640
leaf_count=93344 12672 73 6048 104845 3070 472 64 322 63 52 2064 78 55 1312 76 181 303368 781 96 300 61 59 486 39048 507 15329 730 67 54 640
internal_value=-7.55654e-11 0.00730303 0.0381633 0.00392237 0.018629 0.0920301 0.298757 0.505381 0.916285 1.2821 0.0538404 0.134581 1.23299 0.0109698 0.27287 0.434917 -0.00349042 0.0095165 0.109959 0.37419 0.266923 0.653279 0.00633116 0.00844764 0.0370702 0.0447088 0.166669 0.278104 0.894742 0.213053
internal_weight=586317 189605 18720 170885 66040 6240 973 501 179 115 5267 2197 133 59800 330 257 396712 59470 1828 516 420 120 57642 56861 17813 17327 1998 1268 121 1147
internal_count=586317 189605 18720 170885 66040 6240 973 501 179 115 5267 2197 133 59800 330 257 396712 59470 1828 516 420 120 57642 56861 17813 17327 1998 1268 121 1147
is_linear=0
shrinkage=0.05


Tree=72
num_leaves=31
num_cat=0
split_feature=10 10 7 10 12 11 12 11 3 6 0 9 13 10 13 9 5 1 11 5 3 10 6 7 9 3 6 13 11 10
split_gain=5794 7654.8 22079.7 10997.1 11027.7 7895.87 7645.29 12208.7 72385.5 10083.4 12372.7 8974.5 7447.48 9090.91 6882.53 16340.3 7108.76 6689.06 7252.47 6642.47 7518.23 25454.1 33048.9 6534.53 6510.82 6430.11 18955.7 7902.3 6722.48 6408.9
threshold=-0.99984258413314808 -0.98211652040481556 31.246698379516605 -0.99273952841758717 19.250000000000004 -0.05591491982340812 14.750000000000002 0.16704543679952624 31.762982368469242 0.87824982404708873 1.0361654162406924 28.308662414550785 79.250000000000014 0.25118774175643926 83.750000000000014 34.37572097778321 33.394929885864265 32.734432220458991 -0.15855351090431211 29.491099357604984 30.803702354431156 -0.99466162919998158 3.7516813278198247 28.311470031738285 28.512351989746097 30.771559715271 14.993460178375246 82.250000000000014 -0.14153505116701123 -0.99052327871322621
decision_type=2 2 2 2 2 2 2 2 2 2 2 2 2 2 2 2 2 2 2 2 2 2 2 2 2 2 2 2 2 2
left_child=-1 2 3 5 6 19 23 9 -9 -8 11 -11 -3 -14 17 16 -16 18 -4 -2 21 -21 -23 24 -5 26 28 -27 -13 -12
right_child=1 12 14 4 -6 -7 7 8 -10 10 29 25 13 -15 15 -17 -18 -19 -20 20 -22 22 -24 -25 -26 27 -28 -29 -30 -31
leaf_value=-0.066927867892487281 -0.125486388053871 -0.005840627741770953 -0.10267818984854604 0.12998494298563001 -0.0582300872883358 0.079999265961607335 0.038902015840928811 0.11558626850646939 2.2053592042137797 0.93031224409739177 0.36830362582964327 -0.016610265203884669 0.015020639000662823 -0.0052066510467425296 0.17873792058112575 0.95300182684471746 -0.17906748782047752 -0.053418518335558475 0.024176275045989088 0.0043396772254583101 -0.046141151746841975 0.032478949823210722 1.283773517969883 0.028504727230292338 0.55690804053612841 0.12166157767994645 1.0867925694706491 0.77317510862593297 0.60005579603044956 0.039847836552866486
leaf_weight=3216 1035 326179 1285 326 682 4649 855 204 52 72 195 112 124394 100368 459 57 199 7475 9147 849 1545 113 99 1442 123 337 98 54 73 623
leaf_count=3216 1035 326179 1285 326 682 4649 855 204 52 72 195 112 124394 100368 459 57 199 7475 9147 849 1545 113 99 1442 123 337 98 54 73 623
internal_value=-1.43712e-12 0.00036913 0.0240807 0.0726703 0.129309 0.0368152 0.157321 0.211719 0.540071 0.176969 0.252447 0.399709 -0.00101498 0.0059881 -0.0112435 0.140877 0.0705263 -0.0173175 0.00855051 -0.0183242 0.0242364 0.126718 0.61681 0.0803694 0.246937 0.343028 0.524556 0.21164 0.226723 0.118147
internal_weight=586317 583101 32160 13538 5248 8290 4566 2675 256 2419 1564 746 550941 224762 18622 715 658 17907 10432 3641 2606 1061 212 1891 449 674 283 391 185 818
internal_count=586317 583101 32160 13538 5248 8290 4566 2675 256 2419 1564 746 550941 224762 18622 715 658 17907 10432 3641 2606 1061 212 1891 449 674 283 391 185 818
is_linear=0
shrinkage=0.05


Tree=73
num_leaves=31
num_cat=0
split_feature=1 11 12 9 3 11 13 7 13 1 5 10 6 13 7 10 5 10 10 13 1 7 10 10 9 11 4 9 13 10
split_gain=5273.61 8413.99 13288.5 10723.6 10099 9823.19 16839.5 12257.8 11828.2 10847.8 35282.4 41817.7 23888.8 28987 15179.2 14280 9404.12 8728.94 24581.5 35402.8 35411.5 11840.1 19563.9 11929.3 17812.9 12747.5 20758 23719.9 17184 44616.6
threshold=39.852291107177741 0.13300977647304538 18.250000000000004 27.295834541320804 25.515925407409672 -0.90878397226333607 82.750000000000014 29.415464401245121 77.250000000000014 28.445576667785648 33.441766738891609 -0.30081701278686518 7.2423124313354501 79.250000000000014 30.534151077270511 -0.20088869333267209 28.025094032287601 -0.51973900198936451 -0.54883790016174305 79.750000000000014 28.750182151794437 33.937675476074226 -0.99466162919998158 -0.59817537665367115 32.356893539428718 -0.70250144600868214 47.059978485107429 32.425245285034187 81.250000000000014 -0.61188074946403492
decision_type=2 2 2 2 2 2 2 2 2 2 2 2 2 2 2 2 2 2 2 2 2 2 2 2 2 2 2 2 2 2
left_child=1 2 -1 16 -5 6 7 -6 -9 10 11 -10 15 -14 -15 -13 -4 18 21 -20 -21 23 -23 25 -25 26 27 -7 29 -29
right_child=-2 -3 3 4 5 17 -8 8 9 -11 -12 12 13 14 -16 -17 -18 -19 19 20 -22 22 -24 24 -26 -27 -28 28 -30 -31
leaf_value=-0.00026811428321685802 -0.018384749786024359 -0.0051326967838315994 0.066813591809863557 0.53039806455072724 -0.035827065485727033 0.018772048238932998 -0.02674835367402429 0.010510014500767072 -0.30082101516285742 0.096505301155743406 1.5697253134250642 0.71889314730022402 1.6112598311060513 0.88690409025863604 -0.038654585263456213 -0.099841416827157928 -0.150134305628323 -0.0070200674783370666 -0.056193766386885391 1.4301320674000206 0.35909840401379378 -0.10053859460557349 0.30115771388957735 -0.25912300040188069 0.093240784069151955 0.010960168195789783 0.56446514821664218 0.33118333832749497 0.033415218537152673 1.8340083976225419
leaf_weight=190826 36573 267419 724 99 2335 3564 5480 4038 273 13179 50 74 78 95 83 190 1611 27004 475 91 508 454 912 910 592 27565 229 484 347 55
leaf_count=190826 36573 267419 724 99 2335 3564 5480 4038 273 13179 50 74 78 95 83 190 1611 27004 475 91 508 454 912 910 592 27565 229 484 347 55
internal_value=3.63862e-11 0.00122309 0.00724331 0.0229088 0.0256788 0.0251178 0.0510671 0.0719756 0.0859136 0.107628 0.281514 0.20029 0.463373 0.807523 0.455323 0.129652 -0.0828665 0.014492 0.0305456 0.266175 0.52181 0.0233382 0.167651 0.0174965 -0.120242 0.0239127 0.100219 0.0763285 0.307854 0.484533
internal_weight=586317 549744 282325 91499 89164 89065 25875 20395 18060 14022 843 793 520 256 178 264 2335 63190 36186 1074 599 35112 1366 33746 1502 32244 4679 4450 886 539
internal_count=586317 549744 282325 91499 89164 89065 25875 20395 18060 14022 843 793 520 256 178 264 2335 63190 36186 1074 599 35112 1366 33746 1502 32244 4679 4450 886 539
is_linear=0
shrinkage=0.05


Tree=74
num_leaves=31
num_cat=0
split_feature=10 10 7 10 12 11 3 8 0 6 0 7 2 11 13 13 10 13 9 1 12 6 12 11 10 10 7 13 3 7
split_gain=5237.28 6828.05 20026.2 12120.8 7988.65 10866.9 75771.9 8824.82 10616.8 8511.77 12041.1 9468.91 10675.9 7156.39 7049.68 6627.99 8487.51 6222.07 29673 7570.98 6609.38 6056.68 6016.3 9113.37 15537.3 7934.55 7663.2 7385.41 6976.05 5853.08
threshold=-0.99984258413314808 -0.98211652040481556 31.065237998962406 -0.99273952841758717 18.750000000000004 0.16704543679952624 31.638983726501468 18.650094985961918 0.91755574941635143 3.5392497777938847 0.56015610694885265 29.374021530151371 7.0396254062652597 -0.05591491982340812 79.250000000000014 78.250000000000014 0.25118774175643926 83.250000000000014 34.49261665344239 32.734432220458991 18.750000000000004 68.613510131835952 13.250000000000002 -0.40541070699691767 0.56314551830291759 -0.78297284245491017 27.020131111145023 76.250000000000014 31.669790267944339 29.415464401245121
decision_type=2 2 2 2 2 2 2 2 2 2 2 2 2 2 2 2 2 2 2 2 2 2 2 2 2 2 2 2 2 2
left_child=-1 2 3 13 5 9 -7 -6 -9 -5 11 12 -11 29 -13 22 -17 19 -19 20 -4 -15 23 24 25 -3 -26 -27 -24 -2
right_child=1 15 17 4 7 6 -8 8 -10 10 -12 14 -14 21 -16 16 -18 18 -20 -21 -22 -23 28 -25 26 27 -28 -29 -30 -31
leaf_value=-0.063631254584882974 -0.11170072541167056 0.10878910679121812 0.0339752853483061 0.069547009153193756 -0.058242995224523843 0.14093049197548235 2.2343534343838694 0.95807663039118052 0.012333229112706774 0.43121440732146354 0.098119245712136857 0.025412234624402716 1.1453738590436322 0.070291615827109827 0.50767918250016997 0.011076162860132584 -0.0053562854661999004 0.049953141309724183 1.2938914600610734 -0.054685412453837859 -0.052756928857680387 0.61850297725668146 -0.021849646497179645 -0.008871852546238122 0.70773384020264662 0.079229799743955401 0.11852235090576116 -0.025905145739681126 -0.0026405148239058499 0.026706123025003494
leaf_weight=3216 1161 1800 8106 1942 797 319 50 50 73 309 837 226 63 4160 114 175972 141984 1164 50 7442 3013 51 84320 25035 56 2088 3784 8352 107550 2233
leaf_count=3216 1161 1800 8106 1942 797 319 50 50 73 309 837 226 63 4160 114 175972 141984 1164 50 7442 3013 51 84320 25035 56 2088 3784 8352 107550 2233
internal_value=2.43734e-11 0.000350948 0.0227454 0.0726019 0.134993 0.16655 0.424592 0.00259184 0.396782 0.139275 0.226693 0.37784 0.552161 0.0333869 0.187114 -0.000956281 0.00373821 -0.00847948 0.101186 -0.0156523 0.0104728 0.0769311 -0.00736289 0.0099941 0.0393665 0.0118376 0.127115 -0.00487816 -0.0110822 -0.0206393
internal_weight=586317 583101 32160 12385 4780 3860 369 920 123 3491 1549 712 372 7605 340 550941 317956 19775 1214 18561 11119 4211 232985 41115 16080 12240 3840 10440 191870 3394
internal_count=586317 583101 32160 12385 4780 3860 369 920 123 3491 1549 712 372 7605 340 550941 317956 19775 1214 18561 11119 4211 232985 41115 16080 12240 3840 10440 191870 3394
is_linear=0
shrinkage=0.05


Tree=75
num_leaves=31
num_cat=0
split_feature=12 10 11 12 10 0 3 7 13 10 8 7 1 10 5 5 1 1 2 10 2 9 0 4 10 9 0 3 13 5
split_gain=4890.18 8478.76 7555.41 19906.6 19334.6 20708 23856.5 23276.7 27618.6 19188.1 17004.2 16806.2 18410.3 16170.1 17550.8 20298.7 15470.8 14089.4 13999.7 13766 15216.8 13639.1 13096.4 12987.9 12257 16725.5 14981.8 21388.1 12062.1 11233.3
threshold=13.750000000000002 -0.99984258413314808 -0.95234230160713185 15.750000000000002 -0.25118774175643915 24.031633377075199 34.323110580444343 30.102701187133793 81.250000000000014 -0.28435654938220972 10.236582279205324 28.856875419616703 26.246039390563968 -0.28435654938220972 31.892766952514652 30.523216247558597 28.445576667785648 30.199495315551761 33.437347412109382 -0.28435654938220972 11.842506885528566 31.777683258056644 0.14512829482555392 5.25048851966858 -0.21772121638059613 30.437544822692875 4.4261167049407968 30.739950180053714 79.750000000000014 29.406868934631351
decision_type=2 2 2 2 2 2 2 2 2 2 2 2 2 2 2 2 2 2 2 2 2 2 2 2 2 2 2 2 2 2
left_child=-1 -2 3 -3 5 6 7 9 10 -5 17 -6 -13 -12 15 -15 -11 21 22 20 -19 -9 23 -18 25 26 -14 28 -28 -27
right_child=1 2 -4 4 11 -7 -8 8 -10 16 13 12 24 14 -16 -17 18 19 -20 -21 -22 -23 -24 -25 -26 29 27 -29 -30 -31
leaf_value=0.010120106384272274 -0.090883030607440018 -0.044124478189085069 -0.0036434660827259972 -0.22535195687864529 -0.11356953978569469 -0.16075082137156485 -0.14383516301747395 -0.1563889116945642 0.015748267918338638 -0.28838699759371517 1.4856815874194487 0.84217964702418868 0.13497655813871273 0.33143337280189078 -0.021516494093629629 1.5960327193599482 0.24108466444803134 0.6365806405033384 1.1521620553284884 0.35746828043111811 1.6784924174056333 0.50642663408445843 0.13480492408258563 1.3497821668982506 0.023589405087778625 0.64782223409225415 -0.079538346965645643 1.3206618926611293 0.72083350917539346 -0.0055396617704121
leaf_weight=99178 2672 10368 436371 331 2106 451 414 162 335 113 78 70 290 62 67 65 56 112 50 222 51 149 376 50 30878 71 86 83 104 896
leaf_count=99178 2672 10368 436371 331 2106 451 414 162 335 113 78 70 290 62 67 65 56 112 50 222 51 149 376 50 30878 71 86 83 104 896
internal_value=-7.21685e-11 -0.00206038 -0.00157049 0.0172374 0.0341002 0.152814 0.205327 0.268756 0.407052 0.0841244 0.542472 0.023308 0.0321837 0.877693 0.633244 0.978669 0.242941 0.411466 0.355798 0.613657 0.962578 0.161166 0.273188 0.764055 0.0304342 0.168573 0.38523 0.651067 0.35856 0.0424321
internal_weight=586317 487139 484467 48096 37728 3144 2693 2279 1303 976 968 34584 32478 272 194 127 645 696 532 385 163 311 482 106 32408 1530 563 273 190 967
internal_count=586317 487139 484467 48096 37728 3144 2693 2279 1303 976 968 34584 32478 272 194 127 645 696 532 385 163 311 482 106 32408 1530 563 273 190 967
is_linear=0
shrinkage=0.05


Tree=76
num_leaves=31
num_cat=0
split_feature=8 0 8 13 11 13 11 2 3 11 2 12 9 6 5 6 7 10 10 1 9 8 5 5 7 12 10 10 1 11
split_gain=4731.15 5708.57 5327.55 4654.29 6434.83 9371.47 8857.28 10645.5 7772.39 13693.6 30519.1 29876.7 19966.6 8863.93 7304.72 9150.33 7991.32 14665.4 22363.3 7242 6962.77 6469.07 6902.32 6936.88 6243.57 5959.95 6556.24 6197.66 7102.32 11017.4
threshold=27.710930824279789 97.80576324462892 49.717012405395515 79.750000000000014 -0.96227341890335072 82.250000000000014 -0.98518359661102284 33.437347412109382 30.931479454040531 -0.97870382666587818 3.0176318883895878 18.250000000000004 32.96919250488282 0.52927854657173168 29.572471618652347 24.787526130676273 30.564222335815433 -0.08167563751339911 -0.11593352630734442 33.260351181030281 30.406868934631351 0.92763331532478344 30.738202095031742 27.660520553588871 30.909672737121586 13.750000000000002 -0.99939814209938038 -0.93535929918289173 33.21458816528321 -0.20930689573287961
decision_type=2 2 2 2 2 2 2 2 2 2 2 2 2 2 2 2 2 2 2 2 2 2 2 2 2 2 2 2 2 2
left_child=3 -2 -3 25 5 8 19 -8 9 14 11 -11 21 -10 15 -5 17 18 -16 -7 -19 -12 23 -23 -25 -1 -27 28 -28 -30
right_child=1 2 -4 4 -6 6 7 -9 13 10 12 -13 -14 -15 16 -17 -18 20 -20 -21 -22 22 -24 24 -26 26 27 -29 29 -31
leaf_value=0.0073408191760841518 0.024127880328232324 0.63617960329394085 0.027694021633693153 -0.17919306849044597 0.0030028105747977214 -0.11241798817547413 0.042293539959816745 0.65001228796442356 0.097215413869546685 0.14920488236885932 -0.37029796714906571 1.7004480120662142 1.0831957357219206 -0.0093498411164853589 0.20826077358936199 0.2803145223772609 0.082240312360719978 -0.40251588004606742 1.6056221886873248 0.066654170310215616 0.36569563569644326 0.51819298054580976 0.67978363502025607 -0.2501669454329376 0.39090181660652162 -0.080382015035209892 0.028086994264556377 -0.0089753183693216925 0.10091351320071854 -0.061725215337100736
leaf_weight=91063 15626 74 70 447 167626 2403 1839 75 3684 54 77 73 52 4149 67 143 933 54 50 738 65 59 50 158 50 3036 23258 263653 1290 5401
leaf_count=91063 15626 74 70 447 167626 2403 1839 75 3684 54 77 73 52 4149 67 143 933 54 50 738 65 59 50 158 50 3036 23258 263653 1290 5401
internal_value=2.6735e-11 0.0270157 0.340388 -0.000746719 0.0058292 0.0369578 -0.0186787 0.066107 0.0646255 0.144755 0.357041 1.04086 0.16232 0.0407697 0.0756025 -0.0678209 0.147989 0.407919 0.805424 -0.0703437 0.0170955 0.0407826 0.140635 0.0396708 -0.0960639 -0.00384803 -0.00728282 -0.00652694 0.0150271 -0.0303691
internal_weight=586317 15770 144 570547 182846 15220 5055 1914 10165 2332 573 127 446 7833 1759 590 1169 236 117 3141 119 394 317 267 208 387701 296638 293602 29949 6691
internal_count=586317 15770 144 570547 182846 15220 5055 1914 10165 2332 573 127 446 7833 1759 590 1169 236 117 3141 119 394 317 267 208 387701 296638 293602 29949 6691
is_linear=0
shrinkage=0.05


Tree=77
num_leaves=31
num_cat=0
split_feature=1 11 12 9 3 5 10 9 6 1 9 6 1 10 10 3 13 11 10 0 10 10 1 10 11 13 11 10 3 3
split_gain=4423.32 6876.68 11949.1 9569.51 9037.19 8570.97 8145.61 15130.2 12787.7 16842.5 25405.3 13969.1 11429.9 10500.2 22688.7 16520.6 16162.3 15842.4 15629.6 14103.9 13979.8 30478.7 12374.9 13311 11614.6 50756.9 10134.2 55111.7 15860.3 9187.54
threshold=39.852291107177741 0.13300977647304538 18.250000000000004 27.295834541320804 25.515925407409672 28.025094032287601 0.45972847938537603 32.526515960693366 7.2423124313354501 26.246039390563968 28.628758430480961 23.094584465026859 35.073339462280281 -0.97873103618621815 -0.97109106183052052 32.41594314575196 82.250000000000014 -0.93533331155776966 -0.71466678380966175 1.3538408875465395 -0.59817537665367115 -0.61188074946403492 30.026032447814945 -0.65189296007156361 0.098816476762294783 83.250000000000014 -0.90878397226333607 -0.38168568909168238 33.089862823486335 31.638983726501468
decision_type=2 2 2 2 2 2 2 2 2 2 2 2 2 2 2 2 2 2 2 2 2 2 2 2 2 2 2 2 2 2
left_child=1 2 -1 5 -5 -4 7 8 12 10 -10 -12 -6 24 15 -15 17 -16 29 -17 21 22 -20 -24 -9 -26 27 28 -22 -19
right_child=-2 -3 3 4 6 -7 -8 13 9 -11 11 -13 -14 14 16 19 -18 18 20 -21 26 -23 23 -25 25 -27 -28 -29 -30 -31
leaf_value=-0.00056015048912613069 -0.016837514851930101 -0.0046257415532105139 0.064392433079790576 0.5014843071952011 -0.010510557324589671 -0.14272251800475133 -0.0028111586574455475 -0.068275286699180551 -0.34072688373308335 0.044453959808042648 0.39422759445090044 1.3768948513528576 0.32520744548892255 0.09509242816931672 0.055020167335493232 0.50542106628417971 0.00016156607020651218 -0.08459418804432528 -0.37559089568154569 1.6300883208811283 0.66142523704239964 1.4600350053035296 0.52592858180751489 -0.12508087307974999 0.0032503924673023261 1.4116861493607398 0.10521195934464148 0.18532534724020489 1.8290236298333515 0.12204810565529528
leaf_weight=190826 36573 267419 724 99 26305 1611 22108 2593 63 14472 76 69 256 90 9688 63 6104 780 58 50 52 65 395 98 517 73 2008 1283 66 1733
leaf_count=190826 36573 267419 724 99 26305 1611 22108 2593 63 14472 76 69 256 90 9688 63 6104 780 58 50 52 65 395 98 517 73 2008 1283 66 1733
internal_value=-3.12791e-12 0.00112015 0.00656268 0.0214177 0.0240344 -0.0785036 0.0235037 0.0321924 0.0134238 0.0508746 0.497602 0.861842 -0.00727484 0.0622918 0.0743 0.600514 0.0695162 0.0956065 0.155747 1.00306 0.216832 0.436042 0.315244 0.396519 -0.0227158 0.177514 0.177221 0.28043 1.31449 0.0579092
internal_weight=586317 549744 282325 91499 89164 2335 89065 66957 41241 14680 208 145 26561 25716 22533 203 22330 16226 6538 113 4025 616 551 493 3183 590 3409 1401 118 2513
internal_count=586317 549744 282325 91499 89164 2335 89065 66957 41241 14680 208 145 26561 25716 22533 203 22330 16226 6538 113 4025 616 551 493 3183 590 3409 1401 118 2513
is_linear=0
shrinkage=0.05


Tree=78
num_leaves=31
num_cat=0
split_feature=12 13 11 12 10 0 5 7 13 12 10 7 10 1 1 9 7 1 6 0 3 1 10 1 7 10 3 3 5 12
split_gain=4263.32 6990.88 11058.4 13920.8 14959.7 19524.1 24280.1 18587.8 33773.3 21902.7 34013.6 32383.9 18466.8 17544.8 16915.2 34728.3 14699 15525.1 12100.7 14922.8 11407.6 9707.33 8679.56 11725 14367.4 14646.5 17626.2 13847.7 27538.5 18626.1
threshold=13.250000000000002 77.250000000000014 -0.95234230160713185 15.750000000000002 -0.25118774175643915 24.031633377075199 34.091825485229499 30.172539710998539 81.250000000000014 17.250000000000004 -0.28435654938220972 32.226997375488288 -0.28435654938220972 28.514179229736332 29.659092903137211 31.809103012084964 29.196641921997074 26.488616943359379 8.7176747322082537 0.69578814506530773 28.796261787414554 30.199495315551761 1.0000000180025095e-35 30.993125915527347 32.158536911010749 -0.04732095077633857 32.41594314575196 29.048268318176273 31.115818023681644 18.250000000000004
decision_type=2 2 2 2 2 2 2 2 2 2 2 2 2 2 2 2 2 2 2 2 2 2 2 2 2 2 2 2 2 2
left_child=-1 -2 3 -3 5 6 7 12 9 21 11 -11 -5 -14 15 -12 -6 -18 20 -20 -15 -9 23 27 -25 26 -26 -19 29 -29
right_child=1 2 -4 4 16 -7 -8 8 -10 10 14 -13 13 18 -16 -17 17 22 19 -21 -22 -23 -24 24 25 -27 -28 28 -30 -31
leaf_value=0.011312640515226442 -0.012028619758596674 -0.02884364414450425 -0.0011239306640096968 -0.21953379383974025 -0.096418018561638758 -0.163093138975269 -0.13409655140332727 -0.1278903059907012 0.015484418776008039 2.159597643290037 0.14640195719324625 0.57885143618892743 -0.29980605563947132 0.78400557935237891 0.23806892643617356 1.9827007849426832 0.81466758636327885 -0.04863143450380969 1.2699386981924377 0.39482713886034149 -0.10660343929193915 0.52115514387560502 0.016149390170559746 -0.064118152988322838 0.21131573524655756 0.21978529991195328 -0.052222998652811152 0.10003863525950812 0.071103821747713888 0.51696174546240692
leaf_weight=72925 122514 8640 352286 265 2045 393 392 91 306 81 52 54 98 50 164 51 65 735 75 139 128 157 14753 2339 904 1445 2128 401 1834 807
leaf_count=72925 122514 8640 352286 265 2045 393 392 91 306 81 52 54 98 50 164 51 65 735 75 139 128 157 14753 2339 904 1445 2128 401 1834 807
internal_value=-1.92345e-11 -0.00160691 0.0016596 0.027069 0.0431976 0.160394 0.220846 0.302165 0.44862 0.652527 0.880496 1.5273 0.11672 0.298572 0.55346 1.05564 0.0325434 0.0429218 0.448167 0.701525 0.143568 0.282997 0.0409426 0.0754725 0.036314 0.0887846 0.0263519 0.146138 0.193198 0.378563
internal_weight=586317 513392 390878 38592 29952 2496 2103 1711 956 650 402 135 755 490 267 103 27456 25411 392 214 178 248 25346 10593 6816 4477 3032 3777 3042 1208
internal_count=586317 513392 390878 38592 29952 2496 2103 1711 956 650 402 135 755 490 267 103 27456 25411 392 214 178 248 25346 10593 6816 4477 3032 3777 3042 1208
is_linear=0
shrinkage=0.05


Tree=79
num_leaves=31
num_cat=0
split_feature=8 5 10 11 11 10 4 1 3 0 10 9 12 3 0 10 7 12 13 9 3 1 4 11 10 10 12 10 8 6
split_gain=4146.56 5171.27 7708.02 21230.4 13409.8 24719.6 23526.6 13226.1 43380 9398.71 7732.37 9561.03 15091.3 5946.06 11455.7 5766.81 5766.42 11792.8 10162.9 5172.66 4650.38 5896.6 10707.9 4441.39 6776.69 9336.49 5883.91 5510.93 6797.15 6257.3
threshold=27.710930824279789 31.173068046569828 -0.63874351978301991 -0.69014781713485707 -0.92260536551475514 -0.34964421391487116 27.484400749206547 27.01949501037598 28.027479171752933 8.7105402946472186 -0.98211652040481556 27.642139434814457 17.250000000000004 26.241848945617679 26.60034275054932 -0.69016700983047474 30.690706253051761 18.750000000000004 80.250000000000014 28.512351989746097 31.82473182678223 27.01949501037598 37.445121765136726 -0.61186373233795155 -0.89391031861305226 -0.88606244325637806 14.250000000000002 -0.70252096652984608 34.164461135864265 13.146036624908449
decision_type=2 2 2 2 2 2 2 2 2 2 2 2 2 2 2 2 2 2 2 2 2 2 2 2 2 2 2 2 2 2
left_child=-1 2 3 7 5 6 -4 -2 -9 15 11 12 -5 14 -6 -10 20 -18 -19 -3 21 22 -7 -12 -25 -26 27 28 -27 -30
right_child=1 19 4 10 13 16 -8 8 9 -11 23 -13 -14 -15 -16 -17 17 18 -20 -21 -22 -23 -24 24 25 26 -28 -29 29 -31
leaf_value=-0.00069906554614530434 -0.0063419809781534737 -0.11729120960001085 0.27948286216538232 0.07810375008030214 -0.11944260163896386 -0.072365827006072012 1.5682660776454633 1.7929344029700169 0.60849380689086741 0.92664625641703613 -0.11038514477633206 0.12064650744741441 1.167255467378487 -0.10309678510982334 0.81305325346172985 0.0084978363206309662 -0.0396308242077274 1.1498550691694585 0.17963316254995088 0.010074694728577903 0.2507200479420677 -0.097274602405812552 0.62152511438524183 -0.013353923323173394 0.65268001289052124 0.78458079566296779 0.0078749692820323011 -0.092825402880643879 -0.079296884377454899 0.5333598221163266
leaf_weight=570547 129 915 111 69 87 151 52 61 54 50 539 980 59 2074 53 155 140 53 55 6190 161 870 88 1699 85 76 570 77 87 80
leaf_count=570547 129 915 111 69 87 151 52 61 54 50 539 980 59 2074 53 155 140 53 55 6190 161 870 88 1699 85 76 570 77 87 80
internal_value=-1.23465e-11 0.0252917 0.0512186 0.0938325 -0.000968463 0.105503 0.690628 0.421067 0.593366 0.310842 0.0598292 0.173728 0.580135 -0.0818078 0.233574 0.163521 0.0426731 0.263201 0.655761 -0.00632781 -0.000390556 -0.0368457 0.183125 0.0205512 0.0469442 0.152018 0.104201 0.275783 0.392585 0.214191
internal_weight=586317 15770 8665 4770 3895 1681 163 449 320 259 4321 1108 128 2214 140 209 1518 248 108 7105 1270 1109 239 3213 2674 975 890 320 243 167
internal_count=586317 15770 8665 4770 3895 1681 163 449 320 259 4321 1108 128 2214 140 209 1518 248 108 7105 1270 1109 239 3213 2674 975 890 320 243 167
is_linear=0
shrinkage=0.05


Tree=80
num_leaves=31
num_cat=0
split_feature=10 10 7 10 12 12 11 3 11 9 5 7 13 9 7 9 10 8 10 11 6 12 10 2 10 5 8 4 11 9
split_gain=3905.93 6069.15 17514.3 8668.31 10340.4 9580.45 18938.2 50484.4 9994.97 15262.1 19451.1 8561.46 8899.52 8361.53 7876.14 11870.7 11860.3 7790.04 9364.63 6710.51 6185.67 10865.6 5855.35 6895.36 7256.8 5702.5 7175.72 5497.62 6858.77 6419.86
threshold=-0.99984258413314808 -0.98211652040481556 31.34055328369141 -0.99273952841758717 18.750000000000004 16.750000000000004 0.16704543679952624 31.387905120849613 0.11593030393123628 28.239863395690922 29.765364646911625 29.374021530151371 81.750000000000014 30.629525184631351 28.311470031738285 29.425127029418949 -0.99052327871322621 18.650094985961918 -0.98801350593566883 -0.05591491982340812 9.1625895500183123 14.250000000000002 -0.99939814209938038 1.8815933465957644 -0.99628895521163929 29.491099357604984 1.0000000180025095e-35 44.86070632934571 0.69635042548179638 29.705581665039066
decision_type=2 2 2 2 2 2 2 2 2 2 2 2 2 2 2 2 2 2 2 2 2 2 2 2 2 2 2 2 2 2
left_child=-1 2 3 19 5 14 8 13 9 -7 -11 -12 -13 -8 15 -5 20 -6 -19 25 -16 -22 -21 24 -24 -2 -27 -3 29 -29
right_child=1 27 -4 4 17 6 7 -9 -10 10 11 12 -14 -15 16 -17 -18 18 -20 22 21 -23 23 -25 -26 26 -28 28 -30 -31
leaf_value=-0.054951559672494411 -0.1180320851128244 -0.0014343590140384352 -0.011328997812880557 0.15611899603715762 -0.072338754839516156 1.1189254034757614 0.64498981784605847 2.0614205947109299 -0.037175344786831356 -0.094908113609473918 0.94290290397982446 0.24090460059574692 0.80479302745221593 -0.18691578918317361 0.15925564607849213 0.77230173277031433 -0.016721554780419059 -0.012827041987762895 0.80511788655135597 -0.01613737751037966 0.08646928980236962 1.0150952755931824 -0.016505341287899777 0.18220377293292919 0.2064188599109468 0.13756058314115341 -0.036248087857734493 0.14136499884987733 -0.12919362125899456 0.023981986905114161
leaf_weight=3216 1040 545366 17991 441 993 50 55 51 369 319 62 477 82 67 506 95 1683 86 59 1396 63 63 1415 1582 492 875 1848 1809 495 3271
leaf_count=3216 1040 545366 17991 441 993 50 55 51 369 319 62 477 82 67 506 95 1683 86 59 1396 63 63 1415 1582 492 875 1848 1809 495 3271
internal_value=5.15767e-12 0.000303077 0.0214164 0.0629947 0.111941 0.146808 0.247651 0.740367 0.184928 0.267712 0.222435 0.38545 0.323622 0.188124 0.092619 0.26533 0.0526305 -0.0223493 0.319992 0.0317469 0.237313 0.550782 0.0704036 0.10503 0.0410084 -0.0184359 0.019603 -0.000929368 0.0484706 0.0657824
internal_weight=586317 583101 32160 14169 5521 4383 1532 173 1359 990 940 621 559 122 2851 536 2315 1138 145 8648 632 126 4885 3489 1907 3763 2723 550941 5575 5080
internal_count=586317 583101 32160 14169 5521 4383 1532 173 1359 990 940 621 559 122 2851 536 2315 1138 145 8648 632 126 4885 3489 1907 3763 2723 550941 5575 5080
is_linear=0
shrinkage=0.05


Tree=81
num_leaves=31
num_cat=0
split_feature=12 10 10 13 11 13 10 8 4 2 10 3 13 11 12 10 0 5 7 13 12 10 7 10 1 1 9 7 1 6
split_gain=3889.69 6773.91 6554.43 6523.97 14922 11144.6 10533.6 7129.22 8203.71 11405.9 7507.23 6927.56 6103.7 9747.16 14044.4 13454 17518.9 21838.4 16732 30341.7 19621.6 30641 29328.7 16619.2 15786.7 15217.9 31284.9 13515 13844.2 10856.7
threshold=13.750000000000002 -0.99984258413314808 -0.32533907890319819 78.750000000000014 0.41326330602169042 79.750000000000014 -0.86095303297042836 0.70043689012527477 36.235065460205085 16.518680572509769 -0.63874351978301991 30.229525566101078 77.250000000000014 -0.95234230160713185 15.750000000000002 -0.25118774175643915 24.031633377075199 34.091825485229499 30.172539710998539 81.250000000000014 17.250000000000004 -0.28435654938220972 32.226997375488288 -0.28435654938220972 28.514179229736332 29.659092903137211 31.809103012084964 29.196641921997074 26.488616943359379 8.7176747322082537
decision_type=2 2 2 2 2 2 2 2 2 2 2 2 2 2 2 2 2 2 2 2 2 2 2 2 2 2 2 2 2 2
left_child=2 -2 3 -1 -5 -6 -7 -8 9 10 -9 -12 -3 14 -14 16 17 18 23 20 -20 22 -22 -16 -25 26 -23 -17 -29 -26
right_child=1 12 -4 4 5 6 7 8 -10 -11 11 -13 13 -15 15 27 -18 -19 19 -21 21 25 -24 24 29 -27 -28 28 -30 -31
leaf_value=0.011763805013319273 -0.081229644948885446 -0.011567025548975887 -0.0013587720954231198 0.016937430020443948 0.095259586592941023 0.79964012418252728 0.064203285837009502 0.070743824718520046 -0.14826202641787201 1.123519065117432 0.28037944871621828 1.0772648657560349 -0.038144769163752951 -0.00099123828458854454 -0.20848136825943897 -0.092838030562560764 -0.15435871778307222 -0.12729192478582263 0.26891575337898349 0.014862118244438975 2.0500780561088043 0.1373799014549989 0.5457442492246628 -0.28458411355255819 0.13640768665276218 0.22489819436493083 1.8802661930576114 0.76954250354033249 0.038903313109866902 0.66490740912539936
leaf_weight=27648 2672 113139 60010 7760 3008 96 309 120 58 59 60 50 6912 334464 265 2045 393 392 248 306 81 52 54 98 178 164 51 65 25346 214
leaf_count=27648 2672 113139 60010 7760 3008 96 309 120 58 59 60 50 6912 334464 265 2045 393 392 248 306 81 52 54 98 178 164 51 65 25346 214
internal_value=1.21903e-11 -0.00183756 0.00902568 0.0249359 0.0565489 0.1383 0.310463 0.238876 0.39442 0.503332 0.34424 0.6426 -0.00139969 0.00169817 0.026099 0.0409244 0.152067 0.20933 0.286452 0.425404 0.618674 0.834446 1.44834 0.110509 0.283023 0.524047 1.00036 0.0308206 0.0407722 0.424925
internal_weight=586317 487139 99178 39168 11520 3760 752 656 347 289 230 110 484467 371328 36864 29952 2496 2103 1711 956 650 402 135 755 490 267 103 27456 25411 392
internal_count=586317 487139 99178 39168 11520 3760 752 656 347 289 230 110 484467 371328 36864 29952 2496 2103 1711 956 650 402 135 755 490 267 103 27456 25411 392
is_linear=0
shrinkage=0.05


Tree=82
num_leaves=31
num_cat=0
split_feature=1 11 12 9 3 5 13 10 9 13 11 9 10 10 11 10 1 3 9 10 5 6 1 9 10 10 10 1 10 10
split_gain=3779.71 5696.69 10214.3 8533.44 7958.31 7470.24 7193.85 8485.81 12506.7 12308.7 46724.5 54418.1 22303.3 18157.8 12530.1 18586.8 20269 33729.5 56416.1 17117.5 9803.02 9579.93 18272.4 22091.1 8377.67 21039.7 20795.3 18164.1 24444.5 17021.6
threshold=39.852291107177741 0.13300977647304538 18.250000000000004 27.295834541320804 25.515925407409672 28.025094032287601 77.250000000000014 0.45972847938537603 32.526515960693366 82.250000000000014 0.098816476762294783 33.135114669799812 -0.97873103618621815 -0.97109106183052052 -0.93533331155776966 -0.70252096652984608 29.199358940124515 28.567762374877933 33.306697845458991 -0.65189296007156361 33.588127136230476 8.5893650054931658 26.246039390563968 28.799597740173343 -0.064507851377129541 -0.28435654938220972 -0.62540480494499195 30.901343345642093 -0.25118774175643915 -0.1330134719610214
decision_type=2 2 2 2 2 2 2 2 2 2 2 2 2 2 2 2 2 2 2 2 2 2 2 2 2 2 2 2 2 2
left_child=1 2 -1 5 -5 -4 -6 8 21 12 -11 -12 -10 20 -15 -16 17 -17 -19 -18 -14 -8 23 -23 25 26 -24 29 -29 -27
right_child=-2 -3 3 4 6 -7 7 -9 9 10 11 -13 13 14 15 16 19 18 -20 -21 -22 22 24 -25 -26 27 -28 28 -30 -31
leaf_value=-0.0005964235941974392 -0.015564422147371533 -0.0041942758116021326 0.058771258645474868 0.47023934065693562 -0.011947958846194233 -0.13458735988741888 -0.00022761457829113428 -0.00019213301068814962 -0.076609840522121109 -0.0016576451806218401 -0.076899158054927613 2.1888863909919309 0.3059662606296214 0.069054632038868982 0.057733841275309054 0.041456865755220257 0.59376222123090938 0.26947104573249819 2.2283296494799503 0.17030069833207764 1.2683238543131772 -0.18788669705390931 0.079578240175480194 1.0500385118382318 -0.085264991919683064 0.25885129377925659 -0.090194182032626316 0.71886384365233513 -0.094443224865315326 0.77626183959429418
leaf_weight=190826 36573 267419 724 99 13483 1611 22377 20041 1680 7023 53 53 55 7225 2158 120 263 80 68 2577 51 57 6443 98 1066 696 2505 110 577 206
leaf_count=190826 36573 267419 724 99 13483 1611 22377 20041 1680 7023 53 53 55 7225 2158 120 263 80 68 2577 51 57 6443 98 1066 696 2505 110 577 206
internal_value=-6.9492e-11 0.00103546 0.00598908 0.0197235 0.0221945 -0.0746338 0.0216965 0.0276983 0.037762 0.0677237 0.0140684 1.05599 0.0945157 0.117338 0.111808 0.170466 0.24874 0.664399 1.16949 0.209516 0.768987 0.0189731 0.0555145 0.594801 0.0483104 0.0618238 0.0320503 0.229485 0.0357806 0.377018
internal_weight=586317 549744 282325 91499 89164 2335 89065 75582 55541 21406 7129 106 14277 12597 12491 5266 3108 268 148 2840 106 34135 11758 155 11603 10537 8948 1589 687 902
internal_count=586317 549744 282325 91499 89164 2335 89065 75582 55541 21406 7129 106 14277 12597 12491 5266 3108 268 148 2840 106 34135 11758 155 11603 10537 8948 1589 687 902
is_linear=0
shrinkage=0.05


Tree=83
num_leaves=31
num_cat=0
split_feature=12 13 11 12 10 0 5 7 13 10 12 7 2 7 1 1 10 0 6 13 5 10 3 10 7 10 1 7 10 3
split_gain=3633.99 5429.87 8374.87 10793.4 11872.2 16052.2 18066.6 16843.1 25686.4 20982.8 26919.4 31648.1 14168.6 12354.5 12011.2 11775.9 14401.5 12087 11492.8 10364.2 8207.15 7667.65 10522.6 11432.4 10738.4 10090.1 9932.58 12749.2 13171.2 15897
threshold=13.250000000000002 77.250000000000014 -0.95234230160713185 15.750000000000002 -0.25118774175643915 33.793682098388679 34.091825485229499 30.46944618225098 81.250000000000014 -0.28435654938220972 17.250000000000004 32.226997375488288 37.52710151672364 29.196641921997074 26.488616943359379 29.916902542114261 -0.28435654938220972 0.28015193343162542 9.9256439208984393 78.250000000000014 31.892766952514652 1.0000000180025095e-35 33.261857986450202 0.15005400776863101 34.745615005493171 0.13301347196102145 30.993125915527347 32.158536911010749 -0.04732095077633857 32.41594314575196
decision_type=2 2 2 2 2 2 2 2 2 2 2 2 2 2 2 2 2 2 2 2 2 2 2 2 2 2 2 2 2 2
left_child=-1 -2 3 -3 5 6 7 12 9 10 -9 -12 15 -6 -15 -5 -17 18 -18 -11 -21 26 -23 24 25 -24 -16 -28 29 -29
right_child=1 2 -4 4 13 -7 -8 8 -10 19 11 -13 -14 14 21 16 17 -19 -20 20 -22 22 23 -25 -26 -27 27 28 -30 -31
leaf_value=0.010444358339839832 -0.010668333645622844 -0.025725407541516754 -0.0010271321346684728 -0.21917709602619248 -0.090011767680075905 -0.23460397520285894 -0.11658435649712198 0.30525812206112524 0.018198991556476047 0.82826867710839047 2.1091757124662402 0.5461612374211352 0.77935037319031031 0.71654737667395529 0.13348724095477604 -0.106991762171189 0.27233186227790379 0.16111637321669003 1.2327062480377429 0.42183417735277146 -0.13386139445938169 -0.043432784513417075 0.011995716008266887 -0.00015592983385861385 0.220933015936641 0.36508326294050286 -0.062201916311229268 0.19828463919126982 0.20606108272776888 -0.051992839222104958
leaf_weight=72925 122514 8640 352286 278 2045 254 407 88 286 93 75 57 72 65 3777 258 59 215 66 184 104 5333 2092 5688 1416 224 2339 904 1445 2128
leaf_count=72925 122514 8640 352286 278 2045 254 407 88 286 93 75 57 72 65 3777 258 59 215 66 184 104 5333 2092 5688 1416 224 2339 904 1445 2128
internal_value=2.5562e-11 -0.00148357 0.00139523 0.0235077 0.0377096 0.142114 0.184793 0.251638 0.408243 0.593855 0.982646 1.43424 0.10511 0.0282182 0.037733 0.049693 0.174686 0.38843 0.77941 0.369357 0.221166 0.0359922 0.012689 0.0444616 0.112464 0.0461458 0.0684469 0.0324056 0.0818331 0.0226282
internal_weight=586317 513392 390878 38592 29952 2496 2242 1835 887 601 220 132 948 27456 25411 876 598 340 125 381 288 25346 14753 9420 3732 2316 10593 6816 4477 3032
internal_count=586317 513392 390878 38592 29952 2496 2242 1835 887 601 220 132 948 27456 25411 876 598 340 125 381 288 25346 14753 9420 3732 2316 10593 6816 4477 3032
is_linear=0
shrinkage=0.05


Tree=84
num_leaves=31
num_cat=0
split_feature=8 0 8 5 10 11 9 1 0 11 10 4 10 9 12 9 10 1 3 0 2 7 10 12 3 3 11 13 12 10
split_gain=3401.34 4612.01 4406.69 3778.51 9313.27 13741.8 10253.8 13858 27140.2 9712.5 24059.3 20814.5 7497.6 10038.8 14437.9 5161.31 4934.36 6785.87 4762.87 8631.97 4677.11 4461.99 8978.23 10058 4118.86 3550.05 3866.87 3481.35 4370.17 5222.5
threshold=27.710930824279789 97.80576324462892 49.717012405395515 30.802190780639652 -0.63874351978301991 -0.70250144600868214 27.295834541320804 27.298403739929203 8.7105402946472186 -0.92260536551475514 -0.34964421391487116 25.373945236206058 -0.98211652040481556 27.642139434814457 17.250000000000004 28.161762237548832 -0.99273952841758717 29.619779586791996 26.241848945617679 23.488909721374515 2.5892696380615239 30.690706253051761 -0.064507851377129541 18.750000000000004 25.515925407409672 29.727887153625492 0.6712351143360139 79.750000000000014 13.750000000000002 -0.99939814209938038
decision_type=2 2 2 2 2 2 2 2 2 2 2 2 2 2 2 2 2 2 2 2 2 2 2 2 2 2 2 2 2 2
left_child=27 3 -3 4 5 6 -2 -8 20 10 11 -6 13 14 -7 -5 -15 -18 19 -11 -9 24 23 -23 -12 -14 -27 28 -1 -30
right_child=1 2 -4 15 9 12 7 8 -10 18 21 -13 25 16 -16 -17 17 -19 -20 -21 -22 22 -24 -25 -26 26 -28 -29 29 -31
leaf_value=0.0062657051593813995 0.046383334470909393 0.57359348792280707 0.020188859126397542 -0.11325570110448453 0.22678327063719431 0.10307684667774888 -0.057330194960037877 0.034562343461256403 1.7512744476397832 -0.10687093878493591 0.30002253393049017 1.4330021214726578 -0.026682995713942805 0.043109264550246329 1.2256369042175788 0.011093384086607337 0.75643237102776772 0.16115006791917902 -0.10787099309694487 0.721066321849823 0.67866593223242533 0.047605769238511071 -0.26285295501865191 0.96725300896936917 -0.050677340911143599 0.068030461305325571 0.48858079735124327 0.0050541304749919143 -0.071498177150841544 -0.0055819380120650207
leaf_weight=91063 136 74 70 945 96 61 60 51 54 85 91 57 1444 530 54 7135 64 190 1848 50 63 61 58 58 1047 1331 57 182846 3036 293602
leaf_count=91063 136 74 70 945 96 61 60 51 54 85 91 57 1444 530 54 7135 64 190 1848 50 63 61 58 58 1047 1331 57 182846 3036 293602
internal_value=9.75086e-12 0.0229065 0.304577 0.0203108 0.0457529 0.0967456 0.389988 0.594946 0.827902 -0.0147557 0.0827346 0.676159 0.0681366 0.193938 0.630192 -0.00344992 0.129947 0.311142 -0.086927 0.199772 0.390514 0.0136898 0.247227 0.495837 -0.0226337 0.0282018 0.0853009 -0.000633138 -0.00331535 -0.00625657
internal_weight=586317 15770 144 15626 7546 4095 364 228 168 3451 1468 153 3731 899 115 8080 784 254 1983 135 114 1315 177 119 1138 2832 1388 570547 387701 296638
internal_count=586317 15770 144 15626 7546 4095 364 228 168 3451 1468 153 3731 899 115 8080 784 254 1983 135 114 1315 177 119 1138 2832 1388 570547 387701 296638
is_linear=0
shrinkage=0.05


Tree=85
num_leaves=31
num_cat=0
split_feature=1 11 12 9 3 5 10 9 6 1 5 1 10 10 2 9 13 10 10 10 3 0 13 11 10 4 1 10 3 10
split_gain=3267.9 4824.48 8796.5 7506.27 7013.88 6545.66 6320.15 12456.2 10329.5 17522.6 10438.3 8531.56 8162.11 10146.2 19860 11716.2 8448.61 8051.66 7996.93 19318.7 14117 13333.2 13283.5 13834.6 14184.1 11157.1 16040.4 27363.8 32132 15415.2
threshold=39.992656707763679 0.13300977647304538 18.250000000000004 27.295834541320804 25.515925407409672 28.025094032287601 0.45972847938537603 32.526515960693366 16.531094551086429 26.678178787231449 29.491099357604984 35.605012893676765 -0.62540480494499195 -0.67760851979255665 26.504524230957035 27.834531784057621 80.750000000000014 -0.38168568909168238 -0.97873103618621815 -0.97109106183052052 32.41594314575196 1.3538408875465395 82.750000000000014 -0.93533331155776966 -0.92263099551200856 1.0501331686973574 29.199358940124515 -0.61188074946403492 30.125082015991214 -0.91585582494735707
decision_type=2 2 2 2 2 2 2 2 2 2 2 2 2 2 2 2 2 2 2 2 2 2 2 2 2 2 2 2 2 2
left_child=1 2 -1 5 -5 -4 7 8 11 10 -10 -6 13 -11 15 -15 17 -14 -9 20 -20 -22 23 -21 -25 26 27 -26 -29 -27
right_child=-2 -3 3 4 6 -7 -8 18 9 12 -12 -13 16 14 -16 -17 -18 -19 19 22 21 -23 -24 24 25 29 -28 28 -30 -31
leaf_value=-0.00063290344863840614 -0.014964818660509256 -0.0038893646860780544 0.054512962772065868 0.44106148884753993 -0.0031505937544738759 -0.12648474110604319 -0.0027208422406168292 -0.019261316213922991 0.30573790102218951 0.07238309721870774 1.0988571263021893 0.3674766165037186 -0.095783919735645609 0.85326318051327366 1.2668010893990012 0.042258196765095256 -0.09095374229435782 0.14124994154073972 0.083743914502362418 0.044756066242195081 0.43921284573891806 1.5327183631658556 -0.010501172256772984 -0.043504081201148903 -0.13394764279251667 0.96035641797631988 0.1987643674938937 0.3748324504265419 2.0169016500765626 0.07451941231087017
leaf_weight=192098 34344 267503 724 99 33284 1611 22872 3183 179 3916 54 156 516 55 51 234 1624 1172 90 10319 63 50 5039 957 67 50 3124 65 55 2763
leaf_count=192098 34344 267503 724 99 33284 1611 22872 3183 179 3916 54 156 516 55 51 234 1624 1172 90 10319 63 50 5039 957 67 50 3124 65 55 2763
internal_value=-4.76921e-11 0.000931117 0.00546409 0.0181435 0.0204388 -0.0703638 0.0199758 0.0277162 0.0106645 0.0624733 0.489551 -0.00142159 0.0493246 0.0951309 0.357132 0.196602 -0.00953758 0.0687917 0.0549467 0.0653788 0.550952 0.923065 0.0609859 0.0816884 0.135509 0.163484 0.22569 0.675504 1.12745 0.0902648
internal_weight=586317 551973 284470 92372 90037 2335 89938 67066 41241 7801 233 33440 7568 4256 340 289 3312 1688 25825 22642 203 113 22439 17400 7081 6124 3311 187 120 2813
internal_count=586317 551973 284470 92372 90037 2335 89938 67066 41241 7801 233 33440 7568 4256 340 289 3312 1688 25825 22642 203 113 22439 17400 7081 6124 3311 187 120 2813
is_linear=0
shrinkage=0.05


Tree=86
num_leaves=31
num_cat=0
split_feature=12 10 13 11 13 10 8 4 2 10 6 10 2 8 10 11 5 1 8 13 11 12 10 0 5 7 13 12 10 7
split_gain=3202.46 5882.99 5892.61 13562.9 10077.3 9502.16 6442.77 7400.03 10275.7 6850.66 6716.13 5790.37 5529.51 5517.37 5263.32 13948.9 13054 7480.09 4677.51 4430.69 7001.76 10956.3 10778.5 14529.4 17776.1 13665.7 25033.5 16167.7 25062 24411.6
threshold=13.750000000000002 -0.32533907890319819 78.750000000000014 0.41326330602169042 79.750000000000014 -0.86095303297042836 0.70043689012527477 36.235065460205085 16.518680572509769 -0.63874351978301991 4.1021330356597909 -0.99984258413314808 37.52710151672364 0.13091946393251422 0.45972847938537603 -0.40541070699691767 27.17766094207764 34.743453979492195 0.5069602131843568 77.250000000000014 -0.95234230160713185 15.750000000000002 -0.25118774175643915 24.031633377075199 34.091825485229499 30.172539710998539 81.250000000000014 17.250000000000004 -0.28435654938220972 32.226997375488288
decision_type=2 2 2 2 2 2 2 2 2 2 2 2 2 2 2 2 2 2 2 2 2 2 2 2 2 2 2 2 2 2
left_child=1 2 -1 18 12 -6 -7 8 9 -8 -11 -2 13 -5 -3 16 -16 -18 -4 -13 21 -21 23 24 25 -23 27 -27 29 -29
right_child=11 14 3 4 5 6 7 -9 -10 10 -12 19 -14 -15 15 -17 17 -19 -20 20 -22 22 -24 -25 -26 26 -28 28 -30 -31
leaf_value=0.010744401566957204 -0.075069816276250048 -0.01889478695843623 0.047426181520268257 0.041851431159133923 0.75956786264432596 0.060915663808849441 0.066004810081406809 -0.14058243719668226 1.0669322829504135 1.0248975711946304 0.24235073811021346 -0.0099250717971731198 -0.2055912261605263 0.18126187755028142 0.69912475062699264 -0.010086261581789508 0.10272109082012078 0.017543151607338808 -0.031721075368977808 -0.034685165444448163 -0.00090254014335696894 0.09735387556677351 0.02610864597389544 -0.14442687742696464 -0.11692365385254617 0.24000236748777815 0.0090320661286610402 1.8575350532561175 0.47262941309240425 0.48508817730126563
leaf_weight=27648 2672 25466 4634 1546 96 309 120 58 59 52 58 113139 150 1312 79 23936 4505 6024 3126 6912 334464 755 27456 393 392 248 306 81 267 54
leaf_count=27648 2672 25466 4634 1546 96 309 120 58 59 52 58 113139 150 1312 79 23936 4505 6024 3126 6912 334464 755 27456 393 392 248 306 81 267 54
internal_value=6.14153e-11 0.00818963 0.0232629 0.0533073 0.131247 0.294958 0.226966 0.374832 0.478272 0.327268 0.612282 -0.00166735 0.0903189 0.10585 -0.00164856 0.0110654 0.0587924 0.0539879 0.0155429 -0.00126251 0.00137686 0.0220577 0.0351522 0.134631 0.186781 0.256361 0.381937 0.557489 0.753351 1.30856
internal_weight=586317 99178 39168 11520 3760 752 656 347 289 230 110 487139 3008 2858 60010 34544 10608 10529 7760 484467 371328 36864 29952 2496 2103 1711 956 650 402 135
internal_count=586317 99178 39168 11520 3760 752 656 347 289 230 110 487139 3008 2858 60010 34544 10608 10529 7760 484467 371328 36864 29952 2496 2103 1711 956 650 402 135
is_linear=0
shrinkage=0.05


Tree=87
num_leaves=31
num_cat=0
split_feature=10 7 10 12 1 7 11 3 6 11 3 5 9 7 10 4 10 1 13 5 5 9 4 11 9 10 10 5 9 5
split_gain=3146.09 13691.3 12272.1 10523.8 5883.25 6338.18 6649.62 57066.2 5580.64 12613.9 13948.6 15049.7 17256.1 20748.5 5525.03 5502.54 4999.78 7773.6 7686.06 9688.28 5404.4 4770.35 4334.51 5987.21 5868.51 18002.6 62282.2 7657.5 5639.03 5031.62
threshold=-0.98211652040481556 32.258707046508796 -0.99628895521163929 19.250000000000004 27.298403739929203 31.096075057983402 0.16704543679952624 31.762982368469242 9.6205792427063006 -0.10737737268209456 30.710352897644047 29.765364646911625 29.381423950195316 30.172539710998539 -0.98521098494529713 2.3091909885406499 -0.98801350593566883 31.144719123840336 80.250000000000014 31.022009849548343 30.193783760070804 32.560945510864265 44.86070632934571 0.69635042548179638 27.834531784057621 -0.3334656953811645 -0.38168568909168238 27.660520553588871 27.018005371093754 32.593608856201179
decision_type=2 2 2 2 2 2 2 2 2 2 2 2 2 2 2 2 2 2 2 2 2 2 2 2 2 2 2 2 2 2
left_child=1 2 -1 4 -4 6 8 -8 21 10 11 15 -13 -14 -12 -10 20 -18 -19 -20 -7 -6 29 24 25 26 27 28 -24 -2
right_child=22 -3 3 -5 5 16 7 -9 9 -11 14 12 13 -15 -16 -17 17 18 19 -21 -22 -23 23 -25 -26 -27 -28 -29 -30 -31
leaf_value=-0.0021797592002568925 -0.0058996877444745105 -0.027325458557873123 -0.10879057617304007 -0.033840475763921331 0.096787364383334212 -0.091393927720667914 0.096958999001846263 1.8552044289573182 0.62037394119031508 0.05168259487057808 0.016292424394761203 0.085983608536801093 1.6557731367833914 0.51701000455766921 0.49743952922321655 0.078273608225472968 -0.15106923223083568 -0.0030978684634865488 0.95466269564170114 0.11879530144282258 0.12227663997952534 -0.16983619551733137 0.15287817724876934 -0.12305674730489652 0.037254209332217243 -0.14446012428907337 1.7997246998277578 -0.10377218416355299 0.68295842509765137 0.0037228546093042284
leaf_weight=10466 289010 12616 353 1988 4056 347 357 53 66 787 308 59 80 80 74 161 667 516 52 104 2011 175 144 495 4359 257 66 177 77 256356
leaf_count=10466 289010 12616 353 1988 4056 347 357 53 66 787 308 59 80 80 74 161 667 516 52 104 2011 175 144 495 4359 257 66 177 77 256356
internal_value=-1.79593e-11 0.014454 0.0376126 0.0714882 0.0918058 0.0989203 0.129593 0.324244 0.115941 0.195013 0.331245 0.521171 0.816875 1.08639 0.109499 0.235889 0.0470165 -0.0301453 0.089879 0.397418 0.0908332 0.0857594 -0.000928093 0.042936 0.0591105 0.191248 0.377191 0.141293 0.337567 -0.00137649
internal_weight=586317 35376 22760 12294 10306 9953 6256 410 5846 1615 828 446 219 160 382 227 3697 1339 672 156 2358 4231 550941 5575 5080 721 464 398 221 545366
internal_count=586317 35376 22760 12294 10306 9953 6256 410 5846 1615 828 446 219 160 382 227 3697 1339 672 156 2358 4231 550941 5575 5080 721 464 398 221 545366
is_linear=0
shrinkage=0.05


Tree=88
num_leaves=31
num_cat=0
split_feature=1 11 12 9 3 13 11 10 1 3 7 10 10 10 0 1 13 10 8 1 4 13 10 9 10 10 7 10 10 2
split_gain=2984.72 4036.21 8063.2 6897.5 6324.6 5823.58 6720.23 23106.9 21581.6 52890.2 26969.1 17035.2 11733.5 10793.1 12856.1 14931.8 13868.8 8335.95 8126.29 18315.4 7861.2 7928.01 9336.89 18117.6 17277.1 57857.2 19318.1 12655 16392.8 22648.4
threshold=39.852291107177741 0.13300977647304538 18.250000000000004 27.295834541320804 25.515925407409672 77.250000000000014 -0.34155811369419092 -0.91585582494735707 32.590316772460945 31.891805648803714 31.999979019165043 -0.92913278937339772 -0.90149331092834462 -0.86095303297042836 6.5261170864105233 33.938793182373054 80.750000000000014 -0.81403854489326466 2.6863738298416142 31.705049514770511 67.811252593994155 82.750000000000014 0.45972847938537603 32.356893539428718 -0.38168568909168238 -0.41327477991580958 33.545089721679695 -0.31718835234642023 -0.21772121638059613 3.6246051788330083
decision_type=2 2 2 2 2 2 2 2 2 2 2 2 2 2 2 2 2 2 2 2 2 2 2 2 2 2 2 2 2 2
left_child=1 2 -1 -4 -5 -6 7 8 9 18 11 -11 -9 14 15 -14 -17 -15 -7 -20 21 22 23 27 25 -25 -27 -19 29 -29
right_child=-2 -3 3 4 5 6 -8 12 -10 10 -12 -13 13 17 -16 16 -18 20 19 -21 -22 -23 -24 24 -26 26 -28 28 -30 -31
leaf_value=-0.00076133364419896283 -0.013831064896792665 -0.003481906737311215 -0.067539291476962457 0.41893229148905686 -0.011200887870365505 -0.0094191741358528869 0.0012576895189397106 -0.14836235102145642 -0.060928782141517583 0.90858578165727 0.36884156112525479 2.107127559708343 -0.00079308284504256822 -0.066817366685204216 0.30953017146547379 0.90358653797748245 0.042385306353530577 -0.02217992875348869 0.19378491506536508 1.017711209813754 0.20880988893977867 -0.0039907046479408089 -0.012215937103045209 0.16387042209244299 0.070560018957577617 0.56585586357261775 1.8460805203108226 0.49599749298555962 0.023784992301262204 0.069991242567433873
leaf_weight=190826 36573 267419 2335 99 13483 372 22074 928 533 56 83 63 1381 2303 734 94 93 8434 670 75 611 13430 6410 2199 9878 52 68 496 3704 841
leaf_count=190826 36573 267419 2335 99 13483 372 22074 928 533 56 83 63 1381 2303 734 94 93 8434 670 75 611 13430 6410 2199 9878 52 68 496 3704 841
internal_value=-3.26113e-11 0.000920144 0.00508978 0.0172926 0.0195141 0.0190702 0.0244702 0.0340462 0.207575 0.316076 1.06061 1.54311 0.0278247 0.0310478 0.136828 0.0559845 0.475289 0.0260194 0.181433 0.276731 0.0306549 0.0282632 0.0417651 0.0552435 0.0993934 0.222212 1.29132 0.015281 0.0779562 0.228031
internal_weight=586317 549744 282325 91499 89164 89065 75582 53508 1852 1319 202 119 51656 50728 2302 1568 187 48426 1117 745 46123 45512 32082 25672 12197 2319 120 13475 5041 1337
internal_count=586317 549744 282325 91499 89164 89065 75582 53508 1852 1319 202 119 51656 50728 2302 1568 187 48426 1117 745 46123 45512 32082 25672 12197 2319 120 13475 5041 1337
is_linear=0
shrinkage=0.05


Tree=89
num_leaves=31
num_cat=0
split_feature=12 10 13 11 13 10 8 9 9 10 10 2 8 10 11 5 1 1 3 5 4 8 10 4 10 7 11 10 1 7
split_gain=2989.66 5273.53 5385.58 12331.3 9104.91 8558.62 5807.99 7025.48 16100.8 9898.59 5137.12 4975.95 4983.12 4672.73 12521.3 11793.4 6774.1 4243.42 5033.99 9656.24 9089.14 4223.69 4197.92 5361.93 4079.33 13414.7 14066.5 9519.32 7950.8 7861.39
threshold=13.750000000000002 -0.32533907890319819 78.750000000000014 0.41326330602169042 79.750000000000014 -0.86095303297042836 0.70043689012527477 31.006347656250004 29.549729347229007 -0.62540480494499195 -0.99984258413314808 37.52710151672364 0.13091946393251422 0.45972847938537603 -0.40541070699691767 27.17766094207764 34.743453979492195 31.271186828613285 30.489752769470218 30.709156036376957 0.48016108572483068 0.5069602131843568 -0.46735489368438715 9.3059072494506854 -0.96683886647224415 31.065237998962406 0.18399153649806979 -0.99273952841758717 28.445576667785648 29.147802352905277
decision_type=2 2 2 2 2 2 2 2 2 2 2 2 2 2 2 2 2 2 2 2 2 2 2 2 2 2 2 2 2 2
left_child=1 2 -1 21 11 -6 -7 8 22 -10 -2 12 -5 -3 15 -15 -17 18 -14 20 -20 -4 23 -8 25 26 27 -12 -29 -30
right_child=10 13 3 4 5 6 7 -9 9 -11 24 -13 17 14 -16 16 -18 -19 19 -21 -22 -23 -24 -25 -26 -27 -28 28 29 -31
leaf_value=0.010216206155418996 -0.070749059395479805 -0.017651648954540865 0.045194895188948689 0.040232225906231565 0.72177546879587073 0.05864969584789477 0.67425126443306604 -0.082986090891063222 0.4677610194683075 1.4530645317183091 0.027343725127357263 -0.19438774625211955 0.15064747972442702 0.66442538810115837 -0.0094624258881894144 0.097606182324915317 0.016547483905775266 -0.011701107755421646 1.2362520498132297 0.1325846417908533 0.37564290560685198 -0.030014934611190359 -0.20289124004981099 0.011212051299310501 -0.0025568691551735639 -0.0077535552738580331 -0.089239503321277336 -0.11111467859914735 0.23189102808137704 0.09695669574568555
leaf_weight=27648 2672 25466 4634 1546 96 309 60 72 50 52 5841 150 776 79 23936 4505 6024 252 51 156 77 3126 51 62 447059 23996 1507 360 1446 4258
leaf_count=27648 2672 25466 4634 1546 96 309 60 72 50 52 5841 150 776 79 23936 4505 6024 252 51 156 77 3126 51 62 447059 23996 1507 360 1446 4258
internal_value=4.60887e-11 0.00791286 0.022184 0.0509068 0.125223 0.280836 0.216308 0.356701 0.471819 0.970073 -0.001611 0.0863202 0.101053 -0.0014018 0.0105777 0.0557963 0.0512297 0.172721 0.216565 0.396678 0.718542 0.0148977 0.178051 0.337297 -0.00122968 0.0146314 0.0546813 0.0728996 0.11678 0.131163
internal_weight=586317 99178 39168 11520 3760 752 656 347 275 102 487139 3008 2858 60010 34544 10608 10529 1312 1060 284 128 7760 173 122 484467 37408 13412 11905 6064 5704
internal_count=586317 99178 39168 11520 3760 752 656 347 275 102 487139 3008 2858 60010 34544 10608 10529 1312 1060 284 128 7760 173 122 484467 37408 13412 11905 6064 5704
is_linear=0
shrinkage=0.05


Tree=90
num_leaves=31
num_cat=0
split_feature=12 12 13 0 13 11 12 7 10 13 9 10 1 12 0 9 2 5 9 7 1 7 13 8 5 5 3 10 7 12
split_gain=2747.26 4768.47 5561.73 7589 4123.07 5734.73 10523.2 11077.9 20544.9 14931.3 14745 14478.7 41242.8 23632.4 16048.3 10248.1 9222.39 28472.2 14309.4 10012 8742.25 8623.29 11399.7 17105.5 8318.38 7897.52 7138.78 20195.9 12086.6 15198.7
threshold=13.250000000000002 12.750000000000002 76.250000000000014 6.9848220348358163 76.750000000000014 -0.95234230160713185 15.750000000000002 29.456991195678714 -0.21772121638059613 81.750000000000014 33.092733383178718 -0.28435654938220972 30.267227172851566 17.250000000000004 3.2650687694549565 28.083243370056156 9.1784863471984881 29.406868934631351 29.92817306518555 31.246698379516605 26.488616943359379 32.290451049804695 78.250000000000014 2.2001796960830693 29.689715385437015 29.323629379272464 30.992472648620609 -0.04732095077633857 31.154527664184574 18.750000000000004
decision_type=2 2 2 2 2 2 2 2 2 2 2 2 2 2 2 2 2 2 2 2 2 2 2 2 2 2 2 2 2 2
left_child=1 -1 3 -3 -2 6 -6 -8 9 10 11 12 -9 -14 -15 -13 17 -17 19 -19 -10 -20 23 -23 -11 -22 27 28 29 -27
right_child=4 2 -4 -5 5 -7 7 8 20 24 -12 15 13 14 -16 16 -18 18 21 -21 25 22 -24 -25 -26 26 -28 -29 -30 -31
leaf_value=-0.00050806821050511223 -0.011591610408212176 0.053789873362053188 0.017992056041864914 0.26498286013078931 -0.026569558726216261 -0.0012483091661221286 -0.054220132178196045 -0.090820174259463649 0.59343533443615726 0.2992137072112741 0.011863045938706129 -0.21849912471812349 0.35347375792097041 0.83961136891853583 2.016682446736898 1.2412894471427975 0.10159977829968087 0.97009233240490778 -0.044548634102972384 0.19419782178147751 -0.12684007388472684 0.18612744927963695 0.069166819949765715 1.3986923819551103 -0.10646730863331284 0.11164327736872548 0.019483673945075858 -0.029573901764499252 0.11349862734531346 0.58132781539545164
leaf_weight=46672 81676 2400 23336 517 10080 389092 3350 127 68 158 597 116 71 51 67 85 495 107 281 68 821 66 156 52 631 313 21357 1777 1347 383
leaf_count=46672 81676 2400 23336 517 10080 389092 3350 127 68 158 597 116 71 51 67 85 495 107 281 68 821 66 156 52 631 313 21357 1777 1347 383
internal_value=-3.05649e-11 0.00908114 0.0261286 0.0912211 -0.00128993 0.000659032 0.0180701 0.0318966 0.0417785 0.16286 0.226307 0.299799 0.606014 1.07426 1.50795 0.231942 0.271828 0.375219 0.274375 0.668602 0.0272483 0.150069 0.349659 0.720478 -0.0252283 0.0257674 0.0307438 0.093697 0.200918 0.370105
internal_weight=586317 72925 26253 2917 513392 431716 42624 32544 29194 3128 2339 1742 316 189 118 1426 1310 815 730 175 26066 555 274 118 789 25998 25177 3820 2043 696
internal_count=586317 72925 26253 2917 513392 431716 42624 32544 29194 3128 2339 1742 316 189 118 1426 1310 815 730 175 26066 555 274 118 789 25998 25177 3820 2043 696
is_linear=0
shrinkage=0.05


Tree=91
num_leaves=31
num_cat=0
split_feature=10 7 10 12 1 11 7 10 3 5 2 2 3 9 11 5 12 11 0 5 5 1 5 11 12 10 1 9 10 0
split_gain=2721.7 11822.8 10475.9 9472.56 5259.37 9878.14 5700.22 11440.1 30550.6 8875.54 11383.4 7459.46 10760.9 9369.07 18047.4 23199.1 6535.88 6389.13 6241.93 5722.19 5128.73 6471.49 6333.66 11553.6 10352 16663.3 17501.6 7497.98 7304.06 4148.46
threshold=-0.98211652040481556 32.258707046508796 -0.99628895521163929 19.250000000000004 28.445576667785648 0.081673368811607375 30.20611667633057 -0.98521098494529713 31.545034408569339 29.491099357604984 0.090418130159378066 4.826845884323121 30.64868259429932 30.277338027954105 -0.10737737268209456 29.491099357604984 15.250000000000002 0.16704543679952624 0.56015610694885265 28.381810188293461 30.056657791137699 30.393974304199222 31.390306472778324 -0.10737737268209456 16.750000000000004 -0.99052327871322621 31.991960525512699 31.34796237945557 -0.98521098494529713 0.82747179269790661
decision_type=2 2 2 2 2 2 2 2 2 2 2 2 2 2 2 2 2 2 2 2 2 2 2 2 2 2 2 2 2 2
left_child=1 2 -1 4 5 -4 7 11 9 10 -9 19 13 18 15 -15 -8 -12 -13 -6 -18 -22 23 24 -23 26 -26 28 -27 -24
right_child=-2 -3 3 -5 6 -7 16 8 -10 -11 17 12 -14 14 -16 -17 20 -19 -20 -21 21 22 29 -25 25 27 -28 -29 -30 -31
leaf_value=-0.0018008183843611089 -0.00086322894926635536 -0.025380312186302819 -0.13571999367530935 -0.033666871538853282 0.30936171617879871 0.20493126353574179 -0.016190982774843016 -0.066234658550525058 1.4569446096389458 -0.03733665551776174 1.0185786925353013 0.51085552662611011 -0.049621631364253432 0.32999441699414955 0.16041702496741589 1.7033942884254842 -0.01477807445707228 0.30121640439790032 0.033403998454560609 0.040070630144749507 -0.0068247355199490198 0.0095403926204080183 0.17979083420709327 0.09556495090633213 1.4303330592724475 0.20044669394309703 0.27520868454198794 -0.006828697546626683 0.89388999390239654 0.022928142246675897
leaf_weight=10466 550941 12616 656 1988 219 315 1677 69 58 174 77 100 220 61 120 62 787 52 217 1988 719 115 847 535 86 78 53 108 74 839
leaf_count=10466 550941 12616 656 1988 219 315 1677 69 58 174 77 100 220 61 120 62 787 52 217 1988 719 115 847 535 86 78 53 108 74 839
internal_value=-7.24391e-12 0.0134438 0.0349642 0.0662627 0.0855388 -0.0252101 0.0970586 0.148478 0.389604 0.223191 0.452139 0.113766 0.246676 0.363079 0.596667 1.02228 0.0673698 0.729409 0.18402 0.0667923 0.100412 0.126658 0.161749 0.258212 0.427504 0.54797 0.98989 0.311712 0.538044 0.101732
internal_weight=586317 35376 22760 12294 10306 971 9335 3417 430 372 198 2987 780 560 243 123 5918 129 317 2207 4241 3454 2735 1049 514 399 139 260 152 1686
internal_count=586317 35376 22760 12294 10306 971 9335 3417 430 372 198 2987 780 560 243 123 5918 129 317 2207 4241 3454 2735 1049 514 399 139 260 152 1686
is_linear=0
shrinkage=0.05


Tree=92
num_leaves=31
num_cat=0
split_feature=13 10 7 10 12 6 3 11 9 2 8 1 10 11 11 6 5 3 13 13 8 10 10 0 11 9 4 5 3 11
split_gain=2657.38 4299.61 12296 12760.2 9408.18 12949 25009.9 17132.2 8357.87 20448.7 10126.6 12255.9 9858.48 8141.2 6273.24 5094.18 4705.52 8298.62 4362.95 4065.16 3909.58 3816.9 13053 15808.3 13873.6 16360.6 15347.7 22580.5 8730.09 112687
threshold=79.750000000000014 -0.97505551576614369 30.596981048583988 -0.99466162919998158 16.750000000000004 2.8253622055053715 30.899665832519535 0.16704543679952624 30.47022914886475 0.85081583261489879 5.903207778930665 29.619779586791996 -0.99052327871322621 -0.14153505116701123 -0.15855351090431211 11.398863315582277 28.903657913208011 29.277883529663089 77.250000000000014 78.750000000000014 68.946147918701186 -0.45972847938537592 -0.54883790016174305 7.5942895412445077 -0.85204595327377308 30.819928169250492 0.92912977933883678 28.247999191284183 31.701417922973636 0.86527520418167125
decision_type=2 2 2 2 2 2 2 2 2 2 2 2 2 2 2 2 2 2 2 2 2 2 2 2 2 2 2 2 2 2
left_child=1 2 3 20 13 7 8 -6 10 -10 -7 -12 -11 -5 19 -13 17 -15 -18 -8 -1 22 -2 28 -25 26 -26 -28 -24 -30
right_child=21 -3 -4 4 5 6 14 -9 9 12 11 15 -14 16 -16 -17 18 -19 -20 -21 -22 -23 23 24 25 -27 27 -29 29 -31
leaf_value=-0.0052821845727229833 0.0073922647912131479 -0.0037694776777095849 -0.0080973835700768725 -0.02278497892175611 -0.012239813925135153 0.055218840995405472 0.08581217913406676 0.8129711956217669 0.099526884132309978 1.7219598263502123 1.2075942139900648 0.78185610059733424 0.76506490076289468 0.13762472438382362 -0.066828629745201013 0.18686892651021481 0.0084196341161420253 0.53391056634565548 0.18343920605568773 0.69463310966698033 0.33889891259549632 -0.00031724242915333843 0.0048194793410008784 0.074030368365899865 0.11148428951318448 0.23876962529969697 0.39244800230912996 1.7329043060115408 0.070826835693468801 2.4572697146266118
leaf_weight=4645 59800 368424 18193 1468 711 117 58 69 57 57 65 55 51 539 305 104 889 175 594 52 84 123565 3571 472 52 322 57 70 1645 51
leaf_count=4645 59800 368424 18193 1468 711 117 58 69 57 57 65 55 51 539 305 104 889 175 594 52 84 123565 3571 472 52 322 57 70 1645 51
internal_value=5.39534e-11 -0.00232712 0.0164583 0.0607119 0.113484 0.210665 0.337621 0.0607596 0.573584 0.865715 0.432231 0.629152 1.27009 0.0683803 0.0499164 0.392682 0.129295 0.234754 0.0785219 0.373618 0.000831415 0.00486904 0.0145729 0.0833874 0.268547 0.451804 0.835028 1.13128 0.0491819 0.142589
internal_weight=586317 396712 28288 10095 5366 1701 921 780 506 165 341 224 108 3665 415 159 2197 714 1483 110 4729 189605 66040 6240 973 501 179 127 5267 1696
internal_count=586317 396712 28288 10095 5366 1701 921 780 506 165 341 224 108 3665 415 159 2197 714 1483 110 4729 189605 66040 6240 973 501 179 127 5267 1696
is_linear=0
shrinkage=0.05


Tree=93
num_leaves=31
num_cat=0
split_feature=12 10 13 11 13 10 8 8 9 7 8 10 2 5 10 9 10 7 10 0 9 8 1 10 11 7 1 6 8 10
split_gain=2574.62 4586.42 4945.1 11043.3 7999.13 7786.54 5219.41 6626.93 11021.5 11825.5 4766.42 4557.99 4490.12 4628.51 4575.06 8429.51 6187.94 10585.2 7472.65 6191.52 4420.9 12109.8 4939.79 4191.3 11273 10672.4 6306.96 3894.33 3827.24 3699.92
threshold=13.750000000000002 -0.32533907890319819 78.750000000000014 0.41326330602169042 79.750000000000014 -0.86095303297042836 0.70043689012527477 41.078027725219734 31.006347656250004 30.534151077270511 12.431318759918215 -0.99984258413314808 37.52710151672364 31.542144775390629 -0.46735489368438715 26.670157432556156 -0.61188074946403492 29.996625900268558 -0.58429276943206776 0.12120397016406061 29.891755104064945 0.095130976289510741 26.860832214355472 0.45972847938537603 -0.40541070699691767 26.862654685974125 34.807247161865241 1.0000000180025095e-35 0.65825578570365917 -0.99939814209938038
decision_type=2 2 2 2 2 2 2 2 2 2 2 2 2 2 2 2 2 2 2 2 2 2 2 2 2 2 2 2 2 2
left_child=1 2 -1 28 12 -6 -7 8 9 10 -8 -2 13 14 15 -5 -17 -18 -19 -20 22 -22 -16 -3 25 -25 -27 -21 29 -4
right_child=11 23 3 4 5 6 7 -9 -10 -11 -12 -13 -14 -15 20 16 17 18 19 27 21 -23 -24 24 -26 26 -28 -29 -30 -31
leaf_value=0.0091841368813713117 -0.066619456992474166 -0.016733554263892454 0.25364397717922021 0.63502340046983019 0.6849416521824121 0.053355882999194859 0.11821470680371138 -0.080215235511461896 -0.079822676001478812 1.2902305813936088 0.68618106215031116 -0.0011358189891251566 -0.18461309404671192 -0.0074574954652141942 0.35857692862737855 0.075290559011276015 0.067497924384288491 1.032970973292954 0.044769039768961412 0.94901001453399658 -0.058756961045057877 0.87330800968408584 -0.16328343387432159 0.73523500206177694 -0.0090129338790432261 0.093173708948986717 0.015220919261056152 0.32496408498287205 -0.030000319637278391 0.032853103579111829
leaf_weight=27648 2672 25466 198 95 96 309 71 75 72 52 77 484467 150 784 53 961 250 57 79 50 115 50 314 57 23936 4602 5949 50 3011 4551
leaf_count=27648 2672 25466 198 95 96 309 71 75 72 52 77 484467 150 784 53 961 250 57 79 50 115 50 314 57 23936 4602 5949 50 3011 4551
internal_value=-9.41061e-12 0.0073431 0.0206521 0.0481752 0.118504 0.264361 0.202812 0.335901 0.450639 0.641606 0.413711 -0.001495 0.0820392 0.0960343 0.135156 0.178775 0.148821 0.294217 0.534385 0.375617 0.00872543 0.223687 -0.0879194 -0.00134356 0.010002 0.0529075 0.0492214 0.636987 0.0140986 0.0420585
internal_weight=586317 99178 39168 11520 3760 752 656 347 272 200 148 487139 3008 2858 2074 1542 1447 486 236 179 532 165 367 60010 34544 10608 10551 100 7760 4749
internal_count=586317 99178 39168 11520 3760 752 656 347 272 200 148 487139 3008 2858 2074 1542 1447 486 236 179 532 165 367 60010 34544 10608 10551 100 7760 4749
is_linear=0
shrinkage=0.05


Tree=94
num_leaves=31
num_cat=0
split_feature=1 5 11 10 10 10 12 11 12 10 9 10 10 13 13 10 1 10 13 1 10 10 7 1 11 3 13 10 1 4
split_gain=2497.64 3278.1 10596 12566.9 8071.06 8942.83 10288 6337.58 6311.71 13184.9 8516 14542.2 24097 17998.8 17293.4 13928 12467.1 16056 9065.65 7474.19 6616.78 8498.38 17912.8 7357.11 10552 6510.17 17892 28145 9649.98 6305.08
threshold=39.992656707763679 32.593608856201179 -0.22610731422901151 -0.78297284245491017 -0.98211652040481556 -0.99628895521163929 19.250000000000004 -0.99937036633491505 18.750000000000004 0.15005400776863101 32.323717117309577 -0.34964421391487116 -0.41327477991580958 83.250000000000014 78.250000000000014 -0.04732095077633857 31.331593513488773 -0.5343676209449767 79.750000000000014 32.626295089721687 -0.38168568909168238 -0.28435654938220972 31.712438583374027 33.005638122558601 -0.99862980842590321 33.261857986450202 79.250000000000014 -0.56314551830291737 32.251585006713874 15.285014629364015
decision_type=2 2 2 2 2 2 2 2 2 2 2 2 2 2 2 2 2 2 2 2 2 2 2 2 2 2 2 2 2 2
left_child=1 4 3 -3 5 -1 -7 -6 -5 10 20 12 16 14 -14 18 -12 25 -13 -17 -10 22 -22 -23 -25 26 -18 28 -28 -9
right_child=-2 2 -4 8 7 6 -8 29 9 -11 11 15 13 -15 -16 19 17 -19 -20 -21 21 23 -24 24 -26 -27 27 -29 -30 -31
leaf_value=-0.0077861692030289295 -0.013082832132698239 0.062482500302556171 -0.0057748920906885316 0.0036057544229983734 -0.078868481616597055 0.071946074102549593 -0.04378335635932102 -0.0062183369697270605 -0.10606532979454619 0.0080035751361195832 -0.10148477630060636 0.053652371643411537 0.32146735300123691 -0.0025163259771135119 1.4767152082013046 0.019762893571372495 0.18709653403025633 0.03388852930852565 -0.21322833420382145 0.20412718576284161 1.1902383283525706 -0.098828780934571397 0.11218461132652702 0.42871257368440063 -0.025276109670510877 0.21142873721582267 1.040288114094851 1.8652936876903881 0.1488262276525299 0.021181494362281294
leaf_weight=11441 34344 12768 111884 84428 2860 11265 2315 268222 825 16642 302 744 50 54 92 830 153 406 556 1628 50 616 168 212 323 179 51 55 75 22779
leaf_count=11441 34344 12768 111884 84428 2860 11265 2315 268222 825 16642 302 744 50 54 92 830 153 406 556 1628 50 616 168 212 323 179 51 55 75 22779
internal_value=1.73306e-11 0.00081402 0.00532088 0.0155632 -0.00248033 0.0247805 0.0522175 -0.00480147 0.0100387 0.0326586 0.0883389 0.123337 0.259834 0.774466 1.06994 0.0718693 0.177223 0.268812 -0.0604905 0.141872 0.00578823 0.0731945 0.359445 0.0189786 0.154622 0.454736 0.58513 0.92159 0.509656 -0.00407353
internal_weight=586317 551973 233091 121207 318882 25021 13580 293861 108439 24011 7369 5175 1417 196 142 3758 1221 919 1300 2458 2194 1369 218 1151 535 513 334 181 126 291001
internal_count=586317 551973 233091 121207 318882 25021 13580 293861 108439 24011 7369 5175 1417 196 142 3758 1221 919 1300 2458 2194 1369 218 1151 535 513 334 181 126 291001
is_linear=0
shrinkage=0.05


Tree=95
num_leaves=31
num_cat=0
split_feature=13 10 7 10 12 6 3 11 9 2 11 0 10 11 5 3 6 11 7 1 10 7 6 13 8 3 9 10 10 0
split_gain=2384.24 3564.53 10839.2 10975.6 8627.88 11690.2 22498.6 15493 7541.27 18430.6 9461.5 14826.8 8892.27 7492.15 8187.63 7579.29 6023.87 5686.62 5286.59 4593.59 4471.14 4303.12 5168.66 3665.74 3545 3298.91 3248.53 3212.43 11752.2 14040.9
threshold=79.750000000000014 -0.97505551576614369 30.596981048583988 -0.99466162919998158 16.750000000000004 2.8253622055053715 30.899665832519535 0.16704543679952624 30.47022914886475 0.85081583261489879 -0.12447465583682059 1.2000490427017214 -0.99052327871322621 0.098816476762294783 28.744626045227054 29.277883529663089 0.58240851759910595 -0.15855351090431211 28.088741302490238 29.199358940124515 -0.99052327871322621 29.242291450500492 27.446836471557621 78.750000000000014 68.946147918701186 26.491054534912113 28.239863395690922 -0.45972847938537592 -0.54883790016174305 7.5942895412445077
decision_type=2 2 2 2 2 2 2 2 2 2 2 2 2 2 2 2 2 2 2 2 2 2 2 2 2 2 2 2 2 2
left_child=1 2 3 24 13 7 8 -6 10 -10 11 -7 -11 19 15 16 18 23 -15 -5 -16 22 -21 -8 -1 -4 -13 28 -2 -30
right_child=27 -3 25 4 5 6 17 -9 9 12 -12 26 -14 14 20 -17 -18 -19 -20 21 -22 -23 -24 -25 -26 -27 -28 -29 29 -31
leaf_value=-0.0049077306763620886 0.0067009613092617855 -0.0035175667215435408 0.38206783629677915 -0.087560207884994218 -0.013396076638999483 1.0241939639768649 0.081100162844462642 0.77134433518285339 0.092982441007175995 1.633438006696994 -0.21228118111880928 0.55663745384663343 0.72464358046943067 0.87500408372282978 0.24635623881948138 0.73219977824928917 0.019840616037083023 -0.064946518150753668 0.23248643456131557 0.10755751028116192 0.02094735721769813 -0.024092722342848462 0.56942557295163476 0.65923809242936282 0.32283306873980022 -0.0093167799426468936 0.12035348489589524 -0.00014590432239942498 0.046573269798851874 0.2533120531475847
leaf_weight=4645 59800 368424 54 870 711 97 58 69 57 57 52 64 51 50 294 94 170 305 89 496 874 659 69 52 84 18139 128 123565 5267 973
leaf_count=4645 59800 368424 54 870 711 97 58 69 57 57 52 64 51 50 294 94 170 305 89 496 874 659 69 52 84 18139 128 123565 5267 973
internal_value=3.88008e-12 -0.00220428 0.0149001 0.0564496 0.105393 0.198457 0.319084 0.0560233 0.542887 0.820381 0.408617 0.520335 1.20429 0.0621998 0.144735 0.33906 0.219464 0.046206 0.463608 0.000279085 0.0776856 0.0627139 0.163963 0.354402 0.000913844 -0.00815508 0.265781 0.00461202 0.0135144 0.0788099
internal_weight=586317 396712 28288 10095 5366 1701 921 780 506 165 341 289 108 3665 1571 403 309 415 139 2094 1168 1224 565 110 4729 18193 192 189605 66040 6240
internal_count=586317 396712 28288 10095 5366 1701 921 780 506 165 341 289 108 3665 1571 403 309 415 139 2094 1168 1224 565 110 4729 18193 192 189605 66040 6240
is_linear=0
shrinkage=0.05


Tree=96
num_leaves=31
num_cat=0
split_feature=12 12 13 0 11 13 11 10 9 3 5 1 1 12 3 9 7 13 7 5 9 12 10 13 1 10 10 10 7 5
split_gain=2400.73 4211.4 5018.49 6763.59 3559.14 3497.38 5275.03 9604.47 12074.1 15100.3 10426.1 19978.3 9544.93 7991.47 14621.1 36264.9 20822.6 31313.3 13874.3 27801 18330.4 12213.6 17930.2 10602 10020.1 10800.2 15856.3 9944.09 21172.8 15024.8
threshold=13.250000000000002 12.750000000000002 76.250000000000014 6.9848220348358163 -0.85204595327377308 76.750000000000014 -0.95234230160713185 -0.20088869333267209 28.083243370056156 25.515925407409672 29.572471618652347 27.01949501037598 33.68474197387696 16.750000000000004 32.282590866088874 31.377002716064457 31.836061477661136 81.750000000000014 30.690706253051761 29.406868934631351 30.915815353393558 19.750000000000004 -0.23448921740055081 80.250000000000014 29.015290260314945 -0.26781183481216425 -0.25118774175643915 -0.25118774175643915 32.258707046508796 32.663663864135749
decision_type=2 2 2 2 2 2 2 2 2 2 2 2 2 2 2 2 2 2 2 2 2 2 2 2 2 2 2 2 2 2
left_child=1 4 3 -3 -1 -2 7 8 9 -7 -9 -12 13 -10 18 16 17 -16 21 20 -20 24 -23 27 -15 -26 -27 28 -21 -29
right_child=5 2 -4 -5 -6 6 -8 10 12 -11 11 -13 -14 14 15 -17 -18 -19 19 23 -22 22 -24 -25 25 26 -28 29 -30 -31
leaf_value=-0.03044776706598782 -0.01069370476405139 0.051004632154945287 0.016780900002312898 0.2503820914917444 0.0058481731069255499 0.73994781953784139 -0.0012401323124805908 -0.088095223712117449 0.036457907339825416 -0.13493776694387821 0.87055570404867044 0.012640098976292327 -0.017915054752186532 -0.22867781985079022 1.5286014984347929 0.058340032126899338 0.047153962533921005 0.11172572079029951 1.5727820359667142 0.20197194385220826 0.44701475278361819 0.075461904194970175 0.96438970245420941 -0.0055003463661548128 -0.15483300934678743 0.6405193581387697 0.032523060627785087 -0.068581528162833347 1.3098572182752517 0.90345565474033362
leaf_weight=8192 81676 2400 23336 517 38480 52 389092 2683 1515 957 68 32769 1396 434 134 328 60 55 60 115 91 195 80 462 336 151 370 194 69 50
leaf_count=8192 81676 2400 23336 517 38480 52 389092 2683 1515 957 68 32769 1396 434 134 328 60 55 60 115 91 195 80 462 336 151 370 194 69 50
internal_value=3.3084e-11 0.0084891 0.0245099 0.0863417 -0.000522592 -0.00120584 0.000589164 0.0172878 0.0703597 -0.0898495 0.00667347 0.0144167 0.0968817 0.130986 0.175964 0.403713 0.858662 1.11628 0.125557 0.267031 0.89434 0.0315122 0.334059 0.1606 -0.0329342 0.0661938 0.208737 0.339895 0.617429 0.130606
internal_weight=586317 72925 26253 2917 46672 513392 431716 42624 7104 1009 35520 32837 6095 4699 3184 577 249 189 2607 1041 151 1566 275 890 1291 857 521 428 184 244
internal_count=586317 72925 26253 2917 46672 513392 431716 42624 7104 1009 35520 32837 6095 4699 3184 577 249 189 2607 1041 151 1566 275 890 1291 857 521 428 184 244
is_linear=0
shrinkage=0.05


Tree=97
num_leaves=31
num_cat=0
split_feature=10 3 6 11 11 11 10 7 1 11 10 9 1 11 11 3 13 6 3 12 9 1 3 9 7 10 12 13 9 5
split_gain=2233.43 3354.72 6811.44 6422.65 5267.08 5016.89 66789.9 5330.48 7351.34 4852.92 12796.5 61312.5 60784.2 12301.5 10380.6 13642 20859.7 18791.7 9872.76 7890.22 7325.45 7276.93 7188.96 6810.31 8273.22 6788.26 6662.31 8653.94 11563 18585.9
threshold=0.97109106183052074 31.858166694641117 17.173191070556644 -0.99937036633491505 0.87377473711967479 0.6838940978050233 -0.70252096652984608 30.275289535522464 29.990586280822757 -0.92260536551475514 -0.34964421391487116 27.739242553710941 29.373962402343754 -0.78295108675956715 -0.69014781713485707 29.140923500061039 77.750000000000014 43.16392898559571 26.491054534912113 17.750000000000004 30.342226028442386 29.990586280822757 29.277883529663089 33.220045089721687 31.773130416870121 0.064507851377129569 18.250000000000004 80.750000000000014 31.970374107360843 30.490084648132328
decision_type=2 2 2 2 2 2 2 2 2 2 2 2 2 2 2 2 2 2 2 2 2 2 2 2 2 2 2 2 2 2
left_child=1 2 3 -1 5 9 -7 -8 -9 10 11 12 -4 18 15 16 -15 -18 19 -11 21 -12 -16 -20 -25 26 -22 28 29 -28
right_child=-2 -3 4 -5 -6 6 7 8 -10 13 20 -13 -14 14 22 -17 17 -19 23 -21 25 -23 -24 24 -26 -27 27 -29 -30 -31
leaf_value=-0.095963377211294817 -0.010700009984634481 0.0047766877067898696 0.16495537863851623 -0.0045833174302375981 -0.089628391774115107 1.4225862924171533 -0.058090383109326162 0.7483145713806153 -0.088459802151850939 -0.039861795488744974 0.057691515628702762 -0.061916798682217181 2.4540641112638446 -0.091933101679334495 -0.048627836453654559 0.012610082870455293 0.31375525717361952 1.0601363566916759 -0.14036241879358977 0.61536404190694594 0.042923845144669251 -0.13581803189265829 0.046168747274097255 0.65036021273943689 -0.14277885077255112 -0.093072128882194127 0.36398071657704273 0.066292203074374043 0.21007931603862517 1.4681592024862766
leaf_weight=1938 45024 274076 58 246417 938 92 648 52 53 100 1230 274 58 178 2889 615 251 127 2127 85 583 803 6499 62 70 298 115 317 283 57
leaf_count=1938 45024 274076 58 246417 938 92 648 52 53 100 1230 274 58 178 2889 615 251 127 2127 85 583 803 6499 62 70 298 115 317 283 57
internal_value=1.76889e-11 0.000890012 -0.00309643 -0.00529639 0.0258703 0.0319146 0.150839 -0.00453995 0.325943 0.0260307 0.0736349 0.345995 1.30951 0.0111084 0.0345057 0.174877 0.354363 0.564524 -0.0899768 0.261188 0.0448176 -0.0187414 0.0169967 -0.118735 0.229756 0.122988 0.170505 0.266852 0.406583 0.7299
internal_weight=586317 541293 267217 248355 18862 17924 845 753 105 17079 4076 390 116 13003 10559 1171 556 378 2444 185 3686 2033 9388 2259 132 1653 1355 772 455 172
internal_count=586317 541293 267217 248355 18862 17924 845 753 105 17079 4076 390 116 13003 10559 1171 556 378 2444 185 3686 2033 9388 2259 132 1653 1355 772 455 172
is_linear=0
shrinkage=0.05


Tree=98
num_leaves=31
num_cat=0
split_feature=12 10 10 13 11 5 9 13 10 10 7 7 9 10 10 4 6 2 5 7 10 1 0 10 11 5 9 5 10 11
split_gain=2276.08 4073.51 3813.13 4303.02 10058.5 7710.51 12168 6957.06 6436.18 6114.52 6006.32 8001.46 6005.18 5244.98 10180 6252.68 4531.05 4374.05 3717.17 7019.53 5773.48 7537.27 4573.31 3580.92 9972.47 10081.9 5720.66 3510.63 3509.34 3983.15
threshold=13.750000000000002 -0.99984258413314808 -0.32533907890319819 78.750000000000014 0.41326330602169042 28.381810188293461 26.670157432556156 79.750000000000014 -0.86095303297042836 -0.81403854489326466 31.430132865905765 30.46944618225098 31.006347656250004 -0.61188074946403492 -0.59817537665367115 16.786019325256351 2.371764183044434 0.9499296545982362 29.803519248962406 29.582084655761722 -0.49750867486000055 30.199495315551761 0.12855588644742968 0.45972847938537603 -0.40541070699691767 27.17766094207764 36.714214324951179 30.263042449951175 -0.99939814209938038 1.0000000180025095e-35
decision_type=2 2 2 2 2 2 2 2 2 2 2 2 2 2 2 2 2 2 2 2 2 2 2 2 2 2 2 2 2 2
left_child=2 -2 3 -1 28 9 -7 13 -9 -6 11 27 -13 15 -15 -8 18 -11 19 -16 21 -20 -21 -4 25 -25 -27 -10 29 -5
right_child=1 -3 23 4 5 6 7 8 10 17 -12 12 -14 14 16 -17 -18 -19 20 22 -22 -23 -24 24 -26 26 -28 -29 -30 -31
leaf_value=0.0083419358025881053 -0.062971806155820417 -0.0010660960561733755 -0.015241637087758067 -0.0020818822295404975 0.31407375791668896 0.7492469429785823 0.0068815011479120107 0.65620275160983998 0.015196031238266964 0.17379480475490844 -0.029282969727434896 0.9802434066931407 0.26558789105488445 0.85830654064720546 0.10774892734620592 0.41977901759804515 -0.047517493284777203 -0.18147559880734035 0.64458487412513621 0.98120611368545474 -0.07475324020701514 0.022872353848956882 0.32672382371098391 0.61256155946963953 -0.0084138494827713396 0.073636330346505491 -0.002850427911717017 0.42321053780040441 0.0052187131011642027 0.35072601129300895
leaf_weight=27648 2672 484467 25466 160 100 81 1424 95 151 108 176 66 53 53 116 98 226 438 91 56 191 105 51 79 23936 6670 3859 81 7440 160
leaf_count=27648 2672 484467 25466 160 100 81 1424 95 151 108 176 66 53 53 116 98 226 438 91 56 191 105 51 79 23936 6670 3859 81 7440 160
internal_value=-3.87419e-11 -0.00140565 0.00690424 0.0190395 0.0447137 0.111833 0.144445 0.128293 0.277383 -0.0453701 0.209095 0.328624 0.661951 0.0898296 0.186323 0.0334675 0.143722 -0.111202 0.214574 0.377172 0.120881 0.311525 0.669257 -0.00101634 0.00947062 0.0498253 0.0456031 0.157649 0.012192 0.174322
internal_weight=586317 487139 99178 39168 11520 3760 3114 3033 622 646 527 351 119 2411 889 1522 836 546 610 223 387 196 107 60010 34544 10608 10529 232 7760 320
internal_count=586317 487139 99178 39168 11520 3760 3114 3033 622 646 527 351 119 2411 889 1522 836 546 610 223 387 196 107 60010 34544 10608 10529 232 7760 320
is_linear=0
shrinkage=0.05


Tree=99
num_leaves=31
num_cat=0
split_feature=5 5 11 10 12 11 10 3 1 10 10 3 9 10 1 10 13 13 10 12 11 3 13 10 13 10 6 10 9 12
split_gain=2240.21 3510.18 10561.4 10270.2 7954.49 9388.73 12805.3 11875.3 10705 9414.31 25130.7 24154.9 16080 15753.6 11818.6 17241.5 8276.39 7296.17 6931.58 7679.49 10621.1 6697.17 14355.3 25255.5 8102.75 6131.04 13021.5 12219.2 13413 21819.3
threshold=38.959129333496101 32.593608856201179 -0.22610731422901151 -0.78297284245491017 18.750000000000004 -0.99937036633491505 -0.012910176534205673 32.696729660034187 33.17035102844239 -0.34964421391487116 -0.41327477991580958 33.005100250244148 32.164163589477546 -0.38168568909168238 31.331593513488773 -0.5343676209449767 77.750000000000014 81.250000000000014 -0.98211652040481556 18.750000000000004 0.081673368811607375 33.261857986450202 79.250000000000014 -0.56314551830291737 81.750000000000014 -0.99273952841758717 2.879960417747498 -0.99052327871322621 29.741821289062504 17.750000000000004
decision_type=2 2 2 2 2 2 2 2 2 2 2 2 2 2 2 2 2 2 2 2 2 2 2 2 2 2 2 2 2 2
left_child=1 18 3 -3 -5 6 7 -6 -8 10 12 -12 -7 -13 -14 21 -9 -18 19 20 25 22 -16 24 -24 -1 -27 -28 29 -29
right_child=-2 2 -4 4 5 9 8 16 -10 -11 11 13 14 -15 15 -17 17 -19 -20 -21 -22 -23 23 -25 -26 26 27 28 -30 -31
leaf_value=-0.0021230752792712423 -0.0098417939318645731 0.059147655413136893 -0.0051012059299866694 0.0038446775999118285 -0.05210653223535594 -0.12448214376874878 -0.1272604323755834 0.21437842242626681 0.26249736055664735 0.018585695882052073 -0.014279509246896166 1.4944601029310733 -0.09298139844797669 0.52835989615321155 0.21691282919732627 0.023650749468881835 1.2940055708522382 0.500808200456202 -0.0045084015076255245 -0.025027656108513759 0.10525327217343866 0.20103329137334081 0.99492689312066673 1.7674769460037352 0.21402344529548389 -0.0007609015854541213 0.45224328134174779 0.16652035993226127 -0.015149694834289879 1.1431599784904802
leaf_weight=10441 52630 12768 108121 74163 68 721 322 54 389 16492 109 73 321 100 157 437 69 50 293872 6264 4565 183 53 55 89 2320 341 294 725 71
leaf_count=10441 52630 12768 108121 74163 68 721 322 54 389 16492 109 73 321 100 157 437 69 50 293872 6264 4565 183 53 55 89 2320 341 294 725 71
internal_value=5.73762e-12 0.000970557 0.00591142 0.0170735 0.0113528 0.0395581 0.192745 0.507718 0.0859826 0.0317968 0.126609 0.568706 0.0647676 0.936021 0.170134 0.256848 0.727764 0.960729 -0.00235742 0.0229059 0.0389136 0.44662 0.573576 0.85782 0.505487 0.0175747 0.072404 0.191022 0.109301 0.356497
internal_weight=586317 533687 214794 106673 93905 19742 952 241 711 18790 2298 282 2016 173 1295 974 173 119 318893 25021 18757 537 354 197 142 14192 3751 1431 1090 365
internal_count=586317 533687 214794 106673 93905 19742 952 241 711 18790 2298 282 2016 173 1295 974 173 119 318893 25021 18757 537 354 197 142 14192 3751 1431 1090 365
is_linear=0
shrinkage=0.05


Tree=100
num_leaves=31
num_cat=0
split_feature=13 10 7 10 12 1 11 6 3 9 10 8 1 0 11 11 5 3 9 6 7 1 10 7 6 8 2 12 5 3
split_gain=2083.78 2892.32 9506.1 9294.99 7756.85 10679.1 16964.4 17261.5 13446.9 11169.9 12225.5 9186.34 11863.4 9139.29 7102.87 6531.55 7339.92 6822.87 5609.39 5416.38 4780.93 4103 3955.79 3859.02 4525.96 3192.28 3006.85 5766.42 4941.65 2987.63
threshold=79.750000000000014 -0.97505551576614369 30.596981048583988 -0.99466162919998158 16.750000000000004 32.091121673583991 0.16704543679952624 1.6396638154983523 30.616518974304203 30.536562919616703 -0.99052327871322621 6.4384078979492196 30.129017829895023 1.5620391964912417 -0.14153505116701123 0.098816476762294783 28.744626045227054 29.277883529663089 29.059931755065922 0.58240851759910595 28.088741302490238 29.199358940124515 -0.99052327871322621 29.242291450500492 27.446836471557621 68.946147918701186 1.6190001964569094 15.250000000000002 30.709156036376957 26.491054534912113
decision_type=2 2 2 2 2 2 2 2 2 2 2 2 2 2 2 2 2 2 2 2 2 2 2 2 2 2 2 2 2 2
left_child=1 2 3 25 15 6 7 -6 9 11 -11 -9 13 -13 -7 21 17 19 -10 20 -17 -5 -18 24 -23 26 -1 28 -28 -4
right_child=-2 -3 29 4 5 14 -8 8 18 10 -12 12 -14 -15 -16 16 22 -19 -20 -21 -22 23 -24 -25 -26 -27 27 -29 -30 -31
leaf_value=-0.038744911002133953 0.0043116424943210633 -0.0032437065472131783 0.36311231233455521 -0.084488294991482721 -0.030684269891652089 0.26995167960836131 1.0256732796099695 0.046765609984012219 0.56081292796134952 1.3762757358305595 0.43159674714872803 1.4161948320670772 0.18849001775667507 0.49955170269598037 -0.17321396649454945 0.826658166974783 0.22857465727546186 0.6904025827475051 -0.024205919973847627 0.014634735693826395 0.21564060062002599 0.10063462649779996 0.016553700429300013 -0.024670574760660868 0.53283389996791231 0.30663474863395096 0.089762878581080563 -0.044285853422973809 0.45875128044350311 -0.0093497861437434188
leaf_weight=2685 189605 368424 54 870 452 132 68 136 50 68 69 52 103 57 287 50 294 94 227 170 89 496 874 659 69 84 893 966 101 18139
leaf_count=2685 189605 368424 54 870 452 132 68 136 50 68 69 52 103 57 287 50 294 94 227 170 89 496 874 659 69 84 893 966 101 18139
internal_value=9.60105e-12 -0.00206071 0.0133467 0.0522574 0.0972976 0.185539 0.257161 0.214114 0.359323 0.518058 0.900489 0.367503 0.57326 0.936849 -0.0336009 0.056343 0.133405 0.317396 0.0813932 0.203925 0.435431 -0.00147202 0.069922 0.0575346 0.153416 0.00115019 -0.00437419 0.0427102 0.127256 -0.00824425
internal_weight=586317 396712 28288 10095 5366 1701 1282 1214 762 485 137 348 212 109 419 3665 1571 403 277 309 139 2094 1168 1224 565 4729 4645 1960 994 18193
internal_count=586317 396712 28288 10095 5366 1701 1282 1214 762 485 137 348 212 109 419 3665 1571 403 277 309 139 2094 1168 1224 565 4729 4645 1960 994 18193
is_linear=0
shrinkage=0.05


Tree=101
num_leaves=31
num_cat=0
split_feature=12 10 10 13 11 5 9 1 10 13 10 10 10 9 3 2 4 5 8 10 11 7 1 5 7 0 10 11 3 10
split_gain=2097.01 3601.81 3261.27 3851.5 9264.72 6958.29 10981.9 6338.22 12145.8 6039.65 5518.22 4408.71 9504.01 4139.45 5866.71 3948.72 3576.81 4725.23 3469.4 3270.42 9015.54 9042.63 5743.56 3159.88 6843.08 4474.29 3138.84 3223.81 2958.07 8549.46
threshold=13.750000000000002 -0.99984258413314808 -0.32533907890319819 78.750000000000014 0.41326330602169042 28.381810188293461 26.670157432556156 31.961493492126468 -0.89391031861305226 79.750000000000014 -0.81403854489326466 -0.61188074946403492 -0.58429276943206776 30.8515739440918 30.196025848388675 0.9499296545982362 1.3679663538932803 30.458487510681156 0.67873361706733715 0.51973900198936474 -0.40541070699691767 26.862654685974125 34.743453979492195 29.491099357604984 29.697713851928714 3.5638910531997685 -0.99939814209938038 1.0000000180025095e-35 31.795172691345218 -0.98801350593566883
decision_type=2 2 2 2 2 2 2 2 2 2 2 2 2 2 2 2 2 2 2 2 2 2 2 2 2 2 2 2 2 2
left_child=2 -2 3 -1 18 10 -7 8 -8 11 -6 -10 -13 23 -15 -12 -11 -18 26 -4 21 -21 -23 24 -14 -25 27 -5 29 -3
right_child=1 28 19 4 5 6 7 -9 9 16 15 12 13 14 -16 -17 17 -19 -20 20 -22 22 -24 25 -26 -27 -28 -29 -30 -31
leaf_value=0.0077291349324031316 -0.059241110932831 0.037649053637728108 -0.013328801188129411 0.017935860116956054 0.29868589035421611 0.71210689266890659 0.92898549365997318 -0.024888070732260407 0.03444616255450008 0.18407295825186692 0.16546468693607796 0.66690462557801411 0.051981562519573324 0.70219215647034028 0.10159981613508379 -0.17209097423577963 0.26137186934129669 0.75730654949575305 -0.031276366096274759 0.67884789803310286 -0.0069447198865660604 0.092987142495420685 0.014056686363483171 -0.099528005259693242 0.72434380237872786 0.3016809276922533 0.028967140194289601 0.42218699446746283 0.0023504128315889267 -0.0079313973971381815
leaf_weight=27648 2672 10856 27642 93 100 81 50 590 1066 271 108 92 139 69 99 438 118 81 2992 57 22848 3972 5491 317 52 89 4570 105 277063 196548
leaf_count=27648 2672 10856 27642 93 100 81 50 590 1066 271 108 92 139 69 99 438 118 81 2992 57 22848 3972 5491 317 52 89 4570 105 277063 196548
internal_value=-1.98702e-11 -0.00134923 0.00662709 0.0178499 0.0421398 0.106556 0.137536 0.122192 0.157713 0.141597 -0.0427818 0.102327 0.186762 0.12902 0.348272 -0.105322 0.302271 0.463235 0.0109277 -0.000697936 0.0100887 0.050969 0.047187 0.0673208 0.235033 -0.0115783 0.0374114 0.232311 -0.00102994 -0.00554561
internal_weight=586317 487139 99178 39168 11520 3760 3114 3033 2443 2393 646 1923 857 765 168 546 470 199 7760 60010 32368 9520 9463 597 191 406 4768 198 484467 207404
internal_count=586317 487139 99178 39168 11520 3760 3114 3033 2443 2393 646 1923 857 765 168 546 470 199 7760 60010 32368 9520 9463 597 191 406 4768 198 484467 207404
is_linear=0
shrinkage=0.05


Tree=102
num_leaves=31
num_cat=0
split_feature=1 10 3 8 4 1 11 0 10 10 1 10 10 7 9 12 7 13 1 10 9 9 5 4 10 0 5 10 10 1
split_gain=2082.23 3962.64 2350.62 4205.58 4168.13 4928.95 3312.48 15228.8 7768.56 18401.5 7120.8 7616.47 6274.07 10527.4 13920.6 5811.35 11984.1 16900.3 39778 7836.88 8500.44 5777.22 8949.52 8716.58 6887.29 6886.95 5800 5791.64 8094.3 15318.7
threshold=40.591190338134773 0.42888796329498297 29.048268318176273 61.508924484252937 42.564952850341804 29.015290260314945 0.13300977647304538 78.94366836547853 -0.76109719276428212 -0.71466678380966175 28.964809417724613 -0.99628895521163929 -0.90880924463272084 28.962356567382816 31.874295234680179 15.750000000000002 34.094982147216804 82.250000000000014 34.042966842651374 -0.95236876606941212 35.669494628906257 30.000835418701175 30.228813171386722 1.7308643460273745 -0.96683886647224415 6.764129877090455 29.840383529663089 -0.86095303297042836 -0.88606244325637806 33.837114334106452
decision_type=2 2 2 2 2 2 2 2 2 2 2 2 2 2 2 2 2 2 2 2 2 2 2 2 2 2 2 2 2 2
left_child=2 -2 3 -1 -5 -6 8 12 10 -10 -4 -12 13 14 -8 -13 21 19 -19 -18 -21 23 -23 24 -17 -26 -27 28 -24 -30
right_child=1 -3 6 4 5 -7 7 -9 9 -11 11 15 -14 -15 -16 16 17 18 -20 20 -22 22 27 -25 25 26 -28 -29 29 -31
leaf_value=-0.0084456653437343949 -0.094099915334836609 -0.0091491273836356701 -0.049455510966877697 0.063055642511986129 0.72222130535203122 0.042052550703287124 0.084010397372397558 0.84487224198737243 -0.10129472204508549 0.0029739039862632967 -0.0089182904542458186 0.0083775182440786241 0.00023208757790852113 -0.033483094392440259 0.92150238028440912 0.12152802694251558 -0.0072595184260300181 0.12793330342954948 1.7538995472951371 0.18171830902200553 0.83622964121541887 -0.047173042539015608 0.041914110872889078 0.12520554282396817 -0.062240947714184702 0.60324880692266658 0.081393810192605387 -0.0064877271175896234 0.076651398881806165 0.45167753092955176
leaf_weight=77934 1457 23738 3471 545 57 50 1083 53 4328 189629 13761 16234 195732 23813 52 1154 661 119 55 775 53 3562 14362 4148 2148 62 377 5360 1191 353
leaf_count=77934 1457 23738 3471 545 57 50 1083 53 4328 189629 13761 16234 195732 23813 52 1154 661 119 55 775 53 3562 14362 4148 2148 62 377 5360 1191 353
internal_value=-1.38646e-11 -0.0140617 0.000631388 -0.0073877 0.119071 0.404385 0.00193738 -0.00257427 0.00574127 0.00064723 0.020304 0.0240654 -0.0027778 -0.0263922 0.12238 0.033033 0.0446751 0.175611 0.641888 0.121124 0.223613 0.0380197 0.0261761 0.0752934 0.019951 -0.0253601 0.155095 0.0384619 0.053609 0.162392
internal_weight=586317 25195 561122 78586 652 107 482536 220733 261803 193957 67846 64375 220680 24948 1135 50614 34380 1663 174 1489 828 32717 24828 7889 3741 2587 439 21266 15906 1544
internal_count=586317 25195 561122 78586 652 107 482536 220733 261803 193957 67846 64375 220680 24948 1135 50614 34380 1663 174 1489 828 32717 24828 7889 3741 2587 439 21266 15906 1544
is_linear=0
shrinkage=0.05


Tree=103
num_leaves=31
num_cat=0
split_feature=9 0 1 1 3 12 2 5 5 11 10 10 0 6 10 10 7 11 10 4 12 5 12 8 12 8 8 0 11 11
split_gain=2046.79 5523.12 7443.26 12343 13843.6 6083.99 7596.79 6968.13 4756.32 4522.98 14016.2 24680.9 23622.6 22023.7 5416.72 4198.88 5028.66 4132.24 11981.8 42189.5 3471.76 5094.75 3411.59 2781.28 2654.28 2478.73 2346.14 5817.54 3326.81 4513.98
threshold=27.295834541320804 14.657021522521974 29.291071891784672 30.427058219909672 29.140923500061039 16.750000000000004 52.982137680053718 28.509267807006839 25.516271591186527 -0.24284072965383527 -0.69016700983047474 -0.72660079598426808 0.35740664601325994 13.655666351318361 0.63209757208824169 -0.99052327871322621 29.101040840148929 -0.92260536551475514 -0.3334656953811645 26.695935249328617 15.250000000000002 29.840383529663089 17.750000000000004 52.741167068481452 13.250000000000002 0.2257107347249985 28.558669090271 97.80576324462892 0.098816476762294783 0.081673368811607375
decision_type=2 2 2 2 2 2 2 2 2 2 2 2 2 2 2 2 2 2 2 2 2 2 2 2 2 2 2 2 2 2
left_child=1 9 5 4 -4 7 -7 -3 -8 14 11 15 -13 -14 17 23 -17 18 19 20 -1 -22 -20 -11 -19 -12 -2 28 29 -28
right_child=26 2 3 -5 -6 6 8 -9 -10 10 25 12 13 -15 -16 16 -18 24 22 -21 21 -23 -24 -25 -26 -27 27 -29 -30 -31
leaf_value=-0.093751139132755582 0.00011600235657399215 0.078409012975467429 0.074988216581478931 -0.045940420211206943 1.01110670573256 -0.12693290636995111 0.63364864302178225 0.59582431111872824 -0.0016004765131434459 -0.090416257812808543 -0.01100601557553877 0.045051391629709142 0.34938060688923622 1.6490609077364207 0.45705478679961886 0.083893979704893595 0.595374635361135 -0.027879462901018354 -0.022843961407849962 1.3875958040356637 0.41042774328873277 -0.19870783815196916 -0.17954536680112476 0.29583445172391687 -0.10524476934874992 -0.062700495234285489 0.0278784790812584 0.4419491298315002 -0.038453541497539816 0.36887233548854687
leaf_weight=232 550971 676 71 141 89 735 57 72 61 541 7739 108 61 70 52 1235 50 1607 1881 67 105 51 426 51 3575 3311 10037 82 2065 98
leaf_count=232 550971 676 71 141 89 735 57 72 61 541 7739 108 61 70 52 1235 50 1607 1881 67 105 51 426 51 3575 3311 10037 82 2065 98
internal_value=-1.45225e-11 -0.0145991 0.0670155 0.295133 0.595704 0.0241277 -0.0671458 0.128214 0.305257 -0.0219344 -0.0039203 0.113971 0.592519 1.04387 -0.051596 0.0530368 0.103796 -0.0549256 -0.0055309 0.228966 0.0288932 0.211287 -0.0517797 -0.0571413 -0.0812529 -0.0264956 0.000597801 0.0222113 0.0193901 0.0311757
internal_weight=586317 23064 1902 301 160 1601 853 748 118 21162 13166 2116 239 131 7996 1877 1285 7944 2762 455 388 156 2307 592 5182 11050 563253 12282 12200 10135
internal_count=586317 23064 1902 301 160 1601 853 748 118 21162 13166 2116 239 131 7996 1877 1285 7944 2762 455 388 156 2307 592 5182 11050 563253 12282 12200 10135
is_linear=0
shrinkage=0.05


Tree=104
num_leaves=31
num_cat=0
split_feature=7 12 12 13 0 0 11 11 13 10 2 13 11 10 5 1 9 3 1 1 12 3 9 7 13 7 5 9 12 10
split_gain=1961.29 2150.05 3533.94 4657.3 6602.42 3152.9 2976.24 3352.41 3143.21 3026.97 3221.1 2834.07 4695.77 9632.92 9321.2 12892.6 8939.63 13167.2 9010.02 8669.8 7500.41 12351.7 32709.4 19148 28047.1 12115.3 24976.7 16559.8 12289.3 18382.2
threshold=24.816866874694828 13.250000000000002 12.750000000000002 76.250000000000014 28.940343856811527 42.941423416137702 -0.83352491259574879 -0.46734189987182612 76.250000000000014 -0.83354803919792164 1.1019938588142397 76.750000000000014 -0.95234230160713185 -0.20088869333267209 28.025094032287601 26.488616943359379 28.239863395690922 26.866142272949222 33.68474197387696 27.01949501037598 16.750000000000004 32.282590866088874 31.377002716064457 31.836061477661136 81.750000000000014 30.690706253051761 29.406868934631351 30.915815353393558 19.750000000000004 -0.23448921740055081
decision_type=2 2 2 2 2 2 2 2 2 2 2 2 2 2 2 2 2 2 2 2 2 2 2 2 2 2 2 2 2 2
left_child=-1 2 6 4 -4 -6 8 9 -2 10 -8 -3 13 16 -15 -16 17 19 20 -13 -18 25 23 24 -23 28 27 -27 -22 -30
right_child=1 11 3 -5 5 -7 7 -9 -10 -11 -12 12 -14 14 15 -17 18 -19 -20 -21 21 22 -24 -25 -26 26 -28 -29 29 -31
leaf_value=-0.046654888304924091 0.055795314413216703 -0.0095120441051601765 0.066721023947249866 0.015550979312358916 0.66723141832386756 0.16995250165462494 0.22245610572183827 -0.0013435929006102439 -0.037913406405470279 0.025447976074205538 0.01467056502294433 0.91449744951724998 -0.0010715577389508657 -0.16110540604654294 0.70267906577618267 0.0084172121235334459 0.034492781927506967 -0.13753748227082557 -0.018418436584373317 0.086536665213142724 -0.031311480320821428 1.4697561906793943 0.054473688012761312 0.04330775837103526 0.1140859098967027 1.4946711768209935 0.15418452043044292 0.42465554976856312 0.079845536514920629 0.99992703779747627
leaf_weight=2244 1016 81458 2734 23202 68 60 424 30296 7505 6548 333 50 387863 817 67 34634 1498 884 1395 86 1259 130 328 60 54 60 887 91 190 76
leaf_count=2244 1016 81458 2734 23202 68 60 424 30296 7505 6548 333 50 387863 817 67 34634 1498 884 1395 86 1259 130 328 60 54 60 887 91 190 76
internal_value=-1.49169e-11 0.000179247 0.00825756 0.0229741 0.0831531 0.434132 -5.89205e-05 0.00598746 -0.0267401 0.0363915 0.131052 -0.000959952 0.000658518 0.016423 0.00582741 0.00975768 0.0698191 -0.0670746 0.0929829 0.390934 0.126526 0.170502 0.380585 0.818965 1.0719 0.123617 0.255381 0.849827 0.0339305 0.342726
internal_weight=586317 584073 72186 26064 2862 128 46122 37601 8521 7305 757 511887 430429 42566 35518 34701 7048 1020 6028 136 4633 3135 572 244 184 2563 1038 151 1525 266
internal_count=586317 584073 72186 26064 2862 128 46122 37601 8521 7305 757 511887 430429 42566 35518 34701 7048 1020 6028 136 4633 3135 572 244 184 2563 1038 151 1525 266
is_linear=0
shrinkage=0.05


Tree=105
num_leaves=31
num_cat=0
split_feature=5 5 11 10 12 11 1 3 10 13 3 10 7 10 7 9 7 10 7 13 1 7 1 1 10 10 13 3 10 9
split_gain=1908.98 2892.72 8889.75 9259.99 9474.61 8389.97 16947.9 10917.5 11994.3 8433.3 9695.49 7090.21 12544.3 15258.9 17380.3 11808.6 10287.4 7761.49 23994.6 18952 14091.2 11348 10083.8 7424.55 7138.96 8973.58 16024.1 9440.33 9335.66 10458.2
threshold=38.959129333496101 32.593608856201179 -0.22610731422901151 -0.92263099551200856 17.250000000000004 -0.99937036633491505 31.928989410400394 32.734331130981452 1.0000000180025095e-35 78.250000000000014 34.323110580444343 -0.23448921740055081 35.370985031127937 -0.41327477991580958 31.186458587646488 33.092733383178718 33.839805603027351 -0.34964421391487116 33.545089721679695 79.750000000000014 33.837114334106452 32.096586227416999 32.453718185424812 34.68036079406739 0.45972847938537603 0.34964421391487127 80.750000000000014 36.732461929321296 0.42888796329498297 39.188413619995124
decision_type=2 2 2 2 2 2 2 2 2 2 2 2 2 2 2 2 2 2 2 2 2 2 2 2 2 2 2 2 2 2
left_child=1 -1 3 -3 -5 6 -6 -8 9 -9 -11 12 13 15 -15 23 -13 18 20 21 -16 -19 -20 -7 25 -18 27 -27 29 -29
right_child=-2 2 -4 4 5 11 7 8 -10 10 -12 16 -14 14 17 -17 24 19 22 -21 -22 -23 -24 -25 -26 26 -28 28 -30 -31
leaf_value=-0.0021251865585298294 -0.0090851260561840338 0.083696874573362834 -0.0047223564083675789 -0.00041138621441105729 -0.14962181639278438 -0.0083034182288509242 -0.12297265457868728 0.19605004082005772 0.12110727970409443 0.8693546578310386 0.34777410659080871 -0.048206292362773642 -0.31355939878968991 0.84689594968861237 -0.070598715462256226 0.13971468155332317 0.029998079492254283 0.95350466242792908 1.3213782701536383 -0.12419987311484293 0.63443873290504726 0.22302034931203379 0.42403076844555998 0.36219500820989986 0.0052417986837088662 0.13956995145809428 0.020559263185389382 0.49255585616771846 0.81969198447382352 0.04177922554006544
leaf_weight=318893 52630 4772 108121 59596 398 4971 197 217 590 167 191 5395 214 102 256 2228 7915 61 71 500 98 414 56 139 15027 856 1603 314 107 218
leaf_count=318893 52630 4772 108121 59596 398 4971 197 217 590 167 191 5395 214 102 256 2228 7915 61 71 500 98 414 56 139 15027 856 1603 314 107 218
internal_value=3.74535e-11 0.000895938 0.00538124 0.015622 0.012434 0.0305297 0.137402 0.221276 0.279488 0.442 0.591081 0.0258905 0.0647304 0.0738305 0.215945 0.0436567 0.0146345 0.171744 0.336103 0.0906608 0.124581 0.31683 0.925697 0.00177472 0.027654 0.0582349 0.130376 0.248127 0.393548 0.307839
internal_weight=586317 533687 214794 106673 101901 42305 1760 1362 1165 575 358 40545 9110 8896 1558 7338 31435 1456 481 975 354 475 127 5110 26040 11013 3098 1495 639 532
internal_count=586317 533687 214794 106673 101901 42305 1760 1362 1165 575 358 40545 9110 8896 1558 7338 31435 1456 481 975 354 475 127 5110 26040 11013 3098 1495 639 532
is_linear=0
shrinkage=0.05


Tree=106
num_leaves=31
num_cat=0
split_feature=12 10 10 10 9 8 11 11 13 1 4 10 10 3 8 6 4 8 8 2 10 7 1 13 10 2 8 0 13 10
split_gain=1839.63 3194.13 2894.62 3509.83 3783.91 5049.54 12659.8 3182.06 6228.82 6972.2 5875.73 5404.1 9921.31 5897.84 4912.78 4877.89 4768.16 3604.04 6217.98 9125.65 4827.73 4262.36 3279.67 4709.77 3223.79 3140.95 3118.17 5863.68 4804.67 9557.83
threshold=13.750000000000002 -0.99984258413314808 -0.32533907890319819 -0.3657191395759582 27.53487586975098 1.2168042659759524 0.93225467205047619 -0.07309242337942122 79.750000000000014 32.024335861206062 40.640188217163093 -0.88606244325637806 -0.83354803919792164 33.446430206298835 79.308517456054702 29.86877536773682 33.744709014892585 1.6383182406425478 41.078027725219734 16.518680572509769 -0.63874351978301991 32.974578857421882 27.419076919555668 78.250000000000014 -0.97505551576614369 1.274253845214844 0.26920935511589056 1.9813452363014223 76.250000000000014 -0.57728627324104298
decision_type=2 2 2 2 2 2 2 2 2 2 2 2 2 2 2 2 2 2 2 2 2 2 2 2 2 2 2 2 2 2
left_child=2 -2 3 7 -5 -6 -7 11 14 10 17 13 16 -1 24 -15 22 21 19 20 -19 -10 -13 25 -9 -24 27 -14 29 -29
right_child=1 -3 -4 4 5 6 -8 8 9 -11 -12 12 26 15 -16 -17 -18 18 -20 -21 -22 -23 23 -25 -26 -27 -28 28 -30 -31
leaf_value=-0.062204855498673488 -0.055780976273633209 -0.00096303776297165496 -0.00069391507224563268 -0.04847488574399627 0.077621387507508896 0.15336680525993285 0.9990416734612414 0.056746766813274035 0.10004576766814077 0.00026743552087650345 -0.17836968808957976 -0.056813102313947733 -0.0040908437179382248 0.035695302562838149 0.41915207640691243 0.52939400169998407 0.60936332520316627 0.15725201654663229 -0.016239122806056851 1.1085714708133179 0.71467277074172619 0.60351501511037353 0.32234225516190107 0.051253063140998936 0.0076523762141399321 0.1048056548578163 -0.031227582669865285 0.047449980678691252 0.087238688911035506 0.93199001418140071
leaf_weight=5154 2672 484467 60010 341 752 211 56 4344 264 514 73 229 3914 1322 77 52 51 104 62 55 62 50 428 653 14523 271 4332 74 1148 52
leaf_count=5154 2672 484467 60010 341 752 211 56 4344 264 514 73 229 3914 1322 77 52 51 104 62 55 62 50 428 653 14523 271 4332 74 1148 52
internal_value=3.6491e-12 -0.00126372 0.00620709 0.0167802 0.0956971 0.143943 0.330737 0.0139415 0.0275363 0.138795 0.245068 -0.00153566 0.019614 -0.0376664 0.0205827 0.0543797 0.133517 0.296845 0.426249 0.550386 0.365445 0.180216 0.118168 0.147806 0.018956 0.238004 8.77462e-05 0.0262362 0.119407 0.412498
internal_weight=586317 487139 99178 39168 1360 1019 267 37808 20128 1184 670 17680 11152 6528 18944 1374 1632 597 283 221 166 314 1581 1352 18867 699 9520 5188 1274 126
internal_count=586317 487139 99178 39168 1360 1019 267 37808 20128 1184 670 17680 11152 6528 18944 1374 1632 597 283 221 166 314 1581 1352 18867 699 9520 5188 1274 126
is_linear=0
shrinkage=0.05


Tree=107
num_leaves=31
num_cat=0
split_feature=13 10 10 3 11 10 4 11 12 5 10 1 3 12 10 6 9 10 10 0 1 7 3 0 13 12 10 1 0 2
split_gain=1781.23 2524.47 11274.5 17278.2 33019.8 53286.8 6916.15 6054.19 15485.3 20857.8 17118.4 15724 25433 14567.5 22625.3 12312 12231.9 10437.6 24251.2 19595.9 12704 11095.6 10196 10692.1 9962.28 9225.92 8446.92 16987.6 9213.98 8184.08
threshold=79.750000000000014 -0.45972847938537592 -0.48250326514244074 30.803702354431156 0.87377473711967479 -0.46735489368438715 7.2520189285278329 -0.34155811369419092 17.750000000000004 26.495076179504398 -0.91585582494735707 32.626295089721687 32.481035232543952 15.250000000000002 -0.90880924463272084 2.5152945518493657 29.381423950195316 -0.89391031861305226 -0.8779519498348235 11.238339424133303 31.023309707641605 32.126644134521491 30.196025848388675 4.1154026985168466 82.250000000000014 19.250000000000004 -0.70252096652984608 32.419404983520515 30.74392127990723 8.7169938087463397
decision_type=2 2 2 2 2 2 2 2 2 2 2 2 2 2 2 2 2 2 2 2 2 2 2 2 2 2 2 2 2 2
left_child=-1 2 7 -4 6 -6 -5 8 -2 -10 11 12 15 14 -9 -11 -17 -12 19 29 -21 -20 -18 25 26 -24 -23 28 -28 -19
right_child=1 -3 3 4 5 -7 -8 13 9 10 17 -13 -14 -15 -16 16 22 18 21 20 -22 24 23 -25 -26 -27 27 -29 -30 -31
leaf_value=-0.0019052461821397679 -0.033080812442271311 -0.00023144324754239095 0.024992574350038682 0.061661219556151475 1.8898059323760152 -0.10597442288337083 0.67549358191636377 -0.020138252473048249 0.50210774144730885 -0.032640412864940509 -0.11625934206604682 -0.052675615313152471 1.190943929185341 -0.010736628395907026 0.24376044181488987 0.072452269723662283 0.2886573623778283 0.089850392233714604 -0.0060150909770424477 1.2767477117623989 0.39011558995089113 0.057561552841105458 0.59459841441777017 0.22243169494091519 0.016355961983921606 1.3844268301207769 0.38042038251940902 0.058984849984027879 1.0031282458732378 0.56477876322572695
leaf_weight=396712 6720 123565 1028 342 79 58 53 1800 260 280 1080 399 77 39360 1480 239 234 444 7768 77 85 840 72 63 1902 76 524 519 67 114
leaf_count=396712 6720 123565 1028 342 79 58 53 1800 260 280 1080 399 77 39360 1480 239 234 444 7768 77 85 840 72 63 1902 76 524 519 67 114
internal_value=-1.76598e-11 0.00398636 0.0118781 0.144699 0.37601 1.04488 0.144024 0.00866474 0.0300723 0.0581404 0.0503725 0.2142 0.31649 -0.00230012 0.098938 0.246642 0.360969 0.0327933 0.0458384 0.327427 0.811539 0.0283906 0.515925 0.767966 0.0977736 1.00019 0.177187 0.267714 0.451015 0.186879
internal_weight=586317 189605 66040 1560 532 137 395 64480 21840 15120 14860 1440 1041 42640 3280 964 684 13420 12340 720 162 11620 445 211 3852 148 1950 1110 591 558
internal_count=586317 189605 66040 1560 532 137 395 64480 21840 15120 14860 1440 1041 42640 3280 964 684 13420 12340 720 162 11620 445 211 3852 148 1950 1110 591 558
is_linear=0
shrinkage=0.05


Tree=108
num_leaves=31
num_cat=0
split_feature=5 10 12 9 0 8 10 11 10 1 12 10 13 11 13 7 13 5 11 10 12 10 1 1 2 10 10 11 11 2
split_gain=1801.8 7202.1 7468.16 3515.83 2982.16 5088.86 2920.34 6536.49 3924.44 3087.23 8295.86 2385.03 7982.12 6797.26 10873 6802.73 4599.89 5854.21 2566.12 6490.77 3348.02 2542.78 2561.1 2503.93 3313.3 2207.23 7511.86 5656.76 2491.11 5500.52
threshold=26.874595642089847 0.72066047787666332 17.750000000000004 29.202995300292972 28.163828849792484 68.946147918701186 -0.20088869333267209 -0.69014781713485707 -0.16705007851123807 27.01949501037598 18.250000000000004 -0.52707284688949574 77.250000000000014 -0.73829901218414296 79.250000000000014 26.223810195922855 78.750000000000014 25.516271591186527 0.61864846944808971 -0.70252096652984608 12.750000000000002 -0.72660079598426808 28.311072349548343 29.843582153320316 22.042654037475589 -0.3334656953811645 -0.31718835234642023 -0.92260536551475514 -0.70250144600868214 42.889158248901374
decision_type=2 2 2 2 2 2 2 2 2 2 2 2 2 2 2 2 2 2 2 2 2 2 2 2 2 2 2 2 2 2
left_child=1 3 -3 4 11 6 7 9 -8 10 -6 12 18 14 -14 16 17 -15 -1 20 -20 22 -17 -13 -25 27 -27 -5 29 -29
right_child=-2 2 -4 25 5 -7 8 -9 -10 -11 -12 23 13 15 -16 21 -18 -19 19 -21 -22 -23 -24 24 -26 26 -28 28 -30 -31
leaf_value=-0.034894669768327495 0.00046995390866299441 0.8387958663851024 -0.017039388317901357 -0.37989141425968692 0.14725994291801411 0.57132603393173687 -0.34311263010148774 -0.070538342808709395 0.19703285379229851 0.044404799781347579 0.84965192767289965 -0.020369345108976061 -0.024747763931751252 0.12944191715388156 0.96624986469865815 0.27823157737518406 0.04361481058162333 0.75444082154070635 0.15272913943185951 -0.080035700723969733 0.67343041574389773 -0.22456596815067789 -0.046205791048138274 -0.065236879439781542 -0.3513532638316974 0.59439340341091162 -0.037825197204995296 -0.060304457110804371 -0.10585303329657073 0.35145035437125638
leaf_weight=2488 569933 50 52 162 119 51 92 266 53 95 65 8468 50 67 62 88 101 85 66 169 58 115 197 483 128 50 779 396 1427 102
leaf_count=2488 569933 50 52 162 119 51 92 266 53 95 65 8468 50 67 62 88 101 85 66 169 58 115 197 483 128 50 779 396 1427 102
internal_value=-2.84785e-11 -0.0163478 0.402488 -0.0189716 -0.0081193 0.0893665 0.0537434 0.106801 -0.14568 0.275877 0.395388 -0.013841 0.0209326 0.163963 0.52384 0.102239 0.305159 0.478948 -0.0184124 0.121546 0.396283 -0.0261081 0.0539714 -0.0274227 -0.125176 -0.0687152 0.000306202 -0.0961319 -0.0722519 0.0240309
internal_weight=586317 16384 102 16282 13366 741 690 545 145 279 184 12625 3546 765 112 653 253 152 2781 293 124 400 285 9079 611 2916 829 2087 1925 498
internal_count=586317 16384 102 16282 13366 741 690 545 145 279 184 12625 3546 765 112 653 253 152 2781 293 124 400 285 9079 611 2916 829 2087 1925 498
is_linear=0
shrinkage=0.05


Tree=109
num_leaves=31
num_cat=0
split_feature=10 10 3 11 6 11 1 7 12 13 10 10 10 9 0 5 2 8 10 11 5 10 4 3 5 5 9 10 6 11
split_gain=1721.22 2646.28 2448.64 5265.79 4948.52 6072.97 10143.8 10730.8 11628.1 23250.5 7891.31 6457.49 20044 24118.4 9235.7 11200 13915.8 13802.2 8331.98 7803.1 8427.8 7886.33 6379.8 6121.47 6068.38 5883.3 5864.96 7050.44 5006.86 4890.21
threshold=0.97109106183052074 0.9946616291999818 31.858166694641117 -0.99937036633491505 17.173191070556644 -0.98208922147750843 30.7116813659668 29.658649444580082 18.250000000000004 80.250000000000014 -0.1330134719610214 -0.62540480494499195 -0.72660079598426808 24.838127136230472 1.8627818226814272 31.637938499450687 4.3043522834777841 19.426926612854007 -0.5343676209449767 -0.73829901218414296 28.025094032287601 -0.70252096652984608 44.86070632934571 29.277883529663089 29.491099357604984 29.689715385437015 29.817021369934086 -0.76109719276428212 28.991141319274906 -0.15855351090431211
decision_type=2 2 2 2 2 2 2 2 2 2 2 2 2 2 2 2 2 2 2 2 2 2 2 2 2 2 2 2 2 2
left_child=2 -2 3 -1 29 6 7 22 -9 10 -10 12 23 -14 -15 16 17 24 -13 20 -18 28 -6 -7 -16 -23 27 -25 -21 -5
right_child=1 -3 -4 4 5 11 -8 8 9 -11 -12 18 13 14 15 -17 19 -19 -20 21 -22 25 -24 26 -26 -27 -28 -29 -30 -31
leaf_value=-0.079344916794591019 -0.019891018722529311 0.0046037545043838939 0.0041018860967646014 -0.014797722018529741 0.12239615421623309 -0.048373191746011235 -0.070440428289501672 0.063417707895860084 0.58826301679307347 0.18330603912837401 1.3841476261289791 -0.15144477978321924 1.0751438096552701 0.0064226782077179056 0.075000767804243987 -0.32886185292686737 0.7897690188377462 1.3147454124737958 0.00077365867743988802 0.072404886097521395 0.038786990507956476 -0.26590992612652031 -0.41059358636989746 0.11103957360975419 0.73589241382941406 0.35277343362569813 -0.0025898023255480048 -0.27317426562160252 0.66673338468022214 0.00067677899988415047
leaf_weight=2218 25728 19296 274076 72222 376 2882 448 176 51 166 80 1077 77 543 68 70 94 61 5439 74 62 166 66 2666 71 50 3626 125 68 174195
leaf_count=2218 25728 19296 274076 72222 376 2882 448 176 51 166 80 1077 77 543 68 70 94 61 5439 74 62 166 66 2666 71 50 3626 125 68 174195
internal_value=1.83633e-11 -0.00939326 0.000781318 -0.00262448 -0.00198234 0.022899 0.124496 0.21994 0.385462 0.576303 1.0743 0.014857 0.038748 0.214842 0.164922 0.274699 0.333872 0.687739 -0.0243858 0.19618 0.491302 0.0675795 0.0428095 0.0121607 0.412579 -0.122696 0.0393477 0.0938319 0.357013 -0.00385862
internal_weight=586317 45024 541293 267217 264999 18582 1363 915 473 297 131 17219 10703 1404 1327 784 714 200 6516 514 156 358 442 9299 139 216 6417 2791 142 246417
internal_count=586317 45024 541293 267217 264999 18582 1363 915 473 297 131 17219 10703 1404 1327 784 714 200 6516 514 156 358 442 9299 139 216 6417 2791 142 246417
is_linear=0
shrinkage=0.05


Tree=110
num_leaves=31
num_cat=0
split_feature=7 12 12 13 0 1 11 11 13 10 13 11 5 1 6 10 10 1 5 10 9 10 3 10 1 0 0 5 3 1
split_gain=1749.82 1905.86 3095.51 4244.22 5903.17 2728.43 2607.1 2964.61 2879.41 2581.64 2416.43 3718.32 6229.73 7686.08 6595.89 6158.41 25368.7 34510.8 41598.3 9398.41 15668.3 11002.3 35713.8 25051.6 10613.2 9729.22 9256.06 7561.89 8125.51 6839.69
threshold=24.816866874694828 13.250000000000002 12.750000000000002 76.250000000000014 6.9848220348358163 25.505497932434086 -0.83352491259574879 -0.46734189987182612 76.250000000000014 -0.97873103618621815 80.250000000000014 0.13300977647304538 25.940079689025882 27.163667678833011 45.556047439575202 -0.50495636463165272 -0.54883790016174305 28.692169189453129 29.765364646911625 -0.61188074946403492 32.457199096679695 -0.66484925150871266 28.027479171752933 -0.63874351978301991 30.52330303192139 13.142779827117922 18.863230705261234 31.233236312866214 28.315699577331547 32.626295089721687
decision_type=2 2 2 2 2 2 2 2 2 2 2 2 2 2 2 2 2 2 2 2 2 2 2 2 2 2 2 2 2 2
left_child=-1 2 6 4 -4 -6 8 -8 -2 -7 -3 12 -12 14 -14 16 19 18 -18 21 -21 24 23 -23 -15 -24 -27 28 -19 -26
right_child=1 10 3 -5 5 9 7 -9 -10 -11 11 -13 13 15 -16 -17 17 27 -20 20 -22 22 25 -25 29 26 -28 -29 -30 -31
leaf_value=-0.044067953718280831 0.054015791884579473 -0.0030648461375777447 0.046560196732247289 0.014462191049106721 0.53677595343553663 0.52061942922345439 0.034242009687334297 -0.00124344785348616 -0.035674424019126336 0.14418413996284815 0.30486177871240439 -0.0042085485172518927 -0.16886448777972263 -0.034355779500872728 0.26506964187761867 0.0028647609772527467 2.1143749267671188 0.51977289178461406 0.14256481223360257 -0.23797630307762124 0.089099084850072674 1.7612749413333155 0.036067661021946903 0.36028515891122975 0.066888332974919501 0.90627496024736998 0.15980239585689879 0.26167557301782507 -0.16479311324969059 -0.00092057247563518882
leaf_weight=2244 1016 366702 2377 23202 66 52 7305 30296 7505 367 181 65997 901 6256 97 51465 53 53 54 863 636 55 1244 76 10288 65 115 724 238 5824
leaf_count=2244 1016 366702 2377 23202 66 52 7305 30296 7505 367 181 65997 901 6256 97 51465 53 53 54 863 636 55 1244 76 10288 65 115 724 238 5824
internal_value=-4.10265e-11 0.000169308 0.00777506 0.0215485 0.0789967 0.237969 -8.4585e-06 0.00565055 -0.0249802 0.190902 -0.00090325 0.00455642 0.0118613 0.0111901 -0.126689 0.012954 0.0325156 0.265188 1.11926 0.0222467 -0.0992038 0.0298567 0.15846 0.948487 0.0209163 0.0857818 0.429362 0.175153 -0.0401127 0.0423775
internal_weight=586317 584073 72186 26064 2862 485 46122 37601 8521 419 511887 145185 79188 79007 998 78009 26544 1122 107 25422 1499 23923 1555 131 22368 1424 180 1015 291 16112
internal_count=586317 584073 72186 26064 2862 485 46122 37601 8521 419 511887 145185 79188 79007 998 78009 26544 1122 107 25422 1499 23923 1555 131 22368 1424 180 1015 291 16112
is_linear=0
shrinkage=0.05


Tree=111
num_leaves=31
num_cat=0
split_feature=9 10 11 6 0 11 2 10 10 4 4 7 1 5 10 12 3 3 2 10 1 10 1 2 7 11 11 5 11 0
split_gain=1713.58 4626.28 43610.3 29723.5 14907.7 8522.08 5304.05 5179.09 11386.5 77077.2 5794.73 3825.87 5051.35 5359.28 4741.86 3352.55 3175.38 2400.16 2918.38 2397.12 3305.35 2340.28 2151.96 2151.13 1970.94 2219.37 5126.56 1923.21 2775.4 8066.17
threshold=27.295834541320804 -0.69016700983047474 0.6838940978050233 12.664909839630129 2.606975913047791 0.15004983544349673 5.0812292098999032 -0.38168568909168238 -0.35769492387771601 35.014312744140632 8.1692676544189471 29.055762290954593 27.01949501037598 27.763551712036136 -0.93535929918289173 14.750000000000002 28.245443344116214 28.683040618896488 0.26454487442970281 0.72066047787666332 33.005638122558601 -0.79356426000595082 25.505497932434086 57.217317581176765 30.752336502075199 -0.77212798595428456 -0.76107609272003163 38.709918975830085 0.13300977647304538 0.12855588644742968
decision_type=2 2 2 2 2 2 2 2 2 2 2 2 2 2 2 2 2 2 2 2 2 2 2 2 2 2 2 2 2 2
left_child=1 2 5 6 -5 23 -4 15 9 10 -9 12 13 21 17 -3 -12 18 -14 -10 -21 -7 -23 -1 25 -17 -27 28 -2 -30
right_child=27 7 3 4 -6 11 -8 8 19 -11 16 -13 14 -15 -16 24 -18 -19 -20 20 -22 22 -24 -25 -26 26 -28 -29 29 -31
leaf_value=-0.043375597120977945 0.0052538691864637468 -0.031920409233610551 -0.039396045125514562 0.52988383710384379 1.6415356043922273 0.019564740649600339 0.54593456585801414 -0.091116229408601326 -0.020798179354329125 2.0666977705580059 0.037528483251169809 0.52557429660249644 0.59130674619523305 0.66378862880743472 -0.071666321261101479 -0.16925330249627066 0.52727198378300999 0.057198518023684322 0.097537546199664746 0.50902584551596175 -0.012706826344132425 0.49373339754399947 0.073937375456718565 0.28655817818641666 0.17516578572063612 0.35737816145022716 -0.096851577711376285 -0.0081242791053581162 0.00094843073142391514 -0.027727718088885758
leaf_weight=4138 251633 2893 103 50 76 143 62 335 11591 51 62 54 63 65 481 1137 71 151 57 51 75 72 53 50 58 66 1056 57425 226698 27497
leaf_count=4138 251633 2893 103 50 76 143 62 335 11591 51 62 54 63 65 481 1137 71 151 57 51 75 72 53 50 58 66 1056 57425 226698 27497
internal_value=1.92112e-11 -0.013358 0.0261037 0.622134 1.2004 -0.00645586 0.180546 -0.0260655 -0.00828896 0.220888 0.0197418 0.114811 0.0943677 0.256491 0.0225764 -0.0678149 0.298971 0.189848 0.356766 -0.0184402 0.198471 0.157706 0.31574 -0.0394366 -0.112633 -0.120022 -0.0701322 0.000546981 0.0015314 -0.00215355
internal_weight=586317 23064 5618 291 126 5327 165 17446 12236 519 468 1139 1085 333 752 5210 133 271 120 11717 126 268 125 4188 2317 2259 1122 563253 505828 254195
internal_count=586317 23064 5618 291 126 5327 165 17446 12236 519 468 1139 1085 333 752 5210 133 271 120 11717 126 268 125 4188 2317 2259 1122 563253 505828 254195
is_linear=0
shrinkage=0.05


Tree=112
num_leaves=31
num_cat=0
split_feature=1 10 10 5 11 10 12 10 1 10 7 10 12 11 4 2 9 7 5 7 1 10 6 5 9 10 5 9 1 9
split_gain=1607.26 3618.16 1976.05 1908.89 6315.89 9038.26 6123.15 8955.92 8539.48 7666.58 5304.23 5443.3 6875.36 8925.95 5911.84 5895.84 7893.59 31656.9 7447.03 5440.35 5883.05 9849.17 11659.6 8767.99 8023.42 8565.2 11800.6 11246.8 13654.8 9311.08
threshold=40.591190338134773 0.42888796329498297 0.59125596284866344 32.593608856201179 -0.22610731422901151 -0.92263099551200856 15.750000000000002 0.15005400776863101 35.528953552246101 0.45972847938537603 35.517942428588874 -0.98211652040481556 18.750000000000004 0.081673368811607375 36.235065460205085 0.11267887800931932 31.906658172607425 30.690706253051761 28.509267807006839 32.064420700073249 29.108410835266117 -0.99273952841758717 2.879960417747498 31.957645416259769 28.004171371459964 -0.99052327871322621 29.988348007202152 30.139940261840824 30.586003303527836 31.34796237945557
decision_type=2 2 2 2 2 2 2 2 2 2 2 2 2 2 2 2 2 2 2 2 2 2 2 2 2 2 2 2 2 2
left_child=3 -2 -3 10 5 -5 9 8 -8 -7 11 12 13 14 19 16 18 -18 -15 20 -1 -22 -23 24 -24 26 -26 -28 -29 -27
right_child=1 2 -4 4 -6 6 7 -9 -10 -11 -12 -13 -14 15 -16 -17 17 -19 -20 -21 21 22 23 -25 25 29 27 28 -30 -31
leaf_value=-0.034348890059272517 -0.08883446822155143 0.023814666630708761 -0.014272086443268814 0.079054931990078431 -0.0046319761025256046 -0.025339658879297219 0.033870064859549881 0.0053568319370434067 0.14837775415824117 0.014968678624526702 0.13918375211470088 -0.0041918306192012681 -0.025250636755656933 0.52496963384303641 -0.13101844874603447 0.049945380624441982 1.5103442710404302 0.20300051727393276 0.062325016553293866 -0.047533288435349069 0.024662672852427847 0.044281027984504097 0.84336324191611745 -0.12976367724438509 0.01162632371370609 0.32475865410808324 0.27566900882002426 0.49421404123306278 1.6460970966321118 -0.097254845088008302
leaf_weight=2295 1457 4121 19617 4772 114424 23634 24128 49975 1746 23552 664 293206 6264 94 655 2752 51 503 1165 2286 6668 1275 69 120 78 367 73 50 53 203
leaf_count=2295 1457 4121 19617 4772 114424 23634 24128 49975 1746 23552 664 293206 6264 94 655 2752 51 503 1165 2286 6668 1275 69 120 78 367 73 50 53 203
internal_value=-5.52113e-12 -0.0123543 -0.00766009 0.000554723 0.00390081 0.0115401 0.0089215 0.0177193 0.0415971 -0.00522051 -0.00198698 -0.00228154 0.020104 0.0352504 0.0156883 0.0960662 0.166074 0.323352 0.0968672 0.0227869 0.0370747 0.0553771 0.144889 0.271519 0.325443 0.282073 0.523561 0.750441 1.08693 0.174463
internal_weight=586317 25195 23738 561122 242231 127807 123035 75849 25874 47186 318891 318227 25021 18757 14192 4565 1813 554 1259 13537 11251 8956 2288 1013 893 824 254 176 103 570
internal_count=586317 25195 23738 561122 242231 127807 123035 75849 25874 47186 318891 318227 25021 18757 14192 4565 1813 554 1259 13537 11251 8956 2288 1013 893 824 254 176 103 570
is_linear=0
shrinkage=0.05


Tree=113
num_leaves=31
num_cat=0
split_feature=12 10 1 11 10 10 10 11 3 6 10 9 8 5 1 10 11 13 11 10 10 13 3 9 11 11 2 5 0 8
split_gain=1635.15 2925.96 2630.59 3335.05 2525.82 3370.13 7624.14 5089.44 5148.51 4418.85 3344.31 3417.7 4801.69 12363.3 3307.65 6835.33 4626.03 3271.81 5903.49 3186.52 5504.28 5927.83 8063.1 3712.86 2871.35 4714.31 3109.26 2849.6 2811.65 2795.32
threshold=13.750000000000002 -0.99984258413314808 24.853873252868656 -0.93533331155776966 -0.32533907890319819 -0.88606244325637806 -0.83354803919792164 -0.07309242337942122 33.446430206298835 29.86877536773682 -0.3657191395759582 27.642139434814457 1.2168042659759524 29.689715385437015 25.505497932434086 -0.76109719276428212 0.89771011471748363 76.250000000000014 -0.80389818549156178 -0.94130858778953541 -0.90880924463272084 79.250000000000014 32.550685882568366 31.254272460937504 0.030119189061224464 1.0000000180025095e-35 1.54854953289032 36.641252517700202 27.320881843566898 79.308517456054702
decision_type=2 2 2 2 2 2 2 2 2 2 2 2 2 2 2 2 2 2 2 2 2 2 2 2 2 2 2 2 2 2
left_child=4 -2 3 -3 5 7 -7 8 -1 -10 14 -12 -13 -14 15 -8 17 18 -17 23 -21 -22 -23 28 25 -25 -27 29 -9 -16
right_child=1 2 -4 -5 -6 6 10 19 9 -11 11 12 13 -15 27 16 -18 -19 -20 20 21 22 -24 24 -26 26 -28 -29 -30 -31
leaf_value=-0.058956657570956542 -0.053369939868307653 -0.31543151169344785 -0.00070358919666689188 -0.045025296725929247 -0.00059444798930250483 0.098444403009699616 0.55160562491569765 0.060025720669622619 0.03218673494938231 0.50208148535054464 -0.040104964734572507 0.074275287038578497 0.81479324765156869 0.083348253918600013 0.0024273140906886652 0.55216161878527825 0.42846767943925584 -0.036734160749696584 -0.02035801249353782 -0.091624871539705277 0.010252926580558 0.83970059657638729 0.069638058451119436 -0.0030769608291182035 -0.036309764605558556 0.44114704338636823 0.054411127418279651 0.16232938818348985 0.23248643309113537 0.28333293661642611
leaf_weight=5154 2672 125 483043 1299 60010 3264 78 3587 1322 52 360 738 86 176 18029 74 78 561 115 1360 672 55 89 501 1974 123 90 288 253 89
leaf_count=5154 2672 125 483043 1299 60010 3264 78 3587 1322 52 360 738 86 176 18029 74 78 561 115 1360 672 55 89 501 1974 123 90 288 253 89
internal_value=-1.08061e-11 -0.00119142 -0.000903634 -0.0687618 0.00585195 0.0157286 0.0274285 -0.00265688 -0.0360299 0.0499702 0.0162154 0.0919992 0.139557 0.323441 0.0108785 0.104146 0.0619944 0.0238812 0.203803 0.0223729 -0.0300269 0.0726364 0.363759 0.0398395 -0.00523026 0.0806954 0.277738 0.0062876 0.0713884 0.00380719
internal_weight=586317 487139 484467 1424 99178 39168 23936 15232 6528 1374 20672 1360 1000 262 19312 906 828 750 189 8704 2176 816 144 6528 2688 714 213 18406 3840 18118
internal_count=586317 487139 484467 1424 99178 39168 23936 15232 6528 1374 20672 1360 1000 262 19312 906 828 750 189 8704 2176 816 144 6528 2688 714 213 18406 3840 18118
is_linear=0
shrinkage=0.05


Tree=114
num_leaves=31
num_cat=0
split_feature=5 10 3 9 0 10 11 1 12 3 9 11 5 9 13 11 10 4 11 2 11 1 3 2 11 5 5 10 13 5
split_gain=1554.71 6445.06 6924.77 3180.11 2493.69 4678.49 6644.34 7423.87 7548.23 9458.88 6490.93 4049.8 2419.63 2251.61 2041.3 2030.99 6146.54 5380.12 4479.78 2555.5 2148.37 4148.9 1768.46 1718.83 6871.38 4392.16 8098.73 9312.43 8778.23 4004.87
threshold=26.874595642089847 0.72066047787666332 29.491782188415531 29.202995300292972 14.657021522521974 -0.20088869333267209 -0.67758968472480763 29.153871536254886 17.750000000000004 26.491054534912113 27.018005371093754 -0.98518359661102284 25.940079689025882 25.9338493347168 77.750000000000014 -0.9412824511528014 -0.18399664759635923 15.587972640991213 -0.91583034396171559 26.504524230957035 -0.83352491259574879 29.199358940124515 25.515925407409672 69.412918090820327 -0.69014781713485707 30.228813171386722 28.632008552551273 -0.48250326514244074 82.250000000000014 33.541278839111335
decision_type=2 2 2 2 2 2 2 2 2 2 2 2 2 2 2 2 2 2 2 2 2 2 2 2 2 2 2 2 2 2
left_child=1 3 -3 4 -1 6 7 8 12 10 -10 -7 -6 14 -8 16 17 -5 19 -17 21 -20 -13 -2 25 26 28 -28 -25 -27
right_child=23 2 -4 15 5 11 13 -9 9 -11 -12 22 -14 -15 -16 18 -18 -19 20 -21 -22 -23 -24 24 -26 29 27 -29 -30 -31
leaf_value=-0.015045229496511806 0.00029581984983672926 0.8011614604890348 -0.022950298238832219 0.011654979622725284 0.01530520008807933 0.18914684394472525 0.3277064626885427 -0.22243091799746986 0.34679350436487227 -0.02781289531916812 0.93521678507741957 -0.086417420634201603 0.3343257493634777 -0.080481290962412827 -0.08107516252650665 -0.16835290546288026 -0.19795758578995315 0.67480106162266784 -0.11181975490086385 -0.52563052835402557 -0.069069397354524067 0.45028879240912911 -0.37082591229363493 -0.035833524758332624 -0.047991683839449698 -0.13957073337453255 0.98284510104120637 0.22457792311906816 0.69010181173536134 0.26713268393848805
leaf_weight=11859 568440 50 52 66 216 76 74 87 89 69 99 105 82 444 52 143 108 57 74 77 2332 59 114 227 784 170 69 98 51 94
leaf_count=11859 568440 50 52 66 216 76 74 87 89 69 99 105 82 444 52 143 108 57 74 77 2332 59 114 227 784 170 69 98 51 94
internal_value=4.71433e-12 -0.0151855 0.381026 -0.0176676 -0.00734643 0.0532376 0.0967012 0.207011 0.274329 0.472887 0.656655 -0.125332 0.103089 -0.0275427 0.159003 -0.0649767 0.0772877 0.318967 -0.0772162 -0.2934 -0.0579219 0.137537 -0.234466 0.000436542 0.0540147 0.166812 0.262665 0.537874 0.0973417 0.00524033
internal_weight=586317 16384 102 16282 13366 1507 1212 642 555 257 188 295 298 570 126 2916 231 123 2685 220 2465 133 219 569933 1493 709 445 167 278 264
internal_count=586317 16384 102 16282 13366 1507 1212 642 555 257 188 295 298 570 126 2916 231 123 2685 220 2465 133 219 569933 1493 709 445 167 278 264
is_linear=0
shrinkage=0.05


Tree=115
num_leaves=31
num_cat=0
split_feature=9 0 1 10 10 1 3 5 12 3 1 6 10 11 11 10 9 10 11 11 3 10 12 7 13 1 10 0 2 11
split_gain=1512.86 6462.93 5330.13 7484.94 11268.6 9513.5 15136.5 5018.02 4945.93 5354.32 4888.65 5568.43 9697.31 14440.2 5944.57 12232.6 5774.63 4726.25 4353 7227.76 7109.5 4233.41 4719.24 4135.79 3786.06 7894.91 7187.63 3640.16 7116.25 3503.07
threshold=28.083243370056156 15.473550796508791 29.843582153320316 -0.30901412665843958 -0.89391031861305226 31.176130294799808 29.727887153625492 29.840383529663089 19.250000000000004 27.308145523071293 32.419404983520515 39.323692321777351 -0.63874351978301991 0.6838940978050233 -0.92260536551475514 -0.3334656953811645 27.018005371093754 -0.70252096652984608 0.73246693611145031 0.59123954176902782 27.436041831970218 0.72066047787666332 16.750000000000004 27.307657241821293 79.750000000000014 27.298403739929203 -0.71466678380966175 31.712794303894047 12.75683116912842 -0.24284072965383527
decision_type=2 2 2 2 2 2 2 2 2 2 2 2 2 2 2 2 2 2 2 2 2 2 2 2 2 2 2 2 2 2
left_child=1 10 7 4 -4 6 -6 8 18 27 11 21 13 16 15 -14 -13 -18 19 24 -21 29 -23 -17 -3 -26 -27 28 -10 -1
right_child=-2 2 3 -5 5 -7 -8 -9 9 -11 -12 12 14 -15 -16 23 17 -19 -20 20 -22 22 -24 -25 25 26 -28 -29 -30 -31
leaf_value=-0.038968892980798614 0.00070030222581110742 0.051954693579002578 -0.097802944219749388 -0.29211220461875204 0.16300744866331418 0.11966277702503708 1.106767694743312 -0.15675263001102835 -0.11715437264906035 -0.29392514304509237 -0.10729836892568592 -0.010489017947001798 0.73891776507062945 0.98144053662461905 -0.1234304608568314 -0.16804733749959738 0.19373050489378774 0.64196543103704862 -0.097024219483137136 0.1981062842972493 0.93851835558866614 0.6529818482398988 -0.024194285477388583 0.31239490300889999 -0.02386963374894829 0.036593105629378675 0.77520728901989999 -0.10540280806451617 0.70643060473250419 -0.0054279775512733426
leaf_weight=11614 544891 1160 131 64 75 121 98 310 54 189 1377 319 68 56 602 155 321 72 257 89 51 50 53 63 130 51 93 142 51 23610
leaf_count=11614 544891 1160 131 64 75 121 98 310 54 189 1377 319 68 56 602 155 321 72 257 89 51 50 53 63 130 51 93 142 51 23610
internal_value=1.1921e-11 -0.00921133 0.0606443 0.211985 0.287896 0.459755 0.697623 0.0319266 0.0577275 -0.0936179 -0.0147947 -0.0113505 0.07826 0.208364 -0.0342626 0.153426 0.14756 0.27585 0.093766 0.124918 0.467828 -0.0155511 0.304532 -0.0292039 0.09144 0.258604 0.513615 0.0596535 0.282873 -0.016487
internal_weight=586317 41426 3066 489 425 294 173 2577 2267 436 38360 36983 1656 768 888 286 712 393 1831 1574 140 35327 103 218 1434 274 144 247 105 35224
internal_count=586317 41426 3066 489 425 294 173 2577 2267 436 38360 36983 1656 768 888 286 712 393 1831 1574 140 35327 103 218 1434 274 144 247 105 35224
is_linear=0
shrinkage=0.05


Tree=116
num_leaves=31
num_cat=0
split_feature=12 10 13 1 3 10 1 13 9 5 11 7 9 3 1 10 7 7 11 7 10 1 10 3 8 9 7 13 1 5
split_gain=1507.29 2683.8 3501.98 3616.3 3808.31 3377.26 10236 7882.61 47023.8 7563.04 12008.7 10921.6 12106.7 19267 8746.03 6617.1 6485.94 6201.45 4390.51 6096.19 8932.87 7385.81 6439 18855.7 5301.85 6772.64 4336.54 4104.52 3963.57 5026.63
threshold=13.750000000000002 -0.99939814209938038 82.250000000000014 31.396285057067875 29.948326110839847 -0.99052327871322621 32.697250366210945 83.250000000000014 33.88667297363282 30.392380714416507 -0.12447465583682059 32.424715042114265 31.13177585601807 30.931479454040531 31.054188728332523 -0.99865758419036854 31.430132865905765 30.659249305725101 0.081673368811607375 31.585505485534672 -0.99865758419036854 31.896770477294925 -0.99466162919998158 31.117238998413089 1.0000000180025095e-35 29.780797958374027 30.438085556030277 80.250000000000014 30.838115692138675 29.491099357604984
decision_type=2 2 2 2 2 2 2 2 2 2 2 2 2 2 2 2 2 2 2 2 2 2 2 2 2 2 2 2 2 2
left_child=-1 2 3 -2 -5 6 9 -8 -9 15 11 12 14 16 -11 17 -14 -3 19 20 21 26 24 -24 25 -22 -12 -26 29 -17
right_child=1 5 -4 4 -6 -7 7 8 -10 10 18 -13 13 -15 -16 28 -18 -19 -20 -21 22 -23 23 -25 27 -27 -28 -29 -30 -31
leaf_value=0.005618504183775852 -0.1148638200954691 0.23472846259863261 0.070341216907036139 0.28411098008956576 -0.031000154597590875 -0.0015296903340029093 -0.054118289092233068 -0.025224859913319894 1.5638154821575814 0.73338619178533559 0.80657756929011915 -0.063521954941338513 0.84411039263010024 1.4585823344524769 -0.034169987547728757 -0.072264310064435192 0.12949544025006995 -0.072978841611351153 0.12600741583915184 -0.018850988773573184 0.54304671006925076 0.027950211297119817 0.90449870344833472 -0.11441500482105074 -0.11734266759048328 0.062074653478599466 0.34407274750267258 0.07529010323428928 -0.11383683910440874 0.093044661957632738
leaf_weight=99178 1527 471 672 99 3046 465763 4794 383 53 50 68 145 50 61 144 991 87 251 1871 2458 92 155 80 105 705 358 199 455 1148 858
leaf_count=99178 1527 471 672 99 3046 465763 4794 383 53 50 68 145 50 61 144 991 87 251 1871 2458 92 155 80 105 705 358 199 455 1148 858
internal_value=-3.87276e-11 -0.00114389 -0.0363823 -0.051733 -0.0210809 -0.000753027 0.0218107 -0.0356065 0.167938 0.0496103 0.0799262 0.307231 0.444372 0.71942 0.163654 -0.00812769 0.390304 0.127755 0.0612792 0.0353741 0.0954938 0.302488 0.04683 0.326196 0.0147288 0.160407 0.461864 -0.0417841 -0.040863 0.00444477
internal_weight=586317 487139 5344 4672 3145 481795 16032 5230 436 10802 7083 537 392 198 194 3719 137 722 6546 4675 2217 422 1795 185 1610 450 267 1160 2997 1849
internal_count=586317 487139 5344 4672 3145 481795 16032 5230 436 10802 7083 537 392 198 194 3719 137 722 6546 4675 2217 422 1795 185 1610 450 267 1160 2997 1849
is_linear=0
shrinkage=0.05


Tree=117
num_leaves=31
num_cat=0
split_feature=1 10 10 5 11 10 12 11 1 3 10 13 3 10 7 10 7 9 7 10 7 13 1 7 1 3 1 13 10 3
split_gain=1457.28 2190.46 3714.86 1984.04 5889.99 7895.22 6882.1 8055.91 15312.5 8505.66 8757.72 7847.69 10421.7 6563.36 11216.9 14102.3 15735 10494.9 8332.13 7084.07 21622.3 17086.1 12670.6 10256.5 9106.98 7012.62 8028.5 7343.28 7374.74 21798.9
threshold=39.720970153808601 0.42888796329498297 0.59125596284866344 32.593608856201179 -0.22610731422901151 -0.92263099551200856 17.250000000000004 -0.99937036633491505 32.661760330200202 32.882995605468757 1.0000000180025095e-35 78.250000000000014 34.323110580444343 -0.23448921740055081 35.370985031127937 -0.41327477991580958 31.186458587646488 32.814941406250007 33.789379119873054 -0.34964421391487116 33.545089721679695 79.750000000000014 33.837114334106452 31.999979019165043 32.453718185424812 31.328034400939945 32.84704780578614 79.750000000000014 -0.54883790016174305 32.770467758178718
decision_type=2 2 2 2 2 2 2 2 2 2 2 2 2 2 2 2 2 2 2 2 2 2 2 2 2 2 2 2 2 2
left_child=3 -2 -3 -1 5 -5 -7 8 -8 -10 11 -11 -13 14 15 17 -17 -9 -15 20 22 23 -18 -21 -22 -19 27 -27 -29 -30
right_child=1 2 -4 4 -6 6 7 13 9 10 -12 12 -14 18 -16 16 19 25 -20 21 24 -23 -24 -25 -26 26 -28 28 29 -31
leaf_value=-0.0018847011328660089 -0.053883275305377426 0.02945954759863368 -0.013377904861185737 0.074990374014050495 -0.0040684292650018817 -0.0013040871624659476 -0.076696949423553554 -0.012583565351179098 -0.088856320457823712 0.17426323189405399 0.14293007663143198 0.92677638508883631 0.34449595456513077 -0.048301400237312796 -0.30000177843792142 0.80328568832254887 -0.067966739152325317 -0.12980855820186463 0.01986953339727543 0.97554709908366211 1.2536260146910037 -0.12058905884847045 0.60058822917789989 0.2184755879000706 0.40084843412041665 0.084852588434784715 0.050276659091576317 0.23955661958672875 1.3239857649712852 0.16220896837229914
leaf_weight=318875 2579 6081 30172 4772 110641 64879 599 4326 173 177 496 133 182 5206 214 102 256 279 32242 50 71 500 98 425 56 563 1409 591 66 104
leaf_count=318875 2579 6081 30172 4772 110641 64879 599 4326 173 177 496 133 182 5206 214 102 256 279 32242 50 71 500 98 425 56 563 1409 591 66 104
internal_value=-4.82892e-11 -0.0093598 -0.00619244 0.000663871 0.00421873 0.0119911 0.00933527 0.0236213 0.128627 0.234561 0.291192 0.440659 0.590348 0.0196518 0.0577138 0.0663189 0.202942 0.0373112 0.0103924 0.160885 0.317907 0.0834205 0.117113 0.298167 0.877598 0.108973 0.133349 0.221754 0.323036 0.613252
internal_weight=586317 38832 36253 547485 228610 117969 113197 48318 1760 1161 988 492 315 46558 9110 8896 1558 7338 37448 1456 481 975 354 475 127 3012 2733 1324 761 170
internal_count=586317 38832 36253 547485 228610 117969 113197 48318 1760 1161 988 492 315 46558 9110 8896 1558 7338 37448 1456 481 975 354 475 127 3012 2733 1324 761 170
is_linear=0
shrinkage=0.05


Tree=118
num_leaves=31
num_cat=0
split_feature=7 12 12 13 0 11 0 11 13 11 10 2 13 11 10 5 1 2 9 3 7 6 5 12 9 3 10 10 6 9
split_gain=1440.05 1551.26 2780.37 3842.58 5340.52 2811.87 2751.73 2234.83 2618.69 2582.15 2230.62 2774.66 2189.64 3956.35 7636.54 8470.67 17268 7373.98 6896.42 7944.23 5792.05 6001.68 5755.16 5629.48 8590.43 9213.96 14402.4 15752.5 10685.6 20360.2
threshold=24.816866874694828 13.250000000000002 12.750000000000002 76.250000000000014 28.940343856811527 -0.35768499970436091 42.941423416137702 -0.83352491259574879 76.250000000000014 -0.46734189987182612 -0.83354803919792164 1.1019938588142397 76.750000000000014 -0.95744973421096791 -0.20088869333267209 29.803519248962406 27.01949501037598 69.412918090820327 28.083243370056156 27.308145523071293 34.375425338745124 13.398470401763918 27.308004379272464 15.750000000000002 29.964596748352054 30.866327285766605 -0.04732095077633857 -0.064507851377129541 9.0207943916320819 32.099849700927741
decision_type=2 2 2 2 2 2 2 2 2 2 2 2 2 2 2 2 2 2 2 2 2 2 2 2 2 2 2 2 2 2
left_child=-1 2 7 4 5 -4 -6 8 -2 10 11 -9 -3 14 17 20 -17 18 19 -14 21 -16 -20 -18 -25 26 27 28 -26 -30
right_child=1 12 3 -5 6 -7 -8 9 -10 -11 -12 -13 13 -15 15 16 23 -19 22 -21 -22 -23 -24 24 25 -27 -28 -29 29 -31
leaf_value=-0.039977369270383659 0.051853252282342326 -0.0083312069766213678 0.12656693120546461 0.01332628336993797 0.6081581980866545 0.021354283628299844 0.1435916863878568 0.19765548605893582 -0.033680048765918506 -0.0015558106959794138 0.022167364435198463 0.0048062825334949178 0.2704821962863207 -0.00092998779444648674 -0.1291582808598585 0.84794367543391658 -0.025090687917479357 0.49614128924981515 0.48907221374210236 -0.13938888667742313 0.46117120230197906 0.022319891436600875 0.076422859984457275 -0.10509992367972931 0.094535942855233979 0.019767992315057974 0.0020678284312131015 0.88771961314040559 0.83762327844496842 0.096246540348190787
leaf_weight=2244 1016 81458 1003 23202 68 1731 60 424 7505 30296 6548 333 142 390231 2074 62 7496 99 86 706 50 955 4831 1211 897 19779 1345 86 161 218
leaf_count=2244 1016 81458 1003 23202 68 1731 60 424 7505 30296 6548 333 142 390231 2074 62 7496 99 86 706 50 955 4831 1211 897 19779 1345 86 161 218
internal_value=-5.59341e-11 0.000153592 0.00701542 0.020069 0.0747314 0.0599528 0.390393 -0.000361268 -0.0234815 0.00487815 0.0315617 0.112822 -0.000814059 0.00060855 0.0155442 0.00653785 0.0143328 0.0682771 0.0609296 -0.0707548 -0.0725886 -0.0813994 0.0836402 0.0126759 0.0246224 0.0316087 0.118124 0.232733 0.188588 0.411185
internal_weight=586317 584073 72186 26064 2862 2734 128 46122 8521 37601 7305 757 511887 430429 40198 34334 31255 5864 5765 848 3079 3029 4917 31193 23697 22486 2707 1362 1276 379
internal_count=586317 584073 72186 26064 2862 2734 128 46122 8521 37601 7305 757 511887 430429 40198 34334 31255 5864 5765 848 3079 3029 4917 31193 23697 22486 2707 1362 1276 379
is_linear=0
shrinkage=0.05


Tree=119
num_leaves=31
num_cat=0
split_feature=3 7 9 11 11 9 1 10 11 10 10 1 0 12 4 12 13 2 7 7 9 3 1 10 11 4 5 13 2 10
split_gain=1405.6 3460.85 9061.11 4053.61 46025.3 40318.5 23476 22118.7 8507.24 8324.14 10865.8 10935.3 9624.25 7745.6 8675.01 6141.57 5989.41 5670.87 5629.67 4044.39 4527.38 4014.25 4735.25 3788.75 13309.5 3828.74 13323.1 5333.65 12929.3 3728.72
threshold=29.048268318176273 29.814617156982425 33.306697845458991 -0.78295108675956715 -0.73829901218414296 29.01165866851807 29.882283210754398 -0.65189296007156361 -0.30900555849075312 -0.31718835234642023 -0.11593352630734442 30.74163913726807 68.488597869873061 19.250000000000004 6.1237576007843026 17.250000000000004 78.750000000000014 23.566570281982425 30.438085556030277 31.125636100769047 31.407091140747074 25.937375068664554 27.298403739929203 0.72066047787666332 0.53435277938842785 23.056716918945316 30.056657791137699 82.250000000000014 69.412918090820327 -0.30901412665843958
decision_type=2 2 2 2 2 2 2 2 2 2 2 2 2 2 2 2 2 2 2 2 2 2 2 2 2 2 2 2 2 2
left_child=1 2 23 9 5 -5 17 -8 -6 21 11 12 13 16 -15 -13 -11 19 -16 -7 -21 -3 -23 25 -25 -1 27 29 -29 -27
right_child=-2 3 -4 4 8 6 7 -9 -10 10 -12 15 -14 14 18 -17 -18 -19 -20 20 -22 22 -24 24 -26 26 -28 28 -30 -31
leaf_value=-0.0055042002777351577 0.00096314322647723472 0.22141833611436793 0.55231532961935614 1.8209226744249465 -0.10296110547121162 -0.15069673835269867 1.3249174888706072 0.16141786747551584 -0.00662608368531643 0.057362959723034984 -0.12057761024609842 0.10132888217385 0.64167586264666177 -0.023618228910057701 0.20181375537757523 0.79762067666024339 -0.2140139174792112 -0.35021190995519813 0.90278237672125705 0.68939628380422413 0.029605016413216407 -0.29782858979520355 -0.11255628709204607 0.86279366918300338 -0.033118426549787583 0.043873977271054548 0.84656839128218453 0.095867283172750228 0.95576198486720809 -0.070751075045850959
leaf_weight=56567 507731 74 74 50 3019 62 87 77 9513 459 1059 52 64 129 54 81 365 77 61 52 52 443 1557 57 152 3013 51 306 51 928
leaf_count=56567 507731 74 74 50 3019 62 87 77 9513 459 1059 52 64 129 54 81 365 77 61 52 52 443 1557 57 152 3013 51 306 51 928
internal_value=-2.51966e-11 -0.00622271 -0.000629912 -0.0259083 -0.0118602 0.48101 0.316402 0.77864 -0.0298335 -0.0673979 -0.00241507 0.0965052 0.0461155 0.0104264 0.257873 0.525386 -0.0628465 0.00443849 0.573632 0.168945 0.359501 -0.140214 -0.153594 -0.00129933 0.211221 -0.00202847 0.0431799 0.0336469 0.218709 0.0168828
internal_weight=586317 78586 61199 17387 12989 457 407 164 12532 4398 2324 1265 1132 1068 244 133 824 243 115 166 104 2074 2000 61125 209 60916 4349 4298 357 3941
internal_count=586317 78586 61199 17387 12989 457 407 164 12532 4398 2324 1265 1132 1068 244 133 824 243 115 166 104 2074 2000 61125 209 60916 4349 4298 357 3941
is_linear=0
shrinkage=0.05


Tree=120
num_leaves=31
num_cat=0
split_feature=10 10 10 9 11 5 1 9 5 9 12 10 1 11 4 11 1 6 1 10 10 2 1 13 13 1 1 9 7 7
split_gain=1371.46 2396.56 1892.37 7295.14 3456.62 3451.67 14430.2 10288.1 2585.07 2466.16 1451.44 2406.84 2273.03 2936.43 2091.52 6252.62 5487.22 17028.6 9573.37 5729.15 12210 21792.4 4515.67 4885.32 6434.57 4119.21 5535.23 23623.2 5078.51 3394.2
threshold=0.97109106183052074 0.9946616291999818 0.94417876005172741 35.073209762573249 0.28434865176677709 34.43383979797364 34.616605758666999 33.443656921386726 34.873821258544929 34.259746551513679 13.750000000000002 -0.99984258413314808 24.853873252868656 -0.93533331155776966 47.059978485107429 -0.58427652716636647 27.01949501037598 25.385932922363285 28.093261718750004 -0.61188074946403492 -0.67760851979255665 26.504524230957035 29.416313171386722 78.750000000000014 81.250000000000014 29.247341156005863 30.553677558898929 27.018005371093754 26.862654685974125 35.666589736938484
decision_type=2 2 2 2 2 2 2 2 2 2 2 2 2 2 2 2 2 2 2 2 2 2 2 2 2 2 2 2 2 2
left_child=2 -2 10 4 -4 -6 7 -7 -9 -10 -1 -12 13 -13 -14 16 17 -16 -18 20 22 -22 -20 -24 -25 -21 27 -27 -28 -30
right_child=1 -3 3 -5 5 6 -8 8 9 -11 11 12 14 -15 15 -17 18 -19 19 25 21 -23 23 24 -26 26 28 -29 29 -31
leaf_value=0.0059883262026706767 -0.018374904594094545 0.0049354752560052881 0.024444446151796115 -0.0038761841522234825 0.046579793099502727 1.1169123871215418 0.077545521620741978 0.14403501192436499 0.70402691571507603 0.28524509604351644 -0.048342093869623438 -0.29526720730662348 -0.00089817249139138183 -0.041535373358035754 -0.05716405567526818 -0.038716791848684984 -0.26518257541323537 0.84194206746069955 -0.1781666342819494 -0.18405336479101678 0.17386622409967167 1.3219470079868072 0.5990323722628611 -0.11799928435335863 0.35993255895953025 1.1691570898681356 -0.27855704432603584 0.071722167097775 0.0070999900598706436 0.24723739548471202
leaf_weight=88570 25728 19296 2502 12510 1273 51 1108 102 64 78 2672 125 426254 1299 125 1853 209 91 126 183 124 62 56 163 124 57 134 351 849 178
leaf_count=88570 25728 19296 2502 12510 1273 51 1108 102 64 78 2672 125 426254 1299 125 1853 209 91 126 183 124 62 56 163 124 57 134 351 849 178
internal_value=1.71028e-11 -0.00838474 0.000697431 0.0167824 0.0666932 0.106195 0.160286 0.471054 0.336059 0.473992 0.000154063 -0.00103375 -0.000741386 -0.0638082 -0.000532987 0.0326926 0.0794163 0.321626 0.0594173 0.0876024 0.213763 0.55656 0.0778136 0.171847 0.0884939 0.0404362 0.0666195 0.22504 0.010947 0.0487207
internal_weight=586317 45024 541293 17688 5178 2676 1403 295 244 142 523605 435035 432363 1424 430939 4685 2832 216 2616 2407 655 186 469 343 287 1752 1569 408 1161 1027
internal_count=586317 45024 541293 17688 5178 2676 1403 295 244 142 523605 435035 432363 1424 430939 4685 2832 216 2616 2407 655 186 469 343 287 1752 1569 408 1161 1027
is_linear=0
shrinkage=0.05


Tree=121
num_leaves=31
num_cat=0
split_feature=5 8 5 5 11 10 12 11 1 3 10 13 3 10 1 3 9 10 9 12 13 10 10 9 10 11 10 10 10 7
split_gain=1372.77 3114.42 1389.41 1839.83 6041.58 6789.19 7233.81 6746.35 14010.2 8847.15 9854.74 6777 8189.8 5305.75 9357.5 5221.15 10726.2 9800.67 10387 5883.33 5423.06 7224.65 9445.72 5033.43 4932.76 4911.38 4873.51 7899.58 4738.26 4684.18
threshold=24.818144798278812 32.086116790771491 38.959129333496101 32.593608856201179 -0.22610731422901151 -0.92263099551200856 17.250000000000004 -0.99937036633491505 31.928989410400394 32.734331130981452 1.0000000180025095e-35 78.250000000000014 34.323110580444343 -0.86095303297042836 34.68036079406739 32.807590484619148 32.002019882202156 -0.97109106183052052 30.567624092102054 18.250000000000004 78.250000000000014 -0.95236876606941212 -0.93535929918289173 32.96919250488282 -0.012910176534205673 -0.99937036633491505 0.45972847938537603 0.53436762094497692 0.51973900198936474 35.517942428588874
decision_type=2 2 2 2 2 2 2 2 2 2 2 2 2 2 2 2 2 2 2 2 2 2 2 2 2 2 2 2 2 2
left_child=1 -1 3 25 5 15 26 8 -8 -10 11 23 24 14 -9 17 -17 -5 -19 -18 21 -20 -23 -11 -13 -2 -7 28 -28 -27
right_child=2 -3 -4 4 -6 6 7 13 9 10 -12 12 -14 -15 -16 16 19 18 20 -21 -22 22 -24 -25 -26 29 27 -29 -30 -31
leaf_value=-0.051291674854065029 -0.067055752043915076 0.2427235117895489 -0.0075992112377905319 0.81118078561765816 -0.0038397593875140108 -0.013140556711005886 -0.13911686260416992 0.075377848523727503 -0.11178737628429675 0.37813613789621742 0.10694785396379057 1.1276207658189994 0.30783965770174698 0.017923577458559197 0.53573923622400077 -0.18991217449460887 0.11120882368634827 0.82105350586442416 0.024961024067204469 -0.048202610038196217 0.015802236101438102 0.76616636389234205 -0.052836642700892236 -0.11145299248648494 0.57028545573919864 -0.0011947977536074679 0.071319898537219595 0.0071184998105363467 0.26008511224128583 0.13194765186125801
leaf_weight=2154 2832 94 52630 56 108121 34682 398 1710 197 128 590 65 191 38717 118 437 2480 52 157 755 674 109 52 89 102 313151 1776 22729 409 662
leaf_count=2154 2832 94 52630 56 108121 34682 398 1710 197 128 590 65 191 38717 118 437 2480 52 157 755 674 109 52 89 102 313151 1776 22729 409 662
internal_value=-1.19045e-11 -0.0389974 0.000150096 0.000917533 0.0044895 0.0129318 0.0102021 0.0260138 0.121848 0.198107 0.250509 0.397816 0.531458 0.0218538 0.105095 0.0712214 0.0425962 0.166777 0.132212 0.0740046 0.096103 0.2663 0.501644 0.177337 0.787212 -0.00150549 -0.00102197 0.0158479 0.106654 -0.000913929
internal_weight=586317 2248 584069 531439 214794 106673 101901 42305 1760 1362 1165 575 358 40545 1828 4772 3672 1100 1044 3235 992 318 161 217 167 316645 59596 24914 2185 313813
internal_count=586317 2248 584069 531439 214794 106673 101901 42305 1760 1362 1165 575 358 40545 1828 4772 3672 1100 1044 3235 992 318 161 217 167 316645 59596 24914 2185 313813
is_linear=0
shrinkage=0.05


Tree=122
num_leaves=31
num_cat=0
split_feature=5 10 12 9 0 8 11 10 9 8 3 10 10 10 11 2 0 3 10 13 11 8 7 1 10 2 4 11 10 12
split_gain=1298.28 5427.97 6010.64 2924.07 1973.55 4130.37 2238.01 5208.02 4221.6 3620.85 3480.46 1957.41 7455.65 4609.37 1972.72 4528.75 5415.48 3606.38 1698.24 6413.47 5636.64 9562.3 5868 6453.33 3994.8 3272.4 2428.01 2057.88 5304.54 3037.18
threshold=26.874595642089847 0.72066047787666332 17.750000000000004 29.202995300292972 28.163828849792484 68.946147918701186 -0.69014781713485707 -0.31718835234642023 26.670157432556156 3.3822610378265385 25.515925407409672 -0.35769492387771601 -0.32533907890319819 -0.38168568909168238 -0.70250144600868214 42.889158248901374 15.199292659759523 29.095638275146488 -0.52707284688949574 77.250000000000014 -0.73829901218414296 8.7953176498413104 25.500941276550297 28.242001533508304 -0.72660079598426808 39.115337371826179 38.949720382690437 0.61864846944808971 -0.70252096652984608 12.750000000000002
decision_type=2 2 2 2 2 2 2 2 2 2 2 2 2 2 2 2 2 2 2 2 2 2 2 2 2 2 2 2 2 2
left_child=1 3 -3 4 18 6 7 8 -6 -10 -9 13 -13 14 15 17 -17 -5 19 27 21 -21 23 -22 25 -24 -20 -1 29 -29
right_child=-2 2 -4 11 5 -7 -8 10 9 -11 -12 12 -14 -15 -16 16 -18 -19 26 20 22 -23 24 -25 -26 -27 -28 28 -30 -31
leaf_value=-0.031597233582780264 0.00039892063692512628 0.74115386503934866 -0.026638359877352531 -0.11441563971157623 -0.072496114325794309 0.50725247623289327 -0.067685099412128663 0.17595031600404573 0.099825832061469555 0.62744079635989281 -0.23408192841957015 0.59461404387652872 -0.034689707073651287 -0.34386480292420329 -0.096359349640704528 0.68809999483823781 -0.040689385625032277 0.33987143592536451 -0.016579388822226881 0.05946611221278867 0.72443996167139102 0.98881625917553917 0.16445886288213252 0.07094268591526677 -0.22369544269407499 -0.22465229362926703 -0.13777489745882149 0.12489128239227064 -0.073735724971491917 0.62083248953367098
leaf_weight=2488 569933 50 52 346 55 51 281 91 50 93 120 50 802 162 1404 50 52 50 8645 62 68 50 298 85 136 66 434 66 169 58
leaf_count=2488 569933 50 52 346 55 51 281 91 50 93 120 50 802 162 1404 50 52 50 8645 62 68 50 298 85 136 66 434 66 169 58
internal_value=-2.05819e-11 -0.0138768 0.34973 -0.0161547 -0.0062577 0.0730472 0.0409538 0.115593 0.299778 0.44296 -0.0572434 -0.0615193 0.00224126 -0.087839 -0.0660324 0.0194677 0.31656 -0.0570562 -0.0109123 0.0184305 0.146639 0.474355 0.0904306 0.361386 0.00751822 0.0939057 -0.0223729 -0.0168372 0.108498 0.356864
internal_weight=586317 16384 102 16282 13366 741 690 409 198 143 211 2916 852 2064 1902 498 102 396 12625 3546 765 112 653 153 500 364 9079 2781 293 124
internal_count=586317 16384 102 16282 13366 741 690 409 198 143 211 2916 852 2064 1902 498 102 396 12625 3546 765 112 653 153 500 364 9079 2781 293 124
is_linear=0
shrinkage=0.05


Tree=123
num_leaves=31
num_cat=0
split_feature=3 10 10 12 9 9 3 11 10 12 1 5 10 9 10 10 3 7 2 13 13 1 13 1 5 7 10 3 1 1
split_gain=1260.97 2961.71 1927.35 2282.48 2800.3 1749.81 1582.79 5419.11 19164.3 6596.34 12040.5 16578.4 9863.52 8933.45 8751.12 49936.2 17022.4 8608.27 10783.6 20339.6 8027.81 7402.91 6956.71 8657.61 6235.46 10240.2 6157.97 5417.88 5052.03 4936.04
threshold=40.744228363037116 0.42888796329498297 0.54883790016174328 18.750000000000004 40.92570877075196 42.095750808715827 31.795172691345218 -0.20930689573287961 -0.83354803919792164 16.750000000000004 31.928989410400394 30.327604293823246 -0.97505551576614369 29.157420158386234 -0.91585582494735707 -0.92913278937339772 32.41594314575196 33.095499038696296 0.11267887800931932 79.750000000000014 80.750000000000014 34.743453979492195 78.750000000000014 32.284915924072273 32.282291412353523 33.789379119873054 -0.94697898626327504 32.516479492187507 33.045808792114265 31.580764770507816
decision_type=2 2 2 2 2 2 2 2 2 2 2 2 2 2 2 2 2 2 2 2 2 2 2 2 2 2 2 2 2 2
left_child=5 -2 3 4 -3 6 -1 8 9 22 11 -11 20 -14 15 17 -17 -13 19 -19 28 24 23 -8 25 -15 -26 -20 -12 -9
right_child=1 2 -4 -5 -6 -7 7 29 -10 10 12 14 13 21 -16 16 -18 18 27 -21 -22 -23 -24 -25 26 -27 -28 -29 -30 -31
leaf_value=-0.0022099323674327933 -0.079231749532197984 0.0009806371286213895 -0.012319935211562875 -0.012727244450680672 0.14787725473796423 -0.051663803645638856 -0.035135096920932106 0.031863937782941533 0.0037449080977089489 1.1008425478041173 0.37815227626138426 0.036541459411659649 -0.186179960806895 0.10768577615058171 0.07347782326722542 0.59184255836158994 1.8318052749479972 0.12002563021684949 0.42979597834589545 1.4944792340783513 0.091929911104710521 0.38509598023821279 -0.014999553519874307 0.1436410968484467 -0.092543339234969282 0.73431156935060726 0.053404903391219116 -0.16414211734577464 0.99948913441212095 -0.0059818043861639796
leaf_weight=263092 1507 601 18873 1333 705 1605 1012 9182 134245 50 83 538 387 1582 966 50 62 57 73 51 148 172 4127 2047 958 68 2943 81 54 139665
leaf_count=263092 1507 601 18873 1333 705 1605 1012 9182 134245 50 83 538 387 1582 966 50 62 57 73 51 148 172 4127 2047 958 68 2943 81 54 139665
internal_value=1.25939e-12 -0.0114705 -0.00672354 0.0332995 0.0802778 0.000468738 0.000617703 0.00310908 0.00982444 0.0624485 0.0927478 0.202274 0.0597272 0.046316 0.178351 0.289433 1.27825 0.150999 0.386029 0.769073 0.347244 0.0620379 0.0273551 0.0844971 0.0520278 0.13351 0.0175632 0.1174 0.623059 -0.00364719
internal_weight=586317 23019 21512 2639 1306 563298 561693 298601 149754 15509 8323 1928 6395 6110 1878 912 112 800 262 108 285 5723 7186 3059 5551 1650 3901 154 137 148847
internal_count=586317 23019 21512 2639 1306 563298 561693 298601 149754 15509 8323 1928 6395 6110 1878 912 112 800 262 108 285 5723 7186 3059 5551 1650 3901 154 137 148847
is_linear=0
shrinkage=0.05


Tree=124
num_leaves=31
num_cat=0
split_feature=13 10 7 10 6 3 12 11 1 9 1 10 8 1 0 1 5 13 9 10 10 6 11 6 5 7 12 5 0 9
split_gain=1234.74 2235.31 7419.25 10709.1 7102.5 11501.7 19172 10119.5 26453.3 9851.66 7910.93 5132.69 4362.45 10961 3791.23 3294.09 4501.17 4299.64 5723.35 3119.46 9926.79 4779.72 5118.77 4597.54 5428.32 5329.9 4453.69 3738.47 5608.46 4156.78
threshold=79.750000000000014 -0.98211652040481556 30.596981048583988 -0.99466162919998158 11.602553844451906 31.022085189819339 18.250000000000004 0.16704543679952624 30.553677558898929 29.854121208190922 29.916902542114261 -0.99052327871322621 26.190999031066898 30.427058219909672 8.8564577102661151 27.419076919555668 28.315699577331547 77.250000000000014 28.855322837829593 -0.99865758419036854 -0.99939814209938038 0.15455530583858493 0.064506059512496008 21.042763710021976 30.709156036376957 28.506230354309086 17.750000000000004 29.610651016235355 1.011194169521332 29.589060783386234
decision_type=2 2 2 2 2 2 2 2 2 2 2 2 2 2 2 2 2 2 2 2 2 2 2 2 2 2 2 2 2 2
left_child=1 2 3 19 7 6 9 12 -9 14 -11 -12 15 -14 -6 -5 17 18 -17 20 -1 27 -23 24 -22 -25 -24 -21 -29 -30
right_child=-2 -3 -4 4 5 -7 -8 8 -10 10 11 -13 13 -15 -16 16 -18 -19 -20 21 23 22 26 25 -26 -27 -28 28 29 -31
leaf_value=-0.02457287022708405 0.0033189786800384476 -0.0025373260093350483 -0.0075109177971481034 -0.14910048286396047 0.16289999771275021 -0.069714847993139831 0.99415095188483904 0.063476868505941558 1.4042744133110141 -0.026485316283427752 1.0374282144250409 0.44206759061278966 0.73119689121078224 -0.096746038345665475 -0.22669048925298593 0.15157026406139046 0.02597613318413618 -0.14214801512220329 0.6262519391577529 -0.06979416556582102 0.08323746285539993 -0.13990326104747444 -0.0072891770511545164 0.86614925265312204 0.55538952792252327 0.1980660267174244 0.45518229500448798 0.02070927650529622 0.66048745197522185 0.14261600644542621
leaf_weight=1752 189605 372776 15394 216 228 218 98 132 51 52 62 87 78 82 86 205 2058 68 92 301 517 1206 279 51 69 72 64 263 77 78
leaf_count=1752 189605 372776 15394 216 228 218 98 132 51 52 62 87 78 82 86 205 2058 68 92 301 517 1206 279 51 69 72 64 263 77 78
internal_value=8.18064e-12 -0.00158628 0.0132252 0.050595 0.112942 0.242212 0.353142 0.0769186 0.437142 0.231163 0.504493 0.689802 0.0533671 0.306876 0.0561969 0.037997 0.054676 0.216496 0.29861 0.000324186 0.0393086 -0.0419776 -0.0914302 0.197165 0.138832 0.475076 0.0790029 0.064562 0.161311 0.399881
internal_weight=586317 396712 23936 8542 3813 831 613 2982 183 515 201 149 2799 160 314 2639 2423 365 297 4729 2461 2268 1549 709 586 123 343 719 418 155
internal_count=586317 396712 23936 8542 3813 831 613 2982 183 515 201 149 2799 160 314 2639 2423 365 297 4729 2461 2268 1549 709 586 123 343 719 418 155
is_linear=0
shrinkage=0.05


Tree=125
num_leaves=31
num_cat=0
split_feature=12 10 10 10 11 3 6 10 3 5 10 6 1 10 10 13 3 9 13 11 3 1 7 10 1 9 9 10 10 11
split_gain=1265.79 2174 3184.77 6638.52 4699.11 4314.28 4016.92 3080.7 3305.8 10774.1 12359.6 3376.25 3006.71 2830.39 4981.6 5340.49 7262.32 3247.56 2712.14 6196.97 6058.71 8385.21 7885.23 15603.1 13745.9 13624.7 8102.12 7869.62 4008.25 6934.6
threshold=13.750000000000002 -0.32533907890319819 -0.88606244325637806 -0.83354803919792164 -0.07309242337942122 33.446430206298835 29.86877536773682 -0.3657191395759582 29.320424079895023 29.689715385437015 -0.34964421391487116 0.17287866026163104 24.853873252868656 -0.94130858778953541 -0.90880924463272084 79.250000000000014 32.550685882568366 31.254272460937504 78.750000000000014 -0.82389250397682179 28.381040573120121 30.164243698120121 30.068468093872074 -0.59817537665367115 28.804106712341312 30.000835418701175 26.480161666870121 -0.78297284245491017 -0.48250326514244074 0.77756834030151378
decision_type=2 2 2 2 2 2 2 2 2 2 2 2 2 2 2 2 2 2 2 2 2 2 2 2 2 2 2 2 2 2
left_child=1 2 4 -4 5 -1 -7 12 -9 10 -10 -11 -5 17 -15 -16 -17 -6 -14 -20 27 22 26 -24 -25 -26 -22 -21 29 -23
right_child=-2 -3 3 7 13 6 -8 8 9 11 -12 -13 18 14 15 16 -18 -19 19 20 21 28 23 24 25 -27 -28 -29 -30 -31
leaf_value=-0.056615964450634375 -0.0010482512151757494 -0.00083185046063843525 0.0919521571228821 0.13420599178262368 0.066457296626012977 0.026140866284970189 0.47415585792981663 0.010118323493004941 1.1394071794780236 -0.021092826344137987 0.088914511472518956 0.22848600906852101 -0.0054651242607752434 -0.087495448295547465 0.0095600498987117866 0.79678617889230907 0.065962516801075996 -0.0051996751093871096 -0.074334738157183611 0.47281368567987725 0.58513572369303024 0.028033854755609412 0.080844799009877955 0.018755420624164115 0.28422563435896392 1.2793342412734519 0.0093230944976676246 -0.16438064080528852 -0.18937796237930826 0.27466432524030099
leaf_weight=5154 487139 60010 3264 476 3840 1322 52 681 56 343 56 224 13180 1360 672 55 89 2688 1040 54 70 2607 227 57 53 98 480 472 178 320
leaf_count=5154 487139 60010 3264 476 3840 1322 52 681 56 343 56 224 13180 1360 672 55 89 2688 1040 54 70 2607 227 57 53 98 480 472 178 320
internal_value=2.15764e-11 0.00514876 0.0143118 0.0256853 -0.00356096 -0.0356287 0.0430963 0.0152221 0.0879578 0.166027 0.614161 0.0775062 0.0100999 0.0204899 -0.028895 0.0687724 0.345097 0.0369515 0.00696366 0.0359261 0.0607682 0.0813109 0.20842 0.367493 0.680326 0.930058 0.0826083 -0.0989653 0.0409879 0.0549972
internal_weight=586317 99178 39168 23936 15232 6528 1374 20672 1360 679 112 567 19312 8704 2176 816 144 6528 18836 5656 4616 4090 985 435 208 151 550 526 3105 2927
internal_count=586317 99178 39168 23936 15232 6528 1374 20672 1360 679 112 567 19312 8704 2176 816 144 6528 18836 5656 4616 4090 985 435 208 151 550 526 3105 2927
is_linear=0
shrinkage=0.05


Tree=126
num_leaves=31
num_cat=0
split_feature=9 1 4 1 1 10 11 6 11 3 10 11 6 7 10 10 12 12 2 3 3 7 10 9 8 2 5 2 10 3
split_gain=1251.2 3719.36 4385.56 17971.7 4054.73 3735.23 52650.8 30811.3 5488.12 3710.4 3284.74 2931.8 2733.34 4391.58 2362.83 2068.91 2876.48 2035.68 1966.16 1759.54 1756.53 1684.04 1653.43 1791.86 1858.99 1591.98 1474.77 1340.06 2153.78 1330.02
threshold=26.860345840454105 30.427058219909672 44.86070632934571 29.733201026916507 28.445576667785648 -0.69016700983047474 0.69635042548179638 12.664909839630129 0.15004983544349673 27.766191482543949 -0.56314551830291737 -0.62538740038871754 0.24422185868024829 28.012516975402836 -0.50495636463165272 -0.73831951618194569 15.250000000000002 16.750000000000004 4.0610792636871347 27.308145523071293 25.515925407409672 28.167576789855961 -0.78297284245491017 24.838127136230472 45.046642303466804 52.982137680053718 26.495076179504398 0.24408403784036639 -0.93535929918289173 24.83557224273682
decision_type=2 2 2 2 2 2 2 2 2 2 2 2 2 2 2 2 2 2 2 2 2 2 2 2 2 2 2 2 2 2
left_child=1 2 5 4 20 6 8 -8 15 -6 17 -3 18 27 21 22 -17 -7 19 -10 -4 -12 23 26 -25 -16 -1 28 -14 -2
right_child=29 11 3 -5 9 10 7 -9 12 -11 14 -13 13 -15 25 16 -18 -19 -20 -21 -22 -23 -24 24 -26 -27 -28 -29 -30 -31
leaf_value=-0.037097588643431663 -0.04908912231116401 -0.14131241467736058 0.074691179387767301 1.0174525373386887 -0.0069656933347384143 -0.073935970558155067 0.18430308914039195 1.5206539046633374 0.61814164861020726 0.52829147960807454 0.06671316237274319 -0.026582807573165564 0.37754672643381593 0.4753131315924905 -0.01970800155616928 -0.039572458637895082 0.2667867533989951 -0.25416903690649917 0.056691239172952212 0.2163465095890893 -0.22842936287116677 0.36986361658040051 -0.13809181617427285 -0.068025938494140722 0.22453185845362511 0.24535803812506951 0.33650200196674895 -0.078899175360863341 -0.016123066300850943 0.0005068246000129226
leaf_weight=50 1355 925 77 53 69 797 82 91 55 61 218 1399 51 55 9118 222 117 195 57 54 126 58 582 1146 57 57 56 231 109 568794
leaf_count=50 1355 925 77 53 69 797 82 91 55 61 218 1399 51 55 9118 222 117 195 57 54 126 58 582 1146 57 57 56 231 109 568794
internal_value=4.13682e-11 -0.0137162 -0.00389047 0.162278 0.026169 -0.00865648 0.0403674 0.887239 -0.0111839 0.244193 -0.0228102 -0.0722476 0.121448 0.056982 -0.0137252 -0.0475833 0.0661621 -0.109365 0.29465 0.419087 -0.113453 0.130419 -0.0679744 -0.0367992 -0.0541641 -0.0180613 0.160276 -0.00186251 0.109359 0.000388956
internal_weight=586317 16168 13844 386 333 13458 3015 173 2842 130 10443 2324 612 446 9451 2230 339 992 166 109 203 276 1891 1309 1203 9175 106 391 160 570149
internal_count=586317 16168 13844 386 333 13458 3015 173 2842 130 10443 2324 612 446 9451 2230 339 992 166 109 203 276 1891 1309 1203 9175 106 391 160 570149
is_linear=0
shrinkage=0.05


Tree=127
num_leaves=31
num_cat=0
split_feature=7 12 1 10 10 13 10 12 11 13 11 10 1 4 10 0 11 11 10 2 3 8 0 8 2 13 10 1 10 7
split_gain=1185.6 1253.13 2668.79 3783.68 7307.45 2890.4 5053.94 2168.71 2391.31 4287.34 4792.25 2647.26 4026.2 2656.89 2456.42 2150.31 2093.3 2421.37 2217.65 2392.53 2347.75 4271.57 1935.07 1949.88 2773.89 1926.73 1925.26 2327.21 3843.64 3781.41
threshold=24.816866874694828 13.250000000000002 25.505497932434086 -0.80392050743103016 -0.76109719276428212 76.250000000000014 -0.49750867486000055 12.750000000000002 -0.40541070699691767 77.750000000000014 -0.92910701036453236 -0.83354803919792164 27.748803138732914 7.2520189285278329 0.47494667768478399 1.5620391964912417 -0.82389250397682179 -0.46734189987182612 -0.83354803919792164 1.1019938588142397 30.360366821289066 1.946127772331238 2.3258372545242314 0.41152602434158331 2.341299414634705 76.250000000000014 -0.57728627324104298 32.120763778686531 0.69636976718902599 30.136150360107425
decision_type=2 2 2 2 2 2 2 2 2 2 2 2 2 2 2 2 2 2 2 2 2 2 2 2 2 2 2 2 2 2
left_child=-1 2 3 -2 -5 6 -6 16 9 10 -9 12 -12 15 22 -14 25 18 19 20 21 -18 -13 24 -24 -4 -20 28 -28 -30
right_child=1 -3 7 4 5 -7 -8 8 -10 -11 11 14 13 -15 -16 -17 17 -19 26 -21 -22 -23 23 -25 -26 -27 27 -29 29 -31
leaf_value=-0.036273886879216781 -0.11807825207276253 -0.00073034641359190236 0.044888384261526901 0.68271745280535134 0.54511942628485577 0.031038250578573918 0.087755542355048108 -0.0040584440321998145 0.0050529343888695592 0.007460517291598189 -0.022623306144352841 0.0021266347883325638 0.41495267883106907 0.65857669189572343 0.14622520466883249 0.027409987378928621 0.16107629168956053 -0.0025831817236110412 -0.013296601331032372 0.0098322602265076692 0.098287884948686483 0.71521366250056495 0.090805257286763558 0.040033223649429461 0.49706103536364155 -0.032230719745933493 0.0078000040326397227 0.02232767835985551 0.62794414310186519 0.16823316116888937
leaf_weight=2244 206 511887 907 54 84 713 215 1281 16315 5360 92 825 91 59 1214 59 105 29836 2501 317 252 52 99 227 73 7566 402 2866 51 364
leaf_count=2244 206 511887 907 54 84 713 215 1281 16315 5360 92 825 91 59 1214 59 105 29836 2501 317 252 52 99 227 73 7566 402 2866 51 364
internal_value=-1.81289e-11 0.000139364 0.00630667 0.0780899 0.115999 0.0857586 0.216246 0.00501908 0.0166186 0.0367353 0.0757682 0.113102 0.252999 0.374325 0.0958304 0.262519 -0.00157218 0.00359363 0.0302639 0.112933 0.192843 0.344612 0.0458474 0.136247 0.263228 -0.0239754 0.0205585 0.0435484 0.11799 0.224728
internal_weight=586317 584073 72186 1272 1066 1012 299 70914 25695 9380 4020 2739 301 209 2438 150 45219 36746 6910 726 409 157 1224 399 172 8473 6184 3683 817 415
internal_count=586317 584073 72186 1272 1066 1012 299 70914 25695 9380 4020 2739 301 209 2438 150 45219 36746 6910 726 409 157 1224 399 172 8473 6184 3683 817 415
is_linear=0
shrinkage=0.05


Tree=128
num_leaves=31
num_cat=0
split_feature=13 10 7 10 12 3 6 9 8 1 0 10 9 11 11 13 9 5 3 10 9 11 10 1 11 3 13 1 4 10
split_gain=1167.68 2006.28 6826.69 7079.84 6298.89 9774.73 19060.3 9315.27 9465.56 18367.6 13309.2 6479.99 11993 6916.48 6016.81 5906.59 4702.56 3910.45 6896.45 3001.98 7172.15 12423.3 16470.1 12082 9601.55 7513.11 6088.69 7483.55 13261.5 18518.6
threshold=79.750000000000014 -0.97505551576614369 30.596981048583988 -0.99466162919998158 17.250000000000004 30.616518974304203 1.6396638154983523 30.8515739440918 4.8233296871185312 30.129017829895023 1.6340956687927248 -0.98801350593566883 31.874295234680179 0.15004983544349673 -0.14153505116701123 78.250000000000014 32.195915222167976 28.903657913208011 29.185934066772464 -0.90149331092834462 31.254272460937504 -0.25950218737125391 -0.94130858778953541 31.084787368774418 -0.25950218737125391 27.766191482543949 78.750000000000014 31.023309707641605 0.14512829482555392 -0.95747631788253773
decision_type=2 2 2 2 2 2 2 2 2 2 2 2 2 2 2 2 2 2 2 2 2 2 2 2 2 2 2 2 2 2
left_child=1 2 3 -1 14 6 -6 8 -8 10 -10 -7 13 15 -5 -13 17 18 -16 20 24 22 26 -24 -3 -23 27 28 29 -22
right_child=-2 19 -4 4 5 11 7 -9 9 -11 -12 12 -14 -15 16 -17 -18 -19 -20 -21 21 25 23 -25 -26 -27 -28 -29 -30 -31
leaf_value=-0.00033981484142680336 0.0032275935750193624 -0.093024475751645463 -0.0070071883825301136 -0.02391916903479489 -0.03890069053213821 -0.10729882170313172 0.04648501552068271 0.99017250277968349 1.6593858657851817 0.10718959822775204 0.52729672436360964 0.07155189324862192 0.90286314580954752 -0.19063444929523068 0.091594167433974874 0.57000147877054086 0.51172995453371717 0.04460433222866958 0.43880709555411085 -0.0012262795182260821 0.071194789427760488 0.55161422892050316 -0.19214741330416429 0.036200645887730774 -0.0054970581355675355 -0.034451765292364635 0.051882752482942801 0.12361482549566363 0.14020435334694545 0.88565418912850802
leaf_weight=4729 189605 5868 18193 1598 234 343 117 86 50 94 54 175 51 143 529 90 68 1538 196 340136 111 55 756 2478 6723 9542 1054 1125 388 188
leaf_count=4729 189605 5868 18193 1598 234 343 117 86 50 94 54 175 51 143 529 90 68 1538 196 340136 111 55 756 2478 6723 9542 1054 1125 388 188
internal_value=-2.35649e-12 -0.0015426 0.0112896 0.0442637 0.0835724 0.173148 0.319701 0.528959 0.403041 0.613733 1.07157 0.0571116 0.179972 0.0896103 0.0508108 0.240837 0.102041 0.0897309 0.185461 -0.00252787 -0.0181783 0.00437012 0.0601636 -0.0171794 -0.046289 -0.031093 0.147438 0.20302 0.333049 0.583296
internal_weight=586317 396712 28288 10095 5366 1437 635 401 315 198 104 802 459 408 3929 265 2331 2263 725 368424 28288 15697 6100 3234 12591 9597 2866 1812 687 299
internal_count=586317 396712 28288 10095 5366 1437 635 401 315 198 104 802 459 408 3929 265 2331 2263 725 368424 28288 15697 6100 3234 12591 9597 2866 1812 687 299
is_linear=0
shrinkage=0.05


Tree=129
num_leaves=31
num_cat=0
split_feature=9 0 1 10 10 10 11 5 12 3 1 6 10 11 11 10 9 10 12 5 11 11 10 8 6 8 10 7 0 6
split_gain=1153.27 5251.46 4759.7 6987.98 9992.16 5520.59 11703.3 4302.06 4354.81 4686.14 4183.07 4822.52 8088.12 11765.1 5445.73 10560.5 5080.19 4088.34 3860.35 3840.97 8556.5 4803.99 5404.74 8896.58 4333.71 6893.98 3564.26 4119.35 3310.29 6365.6
threshold=28.083243370056156 15.473550796508791 29.843582153320316 -0.30901412665843958 -0.38168568909168238 -0.89391031861305226 -0.48248986899852747 29.840383529663089 19.250000000000004 27.308145523071293 32.419404983520515 39.323692321777351 -0.63874351978301991 0.6838940978050233 -0.92260536551475514 -0.3334656953811645 27.018005371093754 -0.70252096652984608 18.250000000000004 28.509267807006839 0.54882264137268078 -0.80389818549156178 -0.20088869333267209 41.078027725219734 13.146036624908449 32.086116790771491 0.72066047787666332 28.629338264465336 31.712794303894047 8.7176747322082537
decision_type=2 2 2 2 2 2 2 2 2 2 2 2 2 2 2 2 2 2 2 2 2 2 2 2 2 2 2 2 2 2
left_child=1 10 7 4 5 -4 -7 8 19 28 11 26 13 16 15 -14 -13 -18 -17 21 24 22 23 -3 25 -21 -1 -28 29 -10
right_child=-2 2 3 -5 -6 6 -8 -9 9 -11 -12 12 14 -15 -16 18 17 -19 -20 20 -22 -23 -24 -25 -26 -27 27 -29 -30 -31
leaf_value=-0.014657328113604734 0.00061143481770487831 0.17112167102776951 -0.091334336768579855 -0.28913526200922207 0.83671981384131033 0.11155542952636646 0.94376797995397033 -0.14691223253946631 -0.10527268859473143 -0.27772743895098018 -0.098643492255638884 -0.010801854710967564 0.69438746572225629 0.89012766097273155 -0.11460433737962722 0.3473661180033728 0.18139202556073467 0.59828147303778678 -0.14004201421559584 0.13107922503470698 0.82883212321996691 -0.026019468218671023 -0.051413229284756015 0.87037718733603298 -0.051710300649915421 0.79128085094339706 0.59304775109944441 -0.039387669910987216 -0.10434595407314705 0.67423049065470697
leaf_weight=35224 544891 263 131 64 66 172 56 310 55 189 1377 319 68 56 602 54 321 72 164 176 50 882 179 55 175 51 52 51 142 50
leaf_count=35224 544891 263 131 64 66 172 56 310 55 189 1377 319 68 56 602 54 321 72 164 176 50 882 179 55 175 51 52 51 142 50
internal_value=1.87976e-13 -0.00804242 0.0549266 0.19794 0.271288 0.167336 0.315959 0.027789 0.0516785 -0.0903351 -0.0130753 -0.00988936 0.0735036 0.192324 -0.0292597 0.150382 0.13744 0.257769 -0.0193079 0.0854949 0.211986 0.0440345 0.168356 0.292062 0.135264 0.279406 -0.0137985 0.2799 0.0530543 0.265919
internal_weight=586317 41426 3066 489 425 359 228 2577 2267 436 38360 36983 1656 768 888 286 712 393 218 1831 452 1379 497 318 402 227 35327 103 247 105
internal_count=586317 41426 3066 489 425 359 228 2577 2267 436 38360 36983 1656 768 888 286 712 393 218 1831 452 1379 497 318 402 227 35327 103 247 105
is_linear=0
shrinkage=0.05


Tree=130
num_leaves=31
num_cat=0
split_feature=3 10 10 12 9 9 5 11 10 11 7 12 5 13 10 8 13 1 10 12 10 12 2 11 9 7 8 1 11 6
split_gain=1115.01 2682.94 1735.6 2060.74 2544.13 1572.03 1533.9 4497 5182.36 4340.59 4263.7 4081.39 4334.29 3964.59 4771.03 4488.61 5378.41 4295.42 3935.59 6206.42 6338.76 4941.94 5105.47 8258.3 21400.2 15787.2 9208.46 9187.64 8713.23 5149.8
threshold=40.744228363037116 0.42888796329498297 0.54883790016174328 18.750000000000004 40.274217605590827 42.095750808715827 32.593608856201179 -0.25950218737125391 -0.78297284245491017 -0.99937036633491505 36.139402389526374 16.750000000000004 31.957645416259769 78.750000000000014 -0.81403854489326466 1.0000000180025095e-35 79.750000000000014 34.68036079406739 -0.98211652040481556 19.250000000000004 -0.99628895521163929 15.750000000000002 1.1616801619529726 0.15004983544349673 32.066881179809577 31.493520736694339 2.0721493959426884 31.76831150054932 -0.12447465583682059 14.993460178375246
decision_type=2 2 2 2 2 2 2 2 2 2 2 2 2 2 2 2 2 2 2 2 2 2 2 2 2 2 2 2 2 2
left_child=5 -2 3 4 -3 6 9 8 13 -1 18 -12 -13 17 -15 16 -16 -8 19 20 -11 -22 23 26 27 -26 -23 -25 29 -28
right_child=1 2 -4 -5 -6 -7 7 -9 -10 10 11 12 -14 14 15 -17 -18 -19 -20 -21 21 22 -24 24 25 -27 28 -29 -30 -31
leaf_value=-0.063018385604010907 -0.075279747371186978 -0.019736697633405881 -0.011578928563122468 -0.012022056070066268 0.12703416954224919 -0.048972442451947172 0.067166023165154673 -0.0033858958266709985 0.0068904538310719902 -0.0010575239520709768 -0.0090061538548846 0.50579089469841276 0.056692406550670663 0.0072198473413935598 0.081539296015476201 0.0087375323673464615 0.40021518023708202 0.25733089117724223 -0.0029901228779514871 -0.038193498858559626 0.014960954871483384 0.017247029413373697 0.042115301346173251 -0.087289709140463634 1.5339261272374323 0.44335843234470018 0.27638335776030004 0.66376465763531478 0.075709682845355064 0.66407002920814617
leaf_weight=2860 1507 451 18873 1333 855 1605 3557 118620 112207 9609 190 122 96 7100 300 455 237 324 290604 4147 4683 1493 3603 202 51 95 400 51 578 109
leaf_count=2860 1507 451 18873 1333 855 1605 3557 118620 112207 9609 190 122 96 7100 300 455 237 324 290604 4147 4683 1493 3603 202 51 95 400 51 578 109
internal_value=8.44386e-13 -0.0107862 -0.0062682 0.0317118 0.0763499 0.000440776 0.000581971 0.00357643 0.010227 -0.00169796 -0.00114303 0.160387 0.308023 0.0414962 0.0215706 0.124283 0.222184 0.0830417 -0.00135183 0.0176759 0.0287754 0.0542228 0.082157 0.130586 0.342278 0.82431 0.0978477 0.0641086 0.208553 0.359405
internal_weight=586317 23019 21512 2639 1306 563298 561693 242800 124180 318893 316033 408 218 11973 8092 992 537 3881 315625 25021 20874 11265 6582 2979 399 146 2580 253 1087 509
internal_count=586317 23019 21512 2639 1306 563298 561693 242800 124180 318893 316033 408 218 11973 8092 992 537 3881 315625 25021 20874 11265 6582 2979 399 146 2580 253 1087 509
is_linear=0
shrinkage=0.05


Tree=131
num_leaves=31
num_cat=0
split_feature=12 10 13 10 1 5 11 7 9 3 1 13 9 10 7 7 3 11 7 10 1 10 3 8 9 3 3 7 13 9
split_gain=1097.71 2075.57 3158.52 2911.82 8783.63 7167.75 10356.6 9550.77 11001.6 17422.4 7782.09 7099.42 42428.4 5829.81 5608.82 5296.81 4126.81 4202.52 5277.42 6738.3 6615.82 5584.47 16707.3 4671.85 5893.33 3898.03 3656.99 4831.93 3631.23 3575.42
threshold=13.750000000000002 -0.99939814209938038 82.750000000000014 -0.99052327871322621 32.697250366210945 30.392380714416507 -0.12447465583682059 32.424715042114265 31.13177585601807 30.931479454040531 31.054188728332523 83.250000000000014 33.88667297363282 -0.99865758419036854 31.430132865905765 30.659249305725101 26.491054534912113 0.081673368811607375 31.585505485534672 -0.99865758419036854 31.580764770507816 -0.99466162919998158 30.739950180053714 1.0000000180025095e-35 29.780797958374027 32.383792877197273 32.053300857543952 31.741267204284672 80.250000000000014 31.560298919677738
decision_type=2 2 2 2 2 2 2 2 2 2 2 2 2 2 2 2 2 2 2 2 2 2 2 2 2 2 2 2 2 2
left_child=-1 2 -2 4 5 13 7 8 10 14 -7 -6 25 15 -10 -3 -8 18 19 20 29 23 -23 24 -21 -13 -19 -28 -25 -18
right_child=1 3 -4 -5 11 6 16 -9 9 -11 -12 12 -14 -15 -16 -17 17 26 -20 21 -22 22 -24 28 -26 -27 27 -29 -30 -31
leaf_value=0.0047947524041037195 -0.044040769006785829 0.21626887165984798 0.090398931759894677 -0.0013536108557742519 -0.050437420117484255 0.68474023745954038 0.47454687677702662 -0.060030161568830759 0.78615805944800377 1.3800053842823772 -0.039283270797588761 0.38846899348497393 1.4862174744875927 -0.040864245413001141 0.12161751098331364 -0.068110771515811117 0.35665191813834074 0.065470693562488178 -0.021607099025630485 0.50840762840304277 0.083862415105817434 0.9991659678645054 -0.020360184041044071 -0.10939644090474604 0.059743742803736025 -0.084992615871869778 0.50794130534979343 0.15054968180697043 0.071789957227615206 0.85228098794525753
leaf_weight=99178 4864 471 480 465763 4794 50 59 145 50 61 144 50 53 2997 87 251 127 1196 2440 92 209 59 126 705 358 333 114 555 455 51
leaf_count=99178 4864 471 480 465763 4794 50 59 145 50 61 144 50 53 2997 87 251 127 1196 2440 92 209 59 126 705 358 333 114 555 455 51
internal_value=-3.57436e-11 -0.000976177 -0.0319653 -0.00063245 0.0203188 0.0460708 0.0755839 0.286676 0.414921 0.677116 0.147321 -0.0328693 0.160299 -0.010138 0.364151 0.117406 0.058267 0.0544809 0.028917 0.085415 0.274647 0.0446168 0.304786 0.0147216 0.151471 -0.023183 0.117836 0.21145 -0.0383276 0.498658
internal_weight=586317 487139 5344 481795 16032 10802 7083 537 392 198 194 5230 436 3719 137 722 6546 6487 4622 2182 387 1795 185 1610 450 383 1865 669 1160 178
internal_count=586317 487139 5344 481795 16032 10802 7083 537 392 198 194 5230 436 3719 137 722 6546 6487 4622 2182 387 1795 185 1610 450 383 1865 669 1160 178
is_linear=0
shrinkage=0.05


Tree=132
num_leaves=31
num_cat=0
split_feature=0 11 11 1 12 7 0 5 11 11 9 9 1 4 11 1 0 11 10 11 11 12 13 10 7 13 9 11 5 9
split_gain=1119.95 5694.31 5045 27605 30308 54932.1 32832.8 7854.67 6535.73 6078.6 46180.9 8493.71 10702.4 4852.29 4288.02 9570.07 8832.76 6409.52 13756.8 3746.07 3715.34 7565.27 7168.53 9915.16 5311.95 3578.34 3398.55 4014.72 10713.9 4279.65
threshold=1.0000000180025095e-35 0.87377473711967479 0.80898702144622814 29.015290260314945 15.250000000000002 30.500618934631351 4.5892398357391366 30.42714881896973 0.74407637119293224 0.63207998871803295 24.838127136230472 27.16437911987305 29.331702232360843 1.0000000180025095e-35 0.20088311284780505 28.514179229736332 78.94366836547853 0.60503363609313976 -0.78297284245491017 0.53435277938842785 0.41326330602169042 15.250000000000002 79.250000000000014 -0.8779519498348235 32.527023315429695 79.750000000000014 30.724729537963871 0.26780438423156744 29.141403198242191 31.809103012084964
decision_type=2 2 2 2 2 2 2 2 2 2 2 2 2 2 2 2 2 2 2 2 2 2 2 2 2 2 2 2 2 2
left_child=-1 2 8 -4 5 7 -7 13 9 14 -11 12 -12 -5 -2 16 17 26 -19 20 -17 22 -22 25 -25 -24 -16 -28 -29 -30
right_child=1 -3 3 4 -6 6 -8 -9 -10 10 11 -13 -14 -15 15 19 -18 18 -20 -21 21 -23 23 24 -26 -27 27 28 29 -31
leaf_value=0.00142333243844566 -0.0001644715083885046 -0.052233696572817283 -0.075529426772900921 0.41554124039553458 -0.072625905774599042 0.78355414931017631 2.4783265047396226 0.80357981911301624 -0.091140550118203212 1.3500280863133032 0.15526222547888757 0.0084987616344015787 0.96398828952014459 -0.060836096437407186 -0.0099899731349646567 -0.049913196610093663 0.68442344900808838 0.93784419102746941 -0.10757786285418731 -0.10912176796302009 0.017002955642658461 -0.043278821784219157 0.43348429138843836 0.3928646975528855 -0.093838084962159882 0.98146268622441724 -0.022198383680199375 0.76871587612224723 -0.081780772192551088 0.39761108701782572
leaf_weight=411672 148075 5762 1058 84 271 65 51 50 2057 69 225 2332 50 147 1389 7961 57 61 65 1950 467 1553 65 101 126 55 213 77 139 70
leaf_count=411672 148075 5762 1058 84 271 65 51 50 2057 69 225 2332 50 147 1389 7961 57 61 65 1950 467 1553 65 101 126 55 213 77 139 70
internal_value=-9.91304e-12 -0.00335507 -0.00168741 0.0833577 0.335008 0.613268 1.52867 0.235379 -0.00256556 -0.00146199 0.0732827 0.0394908 0.302303 0.112392 -0.00269344 -0.0287912 0.0706326 0.0532612 0.398539 -0.0455616 -0.033561 0.0214369 0.144905 0.317039 0.122712 0.684641 0.0302182 0.142141 0.264533 0.0787811
internal_weight=586317 174645 168883 1726 668 397 116 281 167157 165100 2676 2607 275 231 162424 14349 2071 2014 126 12278 10328 2367 814 347 227 120 1888 499 286 209
internal_count=586317 174645 168883 1726 668 397 116 281 167157 165100 2676 2607 275 231 162424 14349 2071 2014 126 12278 10328 2367 814 347 227 120 1888 499 286 209
is_linear=0
shrinkage=0.05


Tree=133
num_leaves=31
num_cat=0
split_feature=9 1 4 1 1 3 10 11 6 11 10 11 6 7 10 2 10 2 13 3 3 7 10 9 8 5 2 13 0 11
split_gain=1092.98 3183.67 3722.09 16113.4 3447.61 3231.88 3029.69 43616.9 26158.4 4674.4 3016.19 2625.34 2471.71 3949.59 2152.81 1842.19 1813.01 2778.84 1803.49 1556.51 1532.08 1480.74 1478.89 1596.36 1625.02 1297.56 1294.84 1280.45 2860.43 6902.14
threshold=26.860345840454105 30.427058219909672 44.86070632934571 29.733201026916507 28.445576667785648 27.766191482543949 -0.69016700983047474 0.69635042548179638 12.664909839630129 0.15004983544349673 -0.56314551830291737 -0.62538740038871754 0.24422185868024829 28.012516975402836 -0.50495636463165272 4.0610792636871347 -0.73831951618194569 18.22629547119141 78.750000000000014 27.308145523071293 25.515925407409672 28.167576789855961 -0.78297284245491017 24.838127136230472 45.046642303466804 26.495076179504398 52.982137680053718 80.250000000000014 53.543170928955085 -0.98798605799674977
decision_type=2 2 2 2 2 2 2 2 2 2 2 2 2 2 2 2 2 2 2 2 2 2 2 2 2 2 2 2 2 2
left_child=1 2 6 4 20 -6 7 9 -9 16 18 -3 15 -14 21 19 22 -18 -8 -11 -4 -12 23 25 -25 -1 -16 28 -2 -30
right_child=27 11 3 -5 5 -7 10 8 -10 12 14 -13 13 -15 26 -17 17 -19 -20 -21 -22 -23 -24 24 -26 -27 -28 -29 29 -31
leaf_value=-0.033208035318646578 -0.0013105195588298429 -0.13232770021430948 0.067441952444443662 0.95911065437040244 -0.012889806343161543 0.48666117930265723 -0.07693570190953597 0.15914569373537857 1.3904652904033417 0.58388923861763697 0.06569089007674965 -0.023759963256521636 -0.0055916034627248486 0.44693445145067845 -0.017785116860741742 0.045886185948263138 -0.0016824022494914678 0.38380854898797617 -0.27294482474475551 0.20598518727002324 -0.21565009039043198 0.34995467594728391 -0.12988305730725994 -0.063436474583687077 0.21009204824242678 0.31722735082730652 0.22126735020102117 0.0044776681881721226 0.34237570449513827 0.028544314541967222
leaf_weight=50 425694 925 77 53 69 61 856 82 91 55 218 1399 391 55 9118 57 283 56 136 54 126 58 582 1146 57 56 57 142016 190 2249
leaf_count=50 425694 925 77 53 69 61 856 82 91 55 218 1399 391 55 9118 57 283 56 136 54 126 58 582 1146 57 56 57 142016 190 2249
internal_value=3.79197e-11 -0.0128196 -0.00372901 0.149355 0.0204746 0.221515 -0.00811973 0.036032 0.806834 -0.0108887 -0.0208668 -0.0669722 0.111516 0.0502132 -0.0121611 0.276221 -0.0444813 0.0619975 -0.103808 0.396671 -0.10827 0.125427 -0.0635698 -0.034086 -0.0504763 0.151928 -0.0163 0.000363533 -0.00100117 0.052992
internal_weight=586317 16168 13844 386 333 130 13458 3015 173 2842 10443 2324 612 446 9451 166 2230 339 992 109 203 276 1891 1309 1203 106 9175 570149 428133 2439
internal_count=586317 16168 13844 386 333 130 13458 3015 173 2842 10443 2324 612 446 9451 166 2230 339 992 109 203 276 1891 1309 1203 106 9175 570149 428133 2439
is_linear=0
shrinkage=0.05


Tree=134
num_leaves=31
num_cat=0
split_feature=5 5 11 12 10 0 13 10 10 10 1 10 10 13 12 9 3 7 10 3 9 5 1 2 4 7 4 10 10 2
split_gain=1053.88 1720.8 4484.08 6516.67 7673.32 31020.9 6636.35 8308.92 4592.76 4589.74 7197.12 5694.72 11457.9 10491.4 8978.53 7642.85 11559.9 6847.65 10737 15896.5 6404.94 6019.96 7980.28 7553.78 5465.71 4876.85 4657.13 4610.81 4491.52 4484.7
threshold=38.709918975830085 32.593608856201179 -0.22610731422901151 15.750000000000002 -0.97109106183052052 7.2065787315368661 79.250000000000014 -0.93535929918289173 0.45972847938537603 0.15005400776863101 35.989843368530281 0.34964421391487127 0.41327477991580969 81.250000000000014 17.250000000000004 39.188413619995124 38.032285690307624 36.805358886718757 0.20088869333267215 34.377716064453132 33.009521484375007 36.142290115356452 33.636152267456062 7.5036807060241708 2.3091909885406499 37.15858459472657 9.9883728027343768 0.25118774175643926 0.7324872910976411 0.68011805415153515
decision_type=2 2 2 2 2 2 2 2 2 2 2 2 2 2 2 2 2 2 2 2 2 2 2 2 2 2 2 2 2 2
left_child=1 -1 3 6 5 -5 7 -3 -9 10 -6 17 13 14 -13 16 20 -11 -19 24 -16 -22 23 -23 -20 -18 -26 29 -10 -21
right_child=-2 2 -4 4 9 -7 -8 8 28 11 -12 12 -14 -15 15 -17 25 18 19 27 21 22 -24 -25 26 -27 -28 -29 -30 -31
leaf_value=-0.001615895339951625 -0.0064332658502954986 0.15721898067042328 -0.0029696184251497447 -0.034155869322854124 0.031002210578316265 1.3957518341494541 -0.033500815720569489 -0.015684011152633945 0.058649396976692719 -0.061276674776132745 0.16614507405566226 0.028393962242111288 0.0078211986359277546 -0.019988265326510039 0.74140474247661503 0.020852138372546292 1.1732809841925025 -0.14285757071806485 0.2107870793311109 0.064780019470446773 0.10671008027634923 0.31677403010084837 0.21157075619917701 1.1272676772598562 0.90132361457763632 0.50025908763994253 0.34659680810192944 -0.028533534172243049 0.0030155272222873748 0.36981230935845411
leaf_weight=318893 57425 923 106792 148 27340 51 12705 14183 5769 5294 1022 593 20664 922 66 251 51 627 142 479 440 57 220 58 81 57 71 1057 9775 161
leaf_count=318893 57425 923 106792 148 27340 51 12705 14183 5769 5294 1022 593 20664 922 66 251 51 627 142 479 440 57 220 58 81 57 71 1057 9775 161
internal_value=-1.04769e-11 0.000698499 0.00421301 0.0116451 0.0223384 0.332303 -0.00311696 0.00947771 0.00489046 0.0213043 0.035872 0.0081003 0.020509 0.117077 0.187558 0.266212 0.331107 -0.0285659 0.0375803 0.0944032 0.268571 0.228304 0.38801 0.725545 0.433835 0.818075 0.642208 0.0355978 0.0236635 0.141515
internal_weight=586317 528892 209999 103207 59852 199 43355 30650 29727 59653 28362 31291 23379 2715 1793 1200 949 7912 2618 1991 841 775 335 115 294 108 152 1697 15544 640
internal_count=586317 528892 209999 103207 59852 199 43355 30650 29727 59653 28362 31291 23379 2715 1793 1200 949 7912 2618 1991 841 775 335 115 294 108 152 1697 15544 640
is_linear=0
shrinkage=0.05


Tree=135
num_leaves=31
num_cat=0
split_feature=0 11 11 1 12 7 0 5 11 11 9 9 1 11 1 0 11 5 4 11 7 9 11 10 7 10 9 11 5 9
split_gain=1137.39 5064.25 4590.57 25118.5 26295.6 50747.6 30961.3 7419.23 5835.5 5176.65 38950 7031.35 9208.44 3814.31 8565.64 7941.43 5798.93 13300.4 3774.1 3409.52 3212.03 5774.64 3182.2 5499.54 7035.39 5002.21 3089.59 3624.22 9669.06 3862.86
threshold=1.0000000180025095e-35 0.87377473711967479 0.80898702144622814 28.635541915893558 15.250000000000002 30.500618934631351 4.1963734626770028 30.327604293823246 0.74407637119293224 0.63207998871803295 24.838127136230472 27.16437911987305 29.331702232360843 0.20088311284780505 28.514179229736332 78.94366836547853 0.60503363609313976 28.509267807006839 1.0000000180025095e-35 0.54882264137268078 29.196641921997074 31.591569900512699 0.01290981797501445 -0.99273952841758717 27.844889640808109 -0.99939814209938038 30.724729537963871 0.26780438423156744 29.141403198242191 31.809103012084964
decision_type=2 2 2 2 2 2 2 2 2 2 2 2 2 2 2 2 2 2 2 2 2 2 2 2 2 2 2 2 2 2
left_child=-1 2 8 -4 5 7 -7 18 9 13 -11 12 -12 22 15 16 26 -18 -5 20 21 -16 25 -24 -25 -2 -15 -28 -29 -30
right_child=1 -3 3 4 -6 6 -8 -9 -10 10 11 -13 -14 14 19 -17 17 -19 -20 -21 -22 -23 23 24 -26 -27 27 28 29 -31
leaf_value=0.0014343683657619399 -0.068459315512725674 -0.049476299475619379 -0.092068548201539452 0.36733760796871384 -0.068354761948675111 0.69982908661685783 2.3171438662510999 0.72576214266320083 -0.086341737729177956 1.2399101933545393 0.13906779558832447 0.0081415613809393602 0.8892265304028989 -0.010018528392727008 0.015810228322545243 0.6487060574324508 -0.066228072772112997 0.97183604626743891 -0.016664997230660408 -0.11104330799334122 -0.042206054094234953 0.45471505515369376 0.06644995138445646 0.42780895216677051 -0.015666201753012619 -0.00095314990360375034 -0.02110996094145353 0.73028813376055135 -0.077685460708231388 0.37776493379047937
leaf_weight=411672 2801 5762 955 97 306 67 53 60 2057 69 225 2332 50 1389 1002 57 72 54 188 1610 9585 81 4674 91 5188 135321 213 77 139 70
leaf_count=411672 2801 5762 955 97 306 67 53 60 2057 69 225 2332 50 1389 1002 57 72 54 188 1610 9585 81 4674 91 5188 135321 213 77 139 70
internal_value=-2.01888e-11 -0.00338108 -0.00180839 0.0793161 0.291602 0.528477 1.41414 0.220419 -0.00264605 -0.00160328 0.0673735 0.0363397 0.27546 -0.0027397 -0.0273537 0.066708 0.0502364 0.378657 0.114031 -0.0432197 -0.0329838 0.0486369 -0.000354512 0.0269508 -0.00802153 -0.00232212 0.0283185 0.135032 0.25132 0.0748577
internal_weight=586317 174645 168883 1726 771 465 120 345 167157 165100 2676 2607 275 162424 14349 2071 2014 126 285 12278 10668 1083 148075 9953 5279 138122 1888 499 286 209
internal_count=586317 174645 168883 1726 771 465 120 345 167157 165100 2676 2607 275 162424 14349 2071 2014 126 285 12278 10668 1083 148075 9953 5279 138122 1888 499 286 209
is_linear=0
shrinkage=0.05


Tree=136
num_leaves=31
num_cat=0
split_feature=7 12 1 10 10 13 10 12 11 13 11 11 10 11 11 11 13 5 13 13 11 10 5 1 2 9 3 5 1 3
split_gain=1042.96 1088.09 2411.52 3358.49 6154.67 2608.36 4527.6 1954.32 2186.24 3927.11 2048.76 1923.74 1920.1 1834.75 2155.9 4493.77 1794.41 1771.62 1761.24 1726.17 3383.13 6970.85 7234.32 10446 5889.8 5869.69 7419.38 6718.32 5226.15 7925.11
threshold=24.816866874694828 13.250000000000002 25.505497932434086 -0.80392050743103016 -0.76109719276428212 76.250000000000014 -0.49750867486000055 12.750000000000002 -0.40541070699691767 76.750000000000014 -0.92260536551475514 -0.77212798595428456 -0.48250326514244074 -0.82389250397682179 -0.51235243678092945 -0.55599683523178089 77.750000000000014 25.940079689025882 76.250000000000014 76.750000000000014 -0.95744973421096791 -0.20088869333267209 28.025094032287601 26.488616943359379 69.412918090820327 28.239863395690922 27.308145523071293 27.308004379272464 33.68474197387696 29.048268318176273
decision_type=2 2 2 2 2 2 2 2 2 2 2 2 2 2 2 2 2 2 2 2 2 2 2 2 2 2 2 2 2 2
left_child=-1 2 3 -2 -5 6 -6 13 9 10 -9 12 -11 18 15 -15 -13 -12 -4 -3 21 24 -23 -24 25 26 -21 -27 29 -29
right_child=1 19 7 4 5 -7 -8 8 -10 11 17 16 -14 14 -16 -17 -18 -19 -20 20 -22 22 23 -25 -26 27 -28 28 -30 -31
leaf_value=-0.034021921393509978 -0.11070462013911275 -0.0073540535935280567 0.043262514782003658 0.6299288452430456 0.51731111872054292 0.030093907295866001 0.08441791504058381 0.023528149428549944 0.0046061987422093857 -0.084384638678926691 0.37087358323733016 0.11050324219968018 0.010881485249794039 0.014319652005105982 -0.0022054202013968524 0.14490882733687757 0.025138668184647234 0.12043919934162438 -0.030470339111633916 0.26782383559884071 -0.00083931540647174145 -0.14139841354263524 0.63306605046364806 0.008119544194994539 0.44716583667981508 0.55604484742634919 -0.12134186758096084 -0.051871256769720535 -0.016396722035002979 0.13919418760132543
leaf_weight=2244 206 81458 907 54 84 713 215 606 16315 613 75 861 3856 5416 30580 750 2160 1209 7566 146 390231 815 67 33452 99 73 760 668 1224 2894
leaf_count=2244 206 81458 907 54 84 713 215 606 16315 613 75 861 3856 5416 30580 750 2160 1209 7566 146 390231 815 67 33452 99 73 760 668 1224 2894
internal_value=-2.72921e-11 0.000130712 0.00587754 0.0741132 0.109828 0.082076 0.206033 0.00465359 0.0156649 0.0348996 0.099304 0.0186481 -0.0021859 -0.00160341 0.00323287 0.0302038 0.049468 0.135067 -0.0225775 -0.000679703 0.000583407 0.0143948 0.00578991 0.00936873 0.0647769 0.0582103 -0.0586286 0.0799958 0.0727347 0.103363
internal_weight=586317 584073 72186 1272 1066 1012 299 70914 25695 9380 1890 7490 4469 45219 36746 6166 3021 1284 8473 511887 430429 40198 34334 33519 5864 5765 906 4859 4786 3562
internal_count=586317 584073 72186 1272 1066 1012 299 70914 25695 9380 1890 7490 4469 45219 36746 6166 3021 1284 8473 511887 430429 40198 34334 33519 5864 5765 906 4859 4786 3562
is_linear=0
shrinkage=0.05


Tree=137
num_leaves=31
num_cat=0
split_feature=0 11 11 1 12 7 0 7 1 11 11 9 9 5 11 1 11 5 9 8 10 9 9 11 9 11 7 6 3 7
split_gain=1102.02 4532.32 4162.52 22677.3 23727.7 45794.6 27941.4 6861.29 11907.2 5242.36 4672.59 35184.6 6393.85 8402.28 3392.44 7705.06 7213.26 26487.3 4446.82 3422.18 3133.05 3553.81 5213.35 3083.82 3081.76 2921.19 5274.77 5486.52 7374.28 5891.28
threshold=1.0000000180025095e-35 0.87377473711967479 0.80898702144622814 28.635541915893558 15.250000000000002 30.500618934631351 4.1963734626770028 29.582084655761722 30.300356864929203 0.74407637119293224 0.63207998871803295 24.838127136230472 26.670157432556156 27.428091049194339 0.20088311284780505 28.514179229736332 0.59123954176902782 28.851022720336918 30.724729537963871 9.8928542137146014 -0.71466678380966175 31.13177585601807 31.715365409851078 0.56312987208366405 28.799597740173343 0.01290981797501445 30.659249305725101 0.19171288609504702 31.922671318054203 28.378865242004398
decision_type=2 2 2 2 2 2 2 2 2 2 2 2 2 2 2 2 2 2 2 2 2 2 2 2 2 2 2 2 2 2
left_child=-1 2 9 -4 5 7 -7 -5 -9 10 14 -12 13 -13 25 16 18 -18 -16 -20 21 24 -23 -17 -14 -2 27 28 29 -27
right_child=1 -3 3 4 -6 6 -8 8 -10 -11 11 12 20 -15 15 23 17 -19 19 -21 -22 22 -24 -25 -26 26 -28 -29 -30 -31
leaf_value=0.0014118873956661792 -0.0023650196600256026 -0.046935345327865668 -0.08743421015544206 0.017361729911933042 -0.064813658418559947 0.66487967523176283 2.2012965934737672 0.80120527578027623 -0.13996826897446926 -0.081966129332730134 1.1783032545145007 0.11016125770078765 0.26027294374390986 0.8465080357666287 -0.015152525901655743 -0.032504907668958395 -0.040751717013843135 1.2262479580317935 0.11118702029616467 0.51788851083095733 -0.03166219547959296 0.58491331193596119 0.0066322564098395811 -0.11499166475536682 -0.0072485883755683406 0.52900468617357232 0.0051465551378852073 0.045068584617507609 0.77544941388381028 0.094567928938771195
leaf_weight=411672 138122 5762 955 198 306 67 53 95 52 2057 69 144 131 53 1343 11015 132 60 478 58 1519 80 76 1263 604 93 7550 1771 54 485
leaf_count=411672 138122 5762 955 198 306 67 53 95 52 2057 69 144 131 53 1343 11015 132 60 478 58 1519 80 76 1263 604 93 7550 1771 54 485
internal_value=-1.89326e-11 -0.00332809 -0.00184029 0.0754095 0.277116 0.502128 1.34346 0.209489 0.468273 -0.00263794 -0.00164958 0.063883 0.0343874 0.308265 -0.00272925 -0.0259422 0.0632693 0.355186 0.0334407 0.155196 0.0119999 0.0864363 0.303187 -0.0409901 0.0404321 -0.000479832 0.0256817 0.0902013 0.216673 0.164469
internal_weight=586317 174645 168883 1726 771 465 120 345 147 167157 165100 2676 2607 197 162424 14349 2071 192 1879 536 2410 891 156 12278 735 148075 9953 2403 632 578
internal_count=586317 174645 168883 1726 771 465 120 345 147 167157 165100 2676 2607 197 162424 14349 2071 192 1879 536 2410 891 156 12278 735 148075 9953 2403 632 578
is_linear=0
shrinkage=0.05


Tree=138
num_leaves=31
num_cat=0
split_feature=9 1 4 1 1 3 11 10 11 10 11 10 6 7 10 2 12 10 8 2 3 3 10 9 8 7 4 11 2 13
split_gain=1068.45 2733.45 3327.82 14465 3034.03 2832.82 2352.37 2252.19 34304.2 23746.1 3915.51 2853.97 2210.64 3470.39 1934.12 1691.63 1638.4 1621.19 2540.23 2162.38 1361.55 1349.63 1333.67 1460.93 1475.64 1333.14 1215.83 6374.61 4480.33 4045.26
threshold=26.860345840454105 30.427058219909672 44.86070632934571 29.733201026916507 28.445576667785648 27.766191482543949 -0.62538740038871754 -0.69016700983047474 0.69635042548179638 -0.70252096652984608 0.15004983544349673 -0.56314551830291737 0.24422185868024829 28.012516975402836 -0.50495636463165272 4.0610792636871347 16.750000000000004 -0.73831951618194569 15.123332977294924 12.07750463485718 25.515925407409672 27.308145523071293 -0.78297284245491017 24.838127136230472 45.046642303466804 28.167576789855961 67.811252593994155 -0.48248986899852747 7.8980271816253671 82.750000000000014
decision_type=2 2 2 2 2 2 2 2 2 2 2 2 2 2 2 2 2 2 2 2 2 2 2 2 2 2 2 2 2 2
left_child=1 2 7 4 20 -6 -3 8 10 -10 17 16 15 -14 25 21 -9 22 19 -19 -4 -12 23 -1 -25 -13 -2 28 -28 -30
right_child=26 6 3 -5 5 -7 -8 11 9 -11 12 14 13 -15 -16 -17 -18 18 -20 -21 -22 -23 -24 24 -26 -27 27 -29 29 -31
leaf_value=0.14520486390639872 0.0002251093474900744 -0.12471725170923448 0.063255892802852307 0.90771801168063915 -0.012472329223933428 0.45522121053005826 -0.021948428413295806 -0.068289188279009594 1.219698485762182 0.035688102539830117 0.54560131150890478 0.062806520450415959 -0.01020363265043482 0.41398284603248947 -0.014848365632618588 0.035123804368470846 -0.2299815038457895 -0.068008960904231003 0.37594084645498477 0.28083534960042345 -0.20361647535825061 0.19370699375867845 -0.1237162404197598 -0.06077379472671568 0.19987988396988887 0.33253109078083576 -0.015472022483096377 -0.062447846786943845 0.15155208022225569 0.5181117786830941
leaf_weight=106 568226 925 77 53 69 61 1399 797 99 74 55 218 391 55 9175 57 195 231 53 55 126 54 582 1146 57 58 386 848 603 86
leaf_count=106 568226 925 77 53 69 61 1399 797 99 74 55 218 391 55 9175 57 195 231 53 55 126 54 582 1146 57 58 386 848 603 86
internal_value=-5.60534e-12 -0.0126749 -0.00425161 0.140497 0.0183872 0.206984 -0.0628525 -0.00840327 0.0296639 0.713243 -0.0119473 -0.0193937 0.100081 0.0421064 -0.0109253 0.255845 -0.100073 -0.0426924 0.0579963 -0.000923517 -0.102389 0.371268 -0.0607429 -0.032744 -0.0484236 0.119488 0.00035943 0.0400497 0.120904 0.197306
internal_weight=586317 16168 13844 386 333 130 2324 13458 3015 173 2842 10443 612 446 9451 166 992 2230 339 286 203 109 1891 1309 1203 276 570149 1923 1075 689
internal_count=586317 16168 13844 386 333 130 2324 13458 3015 173 2842 10443 612 446 9451 166 992 2230 339 286 203 109 1891 1309 1203 276 570149 1923 1075 689
is_linear=0
shrinkage=0.05


Tree=139
num_leaves=31
num_cat=0
split_feature=0 11 11 1 12 7 4 5 11 11 9 9 1 4 11 1 11 5 11 10 3 7 7 11 5 2 1 10 11 4
split_gain=1010.61 4066.87 3774 20458.3 21410 41320.1 26282.1 6483.57 4699.65 3954.01 29619.7 5292.41 7789.6 3287.07 3171.9 7907.13 6167.96 23811.9 6110.19 4477.07 4246.14 4090.7 4080.43 3163.69 4402.25 3081.87 2958.45 7213.6 8123.93 18994.9
threshold=1.0000000180025095e-35 0.87377473711967479 0.80898702144622814 28.635541915893558 15.250000000000002 30.500618934631351 0.4196403175592423 30.327604293823246 0.74407637119293224 0.63207998871803295 24.838127136230472 27.16437911987305 29.331702232360843 1.0000000180025095e-35 0.13300977647304538 28.514179229736332 0.59123954176902782 28.851022720336918 0.01290981797501445 -0.99939814209938038 32.020891189575202 30.659249305725101 28.962356567382816 0.53435277938842785 30.193783760070804 6.8013107776641855 29.697037696838382 -0.72660079598426808 -0.77212798595428456 13.923297405242922
decision_type=2 2 2 2 2 2 2 2 2 2 2 2 2 2 2 2 2 2 2 2 2 2 2 2 2 2 2 2 2 2
left_child=-1 2 8 -4 5 7 -7 13 9 14 -11 12 -12 -5 18 16 20 -18 19 -2 -16 22 -20 24 -17 -26 27 -21 -29 -30
right_child=1 -3 3 4 -6 6 -8 -9 -10 10 11 -13 -14 -15 15 23 17 -19 21 26 -22 -23 -24 -25 25 -27 -28 28 29 -31
leaf_value=0.0013520647142446524 -0.064811358240747186 -0.044494533516638436 -0.082892810386015564 0.33607222133690551 -0.061438102853119993 0.6401135673989421 2.1369742970840604 0.6715321034596613 -0.077647075498672224 1.081182016324306 0.11362877785828379 0.0071551360687525309 0.80357908598147343 -0.022298128530383113 0.028219165111937769 0.026111718871381459 -0.039487525329671126 1.1618211285769939 -0.0063883607125267243 -0.043973147329541627 0.47340701052411038 0.027510898209617829 0.18585604819116203 -0.09428867975663012 -0.027526827301912662 -0.092460671558042051 0.0032391697586628063 -0.0092507657249992475 0.015366853463096884 0.31720830696100538
leaf_weight=411672 2801 5762 955 97 306 69 51 60 2057 69 225 2332 50 188 2047 3116 132 60 396 12462 55 4659 911 1950 8660 2316 102469 17211 2522 657
leaf_count=411672 2801 5762 955 97 306 69 51 60 2057 69 225 2332 50 188 2047 3116 132 60 396 12462 55 4659 911 1950 8660 2316 102469 17211 2522 657
internal_value=-3.36405e-12 -0.00318708 -0.00177774 0.0717785 0.263362 0.477102 1.27628 0.199127 -0.00253725 -0.00160145 0.0586819 0.0316192 0.239074 0.0996735 -0.00259464 -0.0221816 0.0646464 0.335921 -0.000102097 -0.002242 0.0398678 0.0494399 0.127609 -0.0345979 -0.0263381 -0.0412282 -0.00094688 -0.0140036 0.0043132 0.0777481
internal_weight=586317 174645 168883 1726 771 465 120 345 167157 165100 2676 2607 275 285 162424 18336 2294 192 144088 138122 2102 5966 1307 16042 14092 10976 135321 32852 20390 3179
internal_count=586317 174645 168883 1726 771 465 120 345 167157 165100 2676 2607 275 285 162424 18336 2294 192 144088 138122 2102 5966 1307 16042 14092 10976 135321 32852 20390 3179
is_linear=0
shrinkage=0.05


Tree=140
num_leaves=31
num_cat=0
split_feature=10 10 10 9 11 10 5 1 9 10 13 7 5 13 13 3 1 3 9 10 11 8 11 10 10 4 4 7 12 6
split_gain=999.222 2161.42 1856.58 6650.07 3120.52 3179.15 6933.66 18659.9 12367.4 1838.49 1359.69 1203.21 1562.75 1562.52 2277.04 1529.93 1580.87 1182.58 1005.33 2387.1 36982 30512.6 6007.93 4413.14 8993.19 62953.2 4813.02 3352.85 2848.7 2564.54
threshold=0.97109106183052074 0.9946616291999818 0.94417876005172741 35.073209762573249 0.28434865176677709 0.95495790243148815 34.675971984863288 34.936000823974616 33.685607910156257 0.94970905780792247 81.250000000000014 33.311262130737312 35.079074859619148 80.750000000000014 77.250000000000014 34.557439804077156 35.448331832885749 35.231376647949226 27.295834541320804 -0.70252096652984608 0.69635042548179638 0.87650570273399364 0.15004983544349673 -0.38168568909168238 -0.35769492387771601 35.014312744140632 8.1692676544189471 29.055762290954593 15.250000000000002 0.49370606243610388
decision_type=2 2 2 2 2 2 2 2 2 2 2 2 2 2 2 2 2 2 2 2 2 2 2 2 2 2 2 2 2 2
left_child=2 -2 18 4 -4 9 -7 8 -8 11 -3 -6 13 14 -13 -16 -17 -10 19 20 22 -22 -1 28 25 26 -25 29 -21 -24
right_child=1 10 3 -5 5 6 7 -9 17 -11 -12 12 -14 -15 15 16 -18 -19 -20 23 21 -23 27 24 -26 -27 -28 -29 -30 -31
leaf_value=-0.030246392836549701 -0.016644383233684511 -0.00060154757552646266 0.024038278467774628 -0.0031966339993651743 0.019813239559590579 0.028359883197291352 1.358929805662118 0.048629811349240215 0.25703834233915107 0.012422313893633175 0.034398150972262689 0.046525378903687756 0.02335015019819222 0.072523449175604424 0.48265156399388359 0.010355096617165735 0.37316742629221045 0.55963627334620636 0.00052738374356695093 -0.026652280908584836 0.12868743534408397 1.6810682900746663 0.1948508526422415 -0.081514373333123863 -0.011391660844391154 1.8694449353451823 0.27399695016569775 0.48244501247450161 -0.10035560100093735 0.030354606192372277
leaf_weight=4071 25728 15936 2502 12510 251 402 51 275 51 884 3360 90 183 171 106 51 73 88 500542 3238 67 60 337 335 11716 51 133 54 2203 798
leaf_count=4071 25728 15936 2502 12510 251 402 51 275 51 884 3360 90 183 171 106 51 73 88 500542 3238 67 60 337 335 11716 51 133 54 2203 798
internal_value=2.91642e-11 -0.00715696 0.000595306 0.0165274 0.0641805 0.101713 0.180434 0.311904 0.69296 0.0639838 0.00549293 0.11326 0.14806 0.19454 0.259743 0.343176 0.223946 0.448611 5.7101e-05 -0.0101496 0.0189888 0.862096 -0.00136755 -0.0190299 -0.00236933 0.201302 0.0195177 0.0975103 -0.0564939 0.0791962
internal_weight=586317 45024 541293 17688 5178 2676 867 465 190 1809 19296 925 674 491 320 230 124 139 523605 23063 5387 127 5260 17676 12235 519 468 1189 5441 1135
internal_count=586317 45024 541293 17688 5178 2676 867 465 190 1809 19296 925 674 491 320 230 124 139 523605 23063 5387 127 5260 17676 12235 519 468 1189 5441 1135
is_linear=0
shrinkage=0.05


Tree=141
num_leaves=31
num_cat=0
split_feature=5 8 11 5 1 10 10 1 13 9 10 7 6 0 2 3 11 10 13 1 2 13 9 3 10 7 7 12 7 10
split_gain=965.378 1481.61 1987.94 4007.19 5922.9 3293.1 2669.94 1573.19 1819.74 3597.02 1673.33 1620.44 1513.39 1579.2 1514.93 1465.77 4086.56 12516.6 5367.52 6418.04 11405.3 11697.4 24222.4 14537.8 8977.66 7296.3 5395.68 5340.4 5936.65 5691.59
threshold=38.709918975830085 1.0000000180025095e-35 -0.96681198477745045 40.750810623168952 38.588956832885749 0.42888796329498297 0.54883790016174328 37.832117080688484 79.250000000000014 38.371608734130866 0.45972847938537603 39.325824737548835 0.17287866026163104 9.0103211402893084 2.0034940242767338 31.988174438476566 -0.20930689573287961 -0.83354803919792164 78.750000000000014 32.057044982910163 0.12833144515752795 80.750000000000014 32.526515960693366 33.005100250244148 -0.89391031861305226 32.258707046508796 31.52226543426514 18.750000000000004 29.101040840148929 0.36571913957595831
decision_type=2 2 2 2 2 2 2 2 2 2 2 2 2 2 2 2 2 2 2 2 2 2 2 2 2 2 2 2 2 2
left_child=15 2 3 12 -5 -4 7 10 9 -9 11 -7 13 14 -2 -1 17 18 -17 20 21 26 -23 -24 -22 -26 -20 29 -29 -19
right_child=1 -3 5 4 -6 6 -8 8 -10 -11 -12 -13 -14 -15 -16 16 -18 27 19 -21 24 22 23 -25 25 -27 -28 28 -30 -31
leaf_value=-0.0018418607043935076 0.041948574781400183 -0.026207153640172981 -0.0567017466917102 0.71245799368282536 0.10953665884973651 -0.028776726393557307 -0.0056290752257907124 0.42132485865925751 0.0098864627753954635 0.062469065737508413 -0.067492866236568916 0.33930499302568262 -0.14927081703208386 0.25267023478599293 -0.19242989635699756 0.094951423991494727 -0.0026445346334810537 -0.013419888674154222 0.46828351492186393 0.012353864883892108 -0.11651665298750491 0.14200963320764334 1.5285162244585979 0.43877182052894076 0.56920531477779146 0.055904828285177545 -0.0058684059468408429 -0.16522312456218061 0.029127778152493657 0.012933056464845655
leaf_weight=276967 659 7940 2843 53 176 67 40185 72 2151 2317 631 54 121 79 77 5120 131936 46154 75 7691 560 185 69 55 100 225 300 400 22210 36845
leaf_count=276967 659 7940 2843 53 176 67 40185 72 2151 2317 631 54 121 79 77 5120 131936 46154 75 7691 560 185 69 55 100 225 300 400 22210 36845
internal_value=1.72785e-11 -0.00615723 -0.00294017 0.0616008 0.249077 -0.00449625 -0.00123262 0.032152 0.0432471 0.0732843 -0.0348319 0.135491 0.0157331 0.0402306 0.017428 0.000668528 0.00342846 0.0101061 0.0538698 0.0311551 0.123316 0.276656 0.50444 1.04516 0.00480203 0.213843 0.088962 0.00414714 0.0256895 -0.00172126
internal_weight=586317 57425 49485 1165 229 48320 45477 5292 4540 2389 752 121 936 815 736 528892 251925 119989 14380 9260 1569 684 309 124 885 325 375 105609 22610 82999
internal_count=586317 57425 49485 1165 229 48320 45477 5292 4540 2389 752 121 936 815 736 528892 251925 119989 14380 9260 1569 684 309 124 885 325 375 105609 22610 82999
is_linear=0
shrinkage=0.05


Tree=142
num_leaves=31
num_cat=0
split_feature=0 11 11 1 12 7 0 7 1 11 9 11 9 8 10 3 0 11 11 10 12 9 6 10 10 3 3 0 11 10
split_gain=973.482 3615.37 3441.05 18460.4 19313.2 37280 24224.2 5863.08 10762.2 4197.91 3853.68 7455.07 21829.9 6567.31 14651.6 6833.01 4945.66 6464.69 7157.4 29233.2 46366 5571.57 7065.17 10740.2 12118.7 5707.27 5603.58 6623.31 5895.42 4633.3
threshold=1.0000000180025095e-35 0.87377473711967479 0.80898702144622814 28.635541915893558 15.250000000000002 30.500618934631351 4.1963734626770028 29.582084655761722 30.300356864929203 0.74407637119293224 29.780797958374027 0.59123954176902782 24.838127136230472 1.7134957909584048 -0.78297284245491017 29.948326110839847 2.7089172601699834 -0.97870382666587818 -0.45205545425415034 -0.88606244325637806 16.250000000000004 27.295834541320804 43.16392898559571 -0.62540480494499195 -0.71466678380966175 27.02042388916016 25.937375068664554 22.479414939880375 -0.80389818549156178 -0.76109719276428212
decision_type=2 2 2 2 2 2 2 2 2 2 2 2 2 2 2 2 2 2 2 2 2 2 2 2 2 2 2 2 2 2
left_child=-1 2 9 -4 5 7 -7 -5 -9 10 11 16 -13 -14 -15 -16 29 -18 19 20 -19 -21 26 24 -24 -25 27 -23 -29 -2
right_child=1 -3 3 4 -6 6 -8 8 -10 -11 -12 12 13 14 15 -17 17 18 -20 21 -22 22 23 25 -26 -27 -28 28 -30 -31
leaf_value=0.0013269974460491777 0.01638168355656534 -0.04207506082576714 -0.078487265763404479 0.011791433533183251 -0.058059676233800796 0.58069566561659769 2.0112680311472912 0.74513484553286913 -0.14964502671590219 -0.073511688352015103 -0.0054983911334935028 0.99011231298032021 0.0018742674150455157 0.79532114675511489 -0.00099827153826056178 0.4930345608556474 -0.05771874110702746 -0.058950210338638676 -0.006975007695403726 -0.003900358057035703 1.9763482643327877 0.088693304846032717 0.21011109244427645 0.5417831583951529 1.0615844130516052 -0.042221798086277795 0.05056181477654053 0.76591234869998082 0.17865819044056394 -0.044028196054673813
leaf_weight=411672 5951 5762 955 198 306 67 53 95 52 2057 131541 69 950 92 342 88 2136 62 6466 3203 51 305 96 52 74 214 6435 87 84 6802
leaf_count=411672 5951 5762 955 198 306 67 53 95 52 2057 131541 69 950 92 342 88 2136 62 6466 3203 51 305 96 52 74 214 6435 87 84 6802
internal_value=6.99276e-13 -0.00312799 -0.00179918 0.0684375 0.250426 0.45343 1.21253 0.189394 0.428614 -0.00252442 -0.00163998 0.0134838 0.120904 0.0801601 0.222634 0.100106 0.00831375 0.0243022 0.0345303 0.0596989 0.859636 0.0511309 0.0751223 0.270333 0.580752 0.0719446 0.0628069 0.228347 0.477437 -0.0158388
internal_weight=586317 174645 168883 1726 771 465 120 345 147 167157 165100 33559 1541 1472 522 430 32018 19265 17129 10663 113 10550 7347 436 170 266 6911 476 171 12753
internal_count=586317 174645 168883 1726 771 465 120 345 147 167157 165100 33559 1541 1472 522 430 32018 19265 17129 10663 113 10550 7347 436 170 266 6911 476 171 12753
is_linear=0
shrinkage=0.05


Tree=143
num_leaves=31
num_cat=0
split_feature=7 8 5 11 5 11 11 0 1 3 10 10 11 7 2 1 13 9 10 12 10 12 11 11 10 6 3 3 13 5
split_gain=945.993 967.278 3764.36 2544.02 3247.41 3898.04 11337.4 12396.7 23174.3 16331.2 7935.53 5349.55 4837.72 3890.58 15572.2 3561.21 3411.89 3274.28 3101.32 8432.69 3090.49 4629.26 2998.14 2890.38 15920.4 11389.6 5862.75 4848.17 4402.73 2665.38
threshold=24.816866874694828 28.558669090271 24.818144798278812 0.88201534748077404 31.173068046569828 -0.78295108675956715 -0.69014781713485707 4.1154026985168466 27.298403739929203 28.381040573120121 -0.54883790016174305 -0.69016700983047474 -0.61186373233795155 30.690706253051761 36.118190765380866 29.416313171386722 79.250000000000014 28.308662414550785 -0.98211652040481556 17.750000000000004 -0.09881922602653502 18.750000000000004 -0.14153505116701123 -0.92260536551475514 -0.34964421391487116 39.323692321777351 26.491054534912113 31.731999397277836 78.750000000000014 29.188932418823246
decision_type=2 2 2 2 2 2 2 2 2 2 2 2 2 2 2 2 2 2 2 2 2 2 2 2 2 2 2 2 2 2
left_child=-1 -2 -3 4 5 10 7 11 16 -10 -4 -7 -8 23 20 -6 -9 18 19 -14 21 -15 -17 24 25 -12 -25 -26 -29 -20
right_child=1 2 3 -5 15 6 12 8 9 -11 13 -13 17 14 -16 22 -18 -19 29 -21 -22 -23 -24 26 27 -27 -28 28 -30 -31
leaf_value=-0.032401852162554395 -0.00020429903044297368 0.40469108763471495 -0.24919144615050284 -0.10609597778964149 -0.1692244428944486 0.49357739882070134 -0.10877129046087178 0.28706206954270602 1.6923658840796527 0.55017700434466943 0.19389265984639356 -0.038055567340496699 0.062911182863915213 -0.046420431289917387 0.97197837818127408 0.016516690126227494 -0.28872681828039998 0.023445250354361642 0.002973509446850845 0.7135295698782067 -0.18396636879869871 0.45086193339875308 -0.064845321473065973 0.36416448878519464 -0.065606244541023193 1.1292338415980339 -0.12958401147327903 0.60051015931058604 0.054711791961530198 0.15990850202544876
leaf_weight=2244 569211 61 310 449 336 59 503 50 51 81 87 239 141 117 52 4917 53 2587 511 77 105 78 1471 66 984 52 675 53 122 575
leaf_count=2244 569211 61 310 449 336 59 503 50 51 81 87 239 141 117 52 4917 53 2587 511 77 105 78 1471 66 984 52 675 53 122 575
internal_value=1.89375e-11 0.000124487 0.0127169 0.0111015 0.014768 0.0370981 0.0635623 0.281335 0.552875 0.991477 -0.0111763 0.0672006 0.0371461 0.0196831 0.173189 -0.0105643 -0.00921765 0.0560092 0.120613 0.292717 0.0347319 0.152493 -0.00221899 -0.00681716 0.0381619 0.543804 -0.0856064 -0.0224803 0.220011 0.0860652
internal_weight=586317 584073 14862 14801 14352 7628 4927 533 235 132 2701 298 4394 2391 352 6724 103 3891 1304 218 300 195 6388 2039 1298 139 741 1159 175 1086
internal_count=586317 584073 14862 14801 14352 7628 4927 533 235 132 2701 298 4394 2391 352 6724 103 3891 1304 218 300 195 6388 2039 1298 139 741 1159 175 1086
is_linear=0
shrinkage=0.05


Tree=144
num_leaves=31
num_cat=0
split_feature=5 10 3 9 10 10 11 2 11 2 0 3 2 10 2 11 5 5 10 7 13 5 7 12 8 0 8 3 7 13
split_gain=920.982 4672.53 5390.42 2506.76 1749.64 6073.66 4295.32 1680.37 1503.96 4046 4922.75 3274.46 1337.58 1303.02 1183.87 5714.16 3740.22 7142.15 8165.16 7658.9 7725.61 3630.92 3087.19 2147.22 2269.91 1886.29 6092.38 7306.25 3111.15 2455.04
threshold=26.874595642089847 0.72066047787666332 29.491782188415531 29.202995300292972 -0.3334656953811645 -0.31718835234642023 -0.92260536551475514 23.037539482116703 -0.70250144600868214 42.889158248901374 15.199292659759523 29.095638275146488 29.478695869445804 -0.25950939953327173 69.412918090820327 -0.69014781713485707 30.228813171386722 28.632008552551273 -0.48250326514244074 29.147802352905277 80.250000000000014 33.541278839111335 30.846970558166507 16.250000000000004 12.652980804443361 97.80576324462892 20.685776710510257 27.55761814117432 28.506230354309086 78.750000000000014
decision_type=2 2 2 2 2 2 2 2 2 2 2 2 2 2 2 2 2 2 2 2 2 2 2 2 2 2 2 2 2 2
left_child=1 3 -3 -1 6 -6 12 13 9 11 -11 -8 -5 -7 25 16 17 19 -19 20 -16 -18 -21 24 -17 -2 28 -28 -27 -30
right_child=14 2 -4 4 5 7 8 -9 -10 10 -12 -13 -14 -15 15 23 21 18 -20 22 -22 -23 -24 -25 -26 26 27 -29 29 -31
leaf_value=-0.0046375814964089469 0.00013096465057451783 0.69634810471534736 -0.030752508202567697 -0.2098701594877489 0.53984511542320257 0.24508987336706084 -0.11157980818150706 -0.18831574188490563 -0.085513244098141802 0.65045303555577993 -0.0443912610411644 0.32129714816808702 -0.50299009767862468 -0.015979710447867109 -0.043084666359105281 -0.010215238991201435 -0.13932058774811382 0.91122258962064562 0.20119852562035834 -0.2997682976388486 0.7640494008858999 0.24792963453429812 0.16986225929397802 -0.11196651677790333 0.33920178166751208 0.36469868991810545 0.79798785008490092 0.017696679085493088 0.17078648724771561 -0.12633455641539801
leaf_weight=13366 567907 50 52 97 50 52 346 136 1427 50 52 50 65 591 56 234 170 69 98 107 63 94 52 492 58 52 60 60 94 267
leaf_count=13366 567907 50 52 97 50 52 346 136 1427 50 52 50 65 591 56 234 170 69 98 107 63 94 52 492 58 52 60 60 94 267
internal_value=-1.85689e-11 -0.0116878 0.325669 -0.0138012 -0.0558041 0.00564774 -0.080214 -0.0286396 -0.0594051 0.0154067 0.296219 -0.0569236 -0.32748 0.00513323 0.000335991 0.0448014 0.147662 0.236116 0.494562 0.0808633 0.384222 -0.00143604 -0.146178 -0.0482196 0.0591895 0.000219203 0.0942364 0.407842 0.00311607 -0.0489679
internal_weight=586317 16384 102 16282 2916 829 2087 779 1925 498 102 396 162 643 569933 1493 709 445 167 278 119 264 159 784 292 568440 533 120 413 361
internal_count=586317 16384 102 16282 2916 829 2087 779 1925 498 102 396 162 643 569933 1493 709 445 167 278 119 264 159 784 292 568440 533 120 413 361
is_linear=0
shrinkage=0.05


Tree=145
num_leaves=31
num_cat=0
split_feature=1 10 10 10 9 8 10 3 13 5 9 9 7 1 12 9 5 11 10 9 1 10 9 10 5 1 7 10 2 10
split_gain=911.254 1398.81 3220.04 2990.65 1877.07 1640.26 3454.8 1587.33 1428.57 1657.82 2320.95 1714.98 4392.67 4809.19 1413.68 1340.73 1326.8 3952.32 11501.5 29311.3 29476.1 10507.3 10780.5 27965.1 22330 14431.4 8150.06 7649.31 7901.77 12529.2
threshold=38.944627761840827 0.38168568909168249 0.59125596284866344 0.23448921740055087 40.432950973510749 9.7300586700439471 0.45972847938537603 39.327144622802741 78.750000000000014 37.939109802246101 39.062702178955085 39.188413619995124 39.588470458984382 40.74768257141114 13.250000000000002 38.698839187622077 32.593608856201179 -0.78295108675956715 -0.54883790016174305 33.009521484375007 29.54171180725098 -0.030120026320219036 32.560945510864265 -0.08167563751339911 30.866928100585941 30.649191856384281 32.193466186523445 -0.064507851377129541 0.35624964535236364 -0.1330134719610214
decision_type=2 2 2 2 2 2 2 2 2 2 2 2 2 2 2 2 2 2 2 2 2 2 2 2 2 2 2 2 2 2
left_child=16 3 5 4 -2 8 -7 -6 9 10 -3 12 -11 15 -5 -14 17 18 19 -1 -21 22 27 -24 25 -25 -26 28 -20 -30
right_child=1 2 -4 14 7 6 -8 -9 -10 11 -12 -13 13 -15 -16 -17 -18 -19 21 20 -22 -23 23 24 26 -27 -28 -29 29 -31
leaf_value=-0.12162172320036523 -0.028129255957179522 -0.037470739540354958 -0.01025139890450693 0.16991360207635262 0.40033585235476493 0.48334219986099314 0.046145274559605313 0.098889107162018652 0.0020801670648091398 0.0047249525040388117 0.36993226273070007 0.02253847421224597 0.70752235908920946 -0.019133296379676232 -0.070133138678541457 0.35928541566324185 0.003661195215944938 0.0011041630954615133 -0.03636071820071262 1.043579592759672 0.095031298511670997 -0.041956867585442807 0.032945457504583997 1.5763989146587984 -0.11444159341531235 0.55932578169832048 0.34578059139417228 -0.13259948817623965 0.0073739683363292291 0.14903624355979297
leaf_weight=5103 258 58 40993 63 55 59 193 212 5121 285 88 3048 52 65 2319 59 214527 264320 9110 95 594 14209 5114 53 134 102 341 1101 16866 1720
leaf_count=5103 258 58 40993 63 55 59 193 212 5121 285 88 3048 52 65 2319 59 214527 264320 9110 95 594 14209 5114 53 134 102 341 1101 16866 1720
internal_value=-1.93177e-11 -0.00625753 -0.00429799 -0.0399754 0.0680488 0.0227344 0.148505 0.160985 0.0191229 0.0430014 0.208087 0.0361326 0.126013 0.322417 -0.0637843 0.522423 0.000620932 -0.00142452 -0.013679 -0.0802913 0.225818 -0.00576476 0.00912345 0.0716677 0.385994 0.907099 0.215949 -0.00335196 0.00178602 0.0204838
internal_weight=586317 52928 50021 2907 525 9028 252 267 8776 3655 146 3509 461 176 2382 111 533389 318862 54542 5792 689 48750 34541 5744 630 155 475 28797 27696 18586
internal_count=586317 52928 50021 2907 525 9028 252 267 8776 3655 146 3509 461 176 2382 111 533389 318862 54542 5792 689 48750 34541 5744 630 155 475 28797 27696 18586
is_linear=0
shrinkage=0.05


Tree=146
num_leaves=31
num_cat=0
split_feature=0 11 11 1 12 7 4 5 11 11 9 8 3 0 3 12 4 13 10 12 11 0 1 11 10 12 10 13 8 4
split_gain=901.741 3226.04 3146.13 16604.9 17401.3 33619.9 22775.6 5663.26 3820.33 4170.73 22623.1 7651.46 8960.58 7688.79 4001.89 4270.91 12718.6 3293.22 3271.94 3011.2 2892.64 7016.39 4201.45 4632.08 10882.7 2864.92 3106.14 2863.32 6661.94 2860.67
threshold=1.0000000180025095e-35 0.87377473711967479 0.80898702144622814 28.635541915893558 15.250000000000002 30.500618934631351 0.4196403175592423 30.327604293823246 0.73246693611145031 0.63207998871803295 24.838127136230472 0.13091946393251422 29.913023948669437 10.828347682952883 30.489752769470218 14.750000000000002 0.80870005488395702 79.250000000000014 -0.73831951618194569 13.750000000000002 0.20088311284780505 78.94366836547853 28.242001533508304 0.60503363609313976 -0.78297284245491017 17.750000000000004 -0.92913278937339772 79.250000000000014 6.207935333251954 1.0000000180025095e-35
decision_type=2 2 2 2 2 2 2 2 2 2 2 2 2 2 2 2 2 2 2 2 2 2 2 2 2 2 2 2 2 2
left_child=-1 2 8 -4 5 7 -7 29 9 20 -11 18 17 -14 -10 16 -16 -13 -12 -19 -2 22 23 25 -25 27 -27 -22 -29 -5
right_child=1 -3 3 4 -6 6 -8 -9 14 10 11 12 13 -15 15 -17 -18 19 -20 -21 21 -23 -24 24 -26 26 -28 28 -30 -31
leaf_value=0.0012771655543022005 -0.0004103945889935421 -0.039800837336073987 -0.073941622960542117 0.30754328714203588 -0.054814300095065938 0.5593667478665062 1.9527985219861947 0.62146917124589285 -0.10877355533766797 0.96349849841173951 0.15560008252296992 0.18328773567253459 0.27364993492579637 0.96977322278544309 -0.032849645668161134 -0.050171682766983694 0.76604870893585852 -0.41007563795509006 -0.041322086602858445 0.055028517013308645 -0.030753111961265012 0.41616547190066844 -0.036508190394571934 0.88439271025932753 -0.12903659787994845 0.38248288948430659 0.019290472459852027 -0.055761713912600985 0.60143638874494265 -0.026775957536982732
leaf_weight=411672 148075 5762 955 97 306 69 51 60 1647 68 246 196 136 56 167 521 71 58 1480 87 1140 90 12612 52 54 109 128 102 62 188
leaf_count=411672 148075 5762 955 97 306 69 51 60 1647 68 246 196 136 56 167 521 71 58 1480 87 1140 90 12612 52 54 109 128 102 62 188
internal_value=4.10254e-11 -0.00301053 -0.0017553 0.0654042 0.238005 0.430699 1.15158 0.179959 -0.00244877 -0.0015353 0.0649291 0.0378805 0.203473 0.476686 -0.0649983 0.0299923 0.205477 0.0496407 -0.0132555 -0.131013 -0.00248752 -0.0239225 -0.0267002 0.048405 0.368117 0.0264131 0.186328 -0.00265122 0.192691 0.0870099
internal_weight=586317 174645 168883 1726 771 465 120 345 167157 164751 2327 2259 533 192 2406 759 238 341 1726 145 162424 14349 14259 1647 106 1541 237 1304 164 285
internal_count=586317 174645 168883 1726 771 465 120 345 167157 164751 2327 2259 533 192 2406 759 238 341 1726 145 162424 14349 14259 1647 106 1541 237 1304 164 285
is_linear=0
shrinkage=0.05


Tree=147
num_leaves=31
num_cat=0
split_feature=12 10 13 1 3 6 10 1 5 11 7 12 1 10 2 13 11 3 7 1 11 7 3 7 2 5 3 3 3 10
split_gain=885.303 1637.62 2899.34 3173.34 3308.77 2758.96 2364.05 8025.72 7128.43 9095.04 13639.6 8456.31 7966.72 7157.95 5874.65 4099.48 22582.7 4925.76 4539.68 3573.31 4200.67 7781.82 6358.34 4921.59 4215.16 3962.81 6236.06 6612.15 3835.47 3413.19
threshold=13.750000000000002 -0.99939814209938038 82.250000000000014 31.331593513488773 29.530265808105472 0.74470108747482311 -0.99052327871322621 31.705049514770511 30.263042449951175 -0.12447465583682059 31.430132865905765 16.250000000000004 30.963296890258793 -0.99865758419036854 2.636150717735291 83.750000000000014 0.098816476762294783 33.047964096069343 30.94082069396973 32.965463638305671 0.030119189061224464 30.102701187133793 33.215925216674812 32.934041976928718 0.15296494215726855 30.554695129394535 30.803702354431156 30.425042152404789 31.891805648803714 -0.99865758419036854
decision_type=2 2 2 2 2 2 2 2 2 2 2 2 2 2 2 2 2 2 2 2 2 2 2 2 2 2 2 2 2 2
left_child=-1 2 3 -2 -5 -4 7 8 29 10 12 13 -10 14 -11 19 17 18 -17 20 25 24 28 -24 -22 -9 27 -27 -23 -3
right_child=1 6 5 4 -6 -7 -8 15 9 11 -12 -13 -14 -15 -16 16 -18 -19 -20 -21 21 22 23 -25 -26 26 -28 -29 -30 -31
leaf_value=0.0043059460702463892 -0.10367432592149717 0.10343930416642444 0.20375149996550987 0.36288775040915144 -0.0214796008621288 -0.007298420563578433 -0.0012211398086463322 -0.17041334714521147 1.0030357439319293 0.11691543684672501 0.10085778678518265 0.030491757325089693 0.2348381918889505 0.14204279851809701 0.75088026606244973 -0.17813415075170583 0.97963171257679138 -0.22697910051675715 0.38324045046379696 -0.054724314337656427 0.11272884586619006 -0.086990730614158518 0.57692310774905819 0.058259726259657134 0.63127841544879049 -0.068990733790195588 -0.035519570148808639 0.6427814895771955 0.058033511036272037 -0.029266203225468121
leaf_weight=99178 1454 608 242 57 3161 430 465763 467 90 59 243 2860 54 912 96 58 67 159 95 4093 72 717 90 93 86 59 1343 73 1252 2386
leaf_count=99178 1454 608 242 57 3161 430 465763 467 90 59 243 2860 54 912 96 58 67 159 95 4093 72 717 90 93 86 59 1343 73 1252 2386
internal_value=-1.00502e-11 -0.00087666 -0.0284029 -0.0423705 -0.0146714 0.0687047 -0.000571342 0.0183066 0.0569591 0.098098 0.329362 0.0753074 0.714962 0.195432 0.509565 -0.0140721 0.146759 -0.0320949 0.170432 -0.0213765 0.0107244 0.0562915 0.0314251 0.31334 0.394977 -0.0434775 -0.00328826 0.324641 0.00522377 -0.00231732
internal_weight=586317 487139 5344 4672 3218 672 481795 16032 7308 4314 387 3927 144 1067 155 8724 379 312 153 8345 4252 2310 2152 183 158 1942 1475 132 1969 2994
internal_count=586317 487139 5344 4672 3218 672 481795 16032 7308 4314 387 3927 144 1067 155 8724 379 312 153 8345 4252 2310 2152 183 158 1942 1475 132 1969 2994
is_linear=0
shrinkage=0.05


Tree=148
num_leaves=31
num_cat=0
split_feature=13 10 7 10 12 3 6 9 8 1 0 10 9 11 13 11 9 5 1 13 3 1 10 10 6 11 6 7 5 12
split_gain=882.714 1615.5 5644.49 6116.42 5638.9 8658.72 16811 8483.52 8324.77 16622 11779.6 5720.38 9885.4 6138.09 5282.01 5075.63 3956.25 3484.36 5625.78 3227.05 2965.93 3306.5 2781.41 7423.48 4179.58 4154.26 3991.56 4555.41 4519.76 3896.92
threshold=79.750000000000014 -0.97505551576614369 30.596981048583988 -0.99466162919998158 17.250000000000004 30.616518974304203 1.6396638154983523 30.8515739440918 4.8233296871185312 30.129017829895023 1.6340956687927248 -0.98801350593566883 31.874295234680179 0.15004983544349673 78.250000000000014 -0.14153505116701123 32.195915222167976 29.141403198242191 29.247341156005863 77.250000000000014 30.32827186584473 30.393974304199222 -0.99865758419036854 -0.99939814209938038 0.15455530583858493 0.064506059512496008 21.042763710021976 28.506230354309086 30.709156036376957 17.750000000000004
decision_type=2 2 2 2 2 2 2 2 2 2 2 2 2 2 2 2 2 2 2 2 2 2 2 2 2 2 2 2 2 2
left_child=1 2 3 22 15 6 -6 8 -8 10 -10 -7 13 14 -13 -5 17 18 -17 -19 21 -21 23 -1 -24 -26 28 -28 -25 -27
right_child=-2 -3 -4 4 5 11 7 -9 9 -11 -12 12 -14 -15 -16 16 -18 19 -20 20 -22 -23 24 26 25 29 27 -29 -30 -31
leaf_value=-0.019731853950607111 0.0028062516767026961 -0.0022253466689445413 -0.0064636408863613486 -0.022941110869671436 -0.037398817023246461 -0.1022389487241213 0.041357564645954692 0.93604418954183888 1.5618711675405503 0.091453467301548796 0.49682174082155584 0.068009610992324152 0.82397433373273599 -0.17837328473171155 0.53936928619113234 0.065838050026135034 0.46852484446238069 -0.031947323424670514 0.33171307021485913 0.12551085261914594 0.050342688183514429 0.58228570227511234 0.058381939250768601 0.066937874082468693 -0.13115683181773544 -0.014668163975473748 0.7925140709858205 0.17487447061058548 0.49776874132778337 0.41793103761156092
leaf_weight=1752 189605 368424 18193 1598 234 343 117 86 50 94 54 175 51 143 90 562 68 812 308 104 413 64 719 517 1206 279 51 72 69 64
leaf_count=1752 189605 368424 18193 1598 234 343 117 86 50 94 54 175 51 143 90 562 68 812 308 104 413 64 719 517 1206 279 51 72 69 64
internal_value=1.68352e-11 -0.00134122 0.0101736 0.040157 0.0766933 0.161446 0.299379 0.495903 0.375738 0.573326 1.00886 0.0522348 0.167669 0.0856312 0.228094 0.0456956 0.092749 0.0814575 0.159964 0.0324262 0.122394 0.29952 -0.0013008 0.0355107 -0.0412449 -0.0874887 0.17202 0.430969 0.117667 0.0660501
internal_weight=586317 396712 28288 10095 5366 1437 635 401 315 198 104 802 459 408 265 3929 2331 2263 870 1393 581 168 4729 2461 2268 1549 709 123 586 343
internal_count=586317 396712 28288 10095 5366 1437 635 401 315 198 104 802 459 408 265 3929 2331 2263 870 1393 581 168 4729 2461 2268 1549 709 123 586 343
is_linear=0
shrinkage=0.05


Tree=149
num_leaves=31
num_cat=0
split_feature=10 10 10 9 11 10 5 1 9 12 10 13 9 3 5 10 10 2 0 13 11 9 2 10 1 10 3 11 9 3
split_gain=866.178 1963.07 1683.62 5975.58 2817.72 2872.25 6257.44 16865.3 11667.5 2483.32 1656.87 1213.04 1101.05 2730.64 1258.25 937.585 3500.49 4120.92 3938.1 1594.5 1735.44 1731.95 1592.68 1395.8 1583.07 1336.72 1739.93 6786.96 1326.12 1569.81
threshold=0.97109106183052074 0.9946616291999818 0.94417876005172741 35.073209762573249 0.28434865176677709 0.95495790243148815 34.675971984863288 35.004354476928718 33.685607910156257 17.250000000000004 0.94970905780792247 81.750000000000014 33.785501480102546 34.557439804077156 34.551334381103523 0.91236633062362682 0.87795194983482372 18.22629547119141 0.22221296280622485 83.250000000000014 -0.45205545425415034 38.152715682983406 5.167039394378663 0.90149331092834484 35.760755538940437 0.88203987479209911 36.995281219482429 0.41326330602169042 37.829210281372077 34.943683624267585
decision_type=2 2 2 2 2 2 2 2 2 2 2 2 2 2 2 2 2 2 2 2 2 2 2 2 2 2 2 2 2 2
left_child=2 -2 15 4 -4 10 -7 8 -8 -10 12 -3 -6 14 -14 16 -1 19 -19 22 21 -21 25 -24 -25 -18 27 28 29 -27
right_child=1 11 3 -5 5 6 7 -9 9 -11 -12 -13 13 -15 -16 -17 17 18 -20 20 -22 -23 23 24 -26 26 -28 -29 -30 -31
leaf_value=-0.00029307232308572995 -0.015705123532284891 0.0003485521095117538 0.022753046712079186 -0.0029709378528759724 0.049078168535038935 0.026919709863743532 1.2908763495146061 0.028902095490350173 0.1527164561673999 0.57010402431597518 0.011752613244024612 0.036553493584842944 0.23225422718772487 0.083031523941883026 0.54128975792258394 -0.011844904322844099 0.061204230861377919 0.58856131200427331 0.041790312442226689 0.41128366956269585 0.053627762698210069 0.078056312564618979 0.045546837860222809 0.39369832143199313 0.042433099448680879 0.18945229466527866 -0.01328127726516219 0.0021023570141570991 0.31477163694375621 0.072370413065369177
leaf_weight=493053 25728 16608 2502 12510 431 402 51 260 56 98 884 2688 93 350 51 16080 1429 63 69 77 551 79 218 79 54 444 4782 5733 88 806
leaf_count=493053 25728 16608 2502 12510 431 402 51 260 56 98 884 2688 93 350 51 16080 1429 63 69 77 551 79 218 79 54 444 4782 5733 88 806
internal_value=2.42819e-11 -0.00666349 0.00055426 0.0157261 0.060898 0.0965627 0.171388 0.296283 0.6354 0.418327 0.0607012 0.00539203 0.10748 0.158434 0.341704 4.17365e-05 0.000418343 0.0246559 0.302749 0.022096 0.09531 0.242534 0.0182992 0.123427 0.251079 0.015521 0.0100134 0.0257672 0.127165 0.113958
internal_weight=586317 45024 541293 17688 5178 2676 867 465 205 154 1809 19296 925 494 144 523605 507525 14472 132 14340 707 156 13633 351 133 13282 11853 7071 1338 1250
internal_count=586317 45024 541293 17688 5178 2676 867 465 205 154 1809 19296 925 494 144 523605 507525 14472 132 14340 707 156 13633 351 133 13282 11853 7071 1338 1250
is_linear=0
shrinkage=0.05


Tree=150
num_leaves=31
num_cat=0
split_feature=0 11 11 7 9 0 11 11 10 12 9 7 0 10 10 4 3 5 3 9 11 7 12 2 8 10 10 3 10 10
split_gain=870.117 2893.05 2934.54 19506.5 2623.43 4667.08 5907.98 5462.16 26667.7 39156.4 7898.04 5185.76 12054.3 5912.68 13646.2 48600.2 13370.1 6802.95 9916.26 9383.45 14666.8 8905.06 8697.61 8110.32 6419.41 5966.19 7595.35 12431 11878.2 11062.2
threshold=1.0000000180025095e-35 0.87377473711967479 0.86527520418167125 30.500618934631351 29.780797958374027 3.0894653797149663 -0.97870382666587818 -0.45205545425415034 -0.88606244325637806 15.750000000000002 24.838127136230472 30.596981048583988 68.488597869873061 -0.38168568909168238 -0.34964421391487116 35.014312744140632 31.731999397277836 27.660520553588871 28.509051322937015 27.295834541320804 -0.96227341890335072 26.670184135437015 17.750000000000004 12.996385574340822 0.25853407382965093 -0.42888796329498285 -0.54883790016174305 27.308145523071293 -0.62540480494499195 -0.65189296007156361
decision_type=2 2 2 2 2 2 2 2 2 2 2 2 2 2 2 2 2 2 2 2 2 2 2 2 2 2 2 2 2 2
left_child=-1 2 4 -4 5 -2 -7 8 9 -8 -9 13 -13 24 15 -15 17 18 19 -16 23 -22 -19 -21 -10 26 28 -28 29 -26
right_child=1 -3 3 -5 -6 6 7 10 11 -11 -12 12 -14 14 16 -17 -18 22 -20 20 21 -23 -24 -25 25 -27 27 -29 -30 -31
leaf_value=0.0012545703268967701 -0.010883801583754628 -0.037797122837823716 -0.03002426800938944 1.0555718136131764 -0.0052435653407611133 -0.055038342007706159 -0.13320990832997304 0.50443156339132633 0.12488085106356846 1.8075186770760787 -0.0012084261167931015 0.11395062946323907 0.86571119970508992 0.13678536743311018 0.044633809652285611 1.7218615020314854 0.45841601005314214 0.085680199450185124 -0.23223078851951012 0.4706833458560355 0.5944840236210529 -0.039029779056595132 -0.16997179577741103 1.3001969893964438 -0.0034248761779474817 -0.14978678798687281 0.42453949357827769 0.0060223640292173348 -0.20863527277385516 0.40971751108205734
leaf_weight=411672 15103 5762 240 50 133434 2026 51 78 995 53 7806 1116 56 319 509 57 190 617 170 68 81 176 722 52 2554 698 268 525 696 173
leaf_count=411672 15103 5762 240 50 133434 2026 51 78 995 53 7806 1116 56 319 509 57 190 617 170 68 81 176 722 52 2554 698 268 525 696 173
internal_value=8.95365e-12 -0.00295726 -0.00176859 0.157147 -0.00204194 0.0101087 0.025917 0.0350138 0.0592732 0.855815 0.0037941 0.0510238 0.149871 0.037963 0.0956315 0.377076 0.0546941 0.022666 0.117557 0.184672 0.373742 0.160638 -0.0521695 0.830139 0.0090654 -0.0143852 0.00803182 0.147463 -0.02427 0.0227847
internal_weight=586317 174645 168883 290 168593 35159 20056 18030 10146 104 7884 10042 1172 8870 2961 376 2585 2395 1056 886 377 257 1339 120 5909 4914 4216 793 3423 2727
internal_count=586317 174645 168883 290 168593 35159 20056 18030 10146 104 7884 10042 1172 8870 2961 376 2585 2395 1056 886 377 257 1339 120 5909 4914 4216 793 3423 2727
is_linear=0
shrinkage=0.05


Tree=151
num_leaves=31
num_cat=0
split_feature=9 1 6 10 11 9 11 10 10 11 9 12 7 13 10 11 12 0 5 10 10 1 8 13 11 12 10 10 11 11
split_gain=862.234 3801.98 4379.07 4509.59 16780 13124 9290.65 47828.4 5644.5 5237.85 7533.76 4803.32 5470 3443.68 3002.38 4548.98 2875.93 2867.97 4353.57 14179.6 2736.55 2376.99 2123.94 2555.9 2104.51 2071.14 4746.68 1832.38 1779.18 3479.93
threshold=28.083243370056156 32.419404983520515 28.991141319274906 -0.63874351978301991 -0.76107609272003163 24.838127136230472 -0.92260536551475514 -0.34964421391487116 -0.78297284245491017 -0.45205545425415034 27.295834541320804 18.250000000000004 26.476396560668949 78.250000000000014 0.72066047787666332 0.54882264137268078 18.250000000000004 62.201110839843757 28.443555831909183 -0.65189296007156361 -0.99865758419036854 29.458713531494144 56.545053482055671 79.750000000000014 1.0000000180025095e-35 14.250000000000002 -0.73831951618194569 -0.70252096652984608 -0.24284072965383527 0.70860043168067943
decision_type=2 2 2 2 2 2 2 2 2 2 2 2 2 2 2 2 2 2 2 2 2 2 2 2 2 2 2 2 2 2
left_child=1 2 14 4 -4 -6 7 -5 9 10 -7 12 -9 -3 17 -16 25 28 -19 -20 -11 22 23 -13 -15 -10 -27 -18 -1 -30
right_child=-2 13 3 6 5 8 -8 11 16 20 -12 21 -14 24 15 -17 27 18 19 -21 -22 -23 -24 -25 -26 26 -28 -29 29 -31
leaf_value=-0.026253840248776573 0.00052868629987381436 0.033563337873168238 0.92245711263629693 1.223611594857962 0.85294164402304951 0.12176174989248488 -0.093008480117707792 -0.017089338361152583 -0.10721730653507014 0.36333442759715906 0.67922407786051442 -0.32699752536727422 0.54634260081553032 -0.17391776980290985 0.57746885280918192 -0.084384321361780174 -0.097060412512375766 -0.049106714400952149 1.0173700295984744 -0.098911955218875053 0.0014072471361730125 -0.22565255574707135 0.24087013523368275 0.082856118543581533 0.006676693576143704 -0.11723314465607626 0.50928815559994789 -0.3669556711215613 0.039220752778673325 -0.011527259798859494
leaf_weight=12411 544891 416 62 89 53 174 1085 112 96 59 93 67 70 801 54 50 234 118 50 66 455 213 68 88 202 59 62 86 4066 19967
leaf_count=12411 544891 416 62 89 53 174 1085 112 96 59 93 67 70 801 54 50 234 118 50 66 455 213 68 88 202 59 62 86 4066 19967
internal_value=-3.40418e-11 -0.006954 -0.00410127 0.0517645 0.117882 0.0814976 -0.00110776 0.139928 0.050476 0.136276 0.315934 -0.0161365 0.199615 -0.0873834 -0.00899951 0.25927 -0.0743093 -0.00976018 0.164725 0.382244 0.0429514 -0.106198 0.00789988 -0.0943064 -0.137547 0.0662039 0.203794 -0.169595 -0.0108805 -0.00294151
internal_weight=586317 41426 40007 3225 1433 1371 1792 707 1318 781 267 618 182 1419 36782 104 537 36678 234 116 514 436 223 155 1003 217 121 320 36444 24033
internal_count=586317 41426 40007 3225 1433 1371 1792 707 1318 781 267 618 182 1419 36782 104 537 36678 234 116 514 436 223 155 1003 217 121 320 36444 24033
is_linear=0
shrinkage=0.05


Tree=152
num_leaves=31
num_cat=0
split_feature=5 11 8 2 4 11 1 13 3 5 10 1 13 5 1 7 3 8 0 7 0 11 3 12 12 11 10 11 13 6
split_gain=830.831 2370.22 1709.63 1417.75 1080.31 4440.94 3937.96 5456.95 9430.15 10830.3 5298.76 5716.32 3780.92 2925.07 2150.53 1889.67 2552.91 1685.96 2202.8 1490.41 1908.23 1476.44 1359.29 1202.7 1074.93 1050.06 996.202 5131.33 6665.54 27886.2
threshold=24.818144798278812 -0.97502842545509327 9.7300586700439471 2.2002706527709965 67.811252593994155 -0.48248986899852747 31.580764770507816 82.750000000000014 29.491782188415531 28.025094032287601 -0.76109719276428212 27.01949501037598 79.750000000000014 29.610651016235355 29.199358940124515 29.73897743225098 32.770467758178718 22.178205490112308 6.179267644882203 26.223810195922855 0.49397093057632452 -0.15855351090431211 27.166994094848636 19.250000000000004 19.250000000000004 -0.82389250397682179 -0.99052327871322621 0.081673368811607375 83.750000000000014 0.50944682955741893
decision_type=2 2 2 2 2 2 2 2 2 2 2 2 2 2 2 2 2 2 2 2 2 2 2 2 2 2 2 2 2 2
left_child=1 2 -1 -3 26 6 7 8 10 -10 -6 12 -12 -11 22 24 -17 18 -16 -7 21 -21 -13 -24 -8 -5 27 -2 -29 -30
right_child=4 3 -4 25 5 19 15 -9 9 13 11 14 -14 -15 17 16 -18 -19 -20 20 -22 -23 23 -25 -26 -27 -28 28 29 -31
leaf_value=0.025894631755126768 -0.0011597411746524532 0.005846378722324126 0.37899880691578519 -0.17711488486833227 0.42946537654903355 0.13212468274244943 -0.25938609925886763 0.57426875655849774 0.92716054105158185 -0.033061850953492379 -0.015876652726105282 -0.069769386147133641 0.57330634189101892 0.41562095778062941 0.29142199689522386 0.23813449338216475 -0.092545563498819913 -0.21635633902230733 -0.13798009936830827 0.21891538812587524 -0.13942925047230623 -0.041183888054608063 -0.5085680395888631 -0.19561023714683823 0.0010540699120610952 -0.05655064556878784 -0.00045489715734037749 0.045904227181504567 1.3440912356972694 -0.12290791467480039
leaf_weight=86 20701 856 57 219 66 97 104 72 67 84 56 61 53 64 64 108 127 71 56 73 460 216 64 59 64 1030 556472 4668 50 92
leaf_count=86 20701 856 57 219 66 97 104 72 67 84 56 61 53 64 64 108 127 71 56 73 460 216 64 59 64 1030 556472 4668 50 92
internal_value=1.4245e-11 -0.0303385 0.166642 -0.0437201 0.000116769 0.0360347 0.096294 0.158122 0.118955 0.399732 0.00919707 -0.0481122 0.270607 0.160963 -0.140753 -0.0321178 0.0594265 -0.0232313 0.0910344 -0.0522887 -0.0761714 0.0245159 -0.262746 -0.35845 -0.160171 -0.0776904 -1.19718e-05 0.00964957 0.0561701 0.393641
internal_weight=586317 2248 143 2105 584069 2086 1240 837 765 215 550 484 109 148 375 403 235 191 120 846 749 289 184 123 168 1249 581983 25511 4810 142
internal_count=586317 2248 143 2105 584069 2086 1240 837 765 215 550 484 109 148 375 403 235 191 120 846 749 289 184 123 168 1249 581983 25511 4810 142
is_linear=0
shrinkage=0.05


Tree=153
num_leaves=31
num_cat=0
split_feature=12 10 10 9 10 8 2 7 5 4 11 13 1 4 8 10 10 4 3 6 7 6 6 2 3 1 13 2 10 10
split_gain=829.018 1576.29 3143.49 2860.57 4150.33 8636.11 3013.28 3287.27 2109.36 2108.01 1894.38 4245.09 4747.31 4917.61 4078.97 3591.99 6990.69 4189.16 3608.17 3634.4 2742.1 5900.78 4736.84 6258.01 5666.91 2676.9 3986.6 2533.24 2483.31 2259.86
threshold=13.750000000000002 -0.32533907890319819 -0.3657191395759582 27.53487586975098 -0.34964421391487116 3.0223373174667363 0.14437189698219302 28.800920486450199 36.641252517700202 6.3434925079345712 -0.07309242337942122 79.750000000000014 32.024335861206062 40.640188217163093 79.308517456054702 -0.88606244325637806 -0.83354803919792164 33.744709014892585 33.446430206298835 29.86877536773682 33.095499038696296 0.87824982404708873 32.596225738525398 16.518680572509769 30.616518974304203 27.419076919555668 78.250000000000014 1.274253845214844 -0.86095303297042836 -0.97505551576614369
decision_type=2 2 2 2 2 2 2 2 2 2 2 2 2 2 2 2 2 2 2 2 2 2 2 2 2 2 2 2 2 2
left_child=1 2 8 -4 5 6 7 -5 10 -6 15 14 13 20 29 18 17 25 -1 -20 21 -13 23 24 -23 -17 27 -27 -28 -12
right_child=-2 -3 3 4 9 -7 -8 -9 -10 -11 11 12 -14 -15 -16 16 -18 -19 19 -21 -22 22 -24 -25 -26 26 28 -29 -30 -31
leaf_value=-0.052359655809244135 -0.00084833420920554033 -0.00092572361240789646 -0.038699524869317534 0.32414394418476156 0.010818114150960822 0.74511733820585357 0.40991612951282735 -0.063808927286502934 0.14024218287288412 0.28754546079737481 0.043085476277919019 0.037899022739460324 -0.003799308341128774 -0.18917808344919387 0.3760931496786607 -0.063105394720612301 -0.003092382124444975 0.55535994885014561 0.022814711670552865 0.44901376613057575 0.58537174655055557 -0.021103683617753041 -0.0071855393739847038 0.89973327351941002 0.58087754250429147 0.28032055083867902 -0.064843577828738216 0.084958338095528177 0.13122939922614024 0.0019736946227124131
leaf_weight=5154 487139 60010 341 80 534 73 81 172 305 79 4342 257 514 73 77 229 9232 51 1314 52 54 71 65 63 87 428 326 271 320 14523
leaf_count=5154 487139 60010 341 80 534 73 81 172 305 79 4342 257 514 73 77 229 9232 51 1314 52 54 71 65 63 87 428 326 271 320 14523
internal_value=1.18075e-11 0.00416682 0.0119692 0.0866541 0.128603 0.252594 0.144623 0.0593507 0.00928269 0.0464812 0.00821763 0.0186595 0.110508 0.1982 0.0129184 -0.00387614 0.0137403 0.109371 -0.0332108 0.039039 0.245568 0.211776 0.368021 0.478376 0.310367 0.0949201 0.121826 0.204579 0.0322824 0.0114361
internal_weight=586317 99178 39168 1360 1019 406 333 252 37808 613 37503 20126 1184 670 18942 17377 10857 1625 6520 1366 597 543 286 221 158 1574 1345 699 646 18865
internal_count=586317 99178 39168 1360 1019 406 333 252 37808 613 37503 20126 1184 670 18942 17377 10857 1625 6520 1366 597 543 286 221 158 1574 1345 699 646 18865
is_linear=0
shrinkage=0.05


Tree=154
num_leaves=31
num_cat=0
split_feature=2 11 10 9 6 13 10 0 9 1 13 4 1 10 11 3 10 5 7 9 5 3 3 7 7 4 7 9 12 0
split_gain=829.392 4302.93 13501 20923.3 23344.4 18460.7 18124.8 5475.93 6830.95 5430.2 12112.3 4447.47 4438.54 4238.69 5156.79 4380.82 6396.83 11961.1 12879.9 18202.9 14956.7 17856.7 4235.82 3772.26 4853.69 3616.68 3549.74 5061.05 5191.07 4075.18
threshold=0.25360839068889623 -0.45205545425415034 -0.8779519498348235 30.243875503540043 3.6752172708511357 82.250000000000014 -0.88606244325637806 5.2836239337921151 32.066881179809577 29.015290260314945 79.750000000000014 67.811252593994155 30.7116813659668 -0.99052327871322621 0.01290981797501445 31.146760940551761 -0.99466162919998158 29.491099357604984 30.94082069396973 30.139940261840824 30.42714881896973 30.091538429260257 29.877464294433597 30.815472602844242 28.962356567382816 33.744709014892585 28.378865242004398 32.291826248168952 19.750000000000004 8.5597853660583514
decision_type=2 2 2 2 2 2 2 2 2 2 2 2 2 2 2 2 2 2 2 2 2 2 2 2 2 2 2 2 2 2
left_child=-1 2 3 4 12 9 -6 8 -7 10 -5 -4 -2 14 15 16 25 -18 19 22 21 -21 -19 24 -16 -3 -13 28 29 -28
right_child=1 13 11 5 6 7 -8 -9 -10 -11 -12 26 -14 -15 23 -17 17 18 -20 20 -22 -23 -24 -25 -26 -27 27 -29 -30 -31
leaf_value=0.0011609473542304092 -0.022191810745965032 0.0026163933636791695 -0.00018231238136648506 -0.084416857751894669 1.4060774066795907 0.72108960473537453 0.41859620192374747 0.78272824397440566 -0.029464792547287878 -0.070365242964329708 0.80459709351261466 0.02332694722505517 0.42944628139026464 -0.019502808956263069 -0.023457472445016062 -0.052938954655010841 -0.078489425090137732 0.3704675428282756 0.057486584777173111 1.0469957947731019 1.3231859067552969 -0.13470553357831458 -0.20640886243341902 0.023666700832958229 0.17416788090440849 -0.16068404568261221 0.40421453762489068 0.0094675141027068151 0.70025558529345144 -0.03674753365978118
leaf_weight=424524 170 3147 93388 106 84 50 104 86 77 1074 60 662 80 51677 436 3715 482 52 429 62 76 66 82 3679 1081 380 120 202 73 93
leaf_count=424524 170 3147 93388 106 84 50 104 86 77 1074 60 662 80 51677 436 3715 482 52 429 62 76 66 82 3679 1081 380 120 202 73 93
internal_value=-6.96709e-12 -0.00304618 0.00366715 0.135951 0.438876 0.0446357 0.859811 0.474649 0.266029 -0.0292295 0.236913 0.00102113 0.122332 -0.0129501 0.0117906 -0.0122177 0.0194572 0.116697 0.239356 0.47019 0.767575 0.437681 0.0174536 0.0510234 0.117369 -0.0149776 0.0987494 0.201064 0.336388 0.211682
internal_weight=586317 161793 96429 1891 438 1453 188 213 127 1240 166 94538 250 65364 13687 8491 4776 1249 767 338 204 128 134 5196 1517 3527 1150 488 286 213
internal_count=586317 161793 96429 1891 438 1453 188 213 127 1240 166 94538 250 65364 13687 8491 4776 1249 767 338 204 128 134 5196 1517 3527 1150 488 286 213
is_linear=0
shrinkage=0.05


Tree=155
num_leaves=31
num_cat=0
split_feature=3 10 9 10 12 9 1 9 3 7 11 10 1 11 10 10 10 9 12 1 13 9 4 7 12 5 12 9 1 7
split_gain=816.553 2229.01 1359.29 1344.64 1885.69 1943.03 1265.56 1187.23 1120.81 3826.69 3450.15 12361.2 5814.86 6724.69 6005.47 15917.6 33187.8 5028.56 5994.35 5767.29 6684.39 5550.36 7197.15 6886.13 5482.17 7891.82 4654.47 7403.39 6760.82 18278.8
threshold=40.744228363037116 0.42888796329498297 42.095750808715827 0.54883790016174328 18.250000000000004 40.75471496582032 39.068861007690437 41.532588958740241 31.988174438476566 28.962356567382816 -0.20930689573287961 -0.83354803919792164 31.054188728332523 -0.10737737268209456 -0.30901412665843958 -0.61188074946403492 -0.58429276943206776 29.249510765075687 15.750000000000002 32.251585006713874 78.750000000000014 30.342226028442386 3.3070884943008427 31.279366493225101 18.750000000000004 31.731070518493656 19.250000000000004 32.099849700927741 32.057044982910163 31.619047164916996
decision_type=2 2 2 2 2 2 2 2 2 2 2 2 2 2 2 2 2 2 2 2 2 2 2 2 2 2 2 2 2 2
left_child=2 -2 8 4 5 6 -3 -6 -1 -10 11 17 13 -12 15 -15 -17 -11 19 -19 -21 22 24 -24 -20 -26 27 -23 29 -29
right_child=1 3 -4 -5 7 -7 -8 -9 9 10 12 -13 -14 14 -16 16 -18 18 21 20 -22 26 23 -25 25 -27 -28 28 -30 -31
leaf_value=-0.0017560461527913681 -0.0680154333599641 0.15635703900659625 -0.045571018208971185 -0.0097867645997576184 -0.054394440287777207 0.14476809393822984 -0.036751385292193961 0.032315440072358988 -0.064055497403838133 -0.11085458950655613 -0.10077531491208949 0.0038024522474539011 -0.0038197375159263846 0.10187703891076533 -0.0047800512021309201 1.4497377756720697 0.092117116903144169 -0.10282241841125364 -0.032286353123008281 0.12847921140066043 -0.0046974814950151876 0.0099974547527165517 0.22468460884606728 0.83794040147215121 0.84694211038832479 0.11970035888706193 0.0094974950841832453 1.1025286437596307 0.097560075715229511 0.19343237730695614
leaf_weight=276971 1507 110 1605 18873 702 554 371 902 2130 453 472 129151 136619 1238 777 71 123 856 257 1409 2844 1754 107 80 52 132 2132 59 3126 880
leaf_count=276971 1507 110 1605 18873 702 554 371 902 2130 453 472 129151 136619 1238 777 71 123 856 257 1409 2844 1754 107 80 52 132 2132 59 3126 880
internal_value=8.00645e-12 -0.00923043 0.000377199 -0.00511231 0.0283174 0.0809334 0.00741062 -0.00563365 0.000508493 0.00271138 0.00321463 0.00866184 -0.00238868 0.0705354 0.10714 0.167867 0.588978 0.053043 0.0584672 0.0155904 0.0394234 0.0840013 0.227102 0.48704 0.116879 0.325225 0.0726986 0.0958546 0.132901 0.250553
internal_weight=586317 23019 563298 21512 2639 1035 481 1604 561693 284722 282592 143292 139300 2681 2209 1432 194 14141 13688 5109 4253 8579 628 187 441 184 7951 5819 4065 939
internal_count=586317 23019 563298 21512 2639 1035 481 1604 561693 284722 282592 143292 139300 2681 2209 1432 194 14141 13688 5109 4253 8579 628 187 441 184 7951 5819 4065 939
is_linear=0
shrinkage=0.05


Tree=156
num_leaves=31
num_cat=0
split_feature=0 2 10 11 12 1 11 11 1 12 7 0 5 11 11 9 8 3 0 3 12 4 10 13 12 4 11 1 0 11
split_gain=852.964 2573.87 2594.9 2654.04 3388.15 3063.09 2470.91 2810.58 14811.6 15484.9 29561 20746.9 5057.52 3360.87 3740.56 18867.3 6905.43 7874.21 6895.67 3571.18 3804.99 9618.64 3026.62 3010.83 2722.94 2573.41 2492.39 6299.49 4860.79 4706.41
threshold=1.0000000180025095e-35 17.880877494812015 0.13301347196102145 -0.20930689573287961 19.750000000000004 31.79950046539307 0.87377473711967479 0.80898702144622814 28.635541915893558 15.250000000000002 30.500618934631351 4.1963734626770028 30.327604293823246 0.73246693611145031 0.63207998871803295 24.838127136230472 0.13965627551078799 29.913023948669437 10.828347682952883 30.489752769470218 15.250000000000002 2.3091909885406499 -0.73831951618194569 79.250000000000014 13.750000000000002 1.0000000180025095e-35 0.13300977647304538 28.514179229736332 78.94366836547853 0.01290981797501445
decision_type=2 2 2 2 2 2 2 2 2 2 2 2 2 2 2 2 2 2 2 2 2 2 2 2 2 2 2 2 2 2
left_child=1 -1 3 4 -3 -6 7 13 -9 10 12 -12 25 14 26 -16 22 23 -19 -15 21 -21 -17 -18 -25 -10 29 28 -28 -2
right_child=6 2 -4 -5 5 -7 -8 8 9 -11 11 -13 -14 19 15 16 17 18 -20 20 -22 -23 -24 24 -26 -27 27 -29 -30 -31
leaf_value=0.00077866231085661373 -0.002198455226482723 0.08171614625437483 -0.0089790404622137037 0.012357225555866351 0.071598522058658062 0.53982168875634673 -0.035125799010949643 -0.069958685049177669 0.2926482963500564 -0.051562751842673352 0.49766580302323871 1.8215864003829236 0.58854911774396901 -0.10250519344342619 0.88191284042070905 0.15018808689677282 0.17830579143495132 0.26015232311123432 0.92362653924660254 0.011226665950586311 -0.060683671331860062 0.68569123300629253 -0.038869830613967177 -0.38791479052140798 0.054367742946521302 -0.024441105820872683 0.044790729588389484 -0.03097496719531135 0.470909579033437 0.043159754196415434
leaf_weight=406091 138122 1803 2097 1539 62 80 5762 955 97 306 67 53 60 1647 68 247 195 136 55 226 464 69 1481 58 87 188 2225 16042 69 5966
leaf_count=406091 138122 1803 2097 1539 62 80 5762 955 97 306 67 53 60 1647 68 247 195 136 55 226 464 69 1481 58 87 188 2225 16042 69 5966
internal_value=-1.08584e-11 0.00124214 0.0349665 0.061417 0.100236 0.335386 -0.00292797 -0.00182944 0.0616477 0.224662 0.406436 1.0824 0.171319 -0.00248488 -0.0016281 0.0613155 0.036614 0.194314 0.451205 -0.0611527 0.0285806 0.168983 -0.0118459 0.0500017 -0.122545 0.0834806 -0.00252987 -0.0198925 0.0576077 -0.000320387
internal_weight=586317 411672 5581 3484 1945 142 174645 168883 1726 771 465 120 345 167157 164751 2327 2259 531 191 2406 759 295 1728 340 145 285 162424 18336 2294 144088
internal_count=586317 411672 5581 3484 1945 142 174645 168883 1726 771 465 120 345 167157 164751 2327 2259 531 191 2406 759 295 1728 340 145 285 162424 18336 2294 144088
is_linear=0
shrinkage=0.05


Tree=157
num_leaves=31
num_cat=0
split_feature=4 11 10 9 10 3 13 12 4 10 6 7 2 11 3 5 1 13 5 5 9 1 7 5 3 10 9 12 12 12
split_gain=857.126 2681.95 14668.5 15701.5 26355.1 61669.9 17217.5 10957.1 9675.53 5079.83 13993.2 5273.15 4933.95 4867.1 10339.1 4811.13 3896.3 3863.82 4403.41 3584.43 3565.49 3555.1 3472.32 5577.62 3291.79 3280.35 9324.42 23559.8 3159.88 3031.49
threshold=0.14512829482555392 -0.45205545425415034 -0.86958134174346913 28.799597740173343 -0.88606244325637806 31.483697891235355 81.750000000000014 17.750000000000004 9.6568117141723651 -0.8779519498348235 4.8011822700500497 31.52226543426514 9.3186912536621112 -0.40541070699691767 31.638983726501468 27.547017097473148 31.23999118804932 79.250000000000014 31.762591361999515 29.323629379272464 32.814941406250007 28.750182151794437 32.77949523925782 32.486740112304695 33.882703781127937 -0.65189296007156361 24.838127136230472 12.750000000000002 16.250000000000004 15.750000000000002
decision_type=2 2 2 2 2 2 2 2 2 2 2 2 2 2 2 2 2 2 2 2 2 2 2 2 2 2 2 2 2 2
left_child=-1 2 3 4 5 -2 15 8 -6 10 12 -11 -8 14 19 -5 -16 18 28 -3 21 -17 -19 -24 -23 26 27 -15 -18 -4
right_child=1 13 29 6 7 -7 9 -9 -10 11 -12 -13 -14 25 16 20 17 22 -20 -21 -22 24 23 -25 -26 -27 -28 -29 -30 -31
leaf_value=0.0012179034276676049 0.084863652573212212 -0.049321346342481365 -0.014757007926521999 0.47242394955301625 0.16002892098102556 2.3194805927574635 0.097524266270612253 -0.27525370471534277 0.95746684125065817 -0.28876279442096658 0.9931428593949656 0.36100077144005094 0.67057372111082081 -0.15876384811475874 -0.18670456502033342 0.34574849986974365 0.16806337421535161 -0.17729811770593601 0.078990543852582362 -0.19449500021267552 -0.10745484076744918 -0.0027192836291253775 0.54096389728433947 -0.0061916776634150083 0.40022138873080043 -0.025213208041571039 -0.0016054526753912731 1.145768977884875 0.7048306606136836 0.0046509981139121253
leaf_weight=417053 76 634 28470 53 159 52 151 105 50 53 89 76 50 80 202 87 58 263 631 1291 636 1161 51 537 53 18546 46933 61 52 68604
leaf_count=417053 76 634 28470 53 159 52 151 105 50 53 89 76 50 80 202 87 58 263 631 1291 636 1161 51 537 53 18546 46933 61 52 68604
internal_value=-4.10428e-11 -0.00300082 0.002242 0.114026 0.387961 0.992677 0.0637643 0.141453 0.350804 0.355074 0.471188 0.0940436 0.240074 -0.0105563 -0.0662007 0.00242812 0.0201574 0.046405 0.129881 -0.146682 -0.0104319 0.0369983 -0.0262811 0.0412657 0.014872 -0.00740265 -0.000385731 0.405609 0.421808 -0.00104101
internal_weight=586317 169264 99925 2851 442 128 2409 314 209 419 290 129 201 69339 3719 1990 1794 1592 741 1925 1937 1301 851 588 1214 65620 47074 141 110 97074
internal_count=586317 169264 99925 2851 442 128 2409 314 209 419 290 129 201 69339 3719 1990 1794 1592 741 1925 1937 1301 851 588 1214 65620 47074 141 110 97074
is_linear=0
shrinkage=0.05


Tree=158
num_leaves=31
num_cat=0
split_feature=12 10 13 1 11 3 5 9 8 9 12 13 6 10 1 10 3 12 3 10 12 5 5 9 8 5 1 13 11 3
split_gain=805.406 1413.98 2614.87 2549.5 3154.49 11202.4 3434.06 2847.21 5538.84 2005.74 1972.1 1849.11 1799.49 1720.6 7079.44 7445.14 6293.55 10703.7 14344.3 4666.12 7554.99 7415.47 5885.4 3898.22 3717.64 3695.87 5129.14 7419.38 39371.5 5741.12
threshold=13.750000000000002 -0.99939814209938038 82.750000000000014 31.396285057067875 1.0000000180025095e-35 30.391736030578617 31.328165054321293 29.157420158386234 22.661506652832035 30.692554473876957 14.250000000000002 78.250000000000014 0.74470108747482311 -0.99052327871322621 31.023309707641605 -0.99273952841758717 31.022085189819339 18.750000000000004 31.922671318054203 -0.99865758419036854 16.250000000000004 30.709156036376957 29.406868934631351 29.202995300292972 1.0000000180025095e-35 30.523216247558597 32.965463638305671 83.250000000000014 0.098816476762294783 33.047964096069343
decision_type=2 2 2 2 2 2 2 2 2 2 2 2 2 2 2 2 2 2 2 2 2 2 2 2 2 2 2 2 2 2
left_child=-1 2 3 -2 7 -6 9 8 -5 -7 -8 -11 -4 14 15 19 -17 18 -18 20 21 -3 -21 -22 -24 -16 -27 -28 29 -29
right_child=1 13 12 4 5 6 10 -9 -10 11 -12 -13 -14 -15 25 16 17 -19 -20 22 23 -23 24 -25 -26 26 27 28 -30 -31
leaf_value=0.0041070509907502328 -0.088768928121201823 0.2080957785783881 0.20663673063359594 -0.12273942219564714 0.7334965872245709 0.017680862246551247 0.28747439490258697 -0.079859230329398234 0.49096834073689855 0.071278336961512215 -0.03294636828055942 0.44061087518521069 0.0079196785411917835 -0.0011068193034536116 -0.081202832075399523 0.12239590170292598 1.4000774883031846 0.052109461704579502 0.25339035501082735 -0.10854791076019391 0.40979688349179927 0.82382317225434898 0.12617762589393414 -0.0049828228387702074 0.0028628159290256631 0.037579683178204447 -0.056863265470706414 0.26153361366854772 1.3497530605395636 -0.20177151970565321
leaf_weight=99178 1614 181 186 83 56 107 50 1530 66 54 1213 91 294 465763 1464 679 50 96 60 791 64 67 949 493 1717 5179 3877 99 60 206
leaf_count=99178 1614 181 186 83 56 107 50 1530 66 54 1213 91 294 465763 1464 679 50 96 60 791 64 67 949 493 1717 5179 3877 99 60 206
internal_value=-4.01343e-12 -0.000836166 -0.026414 -0.0374011 -0.0118911 0.0390338 0.0133639 -0.0595403 0.149104 0.181891 -0.0202615 0.303066 0.0849225 -0.000552461 0.0155528 0.0638712 0.195838 0.437912 0.774612 0.0364685 0.144884 0.374441 0.0112226 0.0426759 0.0467584 -0.00729468 0.00419047 -0.036574 0.178937 -0.0513872
internal_weight=586317 487139 5344 4864 3250 1571 1515 1679 149 252 1263 145 480 481795 16032 5147 885 206 110 4262 805 248 3457 557 2666 10885 9421 4242 365 305
internal_count=586317 487139 5344 4864 3250 1571 1515 1679 149 252 1263 145 480 481795 16032 5147 885 206 110 4262 805 248 3457 557 2666 10885 9421 4242 365 305
is_linear=0
shrinkage=0.05


Tree=159
num_leaves=31
num_cat=0
split_feature=0 2 10 9 11 11 1 12 7 4 7 1 11 9 11 9 8 5 1 4 10 7 8 11 10 10 3 10 4 5
split_gain=786.389 2318.03 2328.32 2530.16 2178.87 2576.35 13382.7 13988 26669.5 19498.2 4750.01 9390.12 2989.28 3380.74 8033.09 13200.5 7580.2 8429.21 18685.9 4785.42 4653.42 9989.61 4614.04 4177.93 4088.63 5590.31 9427.86 15206.8 24888.7 8060.04
threshold=1.0000000180025095e-35 17.880877494812015 0.13301347196102145 36.461299896240241 0.87377473711967479 0.80898702144622814 28.635541915893558 15.250000000000002 30.500618934631351 0.4196403175592423 29.697713851928714 30.164243698120121 0.73246693611145031 29.780797958374027 0.59123954176902782 24.838127136230472 0.13965627551078799 28.443555831909183 27.643974304199222 0.25746367871761328 0.72066047787666332 30.306732177734379 19.034853935241703 0.56312987208366405 -0.20088869333267209 -0.38168568909168238 31.731999397277836 -0.3334656953811645 44.86070632934571 32.348861694335945
decision_type=2 2 2 2 2 2 2 2 2 2 2 2 2 2 2 2 2 2 2 2 2 2 2 2 2 2 2 2 2 2
left_child=1 -1 3 -3 5 12 -7 8 10 -10 -8 -12 13 14 20 -16 -17 22 -19 -20 23 -22 -18 24 25 -2 27 28 -27 -29
right_child=4 2 -4 -5 -6 6 7 -9 9 -11 11 -13 -14 -15 15 16 17 18 19 -21 21 -23 -24 -25 -26 26 -28 29 -30 -31
leaf_value=0.00075283943748333899 0.0048382241789084492 0.052018719187336186 -0.0084299611799289239 0.34951465005335747 -0.033046649343875044 -0.066102537388147795 0.024418621534393149 -0.048588519474929752 0.48081680804059124 1.7701012390501358 0.78083887300971488 -0.10091718968290549 -0.05773686751152729 -0.0052124273386092703 0.80928548009080048 -0.0087914593439146205 0.13836981556895708 1.2564511634831159 0.65500876166409361 0.13087296744254936 0.84396541843262429 -0.037839163417118564 -0.35591720710508529 -0.17979928288596331 -0.037093127483229869 0.12981678273542882 0.26537060438657106 -0.024920271916229558 0.99204867579366851 0.60278036135893609
leaf_weight=406091 22555 3411 2097 73 5762 955 221 306 69 51 72 52 2406 131331 68 758 180 53 54 225 52 84 64 299 4339 927 521 3097 92 52
leaf_count=406091 22555 3411 2097 73 5762 955 221 306 69 51 72 52 2406 131331 68 758 180 53 54 225 52 84 64 299 4339 927 521 3097 92 52
internal_value=3.07748e-11 0.00119268 0.0331971 0.0582521 -0.00281138 -0.00177981 0.0589946 0.213946 0.386711 1.02876 0.163389 0.41107 -0.00240734 -0.00159932 0.0125992 0.129746 0.095107 0.231834 0.39581 0.232319 0.00746955 0.299321 0.00872076 0.00622459 0.0079857 0.0151652 0.0648397 0.0397733 0.207663 -0.0145549
internal_weight=586317 411672 5581 3484 174645 168883 1726 771 465 120 345 124 167157 164751 33420 1402 1334 576 332 279 32018 136 244 31882 31583 27244 4689 4168 1019 3149
internal_count=586317 411672 5581 3484 174645 168883 1726 771 465 120 345 124 167157 164751 33420 1402 1334 576 332 279 32018 136 244 31882 31583 27244 4689 4168 1019 3149
is_linear=0
shrinkage=0.05


Tree=160
num_leaves=31
num_cat=0
split_feature=9 1 11 10 1 11 10 10 5 12 6 10 13 2 11 1 5 10 3 2 4 9 5 4 6 12 11 11 10 9
split_gain=835.813 2068.22 2196.78 11359.8 53283.7 3411.25 7705.39 24759 25477.3 2971.9 2667.49 2506.16 2197.58 2044.74 1830.46 1692.94 3246.08 2374.13 1448.15 3354.66 2185.86 1386.97 1336.53 1436.56 1248.46 1213.48 1654.53 1210.62 1190.87 1141.89
threshold=26.860345840454105 30.427058219909672 -0.92260536551475514 -0.34964421391487116 29.331702232360843 -0.24284072965383527 -0.70252096652984608 -0.71466678380966175 26.874595642089847 19.250000000000004 29.86877536773682 -0.99273952841758717 80.750000000000014 34.634450912475593 -0.62538740038871754 29.659092903137211 28.796978950500492 -0.94697898626327504 24.83557224273682 23.566570281982425 38.949720382690437 26.480161666870121 26.495076179504398 5.6364703178405771 0.38400584459304815 12.750000000000002 -0.17552498728036878 0.99962961673736583 0.012910176534205677 26.231262207031254
decision_type=2 2 2 2 2 2 2 2 2 2 2 2 2 2 2 2 2 2 2 2 2 2 2 2 2 2 2 2 2 2
left_child=1 2 3 4 22 10 7 11 -9 12 13 -7 18 -4 -3 16 17 25 19 -5 -20 24 -1 -24 -19 29 -27 -8 -29 -13
right_child=-2 14 5 9 -6 6 27 8 -10 -11 -12 15 -14 -15 -16 -17 -18 21 20 -21 -22 -23 23 -25 -26 26 -28 28 -30 -31
leaf_value=-0.19326231595542698 0.00031790123976961718 -0.10942935195046705 -0.044265154229401873 0.01873168136183348 1.8186606699228287 -0.071607854074488095 -0.019620654858750676 0.067838860726823991 1.6406581398959343 -0.26695138804384116 -0.1692912429799055 0.23258857344942432 0.32547156768185753 0.22554895870594516 -0.018775084368298993 -0.10098394784921159 0.51122286880016332 0.23134557185694576 0.002317529832319368 0.45581690718076734 -0.28004295337531299 -0.10727077715944314 -0.10793664195373948 0.25733902415162641 0.010510544304270298 0.15652880534911767 0.49954415194224566 0.19789476883128401 -0.0062775826704455544 -0.070328881085983341
leaf_weight=72 570149 925 2837 191 50 300 6827 51 52 97 443 70 56 72 1399 96 50 96 1427 57 72 141 51 57 192 78 64 129 160 56
leaf_count=72 570149 925 2837 191 50 300 6827 51 52 97 443 70 56 72 1399 96 50 96 1427 57 72 141 51 57 192 78 64 129 160 56
internal_value=2.52623e-11 -0.0112105 -0.00388346 0.042825 0.374703 -0.0123766 0.00470665 0.119409 0.861884 0.00265024 -0.0549931 0.0525015 0.0171546 -0.037587 -0.0548574 0.0966685 0.12207 0.0941533 0.00727152 0.119191 -0.0112448 0.0212168 -0.0263963 0.0848477 0.0841222 0.210906 0.311127 -0.0153775 0.0848582 0.0979586
internal_weight=586317 16168 13844 2130 230 11714 8362 1246 103 1900 3352 1143 1803 2909 2324 843 747 697 1747 248 1499 429 180 108 288 268 142 7116 289 126
internal_count=586317 16168 13844 2130 230 11714 8362 1246 103 1900 3352 1143 1803 2909 2324 843 747 697 1747 248 1499 429 180 108 288 268 142 7116 289 126
is_linear=0
shrinkage=0.05


Tree=161
num_leaves=31
num_cat=0
split_feature=4 11 1 10 9 9 9 13 13 3 7 5 12 11 4 5 1 7 2 10 12 13 11 1 8 10 10 1 12 5
split_gain=796.569 2529.72 4380.18 3949.48 19572.2 5041.97 5408.46 5377.51 8248.74 4861.98 8825.68 4492.65 6151.45 13436.8 6932.3 4180.74 12611.3 3693.05 3936.24 3579.97 3454.55 5302.59 4701.81 3774.92 3535.76 4416.14 13351.9 11218.5 12168.5 7537.78
threshold=0.1536347642540932 0.16704543679952624 31.6137228012085 -0.70252096652984608 24.838127136230472 28.799597740173343 32.002019882202156 80.250000000000014 79.250000000000014 31.638983726501468 32.323551177978523 31.359388351440433 16.250000000000004 0.77756834030151378 1.2973335981369021 28.509267807006839 27.01949501037598 30.339541435241703 4.826845884323121 -0.80392050743103016 16.750000000000004 76.750000000000014 1.0000000180025095e-35 31.427606582641605 19.034853935241703 -0.064507851377129541 -0.1330134719610214 30.062276840209964 18.750000000000004 30.327604293823246
decision_type=2 2 2 2 2 2 2 2 2 2 2 2 2 2 2 2 2 2 2 2 2 2 2 2 2 2 2 2 2 2
left_child=-1 20 3 4 -3 15 -7 8 -8 10 -10 -5 13 -13 -15 -6 -17 18 -18 -20 22 23 -2 -22 -23 26 -26 28 -28 -29
right_child=1 2 -4 11 5 6 7 -9 9 -11 -12 12 -14 14 -16 16 17 -19 19 -21 21 24 -24 -25 25 -27 27 29 -30 -31
leaf_value=0.0011708356309196996 -0.014201380900232289 0.87069313622899913 -0.046299394260244396 -0.032075216714783458 0.018748180301793933 -0.026457188512838486 0.029106014505531359 -0.080471063035248383 0.25845685996583762 0.065709920862206714 0.90646832793091348 -0.12655414439737797 -0.049241381121706645 0.28366857576818971 1.0608111933370432 0.8149774585475229 0.010286215677535019 0.48917272526265709 0.15207693849818851 0.61352704572034822 -0.064202904702774982 0.0058955136442401888 0.04391259571902266 0.00052220071466214111 0.037472496723178796 -0.034818691448372317 0.12083649348657011 -0.31570135074789113 1.0468087627646629 0.29488354717336951
leaf_weight=417721 49632 67 8593 9911 1382 6135 518 335 161 108 78 90 221 55 60 67 624 59 239 51 4288 66273 3743 4746 8929 1825 59 69 89 189
leaf_count=417721 49632 67 8593 9911 1382 6135 518 335 161 108 78 90 221 55 60 67 624 59 239 51 4288 66273 3743 4746 8929 1825 59 69 89 189
internal_value=1.49234e-11 -0.00290091 -0.0164077 -0.00366729 0.0190333 0.0131851 -0.00746871 0.0896099 0.155479 0.344129 0.469942 -0.0252413 0.133752 0.331027 0.689134 0.0757347 0.151461 0.105772 0.0810228 0.233229 -0.00012368 0.00605066 -0.0101261 -0.0301997 0.0102799 0.0363166 0.0502236 0.330653 0.677671 0.131588
internal_weight=586317 168596 28754 20161 9824 9757 7335 1200 865 347 239 10337 426 205 115 2422 1040 973 914 290 139842 86467 53375 9034 77433 11160 9335 406 148 258
internal_count=586317 168596 28754 20161 9824 9757 7335 1200 865 347 239 10337 426 205 115 2422 1040 973 914 290 139842 86467 53375 9034 77433 11160 9335 406 148 258
is_linear=0
shrinkage=0.05


Tree=162
num_leaves=31
num_cat=0
split_feature=2 11 10 9 6 3 13 0 9 1 13 4 10 11 3 10 5 7 9 1 7 7 7 9 12 0 10 6 5 4
split_gain=787.861 3741.5 11039.8 17732.1 19751.9 16683.7 15372.3 4862.38 5888.62 4740.1 10721.3 3845.16 3405.97 4163.78 3855.09 5646.77 10628.5 15824.7 15477.2 4120.17 3345.94 4321.06 3288.52 4523.73 4695.97 3710.09 6022.54 3244.78 5125.56 3216.21
threshold=0.25360839068889623 -0.45205545425415034 -0.8779519498348235 30.243875503540043 3.2151883840560918 31.176336288452152 82.250000000000014 5.2836239337921151 32.066881179809577 29.015290260314945 79.750000000000014 67.811252593994155 -0.99052327871322621 0.01290981797501445 31.146760940551761 -0.99466162919998158 30.392380714416507 31.246698379516605 30.139940261840824 31.084787368774418 30.815472602844242 28.962356567382816 28.378865242004398 32.291826248168952 19.750000000000004 8.5597853660583514 -0.45972847938537592 4.722271442413331 29.649803161621097 33.744709014892585
decision_type=2 2 2 2 2 2 2 2 2 2 2 2 2 2 2 2 2 2 2 2 2 2 2 2 2 2 2 2 2 2
left_child=-1 2 3 4 -2 -6 9 8 -8 10 -5 -4 13 14 15 29 19 18 -18 27 21 -15 -13 24 25 26 -24 -17 -29 -3
right_child=1 12 11 6 5 -7 7 -9 -10 -11 -12 22 -14 20 -16 16 17 -19 -20 -21 -22 -23 23 -25 -26 -27 -28 28 -30 -31
leaf_value=0.0011315073237301502 0.091140750805863147 0.0023520972001007342 -0.00022056719536303962 -0.082215891933103788 0.34077804851587173 1.2517719094899107 0.65716924893856055 0.72155350734328128 -0.039694955287041603 -0.066989761336816708 0.75419285976638406 0.01917416663514028 -0.018078057970226741 -0.025163694216502372 -0.049799464325261368 -0.0089773269656092634 0.10018059382242944 0.068651360733378117 1.0802866372436579 -0.19511815990424819 0.019462676682257856 0.16130321826958111 0.78834365336940848 0.0091061778882942576 0.664266335372239 -0.037464700462997602 0.073527622069506082 0.016519106992887795 0.54352238818071785 -0.15164216661335606
leaf_weight=424524 236 3147 93388 106 108 94 50 86 77 1074 60 662 51677 436 3715 430 67 264 101 198 3679 1081 52 202 73 93 68 109 80 380
leaf_count=424524 236 3147 93388 106 108 94 50 86 77 1074 60 662 51677 436 3715 430 67 264 101 198 3679 1081 52 202 73 93 68 109 80 380
internal_value=-8.46825e-12 -0.00296893 0.00329113 0.122911 0.40178 0.764706 0.0388474 0.431247 0.234661 -0.0285567 0.220101 0.000898426 -0.0122042 0.0099735 -0.0115997 0.0181139 0.109475 0.310058 0.689411 0.00341338 0.0452272 0.107711 0.0917685 0.190247 0.318185 0.199575 0.383281 0.0669178 0.239589 -0.0142393
internal_weight=586317 161793 96429 1891 438 202 1453 213 127 1240 166 94538 65364 13687 8491 4776 1249 432 168 817 5196 1517 1150 488 286 213 120 619 189 3527
internal_count=586317 161793 96429 1891 438 202 1453 213 127 1240 166 94538 65364 13687 8491 4776 1249 432 168 817 5196 1517 1150 488 286 213 120 619 189 3527
is_linear=0
shrinkage=0.05


Tree=163
num_leaves=31
num_cat=0
split_feature=12 1 10 10 13 11 10 11 13 8 10 10 10 3 11 1 11 10 11 13 10 5 10 5 10 8 4 9 13 10
split_gain=765.279 1424.01 2663.75 7327.34 2376.13 2691.44 8575.27 2342.92 3348.18 1637.52 2572.7 3221.38 1551.01 1416.53 4734.13 3692.94 8123.3 8043.09 8091.6 22204.7 14344.8 17910.9 7783.12 25170.7 12495.1 22529.9 8393.57 7625.39 8158.37 6839.85
threshold=13.750000000000002 25.505497932434086 -0.79356426000595082 -0.76109719276428212 76.250000000000014 -0.80389818549156178 -0.48250326514244074 0.88999459147453319 77.750000000000014 79.308517456054702 -0.45972847938537592 -0.71466678380966175 -0.21772121638059613 31.858166694641117 -0.99937036633491505 32.184171676635749 -0.99981480836868275 -0.073094449937343584 0.78827583789825451 79.750000000000014 -0.46735489368438715 32.086416244506843 -0.30081701278686518 30.392380714416507 -0.26781183481216425 10.236582279205324 4.6570360660552987 32.356893539428718 80.250000000000014 -0.38168568909168238
decision_type=2 2 2 2 2 2 2 2 2 2 2 2 2 2 2 2 2 2 2 2 2 2 2 2 2 2 2 2 2 2
left_child=1 2 -1 -4 5 6 -5 -6 -9 -3 11 -11 -8 14 -2 17 27 18 22 -20 21 -21 29 -24 25 -25 -26 -17 -29 -15
right_child=13 9 3 4 7 -7 12 8 -10 10 -12 -13 -14 15 -16 16 -18 -19 19 20 -22 -23 23 24 26 -27 -28 28 -30 -31
leaf_value=-0.10475158826448024 -0.086785329733281388 0.0029103938785974915 0.62308013827122499 0.82767666780948645 -0.036262569077544569 -0.035204794547770445 -0.025414820025233847 0.029863348290560206 0.41272400232975359 0.052666892673148481 -0.11477418382439697 0.59112292428811386 0.21821743200131347 0.020756049869195825 -0.0032063717604107092 0.23784061430057368 -0.0013735766778196561 -0.020267646766362252 0.064436207616616628 1.384285065135624 0.022843746170401576 0.34991751880793087 0.90903234290449242 0.1698299366107161 -0.0361091299635957 1.3066124091545741 0.19725459147487423 -0.068824255758063932 0.30608686719049694 -0.1220305562964476
leaf_weight=248 1708 97174 58 50 772 142 114 221 77 61 57 51 153 19210 211012 687 238511 10231 1554 79 80 89 95 226 1339 54 541 660 186 877
leaf_count=248 1708 97174 58 50 772 142 114 221 77 61 57 51 153 19210 211012 687 238511 10231 1554 79 80 89 95 226 1339 54 541 660 186 877
internal_value=-6.07272e-12 0.00400343 0.0476402 0.0714545 0.0505295 0.145697 0.226731 0.00970546 0.12879 0.00318084 0.158685 0.297857 0.114195 -0.00081507 -0.00387746 0.00155878 -0.000636169 0.0168864 0.0326303 0.134552 0.573906 0.836317 0.0244098 0.112488 0.0774552 0.389067 0.031045 0.114093 0.013603 0.014522
internal_weight=586317 99178 1835 1587 1529 459 317 1070 298 97343 169 112 267 487139 212720 274419 240044 34375 24144 1802 248 168 22342 2255 2160 280 1880 1533 846 20087
internal_count=586317 99178 1835 1587 1529 459 317 1070 298 97343 169 112 267 487139 212720 274419 240044 34375 24144 1802 248 168 22342 2255 2160 280 1880 1533 846 20087
is_linear=0
shrinkage=0.05


Tree=164
num_leaves=31
num_cat=0
split_feature=9 1 6 10 10 11 9 13 11 10 12 3 3 13 5 0 10 7 0 13 5 3 3 9 8 1 13 12 1 0
split_gain=772.673 3324.53 3419.01 3993.27 9656.98 7418.82 3256.37 3065.36 3027.81 15458.1 4515.52 2559.72 2592.92 3101.81 2440.44 2605.74 2393.48 3911.4 2456.41 3805.73 4210.3 8424.54 3439.89 6393.77 3343.1 6304.27 2236.19 2172.64 2081.8 3305.24
threshold=28.083243370056156 32.419404983520515 43.16392898559571 -0.63874351978301991 -0.65189296007156361 0.6838940978050233 26.670157432556156 78.250000000000014 -0.92260536551475514 -0.34964421391487116 18.250000000000004 31.669790267944339 28.683040618896488 77.750000000000014 27.547017097473148 5.1942808628082284 0.72066047787666332 28.56797027587891 19.246644973754886 81.750000000000014 30.490084648132328 30.554063796997074 29.048268318176273 26.860345840454105 37.931264877319343 27.163667678833011 79.750000000000014 15.250000000000002 29.697037696838382 32.681743621826179
decision_type=2 2 2 2 2 2 2 2 2 2 2 2 2 2 2 2 2 2 2 2 2 2 2 2 2 2 2 2 2 2
left_child=1 2 16 4 5 6 -4 -3 9 -5 -11 12 -8 -14 15 -10 18 -18 -1 20 21 22 24 -24 -20 26 -26 -25 29 -12
right_child=-2 7 3 8 -6 -7 11 -9 14 10 28 -13 13 -15 -16 -17 17 -19 19 -21 -22 -23 23 27 25 -27 -28 -29 -30 -31
leaf_value=-0.010824548455203789 0.00050047619850043638 0.032317127738441254 -0.082439361007085876 0.86648939378690304 0.78351980352943595 0.67521475381576102 -0.043788470478370943 -0.12912063035692189 -0.067945943492802849 0.3381429198700574 0.21232588269471467 -0.18686687535847779 0.49755234254731073 0.14979538063564643 -0.14915224934918617 0.27575782098314344 0.54598536622144433 -0.056748194972935477 0.0076366211301500259 -0.17636369753642275 -0.13563092759488812 0.73510050189495091 0.70480763362878462 0.28425963795185089 0.16628983986492341 0.55723337770201442 -0.22119186899528423 -0.09264485679375821 -0.25035364349683126 -0.25450147891990266
leaf_weight=36021 544891 416 266 57 55 52 99 1003 157 71 91 54 90 223 392 85 51 57 1078 175 223 50 59 75 104 86 58 78 135 65
leaf_count=36021 544891 416 266 57 55 52 99 1003 157 71 91 54 90 223 392 85 51 57 1078 175 223 50 59 75 104 86 58 78 135 65
internal_value=2.77012e-12 -0.00658294 -0.00391534 0.0616901 0.143068 0.0981384 0.0571439 -0.0817929 -0.0031495 0.101144 -0.0193661 0.13682 0.179245 0.249789 -0.0720754 0.0527765 -0.00717194 0.227876 -0.00783985 0.046295 0.0678109 0.0963799 0.0756152 0.262627 0.045716 0.211238 0.0275618 0.0921122 -0.106593 0.0178145
internal_weight=586317 41426 40007 1892 839 784 732 1419 1053 419 362 466 412 313 634 242 38115 108 38007 1986 1811 1588 1538 212 1326 248 162 153 291 156
internal_count=586317 41426 40007 1892 839 784 732 1419 1053 419 362 466 412 313 634 242 38115 108 38007 1986 1811 1588 1538 212 1326 248 162 153 291 156
is_linear=0
shrinkage=0.05


Tree=165
num_leaves=31
num_cat=0
split_feature=3 10 9 10 7 1 12 5 7 12 10 11 10 9 1 10 9 10 5 2 9 2 3 10 2 10 5 4 10 13
split_gain=754.081 2011.58 1226.1 1218.11 1359.73 1557.66 1481.56 1019.64 3985.16 4832.69 5761.82 4339.69 7905.94 22793.3 27458.5 9429.4 8182.62 26338.2 20377.5 10611.7 10189.7 9511.56 6669.69 6643.57 6765.06 11225.4 14278.9 20732.6 12632 36351.8
threshold=40.744228363037116 0.42888796329498297 42.095750808715827 0.59125596284866344 40.142036437988288 38.944627761840827 18.750000000000004 32.593608856201179 35.517942428588874 16.750000000000004 -0.09881922602653502 -0.77212798595428456 -0.54883790016174305 33.009521484375007 29.54171180725098 -0.030120026320219036 32.560945510864265 -0.08167563751339911 30.392380714416507 6.5676350593566903 35.073209762573249 24.675455093383793 30.992472648620609 -0.064507851377129541 0.35624964535236364 -0.11593352630734442 29.235082626342777 8.1692676544189471 -0.51973900198936451 80.750000000000014
decision_type=2 2 2 2 2 2 2 2 2 2 2 2 2 2 2 2 2 2 2 2 2 2 2 2 2 2 2 2 2 2
left_child=2 -2 7 4 -3 6 -6 8 11 -10 -11 12 13 -1 -15 16 23 -18 19 -19 21 -20 -16 24 -14 28 -27 -28 29 -26
right_child=1 3 -4 -5 5 -7 -8 -9 9 10 -12 -13 15 14 22 -17 17 18 20 -21 -22 -23 -24 -25 25 26 27 -29 -30 -31
leaf_value=-0.09548445343993453 -0.064714615577930748 -0.047548934924295974 -0.043276672647552236 -0.010696025849240154 0.21901754152733 0.022359911964243685 -0.047562465738032911 0.0029285902791007391 -0.019286476450513897 0.73031721207893119 0.16364723164333059 0.0010525888889241217 -0.034425020822958716 0.99139366297345421 0.3064477246374302 -0.041835844638739808 0.023624303304555144 0.51353738651825831 0.081297320472053985 1.5337156264185907 0.88580361366271976 0.75501155991728108 -0.03305868240173495 -0.12436832594874524 -0.014661622023195925 -0.088720066358920213 0.10197636891256473 0.6364445642067208 -0.0021084828371322854 0.66619466134085714
leaf_weight=6214 1507 634 1605 17453 196 3158 71 242800 319 53 292 262867 9110 95 218 13969 5009 52 413 50 55 60 430 1101 665 371 526 277 16469 278
leaf_count=6214 1507 634 1605 17453 196 3158 71 242800 319 53 292 262867 9110 95 218 13969 5009 52 413 50 55 60 430 1101 665 371 526 277 16469 278
internal_value=3.57895e-11 -0.00887031 0.000362482 -0.00495819 0.0197135 0.0321644 0.148129 0.000487178 -0.00137167 0.120993 0.250701 -0.00162699 -0.01435 -0.0641897 0.197541 -0.00718686 0.00686854 0.0619471 0.366644 1.01362 0.241658 0.166758 0.081158 -0.00391688 0.000871431 0.0181721 0.167819 0.286345 0.00808222 0.186057
internal_weight=586317 23019 563298 21512 4059 3425 267 561693 318893 664 345 318229 55362 6957 743 48405 34436 5639 630 102 528 473 648 28797 27696 18586 1174 803 17412 943
internal_count=586317 23019 563298 21512 4059 3425 267 561693 318893 664 345 318229 55362 6957 743 48405 34436 5639 630 102 528 473 648 28797 27696 18586 1174 803 17412 943
is_linear=0
shrinkage=0.05


Tree=166
num_leaves=31
num_cat=0
split_feature=11 10 1 10 9 3 6 1 5 7 4 9 9 10 3 12 1 12 13 0 3 6 10 0 9 5 9 1 1 10
split_gain=771.491 8137.22 8531.34 5390.95 6363.02 11065.6 9758.38 15087.1 12997.4 16229 15935.9 12836.6 9317.25 8510.91 7341.96 12642.4 6494.7 10551.8 6408.06 6036.02 5893.51 8086.54 8049.54 15660.6 7951.06 5489.23 5199.16 6247.35 6000.04 8713.93
threshold=-0.95744973421096791 -0.20088869333267209 34.376260757446296 1.0000000180025095e-35 30.342226028442386 32.516479492187507 7.4838130474090585 31.675247192382816 29.949045181274418 32.892864227294929 15.285014629364015 33.306697845458991 31.529391288757328 -0.030120026320219036 30.992472648620609 17.750000000000004 31.427606582641605 18.250000000000004 77.750000000000014 2.1050125360488896 34.096069335937507 4.8784587383270273 0.15005400776863101 37.830944061279304 33.637870788574226 30.709156036376957 28.083243370056156 33.536117553710945 26.860832214355472 -0.21772121638059613
decision_type=2 2 2 2 2 2 2 2 2 2 2 2 2 2 2 2 2 2 2 2 2 2 2 2 2 2 2 2 2 2
left_child=1 26 3 4 -3 6 11 8 -8 10 14 -6 -12 -7 15 -10 -15 -18 -19 -17 -5 22 23 24 -22 -21 28 -28 29 -1
right_child=-2 2 -4 20 5 13 7 -9 9 -11 12 -13 -14 16 -16 19 17 18 -20 25 21 -23 -24 -25 -26 -27 27 -29 -30 -31
leaf_value=-0.014388997045907416 -0.00058162195666970151 -0.04643861740397881 0.031676238618024717 -0.049473426839742957 -0.025873165425089825 -0.068815157475506747 0.033058434390324229 -0.048701005896036161 0.075818555518053485 -0.030608611362321039 1.4254336520245201 0.14440390522986576 0.62297786827566048 -0.23082524918037683 0.11799886213090066 1.1461542187424345 0.028702316857687805 0.10671373141332739 0.61423173744919579 0.24165202262004218 0.29107956196689472 -0.11915710669473328 -0.035418364899621808 1.0196693136990072 0.030062529455018652 0.82381875943392524 0.10105546974568119 -0.012263026927866363 -0.079499674641717144 0.51569002201467495
leaf_weight=247 531645 4456 13203 13878 3606 3827 470 623 120 210 57 1597 99 130 218 59 569 103 157 75 440 725 1006 50 866 88 4792 1630 1258 113
leaf_count=247 531645 4456 13203 13878 3606 3827 470 623 120 210 57 1597 99 130 218 59 569 103 157 75 440 725 1006 50 866 88 4792 1630 1258 113
internal_value=2.20032e-11 0.00565585 -0.00235377 -0.0157941 0.00458801 0.0235233 0.0625966 0.155898 0.247206 0.355898 0.469259 0.0263914 0.916183 -0.0354378 0.344759 0.489302 0.0977583 0.149285 0.413177 0.712807 -0.0355744 0.0269105 0.071745 0.151248 0.118001 0.555951 0.0521116 0.0722935 -0.0279924 0.151997
internal_weight=586317 54672 46632 33429 16464 12008 7222 2019 1396 926 716 5203 156 4786 560 342 959 829 260 222 16965 3087 2362 1356 1306 163 8040 6422 1618 360
internal_count=586317 54672 46632 33429 16464 12008 7222 2019 1396 926 716 5203 156 4786 560 342 959 829 260 222 16965 3087 2362 1356 1306 163 8040 6422 1618 360
is_linear=0
shrinkage=0.05


Tree=167
num_leaves=31
num_cat=0
split_feature=2 11 10 9 6 10 13 0 9 1 12 1 4 10 11 3 5 10 7 9 5 3 3 1 1 13 1 0 2 0
split_gain=786.042 3341.74 9950.56 15939.8 17762.1 14002.2 13892.7 5801.52 5610.46 3851.72 7131.7 3846.79 3457.31 3074.77 3747.49 3502.79 5142.36 10064.6 11239.6 15581.3 12452.6 15219.4 4746.65 3831.65 3057.25 3054.88 4773.92 3195.88 3631.9 3042.33
threshold=0.25360839068889623 -0.45205545425415034 -0.8779519498348235 30.243875503540043 3.6752172708511357 -0.88606244325637806 81.750000000000014 5.2836239337921151 31.840371131896976 28.750182151794437 18.250000000000004 30.7116813659668 67.811252593994155 -0.99052327871322621 0.01290981797501445 31.176336288452152 29.491099357604984 -0.99466162919998158 30.973363876342777 30.139940261840824 30.42714881896973 30.091538429260257 26.241848945617679 30.586003303527836 32.317893981933601 83.750000000000014 31.735107421875004 0.22221296280622485 4.6833002567291269 0.78132674098014843
decision_type=2 2 2 2 2 2 2 2 2 2 2 2 2 2 2 2 2 2 2 2 2 2 2 2 2 2 2 2 2 2
left_child=-1 2 3 4 11 -6 9 8 -8 10 -5 -2 25 14 15 16 -3 22 19 23 21 -21 -18 -19 -24 -4 27 28 -27 -15
right_child=1 13 12 6 5 -7 7 -9 -10 -11 -12 -13 -14 29 -16 -17 17 18 -20 20 -22 -23 24 -25 -26 26 -28 -29 -30 -31
leaf_value=0.0011301998447281691 -0.029743436136666468 -0.053612015397613268 0.001383856269798576 -0.17641946745189754 1.2282277931370551 0.36028471949080437 0.56787449867863748 0.61554847014050529 -0.045069552652005643 -0.069950791652668598 0.61182065130211416 0.39071169778704645 0.086844397140666843 -0.0045859455654648652 0.042823348496207114 -0.048028037939322588 0.47598826452516596 0.30134922002182635 0.040285174952226201 0.94828451591311025 1.1948425706953576 -0.12986167429098444 -0.015715872399215326 -0.23227660294373831 0.37203264371133771 -0.13971326752216556 -0.0026993947701753475 -0.15592503436455041 0.35344736605882643 -0.028873930430902625
leaf_weight=424524 170 1687 89958 55 84 104 56 119 112 1051 60 80 1150 24680 5196 3655 52 61 429 64 78 67 2271 75 52 80 2204 1076 70 26997
leaf_count=424524 170 1687 89958 55 84 104 56 119 112 1051 60 80 1150 24680 5196 3655 52 61 429 64 78 67 2271 75 52 80 2204 1076 70 26997
internal_value=2.02912e-11 -0.0029655 0.00295069 0.116516 0.380916 0.748089 0.0368144 0.348444 0.159245 -0.0398903 0.234836 0.104802 0.000679086 -0.0116934 0.00937836 -0.011088 0.0168308 0.0545689 0.211151 0.42362 0.694676 0.396866 0.00353951 0.00707027 -0.00703618 -0.000381972 -0.046694 -0.125784 0.0904284 -0.0172744
internal_weight=586317 161793 96429 1891 438 188 1453 287 168 1166 115 250 94538 65364 13687 8491 4836 3149 774 345 209 131 2375 136 2323 93388 3430 1226 150 51677
internal_count=586317 161793 96429 1891 438 188 1453 287 168 1166 115 250 94538 65364 13687 8491 4836 3149 774 345 209 131 2375 136 2323 93388 3430 1226 150 51677
is_linear=0
shrinkage=0.05


Tree=168
num_leaves=31
num_cat=0
split_feature=12 1 10 10 13 11 10 11 13 8 10 10 10 3 11 9 10 10 10 13 9 13 3 11 10 10 7 10 10 1
split_gain=785.716 1352.42 2422.3 5817.91 2155.11 2461.95 7762.5 2090.42 3019.33 1475.58 2316.85 2903.04 1426.38 1270.12 4525.39 8009.22 8685.85 21918.2 17712.9 27328.1 53959.5 10937.9 15599.3 8711.35 19454.2 13738.2 13066.9 9834.58 8294.38 7825.49
threshold=13.750000000000002 25.505497932434086 -0.80392050743103016 -0.76109719276428212 76.250000000000014 -0.80389818549156178 -0.48250326514244074 0.88999459147453319 77.750000000000014 79.308517456054702 -0.45972847938537592 -0.71466678380966175 -0.21772121638059613 31.858166694641117 -0.25950218737125391 32.226829528808601 -0.70252096652984608 -0.59817537665367115 -0.61188074946403492 81.250000000000014 33.052791595458991 78.750000000000014 28.027479171752933 -0.9469526708126067 -0.030120026320219036 -0.064507851377129541 31.125636100769047 -0.04732095077633857 -0.1330134719610214 28.750182151794437
decision_type=2 2 2 2 2 2 2 2 2 2 2 2 2 2 2 2 2 2 2 2 2 2 2 2 2 2 2 2 2 2
left_child=1 2 -1 -4 5 6 -5 -6 -9 -3 11 -11 -8 14 15 -2 -17 18 21 20 -20 -18 -23 24 25 28 -25 -27 -19 -24
right_child=13 9 3 4 7 -7 12 8 -10 10 -12 -13 -14 -15 -16 16 17 23 19 -21 -22 22 29 26 -26 27 -28 -29 -30 -31
leaf_value=-0.10080718991061872 -0.025193761506720792 0.0029981631156382671 0.53601847629879562 0.78931678485870371 -0.0328758734977476 -0.032960246929662748 -0.023393964225818454 0.029086231614981368 0.39265957994313982 0.050180111972034959 -0.10863634608032412 0.56133867040203478 0.21024470684526403 0.0014219507355275917 0.0010407602620698144 -0.041548251329193979 -0.038225839165046564 0.17743315401448739 0.27455366025619871 -0.24515527009412097 2.3608546850088912 1.1528515090942384 0.78822871161435082 0.17923766808638225 -0.034314803526509924 0.7934444059466208 -0.084390037936332984 0.19524078179835058 0.0097105056314467225 0.14745036676893999
leaf_weight=242 47586 97174 64 50 772 142 114 221 77 61 57 51 153 274419 149050 4702 388 1738 79 54 51 50 54 553 3321 129 3133 147 1280 405
leaf_count=242 47586 97174 64 50 772 142 114 221 77 61 57 51 153 274419 149050 4702 388 1738 79 54 51 50 54 553 3321 129 3133 147 1280 405
internal_value=5.46988e-11 0.00405653 0.0465823 0.0689729 0.0494236 0.140057 0.21756 0.0105446 0.12303 0.00325489 0.15087 0.28294 0.110489 -0.000825881 -0.00372569 -0.0148838 0.015619 0.0392352 0.253421 0.700299 1.09303 0.161753 0.314193 0.0167584 0.0510814 0.137178 -0.0448387 0.474836 0.106298 0.222836
internal_weight=586317 99178 1835 1593 1529 459 317 1070 298 97343 169 112 267 487139 212720 63670 16084 11382 1081 184 130 897 509 10301 6615 3294 3686 276 3018 459
internal_count=586317 99178 1835 1593 1529 459 317 1070 298 97343 169 112 267 487139 212720 63670 16084 11382 1081 184 130 897 509 10301 6615 3294 3686 276 3018 459
is_linear=0
shrinkage=0.05


Tree=169
num_leaves=31
num_cat=0
split_feature=1 11 11 9 10 10 11 10 3 9 5 10 13 10 9 1 9 13 13 7 12 12 3 5 1 12 7 11 6 11
split_gain=758.417 1900.36 4536.87 4584.62 12244.5 3011.56 2618.8 4822.04 7941.52 11159.9 3387.73 3271.57 3121.59 3535.25 2539.75 2150.86 1822.65 3015.93 1612.58 1556.58 1520.24 1676.9 1402.7 1364.82 4734.89 11118.1 3536.8 6786.64 4860.56 3298.26
threshold=38.043006896972663 -0.80389818549156178 -0.92260536551475514 36.381807327270515 0.39753912389278417 0.23448921740055087 -0.89388549327850331 0.47494667768478399 41.103919982910163 40.596107482910163 40.750810623168952 0.45972847938537603 78.250000000000014 0.45972847938537603 37.530128479003913 39.068861007690437 40.274217605590827 78.750000000000014 78.750000000000014 41.123804092407234 14.250000000000002 18.250000000000004 38.703609466552741 33.934963226318366 28.242001533508304 18.250000000000004 37.071052551269538 -0.99049577116966236 5.4254221916198739 -0.78295108675956715
decision_type=2 2 2 2 2 2 2 2 2 2 2 2 2 2 2 2 2 2 2 2 2 2 2 2 2 2 2 2 2 2
left_child=23 2 5 4 -4 16 14 8 9 12 11 -11 13 -8 15 -5 17 -2 -7 -12 -9 -22 -14 26 25 -25 29 -28 -29 -1
right_child=1 -3 3 6 -6 18 7 20 -10 10 19 -13 22 -15 -16 -17 -18 -19 -20 -21 21 -23 -24 24 -26 -27 27 28 -30 -31
leaf_value=-0.010600064204195852 0.12877134608587482 -0.0092353154071101694 0.7268203239055242 0.0058969552495649891 0.04332479516083336 -0.10699465300028142 0.021898095909920007 -0.062001227983981638 -0.038271472383920209 0.86736885829840171 0.099112652200791573 0.37293534376372572 0.1562303650379181 0.49080536064210833 -0.0470401577103855 0.42811991122533694 0.13575861377060502 -0.079453505112734801 -0.032473723571908079 0.48627234973758465 0.046438772981125087 -0.0014228075883853156 -0.036816196318858595 -0.12533143773430686 0.0049312193469696619 0.87500008958227493 0.61578394382719015 0.00091544898115930432 0.49046529787110871 0.0012339370855043495
leaf_weight=72280 274 55221 85 70 286 1040 72 559 494 81 54 57 140 91 1792 53 343 476 2404 50 3825 3509 287 61 124560 51 63 403 58 317578
leaf_count=72280 274 55221 85 70 286 1040 72 559 494 81 54 57 140 91 1792 53 343 476 2404 50 3825 3509 287 61 124560 51 63 403 58 317578
internal_value=-1.78683e-11 -0.00483451 0.0103143 0.0270121 0.199921 -0.0320283 0.0212506 0.0323025 0.120528 0.214815 0.500743 0.663146 0.0975355 0.283681 -0.0319545 0.18783 0.0402824 -0.00338203 -0.0549771 0.285247 0.0174809 0.0235391 0.0264778 0.000668903 0.00522341 0.330177 -0.000785618 0.129027 0.0625074 -0.000960097
internal_weight=586317 71263 16042 11505 371 4537 11134 9219 1326 832 242 138 590 163 1915 123 1093 750 3444 104 7893 7334 427 515054 124672 112 390382 524 461 389858
internal_count=586317 71263 16042 11505 371 4537 11134 9219 1326 832 242 138 590 163 1915 123 1093 750 3444 104 7893 7334 427 515054 124672 112 390382 524 461 389858
is_linear=0
shrinkage=0.05


Tree=170
num_leaves=31
num_cat=0
split_feature=10 10 10 9 11 10 5 1 9 12 10 13 12 13 13 7 3 13 3 10 13 12 12 11 13 12 11 10 1 0
split_gain=737.987 1723.08 1560.2 5358.31 2496.57 2589.6 5637.43 15229.4 10523.6 2241.76 1501.39 1109.74 1052.61 1322.45 1723.67 939.872 936.641 1071.74 932.296 886.098 874.383 842.638 1307.75 1366.15 2620.62 4032.5 3050.06 2452.85 2710.53 2667.24
threshold=0.97109106183052074 0.9946616291999818 0.94417876005172741 35.073209762573249 0.28434865176677709 0.95495790243148815 34.675971984863288 35.004354476928718 33.685607910156257 17.250000000000004 0.94970905780792247 81.250000000000014 19.250000000000004 77.250000000000014 78.750000000000014 33.095499038696296 34.557439804077156 80.750000000000014 34.689256668090827 0.94697898626327526 83.250000000000014 13.750000000000002 12.750000000000002 -0.40541070699691767 77.750000000000014 13.250000000000002 -0.55599683523178089 0.47494667768478399 26.246039390563968 22.959415435791019
decision_type=2 2 2 2 2 2 2 2 2 2 2 2 2 2 2 2 2 2 2 2 2 2 2 2 2 2 2 2 2 2
left_child=2 -2 21 4 -4 10 -7 8 -8 -10 12 -3 13 -6 -15 -16 17 -17 20 -5 -13 22 -1 24 25 26 27 28 29 -24
right_child=1 11 3 19 5 6 7 -9 9 -11 -12 18 -14 14 15 16 -18 -19 -20 -21 -22 -23 23 -25 -26 -27 -28 -29 -30 -31
leaf_value=-0.0019805660196399281 -0.014621597336886498 -0.0003619818902895265 0.021986560215442097 0.052786139403875526 0.01698329682342517 0.025386621789593802 1.2258240381292269 0.026974791485386403 0.14478835580604418 0.54135689440430423 0.010816090575491008 0.065491341864665861 -0.0043746077255295808 0.31500882949350645 -0.035047418573108245 0.38477818816900256 0.069420330625143842 0.12016797652804707 0.020715188184703696 -0.0057861066886950759 0.2463077848745556 -0.00088682015694258563 0.10476038439008831 0.0030548933962436658 0.0039166648101699912 0.0067130925641648194 0.1759626637256588 0.12947559553763963 0.014275625583624533 0.48688552761977572
leaf_weight=41680 25728 15936 2502 683 195 402 51 260 56 98 884 383 186 147 83 71 160 83 2896 11827 81 435035 330 27594 10720 4288 640 896 2369 53
leaf_count=41680 25728 15936 2502 683 195 402 51 260 56 98 884 383 186 147 83 71 160 83 2896 11827 81 435035 330 27594 10720 4288 640 896 2369 53
internal_value=1.90051e-11 -0.00615067 0.000511604 0.0151168 0.057892 0.0914627 0.162511 0.281057 0.603308 0.39715 0.0574114 0.0051439 0.101941 0.1287 0.168746 0.114588 0.154142 0.242164 0.0312575 -0.00258828 0.0970563 1.82244e-05 0.00446359 0.0101917 0.0203977 0.0409989 0.0752848 0.057622 0.0342278 0.157639
internal_weight=586317 45024 541293 17688 5178 2676 867 465 205 154 1809 19296 925 739 544 397 314 154 3360 12510 464 523605 88570 46890 19296 8576 4288 3648 2752 383
internal_count=586317 45024 541293 17688 5178 2676 867 465 205 154 1809 19296 925 739 544 397 314 154 3360 12510 464 523605 88570 46890 19296 8576 4288 3648 2752 383
is_linear=0
shrinkage=0.05


Tree=171
num_leaves=31
num_cat=0
split_feature=12 0 10 10 8 11 2 0 4 5 5 4 2 3 3 4 8 6 9 3 7 5 10 11 8 10 4 13 6 11
split_gain=720.086 3763.81 3471.6 5143.64 9246.19 10941.8 14569.5 4081.18 3643.28 5000.37 9578.58 2772.25 2495.02 4329.48 5619.48 2395 2036.98 2371.23 1975.88 2706.08 2576.26 2386.29 2547.59 2148.87 3118.38 3743.17 3535.46 2766.32 3172.25 2102.4
threshold=19.750000000000004 39.390071868896491 -0.94697898626327504 -0.92263099551200856 2.9572275876998906 -0.34155811369419092 0.60256168246269237 2.1881206035614018 67.811252593994155 27.428091049194339 28.796978950500492 0.37526224553585058 52.982137680053718 28.796261787414554 27.948163032531742 42.564952850341804 10.579854011535646 50.310873031616218 29.741821289062504 33.308790206909187 31.125636100769047 32.086416244506843 -0.064507851377129541 -0.79354220628738392 26.190999031066898 -0.31718835234642023 21.498482704162601 82.250000000000014 11.602553844451906 -0.97106409072875965
decision_type=2 2 2 2 2 2 2 2 2 2 2 2 2 2 2 2 2 2 2 2 2 2 2 2 2 2 2 2 2 2
left_child=-1 2 -2 4 -4 6 -6 -8 12 -10 -11 -3 16 14 -14 -13 17 -5 19 20 29 22 23 24 26 -26 27 28 -20 -18
right_child=1 11 3 8 5 -7 7 -9 9 10 -12 15 13 -15 -16 -17 18 -19 21 -21 -22 -23 -24 -25 25 -27 -28 -29 -30 -31
leaf_value=0.00056615733923050672 -0.040862881156832502 0.044938407684081451 0.0012415832114370572 -0.0013351235330266683 1.0902167478005091 -0.0075945233133887617 0.54815458668505446 0.044016353200588915 -0.20697221314790204 0.78395018824509222 -0.046195541948511984 -0.18805525341469242 0.060415497001929164 -0.070259540288125061 0.70105434204222727 0.12470521793207701 0.11284489350496081 0.22502849759325258 -0.10108603633501952 0.26086920742635378 -0.3367091714351807 -0.054916138761515923 -0.13424969626755653 -0.022048292292494227 0.093957929579274999 0.61482392354758786 -0.2658555212488864 0.37020662281542061 0.30395137755076096 -0.1018635362157449
leaf_weight=530894 5646 227 777 43461 75 175 68 98 51 70 69 613 78 118 61 68 127 116 136 54 106 1292 158 294 70 68 64 93 75 1115
leaf_count=530894 5646 227 777 43461 75 175 68 98 51 70 69 613 78 118 61 68 127 116 136 54 106 1292 158 294 70 68 64 93 75 1115
internal_value=1.10516e-11 -0.00542319 -0.00374159 0.000547161 0.103093 0.29333 0.511844 0.250531 -0.00201885 0.216492 0.371863 -0.106384 -0.00289315 0.152475 0.341559 -0.156825 -0.0037386 -0.000732554 -0.0396079 -0.0861988 -0.100102 -0.0105765 0.0492219 0.0854575 0.147921 0.350617 0.0719106 0.143019 0.0428846 -0.0799086
internal_weight=586317 55423 54515 48869 1193 416 241 166 47676 190 139 908 47486 257 139 681 47229 43577 3652 1402 1348 2250 958 800 506 138 368 304 211 1242
internal_count=586317 55423 54515 48869 1193 416 241 166 47676 190 139 908 47486 257 139 681 47229 43577 3652 1402 1348 2250 958 800 506 138 368 304 211 1242
is_linear=0
shrinkage=0.05


Tree=172
num_leaves=31
num_cat=0
split_feature=11 10 1 12 10 9 3 10 9 1 4 13 7 6 1 5 9 4 9 5 10 8 1 10 10 10 13 10 3 6
split_gain=713.912 7307.85 7609.82 4985.4 6518.46 4671.61 6686.52 4658.29 5502.4 10175.5 12011.3 12414.2 9823.79 11104.3 13219 7589.08 7936.8 10438.3 7311.14 8197.1 6415.56 10224.7 7022.57 6162.32 5847.21 9535.68 11546.9 5300.13 5196.31 7290.1
threshold=-0.95744973421096791 -0.20088869333267209 34.376260757446296 15.750000000000002 0.25118774175643926 27.295834541320804 26.491054534912113 1.0000000180025095e-35 30.342226028442386 32.317893981933601 2.4448779821395878 80.750000000000014 28.629338264465336 7.4838130474090585 27.419076919555668 29.323629379272464 33.443656921386726 25.373945236206058 33.306697845458991 33.985527038574226 -0.16705007851123807 3.2568026781082158 30.026032447814945 -0.012910176534205673 -0.1330134719610214 -0.064507851377129541 77.750000000000014 -0.012910176534205673 34.096069335937507 4.8784587383270273
decision_type=2 2 2 2 2 2 2 2 2 2 2 2 2 2 2 2 2 2 2 2 2 2 2 2 2 2 2 2 2 2
left_child=1 5 7 -4 -5 -1 -7 8 -3 10 -10 12 -12 18 -15 -16 17 24 -14 -20 21 22 -13 -22 -17 26 -26 -11 -9 -30
right_child=-2 2 3 4 -6 6 -8 28 9 27 11 20 13 14 15 16 -18 -19 19 -21 23 -23 -24 -25 25 -27 -28 -29 29 -31
leaf_value=-0.04576600234052413 -0.00055949711153193598 -0.043347458137907302 -0.0098302914861685894 0.073581269862023804 -0.045326961319176268 0.46655616919309195 0.058716072444544853 -0.046281606878020708 -0.00127928247021973 -0.051848893916508647 -0.29944051101338121 -0.30304601146029192 0.03998625996247622 1.1309524561106057 -0.068165890315425734 -0.042820319557776217 0.13520190490935094 1.0474227581318323 0.35580549636600212 -0.10256415354626731 -0.098521575745536966 0.82135854931548247 0.38386338151370492 0.41759249922488967 0.16113325990736485 0.007597556058317423 1.0578194587424246 0.13011000066042125 0.068011475036080044 -0.11324613493285945
leaf_weight=1110 531645 4456 4927 6892 1384 102 6828 13878 3856 4326 96 77 823 54 107 61 195 77 503 121 861 56 72 62 57 66 97 441 2362 725
leaf_count=1110 531645 4456 4927 6892 1384 102 6828 13878 3856 4326 96 77 823 54 107 61 195 77 503 121 861 56 72 62 57 66 97 441 2362 725
internal_value=-9.37128e-12 0.0054407 -0.00214977 0.0299898 0.0536962 0.0494654 0.0647189 -0.0148435 0.00410306 0.0217113 0.0590566 0.127788 0.19548 0.217466 0.378818 0.31728 0.39186 0.531659 0.13785 0.266923 -0.0076566 0.245364 0.0288834 -0.063853 0.390329 0.51043 0.725929 -0.0350157 -0.0332306 0.0254421
internal_weight=586317 54672 46632 13203 8276 8040 6930 33429 16464 12008 7241 3385 2257 2161 714 660 553 358 1447 624 1128 205 149 923 281 220 154 4767 16965 3087
internal_count=586317 54672 46632 13203 8276 8040 6930 33429 16464 12008 7241 3385 2257 2161 714 660 553 358 1447 624 1128 205 149 923 281 220 154 4767 16965 3087
is_linear=0
shrinkage=0.05


Tree=173
num_leaves=31
num_cat=0
split_feature=13 0 13 12 11 3 7 9 6 9 1 5 4 5 6 11 4 0 11 9 10 11 11 11 7 10 10 3 6 12
split_gain=689.308 2517.2 10021.5 5158.28 4196.42 4894.76 3305.16 4168.18 4350.82 2922.65 5188.64 3807.99 3652.64 3357.91 3082.66 4751.12 6377.27 2236.6 5624.96 20410.5 3676.14 10570 2957.67 4598.77 3376.97 4044 7775.89 9914.98 8787.06 2823.29
threshold=80.250000000000014 24.031633377075199 80.750000000000014 19.250000000000004 -0.71464690566062916 30.29670333862305 27.844889640808109 28.376096725463871 15.583477497100832 28.004171371459964 27.298403739929203 27.660520553588871 23.618495941162113 29.988348007202152 0.35480695962905889 -0.74979865550994862 0.97492271661758434 53.543170928955085 -0.98798605799674977 31.407091140747074 -0.20088869333267209 -0.96681198477745045 0.6838940978050233 0.59123954176902782 26.223810195922855 -0.444374069571495 -0.72660079598426808 28.381040573120121 4.4047582149505624 17.750000000000004
decision_type=2 2 2 2 2 2 2 2 2 2 2 2 2 2 2 2 2 2 2 2 2 2 2 2 2 2 2 2 2 2
left_child=17 -2 9 6 5 -5 7 -4 -9 10 -3 -11 14 -14 15 16 -13 -1 19 -19 21 -20 23 24 -23 26 -26 28 -28 -27
right_child=1 2 3 4 -6 -7 -8 8 -10 11 -12 12 13 -15 -16 -17 -18 18 20 -21 -22 22 -24 -25 25 29 27 -29 -30 -31
leaf_value=-0.0012605417085954412 0.0044116118119394317 -0.023634118304170414 -0.051116473064536143 -0.27824100654668327 -0.039291521966068707 -0.076528387346987206 -0.02864463069855256 0.069081860463376402 0.69809717095590074 -0.22120251435165605 0.60988097176568157 0.15115047079942578 0.14470840209281782 0.67962162464857112 -0.0034802908260938093 0.017860183360413735 0.86759489730000505 1.0258763273289571 0.74209124136854099 -0.066474774646759036 -0.11502176607098563 0.42889514901082626 -0.11560238788777089 0.53071195313334474 0.0048286692723244562 0.09124068413816748 1.0089481040835382 0.014904324442528897 0.17003869780976522 -0.25981337986058656
leaf_weight=437877 139230 58 105 601 1016 602 3037 54 56 96 73 82 71 50 508 161 50 65 54 125 394 55 286 50 1034 84 69 137 57 180
leaf_count=437877 139230 58 105 601 1016 602 3037 54 56 96 73 82 71 50 508 161 50 65 54 125 394 55 286 50 1034 84 69 137 57 180
internal_value=-4.83683e-12 0.0029793 -0.0271447 -0.0553373 -0.114111 -0.177301 -0.0152328 0.174217 0.389308 0.107095 0.329393 0.0784887 0.109693 0.365747 0.0710132 0.200169 0.422531 -0.000986522 0.0453404 0.307224 0.0246079 0.0520327 0.032943 0.0584436 0.0438313 0.030264 0.0665724 0.309321 0.629441 -0.148114
internal_weight=586317 145850 6620 5471 2219 1203 3252 215 110 1149 131 1018 922 121 801 293 132 440467 2590 190 2400 2006 1952 1666 1616 1561 1297 263 126 264
internal_count=586317 145850 6620 5471 2219 1203 3252 215 110 1149 131 1018 922 121 801 293 132 440467 2590 190 2400 2006 1952 1666 1616 1561 1297 263 126 264
is_linear=0
shrinkage=0.05


Tree=174
num_leaves=31
num_cat=0
split_feature=12 1 10 5 11 1 7 7 13 2 10 11 10 13 5 10 8 4 9 10 9 1 10 5 1 1 7 4 10 9
split_gain=685.796 1312.53 1675.54 16275.2 7379.73 3626.54 4609.81 2343.91 2154.25 2987.01 2354.72 4253.59 6076.22 6319.58 4481.06 4620.64 4694.81 6393.46 9829.09 6753.03 5635.76 4049.37 5885.37 7281.83 7744.15 4437.03 5485.67 3550.64 3298.26 3200.44
threshold=13.750000000000002 34.869035720825202 0.69636976718902599 27.428091049194339 -0.40541070699691767 32.120763778686531 35.294151306152351 30.136150360107425 78.750000000000014 39.115337371826179 0.081675637513399138 0.41326330602169042 -0.86095303297042836 79.750000000000014 31.668210983276371 -0.46735489368438715 14.582320690155031 3.6175611019134526 27.53487586975098 -0.65189296007156361 28.161762237548832 28.635541915893558 -0.61188074946403492 30.327604293823246 30.52330303192139 30.199495315551761 29.619219779968265 1.0501331686973574 -0.54883790016174305 28.570462226867679
decision_type=2 2 2 2 2 2 2 2 2 2 2 2 2 2 2 2 2 2 2 2 2 2 2 2 2 2 2 2 2 2
left_child=1 2 8 -4 5 6 7 -5 -1 10 11 -10 13 27 15 16 21 18 -18 -20 -19 29 -23 25 -25 26 -24 -13 -16 -14
right_child=-2 -3 3 4 -6 -7 -8 -9 9 -11 -12 12 14 -15 28 -17 17 20 19 -21 -22 22 23 24 -26 -27 -28 -29 -30 -31
leaf_value=-0.001701745282924931 -0.00077158261372692251 -0.0079130665393976653 0.90562994437148936 0.4683705694838004 0.0019063186647690937 0.062539672943680735 0.61969274888435999 0.12458163956828253 0.0067754351263693002 -0.10197733574191002 -0.012050998639609603 0.076767578529451139 0.31480251270532611 0.62528079603424025 -0.11764922045472832 0.02409795015148512 1.0701877589027087 -0.1607431178072504 -0.078492065948067291 0.69186380033195016 0.39412926945341642 0.050936187190100041 0.012464691015581291 0.8545103511599067 0.13335927625497182 -0.18476921193301679 0.58934479001406082 0.47972433361713079 0.30352240102548228 -0.11618347752276342
leaf_weight=50472 487139 19297 52 55 10905 1768 60 503 6539 492 3640 297 50 87 525 2526 54 102 66 50 83 725 93 91 63 80 74 67 51 311
leaf_count=50472 487139 19297 52 55 10905 1768 60 503 6539 492 3640 297 50 87 525 2526 54 102 66 50 83 725 93 91 63 80 74 67 51 311
internal_value=-1.13988e-11 0.00378983 0.00661692 0.0227878 0.0193338 0.0989843 0.203247 0.158468 0.00337414 0.0193202 0.0231522 0.0338895 0.0667531 0.242441 0.0507266 0.0680124 0.128234 0.291605 0.512958 0.253558 0.0881996 0.0892314 0.13595 0.289654 0.559494 0.121414 0.268088 0.150938 -0.080358 -0.0564901
internal_weight=586317 99178 79881 13343 13291 2386 618 558 66538 16066 15574 11934 5395 451 4944 4368 1842 355 170 116 185 1487 1126 401 154 247 167 364 576 361
internal_count=586317 99178 79881 13343 13291 2386 618 558 66538 16066 15574 11934 5395 451 4944 4368 1842 355 170 116 185 1487 1126 401 154 247 167 364 576 361
is_linear=0
shrinkage=0.05


Tree=175
num_leaves=31
num_cat=0
split_feature=4 11 1 10 9 0 5 12 11 4 9 9 10 12 6 7 1 10 10 10 2 12 10 12 13 11 1 11 10 5
split_gain=697.667 2145.69 3966.78 3586.04 17353 4541.24 3961.94 5507.1 11941.5 6188.61 3948.37 5308.85 5031.6 8871.46 6140.38 3771.18 3150.33 4968.19 3817.58 4053.38 3407.37 4482.65 4123.66 2913.85 4077.36 3947.62 3218.38 3089.57 14560.3 16711.2
threshold=0.1536347642540932 0.16704543679952624 31.6137228012085 -0.70252096652984608 24.838127136230472 78.94366836547853 31.359388351440433 16.250000000000004 0.77756834030151378 1.2973335981369021 28.799597740173343 32.002019882202156 -0.90880924463272084 15.250000000000002 2.2789213657379155 30.339541435241703 26.246039390563968 -0.86095303297042836 -0.95236876606941212 -0.96230018138885487 15.071703910827638 13.750000000000002 -0.88606244325637806 16.250000000000004 76.750000000000014 -0.021515300963073965 31.363744735717777 -0.70250144600868214 -0.62540480494499195 31.297702789306644
decision_type=2 2 2 2 2 2 2 2 2 2 2 2 2 2 2 2 2 2 2 2 2 2 2 2 2 2 2 2 2 2
left_child=-1 23 3 4 -3 10 -5 8 -8 -10 15 -12 -13 14 -14 16 17 -6 19 -18 -20 -22 -23 25 26 -2 -25 28 29 -26
right_child=1 2 -4 6 5 -7 7 -9 9 -11 11 12 13 -15 -16 -17 18 -19 20 -21 21 22 -24 24 27 -27 -28 -29 -30 -31
leaf_value=0.001095742220313571 -0.01455537328428305 0.82052604238043969 -0.043600401443472485 -0.030004981848647423 -0.029591314829467388 0.39307973075371527 -0.11899227099286186 -0.04742422927491266 0.26687129218469968 1.0011459635694822 -0.027155431679757855 0.017658737821650609 0.25767649661148745 -0.057391330235221083 0.81384682819655496 0.46038121351246108 0.048542375142909724 0.47494853787055169 -0.028397524458407798 0.3555048863933023 -0.024299551166283587 0.034174769026813684 0.59966055748052893 -0.054362386869454597 0.19460014659695651 0.039067060941425077 0.0014291370922454958 -0.0017482185458484617 0.0087625696248551047 -0.016278761345152118
leaf_weight=417721 43268 67 8593 9911 89 78 90 221 55 60 6091 803 155 152 73 59 279 108 1408 175 153 54 80 4836 2337 3728 5553 38091 40458 1571
leaf_count=417721 43268 67 8593 9911 89 78 90 221 55 60 6091 803 155 152 73 59 279 108 1408 175 153 54 80 4836 2337 3728 5553 38091 40458 1571
internal_value=1.0577e-11 -0.00271486 -0.0151543 -0.00302997 0.0186009 0.0130942 -0.0235874 0.12572 0.312377 0.649971 0.010032 -0.00833057 0.0885944 0.238493 0.435749 0.0655704 0.0556412 0.247009 0.0380984 0.166865 0.00360869 0.160629 0.371778 -0.0001571 0.00497782 -0.0103017 -0.0245414 0.00869703 0.0176649 0.109828
internal_weight=586317 168596 28754 20161 9824 9757 10337 426 205 115 9679 7274 1183 380 228 2405 2346 197 2149 454 1695 287 134 139842 92846 46996 10389 82457 44366 3908
internal_count=586317 168596 28754 20161 9824 9757 10337 426 205 115 9679 7274 1183 380 228 2405 2346 197 2149 454 1695 287 134 139842 92846 46996 10389 82457 44366 3908
is_linear=0
shrinkage=0.05


Tree=176
num_leaves=31
num_cat=0
split_feature=0 2 10 11 12 1 9 10 13 10 9 3 7 9 11 8 11 0 3 5 1 11 10 10 11 4 3 5 5 1
split_gain=699.164 2110.43 2073.43 2338.19 3019.8 2782.93 2087.58 2656.38 2461.39 2173.81 1934.21 4232.77 4361.67 9081.48 4449.73 7306.78 6809.37 3163.32 4508.21 10287.9 21406.5 4643.25 7932.74 4022.33 11561.4 18530.2 19140.6 41164.3 6867.69 6257.91
threshold=1.0000000180025095e-35 17.880877494812015 0.13301347196102145 -0.20930689573287961 19.750000000000004 31.79950046539307 30.406868934631351 -0.74981945753097523 79.250000000000014 -0.98801350593566883 29.780797958374027 27.308145523071293 28.311470031738285 31.467846870422367 -0.98798605799674977 3.3822610378265385 -0.89388549327850331 3.0894653797149663 31.606757164001468 29.911494255065922 31.207975387573246 -0.35768499970436091 -0.88606244325637806 -0.32533907890319819 -0.92260536551475514 15.285014629364015 28.683040618896488 28.509267807006839 32.523389816284187 29.458713531494144
decision_type=2 2 2 2 2 2 2 2 2 2 2 2 2 2 2 2 2 2 2 2 2 2 2 2 2 2 2 2 2 2
left_child=1 -1 3 4 -3 -6 7 8 9 -5 17 12 13 -12 15 -14 -16 -2 23 20 -20 22 -21 24 25 -19 -27 -28 29 -25
right_child=10 2 -4 6 5 -7 -8 -9 -10 -11 11 -13 14 -15 16 -17 -18 18 19 21 -22 -23 -24 28 -26 26 27 -29 -30 -31
leaf_value=0.0007049079934174354 -0.0090172525222584048 0.074257927188929748 -0.0076202267267086246 0.25512614398578404 0.062306641186437299 0.50860436504706741 -0.037164454997490451 -0.052414568022809187 0.44680536845698954 -0.012718038422148132 -0.0065192540498896397 -0.0040037943603029964 -0.16830625383613201 0.63631944586451239 -0.23910414945145786 0.67823162794113168 -0.052664482831988983 0.037232218551986176 1.3266513975858689 0.64517567522490205 -0.049450256595244775 -0.04846125701602183 0.08729599270584798 -0.0025585043605969434 0.01429081885085336 0.19016711743517295 2.0859593309608164 0.22388897040911335 0.54564455959659364 -0.13761459421145519
leaf_weight=406091 17021 1803 2097 136 62 80 941 227 64 171 355 132003 52 65 608 50 2518 590 50 67 65 641 1302 3945 13864 179 51 71 52 1096
leaf_count=406091 17021 1803 2097 136 62 80 941 227 64 171 355 132003 52 65 608 50 2518 590 50 67 65 641 1302 3945 13864 179 51 71 52 1096
internal_value=-2.47919e-12 0.00112459 0.0316622 0.0553061 0.0917421 0.313742 0.009258 0.0823074 0.164738 0.105936 -0.00265088 -0.00547207 -0.0586015 0.0929677 -0.0783224 0.246663 -0.0889266 0.00716335 0.0196974 0.0889133 0.548855 0.0625983 0.114599 0.0122869 0.025511 0.200098 0.519335 1.0023 -0.026025 -0.031922
internal_weight=586317 411672 5581 3484 1945 142 1539 598 371 307 174645 135651 3648 420 3228 102 3126 38994 21973 2125 115 2010 1369 19848 14755 891 301 122 5093 5041
internal_count=586317 411672 5581 3484 1945 142 1539 598 371 307 174645 135651 3648 420 3228 102 3126 38994 21973 2125 115 2010 1369 19848 14755 891 301 122 5093 5041
is_linear=0
shrinkage=0.05


Tree=177
num_leaves=31
num_cat=0
split_feature=9 1 11 10 1 11 10 10 5 12 6 10 13 2 11 1 5 10 9 6 11 10 11 8 6 3 2 4 5 4
split_gain=689.042 1751.99 2053.07 8983.34 45135.7 2936.26 6004.15 19361.5 22720.7 2696.57 2557.69 2126.31 1935.32 1856.26 1590.31 1458.39 2733.71 2267.37 1161.9 1156.13 1668.49 1548.94 2161.11 1138.53 1136.49 1131.8 2710.43 2104.84 1130.87 1146.38
threshold=26.860345840454105 30.427058219909672 -0.92260536551475514 -0.34964421391487116 29.331702232360843 -0.24284072965383527 -0.70252096652984608 -0.71466678380966175 26.874595642089847 19.250000000000004 25.385932922363285 -0.99273952841758717 80.750000000000014 9.0217423439025897 -0.62538740038871754 29.659092903137211 28.796978950500492 -0.94697898626327504 26.480161666870121 0.90274238586425792 -0.86092913150787342 -0.73831951618194569 -0.69014781713485707 0.49014152586460119 0.38400584459304815 24.83557224273682 23.566570281982425 38.949720382690437 26.495076179504398 5.6364703178405771
decision_type=2 2 2 2 2 2 2 2 2 2 2 2 2 2 2 2 2 2 2 2 2 2 2 2 2 2 2 2 2 2
left_child=1 2 3 4 28 10 7 11 -9 12 13 -7 25 -4 -3 16 17 -13 24 -15 -21 -22 -23 -8 -19 26 -5 -27 -1 -30
right_child=-2 14 5 9 -6 6 23 8 -10 -11 -12 15 -14 19 -16 -17 -18 18 -20 20 21 22 -24 -25 -26 27 -28 -29 29 -31
leaf_value=-0.18580315622190635 0.00028864263090420342 -0.10121672701878424 -0.050582643972842824 0.019178479450574409 1.6658256629705432 -0.068029548833767578 0.00047830179952973678 0.012174200178945766 1.4974675878309287 -0.25081608031597952 -0.15207891959084344 0.19902548140971299 0.30914463423458594 0.23777825309832892 -0.016718306596312016 -0.096479147533197349 0.46766930210590368 0.21169216503622013 -0.10395135593382604 -0.20801597476005554 -0.054893009985058472 0.050349958719157463 0.41351930727014097 -0.042088764994675738 0.00099299573436534652 0.007474335239901252 0.41205941104052357 -0.2696038595504231 -0.10219997829191535 0.22410497440580737
leaf_weight=72 570149 925 2345 191 50 300 4775 51 52 97 529 268 56 75 1399 96 50 96 141 65 145 134 59 2341 192 1427 57 72 51 57
leaf_count=72 570149 925 2345 191 50 300 4775 51 52 97 529 268 56 75 1399 96 50 96 141 65 145 134 59 2341 192 1427 57 72 51 57
internal_value=-1.35032e-11 -0.0101787 -0.00343506 0.0417197 0.336849 -0.0116457 0.00420362 0.105455 0.762031 0.00599359 -0.051184 0.0462882 0.0198097 -0.0322773 -0.0503504 0.0869706 0.110547 0.084928 0.0136503 0.0575259 0.0239802 0.0685948 0.161371 -0.0135253 0.0712261 0.0105351 0.109478 -0.00583429 -0.0323113 0.0700165
internal_weight=586317 16168 13844 2130 230 11714 8362 1246 103 1900 3352 1143 1803 2823 2324 843 747 697 429 478 403 338 193 7116 288 1747 248 1499 180 108
internal_count=586317 16168 13844 2130 230 11714 8362 1246 103 1900 3352 1143 1803 2823 2324 843 747 697 429 478 403 338 193 7116 288 1747 248 1499 180 108
is_linear=0
shrinkage=0.05


Tree=178
num_leaves=31
num_cat=0
split_feature=12 0 10 10 8 11 2 0 4 9 4 2 3 4 11 11 0 6 3 7 5 1 1 7 8 6 9 1 7 3
split_gain=682.654 3339.07 3051.94 4668.06 8322.5 9808.99 13071 3677.92 3169.75 4723.54 2493.5 2264.19 3792.45 2059.12 1737.68 3344.26 3788.68 5795.05 2354.55 2031.53 1807.12 1716.46 1693.77 1666.02 1607.25 2285.67 1843.12 2673.71 5245.4 3084.4
threshold=19.750000000000004 39.390071868896491 -0.94697898626327504 -0.92263099551200856 2.9572275876998906 -0.34155811369419092 0.60256168246269237 1.9813452363014223 67.811252593994155 31.163386344909672 0.37526224553585058 69.412918090820327 28.796261787414554 42.564952850341804 -0.27608674764633173 -0.20930689573287961 1.5620391964912417 12.447728157043459 30.992472648620609 30.596981048583988 30.618143081665043 30.129017829895023 30.458729743957523 30.87795448303223 10.579854011535646 50.310873031616218 29.249510765075687 29.060233116149906 31.186458587646488 28.509051322937015
decision_type=2 2 2 2 2 2 2 2 2 2 2 2 2 2 2 2 2 2 2 2 2 2 2 2 2 2 2 2 2 2
left_child=-1 2 14 4 -4 6 -6 -8 11 22 -3 24 -13 21 -2 16 17 19 -18 -16 -17 -12 -10 -20 25 -5 -26 28 29 -28
right_child=1 10 3 8 5 -7 7 -9 9 -11 13 12 -14 -15 15 20 18 -19 23 -21 -22 -23 -24 -25 26 -27 27 -29 -30 -31
leaf_value=0.00055124585545338447 -0.13723993873625057 0.043139132214012652 0.0013847345710892207 -0.0014311348591786773 1.0332151288688183 -0.0064216077902487347 0.53125612240571252 0.049077917576426329 -0.12673255126391139 0.59733584843300003 -0.22984389880956374 0.4141266060220759 -0.13172416320213906 0.11283121753264876 0.31231158824577449 -0.11781994970244113 -0.19951515520405438 0.5648970361844432 0.30974006845995233 -0.026968816409703174 -0.031677099487082853 -0.044273083158179953 0.22632464612975267 -0.027883091173340792 -0.086326887642948921 0.21986102441118824 0.10884863128427601 -0.026085949007532062 -0.16348559841709703 0.60573313785716898
leaf_weight=530894 413 227 777 43545 75 175 65 101 70 54 439 82 52 68 62 721 135 82 54 153 3913 174 66 113 1193 117 61 2296 76 64
leaf_count=530894 413 227 777 43545 75 175 65 101 70 54 439 82 52 68 62 721 135 82 54 153 3913 174 66 113 1193 117 61 2296 76 64
internal_value=-2.82245e-12 -0.00528036 -0.00369647 0.00032471 0.0980149 0.2785 0.485393 0.237883 -0.0021198 0.201696 -0.100374 -0.0029353 0.202304 -0.148212 -0.0385019 -0.0307092 0.0804662 0.207268 -0.0442363 0.0708702 -0.04508 -0.17717 0.044604 0.0812885 -0.0035161 -0.000838144 -0.0352031 -0.0107776 0.164088 0.363253
internal_weight=586317 55423 54515 48869 1193 416 241 166 47676 190 908 47486 134 681 5646 5233 599 297 302 215 4634 613 136 167 47352 43662 3690 2497 201 125
internal_count=586317 55423 54515 48869 1193 416 241 166 47676 190 908 47486 134 681 5646 5233 599 297 302 215 4634 613 136 167 47352 43662 3690 2497 201 125
is_linear=0
shrinkage=0.05


Tree=179
num_leaves=31
num_cat=0
split_feature=11 10 1 12 11 9 11 12 10 7 5 10 11 10 9 3 7 10 9 5 3 10 0 10 12 7 9 9 8 6
split_gain=673.355 6691.77 6866.19 4458.56 6339.65 9076.12 9152.35 10347.2 6048.69 14384 7314.3 5758.37 4841.74 4831.93 4590.71 9540.37 8109.77 4202.33 4786.96 6426.63 4437.27 9322.63 10024.3 4775.66 4420.41 4259.8 4167.18 8872.67 23430.3 14273.6
threshold=-0.95744973421096791 -0.20088869333267209 34.376260757446296 16.250000000000004 -0.98798605799674977 35.290496826171882 -0.9946339726448058 18.250000000000004 0.13301347196102145 32.391004562377937 33.003767013549812 0.064507851377129569 -0.99937036633491505 0.098819226026535048 35.669494628906257 35.520656585693366 35.666589736938484 0.081675637513399138 33.88667297363282 35.90802192687989 35.088953018188484 0.11593352630734445 3.5638910531997685 0.11593352630734445 16.750000000000004 37.246870040893562 28.376096725463871 29.059931755065922 12.431318759918215 7.3654820919036874
decision_type=2 2 2 2 2 2 2 2 2 2 2 2 2 2 2 2 2 2 2 2 2 2 2 2 2 2 2 2 2 2
left_child=1 26 17 -4 5 8 7 -7 10 -10 -5 -9 -12 -14 -6 16 -16 18 -3 -20 23 22 -22 24 -19 -23 -1 28 -28 -30
right_child=-2 2 3 4 14 6 -8 11 9 -11 12 -13 13 -15 15 -17 -18 20 19 -21 21 25 -24 -25 -26 -27 27 -29 29 -31
leaf_value=-0.019016183547267362 -0.00054337214266540572 -0.014301254711482714 -0.0047710516149318677 -0.11739676822688157 -0.063611492930829197 0.22081470927777921 0.10067223745706844 0.52086871121435951 1.0428536288511869 -0.0060390282422304155 0.22202021895443047 1.1915133064122576 -0.013947617559941713 0.24042866958265607 0.042605787511698155 0.016376908476427889 0.49666725880216539 -0.032537308201413789 0.059159505043755993 -0.12603455386204993 0.035479280038883808 0.10187748158622301 0.99073277153777628 -0.031475338022526174 -0.17838198364489025 -0.12361321499462186 0.061426446158023541 0.047733514276048626 0.094170276353172225 1.1153468001275681
leaf_weight=1825 531645 17479 5703 529 1279 168 341 73 52 88 523 57 908 235 189 2853 205 906 4645 521 57 497 53 7691 1218 362 426 5634 51 104
leaf_count=1825 531645 17479 5703 529 1279 168 341 73 52 88 523 57 908 235 189 2853 205 906 4645 521 57 497 53 7691 1218 362 426 5634 51 104
internal_value=-5.02144e-12 0.00528389 -0.00197957 0.0285493 0.0538862 0.110596 0.277568 0.479988 0.0649023 0.38355 0.0445786 0.814921 0.0960101 0.038352 0.0166225 0.0482269 0.278856 -0.0140372 -0.00180348 0.0404824 -0.0397263 0.0623491 0.495738 -0.0498039 -0.116171 0.00685113 0.047412 0.0669183 0.252954 0.779347
internal_weight=586317 54672 46632 13203 7500 2974 639 298 2335 140 2195 130 1666 1143 4526 3247 394 33429 22645 5166 10784 969 110 9815 2124 859 8040 6215 581 155
internal_count=586317 54672 46632 13203 7500 2974 639 298 2335 140 2195 130 1666 1143 4526 3247 394 33429 22645 5166 10784 969 110 9815 2124 859 8040 6215 581 155
is_linear=0
shrinkage=0.05


Tree=180
num_leaves=31
num_cat=0
split_feature=2 11 10 6 9 13 13 9 0 2 4 13 5 5 5 10 10 11 3 10 5 7 9 1 7 7 9 9 1 12
split_gain=664.403 2877.48 9017.28 14294.9 23276.5 16798.8 4264.97 3943.17 3779.12 2964.81 3609.76 5280.55 7333.57 4625.77 6847.95 7846.63 2815.55 3280.11 3193.24 4600.98 8902.12 13009.3 12531.3 3535.72 2936.27 3962.58 2991.02 3413.16 3036.53 3489.62
threshold=0.25360839068889623 -0.45205545425415034 -0.8779519498348235 3.2151883840560918 28.799597740173343 81.250000000000014 82.250000000000014 31.591569900512699 5.2836239337921151 69.412918090820327 10.68488931655884 82.250000000000014 28.572127342224125 30.360006332397464 28.443555831909183 -0.444374069571495 -0.99052327871322621 0.01290981797501445 31.146760940551761 -0.99466162919998158 30.392380714416507 31.246698379516605 30.139940261840824 31.084787368774418 30.815472602844242 28.962356567382816 31.19474029541016 28.628758430480961 31.458621978759769 15.250000000000002
decision_type=2 2 2 2 2 2 2 2 2 2 2 2 2 2 2 2 2 2 2 2 2 2 2 2 2 2 2 2 2 2
left_child=-1 2 3 6 -5 -6 -2 -7 -8 -4 13 -12 -13 14 -11 -16 17 18 19 -3 23 22 -22 -21 25 -19 27 -27 29 -29
right_child=1 16 9 4 5 7 8 -9 -10 10 11 12 -14 -15 15 -17 -18 24 -20 20 21 -23 -24 -25 -26 26 -28 28 -30 -31
leaf_value=0.0010390784432819558 -0.026262011758901166 -0.011970064851921713 -0.00040001040308578709 1.086158704557797 0.027484632429183909 0.92548335986350905 0.065074481280765151 0.41254173043019632 0.57333188694098902 0.082993011834385164 -0.034438442205393001 0.78291654765605934 -0.073446080625057225 0.022817223942850431 1.0750901022047368 0.214713487338345 -0.016165966621202725 -0.028081325787854373 -0.044575357222926958 0.061464044795956865 0.097032256713554046 0.064392407083968553 0.97894249309389159 -0.18127631356920859 0.016492807493677004 -0.085304314736276865 0.013447627925739667 0.26704931942251869 0.41108566509250971 -0.01109365365867104
leaf_weight=424524 1068 3527 93345 82 432 67 99 85 58 111 679 50 50 197 53 53 51677 436 3715 619 67 264 101 198 3679 92 291 343 187 168
leaf_count=424524 1068 3527 93345 82 432 67 99 85 58 111 679 50 50 197 53 53 51677 436 3715 619 67 264 101 198 3679 92 291 343 187 168
internal_value=-6.32412e-12 -0.00272641 0.00276346 0.110872 0.297315 0.186553 0.0095084 0.638641 0.252838 0.000601003 0.0789242 0.0155197 0.354735 0.198229 0.357474 0.644902 -0.0108254 0.00933862 -0.00980902 0.0172339 0.0997017 0.283273 0.627228 0.0026359 0.0406286 0.0991622 0.150483 0.200961 0.238692 0.175605
internal_weight=586317 161793 96429 1891 666 584 1225 152 157 94538 1193 779 100 414 217 106 65364 13687 8491 4776 1249 432 168 817 5196 1517 1081 790 698 511
internal_count=586317 161793 96429 1891 666 584 1225 152 157 94538 1193 779 100 414 217 106 65364 13687 8491 4776 1249 432 168 817 5196 1517 1081 790 698 511
is_linear=0
shrinkage=0.05


Tree=181
num_leaves=31
num_cat=0
split_feature=12 11 11 1 10 7 7 13 0 7 11 10 10 7 2 13 10 2 3 11 0 10 13 8 4 4 9 7 10 8
split_gain=670.538 1249.26 4177.06 3755.61 7298.71 17644.6 7541.3 3650.33 3143.21 3119.58 2945.87 2542.87 2178.23 5733.8 4320.24 1753.55 5060.4 3366.09 2673.3 4808.29 6427.19 3790.59 4968.71 6731.94 4000.95 8012.81 3562.49 3283.24 3172.11 3049.32
threshold=13.750000000000002 -0.40541070699691767 -0.71464690566062916 33.129404067993171 0.69636976718902599 28.441049575805668 35.294151306152351 76.250000000000014 10.29836940765381 30.846970558166507 -0.34155811369419092 -0.89391031861305226 0.012910176534205677 26.476396560668949 5.7248692512512216 78.750000000000014 0.064507851377129569 39.115337371826179 31.795172691345218 -0.25950218737125391 5.0105254650115976 -0.46735489368438715 79.750000000000014 56.545053482055671 14.167195796966555 1.8466958403587344 30.75710487365723 34.43523025512696 -0.95236876606941212 10.991134166717531
decision_type=2 2 2 2 2 2 2 2 2 2 2 2 2 2 2 2 2 2 2 2 2 2 2 2 2 2 2 2 2 2
left_child=1 2 7 4 -4 -6 -7 8 -1 -5 -3 -11 13 -10 -15 -12 17 18 21 20 27 22 23 -17 25 -24 -27 -20 -29 -23
right_child=-2 10 3 9 5 6 -8 -9 12 11 15 -13 -14 14 -16 16 -18 -19 19 -21 -22 29 24 -25 -26 26 -28 28 -30 -31
leaf_value=0.029406307164153801 -0.00076295103812528753 -0.057688570822531753 0.035223999167500936 0.35349684766278822 1.0658436746529814 0.096584090648809545 0.58062015119137189 -0.0077759726986759807 0.073182396177322626 -0.17884218454524714 -0.003968331368852232 0.010826647597469923 0.047059142836040319 0.24875290403142572 0.88818984825909153 0.066890541590487115 -0.012751970650305911 -0.11127069534686132 -0.08420724230315034 -0.0048847163193318811 0.58392340381622487 0.04376268577960625 0.18644556429956044 0.64240901839847753 0.018802677988705618 1.0147308384232661 0.42659382383124189 0.49597050912344631 -0.024478758613650616 -0.13734871940687299
leaf_weight=2421 487139 2176 4424 65 53 1072 87 21600 155 182 42744 6085 198 56 50 2223 8640 351 148 3292 80 2190 228 52 124 51 52 67 52 260
leaf_count=2421 487139 2176 4424 65 53 1072 87 21600 155 182 42744 6085 198 56 50 2223 8640 351 148 3292 80 2190 228 52 124 51 52 67 52 260
internal_value=-1.65841e-11 0.00374744 0.0111093 0.0353176 0.0650058 0.173714 0.132918 -0.000725805 0.0521505 0.00889264 -0.00053005 0.00531847 0.172115 0.266984 0.550374 0.00152393 0.0147054 0.0405758 0.0466193 0.0137752 0.190802 0.0696926 0.110212 0.0800452 0.261045 0.351794 0.717807 0.0730129 0.268547 0.0245427
internal_weight=586317 99178 36448 11968 5636 1212 1159 24480 2880 6332 62730 6267 459 261 106 60554 17810 9170 8819 3639 347 5180 2730 2275 455 331 103 267 119 2450
internal_count=586317 99178 36448 11968 5636 1212 1159 24480 2880 6332 62730 6267 459 261 106 60554 17810 9170 8819 3639 347 5180 2730 2275 455 331 103 267 119 2450
is_linear=0
shrinkage=0.05


Tree=182
num_leaves=31
num_cat=0
split_feature=0 2 10 9 11 12 1 8 7 10 9 9 13 10 5 9 5 1 10 12 4 11 11 1 10 9 9 0 5 10
split_gain=661.976 1894.29 1864.51 2218.89 1840.42 5367.22 13704.2 3190.1 3686.93 3448.27 3177.6 2430.83 1907.23 4134.81 10651 23582.1 4180.77 4943.94 3173.86 1718.43 2157.23 1714.26 4736.03 4622.03 3473.58 9814.31 4036.63 5102.77 7695.39 16844.6
threshold=1.0000000180025095e-35 17.880877494812015 0.13301347196102145 36.63084793090821 -0.99862980842590321 17.250000000000004 35.913198471069343 4.0659053325653085 32.290451049804695 0.012910176534205677 31.715365409851078 30.503155708312992 83.750000000000014 -0.96230018138885487 34.316904067993171 33.731683731079109 33.302337646484382 33.045808792114265 -0.99052327871322621 19.750000000000004 1.9252846837043764 0.11593030393123628 0.081673368811607375 31.331593513488773 -0.67760851979255665 24.838127136230472 28.799597740173343 25.290923118591312 28.509267807006839 -0.80392050743103016
decision_type=2 2 2 2 2 2 2 2 2 2 2 2 2 2 2 2 2 2 2 2 2 2 2 2 2 2 2 2 2 2
left_child=1 4 3 19 5 -1 7 8 -7 -10 11 -9 -6 14 15 16 17 -14 -19 -3 -21 22 -2 24 25 -23 27 -27 -29 -30
right_child=21 2 -4 -5 12 6 -8 10 9 -11 -12 -13 13 -15 -16 -17 -18 18 -20 20 -22 23 -24 -25 -26 26 -28 28 29 -31
leaf_value=-0.0069672498047986357 -0.0012937238688624786 0.038040322613372091 -0.0072249327749626798 0.35135484484375501 -0.00020335011374985744 -0.12339526694384405 0.62538916285434543 0.16469093923170408 0.20510544727946695 -0.092999466491125574 0.020394963266061886 0.49845224281257772 -0.010253622911630138 0.014555849901340942 -0.34072739893481852 1.2385019686818124 -0.22392713748982973 0.18137107054072044 0.68528069709501571 0.4197230295514438 0.076291020048989189 0.59577891691396501 0.079836382914464765 -0.042574515649689171 -0.022027566297602871 0.044150493450361761 -0.00098491183424488627 0.020869685813879511 0.12910877119829045 1.2576953587578794
leaf_weight=2504 141467 3212 2097 61 391433 320 121 130 278 149 175 94 124 10429 84 55 70 62 63 67 144 73 1822 9370 10186 2184 9241 157 94 51
leaf_count=2504 141467 3212 2097 61 391433 320 121 130 278 149 175 94 124 10429 84 55 70 62 63 67 144 73 1822 9370 10186 2184 9241 157 94 51
internal_value=-9.46422e-12 0.00109428 0.030026 0.052447 0.000696662 0.0354642 0.119322 0.0658895 0.00492089 0.101083 0.180034 0.304751 0.000370782 0.0210132 0.168052 0.282323 0.117465 0.213439 0.435342 0.0471203 0.185343 -0.00257942 -0.000262109 -0.013169 -0.000636887 0.017828 0.0142303 0.0707884 0.263428 0.52606
internal_weight=586317 411672 5581 3484 406091 3771 1267 1146 747 427 399 224 402320 10887 458 374 319 249 125 3423 211 174645 143289 31356 21986 11800 11727 2486 302 145
internal_count=586317 411672 5581 3484 406091 3771 1267 1146 747 427 399 224 402320 10887 458 374 319 249 125 3423 211 174645 143289 31356 21986 11800 11727 2486 302 145
is_linear=0
shrinkage=0.05


Tree=183
num_leaves=31
num_cat=0
split_feature=4 11 1 10 9 1 10 5 2 5 2 11 9 13 13 3 7 0 9 7 12 6 10 9 11 3 5 1 9 12
split_gain=670.503 1815.48 3408.67 3008.07 13850.1 3985.51 4936.2 9890.52 12502.3 3524.84 4495.53 18758.6 3445.43 4537.35 6835.09 4312.27 8195.28 3181.81 3141.43 6144.68 3509.29 2940.24 3826 2691.84 4011.52 6052.05 2689.1 3013.52 2985.45 2631.46
threshold=0.1536347642540932 0.16704543679952624 31.6137228012085 -0.70252096652984608 24.838127136230472 27.419076919555668 -0.86095303297042836 27.308004379272464 6.2294225692749032 30.263042449951175 7.2670378684997567 0.8189845383167268 32.002019882202156 80.250000000000014 79.250000000000014 31.638983726501468 32.323551177978523 12.928617000579836 29.741821289062504 30.94082069396973 14.750000000000002 0.64083787798881542 -0.93535929918289173 32.852962493896491 0.73246693611145031 32.770467758178718 30.056657791137699 28.242001533508304 31.163386344909672 16.750000000000004
decision_type=2 2 2 2 2 2 2 2 2 2 2 2 2 2 2 2 2 2 2 2 2 2 2 2 2 2 2 2 2 2
left_child=-1 29 3 4 -3 6 21 -8 -9 17 -11 -12 18 14 -14 16 -16 -5 19 20 -7 22 -6 -4 -25 -26 27 28 -20 -2
right_child=1 2 23 9 5 12 7 8 -10 10 11 -13 13 -15 15 -17 -18 -19 26 -21 -22 -23 -24 24 25 -27 -28 -29 -30 -31
leaf_value=0.0010741990687455477 -0.0090385828107003279 0.73337407059856319 -0.060905576218513613 -0.024365549299612113 0.44273000961953879 -0.026719549368009035 0.024416557309902425 0.22816569089427988 1.1364328468120413 0.013823156509432161 -0.04458584173999984 1.0066192078093688 0.024569487878371304 -0.073900022415979635 0.22782996052145205 0.053404023939812632 0.85420160258714217 -0.12319358081631485 0.055679557228396681 0.44520586378434129 0.077913381169631188 -0.068850757205389218 -0.075552400068115838 -0.013146147285411284 0.69932052776962517 -0.064086239026100542 -0.071288949850964053 -0.0099660064398450487 0.53748312171767743 0.0050800635000086553
leaf_weight=417721 53375 67 5605 7683 76 2023 219 113 57 1538 145 60 492 334 158 108 78 911 87 85 1327 353 67 2884 50 54 2559 1570 51 86467
leaf_count=417721 53375 67 5605 7683 76 2023 219 113 57 1538 145 60 492 334 158 108 78 911 87 85 1327 353 67 2884 50 54 2559 1570 51 86467
internal_value=1.10721e-11 -0.00266148 -0.0141037 -0.0028647 0.0169465 0.0120269 0.113207 0.246547 0.532702 -0.0216927 0.0431395 0.263084 0.00193403 0.0818787 0.144116 0.315094 0.434851 -0.0348417 -0.0102103 0.0253799 0.0147276 0.00863136 0.199898 -0.0404729 -0.00214462 0.302936 -0.0388609 0.00972432 0.233737 -0.000308752
internal_weight=586317 168596 28754 20161 9824 9757 885 389 170 10337 1743 205 8872 1170 836 344 236 8594 7702 3435 3350 496 143 8593 2988 104 4267 1708 138 139842
internal_count=586317 168596 28754 20161 9824 9757 885 389 170 10337 1743 205 8872 1170 836 344 236 8594 7702 3435 3350 496 143 8593 2988 104 4267 1708 138 139842
is_linear=0
shrinkage=0.05


Tree=184
num_leaves=31
num_cat=0
split_feature=12 0 3 4 13 3 13 3 5 5 13 0 13 4 11 10 10 10 9 3 2 10 2 2 4 8 11 1 5 13
split_gain=664.238 3151.51 5190.7 3465.72 3408.36 4988.85 3182.75 2432.57 3186.04 3069.36 2884.15 2218.67 2140.2 5591.71 6126.11 6879.06 3043.43 1937.04 4028.74 11624.4 1854.71 1797.48 2191.68 2716.48 3557.05 1678.55 2553.02 1549.57 1662.45 1992.9
threshold=19.750000000000004 20.023065567016605 29.801715850830082 47.059978485107429 82.750000000000014 29.727887153625492 80.750000000000014 26.491054534912113 28.381810188293461 27.17766094207764 81.250000000000014 0.59676501154899608 78.750000000000014 10.515487670898439 -0.90878397226333607 -0.012910176534205673 -0.7721494436264037 -0.97873103618621815 34.616676330566413 34.813419342041023 80.068012237548842 -0.83354803919792164 27.228966712951664 4.4507155418396005 67.811252593994155 3.7179465293884282 -0.72658059000968922 34.201402664184577 30.618143081665043 83.750000000000014
decision_type=2 2 2 2 2 2 2 2 2 2 2 2 2 2 2 2 2 2 2 2 2 2 2 2 2 2 2 2 2 2
left_child=-1 3 7 17 21 -6 12 9 -9 -3 25 -7 -4 14 15 -14 -16 18 27 -20 -19 -5 23 -23 -25 26 -10 28 -2 -30
right_child=1 2 6 4 5 11 -8 8 10 -11 -12 -13 13 -15 16 -17 -18 20 19 -21 -22 22 -24 24 -26 -27 -28 -29 29 -31
leaf_value=0.00054375947491413861 -0.11986575848881109 0.30982907918514685 -0.0040571155157798347 -0.19856240478024556 0.71626847327973409 0.32635560419191334 -0.061751495980684371 -0.32203876243216367 0.2804109433941035 -0.21301404023170473 -0.22183114979149279 -0.09658556767461593 0.99791622602939611 -0.1822852277569473 0.23595164495129742 0.21783168963514843 -0.24776730558276175 -0.0015950013931624409 0.83196997208893309 -0.12674569039670533 0.25971480686874954 -0.047401683738357146 -0.13856555261724704 0.070024456122312048 0.63668711807508516 -0.11145064139443822 -0.093371708549951249 -0.17544715179414569 -0.043182335390418075 0.085409176340168813
leaf_weight=530894 559 64 369 67 52 68 906 241 88 50 349 57 50 85 93 65 50 48777 50 86 68 76 74 58 53 259 95 236 2024 354
leaf_count=530894 559 64 369 67 52 68 906 241 88 50 349 57 50 85 93 65 50 48777 50 86 68 76 74 58 53 259 95 236 2024 354
internal_value=8.13718e-12 -0.00520864 -0.0572504 -0.00247704 0.127878 0.304705 0.000415225 -0.138667 -0.162878 0.0805119 -0.114386 0.133494 0.0795206 0.169434 0.28531 0.556999 0.0668191 -0.00373925 -0.0407611 0.225723 -0.00123122 0.0324566 0.0917604 0.182905 0.340593 -0.0295472 0.0863708 -0.052183 -0.0422782 -0.0240396
internal_weight=586317 55423 2764 52659 505 177 1618 1146 1032 114 791 125 712 343 258 115 143 52154 3309 136 48845 328 261 187 111 442 183 3173 2937 2378
internal_count=586317 55423 2764 52659 505 177 1618 1146 1032 114 791 125 712 343 258 115 143 52154 3309 136 48845 328 261 187 111 442 183 3173 2937 2378
is_linear=0
shrinkage=0.05


Tree=185
num_leaves=31
num_cat=0
split_feature=1 11 11 9 10 10 11 10 3 9 5 13 10 10 9 1 9 13 13 7 8 7 10 10 10 3 9 5 7 10
split_gain=658.38 1651.32 4204.16 4135.57 11058.6 2517.64 2359.08 4354.4 7172.4 10067.5 3064.15 2817.04 3190 2649.78 2294.8 1939.65 1629.65 2646.34 1455.21 1425.08 1345.51 1339.51 4468.58 3157.65 3579.44 2973.14 2796.96 2389.49 4222.75 1890.31
threshold=38.043006896972663 -0.80389818549156178 -0.92260536551475514 36.381807327270515 0.39753912389278417 0.23448921740055087 -0.89388549327850331 0.47494667768478399 41.103919982910163 40.596107482910163 40.913448333740241 78.250000000000014 0.45972847938537603 0.45972847938537603 37.530128479003913 39.068861007690437 40.274217605590827 78.750000000000014 78.750000000000014 38.036563873291023 0.5069602131843568 40.001266479492195 0.47494667768478399 0.92913278937339794 0.94130858778953563 38.588819503784187 40.596107482910163 40.145202636718757 41.314598083496101 0.30081701278686529
decision_type=2 2 2 2 2 2 2 2 2 2 2 2 2 2 2 2 2 2 2 2 2 2 2 2 2 2 2 2 2 2
left_child=21 2 5 4 -4 16 14 8 9 11 13 12 -8 -11 15 -5 17 -2 -7 -9 -3 -1 25 -24 26 -23 -25 28 -27 -29
right_child=1 20 3 6 -6 18 7 19 -10 10 -12 -13 -14 -15 -16 -17 -18 -19 -20 -21 -22 22 23 24 -26 27 -28 29 -30 -31
leaf_value=0.00044869074647652259 0.11747546576279605 -0.0059850559272717667 0.69064817135331824 0.005868129214005811 0.041093885425764781 -0.10154035111244482 0.020920618726975388 -0.048321928590448232 -0.03636724172668581 0.80218581979473447 0.252478476930806 0.025257750480071551 0.4663434747319955 0.37513803980546073 -0.044618923086168903 0.40682460376114221 0.12525210174828302 -0.077573889516736189 -0.030749016144497321 0.023573806881022102 -0.031841724749330093 0.038652891277759331 -0.055484506342681088 0.035973702855408192 0.0019197290586338281 0.2136489539883519 0.47669274171193443 0.34534829666694772 0.74991785810858602 0.024111581274097967
leaf_weight=512652 274 49622 85 70 286 1040 72 763 494 84 94 427 91 64 1792 53 343 476 2404 7130 5599 411 1135 60 304 131 90 65 51 155
leaf_count=512652 274 49622 85 70 286 1040 72 763 494 84 94 427 91 64 1792 53 343 476 2404 7130 5599 411 1135 60 304 131 90 65 51 155
internal_value=-8.26954e-12 -0.0045044 0.00961697 0.0256909 0.189914 -0.0311435 0.0202188 0.0307083 0.114546 0.204151 0.475725 0.0927603 0.269592 0.617517 -0.0302792 0.178638 0.0349722 -0.00631586 -0.0521262 0.0166238 -0.00860673 0.000623229 0.0378745 -0.0109066 0.100538 0.133217 0.300405 0.229897 0.363922 0.119022
internal_weight=586317 71263 16042 11505 371 4537 11134 9219 1326 832 242 590 163 148 1915 123 1093 750 3444 7893 55221 515054 2402 1589 454 813 150 402 182 220
internal_count=586317 71263 16042 11505 371 4537 11134 9219 1326 832 242 590 163 148 1915 123 1093 750 3444 7893 55221 515054 2402 1589 454 813 150 402 182 220
is_linear=0
shrinkage=0.05


Tree=186
num_leaves=31
num_cat=0
split_feature=9 1 2 6 6 2 1 12 1 4 12 4 8 11 2 11 10 11 11 10 10 10 10 12 6 3 7 10 11 2
split_gain=647.353 1838.21 1984.43 2128.59 1800.29 2596.65 2912.01 2530.06 1795.44 14103.3 1522.3 1522.26 1403.22 1294.5 951.585 929.351 991.057 928.602 1186.92 3661.67 6091.72 2838.16 1785.68 1715.31 1173.65 1597.7 1195.86 1033.64 2507.64 1308.35
threshold=26.670157432556156 30.129017829895023 52.982137680053718 34.830820083618171 68.613510131835952 3.0797382593154912 28.804106712341312 14.750000000000002 29.733201026916507 22.061784744262699 13.250000000000002 38.949720382690437 0.9020354449748994 -0.62538740038871754 21.009304046630863 0.99962961673736583 0.012910176534205677 -0.99049577116966236 -0.24284072965383527 -0.70252096652984608 -0.71466678380966175 -0.99273952841758717 -0.98211652040481556 19.250000000000004 0.25397609174251562 27.55761814117432 27.427736282348636 -0.5343676209449767 -0.86092913150787342 2.341299414634705
decision_type=2 2 2 2 2 2 2 2 2 2 2 2 2 2 2 2 2 2 2 2 2 2 2 2 2 2 2 2 2 2
left_child=1 2 4 -4 8 7 -7 -6 11 10 -10 15 -13 14 -3 17 -17 -1 23 20 21 -20 -23 27 25 -24 -26 -19 -29 -30
right_child=-2 13 3 -5 5 6 -8 -9 9 -11 -12 12 -14 -15 -16 16 -18 18 19 -21 -22 22 24 -25 26 -27 -28 28 29 -31
leaf_value=0.067802763227320456 0.00025782566661797045 -0.084951570814873339 0.3448329229739362 -0.039639506406254243 0.57128785855922048 -0.16581590229814702 0.28279927331758176 0.070763042993843547 0.26313975782078852 0.87147363143808709 -0.023467182603749477 0.042022649103309967 -0.20965167580379382 -0.023404521536166432 -0.27757318645715712 0.20298605710245848 -0.0077676220783306398 -0.056517664678273606 -0.1035328296176489 -0.01732460179615989 0.53090755765976971 0.33993029167523259 0.31355237938387664 -0.20168582117675166 -0.012343560416944498 -0.029333067004783799 0.23211485451863459 -0.01949570843968251 0.045649024513700315 0.365516000670014
leaf_weight=352 572529 763 84 63 51 99 57 50 51 51 506 80 180 1500 70 105 119 1806 211 5068 73 74 98 152 301 52 60 1584 62 66
leaf_count=352 572529 763 84 63 51 99 57 50 51 51 506 80 180 1500 70 105 119 1806 211 5068 73 74 98 152 301 52 60 1584 62 66
internal_value=-8.25233e-12 -0.0107059 -0.00246685 0.180059 -0.00483962 0.125983 -0.00189882 0.323503 -0.007882 0.0756429 0.0027751 -0.0127449 -0.132213 -0.0511594 -0.101138 -0.00969453 0.0910232 -0.0119599 -0.0148824 -0.0010647 0.0937629 0.053673 0.110375 -0.0372354 0.0771317 0.194685 0.0282866 -0.0301301 -0.00229375 0.21058
internal_weight=586317 13788 11455 147 11308 257 156 101 11051 608 557 10443 260 2333 833 10183 224 9959 9607 5937 869 796 585 3670 511 150 361 3518 1712 128
internal_count=586317 13788 11455 147 11308 257 156 101 11051 608 557 10443 260 2333 833 10183 224 9959 9607 5937 869 796 585 3670 511 150 361 3518 1712 128
is_linear=0
shrinkage=0.05


Tree=187
num_leaves=31
num_cat=0
split_feature=2 11 10 9 6 3 13 1 13 0 9 5 5 13 1 5 9 9 12 13 10 11 1 10 3 10 9 10 9 1
split_gain=646.038 2561.55 8115.28 13100.1 15377.3 14607.9 11911.8 4278.16 9196.16 3636.6 3340.15 2823.77 3701.58 2691.89 3857.88 3602.95 4756.33 9797.95 2988.42 7956.12 6360.12 6323.65 6537.27 6188.05 18849.1 24350.8 29519.9 26271.2 7307.89 7371.82
threshold=0.25360839068889623 -0.45205545425415034 -0.8779519498348235 30.437544822692875 3.2151883840560918 31.176336288452152 82.250000000000014 29.015290260314945 79.750000000000014 5.2836239337921151 32.131294250488288 28.744626045227054 30.554695129394535 83.750000000000014 31.928989410400394 29.449831962585453 31.163386344909672 30.035624504089359 18.750000000000004 82.250000000000014 0.23448921740055087 -0.69014781713485707 29.108410835266117 -0.63874351978301991 28.796261787414554 -0.67760851979255665 28.910720825195316 -0.71466678380966175 31.685454368591312 32.887042999267585
decision_type=2 2 2 2 2 2 2 2 2 2 2 2 2 2 2 2 2 2 2 2 2 2 2 2 2 2 2 2 2 2
left_child=-1 2 3 4 11 -6 7 8 -5 10 -8 -2 -13 18 15 16 17 -15 19 -4 -21 23 -23 24 25 27 -27 -20 -25 -30
right_child=1 -3 13 6 5 -7 9 -9 -10 -11 -12 12 -14 14 -16 -17 -18 -19 21 20 -22 22 -24 28 -26 26 -28 -29 29 -31
leaf_value=0.0010246170223725351 -0.1439086042104229 -0.010329920874622651 0.00032977321998338394 -0.080053248080926454 0.2651371662998977 1.0959280832841689 0.50500054604040001 -0.070546921237184521 0.69727231505016496 0.62765085631433659 -0.018001768924295902 0.42373793251561315 -0.033575185269794687 -0.11517707326582501 -0.0004472827023507267 -0.14263841622502718 -0.21841383983758336 0.77661229075355964 0.86508666523193056 -0.12411180859160592 0.033148848172041771 -0.14732655325425364 -0.0055665004055099583 -0.017264152031683768 0.018782251984602066 1.8764646872878075 0.39455114902634375 -0.1064867372954121 0.089780607221846123 0.0086239868164374647
leaf_weight=424524 93 65364 61737 104 115 98 53 1034 60 85 72 89 88 70 2109 1156 79 55 95 2316 890 1003 4299 7705 1351 52 95 260 5178 6088
leaf_count=424524 93 65364 61737 104 115 98 53 1034 60 85 72 89 88 70 2109 1156 79 55 95 2316 890 1003 4299 7705 1351 52 95 260 5178 6088
internal_value=-1.49298e-11 -0.00268846 0.00249127 0.105051 0.329744 0.647379 0.027972 -0.0329171 0.204334 0.37533 0.203751 0.079165 0.196373 0.000439819 -0.0427895 -0.108451 0.0852774 0.27721 0.00208651 -0.0036583 -0.0804555 0.0163667 -0.0323838 0.0287791 0.11599 0.3776 0.918765 0.153512 0.0202607 0.0459246
internal_weight=586317 161793 96429 1891 483 213 1408 1198 164 210 125 270 177 94538 3469 1360 204 125 91069 64943 3206 26126 5302 20824 1853 502 147 355 18971 11266
internal_count=586317 161793 96429 1891 483 213 1408 1198 164 210 125 270 177 94538 3469 1360 204 125 91069 64943 3206 26126 5302 20824 1853 502 147 355 18971 11266
is_linear=0
shrinkage=0.05


Tree=188
num_leaves=31
num_cat=0
split_feature=11 10 12 5 8 1 13 5 13 10 7 4 12 6 13 3 4 12 7 12 1 13 10 10 10 1 9 12 3 10
split_gain=626.892 7086.74 10433.6 31834.9 28581.7 24190.4 38498.9 3215.17 2259.24 2006.7 4133.13 7196.3 18778.4 11332.4 3530.72 37942.8 3153.43 3014.56 2959.1 4510.26 2943.74 3223.83 4554.16 26763.7 9225.84 3601.33 2373.03 2269.19 5456.06 4709.88
threshold=0.78827583789825451 -0.58429276943206776 15.750000000000002 29.949045181274418 3.0847325325012211 31.054188728332523 78.250000000000014 32.966321945190437 77.250000000000014 -0.27609442174434656 30.564222335815433 0.83326557278633129 14.750000000000002 0.29060070216655737 80.750000000000014 31.387905120849613 0.04290918447077275 15.750000000000002 31.585505485534672 16.750000000000004 30.74163913726807 78.750000000000014 -0.37371625006198878 -0.43664719164371485 -0.54883790016174305 29.108410835266117 31.163386344909672 14.750000000000002 31.146760940551761 -0.30901412665843958
decision_type=2 2 2 2 2 2 2 2 2 2 2 2 2 2 2 2 2 2 2 2 2 2 2 2 2 2 2 2 2 2
left_child=-1 2 3 -2 5 6 8 -4 -5 10 16 14 13 -13 17 -16 27 20 -14 -20 21 -12 23 24 25 -23 -26 28 -3 -29
right_child=1 9 7 4 -6 -7 -8 -9 -10 -11 11 12 18 -15 15 -17 -18 -19 19 -21 -22 22 -24 -25 26 -27 -28 29 -30 -31
leaf_value=-0.00084331359436471982 -0.037614970736801624 0.030849504624093166 -0.00049408949486973663 -0.031444094763762913 1.3581068220881769 -0.031303337209541864 1.5869762191478212 0.35674243798622718 0.41269733545184134 -0.0027058519742666058 0.050294398952340752 0.32141692290703455 -0.09084782522021001 1.366054150827229 0.031903598294156836 1.4240139087345804 -0.04051693411243467 0.0049592403919172263 0.5696218536959754 -0.055417036241100684 0.013353124202951689 0.16751929119589828 0.0012428018317996771 1.2989106349903963 -0.30733093325193828 0.68573555640161854 0.053906963027275358 -0.013891586964112813 0.45243382898087686 0.078977065898561891
leaf_weight=463104 625 4770 2031 67 81 218 79 65 50 87837 671 54 173 50 640 53 4030 7049 54 62 1178 62 174 58 77 73 111 11188 78 1555
leaf_count=463104 625 4770 2031 67 81 218 79 65 50 87837 671 54 173 50 640 53 4030 7049 54 62 1178 62 174 58 77 73 111 11188 78 1555
internal_value=1.02793e-11 0.00316965 0.076417 0.199618 0.499155 0.331099 0.73418 0.0105843 0.15836 0.00120657 0.0118924 0.0375662 0.247497 0.823646 0.0294346 0.138371 -0.000622127 0.0214485 0.0401628 0.235549 0.0697981 0.124033 0.213184 0.309976 0.132397 0.44774 -0.0940469 0.00851755 0.0376324 -0.00255903
internal_weight=586317 123213 3216 1120 495 414 196 2096 117 119997 32160 10539 393 104 10146 693 21621 9453 289 116 2404 1226 555 381 323 135 188 17591 4848 12743
internal_count=586317 123213 3216 1120 495 414 196 2096 117 119997 32160 10539 393 104 10146 693 21621 9453 289 116 2404 1226 555 381 323 135 188 17591 4848 12743
is_linear=0
shrinkage=0.05


Tree=189
num_leaves=31
num_cat=0
split_feature=13 0 13 12 11 3 7 8 11 11 8 9 1 3 1 2 6 3 7 7 5 11 9 9 1 7 13 0 11 9
split_gain=624.754 2195.81 8763.3 4270.81 3877.13 4286.09 2754.3 3953.49 4524.91 2703.85 6779.86 3301.14 4435.43 2485.57 2432.11 3829.46 2937.75 2198.49 2105.41 2045.36 3944.77 2008.8 9544.35 7924.03 5139.91 2095.04 2907.1 1894.12 4962.37 18452.1
threshold=80.250000000000014 24.031633377075199 80.750000000000014 19.250000000000004 -0.71464690566062916 30.29670333862305 27.844889640808109 17.582556724548343 -0.62538740038871754 -0.9946339726448058 3.6459449529647832 28.004171371459964 27.298403739929203 26.866142272949222 27.643974304199222 18.980640411376957 3.3462468385696416 27.166994094848636 31.401065826416019 32.158536911010749 32.282291412353523 -0.99981480836868275 33.935148239135749 34.869119644165046 33.045808792114265 33.266916275024421 81.750000000000014 53.543170928955085 -0.98798605799674977 31.407091140747074
decision_type=2 2 2 2 2 2 2 2 2 2 2 2 2 2 2 2 2 2 2 2 2 2 2 2 2 2 2 2 2 2
left_child=27 21 9 6 5 17 7 8 -4 10 -3 12 -11 -13 15 -15 19 -5 -18 -16 -21 22 24 -24 -2 26 -26 -1 29 -29
right_child=1 2 3 4 -6 -7 -8 -9 -10 11 -12 13 -14 14 16 -17 18 -19 -20 20 -22 -23 23 -25 25 -27 -28 28 -30 -31
leaf_value=-0.0011913614577396866 -0.13685043772073607 0.77217248305678376 0.54837959906795908 -0.46818143330159645 -0.033224828438155031 -0.071581105215388338 -0.027413799650421268 -0.12075176331214608 -0.048679033316233578 -0.019663386997477762 0.035147447686597527 -0.18010936549358203 0.5660675829199896 0.52386462219497731 -0.033614925013517774 -0.046133103909400792 0.04035012054887991 -0.21633628856206705 -0.22868140802521558 0.60440257705894174 0.10655038174427017 0.0037596319702752562 0.84874608966508025 0.10514220818877221 0.31195402474335904 0.36446382351383405 -0.19623576725212238 0.97097510612927962 0.022220446832560508 -0.067648802876472472
leaf_weight=437877 312 50 84 105 1016 602 3037 80 51 58 83 114 73 68 127 52 155 496 137 51 181 138570 67 77 53 91 60 65 2400 125
leaf_count=437877 312 50 84 105 1016 602 3037 80 51 58 83 114 73 68 127 52 155 496 137 51 181 138570 67 77 53 91 60 65 2400 125
internal_value=2.67443e-12 0.00283636 -0.0252989 -0.0516623 -0.105142 -0.16588 -0.0151705 0.157773 0.322824 0.100231 0.312225 0.0724802 0.306736 0.0378049 0.0700257 0.276866 0.0318986 -0.260336 -0.0858736 0.127691 0.215992 0.00417412 0.0911973 0.451125 -0.0092475 0.18591 0.0421187 -0.000939193 0.0416936 0.28767
internal_weight=586317 145850 6620 5471 2219 1203 3252 215 135 1149 133 1016 131 885 771 120 651 601 292 359 232 139230 660 144 516 204 113 440467 2590 190
internal_count=586317 145850 6620 5471 2219 1203 3252 215 135 1149 133 1016 131 885 771 120 651 601 292 359 232 139230 660 144 516 204 113 440467 2590 190
is_linear=0
shrinkage=0.05


Tree=190
num_leaves=31
num_cat=0
split_feature=12 11 13 10 7 10 1 10 0 10 10 0 0 11 8 5 12 1 4 9 10 10 8 2 13 12 2 3 13 10
split_gain=621.529 1202.85 3800.43 4591.43 3936.83 3336.52 4982.04 3579.43 3494.52 4009.05 3318.57 3044.88 2882.21 2604.33 2544.77 2474.13 2565.51 2366.69 2006.22 1962.68 3299.76 8210.07 5277.4 8209.94 1958.17 1944.78 1856.31 1618.08 1525.19 4406.78
threshold=13.750000000000002 -0.40541070699691767 77.750000000000014 0.47494667768478399 26.670184135437015 -0.83354803919792164 27.643974304199222 -0.88606244325637806 2.3258372545242314 -0.7721494436264037 -0.82391539216041554 12.928617000579836 4.5892398357391366 -0.34155811369419092 9.7300586700439471 29.141403198242191 12.750000000000002 30.868142127990726 29.014748573303226 30.000835418701175 -0.57728627324104298 -0.42888796329498285 0.25853407382965093 2.2936775684356694 77.250000000000014 12.250000000000002 1.6190001964569094 28.027479171752933 78.750000000000014 0.064507851377129569
decision_type=2 2 2 2 2 2 2 2 2 2 2 2 2 2 2 2 2 2 2 2 2 2 2 2 2 2 2 2 2 2
left_child=1 2 3 5 -5 6 -1 15 -7 10 -10 -12 14 -3 17 -8 -17 24 -6 20 -11 22 23 -22 26 -4 -9 -24 -15 -30
right_child=-2 13 25 4 18 8 7 12 9 19 11 -13 -14 28 -16 16 -18 -19 -20 -21 21 -23 27 -25 -26 -27 -28 -29 29 -31
leaf_value=-0.053821290032469118 -0.00073454058724556522 -0.054332452802908153 -0.034086834906240746 0.51045663347840309 0.070721973664650994 -0.016116590823774722 -0.090172810101493167 0.37969622883659149 -0.10149305158366378 -0.06112055878794076 0.20118046811064791 0.64190131614605583 0.051783604388470419 -0.0037802999952336459 0.63695359133746265 -0.031687219850718977 0.35848825970727405 0.53854630321504604 -0.10269161200290816 -0.04054934890190242 0.11537206918731624 0.036395991978789059 0.062893278650282061 0.96874159281511629 -0.03316505745161271 0.0040943852448734434 0.021207662034779789 0.36461378957963353 0.037776974185643554 -0.011987720762607651
leaf_weight=417 487139 2176 4288 50 4641 7588 187 130 52 510 113 60 143 42744 53 80 89 62 173 747 51 1622 136 63 69 15008 50 66 9170 8640
leaf_count=417 487139 2176 4288 50 4641 7588 187 130 52 510 113 60 143 42744 53 80 89 62 173 747 51 1622 136 63 69 15008 50 66 9170 8640
internal_value=9.45254e-12 0.00360789 0.0108317 0.0279566 0.0690744 0.0116807 0.0880864 0.156656 0.00279636 0.0447588 0.248755 0.354032 0.241984 -0.000589377 0.316706 0.0351353 0.17379 0.26213 0.06449 0.0303928 0.0520406 0.0818199 0.314977 0.586971 0.193303 -0.00439033 0.280116 0.161475 0.00134187 0.0136351
internal_weight=586317 99178 36448 17152 4864 12288 1280 863 11008 3420 225 173 507 62730 364 356 169 311 4814 3195 2448 1938 316 114 249 19296 180 202 60554 17810
internal_count=586317 99178 36448 17152 4864 12288 1280 863 11008 3420 225 173 507 62730 364 356 169 311 4814 3195 2448 1938 316 114 249 19296 180 202 60554 17810
is_linear=0
shrinkage=0.05


Tree=191
num_leaves=31
num_cat=0
split_feature=0 2 10 11 12 1 8 9 3 7 9 5 11 11 1 9 7 7 5 1 11 11 9 5 12 9 12 1 12 0
split_gain=617.533 1725.84 1705.42 2031.88 2233.43 2165.07 1751.36 1647.52 3884.65 5170.59 8615.05 8703.65 4442.6 10735.8 22616.5 5620.25 7812.74 3237.86 6250.09 13311.8 2920.55 3163.65 7819.24 2907.04 3846.1 2811.72 4035.06 3654.52 4610.58 2733.2
threshold=1.0000000180025095e-35 17.880877494812015 0.13301347196102145 -0.12447465583682059 19.750000000000004 31.79950046539307 8.0640468597412127 29.780797958374027 28.381040573120121 29.851087570190433 33.306697845458991 30.458487510681156 -0.78295108675956715 -0.73829901218414296 29.769675254821781 30.503155708312992 31.004045486450199 29.456991195678714 27.547017097473148 29.108410835266117 -0.70250144600868214 -0.67758968472480763 31.652330398559574 30.392380714416507 16.750000000000004 30.882817268371586 18.250000000000004 28.575431823730472 15.250000000000002 26.60034275054932
decision_type=2 2 2 2 2 2 2 2 2 2 2 2 2 2 2 2 2 2 2 2 2 2 2 2 2 2 2 2 2 2
left_child=1 -1 3 4 6 -6 -3 -2 9 10 11 25 15 14 -14 16 -11 -10 19 -19 -15 22 -22 24 -17 -9 27 29 -29 -27
right_child=7 2 -4 -5 5 -7 -8 8 17 12 -12 -13 13 20 -16 23 -18 18 -20 -21 21 -23 -24 -25 -26 26 -28 28 -30 -31
leaf_value=0.000677382591413993 0.0065663988833177273 0.095085280286622637 -0.0069539341398745305 0.0027688480132223477 0.053411492538939724 0.43095135296380882 -0.011737666505509774 -0.040011064833497222 -0.040965410528267771 -0.093072401080713726 0.58771247605327515 0.57012989209456888 -0.15807115765825167 -0.27553276760529166 0.87249225603858227 -0.037319735306201973 0.48310453390679609 0.97584337108582264 -0.001692747784341579 0.071271428409451193 0.68781328022480015 -0.058364883586879926 -0.03925254481096923 -0.068987527455872694 -0.27784984095800691 -0.034191539889720617 -0.060664263988205229 0.7371097399741412 0.18361066020136749 0.29796700337565091
leaf_weight=406091 38994 1433 2097 1373 68 86 524 2247 5333 215 64 66 118 146 97 214 81 50 121018 218 50 3501 142 441 744 244 377 50 152 83
leaf_count=406091 38994 1433 2097 1373 68 86 524 2247 5333 215 64 66 118 146 97 214 81 50 121018 218 50 3501 142 441 744 244 377 50 152 83
internal_value=9.70222e-12 0.00105691 0.0286722 0.0501154 0.0809097 0.264245 0.0664827 -0.00249133 -0.00509505 -0.0367755 0.0132865 0.00186583 -0.0653638 -0.036943 0.306881 -0.133339 0.0645976 -0.00283522 -0.00115861 0.240035 -0.0561986 -0.0475274 0.150088 -0.175218 -0.22412 -0.0100293 0.0643294 0.153408 0.320615 0.0501178
internal_weight=586317 411672 5581 3484 2111 154 1957 174645 135651 9032 3283 3219 5749 4054 215 1695 296 126619 121286 268 3839 3693 192 1399 958 3153 906 529 202 327
internal_count=586317 411672 5581 3484 2111 154 1957 174645 135651 9032 3283 3219 5749 4054 215 1695 296 126619 121286 268 3839 3693 192 1399 958 3153 906 529 202 327
is_linear=0
shrinkage=0.05


Tree=192
num_leaves=31
num_cat=0
split_feature=3 2 11 10 9 12 13 6 1 10 1 2 4 13 5 5 7 5 3 5 9 13 1 5 12 13 10 7 11 10
split_gain=601.982 630.04 2317.8 7286.64 12092.7 30609 12885.8 7388.45 4010.38 3920.11 2891.86 2678.88 3158.31 4798.35 6538.17 4133.31 6370.95 7625.9 2721.46 2549.2 4172.85 2444.77 4303.54 3367.01 2456.87 7033.99 5594.04 5253.08 5085.04 6457.53
threshold=43.408536911010749 0.25360839068889623 -0.45205545425415034 -0.8779519498348235 28.962584495544437 16.750000000000004 81.250000000000014 3.6752172708511357 33.045808792114265 -0.88606244325637806 28.860654830932621 69.412918090820327 10.68488931655884 82.250000000000014 28.572127342224125 30.360006332397464 29.888275146484379 28.632008552551273 25.515925407409672 27.308004379272464 24.838127136230472 83.750000000000014 30.164243698120121 29.449831962585453 18.750000000000004 82.250000000000014 0.23448921740055087 30.136150360107425 -0.70250144600868214 -0.86095303297042836
decision_type=2 2 2 2 2 2 2 2 2 2 2 2 2 2 2 2 2 2 2 2 2 2 2 2 2 2 2 2 2 2
left_child=1 -1 3 4 5 10 -6 8 -8 -9 -3 21 15 18 -15 16 -13 -18 -14 -4 -21 24 23 -23 25 -5 -27 -26 -29 -30
right_child=-2 2 19 11 6 -7 7 9 -10 -11 -12 12 13 14 -16 -17 17 -19 -20 20 -22 22 -24 -25 27 26 -28 28 29 -31
leaf_value=0.0011168409915667062 -0.025518488667607565 -0.11792321603964358 -0.041745793905380468 -0.00036553288715290383 -0.020356540956800229 1.4235136332148213 0.2566567904388794 0.33127817805262583 -0.20360227867119735 0.8623495840946479 0.35267550524253893 0.02417449279017346 0.26558167614798617 0.74322641503810882 -0.065363230645656592 0.020665401800222864 0.10251400809662015 0.89937015059467873 -0.065714299676970386 0.43669403916541222 -0.0071611514155956457 0.10856880368914322 -0.019141778353973085 -0.23934490198435465 -0.02352333815502923 -0.11766768110404419 0.030131368755899463 0.041165133049820724 0.19624417075621231 -0.042453815857557448
leaf_weight=422302 2302 85 5707 61190 1293 59 200 69 62 70 53 93 69 50 50 197 51 73 610 53 59604 84 2944 404 6770 2301 887 14838 308 3539
leaf_count=422302 2302 85 5707 61190 1293 59 200 69 62 70 53 93 69 50 50 197 51 73 610 53 59604 84 2944 404 6770 2301 887 14838 308 3539
internal_value=-1.56175e-11 0.000100586 -0.00255329 0.0023771 0.0995586 0.470333 0.0564402 0.304067 0.147741 0.598724 0.062814 0.000431576 0.0748819 0.0155745 0.338932 0.186477 0.337007 0.571631 -0.032048 -0.00982088 -0.00676683 -0.000520756 -0.0419373 -0.179458 0.00106153 -0.00413796 -0.0765454 0.0142115 0.0278837 -0.0233431
internal_weight=586317 584015 161713 96349 1891 197 1694 401 262 139 138 94458 1193 779 100 414 217 124 679 65364 59657 93265 3432 488 89833 64378 3188 25455 18685 3847
internal_count=586317 584015 161713 96349 1891 197 1694 401 262 139 138 94458 1193 779 100 414 217 124 679 65364 59657 93265 3432 488 89833 64378 3188 25455 18685 3847
is_linear=0
shrinkage=0.05


Tree=193
num_leaves=31
num_cat=0
split_feature=13 0 13 12 11 3 7 9 6 11 8 10 11 6 3 4 3 5 6 1 7 11 1 6 3 7 9 3 10 11
split_gain=610.33 1915.35 7827.08 3856.27 3523.22 3871.6 2479.71 3674.4 3753.15 2452.37 6122.84 3134.39 4236.39 9084.1 2308.5 2986.29 2290.52 4551.93 2736.91 2287.68 2324.19 1959.78 8565.91 5235.65 4842.36 9546.33 3278.68 4011.31 4172.53 6868.77
threshold=80.250000000000014 24.031633377075199 80.750000000000014 19.250000000000004 -0.71464690566062916 28.101640701293949 27.844889640808109 28.376096725463871 15.583477497100832 -0.9946339726448058 3.6459449529647832 -0.444374069571495 -0.74979865550994862 4.5655860900878915 27.308145523071293 22.061784744262699 30.489752769470218 31.637938499450687 26.081152915954593 27.419076919555668 29.658649444580082 0.33345642685890203 27.532365798950199 45.556047439575202 26.866142272949222 28.088741302490238 28.083243370056156 29.406938552856449 -0.66484925150871266 -0.84291031956672657
decision_type=2 2 2 2 2 2 2 2 2 2 2 2 2 2 2 2 2 2 2 2 2 2 2 2 2 2 2 2 2 2
left_child=-1 21 9 6 5 -5 7 -4 -9 10 -3 12 13 -11 -13 -16 18 -18 -14 -7 -21 22 23 -2 25 -24 27 28 -26 -30
right_child=1 2 3 4 -6 19 -8 8 -10 11 -12 14 16 -15 15 -17 17 -19 -20 20 -22 -23 24 -25 26 -27 -28 -29 29 -31
leaf_value=-0.00092828793857515745 -0.20647936696985758 0.73414998954534538 -0.061183374696189452 -0.33772311459115451 -0.030650836673638999 0.20678639695891798 -0.025330477581547429 0.054912423363162412 0.63912869811590234 0.85592454247555494 0.033746444999453534 -0.23395766377173088 -0.096130518989430536 0.044421433655163614 -0.039088880439921647 0.35465291278531491 0.61360868293046955 0.043643706119977511 0.30325589968629607 -0.34336679072111059 -0.10110183650265228 -0.0031002794301446313 0.75375908506604206 0.28959955542251986 -0.14254404182635969 -0.0067463072560793539 0.011506563012279213 -0.08537347584400401 0.08221352884036677 0.73645298305154039
leaf_weight=440467 641 50 105 238 1016 53 3037 54 56 59 83 108 225 83 262 59 50 117 53 113 799 56735 65 58 124 113 79557 1684 203 50
leaf_count=440467 641 50 105 238 1016 53 3037 54 56 59 83 108 225 83 262 59 50 117 53 113 799 56735 65 58 124 113 79557 1684 203 50
internal_value=-9.86329e-12 0.00280343 -0.0234737 -0.0483891 -0.0992071 -0.157107 -0.0137135 0.150382 0.352332 0.0951616 0.297056 0.0687326 0.14381 0.381595 -0.0339958 0.0332811 0.0679325 0.214292 -0.0199885 -0.112561 -0.131119 0.00405284 0.00897231 -0.165317 0.0104617 0.270966 0.00989359 -0.0523689 0.0950571 0.21151
internal_weight=586317 145850 6620 5471 2219 1203 3252 215 110 1149 133 1016 587 142 429 321 445 167 278 965 912 139230 82495 699 81796 178 81618 2061 377 253
internal_count=586317 145850 6620 5471 2219 1203 3252 215 110 1149 133 1016 587 142 429 321 445 167 278 965 912 139230 82495 699 81796 178 81618 2061 377 253
is_linear=0
shrinkage=0.05


Tree=194
num_leaves=31
num_cat=0
split_feature=3 10 11 11 9 12 13 5 12 10 10 9 11 10 11 10 7 2 12 7 13 2 10 13 9 7 1 1 7 3
split_gain=629.221 2781.1 5159.72 6190.68 5053.47 7054.09 4141.78 6692.39 9375.99 3801.12 3842.03 3135.33 3169.59 2756.67 11590.4 4590.23 10031 3575.99 2490.67 2402.08 2523.19 2352.23 2848.16 2704.53 2036.19 1974.71 4090.05 6638.81 3464.72 4414.05
threshold=36.311624526977546 0.59125596284866344 -0.92910701036453236 -0.96227341890335072 34.744302749633796 19.250000000000004 78.750000000000014 37.939109802246101 17.750000000000004 0.45972847938537603 0.41327477991580969 33.135114669799812 -0.97870382666587818 0.87795194983482372 -0.40541070699691767 0.90149331092834484 36.46382141113282 0.3286967277526856 16.250000000000004 36.719482421875007 80.750000000000014 0.15296494215726855 -0.064507851377129541 79.250000000000014 36.381807327270515 38.036563873291023 38.043006896972663 34.616605758666999 39.855316162109382 38.144292831420906
decision_type=2 2 2 2 2 2 2 2 2 2 2 2 2 2 2 2 2 2 2 2 2 2 2 2 2 2 2 2 2 2
left_child=13 2 3 11 5 18 7 8 -6 10 -10 -2 21 -1 15 -15 -17 -18 -4 -5 -21 22 23 -13 -22 -14 27 -27 29 -29
right_child=1 -3 4 19 6 -7 -8 -9 9 -11 -12 12 25 14 -16 16 17 -19 -20 20 24 -23 -24 -25 -26 26 -28 28 -30 -31
leaf_value=-0.00033112352258642206 0.20813540008177261 -0.0076760397151140808 -0.029747537708898319 -0.13710561414903571 0.09391196140252038 0.56607945494664214 0.0023190452664457687 0.025278632690880699 0.38758114940045696 0.19158918048822504 0.93623434906656089 0.40764562659836434 0.0022606165103969118 0.079018167808391909 0.0077705871338870306 0.13837298779251148 0.37511994093656542 0.87044342790331164 0.20854841278931868 -0.070313707903029918 0.26083608506289258 -0.093488814725929376 -0.020112627219501553 0.049797484387333196 0.0051915663798960546 -0.19038444494704407 0.035543075690804456 0.46391921383874107 0.6352109315766864 0.021908768370099693
leaf_weight=432864 202 87479 213 928 1324 96 10589 5179 76 87 55 77 1239 1062 36801 472 76 70 226 2344 89 939 1696 168 624 75 968 111 73 115
leaf_count=432864 202 87479 213 928 1324 96 10589 5179 76 87 55 77 1239 1062 36801 472 76 70 226 2344 89 939 1696 168 624 75 968 111 73 115
internal_value=-9.93952e-12 -0.00331649 0.010555 -0.0189036 0.026482 0.177831 0.0218042 0.0525033 0.143941 0.447786 0.617932 0.0146943 0.00753898 0.000808969 0.0136336 0.142065 0.250408 0.612604 0.0929287 -0.0666488 -0.0452605 -0.0285216 0.00290761 0.162264 0.0371023 0.0477771 0.0898002 0.23023 0.335736 0.239002
internal_weight=586317 114972 27493 9648 17845 535 17310 6721 1542 218 131 5663 5461 471345 38481 1680 618 146 439 3985 3057 2880 1941 245 713 2581 1342 374 299 226
internal_count=586317 114972 27493 9648 17845 535 17310 6721 1542 218 131 5663 5461 471345 38481 1680 618 146 439 3985 3057 2880 1941 245 713 2581 1342 374 299 226
is_linear=0
shrinkage=0.05


Tree=195
num_leaves=31
num_cat=0
split_feature=12 4 0 5 13 11 11 2 4 10 10 9 11 7 3 8 8 9 5 11 11 1 13 5 3 5 7 10 10 10
split_gain=605.942 2678.28 3120.8 2740.6 4131.2 5111.18 2960.95 2867.26 2704.6 2219.34 3936.11 9056.73 7460.41 17366 14069.9 1946.39 1728.55 1525.48 3833.82 1717.85 1759.88 1411.6 3122.65 5879.07 9857.57 3056.08 2912.89 2149.7 1291.04 6418.45
threshold=19.750000000000004 49.716428756713874 39.390071868896491 30.458487510681156 82.750000000000014 -0.70250144600868214 -0.77212798595428456 24.067729949951175 0.37526224553585058 -0.94697898626327504 -0.92263099551200856 31.652330398559574 -0.34155811369419092 29.147802352905277 30.710352897644047 0.19444139301776889 35.347360610961921 30.8515739440918 32.773803710937507 -0.9412824511528014 -0.91583034396171559 33.17035102844239 82.750000000000014 34.316904067993171 34.151998519897468 33.044858932495124 31.619047164916996 -0.97873103618621815 -0.94130858778953541 -0.90149331092834462
decision_type=2 2 2 2 2 2 2 2 2 2 2 2 2 2 2 2 2 2 2 2 2 2 2 2 2 2 2 2 2 2
left_child=28 2 9 4 6 -6 7 -3 -4 21 11 12 13 -11 -15 -14 -12 19 -19 -18 -21 -2 -23 24 25 26 -24 -28 -1 -30
right_child=1 3 8 -5 5 -7 -8 -9 -10 10 16 -13 15 14 -16 -17 17 18 -20 20 -22 22 23 -25 -26 -27 27 -29 29 -31
leaf_value=0.007543563799766906 -0.049470998500446034 0.36407585071983062 0.047144263972926245 -0.15121258924799888 0.71265887703214381 0.11688790075658334 -0.12937350423413924 -0.03058384483636812 -0.15419098342623005 -0.16073183408122005 -0.0021551971045543987 -0.036493077951938936 0.2550187277297179 0.26531762708741502 1.1778962262386325 -0.028225716740213416 -0.25594468206537435 0.37984102066227443 -0.11310180648417847 0.21445996320247651 -0.10128577051169062 -0.040678079303891473 -0.04968173856345507 -0.25018858695509788 0.85175879308406055 -0.060216034616033233 0.63163789137670745 0.17690895594218201 -0.030085736395453366 0.00079537594790867199
leaf_weight=58240 4109 99 227 88 63 84 132 86 629 81 46517 642 90 83 86 186 161 59 119 50 376 1012 52 87 51 150 53 51 17472 455182
leaf_count=58240 4109 99 227 88 63 84 132 86 629 81 46517 642 90 83 86 186 161 59 119 50 376 1012 52 87 51 150 53 51 17472 455182
internal_value=-2.60652e-12 -0.00497483 -0.00607726 0.104611 0.15313 0.372218 0.0515331 0.180612 -0.1008 -0.00457615 -0.00114128 0.0895328 0.243351 0.441205 0.729707 0.0641366 -0.00338119 -0.0779295 0.0502894 -0.11681 -0.0642264 -0.0344809 0.00782307 0.118371 0.208188 0.100926 0.25587 0.408646 0.00051935 -0.000346167
internal_weight=586317 55423 54871 552 464 147 317 185 856 54015 48450 1168 526 250 169 276 47282 765 178 587 426 5565 1456 444 357 306 156 104 530894 472654
internal_count=586317 55423 54871 552 464 147 317 185 856 54015 48450 1168 526 250 169 276 47282 765 178 587 426 5565 1456 444 357 306 156 104 530894 472654
is_linear=0
shrinkage=0.05


Tree=196
num_leaves=31
num_cat=0
split_feature=11 10 12 5 8 1 13 5 12 13 5 7 1 5 7 10 7 12 6 1 1 10 13 5 3 4 13 3 12 13
split_gain=591.438 6366.37 9418.49 29482.1 29870.6 33538.5 28097 4078.95 4341.53 6166.17 2904.77 1877.14 1859.72 3687.99 6937.62 1826.28 3719.86 6745.72 19310.4 5719.63 5381.76 8921.63 14597 12952.4 4405.72 2826.69 2395.69 33378.3 1955.74 2537.61
threshold=0.78827583789825451 -0.58429276943206776 15.750000000000002 30.490084648132328 3.0847325325012211 31.023309707641605 78.250000000000014 29.235082626342777 14.250000000000002 77.750000000000014 32.966321945190437 31.154527664184574 31.115842819213871 31.422794342041019 31.90236854553223 -0.27609442174434656 30.534151077270511 14.750000000000002 5.9169673919677743 30.199495315551761 28.911581993103031 -0.38962684571743006 78.750000000000014 30.618143081665043 32.181543350219734 0.04290918447077275 80.750000000000014 31.452585220336918 16.250000000000004 78.750000000000014
decision_type=2 2 2 2 2 2 2 2 2 2 2 2 2 2 2 2 2 2 2 2 2 2 2 2 2 2 2 2 2 2
left_child=-1 2 3 7 5 6 -5 -2 9 -9 11 -4 13 -13 -15 16 25 18 19 20 -18 22 -22 -24 -21 -3 28 -28 29 -19
right_child=1 15 10 4 -6 -7 -8 8 -10 -11 -12 12 -14 14 -16 -17 17 26 -20 24 21 -23 23 -25 -26 -27 27 -29 -30 -31
leaf_value=-0.00081911952515739943 -0.080338468960370696 0.0080593117349212397 -0.0409438480728632 0.27326944023370742 1.6094627152834287 -0.0072677603073236429 1.9169345979507153 -0.0046212404109965801 -0.10472881522509132 0.57235357776434737 0.33898000547519103 -0.021812691058650024 -0.017204879232226532 0.59796620580476734 0.025383775644312219 -0.0025143135984018053 0.029355751820793835 0.011737869382600599 1.0570395918829101 -0.05807941455373037 0.092737325930064271 -0.096784043002438244 1.5211918613910678 0.44714702464407313 0.37718311260369691 -0.038519480372137066 0.018065714541935115 1.2934893636270004 1.4570360355051443e-05 0.11605041872801468
leaf_weight=463104 467 17331 1191 52 57 205 52 87 101 99 65 202 423 94 121 87837 202 1492 56 488 101 77 50 64 66 4011 762 55 6448 957
leaf_count=463104 467 17331 1191 52 57 205 52 87 101 99 65 202 423 94 121 87837 202 1492 56 488 101 77 50 64 66 4011 762 55 6448 957
internal_value=-1.53296e-11 0.00307871 0.0725035 0.189558 0.55776 0.363756 1.0951 0.0108293 0.159175 0.302478 0.00995516 -0.000574934 0.0566624 0.131593 0.275722 0.00121808 0.0114122 0.0352969 0.152415 0.104077 0.227775 0.365038 0.530435 0.918219 -0.00622503 -0.000694673 0.0219863 0.103927 0.0144619 0.0525003
internal_weight=586317 123213 3216 1120 366 309 104 754 287 186 2096 2031 840 417 215 119997 32160 10818 1104 1048 494 292 215 114 554 21342 9714 817 8897 2449
internal_count=586317 123213 3216 1120 366 309 104 754 287 186 2096 2031 840 417 215 119997 32160 10818 1104 1048 494 292 215 114 554 21342 9714 817 8897 2449
is_linear=0
shrinkage=0.05


Tree=197
num_leaves=31
num_cat=0
split_feature=10 10 10 9 11 10 5 1 9 10 3 12 13 13 13 7 3 13 10 9 3 13 10 7 9 11 3 1 5 11
split_gain=575.209 1514.51 1496.37 4740.66 2201.97 2338.89 5081.14 13729.1 9064.53 1359.15 1009.08 948.9 1192.4 1559.63 929.469 834.984 846.005 977.64 785.816 750.912 700.359 1648.34 697.043 751.078 3043.45 5757.53 6566.33 4292.55 3830.11 3027.06
threshold=0.97109106183052074 0.9946616291999818 0.94417876005172741 35.073209762573249 0.28434865176677709 0.95495790243148815 34.675971984863288 34.936000823974616 33.685607910156257 0.94970905780792247 35.231376647949226 19.250000000000004 77.250000000000014 78.750000000000014 81.750000000000014 33.095499038696296 34.557439804077156 80.750000000000014 0.94697898626327526 33.88667297363282 35.231376647949226 83.750000000000014 0.94130858778953563 34.316581726074226 33.263797760009773 -0.98518359661102284 35.449363708496101 34.869035720825202 31.794390678405765 -0.78295108675956715
decision_type=2 2 2 2 2 2 2 2 2 2 2 2 2 2 2 2 2 2 2 2 2 2 2 2 2 2 2 2 2 2
left_child=2 -2 22 4 -4 9 -7 8 -8 11 -10 12 -6 19 -3 -15 17 -17 -5 -14 21 -16 23 29 25 26 -25 -28 -27 -1
right_child=1 14 3 18 5 6 7 -9 10 -11 -12 -13 13 15 20 16 -18 -19 -20 -21 -22 -23 -24 24 -26 28 27 -29 -30 -31
leaf_value=-0.0099470720650555507 -0.013371868318984707 0.00074405266777112077 0.021268847125707466 0.050248503486869933 0.01584898347249971 0.023855760695866833 1.1635864886583067 0.040757835020057184 0.20728396763112034 0.009823010544022924 0.48680460666390984 -0.0044182237452997644 0.15078269088709798 -0.032598782379561701 0.04765726671215486 0.36558621501628785 0.065203574429033337 0.11285924905215401 -0.0049098616298587153 0.38519741748609854 0.017656903156119601 0.28809876650755789 -0.032900680978542117 0.10207429674245963 0.0023424466087492712 0.41430728037295678 0.86154585941135897 0.28487061113119128 0.0016254112154624805 0.0011331914876825315
leaf_weight=76220 25728 16608 2502 683 195 402 51 275 51 884 88 186 54 83 594 71 160 83 11827 93 2013 81 1608 489 121026 58 50 91 1836 322227
leaf_count=76220 25728 16608 2502 683 195 402 51 275 51 884 88 186 54 83 594 71 160 83 11827 93 2013 81 1608 489 121026 58 50 91 1836 322227
internal_value=1.12089e-11 -0.00543014 0.000451671 0.014755 0.0549894 0.0865173 0.154039 0.266584 0.593438 0.0541563 0.384247 0.0965245 0.121931 0.159957 0.00515884 0.10844 0.145721 0.229376 -0.00189842 0.299086 0.0324359 0.0765102 -3.15111e-05 6.97416e-05 0.00347573 0.0578165 0.188754 0.489365 0.014263 -0.000986382
internal_weight=586317 45024 541293 17688 5178 2676 867 465 190 1809 139 925 739 544 19296 397 314 154 12510 147 2688 675 523605 521997 123550 2524 630 141 1894 398447
internal_count=586317 45024 541293 17688 5178 2676 867 465 190 1809 139 925 739 544 19296 397 314 154 12510 147 2688 675 523605 521997 123550 2524 630 141 1894 398447
is_linear=0
shrinkage=0.05


Tree=198
num_leaves=31
num_cat=0
split_feature=11 10 1 0 6 0 2 1 10 9 9 13 12 13 3 10 7 9 13 5 8 10 1 9 5 10 10 3 9 3
split_gain=587.092 6461.94 9086.23 8401.37 12518.2 12017.4 7185.16 5874.99 7297.85 5738.93 4899.5 13523.2 8285.04 9483.39 8193.96 12824 5410.93 4945.03 6846.2 4714.64 4609.69 4257.74 6284.15 8773.92 11182.8 12320.9 5932.62 5812.37 8723.44 5607.12
threshold=-0.95744973421096791 -0.25118774175643915 33.733671188354499 22.959415435791019 22.539906501770023 1.0361654162406924 47.318279266357429 34.807247161865241 -0.23448921740055081 31.317432403564457 31.560298919677738 78.250000000000014 16.250000000000004 76.750000000000014 32.181543350219734 -0.26781183481216425 29.010137557983402 28.161762237548832 78.750000000000014 34.675971984863288 0.85395300388336193 1.0000000180025095e-35 32.317893981933601 33.220045089721687 33.985527038574226 -0.08167563751339911 -0.012910176534205673 33.005100250244148 31.715365409851078 34.622514724731452
decision_type=2 2 2 2 2 2 2 2 2 2 2 2 2 2 2 2 2 2 2 2 2 2 2 2 2 2 2 2 2 2
left_child=1 2 3 4 6 -6 10 21 19 -5 14 12 -12 -14 16 -16 17 -1 -19 -9 -18 22 23 -3 -25 -26 -24 -28 -29 -23
right_child=-2 7 -4 9 5 -7 -8 8 -10 -11 11 -13 13 -15 15 -17 20 18 -20 -21 -22 29 26 24 25 -27 27 28 -30 -31
leaf_value=-0.015388621047262225 -0.00050737450091802255 0.0074707008784212648 -0.101795120070378 -0.25169867536493395 1.0577100894030405 0.26274667393321854 0.70181378945708284 0.031151885857407968 0.02649647663462075 0.19177837943746931 0.19716863235855689 0.034320641617403634 0.25369242086549693 1.1204591670843702 0.82826453379437892 0.0037409376130144822 0.051537218447378345 0.11296755315472738 0.76845173830432556 0.49923313354306365 -0.23508957796516006 -0.037246927783854675 -0.047135905528111671 0.16726338920771811 0.16968908212078151 -0.28889198434384522 -0.10939929549834536 0.71948576994138225 0.11628741160479945 0.041145285993762729
leaf_weight=333 531645 12020 600 239 68 158 50 89 11279 105 122 437 53 78 79 117 235 138 56 136 348 15868 6254 1955 268 323 192 73 335 2664
leaf_count=333 531645 12020 600 239 68 158 50 89 11279 105 122 437 53 78 79 117 235 138 56 136 348 15868 6254 1955 268 323 192 73 335 2664
internal_value=3.17435e-13 0.00493384 0.0736928 0.113942 0.148808 0.501939 0.109802 0.000636412 0.0321212 -0.116335 0.0949716 0.202745 0.49366 0.769783 0.0380314 0.336074 -0.014596 0.101515 0.302179 0.314081 -0.119554 -0.00842948 0.00675296 0.0253304 0.109648 -0.0809398 -0.0327274 0.117457 0.224213 -0.0259779
internal_weight=586317 54672 3216 2616 2272 226 2046 51456 11504 344 1996 690 253 131 1306 196 1110 527 194 225 583 39952 21420 14566 2546 591 6854 600 408 18532
internal_count=586317 54672 3216 2616 2272 226 2046 51456 11504 344 1996 690 253 131 1306 196 1110 527 194 225 583 39952 21420 14566 2546 591 6854 600 408 18532
is_linear=0
shrinkage=0.05


Tree=199
num_leaves=31
num_cat=0
split_feature=12 10 1 4 0 1 11 10 4 10 7 10 2 3 13 1 10 9 13 0 10 6 1 9 5 10 4 3 0 10
split_gain=572.798 1190.3 2515.87 1795.44 1424.81 1642.07 1276.76 4989.6 3637.97 3259.81 20461.9 4470.42 4178.56 3779.04 6253.75 2835.91 2527.47 3882.5 2382.49 2247.68 2224.86 2038.48 1994.1 1814.32 4186.41 1779.3 1783.2 1670.65 2798.91 2047.11
threshold=13.750000000000002 -0.99984258413314808 30.026032447814945 1.4324656128883364 0.6740902066230775 31.79950046539307 -0.46734189987182612 -0.83354803919792164 33.744709014892585 0.69636976718902599 29.415464401245121 0.7324872910976411 0.44604834914207464 33.261857986450202 77.750000000000014 31.830096244812015 -0.86095303297042836 28.083243370056156 76.750000000000014 10.29836940765381 0.84293374419212352 24.787526130676273 33.837114334106452 38.263473510742195 38.14697456359864 0.85206964612007152 4.0472407341003427 30.29670333862305 0.10630507022142412 -0.8429337441921233
decision_type=2 2 2 2 2 2 2 2 2 2 2 2 2 2 2 2 2 2 2 2 2 2 2 2 2 2 2 2 2 2
left_child=1 2 -1 4 5 -4 7 8 16 18 -11 12 15 14 -13 -12 21 -18 19 22 -15 -3 -9 24 -17 26 -22 28 -19 -29
right_child=-2 6 3 -5 -6 -7 -8 9 -10 10 11 13 -14 20 -16 23 17 27 -20 -21 25 -23 -24 -25 -26 -27 -28 29 -30 -31
leaf_value=-0.040251468533589962 -0.00070515714200506318 -0.0012770130504912937 0.018611812006804299 0.36807225410674893 -0.061098332416047063 0.38115991455269982 -0.0010943544454067595 0.01161790789741517 0.51181476162929163 0.85284147521892162 0.55397335445339035 0.055054782896986287 -0.046690903034792328 -0.044711950439061704 0.48019926753275249 0.14572427835686044 -0.10561071558040568 0.49758971255742807 -0.0081788757219218803 0.10153270308743097 0.091103053766123043 0.32254801458464222 0.28206348242643092 -0.089797513474497881 0.57421839948910391 0.011059508625308629 0.42546907502871295 0.054860612564128788 0.14981886032319655 0.2851333970491518
leaf_weight=248 487139 743 61 86 85 64 64362 5596 51 77 55 737 214 2100 98 382 128 103 21216 863 171 52 69 57 67 886 52 274 132 149
leaf_count=248 487139 743 61 86 85 64 64362 5596 51 77 55 737 214 2100 98 382 128 103 21216 863 171 52 69 57 67 886 52 274 132 149
internal_value=-1.71475e-11 0.00346357 0.0772207 0.175643 0.096839 0.204236 0.00305677 0.0108525 0.0961719 0.00658651 0.044201 0.0312802 0.141287 0.0101982 0.104952 0.212994 0.0827641 0.146344 -5.13304e-05 0.0263632 -0.0144573 0.019904 0.0149119 0.175931 0.209664 0.0428329 0.169072 0.195356 0.302246 0.135973
internal_weight=586317 99178 544 296 210 125 98634 34272 1632 32640 4896 4819 775 4044 835 561 1581 786 27744 6528 3209 795 5665 506 449 1109 223 658 235 423
internal_count=586317 99178 544 296 210 125 98634 34272 1632 32640 4896 4819 775 4044 835 561 1581 786 27744 6528 3209 795 5665 506 449 1109 223 658 235 423
is_linear=0
shrinkage=0.05


end of trees

feature_importances:
Column_10=1312
Column_11=742
Column_9=497
Column_1=493
Column_13=483
Column_12=435
Column_3=379
Column_7=376
Column_5=356
Column_0=233
Column_2=189
Column_8=174
Column_6=171
Column_4=160

parameters:
[boosting: gbdt]
[objective: regression]
[metric: l2]
[tree_learner: serial]
[device_type: cpu]
[data_sample_strategy: bagging]
[data: ]
[valid: ]
[num_iterations: 200]
[learning_rate: 0.05]
[num_leaves: 31]
[num_threads: 0]
[seed: 0]
[deterministic: 0]
[force_col_wise: 0]
[force_row_wise: 0]
[histogram_pool_size: -1]
[max_depth: -1]
[min_data_in_leaf: 50]
[min_sum_hessian_in_leaf: 0.001]
[bagging_fraction: 1]
[pos_bagging_fraction: 1]
[neg_bagging_fraction: 1]
[bagging_freq: 0]
[bagging_seed: 3]
[bagging_by_query: 0]
[feature_fraction: 1]
[feature_fraction_bynode: 1]
[feature_fraction_seed: 2]
[extra_trees: 0]
[extra_seed: 6]
[early_stopping_round: 0]
[early_stopping_min_delta: 0]
[first_metric_only: 0]
[max_delta_step: 0]
[lambda_l1: 0]
[lambda_l2: 0]
[linear_lambda: 0]
[min_gain_to_split: 0]
[drop_rate: 0.1]
[max_drop: 50]
[skip_drop: 0.5]
[xgboost_dart_mode: 0]
[uniform_drop: 0]
[drop_seed: 4]
[top_rate: 0.2]
[other_rate: 0.1]
[min_data_per_group: 100]
[max_cat_threshold: 32]
[cat_l2: 10]
[cat_smooth: 10]
[max_cat_to_onehot: 4]
[top_k: 20]
[monotone_constraints: ]
[monotone_constraints_method: basic]
[monotone_penalty: 0]
[feature_contri: ]
[forcedsplits_filename: ]
[refit_decay_rate: 0.9]
[cegb_tradeoff: 1]
[cegb_penalty_split: 0]
[cegb_penalty_feature_lazy: ]
[cegb_penalty_feature_coupled: ]
[path_smooth: 0]
[interaction_constraints: ]
[verbosity: -1]
[saved_feature_importance_type: 0]
[use_quantized_grad: 0]
[num_grad_quant_bins: 4]
[quant_train_renew_leaf: 0]
[stochastic_rounding: 1]
[linear_tree: 0]
[max_bin: 255]
[max_bin_by_feature: ]
[min_data_in_bin: 3]
[bin_construct_sample_cnt: 200000]
[data_random_seed: 1]
[is_enable_sparse: 1]
[enable_bundle: 1]
[use_missing: 1]
[zero_as_missing: 0]
[feature_pre_filter: 1]
[pre_partition: 0]
[two_round: 0]
[header: 0]
[label_column: ]
[weight_column: ]
[group_column: ]
[ignore_column: ]
[categorical_feature: ]
[forcedbins_filename: ]
[precise_float_parser: 0]
[parser_config_file: ]
[objective_seed: 5]
[num_class: 1]
[is_unbalance: 0]
[scale_pos_weight: 1]
[sigmoid: 1]
[boost_from_average: 1]
[reg_sqrt: 0]
[alpha: 0.9]
[fair_c: 1]
[poisson_max_delta_step: 0.7]
[tweedie_variance_power: 1.5]
[lambdarank_truncation_level: 30]
[lambdarank_norm: 1]
[label_gain: ]
[lambdarank_position_bias_regularization: 0]
[eval_at: ]
[multi_error_top_k: 1]
[auc_mu_weights: ]
[num_machines: 1]
[local_listen_port: 12400]
[time_out: 120]
[machine_list_filename: ]
[machines: ]
[gpu_platform_id: -1]
[gpu_device_id: -1]
[gpu_device_id_list: ]
[gpu_use_dp: 0]
[num_gpu: 1]

end of parameters

pandas_categorical:null
