tree
version=v4
num_class=1
num_tree_per_iteration=1
label_index=0
max_feature_idx=13
objective=regression
feature_names=Column_0 Column_1 Column_2 Column_3 Column_4 Column_5 Column_6 Column_7 Column_8 Column_9 Column_10 Column_11 Column_12 Column_13
feature_infos=[0:296.68112182617188] [19.28339958190918:45.686824798583984] [0:270.01943969726562] [19.900615692138672:45.787788391113281] [0:294.57958984375] [18.936450958251953:45.642349243164062] [0:284.76925659179688] [18.936450958251953:45.62506103515625] [0:283.40838623046875] [19.630348205566406:45.686824798583984] [-0.99999076128005981:0.99999076128005981] [-0.99996298551559448:1] [12:20] [76:85]
tree_sizes=2896 3015 3016 3016 3028 3013 3037 3039 3031 3027 3043 3038 3043 3035 3043 3069 3047 3045 3072 3063 3024 3078 3056 3051 3072 3069 3066 3076 3090 3080 3062 3072 3073 3091 3069 3064 3067 3077 3061 3074 3097 3087 3093 3074 3092 3084 3085 3078 3092 3084 3074 3117 3097 3117 3087 3085 3116 3103 3113 3100 3116 3093 3101 3116 3112 3094 3107 3106 3095 3081 3130 3113 3088 3084 3067 3079 3112 3098 3114 3028 3077 3122 3116 3123 3111 3037 3087 3090 3085 3032 3089 3040 3084 3078 3108 3088 3086 3085 3051 3086 3066 3033 3093 3054 3064 3079 2975 3054 3062 2993 3058 3076 3065 2994 3039 3084 3009 3067 3040 3033 3055 3049 3035 2953 3022 3024 3083 2966 2957 3095 2979 2919 3021 3027 2989 2947 2987 3050 3080 3001 2993 3012 3019 3066 3035 2961 2998 2911 2995 3014 2932 3025 3056 2983 2984 2912 2978 3027 2930 3011 2972 3066 2993 2920 3006 3007 2984 2985 2955 2999 3014 3069 2994 2972 2973 2970 3037 2971 3010 2985 2974 3044 2969 3022 2999 2931 3039 2930 2938 2962 2954 2979 3063 2990 3034 3058 2923 3019 2987 3040

Tree=0
num_leaves=31
num_cat=0
split_feature=1 1 1 1 1 1 1 9 10 10 10 10 9 10 1 1 1 1 1 11 1 11 9 10 11 1 12 1 11 9
split_gain=5.08312e+06 659852 614716 121099 116436 92104.1 77554.2 35260.5 31381.9 26729.2 23811.9 19516.5 19056.4 17672.7 15059.2 14011.1 10284.9 9027.19 8415.52 7796.67 7696.4 7565.58 6925.93 6395.57 5825.79 5445.22 5392.55 5374.92 5361.6 4876.84
threshold=34.43524360656739 31.084787368774418 38.153575897216804 32.734432220458991 29.153871536254886 36.148506164550788 40.435468673706062 29.741821289062504 0.28435654938220983 0.28435654938220983 0.51973900198936474 0.64534214138984691 31.036746978759769 0.51973900198936474 27.643974304199222 42.090299606323249 31.991960525512699 30.026032447814945 39.191526412963874 0.79874977469444286 37.174047470092781 0.78827583789825451 34.202585220336921 -0.012910176534205673 -0.97502842545509327 33.487640380859382 13.750000000000002 35.373973846435554 0.89771011471748363 36.544006347656257
decision_type=2 2 2 2 2 2 2 2 2 2 2 2 2 2 2 2 2 2 2 2 2 2 2 2 2 2 2 2 2 2
left_child=1 4 5 11 7 9 13 14 25 -2 -7 16 17 24 26 -8 -3 -6 -15 -9 -12 23 -10 -14 -4 -5 -1 -11 -28 -13
right_child=2 3 6 8 12 10 15 19 22 27 20 29 21 18 -16 -17 -18 -19 -20 -21 -22 -23 -24 -25 -26 -27 28 -29 -30 -31
leaf_value=32.626216747032082 32.966900152223204 32.828560741774425 32.998959885582174 32.888763818443714 32.75301097968304 33.044075601703 33.294684715078027 32.772231480415329 32.950264522057793 33.024129219561068 33.108652472119381 32.902316356072937 32.813241361518457 33.201072790993713 32.706927885384999 33.370504000171657 32.860301010247547 32.786126595274688 33.250317259544367 32.717226622741471 33.152470887927365 32.775548500493173 32.999867981495633 32.869758172231911 33.15347872047338 32.921387190216144 32.710832326956151 33.061758616001008 32.644052315498101 33.111117052606836
leaf_weight=9938 17329 61446 677 28177 37787 10364 18244 19191 21102 20208 21519 12595 26398 17061 32906 9149 43655 45190 17652 9698 18755 10729 10558 6177 6164 23424 5758 17892 6288 286
leaf_count=9938 17329 61446 677 28177 37787 10364 18244 19191 21102 20208 21519 12595 26398 17061 32906 9149 43655 45190 17652 9698 18755 10729 10558 6177 6164 23424 5758 17892 6288 286
internal_value=32.9128 32.8167 33.1385 32.8814 32.7548 33.0629 33.2547 32.7091 32.9276 33.0184 33.1117 32.8489 32.7851 33.2116 32.6855 33.32 32.8417 32.771 33.2261 32.7538 33.1291 32.812 32.9668 32.824 33.1382 32.9036 32.6535 33.0418 32.676 32.907
internal_weight=586317 411303 175014 201243 210060 106067 68947 83779 83261 55429 50638 117982 126281 41554 54890 27393 105101 82977 34713 28889 40274 43304 31660 32575 6841 51601 21984 38100 12046 12881
internal_count=586317 411303 175014 201243 210060 106067 68947 83779 83261 55429 50638 117982 126281 41554 54890 27393 105101 82977 34713 28889 40274 43304 31660 32575 6841 51601 21984 38100 12046 12881
is_linear=0
shrinkage=1


Tree=1
num_leaves=31
num_cat=0
split_feature=1 1 1 1 1 1 1 9 10 10 10 10 9 10 1 1 1 9 11 1 1 1 11 11 11 12 11 13 9 9
split_gain=4.58795e+06 609707 539308 118004 102039 78421.8 69999.2 33601.8 27772.7 22664.9 21490.2 18300.6 17338.3 15543.4 15379.5 14387.8 8954.33 7869.18 7593.63 7020.13 6822.58 6480.31 6093.53 5912.33 4889.62 4866.78 4838.84 4816.72 4621.58 4242.37
threshold=34.49452209472657 31.23999118804932 38.153575897216804 29.291071891784672 32.84704780578614 36.148506164550788 40.280481338500984 29.741821289062504 0.28435654938220983 0.28435654938220983 0.51973900198936474 0.64534214138984691 30.724729537963871 0.51973900198936474 27.643974304199222 41.779499053955085 32.057044982910163 35.140014648437507 0.79874977469444286 36.990877151489265 30.199495315551761 39.068861007690437 0.79874977469444286 0.6838940978050233 -0.97502842545509327 13.750000000000002 0.89771011471748363 77.750000000000014 35.828414916992195 36.544006347656257
decision_type=2 2 2 2 2 2 2 2 2 2 2 2 2 2 2 2 2 2 2 2 2 2 2 2 2 2 2 2 2 2
left_child=1 3 5 7 11 9 13 14 -6 -2 -7 16 20 24 25 -8 -3 22 27 -12 -5 -15 -14 -10 -4 -1 -27 -9 -11 -13
right_child=2 4 6 12 8 10 15 18 23 28 19 29 17 21 -16 -17 -18 -19 -20 -21 -22 -23 -24 -25 -26 26 -28 -29 -30 -31
leaf_value=-0.2722329729449765 0.052894393812427498 -0.076438051931053297 0.081069424131251178 -0.14798091886270087 -0.0052943459834046787 0.1247329427232506 0.35510280484832962 -0.16213249533310356 0.066783884446541111 0.11107521361661013 0.18194486773326979 -0.0047912320118308066 -0.08896751201849129 0.27109661175553335 -0.19338625727889885 0.42658523381984637 -0.046355640780644899 0.010670856020983254 -0.18349202611041918 0.22399293415974064 -0.11740391580837305 0.31567314676199232 -0.12542843116376109 0.013060676220009851 0.22494225587865624 -0.1918481670526824 -0.25528918518933635 -0.11331536278970496 0.1485294958056855 0.18415799930471144
leaf_weight=9938 16298 54748 657 36592 47661 10364 18161 8265 24466 24423 17745 13031 40435 15174 36467 11495 45127 1675 10978 22529 36381 17621 15991 6477 5839 5758 6288 13002 12427 304
leaf_count=9938 16298 54748 657 36592 47661 10364 18161 8265 24466 24423 17745 13031 40435 15174 36467 11495 45127 1675 10978 22529 36381 17621 15991 6477 5839 5758 6288 13002 12427 304
internal_value=3.12261e-10 -0.0903897 0.216425 -0.146849 -0.0251128 0.144416 0.324821 -0.190695 0.0186529 0.101991 0.188943 -0.0555001 -0.11651 0.281052 -0.2133 0.38281 -0.0628458 -0.0961301 -0.14972 0.205466 -0.132737 0.295048 -0.0993005 0.0555385 0.210391 -0.246332 -0.224964 -0.132287 0.123706 -0.000483728
internal_weight=586317 413584 172733 221770 191814 103786 68947 90696 78604 53148 50638 113210 131074 39291 58451 29656 99875 58101 32245 40274 72973 32795 56426 30943 6496 21984 12046 21267 36850 13335
internal_count=586317 413584 172733 221770 191814 103786 68947 90696 78604 53148 50638 113210 131074 39291 58451 29656 99875 58101 32245 40274 72973 32795 56426 30943 6496 21984 12046 21267 36850 13335
is_linear=0
shrinkage=0.05


Tree=2
num_leaves=31
num_cat=0
split_feature=1 1 1 1 1 1 1 10 7 10 10 9 10 10 1 1 1 5 10 9 11 1 1 1 11 10 12 11 11 7
split_gain=4.14127e+06 525906 514814 98315.3 90636.8 74550.3 68166.6 26810.4 26690.9 20579.2 19928.4 18011 14896.8 14021.7 13146.7 10330.4 8514.03 8186.21 7427.18 7366 7260.06 7065.95 7040.78 6187.24 5483.34 4704.02 4583.59 5463.12 4572.23 4454.79
threshold=34.376260757446296 31.023309707641605 38.043006896972663 32.590316772460945 28.911581993103031 35.989843368530281 40.280481338500984 0.63209757208824169 29.924538612365726 0.28435654938220983 0.51973900198936474 30.724729537963871 0.51973900198936474 0.64534214138984691 42.090299606323249 27.298403739929203 29.916902542114261 33.68573188781739 0.51973900198936474 34.869119644165046 0.76663044095039379 38.944627761840827 36.990877151489265 31.863302230834964 0.79874977469444286 0.5772862732410432 14.250000000000002 0.94968265295028698 -0.97502842545509327 36.893100738525398
decision_type=2 2 2 2 2 2 2 2 2 2 2 2 2 2 2 2 2 2 2 2 2 2 2 2 2 2 2 2 2 2
left_child=1 4 5 13 8 9 12 17 15 -2 -7 16 28 19 25 26 -6 -5 20 23 -13 -14 -12 -3 -10 -8 -1 -28 -4 -9
right_child=2 3 6 7 11 10 14 29 24 -11 22 18 21 -15 -16 -17 -18 -19 -20 -21 -22 -23 -24 -25 -26 -27 27 -29 -30 -31
leaf_value=-0.26216009487189956 0.045813605289297787 -0.080799692601094972 0.077992124175846889 -0.019641148082495705 -0.15116525409171194 0.11484997384204428 0.2951873160325415 0.049358755179748581 -0.12056951890687061 0.1119845368585299 0.16960569977800671 -0.090106000639081085 0.25218345048361734 -0.0095562958805908635 0.41351065356632521 -0.19075695263941117 -0.11858509155539254 0.019370969494126613 -0.03782074842046762 0.0063801056523716693 -0.13245776865256939 0.29764747410901915 0.21069850743400254 -0.055471339933025922 -0.18083009175246018 0.35383384974211385 -0.17974744850264215 -0.25509004873853158 0.21115820348984152 0.18639108041741947
leaf_weight=9140 17542 56145 720 46437 39012 11228 4336 24186 13404 35586 21111 33761 15185 11649 9149 34628 41261 18928 4839 3268 14450 19548 20591 42260 5255 16171 5469 4296 6154 608
leaf_count=9140 17542 56145 720 46437 39012 11228 4336 24186 13404 35586 21111 33761 15185 11649 9149 34628 41261 18928 4839 3268 14450 19548 20591 42260 5255 16171 5469 4296 6154 608
internal_value=-3.00447e-10 -0.0874966 0.201813 -0.0305163 -0.143913 0.131978 0.305747 0.00844835 -0.189037 0.090136 0.173976 -0.119479 0.264461 -0.0615166 0.36367 -0.206986 -0.134419 -0.00834426 -0.0968727 -0.0674699 -0.1028 0.277771 0.189896 -0.0699224 -0.137541 0.341434 -0.236712 -0.212894 0.19721 0.0527191
internal_weight=586317 408996 177321 203481 205515 106058 71263 90159 72192 53128 52930 133323 41607 113322 29656 53533 80273 65365 53050 101673 48211 34733 41702 98405 18659 20507 18905 9765 6874 24794
internal_count=586317 408996 177321 203481 205515 106058 71263 90159 72192 53128 52930 133323 41607 113322 29656 53533 80273 65365 53050 101673 48211 34733 41702 98405 18659 20507 18905 9765 6874 24794
is_linear=0
shrinkage=0.05


Tree=3
num_leaves=31
num_cat=0
split_feature=1 1 1 1 1 1 1 9 10 10 10 10 9 10 1 1 1 11 1 9 1 9 13 1 11 12 11 10 9 11
split_gain=3.73804e+06 497342 439313 105133 75872.1 63991.4 57475 29463.1 19943 19581.4 16871.7 16771.9 14445.2 13537.3 13187.5 9314.87 8338.64 7607.4 7469.84 7064.54 6824.04 6077.01 5519.91 4849.89 4639.02 4462.87 4431.37 4303.99 4268.52 4233.56
threshold=34.49452209472657 31.363744735717777 38.153575897216804 29.416313171386722 33.045808792114265 36.231637954711921 40.591190338134773 29.425127029418949 0.28435654938220983 0.28435654938220983 0.65839549899101268 0.51973900198936474 31.163386344909672 0.51973900198936474 28.015341758728031 42.44023513793946 32.21832466125489 0.79874977469444286 39.321441650390632 35.290496826171882 30.363330841064457 37.730093002319343 77.750000000000014 35.448331832885749 -0.97502842545509327 13.750000000000002 0.76663044095039379 0.5772862732410432 34.556671142578132 0.89771011471748363
decision_type=2 2 2 2 2 2 2 2 2 2 2 2 2 2 2 2 2 2 2 2 2 2 2 2 2 2 2 2 2 2
left_child=1 3 5 7 10 9 13 14 -6 -2 16 -7 20 24 25 27 -3 22 -15 26 -5 -13 -9 -11 -4 -1 -14 -8 -10 -27
right_child=2 4 6 12 8 11 15 17 28 23 -12 21 19 18 -16 -17 -18 -19 -20 -21 -22 -23 -24 -25 -26 29 -28 -29 -30 -31
leaf_value=-0.24156191065434759 0.048441052583708261 -0.064441464121702513 0.072112018126646818 -0.12743613731680958 -0.00027829663969120428 0.11396800851988198 0.28791824981794673 -0.14910180679888824 0.042279500039558909 0.096684191618546828 0.0062033135380651343 0.17513969099205592 -0.073618888249365619 0.24910440817627233 -0.17047594715809722 0.403548409360731 -0.035506565349010345 -0.1656753403266592 0.29430427143130955 0.022895641965171604 -0.099339527141548895 0.21975042874701331 -0.10251312973867849 0.13211770236159651 0.20870037551303133 -0.17031768787184517 -0.10908176239797927 0.34734772994615715 0.085342470701899389 -0.22504682864291806
leaf_weight=12146 16687 56468 688 44046 39653 9779 3851 10815 19224 20704 14380 28025 33594 19028 29065 6760 44539 15745 17591 1634 42428 10492 15427 18099 6445 6445 11940 14584 8213 7822
leaf_count=12146 16687 56468 688 44046 39653 9779 3851 10815 19224 20704 14380 28025 33594 19028 29065 6760 44539 15745 17591 1634 42428 10492 15427 18099 6445 6445 11940 14584 8213 7822
internal_value=-2.06307e-10 -0.081589 0.195353 -0.13031 -0.0198844 0.130361 0.293185 -0.169799 0.0223977 0.0937337 -0.0444686 0.172445 -0.10151 0.258543 -0.193715 0.353343 -0.0516826 -0.138199 0.270817 -0.0792524 -0.113651 0.187292 -0.121714 0.113212 0.195526 -0.219287 -0.082918 0.334933 0.05517 -0.200323
internal_weight=586317 413584 172733 231107 182477 103786 68947 97465 67090 55490 115387 48296 133642 43752 55478 25195 101007 41987 36619 47168 86474 38517 26242 38803 7133 26413 45534 18435 27437 14267
internal_count=586317 413584 172733 231107 182477 103786 68947 97465 67090 55490 115387 48296 133642 43752 55478 25195 101007 41987 36619 47168 86474 38517 26242 38803 7133 26413 45534 18435 27437 14267
is_linear=0
shrinkage=0.05


Tree=4
num_leaves=31
num_cat=0
split_feature=1 1 1 1 1 1 1 10 9 7 10 10 1 10 10 1 7 11 1 5 1 1 10 1 9 9 10 9 1 12
split_gain=3.37416e+06 431844 419321 83468.5 68197 65149.4 56177.9 21775.8 19715.1 16568.2 15975.6 15886.1 13720.6 12698.3 11824.9 8719.29 7382.92 7079.11 6712.72 5875.96 5842.28 5815.7 5622.65 4962.8 4856.73 4248.01 4013.85 3918.43 3878.57 3771.23
threshold=34.315080642700202 37.832117080688484 30.901343345642093 32.553670883178718 28.635541915893558 39.992656707763679 35.836038589477546 0.13301347196102145 30.035624504089359 30.783016204833988 0.28435654938220983 0.28435654938220983 41.779499053955085 0.51973900198936474 0.64534214138984691 29.769675254821781 32.357187271118171 0.78827583789825451 26.678178787231449 34.14732742309571 36.816589355468757 38.704837799072273 0.7324872910976411 33.350265502929695 35.669494628906257 36.138706207275398 0.5772862732410432 35.907562255859382 31.79950046539307 14.250000000000002
decision_type=2 2 2 2 2 2 2 2 2 2 2 2 2 2 2 2 2 2 2 2 2 2 2 2 2 2 2 2 2 2
left_child=2 6 4 14 8 13 11 23 18 15 -8 -2 26 -3 16 -6 28 24 -1 22 -12 -15 -9 -5 -11 -16 -7 -18 -4 -20
right_child=1 5 3 7 9 12 10 19 -10 17 20 -13 -14 21 25 -17 27 -19 29 -21 -22 -23 -24 -25 -26 -27 -28 -29 -30 -31
leaf_value=-0.22725958046778028 0.03849323506186178 0.16743450077366337 -0.079501648286109158 -0.027679093247746801 -0.14111462377133424 0.25927760012163337 0.078904078764119714 -0.0019604865445542064 -0.12920774842215926 -0.079804887329431917 0.14306229853443453 0.097068339315828811 0.36651021157404529 0.21822963741737433 -0.015669743495268555 -0.10983006714644228 -0.045709202261749772 -0.12034209935077061 -0.20013975513053045 0.067894461981787238 0.17870582463985815 0.25950237736525611 0.044779444750761156 0.0028815428199190883 0.033822122922918592 0.16495009600011104 0.31044631880795176 0.036033623971523591 -0.056764169336736593 -0.16641950036278197
leaf_weight=11124 17775 6988 49826 30551 43910 4871 6836 12003 16210 33003 23070 33187 11495 15254 11519 45197 26771 12684 15753 10207 22916 19378 13869 23505 968 335 17978 1551 30077 17506
leaf_count=11124 17775 6988 49826 30551 43910 4871 6836 12003 16210 33003 23070 33187 11495 15254 11519 45197 26771 12684 15753 10207 22916 19378 13869 23505 968 335 17978 1551 30077 17506
internal_value=-3.12308e-10 0.180394 -0.0797538 -0.0306781 -0.132293 0.27098 0.11409 0.00568725 -0.1764 -0.112607 0.150223 0.076638 0.321954 0.228917 -0.057975 -0.125246 -0.0631678 -0.0884681 -0.193637 0.0357691 0.160824 0.241323 0.023095 -0.0143905 -0.0765671 -0.0105653 0.299538 -0.0412327 -0.0709428 -0.182391
internal_weight=586317 179748 406569 210214 196355 75964 103784 90135 60593 135762 52822 50962 34344 41620 120079 89107 108225 46655 44383 36079 45986 34632 25872 54056 33971 11854 22849 28322 79903 33259
internal_count=586317 179748 406569 210214 196355 75964 103784 90135 60593 135762 52822 50962 34344 41620 120079 89107 108225 46655 44383 36079 45986 34632 25872 54056 33971 11854 22849 28322 79903 33259
is_linear=0
shrinkage=0.05


Tree=5
num_leaves=31
num_cat=0
split_feature=1 1 1 1 1 1 1 7 10 10 10 9 10 1 10 1 11 10 1 11 1 7 1 13 11 7 10 9 10 9
split_gain=3.04676e+06 445898 317927 87978.4 74626.7 46739 41033.7 24019.9 17833.4 15763 15093.2 13332.7 13191.3 10834 10137.7 8323.45 7400.75 7131.89 6135.88 5686.23 5623.44 5025.29 4852.54 4579.37 4569.38 4280.14 4180.17 3967.02 3891.72 3673
threshold=34.743453979492195 31.396285057067875 38.367088317871101 29.331702232360843 33.21458816528321 36.47856521606446 40.922029495239265 29.456991195678714 0.28435654938220983 0.65839549899101268 0.28435654938220983 30.692554473876957 0.51973900198936474 27.419076919555668 0.51973900198936474 32.352018356323249 0.79874977469444286 0.51973900198936474 39.582099914550788 0.76663044095039379 42.860454559326179 37.72160720825196 30.267227172851566 77.750000000000014 -0.97502842545509327 36.302387237548835 0.95992380380630504 35.828414916992195 0.5772862732410432 35.669494628906257
decision_type=2 2 2 2 2 2 2 2 2 2 2 2 2 2 2 2 2 2 2 2 2 2 2 2 2 2 2 2 2 2
left_child=1 3 5 7 9 10 14 13 -6 15 -2 22 -7 -1 24 27 23 19 -16 -13 28 -14 -5 -9 -4 -19 -12 -3 -8 -10
right_child=2 4 6 11 8 12 20 16 29 -11 26 17 21 -15 18 -17 -18 25 -20 -21 -22 -23 -24 -25 -26 -27 -28 -29 -30 -31
leaf_value=-0.20556130070920342 0.050621887582081374 -0.057549439009638617 0.053385978774222513 -0.11947750865950819 0.0054721496462336993 0.10934019655481693 0.2643951627050844 -0.13296278596924829 0.049959916360070487 0.0087738681405085048 0.099874020332159308 -0.071371093693477494 0.16426415683384762 -0.15951459185539713 0.23331664207043148 -0.027393103317532298 -0.15349508837324372 -0.035538547278521841 0.27422276085862313 -0.10523198294874073 0.37766002931702453 0.20344413423936897 -0.093956136502774235 -0.087260890742724445 0.19952492913839212 0.17931938585126772 0.13470551402938463 0.03911953855187339 0.32626914677333679 0.098924915320406259
leaf_weight=19103 13977 61229 583 37191 37225 8865 3159 9123 25272 16226 26762 41416 24670 38557 19183 43606 12388 6776 17558 17696 4448 12247 37310 13731 6482 240 12702 1080 12998 4514
leaf_count=19103 13977 61229 583 37191 37225 8865 3159 9123 25272 16226 26762 41416 24670 38557 19183 43606 12388 6776 17558 17696 4448 12247 37310 13731 6482 240 12702 1080 12998 4514
internal_value=-6.15655e-11 -0.0709173 0.183187 -0.117136 -0.0138553 0.127034 0.269688 -0.154894 0.0285451 -0.0371176 0.0952714 -0.0921919 0.16411 -0.17477 0.242318 -0.0441481 -0.122374 -0.0758508 0.252865 -0.0815078 0.327877 0.177262 -0.106696 -0.105504 0.187466 -0.0281888 0.111085 -0.0558739 0.314172 0.0573804
internal_weight=586317 422683 163634 233531 189152 99223 64411 92902 67011 122141 53441 140629 45782 57660 43806 105915 35242 66128 36741 59112 20605 36917 74501 22854 7065 7016 39464 62309 16157 29786
internal_count=586317 422683 163634 233531 189152 99223 64411 92902 67011 122141 53441 140629 45782 57660 43806 105915 35242 66128 36741 59112 20605 36917 74501 22854 7065 7016 39464 62309 16157 29786
is_linear=0
shrinkage=0.05


Tree=6
num_leaves=31
num_cat=0
split_feature=1 1 1 1 1 1 1 10 9 10 1 10 7 9 10 9 10 12 5 11 11 7 9 12 1 1 10 10 10 9
split_gain=2.75105e+06 361897 334901 74685.8 56783.9 47463.6 45310.8 17035.4 16466.5 13362.9 12723.6 12691.8 11306.7 11172.4 10786.2 6578.02 6466.22 6051.91 5916.69 5756.23 5226.38 4947.61 4858.45 4549.2 4438.9 4148.89 3930.22 3864.16 3692.11 3554.59
threshold=34.258369445800788 37.73210525512696 30.680515289306644 32.553670883178718 39.852291107177741 28.635541915893558 35.760755538940437 0.64534214138984691 30.035624504089359 0.51973900198936474 41.521457672119148 0.28435654938220983 32.424715042114265 30.309617042541507 0.51973900198936474 37.072944641113288 0.44437406957149511 13.750000000000002 33.985527038574226 0.78827583789825451 0.89771011471748363 37.529930114746101 39.062702178955085 15.250000000000002 31.705049514770511 29.697037696838382 0.64534214138984691 0.047320950776338584 0.5772862732410432 36.138706207275398
decision_type=2 2 2 2 2 2 2 2 2 2 2 2 2 2 2 2 2 2 2 2 2 2 2 2 2 2 2 2 2 2
left_child=2 6 5 12 14 8 11 18 17 -8 -6 -2 16 25 -3 27 24 -1 -5 26 23 -11 -16 -19 -4 -7 -15 -14 -12 -13
right_child=1 4 3 7 10 13 9 -9 -10 21 28 29 15 19 22 -17 -18 20 -20 -21 -22 -23 -24 -25 -26 -27 -28 -29 -30 -31
leaf_value=-0.19709443793232448 0.033395300571504569 0.14633501597204779 -0.077528616346079299 -0.016441689672547572 0.26512927738519421 -0.13085535397923972 0.086263096227904429 0.041315711660054107 -0.11636663018105367 0.13708235867469329 0.27178019312883861 0.076823137923985152 -0.045175287468650155 -0.081143613981959406 0.20106965366972204 0.094502550844873676 -0.035326346720741038 -0.17790822038555756 0.021367368482845525 -0.11146802629172783 -0.1802763378003952 0.17917170064856774 0.24093606179763058 -0.11271252776719443 -0.054101351014867571 -0.10571028020469886 -0.01510768936422517 -0.0073933347956330851 0.33831421978279513 0.11737993307105293
leaf_weight=18493 18406 7049 53928 52224 22773 34721 11990 22741 16210 31870 2560 25737 21850 33434 23218 1037 17393 4083 12904 17813 14044 8941 11392 7763 32348 31097 2416 9804 11240 6838
leaf_count=18493 18406 7049 53928 52224 22773 34721 11990 22741 16210 31870 2560 25737 21850 33434 23218 1037 17393 4083 12904 17813 14044 8941 11392 7763 32348 31097 2416 9804 11240 6838
internal_value=3.64507e-10 0.161419 -0.0726695 -0.0318888 0.242623 -0.12345 0.100206 0.0040587 -0.159496 0.13267 0.288087 0.0665839 -0.055053 -0.105169 0.20271 -0.0294138 -0.0631381 -0.175249 -0.00895047 -0.0882365 -0.159644 0.146303 0.214192 -0.135184 -0.0687449 -0.118975 -0.0766933 -0.0334733 0.325972 0.0853366
internal_weight=586317 182014 404303 224229 78232 180074 103782 87869 60593 52801 36573 50981 136360 119481 41659 32691 103669 44383 65128 53663 25890 40811 34610 11846 86276 65818 35850 31654 13800 32575
internal_count=586317 182014 404303 224229 78232 180074 103782 87869 60593 52801 36573 50981 136360 119481 41659 32691 103669 44383 65128 53663 25890 40811 34610 11846 86276 65818 35850 31654 13800 32575
is_linear=0
shrinkage=0.05


Tree=7
num_leaves=31
num_cat=0
split_feature=1 1 1 1 1 1 1 9 10 10 10 10 7 1 11 11 1 11 1 1 13 1 9 1 11 9 10 10 12 12
split_gain=2.4835e+06 363757 260082 75090.7 58617.2 41133.2 31129.2 21601.6 13891.4 13694.7 12937.7 10891.9 10638.5 9351.21 8175.69 7994.66 7324.92 6544.04 5621.8 5523.54 5175.71 4869.81 4375.23 3957.56 3939.75 3598.87 3288.68 3279.47 3267.79 3137.03
threshold=34.743453979492195 31.458621978759769 38.476392745971687 29.501111984252933 33.305685043334968 36.564462661743171 40.922029495239265 29.202995300292972 0.047320950776338584 0.28435654938220983 0.28435654938220983 0.45972847938537603 32.630838394165046 28.015341758728031 -0.96227341890335072 0.75546532869339 30.458729743957523 0.79874977469444286 32.386100769042976 39.582099914550788 77.750000000000014 42.860454559326179 37.072944641113288 35.605012893676765 0.30080866813659674 35.828414916992195 0.44437406957149511 0.5772862732410432 13.250000000000002 15.750000000000002
decision_type=2 2 2 2 2 2 2 2 2 2 2 2 2 2 2 2 2 2 2 2 2 2 2 2 2 2 2 2 2 2
left_child=1 3 5 7 8 10 14 13 18 -6 29 -7 16 28 -4 22 -5 20 -3 -16 -9 27 -10 -12 -13 -14 -18 -8 -1 -2
right_child=2 4 6 12 9 11 21 17 15 -11 23 24 25 -15 19 -17 26 -19 -20 -21 -22 -23 -24 -25 -26 -27 -28 -29 -30 -31
leaf_value=-0.20509656119711536 0.067349630212670972 -0.054415521216958834 0.095448678181424135 -0.097981187809467338 0.0068685433578227692 0.09573636266720649 0.23774166812953226 -0.12294740113488141 0.0044197674851075043 0.053995828733895537 0.08449663031220811 0.16776861089787462 -0.045239515774614471 -0.13948594305627232 0.20637003677549767 -0.037627514882177193 -0.078065384202441801 -0.13597209706132951 -0.028152615140169264 0.24339924386691869 -0.080984383445757577 0.34251648726564898 0.091814828100806878 0.11552275257984346 0.11795129333068124 0.047858086195002016 -0.045740352024694335 0.29454050549359856 -0.16775057806654967 0.020268344919941887
leaf_weight=9383 7883 46993 1257 57725 34085 7418 3159 12845 23989 28143 18894 33839 11508 27411 20083 13779 56478 19802 35976 20201 17171 4448 1523 22539 4496 1141 9142 12998 15589 6419
leaf_count=9383 7883 46993 1257 57725 34085 7418 3159 12845 23989 28143 18894 33839 11508 27411 20083 13779 56478 19802 35976 20201 17171 4448 1523 22539 4496 1141 9142 12998 15589 6419
internal_value=3.11175e-11 -0.0640273 0.165389 -0.104849 -0.0113225 0.116062 0.245943 -0.137232 -0.0314296 0.0281822 0.0872211 0.151195 -0.0805117 -0.15965 0.221021 -0.00693822 -0.0849901 -0.113661 -0.0430277 0.224939 -0.098942 0.296189 0.00963703 0.101374 0.161926 -0.0368417 -0.0735619 0.283435 -0.181783 0.0462187
internal_weight=586317 422683 163634 238195 184488 101488 62146 102201 122260 62228 55735 45753 135994 52383 41541 39291 123345 49818 82969 40284 30016 20605 25512 41433 38335 12649 65620 16157 24972 14302
internal_count=586317 422683 163634 238195 184488 101488 62146 102201 122260 62228 55735 45753 135994 52383 41541 39291 123345 49818 82969 40284 30016 20605 25512 41433 38335 12649 65620 16157 24972 14302
is_linear=0
shrinkage=0.05


Tree=8
num_leaves=31
num_cat=0
split_feature=1 1 1 1 1 1 10 1 7 10 7 10 1 9 10 12 1 1 11 9 7 1 10 11 9 9 10 7 11 12
split_gain=2.24308e+06 303411 267092 50810.4 49258.1 45172.1 35820 19263.1 13819.9 13420.4 11420.2 10194.4 9420.86 8642.35 5758.96 5736.27 5474.19 5472.04 5427.42 5112.51 4424.29 3893.37 3832.05 3758.4 3733.1 3647.52 3446.39 3109.84 3089.42 3088.94
threshold=34.201402664184577 37.633964538574226 30.868142127990726 32.553670883178718 39.992656707763679 28.635541915893558 0.28435654938220983 35.913198471069343 29.924538612365726 0.13301347196102145 30.783016204833988 0.51973900198936474 41.779499053955085 34.202585220336921 0.44437406957149511 16.250000000000004 26.678178787231449 29.882283210754398 0.78827583789825451 39.062702178955085 36.139402389526374 31.79950046539307 0.7324872910976411 -0.97106409072875965 36.223758697509773 35.669494628906257 -0.24284747242927548 37.341032028198249 0.79874977469444286 14.250000000000002
decision_type=2 2 2 2 2 2 2 2 2 2 2 2 2 2 2 2 2 2 2 2 2 2 2 2 2 2 2 2 2 2
left_child=2 6 5 13 11 8 15 24 16 -5 17 23 -6 14 21 -2 -1 -7 25 -13 22 -4 -11 -3 -8 -12 -20 -9 -10 -18
right_child=1 4 3 9 12 10 7 27 28 20 18 19 -14 -15 -16 -17 29 -19 26 -21 -22 -23 -24 -25 -26 -27 -28 -29 -30 -31
leaf_value=-0.18739804731572851 0.057883312050111081 0.055001584877875334 -0.064316398155258803 -0.01324179194500015 0.24403218964719031 -0.11385278091971399 0.071143267950408359 0.12052544002733799 -0.087999228003587296 0.0024906754130587573 -0.064092375578719052 0.18124182041389295 0.29952704059959462 0.007665351253967171 -0.026541059355819081 0.010916721938121841 -0.16378593732836175 -0.088770161079360574 -0.13358600237383694 0.21993637539617789 0.09079353364047886 -0.043801139167030462 0.037805060520719788 0.14726803647484979 0.11014900013395575 0.035521922434912014 -0.079174824949766548 0.15152730346808554 -0.13929018173128341 -0.13367512244325699
leaf_weight=11625 15243 1328 56114 51962 22849 48736 29449 28667 10686 13825 32145 25528 11495 6706 20311 11336 15930 39261 4738 12825 2536 39340 17288 6535 7748 946 7544 11269 4048 18304
leaf_count=11625 15243 1328 56114 51962 22849 48736 29449 28667 10686 13825 32145 25528 11495 6706 20311 11336 15930 39261 4738 12825 2536 39340 17288 6535 7748 946 7544 11269 4048 18304
internal_value=1.25421e-10 0.144455 -0.0662092 -0.0268628 0.217252 -0.10842 0.0879094 0.105159 -0.144218 0.00268879 -0.0921557 0.183548 0.262606 -0.0475203 -0.0507171 0.037852 -0.157753 -0.102662 -0.0717799 0.194181 0.0272894 -0.0558613 0.0221132 0.131685 0.079268 -0.0612446 -0.100165 0.129273 -0.102091 -0.147686
internal_weight=586317 184272 402045 208082 80560 193963 103712 77133 60593 85611 133370 46216 34344 122471 115765 26579 45859 87997 45373 38353 33649 95454 31113 7863 37197 33091 12282 39936 14734 34234
internal_count=586317 184272 402045 208082 80560 193963 103712 77133 60593 85611 133370 46216 34344 122471 115765 26579 45859 87997 45373 38353 33649 95454 31113 7863 37197 33091 12282 39936 14734 34234
is_linear=0
shrinkage=0.05


Tree=9
num_leaves=31
num_cat=0
split_feature=1 1 1 1 1 1 1 7 10 10 10 9 10 1 11 10 11 12 9 1 1 9 9 10 9 1 11 7 11 10
split_gain=2.02512e+06 303828 205941 63955.1 48494.2 31215.5 25457.3 18530.1 11700.3 11292.2 9662.97 9356.51 9046.76 7512.49 7048.31 6964.76 6738.4 5972.11 4836.4 4244.71 4153.4 4039.29 3737.73 3572.32 3522.01 3234.65 3146.42 2997.18 2958.74 3360.27
threshold=34.807247161865241 31.518439292907718 38.476392745971687 29.54171180725098 33.350265502929695 36.564462661743171 40.922029495239265 28.910408020019535 0.030120026320219043 0.28435654938220983 0.28435654938220983 31.068670272827152 0.51973900198936474 27.01949501037598 0.78827583789825451 0.51973900198936474 0.75546532869339 14.750000000000002 35.073209762573249 32.386100769042976 42.860454559326179 39.57866287231446 38.041267395019538 0.95992380380630504 37.162004470825202 30.363330841064457 -0.97502842545509327 38.596643447875984 0.76663044095039379 0.44437406957149511
decision_type=2 2 2 2 2 2 2 2 2 2 2 2 2 2 2 2 2 2 2 2 2 2 2 2 2 2 2 2 2 2
left_child=1 3 5 7 8 10 15 13 19 -6 -2 25 -7 -1 17 26 24 -9 28 -3 -8 -17 -14 27 -10 -5 -4 -12 -13 -30
right_child=2 4 6 11 9 12 20 14 16 -11 23 18 22 -15 -16 21 -18 -19 -20 -21 -22 -23 -24 -25 -26 -27 -28 -29 29 -31
leaf_value=-0.17883370158226775 0.043397512158681574 -0.048543627798928866 0.035767458899962627 -0.093085481994029232 0.0076101099497445784 0.090572583603871437 0.25585165586242253 -0.12152241100568091 0.005468759004146239 0.05032135773910279 0.078177197002563564 -0.051321536431619713 0.13740148312450903 -0.13420627725743858 -0.12447786231048541 0.19458332563429295 -0.033699697658591411 -0.074392937356610581 0.018367530596625586 -0.025505364165484934 0.31041430299458844 0.22925986108839763 0.1729458434404243 0.11379328357894176 0.084602236375415682 -0.073240863443595261 0.16294991338444187 0.15505651807656159 -0.09069636966683732 -0.03309020839502521
leaf_weight=12756 13401 43600 528 37366 33510 8712 16157 9575 24688 28754 25527 38534 26830 36169 23477 20747 13327 22557 2124 36927 4448 14109 10211 13160 1491 45586 6157 1334 11292 3263
leaf_count=12756 13401 43600 528 37366 33510 8712 16157 9575 24688 28754 25527 38534 26830 36169 23477 20747 13327 22557 2124 36927 4448 14109 10211 13160 1491 45586 6157 1334 11292 3263
internal_value=-9.96781e-11 -0.0572509 0.150826 -0.0938902 -0.00847159 0.106106 0.222192 -0.123398 -0.0270451 0.0273345 0.0801461 -0.0715646 0.136417 -0.145842 -0.103653 0.199654 -0.00475779 -0.088437 -0.055616 -0.037979 0.26763 0.20862 0.1472 0.0924513 0.00997573 -0.0821799 0.152905 0.0819953 -0.058576 -0.077782
internal_weight=586317 424996 161321 242699 182297 99175 62146 104534 120033 62264 53422 138165 45753 48925 55609 41541 39506 32132 55213 80527 20605 34856 37041 40021 26179 82952 6685 26861 53089 14555
internal_count=586317 424996 161321 242699 182297 99175 62146 104534 120033 62264 53422 138165 45753 48925 55609 41541 39506 32132 55213 80527 20605 34856 37041 40021 26179 82952 6685 26861 53089 14555
is_linear=0
shrinkage=0.05


Tree=10
num_leaves=31
num_cat=0
split_feature=1 1 1 1 1 1 1 10 9 10 1 9 10 10 7 5 10 12 11 10 11 11 12 13 7 7 7 10 10 12
split_gain=1.82911e+06 253620 214233 46969.5 40810.5 31238.3 31214.1 13074.9 10785 9592.36 9460.63 8795.28 7990.78 7963.3 7442.84 5459.56 5086.34 4445.9 4644.9 4371.92 4213.54 4101.11 3777.33 3660.69 3620.11 3441.08 3371.5 3252.53 3143.33 3016.48
threshold=34.150571823120124 37.633964538574226 30.617567062377933 32.317893981933601 39.720970153808601 35.528953552246101 28.445576667785648 0.63209757208824169 30.277338027954105 0.28435654938220983 41.521457672119148 29.92817306518555 0.51973900198936474 0.23448921740055087 33.642652511596687 33.638193130493171 0.51973900198936474 13.750000000000002 0.88999459147453319 0.44437406957149511 0.54882264137268078 0.59123954176902782 15.250000000000002 78.250000000000014 37.071052551269538 36.636590957641609 39.200811386108406 0.13301347196102145 0.5772862732410432 14.250000000000002
decision_type=2 2 2 2 2 2 2 2 2 2 2 2 2 2 2 2 2 2 2 2 2 2 2 2 2 2 2 2 2 2
left_child=2 5 6 14 12 13 8 15 17 -7 -6 29 -3 -2 19 -5 20 -1 22 21 23 -4 -19 -13 -11 -9 -14 -16 -12 -8
right_child=1 4 3 7 10 9 11 25 -10 24 28 16 26 -15 27 -17 -18 18 -20 -21 -22 -23 -24 -25 -26 -27 -28 -29 -30 -31
leaf_value=-0.16527911948540402 0.023013158924542511 0.11379880192840981 -0.048039893639897378 -0.020091739263641106 0.21477170211841767 0.054932227018781379 -0.11754124742324218 0.02679773353289279 -0.092161816053541332 0.10287072123469264 0.21633251232828116 -0.084372488707899859 0.16211637884464422 0.064769383053929749 -0.025447256297960436 0.011307150661221005 -0.023700821341189764 -0.14877175938863274 -0.15226403193958127 -0.029660421853003927 -0.092699801358756218 -0.069292727695749456 -0.087365897628878864 -0.050021831446273479 0.13226654501656662 0.14540527947640022 0.19692703228708283 0.040941512263609939 0.2777230218066204 -0.093551292631978908
leaf_weight=17095 18386 7160 62076 57268 25032 8647 20102 23302 12146 33429 2560 14611 24919 30128 5188 18258 4491 3798 13001 19102 28682 35784 7353 16531 15252 628 9649 2863 11240 37636
leaf_count=17095 18386 7160 62076 57268 25032 8647 20102 23302 12146 33429 2560 14611 24919 30128 5188 18258 4491 3798 13001 19102 28682 35784 7353 16531 15252 628 9649 2863 11240 37636
internal_value=-1.91322e-10 0.129355 -0.0602928 -0.0279392 0.196205 0.0784725 -0.101687 -0.00229662 -0.133573 0.103461 0.233096 -0.0877377 0.161875 0.0489445 -0.0483396 -0.0125012 -0.0750203 -0.145767 -0.131957 -0.0515404 -0.0788729 -0.0558113 -0.108281 -0.0661382 0.112081 0.0299104 0.171833 -0.00183888 0.266335 -0.101904
internal_weight=586317 186402 399915 224469 80560 105842 175446 99456 53393 57328 38832 122053 41728 48514 125013 75526 64315 41247 24152 116962 59824 97860 11151 31142 48681 23930 34568 8051 13800 57738
internal_count=586317 186402 399915 224469 80560 105842 175446 99456 53393 57328 38832 122053 41728 48514 125013 75526 64315 41247 24152 116962 59824 97860 11151 31142 48681 23930 34568 8051 13800 57738
is_linear=0
shrinkage=0.05


Tree=11
num_leaves=31
num_cat=0
split_feature=1 1 1 1 1 1 1 9 10 10 9 10 10 11 11 1 1 10 7 1 11 1 9 11 7 10 9 1 12 12
split_gain=1.65081e+06 231939 184827 45064.2 41570.6 27271.8 24276.4 13320.5 9550.53 8794.27 8242.95 8137.9 7947.7 6391.95 5620.78 5490.26 4820.98 4767.53 4109 4014.72 3612.62 3548.41 3525.76 3461.42 3370.6 3317.57 3089.49 2830.1 2581.85 2580.54
threshold=34.616605758666999 31.271186828613285 38.259286880493171 29.153871536254886 33.085266113281257 36.314168930053718 40.591190338134773 29.202995300292972 0.28435654938220983 0.047320950776338584 30.692554473876957 0.51973900198936474 0.21772121638059619 -0.96227341890335072 0.75546532869339 27.01949501037598 42.44023513793946 0.51973900198936474 31.065237998962406 39.321441650390632 0.76663044095039379 32.057044982910163 37.072944641113288 0.30080866813659674 36.302387237548835 0.95992380380630504 35.669494628906257 30.026032447814945 16.250000000000004 16.750000000000004
decision_type=2 2 2 2 2 2 2 2 2 2 2 2 2 2 2 2 2 2 2 2 2 2 2 2 2 2 2 2 2 2
left_child=1 3 5 7 9 12 13 15 29 21 27 -7 28 -4 22 -1 -8 20 -9 -15 -12 -3 -11 -13 -19 -14 -10 -5 -2 -6
right_child=2 4 6 10 8 11 16 18 26 14 17 23 25 19 -16 -17 -18 24 -20 -21 -22 -23 -24 -25 -26 -27 -28 -29 -30 -31
leaf_value=-0.16322368728042042 0.049868604969044321 -0.050063479362888609 0.068711390248986329 -0.09216447063664103 0.015739379186936849 0.075836785623096675 0.22244161770443324 -0.10505882692551215 0.032908634239385171 -3.9581465777541183e-05 -0.053321554268918304 0.13349014899486708 0.067290645861369972 0.16117246485588321 -0.034111969890263334 -0.12439231453912197 0.27180442138814737 -0.023106398165940709 -0.068174115737627286 0.19282768083584209 -0.080922028082778152 -0.029708214107926425 0.083149584952027872 0.091191058213554999 0.16831312161952133 0.099164164906073146 0.079678345915789137 -0.072945285150064196 0.0058424877557504886 -0.0097457442890922143
leaf_weight=12498 8636 40842 1407 34220 18302 9595 18435 27344 25328 21986 39270 32969 27612 19860 15434 33506 6760 6088 10431 20208 16983 45000 1352 5668 239 11591 4103 43508 5420 21722
leaf_count=12498 8636 40842 1407 34220 18302 9595 18435 27344 25328 21986 39270 32969 27612 19860 15434 33506 6760 6088 10431 20208 16983 45000 1352 5668 239 11591 4103 43508 5420 21722
internal_value=-6.63163e-11 -0.0532042 0.1323 -0.0878586 -0.0131897 0.0898142 0.196975 -0.116875 0.0178071 -0.0304661 -0.0705323 0.11705 0.065149 0.173459 -0.010702 -0.134942 0.235686 -0.0570259 -0.0948737 0.177138 -0.0616542 -0.0393929 0.00477967 0.127285 -0.0158756 0.0767146 0.0394288 -0.0814066 0.0328921 0.00190798
internal_weight=586317 418156 168161 224087 194069 101491 66670 83779 69455 124614 140308 48232 53259 41475 38772 46004 25195 62580 37775 40068 56253 85842 23338 38637 6327 39203 29431 77728 14056 40024
internal_count=586317 418156 168161 224087 194069 101491 66670 83779 69455 124614 140308 48232 53259 41475 38772 46004 25195 62580 37775 40068 56253 85842 23338 38637 6327 39203 29431 77728 14056 40024
is_linear=0
shrinkage=0.05


Tree=12
num_leaves=31
num_cat=0
split_feature=1 1 1 1 1 1 10 1 10 7 1 10 9 9 12 9 10 9 12 11 10 9 11 5 11 11 10 10 12 10
split_gain=1.49174e+06 217766 167655 37430 35886.8 24437.2 24350.3 12490.2 10650.1 8678.06 7822.67 7538.8 7230.79 6314.17 5395.08 4639.75 4259.04 4171.14 3949.4 5233.51 3766.64 3576.59 3033.97 2971.77 2888.59 2859.51 2831.56 2783.5 2700.66 2669.67
threshold=34.042966842651374 37.43890571594239 30.553677558898929 39.720970153808601 32.21832466125489 28.376592636108402 0.23448921740055087 35.605012893676765 0.65839549899101268 30.031639099121097 41.521457672119148 0.51973900198936474 29.92817306518555 31.529391288757328 16.250000000000004 33.354404449462898 0.53436762094497692 35.828414916992195 14.250000000000002 0.89771011471748363 -0.69016700983047474 38.816078186035163 -0.09024826809763907 36.390266418457038 -0.97106409072875965 -0.98518359661102284 0.5772862732410432 -0.038721922785043709 14.250000000000002 0.5772862732410432
decision_type=2 2 2 2 2 2 2 2 2 2 2 2 2 2 2 2 2 2 2 2 2 2 2 2 2 2 2 2 2 2
left_child=2 6 5 11 13 9 14 23 15 18 29 24 28 -4 -2 -6 20 -15 -1 25 -14 -13 -16 -8 -3 -20 -12 -22 -7 -5
right_child=1 3 4 10 8 12 7 -9 -10 -11 26 21 16 17 22 -17 -18 -19 19 -21 27 -23 -24 -25 -26 -27 -28 -29 -30 -31
leaf_value=-0.14922713390025766 0.046337582283139722 0.036588498327154988 -0.055049266568603261 0.1624879022508883 -0.021344607889520053 -0.10767293690002089 0.053374783660065442 0.099049632645216101 0.025671059151872917 -0.082407541642178381 0.19322915483625366 0.14221018548217798 -0.055628903420696041 -0.034704162367134778 -0.012256630006135564 0.0051569422598834831 -0.018886613387145944 0.044692572102077277 -0.19009528925471142 -0.14035461691231396 -0.092436415609159508 0.17450180122271819 0.044556621937062058 0.10030670715814825 0.11405545837006957 -0.082911955013748206 0.25149565681207181 -0.063577680404596465 -0.085112746681566848 0.20231473830628294
leaf_weight=18827 15938 1475 70205 5352 56425 20576 30207 43572 22050 10993 2560 25362 21848 50699 9175 23350 4035 1710 669 11585 22957 12955 3159 3797 6534 8908 11240 13137 37337 19680
leaf_count=18827 15938 1475 70205 5352 56425 20576 30207 43572 22050 10993 2560 25362 21848 50699 9175 23350 4035 1710 669 11585 22957 12955 3159 3797 6534 8908 11240 13137 37337 19680
internal_value=1.99842e-10 0.114735 -0.0554375 0.174256 -0.027026 -0.0927558 0.0668485 0.081326 -0.00508626 -0.121752 0.210462 0.143906 -0.0804254 -0.0452459 0.0271232 -0.0135877 -0.0685556 -0.0321136 -0.132568 -0.117747 -0.0720145 0.153128 0.00229445 0.0586154 0.0997885 -0.0903992 0.240687 -0.0819328 -0.0931282 0.1938
internal_weight=586317 191006 395311 85158 224439 170872 105848 77576 101825 50982 38832 46326 119890 122614 28272 79775 61977 52409 39989 21162 57942 38317 12334 34004 8009 9577 13800 36094 57913 25032
internal_count=586317 191006 395311 85158 224439 170872 105848 77576 101825 50982 38832 46326 119890 122614 28272 79775 61977 52409 39989 21162 57942 38317 12334 34004 8009 9577 13800 36094 57913 25032
is_linear=0
shrinkage=0.05


Tree=13
num_leaves=31
num_cat=0
split_feature=1 1 1 1 1 1 1 5 10 10 9 10 10 1 11 1 10 11 11 10 10 10 12 11 7 11 9 12 9 9
split_gain=1.34729e+06 212650 129469 44255 35342.8 20811.9 14588 12231.8 8487.77 8088.6 7668.62 6343.79 6292.34 6213.34 4897.97 4883.56 4345.62 4211.14 3678.12 3490.21 3322.4 3283.48 2917.18 4056.7 2837.27 2804.63 2782.29 2759.7 2660.39 2657.27
threshold=34.936000823974616 31.549039840698246 38.704837799072273 29.416313171386722 33.394697189331062 36.816589355468757 41.098293304443366 29.572471618652347 -1.0000000180025095e-35 0.28435654938220983 32.630741119384773 0.51973900198936474 0.51973900198936474 27.298403739929203 0.75546532869339 30.363330841064457 0.5772862732410432 0.79874977469444286 0.28434865176677709 0.64534214138984691 -0.71466678380966175 0.5772862732410432 14.750000000000002 0.94968265295028698 37.432012557983406 0.30080866813659674 37.730093002319343 14.250000000000002 31.939566612243656 40.596107482910163
decision_type=2 2 2 2 2 2 2 2 2 2 2 2 2 2 2 2 2 2 2 2 2 2 2 2 2 2 2 2 2 2
left_child=1 3 5 7 8 11 16 13 20 -6 15 -2 -7 22 26 -5 -4 -9 -13 -12 28 -8 -1 -24 -11 -14 -10 -15 -3 -18
right_child=2 4 6 10 9 12 21 17 14 24 19 18 25 27 -16 -17 29 -19 -20 -21 -22 -23 23 -25 -26 -27 -28 -29 -30 -31
leaf_value=-0.15705377228151449 0.045128002191756417 -0.03520132662863977 0.13602935294985408 -0.074367720960183167 0.007711919419126901 0.076855749722427744 0.17886795731541238 -0.062564624556571261 0.0059965641059845087 0.039994234384207454 -0.034240397881712049 0.093529239159883676 0.13032661823896227 -0.11866753172867919 -0.027588916403723802 -0.054833447362069743 0.16896801617344903 -0.10257200027561122 0.061443415132746031 0.043955959893130114 -0.044392232448962933 0.23225971122339906 -0.089139266140688497 -0.15456101169396336 0.11612257149285921 0.082969126307003205 0.086253442569702188 -0.094419769127066996 -0.012197521326371294 0.20490281293088045
leaf_weight=9909 17009 23902 8401 55251 33807 8082 3574 19953 26369 29437 14648 24419 32160 20195 13394 76013 24192 9812 14083 1581 28803 14820 5304 4283 1277 3463 1126 28009 26507 6534
leaf_count=9909 17009 23902 8401 55251 33807 8082 3574 19953 26369 29437 14648 24419 32160 20195 13394 76013 24192 9812 14083 1581 28803 14820 5304 4283 1277 3463 1126 28009 26507 6534
internal_value=2.82864e-11 -0.0457824 0.125479 -0.0763229 -0.005261 0.090878 0.185161 -0.102467 -0.0212955 0.024586 -0.0590469 0.0705586 0.116686 -0.114212 -0.00279491 -0.0630557 0.167897 -0.075753 0.0817931 -0.0266226 -0.0308455 0.221886 -0.13803 -0.118366 0.0431594 0.125723 0.00928332 -0.104578 -0.023105 0.17661
internal_weight=586317 429580 156737 244958 184622 99216 57521 97465 120101 64521 147493 55511 43705 67700 40889 131264 39127 29765 38502 16229 79212 18394 19496 9587 30714 35623 27495 48204 50409 30726
internal_count=586317 429580 156737 244958 184622 99216 57521 97465 120101 64521 147493 55511 43705 67700 40889 131264 39127 29765 38502 16229 79212 18394 19496 9587 30714 35623 27495 48204 50409 30726
is_linear=0
shrinkage=0.05


Tree=14
num_leaves=31
num_cat=0
split_feature=1 1 1 1 1 1 1 9 10 1 11 10 9 5 10 10 10 9 11 7 7 12 11 11 10 12 10 10 13 5
split_gain=1.21641e+06 182026 133668 30788.8 27442.2 21049.5 20722.4 7607.9 7521.79 6596.43 6441.21 5959.26 5916.41 5890.79 5829.33 3889.42 3746.62 3683.56 3617.3 3520.7 3465.48 3258.99 3596.33 3112.93 3111.51 3013.54 2782.25 2746.72 2696.62 2561.25
threshold=33.98988342285157 37.43890571594239 30.586003303527836 39.720970153808601 32.352018356323249 35.448331832885749 28.445576667785648 30.277338027954105 0.13301347196102145 42.090299606323249 -0.96227341890335072 0.42888796329498297 29.854121208190922 33.491357803344734 0.51973900198936474 0.42888796329498297 0.64534214138984691 37.25233459472657 0.59123954176902782 39.200811386108406 36.055917739868171 13.750000000000002 0.88999459147453319 0.28434865176677709 -0.95747631788253773 15.250000000000002 0.54883790016174328 0.5772862732410432 80.250000000000014 39.856796264648445
decision_type=2 2 2 2 2 2 2 2 2 2 2 2 2 2 2 2 2 2 2 2 2 2 2 2 2 2 2 2 2 2
left_child=2 5 6 10 13 11 7 21 -6 27 -3 -2 -8 15 -7 18 24 -13 -4 26 -10 -1 25 29 -14 -23 -12 -5 -24 -16
right_child=1 3 4 9 8 14 12 -9 20 -11 19 17 16 -15 23 -17 -18 -19 -20 -21 -22 22 28 -25 -26 -27 -28 -29 -30 -31
leaf_value=-0.13621326655481672 0.018882897641992847 0.045141743175273905 -0.038990276104621566 0.14942941827171394 -0.014422475452524836 0.053005655771398652 -0.083918858401052815 -0.074485113333522354 0.011081503185727155 0.22732138572537011 0.086019699897876931 0.048082508194428442 -0.035002866629662434 0.0028182334871301781 0.097311959093906761 -0.02224382337893744 -0.0023416953126925173 0.12449546157328913 -0.058672724836922208 0.15644544173313962 0.074332029224248988 -0.12301693224866633 -0.095948870685662005 0.068230635121681843 -0.068333163472277178 -0.068169598175445559 0.13070485888496949 0.18664827941206186 -0.14306852384779115 0.22611976660730893
leaf_weight=17095 24278 2141 64674 6290 57236 13735 54783 12146 30690 9149 3984 26999 8036 7777 29758 20567 2561 1675 36528 12475 2330 3798 4833 11319 54429 7353 27726 23393 8168 391
leaf_count=17095 24278 2141 64674 6290 57236 13735 54783 12146 30690 9149 3984 26999 8036 7777 29758 20567 2561 1675 36528 12475 2330 3798 4833 11319 54429 7353 27726 23393 8168 391
internal_value=6.16706e-11 0.102686 -0.0505099 0.157365 -0.024625 0.0596339 -0.083359 -0.109266 -0.00345905 0.190202 0.129839 0.0371119 -0.0718136 -0.0393715 0.0812376 -0.0420661 -0.0616151 0.0525462 -0.0460945 0.133943 0.0155447 -0.119508 -0.107684 0.0905885 -0.0640453 -0.0868504 0.125091 0.178761 -0.125552 0.0989825
internal_weight=586317 193313 393004 85158 219802 108155 173202 53393 90256 38832 46326 52952 119809 129546 55203 121769 65026 28674 101202 44185 33020 41247 24152 41468 62465 11151 31710 29683 13001 30149
internal_count=586317 193313 393004 85158 219802 108155 173202 53393 90256 38832 46326 52952 119809 129546 55203 121769 65026 28674 101202 44185 33020 41247 24152 41468 62465 11151 31710 29683 13001 30149
is_linear=0
shrinkage=0.05


Tree=15
num_leaves=31
num_cat=0
split_feature=1 1 1 1 1 1 7 1 10 7 10 10 1 11 10 13 10 11 10 11 9 13 10 10 10 7 12 13 9 9
split_gain=1.09814e+06 174168 105977 40232.5 25717.2 18372.4 11412 11037.5 6772.69 6733.05 6351.59 6085.28 5620.88 5012.68 4625.96 4302.22 4157.2 4227.88 3798.46 3693.23 3051.65 2928.53 2714.81 2699.37 2523.16 2468.3 2424.91 2414.3 2412.59 2327
threshold=34.936000823974616 31.705049514770511 38.826128005981452 29.659092903137211 33.441390991210945 36.651681900024421 29.196641921997074 41.300508499145515 -1.0000000180025095e-35 32.630838394165046 0.28435654938220983 0.51973900198936474 26.860832214355472 0.78827583789825451 0.21772121638059619 77.750000000000014 0.44437406957149511 0.57727023959159862 0.26781183481216436 0.75546532869339 38.371608734130866 77.750000000000014 -0.71466678380966175 -0.22611359506845471 0.5772862732410432 36.719482421875007 13.750000000000002 80.750000000000014 40.596107482910163 37.072944641113288
decision_type=2 2 2 2 2 2 2 2 2 2 2 2 2 2 2 2 2 2 2 2 2 2 2 2 2 2 2 2 2 2
left_child=1 3 5 6 8 14 12 18 22 16 -6 -7 -1 15 -2 -8 17 21 -4 -10 -13 -5 -3 -15 -9 -11 -14 -28 -20 -12
right_child=2 4 7 9 10 11 13 24 19 25 29 20 26 23 -16 -17 -18 -19 28 -21 -22 -23 -24 -25 -26 -27 27 -29 -30 -31
leaf_value=-0.13593386276076289 0.033014298109801374 -0.018759272134273405 0.058959599053975666 -0.060939809009546445 0.0078049617945322464 0.068207172159454446 -0.082300279200399118 0.16298965224285208 0.010169513775209495 -0.023357545692147617 0.035997373898080859 0.10477463298296606 -0.11202189997164505 -0.11314305727655333 0.069699061662359063 -0.045212634876174967 -0.030047138475116211 -0.066777169517313856 0.14969735142137483 -0.023578171897559511 0.13613127755890106 -0.037859098528175435 -0.038930202323209297 -0.077054894879821839 0.21349333944695426 0.068174614586306914 -0.076422042799058565 -0.10605467415878476 0.17822061673043924 0.091234220443909372
leaf_weight=11963 10930 46395 1009 23584 32346 9443 13535 3052 26794 14481 27816 30583 17685 8918 40200 18517 16112 57134 28002 11624 10397 32937 26046 12368 13038 776 16930 11572 10083 2047
leaf_count=11963 10930 46395 1009 23584 32346 9443 13535 3052 26794 14481 27816 30583 17685 8918 40200 18517 16112 57134 28002 11624 10397 32937 26046 12368 13038 776 16930 11572 10083 2047
internal_value=1.05864e-10 -0.0413329 0.113284 -0.0674838 -0.00257347 0.0829765 -0.0900683 0.169058 -0.0170117 -0.0501219 0.0231561 0.104392 -0.105389 -0.0733654 0.061857 -0.0608741 -0.053816 -0.0571855 0.154712 -4.14055e-05 0.11273 -0.0474898 -0.0260117 -0.0921744 0.203914 -0.018702 -0.0974776 -0.0884531 0.157249 0.0397837
internal_weight=586317 429580 156737 256512 173068 101553 111488 55184 110859 145024 62209 50423 58150 53338 51130 32052 129767 113655 39094 38418 40980 56521 72441 21286 16090 15257 46187 28502 38085 29863
internal_count=586317 429580 156737 256512 173068 101553 111488 55184 110859 145024 62209 50423 58150 53338 51130 32052 129767 113655 39094 38418 40980 56521 72441 21286 16090 15257 46187 28502 38085 29863
is_linear=0
shrinkage=0.05


Tree=16
num_leaves=31
num_cat=0
split_feature=1 1 1 1 1 1 1 10 9 11 10 9 7 10 1 5 1 9 10 9 10 10 5 12 10 12 11 10 10 12
split_gain=991795 145309 112035 25870.8 22612.1 18818.7 15917.4 7725.4 5616.15 5503.06 5342.03 5180.4 5050.35 4779.31 4482.21 4443.93 3360.09 3255.39 3248.73 3137.98 3082.54 2893.31 2790.84 2541.98 2516.07 2456.76 2727.31 2293.39 2280.55 2244.05
threshold=34.042966842651374 37.633964538574226 30.458729743957523 32.184171676635749 40.138969421386726 35.528953552246101 28.093261718750004 0.7324872910976411 29.92817306518555 -0.96227341890335072 0.28435654938220983 28.855322837829593 33.40168762207032 0.42888796329498297 42.44023513793946 34.37634468078614 38.944627761840827 37.25233459472657 0.6186656951904298 30.882817268371586 -0.69016700983047474 -0.038721922785043709 38.256908416748054 15.750000000000002 0.96230018138885509 14.750000000000002 0.9549313783645631 0.13301347196102145 0.5772862732410432 13.750000000000002
decision_type=2 2 2 2 2 2 2 2 2 2 2 2 2 2 2 2 2 2 2 2 2 2 2 2 2 2 2 2 2 2
left_child=2 5 6 12 9 13 11 15 25 -3 23 -1 19 -2 28 -5 -11 -15 20 -4 -10 -22 24 -7 -12 -8 -27 -14 -6 -9
right_child=1 4 3 7 14 10 8 29 18 16 22 -13 27 17 -16 -17 -18 -19 -20 -21 21 -23 -24 -25 -26 26 -28 -29 -30 -31
leaf_value=-0.11888763931861257 0.018182401210231298 0.042672777124465593 -0.049815728452098758 -0.01428336201884439 0.13824162382591559 0.062015782491286288 -0.089824767534108035 0.00067367380304946987 -0.044196019408007374 0.11482721506966123 0.069426176120945426 -0.083394443371071575 -0.019522841441693806 0.044085182819933094 0.21343459723263805 0.024319135659635893 0.14190830787135122 0.11332452159818091 -0.0035323006259925637 -0.033402093393634688 -0.079133174972893169 -0.049974052952628439 0.12087351509980822 0.0066386972130619698 0.093896181976403995 -0.059246951870099512 -0.088039517918623522 0.033747840544158074 0.17529428594173635 0.037815187199771158
leaf_weight=23619 23740 2036 52565 77771 5244 5203 26396 6138 21176 26230 27243 18204 6270 27569 6760 8246 20333 1809 2730 65285 22690 13610 4340 3444 17098 22671 12907 2981 19957 12052
leaf_count=23619 23740 2036 52565 77771 5244 5203 26396 6138 21176 26230 27243 18204 6270 27569 6760 8246 20333 1809 2730 65285 22690 13610 4340 3444 17098 22671 12907 2981 19957 12052
internal_value=2.56089e-11 0.0935536 -0.0452031 -0.0227897 0.144617 0.0563078 -0.0768148 -0.00432228 -0.0677013 0.123135 0.0761746 -0.103439 -0.0379307 0.0348665 0.177282 -0.0105827 0.126653 0.0483487 -0.0568252 -0.0407231 -0.0593565 -0.0682005 0.0826073 0.0399597 0.0788619 -0.0782671 -0.0696923 -0.00235714 0.167584 0.0252822
internal_weight=586317 191006 395311 231308 80560 110446 164003 104207 122180 48599 57328 41823 127101 53118 31961 86017 46563 29378 60206 117850 57476 36300 48681 8647 44341 61974 35578 9251 25201 18190
internal_count=586317 191006 395311 231308 80560 110446 164003 104207 122180 48599 57328 41823 127101 53118 31961 86017 46563 29378 60206 117850 57476 36300 48681 8647 44341 61974 35578 9251 25201 18190
is_linear=0
shrinkage=0.05


Tree=17
num_leaves=31
num_cat=0
split_feature=1 1 1 1 1 7 7 1 10 11 11 10 9 10 10 1 13 11 9 7 9 10 5 10 10 10 11 10 13 11
split_gain=895292 134345 98945 21560.7 19124.7 17045.4 16818 9224.17 6228.59 5604.22 5298.74 5250.22 4808.4 4202.11 4124.22 4056.26 3844.75 3494.38 3480.58 3393.47 3186.4 2751.08 2558.49 2531.92 2495.51 2422.01 2382.12 2366.3 2350.51 2647.64
threshold=33.98988342285157 37.535396575927741 30.680515289306644 40.138969421386726 32.453718185424812 35.517942428588874 29.619219779968265 28.093261718750004 0.7324872910976411 0.78827583789825451 -0.96227341890335072 0.7324872910976411 35.290496826171882 -0.22611359506845471 0.42888796329498297 42.860454559326179 77.750000000000014 0.51972457766532909 31.036746978759769 38.95770454406739 33.263797760009773 -0.012910176534205673 38.256908416748054 0.5772862732410432 -0.15005400776863095 0.54883790016174328 0.41326330602169042 0.28435654938220983 76.750000000000014 0.89771011471748363
decision_type=2 2 2 2 2 2 2 2 2 2 2 2 2 2 2 2 2 2 2 2 2 2 2 2 2 2 2 2 2 2
left_child=2 5 6 10 12 8 7 28 -2 16 -3 20 18 -11 -7 23 -8 22 -4 25 -6 24 -16 -5 26 -12 -18 -9 -1 -30
right_child=1 3 4 15 11 14 9 27 -10 13 19 -13 -14 -15 17 -17 21 -19 -20 -21 -22 -23 -24 -25 -26 -27 -28 -29 29 -31
leaf_value=-0.12612141013767894 0.018361824688146285 0.039878703548021921 -0.043482202397469021 0.13117051757050716 -0.015356339124675922 0.045732520440817839 -0.06227257547479953 -0.078338777783086441 0.050522983945440983 -0.092470026762919613 0.070761560984985844 0.024455908410480631 0.030601247800860782 -0.057152199029243039 0.080376695413068341 0.2127183363979456 -0.028728290506540251 0.02450703730529058 -0.026690361366922061 0.13593835352998251 0.0076183852125004869 0.0029006877420471623 0.12372113196227069 0.16890284855434259 -0.10137578159470946 0.1142268588803431 -0.061356867359774664 -0.04873213608105359 -0.076086011206846313 -0.1134153881102688
leaf_weight=11478 30819 2187 53243 5576 44840 10553 21820 49794 29431 14036 3655 15721 2971 21057 33318 4448 21332 2569 73407 18995 22748 4115 3792 21937 1603 26033 7582 7807 8246 11204
leaf_count=11478 30819 2187 53243 5576 44840 10553 21820 49794 29431 14036 3655 15721 2971 21057 33318 4448 21332 2569 73407 18995 22748 4115 3792 21937 1603 26033 7582 7807 8246 11204
internal_value=-2.22766e-12 0.0880955 -0.0433329 0.136235 -0.0202614 0.0520044 -0.070614 -0.0861524 0.034072 -0.0555875 0.116015 -0.00157011 -0.0322746 -0.0712781 0.0735132 0.168418 -0.0458336 0.0809017 -0.0337496 0.119435 -0.00762377 -0.0354761 0.0848057 0.161256 -0.0406509 0.108876 -0.0372843 -0.074326 -0.108178 -0.0975893
internal_weight=586317 193313 393004 82831 212930 110482 180074 88529 60250 91545 50870 83309 129621 35093 50232 31961 56452 39679 126650 48683 67588 34632 37110 27513 30517 29688 28914 57601 30928 19450
internal_count=586317 193313 393004 82831 212930 110482 180074 88529 60250 91545 50870 83309 129621 35093 50232 31961 56452 39679 126650 48683 67588 34632 37110 27513 30517 29688 28914 57601 30928 19450
is_linear=0
shrinkage=0.05


Tree=18
num_leaves=31
num_cat=0
split_feature=1 1 1 1 1 1 1 12 11 7 10 10 13 13 10 9 10 11 10 10 10 1 10 12 7 13 10 10 7 10
split_gain=809800 131765 75642.1 32045.7 18196 11689.7 9169.26 8787 9124.48 5644.87 5171.07 4847.82 4811.78 4178.82 4116.74 3768.73 3605.71 3706.33 3454 3927.97 3415.07 3066.41 3044.83 2833.1 2635.11 2589.29 2294.04 2262.48 2166.77 2144.01
threshold=35.004354476928718 31.79950046539307 38.704837799072273 29.659092903137211 33.441390991210945 36.816589355468757 41.098293304443366 14.250000000000002 0.88999459147453319 32.741704940795906 -1.0000000180025095e-35 0.28435654938220983 80.250000000000014 77.250000000000014 0.23448921740055087 35.140014648437507 0.44437406957149511 0.57727023959159862 -0.73831951618194569 -0.012910176534205673 -0.15005400776863095 26.678178787231449 0.5772862732410432 16.750000000000004 36.805358886718757 77.750000000000014 0.5772862732410432 -0.71466678380966175 38.153114318847663 0.96683886647224437
decision_type=2 2 2 2 2 2 2 2 2 2 2 2 2 2 2 2 2 2 2 2 2 2 2 2 2 2 2 2 2 2
left_child=1 3 5 7 10 15 22 13 18 16 27 -6 -10 21 23 -2 17 25 -9 20 -20 -1 -4 -7 -12 -5 -8 -3 29 -16
right_child=2 4 6 9 11 14 26 8 12 -11 24 -13 -14 -15 28 -17 -18 -19 19 -21 -22 -23 -24 -25 -26 -27 -28 -29 -30 -31
leaf_value=-0.14600737417472784 0.039114084324892939 -0.014879822969585531 0.10330894134594071 -0.052278465842068911 0.0069600832942387078 0.067838481540820797 0.13683003218901926 -0.032148966229868535 -0.067691485827669373 -0.013099802109936505 -0.0010547387205604266 0.034394310430299939 -0.10703878056370848 -0.075879684499070676 0.075175606533261219 0.06632114713744984 -0.024163604385394912 -0.057468028580651413 -0.066101115413366704 -0.023152712611330371 -0.14114123162830522 -0.10083274108300862 0.13727705371934038 -0.041325870973154738 0.067716545435576883 -0.031274583662964851 0.18145803155394477 -0.033962380277329209 0.11089031218628026 0.1036220050220424
leaf_weight=4652 21044 43399 8401 24846 33164 1696 3574 14446 15261 14938 34795 31301 15829 14925 16832 32211 17349 59077 20083 5138 1640 19514 30726 915 1451 35837 14820 24191 13340 10922
leaf_count=4652 21044 43399 8401 24846 33164 1696 3574 14446 15261 14938 34795 31301 15829 14925 16832 32211 17349 59077 20083 5138 1640 19514 30726 915 1451 35837 14820 24191 13340 10922
internal_value=-6.77393e-12 -0.0351456 0.0982459 -0.0572172 -0.000584642 0.0712977 0.143671 -0.0775788 -0.0672641 -0.0422872 -0.0135386 0.0202808 -0.0877246 -0.0966816 0.0904618 0.0555701 -0.0454671 -0.0485532 -0.0518644 -0.0624675 -0.0717663 -0.109529 0.129984 0.0295829 0.00169831 -0.0398744 0.172787 -0.0217096 0.0943299 0.0863701
internal_weight=586317 431836 154481 263535 168301 96960 57521 111488 72397 152047 103836 64465 31090 39091 43705 53255 137109 119760 41307 26861 21723 24166 39127 2611 36246 60683 18394 67590 41094 27754
internal_count=586317 431836 154481 263535 168301 96960 57521 111488 72397 152047 103836 64465 31090 39091 43705 53255 137109 119760 41307 26861 21723 24166 39127 2611 36246 60683 18394 67590 41094 27754
is_linear=0
shrinkage=0.05


Tree=19
num_leaves=31
num_cat=0
split_feature=1 1 1 1 1 1 1 5 10 10 7 10 12 11 7 10 11 13 10 10 1 9 10 11 13 9 10 9 11 9
split_gain=730845 118993 68368.4 22837.6 22724.3 11409.1 7622.61 7401.61 5468.19 4946.04 4909.25 4719.81 3834.42 4930.28 3567.36 3319.32 3916.41 3865.46 3166.57 3119.23 3031.81 2959.85 2851.58 2830.69 2661.46 2419.41 2339.78 2318.21 2296.28 2292.34
threshold=35.004354476928718 31.396285057067875 38.826128005981452 29.247341156005863 33.17035102844239 36.564462661743171 41.300508499145515 29.911494255065922 0.7324872910976411 0.047320950776338584 33.497520446777351 0.51973900198936474 14.750000000000002 0.94968265295028698 34.202560424804695 0.44437406957149511 0.56312987208366405 77.750000000000014 0.95992380380630504 -0.22611359506845471 26.488616943359379 33.354404449462898 0.21772121638059619 -0.98798605799674977 80.250000000000014 38.587604522705085 -0.71466678380966175 40.274217605590827 0.79874977469444286 36.381807327270515
decision_type=2 2 2 2 2 2 2 2 2 2 2 2 2 2 2 2 2 2 2 2 2 2 2 2 2 2 2 2 2 2
left_child=1 3 5 7 9 18 22 12 14 26 15 -7 20 23 -6 16 17 -5 29 -15 -1 -11 -4 -14 -21 -13 -3 -24 -9 -2
right_child=2 4 6 10 8 11 -8 28 -10 21 -12 25 13 19 -16 -17 -18 -19 -20 24 -22 -23 27 -25 -26 -27 -28 -29 -30 -31
leaf_value=-0.13266324854737557 0.034840080777088986 -0.018858746053969963 -0.012877648517036495 -0.055233845394298299 -0.0017761319019165972 0.05346905821221315 0.16691909263037102 -0.040102172875833175 0.034971401332794687 -0.011709375306257243 0.00058587279924430375 0.085596213312075287 -0.1614328545521127 -0.15296079726348372 0.026436388150607271 -0.025093899572159802 -0.058462068339341693 -0.029618488719626426 0.072430785491544317 -0.058538532837231594 -0.091101067850995157 0.02061937502463039 0.11866988407120027 -0.054595344991825147 -0.10376711660224336 0.11490693472665801 -0.036239541667189137 0.144596204057405 -0.078768773385339691 0.063793923087128279
leaf_weight=5227 25006 50631 366 25969 36763 9959 16090 14323 25608 28401 5588 33868 640 2030 16117 15128 64391 34024 12168 5246 27329 9431 25771 19830 8560 8888 31354 12957 5246 9408
leaf_count=5227 25006 50631 366 25969 36763 9959 16090 14323 25608 28401 5588 33868 640 2030 16117 15128 64391 34024 12168 5246 27329 9431 25771 19830 8560 8888 31354 12957 5246 9408
internal_value=-4.76445e-13 -0.0333883 0.0933336 -0.0575744 -0.00490588 0.0685367 0.137953 -0.0776032 0.0160066 -0.0186049 -0.0453679 0.0844686 -0.0853145 -0.0741418 0.0068226 -0.0472085 -0.0498982 -0.0407065 0.0505071 -0.0950903 -0.097774 -0.00365026 0.126031 -0.0579356 -0.0865812 0.0916892 -0.0255058 0.127344 -0.0504678 0.0427554
internal_weight=586317 431836 154481 233531 198305 99297 55184 88431 78488 119817 145100 52715 68862 36306 52880 139512 124384 59993 46582 15836 32556 37832 39094 20470 13806 42756 81985 38728 19569 34414
internal_count=586317 431836 154481 233531 198305 99297 55184 88431 78488 119817 145100 52715 68862 36306 52880 139512 124384 59993 46582 15836 32556 37832 39094 20470 13806 42756 81985 38728 19569 34414
is_linear=0
shrinkage=0.05


Tree=20
num_leaves=31
num_cat=0
split_feature=1 1 1 1 1 9 9 10 10 1 1 9 10 10 10 10 7 12 5 7 9 10 10 10 9 9 9 11 1 10
split_gain=659695 101445 72498.7 18441.6 17290.2 12821.4 9588.25 5449.05 4693.85 4364.4 4303.12 4277.48 3957.36 5075.62 3832.07 3625.64 3798.28 3101.69 2924 2545.38 2262.58 2259.64 2130.35 2085.91 2071.88 1955.63 1889.4 1832.28 1764.35 1699.64
threshold=33.938793182373054 37.43890571594239 30.199495315551761 32.057044982910163 39.582099914550788 35.140014648437507 28.910720825195316 0.63209757208824169 0.72066047787666332 42.44023513793946 27.643974304199222 33.399255752563484 0.45972847938537603 -0.69016700983047474 0.51973900198936474 0.9259161949157716 39.325824737548835 14.750000000000002 33.638193130493171 36.385660171508796 30.663523674011234 0.51973900198936474 0.16705007851123813 0.5772862732410432 40.92570877075196 41.308223724365241 35.982450485229499 0.30080866813659674 28.015341758728031 -0.038721922785043709
decision_type=2 2 2 2 2 2 2 2 2 2 2 2 2 2 2 2 2 2 2 2 2 2 2 2 2 2 2 2 2 2
left_child=2 5 6 11 14 8 10 18 -2 23 -1 20 13 17 -3 16 -7 -8 -5 -9 -4 -18 -13 -6 27 -25 -14 -16 -15 -30
right_child=1 4 3 7 9 15 12 19 -10 -11 -12 22 26 28 24 -17 21 -19 -20 -21 -22 -23 -24 25 -26 -27 -28 -29 29 -31
leaf_value=-0.10194303770558158 0.011975663209677934 0.062024346994836749 -0.04349373382937647 -0.015852429963091979 0.10804194568969056 0.045797183232809041 -0.065637418193959671 0.013247120884970334 0.041422630916563216 0.17594877171268763 -0.072087293743308259 -0.016171083599570053 -0.021482211560858902 -0.084901743573073965 0.10060390889834701 0.075919913911028397 0.071950181496086257 -0.029638318271095351 0.0075239852420380463 0.11362123584782241 -0.029930499966914777 0.181218052723565 0.035005939879837744 0.13113258643008233 0.15242874614422386 0.16322430010717867 0.15585751231614647 0.043805924225919425 -0.069749685863738517 -0.049878592579843062
leaf_weight=18158 28400 7670 53263 69177 7185 32207 8693 22324 25851 6760 35990 7238 6077 10952 32889 22001 1128 19197 16584 650 72740 815 2828 21200 1853 6117 154 1484 29930 16802
leaf_count=18158 28400 7670 53263 69177 7185 32207 8693 22324 25851 6760 35990 7238 6077 10952 32889 22001 1128 19197 16584 650 72740 815 2828 21200 1853 6117 154 1484 29930 16802
internal_value=6.39454e-11 0.0749702 -0.0375199 -0.0208904 0.115974 0.0433423 -0.0654122 -0.00553882 0.0260074 0.139212 -0.0820991 -0.0331582 -0.0555701 -0.0583713 0.0941304 0.0600908 0.0498929 -0.0408588 -0.011332 0.016087 -0.0356638 0.117783 -0.00179312 0.132014 0.100928 0.138319 -0.0170992 0.0981517 -0.0668385 -0.0626052
internal_weight=586317 195560 390757 244804 85158 110402 145953 108735 54251 41262 54148 136069 91805 85574 43896 56151 34150 27890 85761 22974 126003 1943 10066 34502 36226 27317 6231 34373 57684 46732
internal_count=586317 195560 390757 244804 85158 110402 145953 108735 54251 41262 54148 136069 91805 85574 43896 56151 34150 27890 85761 22974 126003 1943 10066 34502 36226 27317 6231 34373 57684 46732
is_linear=0
shrinkage=0.05


Tree=21
num_leaves=31
num_cat=0
split_feature=1 1 1 1 9 1 12 11 1 13 10 5 10 11 13 11 12 11 10 10 7 11 1 10 10 11 1 13 1 9
split_gain=596715 99511.5 53870.1 24287.5 14808.4 9390.55 7088.39 7369.7 5764.41 5328.92 5226.79 4587.64 4368.37 3683.26 3606.09 3547.27 3336.85 3467.23 3213.66 3060.49 2977.47 2932.91 2383.43 2308.74 2060.59 1980.76 1955.57 1936.98 1908.35 1766.97
threshold=35.073339462280281 31.830096244812015 38.944627761840827 29.697037696838382 33.637870788574226 36.990877151489265 14.250000000000002 0.78827583789825451 41.300508499145515 80.250000000000014 0.7324872910976411 32.735582351684577 0.16705007851123813 -0.67758968472480763 77.250000000000014 -0.96227341890335072 16.750000000000004 -0.19244445115327832 0.56314551830291759 0.42888796329498297 37.828632354736335 0.57727023959159862 26.860832214355472 0.21772121638059619 -0.62540480494499195 0.28434865176677709 32.84704780578614 77.750000000000014 43.429134368896491 40.274217605590827
decision_type=2 2 2 2 2 2 2 2 2 2 2 2 2 2 2 2 2 2 2 2 2 2 2 2 2 2 2 2 2 2
left_child=1 3 5 6 10 18 14 13 23 -9 26 19 16 24 22 -7 -6 -18 -2 21 -14 27 -1 -4 -8 -20 -3 -5 -10 -25
right_child=2 4 8 11 12 15 7 9 28 -11 -12 -13 20 -15 -16 -17 17 -19 25 -21 -22 -23 -24 29 -26 -27 -28 -29 -30 -31
leaf_value=-0.12478335287188864 0.031495753264547011 -0.020742600517759481 -0.017454854532823371 -0.044606750368616638 0.022882355045269465 0.023015372102121078 -0.092005086692674001 -0.053414985514472081 0.14394330369131225 -0.090819240725550546 0.015513689240958618 -0.0065201014888371378 0.030442211870781291 -0.025759654948919145 -0.064392145112060525 0.084307585713173816 -0.036763805842969247 0.019680730746233652 0.065794932350227472 -0.019655398582420585 0.095122517151573757 -0.049420657230057646 -0.087069202090052839 0.10820546782207932 -0.049010346082240468 0.041941373427783597 -0.0063872188716745009 -0.026678998340581662 0.19358394152266797 0.13133518089743809
leaf_weight=5372 16720 54979 326 25088 13571 2504 3502 18586 13839 19526 17001 12262 27788 18830 15272 41223 6719 4572 25685 18813 1901 58191 19027 23895 13645 13163 41731 37718 2251 12617
leaf_count=5372 16720 54979 326 25088 13571 2504 3502 18586 13839 19526 17001 12262 27788 18830 15272 41223 6719 4572 25685 18813 1901 58191 19027 23895 13645 13163 41731 37718 2251 12617
internal_value=-1.03061e-11 -0.02987 0.0851802 -0.048916 0.000220208 0.0634641 -0.0663898 -0.0572569 0.125921 -0.0725784 -0.0100536 -0.0358444 0.0216358 -0.0410263 -0.0834463 0.0807977 0.00617411 -0.013908 0.0498241 -0.0384163 0.0345837 -0.0413333 -0.0953728 0.115015 -0.0577913 0.0577125 -0.0145482 -0.0338403 0.150888 0.116198
internal_weight=586317 434094 152223 265832 168262 99295 113760 74089 52928 38112 113711 152072 54551 35977 39671 43727 24862 11291 55568 139810 29689 120997 24399 36838 17147 38848 96710 62806 16090 36512
internal_count=586317 434094 152223 265832 168262 99295 113760 74089 52928 38112 113711 152072 54551 35977 39671 43727 24862 11291 55568 139810 29689 120997 24399 36838 17147 38848 96710 62806 16090 36512
is_linear=0
shrinkage=0.05


Tree=22
num_leaves=31
num_cat=0
split_feature=1 1 1 1 1 7 1 9 5 9 10 10 7 10 10 12 11 11 10 10 10 5 7 11 10 13 13 7 12 11
split_gain=538559 87885.2 50404.6 20313 14408.9 8225.56 6203.89 4864.79 4855.95 4180.73 4155.58 3733.3 3236.06 2743.13 2698.03 2602.59 4150.71 2983.39 2547.32 2374 2337.99 2313.8 2263.69 2226.86 2554.63 2203.81 2202.74 2155.04 2028.72 1923.62
threshold=35.004354476928718 31.115842819213871 38.704837799072273 32.965463638305671 28.750182151794437 36.719482421875007 40.922029495239265 33.589101791381843 29.911494255065922 35.212045669555671 0.64534214138984691 0.56314551830291759 30.564222335815433 0.047320950776338584 0.51973900198936474 14.750000000000002 0.88999459147453319 -0.98798605799674977 -0.71466678380966175 0.5772862732410432 0.7324872910976411 40.431882858276374 36.385660171508796 0.72064045071601879 -0.22611359506845471 80.750000000000014 76.750000000000014 38.261199951171882 18.750000000000004 0.25118076056241995
decision_type=2 2 2 2 2 2 2 2 2 2 2 2 2 2 2 2 2 2 2 2 2 2 2 2 2 2 2 2 2 2
left_child=1 4 5 9 8 11 19 20 15 13 12 -2 -6 18 -7 26 17 -17 -3 -4 -5 -16 -12 -14 -25 -18 -1 -9 -8 -13
right_child=2 3 6 7 10 14 28 27 -10 -11 22 29 23 -15 21 16 25 -19 -20 -21 -22 -23 -24 24 -26 -27 -28 -29 -30 -31
leaf_value=-0.10303154807246589 0.025034798173434986 -0.018792813346471416 0.080711257232069747 -0.0054939135555224826 -0.051040841572390472 0.049971909429940897 0.12317519637555514 0.021949537100231245 -0.042765183332223698 0.029635540214901973 -0.0072089466237756656 0.062508837626843339 -0.028465762143413433 -0.0093472193771896132 0.078998746402128173 -0.16371204076892706 -0.060970796227752116 -0.039520416494513093 -0.036196926551226125 0.11157071416644285 0.021066807921191658 0.16084587370290127 0.15640109923456544 -0.068601026797298015 -0.033733188310609979 -0.0996281952258114 -0.073728010325860502 0.087811405825050315 0.15455938717218942 0.039583631072231867
leaf_weight=13510 16021 53947 7940 35989 81991 8741 10097 41851 12236 4249 5418 23902 38078 36914 32583 505 6154 11399 34450 28976 10763 887 220 9158 12320 9196 12208 1280 10508 14826
leaf_count=13510 16021 53947 7940 35989 81991 8741 10097 41851 12236 4249 5418 23902 38078 36914 32583 505 6154 11399 34450 28976 10763 887 220 9158 12320 9196 12208 1280 10508 14826
internal_value=-1.04821e-11 -0.0286615 0.0801203 -0.00647043 -0.0515891 0.0581222 0.117201 0.0117934 -0.0711549 -0.0191411 -0.0429208 0.0453348 -0.0445976 -0.020795 0.0747078 -0.0777126 -0.0669466 -0.044789 -0.0255755 0.104933 0.000620756 0.0811678 -0.000824731 -0.0357271 -0.0486005 -0.08413 -0.0891215 0.0239041 0.13918 0.0537325
internal_weight=586317 431836 154481 219443 212393 96960 57521 89883 65208 129560 147185 54749 141547 125311 42211 52972 27254 11904 88397 36916 46752 33470 5638 59556 21478 15350 25718 43131 20605 38728
internal_count=586317 431836 154481 219443 212393 96960 57521 89883 65208 129560 147185 54749 141547 125311 42211 52972 27254 11904 88397 36916 46752 33470 5638 59556 21478 15350 25718 43131 20605 38728
is_linear=0
shrinkage=0.05


Tree=23
num_leaves=31
num_cat=0
split_feature=1 1 1 5 1 1 9 1 10 1 10 10 10 10 12 11 7 12 9 1 12 12 13 11 7 10 10 5 10 11
split_gain=486646 75008.1 53969.7 12382.5 11978.1 10163.1 8235.81 4589.34 4239.58 3949.75 3502 4187.04 3403.58 3154.1 3273.35 3086.95 2951.37 2389.23 2351.75 2339.36 2269.07 2153.74 2489.94 2109.75 2030.39 1992.68 1985.65 1984.45 1936.08 1932.29
threshold=33.938793182373054 37.832117080688484 30.393974304199222 32.628030776977546 35.760755538940437 40.435468673706062 29.202995300292972 32.024335861206062 0.13301347196102145 26.678178787231449 0.45972847938537603 -0.69016700983047474 0.95992380380630504 0.23448921740055087 16.750000000000004 -0.96227341890335072 36.055917739868171 15.750000000000002 34.147552490234382 43.429134368896491 14.750000000000002 14.750000000000002 80.750000000000014 0.76663044095039379 39.325824737548835 -0.038721922785043709 0.7324872910976411 40.00335884094239 0.5772862732410432 -0.83352491259574879
decision_type=2 2 2 2 2 2 2 2 2 2 2 2 2 2 2 2 2 2 2 2 2 2 2 2 2 2 2 2 2 2
left_child=2 4 6 7 12 15 9 -4 17 -1 11 20 18 14 -6 -3 -10 -5 -2 28 -8 -11 -23 -24 29 -13 -9 -15 -7 -17
right_child=1 5 3 8 13 19 10 26 16 21 -12 25 -14 27 -16 24 -18 -19 -20 -21 -22 22 23 -25 -26 -27 -28 -29 -30 -31
leaf_value=-0.097967283753348997 0.0090751765170034217 0.026164934895756484 -0.030506696633150317 0.0091341942111725898 0.045221157827721681 0.095251686722877885 -0.054616416493936906 -0.015844348776806082 0.010475366911639011 -0.073191876394460398 -0.010885396645691754 -0.062334622368267617 0.053259564524549302 0.059865075790279068 -0.035735056203470492 0.049987374215251908 0.061854680776636278 -0.016305009282289715 0.029784970172417349 0.17643053022943322 -0.023819574748470282 -0.039826798194756603 -0.02932920396543913 -0.078692833849700397 0.10559791555396454 -0.042531856043536681 0.016129371998094433 0.13757091919494943 0.13010762761201342 0.088846450439148239
leaf_weight=9490 25042 1850 105989 13170 4765 4964 8332 49832 22828 27338 6943 37941 9197 47776 1692 3653 3185 30850 30288 2251 21197 15382 2688 11114 17322 19098 5380 836 20178 25746
leaf_count=9490 25042 1850 105989 13170 4765 4964 8332 49832 22828 27338 6943 37941 9197 47776 1692 3653 3185 30850 30288 2251 21197 15382 2688 11114 17322 19098 5380 836 20178 25746
internal_value=2.78446e-11 0.0643908 -0.0322253 -0.0167913 0.0397116 0.103245 -0.0545973 -0.0244177 0.000762878 -0.068119 -0.045052 -0.0477922 0.0250936 0.0568403 0.0240073 0.0895105 0.0167662 -0.00869405 0.0204119 0.127598 -0.0325093 -0.0631075 -0.0536611 -0.0690791 0.0920188 -0.0557042 -0.0127287 0.0612014 0.123226 0.084018
internal_weight=586317 195560 390757 231234 119596 75964 159523 161201 70033 66012 93511 86568 64527 55069 6457 48571 26013 44020 55330 27393 29529 56522 29184 13802 46721 57039 55212 48612 25142 29399
internal_count=586317 195560 390757 231234 119596 75964 159523 161201 70033 66012 93511 86568 64527 55069 6457 48571 26013 44020 55330 27393 29529 56522 29184 13802 46721 57039 55212 48612 25142 29399
is_linear=0
shrinkage=0.05


Tree=24
num_leaves=31
num_cat=0
split_feature=1 1 1 1 9 9 12 11 10 13 1 13 9 9 12 11 10 11 10 11 7 11 1 10 10 10 7 10 10 12
split_gain=439310 71020.5 46877.7 12991.9 11707.4 8620.6 6583.34 6309.03 5138.83 5124.1 3801.91 3595.5 3415.53 3321.63 3262.38 3169.57 3018.31 3004.18 2911.4 2850.47 2698.74 2232.93 2139.33 2113.86 2960.1 2487.45 2009.56 2182.86 1803.16 1731.86
threshold=33.837114334106452 37.263736724853523 30.164243698120121 39.582099914550788 32.356893539428718 34.744302749633796 14.250000000000002 0.78827583789825451 0.16705007851123813 80.250000000000014 31.863302230834964 77.250000000000014 38.041267395019538 41.532588958740241 17.250000000000004 -0.19244445115327832 0.7324872910976411 -0.97106409072875965 0.95992380380630504 -0.67758968472480763 39.325824737548835 -0.62538740038871754 26.246039390563968 -0.012910176534205673 -0.15005400776863095 -0.62540480494499195 38.707733154296882 0.96230018138885509 0.23448921740055087 16.750000000000004
decision_type=2 2 2 2 2 2 2 2 2 2 2 2 2 2 2 2 2 2 2 2 2 2 2 2 2 2 2 2 2 2
left_child=2 5 6 17 10 16 11 19 14 28 -4 22 -10 -5 -6 -16 -2 29 20 23 -7 -21 -1 24 25 -8 27 -19 -9 -3
right_child=1 3 4 13 8 18 7 9 12 -11 -12 -13 -14 -15 15 -17 -18 26 -20 21 -22 -23 -24 -25 -26 -27 -28 -29 -30 -31
leaf_value=-0.1191879689379448 0.0066897314337458899 0.062852610687860355 -0.031481980799631368 0.1048537087394505 0.0012862523030401083 0.036255189184612326 -0.079298969478689529 -0.04946339823840596 0.011714261756953639 -0.076103085972266449 -0.015465876008508617 -0.052923411194271713 0.099071141690178485 0.13629276005896465 -0.038205726538500906 -0.0047441281811455944 0.031848660241082162 0.059376251649050651 0.062937558770040911 0.029445886220357011 0.096779101047834215 -0.026698007699110345 -0.075844939951531243 0.0014353251563514692 -0.10714772319004978 -0.034559563812640477 0.092106480377049049 0.086757358774011764 -0.013420597115532007 -0.038921887923580388
leaf_weight=3232 27644 802 101737 29518 27152 42624 4090 21417 25636 23136 58279 19650 1170 11744 15500 13023 20960 18169 17503 1906 1925 24997 23896 2019 2184 12924 16322 12144 4141 873
leaf_count=3232 27644 802 101737 29518 27152 42624 4090 21417 25636 23136 58279 19650 1170 11744 15500 13023 20960 18169 17503 1906 1925 24997 23896 2019 2184 12924 16322 12144 4141 873
internal_value=-8.47628e-12 0.0600994 -0.0311679 0.0931974 -0.0177612 0.0333079 -0.053809 -0.0463672 -0.00245908 -0.0590556 -0.0256488 -0.069211 0.0155271 0.113802 -0.0111189 -0.0229279 0.0175393 0.0755988 0.0456591 -0.0335274 0.0388705 -0.0227204 -0.0810088 -0.0472307 -0.0523487 -0.0453145 0.0779618 0.0703457 -0.0436236 0.00980835
internal_weight=586317 200228 386089 89572 242497 110656 143592 96814 82481 48694 160016 46778 26806 41262 55675 28523 48604 48310 62052 48120 44549 26903 27128 21217 19198 17014 46635 30313 25558 1675
internal_count=586317 200228 386089 89572 242497 110656 143592 96814 82481 48694 160016 46778 26806 41262 55675 28523 48604 48310 62052 48120 44549 26903 27128 21217 19198 17014 46635 30313 25558 1675
is_linear=0
shrinkage=0.05


Tree=25
num_leaves=31
num_cat=0
split_feature=1 1 1 1 7 7 5 7 10 7 1 10 10 10 11 7 12 11 10 10 11 13 12 7 13 10 11 12 10 10
split_gain=397470 68171.5 34737.5 16860.6 10495.7 6244.03 5226.93 4234.19 4060.27 3327.64 3318.41 3048.76 2825.64 2722.66 2509.47 2386.28 2320.39 2802.74 2271 2128.18 2588.34 2005.92 1883.94 1877.1 1857.89 2104.8 1811.86 1832.92 1783.77 1556.22
threshold=35.144378662109382 31.863302230834964 38.944627761840827 29.769675254821781 33.642652511596687 37.071052551269538 29.765364646911625 41.538871765136726 0.7324872910976411 33.497520446777351 27.298403739929203 0.56314551830291759 0.5772862732410432 0.16705007851123813 0.73246693611145031 37.625789642333991 16.750000000000004 -0.07309242337942122 0.51973900198936474 0.44437406957149511 0.57727023959159862 77.750000000000014 13.750000000000002 40.142036437988288 78.250000000000014 1.0000000180025095e-35 0.25118076056241995 14.750000000000002 0.28435654938220983 0.098819226026535048
decision_type=2 2 2 2 2 2 2 2 2 2 2 2 2 2 2 2 2 2 2 2 2 2 2 2 2 2 2 2 2 2
left_child=1 3 5 6 8 11 10 12 -3 19 -1 -2 -4 16 21 -15 -6 -18 -7 20 24 -8 -10 -20 -5 -26 27 -13 -12 -22
right_child=2 4 7 9 13 18 14 -9 22 -11 28 26 -14 15 -16 -17 17 -19 23 -21 29 -23 -24 -25 25 -27 -28 -29 -30 -31
leaf_value=-0.078651068647217381 0.023305026097593107 -0.012032852373714268 0.06794523180579802 -0.034550043599767606 0.020004424408548705 0.044388362430520571 -0.04667686664364315 0.1279852734379055 -0.0080866459043916466 0.0038377260443975126 -0.0582407939278273 0.040050323614697438 0.10140346186208093 0.024441270143959023 -0.055248366849290034 0.077796444906693463 -0.030695385777317938 0.019580431509715352 0.070732559177659013 -0.014602700909933364 -0.045593484711229641 -0.016313258327046189 0.027156800181543234 0.1176367186447993 -0.020122644705387549 0.048844720830232946 0.034775738718919036 0.066441434445710865 -0.031514331077572573 -0.027317463619798678
leaf_weight=19942 15701 95169 7838 32321 13897 8027 8877 12714 5852 7490 54783 10547 32376 28808 13495 2260 6851 4656 28292 18640 41505 14046 10771 2307 32713 1145 14568 17488 7046 16192
leaf_count=19942 15701 95169 7838 32321 13897 8027 8877 12714 5852 7490 54783 10547 32376 28808 13495 2260 6851 4656 28292 18640 41505 14046 10771 2307 32713 1145 14568 17488 7046 16192
internal_value=2.19965e-11 -0.0241226 0.0702566 -0.0397746 0.00082505 0.052468 -0.0538982 0.102834 -0.00805041 -0.0286466 -0.0609154 0.0421389 0.0948822 0.0183949 -0.0381422 0.0283225 0.00625389 -0.0103526 0.0680593 -0.0303539 -0.032724 -0.0280717 0.0147496 0.0742689 -0.0259756 -0.0177903 0.0490799 0.0565129 -0.0551951 -0.0404645
internal_weight=586317 436459 149858 268195 168264 96930 118189 52928 111792 150006 81771 58304 40214 56472 36418 31068 25404 11507 38626 142516 123876 22923 16623 30599 66179 33858 42603 28035 61829 57697
internal_count=586317 436459 149858 268195 168264 96930 118189 52928 111792 150006 81771 58304 40214 56472 36418 31068 25404 11507 38626 142516 123876 22923 16623 30599 66179 33858 42603 28035 61829 57697
is_linear=0
shrinkage=0.05


Tree=26
num_leaves=31
num_cat=0
split_feature=1 1 1 1 7 7 12 11 10 9 13 12 5 10 10 7 10 11 10 10 10 10 10 11 1 12 12 9 1 10
split_gain=358716 61584.1 31401.8 16327.5 8757.05 6014.52 5209.39 6333.25 3955.37 3567.24 3481.47 3422.14 3085.41 3001.53 2158.81 2145.01 2142.11 2327.36 2063.58 2882.48 2836.24 1985.86 1900.46 1878.44 1876.55 1825.47 1809.57 1704.01 1695.1 1679.15
threshold=35.144378662109382 31.991960525512699 39.068861007690437 29.882283210754398 33.988605499267585 37.246870040893562 14.750000000000002 0.88999459147453319 0.7324872910976411 41.532588958740241 77.250000000000014 17.750000000000004 33.441766738891609 0.56314551830291759 0.51973900198936474 38.37079048156739 0.42888796329498297 0.57727023959159862 -0.73831951618194569 -0.030120026320219036 -0.15005400776863095 0.5772862732410432 0.96460527181625377 0.25118076056241995 26.860832214355472 13.750000000000002 14.750000000000002 41.114059448242195 28.015341758728031 0.5772862732410432
decision_type=2 2 2 2 2 2 2 2 2 2 2 2 2 2 2 2 2 2 2 2 2 2 2 2 2 2 2 2 2 2
left_child=1 3 5 6 8 13 10 18 -3 21 24 -9 16 -2 -7 22 17 -5 -8 20 -20 -4 -6 26 -1 -10 -15 -16 -13 -11
right_child=2 4 9 12 15 14 7 11 25 29 -12 28 -14 23 27 -17 -18 -19 19 -21 -22 -23 -24 -25 -26 -27 -28 -29 -30 -31
leaf_value=-0.09976382313021008 0.022526456636496491 -0.0096189637921244107 0.067533984329198146 -0.024032649436605522 0.015159094282586239 0.042973167057485176 -0.015344154914739287 -0.033665627417329452 -0.006133247447109612 0.091646005450851137 -0.046969277038100728 -0.086834795020397121 0.0068323437089377274 0.038703066640664606 0.070168862410565511 0.076000560165988509 -0.012783336410865587 -0.037780074691515092 -0.041030714409443163 -0.006139490440940254 -0.10908541667561691 0.096731433247889229 0.051356294875567081 0.033035259822066558 -0.06797293175050427 0.026118935070759981 0.063860845685681275 0.1331921710661976 -0.058967828698002128 0.13334078649141953
leaf_weight=5804 16378 95211 7165 69201 38706 7804 15533 9482 6665 3296 19393 8657 6780 11332 28160 1689 20709 55460 21058 5675 1651 31109 4001 15110 23183 12838 19358 1115 14763 9031
leaf_count=5804 16378 95211 7165 69201 38706 7804 15533 9482 6665 3296 19393 8657 6780 11332 28160 1689 20709 55460 21058 5675 1651 31109 4001 15110 23183 12838 19358 1115 14763 9031
internal_value=3.93145e-12 -0.0229165 0.0667438 -0.037142 0.00188043 0.0504018 -0.0505157 -0.0424217 -0.0054169 0.0987997 -0.0633675 -0.0590082 -0.0261372 0.0408971 0.0663402 0.0207359 -0.0276749 -0.0301487 -0.0299954 -0.0380132 -0.0459785 0.0912656 0.0185502 0.0474665 -0.0743383 0.015097 0.0545716 0.0725692 -0.0692686 0.122192
internal_weight=586317 436459 149858 277349 159110 99257 125199 76819 114714 50601 48380 32902 152150 62178 37079 44396 145370 124661 43917 28384 22709 38274 42707 45800 28987 19503 30690 29275 23420 12327
internal_count=586317 436459 149858 277349 159110 99257 125199 76819 114714 50601 48380 32902 152150 62178 37079 44396 145370 124661 43917 28384 22709 38274 42707 45800 28987 19503 30690 29275 23420 12327
is_linear=0
shrinkage=0.05


Tree=27
num_leaves=31
num_cat=0
split_feature=1 7 1 1 9 1 12 11 13 10 10 1 10 10 12 11 13 9 11 11 12 11 10 1 13 12 13 10 11 10
split_gain=324685 54921.2 33119.9 12105.1 8264.25 6143.96 5243.96 4924.48 4481.26 3643.99 3504.28 3095.2 3088.36 3034.6 2864.67 2966.06 2822.87 2538.04 2301.23 2041.45 2003.51 1954.82 1883.17 1703.48 1651.77 1608.48 1572.34 1533.99 1517.04 1609.75
threshold=33.733671188354499 38.036563873291023 30.164243698120121 35.989843368530281 32.704748153686531 40.591190338134773 14.250000000000002 0.78827583789825451 80.250000000000014 0.16705007851123813 0.54883790016174328 31.991960525512699 0.21772121638059619 0.95992380380630504 17.250000000000004 -0.19244445115327832 77.250000000000014 38.041267395019538 -0.67758968472480763 -0.62538740038871754 18.750000000000004 0.25118076056241995 -0.62540480494499195 25.946461677551273 76.750000000000014 14.750000000000002 81.250000000000014 0.11593352630734445 0.28434865176677709 0.13301347196102145
decision_type=2 2 2 2 2 2 2 2 2 2 2 2 2 2 2 2 2 2 2 2 2 2 2 2 2 2 2 2 2 2
left_child=2 3 6 13 11 12 16 18 27 14 -5 -4 -3 -2 -6 -16 23 -11 22 -20 -7 25 -8 -1 -24 -12 -27 -9 -18 -30
right_child=1 5 4 10 9 20 7 8 -10 17 21 -13 -14 -15 15 -17 28 -19 19 -21 -22 -23 24 -25 -26 26 -28 -29 29 -31
leaf_value=-0.10996646867743215 0.015301086637314719 0.0019334282140239377 -0.026168187237531185 0.024693727698632015 0.0042588210890111963 0.092818894620403894 -0.071041307062030754 -0.043801390859176961 -0.066742326804179533 0.012724109921596588 0.04508724444313035 -0.012187339079871113 0.078104325212047174 0.043114161659119965 -0.038126814583869045 0.00052834303005200333 -0.019445076611103604 0.090585210713288206 0.031343457005673224 -0.022339294052797446 0.12142256750599781 0.035239055756532377 -0.059994028604637852 -0.066460811215311597 -0.024254158289495478 0.077098978030130869 0.050823412100175373 -0.016181263459887817 -0.061692002928137771 -0.022907889253773149
leaf_weight=2476 66860 1372 115341 11184 20860 12473 4090 18680 23136 19818 10874 60276 44241 11493 11954 8485 4338 1105 1906 24997 12023 9101 4325 24652 12802 16599 8666 6878 11857 3455
leaf_count=2476 66860 1372 115341 11184 20860 12473 4090 18680 23136 19818 10874 60276 44241 11493 11954 8485 4338 1105 1906 24997 12023 9101 4325 24652 12802 16599 8666 6878 11857 3455
internal_value=3.9608e-11 0.0507676 -0.0272699 0.0320968 -0.0158218 0.0866602 -0.0462318 -0.03959 -0.0508 -0.000163654 0.0497548 -0.0213696 0.0758132 0.0193808 -0.00877614 -0.0220796 -0.059978 0.0168362 -0.0282463 -0.018536 0.106858 0.0559503 -0.0405587 -0.0704316 -0.0332794 0.0611661 0.0680863 -0.0363684 -0.0455461 -0.0529408
internal_weight=586317 204886 381431 134777 237839 70109 143592 96814 48694 62222 56424 175617 45613 78353 41299 20439 46778 20923 48120 26903 24496 45240 21217 27128 17127 36139 25265 25558 19650 15312
internal_count=586317 204886 381431 134777 237839 70109 143592 96814 48694 62222 56424 175617 45613 78353 41299 20439 46778 20923 48120 26903 24496 45240 21217 27128 17127 36139 25265 25558 19650 15312
is_linear=0
shrinkage=0.05


Tree=28
num_leaves=31
num_cat=0
split_feature=7 1 7 1 10 1 5 9 10 12 10 10 12 10 11 10 10 13 11 13 11 11 11 13 12 9 10 1 10 11
split_gain=293284 42533.6 37144.4 10778.5 8409.96 7833.14 5037.45 4087.76 3782.7 3105.34 3166.79 2968.96 2783.4 2582.97 2252.52 2079.33 2644.59 2055.75 3734.01 1980.35 1978.79 1919.83 1900.4 2024.49 1839.12 1785.61 1778.66 1710.58 1699.42 1650.68
threshold=34.43523025512696 31.084787368774418 38.261199951171882 33.305685043334968 0.56314551830291759 28.093261718750004 40.587638854980476 36.714214324951179 0.5772862732410432 14.750000000000002 -0.95747631788253773 0.7324872910976411 15.750000000000002 0.13301347196102145 0.79874977469444286 0.047320950776338584 -0.71466678380966175 76.750000000000014 0.78827583789825451 78.750000000000014 -0.98518359661102284 -0.98518359661102284 0.65837720036506664 80.250000000000014 15.250000000000002 31.621855735778812 0.28435654938220983 43.429134368896491 0.96683886647224437 -0.97870382666587818
decision_type=2 2 2 2 2 2 2 2 2 2 2 2 2 2 2 2 2 2 2 2 2 2 2 2 2 2 2 2 2 2
left_child=1 5 4 15 12 17 8 28 29 26 -11 -5 19 14 -12 16 25 24 20 -2 -19 -14 -15 -24 -1 -3 -7 -8 -6 -4
right_child=2 3 6 11 7 9 27 -9 -10 10 13 -13 21 22 -16 -17 -18 18 -20 -21 -22 -23 23 -25 -26 -27 -28 -29 -30 -31
leaf_value=-0.08392579187932428 0.0044195056096500039 -0.021483365245992384 -0.0083918928501464513 0.0028049969300526899 0.029395883184423655 -0.049193179418245157 0.097212867777944259 0.060968044907594825 0.081973578952202114 -0.0058563167828300294 -0.029374897904842774 0.026011800670660369 -0.025441502731983104 0.034393647787440994 -0.046217267301629172 -0.0051928930011156211 -0.028705276682845476 -0.096084891599046721 -0.066654062736309347 0.042235315171062895 -0.023939423708071207 0.011851821363488923 -0.0067868506030991762 -0.037993340115295787 -0.037990220062622468 -0.0042670918436144923 -0.025458123660148144 0.14332281287538856 0.04935739910911352 0.054466248629266648
leaf_weight=10642 4962 27162 1168 41227 29470 40228 22906 27500 30491 12495 45798 20703 4615 1635 35041 42550 38278 1038 16014 11453 11266 13682 10959 9885 2740 33805 9820 2205 16707 9872
leaf_count=10642 4962 27162 1168 41227 29470 40228 22906 27500 30491 12495 45798 20703 4615 1635 35041 42550 38278 1038 16014 11453 11266 13682 10959 9885 2740 33805 9820 2205 16707 9872
internal_value=9.26881e-12 -0.0230692 0.0542079 -0.00683939 0.0361469 -0.0389991 0.0835829 0.0457067 0.0728936 -0.0341288 -0.0296313 0.010563 0.015856 -0.0325066 -0.0366755 -0.01444 -0.0184046 -0.0583709 -0.0507393 0.0308042 -0.0300258 0.00244543 -0.0175145 -0.0215861 -0.0745204 -0.0119373 -0.0445361 0.101262 0.036618 0.047816
internal_weight=586317 411286 175031 203725 108389 207561 66642 73677 41531 165861 115813 61930 34712 103318 80839 141795 99245 41700 28318 16415 12304 18297 22479 20844 13382 60967 50048 25111 46177 11040
internal_count=586317 411286 175031 203725 108389 207561 66642 73677 41531 165861 115813 61930 34712 103318 80839 141795 99245 41700 28318 16415 12304 18297 22479 20844 13382 60967 50048 25111 46177 11040
is_linear=0
shrinkage=0.05


Tree=29
num_leaves=31
num_cat=0
split_feature=9 1 7 1 10 1 1 9 10 10 12 12 11 11 10 10 10 13 13 10 10 13 12 12 11 13 11 3 12 11
split_gain=265232 39382.6 32660.8 10254.7 8411.77 7094.3 4644.42 3323.06 3038.65 2995.13 2618.19 2610.82 4817.91 2166.87 1967.29 1938.08 2711.15 1846.85 1796.93 1789.99 2111.36 1788.58 1741.59 1668.78 1635.02 1797.68 1578.08 1502.82 1487.43 2573.74
threshold=34.49261665344239 31.084787368774418 38.261199951171882 33.129404067993171 0.54883790016174328 28.750182151794437 40.591190338134773 36.63084793090821 0.7324872910976411 0.20088869333267215 15.750000000000002 14.750000000000002 0.88999459147453319 -0.98518359661102284 -0.030120026320219036 -0.95747631788253773 0.13301347196102145 76.750000000000014 78.250000000000014 0.047320950776338584 -0.71466678380966175 78.750000000000014 18.750000000000004 17.250000000000004 0.56312987208366405 77.250000000000014 -0.95744973421096791 33.215925216674812 14.250000000000002 -0.51235243678092945
decision_type=2 2 2 2 2 2 2 2 2 2 2 2 2 2 2 2 2 2 2 2 2 2 2 2 2 2 2 2 2 2
left_child=1 5 4 19 10 11 9 -6 -5 -4 21 17 13 14 -13 18 24 -1 -7 20 -3 -2 -8 -14 25 -17 -12 -9 -10 -30
right_child=2 3 6 8 7 15 22 27 28 -11 26 12 23 -15 -16 16 -18 -19 -20 -21 -22 -23 -24 -25 -26 -27 -28 -29 29 -31
leaf_value=-0.075232645988544053 0.0037943492875513797 -0.012367575175468709 -0.007315261715842564 0.0014815870212458724 0.03554108659347658 -0.029282186798379978 0.083713027441621304 0.14281925266882842 0.0036115450426283248 0.071775512653685647 -0.014772880834495253 -0.11176767768777701 -0.016321339592683639 -0.020686252349508244 0.03753688321315677 -0.044934678210851009 -0.020539812338348937 -0.049598978012469798 0.0041919308355891326 -0.0055863290415480334 -0.02776476509984669 0.040141079289312015 0.11048728798334882 -0.067128203742521084 -0.043257090695123269 -0.022758660321944877 0.014732688483854631 0.055905561416976259 0.10772716883398062 0.02604076317859548
leaf_weight=13959 4839 57537 1233 49002 42161 9191 12331 506 7047 41031 8172 1187 1810 18350 271 13528 32403 14149 7111 39044 36319 11262 11969 15094 51781 28166 10173 29132 1024 16535
leaf_count=13959 4839 57537 1233 49002 42161 9191 12331 506 7047 41031 8172 1187 1810 18350 271 13528 32403 14149 7111 39044 36319 11262 11969 15094 51781 28166 10173 29132 1024 16535
internal_value=-3.21168e-12 -0.0217399 0.0520206 -0.00629102 0.0348152 -0.0371521 0.0794827 0.0445599 0.00868041 0.0694681 0.0145033 -0.050861 -0.0420806 -0.0253478 -0.0840163 -0.0309021 -0.0330029 -0.0623292 -0.0146806 -0.0145831 -0.0183258 0.0292174 0.0969007 -0.061688 -0.0373233 -0.0299539 0.00158908 0.0573894 0.0230166 0.0308045
internal_weight=586317 413508 172809 206508 106245 207000 66564 71799 73608 42264 34446 64820 36712 19808 1458 142180 125878 28108 16302 132900 93856 16101 24300 16904 93475 41694 18345 29638 24606 17559
internal_count=586317 413508 172809 206508 106245 207000 66564 71799 73608 42264 34446 64820 36712 19808 1458 142180 125878 28108 16302 132900 93856 16101 24300 16904 93475 41694 18345 29638 24606 17559
is_linear=0
shrinkage=0.05


Tree=30
num_leaves=31
num_cat=0
split_feature=1 1 1 1 9 1 10 5 10 12 11 12 10 10 10 11 7 10 1 12 0 9 5 13 13 11 10 11 10 12
split_gain=240098 41066.9 21469.3 8922.02 8182.65 4336.96 3005.26 2825.56 2575.12 2724.77 3551.07 2566.05 2321.07 2202.33 2145.76 2066.58 2055.84 2022.3 1978.41 1954.94 1902.22 1845.85 1827.58 1770.97 1532.71 1505.7 1424.8 1537.5 1332.3 1293.3
threshold=35.144378662109382 31.549039840698246 39.191526412963874 28.911581993103031 33.354404449462898 36.990877151489265 0.64534214138984691 31.022009849548343 0.16705007851123813 16.750000000000004 -0.15855351090431211 18.250000000000004 0.7324872910976411 -0.95747631788253773 0.26781183481216436 -0.97106409072875965 36.385660171508796 0.44437406957149511 25.946461677551273 16.250000000000004 6.07928490638733 38.816078186035163 32.735582351684577 80.250000000000014 78.750000000000014 -0.98798605799674977 0.13301347196102145 0.70860043168067943 -0.16705007851123807 13.750000000000002
decision_type=2 2 2 2 2 2 2 2 2 2 2 2 2 2 2 2 2 2 2 2 2 2 2 2 2 2 2 2 2 2
left_child=1 3 5 7 12 -2 13 17 9 -6 -11 -4 -3 24 -13 19 -8 18 28 -7 -20 -10 26 -16 -5 -22 27 -15 -1 -14
right_child=2 4 11 6 8 15 16 -9 21 10 -12 14 29 22 23 -17 -18 -19 20 -21 25 -23 -24 -25 -26 -27 -28 -29 -30 -31
leaf_value=-0.064531443777238698 0.031699408202795272 -0.011681950342777147 0.07059172914345567 -0.023490861803711516 0.016055774771709577 0.055013496962733215 -0.00095135113800132772 -0.015295396626894296 0.019518465150327374 -0.033084392032131968 0.015645678562871978 -0.012493244607332593 -0.010231466156893691 -0.028437891369569854 0.10374766013661181 0.054521817877494376 0.13915874970481024 -0.0092013765950380005 -0.053715061959131144 -0.044770849151259756 -0.099325258724105664 0.078562122143737576 -0.0066078903074295609 0.072242295160034706 0.0042949764448963531 -0.026367574997533966 -0.021913385270413539 -0.040639285248927792 -0.1157804197833938 0.019864376431280445
leaf_weight=4773 53203 107878 24322 12345 17149 928 7723 6378 34200 9032 6379 467 5581 56811 17554 46362 271 2883 44721 1042 756 1377 8034 5980 8300 10954 31954 47328 1727 9905
leaf_count=4773 53203 107878 24322 12345 17149 928 7723 6378 34200 9032 6379 467 5581 56811 17554 46362 271 2883 44721 1042 756 1377 8034 5980 8300 10954 31954 47328 1727 9905
internal_value=-3.76764e-12 -0.0187485 0.0546046 -0.0323092 -0.00140225 0.0415487 -0.0261409 -0.0470711 0.0125048 0.00234417 -0.0129138 0.0820374 -0.00908345 -0.0275934 0.0936361 0.0523906 0.00379844 -0.0501504 -0.0520264 0.00223416 -0.0490176 0.0218037 -0.0297812 0.0957421 -0.01232 -0.0310777 -0.0311492 -0.0339831 -0.0781479 0.00901813
internal_weight=586317 436459 149858 244958 191501 101535 172766 72192 68137 32560 15411 48323 123364 164772 24001 48332 7994 65814 62931 1970 56431 35577 144127 23534 20645 11710 136093 104139 6500 15486
internal_count=586317 436459 149858 244958 191501 101535 172766 72192 68137 32560 15411 48323 123364 164772 24001 48332 7994 65814 62931 1970 56431 35577 144127 23534 20645 11710 136093 104139 6500 15486
is_linear=0
shrinkage=0.05


Tree=31
num_leaves=31
num_cat=0
split_feature=5 1 7 1 1 10 7 10 12 1 11 12 10 10 10 12 10 11 7 10 10 9 10 12 13 1 1 10 11 0
split_gain=217117 30621.2 27806.8 8271.4 5752.17 5193.47 4551.34 2990.19 2656.76 2656.62 2562.67 2710.01 2557.82 2525.42 1814.18 1757.43 1740.81 1683.6 1672.37 1646.99 1930.35 1645 1454.41 1426.96 1863.68 1335.13 1312.14 1321.39 1285.62 1465.84
threshold=34.43383979797364 30.993125915527347 38.036563873291023 32.965463638305671 28.015341758728031 0.96230018138885509 40.59742736816407 0.54883790016174328 14.750000000000002 36.398109436035163 0.77756834030151378 17.250000000000004 -1.0000000180025095e-35 0.7324872910976411 -0.95747631788253773 14.250000000000002 0.99628895521163952 -0.51235243678092945 30.973363876342777 0.030120026320219043 -0.71466678380966175 32.891977310180671 0.28435654938220983 15.250000000000002 81.250000000000014 43.429134368896491 35.448331832885749 -0.98521098494529713 -0.98518359661102284 9.4529266357421893
decision_type=2 2 2 2 2 2 2 2 2 2 2 2 2 2 2 2 2 2 2 2 2 2 2 2 2 2 2 2 2 2
left_child=1 4 5 19 18 9 7 -4 21 -2 12 -12 14 26 -10 -15 -7 -17 28 20 -3 22 -6 -9 -25 -8 27 -5 -1 -30
right_child=2 3 6 13 8 16 25 23 10 -11 11 -13 -14 15 -16 17 -18 -19 -20 -21 -22 -23 -24 24 -26 -27 -28 -29 29 -31
leaf_value=-0.093426605148527311 0.016287957431347481 -0.011846714718664282 0.037578355506302424 0.020420772082643205 -0.044945704356220188 0.056749080039730865 0.084315045640930619 0.047655682815611035 -0.0042588542606272397 0.035767947669886634 -0.016377798743430386 -0.04079993830048631 0.013837687208633426 0.00027655187476088573 -0.026447661114591799 0.09589347758371955 0.029819818804399979 0.026499027030205013 -0.020394076580797605 -0.0054947828159824796 -0.02658804034347096 0.014370994581913274 -0.022789526021178147 0.078620953816922412 0.04408548104321508 0.12548590394640285 0.03216258960422471 -0.0040007626441546538 -0.057263879926531217 -0.031089780497570649
leaf_weight=1987 48373 56921 10255 6321 39210 19527 22948 6833 11819 27425 16403 36940 5643 6873 41763 933 8664 13830 4039 40220 36415 1392 9132 24265 4656 2154 3172 44766 26752 6686
leaf_count=1987 48373 56921 10255 6321 39210 19527 22948 6833 11819 27425 16403 36940 5643 6873 41763 933 8664 13830 4039 40220 36415 1392 9132 24265 4656 2154 3172 44766 26752 6686
internal_value=7.62509e-12 -0.0198544 0.0466276 -0.00646298 -0.033756 0.0301506 0.0707226 0.0613792 -0.029593 0.0233361 -0.0253409 -0.0332901 -0.0181812 0.00671786 -0.0215533 0.0211615 0.0484729 0.0308847 -0.0508767 -0.0139532 -0.017598 -0.0392172 -0.0407603 0.0682058 0.0730611 0.0878479 0.00095839 -0.000979084 -0.0543522 -0.0520303
internal_weight=586317 411217 175100 209451 201766 103989 71111 46009 162302 75798 112568 53343 59225 75895 53582 21636 28191 14763 39464 133556 93336 49734 48342 35754 28921 25102 54259 51087 35425 33438
internal_count=586317 411217 175100 209451 201766 103989 71111 46009 162302 75798 112568 53343 59225 75895 53582 21636 28191 14763 39464 133556 93336 49734 48342 35754 28921 25102 54259 51087 35425 33438
is_linear=0
shrinkage=0.05


Tree=32
num_leaves=31
num_cat=0
split_feature=9 1 5 1 10 10 7 12 10 11 10 1 12 12 11 12 11 11 13 13 1 10 9 11 3 12 13 10 10 13
split_gain=196873 30422.7 22850.4 8699.38 5732.98 4755.94 4299.02 3337.52 3037.72 2567.25 2295.33 2290.02 2089.77 2073.36 2441.41 2061.88 1698.19 1694.76 1662.96 1646.13 1599.85 1550.57 1548.07 1500.73 1465.34 1344.46 1791.87 1228.69 1211.77 1180.2
threshold=34.616676330566413 32.024335861206062 38.041057586669929 29.953510284423832 0.56314551830291759 0.7324872910976411 40.59742736816407 13.750000000000002 -0.73831951618194569 -0.72658059000968922 0.5772862732410432 36.816589355468757 18.250000000000004 14.250000000000002 -0.51235243678092945 15.750000000000002 -0.62538740038871754 0.88999459147453319 78.250000000000014 77.250000000000014 33.636152267456062 0.098819226026535048 30.663523674011234 -0.95744973421096791 33.491941452026374 15.250000000000002 81.250000000000014 0.9259161949157716 -0.98211652040481556 79.750000000000014
decision_type=2 2 2 2 2 2 2 2 2 2 2 2 2 2 2 2 2 2 2 2 2 2 2 2 2 2 2 2 2 2
left_child=1 3 4 7 15 20 10 19 16 24 -4 27 21 -7 -15 18 -9 -14 -2 -1 -3 -10 -5 -17 -6 -12 -27 -11 -22 -16
right_child=2 5 6 22 9 13 -8 8 12 11 25 -13 17 14 29 23 -18 -19 -20 -21 28 -23 -24 -25 -26 26 -28 -29 -30 -31
leaf_value=-0.059153338014263347 -0.010494386566688513 -0.0087359370028257284 0.037809475402437093 -0.025729275821582711 0.1753721953960162 -0.00083329761280682567 0.084042086278648231 0.030211006378169321 -0.034098172867869973 0.018368472097612488 0.04410150811626401 0.048195672752509973 -0.033761972026584181 0.095952038637600365 0.034300485972275661 -0.015247396651532933 -0.020001775840798666 -0.055329615622878227 0.033799206285447213 -0.037229427597211179 0.030205153330196022 -0.0085335863960280811 -0.015318409069793518 0.014209916373968548 0.067916360031876274 0.074331930327234189 0.040083790508447271 0.036677723600155192 0.00086556226384368318 0.010720219490902837
leaf_weight=21820 2546 76794 10601 62400 347 11271 24788 1856 28345 17024 6686 23501 16450 1164 9846 7743 18151 20409 12636 14091 4004 7501 83473 9791 3702 24427 4527 19844 29070 11509
leaf_count=21820 2546 76794 10601 62400 347 11271 24788 1856 28345 17024 6686 23501 16450 1164 9846 7743 18151 20409 12636 14091 4004 7501 83473 9791 3702 24427 4527 19844 29070 11509
internal_value=2.3715e-11 -0.0183736 0.0456877 -0.0281302 0.0299267 0.000268927 0.0672413 -0.0376094 -0.0325968 0.0385834 0.058235 0.0359983 -0.0373445 0.0166735 0.0254358 0.0128817 -0.0153437 -0.0457041 0.0263712 -0.0505507 -0.00477632 -0.0287486 -0.0197719 0.00120159 0.0771253 0.0643106 0.0689772 0.0282233 0.00441747 0.0215922
internal_weight=586317 418154 168163 274496 97134 143658 71029 128623 92712 64418 46241 60369 72705 33790 22519 32716 20007 36859 15182 35911 109868 35846 145873 17534 4049 35640 28954 36868 33074 21355
internal_count=586317 418154 168163 274496 97134 143658 71029 128623 92712 64418 46241 60369 72705 33790 22519 32716 20007 36859 15182 35911 109868 35846 145873 17534 4049 35640 28954 36868 33074 21355
is_linear=0
shrinkage=0.05


Tree=33
num_leaves=31
num_cat=0
split_feature=9 1 7 1 10 10 12 10 10 9 9 12 13 12 12 11 10 11 10 12 13 11 11 10 10 10 11 3 11 10
split_gain=177687 28153.4 20249.2 8254.78 6093.41 4123.74 3089.55 3491.12 2853.05 2780.81 2668.82 2595.06 2151.25 1862.6 1828.21 2194.69 1725.78 1622.95 2260.35 1517.02 2152.08 2129.54 1881.11 3505.82 1993.58 1508.79 2103.34 1454.97 1448.85 1444.19
threshold=34.680843353271491 32.120763778686531 38.596643447875984 29.953510284423832 0.54883790016174328 0.7324872910976411 14.750000000000002 -0.73831951618194569 0.23448921740055087 36.714214324951179 40.92570877075196 17.750000000000004 77.250000000000014 15.750000000000002 14.250000000000002 -0.51235243678092945 0.5772862732410432 0.94968265295028698 -0.22611359506845471 17.250000000000004 78.250000000000014 0.39752808213233953 -0.14153505116701123 0.20088869333267215 -0.97505551576614369 0.047320950776338584 0.77756834030151378 34.20863342285157 -0.62538740038871754 -0.012910176534205673
decision_type=2 2 2 2 2 2 2 2 2 2 2 2 2 2 2 2 2 2 2 2 2 2 2 2 2 2 2 2 2 2
left_child=1 3 4 6 13 19 12 28 -4 -6 -10 -9 -1 -2 -7 -16 -12 -13 -19 20 -3 29 23 24 -21 26 -5 -11 -8 -22
right_child=2 5 8 25 9 14 7 11 10 27 16 17 -14 -15 15 -17 -18 18 -20 22 21 -23 -24 -25 -26 -27 -28 -29 -30 -31
leaf_value=-0.054092098155967987 0.025649738826216309 -0.010530869305635272 0.0016106686018661498 -0.017851816348947822 0.029892391705754293 -0.00033541917214289287 0.035130756520811268 -0.019741659026094996 0.06119588293223524 0.11156380115428688 0.059658017212377214 -0.033877785243782717 -0.032855664728358588 0.0016751092052088635 0.090154247134156928 0.020596544398156252 0.092722669800590518 -0.09992292790032703 -0.046553033570489233 -0.098111357194726634 0.012899507559136009 -0.011820450873646408 5.4121922641411696e-05 0.038681506223880328 -0.021998776305882223 -0.010557559136128781 -0.034313261177188185 0.04766052562804355 -0.013993712582542339 0.049737520977231692
leaf_weight=29509 15043 20762 1616 84655 40391 11313 1673 19438 38051 916 5413 26198 20013 17556 1196 21884 14565 2287 14970 893 21414 8311 24456 2389 23509 42791 25176 32295 14596 3038
leaf_count=29509 15043 20762 1616 84655 40391 11313 1673 19438 38051 916 5413 26198 20013 17556 1196 21884 14565 2287 14970 893 21414 8311 24456 2389 23509 42791 25176 32295 14596 3038
internal_value=2.54302e-12 -0.0172869 0.0438276 -0.0263869 0.0307345 0.0011078 -0.0357147 -0.029587 0.0671406 0.0387051 0.0689655 -0.0349274 -0.04551 0.0127383 0.0161302 0.024201 0.0837639 -0.0417202 -0.0536259 -0.00382352 0.00206354 0.0100447 -0.00997227 -0.0191248 -0.0247841 -0.0185221 -0.0216252 0.0494231 -0.00894207 0.0174764
internal_weight=586317 420471 165846 281306 106201 139165 128684 79162 59645 73602 58029 62893 49522 32599 34393 23080 19978 43455 17257 104772 53525 32763 51247 26791 24402 152622 109831 33211 16269 24452
internal_count=586317 420471 165846 281306 106201 139165 128684 79162 59645 73602 58029 62893 49522 32599 34393 23080 19978 43455 17257 104772 53525 32763 51247 26791 24402 152622 109831 33211 16269 24452
is_linear=0
shrinkage=0.05


Tree=34
num_leaves=31
num_cat=0
split_feature=1 1 1 9 9 10 11 10 12 10 1 9 9 13 10 12 12 12 11 11 10 5 11 10 13 10 10 10 13 10
split_gain=160434 28689.7 13787.7 7807.16 4517.66 2977.22 2866.51 2826.15 3193.89 2594.8 2548.5 2372.68 2270.87 2126.22 2715.09 2101.66 1985.72 1725.38 2047.68 1595.48 1568.98 1558.65 1692.4 1524.19 1410.15 1392.89 1360.44 1354.14 1284.78 1229.51
threshold=35.297071456909187 31.991960525512699 39.321441650390632 29.549729347229007 33.685607910156257 0.45972847938537603 0.77756834030151378 0.23448921740055087 16.750000000000004 -0.22611359506845471 27.532365798950199 37.630399703979499 36.138706207275398 77.750000000000014 -0.012910176534205673 15.250000000000002 18.250000000000004 17.250000000000004 0.16704543679952624 -0.96227341890335072 -0.3334656953811645 36.390266418457038 -0.19244445115327832 0.96683886647224437 78.750000000000014 0.7324872910976411 0.28435654938220983 0.99628895521163952 80.250000000000014 0.47494667768478399
decision_type=2 2 2 2 2 2 2 2 2 2 2 2 2 2 2 2 2 2 2 2 2 2 2 2 2 2 2 2 2 2
left_child=1 3 7 10 25 6 13 8 -2 -8 -1 23 -7 15 17 -5 -4 18 24 -18 -19 22 -6 -9 -15 -3 -12 -25 -21 -23
right_child=2 4 16 5 21 12 9 11 -10 -11 26 -13 -14 14 -16 -17 19 20 -20 28 -22 29 -24 27 -26 -27 -28 -29 -30 -31
leaf_value=-0.052303262895107984 0.028561427268908198 -0.0070524919459815554 0.057773390190630158 -0.041080713091842719 0.0008856082338470979 -0.0034814339383243092 -0.042872421035566009 0.025601656862908176 -0.0310088926258144 -0.020672280215611277 -0.0347350784276678 0.048988368783774466 0.11091638918906666 -0.0046828943975891543 0.028826837230873703 -0.016681476122905065 -0.017075518701143683 -0.01569415244421089 -0.021195031515615418 0.08714892333625035 -0.045065484540999387 0.018585036551012308 0.018907837105935021 0.051434734080097022 0.028213722657462054 0.0083727700813391003 -0.015205217319520323 0.024407294631917778 0.059516696827265729 0.06776890065162687
leaf_weight=19655 7631 88873 22797 13992 24996 20903 23484 35506 3191 29947 67256 31823 443 7091 4045 23903 428 36741 8394 17139 5189 3080 27203 14152 6026 17520 10280 6891 5575 2163
leaf_count=19655 7631 88873 22797 13992 24996 20903 23484 35506 3191 29947 67256 31823 443 7091 4045 23903 428 36741 8394 17139 5189 3080 27203 14152 6026 17520 10280 6891 5575 2163
internal_value=1.56806e-11 -0.0150012 0.0456014 -0.0248009 0.00158835 -0.0186393 -0.0209958 0.0351137 0.0109964 -0.0304297 -0.0362222 0.0380671 -0.0011073 -0.0162126 -0.0108906 -0.0256904 0.0682471 -0.0134229 -0.00191073 0.0785646 -0.019329 0.012888 0.0102777 0.0319211 0.0104299 -0.00451238 -0.0321457 0.042584 0.0803668 0.0388758
internal_weight=586317 441184 145133 277349 163835 180158 158812 99194 10822 53431 97191 88372 21346 105381 67486 37895 45939 63441 21511 23142 41930 57442 52199 56549 13117 106393 77536 21043 22714 5243
internal_count=586317 441184 145133 277349 163835 180158 158812 99194 10822 53431 97191 88372 21346 105381 67486 37895 45939 63441 21511 23142 41930 57442 52199 56549 13117 106393 77536 21043 22714 5243
is_linear=0
shrinkage=0.05


Tree=35
num_leaves=31
num_cat=0
split_feature=1 1 1 9 9 7 12 11 10 10 12 7 13 10 5 11 11 13 11 10 5 10 10 11 12 11 11 12 13 10
split_gain=145200 25266.8 15221.8 4797.43 4135.94 3081.62 2971.1 2432.81 2242.35 2405.29 2046.52 2022.42 1723.65 1716.5 1705.49 1587.69 1536.8 1516.22 1428.32 1411.48 1409.77 1311.75 1644.7 2371.54 1455.15 1241.45 1236 1356.19 1353.24 1224.17
threshold=33.733671188354499 38.043006896972663 30.164243698120121 35.515878677368171 32.226829528808601 41.314598083496101 13.750000000000002 -0.81401595473289479 -0.73831951618194569 0.44437406957149511 18.750000000000004 36.636590957641609 80.250000000000014 0.95992380380630504 40.431882858276374 -0.62538740038871754 -0.19244445115327832 76.750000000000014 -0.78295108675956715 0.47494667768478399 33.215232849121101 0.5772862732410432 -0.71466678380966175 -0.86092913150787342 16.750000000000004 -0.42108526825904841 0.25118076056241995 15.250000000000002 80.750000000000014 0.99762105941772472
decision_type=2 2 2 2 2 2 2 2 2 2 2 2 2 2 2 2 2 2 2 2 2 2 2 2 2 2 2 2 2 2
left_child=2 3 6 16 20 7 17 -3 15 10 -10 21 -11 14 -5 -8 -2 25 -12 -13 -4 22 -6 -24 -25 -1 27 -9 29 -29
right_child=1 5 4 13 11 -7 8 26 9 12 18 19 -14 -15 -16 -17 -18 -19 -20 -21 -22 -23 23 24 -26 -27 -28 28 -30 -31
leaf_value=-0.072442669805626234 0.0040008173357163673 0.031535147117869256 -0.016328970581105526 0.02435361007624583 0.0012704149725350654 0.077880402043329244 0.029674436767211404 0.039496715020986513 -0.026648399913745065 0.029942698888321996 -0.022599261406986919 0.018824577310802906 -0.023317083829608974 0.043875125331840216 0.095862501498955255 -0.017066908225215834 0.018721364604893907 -0.034740273088875048 -0.04949062845551002 0.098099307263557187 0.010176566531149444 0.0089782146421872166 -0.0030437385518679405 -0.01196242402259484 -0.045536876121601656 -0.043637988413406222 0.0026486056076150469 0.071814208504631633 0.043083595845343076 0.04298976801356278
leaf_weight=6160 31014 11046 146941 41288 33642 15298 1985 7425 46707 2634 6326 2234 3589 19076 851 21439 41394 22725 22503 750 5194 17563 18397 5731 7387 9524 996 25237 6948 4313
leaf_count=6160 31014 11046 146941 41288 33642 15298 1985 7425 46707 2634 6326 2234 3589 19076 851 21439 41394 22725 22503 750 5194 17563 18397 5731 7387 9524 996 25237 6948 4313
internal_value=3.37832e-12 0.03395 -0.0182363 0.0211272 -0.0104752 0.0579935 -0.0310912 0.0525574 -0.0267451 -0.0306527 -0.0331142 -0.00169048 -0.000773894 0.0314311 0.0257977 -0.0131059 0.0124162 -0.0429933 -0.0435898 0.0387495 -0.0154241 -0.00314929 -0.00641825 -0.0146258 -0.0308688 -0.0549512 0.0577269 0.0589759 0.0629387 0.0676071
internal_weight=586317 204886 381431 133623 237839 71263 143592 55965 105183 81759 75536 85704 6223 61215 42139 23424 72408 38409 28829 2984 152135 82720 65157 31515 13118 15684 44919 43923 36498 29550
internal_count=586317 204886 381431 133623 237839 71263 143592 55965 105183 81759 75536 85704 6223 61215 42139 23424 72408 38409 28829 2984 152135 82720 65157 31515 13118 15684 44919 43923 36498 29550
is_linear=0
shrinkage=0.05


Tree=36
num_leaves=31
num_cat=0
split_feature=9 1 7 1 10 1 11 11 10 9 12 10 10 10 10 10 12 13 13 13 11 11 1 3 12 11 11 12 13 11
split_gain=131326 20416.5 15605.6 5811.19 4772.57 3925.37 2362.39 2324.18 2445.14 2126.01 1926.78 1825.74 1724.74 1645.14 1595.95 1568.81 1546.74 1648.98 1439.51 1319.53 2328.71 1503.23 1248.46 1232.53 1223.22 1216.75 1145.95 1134.88 1125.65 1954.52
threshold=34.616676330566413 30.993125915527347 38.596643447875984 32.92625808715821 0.5772862732410432 28.015341758728031 -0.97870382666587818 -0.72658059000968922 0.96230018138885509 41.532588958740241 14.750000000000002 -0.95747631788253773 0.7324872910976411 0.99628895521163952 0.56314551830291759 0.13301347196102145 15.750000000000002 78.250000000000014 79.750000000000014 76.750000000000014 0.78827583789825451 -0.98518359661102284 38.476392745971687 32.882995605468757 14.750000000000002 0.6712351143360139 -0.95744973421096791 18.750000000000004 77.750000000000014 0.28434865176677709
decision_type=2 2 2 2 2 2 2 2 2 2 2 2 2 2 2 2 2 2 2 2 2 2 2 2 2 2 2 2 2 2
left_child=1 5 4 -3 16 19 -4 23 22 -8 28 -12 -5 24 -11 -13 17 -2 -17 -1 21 -21 -9 -6 -10 -20 -18 -22 -7 -30
right_child=2 3 6 12 7 10 9 8 13 14 11 15 -14 -15 -16 18 26 -19 25 20 27 -23 -24 -25 -26 -27 -28 -29 29 -31
leaf_value=-0.053845935572780196 -0.012834771630948864 -0.011107882322672478 -0.020232198869903326 0.00072612611157563838 0.17533017163047118 -0.037370416768184901 0.053921583863673121 0.019098360865635197 0.030454018421475423 0.047646727976645847 -0.00080409357653836065 -0.024883008928182085 0.015744136334626267 0.024285255924029435 0.086744363814810668 0.0051246241580727506 -0.013159737319320278 0.029546359699545128 0.030217252347274161 -0.077353369108962761 -0.034697219317875415 -0.011902671441979772 0.045534770590422671 0.061717788984457261 0.057058402878596808 -0.025913251057644211 0.011752205246798493 -0.062276696036024509 0.0099880276476223481 -0.029728878993823094
leaf_weight=12812 2776 129848 953 59450 253 29895 45178 33493 6079 3534 11790 78478 28180 9495 9984 9340 8078 13250 1058 957 8194 10531 5153 4229 14936 11041 10772 6847 3848 15885
leaf_count=12812 2776 129848 953 59450 253 29895 45178 33493 6079 3534 11790 78478 28180 9495 9984 9340 8078 13250 1058 957 8194 10531 5153 4229 14936 11041 10772 6847 3848 15885
internal_value=6.28485e-12 -0.0150064 0.0373149 -0.00439354 0.0260221 -0.0265078 0.0578589 0.0332384 0.030977 0.0591268 -0.0230546 -0.0194126 0.00555561 0.0415583 0.0765231 -0.0216084 0.0107854 0.0222052 -0.00962145 -0.0406692 -0.0343055 -0.017355 0.0226234 0.068131 0.0493626 -0.0210049 0.00107641 -0.047252 -0.0312525 -0.021984
internal_weight=586317 418154 168163 217478 108514 200676 59649 73638 69156 58696 161335 111707 87630 30510 13518 99917 34876 16026 21439 39341 26529 11488 38646 4482 21015 12099 18850 15041 49628 19733
internal_count=586317 418154 168163 217478 108514 200676 59649 73638 69156 58696 161335 111707 87630 30510 13518 99917 34876 16026 21439 39341 26529 11488 38646 4482 21015 12099 18850 15041 49628 19733
is_linear=0
shrinkage=0.05


Tree=37
num_leaves=31
num_cat=0
split_feature=1 5 1 1 7 10 12 10 10 12 12 10 12 9 1 11 13 11 10 9 11 10 11 10 10 10 9 10 10 1
split_gain=118988 21205.3 10254.8 7662.31 2951.48 2463.84 2380.83 2735.18 2165.06 2791.33 2058.4 1899.47 1749.32 1746.05 1636.95 1458.09 1389.61 1497.79 1298.12 1282.39 1242.45 2012.93 1189.13 1174.1 1636.19 1152.72 1459.66 1110.39 1135.45 1072.13
threshold=35.297071456909187 32.314928054809577 39.321441650390632 30.096134185791019 35.90312576293946 0.64534214138984691 14.750000000000002 -0.73831951618194569 0.23448921740055087 16.750000000000004 17.750000000000004 0.28435654938220983 18.750000000000004 37.630399703979499 33.636152267456062 -0.19244445115327832 76.750000000000014 -0.70250144600868214 0.26781183481216436 30.692554473876957 0.94968265295028698 -0.22611359506845471 -0.49749487638473505 -0.71466678380966175 -0.04732095077633857 0.44437406957149511 38.587604522705085 0.96683886647224437 0.99628895521163952 28.635541915893558
decision_type=2 2 2 2 2 2 2 2 2 2 2 2 2 2 2 2 2 2 2 2 2 2 2 2 2 2 2 2 2 2
left_child=1 3 8 6 14 19 11 22 9 -2 -9 16 -4 27 -3 -16 17 -1 -14 -5 -12 29 -8 -21 -25 -6 -27 -10 -29 -22
right_child=2 4 12 5 25 -7 7 10 13 -11 20 -13 18 -15 15 -17 -18 -19 -20 23 21 -23 -24 24 -26 26 -28 28 -30 -31
leaf_value=-0.072918508913218244 0.025539047394558281 -0.0037047148594408484 0.050675655854063077 -0.02043145837923906 0.012216557093191393 0.0066852101369545558 0.019914220825857795 -0.015552781144976794 0.022146001866617904 -0.030150739416665837 -0.027866033359921463 -0.011129846776310126 -0.020958597266703453 0.042180903729608532 -0.0024208348806790195 0.01471041198914743 -0.034039035921284218 -0.042248177131337529 0.072402373697901104 -0.0047962014704111015 -0.11893809709136537 -0.038309464998320525 -0.01287493399002409 -0.025202405337674413 -0.0065069280587386549 0.032710284025363516 0.104164290302991 0.044745534933940678 0.019996558293171814 -0.051782384008187778
leaf_weight=5780 7631 78559 27124 65531 6215 14111 3518 20485 35506 3191 26775 5908 380 31823 20893 30630 27098 12787 18435 39444 1274 15570 12920 25123 21909 4697 843 14152 6891 1114
leaf_count=5780 7631 78559 27124 65531 6215 14111 3518 20485 35506 3191 26775 5908 380 31823 20893 30630 27098 12787 18435 39444 1274 15570 12920 25123 21909 4697 843 14152 6891 1114
internal_value=-1.04881e-12 -0.012919 0.0392719 -0.0204645 0.00300584 -0.0133005 -0.029397 -0.024085 0.0302271 0.00911823 -0.0286792 -0.0378074 0.0588019 0.0328121 0.000837646 0.00776355 -0.0412589 -0.051796 0.0705168 -0.0151559 -0.0346904 -0.0448653 -0.00585752 -0.011158 -0.0164935 0.0269993 0.0435832 0.0275399 0.0366409 -0.08761
internal_weight=586317 441184 145133 299347 141837 166118 133229 81656 99194 10822 65218 51573 45939 88372 130082 51523 45665 18567 18815 152007 44733 17958 16438 86476 47032 11755 5540 56549 21043 2388
internal_count=586317 441184 145133 299347 141837 166118 133229 81656 99194 10822 65218 51573 45939 88372 130082 51523 45665 18567 18815 152007 44733 17958 16438 86476 47032 11755 5540 56549 21043 2388
is_linear=0
shrinkage=0.05


Tree=38
num_leaves=31
num_cat=0
split_feature=7 5 1 1 1 10 7 12 9 12 13 1 10 10 12 11 10 3 11 1 11 11 3 10 10 10 10 11 11 12
split_gain=107411 15347.4 14730.1 4082.28 3151.76 3061.39 2917.43 1829.33 1819.45 1665.49 1642.56 1625.29 1615.77 1443.45 1430.34 1385.43 1993.43 1380.87 1295.74 1254.28 1204.78 1177.1 1450.64 1124.32 1123.8 1120.53 1198.42 1345.64 1109.16 1097.07
threshold=34.259464263916023 37.727956771850593 30.901343345642093 32.84704780578614 27.844524383544925 0.56314551830291759 40.001266479492195 16.250000000000004 37.630399703979499 14.750000000000002 78.250000000000014 35.760755538940437 -0.95747631788253773 0.54883790016174328 17.250000000000004 0.77756834030151378 -0.012910176534205673 35.088953018188484 -0.09024826809763907 43.429134368896491 -0.62538740038871754 -0.98798605799674977 33.637145996093757 0.45972847938537603 0.13301347196102145 0.96683886647224437 0.78829774260520946 0.56312987208366405 -0.9946339726448058 15.750000000000002
decision_type=2 2 2 2 2 2 2 2 2 2 2 2 2 2 2 2 2 2 2 2 2 2 2 2 2 2 2 2 2 2
left_child=2 5 4 -4 23 7 13 10 25 -6 -2 18 -11 -3 24 16 -16 -10 -5 -8 -12 22 28 -1 -14 26 29 -28 -9 -7
right_child=1 6 3 11 9 8 19 21 17 12 20 -13 14 -15 15 -17 -18 -19 -20 -21 -22 -23 -24 -25 -26 -27 27 -29 -30 -31
leaf_value=-0.039757487495830982 -0.011858350278114292 0.022501665820729266 -0.010599688142942251 -0.0051223316379611777 -0.028866640259332471 0.013654874731259512 0.057175713837174125 0.036000016684809559 0.11588569781830303 0.0001824307872470511 0.034433809205028351 0.031470418563011908 -0.014938774999305874 0.044797843073452095 -0.020900104521795158 -0.03037358933617533 0.016479237594904182 0.041812363634244849 0.0081291775426432702 0.096193293483058218 0.0045507677646824283 0.0035094704238500642 -0.054337297770547834 0.0071386175547068428 0.011569191807836715 0.031903655011138086 0.015871793990484755 -0.023444650109174556 -0.036836590567672599 0.049583061453732612
leaf_weight=33354 3668 9131 131436 34697 50156 3774 31470 1165 690 11144 10997 4966 23197 35409 28748 37007 4072 7137 39388 2204 4865 13163 2255 1329 4831 21129 26756 2369 948 4862
leaf_count=33354 3668 9131 131436 34697 50156 3774 31470 1165 690 11144 10997 4966 23197 35409 28748 37007 4072 7137 39388 2204 4865 13163 2255 1329 4831 21129 26756 2369 948 4862
internal_value=3.31922e-12 0.0318983 -0.0143578 -0.00519954 -0.0243028 0.0192931 0.0486235 0.00777084 0.0256936 -0.0213265 0.0182955 0.00377914 -0.0178569 0.040227 -0.0199112 -0.0237411 -0.0162624 0.0483424 0.00192296 0.0597295 0.0252684 -0.00395394 -0.026445 -0.0379605 -0.0103698 0.0226834 0.0175242 0.0126738 0.00332178 0.0338822
internal_weight=586317 181992 404325 210487 193838 103778 78214 37061 66717 159155 19530 79051 108999 44540 97855 69827 32820 7827 74085 33674 15862 17531 4368 34683 28028 58890 37761 29125 2113 8636
internal_count=586317 181992 404325 210487 193838 103778 78214 37061 66717 159155 19530 79051 108999 44540 97855 69827 32820 7827 74085 33674 15862 17531 4368 34683 28028 58890 37761 29125 2113 8636
is_linear=0
shrinkage=0.05


Tree=39
num_leaves=31
num_cat=0
split_feature=9 1 7 9 1 10 10 9 10 10 11 5 11 10 12 13 10 10 11 10 11 10 3 12 13 1 3 11 11 11
split_gain=97151.4 14309.9 12666.7 3512.95 3165.95 2781.85 2716.74 2963.7 1899.46 2159.13 1922.59 1695.96 1584.65 1495.9 1374.96 1478.62 1350.92 1331.81 1320.77 2819.66 1133.92 1129.15 1123.29 1096.12 1368.9 1064.87 1030.3 1008.77 949.241 947.811
threshold=34.434160232543952 31.396285057067875 37.72160720825196 28.570462226867679 33.636152267456062 0.5772862732410432 0.54883790016174328 40.92570877075196 -0.95747631788253773 0.064507851377129569 0.79874977469444286 28.025094032287601 -0.72658059000968922 0.15005400776863101 15.750000000000002 78.250000000000014 0.96683886647224437 0.9946616291999818 -0.98798605799674977 -0.08167563751339911 -0.99626126885414112 -0.22611359506845471 39.589756011962898 15.250000000000002 80.750000000000014 37.174047470092781 32.481035232543952 0.047319635748863227 -0.09024826809763907 0.83824864029884349
decision_type=2 2 2 2 2 2 2 2 2 2 2 2 2 2 2 2 2 2 2 2 2 2 2 2 2 2 2 2 2 2
left_child=1 3 5 11 29 14 22 23 -5 10 18 13 26 -1 15 -2 -14 -18 19 -10 -11 -12 -4 -8 -25 28 -7 -19 -6 -3
right_child=2 4 6 8 25 12 7 -9 9 20 21 -13 16 -15 -16 -17 17 27 -20 -21 -22 -23 -24 24 -26 -27 -28 -29 -30 -31
leaf_value=-0.047597260090730099 -0.014582270967010747 -0.0053857120884988384 0.018001351414837323 -0.0039581095651139587 -0.00099827488429438029 0.1628927574539113 0.028755554820701648 0.069941482229315108 -0.084801440818583762 0.068837817234846999 -0.038652701047601018 -0.024321130200155354 0.017311820265942465 -0.0138433312302206 -0.0020355055065126911 0.025112686238757342 0.042273828067334651 0.0074141673009191751 -0.016715575794633449 -0.012959224901815843 -0.011559001464871984 -0.02172516957304749 0.043621202818836011 0.053472174289809105 0.029698391189939999 0.046541644728292954 0.051413797812852213 0.043493935732297623 0.01302207723192016 -0.018970442873055653
leaf_weight=21163 2848 116974 10144 20626 22547 222 8740 15589 2285 443 26099 27144 35796 3885 17781 13309 14342 6596 64814 3395 43903 15825 7399 28785 7668 1720 3122 2743 25987 14423
leaf_count=21163 2848 116974 10144 20626 22547 222 8740 15589 2285 443 26099 27144 35796 3885 17781 13309 14342 6596 64814 3395 43903 15825 7399 28785 7668 1720 3122 2743 25987 14423
internal_value=8.44225e-12 -0.0132803 0.0311924 -0.0215768 -0.00279465 0.0190925 0.0461401 0.0511429 -0.0182219 -0.0200987 -0.0237842 -0.0329793 0.0253238 -0.042362 0.00755793 0.0181156 0.0234409 0.0327055 -0.0187416 -0.0418605 -0.0107559 -0.0322631 0.0288069 0.0446584 0.0484713 0.00787894 0.0588146 0.0180113 0.00650877 -0.00687686
internal_weight=586317 411233 175084 229582 181651 96759 78325 60782 177390 156764 112418 52192 62821 25048 33938 16157 59477 23681 70494 5680 44346 41924 17543 45193 36453 50254 3344 9339 48534 131397
internal_count=586317 411233 175084 229582 181651 96759 78325 60782 177390 156764 112418 52192 62821 25048 33938 16157 59477 23681 70494 5680 44346 41924 17543 45193 36453 50254 3344 9339 48534 131397
is_linear=0
shrinkage=0.05


Tree=40
num_leaves=31
num_cat=0
split_feature=9 1 1 9 10 11 10 10 11 10 13 10 12 12 11 12 10 1 5 12 11 12 13 10 10 12 13 11 11 10
split_gain=87902 16702.7 8157.93 4605.24 2724.31 2496.07 2481.33 1835.47 2197.64 2247.98 1882.28 2854.14 1975.3 1734.2 1982.72 1732.45 1844.26 1662.56 1658.05 1543.84 2032.38 1533.77 1395.47 1360.64 1307.89 1259.49 2281.81 1887.97 1697.82 3453.39
threshold=35.140014648437507 32.184171676635749 39.321441650390632 29.157420158386234 0.51973900198936474 0.53435277938842785 0.7324872910976411 0.45972847938537603 0.78827583789825451 -0.22611359506845471 77.750000000000014 -0.012910176534205673 15.250000000000002 17.250000000000004 0.16704543679952624 14.750000000000002 0.68391311168670665 35.528953552246101 28.025094032287601 14.250000000000002 -0.51235243678092945 17.750000000000004 78.750000000000014 0.25118774175643926 -0.3334656953811645 16.250000000000004 78.250000000000014 -0.29258950054645533 -0.14153505116701123 1.0000000180025095e-35
decision_type=2 2 2 2 2 2 2 2 2 2 2 2 2 2 2 2 2 2 2 2 2 2 2 2 2 2 2 2 2 2
left_child=1 3 4 18 -2 15 25 8 10 -10 12 13 -5 14 22 -6 17 -17 23 -8 -21 -4 -12 -1 -15 26 -3 -28 29 -27
right_child=2 6 21 7 5 -7 19 -9 9 -11 11 -13 -14 24 -16 16 -18 -19 -20 20 -22 -23 -24 -25 -26 28 27 -29 -30 -31
leaf_value=-0.041549945095740032 0.012538743992701985 -0.010283678626125668 0.039645765307203373 -0.033482530572932781 0.019526462168194189 -0.013901338156935573 -0.0015199761223941308 -0.0015313634405786784 -0.034907216529022234 -0.015779715787772777 -0.00062351860996892703 0.037690488962079736 -0.01194124291041183 -0.012037857616941837 -0.015841546566104342 0.14255359054247549 0.03385523802545079 0.054831122030656446 -0.023090810978619338 0.076903740136584464 0.016042401058647123 0.058305506457122014 0.030644101297045191 -0.005016299603460464 -0.037668573691699056 -0.022966303345405521 0.027199406629942465 0.00011270123804155412 0.0024331792553847092 0.012590358834846353
leaf_weight=26657 29808 15170 18635 17507 19351 3047 13267 24142 26330 36872 8115 3347 27140 42584 9976 609 46857 4776 49727 1445 27044 26923 6369 2818 5636 25884 13362 12406 31237 9276
leaf_count=26657 29808 15170 18635 17507 19351 3047 13267 24142 26330 36872 8115 3347 27140 42584 9976 609 46857 4776 49727 1445 27044 26923 6369 2818 5636 25884 13362 12406 31237 9276
internal_value=1.09113e-11 -0.0113517 0.0330177 -0.0183999 0.0253169 0.0304199 0.00222668 -0.0144933 -0.0161951 -0.0237482 -0.0122392 -0.00745384 -0.020388 -0.00953279 0.00131141 0.0323062 0.03704 0.0647518 -0.0286605 0.0125685 0.0191294 0.0506729 0.0131257 -0.0380571 -0.0150336 -0.00179655 0.00510121 0.0141585 -0.00604947 -0.0135857
internal_weight=586317 436311 150006 287220 104448 74640 149091 208018 183876 63202 120674 76027 44647 72680 24460 71593 52242 5385 79202 41756 28489 45558 14484 29475 48220 107335 40938 25768 66397 35160
internal_count=586317 436311 150006 287220 104448 74640 149091 208018 183876 63202 120674 76027 44647 72680 24460 71593 52242 5385 79202 41756 28489 45558 14484 29475 48220 107335 40938 25768 66397 35160
is_linear=0
shrinkage=0.05


Tree=41
num_leaves=31
num_cat=0
split_feature=1 1 1 9 10 7 11 10 9 1 13 10 12 12 11 12 10 12 13 10 5 11 11 10 10 7 10 10 10 11
split_gain=79534.5 14301.9 6907.05 4494.05 2066.25 2019.94 1959.27 1846.45 1715.13 1652.03 1534.15 2051.27 1594.84 1581.65 1685.22 1525.91 1514.12 2536.05 1252.43 1227.49 1206.25 1168.59 1285.56 1123.44 1083.12 1034.92 1107.95 1018.63 1389.16 1073.63
threshold=35.297071456909187 32.151718139648445 39.191526412963874 29.425127029418949 0.44437406957149511 34.202560424804695 0.78827583789825451 -0.20931270718574521 36.302303314208991 26.488616943359379 77.750000000000014 -0.012910176534205673 15.250000000000002 17.250000000000004 0.39752808213233953 18.750000000000004 0.21772121638059619 17.250000000000004 78.750000000000014 0.26781183481216436 40.587638854980476 -0.09024826809763907 0.73246693611145031 -0.3334656953811645 -0.86095303297042836 30.46944618225098 0.16705007851123813 0.96460527181625377 0.9946616291999818 0.047319635748863227
decision_type=2 2 2 2 2 2 2 2 2 2 2 2 2 2 2 2 2 2 2 2 2 2 2 2 2 2 2 2 2 2
left_child=1 3 16 9 6 21 10 -8 -6 -1 12 13 -5 14 18 -4 17 -2 -12 -17 27 -3 -23 -15 -16 26 -11 -18 -29 -30
right_child=2 5 15 4 8 -7 7 -9 -10 25 11 -13 -14 23 24 19 20 -19 -20 -21 -22 22 -24 -25 -26 -27 -28 28 29 -31
leaf_value=-0.04733588561350166 0.019771016595560072 -0.007308447343945805 0.040246573339124958 -0.031611470976183047 -0.0012187867812855397 0.011360233008763237 -0.032635216771472304 -0.014317533317902956 0.095006997366850199 -0.028243035324729261 -0.002565332460095542 0.026009838949581261 -0.011320048043487883 -0.011425307230801174 -0.056664715816767852 -0.027344610664835841 0.021635711563229524 -0.039445251688808552 0.024725222711865821 0.060199394378153165 0.065341603500443365 0.0067289193096447585 -0.010955771099043504 -0.035328033281606004 -0.008839922458704217 -0.00050337576962361172 -0.013026101528907975 0.041968174858439865 0.010727088074873999 0.044886870827225811
leaf_weight=8423 7908 50174 28849 15327 24496 40744 24883 30769 472 64376 9061 4475 26299 40548 1498 409 55053 2344 7843 19065 1959 48418 13045 5594 5646 4401 14692 17773 8638 3135
leaf_count=8423 7908 50174 28849 15327 24496 40744 24883 30769 472 64376 9061 4475 26299 40548 1498 409 55053 2344 7843 19065 1959 48418 13045 5594 5646 4401 14692 17773 8638 3135
internal_value=5.66199e-12 -0.0105622 0.0321076 -0.0171014 -0.0128406 0.00183127 -0.0147923 -0.0225077 0.000600284 -0.0262316 -0.0111001 -0.00681207 -0.0187915 -0.00890464 0.00149208 0.0475465 0.0244013 0.00623191 0.0100967 0.0583608 0.0265533 -0.00164651 0.00297549 -0.0143231 -0.0188681 -0.024102 -0.0254155 0.0256551 0.0331443 0.0198234
internal_weight=586317 441184 145133 288803 196911 152381 171943 55652 24968 91892 116291 74665 41626 70190 24048 48323 96810 10252 16904 19474 86558 111637 61463 46142 7144 83469 79068 84599 29546 11773
internal_count=586317 441184 145133 288803 196911 152381 171943 55652 24968 91892 116291 74665 41626 70190 24048 48323 96810 10252 16904 19474 86558 111637 61463 46142 7144 83469 79068 84599 29546 11773
is_linear=0
shrinkage=0.05


Tree=42
num_leaves=31
num_cat=0
split_feature=9 1 9 1 10 10 9 10 10 1 0 13 12 11 10 12 11 10 10 13 11 10 13 10 12 13 11 10 11 11
split_gain=71922.6 13566.6 7030.67 4180.26 2643.19 2630.88 1770.06 1715.31 1596.51 1524.63 1429.3 1400.28 1296.73 1787.62 1234.39 1250.42 1233.14 1432.44 1492.78 1225.06 1194.69 1115.37 1068.27 1037.51 1110.61 1818.59 1706.8 1144.42 1952.89 1516.12
threshold=35.140014648437507 32.386100769042976 38.587604522705085 29.373962402343754 0.5772862732410432 0.91927745938301098 41.78544998168946 0.7324872910976411 0.44437406957149511 26.488616943359379 4.7598819732666025 78.250000000000014 14.250000000000002 -0.51235243678092945 -0.16705007851123807 15.250000000000002 0.9937097728252412 -0.012910176534205673 -0.71466678380966175 79.750000000000014 0.97690230607986461 0.23448921740055087 80.750000000000014 -0.99466162919998158 17.250000000000004 78.250000000000014 -0.73829901218414296 0.20088869333267215 -0.93533331155776966 -0.14153505116701123
decision_type=2 2 2 2 2 2 2 2 2 2 2 2 2 2 2 2 2 2 2 2 2 2 2 2 2 2 2 2 2 2
left_child=1 3 5 8 21 -2 -6 23 9 14 -11 -12 -9 -14 15 -1 17 18 -5 -15 -20 22 -4 -3 25 -25 -27 29 -29 -26
right_child=2 7 4 16 6 -7 -8 12 -10 10 11 -13 13 19 -16 -17 -18 -19 20 -21 -22 -23 -24 24 27 26 -28 28 -30 -31
leaf_value=-0.050915335825668311 0.013750480989713385 0.017815426965047509 0.0094786766875743517 -0.0092606743407683805 0.044797473349735578 0.031052293899236312 0.070818089132915749 -0.0018006622055589472 0.0033520514612454897 -0.02771398542614513 -0.027443124059551141 -1.0681026975410354e-05 0.071893453147632555 0.025543278544555827 -0.071329585887505195 -0.011076954473831424 -0.02940091443498042 -0.0045495569722775117 -0.021397984024535268 0.0040310277218479516 0.006495761315654729 0.030757641641772294 -0.082104644804327331 -0.0098607982900018789 -0.020444576250864141 0.026064456921894515 0.0013223651147385802 0.054945410886694739 -0.0046077028670285262 0.0021995824081472814
leaf_weight=4535 52140 6926 1503 75697 35509 37973 8010 12681 4757 60152 8241 10681 1432 12937 2974 3482 9906 55859 60226 13549 4100 14467 404 17628 21159 10987 19066 1769 6206 11361
leaf_count=4535 52140 6926 1503 75697 35509 37973 8010 12681 4757 60152 8241 10681 1432 12937 2974 3482 9906 55859 60226 13549 4100 14467 404 17628 21159 10987 19066 1769 6206 11361
internal_value=-1.92946e-12 -0.0102682 0.0298662 -0.0161919 0.0431438 0.0210413 0.0495868 0.00285435 -0.024878 -0.0263691 -0.0239437 -0.0119582 0.0114581 0.0174805 -0.0438181 -0.0336124 -0.0121896 -0.0113192 -0.0140198 0.0145386 -0.0196201 0.0260197 -0.00992335 -0.000818578 -0.00228223 0.00288912 0.0103678 -0.00837126 0.00860226 -0.0125337
internal_weight=586317 436311 150006 300610 59893 90113 43519 135701 94822 90065 79074 18922 40599 27918 10991 8017 205788 195882 140023 26486 64326 16374 1907 95102 88176 47681 30053 40495 7975 32520
internal_count=586317 436311 150006 300610 59893 90113 43519 135701 94822 90065 79074 18922 40599 27918 10991 8017 205788 195882 140023 26486 64326 16374 1907 95102 88176 47681 30053 40495 7975 32520
is_linear=0
shrinkage=0.05


Tree=43
num_leaves=31
num_cat=0
split_feature=1 5 1 1 5 10 1 12 10 13 11 11 10 10 5 10 10 12 13 10 11 11 10 11 9 1 5 3 10 9
split_gain=64923.8 11802.6 5797.38 4436.88 1974.1 1903.71 1886.97 1743.79 1675.67 1527.1 2918.42 1902.13 1801.5 1690.21 1349.42 1041.48 1160.33 1014.26 2150.32 2061.38 2050.25 1487.29 1144.61 1097.46 1300.78 1005.18 990.494 953.407 948.231 944.85
threshold=35.297071456909187 32.314928054809577 38.259286880493171 30.096134185791019 36.142290115356452 0.5772862732410432 42.44023513793946 13.750000000000002 0.7324872910976411 80.750000000000014 0.25118076056241995 -0.98798605799674977 -1.0000000180025095e-35 0.44437406957149511 30.056657791137699 0.90518480539321911 -0.98211652040481556 17.250000000000004 78.250000000000014 0.13301347196102145 -0.38961601257324213 -0.48248986899852747 0.42888796329498297 0.18399153649806979 32.814941406250007 25.946461677551273 40.145202636718757 39.721979141235359 0.96460527181625377 30.692554473876957
decision_type=2 2 2 2 2 2 2 2 2 2 2 2 2 2 2 2 2 2 2 2 2 2 2 2 2 2 2 2 2 2
left_child=1 3 26 7 15 27 -7 25 29 11 -11 12 -9 -13 -10 16 -3 18 -18 23 -20 22 -21 24 -19 -1 28 -4 -2 -5
right_child=2 4 5 8 -6 6 -8 9 14 10 -12 13 -14 -15 -16 -17 17 19 20 21 -22 -23 -24 -25 -26 -27 -28 -29 -30 -31
leaf_value=-0.060227656354871373 0.015359829728434811 0.014082330140083716 0.0084560729318051194 -0.015327581380599085 0.027378416955125086 0.040954461653801892 0.071772501865728852 -0.090451079420233158 0.070569146400056626 -0.0013860683414106032 -0.036062314530795316 -0.013960153098507509 0.0075110687263207623 0.029205014954227133 0.005314801147244648 0.01291163490880292 -0.0090997147162830763 -0.010172200958768932 0.02294479292116924 0.018266110411196371 -0.0018080824287258911 -0.0028488669817453801 0.079988851196947763 -0.0021540873832175877 -0.0350018708695507 -0.028832296147871701 0.062710510745345879 0.034821538932761839 0.027362723960634203 -0.0075135830932340636
leaf_weight=2753 53348 11978 6031 67562 7457 47140 5552 1500 891 8120 24007 59321 683 2358 7149 16023 24612 11434 16466 3770 17005 11384 938 10978 9792 34487 1322 7947 23793 90516
leaf_count=2753 53348 11978 6031 67562 7457 47140 5552 1500 891 8120 24007 59321 683 2358 7149 16023 24612 11434 16466 3770 17005 11384 938 10978 9792 34487 1322 7947 23793 90516
internal_value=7.99873e-12 -0.00954287 0.029009 -0.0151722 0.00233782 0.03985 0.0442017 -0.0219694 -0.00972073 -0.0184064 -0.027298 -0.0139333 -0.0598014 -0.0123099 0.0125463 0.000948267 -0.000671317 -0.00233254 0.00211939 -0.00768663 0.0103691 0.0069265 0.0305635 -0.0149887 -0.0216266 -0.0311532 0.0197974 0.0234458 0.0190619 -0.0108533
internal_weight=586317 441184 145133 299347 141837 66670 52692 133229 166118 95989 32127 63862 2183 61679 8040 134380 118357 106379 58083 48296 33471 16092 4708 32204 21226 37240 78463 13978 77141 158078
internal_count=586317 441184 145133 299347 141837 66670 52692 133229 166118 95989 32127 63862 2183 61679 8040 134380 118357 106379 58083 48296 33471 16092 4708 32204 21226 37240 78463 13978 77141 158078
is_linear=0
shrinkage=0.05


Tree=44
num_leaves=31
num_cat=0
split_feature=9 1 7 9 10 11 10 11 10 13 10 12 12 11 10 10 3 13 5 11 11 1 11 11 13 12 10 12 1 10
split_gain=58787.5 12025 5245.07 3819.35 2243.82 2019.85 1612.02 1977.8 1680.3 1497.49 2485.76 1773.19 1690.32 1914.22 1455.21 1337.71 1297.96 1279.36 1270.32 1248.47 1601.02 1214.92 1241.9 1170.39 1114.45 2121.02 1675.49 1105.16 1104.43 1095.24
threshold=35.366125106811531 32.626295089721687 39.200811386108406 29.157420158386234 0.54883790016174328 0.53435277938842785 0.45972847938537603 0.77756834030151378 -0.22611359506845471 77.750000000000014 -0.012910176534205673 15.250000000000002 17.250000000000004 0.39752808213233953 0.68391311168670665 0.20088869333267215 33.989387512207038 78.750000000000014 28.025094032287601 -0.69014781713485707 -0.77212798595428456 35.989843368530281 -0.09024826809763907 -0.66483077406883229 77.750000000000014 16.750000000000004 0.20088869333267215 14.750000000000002 43.429134368896491 -0.3334656953811645
decision_type=2 2 2 2 2 2 2 2 2 2 2 2 2 2 2 2 2 2 2 2 2 2 2 2 2 2 2 2 2 2
left_child=1 3 4 18 27 14 7 9 -9 11 12 -5 13 17 16 -4 -6 -11 23 20 29 22 24 -1 -3 -26 -27 -2 -17 -14
right_child=2 21 15 6 5 -7 -8 8 -10 10 -12 -13 19 -15 -16 28 -18 -19 -20 -21 -22 -23 -24 -25 25 26 -28 -29 -30 -31
leaf_value=-0.047849354718848269 0.024345457676775123 -0.015651934470515074 -0.034280142491952957 -0.028571162058919464 0.14278597686068256 -0.017994149843124623 -0.00017522643928341689 -0.028914660405775467 -0.012842265097929302 -0.00090506358425373177 0.031580061927552867 -0.0089529099522188561 -0.0038026821833257469 -0.017432922630275845 0.02505921193871552 0.040554859275116761 0.044987283108702557 0.023871259049244094 -0.018809018830927393 -0.0075838604425406218 -0.061116837073508325 0.018870004682801644 0.0071636264436401769 -0.025651541233833938 0.013301169046638953 -0.015932985663024701 0.027515641046496453 0.0015544724579704143 0.076598211725742549 -0.032428953010357531
leaf_weight=8219 7578 13519 578 18167 361 2547 30118 28196 38420 11190 4346 31470 7062 8560 60952 45287 5634 9750 51356 39753 2475 12452 62450 21398 18338 17177 2548 17844 2230 6342
leaf_count=8219 7578 13519 578 18167 361 2547 30118 28196 38420 11190 4346 31470 7062 8560 60952 45287 5634 9750 51356 39753 2475 12452 62450 21398 18338 17177 2548 17844 2230 6342
internal_value=3.71457e-12 -0.00899247 0.0278749 -0.0141957 0.0210587 0.0257084 -0.010979 -0.0125606 -0.0196451 -0.00916814 -0.00530439 -0.0161331 -0.00718734 0.00248784 0.0273711 0.0413267 0.0508764 0.0106312 -0.0235649 -0.0123178 -0.0241692 0.00404071 0.00242139 -0.0318116 -0.00332001 0.00105997 -0.0103205 0.0083482 0.0422464 -0.017347
internal_weight=586317 443306 143011 316822 94916 69494 235849 205731 66616 139115 89478 49637 85132 29500 66947 48095 5995 20940 80973 55632 15879 126484 114032 29617 51582 38063 19725 25422 47517 13404
internal_count=586317 443306 143011 316822 94916 69494 235849 205731 66616 139115 89478 49637 85132 29500 66947 48095 5995 20940 80973 55632 15879 126484 114032 29617 51582 38063 19725 25422 47517 13404
is_linear=0
shrinkage=0.05


Tree=45
num_leaves=31
num_cat=0
split_feature=9 1 9 1 10 10 9 12 10 10 12 11 10 11 10 10 11 10 11 10 13 1 12 13 10 9 6 10 1 11
split_gain=53055.7 10852.6 4810.17 3500.57 2142.23 2044.79 1427.97 1418.17 1324.11 1310.36 1407.38 1351.69 1126.87 1213.18 1004.54 1294.09 1262.71 994.59 982.097 936.343 1000.31 892.047 872.387 867.187 845.666 875.135 844.25 829.788 809.794 792.663
threshold=35.366125106811531 32.626295089721687 38.698839187622077 29.953510284423832 0.95992380380630504 0.5772862732410432 42.095750808715827 13.750000000000002 0.99762105941772472 -0.73831951618194569 18.750000000000004 -0.62538740038871754 0.7324872910976411 0.63207998871803295 0.047320950776338584 -0.71466678380966175 -0.9946339726448058 0.098819226026535048 0.53435277938842785 0.23448921740055087 80.750000000000014 25.505497932434086 14.750000000000002 81.250000000000014 -0.99939814209938038 31.591569900512699 1.0000000180025095e-35 -0.99466162919998158 35.217159271240241 0.94968265295028698
decision_type=2 2 2 2 2 2 2 2 2 2 2 2 2 2 2 2 2 2 2 2 2 2 2 2 2 2 2 2 2 2
left_child=1 3 4 7 18 19 28 21 22 11 17 -9 27 -14 15 24 -16 -11 -2 20 -4 -1 -6 -24 -5 -26 -13 -3 -7 -12
right_child=2 12 5 14 8 6 -8 9 -10 10 29 26 13 -15 16 -17 -18 -19 -20 -21 -22 -23 23 -25 25 -27 -28 -29 -30 -31
leaf_value=-0.062218923485975741 0.014829120627142768 0.018530679689620962 0.007662374809659785 0.01695217421623325 0.019496653973372458 0.10931204314436538 0.065357382249528695 0.035315871890108839 0.0117842228805155 -0.017983691905845558 -0.021505855732563306 -0.022042007575769344 0.0078462890582726551 0.037697738385725939 0.041058840884150433 -0.016775770047902209 -0.0046545474444015227 0.00026470607446598852 -0.017038253171668485 0.026628054611881544 -0.083989276447502953 -0.02643180368678932 0.049104586167852904 0.020285012380605479 -0.013248604319314829 -0.0019626001241470417 -0.00027846483967435546 -0.00089574235929602754 0.03871915609203859 -0.038310854686139373
leaf_weight=1835 54934 5914 1388 3529 5431 411 6303 1861 7167 34166 17749 7678 38891 3730 1556 61443 51798 9555 2529 14014 379 34102 11972 3338 37941 31385 10619 77949 35145 11605
leaf_count=1835 54934 5914 1388 3529 5431 411 6303 1861 7167 34166 17749 7678 38891 3730 1556 61443 51798 9555 2529 14014 379 34102 11972 3338 37941 31385 10619 77949 35145 11605
internal_value=1.35712e-11 -0.00854285 0.0264812 -0.0134859 0.0189463 0.037641 0.0434234 -0.0198206 0.0303116 -0.0165679 -0.0196812 -0.00528191 0.00383867 0.0104588 -0.0091254 -0.0114312 -0.00332138 -0.0139956 0.0134266 0.0223033 -0.0119958 -0.0282592 0.0367136 0.0428211 -0.00692385 -0.00813925 -0.00941114 0.000474205 0.0395352 -0.0281497
internal_weight=586317 443306 143011 316822 85371 57640 41859 129170 27908 93233 73075 20158 126484 42621 187652 134298 53354 43721 57463 15781 1767 35937 20741 15310 72855 69326 18297 83863 35556 29354
internal_count=586317 443306 143011 316822 85371 57640 41859 129170 27908 93233 73075 20158 126484 42621 187652 134298 53354 43721 57463 15781 1767 35937 20741 15310 72855 69326 18297 83863 35556 29354
is_linear=0
shrinkage=0.05


Tree=46
num_leaves=31
num_cat=0
split_feature=1 1 1 1 10 9 12 10 12 13 11 5 11 11 12 10 11 11 10 10 12 10 9 10 10 10 13 1 13 10
split_gain=48160.7 9252.85 5151.23 1872.3 1589.63 1543.87 1534.56 1707.42 1767.25 1380.62 1323.03 1167.46 1155.63 1097.99 1233.95 996.165 972.809 961.473 951.973 1495.46 1794.09 1289.66 1033.89 949.287 929.591 880.686 1086.61 863.182 851.79 843.981
threshold=33.68474197387696 37.174047470092781 30.096134185791019 40.435468673706062 0.44437406957149511 32.323717117309577 14.750000000000002 -0.73831951618194569 18.250000000000004 77.250000000000014 -0.62538740038871754 37.255231857299812 0.39752808213233953 -0.97106409072875965 16.250000000000004 0.5772862732410432 -0.78295108675956715 -0.70250144600868214 0.16705007851123813 -0.71466678380966175 15.750000000000002 -0.50495636463165272 38.587604522705085 -0.39753912389278406 -0.24284747242927548 0.95992380380630504 80.250000000000014 42.860454559326179 81.250000000000014 -0.99628895521163929
decision_type=2 2 2 2 2 2 2 2 2 2 2 2 2 2 2 2 2 2 2 2 2 2 2 2 2 2 2 2 2 2
left_child=2 11 4 13 6 -4 9 10 -9 17 -8 25 -11 14 -3 -5 -10 -1 19 -7 -21 -22 -20 -23 -14 26 -2 -17 -6 -12
right_child=1 3 5 15 28 18 7 8 16 12 29 -13 24 -15 -16 27 -18 -19 22 20 21 23 -24 -25 -26 -27 -28 -29 -30 -31
leaf_value=-0.047413663631880709 0.0089563500340425813 0.036845714675319191 -0.0089802851052318122 0.023110560116923945 0.013959251467244494 0.0030460261741445198 0.039371293328555837 -0.0096729953485556134 -0.011260076227992466 0.0042359405532968967 0.029959877640610595 0.025831057205220161 -0.03483887307327057 0.027735905633146769 -0.042609920386075674 0.042556862893902737 -0.03102491756260832 -0.027565074957311649 0.0058199939293081095 0.0093670596029130412 -0.040875379000372081 0.029324568162677134 0.064859185927407512 -0.017142760346682152 -0.010569807378750469 0.017752669736365474 -0.0051893437260555628 0.069423573560720916 -0.019949762214722243 -0.0098352605883765994
leaf_weight=8825 67667 833 160661 5485 5642 31012 1754 27165 8027 4983 1462 10514 8352 62523 1182 18336 27741 19768 24181 6212 5924 1233 765 10122 7479 20135 16983 3572 2757 15022
leaf_count=8825 67667 833 160661 5485 5642 31012 1754 27165 8027 4983 1462 10514 8352 62523 1182 18336 27741 19768 24181 6212 5924 1233 765 10122 7479 20135 16983 3572 2757 15022
internal_value=2.35823e-12 0.0193818 -0.0105951 0.0312139 -0.0182562 -0.00616087 -0.0196124 -0.0153836 -0.0192874 -0.02656 -0.00191286 0.00994767 -0.0167636 0.0265651 -0.009763 0.0421664 -0.0265893 -0.0336912 -0.000459483 -0.00416227 -0.0136784 -0.0219635 0.0076305 -0.012097 -0.0233735 0.00835395 0.00611835 0.0469374 0.0028285 -0.00630575
internal_weight=586317 207230 379087 91931 138977 240110 130578 81171 62933 49407 18238 115299 20814 64538 2015 27393 35768 28593 79449 54503 23491 17279 24946 11355 15831 104785 84650 21908 8399 16484
internal_count=586317 207230 379087 91931 138977 240110 130578 81171 62933 49407 18238 115299 20814 64538 2015 27393 35768 28593 79449 54503 23491 17279 24946 11355 15831 104785 84650 21908 8399 16484
is_linear=0
shrinkage=0.05


Tree=47
num_leaves=31
num_cat=0
split_feature=1 7 1 1 7 10 5 11 0 12 7 11 10 10 12 11 10 11 11 12 10 10 10 13 13 13 11 12 5 10
split_gain=43519.5 7916.3 4011.92 2546.13 1890.78 1748.77 1130.62 1129.43 1178.44 1094.13 1092.38 1073.55 1662.19 996.979 2083.7 977.312 971.233 960.468 1265.21 1254.06 1071.74 946.581 934.527 893.458 874.581 860.368 1446.19 1166.35 856.953 856.467
threshold=35.297071456909187 31.52226543426514 39.321441650390632 28.911581993103031 33.545089721679695 0.7440970540046693 36.551109313964851 -0.98518359661102284 6.6432411670684823 18.750000000000004 29.924538612365726 0.75546532869339 0.42888796329498297 0.21772121638059619 17.250000000000004 -0.87792757153511036 0.098819226026535048 -0.20930689573287961 -0.48248986899852747 15.750000000000002 -0.97505551576614369 -0.99628895521163929 1.0000000180025095e-35 77.250000000000014 80.250000000000014 77.750000000000014 -0.17552498728036878 17.250000000000004 40.00335884094239 -0.78297284245491017
decision_type=2 2 2 2 2 2 2 2 2 2 2 2 2 2 2 2 2 2 2 2 2 2 2 2 2 2 2 2 2 2
left_child=1 3 13 7 11 21 17 22 16 -4 -7 25 -13 14 29 -8 -9 18 -6 -20 -21 -5 -1 -10 -11 26 -3 -27 -15 -2
right_child=2 4 9 5 6 10 15 8 23 24 -12 12 -14 28 -16 -17 -18 -19 19 20 -22 -23 -24 -25 -26 27 -28 -29 -30 -31
leaf_value=-0.069879450761068787 -0.018475102657321212 -0.019596607475382753 0.029539386382913591 0.0069712675906617077 0.0026514826663955327 0.064353865749907521 0.010170533330375136 -0.027950341023470229 -0.025387516117881499 0.051827587813824905 0.0063205791738309355 -0.026105319691395693 0.0030463784768383663 0.018697004773909866 -0.037747922755765224 0.05357181759399459 -0.011141682945214233 0.010230263378833777 -4.6852281025837154e-05 -0.19296618481477101 -0.040275512222985789 -0.012297185850619258 -0.012400500297081835 0.0024020998369102806 0.027614676570695326 0.0082471994982813782 0.0019366714182412722 -0.0044627106055398777 0.041664666602723728 0.023582601982631169
leaf_weight=2170 1491 15954 27124 6630 28415 1063 3140 38976 4426 13689 3419 12406 8071 84631 2372 2210 11025 33566 2918 120 2716 164997 1049 8347 5126 30891 15251 43424 4266 6434
leaf_count=2170 1491 15954 27124 6630 28415 1063 3140 38976 4426 13689 3419 12406 8071 84631 2372 2210 11025 33566 2918 120 2716 164997 1049 8347 5126 30891 15251 43424 4266 6434
internal_value=2.56273e-12 -0.00781302 0.0237505 -0.0138865 -0.000427104 -0.0107477 0.00597084 -0.0222628 -0.0207816 0.0359661 0.0200844 -0.00413826 -0.0146152 0.0180932 0.00336467 0.0280989 -0.0242441 0.00422307 -0.0016781 -0.0230589 -0.0467363 -0.0115528 -0.0511483 -0.00722734 0.045231 -0.00210512 -0.00907252 0.0008205 0.0197992 0.0156699
internal_weight=586317 441184 145133 242102 199082 176109 73085 65993 62774 45939 4482 125997 20477 99194 10297 5350 50001 67735 34169 5754 2836 171627 3219 12773 18815 105520 31205 74315 88897 7925
internal_count=586317 441184 145133 242102 199082 176109 73085 65993 62774 45939 4482 125997 20477 99194 10297 5350 50001 67735 34169 5754 2836 171627 3219 12773 18815 105520 31205 74315 88897 7925
is_linear=0
shrinkage=0.05


Tree=48
num_leaves=31
num_cat=0
split_feature=9 1 7 9 10 11 11 11 10 13 11 10 12 11 11 3 0 12 10 11 12 13 9 11 10 1 12 10 5 10
split_gain=39415.7 8469.77 3354.21 2841.88 1839.69 1572.12 1380.91 1372.59 2324.2 1843.42 2163.49 2108.74 1359.83 1319.48 1251.14 1237.82 1202.04 1080.51 1077.52 1073.84 1540.27 2205.35 1065.39 1690.75 1025.55 1022.53 999.698 983.583 1166.92 959.756
threshold=35.515878677368171 32.697250366210945 39.455480575561531 28.628758430480961 0.54883790016174328 0.53435277938842785 -0.72658059000968922 0.77756834030151378 -0.20931270718574521 77.250000000000014 -0.09024826809763907 -0.012910176534205673 15.250000000000002 -0.98798605799674977 0.99548450112342846 34.943683624267585 1.0000000180025095e-35 17.250000000000004 -0.012910176534205673 0.39752808213233953 16.250000000000004 78.250000000000014 33.493890762329109 -0.19244445115327832 0.20088869333267215 27.643974304199222 15.250000000000002 0.25118774175643926 28.796978950500492 0.95992380380630504
decision_type=2 2 2 2 2 2 2 2 2 2 2 2 2 2 2 2 2 2 2 2 2 2 2 2 2 2 2 2 2 2
left_child=1 3 4 27 -2 6 15 9 -9 10 12 13 -5 25 17 -6 -13 -10 -14 20 21 -15 -22 -24 -4 -11 -12 28 -1 -8
right_child=2 -3 24 7 5 -7 29 8 14 11 26 16 18 19 -16 -17 -18 -19 -20 -21 22 -23 23 -25 -26 -27 -28 -29 -30 -31
leaf_value=-0.029398686553294157 0.0063777198800210365 0.0037601048861338722 -0.040595063920375457 -0.037550144966033434 0.1152549810097092 -0.01920875457830969 0.015146149732924505 -0.024806150496835981 0.0023857692298864613 -0.12879599986792895 -0.014373018487931342 0.0033065449100276173 -0.019327852587899066 -0.0055590875446134063 -0.02270369153232198 0.038749903195531503 0.030613243934615831 -0.012943512400908642 0.022775195330680006 -0.013466715059480433 -0.004297432489940029 0.027230942457670701 -0.048075287476880113 0.031292921471764892 0.035616445701095005 -0.026412106348587046 0.007718906872533327 -0.003633244521037725 -0.01371383137707227 0.027653456425723141
leaf_weight=33367 24857 126464 446 11236 582 2218 31313 33175 25502 258 9714 12343 14394 10954 11887 5774 5984 20930 1699 27025 48957 9641 3145 853 43029 4452 10830 6827 18396 30065
leaf_count=33367 24857 126464 446 11236 582 2218 31313 33175 25502 258 9714 12343 14394 10954 11887 5774 5984 20930 1699 27025 48957 9641 3145 853 43029 4452 10830 6827 18396 30065
internal_value=7.15843e-12 -0.00720227 0.023335 -0.0115135 0.0180618 0.0222136 0.02357 -0.00929482 -0.0142402 -0.00665628 -0.0149865 -0.00343013 -0.0242023 -0.0061548 -0.00822964 0.0457552 0.0122225 -0.00452416 -0.0148829 -0.0049435 -0.00181175 0.00979069 -0.00632411 -0.0311416 0.0348346 -0.0320204 -0.00272701 -0.0214717 -0.0238245 0.0212726
internal_weight=586317 448033 138284 321569 94809 69952 67734 262979 91494 171485 47873 123612 27329 105285 58319 6356 18327 46432 16093 100575 73550 20595 52955 3998 43475 4710 20544 58590 51763 61378
internal_count=586317 448033 138284 321569 94809 69952 67734 262979 91494 171485 47873 123612 27329 105285 58319 6356 18327 46432 16093 100575 73550 20595 52955 3998 43475 4710 20544 58590 51763 61378
is_linear=0
shrinkage=0.05


Tree=49
num_leaves=31
num_cat=0
split_feature=1 1 1 1 10 1 10 10 12 11 13 11 12 10 5 12 13 11 9 10 13 12 11 10 13 11 11 9 10 10
split_gain=35724 7080.89 3734.33 1462.47 1260.85 1324.97 1240.92 1492.68 1264.57 2300.41 1219.63 1124 1106.25 1038.51 985.677 964.742 1100.6 2171.43 963.981 943.893 934.052 885.221 866.072 864.558 862.289 827.549 1131.43 876.392 880.137 1808.34
threshold=33.636152267456062 37.174047470092781 30.129017829895023 41.300508499145515 0.44437406957149511 26.488616943359379 -0.012910176534205673 -0.71466678380966175 14.250000000000002 0.75546532869339 77.250000000000014 -0.97106409072875965 15.750000000000002 -0.16705007851123807 39.33873367309571 14.750000000000002 80.250000000000014 0.53435277938842785 31.529391288757328 0.95992380380630504 78.750000000000014 15.250000000000002 -0.97870382666587818 0.5772862732410432 80.750000000000014 0.25118076056241995 0.047319635748863227 40.274217605590827 0.99273952841758739 0.96683886647224437
decision_type=2 2 2 2 2 2 2 2 2 2 2 2 2 2 2 2 2 2 2 2 2 2 2 2 2 2 2 2 2 2
left_child=2 14 4 11 5 13 7 18 10 24 -8 12 -3 21 19 20 -17 -18 -4 -2 -7 -1 -23 -5 -10 26 27 28 29 -13
right_child=1 3 6 23 -6 15 8 -9 9 -11 -12 25 -14 -15 -16 16 17 -19 -20 -21 -22 22 -24 -25 -26 -27 -28 -29 -30 -31
leaf_value=-0.038658104379907632 0.0057095696101241919 0.036551861905592092 -0.0093742516953120459 0.016679640566519136 0.0029249489427708684 -0.024111779262741648 -0.024412458887300058 -0.013696274949540597 0.020332280993934138 -0.0062406991907714426 -6.3875472668019288e-05 0.019116703514883215 -0.039477457374261386 -0.058694991335968505 0.050790169454154314 -0.0067453627113428713 -0.0014992535705470754 -0.028256906546497956 0.00093174139315824016 0.017070649372565114 -0.0033209297961251058 0.088846157753929567 -0.011754707033711134 0.046242564112554563 0.0022977576708194699 -0.0002711916427500949 0.045027772520103905 0.034624371707644812 0.0047731064539895873 0.047968841762024067
leaf_weight=4535 93593 746 41933 3052 8596 38346 9187 65306 18012 29391 11684 34831 1334 2974 1357 43852 11718 21482 49443 22720 6288 229 3253 13038 10487 3089 7148 14966 7293 6434
leaf_count=4535 93593 746 41933 3052 8596 38346 9187 65306 18012 29391 11684 34831 1334 2974 1357 43852 11718 21482 49443 22720 6288 229 3253 13038 10487 3089 7148 14966 7293 6434
internal_value=1.22089e-11 0.0165461 -0.00920606 0.0269433 -0.0156327 -0.016835 -0.00534989 -0.00792351 -0.000230093 0.00357404 -0.0107816 0.0240386 -0.0122092 -0.0334606 0.00842307 -0.0153333 -0.0119449 -0.0188127 -0.00379774 0.00792879 -0.0211828 -0.0240996 -0.00513851 0.040635 0.013696 0.0250607 0.026168 0.0240458 0.0207854 0.0236153
internal_weight=586317 209601 376716 91931 141273 132677 235443 156682 78761 57890 20871 75841 2080 10991 117670 121686 77052 33200 91376 116313 44634 8017 3482 16090 28499 73761 70672 63524 48558 41265
internal_count=586317 209601 376716 91931 141273 132677 235443 156682 78761 57890 20871 75841 2080 10991 117670 121686 77052 33200 91376 116313 44634 8017 3482 16090 28499 73761 70672 63524 48558 41265
is_linear=0
shrinkage=0.05


Tree=50
num_leaves=31
num_cat=0
split_feature=1 5 1 10 9 10 10 7 9 10 11 11 10 11 4 12 10 13 12 13 11 10 12 10 1 11 10 10 10 12
split_gain=32310.1 5809.61 3013.16 2372.44 2067.75 1543.19 1326.37 1254.88 1225.16 1224.01 2428.2 1880.58 2741.59 1174.52 1130.1 1327.79 1086.02 969.911 817.559 1134.88 815.524 864.542 801.166 819.299 783.5 774.453 825.679 771.237 917.908 798.388
threshold=35.297071456909187 32.314928054809577 38.259286880493171 0.64534214138984691 27.739242553710941 -0.82391539216041554 0.5772862732410432 36.893100738525398 42.44030952453614 -0.04732095077633857 -0.98798605799674977 -0.88603779673576344 -0.3334656953811645 -0.9946339726448058 1.0000000180025095e-35 13.250000000000002 0.44437406957149511 80.750000000000014 17.250000000000004 80.250000000000014 0.8189845383167268 0.44437406957149511 15.750000000000002 0.047320950776338584 27.298403739929203 0.25118076056241995 0.99762105941772472 0.90518480539321911 -0.98211652040481556 17.250000000000004
decision_type=2 2 2 2 2 2 2 2 2 2 2 2 2 2 2 2 2 2 2 2 2 2 2 2 2 2 2 2 2 2
left_child=1 3 -2 4 -1 -6 -4 27 18 10 24 12 -12 22 -5 -16 -9 20 -8 25 -15 -22 -11 -24 -7 26 -20 28 -3 -30
right_child=2 7 6 14 5 9 8 16 -10 13 11 -13 -14 17 15 -17 -18 -19 19 -21 21 -23 23 -25 -26 -27 -28 -29 29 -31
leaf_value=-0.023890849379214842 0.013823478067734664 0.012348196248346009 0.01458743142870776 0.0019297666320212553 -0.0037993724338654996 -0.11264213038887626 0.021855356951656739 0.0052068677008441913 0.056929597508374931 -0.01133021494576008 0.023927677703860471 -0.016968517277641645 -0.01658871909764718 -0.018799925202519486 -0.01045451481078115 0.062704748144463071 0.048635416394156715 -0.021956574270066295 0.046931296830918789 0.019341708014714312 -0.0066339998782562071 0.01162956266593956 0.014950800234146876 0.070199047512792281 -0.043859339521842136 -0.027944782388846859 0.017111399671762964 0.010734201151372207 0.001669411196973977 -0.006992817002270689
leaf_weight=31227 78463 11988 13978 13737 67760 457 19999 3276 4478 1832 7412 94713 9561 10127 953 1776 2568 11994 16978 8154 31814 8137 2532 913 4402 394 2689 16578 58957 48470
leaf_count=31227 78463 11988 13978 13737 67760 457 19999 3276 4478 1832 7412 94713 9561 10127 953 1776 2568 11994 16978 8154 31814 8137 2532 913 4402 394 2689 16578 58957 48470
internal_value=3.16727e-12 -0.00673203 0.0204644 -0.0106815 -0.0117554 -0.0102496 0.0282801 0.00160337 0.0319124 -0.0126263 -0.0157273 -0.0142219 0.00110453 -0.00726021 0.00776811 0.0371566 0.0242905 -0.00918543 0.0295889 0.0350705 -0.00612667 -0.00291418 0.0153857 0.0295928 -0.0503285 0.0414636 0.0428541 0.00062844 -0.000774511 -0.0022389
internal_weight=586317 441184 145133 299347 282881 251654 66670 141837 52692 183894 116545 111686 16973 67349 16466 2729 5844 62072 48214 28215 50078 39951 5277 3445 4859 20061 19667 135993 119415 107427
internal_count=586317 441184 145133 299347 282881 251654 66670 141837 52692 183894 116545 111686 16973 67349 16466 2729 5844 62072 48214 28215 50078 39951 5277 3445 4859 20061 19667 135993 119415 107427
is_linear=0
shrinkage=0.05


Tree=51
num_leaves=31
num_cat=0
split_feature=9 1 9 9 11 11 10 10 10 10 11 11 1 10 11 10 11 12 11 10 4 13 10 11 13 10 12 11 12 13
split_gain=29331.8 6264.39 2582.86 2142 1457.72 1287.31 1209.95 1143.16 1325.21 1871.83 2667.9 1384.08 1054.7 1048.97 1277.6 1005.98 1002.55 850.991 1277.68 972.653 833.145 823.232 849.823 804.278 2053.96 1637.91 1469.35 1037.14 1288.38 802.045
threshold=35.515878677368171 32.697250366210945 38.263473510742195 28.570462226867679 -0.81401595473289479 -0.72658059000968922 0.91927745938301098 -0.99628895521163929 -0.021515898406505581 -0.3415676057338714 -0.89388549327850331 -0.9946339726448058 36.47856521606446 -0.71466678380966175 -0.51235243678092945 -0.72660079598426808 0.97308227419853222 13.250000000000002 0.99164059758186351 -0.21772121638059613 8.1692676544189471 80.750000000000014 0.96683886647224437 -0.05591491982340812 78.250000000000014 0.20088869333267215 15.750000000000002 0.6838940978050233 14.750000000000002 80.750000000000014
decision_type=2 2 2 2 2 2 2 2 2 2 2 2 2 2 2 2 2 2 2 2 2 2 2 2 2 2 2 2 2 2
left_child=1 3 6 17 -4 12 -2 -5 9 10 -9 -10 -6 14 15 -12 -11 -1 19 -19 -15 23 -23 24 -3 26 -26 28 -25 -7
right_child=2 21 4 7 5 29 -8 8 11 16 13 -13 -14 20 -16 -17 -18 18 -20 -21 -22 22 -24 27 25 -27 -28 -29 -30 -31
leaf_value=-0.02892293236993472 0.0078324329248140017 -0.011713698024597249 0.01510299668025164 0.0084715088074395449 0.14706313968652787 0.030920771815759425 0.020929783522943057 0.023817104470790586 0.02388602804881405 -0.02691350696427465 0.012300624281764122 -0.0049096165786026661 0.047800591086505688 -0.013512622981454682 -0.0091325248087424111 -0.039002242562396955 -0.0092531509448421836 -0.017543743160609623 -0.037550927130322445 -0.00015704242911421598 -0.034866427994264766 -0.0090528112208237976 0.015855857762937308 0.00041667071175593745 0.016241687767803156 0.039457848186044121 -0.0087771468475420483 -0.0045900995481953635 0.018781948478419297 0.0090470691268337428
leaf_weight=15111 40428 20031 18078 10085 279 36943 31275 6121 4422 24681 11639 74110 6554 44603 71487 1041 11916 23582 5474 12208 5089 20751 4101 14161 12387 3878 11152 10677 29326 4727
leaf_count=15111 40428 20031 18078 10085 279 36943 31275 6121 4422 24681 11639 74110 6554 44603 71487 1041 11916 23582 5474 12208 5089 20751 4101 14161 12387 3878 11152 10677 29326 4727
internal_value=2.24396e-12 -0.00621304 0.0201299 -0.00992071 0.0272213 0.031738 0.0135452 -0.00803921 -0.00869192 -0.0110952 -0.00846296 -0.00328818 0.0518536 -0.00993904 -0.00653809 0.00808877 -0.0211633 -0.0187715 -0.015054 -0.0116131 -0.0156995 0.00321471 -0.00494246 0.00520977 0.000456995 0.00934897 0.00438859 0.00937323 0.0128015 0.0284394
internal_weight=586317 448033 138284 321569 66581 48503 71703 265194 255109 176577 139980 78532 6833 133859 84167 12680 36597 56375 41264 35790 49692 126464 24852 101612 47448 27417 23539 54164 43487 41670
internal_count=586317 448033 138284 321569 66581 48503 71703 265194 255109 176577 139980 78532 6833 133859 84167 12680 36597 56375 41264 35790 49692 126464 24852 101612 47448 27417 23539 54164 43487 41670
is_linear=0
shrinkage=0.05


Tree=52
num_leaves=31
num_cat=0
split_feature=9 1 9 9 10 10 10 10 10 11 11 10 12 11 11 11 10 10 7 10 11 13 11 12 1 11 13 12 10 11
split_gain=26478.6 5800.12 2273.4 1936.57 1345.54 1247.27 1216.34 970.021 1701.15 1227.64 1028.71 922.178 893.565 1281.89 874.584 1335.77 1352.04 1237.88 1183.05 801.098 1259.41 985.201 788.955 778.902 772.169 807.835 949.719 1503.53 1465.85 759.973
threshold=35.595941543579109 32.697250366210945 39.44108963012696 29.425127029418949 0.95992380380630504 0.20088869333267215 0.99762105941772472 -0.021515898406505581 -0.71466678380966175 -0.9946339726448058 -0.51235243678092945 -0.98211652040481556 13.250000000000002 0.99164059758186351 -0.98798605799674977 -0.88603779673576344 -0.3334656953811645 -0.09881922602653502 33.591936111450202 -0.21772121638059613 0.9549313783645631 80.250000000000014 0.53435277938842785 15.250000000000002 36.314168930053718 -0.05591491982340812 77.750000000000014 16.250000000000004 0.20088869333267215 0.41326330602169042
decision_type=2 2 2 2 2 2 2 2 2 2 2 2 2 2 2 2 2 2 2 2 2 2 2 2 2 2 2 2 2 2
left_child=1 3 4 12 22 -4 23 8 10 -9 -5 -12 -1 19 17 16 -16 -10 -19 20 -14 -22 -2 -6 25 26 -3 -28 -29 -27
right_child=2 24 5 7 6 -7 -8 9 14 -11 11 -13 13 -15 15 -17 -18 18 -20 -21 21 -23 -24 -25 -26 29 27 28 -30 -31
leaf_value=-0.024219159038863777 0.011743044957834145 -0.013672108541947739 -0.038561509528532517 0.010077153054015076 0.015163726403021317 0.029786549636679416 0.0067980126381693394 0.024668000990418087 -0.06145099902351802 -0.0035916795812579783 0.0027843260793779245 -0.009741631605565031 -0.01180082969308968 -0.029632367265128613 0.018900765716014123 -0.016358433197997801 -0.012506749083585731 -0.029857043019440269 0.037725233090625927 -0.0022973706807787116 -0.021688998114290217 -0.080935591127838213 -0.019717376252821529 0.035773993791275861 0.015791553178991082 0.011475872438119997 0.01223933721314679 -0.012753339012272553 0.02199970761805968 0.00049496456540186451
leaf_weight=22177 60220 14115 678 11033 6517 43076 7912 4094 2313 62699 20274 53385 38246 9729 5985 55661 8016 2946 830 21480 1712 1189 2061 15456 11022 30499 17842 18940 3613 32597
leaf_count=22177 60220 14115 678 11033 6517 43076 7912 4094 2313 62699 20274 53385 38246 9729 5985 55661 8016 2946 830 21480 1712 1189 2061 15456 11022 30499 17842 18940 3613 32597
internal_value=-1.3989e-12 -0.00583707 0.0193423 -0.00942453 0.0148868 0.0287274 0.0236082 -0.00692264 -0.00903043 -0.00185954 -0.00416127 -0.00629397 -0.0154385 -0.0127472 -0.0144743 -0.0128859 0.000919005 -0.0326463 -0.0150018 -0.0101242 -0.01421 -0.0459717 0.010702 0.0296612 0.00313711 0.00195114 -0.00250726 0.00139401 -0.00718589 0.00580286
internal_weight=586317 450397 135920 321769 92166 43754 29885 227236 160443 66793 84692 73659 94533 72356 75751 69662 14001 6089 3776 62627 41147 2901 62281 21973 128628 117606 54510 40395 22553 63096
internal_count=586317 450397 135920 321769 92166 43754 29885 227236 160443 66793 84692 73659 94533 72356 75751 69662 14001 6089 3776 62627 41147 2901 62281 21973 128628 117606 54510 40395 22553 63096
is_linear=0
shrinkage=0.05


Tree=53
num_leaves=31
num_cat=0
split_feature=9 1 9 9 10 10 10 10 10 10 11 13 10 12 13 10 11 12 11 13 12 10 7 12 10 5 11 10 13 10
split_gain=23896.9 5234.61 2066.64 1808.21 1235.45 1202.36 1161.17 1138.02 1148.16 910.648 905.226 1697.6 1698.04 1581.95 1474.24 1058.97 1175.66 1009.86 1631.53 1759.86 895.53 850.584 928.68 791.429 1162.4 1322.42 776.522 763.988 747.966 721.67
threshold=35.595941543579109 32.697250366210945 38.587604522705085 27.739242553710941 0.5772862732410432 0.77758994698524486 0.95992380380630504 -0.99628895521163929 0.44437406957149511 0.99762105941772472 0.79874977469444286 77.250000000000014 -0.012910176534205673 15.250000000000002 81.250000000000014 -0.22611359506845471 0.99548450112342846 17.250000000000004 -0.14153505116701123 78.750000000000014 16.250000000000004 0.25118774175643926 28.800920486450199 14.750000000000002 -0.32533907890319819 30.124102592468265 -0.25950218737125391 0.81403854489326488 80.750000000000014 0.96683886647224437
decision_type=2 2 2 2 2 2 2 2 2 2 2 2 2 2 2 2 2 2 2 2 2 2 2 2 2 2 2 2 2 2
left_child=1 3 6 21 -4 -6 -2 -5 10 -8 11 13 17 26 15 23 -17 18 19 -13 -21 22 -1 -12 25 -25 -9 -7 -3 -30
right_child=2 28 4 7 5 27 9 8 -10 -11 14 12 -14 -15 -16 16 -18 -19 -20 20 -22 -23 -24 24 -26 -27 -28 -29 29 -31
leaf_value=-0.026665570199483325 0.0085259545299884096 0.0048661323567087003 0.013614201728576315 0.0083149467362368459 0.042983405376475735 -0.0034701332263652376 0.027231120743964395 -0.035272184530863442 6.7989839870103913e-05 0.0056348253955857044 -0.03263976324668974 9.1327801911017612e-05 0.02161654322806715 -0.007516315900612346 -0.028846645693813039 -0.0013928850134683473 -0.019369071438409956 -0.0093405048277173958 -0.0097860588290525907 0.047895877001421137 0.012425806802664729 0.0025133694977738392 0.0015999819218686141 0.014645009962210291 -0.033916178974114891 -0.016854032881676796 -0.014759994303057701 0.026700729728095035 -0.0085303873133530713 0.014040155323796853
leaf_weight=24502 50626 103345 16374 10658 12278 2262 18809 10813 35517 6592 7365 14262 6123 26115 13468 33794 12445 64920 19444 3634 3487 3601 3297 4968 5189 10119 8048 28979 21024 4259
leaf_count=24502 50626 103345 16374 10658 12278 2262 18809 10813 35517 6592 7365 14262 6123 26115 13468 33794 12445 64920 19444 3634 3487 3601 3297 4968 5189 10119 8048 28979 21024 4259
internal_value=6.45238e-12 -0.00554522 0.0183751 -0.0089533 0.0253215 0.0297264 0.0129029 -0.00772073 -0.00833175 0.0216265 -0.00955345 -0.00728165 -0.0039834 -0.0154855 -0.0136328 -0.0108594 -0.00623109 -0.00546569 0.000695736 0.010227 0.0305269 -0.0203514 -0.0233132 -0.0186018 -0.0135027 -0.00648171 -0.0265196 0.0245162 0.00298026 -0.00472831
internal_weight=586317 450397 135920 321769 59893 43519 76027 290369 279711 25401 244194 156846 111870 44976 87348 73880 46239 105747 40827 21383 7121 31400 27799 27641 20276 15087 18861 31241 128628 25283
internal_count=586317 450397 135920 321769 59893 43519 76027 290369 279711 25401 244194 156846 111870 44976 87348 73880 46239 105747 40827 21383 7121 31400 27799 27641 20276 15087 18861 31241 128628 25283
is_linear=0
shrinkage=0.05


Tree=54
num_leaves=31
num_cat=0
split_feature=1 1 1 1 10 11 13 11 11 13 11 10 13 12 13 11 10 12 9 10 5 10 11 5 10 9 11 11 11 10
split_gain=21638.8 4447.13 2362 1086.64 1021.36 994.019 982.902 1970.71 1636.81 1458.22 908.14 941.476 888.876 877.713 1112.42 1062.26 966.219 914.815 868.184 836.036 818.376 782.911 1022.99 949.071 727.375 709.466 698.137 936.065 766.257 990.746
threshold=33.636152267456062 37.174047470092781 30.096134185791019 42.860454559326179 0.75548630952835094 -0.96227341890335072 76.750000000000014 0.28434865176677709 -0.09024826809763907 81.250000000000014 -0.93533331155776966 0.5772862732410432 80.250000000000014 15.250000000000002 81.750000000000014 0.25118076056241995 0.99762105941772472 18.750000000000004 36.059276580810554 0.098819226026535048 39.856796264648445 0.65839549899101268 -0.73829901218414296 30.021505355834964 -0.99628895521163929 30.663523674011234 -0.97502842545509327 -0.95234230160713185 -0.78295108675956715 -0.50495636463165272
decision_type=2 2 2 2 2 2 2 2 2 2 2 2 2 2 2 2 2 2 2 2 2 2 2 2 2 2 2 2 2 2
left_child=2 20 4 5 6 12 8 -8 -1 19 -7 -12 -3 -13 15 16 17 -15 -14 -9 -2 24 -23 -24 -4 26 -26 -28 29 -29
right_child=1 3 21 -5 -6 10 7 9 -10 -11 11 13 18 14 -16 -17 -18 -19 -20 -21 -22 22 23 -25 25 -27 27 28 -30 -31
leaf_value=-0.031095226354972846 0.0060941914016740019 0.0068862301416818834 0.0074532961423272523 0.045225254612297323 0.036830771829864502 0.050694278566451006 -0.00080600149412220668 -0.014505732635708951 -0.0090585832294319268 -0.026405503195166352 0.0076256992852321544 0.010523624981054807 0.064840864102409135 0.027027541940779526 0.0053941701572916556 -0.0024068406926396075 0.010439477132167668 0.043137812925406256 -0.080896924570837331 0.00040152522337860166 0.056712436547128722 0.11630643766636345 0.041370996683958126 0.00073928884895559696 0.013946325053207654 -0.0037716136355743094 -0.044485132725266129 0.038343701921875223 -0.01207305126114815 -0.0056568012281001208
leaf_weight=16948 116866 2394 10846 4448 1048 2485 35774 34973 16759 20610 12919 12810 123 28238 6393 2793 5915 12809 604 12865 804 201 1525 24954 2880 134963 2047 1742 53764 4817
leaf_count=16948 116866 2394 10846 4448 1048 2485 35774 34973 16759 20610 12919 12810 123 28238 6393 2793 5915 12809 604 12865 804 201 1525 24954 2880 134963 2047 1742 53764 4817
internal_value=6.7332e-12 0.0128775 -0.00716489 0.0211172 -0.0123431 0.0198915 -0.0127168 -0.0103164 -0.0201387 -0.0152869 0.0209166 0.0200129 -0.00781823 0.0223335 0.0250279 0.0275507 0.0293323 0.0320549 -0.0562398 -0.0104967 0.00644005 -0.00413781 0.00393241 0.00307938 -0.00515797 -0.00584115 -0.0101218 -0.0112331 -0.0101048 0.00602926
internal_weight=586317 209601 376716 91931 138977 87483 137929 104222 33707 68448 84362 81877 3121 68958 56148 49755 46962 41047 727 47838 117670 237739 26680 26479 211059 200213 65250 62370 60323 6559
internal_count=586317 209601 376716 91931 138977 87483 137929 104222 33707 68448 84362 81877 3121 68958 56148 49755 46962 41047 727 47838 117670 237739 26680 26479 211059 200213 65250 62370 60323 6559
is_linear=0
shrinkage=0.05


Tree=55
num_leaves=31
num_cat=0
split_feature=9 1 9 12 13 11 13 11 10 10 10 10 11 13 5 11 10 11 10 10 11 11 7 13 12 10 2 10 13 10
split_gain=19652.8 4268.27 1695.22 1635.01 2140.86 1632.56 1628.34 2490.18 1898.82 1068.98 1053.55 1003.64 1542.36 952.596 908.563 890.824 975.617 1915.98 1187.01 1591.98 1129.41 1057.18 906.668 854.492 814.083 803.817 783.906 773.479 703.636 699.627
threshold=35.595941543579109 32.734432220458991 39.44108963012696 14.250000000000002 77.750000000000014 -0.14153505116701123 80.750000000000014 0.54882264137268078 0.65839549899101268 0.95992380380630504 0.20088869333267215 0.9946616291999818 0.047319635748863227 78.750000000000014 30.021505355834964 0.9937097728252412 -0.012910176534205673 -0.98798605799674977 -0.20931270718574521 -0.3415676057338714 -0.9946339726448058 -0.96681198477745045 33.44783020019532 83.250000000000014 15.750000000000002 -0.99628895521163929 7.2670378684997567 0.30081701278686529 80.250000000000014 -0.46735489368438715
decision_type=2 2 2 2 2 2 2 2 2 2 2 2 2 2 2 2 2 2 2 2 2 2 2 2 2 2 2 2 2 2
left_child=1 3 9 4 -1 13 8 23 15 -2 28 -11 -13 -6 -10 16 17 20 19 25 22 24 26 -8 -18 -19 -5 -7 -4 -27
right_child=2 -3 10 6 5 27 7 -9 14 11 -12 12 -14 -15 -16 -17 21 18 -20 -21 -22 -23 -24 -25 -26 29 -28 -29 -30 -31
leaf_value=-0.021260847150564727 0.0090862520849971807 0.0027651563398949463 -0.0043604462760655832 -0.016651381196642744 0.0064673338249901296 -0.015440712232391933 -0.0071607891807412118 -0.021641081834567862 0.078188687190224954 0.028033367934910722 0.025741453213056743 -0.0013889557798875208 0.039643501708644543 0.049430062555148979 0.018122508234923968 -0.017818144877510367 -0.0063688654882418571 0.01384795019138766 0.014759254020713661 -0.022215912796391044 -0.07319554224121072 0.00096596375648319371 0.030522232967676394 0.011402796867970383 0.042909901503772066 -0.0063113592103317476 -0.092915001912022566 0.0052470278307622624 -0.11638304263993045 0.0062597052508366127
leaf_weight=46118 62281 126375 480 1210 5294 18647 28659 36226 741 18004 43076 8783 3098 1706 4186 11419 1190 6304 7684 12716 1539 28612 681 7910 2834 81099 467 5963 198 12817
leaf_count=46118 62281 126375 480 1210 5294 18647 28659 36226 741 18004 43076 8783 3098 1706 4186 11419 1190 6304 7684 12716 1539 28612 681 7910 2834 81099 467 5963 198 12817
internal_value=2.96817e-12 -0.00502875 0.0166637 -0.00806852 -0.0143909 -0.0043679 -0.00607324 -0.0123497 -0.00343983 0.0128163 0.0247681 0.0205899 0.00931036 0.016938 0.0271562 -0.00433409 -0.00335431 -0.0053712 -0.00425638 -0.00555017 -0.0398773 0.00434079 -0.0181314 -0.00314542 0.0283369 -0.00343561 -0.0378888 -0.0104281 -0.037075 -0.00459575
internal_weight=586317 450397 135920 324022 77728 31610 246294 72795 173499 92166 43754 29885 11881 7000 4927 168572 157153 124517 120620 112936 3897 32636 2358 36569 4024 100220 1677 24610 678 93916
internal_count=586317 450397 135920 324022 77728 31610 246294 72795 173499 92166 43754 29885 11881 7000 4927 168572 157153 124517 120620 112936 3897 32636 2358 36569 4024 100220 1677 24610 678 93916
is_linear=0
shrinkage=0.05


Tree=56
num_leaves=31
num_cat=0
split_feature=1 1 1 12 10 12 11 13 13 11 11 12 13 11 10 11 10 10 10 9 10 12 11 13 13 11 12 13 10 12
split_gain=17853.8 3230.66 1709.51 1344.13 1127.59 1099.74 1849.33 1004.06 1262.73 1579.2 993.694 1664.68 989.722 1097.18 975.973 1152.02 935.508 863.171 874.89 830.138 763.53 743.443 723.138 707.398 692.61 976.988 680.134 664.847 642.11 1839.22
threshold=35.373973846435554 30.993125915527347 39.852291107177741 14.250000000000002 0.96460527181625377 18.250000000000004 0.77756834030151378 80.750000000000014 78.250000000000014 -0.09024826809763907 0.41326330602169042 16.250000000000004 78.250000000000014 0.28434865176677709 0.15005400776863101 -0.09024826809763907 -0.86958134174346913 -0.95747631788253773 0.047320950776338584 33.354404449462898 0.11593352630734445 19.250000000000004 -0.37370587885379786 79.750000000000014 76.750000000000014 -0.09024826809763907 13.750000000000002 79.250000000000014 0.21772121638059619 16.750000000000004
decision_type=2 2 2 2 2 2 2 2 2 2 2 2 2 2 2 2 2 2 2 2 2 2 2 2 2 2 2 2 2 2
left_child=1 3 28 12 7 20 17 8 9 -3 11 22 -1 -14 15 -13 -12 -7 -19 -11 24 -4 27 -8 25 -5 -6 -10 29 -2
right_child=2 4 21 5 26 6 23 -9 10 19 16 14 13 -15 -16 -17 -18 18 -20 -21 -22 -23 -24 -25 -26 -27 -28 -29 -30 -31
leaf_value=-0.019630682894387318 0.013490238858346541 -0.011714124785663289 0.019841462754800979 -0.027192663939342498 -0.0007896059142053814 0.014195087879124725 -0.010475991057610679 -0.0083414055131567893 0.015325646292371166 -0.0018969571003535721 -0.032756635970237584 -0.010778252143772251 0.03285286074095297 -0.0096554757674741608 0.022412578205245434 0.012304545945004589 -0.00038492109628903857 -0.010063355313556992 0.016194672500653217 0.01335671126990391 0.0079543919033393268 0.035156202172282457 0.007142363389042285 -0.025291829296971609 -0.0021593983319235267 -0.0014591898872159971 0.026961317754343624 0.03574579442996656 0.013405725223652755 -0.034847282387923256
leaf_weight=44468 7023 39997 24963 7536 3632 5745 12839 45783 10109 39268 2389 17974 1739 11944 4107 7730 33918 26699 3600 11541 13548 11610 11644 21629 46292 7224 5631 6581 96420 2734
leaf_count=44468 7023 39997 24963 7536 3632 5745 12839 45783 10109 39268 2389 17974 1739 11944 4107 7730 33918 26699 3600 11541 13548 11610 11644 21629 46292 7224 5631 6581 96420 2734
internal_value=-5.72093e-13 -0.00494968 0.0153801 -0.00958936 -0.00102518 -0.00701548 -0.0114926 -0.00171098 -7.23915e-05 -0.00428242 0.00397513 0.00802769 -0.0160123 -0.00425301 -0.000220244 -0.00383653 -0.00251498 -0.00357424 -0.00694349 0.00156783 -0.00278367 0.0247031 0.0167056 -0.0197731 -0.00516655 -0.0145979 0.0160802 0.0233775 0.0121688 -5.43735e-05
internal_weight=586317 443567 142750 203263 240304 145112 70512 231041 185258 90806 94452 58145 58151 13683 29811 25704 36307 36044 30299 50809 74600 36573 28334 34468 61052 14760 9263 16690 106177 9757
internal_count=586317 443567 142750 203263 240304 145112 70512 231041 185258 90806 94452 58145 58151 13683 29811 25704 36307 36044 30299 50809 74600 36573 28334 34468 61052 14760 9263 16690 106177 9757
is_linear=0
shrinkage=0.05


Tree=57
num_leaves=31
num_cat=0
split_feature=1 1 12 13 11 11 1 10 13 11 10 10 11 10 10 10 7 5 13 5 13 13 11 10 11 11 11 12 9 10
split_gain=16166.2 3269.34 1461.53 1444.54 1581.27 1308.95 1262.71 1097.24 1019.19 2036.62 1053.86 1013.53 2062.99 1070.26 1249.13 1055.83 1251.38 933.975 850.544 811.952 757.865 797.276 1441.36 783.993 805.663 748.868 728.804 2010.68 695.652 692.062
threshold=35.836038589477546 32.120763778686531 14.250000000000002 78.250000000000014 -0.14153505116701123 0.9937097728252412 40.138969421386726 0.75548630952835094 80.750000000000014 0.54882264137268078 0.36571913957595831 -0.012910176534205673 -0.98798605799674977 -0.20931270718574521 -0.3415676057338714 -0.09881922602653502 33.44783020019532 30.056657791137699 83.750000000000014 36.390266418457038 80.750000000000014 77.750000000000014 -0.09024826809763907 1.0000000180025095e-35 0.26780438423156744 -0.9946339726448058 -0.97870382666587818 16.750000000000004 31.560298919677738 -0.99628895521163929
decision_type=2 2 2 2 2 2 2 2 2 2 2 2 2 2 2 2 2 2 2 2 2 2 2 2 2 2 2 2 2 2
left_child=1 2 3 -1 -5 7 26 8 11 10 18 12 15 14 29 -4 28 -9 -10 20 21 22 -3 -23 -25 -13 27 -2 -17 -14
right_child=6 19 5 4 -6 -7 -8 17 9 -11 -12 25 13 -15 -16 16 -18 -19 -20 -21 -22 23 -24 24 -26 -27 -28 -29 -30 -31
leaf_value=-0.01819755636041212 0.020134260454622129 -0.013150251967342083 -0.076494229322252236 0.033020932938648211 -0.0080032349191990031 -0.019800581578386451 0.024266177490892743 0.076797418182439833 -0.0046045910402709835 -0.019707978607631401 0.20483772370123093 0.033143999841554188 0.015383388004032314 0.014579675580419156 -0.02020160037260918 -0.0070185123890296993 0.044996076787959922 0.010527901111908987 0.022388945675322184 0.016416790607714903 -0.0065687948241744233 0.00094587482692889665 0.0044852341674872145 0.021014799462450807 0.0049430600090108294 0.0031156167690120531 0.013664816186011217 -0.056036150097352737 -0.077853193441201382 -0.0041039931367469326
leaf_weight=52084 2260 20552 1412 2738 16529 15116 31961 675 25580 29787 62 2237 4833 7411 12043 652 540 2504 3294 8203 32251 49773 26558 12307 21282 28895 93160 1405 740 79473
leaf_count=52084 2260 20552 1412 2738 16529 15116 31961 675 25580 29787 62 2237 4833 7411 12043 652 540 2504 3294 8203 32251 49773 26558 12307 21282 28895 93160 1405 740 79473
internal_value=1.4478e-12 -0.00440486 -0.00766887 -0.0138705 -0.00217336 -0.00561318 0.0156489 -0.00454164 -0.00501198 -0.0105304 -0.00108295 -0.00266774 -0.00497597 -0.00373021 -0.00513858 -0.0436302 -0.0196116 0.024599 -0.00152512 0.00106817 0.000294433 0.00199093 -0.00320834 0.00492918 0.0108317 0.00527332 0.0128044 -0.00906613 -0.0446749 -0.00298684
internal_weight=586317 457531 286605 71351 19267 215254 128786 200138 196959 58723 28936 138236 107104 103760 96349 3344 1932 3179 28874 170926 162723 130472 47110 83362 33589 31132 96825 3665 1392 84306
internal_count=586317 457531 286605 71351 19267 215254 128786 200138 196959 58723 28936 138236 107104 103760 96349 3344 1932 3179 28874 170926 162723 130472 47110 83362 33589 31132 96825 3665 1392 84306
is_linear=0
shrinkage=0.05


Tree=58
num_leaves=31
num_cat=0
split_feature=1 10 11 13 12 12 13 13 9 11 9 11 9 10 10 11 11 12 1 12 11 12 11 10 12 13 11 13 13 11
split_gain=14590 3076.94 1909.9 3182.12 2208.37 2102.52 1956.75 1584.02 1556.06 1337.93 1195.81 1184.19 1380.65 1283.79 1226.18 1106.36 1060.84 1044.29 1008.85 995.509 944.302 1219.32 1196.78 975.725 1195.8 1553.07 1072.16 942.415 928.557 1791.96
threshold=35.836038589477546 0.44437406957149511 0.56312987208366405 77.250000000000014 15.250000000000002 17.250000000000004 78.750000000000014 81.750000000000014 37.630399703979499 -0.38961601257324213 41.78544998168946 -0.19244445115327832 32.594768524169929 0.16705007851123813 -0.064507851377129541 -0.09024826809763907 -0.99049577116966236 13.750000000000002 30.680515289306644 14.250000000000002 -0.96227341890335072 16.750000000000004 -0.93533331155776966 0.54883790016174328 15.250000000000002 81.750000000000014 -0.71464690566062916 77.250000000000014 80.250000000000014 -0.48248986899852747
decision_type=2 2 2 2 2 2 2 2 2 2 2 2 2 2 2 2 2 2 2 2 2 2 2 2 2 2 2 2 2 2
left_child=1 2 3 4 -1 6 -5 19 17 -8 20 12 14 -14 16 -6 18 27 -7 -4 21 -2 -22 -24 -25 26 -26 -3 -19 -30
right_child=10 8 7 5 15 11 9 -9 -10 -11 -12 -13 13 -15 -16 -17 -18 28 -20 -21 22 -23 23 24 25 -27 -28 -29 29 -31
leaf_value=-0.024487133503259793 0.015665031241456275 -0.016178647501913654 -0.016981198288145174 -0.0016558635659609572 -0.010651228878946923 -0.10212157761499439 0.022964973646175744 -0.024636471218603521 0.042595320349190252 0.0038117133255496588 0.030433545827320975 0.0031581700227275352 -0.025300371115412029 0.0057609592545450365 0.022536313692056865 0.0093140425087279051 -0.0047241172255811153 0.010333392834538727 -0.016938346296321623 -0.0061865396833123542 0.04341022106997755 -0.027953723216070699 0.00099874684251362528 0.0053417120588560556 0.040749934800172513 0.0016688903072562937 0.019388138563829465 0.0034515103399084274 0.053559140143832264 -0.0048107281334980947
leaf_weight=25678 3338 11969 28423 38755 25203 542 20462 18508 2513 16446 11258 29798 17186 4125 4042 9575 35814 43369 969 85930 3457 3081 13589 22719 6602 11482 53260 12499 1390 24335
leaf_count=25678 3338 11969 28423 38755 25203 542 20462 18508 2513 16446 11258 29798 17186 4125 4042 9575 35814 43369 969 85930 3457 3081 13589 22719 6602 11482 53260 12499 1390 24335
internal_value=4.68629e-12 -0.00418461 -0.00629857 -0.00352772 -0.0133658 9.64534e-06 0.00619092 -0.011066 0.00376859 0.0144304 0.0148664 -0.00504782 -0.00894906 -0.0192881 -0.00362272 -0.00515444 -0.00645553 0.00272574 -0.0474938 -0.00886961 0.0133753 -0.00527116 0.0144525 0.0135226 0.0153319 0.0185132 0.0217441 -0.00615096 0.00586921 -0.00165683
internal_weight=586317 457531 361456 228595 60456 168139 75663 132861 96075 36908 128786 92476 62678 21311 41367 34778 37325 93562 1511 114353 117528 6419 111109 107652 94063 71344 59862 24468 69094 25725
internal_count=586317 457531 361456 228595 60456 168139 75663 132861 96075 36908 128786 92476 62678 21311 41367 34778 37325 93562 1511 114353 117528 6419 111109 107652 94063 71344 59862 24468 69094 25725
is_linear=0
shrinkage=0.05


Tree=59
num_leaves=31
num_cat=0
split_feature=1 10 10 1 9 7 11 13 12 13 12 11 12 11 10 12 13 4 13 12 13 10 10 13 11 12 10 6 11 11
split_gain=13167.5 2776.94 1742.22 1550.93 1404.34 1092.94 1002.6 2065.99 3364.21 1218.23 942.471 918.328 1188.71 1030.48 978.884 1019.49 1285.04 866.176 937.742 857.194 1353.38 1082.16 853.982 850.53 829.722 958.934 818.977 866.824 806.627 787.017
threshold=35.836038589477546 0.44437406957149511 -0.99628895521163929 28.015341758728031 37.630399703979499 41.538871765136726 0.41326330602169042 77.750000000000014 16.750000000000004 78.750000000000014 13.750000000000002 -0.96227341890335072 16.750000000000004 -0.93533331155776966 0.49002411961555487 15.250000000000002 80.750000000000014 1.0000000180025095e-35 80.250000000000014 14.750000000000002 80.750000000000014 -0.24284747242927548 0.38168568909168249 77.250000000000014 0.23448270559310916 18.250000000000004 0.21772121638059619 0.11240052431821825 0.25118076056241995 -0.48248986899852747
decision_type=2 2 2 2 2 2 2 2 2 2 2 2 2 2 2 2 2 2 2 2 2 2 2 2 2 2 2 2 2 2
left_child=1 2 -1 22 10 11 7 -5 9 -9 23 12 -2 -13 -15 -16 24 18 -12 21 -21 -8 -4 -3 25 -17 -14 -28 -18 -20
right_child=5 4 3 6 -6 -7 19 8 -10 -11 17 13 26 14 15 16 28 -19 29 20 -22 -23 -24 -25 -26 -27 27 -29 -30 -31
leaf_value=0.010109929136871261 0.014802760490580727 -0.015369715115060507 -0.015440067553649206 -0.010943005231188886 0.04046555434472613 0.027572867829967426 -0.025115496507472225 0.0023704312353968692 -0.0057080614031276644 0.019122724430204043 0.0083595388536391417 0.040556697239980816 -0.049914325725236436 -0.002780298800362169 0.0052237874142470227 0.018634762709213406 0.007859036044242363 0.022890974873547618 0.047910244421614373 -0.003317964355326216 -0.016825996509127909 -0.0061208406073584394 -0.075631204349352665 0.0032789348462229206 0.0077338711858763697 0.034113797207519329 0.030425134496043643 -0.059731494937721008 -0.051629516300761152 -0.0060617076849905169
leaf_weight=16069 3327 11969 36325 57694 2513 13519 16177 19669 77618 24210 40020 3440 1807 9258 23635 28664 18441 6539 697 74422 24696 13977 599 12499 9484 15371 867 385 588 21838
leaf_count=16069 3327 11969 36325 57694 2513 13519 16177 19669 77618 24210 40020 3440 1807 9258 23635 28664 18441 6539 697 74422 24696 13977 599 12499 9484 15371 867 385 588 21838
internal_value=7.93759e-12 -0.00397538 -0.00598365 -0.00673239 0.00358016 0.0141231 -0.00557317 -0.00315199 0.000547642 0.0116134 0.00258945 0.0125457 -0.00588231 0.0136265 0.0127479 0.0142426 0.0171807 0.00557575 0.00376575 -0.0089293 -0.00668359 -0.0163111 -0.0164165 -0.00584342 0.0211487 0.0240379 -0.0283796 0.00270125 0.00602083 -0.00439237
internal_weight=586317 457531 361456 345387 96075 128786 308463 179191 121497 43879 93562 115267 6386 108881 105441 96183 72548 69094 62555 129272 99118 30154 36924 24468 53519 44035 3059 1252 19029 22535
internal_count=586317 457531 361456 345387 96075 128786 308463 179191 121497 43879 93562 115267 6386 108881 105441 96183 72548 69094 62555 129272 99118 30154 36924 24468 53519 44035 3059 1252 19029 22535
is_linear=0
shrinkage=0.05


Tree=60
num_leaves=31
num_cat=0
split_feature=1 10 11 13 12 12 13 13 9 11 11 9 10 10 9 11 10 12 13 11 10 13 5 12 10 3 11 11 10 9
split_gain=11883.6 2506.19 1580.16 2673.31 1966.21 1730.4 1608.2 1351.12 1267.42 1176.3 1041.47 1052.5 1128.82 1077.25 993.792 959.415 905.661 855.268 927.572 1689.9 912.782 884.239 855.503 821.852 834.344 809.467 896.064 809.386 809.312 862.201
threshold=35.836038589477546 0.44437406957149511 0.56312987208366405 77.250000000000014 15.250000000000002 17.250000000000004 78.750000000000014 81.750000000000014 37.630399703979499 -0.38961601257324213 -0.09024826809763907 32.814941406250007 0.047320950776338584 0.16705007851123813 41.78544998168946 -0.09024826809763907 -0.71466678380966175 14.250000000000002 79.750000000000014 -0.48248986899852747 0.96460527181625377 77.250000000000014 30.392380714416507 14.250000000000002 -0.24284747242927548 33.732040405273445 -0.9946339726448058 -0.99759334325790394 1.0000000180025095e-35 32.164163589477546
decision_type=2 2 2 2 2 2 2 2 2 2 2 2 2 2 2 2 2 2 2 2 2 2 2 2 2 2 2 2 2 2
left_child=1 2 3 4 16 6 -5 23 17 -8 11 12 -7 25 -2 28 -1 21 22 -20 -21 -3 -19 24 -4 26 27 -13 29 -6
right_child=14 8 7 5 15 10 9 -9 -10 -11 -12 13 -14 -15 -16 -17 -18 18 19 20 -22 -23 -24 -25 -26 -27 -28 -29 -30 -31
leaf_value=-0.013714913174987999 0.012057580752896441 -0.013396152078099594 -0.023787754075127336 -0.0014278870842001374 -0.007671308479135313 -0.0055383649803538229 0.021157963645167553 -0.022554054892826664 0.038442276580735381 0.0031988079004110896 0.0039949426366846629 -0.011531200256463491 0.030599049624734472 0.0054438345949454634 0.027608313987807821 0.0090400762230590376 -0.032515811280613691 0.037953229189379163 0.051290752746466155 -0.0074579127776357376 0.015281041745440864 0.0038377108426114036 0.0090793415914598614 -0.0055545071366553218 -0.0066522203111668652 -0.044357034450020483 -0.024702935046013428 0.047291583681760035 0.0093572990290580107 -0.030892422726911364
leaf_weight=13440 117528 14473 14448 38755 15152 44995 20462 18508 2513 16446 25910 1709 2270 4000 11258 9575 12238 2802 1495 23666 5425 15323 30378 85930 13975 3620 9083 889 4621 5430
leaf_count=13440 117528 14473 14448 38755 15152 44995 20462 18508 2513 16446 25910 1709 2270 4000 11258 9575 12238 2802 1495 23666 5425 15323 30378 85930 13975 3620 9083 889 4621 5430
internal_value=4.97932e-12 -0.00377661 -0.00568446 -0.00316413 -0.0121814 7.81239e-05 0.00568579 -0.0100208 0.00340115 0.0131555 -0.00451002 -0.00782047 -0.00380279 -0.0176591 0.013417 -0.00443334 -0.0226753 0.00245998 0.00572778 -0.000553182 -0.00321747 -0.0045334 0.0115177 -0.00799235 -0.0153626 -0.0236987 -0.0172966 0.00859715 -0.00955209 -0.0137976
internal_weight=586317 457531 361456 228595 60456 168139 75663 132861 96075 36908 92476 66566 47265 19301 128786 34778 25678 93562 63766 30586 29091 29796 33180 114353 28423 15301 11681 2598 25203 20582
internal_count=586317 457531 361456 228595 60456 168139 75663 132861 96075 36908 92476 66566 47265 19301 128786 34778 25678 93562 63766 30586 29091 29796 33180 114353 28423 15301 11681 2598 25203 20582
is_linear=0
shrinkage=0.05


Tree=61
num_leaves=31
num_cat=0
split_feature=1 10 10 1 9 11 13 11 13 12 13 12 13 12 10 12 13 5 11 10 13 12 13 11 12 4 10 13 11 10
split_gain=10731.8 2274.99 1492.04 1314.83 1110.99 989.36 1017.35 961.515 2270.82 2289.37 1674.06 1046 1004.42 1251.54 1067.2 931.437 889.581 878.104 867.628 890.598 984.689 879.136 1093.75 831.411 796.588 787.412 785.607 779.645 775.796 815.581
threshold=35.913198471069343 0.44437406957149511 -0.99628895521163929 26.678178787231449 37.630399703979499 -0.96227341890335072 80.750000000000014 0.41326330602169042 77.250000000000014 16.750000000000004 78.750000000000014 15.750000000000002 81.250000000000014 14.750000000000002 -0.24284747242927548 19.250000000000004 81.750000000000014 28.315699577331547 -0.93533331155776966 0.54883790016174328 78.750000000000014 14.750000000000002 80.750000000000014 -0.71464690566062916 13.750000000000002 0.12899281084537509 -0.16705007851123807 81.250000000000014 -0.46734189987182612 0.51973900198936474
decision_type=2 2 2 2 2 2 2 2 2 2 2 2 2 2 2 2 2 2 2 2 2 2 2 2 2 2 2 2 2 2
left_child=1 2 -1 26 24 6 -2 8 11 10 -10 -5 13 14 -9 18 -17 -15 -7 20 -20 -21 23 -23 -3 27 -4 -26 29 -6
right_child=5 4 3 7 28 15 -8 12 9 -11 -12 -13 -14 17 -16 16 -18 -19 19 21 -22 22 -24 -25 25 -27 -28 -29 -30 -31
leaf_value=0.0095171543988879642 0.0016555004222884491 -0.005378866305667405 -0.014114141693435396 -0.020653736696241345 0.011670249703551811 0.039403626432681658 -0.056397222144334805 -0.022374154250420001 0.0001494988617671254 -0.004990546937006189 0.017681921679442363 -0.0058204785828321623 -0.017894425243596069 0.015531822201581775 -0.0050640696252256916 0.028646574322172016 0.0081837621053971778 -0.0046981687872107826 -0.020180834695271963 0.0027252508546367865 0.0091511193942532595 0.034253629289711755 -0.0001482098411945288 0.01582653040960625 0.0066562745748314778 0.021692788850741745 -0.041681983660247529 -0.0059055295786093059 -0.006735638075568106 0.079362565910225266
leaf_weight=16072 5336 24771 9415 21764 734 2733 879 19499 30342 87777 24698 26183 24006 5768 16387 17556 7615 76598 4549 17210 7712 7053 9505 46337 47160 6453 3562 16735 778 1130
leaf_count=16072 5336 24771 9415 21764 734 2733 879 19499 30342 87777 24698 26183 24006 5768 16387 17556 7615 76598 4549 17210 7712 7053 9505 46337 47160 6453 3562 16735 778 1130
internal_value=3.96457e-12 -0.00354781 -0.00537527 -0.00606703 0.0032204 0.012898 -0.00655501 -0.00545859 -0.00313852 2.2329e-05 0.00801679 -0.0125536 -0.00856975 -0.00667677 -0.0144697 0.0139032 0.0224559 -0.00328148 0.0116394 0.0108179 -0.00173144 0.0127388 0.0154788 0.0182608 0.00233207 0.00504726 -0.0216811 0.00336616 0.0352026 0.0527069
internal_weight=586317 459832 362071 345999 97761 126485 6215 333022 190764 142817 55040 47947 142258 118252 35886 120270 25171 82366 95099 92366 12261 80105 62895 53390 95119 70348 12977 63895 2642 1864
internal_count=586317 459832 362071 345999 97761 126485 6215 333022 190764 142817 55040 47947 142258 118252 35886 120270 25171 82366 95099 92366 12261 80105 62895 53390 95119 70348 12977 63895 2642 1864
is_linear=0
shrinkage=0.05


Tree=62
num_leaves=31
num_cat=0
split_feature=1 10 11 10 1 12 11 11 13 5 11 10 11 12 12 13 10 4 11 10 10 10 11 5 10 11 11 10 10 5
split_gain=9685.95 2102.17 2591.92 1287.63 1182.3 1057.87 1391.12 1196.73 963.21 948.706 943.869 929.87 889.667 964.108 845.546 1026.29 825.124 831.995 772.78 949.878 1021.53 871.552 1277.58 811.992 864.736 775.666 1024.25 1281.27 1376.05 1667.96
threshold=35.989843368530281 0.63209757208824169 -0.73829901218414296 -0.99628895521163929 27.844524383544925 14.750000000000002 -0.51235243678092945 -0.35768499970436091 79.750000000000014 31.698678970336918 0.20088311284780505 0.87795194983482372 -0.96227341890335072 16.750000000000004 18.750000000000004 81.750000000000014 0.20088869333267215 0.17161487042903903 0.99548450112342846 -1.0000000180025095e-35 0.098819226026535048 -0.71466678380966175 -0.62538740038871754 32.735582351684577 -0.73831951618194569 0.97690230607986461 -0.78295108675956715 -0.38168568909168238 -0.45972847938537592 27.17766094207764
decision_type=2 2 2 2 2 2 2 2 2 2 2 2 2 2 2 2 2 2 2 2 2 2 2 2 2 2 2 2 2 2
left_child=1 3 -3 -1 -5 -4 -7 11 9 -9 -11 -8 13 -2 -14 -16 -15 -18 19 21 -21 22 23 24 -6 26 27 28 29 -23
right_child=12 2 5 4 18 6 7 8 -10 10 -12 -13 14 16 15 -17 17 -19 -20 20 -22 25 -24 -25 -26 -27 -28 -29 -30 -31
leaf_value=0.0090484457165767081 0.013283051771627287 0.076566348818824903 -0.0047778290607708405 -0.014346737925340939 0.020958378096847304 0.04644239894007765 0.023922777545045723 0.044002303910204543 0.00032400486358815164 0.058658387608938226 0.0083590921376398824 -0.062081258619479329 0.010557088635299156 -0.055909215718501715 0.024977217980579045 0.0060496440784893815 0.015546583287695707 -0.075017430531654272 -0.015968819993969478 0.016992914398760006 -0.001286804010538069 -0.094157090148749401 -0.0039843893995218198 0.048113575061665859 -0.019164497147154631 0.0052088577514112257 -0.014482180710337883 -0.011394638275167792 0.022771165559716849 -0.0010323256221009517
leaf_weight=16075 3033 1223 26605 33627 4363 2210 440 2529 22724 989 16375 1100 82387 1336 25962 9890 1268 317 14115 8509 75081 497 113117 1639 1940 9318 56864 31050 6952 14782
leaf_count=16075 3033 1223 26605 33627 4363 2210 440 2529 22724 989 16375 1100 82387 1336 25962 9890 1268 317 14115 8509 75081 497 113117 1639 1940 9318 56864 31050 6952 14782
internal_value=7.84076e-12 -0.00333153 0.00437952 -0.00480634 -0.00540528 0.00316968 0.0077299 0.00579239 0.00735711 0.0153911 0.011224 -0.0375087 0.0123967 -0.00646199 0.0133463 0.0197559 -0.0269641 -0.00256622 -0.00451631 -0.00401755 0.00057397 -0.00561327 -0.00262336 0.0167616 0.00860896 -0.00864312 -0.00981496 -0.00483389 0.00432951 -0.00406152
internal_weight=586317 462124 74195 387929 371854 72972 46367 44157 42617 19893 17364 1540 124193 5954 118239 35852 2921 1585 338227 324112 83590 240522 121059 7942 6303 119463 110145 53281 22231 15279
internal_count=586317 462124 74195 387929 371854 72972 46367 44157 42617 19893 17364 1540 124193 5954 118239 35852 2921 1585 338227 324112 83590 240522 121059 7942 6303 119463 110145 53281 22231 15279
is_linear=0
shrinkage=0.05


Tree=63
num_leaves=31
num_cat=0
split_feature=9 10 11 10 9 10 11 3 11 7 12 11 13 13 10 11 10 13 13 11 12 12 11 11 10 10 9 10 10 10
split_gain=8807.67 2524.14 1202.8 1148.52 1073.81 992.536 1718.27 1131.38 930.262 2296.06 807.503 1732.68 786.546 771.799 741.004 947.429 1185.6 740.249 1563.15 1540.19 1840.27 1189.57 1159.49 940.238 1610.78 1499.36 1333.02 824.854 817.827 803.047
threshold=36.461299896240241 0.7324872910976411 0.61864846944808971 -0.99628895521163929 27.739242553710941 0.5772862732410432 -0.72658059000968922 34.943683624267585 0.56312987208366405 30.102701187133793 14.750000000000002 -0.51235243678092945 77.750000000000014 79.750000000000014 0.91585582494735729 -0.61186373233795155 0.81403854489326488 80.750000000000014 78.750000000000014 0.39752808213233953 16.250000000000004 14.750000000000002 0.56312987208366405 -1.0000000180025095e-35 0.69636976718902599 1.0000000180025095e-35 32.131294250488288 -0.012910176534205673 -0.15005400776863095 0.21772121638059619
decision_type=2 2 2 2 2 2 2 2 2 2 2 2 2 2 2 2 2 2 2 2 2 2 2 2 2 2 2 2 2 2
left_child=1 3 8 -1 -5 -2 7 -7 10 -10 12 -12 -3 -13 15 -8 -17 18 21 20 -20 -6 29 24 25 26 -23 28 -22 -19
right_child=5 2 -4 4 17 6 14 -9 9 -11 11 13 -14 -15 -16 16 -18 22 19 -21 27 23 -24 -25 -26 -27 -28 -29 -30 -31
leaf_value=0.0085941639504903498 0.0047477339913663298 -0.010179678620452555 0.023874408454246633 -0.01393492973515667 -0.011486145151312696 0.11926133141675294 0.018649557027247021 0.032056516850815404 0.088843851593426545 -0.02450802360983818 0.050419859629125124 0.015628454333767989 0.0090935375380920089 0.00039962770669286612 0.017211924599912245 -0.031912306113275023 0.0050484704485182184 -0.0055757862523419391 0.018699400791572885 -0.004406973210028719 -0.0010815574369247619 -0.0051089550523726115 -0.016487468252327768 0.00091909029019122176 -0.17801176725263648 0.0098554450805395152 -0.023809399328884644 0.020875060585092774 -0.034637294860679811 0.01979918012020342
leaf_weight=16080 28948 12939 8040 31217 62114 388 11029 8983 486 5532 2455 14555 8959 19421 42023 2491 16820 40939 22437 49501 23060 26862 29115 67767 139 9957 14769 3945 1971 3375
leaf_count=16080 28948 12939 8040 31217 62114 388 11029 8983 486 5532 2455 14555 8959 19421 42023 2491 16820 40939 22437 49501 23060 26862 29115 67767 139 9957 14769 3945 1971 3375
internal_value=9.04575e-12 -0.00295621 0.00564077 -0.00449946 -0.00504327 0.0127038 0.0155216 0.0356672 0.00336252 -0.015354 0.00529356 0.00985463 -0.00229454 0.00692351 0.0129127 0.00695806 0.000280758 -0.00426346 -0.00310102 0.00188824 0.00794935 -0.0058734 -0.00873602 -0.00295585 -0.00803238 -0.00757438 -0.0117431 -0.000374748 -0.00372382 -0.0036432
internal_weight=586317 475635 72387 403248 387168 110682 81734 9371 64347 6018 58329 36431 21898 33976 72363 30340 19311 355951 282522 100914 51413 181608 73429 119494 51727 51588 41631 28976 25031 44314
internal_count=586317 475635 72387 403248 387168 110682 81734 9371 64347 6018 58329 36431 21898 33976 72363 30340 19311 355951 282522 100914 51413 181608 73429 119494 51727 51588 41631 28976 25031 44314
is_linear=0
shrinkage=0.05


Tree=64
num_leaves=31
num_cat=0
split_feature=9 10 11 11 13 11 11 12 13 10 10 10 10 10 10 12 10 12 13 11 9 3 7 10 11 3 1 5 1 11
split_gain=7948.92 2278.04 1085.53 1079.88 981.847 2525.23 1504.67 1207.46 1175.25 1027.41 1587.97 1082.3 998.347 1539.82 938.02 1415.65 939.869 927.65 1365.97 1241.58 1374.38 986.325 1069.35 895.764 1550.74 1021.07 885.297 876.572 845.406 839.562
threshold=36.461299896240241 0.7324872910976411 0.61864846944808971 0.99548450112342846 76.750000000000014 -0.09024826809763907 0.39752808213233953 15.750000000000002 81.250000000000014 1.0000000180025095e-35 -0.15005400776863095 0.34964421391487127 0.54883790016174328 0.67125374078750621 -0.20931270718574521 14.750000000000002 -0.32533907890319819 16.250000000000004 78.250000000000014 -0.09024826809763907 33.009521484375007 31.298826217651371 27.168518066406254 0.5772862732410432 -0.72658059000968922 34.943683624267585 27.298403739929203 29.949045181274418 28.911581993103031 0.56312987208366405
decision_type=2 2 2 2 2 2 2 2 2 2 2 2 2 2 2 2 2 2 2 2 2 2 2 2 2 2 2 2 2 2
left_child=1 3 29 4 5 7 9 -1 14 10 17 -11 -13 -14 15 -8 27 18 -6 20 21 22 -19 -2 25 -25 -12 -17 -23 -3
right_child=23 2 -4 -5 6 -7 8 -9 -10 11 26 12 13 -15 -16 16 -18 19 -20 -21 -22 28 -24 24 -26 -27 -28 -29 -30 -31
leaf_value=-0.028676410400014202 0.004510347308144958 0.0050288845724573957 0.022680688045784256 -0.016575715075361774 -0.0032877800321458777 -0.00012921091792230736 -0.020299909660676907 -0.0092173968705105743 -0.015398154451952398 0.015772078401505341 -0.1051690861403545 -0.023454698598118315 0.034723704259552457 -0.030477077719633934 0.00079600122569772891 0.016463866961598666 -0.023264738834365875 -0.027427491255350569 0.013235756212564002 0.0068401819096897166 -0.022034306823719711 0.05651583255523638 0.0061107563354109657 0.11329826493099447 0.012267100183635724 0.030453691044463937 -0.016825388615213623 -0.0040820345523798051 -0.01177625110372557 -0.014586284644528259
leaf_weight=16754 28948 58329 8040 17085 22894 36175 17600 15209 29120 19378 291 4069 2574 1397 51741 6323 5152 2607 27570 24592 11496 462 26909 388 72363 8983 11124 29005 23721 6018
leaf_count=16754 28948 58329 8040 17085 22894 36175 17600 15209 29120 19378 291 4069 2574 1397 51741 6323 5152 2607 27570 24592 11496 462 26909 388 72363 8983 11124 29005 23721 6018
internal_value=6.18492e-12 -0.0028084 0.00535873 -0.00427448 -0.00373024 -0.00917706 -0.00256324 -0.0194172 -0.00646782 0.000466095 -0.00114413 0.00937328 -0.00604911 0.011786 -0.00409986 -0.00846138 -0.00331419 0.000315459 0.00573952 -0.00273309 -0.00634419 -0.00298522 0.00314849 0.0120686 0.0147455 0.0338838 -0.0190775 -0.000404732 -0.0104716 0.00319439
internal_weight=586317 475635 72387 403248 386163 68138 318025 31963 138941 179084 151666 27418 8040 3971 109821 58080 40480 140251 50464 89787 65195 53699 29516 110682 81734 9371 11415 35328 24183 64347
internal_count=586317 475635 72387 403248 386163 68138 318025 31963 138941 179084 151666 27418 8040 3971 109821 58080 40480 140251 50464 89787 65195 53699 29516 110682 81734 9371 11415 35328 24183 64347
is_linear=0
shrinkage=0.05


Tree=65
num_leaves=31
num_cat=0
split_feature=1 10 10 11 13 12 9 11 10 4 11 10 5 12 11 13 3 10 12 11 11 11 12 11 10 9 10 13 10 1
split_gain=7174.42 1726.51 1428.07 1146.4 1821.44 1548.17 1401.74 1246.07 1184.47 1102.35 1023.68 1235.25 1090.3 1006.69 1337.49 1173.03 953.206 899.154 872.808 821.863 808.449 781.685 882.525 809.289 907.704 975.713 762.297 753.008 751.011 822.378
threshold=36.314168930053718 0.13301347196102145 -0.71466678380966175 -0.78295108675956715 77.250000000000014 17.250000000000004 32.258962631225593 0.69635042548179638 -0.56314551830291737 3.5549511909484868 -0.62538740038871754 -0.72660079598426808 26.495076179504398 14.250000000000002 0.6838940978050233 78.250000000000014 33.732040405273445 -0.50495636463165272 17.250000000000004 -0.99626126885414112 -0.42108526825904841 -0.96227341890335072 16.250000000000004 -0.93533331155776966 0.54883790016174328 42.44030952453614 -0.99628895521163929 78.750000000000014 -0.1330134719610214 30.586003303527836
decision_type=2 2 2 2 2 2 2 2 2 2 2 2 2 2 2 2 2 2 2 2 2 2 2 2 2 2 2 2 2 2
left_child=1 2 10 4 -4 -6 8 9 -7 -5 11 12 -1 15 -15 20 17 -8 -16 -10 -3 22 -2 -23 27 -26 -12 -25 -21 -30
right_child=21 13 3 7 5 6 16 -9 19 -11 26 -13 -14 14 18 -17 -18 -19 -20 28 -22 23 -24 24 25 -27 -28 -29 29 -31
leaf_value=-0.041818922509293581 0.01566685959050813 -0.021575546765011597 -0.016494876429162496 -0.017026516216064248 0.010948319872442377 0.043433408095226347 -0.041852136872636711 -0.0094785899598949386 0.024727642626120525 -0.051423548441086764 0.0078965641487678678 -0.02546180266357978 0.028078657902471452 0.0090564367589838855 0.0065832880886299034 0.0070763485867221731 -0.043701645481059398 -0.003465838886092198 -0.006999697878304928 -0.0023109843952127183 -0.0044144887126876357 0.036635707477764602 -0.026606962932031471 -0.015856281338848241 0.011888994523534363 0.034511841924743041 -0.0037041093909516453 0.0082972407907885605 -0.1017101265235848 -0.01527978967737636
leaf_weight=604 2196 10483 19135 7850 23940 1639 1911 86229 2573 3312 16079 1597 7311 61340 18874 14184 2963 7563 31675 12286 19873 3257 2820 5107 87717 5040 118723 8765 403 868
leaf_count=604 2196 10483 19135 7850 23940 1639 1911 86229 2573 3312 16079 1597 7311 61340 18874 14184 2963 7563 31675 12286 19873 3257 2820 5107 87717 5040 118723 8765 403 868
internal_value=1.57906e-12 -0.00273061 -0.00486299 -0.00795878 -0.00323466 0.00145145 -0.00607537 -0.0115134 0.00293583 -0.0272328 -0.00120177 0.0146512 0.0227447 0.00156317 0.00409387 -0.00479422 -0.0189499 -0.0112087 -0.00192808 -0.0011792 -0.0103408 0.011203 -0.00809952 0.0120841 0.0113342 0.0131182 -0.0023204 -0.000594919 -0.0060961 -0.0426845
internal_weight=586317 471415 314986 170672 73281 54146 30206 97391 17769 11162 144314 9512 7915 156429 111889 44540 12437 9474 50549 16130 30356 114902 5016 109886 106629 92757 134802 13872 13557 1271
internal_count=586317 471415 314986 170672 73281 54146 30206 97391 17769 11162 144314 9512 7915 156429 111889 44540 12437 9474 50549 16130 30356 114902 5016 109886 106629 92757 134802 13872 13557 1271
is_linear=0
shrinkage=0.05


Tree=66
num_leaves=31
num_cat=0
split_feature=9 10 5 11 13 11 11 12 13 10 10 10 10 10 10 12 13 11 9 3 7 1 10 1 10 10 10 5 10 11
split_gain=6528.88 1832.92 1035.15 929.51 835.47 2206.72 1282.44 1085.87 1038.4 899.45 1429.39 959.097 886.534 1390.18 851.85 801.056 1212.62 1077.97 1197.26 888.307 975.284 779.932 772.418 768.031 761.773 1279.23 1003.92 881.129 743.103 1386.07
threshold=36.461299896240241 0.7324872910976411 30.554695129394535 0.99548450112342846 76.750000000000014 -0.09024826809763907 0.39752808213233953 16.250000000000004 81.750000000000014 1.0000000180025095e-35 -0.15005400776863095 0.34964421391487127 0.54883790016174328 0.67125374078750621 -0.86958134174346913 16.250000000000004 78.250000000000014 -0.09024826809763907 33.009521484375007 31.235817909240726 27.544954299926761 27.01949501037598 0.28435654938220983 29.153871536254886 -0.39753912389278406 -0.21772121638059613 -0.97109106183052052 32.054777145385749 0.5772862732410432 -0.72658059000968922
decision_type=2 2 2 2 2 2 2 2 2 2 2 2 2 2 2 2 2 2 2 2 2 2 2 2 2 2 2 2 2 2
left_child=1 3 -3 4 5 7 9 -1 14 10 15 22 -13 -14 -8 16 -6 18 19 20 -17 -12 -11 -21 26 27 -25 -26 -2 -30
right_child=28 2 -4 -5 6 -7 8 -9 -10 11 21 12 13 -15 -16 17 -18 -19 -20 23 -22 -23 -24 24 25 -27 -28 -29 29 -31
leaf_value=-0.025774852250582542 0.0040534761437643644 0.040169748037632513 0.0037704638328837159 -0.015272999808263604 -0.0030690893787696 7.8244405512531125e-05 -0.021286325505355374 -0.0070949933122872386 -0.015514289629796603 0.010793518730032375 -0.11278356362239306 -0.022068172914164873 0.032935193009006457 -0.02901654603950074 -0.0028816821890674752 -0.021712790178696276 0.012499329967338232 0.0064833666742778549 -0.020445887622379439 0.044764833711896913 0.0066709493571594494 -0.016200986351216605 0.039288005688387882 -0.033109831298179432 -0.019253432301423328 0.027282994099664778 -0.0026799016030232101 -0.075695261921011531 0.031469413640394295 0.011032633386924881
leaf_weight=18578 28948 2009 70378 17085 22894 36175 6672 13385 23296 16602 213 4069 2574 1397 108973 3435 27570 24592 11496 633 25445 11202 2776 3207 1356 708 17504 1411 9371 72363
leaf_count=18578 28948 2009 70378 17085 22894 36175 6672 13385 23296 16602 213 4069 2574 1397 108973 3435 27570 24592 11496 633 25445 11202 2776 3207 1356 708 17504 1411 9371 72363
internal_value=1.8899e-12 -0.00254522 0.00478068 -0.00386029 -0.00335535 -0.00837978 -0.00227885 -0.0179524 -0.00588357 0.000517836 -0.000988785 0.00885189 -0.00566621 0.0111405 -0.00394352 0.000396014 0.00543641 -0.0024369 -0.00580168 -0.00266661 0.00329497 -0.0180032 0.0148755 -0.00960367 -0.0110266 -0.0326899 -0.00739183 -0.0480353 0.0109376 0.0133758
internal_weight=586317 475635 72387 403248 386163 68138 318025 31963 138941 179084 151666 27418 8040 3971 115645 140251 50464 89787 65195 53699 28880 11415 19378 24819 24186 3475 20711 2767 110682 81734
internal_count=586317 475635 72387 403248 386163 68138 318025 31963 138941 179084 151666 27418 8040 3971 115645 140251 50464 89787 65195 53699 28880 11415 19378 24819 24186 3475 20711 2767 110682 81734
is_linear=0
shrinkage=0.05


Tree=67
num_leaves=31
num_cat=0
split_feature=9 10 11 1 7 11 10 1 10 11 11 10 10 10 1 10 10 12 11 10 9 13 12 11 10 11 11 11 10 11
split_gain=5892.32 1654.21 956.901 848.5 790.34 1407.51 734.839 710.083 690.18 1152.8 1226.78 657.963 970.819 818.926 1360.86 797.167 1106.43 714.721 687.732 667.759 644.934 610.957 598.431 591.57 714.619 1268.59 1640.07 1045.87 975.058 1487.34
threshold=36.461299896240241 0.7324872910976411 0.61864846944808971 25.946461677551273 29.778153419494632 0.56312987208366405 -0.99628895521163929 43.429134368896491 0.96460527181625377 -0.12447465583682059 0.030119189061224464 0.99628895521163952 0.97109106183052074 0.94417876005172741 36.816589355468757 0.90518480539321911 0.87795194983482372 14.750000000000002 -0.43663504719734186 0.95236876606941234 38.698839187622077 78.750000000000014 15.250000000000002 0.9937097728252412 1.0000000180025095e-35 -0.93533331155776966 -0.83352491259574879 -0.99049577116966236 -0.20931270718574521 0.94415253400802623
decision_type=2 2 2 2 2 2 2 2 2 2 2 2 2 2 2 2 2 2 2 2 2 2 2 2 2 2 2 2 2 2
left_child=1 3 4 -1 -3 11 -5 8 20 -10 -11 12 13 14 15 16 17 -6 -18 -15 21 -2 -14 24 27 -26 -27 -8 29 -29
right_child=7 2 -4 6 5 -7 23 -9 9 10 -12 -13 22 19 -16 -17 18 -19 -20 -21 -22 -23 -24 -25 25 26 -28 28 -30 -31
leaf_value=-0.020868507875995645 -0.0053060777500710393 0.052180573371811229 0.020804969401257579 0.0071329063333985532 -0.0099401445324566462 -0.022003698451963472 -0.019094419587414355 0.038198858008827857 0.03146122722125734 -0.002111144344532499 0.023323097516296937 -0.012450676518510749 0.0050397737459107013 -0.030797515245726756 0.039131660600369406 0.014642534884823461 -0.062851661034507858 0.014259141825149972 -0.014695049109595496 -0.0019226341216527342 0.011498348913532578 0.007921897037348009 0.026274668505973087 -0.012263612201409466 0.010222999585420722 -0.028201385366846906 -0.00080225059349954195 -0.0039520634888560238 0.0081633397512121727 -0.022937264216987677
leaf_weight=7044 14795 791 8040 16007 5142 5618 12082 2249 8882 10250 8821 5377 5703 2939 2796 8979 892 7504 4391 6282 44395 21290 7933 19597 24151 5919 70693 221555 15380 10820
leaf_count=7044 14795 791 8040 16007 5142 5618 12082 2249 8882 10250 8821 5377 5703 2939 2796 8979 892 7504 4391 6282 44395 21290 7933 19597 24151 5919 70693 221555 15380 10820
internal_value=3.81901e-12 -0.00241796 0.00454164 -0.00366727 0.00250958 0.00189139 -0.00336146 0.0103907 0.00981394 0.0165826 0.00965308 0.00420839 0.00591262 0.00189067 0.0059314 0.00248157 -0.00360875 0.00441945 -0.022826 -0.0111259 0.00746301 0.00249837 0.0173936 -0.00380329 -0.00334351 0.00023082 -0.00291909 -0.00472961 -0.0040291 -0.00483607
internal_weight=586317 475635 72387 403248 64347 63556 396204 110682 108433 27953 19071 57938 52561 38925 29704 26908 17929 12646 5283 9221 80480 36085 13636 380197 360600 100763 76612 259837 247755 232375
internal_count=586317 475635 72387 403248 64347 63556 396204 110682 108433 27953 19071 57938 52561 38925 29704 26908 17929 12646 5283 9221 80480 36085 13636 380197 360600 100763 76612 259837 247755 232375
is_linear=0
shrinkage=0.05


Tree=68
num_leaves=31
num_cat=0
split_feature=7 10 10 12 13 11 12 6 13 13 11 10 5 12 11 11 9 11 10 4 10 3 10 10 10 11 10 5 2 13
split_gain=5320.75 1473.02 1066.76 994.993 1532.36 1448.74 989.092 1555.02 1179.78 1125.49 988.75 1132.15 972.313 860.224 821.238 772.126 730.929 1289.28 879.261 825.944 693.028 1048.76 844.642 915.756 741.474 668.056 657.085 672.085 654.58 631.157
threshold=36.385660171508796 0.21772121638059619 -0.71466678380966175 18.250000000000004 78.250000000000014 -0.78295108675956715 14.750000000000002 1.0000000180025095e-35 77.750000000000014 79.750000000000014 -0.62538740038871754 -0.72660079598426808 26.495076179504398 14.750000000000002 0.53435277938842785 -0.42108526825904841 32.291826248168952 -0.78295108675956715 -0.56314551830291737 5.1595182418823251 -0.50495636463165272 33.637145996093757 -0.3334656953811645 -0.41327477991580958 -0.15005400776863095 0.25118076056241995 0.7440970540046693 31.794390678405765 4.5227017402648935 81.750000000000014
decision_type=2 2 2 2 2 2 2 2 2 2 2 2 2 2 2 2 2 2 2 2 2 2 2 2 2 2 2 2 2 2
left_child=1 2 10 4 13 -6 8 9 15 26 11 12 -1 -4 29 -3 17 18 -5 -19 -18 -22 23 -23 -24 -11 -8 -28 -13 -2
right_child=14 6 3 16 5 -7 7 -9 -10 25 -12 28 -14 -15 -16 -17 20 19 -20 -21 21 22 24 -25 -26 -27 27 -29 -30 -31
leaf_value=-0.038750116858806388 0.011530985868761702 -0.022548668741903984 -0.015968028985805693 0.038503570446328066 0.011125469048807806 -0.0048294199705071665 0.0027769823206754874 0.020539654630401222 0.0048784093042028914 0.0078291441939400217 -0.0020695576607181738 -0.00044307241617172867 0.027233915161202122 -0.0040343242863116113 -0.030433870992002204 -0.0048244827457921144 -0.040884845802681223 -0.012696535793104466 -0.0011487790121416583 -0.048445199054584762 -0.0045026875873600668 -0.0030429551313663353 0.028507122989648429 -0.20823488412232238 -0.04281336455667234 -0.0077053778730582449 0.062148101688474934 0.013167328584739155 -0.067621912939807974 -0.00047400679040201805
leaf_weight=604 99313 9233 28219 1544 24205 34518 27096 13501 21452 9061 134745 1039 7379 32484 1257 18370 3584 32598 14789 1700 6949 87 429 145 2421 29301 731 16701 557 12305
leaf_count=604 99313 9233 28219 1544 24205 34518 27096 13501 21452 9061 134745 1039 7379 32484 1257 18370 3584 32598 14789 1700 6949 87 429 145 2421 29301 731 16701 557 12305
internal_value=-1.17125e-12 -0.00232571 -0.00418291 -0.00671056 -0.00401138 0.00174702 0.00186246 0.00480391 -0.00391736 0.00224089 -0.00096612 0.0145556 0.0222415 -0.00958194 0.00975494 -0.0107531 -0.011728 -0.00896246 0.00259966 -0.0144684 -0.0220125 -0.0152696 -0.0395459 -0.131288 -0.0320778 -0.00403617 0.00764874 0.0152213 -0.0238883 0.0102075
internal_weight=586317 473442 327996 183672 119426 58723 145446 96391 49055 82890 144324 9579 7983 60703 112875 27603 64246 50631 16333 34298 13615 10031 3082 232 2850 38362 44528 17432 1596 111618
internal_count=586317 473442 327996 183672 119426 58723 145446 96391 49055 82890 144324 9579 7983 60703 112875 27603 64246 50631 16333 34298 13615 10031 3082 232 2850 38362 44528 17432 1596 111618
is_linear=0
shrinkage=0.05


Tree=69
num_leaves=31
num_cat=0
split_feature=9 10 10 10 5 11 7 8 13 12 11 11 12 12 11 12 4 13 13 11 11 5 10 10 3 10 12 7 3 1
split_gain=4811.03 1474.06 964.54 1880.85 1126.85 1007.65 1251.88 899.922 800.519 1369.94 1187.94 979.036 919.742 785.551 763.922 665.579 1114.88 785.401 767.159 709.36 697.237 815.675 650.279 1102.83 939.919 646.256 645.353 639.546 627.158 623.936
threshold=36.983442306518562 0.44437406957149511 0.34964421391487127 0.30081701278686529 36.060768127441413 0.77756834030151378 27.168518066406254 0.2043261453509331 78.250000000000014 17.250000000000004 -0.37370587885379786 -0.09024826809763907 15.250000000000002 19.250000000000004 0.87377473711967479 14.250000000000002 1.0000000180025095e-35 80.250000000000014 77.750000000000014 0.23448270559310916 0.77756834030151378 31.731070518493656 0.5772862732410432 0.68391311168670665 35.676717758178718 -0.48250326514244074 14.750000000000002 31.493520736694339 30.489752769470218 32.352018356323249
decision_type=2 2 2 2 2 2 2 2 2 2 2 2 2 2 2 2 2 2 2 2 2 2 2 2 2 2 2 2 2 2
left_child=1 2 3 5 -4 6 -1 -5 11 10 29 -8 -13 25 15 18 17 -17 -3 -19 21 -18 -2 24 -24 26 -7 -28 -29 -10
right_child=22 14 4 7 -6 13 8 -9 9 -11 -12 12 -14 -15 -16 16 20 19 -20 -21 -22 -23 23 -25 -26 -27 27 28 -30 -31
leaf_value=-0.018675739721901775 0.0033213803963811311 -0.010518346033468485 -0.012158853743040914 0.011813592695498287 -0.062844253851853868 -0.032305591549362848 -0.0085440618369920212 0.052008563093735416 0.025827715516681213 -0.0029171817286197652 -0.00038020303719774913 -0.0080676999733264813 0.0080173853986652329 -0.017944968829667274 0.022181852604149711 0.0062407157693552574 0.059561933616566289 0.0063783267262116309 0.004284109680429412 -0.010182396514027164 -0.056059847840214186 0.016959174981099858 0.10081286509036465 0.010319966504684355 0.025559653161764152 -0.0038017827624427618 0.00062252812586720524 -0.090758873041985294 -0.019277172634810272 0.0095860694778870936
leaf_weight=10810 25464 19491 12724 5950 1200 4160 62402 1818 8156 84212 27456 14637 22623 16761 4824 47463 1324 10035 15888 18182 285 7420 437 62742 8218 61172 6121 350 2489 21503
leaf_count=10810 25464 19491 12724 5950 1200 4160 62402 1818 8156 84212 27456 14637 22623 16761 4824 47463 1324 10035 15888 18182 285 7420 437 62742 8218 61172 6121 350 2489 21503
internal_value=2.33835e-12 -0.00201484 -0.00362104 -0.00310851 -0.016527 -0.00365973 -0.00202972 0.0212207 -0.00128303 0.00113693 0.00711444 -0.0047147 0.00169861 -0.00816739 0.00267269 0.001889 0.00429462 0.00231334 -0.00387086 -0.0042928 0.0209015 0.02341 0.0101813 0.012628 0.0293593 -0.00596148 -0.016031 -0.008475 -0.0280896 0.0140524
internal_weight=586317 489456 364544 350620 13924 342852 251799 7768 240989 141327 57115 99662 37260 91053 124912 120088 84709 75680 35379 28217 9029 8744 96861 71397 8655 74292 13120 8960 2839 29659
internal_count=586317 489456 364544 350620 13924 342852 251799 7768 240989 141327 57115 99662 37260 91053 124912 120088 84709 75680 35379 28217 9029 8744 96861 71397 8655 74292 13120 8960 2839 29659
is_linear=0
shrinkage=0.05


Tree=70
num_leaves=31
num_cat=0
split_feature=7 10 10 11 10 3 12 13 11 9 11 4 10 12 6 13 13 10 11 12 11 10 11 3 1 10 10 10 9 10
split_gain=4343.81 1219.38 908.319 899.062 1045.59 1003.02 856.642 1601.3 1235.4 880.457 1217.73 991.034 911.321 843.81 1349.56 991.272 955.044 767.179 743.122 737.015 698.745 689.788 1182.93 717.232 608.776 585.143 589.495 1171.01 791.924 783.935
threshold=36.385660171508796 0.21772121638059619 -0.71466678380966175 -0.62538740038871754 -0.73831951618194569 29.095638275146488 17.750000000000004 78.250000000000014 -0.79354220628738392 32.258962631225593 -0.78295108675956715 7.8849596977233896 -0.56314551830291737 14.750000000000002 1.0000000180025095e-35 77.750000000000014 79.750000000000014 -0.064507851377129541 0.51972457766532909 14.750000000000002 -0.42108526825904841 -0.66484925150871266 0.69635042548179638 33.732040405273445 43.429134368896491 -0.99984258413314808 -0.74981945753097523 -0.81403854489326466 31.006347656250004 -0.86095303297042836
decision_type=2 2 2 2 2 2 2 2 2 2 2 2 2 2 2 2 2 2 2 2 2 2 2 2 2 2 2 2 2 2
left_child=1 2 3 4 -1 -6 7 19 -9 10 12 -12 -8 15 16 20 -15 -14 24 -4 -3 22 -11 -23 -2 -5 27 29 -29 -27
right_child=18 13 6 25 5 -7 9 8 -10 21 11 -13 17 14 -16 -17 -18 -19 -20 -21 -22 23 -24 -25 -26 26 -28 28 -30 -31
leaf_value=0.025675551991498825 0.0087425958182813721 -0.021116238621445217 -0.014667883800180343 0.019196559636828224 -0.051666471696829669 0.0091731282711928989 0.036702927140195414 0.013027308718616338 -0.0030911491046182382 -0.087971209274251588 -0.010577847401875526 -0.050711753174167831 -0.0052484956794298984 0.0070198767242581729 0.019085393845486118 0.0044331785584878075 -0.0037439201792487742 0.022126781145794337 -0.027051708041151076 -0.0032044260825043569 -0.0042553068935142673 -0.011410509231144336 0.023616072679864084 -0.036198200749432502 0.035022928295064613 -0.0030245865953293623 0.014764815598678755 -0.029886348451789925 -0.0062110080749231272 0.0089330671596068115
leaf_weight=6380 109200 9233 28219 3216 974 2225 1821 19834 29672 854 39807 1600 14584 44528 13501 21452 38362 3104 1426 27868 18370 12138 329 3842 2249 96343 4824 6236 8146 15980
leaf_count=6380 109200 9233 28219 3216 974 2225 1821 19834 29672 854 39807 1600 14584 44528 13501 21452 38362 3104 1426 27868 18370 12138 329 3842 2249 96343 4824 6236 8146 15980
internal_value=5.7867e-12 -0.00210138 -0.00379113 -0.000822835 0.0139782 -0.00935071 -0.00612353 -0.00318725 0.00336652 -0.0100945 -0.00727621 -0.0121287 0.00302289 0.00170918 0.00442602 -0.00362931 0.00203833 -0.000444512 0.00881402 -0.00897202 -0.00989516 -0.0200974 -0.0569381 -0.0173701 0.00927292 -0.00187504 -0.00239026 -0.0030434 -0.0164766 -0.00132339
internal_weight=586317 473442 327996 144324 9579 3199 183672 105593 49506 78079 60916 41407 19509 145446 96391 49055 82890 17688 112875 56087 27603 17163 1183 15980 111449 134745 131529 126705 14382 112323
internal_count=586317 473442 327996 144324 9579 3199 183672 105593 49506 78079 60916 41407 19509 145446 96391 49055 82890 17688 112875 56087 27603 17163 1183 15980 111449 134745 131529 126705 14382 112323
is_linear=0
shrinkage=0.05


Tree=71
num_leaves=31
num_cat=0
split_feature=10 12 13 5 11 12 1 10 10 13 11 10 10 9 10 10 7 12 13 11 12 10 10 12 4 11 10 3 11 9
split_gain=3959.5 1535.61 1849.32 1355.28 1066.2 1085.92 886.352 877.86 815.789 804.498 661.45 649.503 1017.18 963.484 643.343 611.775 614.974 599.736 2411.39 1530.66 839.095 752.15 708.137 667.541 584.204 563.888 542.709 1232.22 843.645 774.474
threshold=0.45972847938537603 14.750000000000002 81.250000000000014 41.099969863891609 0.23448270559310916 18.750000000000004 25.946461677551273 -0.16705007851123807 0.49002411961555487 78.250000000000014 0.26780438423156744 -0.98211652040481556 -0.97505551576614369 32.356893539428718 0.54883790016174328 0.67125374078750621 39.588470458984382 17.750000000000004 78.750000000000014 0.39752808213233953 14.750000000000002 -0.86958134174346913 -0.72660079598426808 15.750000000000002 0.094978481531143202 -0.42108526825904841 0.20088869333267215 34.096069335937507 -0.9946339726448058 31.591569900512699
decision_type=2 2 2 2 2 2 2 2 2 2 2 2 2 2 2 2 2 2 2 2 2 2 2 2 2 2 2 2 2 2
left_child=3 9 4 6 5 14 7 -1 -6 25 -4 13 -13 -8 -3 16 -16 18 20 23 -14 -21 -19 -20 -10 -2 27 28 -24 -29
right_child=1 2 10 -5 8 -7 11 -9 24 -11 -12 12 17 -15 15 -17 -18 22 19 21 -22 -23 26 -25 -26 -27 -28 29 -30 -31
leaf_value=-0.010061223188927994 -0.017410449282332544 -0.0083894762690914591 0.0035236502458495093 0.040135428400671164 0.038053550619152748 0.024850777254008635 -0.0022898293230434333 -0.050490928934358165 0.0029570794608932737 0.0054860699871231459 -0.010540293342437643 -0.023283195080068347 -0.01007868470942281 0.015233727135116899 0.044785258967863117 0.010594709143053764 0.012289339954497694 -0.00024171026207582609 0.01858405589132615 -0.03114050968858368 -0.0016551529090987106 -0.00029711665349367404 0.0089346830356708505 0.0057810839923834586 0.038375211054107738 -0.0025587611688162484 -0.00064090567875600289 0.025716539172395143 -0.0099606679917083191 -0.041490724450552477
leaf_weight=4875 9120 3888 22120 1812 1824 20328 23433 1853 42579 22352 13440 6412 57995 11791 2806 40176 3026 42075 20485 2112 60306 30833 6481 20241 1197 21360 19955 477 66735 4230
leaf_count=4875 9120 3888 22120 1812 1824 20328 23433 1853 42579 22352 13440 6412 57995 11791 2806 40176 3026 42075 20485 2112 60306 30833 6481 20241 1197 21360 19955 477 66735 4230
internal_value=-2.31522e-12 0.00562041 0.00818179 -0.00300386 0.0112439 0.0151096 -0.00320941 -0.0211962 0.00529066 -0.00171892 -0.00179186 -0.00288546 -0.00355817 0.00357606 0.011141 0.0127914 0.0279244 -0.00317712 -0.00136244 0.00573875 -0.00578464 -0.00227439 -0.00566631 0.0122209 0.00392554 -0.00700257 -0.0079982 -0.0098823 -0.00828807 -0.03468
internal_weight=586317 204216 151384 382101 115824 70224 380289 6728 45600 52832 35560 373561 338337 35224 49896 46008 5832 331925 191972 73671 118301 32945 139953 40726 43776 30480 97878 77923 73216 4707
internal_count=586317 204216 151384 382101 115824 70224 380289 6728 45600 52832 35560 373561 338337 35224 49896 46008 5832 331925 191972 73671 118301 32945 139953 40726 43776 30480 97878 77923 73216 4707
is_linear=0
shrinkage=0.05


Tree=72
num_leaves=31
num_cat=0
split_feature=10 12 13 5 11 1 1 10 13 11 12 5 9 11 10 10 10 10 10 10 10 10 5 12 13 13 12 11 12 1
split_gain=3573.45 1385.88 1678.74 1223.14 914.864 930.318 799.933 792.269 736.954 699.949 1096.93 675.737 648.513 617.643 595.072 589.28 522.646 590.193 517.359 691.559 738.636 537.402 594.916 509.875 503.049 1591.33 943.443 886.059 1043.93 687.413
threshold=0.45972847938537603 14.750000000000002 80.250000000000014 41.099969863891609 -0.61186373233795155 34.555480957031257 25.946461677551273 -0.16705007851123807 77.250000000000014 0.21771516650915149 17.750000000000004 30.490084648132328 34.434160232543952 0.70860043168067943 -0.99628895521163929 0.49002411961555487 0.96900084614753734 0.9946616291999818 0.94417876005172741 0.90880924463272106 0.87795194983482372 0.82391539216041576 34.259534835815437 13.250000000000002 80.250000000000014 78.750000000000014 14.750000000000002 -0.78295108675956715 16.250000000000004 38.476392745971687
decision_type=2 2 2 2 2 2 2 2 2 2 2 2 2 2 2 2 2 2 2 2 2 2 2 2 2 2 2 2 2 2
left_child=3 8 9 6 5 -4 7 23 -2 10 -3 13 -12 -11 -8 -15 18 -18 19 20 21 22 -6 -1 25 26 -16 28 -27 -30
right_child=1 2 4 -5 16 -7 14 -9 -10 11 12 -13 -14 15 24 -17 17 -19 -20 -21 -22 -23 -24 -25 -26 27 -28 -29 29 -31
leaf_value=-0.030600339093569406 -0.0097490213421727815 0.0087696786517415561 0.089620495699286373 0.038128656902127939 -0.0046565523131255736 0.010844892549673635 0.0066905073836522585 -0.047966382651365047 0.0026637619384990078 0.081987848571305283 0.063385487656611283 0.0045950431435905553 0.020882179245489595 0.06809118499043397 -0.0097336876663151883 0.0074605839851625087 0.015495994552367099 -0.0074032488772372744 -0.023229871168617685 0.014135660678276591 -0.029780032344232949 0.010602205359365523 -0.035671501813077926 0.002868050160085886 -0.0064186769986705671 0.021020410779668496 -0.002138240109602499 0.00023561791473583361 0.0039255314044982833 -0.043483469403042208
leaf_weight=1810 18288 32832 390 1812 11001 9610 16007 1853 34544 469 929 37404 26431 500 62508 2019 6800 4800 4000 4400 3200 4800 1799 3065 89105 13249 118179 62375 11318 820
leaf_count=1810 18288 32832 390 1812 11001 9610 16007 1853 34544 469 929 37404 26431 500 62508 2019 6800 4800 4000 4400 3200 4800 1799 3065 89105 13249 118179 62375 11318 820
internal_value=5.40443e-12 0.00533939 0.0077727 -0.00285367 0.000363794 0.0139171 -0.00304894 -0.0201364 -0.00163297 0.0115146 0.0149314 0.0064229 0.0223254 0.0293042 -0.00274119 0.0194952 -0.00295811 0.00602045 -0.00652493 -0.00387335 -0.00768295 -0.00366529 -0.00901561 -0.00955816 -0.00316343 -0.00208293 -0.00476586 0.00344077 0.0113157 0.000722748
internal_weight=586317 204216 151384 382101 50800 10000 380289 6728 52832 100584 60192 40392 27360 2988 373561 2519 40800 11600 29200 25200 20800 17600 12800 4875 357554 268449 180687 87762 25387 12138
internal_count=586317 204216 151384 382101 50800 10000 380289 6728 52832 100584 60192 40392 27360 2988 373561 2519 40800 11600 29200 25200 20800 17600 12800 4875 357554 268449 180687 87762 25387 12138
is_linear=0
shrinkage=0.05


Tree=73
num_leaves=31
num_cat=0
split_feature=10 11 10 10 10 10 10 11 12 12 10 7 7 13 12 11 12 11 10 3 11 13 1 9 2 10 10 10 9 9
split_gain=3234.57 1617.61 1240.79 903.162 901.516 796.683 2109.02 1021.92 777.939 738.301 964.385 1402.54 824.928 690.79 1901.98 1605 1585.79 885.152 1184.68 1135.39 821.727 815.958 682.809 857.243 677.664 663.544 1749.07 1347.39 968.952 879.695
threshold=0.54883790016174328 -0.72658059000968922 0.90518480539321911 0.99628895521163952 0.87795194983482372 0.96683886647224437 0.94417876005172741 0.30080866813659674 15.250000000000002 14.750000000000002 0.65839549899101268 29.814617156982425 28.088741302490238 77.750000000000014 17.250000000000004 -0.62538740038871754 15.250000000000002 0.9549313783645631 -0.22611359506845471 28.626117706298832 -0.09024826809763907 79.250000000000014 38.367088317871101 39.44108963012696 0.16986437886953357 0.78829774260520946 0.81403854489326488 0.7440970540046693 40.75471496582032 30.035624504089359
decision_type=2 2 2 2 2 2 2 2 2 2 2 2 2 2 2 2 2 2 2 2 2 2 2 2 2 2 2 2 2 2
left_child=13 -2 4 5 9 6 22 -8 -7 -3 11 -11 -12 16 15 21 -1 -16 19 24 -18 -15 23 -4 -19 27 29 28 -14 -27
right_child=1 2 3 -5 -6 8 7 -9 -10 10 12 -13 25 14 17 -17 20 18 -20 -21 -22 -23 -24 -25 -26 26 -28 -29 -30 -31
leaf_value=-0.011879572299292374 0.02062488720810933 -0.0065364240747553181 0.013273388593640009 -0.0021858167339362119 -0.013338487318927087 0.0048813544353086286 -0.0016603589286596611 -0.033619330869165444 0.021795569185122279 -0.060275519845450626 0.074271909304813186 -0.0024604108772520719 -0.0012982345584675067 0.005669361664245115 -0.0032158358625557154 -0.00049315703186297323 -0.0061716195428729937 -0.08282233083700935 -0.010021463655187395 -0.022138470503399357 0.0039784220841715913 0.020107019933264976 0.031864287369011972 -0.049380509108828748 -0.27088101893371225 0.058478076484266533 0.0091623308275214609 0.027427062638362549 0.042756878889594709 -0.027302559992184561
leaf_weight=55916 16080 19552 13473 16080 11256 9760 11256 3216 22400 1200 461 8336 12627 22704 129000 75922 38400 789 18375 1560 41480 17200 5254 569 51 316 16655 9528 1385 5516
leaf_count=55916 16080 19552 13473 16080 11256 9760 11256 3216 22400 1200 461 8336 12627 22704 129000 75922 38400 789 18375 1560 41480 17200 5254 569 51 316 16655 9528 1385 5516
internal_value=2.88679e-12 0.00547151 0.00402833 0.00843888 -0.000137186 0.0110303 0.00566634 -0.00876235 0.0166624 0.00182897 0.00474843 -0.0097358 0.00771955 -0.00252068 -0.00103753 0.00377391 -0.00542154 -0.00475837 -0.0143366 -0.0473741 -0.000900917 0.0118925 0.0164879 0.0107346 -0.0942402 0.00705298 0.000910605 0.0129206 0.00305634 -0.0226546
internal_weight=586317 184920 168840 82008 86832 65928 33768 14472 32160 75576 56024 9536 46488 401397 265601 115826 135796 149775 20775 2400 79880 39904 19296 14042 840 46027 22487 23540 14012 5832
internal_count=586317 184920 168840 82008 86832 65928 33768 14472 32160 75576 56024 9536 46488 401397 265601 115826 135796 149775 20775 2400 79880 39904 19296 14042 840 46027 22487 23540 14012 5832
is_linear=0
shrinkage=0.05


Tree=74
num_leaves=31
num_cat=0
split_feature=10 12 13 5 11 12 10 1 10 13 11 5 10 10 8 11 7 10 10 10 0 7 12 11 1 11 12 1 11 3
split_gain=2925.89 1154.2 1526.5 1096.29 787.074 919.876 702.772 693.451 718.026 671.563 648.319 596.714 557.983 1942.54 852.636 622.384 657.923 619.718 910.493 591.557 777.536 716.841 802.224 542.224 1035.38 639.519 535.635 906.141 512.481 512.342
threshold=0.45972847938537603 14.750000000000002 81.250000000000014 41.099969863891609 0.23448270559310916 19.250000000000004 0.49002411961555487 25.946461677551273 -0.16705007851123807 78.250000000000014 -0.83352491259574879 33.733791351318366 0.34964421391487127 0.30081701278686529 1.0000000180025095e-35 0.77756834030151378 27.020131111145023 -0.22611359506845471 -0.12447811290621756 -0.32533907890319819 0.09513250365853311 30.94082069396973 14.750000000000002 -0.48248986899852747 35.004354476928718 -0.43663504719734186 17.750000000000004 28.514179229736332 -0.42108526825904841 30.771559715271
decision_type=2 2 2 2 2 2 2 2 2 2 2 2 2 2 2 2 2 2 2 2 2 2 2 2 2 2 2 2 2 2
left_child=3 9 4 7 5 10 -6 8 -1 28 -3 -12 13 15 -15 16 -9 19 -19 21 -21 22 -17 24 -4 -25 -22 -28 -2 -24
right_child=1 2 23 -5 6 -7 -8 12 -10 -11 11 -13 -14 14 -16 17 -18 18 -20 20 26 -23 29 25 -26 -27 27 -29 -30 -31
leaf_value=-0.0086062260409024965 -0.016281021658225949 -0.0080393710801665973 0.063398068450743528 0.036216973591007132 0.035128039517202163 0.024857849683454253 0.0034521288888889295 -0.015579431417784929 -0.045170594810496449 0.0050513755642856255 0.0470791307402336 0.011099929371053162 -0.010394380306139945 0.011636027440459133 0.046260054252005522 -0.016934861253406 -0.00091695914264447193 0.011621554027197377 -0.0057939547920705164 -0.026381380392315121 0.042722566891924912 -0.019734679242474719 0.0080025693716098169 -0.048660295031558713 0.0032759317812042043 -0.0043119468049878946 -0.21433250930286568 0.034651943040080367 -0.0021224904883129976 -0.01529796972195796
leaf_weight=4875 9120 4416 780 1812 1824 13552 43776 7895 1853 22352 1179 51077 21020 6970 2387 6884 247243 9323 38484 8507 691 8610 12483 840 8740 25200 59 96 21360 2909
leaf_count=4875 9120 4416 780 1812 1824 13552 43776 7895 1853 22352 1179 51077 21020 6970 2387 6884 247243 9323 38484 8507 691 8610 12483 840 8740 25200 59 96 21360 2909
internal_value=4.22842e-13 0.00483145 0.00705206 -0.00258219 0.00983408 0.0131555 0.00471917 -0.00276706 -0.0186766 -0.00153148 0.0103571 0.0119117 -0.00248052 -0.00200867 0.0204687 -0.00262152 -0.00137068 -0.00624619 -0.0023977 -0.0108185 -0.0218351 -0.00748238 -0.00274669 -0.00200938 0.00820191 -0.00574254 0.0238797 -0.0601228 -0.0063589 0.0035989
internal_weight=586317 204216 151384 382101 115824 70224 45600 380289 6728 52832 56672 52256 373561 352541 9357 343184 255138 88046 47807 40239 9353 30886 22276 35560 9520 26040 846 155 30480 15392
internal_count=586317 204216 151384 382101 115824 70224 45600 380289 6728 52832 56672 52256 373561 352541 9357 343184 255138 88046 47807 40239 9353 30886 22276 35560 9520 26040 846 155 30480 15392
is_linear=0
shrinkage=0.05


Tree=75
num_leaves=31
num_cat=0
split_feature=10 12 11 13 13 12 11 9 9 7 11 10 11 10 5 12 3 3 9 13 7 6 13 10 10 9 10 10 11 1
split_gain=2644.46 1160.45 1496.83 963.05 916.032 719.275 695.259 693.937 669.88 607.694 593.116 630.176 684.391 668.498 589.807 841.155 566.41 562.559 538.423 586.097 510.724 506.821 505.881 479.605 632.198 470.766 466.058 812.297 888.407 778.248
threshold=0.21772121638059619 14.750000000000002 0.23448270559310916 78.250000000000014 79.750000000000014 19.250000000000004 -0.42108526825904841 41.114059448242195 27.53487586975098 34.494106292724616 0.79874977469444286 -0.22611359506845471 0.99548450112342846 -0.32533907890319819 30.586627006530765 14.750000000000002 30.32827186584473 35.231376647949226 31.970374107360843 80.750000000000014 28.56797027587891 1.0000000180025095e-35 82.250000000000014 0.99762105941772472 0.96683886647224437 38.816078186035163 0.33346569538116461 0.54883790016174328 -0.72658059000968922 36.47856521606446
decision_type=2 2 2 2 2 2 2 2 2 2 2 2 2 2 2 2 2 2 2 2 2 2 2 2 2 2 2 2 2 2
left_child=7 3 5 6 16 23 -2 8 20 -7 -10 13 -13 14 15 -12 -4 -6 19 -17 -1 25 -11 24 26 -18 -3 -28 29 -29
right_child=1 2 4 -5 17 9 -8 -9 10 22 11 12 -14 -15 -16 18 21 -19 -20 -21 -22 -23 -24 -25 -26 -27 27 28 -30 -31
leaf_value=-0.013872357756844101 -0.016590147912818383 0.018676879392625547 0.020980163147821765 0.0052132892455063334 -0.0038911231565034615 0.043894706347481827 -0.0022275556522199538 -0.10079526956880064 -0.0010602266734014792 0.019112087818142769 -0.018869621595962078 0.0043585787973665904 -0.0096738343421315376 -0.023196564078472499 -0.016999160272860168 0.017439628682003723 0.0019871687556488626 -0.027153983865531681 -0.064361877459945177 -0.0055565947664365494 0.0070972259851350295 0.043439426265905759 0.003504859309658632 -0.0050629006548107269 0.016409500519680584 0.082366133172350017 -0.0067985650254011078 0.060544079309080859 0.0035987679279106781 0.016055091327306651
leaf_weight=20604 12720 6272 4985 27632 28864 1906 24960 181 239626 18035 4838 20408 15132 8583 9523 6479 39827 2856 266 4841 3380 765 7291 7168 18816 183 12544 1124 28672 7836
leaf_count=20604 12720 6272 4985 27632 28864 1906 24960 181 239626 18035 4838 20408 15132 8583 9523 6479 39827 2856 266 4841 3380 765 7291 7168 18816 183 12544 1124 28672 7836
internal_value=3.37331e-13 0.00386155 0.00586418 -0.00187673 0.000544245 0.00962282 -0.00707607 -0.00292 -0.0028669 0.016668 -0.00224346 -0.0062899 -0.00161605 -0.0111005 -0.00709919 -0.00135896 0.00507066 -0.00598566 0.00595301 0.00760529 -0.0109172 0.00312562 0.014619 0.00729539 0.00847237 0.00235481 0.00582666 0.00422038 0.00789337 0.0216361
internal_weight=586317 252456 187144 65312 77480 109664 37680 333861 333680 27232 309696 70070 35540 34530 25947 16424 45760 31720 11586 11320 23984 40775 25326 82432 75264 40010 56448 50176 37632 8960
internal_count=586317 252456 187144 65312 77480 109664 37680 333861 333680 27232 309696 70070 35540 34530 25947 16424 45760 31720 11586 11320 23984 40775 25326 82432 75264 40010 56448 50176 37632 8960
is_linear=0
shrinkage=0.05


Tree=76
num_leaves=31
num_cat=0
split_feature=10 3 12 13 10 10 9 10 10 1 11 10 10 12 13 11 12 12 11 10 10 5 13 11 12 10 4 9 11 1
split_gain=2416.41 1001.41 948.342 1342.28 605.988 908.336 835.393 692.508 1161.52 1425.32 1129.1 1125.63 1073.74 850.672 1467.23 983.178 899.194 784.512 712.187 631.464 626.988 894.892 575.198 561.79 880.751 591.733 594.268 559.709 558.903 1091.07
threshold=0.45972847938537603 40.744228363037116 14.750000000000002 80.750000000000014 -0.98211652040481556 -0.97109106183052052 32.356893539428718 -0.90880924463272084 -0.86958134174346913 34.555480957031257 -0.38961601257324213 -0.82391539216041554 -0.88606244325637806 18.250000000000004 78.750000000000014 -0.62538740038871754 15.750000000000002 14.750000000000002 -0.30900555849075312 -0.73831951618194569 -0.62540480494499195 31.297702789306644 77.250000000000014 0.21771516650915149 17.750000000000004 0.49002411961555487 0.11312321946024896 34.434160232543952 -0.48248986899852747 35.004354476928718
decision_type=2 2 2 2 2 2 2 2 2 2 2 2 2 2 2 2 2 2 2 2 2 2 2 2 2 2 2 2 2 2
left_child=1 4 22 23 6 -6 -1 10 9 -9 -7 -10 -11 14 17 16 -16 -13 -12 -18 21 -21 -2 24 -4 -25 -27 -26 29 -5
right_child=2 -3 3 28 5 7 -8 8 11 12 18 13 -14 -15 15 -17 19 -19 -20 20 -22 -23 -24 25 27 26 -28 -29 -30 -31
leaf_value=-0.001731514209293824 -0.008547198421997344 0.033273590168591237 0.0068489152022034681 0.062104777253976257 -0.018295602817222031 0.032129094689519466 0.014567721465772157 -0.013739654303651858 0.010074145027079429 -0.030091228020506552 -0.011830754865448906 -0.0099311656061997402 -0.16789133199455464 -0.007421787293860789 0.020004254696044804 -0.0015144590449607466 0.042213426982170274 -0.0012411412228279356 0.0053526134650446078 -0.065367895575774854 0.0046878696559916125 0.00040578844892442343 0.002419045579550931 0.033778936500709629 0.053841983538301268 0.0027162987522431296 0.036793086636521075 0.017206609926325774 -0.0045711766277688765 0.0039106089652671339
leaf_weight=23584 18288 1963 34656 872 9648 3216 11792 15512 16080 303 8040 48276 265 92602 13932 37153 992 56213 24120 814 16178 1418 34544 1712 1081 40623 1321 29319 31248 10552
leaf_count=23584 18288 1963 34656 872 9648 3216 11792 15512 16080 303 8040 48276 265 92602 13932 37153 992 56213 24120 814 16178 1418 34544 1712 1081 40623 1321 29319 31248 10552
internal_value=8.08542e-13 -0.00234663 0.00439069 0.00640356 -0.00253057 -0.00317005 0.00370156 -0.00273458 -0.00351543 -0.0165882 0.00388153 -0.00277436 -0.0943818 -0.00354649 -0.00149558 0.00407897 0.0103132 -0.00525611 0.00105677 0.0033544 0.00126053 -0.0235816 -0.00137696 0.00935331 0.0122977 0.00496558 0.00378953 0.0185093 -0.00111127 0.0083526
internal_weight=586317 382101 204216 151384 380138 344762 35376 335114 299738 16080 35376 283658 568 267578 174976 70487 33334 104489 32160 19402 18410 2232 52832 108712 65056 43656 41944 30400 42672 11424
internal_count=586317 382101 204216 151384 380138 344762 35376 335114 299738 16080 35376 283658 568 267578 174976 70487 33334 104489 32160 19402 18410 2232 52832 108712 65056 43656 41944 30400 42672 11424
is_linear=0
shrinkage=0.05


Tree=77
num_leaves=31
num_cat=0
split_feature=10 11 10 10 10 10 10 11 12 10 5 13 11 11 12 13 12 11 13 10 9 9 10 1 10 10 1 3 7 13
split_gain=2203.27 1319.8 1007.92 801.759 792.948 611.956 1897.18 889.648 583.348 572.623 658.582 572.497 1554.3 1031.7 919.986 1648.43 879.963 736.666 751.678 699.076 1616.8 849.289 886.038 715.83 704.749 1106.07 994.688 733.05 716.094 669.865
threshold=0.54883790016174328 -0.72658059000968922 0.90518480539321911 0.99628895521163952 0.87795194983482372 0.96683886647224437 0.94417876005172741 0.30080866813659674 15.250000000000002 0.6186656951904298 33.491357803344734 76.750000000000014 -0.09024826809763907 0.39752808213233953 16.750000000000004 79.250000000000014 16.750000000000004 -0.09024826809763907 83.750000000000014 0.20088869333267215 32.594768524169929 34.49261665344239 0.38168568909168249 36.231637954711921 -0.064507851377129541 -0.1330134719610214 31.207975387573246 31.235817909240726 27.168518066406254 81.750000000000014
decision_type=2 2 2 2 2 2 2 2 2 2 2 2 2 2 2 2 2 2 2 2 2 2 2 2 2 2 2 2 2 2
left_child=11 9 4 5 -3 6 -4 -8 -7 -2 -11 12 16 14 15 -13 -1 18 19 20 24 22 -21 -22 25 27 -27 28 -16 -15
right_child=1 2 3 -5 -6 8 7 -9 -10 10 -12 13 -14 29 17 -17 -18 -19 -20 21 23 -23 -24 -25 -26 26 -28 -29 -30 -31
leaf_value=-0.020996558036618686 0.0087679620861922224 0.0013018167092738574 0.015191529990116149 -0.0028231138438685487 -0.012923051076600548 0.0043633873821782116 -0.0021305839862540243 -0.031949596767479882 0.019010192460108842 0.06673264235454171 0.022400562197858454 0.00074443629571354936 0.0010134031600263045 -0.0030283403112888185 -0.022389476025182861 0.016590832674178886 -0.0043153717317455809 0.0062817741170009059 0.013753637798084431 0.043933716918597328 -0.016229292707396543 -0.0001886090165679657 -0.050613519556305199 -0.06163476466129323 0.018898785506318419 -0.086790127363331707 -0.0079754625312707158 -0.0096287570456441152 0.006160483609314869 -0.012476289234959415
leaf_weight=19200 8040 75576 19296 16080 11256 9760 11256 3216 22400 950 7090 59600 35258 111895 2430 22648 13440 22736 5760 2043 21814 13867 282 904 3756 743 868 18772 22841 22540
leaf_count=19200 8040 75576 19296 16080 11256 9760 11256 3216 22400 950 7090 59600 35258 111895 2430 22648 13440 22736 5760 2043 21814 13867 282 904 3756 743 868 18772 22841 22540
internal_value=4.97119e-12 0.00451578 0.0032122 0.00718739 -0.000542148 0.00962897 0.00492786 -0.00875703 0.0145651 0.0182034 0.0276388 -0.00208038 -0.00626531 -0.00122836 0.00105703 0.00510794 -0.0141278 -0.00179515 -0.00374707 -0.00488842 -0.00699608 0.00450026 0.0324661 -0.0180361 -0.00192005 -0.00363284 -0.0443251 -0.0021444 0.00341519 -0.00461243
internal_weight=586317 184920 168840 82008 86832 65928 33768 14472 32160 16080 8040 401397 67898 333499 199064 82248 32640 116816 94080 88320 72128 16192 2325 22718 49410 45654 1611 44043 25271 134435
internal_count=586317 184920 168840 82008 86832 65928 33768 14472 32160 16080 8040 401397 67898 333499 199064 82248 32640 116816 94080 88320 72128 16192 2325 22718 49410 45654 1611 44043 25271 134435
is_linear=0
shrinkage=0.05


Tree=78
num_leaves=31
num_cat=0
split_feature=10 12 11 13 13 12 9 9 3 3 7 10 9 10 10 11 10 1 10 10 12 13 3 11 11 10 12 10 5 11
split_gain=2001.1 924.1 1119.39 756.717 703.86 679.77 570.175 549.769 515.133 487.689 476.933 474.065 741.972 680.575 535.624 1034.39 1020.97 1303.07 965.391 958.424 813.88 818.544 726.366 699.293 686.182 646.521 739.397 659.635 620.122 602.415
threshold=0.20088869333267215 14.250000000000002 0.23448270559310916 79.750000000000014 78.250000000000014 19.250000000000004 41.114059448242195 27.16437911987305 35.231376647949226 30.32827186584473 34.494106292724616 -0.98211652040481556 32.814941406250007 -0.97109106183052052 -0.90880924463272084 -0.38961601257324213 -0.86958134174346913 34.555480957031257 -0.88606244325637806 -0.82391539216041554 18.250000000000004 78.750000000000014 34.096069335937507 -0.30900555849075312 -0.62538740038871754 -0.72660079598426808 15.750000000000002 -0.62540480494499195 31.297702789306644 -0.9946339726448058
decision_type=2 2 2 2 2 2 2 2 2 2 2 2 2 2 2 2 2 2 2 2 2 2 2 2 2 2 2 2 2 2
left_child=6 4 5 9 -2 -3 7 -1 -5 -4 -7 12 -9 -13 15 -15 17 -16 -19 -18 21 -21 29 -17 25 -23 -27 28 -28 -22
right_child=1 2 3 8 -6 10 -8 11 -10 -11 -12 13 -14 14 16 23 19 18 -20 20 22 24 -24 -25 -26 26 27 -29 -30 -31
leaf_value=-0.011044720442068043 -0.0072531284911259838 0.0059310053192612941 0.017922057043958318 -0.0035070870901503636 0.0042442143658481812 0.038321409190855721 -0.11486368103167124 -0.00071011641712187535 -0.025556682870703347 0.0025232608351808024 0.013059364429309651 -0.015913019200176931 0.016271414744825834 0.030828612274822281 -0.012666436409570653 -0.012256641019902984 0.0096174173266205323 -0.028853268303720914 -0.15951591441548377 -0.0042164752042426938 0.0098865777035765691 0.037133291722810123 -0.028245344305623483 0.0050574758906710791 -0.0015384869122552994 0.017522217104234725 -0.064848483550707034 0.0042581407226169573 -0.0060304663481702851 -0.0076558610025121154
leaf_weight=17930 31800 90024 5807 29829 22896 2016 113 26111 2907 44881 25512 9456 8535 3156 15057 7732 15807 303 265 76079 5318 1970 3980 23729 29137 10366 697 12280 1255 61369
leaf_count=17930 31800 90024 5807 29829 22896 2016 113 26111 2907 44881 25512 9456 8535 3156 15057 7732 15807 303 265 76079 5318 1970 3980 23729 29137 10366 697 12280 1255 61369
internal_value=-1.13533e-12 0.00332183 0.00489 0.000460463 -0.00244029 0.00803355 -0.00256861 -0.00253022 -0.00546512 0.0042874 0.0149094 -0.00204185 0.00347326 -0.00272929 -0.00226499 0.00353975 -0.00312414 -0.0154709 -0.0898138 -0.00224025 -0.00316607 -0.000844578 -0.00749533 0.000802279 0.00376058 0.00957205 0.00736473 -3.35624e-05 -0.0270326 -0.00625693
internal_weight=586317 255672 200976 83424 54696 117552 330645 330532 32736 50688 27528 312602 34646 277956 268500 34617 233883 15625 568 218258 202451 131784 70667 31461 55705 26568 24598 14232 1952 66687
internal_count=586317 255672 200976 83424 54696 117552 330645 330532 32736 50688 27528 312602 34646 277956 268500 34617 233883 15625 568 218258 202451 131784 70667 31461 55705 26568 24598 14232 1952 66687
is_linear=0
shrinkage=0.05


Tree=79
num_leaves=31
num_cat=0
split_feature=10 11 10 10 11 10 10 10 11 12 10 9 7 10 10 10 10 7 9 3 11 5 1 9 5 10 3 13 12 13
split_gain=1845.38 1169.6 885.161 748.969 1065.2 718.018 657.394 1402.64 985.535 539.886 910.791 1238.31 734.727 711.037 584.699 1380.84 1153.09 957.464 786.721 576.094 619.363 742.037 526.616 818.323 517.562 516.946 622.69 920.776 541.763 495.981
threshold=0.54883790016174328 -0.72658059000968922 0.90518480539321911 0.9946616291999818 0.047319635748863227 0.87795194983482372 0.97109106183052074 0.94417876005172741 0.30080866813659674 15.250000000000002 0.65839549899101268 29.467936515808109 27.307657241821293 0.56314551830291759 0.78829774260520946 0.81403854489326488 0.7440970540046693 30.500618934631351 41.308223724365241 41.532094955444343 -0.49749487638473505 34.806369781494148 38.367088317871101 39.44108963012696 39.598205566406257 0.6186656951904298 35.231376647949226 78.250000000000014 15.250000000000002 76.750000000000014
decision_type=2 2 2 2 2 2 2 2 2 2 2 2 2 2 2 2 2 2 2 2 2 2 2 2 2 2 2 2 2 2
left_child=29 25 5 6 -5 9 7 22 -9 -3 11 13 -12 -11 16 17 18 -16 -14 20 21 -17 23 -4 -7 -2 27 -27 -28 -1
right_child=1 2 3 4 -6 24 -8 8 -10 10 12 -13 14 -15 15 19 -18 -19 -20 -21 -22 -23 -24 -25 -26 26 28 -29 -30 -31
leaf_value=-0.0057991722499361586 0.0080530205427123691 -0.0052601840256636685 0.011762245888937718 -0.0087658623113504516 0.018364174588083312 -0.018455146480133185 0.015419169287489954 0.00040506674691529208 -0.030195057340841148 0.01465687649943994 0.089755198559758817 -0.0041922442535953048 -0.00073524011616227366 -0.088230513226592519 0.064635738929394976 0.066713229963530796 0.025925825838705726 -0.026085538545171146 0.045772712095593186 -0.019706785308480274 0.0030986547776380422 0.016468239412697577 0.02783801860039033 -0.049452859629109266 0.006571673870257322 0.029290880840800872 -0.010256963188017582 0.11308752514513676 0.026255172726741889 -0.0011108895164969521
leaf_weight=67898 8040 22936 13473 14472 4824 8530 25728 14472 3216 218 266 8011 12282 731 308 880 8960 5218 982 1671 8659 4454 5254 569 2726 1100 1262 467 5211 333499
leaf_count=67898 8040 22936 13473 14472 4824 8530 25728 14472 3216 218 266 8011 12282 731 308 880 8960 5218 982 1671 8659 4454 5254 569 2726 1100 1262 467 5211 333499
internal_value=1.50573e-12 0.00413277 0.00290561 0.00663086 -0.00198335 -0.00061268 0.00928139 0.00501162 -0.00515859 0.001142 0.00393152 -0.0105899 0.00691027 -0.0645957 0.00640268 0.000460211 0.0120687 -0.0210291 0.00270798 0.00804127 0.0113549 0.0247576 0.0143343 0.00928173 -0.0123941 0.017018 0.025983 0.0542641 0.0191366 -0.00190393
internal_weight=586317 184920 168840 82008 19296 86832 62712 36984 17688 75576 52640 8960 43680 949 43414 21190 22224 5526 13264 15664 13993 5334 19296 14042 11256 16080 8040 1567 6473 401397
internal_count=586317 184920 168840 82008 19296 86832 62712 36984 17688 75576 52640 8960 43680 949 43414 21190 22224 5526 13264 15664 13993 5334 19296 14042 11256 16080 8040 1567 6473 401397
is_linear=0
shrinkage=0.05


Tree=80
num_leaves=31
num_cat=0
split_feature=10 12 13 11 13 11 5 10 9 9 10 10 10 13 11 10 10 10 10 10 10 9 10 5 11 10 9 11 11 9
split_gain=1667.83 799.317 1108.26 827.431 746.869 633.155 558.269 516.234 516.224 517.683 513.205 1167.57 784.079 501.626 455.738 454.487 922.667 579.541 811.173 549.593 836.291 801.304 794.633 709.201 629.726 514.505 568.278 506.392 449.195 733.333
threshold=0.20088869333267215 14.750000000000002 81.250000000000014 0.74407637119293224 78.250000000000014 -0.42108526825904841 30.835034370422367 -0.99984258413314808 27.16437911987305 41.114059448242195 0.33346569538116461 0.54883790016174328 0.69636976718902599 77.750000000000014 0.99962961673736583 0.96683886647224437 0.99628895521163952 0.94417876005172741 0.91927745938301098 0.78829774260520946 0.75548630952835094 40.432950973510749 0.81403854489326488 38.256908416748054 0.57727023959159862 0.95495790243148815 40.75471496582032 1.0000000180025095e-35 -0.49749487638473505 33.988399505615241
decision_type=2 2 2 2 2 2 2 2 2 2 2 2 2 2 2 2 2 2 2 2 2 2 2 2 2 2 2 2 2 2
left_child=7 4 3 6 5 -2 -3 -1 14 -10 -8 13 -13 -12 -9 17 -17 18 19 20 21 -14 23 24 -21 26 -19 -18 29 -24
right_child=1 2 -4 -5 -6 -7 10 8 9 -11 11 12 15 -15 -16 16 27 25 -20 22 -22 -23 28 -25 -26 -27 -28 -29 -30 -31
leaf_value=0.017589857180820588 -0.015230482014163447 0.035746429053346934 -0.0022161812293462258 -0.000872014882029628 0.00450459861070069 -0.0016308725458729753 0.021229911874135546 -0.0096729707606433585 -0.0020259498161952745 -0.10906495132475301 -0.019537882620345112 0.021583717300265683 -0.0038108836665592832 0.0009283736493782695 -0.066431022937850734 0.019464716214542922 -0.011833906972915351 -0.029235384030693142 0.022508209854399219 0.041782683141297877 0.028310333703984492 0.036680408405674811 0.07864210951123099 -0.050031799419957682 -0.016843267672807555 0.0039492542825035728 0.027485976918194634 0.011729932625074614 5.965737239930531e-05 0.011104338892845629
leaf_weight=3216 12960 1872 44520 28272 27984 25200 7111 17422 309533 113 4844 11368 7262 7839 361 18024 4560 3134 7277 561 5213 1469 437 1312 2496 4560 514 4560 17315 5008
leaf_count=3216 12960 1872 44520 28272 27984 25200 7111 17422 309533 113 4844 11368 7262 7839 361 18024 4560 3134 7277 561 5213 1469 437 1312 2496 4560 514 4560 17315 5008
internal_value=-5.108e-12 0.00303263 0.0046842 0.00680273 -0.00169975 -0.00624961 0.00866146 -0.00234499 -0.00254079 -0.00206501 0.00822004 0.00736147 0.00926249 -0.00688827 -0.0108252 0.00758908 0.0129074 0.00503666 0.00712204 0.00439603 0.0124635 0.00300182 0.000249462 -0.0192819 -0.00608463 -0.00724748 -0.0212434 -5.19872e-05 0.00399869 0.0165247
internal_weight=586317 255672 189528 145008 66144 38160 116736 330645 327429 309646 114864 107753 95070 12683 17783 83702 27144 56558 48350 41073 13944 8731 27129 4369 3057 8208 3648 9120 22760 5445
internal_count=586317 255672 189528 145008 66144 38160 116736 330645 327429 309646 114864 107753 95070 12683 17783 83702 27144 56558 48350 41073 13944 8731 27129 4369 3057 8208 3648 9120 22760 5445
is_linear=0
shrinkage=0.05


Tree=81
num_leaves=31
num_cat=0
split_feature=10 10 13 12 11 13 10 10 11 11 2 11 4 3 5 10 12 3 0 11 10 12 11 1 9 7 11 9 5 9
split_gain=1522.95 1467.75 929.398 1001.1 1081.11 959.282 921.97 1405.79 1279.88 1066.66 2557.37 1609.93 956.629 763.9 763.162 758.235 742.301 742.165 736.856 694.966 645.41 644.986 596.403 1290.51 1082.16 691.647 636.202 662.088 590.975 723.151
threshold=-0.021515898406505581 -0.1330134719610214 81.250000000000014 14.750000000000002 0.74407637119293224 78.250000000000014 -0.20931270718574521 -0.32533907890319819 -0.88603779673576344 -0.69014781713485707 3.1336501836776738 -0.62538740038871754 3.4885307550430302 32.085302352905281 26.495076179504398 -0.38168568909168238 14.750000000000002 27.436041831970218 4.350783348083497 0.41326330602169042 -0.25118774175643915 18.750000000000004 -0.09024826809763907 34.43524360656739 32.852962493896491 33.225502014160163 -0.24284072965383527 31.437306404113773 27.547017097473148 30.536562919616703
decision_type=2 2 2 2 2 2 2 2 2 2 2 2 2 2 2 2 2 2 2 2 2 2 2 2 2 2 2 2 2 2
left_child=1 6 3 5 13 -2 7 8 15 10 12 14 -10 -5 -11 -1 19 -18 20 -13 -9 -6 23 25 -24 26 -19 -28 -12 -30
right_child=2 -3 -4 4 21 -7 -8 18 9 11 28 16 -14 -15 -16 -17 17 22 -20 -21 -22 -23 24 -25 -26 -27 27 -29 29 -31
leaf_value=0.023488019308616048 -0.0057119066570377429 -0.015549300175616156 -0.0035754387045697578 0.023711330799587964 0.0028311655154745234 0.0055871425879429788 0.010669248057652446 -0.025968889571646503 0.0047691329164957713 -0.032851169377238573 -0.057993056146924307 -0.0018744746292336176 -0.022226350875164533 0.0072291605958231739 0.025589918720338847 0.00045583503753122653 0.02594031720918551 0.0033578688689365498 0.0028694529382594209 -0.014288934754356131 -0.0058218854517121926 -0.011146250445179402 -0.00068196084119308319 -0.05106890983465389 0.013415535806602874 -0.020688638305895672 -0.022569957355857335 0.004584277842907835 -0.0042375581426883349 -0.035923495817526539
leaf_weight=8040 44400 20301 51800 7463 28512 32560 14472 11522 16395 604 1732 26624 4103 121129 7436 6432 2749 23849 4921 19552 6069 11616 72906 1489 16738 5145 5756 3680 2635 5687
leaf_count=8040 44400 20301 51800 7463 28512 32560 14472 11522 16395 604 1732 26624 4103 121129 7436 6432 2749 23849 4921 19552 6069 11616 72906 1489 16738 5145 5756 3680 2635 5687
internal_value=1.31051e-12 -0.00258612 0.00251098 0.00379426 0.00594989 -0.00093154 -0.00160612 -0.00230535 -0.00114566 -0.00210547 -0.0107656 -0.000686996 -0.000634442 0.00818572 0.0211996 0.0132515 -0.00167288 0.000231988 -0.0142336 -0.00713105 -0.0190181 -0.00121493 -0.000313478 -0.00539706 0.00195027 -0.00362747 -0.000990257 -0.0119799 -0.031421 -0.0258908
internal_weight=586317 288837 297480 245680 168720 76960 268536 254064 231552 217080 30552 186528 20498 128592 8040 14472 178488 132312 22512 46176 17591 40128 129563 39919 89644 38430 33285 9436 10054 8322
internal_count=586317 288837 297480 245680 168720 76960 268536 254064 231552 217080 30552 186528 20498 128592 8040 14472 178488 132312 22512 46176 17591 40128 129563 39919 89644 38430 33285 9436 10054 8322
is_linear=0
shrinkage=0.05


Tree=82
num_leaves=31
num_cat=0
split_feature=10 12 13 8 10 11 7 13 1 13 12 11 10 9 7 12 11 1 11 3 13 11 13 10 10 10 10 10 10 9
split_gain=1375.32 680.463 772.349 555.537 611.801 882.561 608.061 549.314 954.516 850.225 719.349 874.351 692.956 1095.7 735.789 602.315 733.639 548.626 529.47 719.087 795.095 514.725 497.395 461.581 525.249 907.579 655.592 487.433 727.931 621.204
threshold=0.21772121638059619 14.250000000000002 81.750000000000014 0.13091946393251422 0.6186656951904298 -0.71464690566062916 27.752035140991214 80.750000000000014 36.231637954711921 78.750000000000014 14.750000000000002 -0.09024826809763907 -1.0000000180025095e-35 32.131294250488288 33.137817382812507 17.750000000000004 -0.37370587885379786 33.350265502929695 0.54882264137268078 31.606757164001468 83.250000000000014 0.030119189061224464 78.250000000000014 0.90518480539321911 0.93836870789527904 0.95992380380630504 0.99628895521163952 0.78829774260520946 0.7440970540046693 40.596107482910163
decision_type=2 2 2 2 2 2 2 2 2 2 2 2 2 2 2 2 2 2 2 2 2 2 2 2 2 2 2 2 2 2
left_child=7 22 3 4 -3 -6 -7 9 18 10 -1 12 13 -12 -14 16 17 -11 19 20 -9 -13 -2 27 -25 -26 -27 28 29 -8
right_child=1 2 -4 -5 5 6 23 8 -10 15 11 21 14 -15 -16 -17 -18 -19 -20 -21 -22 -23 -24 24 25 26 -28 -29 -30 -31
leaf_value=-0.0075955681406452121 -0.0062626444146323861 -0.00037952188487222379 -0.0025821729311626507 0.013311612322064481 0.027097804799319749 0.090776167637958205 -0.0025821760666495741 -0.0008566594163522314 -0.089500796015967027 0.021674686525110575 -0.00226809146603601 0.021532886032570198 0.029477991212895134 -0.018812450741890734 -0.0039636654826222112 -0.002692701119993853 0.001250071446926012 0.0063159413922887729 -0.011766924380953631 -0.0086725983546745537 0.022584620752805533 0.0022418209791072912 0.0034637928676117674 0.019277745790836943 -0.0093410406605024983 0.014790424249980508 -0.00073139302479136687 -0.0031224006941703505 0.020139434643458808 0.039673862035951427
leaf_weight=59796 31400 44499 35168 20370 5025 209 12289 18099 341 9655 30517 3696 2733 14891 4131 33220 37185 14617 23394 23407 4521 53658 22608 9541 7581 21692 9911 23997 7230 936
leaf_count=59796 31400 44499 35168 20370 5025 209 12289 18099 341 9655 30517 3696 2733 14891 4131 33220 37185 14617 23394 23407 4521 53658 22608 9541 7581 21692 9911 23997 7230 936
internal_value=2.66377e-12 0.00278481 0.00413902 0.00558666 0.00448557 0.00668544 0.00558707 -0.00210579 -0.00605192 -0.00106342 -0.00318418 -0.000777963 -0.00545535 -0.00769361 0.00935161 0.00273162 0.00566369 0.0124254 -0.00564202 -0.00252893 0.00382849 0.00348497 -0.00219111 0.00539599 0.0087573 0.00619566 0.00992264 0.00171156 0.00738257 0.000408497
internal_weight=586317 252456 198448 163280 142910 98411 93386 333861 69762 264099 169422 109626 52272 45408 6864 94677 61457 24272 69421 46027 22620 57354 54008 93177 48725 39184 31603 44452 20455 13225
internal_count=586317 252456 198448 163280 142910 98411 93386 333861 69762 264099 169422 109626 52272 45408 6864 94677 61457 24272 69421 46027 22620 57354 54008 93177 48725 39184 31603 44452 20455 13225
is_linear=0
shrinkage=0.05


Tree=83
num_leaves=31
num_cat=0
split_feature=10 10 10 10 11 11 2 11 4 13 12 11 13 5 10 3 0 12 3 11 10 12 11 5 9 10 10 11 5 9
split_gain=1252.75 1306.64 836.977 1265.15 1151.82 961.29 2319.93 1444.67 867.233 774.247 815.536 902.448 808.945 694.234 685.527 675.999 659.007 644.033 707.12 629.076 582.63 580.99 546.494 531.037 651.234 593.576 526.502 523.318 1185.48 903.824
threshold=-0.021515898406505581 -0.1330134719610214 -0.20931270718574521 -0.32533907890319819 -0.88603779673576344 -0.69014781713485707 3.1336501836776738 -0.62538740038871754 3.4885307550430302 81.250000000000014 14.750000000000002 0.74407637119293224 77.750000000000014 26.241146087646488 -0.38168568909168238 32.085302352905281 4.350783348083497 15.250000000000002 27.436041831970218 0.41326330602169042 -0.25118774175643915 18.750000000000004 -0.42108526825904841 27.547017097473148 30.536562919616703 -0.49002411961555475 -0.71466678380966175 -0.09024826809763907 33.784095764160163 32.891977310180671
decision_type=2 2 2 2 2 2 2 2 2 2 2 2 2 2 2 2 2 2 2 2 2 2 2 2 2 2 2 2 2 2
left_child=1 2 3 4 14 6 8 13 -6 10 12 15 22 -7 -1 -12 20 19 -19 -9 -5 -13 -2 25 26 -8 -25 28 -20 -29
right_child=9 -3 -4 16 5 7 23 17 -10 -11 11 21 -14 -15 -16 -17 -18 18 27 -21 -22 -23 -24 24 -26 -27 -28 29 -30 -31
leaf_value=0.022404322011236072 -0.014584249244717285 -0.014576586156700334 0.010275014512950542 -0.024531759570585863 0.0046755961908111071 -0.038062447029758313 -0.044950347960986681 -0.0014173299470868301 -0.021027608479927372 -0.0032778486337604004 0.022042066259474139 0.0026883045963624571 0.003929225244574815 0.023888237519942242 0.00050425008632822737 0.0065371575560789225 0.0027714142791172777 0.026815380750413488 -0.0023880438018788219 -0.012322545559503198 -0.0053896725771240385 -0.010577568650597211 -0.0016803870382820002 -0.088055724450440589 -0.034070382948801131 -0.14040138608479238 0.0019416204209731606 -0.00026844524257163077 -0.035735844688412698 0.013255024584964487
leaf_weight=8040 12864 20301 14472 11522 16395 481 1550 31232 4103 51800 7463 28512 41440 7559 6432 121129 4921 2501 34661 22936 6069 11616 22656 174 5687 182 2461 69232 2887 15039
leaf_count=8040 12864 20301 14472 11522 16395 481 1550 31232 4103 51800 7463 28512 41440 7559 6432 121129 4921 2501 34661 22936 6069 11616 22656 174 5687 182 2461 69232 2887 15039
internal_value=3.14205e-13 -0.00234551 -0.00142086 -0.00208708 -0.000986928 -0.00189745 -0.0101187 -0.000550864 -0.000469308 0.00227737 0.00344865 0.00539426 -0.00081673 0.020182 0.012671 0.007437 -0.0134029 -0.00148478 0.000497757 -0.00603485 -0.0179276 -0.00115182 -0.00635368 -0.0297919 -0.0245496 -0.0549804 -0.00400128 -4.25554e-05 -0.0049521 0.00214495
internal_weight=586317 288837 268536 254064 231552 217080 30552 186528 20498 297480 245680 168720 76960 8040 14472 128592 22512 178488 124320 54168 17591 40128 35520 10054 8322 1732 2635 121819 37548 84271
internal_count=586317 288837 268536 254064 231552 217080 30552 186528 20498 297480 245680 168720 76960 8040 14472 128592 22512 178488 124320 54168 17591 40128 35520 10054 8322 1732 2635 121819 37548 84271
is_linear=0
shrinkage=0.05


Tree=84
num_leaves=31
num_cat=0
split_feature=10 5 11 10 10 8 11 12 13 5 13 1 10 10 7 13 13 9 3 12 11 10 9 11 11 10 13 11 12 5
split_gain=1137.45 813.57 797.71 663.895 1606.12 704.235 570.573 764.846 894.432 592.231 571.333 537.992 513.698 583.095 538.684 512.184 978.08 865.415 797.387 677.148 661.327 1089.86 1082.85 541.974 532.163 786.567 563.664 507.749 583.609 493.137
threshold=0.45972847938537603 41.099969863891609 0.87377473711967479 0.34964421391487127 0.30081701278686529 0.25853407382965093 0.74407637119293224 15.250000000000002 80.250000000000014 31.825056076049808 76.750000000000014 27.298403739929203 0.78829774260520946 0.81403854489326488 29.960451126098636 80.250000000000014 79.250000000000014 34.869119644165046 33.131374359130866 14.750000000000002 -0.09024826809763907 -0.012910176534205673 32.49201965332032 0.030119189061224464 0.56312987208366405 0.21772121638059619 83.750000000000014 0.39752808213233953 15.250000000000002 28.315699577331547
decision_type=2 2 2 2 2 2 2 2 2 2 2 2 2 2 2 2 2 2 2 2 2 2 2 2 2 2 2 2 2 2
left_child=1 3 6 4 15 -6 7 10 9 -9 -2 -5 -10 14 -14 16 19 24 -19 -1 21 22 -21 -22 25 26 -17 28 -18 -25
right_child=2 -3 -4 11 5 -7 -8 8 12 -11 -12 -13 13 -15 -16 17 27 18 -20 20 23 -23 -24 29 -26 -27 -28 -29 -30 -31
leaf_value=-0.0061581696976706294 -0.010778186342109423 0.031813833781659515 0.027717558310469393 -0.054858143302883758 0.011529782291587696 0.043764865557020895 -0.0052021231008521846 0.034027967053676535 0.0079524198740190243 0.0080940631454913103 0.0013784243769899753 -0.0089311547750842522 0.073462479793224011 -0.0017857449099603698 -0.036231797871846189 -0.0037878584519668934 0.017455877183617432 0.0067475176031647991 -0.044424833269184553 -0.0024006605544000508 0.020354538583304577 0.0099849626547604872 -0.018350474551946255 0.018412118796201783 -0.0094992802939292149 0.047698160584025623 0.012090453069583854 -0.00079685736963043942 0.0039122754200316932 0.00090798188317971922
leaf_weight=73122 12544 1812 3216 658 7166 2219 20904 2265 14000 78375 42112 20614 119 28800 1881 46706 12744 1088 2535 37503 4312 11646 14857 4306 29450 812 6349 21664 21163 61375
leaf_count=73122 12544 1812 3216 658 7166 2219 20904 2265 14000 78375 42112 20614 119 28800 1881 46706 12744 1088 2535 37503 4312 11646 14857 4306 29450 812 6349 21664 21163 61375
internal_value=2.86031e-13 -0.00161 0.0030124 -0.00176925 -0.00126073 0.0191515 0.00261712 0.00352471 0.00567554 0.00882249 -0.00141162 -0.0103518 1.10368e-05 -0.00359868 -0.029705 -0.00180865 -0.000707707 -0.00513517 -0.0290576 -0.00228803 -0.000176131 -0.00384933 -0.00692637 0.00318287 -0.00409492 -0.00114026 -0.00188773 0.00518238 0.00900266 0.00205554
internal_weight=586317 382101 204216 380289 359017 9385 201000 180096 125440 80640 54656 21272 44800 30800 2000 349632 262692 86940 3623 207121 133999 64006 52360 69993 83317 53867 53055 55571 33907 65681
internal_count=586317 382101 204216 380289 359017 9385 201000 180096 125440 80640 54656 21272 44800 30800 2000 349632 262692 86940 3623 207121 133999 64006 52360 69993 83317 53867 53055 55571 33907 65681
is_linear=0
shrinkage=0.05


Tree=85
num_leaves=31
num_cat=0
split_feature=10 10 11 10 10 10 8 11 11 0 13 10 10 11 12 5 1 5 10 5 11 1 9 11 1 13 12 12 13 10
split_gain=1063.42 607.514 922.602 576.92 643.362 1155.97 777.824 769.062 760.466 678.463 538.703 528.211 1152.3 806.495 470.383 452.134 443.801 1075.53 672.285 440.289 430.326 426.011 774.403 421.825 418.847 506.8 418.691 410.849 561.809 407.348
threshold=0.90518480539321911 0.9946616291999818 0.047319635748863227 0.87795194983482372 -0.021515898406505581 -0.1330134719610214 1.2989422082901003 0.97690230607986461 0.94415253400802623 0.09513250365853311 76.750000000000014 0.97109106183052074 0.94417876005172741 0.30080866813659674 17.250000000000004 36.641252517700202 37.263736724853523 36.72798156738282 0.94970905780792247 39.598205566406257 -0.43663504719734186 38.367088317871101 39.44108963012696 -0.38961601257324213 28.635541915893558 79.250000000000014 18.250000000000004 15.250000000000002 79.250000000000014 0.99865758419036876
decision_type=2 2 2 2 2 2 2 2 2 2 2 2 2 2 2 2 2 2 2 2 2 2 2 2 2 2 2 2 2 2
left_child=3 11 29 4 5 7 -6 8 -1 24 -8 12 21 -14 -11 -4 -15 18 -18 20 -5 22 23 27 25 -10 -13 -2 -29 -3
right_child=1 2 15 19 6 -7 10 -9 9 14 -12 26 13 16 -16 -17 17 -19 -20 -21 -22 -23 -24 -25 -26 -27 -28 28 -30 -31
leaf_value=-0.0011481272236666389 0.010080228596407229 -0.020653173804106861 -0.00023055743590315162 -0.033651748755788177 0.00032755666355530153 -0.01362615209918999 -0.0057860789369183615 0.013978621981916503 -0.018031556777049023 0.041998102596530584 0.01259926644087038 0.0085068358192865682 -0.00034476458659340732 -0.020056734216748053 -0.029498644876620919 0.030498602069685066 -0.32112586845341551 -0.025585091092224399 -0.09811077402478241 0.0054413989117039884 -0.0097640578968481231 0.024435765772214926 -0.049390835961759069 0.013042667413395671 -0.011555555147876553 -0.058782706793968124 0.021895131391419877 -0.12603094947804336 -0.017941422934448711 -0.0028583128873063655
leaf_weight=249240 673 4824 2204 2813 176717 20301 4834 8040 2031 825 22665 16768 14472 2716 319 2620 57 360 83 2726 5717 5254 569 12179 6859 1222 8960 163 458 9648
leaf_count=249240 673 4824 2204 2813 176717 20301 4834 8040 2031 825 22665 16768 14472 2716 319 2620 57 360 83 2726 5717 5254 569 12179 6859 1222 8960 163 458 9648
internal_value=-8.76508e-13 0.00528051 -0.0024777 -0.000858688 -0.000603169 -0.00212186 0.00154482 -0.00125215 -0.00172223 -0.0144346 0.00936734 0.00766766 0.00384034 -0.00537774 0.0220615 0.016459 -0.0280261 -0.071316 -0.18891 -0.0120514 -0.0176417 0.0122902 0.00774584 0.0101589 -0.0185635 -0.0333399 0.0131694 -0.0169832 -0.0463127 -0.00878993
internal_weight=586317 82008 19296 504309 493053 288837 204216 268536 260496 11256 27499 62712 36984 17688 1144 4824 3216 500 140 11256 8530 19296 14042 13473 10112 3253 25728 1294 621 14472
internal_count=586317 82008 19296 504309 493053 288837 204216 268536 260496 11256 27499 62712 36984 17688 1144 4824 3216 500 140 11256 8530 19296 14042 13473 10112 3253 25728 1294 621 14472
is_linear=0
shrinkage=0.05


Tree=86
num_leaves=31
num_cat=0
split_feature=9 11 13 11 12 13 12 11 10 6 11 10 10 11 1 3 7 9 3 3 9 12 5 13 0 11 2 12 11 11
split_gain=977.382 451.567 500.091 1679.18 706.23 692.122 530.925 502.984 454.954 823.847 708.231 580.308 596.628 1026.74 541.915 515.577 503.639 442.469 492.807 419.653 628.802 557.006 545.924 397.124 428.002 879.054 485.194 374.132 848.929 364.645
threshold=37.630399703979499 0.99548450112342846 76.750000000000014 -0.09024826809763907 16.750000000000004 80.250000000000014 13.250000000000002 0.41326330602169042 -0.012910176534205673 1.0000000180025095e-35 -0.98798605799674977 -0.21772121638059613 -0.3415676057338714 -0.88603779673576344 26.860832214355472 29.048268318176273 28.167576789855961 26.231262207031254 27.948163032531742 33.542610168457038 33.637870788574226 16.750000000000004 32.022941589355476 79.250000000000014 0.89465090632438671 -0.67758968472480763 9.0217423439025897 14.250000000000002 0.41326330602169042 -0.97502842545509327
decision_type=2 2 2 2 2 2 2 2 2 2 2 2 2 2 2 2 2 2 2 2 2 2 2 2 2 2 2 2 2 2
left_child=1 2 3 4 -1 8 -5 29 10 15 14 12 13 17 -4 -10 -14 -12 -19 20 -13 -21 -22 24 27 26 -26 28 -15 -7
right_child=-2 -3 5 6 -6 7 -8 -9 9 -11 11 19 16 23 -16 -17 -18 18 -20 21 22 -23 -24 -25 25 -27 -28 -29 -30 -31
leaf_value=-0.01672489930459865 0.0051121856241665327 -0.0088054470198058211 -0.10743895797775371 -0.0088901133984203105 -0.0022011732886079317 -0.0094321545830479969 0.0047569501727248199 -0.0068557080728732364 0.01810956459391945 0.013790496034212757 -0.050020787184512187 0.012672107544976356 0.012677335542922935 0.0027741265894803348 -0.013246752552692073 0.0013231909766710716 -0.013970566312546819 0.059859593587940844 0.016637435729478008 0.023127858840068641 -0.099379288131727819 0.12170085306254981 -0.0030896824309165085 0.0043633607144624347 -0.016492301094479175 -0.0028232607198383879 -0.051033828380065351 0.0027055837831005654 -0.019660703966446081 0.00096545826715055882
leaf_weight=25163 80637 17085 156 8736 12542 9657 38690 48800 4816 18120 226 8859 2083 10989 7220 91125 11918 734 6496 574 235 191 394 34255 3877 22355 1378 45678 6842 66486
leaf_count=25163 80637 17085 156 8736 12542 9657 38690 48800 4816 18120 226 8859 2083 10989 7220 91125 11918 734 6496 574 235 191 394 34255 3877 22355 1378 45678 6842 66486
internal_value=3.53807e-12 -0.000815202 -0.000535802 -0.0040182 -0.0118938 0.000198985 0.00224312 -0.00289296 0.00158602 0.00401255 -9.69031e-05 0.0006141 -0.000188963 0.000845808 -0.0152389 0.00216583 -0.010006 0.0188719 0.0210254 0.0121146 0.00924228 0.0477389 -0.0390643 -0.000226206 -0.00195159 -0.00714883 -0.02555 0.000307862 -0.00583443 -0.000353241
internal_weight=586317 505680 488595 85131 37705 403464 47426 124943 278521 114061 164460 157084 146831 132830 7376 95941 14001 7456 7230 10253 9488 765 629 125374 91119 27610 5255 63509 17831 76143
internal_count=586317 505680 488595 85131 37705 403464 47426 124943 278521 114061 164460 157084 146831 132830 7376 95941 14001 7456 7230 10253 9488 765 629 125374 91119 27610 5255 63509 17831 76143
is_linear=0
shrinkage=0.05


Tree=87
num_leaves=31
num_cat=0
split_feature=10 10 11 10 10 10 8 10 10 11 11 2 11 0 5 10 2 5 10 10 9 12 3 10 11 9 1 3 5 10
split_gain=913.288 552.041 833.751 530.854 539.62 977.06 694.024 682.036 1014.53 981.711 819.101 2057.6 1313.72 721.061 621.77 608.309 579.031 549.686 668.966 636.667 1090.1 541.157 641.93 537.949 526.954 489.661 713.682 549.519 482.113 476.012
threshold=0.90518480539321911 0.9946616291999818 0.047319635748863227 0.87795194983482372 -0.021515898406505581 -0.1330134719610214 1.2989422082901003 -0.20931270718574521 -0.32533907890319819 -0.88603779673576344 -0.69014781713485707 2.242645382881165 -0.62538740038871754 0.54338151216506969 25.516271591186527 -0.38168568909168238 7.3823645114898691 27.17766094207764 -0.62540480494499195 -0.56314551830291737 29.964596748352054 15.250000000000002 27.436041831970218 -0.56314551830291737 0.41326330602169042 28.628758430480961 30.458729743957523 31.922671318054203 29.36583232879639 0.97109106183052074
decision_type=2 2 2 2 2 2 2 2 2 2 2 2 2 2 2 2 2 2 2 2 2 2 2 2 2 2 2 2 2 2
left_child=3 29 -3 4 5 7 -6 8 9 15 11 13 14 28 -12 -1 -10 23 -19 20 -20 24 -23 -13 -14 -17 27 -27 -11 -2
right_child=1 2 -4 -5 6 -7 -8 -9 16 10 12 17 21 -15 -16 25 -18 18 19 -21 -22 22 -24 -25 -26 26 -28 -29 -30 -31
leaf_value=0.021019708560026551 0.0035358532835223912 -0.0085025238785067358 0.015499834039006287 -0.011532296957698441 0.00026671279939263765 -0.012518146721855522 0.0088056622241704484 0.0094160047166734692 -0.015468468612914402 -0.014041239915477836 -0.064872736971882214 -0.034250542623928994 -0.0011910694362912803 -0.011586299464830599 0.021708838276457244 -0.027047025042213641 0.0060255723125722006 -0.038195684569560295 0.061805255683915074 -0.024028999269411849 -0.01366218175646957 0.025646132236279928 5.6154331404440658e-05 -0.099012480715229625 -0.011171956100761275 0.0221369231976348 -0.0070640346543425327 0.10821049097531404 0.012845365201389389 0.012391988393158644
leaf_weight=8040 36984 14472 4824 11256 176717 20301 27499 14472 18750 2004 213 1033 31232 7344 7827 1298 3762 3811 693 3732 1546 2501 121819 465 22936 1709 3217 208 9924 25728
leaf_count=8040 36984 14472 4824 11256 176717 20301 27499 14472 18750 2004 213 1033 31232 7344 7827 1298 3762 3811 693 3732 1546 2501 121819 465 22936 1709 3217 208 9924 25728
internal_value=8.73465e-13 0.00489359 -0.00250193 -0.00079577 -0.000550663 -0.00194153 0.00141654 -0.00114195 -0.00174335 -0.000758178 -0.00159878 -0.00918772 -0.000355768 0.000739362 0.0194151 0.0118509 -0.0118766 -0.0261483 -0.0218289 -0.0113828 0.00969598 -0.00124635 0.000570959 -0.0543535 -0.00541721 0.000389886 0.0073266 0.0314762 0.0083282 0.00716914
internal_weight=586317 82008 19296 504309 493053 288837 204216 268536 254064 231552 217080 30552 186528 19272 8040 14472 22512 11280 9782 5971 2239 178488 124320 1498 54168 6432 5134 1917 11928 62712
internal_count=586317 82008 19296 504309 493053 288837 204216 268536 254064 231552 217080 30552 186528 19272 8040 14472 22512 11280 9782 5971 2239 178488 124320 1498 54168 6432 5134 1917 11928 62712
is_linear=0
shrinkage=0.05


Tree=88
num_leaves=31
num_cat=0
split_feature=9 13 13 11 12 11 10 13 12 11 12 1 10 10 3 10 10 9 1 13 1 9 0 11 9 13 10 3 12 10
split_gain=855.65 408.293 712.935 1216.06 845.569 658.224 786.269 616.052 680.508 573.289 549.492 752.897 572.731 561.517 434.012 424.966 634.085 515.541 607.318 417.697 521.019 372.361 381.641 370.748 682.436 358.088 513.973 719.109 379.488 362.05
threshold=37.630399703979499 80.750000000000014 78.250000000000014 -0.05591491982340812 13.750000000000002 0.41326330602169042 -0.8779519498348235 76.750000000000014 16.250000000000004 0.26780438423156744 16.250000000000004 32.352018356323249 -0.94130858778953541 -0.95747631788253773 35.231376647949226 -0.012910176534205673 -0.15005400776863095 34.039531707763679 33.129404067993171 83.750000000000014 31.896770477294925 32.131294250488288 11.050407886505129 -0.97502842545509327 29.964596748352054 80.250000000000014 0.23448921740055087 34.096069335937507 19.250000000000004 0.15005400776863101
decision_type=2 2 2 2 2 2 2 2 2 2 2 2 2 2 2 2 2 2 2 2 2 2 2 2 2 2 2 2 2 2
left_child=1 2 3 7 -5 10 -7 8 -1 19 11 12 13 -4 -11 16 -12 18 -17 23 -21 22 -9 24 -3 28 27 -27 -2 -30
right_child=25 9 5 4 -6 6 -8 21 -10 14 15 -13 -14 -15 -16 17 -18 -19 -20 20 -22 -23 -24 -25 -26 26 -28 -29 29 -31
leaf_value=-0.016360364890681021 0.0046867665545087898 0.02398217793162712 0.014510059719606561 -0.0059677379023435739 0.0036668687828619994 -0.029500889337387627 -0.00024442667617021878 0.0033369430584288284 -0.0026946645359567593 -0.0066320525038881641 0.00027228396003967743 0.0057399748837110003 0.031626863392792658 -0.039345717447053487 -0.036511666061453417 0.053868354932141461 -0.025553636114264845 0.0030887692076332842 0.010822009733471562 0.028949387572404173 0.0020509771588022785 -0.0072649663848419165 -0.013158629675327653 -0.00013626783615706725 -0.01922751438117969 0.028317621373403951 0.00035095095576500278 -0.068438641249855311 -0.060668451400699132 0.015786566587500783
leaf_weight=23702 52543 1081 3306 30155 93027 2368 76064 24978 14797 49364 34238 39973 5607 567 1246 1196 2554 11320 2602 2564 6044 25417 4079 43524 5907 278 15758 621 157 11280
leaf_count=23702 52543 1081 3306 30155 93027 2368 76064 24978 14797 49364 34238 39973 5607 567 1246 1196 2554 11320 2602 2564 6044 25417 4079 43524 5907 278 15758 621 157 11280
internal_value=2.92951e-13 -0.000762748 -1.48189e-05 -0.00194982 0.00130831 0.0023115 -0.00112773 -0.00626659 -0.011108 -0.00346158 0.00497268 0.00874441 0.0214128 0.00662567 -0.00736768 0.00137948 -0.00152048 0.00843698 0.0243774 -0.00011774 0.010063 -0.00284498 0.00102131 -0.00185269 -0.0125432 0.00478324 -0.00174688 -0.0385185 0.00648334 0.014737
internal_weight=586317 505680 395950 216155 123182 179795 78432 92973 38499 109730 101363 49453 9480 3873 50610 51910 36792 15118 3798 59120 8608 54474 29057 50512 6988 80637 16657 899 63980 11437
internal_count=586317 505680 395950 216155 123182 179795 78432 92973 38499 109730 101363 49453 9480 3873 50610 51910 36792 15118 3798 59120 8608 54474 29057 50512 6988 80637 16657 899 63980 11437
is_linear=0
shrinkage=0.05


Tree=89
num_leaves=31
num_cat=0
split_feature=10 11 10 10 10 10 11 10 3 13 12 10 10 10 7 1 12 5 3 11 3 9 1 13 11 1 5 5 9 9
split_gain=802.456 946.803 545.296 534.762 939.678 779.062 751.42 499.989 469.935 1117.42 444.066 432.889 860.186 1126.17 1619.03 585.564 509.428 443.902 434.737 464.121 406.867 661.748 413.658 401.597 400.731 497.887 1209.3 501.899 472.183 404.635
threshold=0.54883790016174328 -0.72658059000968922 0.90518480539321911 0.93836870789527904 0.95992380380630504 0.9946616291999818 0.047319635748863227 0.87795194983482372 35.987430572509773 78.250000000000014 15.750000000000002 0.72066047787666332 0.78829774260520946 0.81403854489326488 30.102701187133793 41.521457672119148 15.250000000000002 38.256908416748054 41.532094955444343 0.51972457766532909 38.262666702270515 37.346353530883796 37.633964538574226 80.250000000000014 0.69635042548179638 38.476392745971687 38.256908416748054 40.750810623168952 34.49261665344239 30.503155708312992
decision_type=2 2 2 2 2 2 2 2 2 2 2 2 2 2 2 2 2 2 2 2 2 2 2 2 2 2 2 2 2 2
left_child=-1 8 7 20 -5 -6 -7 11 9 -2 -10 15 16 14 -14 24 -13 -16 19 -15 21 -4 -23 -9 25 26 28 -27 -3 -26
right_child=1 2 3 4 5 6 -8 23 10 -11 -12 12 13 18 17 -17 -18 -19 -20 -21 -22 22 -24 -25 29 27 -28 -29 -30 -31
leaf_value=-0.0012555076679281712 0.012674926568104695 -0.061326084108966054 0.013132999749685842 -0.0095727205124006357 0.010069808291811746 -0.0082209807942776013 0.014565487890886922 -0.0055369469055801734 -0.0068617900720372828 0.076967153874417674 0.015134013394153004 -0.0010004288713229884 0.071603629547487002 0.010543721799223391 -0.017521664092705929 0.03738243228629775 0.016669913102738403 -0.04703807457367646 -0.020713165872231879 -0.0056152398362528753 0.025992055375722575 -0.039035878508254539 0.0081252366420758813 -0.027384151212185057 -0.015219483551527239 0.017391794192111731 -0.1119572912056201 -0.043723413881371388 -0.0044953970070359854 0.00062665374212727816
leaf_weight=401397 2354 488 9927 12864 33768 14472 4824 8456 2998 948 9780 5856 472 14375 5947 792 13440 1621 1705 6432 4249 1097 807 2800 5449 1197 424 467 1456 15455
leaf_count=401397 2354 488 9927 12864 33768 14472 4824 8456 2998 948 9780 5856 472 14375 5947 792 13440 1621 1705 6432 4249 1097 807 2800 5449 1197 424 467 1456 15455
internal_value=2.9347e-12 0.00272527 0.00162116 0.00454504 0.00255102 0.00549011 -0.00252436 -0.00114029 0.0143184 0.0311331 0.00997331 0.000323945 0.00304255 -0.00217728 -0.0182404 -0.00494334 0.0113073 -0.0238438 0.00355956 0.00554855 0.0127205 0.00795419 -0.0190469 -0.0109716 -0.00628766 -0.02072 -0.0354486 0.00023987 -0.0187615 -0.00350392
internal_weight=586317 184920 168840 82008 65928 53064 19296 86832 16080 3302 12778 75576 49848 30552 8040 25728 19296 7568 22512 20807 16080 11831 1904 11256 24936 4032 2368 1664 1944 20904
internal_count=586317 184920 168840 82008 65928 53064 19296 86832 16080 3302 12778 75576 49848 30552 8040 25728 19296 7568 22512 20807 16080 11831 1904 11256 24936 4032 2368 1664 1944 20904
is_linear=0
shrinkage=0.05


Tree=90
num_leaves=31
num_cat=0
split_feature=9 11 13 11 13 12 12 13 11 12 10 10 1 3 11 3 10 13 1 10 3 7 12 6 10 10 9 11 0 3
split_gain=733.497 382.384 397.295 1389.77 579.407 575.034 435.349 413.505 563.237 577.101 454.532 474.418 405.372 399.342 395.447 447.447 388.231 363.647 474.737 426.721 577.487 352.013 349.026 444.856 345.291 427.848 362.841 430.638 344.559 514.745
threshold=37.630399703979499 0.99548450112342846 76.750000000000014 -0.09024826809763907 80.250000000000014 16.750000000000004 13.250000000000002 79.250000000000014 -0.54160776734352101 15.250000000000002 1.0000000180025095e-35 0.098819226026535048 33.260351181030281 29.363496780395511 0.26780438423156744 35.016193389892585 -0.012910176534205673 83.750000000000014 31.896770477294925 0.21772121638059619 31.638983726501468 27.168518066406254 14.250000000000002 0.163968101143837 -0.41327477991580958 -0.45972847938537592 30.243875503540043 -0.98208922147750843 0.89465090632438671 28.744065284729007
decision_type=2 2 2 2 2 2 2 2 2 2 2 2 2 2 2 2 2 2 2 2 2 2 2 2 2 2 2 2 2 2
left_child=1 2 3 5 7 -1 -5 10 9 12 28 -12 -9 -13 17 -16 -11 19 -19 20 21 -6 -15 -24 25 -22 27 -26 -4 -30
right_child=-2 -3 4 6 14 -7 -8 8 -10 16 11 13 -14 22 15 -17 -18 18 -20 -21 24 -23 23 -25 26 -27 -28 -29 29 -31
leaf_value=-0.0150771911743669 0.004428674107706085 -0.0080589484236270534 0.00013051574535341559 -0.0079382301959904575 -0.028266460412774554 -0.0019717452795281819 0.0044195724716079602 0.047934360208509164 0.0020198434246218671 -0.0002307919491821056 0.019831839117990805 0.015037871622957831 0.017353534218269538 -0.0031034304284300231 -0.0048409855019754576 -0.027856573180433011 0.019873122250179471 0.02755386038298013 0.0018779067312545369 0.0047979683219845984 -0.007539604503500278 0.0029089104007238523 0.0021379016136848011 0.017093950079836724 0.040390709934834235 0.040931527119442812 -0.025000824807506473 -0.026959302809250497 0.0047934450675719796 -0.0089718253293680286
leaf_weight=25163 80637 17085 83161 8736 948 12542 38690 1301 54589 9087 4052 5704 6487 27896 53800 2198 3264 2564 6044 18769 13627 20184 40133 5675 501 471 5386 451 8943 28229
leaf_count=25163 80637 17085 83161 8736 948 12542 38690 1301 54589 9087 4052 5704 6487 27896 53800 2198 3264 2564 6044 18769 13627 20184 40133 5675 501 471 5386 451 8943 28229
internal_value=2.98942e-12 -0.000706207 -0.0004491 -0.00355302 0.000205828 -0.0107179 0.00214323 0.0014749 0.00465642 0.0118032 0.000308283 0.00314366 0.0224621 0.0022921 -0.00262317 -0.00574438 0.00508207 -8.80805e-05 0.00952581 -0.00145965 -0.00428512 0.00151036 0.0013057 0.00399076 -0.010278 -0.00592023 -0.0199712 0.00848435 -0.00165827 -0.00566012
internal_weight=586317 505680 488595 85131 403464 37705 47426 278521 74728 20139 203793 83460 7788 79408 124943 55998 12351 68945 8608 60337 41568 21132 73704 45808 20436 14098 6338 952 120333 37172
internal_count=586317 505680 488595 85131 403464 37705 47426 278521 74728 20139 203793 83460 7788 79408 124943 55998 12351 68945 8608 60337 41568 21132 73704 45808 20436 14098 6338 952 120333 37172
is_linear=0
shrinkage=0.05


Tree=91
num_leaves=31
num_cat=0
split_feature=10 11 10 10 10 10 11 10 3 13 12 10 10 10 7 3 1 12 9 11 10 12 10 1 5 11 8 3 9 1
split_gain=686.141 843.587 483.852 488.681 833.798 706.875 711.046 450.994 441.042 998.075 398.928 388.361 773.126 1027.13 1311.19 593.59 526.179 451.84 420.206 510.61 379.667 374.337 363.675 362.507 362.396 395.407 388.368 356.836 607.286 373.156
threshold=0.54883790016174328 -0.72658059000968922 0.90518480539321911 0.93836870789527904 0.95992380380630504 0.9946616291999818 -0.05591491982340812 0.87795194983482372 35.987430572509773 78.750000000000014 15.750000000000002 0.72066047787666332 0.78829774260520946 0.82391539216041576 30.102701187133793 41.532094955444343 41.779499053955085 15.250000000000002 35.004232406616218 0.56312987208366405 -0.99984258413314808 18.750000000000004 0.99817630648612987 34.49452209472657 39.598205566406257 -0.43663504719734186 1.0000000180025095e-35 38.262666702270515 37.346353530883796 37.633964538574226
decision_type=2 2 2 2 2 2 2 2 2 2 2 2 2 2 2 2 2 2 2 2 2 2 2 2 2 2 2 2 2 2
left_child=20 8 7 27 -5 -6 -7 11 9 -2 -10 16 17 14 -14 -15 -3 -13 19 23 -1 -17 -8 -16 25 26 -9 28 -4 -30
right_child=1 2 3 4 5 6 22 24 10 -11 -12 12 13 15 18 21 -18 -19 -20 -21 -22 -23 -24 -25 -26 -27 -28 -29 29 -31
leaf_value=0.015949708199155341 0.014798916438191485 -0.0058954739716549041 0.012544818710835653 -0.0090944070297503538 0.0094568180252220871 -0.019164085541704793 0.01783023981055458 -0.020104576541777844 -0.0067029337609985189 0.080285859821457001 0.014145008579229946 -0.0009136059765654978 0.065966602562734358 0.0074102122024729865 -0.01713165730571569 -0.053303164125522634 0.038840604790814082 0.01572802313778613 -0.027978271436696896 -0.015132291381596462 -0.0012991527770633688 -0.0025715294107327936 -0.0012349329793771989 0.047258439237386624 0.005409604948107034 -0.0079810635026006591 -0.062913456162481216 0.024476162706577459 -0.037267639767482034 0.0075252093541273756
leaf_weight=3216 2548 25053 9927 12864 33768 4824 3216 2105 2998 754 9780 5856 489 17830 335 668 675 13440 5194 4609 398181 798 11256 629 2726 5717 708 4249 1097 807
leaf_count=3216 2548 25053 9927 12864 33768 4824 3216 2105 2998 754 9780 5856 489 17830 335 668 675 13440 5194 4609 398181 798 11256 629 2726 5717 708 4249 1097 807
internal_value=-1.06867e-12 0.00252003 0.00147784 0.00423207 0.00232589 0.00509445 -0.00253969 -0.00112338 0.0134631 0.0297526 0.00925362 0.000267259 0.00284225 -0.00210638 -0.0141098 0.0048956 -0.00472178 0.0106776 -0.0177466 -0.00821071 -0.00116095 -0.025688 0.00300177 0.0248822 -0.0104606 -0.0155323 -0.0308791 0.0120474 0.00758369 -0.0182824
internal_weight=586317 184920 168840 82008 65928 53064 19296 86832 16080 3302 12778 75576 49848 30552 11256 19296 25728 19296 10767 5573 401397 1466 14472 964 11256 8530 2813 16080 11831 1904
internal_count=586317 184920 168840 82008 65928 53064 19296 86832 16080 3302 12778 75576 49848 30552 11256 19296 25728 19296 10767 5573 401397 1466 14472 964 11256 8530 2813 16080 11831 1904
is_linear=0
shrinkage=0.05


Tree=92
num_leaves=31
num_cat=0
split_feature=9 13 13 11 12 11 10 12 1 11 10 11 9 9 1 9 10 5 1 13 10 9 10 3 10 10 7 12 13 9
split_gain=626.971 364.191 539.982 1151.65 667.36 513.14 808.373 564.708 533.341 508.143 506.05 733.903 688.898 584.921 669.578 410.21 408.969 396.546 389.562 527.763 372.667 440.795 411.845 406.691 388.157 371.47 521.466 368.776 421.682 378.934
threshold=37.630399703979499 81.250000000000014 77.750000000000014 -0.09024826809763907 13.250000000000002 0.41326330602169042 -0.8779519498348235 16.250000000000004 29.916902542114261 0.26780438423156744 -0.012910176534205673 -0.09024826809763907 32.741127014160163 34.039531707763679 33.17035102844239 32.852962493896491 -0.98211652040481556 27.660520553588871 31.427606582641605 83.250000000000014 0.30081701278686529 34.869119644165046 0.23448921740055087 32.550685882568366 0.20088869333267215 0.15005400776863101 35.294151306152351 15.250000000000002 76.750000000000014 32.164163589477546
decision_type=2 2 2 2 2 2 2 2 2 2 2 2 2 2 2 2 2 2 2 2 2 2 2 2 2 2 2 2 2 2
left_child=1 2 3 27 -5 7 -7 8 -4 18 11 12 -9 14 -12 -13 -14 -8 19 -3 21 22 -20 24 -23 26 -15 28 -1 -29
right_child=-2 9 5 4 -6 6 17 10 -10 -11 13 15 16 25 -16 -17 -18 -19 20 -21 -22 23 -24 -25 -26 -27 -28 29 -30 -31
leaf_value=-0.015612052505932573 0.0040944742898716534 0.0013650178061224956 0.027058195572269225 -0.0072270098952314926 0.0032921765820055626 -0.026122059404596949 0.012974286261300042 -0.0015388471881048655 0.0059360881895705805 -0.007537030498558109 0.045257984673316418 0.0018934092664053895 0.031479688176477796 -2.1254357123825151e-05 0.0086014795236727566 0.020805486355935029 -0.01864547073088765 -0.0010833388787696242 -0.0070464107600235861 0.022985176805471717 0.0026072952344333264 0.052306071826846816 0.044337096513671459 -0.053622944753884044 -0.10177821322129324 0.0046902372068434979 -0.058650604804505874 0.001051711031779171 -0.0049322283186858887 -0.0092197401270205145
leaf_weight=18962 80637 12073 3144 18490 81701 3136 5295 26859 60471 42175 1871 8990 424 1103 3728 4210 10107 95413 17222 3684 15725 191 399 893 52 14049 578 21037 18032 15666
leaf_count=18962 80637 12073 3144 18490 81701 3136 5295 26859 60471 42175 1871 8990 424 1103 3728 4210 10107 95413 17222 3684 15725 191 399 893 52 14049 578 21037 18032 15666
internal_value=2.1669e-12 -0.000652915 -1.83871e-05 -0.00213895 0.00135089 0.00152203 -0.00112269 0.00354837 0.00697999 -0.00349046 0.000512969 -0.00221035 -0.00578856 0.00697237 0.0208509 0.00792522 -0.0166273 -0.000344221 -9.34157e-05 0.00641983 -0.00306973 -0.00782908 -0.00588291 -0.038017 0.0193333 0.0020324 -0.0201805 -0.00688339 -0.0104064 -0.00333247
internal_weight=586317 505680 413266 173888 100191 239378 103844 135534 63615 92414 71919 50590 37390 21329 5599 13200 10531 100708 50239 15757 34482 18757 17621 1136 243 15730 1681 73697 36994 36703
internal_count=586317 505680 413266 173888 100191 239378 103844 135534 63615 92414 71919 50590 37390 21329 5599 13200 10531 100708 50239 15757 34482 18757 17621 1136 243 15730 1681 73697 36994 36703
is_linear=0
shrinkage=0.05


Tree=93
num_leaves=31
num_cat=0
split_feature=10 11 3 13 12 13 11 9 5 10 5 13 12 11 11 13 10 10 0 11 1 12 1 10 10 1 10 11 9 10
split_gain=587.928 1214.27 808.802 537.07 473.887 791.927 571.555 520.054 428.021 412.148 342.26 331.79 1310.98 857.496 779.741 582.659 539.334 608.024 527.229 474.011 436.647 406.324 384.476 383.902 363.438 651.523 390.066 361.385 672.88 598.52
threshold=0.6186656951904298 -0.73829901218414296 35.160041809082038 78.250000000000014 15.250000000000002 79.750000000000014 -0.54160776734352101 30.819928169250492 31.825056076049808 0.64534214138984691 28.315699577331547 77.750000000000014 17.250000000000004 -0.37370587885379786 -0.09024826809763907 79.250000000000014 0.34964421391487127 1.0000000180025095e-35 0.09513250365853311 0.76663044095039379 33.005638122558601 13.250000000000002 32.92625808715821 0.51973900198936474 -0.012910176534205673 38.476392745971687 0.42888796329498297 -0.95234230160713185 34.556671142578132 0.21772121638059619
decision_type=2 2 2 2 2 2 2 2 2 2 2 2 2 2 2 2 2 2 2 2 2 2 2 2 2 2 2 2 2 2
left_child=11 2 3 -2 6 8 7 -3 -6 -5 -7 14 13 15 16 20 17 18 -1 27 -13 -16 -17 -18 -24 26 -26 28 29 -14
right_child=1 4 -4 9 5 10 -8 -9 -10 -11 -12 12 19 -15 21 22 23 -19 -20 -21 -22 -23 24 -25 25 -27 -28 -29 -30 -31
leaf_value=-0.0013938401882583812 0.037762708444286183 -0.083702160132729186 0.014915893445346355 0.039584921631621015 0.026269612043186286 0.043920561479686059 -0.00019718033781675019 -0.012740129889604291 0.0061903133335350297 0.14602149919028812 -0.0017914882542145673 0.011347153492423993 -0.0041975954830427388 0.00035763071580866847 -0.0074437652115592837 0.027385147869431827 -0.025588116370476744 0.0053340361747536312 -0.012122053487483029 -0.0072128648235718143 -0.0011510025890498017 0.0023256411106281332 0.0047805259061878339 -0.0052798945659476492 0.025360342091501755 0.001412278424717814 0.06638750424854753 0.00022694186865846022 -0.021274725424021791 0.034530885624338419
leaf_weight=20014 895 268 5142 142 2773 413 41968 7052 61867 253 48067 12261 14557 70354 12924 4925 5984 11424 26770 47175 16251 60312 9137 3808 3881 2976 681 87000 5972 1071
leaf_count=20014 895 268 5142 142 2773 413 41968 7052 61867 253 48067 12261 14557 70354 12924 4925 5984 11424 26770 47175 16251 60312 9137 3808 3881 2976 681 87000 5972 1071
internal_value=-2.73243e-14 0.00248968 0.0237966 0.0591954 0.00164585 0.00342866 -0.00244585 -0.0153382 0.0070517 0.107758 -0.00140207 -0.0010069 9.90656e-07 0.00391788 -0.00297822 0.00891623 -0.00683372 -0.00500735 -0.00753257 -0.00302807 0.00422357 0.000601628 0.0151105 -0.0176905 0.0114852 0.0196121 0.0314847 -0.00121023 -0.00699882 -0.0015435
internal_weight=586317 168840 6432 1290 162408 113120 49288 7320 64640 395 48480 417477 276241 120466 141236 50112 68000 58208 46784 155775 28512 73236 21600 9792 16675 7538 4562 108600 21600 15628
internal_count=586317 168840 6432 1290 162408 113120 49288 7320 64640 395 48480 417477 276241 120466 141236 50112 68000 58208 46784 155775 28512 73236 21600 9792 16675 7538 4562 108600 21600 15628
is_linear=0
shrinkage=0.05


Tree=94
num_leaves=31
num_cat=0
split_feature=10 10 11 1 5 10 11 10 10 13 11 11 12 11 13 10 3 12 13 10 10 9 12 11 13 9 10 10 10 1
split_gain=546.633 445.67 767.428 459.314 1034.31 427.279 640.219 466.143 411.037 367.408 902.486 891.18 777.125 525.989 475.072 474.863 1266.04 905.82 612.741 561.787 613.666 519.602 460.156 448.548 543.061 447.921 818.567 665.539 653.031 802.043
threshold=0.90518480539321911 0.93836870789527904 0.30080866813659674 37.352123260498054 36.225828170776374 0.9946616291999818 -0.05591491982340812 0.96460527181625377 0.87795194983482372 77.250000000000014 -0.09024826809763907 0.39752808213233953 16.750000000000004 0.47493347525596624 81.750000000000014 0.5772862732410432 34.943683624267585 16.250000000000004 79.250000000000014 0.79356426000595104 0.81403854489326488 34.744302749633796 15.750000000000002 -0.09024826809763907 83.250000000000014 32.291826248168952 0.20088869333267215 -0.064507851377129541 -0.15005400776863095 31.207975387573246
decision_type=2 2 2 2 2 2 2 2 2 2 2 2 2 2 2 2 2 2 2 2 2 2 2 2 2 2 2 2 2 2
left_child=8 -2 5 -4 -5 7 -7 -3 9 10 12 15 -1 -13 -15 17 -17 18 -11 22 21 -21 -18 24 25 27 -27 28 -19 -30
right_child=1 2 3 4 -6 6 -8 -9 -10 11 -12 13 -14 14 -16 16 19 23 -20 20 -22 -23 -24 -25 -26 26 -28 -29 29 -31
leaf_value=-0.011883011766230011 0.011249390514630343 -0.002376364691536592 -0.011232229468720815 -0.21289825701451567 -0.030752592508099686 -0.018447822840637593 0.0025851191279090378 0.009526387690307711 -0.010063143793185823 0.003081649917546868 0.0013613224960677902 -0.016995318594593248 -0.00035765457104313563 -0.00054707678713505534 -0.0077795853126795267 0.040390078152718854 -0.0026095700223482867 -0.00067729949145823372 0.013781194337762669 0.039347465442939447 0.0022924482507229297 -0.035842198302552988 0.014880677126417236 0.0052581424387567336 0.0086212887253226279 -0.012755973280174035 0.0014388405025657547 0.020417289921028869 -0.067982383616717254 -0.00030213372074702364
leaf_weight=35520 16080 11256 4190 91 543 4824 14472 30552 11256 43488 64719 6000 24864 121634 27916 2782 5191 37282 19328 259 7285 2036 13647 22736 9760 26965 16293 3589 820 939
leaf_count=35520 16080 11256 4190 91 543 4824 14472 30552 11256 43488 64719 6000 24864 121634 27916 2782 5191 37282 19328 259 7285 2036 13647 22736 9760 26965 16293 3589 820 939
internal_value=-1.10156e-12 0.00378593 0.00196557 -0.0172337 -0.0568965 0.0034813 -0.00267312 0.0063218 -0.000615647 -0.000399968 -0.00274073 0.000395892 -0.00713728 -0.00247952 -0.00189715 0.00250169 0.00819911 0.00152067 0.00637382 0.00504775 -0.00481036 -0.0273567 0.0100611 -0.00105446 -0.002555 -0.00382503 -0.00740954 -0.000187724 -0.00208192 -0.0318529
internal_weight=586317 82008 65928 4824 634 61104 19296 41808 504309 493053 125103 367950 60384 155550 149550 212400 31200 181200 62816 28418 9580 2295 18838 118384 95648 85888 43258 42630 39041 1759
internal_count=586317 82008 65928 4824 634 61104 19296 41808 504309 493053 125103 367950 60384 155550 149550 212400 31200 181200 62816 28418 9580 2295 18838 118384 95648 85888 43258 42630 39041 1759
is_linear=0
shrinkage=0.05


Tree=95
num_leaves=31
num_cat=0
split_feature=13 12 13 11 10 11 5 3 0 1 11 9 5 10 10 13 7 10 10 9 1 12 9 12 11 8 11 10 10 2
split_gain=530.597 633.738 971.425 713.05 706.723 771.254 485.581 411.324 369.661 324.207 310.82 620.987 656.561 596.899 721.945 563.004 532.32 548.363 488.108 883.37 824.974 633.87 533.763 564.39 479.19 461.992 461.221 444.045 696.863 572.306
threshold=80.750000000000014 14.250000000000002 78.750000000000014 -0.14153505116701123 0.6186656951904298 -0.73829901218414296 30.021505355834964 35.676717758178718 21.934798240661625 34.201402664184577 -0.09024826809763907 33.009521484375007 28.315699577331547 -0.92913278937339772 -0.90880924463272084 76.250000000000014 32.630838394165046 -0.97873103618621815 -0.012910176534205673 32.49201965332032 33.487640380859382 16.750000000000004 33.935148239135749 15.250000000000002 0.030119189061224464 7.9207315444946298 0.8189845383167268 -0.62540480494499195 -0.73831951618194569 10.098300933837892
decision_type=2 2 2 2 2 2 2 2 2 2 2 2 2 2 2 2 2 2 2 2 2 2 2 2 2 2 2 2 2 2
left_child=1 2 -1 9 10 7 -7 -6 -2 -4 13 12 -12 16 -15 -16 -3 -18 19 25 22 -21 23 -20 -14 27 -13 28 -17 -30
right_child=8 4 3 -5 5 6 -8 -9 -10 -11 11 26 24 14 15 18 17 -19 20 21 -22 -23 -24 -25 -26 -27 -28 -29 29 -31
leaf_value=-0.0051591647523350648 -0.0035641188184780872 -0.0051551830056429312 0.022808832008236392 -0.0018461962311620784 0.07134604696351407 0.037331368229393515 0.0042104674194344714 0.021476163337629115 0.0089051844214045658 0.0076093738723641835 0.014149030743309017 0.014938273948192152 0.014808743480201289 0.025110008794952635 -0.011901669862292534 0.0087783382954231323 0.0018977508516740801 -0.038660067648166291 0.00090249795136526352 -0.0020681614561235376 0.0010437608850932065 -0.01963408079177896 0.0062210787228327916 0.044004596344760588 -0.0010463043174991765 -0.0058790795435110198 -0.011508670017474819 0.013509913753186316 -0.0093985498151775079 -0.062879628233449711
leaf_weight=87510 116250 11831 4898 20657 474 1120 92608 3238 6264 12366 8575 13289 5014 2784 10080 7181 1196 2749 1031 10688 25636 9886 3729 2884 96172 10766 1882 11651 3319 589
leaf_count=87510 116250 11831 4898 20657 474 1120 92608 3238 6264 12366 8575 13289 5014 2784 10080 7181 1196 2749 1031 10688 25636 9886 3729 2884 96172 10766 1882 11651 3319 589
internal_value=-1.01986e-12 0.000773058 -0.0022626 0.00442178 0.00189835 0.0054915 0.00460624 0.0278442 -0.00292658 0.0119216 0.000445167 0.00217566 0.000865096 -0.00141857 4.42591e-06 -0.000712876 -0.0104588 -0.0263642 0.000578138 -0.00235373 0.00534243 -0.0105088 0.019759 0.0326538 -0.00026065 0.00265377 0.0116575 0.00669355 -0.00046827 -0.017459
internal_weight=586317 463803 125431 37921 338372 97440 93728 3712 122514 17264 240932 124932 109761 116000 100224 97440 15776 3945 87360 54080 33280 20574 7644 3915 101186 33506 15171 22740 11089 3908
internal_count=586317 463803 125431 37921 338372 97440 93728 3712 122514 17264 240932 124932 109761 116000 100224 97440 15776 3945 87360 54080 33280 20574 7644 3915 101186 33506 15171 22740 11089 3908
is_linear=0
shrinkage=0.05


Tree=96
num_leaves=31
num_cat=0
split_feature=10 10 13 10 11 5 10 10 11 1 9 1 5 10 12 7 11 10 11 10 10 11 3 9 11 2 11 4 11 10
split_gain=482.164 603.645 377.788 366.054 599.811 384.106 344.579 800.796 597.642 415.496 956.909 377.194 900.005 595.019 351.746 359.359 340.453 369.791 649.522 668.089 1022.7 886.06 711.262 884.138 692.144 1848.93 1189.38 756.306 602.811 590.247
threshold=0.89773505926132213 0.87795194983482372 80.250000000000014 0.9946616291999818 0.047319635748863227 36.641252517700202 0.97109106183052074 0.94417876005172741 0.30080866813659674 36.905206680297859 37.346353530883796 37.263736724853523 36.72798156738282 0.94970905780792247 18.250000000000004 42.092353820800788 0.99548450112342846 -1.0000000180025095e-35 -0.98798605799674977 -0.21772121638059613 -0.32533907890319819 -0.88603779673576344 33.261857986450202 33.009521484375007 -0.69014781713485707 3.2530175447463994 -0.62538740038871754 3.4885307550430302 -0.9946339726448058 0.098819226026535048
decision_type=2 2 2 2 2 2 2 2 2 2 2 2 2 2 2 2 2 2 2 2 2 2 2 2 2 2 2 2 2 2
left_child=1 16 -3 6 -5 -6 7 9 -9 10 -2 -10 13 -13 -8 -16 17 18 28 20 21 -20 23 -21 25 27 -26 -23 -1 -19
right_child=3 2 -4 4 5 -7 14 8 11 -11 -12 12 -14 -15 15 -17 -18 29 19 22 -22 24 -24 -25 26 -27 -28 -29 -30 -31
leaf_value=-0.0043675674433352506 0.006216039495428375 -0.0079445422131657149 -0.03301652726312241 -0.00766987404598577 -0.0026943588189039958 0.025628878978174469 0.0054944413678381949 -0.0012709745757562689 -0.01775299658584064 0.016456016223913277 -0.0506184955071469 -0.29696671848365092 -0.023176237043355488 -0.087158240007618112 0.018877020895196973 -0.07246668926619608 -0.0073044987458279033 0.013630220859283526 0.011566403099189035 0.0092158433521482147 -0.011960421158755152 0.005145286186126273 0.047191197897339922 -0.036378207277068662 0.018743360069504642 -0.025936789279543061 -0.00091602214002418068 -0.018713504895284554 -0.026014806601103127 0.00093902087107908489
leaf_weight=9648 12074 6040 2000 14472 2204 2620 16768 14472 2716 9649 789 57 360 83 8851 109 17085 9648 14472 15423 20904 16480 1123 1142 8040 9912 178488 4160 4824 181704
leaf_count=9648 12074 6040 2000 14472 2204 2620 16768 14472 2716 9649 789 57 360 83 8851 109 17085 9648 14472 15423 20904 16480 1123 1142 8040 9912 178488 4160 4824 181704
internal_value=1.87434e-12 -0.00059132 -0.0141814 0.0034768 -0.00258028 0.0126885 0.0052496 0.00235779 -0.00560354 0.00861312 0.00272988 -0.0251001 -0.0650094 -0.17258 0.00976805 0.0177658 -0.000369714 -0.000120788 -0.00126352 -0.000710679 -0.00136885 -0.000412662 0.00868316 0.00607257 -0.00121127 -0.00818733 -6.8635e-05 0.000336538 -0.0115833 0.00157891
internal_weight=586317 501093 8040 85224 19296 4824 65928 40200 17688 22512 12863 3216 500 140 25728 8960 493053 475968 284616 270144 252456 231552 17688 16565 217080 30552 186528 20640 14472 191352
internal_count=586317 501093 8040 85224 19296 4824 65928 40200 17688 22512 12863 3216 500 140 25728 8960 493053 475968 284616 270144 252456 231552 17688 16565 217080 30552 186528 20640 14472 191352
is_linear=0
shrinkage=0.05


Tree=97
num_leaves=31
num_cat=0
split_feature=13 12 13 10 11 11 7 3 0 5 1 11 9 5 10 10 7 10 13 11 10 9 1 12 9 7 12 1 10 6
split_gain=474.45 532.628 895.575 630.986 748.944 600.417 479.226 453.474 371.34 330.057 322.286 305.539 606.866 569.986 534.07 698.078 509.163 508.972 488.734 441.007 430.232 798.185 780.769 636.247 526.855 511.177 501.298 427.34 424.336 409.719
threshold=81.250000000000014 14.250000000000002 79.250000000000014 0.6186656951904298 -0.73829901218414296 -0.14153505116701123 27.654082298278812 36.817195892333991 5.0105254650115976 28.443555831909183 33.17035102844239 -0.09024826809763907 33.009521484375007 28.315699577331547 -0.92913278937339772 -0.90880924463272084 32.630838394165046 -0.97873103618621815 76.250000000000014 0.030119189061224464 -0.012910176534205673 32.457199096679695 33.21458816528321 17.750000000000004 33.935148239135749 35.370985031127937 15.250000000000002 32.486307144165046 -0.92913278937339772 4.1842834949493417
decision_type=2 2 2 2 2 2 2 2 2 2 2 2 2 2 2 2 2 2 2 2 2 2 2 2 2 2 2 2 2 2
left_child=1 2 -1 11 7 10 -6 -5 -2 -8 -4 14 13 -13 16 -16 -3 -18 -17 -15 21 29 24 -23 26 -25 -22 -19 -14 -20
right_child=8 3 5 4 6 -7 9 -9 -10 -11 -12 12 28 19 15 18 17 27 20 -21 22 23 -24 25 -26 -27 -28 -29 -30 -31
leaf_value=-0.0041714470354482511 -0.0044788480870453923 -0.004803278475390328 0.039749216210666648 0.060405476229290489 0.079898273223079519 -0.00064645520139943336 0.058927190895123854 0.017871151494563513 0.0034854123530342037 0.0037732849432479962 0.012336329915425541 0.012461185168309729 0.019826044221932931 0.013679873023662229 0.023787141448821027 -0.011331056952189217 0.0016587586862646768 -0.061047050211425008 0.0067743503886364687 -0.0010460347463618835 0.0012084728850141827 -0.0039872853908106626 0.00083013580828189115 -0.025463473771259681 0.0051946252354415252 0.031324730302492547 0.042877354530979461 -0.021436608276677746 0.0033414598763182538 -0.0040739161231022501
leaf_weight=102095 84388 12597 1210 782 208 12712 272 3154 17707 98904 9414 9508 7472 5351 2952 10080 1247 1102 20686 101965 972 14840 28258 6747 3486 421 2804 1782 8175 15026
leaf_count=102095 84388 12597 1210 782 208 12712 272 3154 17707 98904 9414 9508 7472 5351 2952 10080 1247 1102 20686 101965 972 14840 28258 6747 3486 421 2804 1782 8175 15026
internal_value=2.81312e-12 0.000653099 -0.00215155 0.00163359 0.00493073 0.00668551 0.00408355 0.0263218 -0.00309755 0.00392455 0.0154585 0.000300124 0.00196631 0.000727787 -0.00149436 -0.000187202 -0.00979868 -0.0250316 -0.000872183 -0.00031177 0.000258506 -0.00240586 0.0045881 -0.00989575 0.0192111 -0.0221281 0.0321511 -0.0365721 0.0112134 0.00220989
internal_weight=586317 484222 125431 358791 103320 23336 99384 3936 102095 99176 10624 255471 132471 116824 123000 106272 16728 4131 103320 107316 93240 57720 35520 22008 7262 7168 3776 2884 15647 35712
internal_count=586317 484222 125431 358791 103320 23336 99384 3936 102095 99176 10624 255471 132471 116824 123000 106272 16728 4131 103320 107316 93240 57720 35520 22008 7262 7168 3776 2884 15647 35712
is_linear=0
shrinkage=0.05


Tree=98
num_leaves=31
num_cat=0
split_feature=13 13 12 11 11 11 10 5 10 9 10 0 10 10 5 9 3 11 10 11 3 0 11 11 10 12 10 5 11 10
split_gain=433.034 544.503 1115.66 611.647 655.911 565.712 607.685 1066.7 557.12 492.376 449.484 435.407 424.391 410.27 393.013 539.724 335.788 485.76 373.086 332.176 326.854 323.96 320.863 479.393 728.904 425.964 409.485 898.229 357.303 622.912
threshold=80.750000000000014 78.250000000000014 15.250000000000002 -0.61186373233795155 -0.58427652716636647 -0.66483077406883229 -0.62540480494499195 30.76978969573975 0.6186656951904298 31.906658172607425 -0.67760851979255665 0.21176667511463168 -0.97873103618621815 -0.63874351978301991 38.256908416748054 37.530128479003913 29.277883529663089 -0.98518359661102284 -0.22611359506845471 0.98927757143974315 26.684843063354496 21.934798240661625 0.89771011471748363 0.23448270559310916 -0.92913278937339772 18.750000000000004 0.39753912389278417 31.542144775390629 -0.93533331155776966 0.20088869333267215
decision_type=2 2 2 2 2 2 2 2 2 2 2 2 2 2 2 2 2 2 2 2 2 2 2 2 2 2 2 2 2 2
left_child=1 2 -1 5 14 6 7 10 9 16 -3 -9 -11 -12 -5 -16 17 20 -19 -20 -4 -2 23 24 25 -14 -24 -28 29 -26
right_child=21 3 8 4 -6 -7 -8 11 -10 12 13 -13 22 -15 15 -17 -18 18 19 -21 -22 -23 26 -25 28 -27 27 -29 -30 -31
leaf_value=-0.004908855025539084 -0.0032406947032412124 -0.025720673800261457 -0.12855874261130459 -0.011722060805836633 0.0012407235981390873 0.023307671884997858 0.0070604773638178082 0.017587723960974307 0.0067652665389596675 0.012306942336818722 -0.11041253938339651 -0.014147550561873647 -0.057609456497127398 -0.015588286127595153 -0.16977630909282848 -0.039587440807445556 0.0008727664862286683 0.0054368639035907197 0.033742014918618911 0.0047587178732549978 -0.019535475346235807 0.0084324027539255924 -0.013543822631243419 0.0045167650631743423 -0.0069262932599225141 -0.0041284735237496154 -0.17527762327371235 -0.020316978060078646 -0.011468606923062901 0.018949889820132057
leaf_weight=102095 116250 1029 92 1641 150738 4736 52096 2338 42000 3583 380 2010 1127 163 91 636 47743 8563 2787 1532 272 6264 2046 10537 7959 556 133 315 13319 3286
leaf_count=102095 116250 1029 92 1641 150738 4736 52096 2338 42000 3583 380 2010 1127 163 91 636 47743 8563 2787 1532 272 6264 2046 10537 7959 556 133 315 13319 3286
internal_value=-3.87496e-12 0.000698379 -0.000900111 0.00253448 0.000830542 0.00669185 0.00533546 -0.00984471 0.00190601 -5.92157e-05 -0.0451426 0.00291709 -0.00416608 -0.0819478 -0.02528 -0.0558834 0.00282695 0.00987046 0.01148 0.0234613 -0.0470908 -0.00264386 -0.00566877 -0.00449205 -0.00810869 -0.0399413 -0.0230242 -0.0663209 -0.00592767 0.000635213
internal_weight=586317 463803 247945 215858 153106 62752 58016 5920 145850 103850 1572 4348 42861 543 2368 727 60989 13246 12882 4319 364 122514 39278 36784 26247 1683 2494 448 24564 11245
internal_count=586317 463803 247945 215858 153106 62752 58016 5920 145850 103850 1572 4348 42861 543 2368 727 60989 13246 12882 4319 364 122514 39278 36784 26247 1683 2494 448 24564 11245
is_linear=0
shrinkage=0.05


Tree=99
num_leaves=31
num_cat=0
split_feature=10 10 10 10 11 10 5 9 10 12 1 5 3 13 11 11 12 10 12 12 5 5 12 1 9 10 3 12 13 12
split_gain=414.271 372.417 637.925 525.033 558.449 356.006 317.155 311.159 369.09 337.792 345.879 449.019 597.747 298.969 761.092 738.287 690.442 479.313 437.269 380.784 374.44 370.615 367.86 358.481 641.065 425.129 1062.09 712.902 496.925 482.954
threshold=0.90518480539321911 0.93836870789527904 0.95992380380630504 0.9946616291999818 -0.05591491982340812 0.87795194983482372 41.783206939697273 41.308223724365241 0.94417876005172741 16.250000000000004 34.201402664184577 34.551334381103523 35.231376647949226 77.250000000000014 -0.09024826809763907 0.39752808213233953 17.250000000000004 -0.8779519498348235 19.750000000000004 15.250000000000002 25.940079689025882 36.815366744995124 12.750000000000002 29.108410835266117 29.667792320251468 0.5772862732410432 34.943683624267585 16.250000000000004 79.250000000000014 16.250000000000004
decision_type=2 2 2 2 2 2 2 2 2 2 2 2 2 2 2 2 2 2 2 2 2 2 2 2 2 2 2 2 2 2
left_child=5 -2 7 -4 -5 13 -7 8 -3 -10 -11 12 -12 14 16 20 -1 19 21 -17 -15 -19 -16 24 -22 27 -27 28 -25 -28
right_child=1 2 3 4 -6 6 -8 -9 9 10 11 -13 -14 15 22 17 -18 18 -20 -21 23 -23 -24 25 -26 26 29 -29 -30 -31
leaf_value=-0.010432910007212413 0.010118416683943176 0.0049126085664775174 0.0078130498620727507 -0.017258824428227942 0.0023850594338034959 -0.01179953715190662 0.019176182292295747 0.021660638833810617 -0.0038194715330614054 0.011723645323731746 -0.042990335995683179 -0.02315988832277906 -0.17982725040758696 -0.033253739619826986 -0.009003198168697801 -0.036979392529307917 0.0007550143831814161 -0.00054949485967791163 -0.0095027943132184114 -0.0084955492870368212 0.024953200144645707 -0.036346714884398876 0.0026967429726741186 0.0020708223518079421 0.0029237842583240041 0.037102262587240975 -0.0050326339720387116 -0.0016334087335578978 0.01185293460030201 0.0088807018163665312
leaf_weight=39072 16080 2975 33768 4824 14472 10358 898 809 3726 619 323 4306 106 738 7614 1600 21312 132871 15952 4400 4789 727 57105 40491 10639 2712 9246 105509 19110 19166
leaf_count=39072 16080 2975 33768 4824 14472 10358 898 809 3726 619 323 4306 106 738 7614 1600 21312 132871 15952 4400 4789 727 57105 40491 10639 2712 9246 105509 19110 19166
internal_value=-3.84255e-12 0.00329584 0.0016318 0.00405343 -0.00252591 -0.000535952 -0.0093283 -0.00835743 -0.0103719 -0.0153798 -0.0234249 -0.0280199 -0.0768009 -0.000335229 -0.00244676 0.00038269 -0.00648423 -0.00223447 -0.00167853 -0.0160912 0.00229935 -0.000744293 0.00132028 0.00242332 0.00976193 0.00184635 0.00720657 0.000835927 0.00520728 0.00435294
internal_weight=586317 82008 65928 53064 19296 504309 11256 12864 12055 9080 5354 4735 429 493053 125103 367950 60384 155550 149550 6000 212400 133598 64719 211662 15428 196234 31124 165110 59601 28412
internal_count=586317 82008 65928 53064 19296 504309 11256 12864 12055 9080 5354 4735 429 493053 125103 367950 60384 155550 149550 6000 212400 133598 64719 211662 15428 196234 31124 165110 59601 28412
is_linear=0
shrinkage=0.05


Tree=100
num_leaves=31
num_cat=0
split_feature=13 13 12 10 11 11 9 10 7 10 10 5 5 11 10 10 5 10 1 9 10 9 10 0 13 11 10 11 3 11
split_gain=386.477 567.743 920.552 661.701 610.617 438.948 429.586 454.814 466.578 432.439 378.635 647.969 342.652 335.786 634.659 546.748 929.049 381.656 592.098 515.047 423.339 358.18 375.986 310.693 303.638 662.068 299.072 604.963 632.022 982.936
threshold=80.250000000000014 78.750000000000014 15.250000000000002 0.6186656951904298 -0.62538740038871754 -0.66483077406883229 31.621855735778812 0.5772862732410432 30.690706253051761 -0.97873103618621815 -0.62540480494499195 30.76978969573975 31.825056076049808 0.99164059758186351 -0.22611359506845471 -0.3334656953811645 32.054777145385749 -0.15005400776863095 27.643974304199222 28.083243370056156 0.44437406957149511 30.374980926513675 -0.021515898406505581 0.21176667511463168 76.750000000000014 -0.55599683523178089 -0.63874351978301991 -0.67758968472480763 30.229525566101078 -0.73829901218414296
decision_type=2 2 2 2 2 2 2 2 2 2 2 2 2 2 2 2 2 2 2 2 2 2 2 2 2 2 2 2 2 2
left_child=1 2 24 6 5 10 7 13 -9 -8 11 -3 -5 14 15 26 -17 -16 19 -19 -21 22 -15 -13 25 -1 27 28 29 -4
right_child=-2 4 3 12 -6 -7 9 8 -10 -11 -12 23 -14 21 17 16 -18 18 -20 20 -22 -23 -24 -25 -26 -27 -28 -29 -30 -31
leaf_value=-0.016789342329810525 -0.0022308437768379617 -0.044611249630357452 -0.1255171543982779 0.026852701861419099 0.0012642258116466886 0.029469940510487777 0.010623851855270089 -0.11433308164586123 -0.01514423401010136 -0.0045281047142133038 0.0088916673816912106 0.018475161730304647 0.0058141665542983424 -0.037625987435848968 0.028422118113699924 -0.0083801103787256356 -0.089354579020724745 0.044357190269863969 0.011762044551789426 -0.080732168745436636 0.014962066930665333 0.0082205965375645954 -0.0050204167268801626 -0.013724076396914656 -0.0020695104254204312 -0.0030561691979658413 0.0090920315543068109 0.0023345797055044203 0.00061159071806910403 -0.022058565513825974
leaf_weight=12768 145850 905 319 2016 102165 2352 5157 156 494 54204 34496 1625 48384 1445 3161 4183 387 165 11495 438 157 2082 2278 1390 81676 28070 13398 23049 1233 819
leaf_count=12768 145850 905 319 2016 102165 2352 5157 156 494 54204 34496 1625 48384 1445 3161 4183 387 165 11495 438 157 2082 2278 1390 81676 28070 13398 23049 1233 819
internal_value=-1.11203e-12 0.00073869 -0.000505501 0.00182138 0.00332864 0.00850208 -0.00013376 0.00266607 -0.0389496 -0.00321178 0.00721833 -0.00750702 0.00665571 0.00308474 0.00421728 0.00112102 -0.0152372 0.0129316 0.00893611 -0.0338062 -0.0554818 -0.00838773 -0.0176755 0.00363041 -0.00382962 -0.00734985 0.00304686 -0.000139344 -0.0241889 -0.0510597
internal_weight=586317 440467 297534 175020 142933 40768 124620 65259 650 59361 38416 3920 50400 64609 58804 43388 4570 15416 12255 760 595 5805 3723 3015 122514 40838 38818 25420 2371 1138
internal_count=586317 440467 297534 175020 142933 40768 124620 65259 650 59361 38416 3920 50400 64609 58804 43388 4570 15416 12255 760 595 5805 3723 3015 122514 40838 38818 25420 2371 1138
is_linear=0
shrinkage=0.05


Tree=101
num_leaves=31
num_cat=0
split_feature=1 10 10 11 1 5 7 3 10 10 11 10 7 10 10 10 3 10 10 9 10 11 5 10 12 9 13 10 3 10
split_gain=366.074 372.193 440.172 586.56 392.971 607.29 340.184 500.721 454.512 311.772 523.412 356.832 332.947 272.397 263.296 287.588 457.446 351.206 997.19 703.503 562.551 558.447 535.156 615.076 484.268 407.386 357.531 340.279 311.935 414.349
threshold=43.429134368896491 0.91236633062362682 0.93836870789527904 0.30080866813659674 36.990877151489265 35.079074859619148 35.074180603027351 35.231376647949226 0.94417876005172741 0.9946616291999818 0.047319635748863227 0.96460527181625377 36.055917739868171 -0.99984258413314808 0.87795194983482372 0.85206964612007152 41.307903289794929 0.79356426000595104 0.7440970540046693 35.004232406616218 0.81403854489326488 0.51972457766532909 30.056657791137699 0.77758994698524486 14.750000000000002 30.105833053588871 77.750000000000014 0.81403854489326488 40.587558746337898 0.45972847938537603
decision_type=2 2 2 2 2 2 2 2 2 2 2 2 2 2 2 2 2 2 2 2 2 2 2 2 2 2 2 2 2 2
left_child=1 13 -3 9 6 -6 7 -5 -9 11 -11 -4 -12 -1 15 17 -17 18 28 21 -21 24 -20 -24 26 -23 -19 -27 -15 -30
right_child=-2 2 3 4 5 -7 -8 8 -10 10 12 -13 -14 14 -16 16 -18 19 22 20 -22 25 23 -25 -26 27 -28 -29 29 -31
leaf_value=0.013930302484797397 0.020124784187596161 0.011626437098198819 -0.0024119896955514504 -0.0082608711461616812 -0.21191453429368826 -0.035482655868287326 0.011499768080143618 0.013335737846702818 -0.090644394896462421 -0.0072034184834301107 -0.0066332526712799813 0.0080384356500769923 0.021167680460019045 -0.00098770280573446615 -0.007381580804789011 0.01147941576481247 -0.027319510458409454 -0.015023711352091915 0.053295896731680309 -0.033110725076659797 -0.0081952692508373923 0.039169961073514802 0.017651682066601261 -0.0050092583574563197 0.051723705446046202 -0.023111597300760175 0.063653715009233808 0.0016042010959696467 0.027671251195361315 0.0026947266221988009
leaf_weight=3216 2251 12753 11157 2090 52 786 1363 144 389 14472 1623 30494 3201 434940 14191 8742 832 714 764 3270 7375 519 9223 4434 983 2131 181 4019 2102 7906
leaf_count=3216 2251 12753 11157 2090 52 786 1363 144 389 14472 1623 30494 3201 434940 14191 8742 832 714 764 3270 7375 519 9223 4434 983 2131 181 4019 2102 7906
internal_value=3.02928e-14 -7.75613e-05 0.00312502 0.0014766 -0.0153069 -0.0464307 -0.00876351 -0.019293 -0.0625522 0.00280502 -0.002449 0.00523909 0.0118143 -0.000575007 -0.000667873 -0.000472693 0.00810771 -0.000644351 -0.00036749 -0.00727114 -0.015849 0.00341225 0.0125725 0.0102944 0.0274967 -0.00336997 0.000887589 -0.00695992 -0.000786883 0.0079406
internal_weight=586317 584066 78524 65771 4824 838 3986 2623 533 60947 19296 41651 4824 505542 502326 488135 9574 478561 459369 19192 10645 8547 14421 13657 1878 6669 895 6150 444948 10008
internal_count=586317 584066 78524 65771 4824 838 3986 2623 533 60947 19296 41651 4824 505542 502326 488135 9574 478561 459369 19192 10645 8547 14421 13657 1878 6669 895 6150 444948 10008
is_linear=0
shrinkage=0.05


Tree=102
num_leaves=31
num_cat=0
split_feature=13 13 11 11 10 10 0 10 9 11 7 12 12 10 10 5 3 12 0 10 12 10 7 11 9 1 11 1 3 5
split_gain=355.337 401.513 771.715 411.66 639.78 495.517 405.464 739.807 471.959 537.183 376.63 375.873 367.076 361.586 545.346 392.229 345.017 314.721 314.386 300.457 282.367 276.422 285.348 265.005 645.706 481.517 473.506 374.621 324.085 321.739
threshold=81.250000000000014 76.750000000000014 -0.66483077406883229 0.41326330602169042 -0.86958134174346913 -0.82391539216041554 0.21176667511463168 1.0000000180025095e-35 32.594768524169929 -0.20930689573287961 34.316581726074226 12.750000000000002 16.250000000000004 -0.74981945753097523 -0.71466678380966175 28.247999191284183 30.056553840637211 15.250000000000002 5.0105254650115976 0.64534214138984691 13.250000000000002 -0.94130858778953541 33.012615203857429 -0.95744973421096791 34.869119644165046 33.129404067993171 -0.85204595327377308 36.651681900024421 37.731424331665046 38.709918975830085
decision_type=2 2 2 2 2 2 2 2 2 2 2 2 2 2 2 2 2 2 2 2 2 2 2 2 2 2 2 2 2 2
left_child=1 2 12 6 17 -6 -3 8 -8 20 -9 -4 -1 16 -15 19 -7 -5 23 -16 -10 22 -22 24 27 -26 29 -2 -27 -25
right_child=18 3 11 4 5 13 7 10 9 -11 -12 -13 -14 14 15 -17 -18 -19 -20 -21 21 -23 -24 26 25 28 -28 -29 -30 -31
leaf_value=-0.01507851751524465 -0.0076195803875130936 0.0040918778529486872 -0.0094556998882988109 -0.034356275919259292 0.014816775087473828 -0.034899131759687764 4.9469833500676637e-05 0.016471507859633413 0.0033434001291545315 0.0063750163751628329 0.0031980522236471883 0.001716640501531324 -0.0033232397816480349 0.020314514198688679 0.0065740561049570092 -0.001677826722563283 -0.0065508952761824156 -0.0088626406535690077 0.0033764595434183442 0.059062413473389912 -0.0029480429326921897 -0.013229578694828912 -0.050054201105360185 0.0053196073247529126 0.0095742872035892018 -0.086299570066750875 -0.0042917403778621648 0.087945554832972228 -0.027411668315849444 0.037063708449875346
leaf_weight=14112 4394 154270 8532 1880 5280 1303 42204 7388 2290 4503 19319 63990 12544 3168 11968 106685 6089 3400 17707 279 462 13499 1057 4888 301 585 72772 105 389 954
leaf_count=14112 4394 154270 8532 1880 5280 1303 42204 7388 2290 4503 19319 63990 12544 3168 11968 106685 6089 3400 17707 279 462 13499 1057 4888 301 585 72772 105 389 954
internal_value=-8.14456e-13 0.000565202 -0.0022717 0.00129592 -0.000866378 -0.000197483 0.00253202 -0.000120476 -0.00303686 -0.00900886 0.00686991 0.000402248 -0.00954662 -0.000809686 -0.000159589 -0.000704959 -0.0115479 -0.0179399 -0.00268067 0.0077698 -0.0130113 -0.0155051 -0.035727 -0.00395163 -0.0142904 -0.0456992 -0.00319228 -0.00538923 -0.0627807 0.0105034
internal_weight=586317 484222 99178 385044 140052 134772 244992 90722 64015 21811 26707 72522 26656 129492 122100 118932 7392 5280 102095 12247 17308 15018 1519 84388 5774 1275 78614 4499 974 5842
internal_count=586317 484222 99178 385044 140052 134772 244992 90722 64015 21811 26707 72522 26656 129492 122100 118932 7392 5280 102095 12247 17308 15018 1519 84388 5774 1275 78614 4499 974 5842
is_linear=0
shrinkage=0.05


Tree=103
num_leaves=31
num_cat=0
split_feature=13 13 12 10 11 9 10 10 11 10 1 10 12 11 10 10 3 10 1 11 9 12 10 5 9 10 3 11 11 11
split_gain=324.825 499.419 807.723 564.141 536.133 395.529 634.597 412.408 493.636 952.458 676.711 483.341 455.075 444.593 683.451 436.972 430.48 455.084 391.014 379.944 365.145 412.755 333.37 584.875 329.763 316.303 314.164 613.839 365.527 557.473
threshold=80.250000000000014 78.750000000000014 15.250000000000002 0.60505047440528881 -0.62538740038871754 31.621855735778812 0.5772862732410432 -0.71466678380966175 -0.20930689573287961 -0.92913278937339772 34.150571823120124 -0.86095303297042836 18.750000000000004 -0.93533331155776966 0.20088869333267215 -0.88606244325637806 34.876083374023445 1.0000000180025095e-35 28.445576667785648 -0.66483077406883229 33.785501480102546 17.250000000000004 -0.62540480494499195 30.76978969573975 32.96919250488282 0.51973900198936474 29.765177726745609 -0.98518359661102284 -0.97870382666587818 -0.9412824511528014
decision_type=2 2 2 2 2 2 2 2 2 2 2 2 2 2 2 2 2 2 2 2 2 2 2 2 2 2 2 2 2 2
left_child=1 2 -1 5 19 6 26 8 9 12 20 15 -7 14 16 -12 17 -9 -19 22 -11 -22 23 -3 -10 -15 27 -4 -28 -30
right_child=-2 4 3 -5 -6 7 -8 13 24 10 11 -13 -14 25 -16 -17 -18 18 -20 -21 21 -23 -24 -25 -26 -27 28 -29 29 -31
leaf_value=-0.003603465073461893 -0.0020451807670157627 -0.042309043453704023 -0.048396988468135692 0.006094667953273172 0.0011719153011286361 -0.055003628427059283 -0.057094887855938907 -0.011764736356073661 0.0014521292365762999 0.012784940217929367 -0.010544332471007193 0.019923977154706205 -0.0013982616836386444 -0.013501373273861328 0.018009556589525237 -0.16300928593150898 -0.028306962772979533 0.14377328754148699 0.0094774779693133724 0.027461731449024796 0.0033720943187237856 -0.10121777906653383 0.008329753573256592 0.0035237626219959853 0.016726578710134842 0.0014711050573706552 0.022418532361930199 0.0094132850779724067 -0.029456398497085524 0.00076743305544025361
leaf_weight=122514 145850 905 470 51360 102165 1323 443 4792 8940 3969 71 105 565 18454 4045 139 1819 55 3731 2352 241 155 34496 3015 5843 4361 1837 19949 1585 40768
leaf_count=122514 145850 905 470 51360 102165 1323 443 4792 8940 3969 71 105 565 18454 4045 139 1819 55 3731 2352 241 155 34496 3015 5843 4361 1837 19949 1585 40768
internal_value=2.8255e-12 0.000677212 -0.000489715 0.00168991 0.00310633 -0.000139527 0.00254454 -0.00311871 0.00242181 -0.00898407 0.00310949 -0.0676664 -0.0389618 -0.00629383 0.000571228 -0.111462 -0.00621323 -0.00152817 0.0114284 0.00795397 0.00821703 -0.0375659 0.00675962 -0.00705754 0.00748938 -0.0106394 0.00295346 0.00808262 0.000583416 -0.00036365
internal_weight=586317 440467 297534 175020 142933 123660 65052 58608 21351 6568 4680 315 1888 37257 14442 210 10397 8578 3786 40768 4365 396 38416 3920 14783 22815 64609 20419 44190 42353
internal_count=586317 440467 297534 175020 142933 123660 65052 58608 21351 6568 4680 315 1888 37257 14442 210 10397 8578 3786 40768 4365 396 38416 3920 14783 22815 64609 20419 44190 42353
is_linear=0
shrinkage=0.05


Tree=104
num_leaves=31
num_cat=0
split_feature=1 10 10 11 1 5 2 11 9 10 10 10 10 9 11 10 5 10 12 9 13 10 11 8 1 3 11 7 10 11
split_gain=316.749 303.413 397.134 529.179 366.827 790.558 299.351 257.616 270.391 266.779 458.552 357.229 826.83 649.353 508.626 508.425 480.296 544.667 434.241 366.517 328.6 308.287 293.713 300.353 269.869 239.766 374.111 298.477 290.58 455.675
threshold=43.429134368896491 0.91236633062362682 0.93836870789527904 0.30080866813659674 37.352123260498054 36.225828170776374 0.23203142732381823 0.9969642460346223 32.258962631225593 0.86958134174346935 0.85206964612007152 0.79356426000595104 0.7440970540046693 34.93428039550782 0.51972457766532909 0.81403854489326488 30.056657791137699 0.77758994698524486 14.750000000000002 30.105833053588871 77.750000000000014 0.81403854489326488 -0.43663504719734186 1.0000000180025095e-35 34.807247161865241 40.587558746337898 -0.88603779673576344 42.429439544677741 0.69636976718902599 -0.70250144600868214
decision_type=2 2 2 2 2 2 2 2 2 2 2 2 2 2 2 2 2 2 2 2 2 2 2 2 2 2 2 2 2 2
left_child=1 7 -3 6 -5 -6 -4 9 -9 10 11 12 25 14 18 -15 -14 -18 20 -16 -13 -21 23 -11 -23 27 -27 28 -1 -30
right_child=-2 2 3 4 5 -7 -8 8 -10 22 -12 13 16 15 19 -17 17 -19 -20 21 -22 24 -24 -25 -26 26 -28 -29 29 -31
leaf_value=-0.00032290259292735188 0.018719941769862695 0.010894527998925846 0.0013375731728638258 -0.0093244189595615024 -0.18651961401759923 -0.027276437725105563 0.012940432784016159 -0.0055630021527107087 -0.036277004770180803 -0.010184062143957184 0.01318734924410048 -0.014336531042519536 0.050353096063076322 -0.031422756344054996 0.037254144535537922 -0.0078759787360834013 0.016538691438557324 -0.0047858177744713104 0.049761988645546609 -0.021942153623776953 0.061780418572800894 -0.0062332129630174819 -0.0015649533497542672 -0.039563564683513693 0.023265501686087205 0.026001543253361549 0.0022687479444942278 -0.047064296803707127 -0.037858393079759245 -0.0050223041124849788
leaf_weight=412734 2251 12753 54760 4190 91 543 6187 13111 758 5168 6397 697 764 3304 519 7488 9223 4434 967 2111 178 2865 11154 1046 1063 2102 7906 345 1181 10027
leaf_count=412734 2251 12753 54760 4190 91 543 6187 13111 758 5168 6397 697 764 3304 519 7488 9223 4434 967 2111 178 2865 11154 1046 1063 2102 7906 345 1181 10027
internal_value=5.51007e-13 -7.2147e-05 0.00281942 0.00125366 -0.0146878 -0.0501331 0.00251543 -0.000521284 -0.00724165 -0.000331717 -0.000108846 -0.000290625 -4.90667e-06 -0.00697081 0.00345384 -0.0150849 0.0117735 0.00961529 0.0266689 -0.00306678 0.00114783 -0.00653201 -0.00641814 -0.0151295 0.00174976 -0.000396015 0.00725339 -0.000576448 -0.000538617 -0.00848228
internal_weight=586317 584066 78524 65771 4824 634 60947 505542 13869 491673 474305 467908 448716 19192 8400 10792 14421 13657 1842 6558 875 6039 17368 6214 3928 434295 10008 424287 423942 11208
internal_count=586317 584066 78524 65771 4824 634 60947 505542 13869 491673 474305 467908 448716 19192 8400 10792 14421 13657 1842 6558 875 6039 17368 6214 3928 434295 10008 424287 423942 11208
is_linear=0
shrinkage=0.05


Tree=105
num_leaves=31
num_cat=0
split_feature=13 10 11 2 7 8 3 11 12 0 3 10 11 11 11 11 2 11 0 3 9 12 10 1 5 7 12 11 5 9
split_gain=297.362 343.016 702.822 481.705 829.193 467.328 419.15 421.896 356.935 329.568 321.794 556.029 314.893 549.165 705.908 562.72 1753.04 900.781 669.375 508.842 684.927 532.06 505.938 462.415 450.445 449.102 390.276 448.885 822.35 684.072
threshold=81.750000000000014 -0.021515898406505581 -0.98798605799674977 7.1518759727478036 33.497520446777351 0.63582724332809459 29.727887153625492 0.90515965223312389 18.750000000000004 5.0105254650115976 32.696729660034187 -0.09881922602653502 -0.97502842545509327 -0.9469526708126067 -0.88603779673576344 -0.69014781713485707 3.2530175447463994 -0.61186373233795155 0.54338151216506969 33.261857986450202 33.637870788574226 16.750000000000004 -0.39753912389278406 36.231637954711921 25.516271591186527 33.137817382812507 14.750000000000002 -0.09024826809763907 33.394929885864265 32.779375076293952
decision_type=2 2 2 2 2 2 2 2 2 2 2 2 2 2 2 2 2 2 2 2 2 2 2 2 2 2 2 2 2 2
left_child=1 2 3 -1 -5 6 -3 -8 -9 -2 11 -6 19 -14 22 16 18 24 -16 20 -4 -21 -15 26 -17 -22 -19 28 -28 -29
right_child=9 5 12 4 10 -7 7 8 -10 -11 -12 -13 13 14 15 17 -18 23 -20 21 25 -23 -24 -25 -26 -27 27 29 -30 -31
leaf_value=-0.007324766825754541 -0.0042548217420539519 0.007571682568947107 0.012511490876508189 -0.05098069371486541 -0.049374759165910193 0.0074050575226128831 0.0010112678569621819 -0.0033590522737482146 -0.020074758286830925 0.0041299004058593294 -0.024644090125623807 0.071667710145699073 -0.013203088854335986 0.022724719254030287 0.0081406777743950245 -0.055152702887791616 -0.027436613215369582 -0.0040638481739330287 -0.011541762966919092 0.018499764596773972 -0.082794969271008795 0.094792604708849496 0.00244522852494879 -0.063988983735066146 0.018174977368468386 -0.0023790110758289238 -0.00090328951505419346 0.00087304093770393984 -0.024596410273107792 0.012305922004148812
leaf_weight=8416 67494 21493 3787 1802 133 31848 181340 17450 3909 14182 390 331 8304 5536 11554 215 7843 52904 6899 719 338 335 6920 287 8089 357 27625 75781 4222 15814
leaf_count=8416 67494 21493 3787 1802 133 31848 181340 17450 3909 14182 390 331 8304 5536 11554 215 7843 52904 6899 719 338 335 6920 287 8089 357 27625 75781 4222 15814
internal_value=-2.08837e-13 0.000453005 -0.00086993 -0.0131836 -0.0317482 0.0017375 0.000932387 0.000228396 -0.00641826 -0.00279892 0.00883369 0.0369723 -0.000295951 -0.000577176 -0.000108464 -0.000790536 -0.00763442 0.000182588 0.000782028 0.0114891 0.00413811 0.0427484 0.0114583 -0.000574028 0.0162764 -0.0414878 -0.000470821 0.00106906 -0.00404432 0.00284694
internal_weight=586317 504641 248601 11072 2656 256040 224192 202699 21359 81676 854 464 237529 231993 223689 211233 26296 184937 18453 5536 4482 1054 12456 176633 8304 695 176346 123442 31847 91595
internal_count=586317 504641 248601 11072 2656 256040 224192 202699 21359 81676 854 464 237529 231993 223689 211233 26296 184937 18453 5536 4482 1054 12456 176633 8304 695 176346 123442 31847 91595
is_linear=0
shrinkage=0.05


Tree=106
num_leaves=31
num_cat=0
split_feature=9 10 10 11 11 10 10 9 12 3 5 7 7 1 1 10 5 1 1 10 11 10 13 9 1 11 12 10 11 10
split_gain=291.223 285.605 281.286 551.571 650.576 379.73 661.224 317.031 283.992 307.802 717.346 279.881 261.574 340.328 317.885 293.903 245.276 425.259 292.429 737.205 250.798 241.191 230.497 410.115 226.087 384.399 604.37 335.962 276.82 248.454
threshold=42.863233566284187 0.56314551830291759 0.96460527181625377 -0.12447465583682059 -0.038720846176147454 0.94417876005172741 0.91927745938301098 41.532588958740241 16.750000000000004 35.231376647949226 34.491258621215827 36.302387237548835 37.341032028198249 35.528953552246101 37.832117080688484 0.99762105941772472 36.060768127441413 36.905206680297859 35.989843368530281 0.94697898626327526 0.28434865176677709 -0.99984258413314808 79.750000000000014 35.907562255859382 25.505497932434086 0.88999459147453319 14.750000000000002 0.18399664759635928 0.88201534748077404 -0.16705007851123807
decision_type=2 2 2 2 2 2 2 2 2 2 2 2 2 2 2 2 2 2 2 2 2 2 2 2 2 2 2 2 2 2
left_child=2 -2 5 -4 12 6 21 8 -7 11 -11 -10 14 -14 -5 -16 18 -18 20 -20 -12 -1 23 -21 25 26 -23 -27 29 -28
right_child=1 -3 3 4 -6 7 -8 -9 9 10 16 -13 13 -15 15 -17 17 -19 19 22 -22 24 -24 -25 -26 27 28 -29 -30 -31
leaf_value=0.013142756240506684 -0.0056344407201392522 0.021498084774237189 0.012419756702830617 -0.017586817155423991 0.0038879610147610055 -0.0022644710396447585 0.01107203869654105 0.030464664873386716 -0.0043134454624079929 -0.15913031190090504 -0.0028543706209577546 0.078941032380141607 0.067562263447252455 -0.0069016949385355131 -0.019085935479516439 -0.11306009106232791 0.018744615298916006 -0.023478032812772595 -0.16256419261048238 0.13027392405290705 -0.092963170780660326 -0.017710237275602919 -0.023473870850399169 -0.020903890614740944 -0.00049129449075839494 -0.01837658895480029 0.031477045497517314 -0.071008835737532999 0.09892452578060329 -0.04063054436474299
leaf_weight=3216 1431 3010 12848 3150 28944 5601 12638 490 1546 96 99 108 159 4390 157 177 734 3180 75 85 351 1798 254 95 498822 1427 782 385 128 141
leaf_count=3216 1431 3010 12848 3150 28944 5601 12638 490 1546 96 99 108 159 4390 157 177 734 3180 75 85 351 1798 254 95 498822 1427 782 385 128 141
internal_value=-4.14584e-12 0.0127553 -9.73512e-05 0.00349502 0.000394042 -0.000433766 -0.000224766 -0.00897095 -0.0105517 -0.0175602 -0.023779 0.00112276 -0.012195 -0.00429898 -0.0225048 -0.0688866 -0.0211126 -0.0155599 -0.0437747 -0.0178139 -0.0731392 -0.000506529 0.00720058 0.0504856 -0.000593714 -0.0115547 -0.000103378 -0.0295595 0.0300176 0.0204617
internal_weight=586317 4441 581876 49825 36977 532051 519337 12714 12224 6623 4969 1654 8033 4549 3484 334 4873 3914 959 509 450 506699 434 180 503483 4661 2849 1812 1051 923
internal_count=586317 4441 581876 49825 36977 532051 519337 12714 12224 6623 4969 1654 8033 4549 3484 334 4873 3914 959 509 450 506699 434 180 503483 4661 2849 1812 1051 923
is_linear=0
shrinkage=0.05


Tree=107
num_leaves=31
num_cat=0
split_feature=13 13 12 11 10 9 10 10 11 3 11 11 11 10 10 7 11 3 11 8 10 5 7 11 9 11 11 10 10 5
split_gain=271.54 452.429 709.158 475.853 471.921 371.612 555.829 396.446 311.633 295.643 502.641 353.835 613.156 829.667 984.973 482.248 362.102 340.891 315.029 388.098 292.439 516.699 289.291 284.513 382.996 278.488 471.753 633.232 402.788 863.204
threshold=80.250000000000014 78.750000000000014 15.250000000000002 -0.62538740038871754 0.60505047440528881 31.906658172607425 0.5772862732410432 -0.97873103618621815 -0.66483077406883229 29.765177726745609 -0.98518359661102284 -0.95744973421096791 -0.66483077406883229 -0.63874351978301991 -0.67760851979255665 30.068468093872074 -0.51235243678092945 26.684843063354496 -0.99626126885414112 4.976940631866456 -0.62540480494499195 30.802190780639652 30.690706253051761 0.9937097728252412 30.21013164520264 0.89771011471748363 0.23448270559310916 -0.92913278937339772 0.39753912389278417 31.512630462646488
decision_type=2 2 2 2 2 2 2 2 2 2 2 2 2 2 2 2 2 2 2 2 2 2 2 2 2 2 2 2 2 2
left_child=1 2 -1 8 5 6 9 -7 20 10 17 -12 13 14 15 -13 -14 -4 -11 23 21 -3 -8 -20 -25 26 27 -9 -27 -30
right_child=-2 3 4 -5 -6 7 22 25 -10 18 11 12 16 -15 -16 -17 -18 -19 19 -21 -22 -23 -24 24 -26 28 -28 -29 29 -31
leaf_value=-0.0034090827458487637 -0.0018699234818175257 -0.039235201900145587 -0.12033474911694174 0.0011087737207175483 0.0055794990589637808 0.010927218213521444 -0.1105511180456881 -0.033549334802865996 0.025165460168046262 0.026212693379184832 0.035441615612520627 -0.042531716891971882 0.039867354978346009 0.0045196816579300952 -0.12801272890418344 0.037642337719668933 0.00956833421335887 -0.020358389350579802 0.003057514290092996 -0.0099371384459981116 0.0078871182841904613 0.0035494073157042263 -0.025617595890362284 -0.033751937756695306 0.0023769171858829211 -0.011028088410596312 0.0045230980492701207 -0.0050711830433818805 -0.16363197697387985 -0.019615084925045573
leaf_weight=122514 145850 923 108 102165 51360 4442 146 2089 2352 1160 1167 680 1058 2869 275 259 14507 405 37576 8394 34496 2997 320 1273 1731 2418 12500 29764 144 375
leaf_count=122514 145850 923 108 102165 51360 4442 146 2089 2352 1160 1167 680 1058 2869 275 259 14507 405 37576 8394 34496 2997 320 1273 1731 2418 12500 29764 144 375
internal_value=-2.05631e-12 0.00061918 -0.000491494 0.0029312 0.00155082 -0.000122424 0.00220208 -0.00335441 0.0074982 0.00255702 0.00748771 0.00869273 0.00710397 -0.0101417 -0.0447905 -0.0204177 0.0116279 -0.041406 0.000459404 -0.000150589 0.00641653 -0.00652462 -0.0522277 0.00187377 -0.0129333 -0.0046959 -0.00370853 -0.00693885 -0.0196066 -0.0595735
internal_weight=586317 440467 297534 142933 175020 123660 71928 51732 40768 71462 21328 20815 19648 4083 1214 939 15565 513 50134 48974 38416 3920 466 40580 3004 47290 44353 31853 2937 519
internal_count=586317 440467 297534 142933 175020 123660 71928 51732 40768 71462 21328 20815 19648 4083 1214 939 15565 513 50134 48974 38416 3920 466 40580 3004 47290 44353 31853 2937 519
is_linear=0
shrinkage=0.05


Tree=108
num_leaves=31
num_cat=0
split_feature=1 11 13 11 13 12 12 10 10 11 5 1 12 11 10 10 7 0 11 10 2 9 3 10 11 11 5 10 9 11
split_gain=264.979 253.242 243.511 672.872 369.796 330.817 304.352 279.51 603.01 500.302 435.88 576.195 753.414 397.887 372.501 492.91 577.372 349.045 782.778 378.56 369.557 368.45 387.266 364.715 326.169 312.329 357.828 283.398 281.685 563.436
threshold=43.429134368896491 0.99548450112342846 76.750000000000014 -0.66483077406883229 80.250000000000014 16.250000000000004 16.750000000000004 -0.46735489368438715 -0.40542197227478022 0.79874977469444286 30.263042449951175 28.911581993103031 16.750000000000004 -0.89388549327850331 -0.25118774175643915 -0.3415676057338714 28.311470031738285 0.89465090632438671 -0.67758968472480763 -0.67760851979255665 23.566570281982425 30.692554473876957 29.801715850830082 -0.49002411961555475 -0.61186373233795155 -0.79354220628738392 28.903657913208011 -0.62540480494499195 31.437306404113773 -0.24284072965383527
decision_type=2 2 2 2 2 2 2 2 2 2 2 2 2 2 2 2 2 2 2 2 2 2 2 2 2 2 2 2 2 2
left_child=1 2 3 6 7 -5 -1 9 10 17 13 12 -12 -9 15 -10 -17 25 20 24 21 22 23 27 -20 26 -4 -19 29 -27
right_child=-2 -3 4 5 -6 -7 -8 8 14 -11 11 -13 -14 -15 -16 16 -18 18 19 -21 -22 -23 -24 -25 -26 28 -28 -29 -30 -31
leaf_value=-0.013408929082623203 0.0171219372080843 -0.0060636780032458475 -0.030938211582805509 -0.0028427714874408429 -0.0015549784230826347 0.0040655692008287414 -0.0025161399581306106 0.058011071807820239 0.0049246072942751244 -0.012190871250954423 0.044401006134558878 0.010175583587369209 -0.12674310282911935 0.019534433295973708 0.002737765720245785 0.017181522327397579 -0.016750032163320019 -0.030638940905343429 0.018504751749794289 0.031924770524236631 -0.048614004306775128 -0.022163479832190251 0.026407574904656169 -0.12335281761463833 -0.0022919525111996424 0.0078427246350872108 0.017632598463509948 0.018954015275438274 0.0042879762712307859 -0.0072888745016743599
leaf_weight=15680 2251 17085 410 36864 141498 32702 10850 888 7488 8424 101 3561 177 2761 186179 1461 8835 657 2028 910 865 4458 973 74 26805 9179 5047 513 38938 18655
leaf_count=15680 2251 17085 410 36864 141498 32702 10850 888 7488 8424 101 3561 177 2761 186179 1461 8835 657 2028 910 865 4458 973 74 26805 9179 5047 513 38938 18655
internal_value=1.32615e-12 -6.59882e-05 0.000114742 -0.00217903 0.000582844 0.000404742 -0.00895409 0.00150121 0.00258897 -0.000449071 0.0165244 0.00476328 -0.0645648 0.0288979 0.00207737 -0.00483631 -0.0119352 0.000454144 -0.00347484 0.000172928 -0.0178642 -0.0138794 0.00277857 -0.015703 -0.000829194 0.0024822 0.0139833 -0.00889434 0.00154226 -0.00229883
internal_weight=586317 584066 566981 96096 470885 69566 26530 329387 211451 117936 7488 3839 278 3649 203963 17784 10296 109512 37283 29743 7540 6675 2217 1244 28833 72229 5457 1170 66772 27834
internal_count=586317 584066 566981 96096 470885 69566 26530 329387 211451 117936 7488 3839 278 3649 203963 17784 10296 109512 37283 29743 7540 6675 2217 1244 28833 72229 5457 1170 66772 27834
is_linear=0
shrinkage=0.05


Tree=109
num_leaves=31
num_cat=0
split_feature=9 10 10 11 11 10 10 9 3 11 1 5 10 7 1 1 9 13 5 3 10 7 3 1 13 7 5 11 11 10
split_gain=243.38 251.743 238.348 497.533 587.126 352.459 590.421 281.995 269.437 333.175 288.365 809.256 258.181 228.163 310.353 289.928 277.572 226.884 224.315 267.077 219.351 218.503 555.748 273.086 218.443 210.835 243.663 198.814 1566.18 479.338
threshold=42.863233566284187 0.56314551830291759 0.96460527181625377 -0.12447465583682059 -0.038720846176147454 0.94417876005172741 0.9259161949157716 41.532588958740241 39.852291107177741 0.30080866813659674 37.352123260498054 37.170219421386726 0.94970905780792247 37.341032028198249 35.913198471069343 37.832117080688484 36.461299896240241 79.750000000000014 33.934963226318366 33.589775085449226 -0.99984258413314808 35.074180603027351 35.231376647949226 36.398109436035163 81.250000000000014 42.092353820800788 39.463287353515632 -0.9946339726448058 -0.99049577116966236 1.0000000180025095e-35
decision_type=2 2 2 2 2 2 2 2 2 2 2 2 2 2 2 2 2 2 2 2 2 2 2 2 2 2 2 2 2 2
left_child=2 -2 5 25 13 6 20 8 9 17 21 12 -12 15 -15 -5 -17 -7 -19 -20 -1 22 -11 -24 -23 26 -4 29 -29 -22
right_child=1 -3 3 4 -6 7 -8 -9 -10 10 11 -13 -14 14 -16 16 -18 18 19 -21 27 24 23 -25 -26 -27 -28 28 -30 -31
leaf_value=0.012589842009977327 -0.0056046170780954564 0.019868754963091758 0.0085430181246352391 -0.016618828539529031 0.0035918537418968737 0.0050978977327842236 0.012172973656740129 0.028569156496740439 -0.029437748207393727 -0.0097980337834744843 -0.23617116224935703 -0.010367705709006223 -0.10129982454979675 0.052939876667948242 -0.0072913235643921916 -0.13583738430958203 -0.036026143455689656 0.030417116086324855 -0.13108257023142833 -0.015437159085374375 -0.0034125702545200181 0.010164715558257759 -0.095099789995118741 0.015397415999601136 -0.074394513701414131 -0.042498716462395641 0.024752436564084823 -0.02521618355271836 -0.00037898906175873499 0.012348564098687224
leaf_weight=3216 1431 3010 9616 3150 28944 4759 9470 490 1572 1309 57 301 94 225 4324 99 235 267 51 2369 9648 957 338 67 83 177 3055 6432 480923 9648
leaf_count=3216 1431 3010 9616 3150 28944 4759 9470 490 1572 1309 57 301 94 225 4324 99 235 267 51 2369 9648 957 338 67 83 177 3055 6432 480923 9648
internal_value=1.91754e-12 0.0116606 -8.89962e-05 0.00321785 0.000272684 -0.000398672 -0.000197316 -0.00862359 -0.0101145 -0.00726277 -0.0207391 -0.0577536 -0.152212 -0.0116867 -0.0043122 -0.0213155 -0.0656109 -0.00146032 -0.0130757 -0.0178743 -0.000427075 -0.0146641 -0.0256346 -0.07682 0.00341624 0.0116941 0.0124511 -0.000509701 -0.000706785 0.004468
internal_weight=586317 4441 581876 49825 36977 532051 519337 12714 12224 10652 3206 452 151 8033 4549 3484 334 7446 2687 2420 509867 2754 1714 405 1040 12848 12671 506651 487355 19296
internal_count=586317 4441 581876 49825 36977 532051 519337 12714 12224 10652 3206 452 151 8033 4549 3484 334 7446 2687 2420 509867 2754 1714 405 1040 12848 12671 506651 487355 19296
is_linear=0
shrinkage=0.05


Tree=110
num_leaves=31
num_cat=0
split_feature=11 13 11 12 11 10 13 1 9 3 10 10 10 10 9 10 9 5 10 3 12 7 11 10 5 12 11 13 13 0
split_gain=232.047 229.398 595.028 583.236 373.06 502.855 341.291 328.687 507.11 340.003 308.117 446.557 338.148 1550.31 499.426 370.404 633.742 454.42 376.315 347.725 296.517 295.538 309.106 580.612 293.595 276.488 327.926 311.798 291.771 395.079
threshold=0.99548450112342846 76.750000000000014 -0.021515300963073965 17.250000000000004 0.41326330602169042 -0.8779519498348235 82.250000000000014 29.108410835266117 29.667792320251468 30.523142814636234 0.064507851377129569 0.081675637513399138 -0.69016700983047474 -0.63874351978301991 31.006347656250004 -0.15005400776863095 33.399255752563484 33.638193130493171 -0.09881922602653502 29.877464294433597 15.750000000000002 27.168518066406254 -0.88603779673576344 -0.69016700983047474 36.815366744995124 19.750000000000004 0.33345642685890203 80.750000000000014 79.250000000000014 0.10630507022142412
decision_type=2 2 2 2 2 2 2 2 2 2 2 2 2 2 2 2 2 2 2 2 2 2 2 2 2 2 2 2 2 2
left_child=1 2 3 -1 7 20 24 8 9 -3 12 -12 -10 14 19 16 -15 -18 -17 -14 -6 22 -9 -24 -7 26 27 28 29 -23
right_child=-2 4 -4 -5 5 6 -8 21 10 -11 11 -13 13 15 -16 18 17 -19 -20 -21 -22 25 23 -25 -26 -27 -28 -29 -30 -31
leaf_value=-0.0099471102084634933 -0.0057415446382303786 0.01491218843998479 0.0019455338912807638 0.0014724276767706041 -0.03343279467116763 0.0003079835197442541 -0.0069341123852807891 0.0073774126921801082 0.0076899132591216031 0.058008930525475705 0.13932321054021737 0.017990379024931526 -0.082207644904947141 0.013320350770963593 -0.13882987749443126 -0.052324160804453457 -0.026526875299596266 -0.15915252302266375 0.0049539947080225735 0.042262456234588866 -0.0082536016712572401 0.0020390949739009004 -0.0096549964904148623 -0.076107109199692879 -0.023520971850984486 0.0059530771695315505 0.0090862912273328555 -0.0029136627318673567 0.0041894550563478274 -0.0037741873145647545
leaf_weight=31680 17085 7594 47328 17280 1728 136519 19824 901 6407 487 91 455 169 3579 268 618 354 79 535 84 3616 84676 1110 467 1305 29363 11495 53915 62673 44632
leaf_count=31680 17085 7594 47328 17280 1728 136519 19824 901 6407 487 91 455 169 3579 268 618 354 79 535 84 3616 84676 1110 467 1305 29363 11495 53915 62673 44632
internal_value=-4.724e-13 0.000172327 -0.0020522 -0.00591669 0.000625226 -0.00131128 -0.000799954 0.00164356 0.0077269 0.0175094 0.00147226 0.0382125 -0.000186567 -0.00906181 -0.0912657 -0.000769791 0.00640827 -0.0507242 -0.0257467 -0.0408816 -0.0163954 0.00120776 -0.0159855 -0.0293336 8.23567e-05 0.00135634 0.000831946 0.000446077 0.00138961 3.25802e-05
internal_weight=586317 569232 96288 48960 472944 162992 157648 309952 20720 8081 12639 546 12093 5686 521 5165 4012 433 1153 253 5344 289232 2478 1577 137824 286754 257391 245896 191981 129308
internal_count=586317 569232 96288 48960 472944 162992 157648 309952 20720 8081 12639 546 12093 5686 521 5165 4012 433 1153 253 5344 289232 2478 1577 137824 286754 257391 245896 191981 129308
is_linear=0
shrinkage=0.05


Tree=111
num_leaves=31
num_cat=0
split_feature=1 10 10 11 9 10 10 11 11 10 3 12 10 10 11 3 9 5 12 0 11 10 11 2 11 5 5 9 10 10
split_gain=224.211 213.752 452.525 207.427 235.055 210.608 462.016 526.304 447.666 445.733 448.994 444.107 385.821 817.425 682.554 614.646 658.918 523.326 510.391 503.916 483.119 477.436 468.483 1449.05 914.481 509.29 507.219 847.974 605.102 758.824
threshold=43.429134368896491 0.54883790016174328 0.51973900198936474 0.9969642460346223 32.258962631225593 1.0000000180025095e-35 0.098819226026535048 -0.99049577116966236 -0.98798605799674977 -0.09881922602653502 31.891805648803714 15.750000000000002 -0.21772121638059613 -0.32533907890319819 -0.88603779673576344 33.261857986450202 33.009521484375007 31.233236312866214 16.750000000000004 5.1058669090271005 -0.92260536551475514 -0.10738035291433333 -0.69014781713485707 0.47809980809688574 -0.63872575759887684 26.495076179504398 27.854860305786136 30.567624092102054 -0.49002411961555475 -0.61188074946403492
decision_type=2 2 2 2 2 2 2 2 2 2 2 2 2 2 2 2 2 2 2 2 2 2 2 2 2 2 2 2 2 2
left_child=3 2 -2 5 -5 8 -7 -8 9 10 11 -1 13 14 20 16 21 -18 -17 -15 -10 -14 23 -16 25 -24 -25 28 29 -28
right_child=1 -3 -4 4 -6 6 7 -9 12 -11 -12 -13 15 19 22 18 17 -19 -20 -21 -22 -23 24 26 -26 -27 27 -29 -30 -31
leaf_value=-0.0074558998072819255 0.032196087197656612 0.021941832528808575 -0.088563343067981415 -0.0045373064229760609 -0.033174144962832018 0.010978133551849137 -0.019466070229042381 0.00088120790149557758 0.00021941818956283944 -0.00323481718559447 -0.0057495719969839288 -0.051443451830006232 0.010686167179847633 -0.014147593517108882 0.0047079193971850571 0.017177237385891667 -0.087548843891342071 -0.011741861794231791 0.08752826781307077 0.0056961929180708538 0.018604278364396331 -0.010703996468473816 -0.029107071254346802 -0.037002697929402938 -0.00050305537597532572 0.022825865597089282 -0.0090837012233264437 -0.021661989865027431 -0.050682651245761046 0.036328670457003824
leaf_weight=875 171 1938 142 13111 758 11256 3216 269501 6432 9648 2282 1667 13815 16961 14807 722 314 828 401 3943 8040 3216 513 2656 180096 5919 1958 8970 426 1735
leaf_count=875 171 1938 142 13111 758 11256 3216 269501 6432 9648 2282 1667 13815 16961 14807 722 314 828 401 3943 8040 3216 513 2656 180096 5919 1958 8970 426 1735
internal_value=-3.43706e-13 0.0157498 -0.0225893 -6.07e-05 -0.00610243 8.62541e-05 0.00105099 0.000641264 -0.000870897 -0.00943962 -0.0218492 -0.0363022 -0.000414574 -0.00093543 -8.05767e-05 0.00639996 0.00418163 -0.0325855 0.0422981 -0.0104046 0.0104332 0.00664702 -0.000781497 -0.0065208 0.000158561 0.0186838 -0.0170806 -0.013038 0.00574255 0.0122514
internal_weight=586317 2251 313 584066 13869 570197 283973 272717 286224 14472 4824 2542 271752 252456 231552 19296 18173 1142 1123 20904 14472 17031 217080 30552 186528 6432 15745 13089 4119 3693
internal_count=586317 2251 313 584066 13869 570197 283973 272717 286224 14472 4824 2542 271752 252456 231552 19296 18173 1142 1123 20904 14472 17031 217080 30552 186528 6432 15745 13089 4119 3693
is_linear=0
shrinkage=0.05


Tree=112
num_leaves=31
num_cat=0
split_feature=13 0 13 12 13 11 1 10 11 3 7 13 12 13 11 10 1 11 9 10 10 9 0 11 10 3 10 11 11 1
split_gain=207.262 292.364 297.692 278.704 552.886 426.735 305.408 299.412 682.915 526.831 441.694 312.914 305.562 550.048 515.046 427.689 359.157 488.588 302.422 923.583 780.846 716.734 647.208 514.851 422.466 533.958 490.601 416.744 461.586 541.71
threshold=81.750000000000014 0.33117501437664038 83.250000000000014 14.250000000000002 79.250000000000014 -0.14153505116701123 33.885679244995124 0.6186656951904298 -0.73829901218414296 35.987430572509773 27.544954299926761 78.750000000000014 17.250000000000004 77.250000000000014 0.064506059512496008 -0.72660079598426808 31.396285057067875 -0.51235243678092945 31.437306404113773 0.5772862732410432 -0.50495636463165272 29.467936515808109 0.18244308978319171 0.99164059758186351 -0.59817537665367115 30.679615020751957 -0.57728627324104298 -0.99626126885414112 -0.99049577116966236 30.774036407470707
decision_type=2 2 2 2 2 2 2 2 2 2 2 2 2 2 2 2 2 2 2 2 2 2 2 2 2 2 2 2 2 2
left_child=3 -2 -3 4 -1 6 -6 12 9 11 -10 -9 13 14 -5 -14 17 -15 19 23 22 -21 24 27 -20 26 -26 -17 29 -29
right_child=1 2 -4 7 5 -7 -8 8 10 -11 -12 -13 15 16 -16 18 -18 -19 20 21 -22 -23 -24 -25 25 -27 -28 28 -30 -31
leaf_value=-0.0032519649280673513 -0.0044627808826371591 -0.0018881072704631686 0.0090926262924210886 -0.0086842738281269847 0.030576710298730166 -0.0009026628964665499 0.0086601052778066522 0.042495314278276242 0.073737371168721658 0.015977306197354883 0.0023288246101918152 0.12167079428896554 0.0023850628052697084 0.021850976318378467 0.0030591434143289811 0.02918334733484584 0.0017154691299749705 0.0056035588041694565 0.0018273727498752468 -0.14745826095366363 -0.0032087408082359307 -0.030329856443317923 -0.039026196977699774 -0.012183872681588796 -0.16190388751327991 -0.01497460264948286 -0.04136624041308936 -0.095865402692033225 0.0018021388037050994 0.011921037640256276
leaf_weight=102095 54266 18023 9387 19296 1946 12712 8678 397 217 3581 104823 182 50688 5623 18090 1379 51330 26127 3132 157 36999 777 2950 7304 125 1615 260 262 43686 210
leaf_count=102095 54266 18023 9387 19296 1946 12712 8678 397 217 3581 104823 182 50688 5623 18090 1379 51330 26127 3132 157 36999 777 2950 7304 125 1615 260 262 43686 210
internal_value=1.52066e-12 -0.00233672 0.00187242 0.000378198 -0.00166489 0.00527854 0.0126746 0.00105399 0.00326323 0.0231321 0.00247635 0.0673829 0.000160508 0.00203456 -0.00300198 -0.00134915 0.004301 0.00848101 -0.00326385 -0.000731743 -0.00628427 -0.0500185 -0.0203639 0.000139432 -0.00963637 -0.0275886 -0.0805018 0.00211605 0.00127078 -0.0479096
internal_weight=586317 81676 27410 504641 125431 23336 10624 379210 109200 4160 105040 579 270010 120466 37386 149544 83080 31750 98856 53775 45081 934 8082 52841 5132 2000 385 45537 44158 472
internal_count=586317 81676 27410 504641 125431 23336 10624 379210 109200 4160 105040 579 270010 120466 37386 149544 83080 31750 98856 53775 45081 934 8082 52841 5132 2000 385 45537 44158 472
is_linear=0
shrinkage=0.05


Tree=113
num_leaves=31
num_cat=0
split_feature=9 10 1 11 12 10 11 9 10 10 11 13 3 10 10 10 11 11 10 10 9 3 11 3 5 7 5 3 10 10
split_gain=204.003 212.547 197.316 362.783 522.929 309.163 246.19 242.696 210.297 261.962 298.971 190.657 226.618 206.375 270.912 186.679 451.664 548.128 337.371 498.686 251.246 246.381 303.113 269.492 668.126 486.034 298.629 234.834 400.466 343.524
threshold=42.863233566284187 0.56314551830291759 25.505497932434086 0.88999459147453319 14.750000000000002 0.18399664759635928 0.88201534748077404 27.16437911987305 -0.16705007851123807 -0.63874351978301991 -0.71464690566062916 77.750000000000014 43.408536911010749 0.49002411961555487 0.53436762094497692 0.96460527181625377 -0.12447465583682059 0.047319635748863227 0.94417876005172741 0.9259161949157716 41.532588958740241 39.852291107177741 0.30080866813659674 35.304443359375007 34.491258621215827 34.934379577636726 34.551334381103523 29.048268318176273 0.63209757208824169 0.56314551830291759
decision_type=2 2 2 2 2 2 2 2 2 2 2 2 2 2 2 2 2 2 2 2 2 2 2 2 2 2 2 2 2 2
left_child=2 11 3 4 -1 -5 8 -7 9 10 -6 12 13 -2 -15 18 -17 -18 19 27 21 22 -20 26 -25 -26 -24 28 29 -4
right_child=1 -3 15 5 6 7 -8 -9 -10 -11 -12 -13 -14 14 -16 16 17 -19 20 -21 -22 -23 23 24 25 -27 -28 -29 -30 -31
leaf_value=-0.015575349808200054 -0.0090712470061603996 0.018217833837524906 0.002085940377064398 -0.017091461129368841 -0.11994323655962945 -0.011329634864614491 0.093798838779366636 -0.095597075765901735 -0.036401400899571112 0.050068685343971499 0.0154054674593556 0.0066738207753244093 0.021732379960326051 -0.14241925210797421 -0.011499827810375937 0.011002818551166115 -0.0068218364501935582 0.0054586001508539908 -0.0014669888861940344 0.011291436955704991 0.026785312849729515 -0.028206471389513599 -0.021218672565971049 -0.16816259482028811 -0.085668342006919321 -0.013108878426868581 0.024211664489938584 -0.00073606309244535055 0.029775871595987498 -0.042582598646501019
leaf_weight=1799 126 3010 72278 1427 51 128 128 257 141 527 204 1006 130 106 63 12848 16073 20904 7446 9470 490 1572 1025 88 283 1251 559 431190 1304 433
leaf_count=1799 126 3010 72278 1427 51 128 128 257 141 527 204 1006 130 106 63 12848 16073 20904 7446 9470 490 1572 1025 88 283 1251 559 431190 1304 433
internal_value=-2.84417e-12 0.0106757 -8.14793e-05 -0.0103266 0.00079488 -0.0278191 0.0288159 -0.0675809 0.0198041 0.0299384 -0.0116643 -0.00518856 -0.0332675 -0.0575048 -0.093615 1.26799e-06 0.00292671 0.000120594 -0.000275113 -7.63512e-05 -0.00832118 -0.00972842 -0.00700147 -0.0198554 -0.034181 -0.026495 -0.00518612 -0.000289439 0.00231246 0.00181994
internal_weight=586317 4441 581876 4662 2850 1812 1051 385 923 782 255 1431 425 295 169 577214 49825 36977 527389 514675 12714 12224 10652 3206 1622 1534 1584 505205 74015 72711
internal_count=586317 4441 581876 4662 2850 1812 1051 385 923 782 255 1431 425 295 169 577214 49825 36977 527389 514675 12714 12224 10652 3206 1622 1534 1584 505205 74015 72711
is_linear=0
shrinkage=0.05


Tree=114
num_leaves=31
num_cat=0
split_feature=13 13 12 11 11 12 9 10 11 5 1 9 11 10 7 1 11 10 3 2 10 10 9 6 11 10 3 3 1 6
split_gain=191.674 343.929 628.359 369.51 383.864 325.036 574.468 562.042 562.087 382.716 375.27 350.38 307.082 286.602 277.874 333.238 272.595 624.912 497.518 453.784 263.075 279.067 243.713 393.532 283.385 249.402 461.298 356.748 337.253 269.654
threshold=80.250000000000014 78.250000000000014 15.250000000000002 -0.62538740038871754 -0.66483077406883229 15.750000000000002 33.354404449462898 -0.62540480494499195 -0.81401595473289479 30.802190780639652 32.697250366210945 30.277338027954105 -0.58427652716636647 0.69636976718902599 37.071052551269538 37.43890571594239 -0.66483077406883229 -0.63874351978301991 28.796261787414554 16.868514060974125 -0.69016700983047474 -0.63874351978301991 30.882817268371586 0.4748345166444779 -0.99937036633491505 -0.012910176534205673 34.096069335937507 38.262666702270515 28.242001533508304 3.7516813278198247
decision_type=2 2 2 2 2 2 2 2 2 2 2 2 2 2 2 2 2 2 2 2 2 2 2 2 2 2 2 2 2 2
left_child=1 2 -1 4 5 6 10 9 -9 20 -3 -10 14 -12 15 -5 17 19 -18 -4 -7 -22 23 -19 -25 29 28 -28 -27 -24
right_child=-2 3 16 12 -6 7 -8 8 11 -11 13 -13 -14 -15 -16 -17 18 22 -20 -21 21 -23 25 24 -26 26 27 -29 -30 -31
leaf_value=-0.0037194152517457842 -0.0015710452984860146 0.040342291125353369 -0.017131715068051365 -0.0084142587001359275 0.022468596954181845 -0.022691252920671125 0.0048276155041830802 -0.00021019434454549329 0.085947927063766957 -0.0062029354668812721 0.015234243793769107 0.016252240218365258 0.0010846268690267722 -0.075884566474915219 -0.032185963788166801 0.06981025359316452 0.015463187728061942 0.025291655078630449 0.0017913586314463889 -0.086452883775859315 -0.097833251398465826 -0.0089962166415328993 -0.0043153789168766041 0.063818708721219627 -0.0018119484592976421 0.14273308693245054 -0.013158292484947508 0.00289107651415383 0.012254621184159101 -0.024812407491363431
leaf_weight=102095 145850 2053 3346 1700 3168 607 18535 20736 188 1830 2843 4420 134442 89 1320 148 7131 2259 99519 254 321 122 6505 170 5062 50 5964 8255 5205 2130
leaf_count=102095 145850 2053 3346 1700 3168 607 18535 20736 188 1830 2843 4420 134442 89 1320 148 7131 2259 99519 254 321 122 6505 170 5062 50 5964 8255 5205 2130
internal_value=-1.53974e-12 0.000520214 -0.000710934 0.00210578 0.00557342 0.00453903 0.00888009 0.000921469 0.00329997 -0.0200094 0.0239478 0.0190957 0.000722052 0.0124684 -0.0146647 -0.00214953 0.001395 -0.00217043 0.00270551 -0.0220227 -0.044072 -0.073368 -0.000162901 0.00785088 0.000320546 -0.00229856 0.000837616 -0.00384065 0.0134961 -0.00937139
internal_weight=586317 440467 247945 192522 54912 51744 23520 28224 25344 2880 4985 4608 137610 2932 3168 1848 145850 39200 106650 3600 1050 443 35600 7491 5232 28109 19474 14219 5255 8635
internal_count=586317 440467 247945 192522 54912 51744 23520 28224 25344 2880 4985 4608 137610 2932 3168 1848 145850 39200 106650 3600 1050 443 35600 7491 5232 28109 19474 14219 5255 8635
is_linear=0
shrinkage=0.05


Tree=115
num_leaves=31
num_cat=0
split_feature=10 10 8 10 10 10 11 2 10 3 9 1 10 7 1 12 11 4 11 2 5 10 11 10 10 12 12 3 9 11
split_gain=184.719 209.335 470.162 461.361 524.854 636.095 624.347 468.609 437.084 403.956 403.198 718.157 361.78 381.85 446.856 537.295 361.334 1340.48 833.047 758.023 443.423 379.951 375.76 374.633 368.698 379.755 365.239 714.031 506.244 596.073
threshold=-0.99984258413314808 -0.021515898406505581 0.55960154533386242 -0.1330134719610214 -0.20931270718574521 -0.32533907890319819 -0.88603779673576344 4.826845884323121 -0.38168568909168238 30.056553840637211 31.685454368591312 29.54171180725098 -0.25118774175643915 27.020131111145023 28.015341758728031 16.750000000000004 -0.69014781713485707 8.5783624649047869 -0.63872575759887684 0.47809980809688574 26.874595642089847 -0.49002411961555475 -0.67758968472480763 -0.61188074946403492 -0.63874351978301991 16.250000000000004 15.250000000000002 30.32827186584473 31.777683258056644 -0.19244445115327832
decision_type=2 2 2 2 2 2 2 2 2 2 2 2 2 2 2 2 2 2 2 2 2 2 2 2 2 2 2 2 2 2
left_child=-1 3 -3 4 5 6 8 12 -2 -9 -10 -12 13 -7 15 -15 17 19 20 23 22 24 -18 -8 25 -19 -20 -28 -29 -30
right_child=1 2 -4 -5 -6 7 16 9 10 -11 11 -13 -14 14 -16 -17 18 21 26 -21 -22 -23 -24 -25 -26 -27 27 28 29 -31
leaf_value=0.011950135559161048 0.017602353879344054 7.2330053899692591e-05 0.0058635638680880967 -0.0082975105582402744 0.008781722337480917 0.018757999312438517 -0.0014556379973984929 0.016598054799717443 -0.010253046151752728 -0.013570311329456875 0.06696122831054345 0.0019682650750787864 -0.0029413713420007098 -0.015385883123060454 -0.016129374592024317 -0.075117410752629885 -0.071760892191941442 0.0002245468616888552 -0.004146358415479316 -0.010563139809930705 0.02211314633635585 -0.066897975078674857 0.0065181649248844814 0.015119574323265276 -0.012898260944986126 -0.051730524388260937 0.0071095312156452279 -0.0053482685544751383 -0.0074296907201179515 0.0054924099457664376
leaf_weight=3216 8040 256897 40583 20301 14472 669 6657 2893 3815 1800 534 2083 6169 748 9475 758 235 453 53680 11101 5756 555 441 6987 3226 1573 32840 43913 12051 34396
leaf_count=3216 8040 256897 40583 20301 14472 669 6657 2893 3815 1800 534 2083 6169 748 9475 758 235 453 53680 11101 5756 555 441 6987 3226 1573 32840 43913 12051 34396
internal_value=1.42341e-12 -6.59091e-05 0.000862385 -0.00103275 -0.000476882 -0.00101103 -0.000220453 -0.00902976 0.00983034 0.00502698 0.000115333 0.0152301 -0.0127319 -0.0179163 -0.0201506 -0.04545 -0.000900582 -0.00593479 -6.15471e-05 -0.00086123 0.0176141 -0.0275544 -0.0206942 0.00703242 -0.0233968 -0.0401137 -0.000704298 0.000795456 -0.0014993 0.00213968
internal_weight=586317 583101 297480 285621 265320 250848 228336 22512 14472 4693 6432 2617 17819 11650 10981 1506 213864 30552 183312 24745 6432 5807 676 13644 5252 2026 176880 123200 90360 46447
internal_count=586317 583101 297480 285621 265320 250848 228336 22512 14472 4693 6432 2617 17819 11650 10981 1506 213864 30552 183312 24745 6432 5807 676 13644 5252 2026 176880 123200 90360 46447
is_linear=0
shrinkage=0.05


Tree=116
num_leaves=31
num_cat=0
split_feature=1 10 10 1 11 12 10 9 11 10 3 4 10 10 11 11 7 10 10 9 12 1 3 10 10 9 12 10 1 9
split_gain=181.476 185.707 411.285 173.009 334.237 470.854 281.593 220.96 219.475 191.5 232.363 242.472 166.357 167.962 394.994 492.522 313.276 287.004 446.437 269.603 229.539 275.861 224.644 361.591 311.505 441.222 803.054 325.637 400.775 325.063
threshold=43.429134368896491 0.54883790016174328 0.51973900198936474 25.505497932434086 0.88999459147453319 14.750000000000002 0.18399664759635928 27.834531784057621 0.88201534748077404 -0.16705007851123807 28.381040573120121 2.4901087284088139 -0.99984258413314808 0.96460527181625377 -0.12447465583682059 -0.05591491982340812 42.092353820800788 0.94417876005172741 0.91927745938301098 41.532588958740241 16.750000000000004 30.774036407470707 29.801715850830082 0.64534214138984691 0.56314551830291759 28.799597740173343 17.250000000000004 0.28435654938220983 31.961493492126468 26.860345840454105
decision_type=2 2 2 2 2 2 2 2 2 2 2 2 2 2 2 2 2 2 2 2 2 2 2 2 2 2 2 2 2 2
left_child=3 2 -2 4 5 -1 -6 -8 9 10 -7 -12 -5 17 16 -16 -15 18 22 20 -19 -22 23 24 27 26 -26 29 -29 -14
right_child=1 -3 -4 12 6 8 7 -9 -10 -11 11 -13 13 14 15 -17 -18 19 -20 -21 21 -23 -24 -25 25 -27 -28 28 -30 -31
leaf_value=-0.014506872978974914 0.030663452853519492 0.019941120795482006 -0.084462055611804546 0.011364620581581933 -0.016200142089153626 0.043250723976076995 -0.014556866717782427 -0.09318037066440725 0.088972063125402207 -0.034527560710784791 0.015455606484358184 -0.11528196306526661 -0.00772844351137393 0.011143096093054224 -0.012460944638284597 0.0027619377784510513 -0.062519500772022216 -0.0018018617272330603 0.0091127318590175903 0.026378582759030367 0.077321202920961993 -0.016674396981720813 -0.00093256730848605791 0.021329617370112589 0.026072526122486103 -0.0073596791598260457 -0.14819410715606951 0.011287787947772236 -0.081419637305188489 0.0015750439422048156
leaf_weight=1799 171 1938 142 3215 1427 610 141 244 128 141 122 50 10465 12660 6432 30552 146 5601 12770 555 79 6544 385853 2273 109 890 168 9664 118 91310
leaf_count=1799 171 1938 142 3215 1427 610 141 244 128 141 122 50 10465 12660 6432 30552 146 5601 12770 555 79 6544 385853 2273 109 890 168 9664 118 91310
internal_value=-1.92833e-12 0.0141696 -0.021566 -5.46098e-05 -0.00964812 0.00102688 -0.0264383 -0.0643858 0.027616 0.0191073 0.028778 -0.0225495 2.25815e-05 -4.07045e-05 0.00273504 0.00011448 0.0103033 -0.000303251 -0.000119096 -0.00770491 -0.00925238 -0.0155532 -0.000354477 0.00158521 0.00118708 -0.0245114 -0.0796199 0.00145591 0.0101695 0.000618414
internal_weight=586317 2251 313 584066 4662 2850 1812 385 1051 923 782 172 579404 576189 49790 36984 12806 526399 513620 12779 12224 6623 500850 114997 112724 1167 277 111557 9782 101775
internal_count=586317 2251 313 584066 4662 2850 1812 385 1051 923 782 172 579404 576189 49790 36984 12806 526399 513620 12779 12224 6623 500850 114997 112724 1167 277 111557 9782 101775
is_linear=0
shrinkage=0.05


Tree=117
num_leaves=31
num_cat=0
split_feature=13 0 3 13 12 11 11 10 10 5 3 9 5 9 11 12 10 10 9 10 3 9 1 3 11 9 11 13 10 6
split_gain=174.356 275.126 266.618 236.153 539.825 535.931 290.917 555.465 403.326 325.02 299.848 301.848 285.413 258.22 314.794 250.043 243.945 400.317 380.863 313.264 269.95 255.631 234.67 230.146 229.527 240.883 228.272 269.303 222.707 291.594
threshold=81.750000000000014 5.0105254650115976 31.731999397277836 77.250000000000014 15.750000000000002 -0.42108526825904841 0.41326330602169042 -0.86958134174346913 -0.82391539216041554 27.944066047668461 30.962021827697757 30.629525184631351 25.516271591186527 27.418050765991214 0.99962961673736583 19.750000000000004 -0.74981945753097523 -0.70252096652984608 28.083243370056156 -0.79356426000595082 28.315699577331547 31.498968124389652 30.062276840209964 36.817195892333991 0.33345642685890203 42.44030952453614 0.47493347525596624 83.250000000000014 -0.24284747242927548 1.0000000180025095e-35
decision_type=2 2 2 2 2 2 2 2 2 2 2 2 2 2 2 2 2 2 2 2 2 2 2 2 2 2 2 2 2 2
left_child=3 -2 26 4 5 22 12 10 -9 13 11 -8 -5 14 -10 16 19 18 -18 -11 -21 -20 -1 28 25 -14 27 -3 -19 -30
right_child=1 2 -4 6 -6 -7 7 8 9 15 -12 -13 24 -15 -16 -17 17 23 21 20 -22 -23 -24 -25 -26 -27 -28 -29 29 -31
leaf_value=-0.005908417482097774 -0.0034734399287699811 0.006646207812588522 -0.0033937117762546688 -0.042112068278500094 0.0015136421613117989 -0.0012252345400019158 -0.014103837158811623 0.013893708627964041 0.0007852546479817686 0.0025217767497498393 -0.010985839024015912 -0.068266106335188689 0.0015982212385799645 0.014855922391609733 -0.069710084047547721 -0.010233970990878111 -0.10610070775353141 -0.0046198635160801483 0.0065117356807507416 -0.13569677934050559 -0.01867757222190115 0.034474648124254235 -0.015565664651346303 -0.023841377633241456 0.0096990172285397226 0.012498573352107432 -0.018544534905672524 0.027883148211800046 0.00031903313524445152 0.019487500481187109
leaf_weight=13745 67494 5057 6380 364 78759 44664 511 4880 3061 2619 3851 518 211116 5666 167 7645 62 25055 1833 50 3443 1475 11599 1077 9759 5193 627 2118 65483 2046
leaf_count=13745 67494 5057 6380 364 78759 44664 511 4880 3061 2619 3851 518 211116 5666 167 7645 62 25055 1833 50 3443 1475 11599 1077 9759 5193 627 2118 65483 2046
internal_value=2.48481e-12 -0.00214322 0.0041875 0.000346879 -0.00132602 -0.00452064 0.00104621 -0.00084456 -0.000196257 -0.000770771 -0.0173925 -0.0413692 0.00212708 0.00842543 -0.00286181 -0.00150904 -0.000862341 -0.000252057 0.0166789 -0.0105509 -0.0203526 0.0189801 -0.0103282 -0.000861246 0.00219831 0.00185991 0.0103869 0.0129152 -0.000593926 0.000899801
internal_weight=586317 81676 14182 504641 148767 70008 355874 129442 124562 119682 4880 1029 226432 8894 3228 110788 103143 97031 3370 6112 3493 3308 25344 93661 226068 216309 7802 7175 92584 67529
internal_count=586317 81676 14182 504641 148767 70008 355874 129442 124562 119682 4880 1029 226432 8894 3228 110788 103143 97031 3370 6112 3493 3308 25344 93661 226068 216309 7802 7175 92584 67529
is_linear=0
shrinkage=0.05


Tree=118
num_leaves=31
num_cat=0
split_feature=11 9 9 5 10 10 10 11 11 10 3 12 1 7 5 12 10 5 12 10 3 8 9 12 10 10 3 9 11 12
split_gain=169.154 216.776 196.719 212.637 195.009 177.226 397.793 476.702 375.339 398.344 388.217 397.623 363.639 1215.97 655.108 719.255 435.351 348.254 977.758 762.551 388.506 345.072 318.248 391.069 317.881 673.974 548.748 595.521 542.933 470.397
threshold=0.9969642460346223 32.258962631225593 29.92817306518555 27.428091049194339 1.0000000180025095e-35 1.0000000180025095e-35 0.098819226026535048 -0.99049577116966236 -0.98798605799674977 -0.09881922602653502 31.891805648803714 15.250000000000002 32.809226989746101 33.591936111450202 32.886943817138679 16.750000000000004 -0.064507851377129541 33.833974838256843 17.250000000000004 0.030120026320219043 34.323110580444343 3.0847325325012211 31.036746978759769 15.250000000000002 -0.21772121638059613 -0.32533907890319819 33.261857986450202 33.009521484375007 -0.88603779673576344 16.750000000000004
decision_type=2 2 2 2 2 2 2 2 2 2 2 2 2 2 2 2 2 2 2 2 2 2 2 2 2 2 2 2 2 2
left_child=5 2 -2 -4 -3 8 17 -8 9 10 11 -1 13 22 -14 -16 -15 -7 -19 20 -20 -9 23 -11 25 28 27 -26 -10 -28
right_child=1 4 3 -5 -6 6 7 21 24 12 -12 -13 14 16 15 -17 -18 18 19 -21 -22 -23 -24 -25 26 -27 29 -29 -30 -31
leaf_value=-0.0042880965342021616 -0.0086467162696902463 0.024029074738880548 0.1036402998386689 0.0029385082744234391 -0.043046175796091872 0.01601795011041655 -0.018502492759883544 0.0003632239869004962 0.009350730938286457 -0.015586094748488528 -0.0053546186028202774 -0.047031005165877486 0.025395730473126588 0.082871791918968415 -0.0041735956254340392 -0.053053020262463717 0.023280601168761596 0.020300677567243894 -0.0098538091487396489 -0.053722246248716347 0.099355259403013263 0.0072349154466106284 -0.019644076424037926 0.026931115302988001 0.0061035164708246126 -0.0094007265277645663 0.015658406526852565 -0.031193882167992151 -0.00065141936063441955 0.083196922321049069
leaf_weight=789 8260 131 53 4798 627 7850 3216 252055 14472 1021 2282 1753 812 537 1758 1316 714 1930 218 1128 130 19697 2340 1150 17031 20904 722 1142 217080 401
leaf_count=789 8260 131 53 4798 627 7850 3216 252055 14472 1021 2282 1753 812 537 1758 1316 714 1930 218 1128 130 19697 2340 1150 17031 20904 722 1142 217080 401
internal_value=-6.45795e-12 -0.00545621 -0.00395317 0.00403873 -0.031454 0.00013219 0.00101195 0.000634818 -0.000747572 -0.00859361 -0.020325 -0.0337642 -0.00272791 0.00524379 -0.014548 -0.0250992 0.0488605 0.0102248 -0.00312693 -0.0337606 0.0309427 0.000861295 -0.00685209 0.00693569 -0.000329735 -0.000802513 0.00585577 0.00375973 -2.6285e-05 0.039775
internal_weight=586317 13869 13111 4851 758 572448 286224 274968 286224 14472 4824 2542 9648 5762 3886 3074 1251 11256 3406 1476 348 271752 4511 2171 271752 252456 19296 18173 231552 1123
internal_count=586317 13869 13111 4851 758 572448 286224 274968 286224 14472 4824 2542 9648 5762 3886 3074 1251 11256 3406 1476 348 271752 4511 2171 271752 252456 19296 18173 231552 1123
is_linear=0
shrinkage=0.05


Tree=119
num_leaves=31
num_cat=0
split_feature=13 13 12 11 10 9 10 10 3 10 11 10 3 3 11 3 11 11 11 10 9 12 3 7 11 11 10 10 7 11
split_gain=164.22 304.513 486.679 360.854 313.966 322.197 478.429 363.262 283.361 363.027 472.032 698.93 268.561 251.278 343.096 244.413 482.365 441.758 385.605 546.317 432.981 380.834 369.178 348.048 362.265 418.7 650.501 1016.32 451.992 359.475
threshold=80.250000000000014 78.750000000000014 15.250000000000002 -0.62538740038871754 0.60505047440528881 32.099849700927741 0.5772862732410432 -0.97873103618621815 30.391736030578617 -0.055916473269462579 0.80898702144622814 -0.55601230263710011 32.658649444580085 30.229525566101078 0.9549313783645631 30.32827186584473 -0.98518359661102284 -0.98518359661102284 -0.9412824511528014 -0.23448921740055081 25.493625640869144 16.750000000000004 31.387905120849613 32.096586227416999 -0.95744973421096791 -0.66483077406883229 -0.63874351978301991 -0.67760851979255665 30.068468093872074 -0.51235243678092945
decision_type=2 2 2 2 2 2 2 2 2 2 2 2 2 2 2 2 2 2 2 2 2 2 2 2 2 2 2 2 2 2
left_child=1 2 -1 -3 5 6 15 -7 9 10 -9 -12 -8 14 -5 16 -4 22 19 20 -19 -22 -17 24 -18 26 27 28 -26 -27
right_child=-2 3 4 13 -6 7 12 8 -10 -11 11 -13 -14 -15 -16 17 23 18 -20 -21 21 -23 -24 -25 25 29 -28 -29 -30 -31
leaf_value=-0.0028466677933506983 -0.0014541865714854053 0.0063553503537076353 -0.035342058598578044 0.011845751713517857 0.0045482239675467551 0.01115232020937783 -0.066675730234571046 -0.021805438275662038 -0.0035209955042249511 0.015730863421824587 -0.26354018403034585 -0.035700229692950169 0.024953843837622371 -0.00039124559935912534 -0.0017482009152041422 -0.021451238732775699 0.032463575570972875 0.089809116832195571 -0.00025988221521529477 0.005696747959178663 -0.011995293656746819 -0.081850556996856894 0.031675603553592911 -0.02907341640009712 -0.033060864095929308 0.032868098562959434 0.0041688061369014968 -0.11521165277630946 0.039778721940277491 0.00740944252199131
leaf_weight=122514 145850 40768 701 10777 51360 3961 384 2461 40170 612 51 99 101 83235 8153 401 1377 52 41127 813 292 588 1772 668 766 1482 3643 314 295 21530
leaf_count=122514 145850 40768 701 10777 51360 3961 384 2461 40170 612 51 99 101 83235 8153 401 1377 52 41127 813 292 588 1772 668 766 1482 3643 314 295 21530
internal_value=-9.96726e-13 0.000481519 -0.000429682 0.0023783 0.00126221 -0.000102581 0.00190797 -0.00334237 -0.00466548 -0.0189298 -0.027054 -0.113166 -0.0475941 0.000791301 0.00599094 0.00222462 0.00565905 -0.000121882 -0.00123664 -0.0242574 -0.050387 -0.0586713 0.0218717 0.00661472 0.0074254 0.00619538 -0.00689107 -0.0361937 -0.0128086 0.00904901
internal_weight=586317 440467 297534 142933 175020 123660 76306 47354 43393 3223 2611 150 485 102165 18930 75821 30776 45045 42872 1745 932 880 2173 30075 29407 28030 5018 1375 1061 23012
internal_count=586317 440467 297534 142933 175020 123660 76306 47354 43393 3223 2611 150 485 102165 18930 75821 30776 45045 42872 1745 932 880 2173 30075 29407 28030 5018 1375 1061 23012
is_linear=0
shrinkage=0.05


Tree=120
num_leaves=31
num_cat=0
split_feature=0 1 11 13 10 9 13 13 12 11 10 11 3 10 11 2 9 10 7 7 3 5 9 5 11 10 3 10 11 10
split_gain=160.86 192.934 275.019 394.375 244.006 201.016 164.298 238.199 391.928 383.118 304.119 339.991 394.486 360.513 343.798 397.765 307.157 373.999 450.461 296.431 278.701 274.158 269.059 414.399 392.699 617.709 361.067 359.929 308.311 407.292
threshold=62.201110839843757 25.505497932434086 0.88999459147453319 78.750000000000014 0.18399664759635928 27.834531784057621 80.250000000000014 79.250000000000014 14.750000000000002 -0.62538740038871754 0.60505047440528881 -0.09024826809763907 28.744065284729007 -0.92913278937339772 -0.42108526825904841 1.8815933465957644 33.052791595458991 0.5772862732410432 30.659249305725101 32.126644134521491 30.992472648620609 28.953827857971195 32.131294250488288 27.031892776489261 -0.93533331155776966 0.20088869333267215 34.943683624267585 1.0000000180025095e-35 -0.98518359661102284 -0.21772121638059613
decision_type=2 2 2 2 2 2 2 2 2 2 2 2 2 2 2 2 2 2 2 2 2 2 2 2 2 2 2 2 2 2
left_child=1 2 3 -1 -4 -6 7 8 -3 -9 11 13 19 -10 22 20 17 -14 -19 -13 -16 -12 23 28 25 26 27 -24 -15 -30
right_child=-2 6 4 -5 5 -7 -8 9 10 -11 21 12 16 14 15 -17 -18 18 -20 -21 -22 -23 24 -25 -26 -27 -28 -29 29 -31
leaf_value=-0.0092229643852773588 0.012033703097868569 -0.0024031598367407446 -0.015986741640512996 0.040988366805311094 -0.013704631187629405 -0.088866737451698041 -0.0014432411167026619 0.0078630954778330705 -0.011144558510939076 0.00072913723294441043 0.053011147961968187 0.015044044799733813 0.00033106898887361159 -0.10118087950993229 0.073929864155977146 -0.0081051588158709397 0.0095931691059469391 -0.10365795496316083 -0.013577253281084055 -0.066617929399738804 0.020885900803014838 0.0037789197264707524 -0.009628955858628099 0.0037570318339170288 -0.0094183105754535087 0.015901890293811075 -0.022182583811988919 0.0099856632127595605 -0.022642780768155079 0.0613662052383835
leaf_weight=2213 2764 120094 1385 475 141 241 143698 26305 10350 66136 284 6708 64611 111 382 734 9377 181 595 113 704 65603 5128 25204 19260 4938 2463 4300 1661 158
leaf_count=2213 2764 120094 1385 475 141 241 143698 26305 10350 66136 284 6708 64611 111 382 734 9377 181 595 113 704 65603 5128 25204 19260 4938 2463 4300 1661 158
internal_value=-2.8013e-13 -5.69977e-05 -0.0104224 -0.000350054 -0.0257447 -0.0611237 2.27434e-05 0.000506572 -0.000100593 0.00275918 0.00114018 -5.64282e-05 0.00218046 -0.00247703 -0.00109781 0.0203273 0.00113029 -8.33477e-05 -0.0345883 0.0136912 0.0395441 0.00399113 -0.00171457 0.00204715 -0.00454287 0.00103684 -0.00513621 -0.000682959 -0.0202823 -0.0153457
internal_weight=586317 583553 4455 2688 1767 382 579098 435400 342959 92441 222865 156978 81585 75393 65043 1820 74764 65387 776 6821 1086 65887 63223 27134 36089 16829 11891 9428 1930 1819
internal_count=586317 583553 4455 2688 1767 382 579098 435400 342959 92441 222865 156978 81585 75393 65043 1820 74764 65387 776 6821 1086 65887 63223 27134 36089 16829 11891 9428 1930 1819
is_linear=0
shrinkage=0.05


Tree=121
num_leaves=31
num_cat=0
split_feature=11 13 11 12 11 10 1 9 3 12 5 10 10 10 10 9 3 6 12 11 10 12 10 10 5 13 1 2 9 11
split_gain=156.617 170.863 478.86 453.159 268.638 417.709 316.252 469.346 317.473 285.927 309.423 264.792 343.089 285.086 1320.47 416.035 298.348 282.93 260.117 269.295 251.62 250.728 250.331 248.999 240.852 249.198 239.022 236.241 249.334 236.034
threshold=0.99548450112342846 76.750000000000014 -0.021515300963073965 17.250000000000004 0.41326330602169042 -0.8779519498348235 29.291071891784672 29.667792320251468 30.710352897644047 19.750000000000004 27.660520553588871 0.064507851377129569 0.081675637513399138 -0.69016700983047474 -0.63874351978301991 31.006347656250004 29.986152648925785 1.0000000180025095e-35 19.750000000000004 0.33345642685890203 -0.7721494436264037 15.750000000000002 0.64534214138984691 -0.70252096652984608 36.815366744995124 82.250000000000014 31.79950046539307 0.090418130159378066 32.391881942749031 0.76663044095039379
decision_type=2 2 2 2 2 2 2 2 2 2 2 2 2 2 2 2 2 2 2 2 2 2 2 2 2 2 2 2 2 2
left_child=1 2 3 -1 6 21 7 8 -3 10 22 13 -13 17 15 16 -15 23 19 -8 -10 27 26 -9 25 -12 -7 -6 -29 -11
right_child=-2 4 -4 -5 5 9 18 11 20 29 24 12 -14 14 -16 -17 -18 -19 -20 -21 -22 -23 -24 -25 -26 -27 -28 28 -30 -31
leaf_value=-0.0087977246806887153 -0.004716934999636181 0.0138213095072215 0.0018080487207860645 0.0012681500383195676 -0.021983554499581077 0.0083980691430473181 8.5578456843798739e-05 -0.0080531882020188836 0.0031179990400286282 0.00035275751369640289 0.00036151549925053693 0.11390565542366218 0.016416082273530887 -0.070550577491909891 -0.00048960193023034977 -0.11884606011001574 0.038957523109148379 0.014268486174393431 0.005410911118471029 0.0079224506914459866 0.081035174386477171 -0.007371900640755203 0.059684484870121957 0.10037228644198169 -0.022887719045335937 -0.0071175089477032221 -0.078418652079999457 -0.037884684846329036 -0.13333244108093473 -0.011991339428952009
leaf_weight=31680 17085 8364 47328 17280 1424 8827 246030 2726 153 6528 118973 108 549 192 5750 310 92 4586 29244 11473 321 3616 237 54 1195 12288 80 200 104 9520
leaf_count=31680 17085 8364 47328 17280 1424 8827 246030 2726 153 6528 118973 108 549 192 5750 310 92 4586 29244 11473 321 3616 237 54 1195 12288 80 200 104 9520
internal_value=-1.09933e-12 0.000141575 -0.00177828 -0.00524506 0.000532443 -0.00111084 0.00139658 0.00701092 0.0160773 -0.000644813 7.20431e-05 0.00143367 0.0324418 -5.22771e-05 -0.00782142 -0.0787944 -0.0350761 0.00663893 0.000942245 0.000434749 0.0558847 -0.0148587 0.00896779 -0.00594708 -0.000542068 -0.000338633 0.00761831 -0.0305255 -0.0705379 -0.00697001
internal_weight=586317 569232 96288 48960 472944 162992 309952 23205 8838 157648 141600 14367 657 13710 6344 594 284 7366 286747 257503 474 5344 9144 2780 132456 131261 8907 1728 304 16048
internal_count=586317 569232 96288 48960 472944 162992 309952 23205 8838 157648 141600 14367 657 13710 6344 594 284 7366 286747 257503 474 5344 9144 2780 132456 131261 8907 1728 304 16048
is_linear=0
shrinkage=0.05


Tree=122
num_leaves=31
num_cat=0
split_feature=10 10 8 10 10 10 11 0 3 10 3 12 3 9 3 9 0 9 10 10 5 1 1 12 7 1 3 11 4 11
split_gain=148.447 153.315 405.855 389.224 441.032 522.012 503.726 415.495 427.643 394.884 462.698 1199.82 1495.38 711.002 587.737 515.108 418.579 687.521 405.4 383.129 364.704 364.476 362.588 648.132 460.728 362.158 361.794 318.733 1215.55 737.493
threshold=-0.99984258413314808 -0.021515898406505581 0.55960154533386242 -0.1330134719610214 -0.20931270718574521 -0.32533907890319819 -0.88603779673576344 3.5040711164474492 29.048268318176273 -0.39753912389278406 32.34959793090821 17.250000000000004 33.589775085449226 28.910720825195316 28.245443344116214 32.425245285034187 12.705684185028078 32.560945510864265 -0.42888796329498285 -0.25118774175643915 32.523389816284187 29.882283210754398 28.514179229736332 17.250000000000004 27.752035140991214 31.23999118804932 29.363496780395511 -0.69014781713485707 6.1237576007843026 -0.63872575759887684
decision_type=2 2 2 2 2 2 2 2 2 2 2 2 2 2 2 2 2 2 2 2 2 2 2 2 2 2 2 2 2 2
left_child=-1 3 26 4 5 6 9 19 -9 16 13 25 15 -11 -15 20 -2 -18 -19 22 -13 -20 23 -7 -24 -12 -3 28 -8 -29
right_child=1 2 -4 -5 -6 7 27 8 -10 10 11 12 -14 14 -16 -17 17 18 21 -21 -22 -23 24 -25 -26 -27 -28 29 -30 -31
leaf_value=0.010712817933796685 0.023972615006855574 0.0060649723253542731 0.0053819341471738657 -0.0075591948437217686 0.0081112003215499315 -0.011433610985680555 2.8269379459920632e-05 0.021292400150814215 -0.0076137852344000147 -0.017642840657693646 0.092006856940376261 -0.0014471172615109634 -0.17959808237645605 0.059631374146624609 0.0111302326513652 0.029949582449094819 0.015369741475549188 -0.0025379405245901303 -0.16319943498399922 -0.0016112709423854355 -0.11461978994309903 -0.016408277945893428 0.032292246467706086 -0.06278433885577521 -0.015463299731269498 0.0012068599064681835 -0.00057933306295669283 0.016658779396779372 -0.023518327156533774 -0.00057704739535092476
leaf_weight=3216 5311 22450 40583 20301 14472 1389 23394 2151 3158 1776 120 120 218 769 3327 241 796 130 133 5927 175 62 538 1102 8247 1294 234447 6432 7158 176880
leaf_count=3216 5311 22450 40583 20301 14472 1389 23394 2151 3158 1776 120 120 218 769 3327 241 796 130 133 5927 175 62 538 1102 8247 1294 234447 6432 7158 176880
internal_value=-2.15918e-12 -5.90848e-05 0.000735346 -0.000886501 -0.000375938 -0.000865581 -0.000149397 -0.00812974 0.00409788 0.00887846 0.00149117 -0.0182491 -0.0691865 0.00877948 0.020236 -0.0242804 0.0181126 -0.00965072 -0.0709316 -0.0119033 -0.0685834 -0.116527 -0.0173131 -0.0341508 -0.0125387 0.00891266 1.30687e-06 -0.000760304 -0.00548844 2.77185e-05
internal_weight=586317 583101 297480 285621 265320 250848 228336 22512 5309 14472 8040 2168 754 5872 4096 536 6432 1121 325 17203 295 195 11276 2491 8785 1414 256897 213864 30552 183312
internal_count=586317 583101 297480 285621 265320 250848 228336 22512 5309 14472 8040 2168 754 5872 4096 536 6432 1121 325 17203 295 195 11276 2491 8785 1414 256897 213864 30552 183312
is_linear=0
shrinkage=0.05


Tree=123
num_leaves=31
num_cat=0
split_feature=9 10 13 3 10 10 3 10 5 10 10 11 11 10 10 10 1 1 9 9 3 11 1 5 10 3 7 3 3 1
split_gain=148.145 173.301 164.793 201.01 214.378 160.613 195.748 157.575 235.018 226.082 144.448 369.609 463.592 279.709 386.223 214.809 281.64 211.522 219.193 207.843 322.875 269.014 265.657 509.229 726.277 517.785 257.136 514.826 191.91 191.678
threshold=42.863233566284187 0.56314551830291759 78.250000000000014 43.408536911010749 0.50495636463165294 0.7440970540046693 42.42724800109864 0.49002411961555487 42.096481323242195 0.53436762094497692 0.96460527181625377 -0.12447465583682059 0.047319635748863227 0.94417876005172741 0.9259161949157716 0.99166813492774974 35.073339462280281 37.633964538574226 39.845390319824226 40.92570877075196 39.852291107177741 0.30080866813659674 37.083139419555671 36.72798156738282 0.94970905780792247 36.905250549316413 35.074180603027351 35.231376647949226 34.265270233154304 30.774036407470707
decision_type=2 2 2 2 2 2 2 2 2 2 2 2 2 2 2 2 2 2 2 2 2 2 2 2 2 2 2 2 2 2
left_child=10 2 3 7 -5 -3 -7 -2 -9 -10 13 -12 -13 14 -1 16 -14 -17 -19 20 21 29 26 24 -24 -26 27 -23 -16 -15
right_child=1 5 -4 4 -6 6 -8 8 9 -11 11 12 15 19 28 17 -18 18 -20 -21 -22 22 23 -25 25 -27 -28 -29 -30 -31
leaf_value=-0.00031696472833999827 -0.0095074610476376872 0.029335327867857475 0.0090047680058411243 0.10195773506054172 -0.0171155276438517 0.026277101375167561 -0.0079588234002727354 0.01622983869655352 -0.14276431696695499 -0.023944987182415303 0.0098106611220340045 -0.0064182309796475163 0.011696745465096652 0.063763622304291598 -0.0052295567913164132 0.0046822022741545028 -0.004186226239518343 0.026244634571279402 -0.012943706692359808 0.016741642722273135 -0.032650206905148374 -0.0083386287818334841 -0.23450462873299405 -0.015375706830113314 0.080830283402107087 -0.13084945922287614 0.0092089945253221086 -0.07359361794360135 0.013228249894203304 -0.0021494090744703844
leaf_weight=509867 179 1280 840 54 126 704 1026 57 113 62 12848 16073 4094 112 1721 4834 8770 2797 409 818 1318 1309 77 373 52 65 937 393 7749 7260
leaf_count=509867 179 1280 840 54 126 704 1026 57 113 62 12848 16073 4094 112 1721 4834 8770 2797 409 818 1318 1309 77 373 52 65 937 393 7749 7260
internal_value=2.60581e-12 0.00909751 -0.00522748 -0.0254561 0.0186065 0.0159078 0.00597302 -0.0447535 -0.0719477 -0.100668 -6.94341e-05 0.0025049 -3.35593e-05 -0.000310512 -0.000131137 0.00487559 0.000868569 0.0112868 0.0212452 -0.00763759 -0.00931396 -0.00640631 -0.0184974 -0.0495486 -0.115252 -0.0367696 -0.011826 -0.0234063 0.00987388 -0.00114802
internal_weight=586317 4441 1431 591 180 3010 1730 411 232 175 581876 49825 36977 532051 519337 20904 12864 8040 3206 12714 11896 10578 3206 567 194 117 2639 1702 9470 7372
internal_count=586317 4441 1431 591 180 3010 1730 411 232 175 581876 49825 36977 532051 519337 20904 12864 8040 3206 12714 11896 10578 3206 567 194 117 2639 1702 9470 7372
is_linear=0
shrinkage=0.05


Tree=124
num_leaves=31
num_cat=0
split_feature=1 10 10 0 1 11 13 10 9 10 10 13 10 2 11 10 11 10 7 3 9 5 11 11 10 1 12 7 10 9
split_gain=139.924 162.68 368.352 140.404 171.141 250.802 351.306 221.88 204.181 189.781 151.538 141.621 194.317 185.965 398.178 741.565 324.193 429.262 355.074 319.071 527.644 253.545 235.701 729.796 359.652 244.105 420.776 227.247 213.844 257.86
threshold=43.429134368896491 0.54883790016174328 0.51973900198936474 62.201110839843757 25.505497932434086 0.88999459147453319 78.750000000000014 -0.090250775218009935 27.917654037475589 0.047320950776338584 0.47494667768478399 81.250000000000014 -0.99984258413314808 12.996385574340822 -0.66483077406883229 -0.444374069571495 -0.98518359661102284 -0.08167563751339911 32.323551177978523 29.610710144042972 26.860345840454105 27.17766094207764 -0.9946339726448058 -0.99049577116966236 1.0000000180025095e-35 33.487640380859382 15.250000000000002 34.259464263916023 -0.030120026320219036 35.290496826171882
decision_type=2 2 2 2 2 2 2 2 2 2 2 2 2 2 2 2 2 2 2 2 2 2 2 2 2 2 2 2 2 2
left_child=3 2 -2 4 5 6 -1 -7 9 -9 -8 12 -6 22 15 21 17 18 -17 20 -18 -15 24 25 28 26 -24 -22 29 -14
right_child=1 -3 -4 -5 11 7 10 8 -10 -11 -12 -13 13 14 -16 16 19 -19 -20 -21 27 -23 23 -25 -26 -27 -28 -29 -30 -31
leaf_value=-0.0086194500213417295 0.028423617057752804 0.017843973138954701 -0.080527417745906868 0.011194472979870794 0.013853706440856992 -0.0072040395754471801 0.052891519966927404 -0.063510053979684108 -0.06856016483705947 0.0039021193112465415 -0.017711603492253314 -0.0017310194894776438 -8.3111182959481008e-06 -0.058845704061598607 0.001963868843501805 -0.066024728666287003 -0.040828473636034271 -0.004072781251171758 -0.0078923614510001388 -0.0043890263434591221 0.031011050964953758 -0.023649603447196476 -0.0070878816989048523 0.00051893286397927186 0.01497038674609664 -0.0064147637905058816 -0.048161876609318074 -0.067032600114824342 -0.013650386594605369 0.033241418036024858
leaf_weight=2213 171 1938 142 2764 2643 905 380 161 404 297 95 100560 3764 633 15410 635 325 2407 448 4983 1899 2670 1116 426035 6935 1927 1413 61 2293 690
leaf_count=2213 171 1938 142 2764 2643 905 380 161 404 297 95 100560 3764 633 15410 635 325 2407 448 4983 1899 2670 1116 426035 6935 1927 1413 61 2293 690
internal_value=-2.45849e-12 0.0124421 -0.0210046 -4.79521e-05 -0.000101408 -0.00986371 -0.00024504 -0.0244958 -0.0426502 -0.0197952 0.0387709 -2.60136e-05 0.00033397 0.000258528 -0.00358773 -0.00967194 -0.00330949 -0.0158351 -0.0419774 0.00270518 0.0181758 -0.0303947 0.000513728 0.000308391 0.00697446 -0.0198214 -0.0300367 0.0279597 -0.00124426 0.00514263
internal_weight=586317 2251 313 584066 581302 4455 2688 1767 862 458 475 576847 476287 473644 29471 14061 10758 3490 1083 7268 2285 3303 444173 430491 13682 4456 2529 1960 6747 4454
internal_count=586317 2251 313 584066 581302 4455 2688 1767 862 458 475 576847 476287 473644 29471 14061 10758 3490 1083 7268 2285 3303 444173 430491 13682 4456 2529 1960 6747 4454
is_linear=0
shrinkage=0.05


Tree=125
num_leaves=31
num_cat=0
split_feature=12 13 11 13 12 11 1 9 11 11 11 9 7 11 9 11 11 7 2 5 10 5 9 10 10 5 4 10 11 1
split_gain=134.913 364.945 304.88 211.062 221.094 279.586 793.102 710.182 390.67 730.271 380.691 327.924 321.28 291.943 431.455 342.705 508.784 276.97 281.66 245.558 227.174 216.545 287.431 255.905 211.009 201.288 199.477 196.888 375.65 310.367
threshold=13.750000000000002 79.250000000000014 -0.80389818549156178 80.250000000000014 17.250000000000004 -0.97502842545509327 34.095119476318366 31.068670272827152 -0.49749487638473505 -0.43663504719734186 -0.5702211558818816 29.817021369934086 27.929874420166019 -0.61186373233795155 29.202995300292972 -0.69014781713485707 -0.72658059000968922 35.003583908081062 1.3073289394378664 31.794390678405765 0.78829774260520946 31.052776336669925 30.139940261840824 -0.88606244325637806 0.047320950776338584 30.263042449951175 2.5853896141052251 0.95992380380630504 -0.20930689573287961 38.826128005981452
decision_type=2 2 2 2 2 2 2 2 2 2 2 2 2 2 2 2 2 2 2 2 2 2 2 2 2 2 2 2 2 2
left_child=1 -1 -3 27 20 6 11 -8 10 21 12 24 -7 15 -15 16 -14 18 -9 -12 -5 23 -23 -10 25 -6 -11 -2 29 -29
right_child=3 2 -4 4 5 8 7 17 9 26 19 -13 13 14 -16 -17 -18 -19 -20 -21 -22 22 -24 -25 -26 -27 -28 28 -30 -31
leaf_value=-0.0030849478903374871 0.00064375210911242421 0.017949155342204644 0.0015411913546803553 0.0078190656239639274 -0.0047284115570601472 -0.020260555467641505 0.05975937866821688 -0.057836260788360551 -0.10163728153348706 -0.003129307390302791 0.038061587443392331 -0.0079465332433485535 0.0040186755119834159 -0.090403946495614951 -0.0084514092580477273 0.017610974028430853 -0.022090361756989543 -0.080364462611593759 0.0042157808608362605 0.0098541633523869208 -0.007470090890150956 0.03544187252581129 -0.027472881995147688 -0.018159929324580722 0.098609163225969174 0.039847255763820977 0.0041275759235252186 0.037947879768794469 0.002781758112724408 0.008334015390420689
leaf_weight=81676 310401 3552 13950 11505 565 1615 151 498 201 73597 1120 6726 21199 175 1952 3973 2046 590 289 2480 3080 197 2313 169 82 459 10868 1434 27144 2310
leaf_count=81676 310401 3552 13950 11505 565 1615 151 498 201 73597 1120 6726 21199 175 1952 3973 2046 590 289 2480 3080 197 2313 169 82 459 10868 1434 27144 2310
internal_value=7.31219e-13 -0.00168093 0.00487116 0.000342225 -0.00124983 -0.00189874 -0.0102264 -0.0431777 -0.00125932 -0.00303978 0.00324051 -0.00379776 0.00145106 0.00264596 -0.0151941 0.0040401 0.00172059 -0.0544656 -0.0350497 0.0186298 0.00459036 -0.0277989 -0.022535 -0.0635084 0.0214324 0.0152523 -0.00219557 0.00102259 0.00482961 0.0196765
internal_weight=586317 99178 17502 487139 145850 131265 9360 1528 121905 87345 34560 7832 30960 29345 2127 27218 23245 1377 787 3600 14585 2880 2510 370 1106 1024 84465 341289 30888 3744
internal_count=586317 99178 17502 487139 145850 131265 9360 1528 121905 87345 34560 7832 30960 29345 2127 27218 23245 1377 787 3600 14585 2880 2510 370 1106 1024 84465 341289 30888 3744
is_linear=0
shrinkage=0.05


Tree=126
num_leaves=31
num_cat=0
split_feature=11 13 11 12 11 10 1 9 3 10 10 10 9 1 5 10 12 10 10 3 0 12 10 0 10 8 9 10 12 5
split_gain=133.109 158.061 440.944 373.013 222.797 377.27 294.668 445.19 307.785 275.85 482.88 431.067 389.624 378.336 336.359 567.672 497.469 386.911 364.227 547.962 322.013 331.154 399.532 296.3 394.123 271.252 271.11 366.994 256.266 252.278
threshold=0.99548450112342846 76.750000000000014 -0.55599683523178089 16.750000000000004 0.41326330602169042 -0.8779519498348235 29.619779586791996 30.035624504089359 31.606757164001468 -0.82391539216041554 -0.74981945753097523 -0.70252096652984608 31.529391288757328 30.74163913726807 30.090312957763675 0.72066047787666332 19.250000000000004 -0.38962684571743006 -0.52707284688949574 30.992472648620609 1.3886362314224245 14.250000000000002 -0.24284747242927548 0.11282509565353395 -0.30901412665843958 2.2001796960830693 32.594768524169929 -0.43664719164371485 19.750000000000004 25.940079689025882
decision_type=2 2 2 2 2 2 2 2 2 2 2 2 2 2 2 2 2 2 2 2 2 2 2 2 2 2 2 2 2 2
left_child=1 2 3 -1 6 -6 7 8 29 -7 13 12 -12 -11 15 16 20 18 25 -20 21 22 -13 -18 -25 -16 27 -21 -8 -3
right_child=-2 4 -4 -5 5 9 28 -9 -10 10 11 14 -14 -15 17 -17 23 -19 19 26 -22 -23 -24 24 -26 -27 -28 -29 -30 -31
leaf_value=-0.011213635061128491 -0.0043485567246304025 -0.019006514093139762 0.00061595567591321251 -7.0822276764449921e-05 -0.014055506107297062 0.0084892297249471709 0.00029306107242707389 0.00077952775651706505 0.070069556015920131 -0.02587731383393841 0.003919235917696667 -0.01575164224371272 0.032400376780126361 -0.0047271888274446729 -0.0025390307218108692 0.04310314183068259 -0.0051096978758261372 -0.0011354501975652579 -0.0076986175289301025 -0.061947561930847245 0.018480851516729815 0.006334347440462961 0.0034085618749136997 0.013081504993480767 -0.065970191824568536 -0.02969911951539796 0.032540332257906958 -0.012541944831061129 0.0052761947803763734 0.013981357994358193
leaf_weight=18240 17085 611 65280 12768 5344 8016 252626 16476 235 3230 3522 4443 1822 6122 10554 838 12086 66093 2926 1242 3692 23686 7019 241 456 1007 114 539 28735 11269
leaf_count=18240 17085 611 65280 12768 5344 8016 252626 16476 235 3230 3522 4443 1822 6122 10554 838 12086 66093 2926 1242 3692 23686 7019 241 456 1007 114 539 28735 11269
internal_value=3.6558e-12 0.000130518 -0.00171601 -0.00662542 0.000506458 -0.000990065 0.00129342 0.00612965 0.0134056 -0.000547168 -0.00103126 -0.000297876 0.0136297 -0.012032 -0.000849463 0.00228058 0.00161791 -0.00284043 -0.00971917 -0.0212644 0.00443375 0.00295822 -0.00401848 -0.00693777 -0.0386367 -0.00490476 -0.0422108 -0.0469955 0.000801981 0.0122848
internal_weight=586317 569232 96288 31008 472944 162992 309952 28591 12115 157648 149632 140280 5344 9352 134936 52461 51623 82475 16382 4821 38840 35148 11462 12783 697 11561 1895 1781 281361 11880
internal_count=586317 569232 96288 31008 472944 162992 309952 28591 12115 157648 149632 140280 5344 9352 134936 52461 51623 82475 16382 4821 38840 35148 11462 12783 697 11561 1895 1781 281361 11880
is_linear=0
shrinkage=0.05


Tree=127
num_leaves=31
num_cat=0
split_feature=5 7 11 11 3 10 0 10 11 10 10 10 7 11 4 10 9 10 10 10 10 6 11 12 9 3 10 2 10 10
split_gain=129.971 121.795 188.958 212.791 144.52 283.751 316.386 299.855 343.779 276.214 786.467 535.189 440.207 390.971 325.197 349.762 313.98 286.62 272.324 947.261 774.62 390.23 357.962 289.225 292.483 258.718 230.01 211.533 204.025 194.071
threshold=43.40974426269532 24.816866874694828 -0.97106409072875965 0.99164059758186351 29.048268318176273 0.23448921740055087 4.6713736057281503 0.16705007851123813 0.72064045071601879 -0.42888796329498285 -0.73831951618194569 -0.16705007851123807 33.690311431884773 -0.48248986899852747 4.8992929458618173 -0.11593352630734442 28.239863395690922 -0.15005400776863095 -0.63874351978301991 -0.54883790016174305 -0.67760851979255665 10.267282009124758 -0.70250144600868214 15.250000000000002 31.939566612243656 26.866142272949222 -0.08167563751339911 6.8013107776641855 -0.45972847938537592 -0.62540480494499195
decision_type=2 2 2 2 2 2 2 2 2 2 2 2 2 2 2 2 2 2 2 2 2 2 2 2 2 2 2 2 2 2
left_child=1 2 -1 -4 5 6 -3 8 9 10 13 12 16 -8 17 -16 -11 -13 20 23 21 22 -12 -20 -25 28 -19 -18 -21 -10
right_child=-2 4 3 -5 -6 -7 7 -9 29 11 18 14 -14 -15 15 -17 27 26 19 25 -22 -23 -24 24 -26 -27 -28 -29 -30 -31
leaf_value=-0.067287103595681019 0.011859885119922324 -0.0011945464871017952 -0.0032117542084255917 -0.062038228544511159 -0.00030856973305683709 0.010420996870457607 0.029940194989229355 -0.055386479320388642 0.057576837334781888 0.0063571251543710593 0.031417782847817523 0.093037021157184721 -0.091593331638723616 0.0029897408506248339 -0.070738628445051896 -0.0007967880273284521 0.014371561981927645 -0.037026772023256556 -0.022682367194516009 -0.09319672255000172 -0.10546770498841207 -0.057477931761274283 -0.027187837679853097 0.059392882909129474 -0.016398335767617761 -0.021059220789722381 0.025436360153685264 0.047557951038310189 0.0010716679809168758 0.018527561971785397
leaf_weight=143 2301 48936 1934 167 505251 8890 1789 194 375 1208 466 95 80 5431 356 359 680 251 210 283 303 438 591 608 161 654 357 1634 72 2100
leaf_count=143 2301 48936 1934 167 505251 8890 1789 194 375 1208 466 95 80 5431 356 359 680 251 210 283 303 438 591 608 161 654 357 1634 72 2100
internal_value=2.60572e-12 -4.67275e-05 -0.0116729 -0.00788763 -1.88325e-06 0.0020231 0.000919207 0.00645216 0.0071006 0.00442213 -1.10741e-05 0.0141416 0.0243849 0.00966763 -0.0118783 -0.035621 0.0270192 0.0122697 -0.0184686 -0.00571569 -0.0325692 -0.0177944 -0.00135036 0.0293232 0.043525 -0.0397128 -0.000350229 0.0378057 -0.0740775 0.0244441
internal_weight=586317 584016 2244 2101 581772 76521 67631 18695 18501 16026 11006 5020 3602 7220 1418 715 3522 703 3786 1988 1798 1495 1057 979 769 1009 608 2314 355 2475
internal_count=586317 584016 2244 2101 581772 76521 67631 18695 18501 16026 11006 5020 3602 7220 1418 715 3522 703 3786 1988 1798 1495 1057 979 769 1009 608 2314 355 2475
is_linear=0
shrinkage=0.05


Tree=128
num_leaves=31
num_cat=0
split_feature=9 13 10 10 1 10 10 9 11 3 3 10 10 11 11 11 13 6 7 1 3 7 10 10 1 10 1 10 10 11
split_gain=122.064 136.083 125.781 158.99 156.132 204.776 119.219 126.164 529.231 238.633 208.154 230.847 340.238 228.328 381.594 1241.64 382.747 329.337 283.661 244.405 240.29 232.363 213.22 210.131 204.437 192.273 258.542 293.45 254.753 222.484
threshold=43.448387145996101 77.750000000000014 0.56314551830291759 0.86095303297042858 41.779499053955085 0.51973900198936474 -0.99984258413314808 25.9338493347168 0.99962961673736583 30.196025848388675 28.245443344116214 0.64534214138984691 0.50495636463165294 -0.98518359661102284 -0.89388549327850331 -0.83352491259574879 77.250000000000014 7.2423124313354501 33.642652511596687 29.331702232360843 27.166994094848636 29.888275146484379 -0.3334656953811645 -0.3657191395759582 30.680515289306644 0.45972847938537603 24.853873252868656 0.18399664759635928 0.47494667768478399 -0.78295108675956715
decision_type=2 2 2 2 2 2 2 2 2 2 2 2 2 2 2 2 2 2 2 2 2 2 2 2 2 2 2 2 2 2
left_child=6 2 4 -4 -2 -6 -1 8 9 -8 11 12 13 17 16 19 23 -9 22 20 -16 -21 -18 -15 -11 26 27 -17 -27 -28
right_child=1 -3 3 -5 5 -7 7 10 -10 24 -12 -13 -14 14 15 25 18 -19 -20 21 -22 -23 -24 -25 -26 28 29 -29 -30 -31
leaf_value=0.0095560611283519344 -0.091620205125087006 0.01958021756592071 0.034135518296808769 -0.03381681929152508 0.045748414084055396 -0.066127052456618124 -0.0080979394963384965 -0.00077435221562916943 -0.10410470542681478 0.045930091656472466 -0.00028366690402678276 0.032468771173576404 -0.039577667806957068 0.030967084666207557 -0.061061585619638974 -0.0089001446620561187 0.055304981100739649 -0.04658175761400838 -0.082834470300720289 -0.13544610173242408 -0.013515300933886637 -0.0096496291403823046 0.023072627575610152 -0.0028862648001578683 -0.0073852761807049533 0.070321936170715263 0.027262790023767587 -0.079282759209828718 0.0086285693173837556 0.0037962038090843791
leaf_weight=3216 83 1576 244 133 86 78 6051 1457 137 404 532105 671 466 587 536 1250 828 537 52 131 527 51 1349 2092 324 251 1046 168 502 29379
leaf_count=3216 83 1576 244 133 86 78 6051 1457 137 404 532105 671 466 587 536 1250 828 537 52 131 527 51 1349 2092 324 251 1046 168 502 29379
internal_value=9.55253e-13 0.0117554 -0.00800736 0.0101629 -0.035741 -0.00746065 -4.42751e-05 -9.74247e-05 -0.0068103 -0.00484403 -1.65406e-05 0.00337742 0.00290373 0.00338962 0.00423871 0.00234911 0.0172677 -0.0131106 0.0325752 -0.0466563 -0.0374897 -0.100195 0.0353319 0.0045314 0.0222018 0.00422086 0.00363034 -0.0172388 0.029193 0.00460298
internal_weight=586317 2200 624 377 247 164 584117 580901 6916 6779 573985 41880 41209 40743 38749 33841 4908 1994 2229 1245 1063 182 2177 2679 728 32596 31843 1418 753 30425
internal_count=586317 2200 624 377 247 164 584117 580901 6916 6779 573985 41880 41209 40743 38749 33841 4908 1994 2229 1245 1063 182 2177 2679 728 32596 31843 1418 753 30425
is_linear=0
shrinkage=0.05


Tree=129
num_leaves=31
num_cat=0
split_feature=13 0 13 3 11 13 11 12 12 7 10 10 11 10 10 3 5 5 9 9 11 5 9 10 12 5 10 10 10 10
split_gain=117.004 222.305 263.282 217.865 303.383 176.312 428.438 416.542 278.105 203.388 208.419 289.368 196.89 433.654 338.325 273.227 244.203 228.356 208.219 206.585 263.731 206.518 291.303 267.793 214.56 214.979 388.841 288.796 342.093 286.235
threshold=81.750000000000014 0.33117501437664038 83.250000000000014 31.891805648803714 0.77756834030151378 77.250000000000014 -0.021515300963073965 16.750000000000004 12.750000000000002 29.697713851928714 0.68391311168670665 0.63209757208824169 0.41326330602169042 -0.86958134174346913 -0.83354803919792164 31.328034400939945 27.944066047668461 25.516271591186527 32.560945510864265 27.418050765991214 0.99962961673736583 36.060768127441413 33.135114669799812 0.84753307700157177 19.750000000000004 31.668210983276371 0.7324872910976411 -0.74981945753097523 -0.79356426000595082 -0.65189296007156361
decision_type=2 2 2 2 2 2 2 2 2 2 2 2 2 2 2 2 2 2 2 2 2 2 2 2 2 2 2 2 2 2
left_child=5 -2 -3 4 -4 6 7 9 -8 10 11 -1 17 15 -15 18 19 -7 -14 20 -16 22 24 -23 25 26 27 28 -18 -27
right_child=1 2 3 -5 -6 12 8 -9 -10 -11 -12 -13 13 14 16 -17 21 -19 -20 -21 -22 23 -24 -25 -26 29 -28 -29 -30 -31
leaf_value=-0.0027947064476696887 -0.0036095949280480766 -0.0016218666836392524 0.020625678865410529 0.0018059730619856347 -0.033964347278036738 -0.037793305818411227 -0.0068320294487451824 0.00062191048246397322 0.0025974432863852519 -0.0097557701128913182 -0.072934845109647581 0.080473162670220644 -0.029035606406545358 0.014392386875345562 0.00060910823895037362 -0.0077015934396003618 0.0018137758318490028 0.0018413390877131727 -0.11158683076500893 0.013090824227011695 -0.06391576414551059 -0.031340040790673436 0.0058050436894227543 0.0013050268793467251 -0.010610421455939859 0.0059495892598716814 0.028947653872579804 0.00049071372229187273 -0.028774151545967165 -0.0083644370907026214
leaf_weight=16512 54266 18023 3958 5157 272 364 8862 30240 66465 26478 105 105 1341 3904 3061 3458 1772 226068 81 5721 167 1284 14204 1230 6541 4359 1155 61706 1888 17570
leaf_count=16512 54266 18023 3958 5157 272 364 8862 30240 66465 26478 105 105 1341 3904 3061 3458 1772 226068 81 5721 167 1284 14204 1230 6541 4359 1155 61706 1888 17570
internal_value=1.89612e-12 -0.00175569 0.00191465 0.00870476 0.0171154 0.000284158 -0.00116133 -0.00387883 0.00148809 -0.00702935 -0.00271228 -0.00226855 0.000888419 -0.000667061 -9.42365e-05 -0.0152884 -0.000562964 0.00177762 -0.0337379 0.00738442 -0.00272907 -0.00119963 -0.000873427 -0.0153681 -0.00187206 -0.00122584 0.000189458 -0.000318692 -0.0139649 -0.00551913
internal_weight=586317 81676 27410 9387 4230 504641 148767 73440 75327 43200 16722 16617 355874 129442 124562 4880 120658 226432 1422 8949 3228 111709 109195 2514 94991 88450 66521 65366 3660 21929
internal_count=586317 81676 27410 9387 4230 504641 148767 73440 75327 43200 16722 16617 355874 129442 124562 4880 120658 226432 1422 8949 3228 111709 109195 2514 94991 88450 66521 65366 3660 21929
is_linear=0
shrinkage=0.05


Tree=130
num_leaves=31
num_cat=0
split_feature=10 8 3 10 10 10 11 10 9 1 2 5 1 5 3 10 3 12 5 9 5 12 1 3 9 1 12 12 4 9
split_gain=114.721 374.522 336.845 324.758 387.647 510.707 402.001 378.894 357.085 428.806 338.737 337.737 801.485 887.781 527.038 388.87 522.353 768.926 370.394 370.282 316.715 766.512 323.147 309.127 304.692 412.514 544.734 319.71 299.014 404.265
threshold=-0.021515898406505581 0.55960154533386242 29.727887153625492 -0.1330134719610214 -0.20931270718574521 -0.32533907890319819 -0.88603779673576344 -0.38168568909168238 32.226829528808601 29.199358940124515 4.826845884323121 29.610651016235355 28.750182151794437 31.825056076049808 30.196025848388675 -0.39753912389278406 33.355243682861335 17.750000000000004 32.926755905151374 28.239863395690922 32.282291412353523 17.750000000000004 33.636152267456062 30.125082015991214 28.628758430480961 31.300760269165043 15.250000000000002 18.750000000000004 6.8955347537994394 33.731683731079109
decision_type=2 2 2 2 2 2 2 2 2 2 2 2 2 2 2 2 2 2 2 2 2 2 2 2 2 2 2 2 2 2
left_child=3 2 -2 4 5 6 7 11 20 -10 -7 -1 13 -13 -14 19 -17 18 -18 -16 24 -22 -23 -12 25 26 -9 -28 -6 -30
right_child=1 -3 -4 -5 28 10 -8 8 9 -11 23 12 14 -15 15 16 17 -19 -20 -21 21 22 -24 -25 -26 -27 27 -29 29 -31
leaf_value=0.03096012696351233 0.0051275225747168546 0.0051527853779281185 -0.0006532832013376686 -0.0068074888088136805 0.010632172338060238 -0.011039340376697288 -0.00054113858321748335 0.0018469933005014203 0.06999121303550708 0.0064917950217329269 0.013981971929302398 0.00097878670103371647 0.055567384841538607 -0.1580158407996301 -0.038448923004576571 0.0069411956281657874 -0.11584207987030731 -0.21015996891486496 0.019777389877872597 0.018908710041473424 0.0011160496761239752 -0.077780230477643639 -0.21716476249694827 -0.0125365533096361 0.0080018205257057252 0.052438653779681779 -0.10115917990692165 -0.024439499834120151 5.8432798134607097e-05 -0.059079631294883875
leaf_weight=2411 28322 40583 228575 20301 12420 17819 217080 549 312 1798 2937 218 654 147 306 508 78 79 142 3497 476 247 50 1756 2285 160 318 237 1704 348
leaf_count=2411 28322 40583 228575 20301 12420 17819 217080 549 312 1798 2937 218 654 147 306 508 78 79 142 3497 476 247 50 1756 2285 160 318 237 1704 348
internal_value=-7.30688e-13 0.000689166 -1.59695e-05 -0.000709788 -0.000248809 -0.000702207 -3.22365e-06 0.0080655 -0.000979734 0.0158813 -0.00789175 0.0153017 0.0085949 -0.0630547 0.013563 0.00760403 -0.0239204 -0.0763543 -0.0283059 0.0142936 -0.00921128 -0.0382131 -0.101246 0.00405942 -0.00289446 -0.0225922 -0.0334663 -0.0683978 0.00771085 -0.00997083
internal_weight=586317 297480 256897 288837 268536 254064 231552 14472 6432 2110 22512 8040 5629 365 5264 4610 807 299 220 3803 4322 773 297 4693 3549 1264 1104 555 14472 2052
internal_count=586317 297480 256897 288837 268536 254064 231552 14472 6432 2110 22512 8040 5629 365 5264 4610 807 299 220 3803 4322 773 297 4693 3549 1264 1104 555 14472 2052
is_linear=0
shrinkage=0.05


Tree=131
num_leaves=31
num_cat=0
split_feature=11 11 1 9 12 5 11 10 7 3 11 9 5 3 11 10 9 12 12 10 1 12 10 9 10 13 7 2 0 4
split_gain=118.504 1016.44 458.528 630.672 772.449 991.92 345.746 444.721 278.265 275.448 272.061 637.716 471.36 457.598 390.886 271.345 392.598 479.089 265.955 261.004 258.464 451.522 257.997 229.507 418.514 226.872 209.047 198.638 197.464 194.794
threshold=-0.9946339726448058 -0.99049577116966236 33.394697189331062 29.854121208190922 17.250000000000004 33.733791351318366 -0.99759334325790394 -0.012910176534205673 34.553197860717781 35.833286285400398 -0.99759334325790394 33.177276611328132 32.348861694335945 32.923368453979499 -0.99626126885414112 0.064507851377129569 31.529391288757328 16.750000000000004 17.250000000000004 1.0000000180025095e-35 31.054188728332523 15.750000000000002 0.030120026320219043 34.147552490234382 -0.012910176534205673 80.250000000000014 30.172539710998539 8.5740327835083026 18.094827651977543 1.5397483706474306
decision_type=2 2 2 2 2 2 2 2 2 2 2 2 2 2 2 2 2 2 2 2 2 2 2 2 2 2 2 2 2 2
left_child=2 20 10 19 22 23 7 -7 -8 -9 -1 12 15 -13 -14 16 -12 -18 -17 -4 21 -2 29 -6 -25 -19 -22 -16 -15 -5
right_child=1 -3 3 4 5 6 8 9 -10 -11 11 13 14 28 27 18 17 25 -20 -21 26 -23 -24 24 -26 -27 -28 -29 -30 -31
leaf_value=0.0040216365280036888 -0.0083167117111580501 9.5627631778470032e-05 0.001011021845183815 0.0040674747618119076 -0.0069823936663787741 -0.082113436166942125 -0.058010576528244533 0.0021427406854765321 -0.13235882612448022 -0.097951509443228141 -0.0034131602151319662 0.060818772721323903 0.06612887000906971 0.019828563515752472 0.018556799827138985 -0.005310887248861822 0.0026547979392065593 -0.13449325872296319 0.060439667772501704 0.12310039026662707 0.03171319042730382 -0.056747856304035872 0.022472480481181195 0.13020721065901941 -0.0080577157281997401 -0.018970914564349434 -0.015879884256623993 -0.072800343394989073 -0.058374393668613939 -0.025899360469543688
leaf_weight=7859 870 560589 66 1965 994 375 284 488 226 80 818 1177 462 537 204 486 163 187 225 130 244 1077 1361 93 133 55 4241 84 95 749
leaf_count=7859 870 560589 66 1965 994 375 284 488 226 80 818 1177 462 537 204 486 163 187 225 130 244 1077 1361 93 133 55 4241 84 95 749
internal_value=-1.69482e-12 -0.000131131 0.00385332 -0.00642644 -0.00899452 -0.0298818 -0.0577915 -0.0398547 -0.0909571 -0.011955 0.00963236 0.0194465 0.00398169 0.0423914 0.0376292 -0.00906672 -0.0233466 -0.0636072 0.0154963 0.0819887 -0.0198945 -0.0351068 0.00470651 0.00335827 0.0488389 -0.108238 -0.0132907 -0.00808903 0.00807337 -0.00420267
internal_weight=586317 567021 19296 6944 6748 2673 1453 943 510 568 12352 4493 2684 1809 750 1934 1223 405 711 196 6432 1947 4075 1220 226 242 4485 288 632 2714
internal_count=586317 567021 19296 6944 6748 2673 1453 943 510 568 12352 4493 2684 1809 750 1934 1223 405 711 196 6432 1947 4075 1220 226 242 4485 288 632 2714
is_linear=0
shrinkage=0.05


Tree=132
num_leaves=31
num_cat=0
split_feature=12 13 11 1 1 13 12 11 1 9 9 11 11 11 7 11 9 11 11 5 10 5 5 9 10 1 10 1 13 11
split_gain=115.477 322.507 279.795 213.075 209.938 193.471 199.337 256.769 690.619 502.267 358.059 324.122 665.818 344.165 293.401 261.184 388.938 308.69 455.695 216.424 204.745 200.143 196.505 259.504 230.404 191.008 179.484 423.238 176.065 368.288
threshold=13.750000000000002 79.250000000000014 -0.14153505116701123 29.331702232360843 38.826128005981452 80.250000000000014 17.250000000000004 -0.97502842545509327 34.68036079406739 31.13177585601807 29.817021369934086 -0.49749487638473505 -0.43663504719734186 -0.5702211558818816 27.929874420166019 -0.61186373233795155 29.249510765075687 -0.69014781713485707 -0.72658059000968922 31.794390678405765 0.78829774260520946 30.124102592468265 31.052776336669925 30.139940261840824 -0.88606244325637806 30.553677558898929 0.64534214138984691 34.616605758666999 76.250000000000014 -0.09024826809763907
decision_type=2 2 2 2 2 2 2 2 2 2 2 2 2 2 2 2 2 2 2 2 2 2 2 2 2 2 2 2 2 2
left_child=1 -1 4 -4 -3 28 20 8 10 -10 21 13 22 14 -9 17 -17 18 26 -15 -7 25 24 -24 -13 -8 -16 -28 29 -2
right_child=5 2 3 -5 -6 6 7 11 9 -11 -12 12 -14 19 15 16 -18 -19 -20 -21 -22 -23 23 -25 -26 -27 27 -29 -30 -31
leaf_value=-0.0028750049016048568 -0.0074586424570877415 0.01453932638835624 0.018023226053056965 -0.0040854471691218345 -0.010292575726511681 0.0074029209024586533 -0.020456559139993093 -0.019561995478868111 0.06393110865520106 -0.059817666273943908 -0.0091707826203788929 -0.096670354176915038 -0.0020266791382005599 0.035762717205590371 0.002554310106367958 -0.085079322491028453 -0.0080647445882938793 0.016526552203228542 -0.021089104745330614 0.0092814443536964625 -0.0071118783583230434 0.041956897393045665 0.033628731182194907 -0.026151511520525056 -0.017461284429672555 0.041916265876984209 0.1248509667813778 0.013812973920426392 0.0013695227269115181 0.0024121030349594486
leaf_weight=81676 17888 6999 1255 8279 969 11505 377 1615 90 922 7219 201 84465 1120 20119 179 1948 3973 2046 2480 3080 570 197 2313 169 182 94 986 303368 20033
leaf_count=81676 17888 6999 1255 8279 969 11505 377 1615 90 922 7219 201 84465 1120 20119 179 1948 3973 2046 2480 3080 570 197 2313 169 182 94 986 303368 20033
internal_value=1.85036e-12 -0.00155514 0.00460422 -0.00117519 0.0115195 0.000316616 -0.00120764 -0.0018238 -0.00980448 -0.0488123 -0.00507568 -0.00121103 -0.00283278 0.00288767 0.00118622 0.0023281 -0.014546 0.00364676 0.00144536 0.0175201 0.00433775 0.021109 -0.0264741 -0.0214596 -0.0604911 -0.000149128 0.00362025 0.0234774 0.000968009 -0.0022441
internal_weight=586317 99178 17502 9534 7968 487139 145850 131265 9360 1012 8348 121905 87345 34560 30960 29345 2127 27218 23245 3600 14585 1129 2880 2510 370 559 21199 1080 341289 37921
internal_count=586317 99178 17502 9534 7968 487139 145850 131265 9360 1012 8348 121905 87345 34560 30960 29345 2127 27218 23245 3600 14585 1129 2880 2510 370 559 21199 1080 341289 37921
is_linear=0
shrinkage=0.05


Tree=133
num_leaves=31
num_cat=0
split_feature=11 9 10 9 5 10 3 10 1 7 13 10 1 13 11 12 11 10 1 13 9 3 10 10 10 11 6 10 10 5
split_gain=114.624 198.921 177.793 170.366 183.956 151.867 146.15 157.77 134.343 132.17 126.581 125.623 125.607 125.483 358.381 322.037 186.584 310.619 266.196 339.843 361.19 349.647 278.851 320.199 1150.56 612.213 392.729 367.261 1901.79 570.367
threshold=0.9969642460346223 32.258962631225593 1.0000000180025095e-35 29.92817306518555 27.428091049194339 0.012910176534205677 31.022085189819339 -0.038721922785043709 31.675247192382816 32.77949523925782 80.750000000000014 -0.038721922785043709 27.532365798950199 76.750000000000014 -0.55599683523178089 16.250000000000004 0.41326330602169042 -0.8779519498348235 30.74163913726807 83.250000000000014 30.692554473876957 32.965085983276374 -0.012910176534205673 -0.95747631788253773 -0.94130858778953541 -0.14153505116701123 0.11240052431821825 -0.67760851979255665 -0.63874351978301991 32.086416244506843
decision_type=2 2 2 2 2 2 2 2 2 2 2 2 2 2 2 2 2 2 2 2 2 2 2 2 2 2 2 2 2 2
left_child=13 3 -3 11 -5 6 7 8 -6 -4 -9 12 -2 14 15 -1 18 -18 19 20 21 -15 23 25 26 -22 -25 -26 29 -29
right_child=1 2 9 4 5 -7 -8 10 -10 -11 -12 -13 -14 16 -16 -17 17 -19 -20 -21 22 -23 -24 24 27 -27 -28 28 -30 -31
leaf_value=-0.010767781616320622 -0.0485152864637051 0.023581869225195461 -0.062242487860053333 0.097026772942956335 -0.0079862778998082799 -0.0073232990337517402 -0.0087977189421803766 0.03207209028470584 0.057952183133911817 -0.016266150684260548 -0.026399327951483434 -0.0043948717694459426 -0.013118424073891825 0.0073617552198609413 0.00055592190516125619 -0.00055911944974466508 -0.012770286210407728 -0.00051648022934219903 0.00050313678549502173 0.022013408052521336 0.026318949959845506 0.10247479797312127 0.014021117606298606 -0.082558271923145049 0.0065609511481301746 -0.0053023230130226674 -0.0221451416826676 -0.12418146345429835 -0.0029830165454335137 -0.014326277125904464
leaf_weight=16416 311 131 330 53 689 1964 714 1244 87 297 100 6658 1291 24989 65824 14592 5344 160320 257185 2604 2467 97 2832 612 6108 4033 480 444 7940 161
leaf_count=16416 311 131 330 53 689 1964 714 1244 87 297 100 6658 1291 24989 65824 14592 5344 160320 257185 2604 2467 97 2832 612 6108 4033 480 444 7940 161
internal_value=-2.06698e-13 -0.00449146 -0.0293956 -0.00305166 0.00438568 0.00336234 0.0107676 0.0173571 -0.000593693 -0.0404642 0.0277215 -0.00741952 -0.0199901 0.000108817 -0.00153182 -0.00596371 0.00044284 -0.000911764 0.00116685 0.00440178 0.00348755 0.00772953 -0.000755948 -0.00263721 -0.00649154 0.00669917 -0.056003 -0.00280174 -0.00949424 -0.0949473
internal_weight=586317 13869 758 13111 4851 4798 2834 2120 776 627 1344 8260 1602 572448 96832 31008 475616 165664 309952 52767 50163 25086 25077 22245 15745 6500 1092 14653 8545 605
internal_count=586317 13869 758 13111 4851 4798 2834 2120 776 627 1344 8260 1602 572448 96832 31008 475616 165664 309952 52767 50163 25086 25077 22245 15745 6500 1092 14653 8545 605
is_linear=0
shrinkage=0.05


Tree=134
num_leaves=31
num_cat=0
split_feature=10 11 11 10 10 7 9 3 11 1 5 10 3 7 3 5 10 1 5 7 13 5 3 10 10 7 10 5 1 11
split_gain=110.146 316.521 411.65 248.888 327.117 237.948 208.553 322.173 219.923 243.457 461.214 419.619 475.655 229.211 466.222 197.799 189.868 179.519 258.886 206.669 179.321 215.154 233.18 173.666 742.626 610.992 800.616 355.037 338.74 321.144
threshold=0.96460527181625377 -0.12447465583682059 -0.05591491982340812 0.94417876005172741 0.91927745938301098 42.092353820800788 40.75471496582032 40.276466369628913 0.30080866813659674 37.083139419555671 37.170219421386726 0.94970905780792247 36.905250549316413 35.074180603027351 35.231376647949226 39.463287353515632 0.97109106183052074 35.217159271240241 37.170219421386726 37.341032028198249 79.750000000000014 33.934963226318366 33.589775085449226 0.78829774260520946 0.75548630952835094 29.778153419494632 0.81403854489326488 38.256908416748054 41.098293304443366 -0.49749487638473505
decision_type=2 2 2 2 2 2 2 2 2 2 2 2 2 2 2 2 2 2 2 2 2 2 2 2 2 2 2 2 2 2
left_child=3 5 17 4 23 15 7 8 20 13 11 -11 -13 14 -10 -2 -7 18 -3 -19 -5 -22 -23 24 -1 -25 27 -27 -29 -28
right_child=1 2 -4 6 -6 16 -8 -9 9 10 -12 12 -14 -15 -16 -17 -18 19 -20 -21 21 22 -24 25 -26 26 29 28 -30 -31
leaf_value=-0.00023311014703466956 0.0063086605683892131 -0.0022162960181942716 0.0023187870149808739 0.0036229506777161209 0.0078345671792394277 0.00080766585617881236 0.013992111163614596 -0.038249337655431252 -0.0078104416894784444 -0.17985807344096608 -0.0085314474017760267 0.072257999882653912 -0.1135867797887247 0.008644166188796619 -0.069908801869239187 0.020904047803971981 -0.099830440523919095 -0.027191852501018007 0.07353090563187531 -0.0073665584398357646 0.03036894074177687 -0.12267107312001435 -0.014647373969781616 0.050449063854618531 0.01378579920773779 -0.012920640393169279 0.0071198375491762075 -0.055142241153579588 -0.0063466169144622483 -0.0033673182564960998
leaf_weight=452853 9616 686 30552 4940 12864 99 1076 872 1309 97 331 54 95 937 393 3060 89 2102 135 3509 267 51 2442 527 9648 6031 9601 1094 527 30460
leaf_count=452853 9616 686 30552 4940 12864 99 1076 872 1309 97 331 54 95 937 393 3060 89 2102 135 3509 267 51 2442 527 9648 6031 9601 1094 527 30460
internal_value=1.15589e-12 0.00224821 -0.000101575 -0.000208901 -4.00957e-05 0.00900385 -0.0070798 -0.00900323 -0.00666697 -0.0176484 -0.0470692 -0.0989229 -0.0462336 -0.0112158 -0.0221493 0.009832 -0.0468348 -0.0115983 0.0102391 -0.0147935 -0.00208042 -0.0122886 -0.0168572 -0.000238434 5.93312e-05 -0.00309326 -0.00368465 -0.0185043 -0.0392784 -0.000853972
internal_weight=586317 49848 36984 536469 523605 12864 12864 11788 10916 3216 577 246 149 2639 1702 12676 188 6432 821 5611 7700 2760 2493 510741 462501 48240 47713 7652 1621 40061
internal_count=586317 49848 36984 536469 523605 12864 12864 11788 10916 3216 577 246 149 2639 1702 12676 188 6432 821 5611 7700 2760 2493 510741 462501 48240 47713 7652 1621 40061
is_linear=0
shrinkage=0.05


Tree=135
num_leaves=31
num_cat=0
split_feature=1 10 10 10 10 11 11 1 9 12 5 11 10 11 7 10 10 9 5 12 7 13 12 3 10 12 9 10 1 12
split_gain=108.22 149.569 326.611 118.764 142.682 110.46 901.382 414.379 553.635 679.572 949.46 293.25 496.843 249.815 251.22 824.612 550.025 465.288 449.488 370.964 361.902 381.802 289.802 269.611 248.482 343.223 245.053 238.682 238.572 320.459
threshold=43.429134368896491 0.54883790016174328 0.51973900198936474 0.75548630952835094 0.88606244325637828 -0.9946339726448058 -0.99049577116966236 33.394697189331062 29.854121208190922 16.750000000000004 33.833974838256843 -0.99759334325790394 -0.012910176534205673 -0.99862980842590321 33.358106613159187 -0.064507851377129541 0.047320950776338584 32.099849700927741 32.811426162719734 16.750000000000004 32.323551177978523 80.750000000000014 16.250000000000004 32.807590484619148 -0.08167563751339911 15.250000000000002 34.318099975585945 0.047320950776338584 32.84704780578614 15.250000000000002
decision_type=2 2 2 2 2 2 2 2 2 2 2 2 2 2 2 2 2 2 2 2 2 2 2 2 2 2 2 2 2 2
left_child=5 2 -2 -3 -5 7 28 13 -9 27 -11 12 -12 -1 16 -16 17 18 23 -18 22 24 -19 -15 -22 -26 -13 -10 29 -7
right_child=1 3 -4 4 -6 6 -8 8 9 10 11 26 -14 14 15 -17 19 20 -20 -21 21 -23 -24 -25 25 -27 -28 -29 -30 -31
leaf_value=0.0013073880254062861 0.025414952923331346 0.02613910279466582 -0.077177433122579076 -0.027773688090194634 0.017088049733801791 -0.0061501109175955675 4.5125367709983514e-05 0.076744807127397452 -0.00049695789554215152 0.0035234434564346048 -0.077983152798491204 -0.058845979097986216 -0.0088210667336642845 -0.0049545311791028305 0.073429537426647304 0.0081813547152031121 0.0064757968921256726 0.0038294356182083352 0.090966696848612069 0.049627675322373471 0.034914672477459378 0.088061927995838965 -0.08908555352854608 0.072270945342999646 0.039945127615985808 -0.087244467191474953 -0.12977513019567388 0.030352760461745849 -0.0085445722514906203 -0.038665231637038965
leaf_weight=5556 171 1171 142 278 489 1136 558338 196 2729 1517 424 423 670 1393 719 1483 967 111 154 1027 117 91 344 123 73 194 171 814 3020 2276
leaf_count=5556 171 1171 142 278 489 1136 558338 196 2729 1517 424 423 670 1393 719 1483 967 111 154 1027 117 91 344 123 73 194 171 814 3020 2276
internal_value=-3.45275e-13 0.0109421 -0.0211286 0.0161217 0.000827863 -4.2171e-05 -0.000169269 0.00367783 -0.00609452 -0.00850065 -0.0251836 -0.0509824 -0.0356261 0.00917161 0.0156009 0.0294863 0.00894539 -0.00620562 0.00957876 0.028701 -0.0345496 -0.0040227 -0.0664184 0.00131112 -0.0258448 -0.0524698 -0.079265 0.00659073 -0.01878 -0.0278396
internal_weight=586317 2251 313 1938 767 584066 564770 19296 6944 6748 3205 1688 1094 12352 6796 2202 4594 2600 1670 1994 930 475 455 1516 384 267 594 3543 6432 3412
internal_count=586317 2251 313 1938 767 584066 564770 19296 6944 6748 3205 1688 1094 12352 6796 2202 4594 2600 1670 1994 930 475 455 1516 384 267 594 3543 6432 3412
is_linear=0
shrinkage=0.05


Tree=136
num_leaves=31
num_cat=0
split_feature=11 12 10 0 12 7 3 10 12 0 7 3 10 10 8 10 10 8 5 10 5 1 10 10 10 5 9 10 3 12
split_gain=106.109 623.946 634.997 339.796 337.487 526.726 754.554 337.064 318.256 317.053 310.722 306.92 306.894 303.373 256.753 257.335 234.634 231.983 231.673 304.819 376.005 274.713 240.439 265.899 236.043 431.837 448.463 365.507 388.976 386.333
threshold=0.77756834030151378 19.250000000000004 -0.48250326514244074 0.12120397016406061 15.250000000000002 31.681015968322757 30.489752769470218 -0.59817537665367115 19.250000000000004 2.1050125360488896 32.193466186523445 31.053791046142582 -0.54883790016174305 0.16705007851123813 1.0000000180025095e-35 0.25118774175643926 0.13301347196102145 0.15586890280246737 30.056657791137699 -0.42109696567058558 28.443555831909183 27.643974304199222 0.081675637513399138 0.5772862732410432 -0.38962684571743006 30.899731636047367 32.457199096679695 -0.43664719164371485 30.992472648620609 17.250000000000004
decision_type=2 2 2 2 2 2 2 2 2 2 2 2 2 2 2 2 2 2 2 2 2 2 2 2 2 2 2 2 2 2
left_child=8 2 4 14 -2 11 7 -7 -1 18 -9 -6 17 -5 -3 -16 -11 -13 19 20 -4 -20 -21 -24 25 -23 27 28 -27 -30
right_child=1 3 9 13 5 6 -8 10 -10 16 -12 12 -14 -15 15 -17 -18 -19 21 22 -22 24 23 -25 -26 26 -28 -29 29 -31
leaf_value=-0.00027208008296748836 -0.020311501354423306 -0.0064322869558049722 -0.0050363163330084983 -0.01726180721791724 0.010710361080441457 0.00052277141766549626 -0.014848150749194761 -0.08809542957769366 0.0031218707430162649 0.025595715465245569 -0.22490017902390616 0.017310545713090795 -0.042083746236400488 -0.078460988398301346 -0.050637495731879027 0.014647948242248335 -0.0093540686022104882 -0.038905735025634831 -0.040209976360980754 -0.00050777936111695338 0.033608379814651777 0.001644167621967554 0.0083566468911705372 -0.024998330756320783 0.00011466050708847195 -0.019962321359377644 0.031485833867547164 -0.026780909312604791 -0.083239842925848836 -0.21405762327568875
leaf_weight=375232 4880 21567 972 567 4433 51 1997 98 84656 2271 72 714 628 315 625 199 609 247 448 23442 1786 1583 17199 619 39989 130 188 544 172 84
leaf_count=375232 4880 21567 972 567 4433 51 1997 98 84656 2271 72 714 628 315 625 199 609 247 448 23442 1786 1583 17199 619 39989 130 188 544 172 84
internal_value=2.97677e-14 -0.00128287 0.000385526 -0.00867792 -0.00989108 -0.00371976 -0.0245497 -0.112215 0.000352677 0.00188303 -0.146036 0.00395225 -0.0149016 -0.0391187 -0.00747884 -0.0348707 0.0182053 0.00286162 0.00134367 0.00389563 0.0199889 -0.00126035 0.00281989 0.00719789 -0.0008516 -0.0151573 -0.0389469 -0.053185 -0.0903969 -0.126164
internal_weight=586317 126429 103156 23273 13120 8240 2218 221 459888 90036 170 6022 1589 882 22391 824 2880 961 87156 44018 2758 43138 41260 17818 42690 2701 1118 930 386 256
internal_count=586317 126429 103156 23273 13120 8240 2218 221 459888 90036 170 6022 1589 882 22391 824 2880 961 87156 44018 2758 43138 41260 17818 42690 2701 1118 930 386 256
is_linear=0
shrinkage=0.05


Tree=137
num_leaves=31
num_cat=0
split_feature=13 13 12 11 11 7 10 9 4 10 9 11 11 10 10 5 12 11 10 3 5 5 5 8 10 7 1 11 10 11
split_gain=108.383 214.319 341.435 261.767 218.813 233.898 284.305 230.235 220.509 218.325 261.672 265.517 452.831 602.185 395.064 793.258 382.785 312.197 467.056 320.578 301.382 268.177 259.907 249.189 277.718 375.049 244.297 240.127 255.381 236.653
threshold=80.250000000000014 78.750000000000014 15.250000000000002 -0.62538740038871754 -0.58427652716636647 37.15858459472657 0.77758994698524486 37.346353530883796 0.23347751051187518 0.6186656951904298 31.906658172607425 0.89771011471748363 -0.20930689573287961 -0.92913278937339772 0.39753912389278417 31.542144775390629 18.750000000000004 -0.93533331155776966 0.20088869333267215 34.943683624267585 30.490084648132328 37.939109802246101 31.92434120178223 1.5013155937194826 0.5772862732410432 30.690706253051761 30.129017829895023 -0.78295108675956715 -0.50495636463165272 -0.9946339726448058
decision_type=2 2 2 2 2 2 2 2 2 2 2 2 2 2 2 2 2 2 2 2 2 2 2 2 2 2 2 2 2 2
left_child=1 2 -1 -3 5 6 -5 -7 -6 10 23 12 13 16 -13 26 -12 18 19 -15 -14 -20 -11 24 27 -26 -16 28 -4 -25
right_child=-2 3 9 4 8 7 -8 -9 -10 22 11 14 20 17 15 -17 -18 -19 21 -21 -22 -23 -24 29 25 -27 -28 -29 -30 -31
leaf_value=-0.0023977021548336084 -0.0011813766127627197 0.0053697541511727584 0.034478922028376366 -0.010867177886166287 -0.00016592298428095328 -0.098496531712540469 0.051901581717511448 -0.024074121834914738 0.0057806404268816126 0.020863431793280967 -0.050570123267268757 -0.0088777936510182256 -0.023772615821034026 3.2562091835512377e-05 -0.08701502277648876 -0.017913045566055216 0.0020368453746653988 -0.0084915423098184551 0.0083876880925727142 -0.023709567908588816 0.006039278591732416 0.037856580831550614 0.0030642720512066143 0.024563209962577978 -0.093349800963538246 -0.0070680624727334582 -0.21568107021948657 0.0029829721723115886 0.0080965993266187957 -0.0040194591202947494
leaf_weight=122514 145850 40768 1214 1149 80478 118 214 871 19335 2142 1158 2418 893 8045 70 371 493 16480 2924 1727 16738 1049 48258 753 166 522 78 46847 3753 18921
leaf_count=122514 145850 40768 1214 1149 80478 118 214 871 19335 2142 1158 2418 893 8045 70 371 493 16480 2924 1727 16738 1049 48258 753 166 522 78 46847 3753 18921
internal_value=-3.64195e-12 0.000391184 -0.000373252 0.00198246 0.000630793 -0.0144433 -0.00101207 -0.0329536 0.000985999 0.00104386 -7.91873e-05 -0.00276703 -0.00190049 -0.00545689 -0.0173737 -0.0569555 -0.0348613 -0.00385072 0.00171355 -0.00416337 0.00452932 0.0161684 0.00382074 0.00187383 0.00367227 -0.027886 -0.154826 0.00409131 0.0145448 -0.00292549
internal_weight=586317 440467 297534 142933 102165 2352 1363 989 99813 175020 124620 52444 49507 31876 2937 519 1651 30225 13745 9772 17631 3973 50400 72176 52502 688 148 51814 4967 19674
internal_count=586317 440467 297534 142933 102165 2352 1363 989 99813 175020 124620 52444 49507 31876 2937 519 1651 30225 13745 9772 17631 3973 50400 72176 52502 688 148 51814 4967 19674
is_linear=0
shrinkage=0.05


Tree=138
num_leaves=31
num_cat=0
split_feature=10 7 10 8 3 10 10 10 10 10 2 8 5 11 9 11 12 11 5 10 10 1 10 10 3 13 9 10 7 10
split_gain=103.65 109.989 107.706 334.866 301.45 243.548 362.751 449.838 475.335 441.064 394.834 358.239 378.531 328.585 1031.92 935.812 605.501 595.362 530.334 1049.11 804.535 626.11 619.045 510.039 504.021 465.622 457.466 435.78 676.636 420.171
threshold=-0.99984258413314808 29.055762290954593 -0.021515898406505581 3.0847325325012211 29.363496780395511 -0.1330134719610214 -0.20931270718574521 -0.3415676057338714 -0.45972847938537592 -0.54883790016174305 7.0396254062652597 10.579854011535646 28.025094032287601 -0.78295108675956715 32.036619186401374 -0.69014781713485707 16.250000000000004 -0.63872575759887684 30.159094810485843 -0.69016700983047474 -0.67760851979255665 31.331593513488773 -0.65189296007156361 -0.71466678380966175 29.801715850830082 77.750000000000014 27.739242553710941 -0.66484925150871266 29.415464401245121 -0.82391539216041554
decision_type=2 2 2 2 2 2 2 2 2 2 2 2 2 2 2 2 2 2 2 2 2 2 2 2 2 2 2 2 2 2
left_child=1 -1 5 4 -4 6 7 8 9 13 -9 -11 -13 14 25 16 -15 -17 20 21 -18 -20 -22 -23 27 -2 29 28 -21 -19
right_child=2 -3 3 -5 -6 -7 -8 10 -10 11 -12 12 -14 15 -16 17 18 26 19 24 22 23 -24 -25 -26 -27 -28 -29 -30 -31
leaf_value=0.029535770309545725 0.0088631995221540149 0.0047978776135733873 0.0055216587284353923 0.0062192364231077419 -0.0003962916426099402 -0.006021170208623158 0.007358147548103146 -0.009879678262729839 0.0065651398079499095 -0.0056488512797440256 0.0064944324440860748 -0.070555099197407822 -0.017100922217502583 -5.3621711293987889e-05 -0.010874306668818261 0.015385435388915951 -0.014380464444464131 -0.0020246156300691475 -0.0057177154471929207 -0.13686004634256718 -0.10945252171290941 -0.013647876505162746 -0.038351199697034238 -0.089161232839330154 0.0099786648419799093 0.040733530874303731 0.00045571695230066508 -0.09618400637594976 0.076824953506495486 -0.026672853493099252
leaf_weight=540 2220 2676 23550 24475 249455 20301 14472 21276 24120 17163 4452 410 1723 5056 3451 6432 1386 4041 652 54 549 313 692 783 3038 2369 147305 223 118 3022
leaf_count=540 2220 2676 23550 24475 249455 20301 14472 21276 24120 17163 4452 410 1723 5056 3451 6432 1386 4041 652 54 549 313 692 783 3038 2369 147305 223 118 3022
internal_value=-2.43111e-12 0.00895163 -4.93713e-05 0.000616492 0.000114204 -0.000742881 -0.000339012 -0.000783079 -6.72836e-05 -0.000863174 -0.00704629 -0.00805057 -0.0273758 -9.99117e-05 0.00978194 -0.000557405 -0.0135341 0.000480732 -0.0222633 -0.0129844 -0.0405633 -0.0445154 -0.0698054 -0.0675958 0.00307051 0.0253158 -0.000140298 -0.0500611 0.0097378 -0.0125707
internal_weight=586317 3216 583101 297480 273005 285621 265320 250848 225120 201000 25728 19296 2133 181704 8040 173664 12864 160800 7808 5181 2627 1748 1241 1096 3433 4589 154368 395 172 7063
internal_count=586317 3216 583101 297480 273005 285621 265320 250848 225120 201000 25728 19296 2133 181704 8040 173664 12864 160800 7808 5181 2627 1748 1241 1096 3433 4589 154368 395 172 7063
is_linear=0
shrinkage=0.05


Tree=139
num_leaves=31
num_cat=0
split_feature=0 1 11 13 10 10 13 2 11 10 11 10 9 3 10 7 5 11 11 10 10 9 1 5 1 12 5 0 7 11
split_gain=103.425 120.879 214.111 301.991 177.482 120.533 114.609 187.644 347.875 597.743 248.61 366.874 218.149 308.317 248.716 206.504 199.27 190.373 532.148 266.21 192.69 220.878 259.083 454.188 190.049 344.153 187.478 192.095 185.037 174.144
threshold=62.201110839843757 25.505497932434086 0.88999459147453319 78.750000000000014 0.39753912389278417 0.47494667768478399 81.250000000000014 12.996385574340822 -0.66483077406883229 -0.444374069571495 -0.98798605799674977 -0.08167563751339911 26.860345840454105 29.610710144042972 -0.16705007851123807 33.839805603027351 27.17766094207764 -0.9946339726448058 -0.99049577116966236 1.0000000180025095e-35 -0.030120026320219036 36.059276580810554 33.350265502929695 32.523389816284187 33.487640380859382 15.250000000000002 34.14732742309571 6.07928490638733 32.323551177978523 0.74407637119293224
decision_type=2 2 2 2 2 2 2 2 2 2 2 2 2 2 2 2 2 2 2 2 2 2 2 2 2 2 2 2 2 2
left_child=1 2 3 -1 -4 -5 7 17 9 16 11 28 -12 14 15 -14 -9 19 24 20 21 22 26 -24 25 -19 27 -3 -11 -10
right_child=-2 6 4 5 -6 -7 -8 8 29 10 12 -13 13 -15 -16 -17 -18 18 -20 -21 -22 -23 23 -25 -26 -27 -28 -29 -30 -31
leaf_value=-0.0071274498425130672 0.0096491001637695646 0.014343958321749296 -0.017014158002891158 0.04940442574010568 -0.074571026416418898 -0.013563011917530707 -0.0015168804041939669 -0.05304420768771774 -8.68660313050767e-05 -0.064214626877733022 -0.034253323476250264 -0.0049881590152944305 0.030043442883318196 -0.0032119550005879662 -0.020105687987777482 -0.073053114533424376 -0.021841843805177976 -0.0050368063950010904 0.00059033865162848201 0.01328159413494377 -0.01244506215915233 0.042717725875183611 0.056128592656985415 -0.028215851928805935 -0.0049481992036013948 -0.042183223452866583 0.047978083544141584 -0.017577239284240369 -0.016746242698075616 0.017954242384437599
leaf_weight=2213 2764 1845 1621 380 146 95 100575 633 14264 476 408 2259 1700 5179 332 50 2670 1116 430577 6935 2293 364 186 1125 1927 1413 301 633 361 1476
leaf_count=2213 2764 1845 1621 380 146 95 100575 633 14264 476 408 2259 1700 5179 332 50 2670 1116 430577 6935 2293 364 186 1125 1927 1413 301 633 361 1476
internal_value=-3.55193e-12 -4.5703e-05 -0.00825032 0.00063696 -0.0217698 0.0368109 1.74151e-05 0.00033989 -0.00350165 -0.00921513 -0.00350616 -0.0154651 0.00132169 0.00332067 0.0195707 0.0270978 -0.0278216 0.000595082 0.00041244 0.00640237 -0.000668531 0.00539424 0.00207254 -0.0162494 -0.0167776 -0.0257912 0.0107159 0.00618975 -0.0437414 0.00160492
internal_weight=586317 583553 4455 2688 1767 475 579098 478523 29808 14068 10765 3096 7669 7261 2082 1750 3303 448715 435033 13682 6747 4454 4090 1311 4456 2529 2779 2478 837 15740
internal_count=586317 583553 4455 2688 1767 475 579098 478523 29808 14068 10765 3096 7669 7261 2082 1750 3303 448715 435033 13682 6747 4454 4090 1311 4456 2529 2779 2478 837 15740
is_linear=0
shrinkage=0.05


Tree=140
num_leaves=31
num_cat=0
split_feature=9 13 10 10 1 10 10 10 10 0 7 1 11 11 1 9 3 3 10 11 10 12 10 10 7 10 5 1 8 13
split_gain=101.79 119.712 109.154 142.686 141.142 179.53 100.661 330.987 308.197 244.43 214.18 219.558 199.098 400.539 192.244 829.409 269.964 234.675 287.635 208.706 183.156 170.181 169.933 653.085 550.548 685.11 305.827 318.577 284.492 388.008
threshold=43.448387145996101 77.750000000000014 0.56314551830291759 0.86095303297042858 41.779499053955085 0.51973900198936474 0.95992380380630504 0.94417876005172741 0.91927745938301098 1.2313645482063296 42.092353820800788 40.591190338134773 -0.12447465583682059 0.01290981797501445 38.259286880493171 38.698839187622077 35.833286285400398 37.834314346313484 0.94130858778953563 0.33345642685890203 0.9769294559955598 13.750000000000002 0.78829774260520946 0.75548630952835094 29.73897743225098 0.81403854489326488 38.256908416748054 41.098293304443366 1.0000000180025095e-35 77.250000000000014
decision_type=2 2 2 2 2 2 2 2 2 2 2 2 2 2 2 2 2 2 2 2 2 2 2 2 2 2 2 2 2 2
left_child=6 2 4 -4 -2 -6 7 8 22 12 11 -9 -8 -14 15 16 -10 -17 -19 -16 -11 -18 23 -1 -24 26 -26 -28 -25 -30
right_child=1 -3 3 -5 5 -7 9 10 14 20 -12 -13 13 -15 19 17 21 18 -20 -21 -22 -23 24 28 25 -27 27 -29 29 -31
leaf_value=-0.00025154259427694417 -0.086765869127878231 0.018073944221850519 0.031835886270817383 -0.032538022473454477 0.043073062849945803 -0.061679309296111262 0.0063418745621509334 -0.008609323548463315 0.0017567507883947085 0.029983062171295018 0.028999747365464946 -0.036796981082153117 -0.008305191506755797 0.0028879280157337486 0.020951278807535514 -0.070054102244959227 -0.0053933706013841749 0.019545637309912281 -0.069862785605376204 -0.030978542633209996 0.0064634784995728821 0.025520097098244838 0.048155811133917648 0.0091323419620718271 -0.012247339887336671 -0.0010291883514361435 -0.052069765640128468 -0.0039977164544065351 -0.0092016134707432907 0.04733550418509367
leaf_weight=451338 83 1576 244 133 86 78 13282 8493 5473 1253 349 752 11949 24138 3184 427 538 227 149 206 2439 2581 518 8028 6038 39597 1090 504 412 1152
leaf_count=451338 83 1576 244 133 86 78 13282 8493 5473 1253 349 752 11949 24138 3184 427 538 227 149 206 2439 2581 518 8028 6038 39597 1090 504 412 1152
internal_value=-5.23227e-12 0.0107348 -0.00780107 0.00912573 -0.0336367 -0.00674819 -4.04314e-05 -0.000247907 -7.85931e-05 0.00203607 -0.00945064 -0.0109021 0.00110804 -0.000818298 0.00758873 0.00390576 0.00844744 -0.0446897 -0.0158848 0.0177957 0.0144456 0.0201878 -0.000271302 2.28302e-05 -0.00311074 -0.00367302 -0.01739 -0.0368701 0.0129331 0.0324421
internal_weight=586317 2200 624 377 247 164 584117 531056 521462 53061 9594 9245 49369 36087 12785 9395 8592 803 376 3390 3692 3119 508677 460930 47747 47229 7632 1594 9592 1564
internal_count=586317 2200 624 377 247 164 584117 531056 521462 53061 9594 9245 49369 36087 12785 9395 8592 803 376 3390 3692 3119 508677 460930 47747 47229 7632 1594 9592 1564
is_linear=0
shrinkage=0.05


Tree=141
num_leaves=31
num_cat=0
split_feature=12 13 11 3 13 12 11 1 9 10 3 10 10 9 11 11 11 7 5 11 11 11 9 7 5 9 10 5 10 10
split_gain=98.2909 274.458 249.726 173.383 158.275 183.621 234.908 619.231 426.238 322.031 291.075 640.648 293.768 333.976 277.524 603.323 300.062 258.493 254.571 222.69 355.753 384.491 302.933 210.54 195.914 190.786 288.84 263.474 252.396 183.848
threshold=13.750000000000002 79.250000000000014 -0.73829901218414296 38.825445175170906 80.250000000000014 17.250000000000004 -0.97502842545509327 36.231637954711921 31.467846870422367 0.047320950776338584 33.589775085449226 -0.09881922602653502 0.15005400776863101 36.223758697509773 -0.49749487638473505 -0.43663504719734186 -0.5702211558818816 27.929874420166019 30.296562194824222 -0.62538740038871754 -0.69014781713485707 -0.72658059000968922 29.157420158386234 37.246870040893562 31.794390678405765 35.828414916992195 0.15005400776863101 34.14732742309571 0.15005400776863101 0.78829774260520946
decision_type=2 2 2 2 2 2 2 2 2 2 2 2 2 2 2 2 2 2 2 2 2 2 2 2 2 2 2 2 2 2
left_child=1 -1 -3 -4 -2 29 7 8 9 -7 25 -12 13 -13 16 -16 17 -8 -11 20 21 -19 -21 -14 -18 28 27 -27 -10 -6
right_child=4 2 3 -5 5 6 14 -9 10 18 11 12 23 -15 15 -17 24 19 -20 22 -22 -23 -24 -25 -26 26 -28 -29 -30 -31
leaf_value=-0.0026523381214306734 0.00088127808571013234 0.014997532585603711 0.0019828407257595263 -0.029828817854213908 0.0071402885493536059 0.00083291773785698305 -0.018362728602154869 -0.074369416216425385 -0.007323707096973428 0.1432074889802096 0.083572530944470896 -0.047272200504297049 -0.033339944887203397 -0.14957489508321917 -0.025096897392002371 -0.0018251308861415927 0.033720312852167679 0.0034113847684263789 0.031528279152235071 -0.063649079362412861 0.018940761950173024 -0.019285564754771747 -0.0060714092522949886 0.034897024550644515 0.0085250375385106554 0.027780146685685837 0.081424439727113801 -0.064509969663099742 -0.051170588581124971 -0.0066138676941914906
leaf_weight=81676 341289 4128 12931 443 11505 2535 1615 352 3424 57 111 961 316 87 2880 84465 1120 21199 487 251 3307 2046 2542 176 2480 232 143 116 363 3080
leaf_count=81676 341289 4128 12931 443 11505 2535 1615 352 3424 57 111 961 316 87 2880 84465 1120 21199 487 251 3307 2046 2542 176 2480 232 143 116 363 3080
internal_value=-2.72216e-12 -0.00143476 0.00424727 0.000929112 0.000292107 -0.00108655 -0.00167792 -0.00931131 -0.00676907 0.00832366 -0.0146069 -0.0324401 -0.040802 -0.0557649 -0.00109182 -0.00259246 0.00270082 0.00111213 0.04323 0.00218393 0.00359659 0.00141362 -0.0112458 -0.00892997 0.0163636 -0.00772458 0.0215999 -0.00298323 -0.0115266 0.00423574
internal_weight=586317 99178 17502 13374 487139 145850 131265 9360 9008 3079 5929 1651 1540 1048 121905 87345 34560 30960 544 29345 26552 23245 2793 492 3600 4278 491 348 3787 14585
internal_count=586317 99178 17502 13374 487139 145850 131265 9360 9008 3079 5929 1651 1540 1048 121905 87345 34560 30960 544 29345 26552 23245 2793 492 3600 4278 491 348 3787 14585
is_linear=0
shrinkage=0.05


Tree=142
num_leaves=31
num_cat=0
split_feature=11 12 10 9 11 9 3 3 9 11 12 10 11 10 1 12 2 7 8 4 13 12 11 3 11 0 0 11 5 1
split_gain=97.3343 128.581 205.867 181.579 166.521 214.078 145.248 144.994 154.781 126.179 234.24 353.974 200.038 274.682 564.502 827.98 857.451 224.103 188.939 186.063 181.401 359.56 274.17 268.078 279.275 329.308 211.517 199.502 512.724 344.683
threshold=0.99548450112342846 19.250000000000004 0.047320950776338584 25.9338493347168 0.99962961673736583 27.018005371093754 26.241848945617679 31.117238998413089 30.724729537963871 0.98043283820152294 19.250000000000004 -0.14153897762298581 0.9549313783645631 -0.24284747242927548 28.635541915893558 16.250000000000004 0.12086454406380655 31.004045486450199 0.095130976289510741 0.12160332128405572 76.750000000000014 16.250000000000004 -0.42108526825904841 29.048268318176273 0.94415253400802623 0.09513250365853311 4.7598819732666025 0.73246693611145031 30.392380714416507 30.164243698120121
decision_type=2 2 2 2 2 2 2 2 2 2 2 2 2 2 2 2 2 2 2 2 2 2 2 2 2 2 2 2 2 2
left_child=9 4 3 6 -2 -6 -3 8 -7 12 -11 -12 20 14 15 -14 17 19 -13 -17 21 22 -1 24 26 -26 -22 -25 -29 -30
right_child=1 2 -4 -5 5 7 -8 -9 -10 10 11 18 13 -15 -16 16 -18 -19 -20 -21 23 -23 -24 27 25 -27 -28 28 29 -31
leaf_value=-0.0095298525802945261 -0.005086044357573179 -0.098545793807647372 0.0075438103444629397 -0.016525738081888241 -0.051127109907592005 0.0079472997066941681 -0.0075572094254529295 -0.016984224685883592 0.035944037614556286 0.0067023854275901143 0.019826449135759941 -0.014252356123271177 0.00024508178390616418 -0.0015843832270209383 -0.0020597230105039123 -0.05674245563553211 -0.250935102502505 0.036675082635684093 -0.091345048456157485 -0.15511842650525712 0.00070060442285041155 0.0014616953164174468 -0.0017774544011854858 0.00063831021691874155 0.014994835591466561 0.077351616191094319 0.0085592121804262938 0.0038623976204257152 -0.018373113878671816 -0.0041970865411218401
leaf_weight=19008 10004 127 888 2063 152 2723 67 458 603 15744 888 2582 811 14472 3006 835 60 61 82 51 21981 42240 28512 348248 1160 259 14026 19738 4990 30478
leaf_count=19008 10004 127 888 2063 152 2723 67 458 603 15744 888 2582 811 14472 3006 835 60 61 82 51 21981 42240 28512 348248 1160 259 14026 19738 4990 30478
internal_value=-7.37752e-13 -0.00371855 -0.0128507 -0.0208747 -0.00165826 0.00705403 -0.0671219 0.00939111 0.0130231 0.000111609 0.00408574 -0.00751238 -2.7834e-05 -0.0050286 -0.0153613 -0.0373549 -0.0676365 -0.056023 -0.0166253 -0.0624052 0.000154012 -0.00189483 -0.00487841 0.000571142 0.00461924 0.0263764 0.00376181 0.000195625 -0.0025969 -0.00619151
internal_weight=586317 17085 3145 2257 13940 3936 194 3784 3326 569232 19296 3552 549936 19296 4824 1818 1007 947 2664 886 530640 89760 47520 440880 37426 1419 36007 403454 55206 35468
internal_count=586317 17085 3145 2257 13940 3936 194 3784 3326 569232 19296 3552 549936 19296 4824 1818 1007 947 2664 886 530640 89760 47520 440880 37426 1419 36007 403454 55206 35468
is_linear=0
shrinkage=0.05


Tree=143
num_leaves=31
num_cat=0
split_feature=3 11 12 1 0 10 11 1 10 9 10 11 9 11 11 10 10 10 10 13 9 3 10 9 11 12 10 10 8 7
split_gain=94.9611 261.924 288.049 325.798 282.513 629.592 397.839 298.864 473.948 485.074 411.928 365.713 588.511 297.033 322.713 293.721 1055.5 1131.04 291.326 287.628 284.168 273.94 709.251 255.324 397.869 247.22 256.9 386.945 436.248 292.158
threshold=29.877464294433597 0.75546532869339 19.250000000000004 27.419076919555668 7.9947328567504892 -0.012910176534205673 -0.20930689573287961 34.49452209472657 -0.96683886647224415 32.356893539428718 -0.97873103618621815 -0.10737737268209456 30.105833053588871 0.63207998871803295 0.56312987208366405 -0.78297284245491017 -0.88606244325637806 -0.86095303297042836 0.7324872910976411 78.750000000000014 32.323717117309577 31.669790267944339 -0.99273952841758717 25.9338493347168 0.99962961673736583 17.250000000000004 -0.48250326514244074 -0.54883790016174305 3.0847325325012211 32.258707046508796
decision_type=2 2 2 2 2 2 2 2 2 2 2 2 2 2 2 2 2 2 2 2 2 2 2 2 2 2 2 2 2 2
left_child=23 2 3 -2 7 6 19 8 9 11 -11 12 -5 14 15 16 -9 20 -15 -6 -18 22 -14 24 -1 26 27 28 29 -3
right_child=1 25 -4 4 5 -7 -8 13 -10 10 -12 -13 21 18 -16 -17 17 -19 -20 -21 -22 -23 -24 -25 -26 -27 -28 -29 -30 -31
leaf_value=-0.00686575920430324 0.031896310760091327 0.012958364064038795 0.0029786767350720106 -0.047786742803386836 -0.025848957645955808 0.004390224339406822 -0.00087328009579201032 -0.00040156471059384378 0.0026051890407063202 0.0099716485237167848 -0.018402647823320972 -0.0054525427855026815 -0.12234006611903132 -0.0069023228022351132 -0.018281023898028294 -0.001247569475653635 -0.025642902855933819 -0.022711402464468511 0.034711564787041203 -0.010029694967944905 -0.15043194590731948 -0.024077163038242658 0.016522305428256619 0.001731346180759606 -0.093061368178277121 -0.0063551158863645657 0.0013127530345402479 -0.030921613631742752 -0.042075463778191352 -0.02145187672299894
leaf_weight=5875 775 2618 74174 1519 4687 10796 6574 3449 129757 6717 1580 10602 99 688 3005 124295 54 782 1082 7426 294 1518 1292 118894 137 32323 32303 1616 579 807
leaf_count=5875 775 2618 74174 1519 4687 10796 6574 3449 129757 6717 1580 10602 99 688 3005 124295 54 782 1082 7426 294 1518 1292 118894 137 32323 32303 1616 579 807
internal_value=-3.52917e-13 -0.000331073 0.000173756 -0.000482579 -0.000561935 -0.00522263 -0.0107762 -8.27043e-05 0.00142559 -0.00513596 0.00456832 -0.010493 -0.0225614 -0.00181033 -0.00208341 -0.00170573 -0.0141422 -0.0560814 0.0185362 -0.0161508 -0.131068 -0.00938947 0.00663922 0.00122301 -0.00882996 -0.00314222 -0.000403761 -0.0102701 -0.00193516 0.00485061
internal_weight=586317 461411 391165 316991 316216 29483 18687 286733 153084 23327 8297 15030 4428 133649 131879 128874 4579 1130 1770 12113 348 2909 1391 124906 6012 70246 37923 5620 4004 3425
internal_count=586317 461411 391165 316991 316216 29483 18687 286733 153084 23327 8297 15030 4428 133649 131879 128874 4579 1130 1770 12113 348 2909 1391 124906 6012 70246 37923 5620 4004 3425
is_linear=0
shrinkage=0.05


Tree=144
num_leaves=31
num_cat=0
split_feature=10 9 13 11 5 1 10 11 1 9 9 12 9 11 12 7 10 11 10 1 10 10 3 3 10 4 10 9 11 11
split_gain=92.9431 108.798 160.319 139.234 118.371 115.484 94.8026 864.628 576.763 575.344 393.74 463.946 372.953 348.116 311.083 362.831 265.047 831.831 615.651 1094.84 729.887 624.318 403.267 396.177 458.669 402.259 378.181 652.68 697.22 376.784
threshold=-0.99984258413314808 30.975874900817875 80.250000000000014 1.0000000180025095e-35 31.512630462646488 33.441390991210945 -0.97109106183052052 -0.19244445115327832 31.363744735717777 27.018005371093754 32.814941406250007 18.750000000000004 29.667792320251468 -0.14153505116701123 15.750000000000002 33.311262130737312 -0.90880924463272084 -0.38961601257324213 -0.86958134174346913 34.555480957031257 -0.88606244325637806 -0.82391539216041554 31.328034400939945 32.807590484619148 -0.83354803919792164 1.0000000180025095e-35 -0.7721494436264037 31.006347656250004 0.60503363609313976 -0.30900555849075312
decision_type=2 2 2 2 2 2 2 2 2 2 2 2 2 2 2 2 2 2 2 2 2 2 2 2 2 2 2 2 2 2
left_child=1 -1 3 -3 -5 -4 7 8 9 -2 11 -9 -10 -12 -14 -16 17 -8 19 22 -21 23 -18 -20 25 -25 27 28 -23 -19
right_child=6 2 5 4 -6 -7 16 10 12 -11 13 -13 14 -15 15 -17 18 29 21 20 -22 26 -24 24 -26 -27 -28 -29 -30 -31
leaf_value=0.018227461213945705 -0.095757396324770538 0.025888681342414677 -0.037501037718335406 -0.043889976795762779 0.0059106973438492012 0.022238501493855228 0.028560133229727776 -0.0065785370853686624 -0.081926596182346267 0.0025089147380401113 0.036547976424013078 0.0082786667519559529 -0.0018187357433746558 0.0057128333545610052 -0.030323720606376139 -0.09211699674370083 -0.0166307811626096 -0.0074839071274973371 0.013265185385677336 -0.024963710466960734 -0.13857661780936398 -0.012208218842425409 -0.00033263515455593203 -0.038904112937374682 0.033431849213369169 0.0057163525247463688 8.9812104045666939e-05 0.0015522483718789942 -0.055302464676830254 0.0050145780496637128
leaf_weight=1514 160 626 377 165 431 103 3216 20471 419 2158 1027 7069 659 8417 1127 301 6624 8040 13511 303 265 6264 8888 1126 527 916 457677 8712 1104 24120
leaf_count=1514 160 626 377 165 431 103 3216 20471 419 2158 1027 7069 659 8417 1127 301 6624 8040 13511 303 265 6264 8888 1126 527 916 457677 8712 1104 24120
internal_value=2.63595e-12 0.00847669 -0.000197031 0.0094206 -0.0078764 -0.0246819 -4.67518e-05 -0.00234076 -0.0222502 -0.00427392 0.00025612 -0.00276497 -0.0388778 0.00906604 -0.0302351 -0.0433488 0.000130431 0.00431452 -0.000162139 -0.0097889 -0.0779697 0.000153881 -0.00729234 0.00984295 -0.00815542 -0.0188883 -0.00017498 -0.00771163 -0.0186653 0.00188996
internal_weight=586317 3216 1702 1222 596 480 583101 41808 4824 2318 36984 27540 2506 9444 2087 1428 541293 35376 505917 16080 568 489837 15512 16080 2569 2042 473757 16080 7368 32160
internal_count=586317 3216 1702 1222 596 480 583101 41808 4824 2318 36984 27540 2506 9444 2087 1428 541293 35376 505917 16080 568 489837 15512 16080 2569 2042 473757 16080 7368 32160
is_linear=0
shrinkage=0.05


Tree=145
num_leaves=31
num_cat=0
split_feature=13 6 13 1 11 2 11 10 10 10 11 3 10 7 10 9 10 10 5 7 12 9 11 10 10 3 5 5 1 13
split_gain=92.6229 179.864 260.371 146.177 156.605 138.475 325.263 255.526 250.928 560.979 325.56 398.772 393.817 328.724 290.641 270.06 339.635 231.276 192.448 180.397 178.013 169.394 168.581 172.929 168.107 159.146 156.31 153.163 238.596 183.158
threshold=81.750000000000014 1.0000000180025095e-35 83.250000000000014 31.896770477294925 0.76663044095039379 12.996385574340822 -0.29258950054645533 -0.66484925150871266 -0.444374069571495 -0.73831951618194569 -0.98518359661102284 29.610710144042972 -0.08167563751339911 32.323551177978523 -0.86958134174346913 26.860345840454105 -0.21772121638059613 -0.38168568909168238 30.709156036376957 33.545089721679695 14.250000000000002 25.9338493347168 0.96457844972610485 0.13301347196102145 -0.09881922602653502 27.02042388916016 32.593608856201179 27.17766094207764 27.298403739929203 77.750000000000014
decision_type=2 2 2 2 2 2 2 2 2 2 2 2 2 2 2 2 2 2 2 2 2 2 2 2 2 2 2 2 2 2
left_child=5 -2 -3 4 -4 -1 8 21 9 14 12 15 13 24 -7 16 17 -12 -16 20 -17 -8 -9 -24 25 -10 -21 28 -11 -29
right_child=1 2 3 -5 -6 6 7 22 10 27 11 -13 -14 -15 18 19 -18 -19 -20 26 -22 -23 23 -25 -26 -27 -28 29 -30 -31
leaf_value=0.00047332145830723582 -0.0033374940873885403 -0.0018354175702573862 0.017936680461005574 0.0029677974043294448 -0.017785932929356454 -0.013424936046290621 -0.071400666397871321 0.023527006667143555 -0.089219067688373954 -0.010847269797411102 0.050000683356076485 -0.0038173486151629465 -0.0032045805646539458 -0.0045516724194580886 0.02196455406154367 -0.0099235204517565401 0.046484760893924559 -0.067957561913824724 -0.0066635725577775546 0.023379069833557996 0.033273606327399494 0.000801078119506413 0.0166789097275221 -0.059051960419173724 -0.11307172771347196 -0.033246457227041941 -0.087140997717013724 -0.043889999674379607 -0.068190322246523619 -0.015229269029708035
leaf_weight=471243 51939 19562 3900 5942 333 2696 82 2109 170 286 50 6449 2699 484 1453 270 140 246 985 63 2044 8705 174 133 114 502 65 742 496 2241
leaf_count=471243 51939 19562 3900 5942 333 2696 82 2109 170 286 50 6449 2699 484 1453 270 140 246 985 63 2044 8705 174 133 114 502 65 742 496 2241
internal_value=2.45428e-12 -0.00156209 0.00153884 0.00802604 0.0151265 0.000252824 -0.00285837 0.00408687 -0.006364 -0.0128624 -0.00201462 0.00308919 -0.0140084 -0.0369686 -0.00211195 0.0185653 -0.0176827 -0.0480322 0.0103982 0.0250371 0.0282333 0.000127294 0.0184879 -0.0161296 -0.0569302 -0.0474062 -0.0327444 -0.0275219 -0.0472183 -0.0223584
internal_weight=586317 81676 29737 10175 4233 504641 33398 11203 22195 8899 13296 9327 3969 1270 5134 2878 436 296 2438 2442 2314 8787 2416 307 786 672 128 3765 782 2983
internal_count=586317 81676 29737 10175 4233 504641 33398 11203 22195 8899 13296 9327 3969 1270 5134 2878 436 296 2438 2442 2314 8787 2416 307 786 672 128 3765 782 2983
is_linear=0
shrinkage=0.05


Tree=146
num_leaves=31
num_cat=0
split_feature=3 9 11 10 0 11 10 10 10 11 11 1 7 10 1 12 4 10 8 10 10 10 7 10 10 10 12 10 6 12
split_gain=91.0928 235.846 357.66 235.415 406.696 461.029 329.095 263.009 495.054 784.78 394.521 287.109 285.813 308.573 283.281 274.467 244.489 203.138 235.515 196.771 193.137 189.484 274.129 186.775 712.553 530.829 335.241 286.209 370.772 267.564
threshold=29.048268318176273 25.9338493347168 0.99962961673736583 -0.038721922785043709 1.0000000180025095e-35 0.70860043168067943 -0.61188074946403492 -0.16705007851123807 -0.42888796329498285 -0.67758968472480763 -0.51235243678092945 29.659092903137211 33.690311431884773 -0.38168568909168238 29.199358940124515 15.250000000000002 5.6364703178405771 -0.95747631788253773 0.30458521842956549 -0.15005400776863095 -0.11593352630734442 -0.59817537665367115 29.055762290954593 -0.63874351978301991 -0.56314551830291737 -0.67760851979255665 15.750000000000002 -0.71466678380966175 12.447728157043459 17.250000000000004
decision_type=2 2 2 2 2 2 2 2 2 2 2 2 2 2 2 2 2 2 2 2 2 2 2 2 2 2 2 2 2 2
left_child=1 2 -1 4 21 7 -7 8 9 11 -11 23 13 14 -10 -15 19 18 -12 -9 -18 -3 -23 25 26 27 -25 29 -29 -6
right_child=-2 3 -4 -5 5 6 -8 16 12 10 17 -13 -14 15 -16 -17 20 -19 -20 -21 -22 22 -24 24 -26 -27 -28 28 -30 -31
leaf_value=-0.0064501489065388051 -0.00024518928439611049 0.0029921736145139925 -0.088291089573915862 0.0069914517131539388 0.0065075875968631514 0.048067737004085703 0.012933852246168234 0.050756516802471646 0.023513644558820837 0.02349084659697151 -0.0035964356119605762 -0.042012062548946072 -0.071517467598120374 -0.0083734706844394834 0.08479651512489865 0.020494791838229019 -0.059421329277457337 -0.0049018519554981203 0.019571574988053581 -0.011426863173880177 -0.002211208964568312 -0.0028474541814247165 -0.016511957123972687 -0.0064147677800363914 -0.024000383219892243 -0.073410092214388517 0.051048275601351639 0.027542065365698604 -0.049846307210402917 -0.058949411437016874
leaf_weight=5220 507731 6656 137 19741 251 812 3720 153 494 2619 1936 914 90 1108 305 3205 452 5368 2531 755 219 12330 5226 414 1584 413 656 662 202 413
leaf_count=5220 507731 6656 137 19741 251 812 3720 153 494 2619 1936 914 90 1108 305 3205 452 5368 2531 755 219 12330 5226 414 1584 413 656 662 202 413
internal_value=-9.97948e-13 0.00158413 -0.00854315 0.00232498 0.000602707 0.00456764 0.0192288 0.00188237 0.00322821 -0.000705256 0.00624557 -0.0164187 0.0168109 0.0183659 0.046907 0.0130786 -0.0178621 0.00165326 0.00953055 -0.000948827 -0.0407492 -0.0041915 -0.00691505 -0.0113279 -0.0027071 -0.0231155 0.0288149 -0.00952147 0.00944895 -0.0342059
internal_weight=586317 78586 5357 73229 53488 29276 4532 24744 23165 17963 12454 5509 5202 5112 799 4313 1579 9835 4467 908 671 24212 17556 4595 2654 1941 1070 1528 864 664
internal_count=586317 78586 5357 73229 53488 29276 4532 24744 23165 17963 12454 5509 5202 5112 799 4313 1579 9835 4467 908 671 24212 17556 4595 2654 1941 1070 1528 864 664
is_linear=0
shrinkage=0.05


Tree=147
num_leaves=31
num_cat=0
split_feature=11 11 1 9 12 5 5 11 9 3 5 11 9 1 12 9 11 10 9 2 13 6 7 7 0 10 10 12 0 3
split_gain=90.9275 726.46 369.39 507.402 605.114 757.666 276.254 250.461 515.514 412.31 377.871 341.371 220.296 206.067 371.497 202.609 201.661 330.754 200.64 304.831 297.04 220.895 194.908 191.509 190.745 189.929 173.204 170 169.255 247.077
threshold=-0.9946339726448058 -0.99049577116966236 33.536117553710945 29.854121208190922 17.250000000000004 33.491357803344734 36.551109313964851 -0.99759334325790394 33.177276611328132 32.923368453979499 32.348861694335945 -0.99626126885414112 35.073209762573249 31.054188728332523 15.750000000000002 36.983442306518562 -0.99759334325790394 -0.012910176534205673 30.788461685180668 2.4892171621322636 81.250000000000014 8.0204348564147967 35.370985031127937 30.031639099121097 18.094827651977543 0.012910176534205677 1.0000000180025095e-35 16.750000000000004 0.17278058081865313 36.559207916259773
decision_type=2 2 2 2 2 2 2 2 2 2 2 2 2 2 2 2 2 2 2 2 2 2 2 2 2 2 2 2 2 2
left_child=2 13 7 26 15 12 16 -1 10 -10 18 27 -6 14 -2 25 17 22 -9 -20 21 -21 -7 -15 -11 -5 -4 -12 29 -25
right_child=1 -3 3 4 5 6 -8 8 9 24 11 -13 -14 23 -16 -17 -18 -19 19 20 -22 -23 -24 28 -26 -27 -28 -29 -30 -31
leaf_value=0.003084379242956009 -0.0061056592587204975 7.6837702082277619e-05 0.0022663431994330427 -0.01046123301991575 0.00016554609449696221 -0.085736526395486234 -0.14199985654710176 0.007380340558095483 0.055669657858368637 0.017601449930159468 0.0050753953822211114 -0.0086156097397008212 0.094086970944902801 0.036043486608066354 -0.050035842716103812 0.037115926738067878 -0.070870968345419907 -0.0077843919366745607 0.0020931426842455652 -0.048398784543585746 0.0089068388324377579 -0.1356765888378782 0.0042918171286582948 -0.02866546318214205 -0.058216358106775383 0.013088566184852705 0.11151615830759208 0.07593906814126522 -0.0043344513879625367 0.05133776303618124
leaf_weight=8149 870 560589 52 1944 916 303 77 1021 1189 573 110 298 67 207 1077 409 491 581 494 188 127 118 75 1792 97 1530 120 367 2384 102
leaf_count=8149 870 560589 52 1944 916 303 77 1021 1189 573 110 298 67 207 1077 409 491 581 494 188 127 118 75 1792 97 1530 120 367 2384 102
internal_value=2.03228e-12 -0.000114864 0.00337534 -0.00625836 -0.00853839 -0.0276714 -0.0497123 0.00834315 0.0176958 0.0379935 0.00383848 0.0333684 0.00656711 -0.0168229 -0.030406 0.00382933 -0.0448115 -0.0314693 -0.00790981 -0.0247504 -0.0553756 -0.0820549 -0.0678738 -0.0109263 0.00662484 -8.95598e-05 0.0784871 0.0595973 -0.013199 -0.0243569
internal_weight=586317 567021 19296 6565 6393 2510 1527 12731 4582 1859 2723 775 983 6432 1947 3883 1450 959 1948 927 433 306 378 4485 670 3474 172 477 4278 1894
internal_count=586317 567021 19296 6565 6393 2510 1527 12731 4582 1859 2723 775 983 6432 1947 3883 1450 959 1948 927 433 306 378 4485 670 3474 172 477 4278 1894
is_linear=0
shrinkage=0.05


Tree=148
num_leaves=31
num_cat=0
split_feature=12 13 11 1 1 13 12 11 1 9 11 11 11 7 1 5 9 10 3 1 11 9 11 11 1 1 10 3 5 9
split_gain=90.7833 243.681 241.514 183.106 176.932 144.588 167.172 215.58 552.365 385.716 231.886 536.018 258.787 232.792 220.265 215.713 199.771 278.122 236.52 190.45 182.094 277.806 223.509 336.892 177.786 174.864 225.044 227.742 174.856 232.018
threshold=13.750000000000002 79.250000000000014 -0.14153505116701123 34.201402664184577 29.331702232360843 80.250000000000014 17.250000000000004 -0.97502842545509327 36.231637954711921 29.964596748352054 -0.49749487638473505 -0.43663504719734186 -0.5702211558818816 28.311470031738285 34.095119476318366 30.263042449951175 35.290496826171882 0.16705007851123813 33.173946380615241 30.680515289306644 -0.61186373233795155 29.294579505920414 -0.69014781713485707 -0.72658059000968922 36.816589355468757 28.376592636108402 -0.28435654938220972 28.626117706298832 31.052776336669925 30.139940261840824
decision_type=2 2 2 2 2 2 2 2 2 2 2 2 2 2 2 2 2 2 2 2 2 2 2 2 2 2 2 2 2 2
left_child=1 -1 3 -3 -4 -2 -7 8 9 15 12 28 13 25 -11 19 -16 18 -18 -8 22 -22 23 -15 -14 26 27 -9 -12 -30
right_child=5 2 4 -5 -6 6 7 10 -10 14 11 -13 24 20 16 -17 17 -19 -20 -21 21 -23 -24 -25 -26 -27 -28 -29 29 -31
leaf_value=-0.0025261577676773846 0.00084385047872585599 0.024808706740405036 0.016100147689826698 0.0064127316762451307 -0.004046379589523314 0.0040413467170971702 -0.019962858840207501 -0.028256956594085454 -0.070359045275042512 -0.007286940068484145 -0.055712119433525442 -0.0016882097435849846 0.022360570178445685 0.0032399799317035004 -0.019181407841887058 0.039041198095897789 -0.015705477738497304 -0.0021447855171212687 -0.14362200392830757 0.038241308359997117 -0.072519518224048785 -0.0065746710167108747 0.014362397412166298 -0.018217137503562388 -0.0019251313673382632 -0.022797932754902078 0.092605266546549866 0.055212863659263291 0.033195937736560287 -0.023329829190409965
leaf_weight=81676 341289 1727 1255 6241 8279 14585 447 271 352 6590 370 84465 2526 20877 840 650 51 101 124 205 174 1944 3863 2005 1074 1636 73 117 197 2313
leaf_count=81676 341289 1727 1255 6241 8279 14585 447 271 352 6590 370 84465 2526 20877 840 650 51 101 124 205 174 1944 3863 2005 1074 1636 73 117 197 2313
internal_value=1.79977e-12 -0.00137888 0.0039751 0.0103999 -0.00139441 0.000280729 -0.00103697 -0.00160123 -0.00891384 -0.00651279 -0.00103976 -0.00241148 0.00242704 0.000951651 -0.0107656 0.0186581 -0.0313074 -0.0682128 -0.106343 -0.00166247 0.0021203 -0.0119922 0.0032379 0.00135983 0.0151153 -0.0151335 0.0120661 -0.00308693 -0.0236235 -0.0188933
internal_weight=586317 99178 17502 7968 9534 487139 145850 131265 9360 9008 121905 87345 34560 30960 7706 1302 1116 276 175 652 28863 2118 26745 22882 3600 2097 461 388 2880 2510
internal_count=586317 99178 17502 7968 9534 487139 145850 131265 9360 9008 121905 87345 34560 30960 7706 1302 1116 276 175 652 28863 2118 26745 22882 3600 2097 461 388 2880 2510
is_linear=0
shrinkage=0.05


Tree=149
num_leaves=31
num_cat=0
split_feature=5 10 10 1 1 3 11 1 0 10 11 13 10 11 10 9 11 10 11 10 9 10 11 1 1 12 12 10 10 3
split_gain=89.6324 117.854 141.61 151.392 212.409 93.654 230.994 259.74 251.706 524.847 418.669 365.788 222.671 283.722 278.728 328.449 571.26 257.311 408.855 353.784 730.838 350.964 302.67 267.282 262.749 245.141 221.437 239.327 288.209 589.469
threshold=43.40974426269532 0.49002411961555487 0.54883790016174328 41.300508499145515 42.860454559326179 29.877464294433597 0.75546532869339 27.419076919555668 3.8257840871810918 0.15005400776863101 -0.10737737268209456 83.250000000000014 0.64534214138984691 -0.73829901218414296 0.56314551830291759 28.799597740173343 0.79874977469444286 0.44437406957149511 0.86527520418167125 0.39753912389278417 28.745961189270023 0.28435654938220983 0.84750953316688549 28.804106712341312 27.748803138732914 18.750000000000004 17.750000000000004 -0.46735489368438715 -0.54883790016174305 31.452585220336918
decision_type=2 2 2 2 2 2 2 2 2 2 2 2 2 2 2 2 2 2 2 2 2 2 2 2 2 2 2 2 2 2
left_child=5 -2 3 -3 -5 12 7 -7 -9 10 11 -10 14 -14 17 16 -16 19 22 21 24 -1 -19 -22 -21 -18 27 28 -8 -30
right_child=1 2 -4 4 -6 6 26 8 9 -11 -12 -13 13 -15 15 -17 25 18 -20 20 23 -23 -24 -25 -26 -27 -28 -29 29 -31
leaf_value=0.00041720355214263922 0.049047911487056714 -0.082338525227236531 0.012346293863146972 0.056832988123579689 -0.036314885647103771 0.027194873492169119 -0.0021329809601719932 0.00058158989609585017 -0.010466386371642669 0.0043744835327800885 0.0029377701126478322 0.0094316435593671533 0.095312983967433471 0.012186342786395923 -0.0055935617792543281 -0.0072525727252399953 -0.050306044803424314 0.013021734326586435 0.026538906558804837 -0.042357055980314334 -0.07510679681246113 0.013542170361561651 -0.034374282032125246 -0.024702741080033855 0.047752637668038458 -0.18172645799815657 -0.0065941258461251874 0.00082372261584873338 -0.0075115638426554764 -0.062744424432836107
leaf_weight=110289 177 81 1771 93 179 883 4746 329667 28806 17125 9872 2511 107 2524 189 993 55 768 2379 103 451 5340 600 631 377 100 26689 36468 1662 681
leaf_count=110289 177 81 1771 93 179 883 4746 329667 28806 17125 9872 2511 107 2524 189 993 55 768 2379 103 451 5340 600 631 377 100 26689 36468 1662 681
internal_value=-3.51346e-12 0.00984896 0.00658238 -0.0223352 -0.00446653 -3.88045e-05 -0.000369063 0.000107613 4.59657e-05 -0.00298208 -0.0060407 -0.00887096 0.00117511 0.015567 0.000865436 -0.0218388 -0.0639438 0.00111644 0.0140145 0.000704043 -0.0229325 0.00102334 -0.00776599 -0.0457122 0.0284166 -0.135093 -0.00300782 -0.000810358 -0.00921657 -0.0235652
internal_weight=586317 2301 2124 353 272 584016 459110 388864 387981 58314 41189 31317 124906 2631 122275 1337 344 120938 3747 117191 1562 115629 1368 1082 480 155 70246 43557 7089 2343
internal_count=586317 2301 2124 353 272 584016 459110 388864 387981 58314 41189 31317 124906 2631 122275 1337 344 120938 3747 117191 1562 115629 1368 1082 480 155 70246 43557 7089 2343
is_linear=0
shrinkage=0.05


Tree=150
num_leaves=31
num_cat=0
split_feature=11 11 1 9 12 5 11 10 7 10 3 9 7 10 9 10 11 9 3 5 11 10 9 12 12 1 12 13 0 5
split_gain=88.3877 639.067 335.693 475.435 545.109 712.036 304.1 346.827 283.352 272.989 233.516 217.687 217.371 207.154 196.628 195.655 191.495 470.495 385.082 352.648 314.698 194.21 308.993 397.977 216.102 188.595 253.547 339.514 229.138 218.51
threshold=-0.9946339726448058 -0.99049577116966236 33.305685043334968 29.780797958374027 17.250000000000004 33.084299087524421 -0.99759334325790394 -0.012910176534205673 34.553197860717781 -0.012910176534205673 35.833286285400398 33.785501480102546 34.809295654296882 1.0000000180025095e-35 36.983442306518562 0.012910176534205677 -0.99759334325790394 33.177276611328132 32.923368453979499 32.348861694335945 -0.99626126885414112 0.064507851377129569 31.529391288757328 16.250000000000004 17.250000000000004 32.84704780578614 15.250000000000002 81.250000000000014 0.38485352694988256 36.225828170776374
decision_type=2 2 2 2 2 2 2 2 2 2 2 2 2 2 2 2 2 2 2 2 2 2 2 2 2 2 2 2 2 2
left_child=2 25 16 13 14 9 7 12 -8 11 -9 -6 -7 -4 15 -5 -1 19 -19 21 -21 22 -18 -24 -23 26 -2 -28 29 -27
right_child=1 -3 3 4 5 6 8 10 -10 -11 -12 -13 -14 -15 -16 -17 17 18 -20 20 -22 24 23 -25 -26 28 27 -29 -30 -31
leaf_value=0.003638868776442573 -0.0045463825069969642 6.6553092080289788e-05 -0.0033825888385763392 -0.0095872459770566156 0.022377702107291616 -0.085789733592374545 -0.043168526996199996 0.0012458544639382901 -0.11382694423190971 -0.0069708539537860024 -0.086495538498548907 0.11630498336607152 -0.015070187249392158 0.10570431874297999 0.036532765887855492 0.013372113882027206 -0.0022625251195744467 0.053411309720174098 0.0042369427805543274 0.058630927006266126 -0.0088717791662421275 -0.0057051860116369372 0.01109043233474339 -0.092828382426175263 0.053948130665085706 -0.025745374064594109 -0.047047179141962436 -0.0060042962443966619 0.0077237649278469184 0.038865093439946784
leaf_weight=7668 1136 560589 64 2127 201 322 345 703 241 662 85 89 164 136 419 1646 812 1168 604 453 279 485 143 259 221 1434 1523 753 1442 144
leaf_count=7668 1136 560589 64 2127 201 322 345 703 241 662 85 89 164 136 419 1646 812 1168 604 453 279 485 143 259 221 1434 1523 753 1442 144
internal_value=2.21988e-12 -0.000113249 0.00332786 -0.0052163 -0.00738685 -0.0244179 -0.042418 -0.0287065 -0.0722277 0.0107504 -0.00821864 0.0512037 -0.0619255 0.0707965 0.00403761 0.00042895 0.00841818 0.016702 0.0366498 0.00337342 0.0329024 -0.00788451 -0.0200114 -0.0558622 0.0129682 -0.0157841 -0.023839 -0.0334684 -0.00668365 -0.0198494
internal_weight=586317 567021 19296 7204 7004 2812 1860 1274 586 952 788 290 486 200 4192 3773 12092 4424 1772 2652 732 1920 1214 402 706 6432 3412 2276 3020 1578
internal_count=586317 567021 19296 7204 7004 2812 1860 1274 586 952 788 290 486 200 4192 3773 12092 4424 1772 2652 732 1920 1214 402 706 6432 3412 2276 3020 1578
is_linear=0
shrinkage=0.05


Tree=151
num_leaves=31
num_cat=0
split_feature=11 9 10 9 5 10 3 10 7 1 13 3 13 11 12 5 10 3 11 11 11 11 11 10 6 11 5 1 11 10
split_gain=88.2207 171.997 158.445 143.344 171.002 136.418 123.186 122.577 120.99 118.729 112.054 110.012 102.282 291.942 183.044 172.042 235.446 158.025 232.599 326.964 996.294 243.67 304.28 506.197 230.309 195.26 463.385 348.701 554.92 339.654
threshold=0.9969642460346223 32.258962631225593 1.0000000180025095e-35 29.964596748352054 27.428091049194339 0.012910176534205677 30.992472648620609 -0.038721922785043709 32.77949523925782 31.675247192382816 80.750000000000014 30.125082015991214 76.750000000000014 -0.63872575759887684 12.750000000000002 29.610651016235355 -0.22611359506845471 27.436041831970218 -0.98518359661102284 -0.89388549327850331 -0.83352491259574879 -0.78295108675956715 -0.73829901218414296 -0.65189296007156361 7.1245946884155282 0.56312987208366405 35.676416397094734 27.01949501037598 0.88999459147453319 -0.74981945753097523
decision_type=2 2 2 2 2 2 2 2 2 2 2 2 2 2 2 2 2 2 2 2 2 2 2 2 2 2 2 2 2 2
left_child=12 3 -3 11 -5 6 7 9 -4 -6 -9 -2 13 -1 -15 16 -16 18 24 -20 -21 -22 23 -23 -14 -19 27 28 -27 -29
right_child=1 2 8 4 5 -7 -8 10 -10 -11 -12 -13 17 14 15 -17 -18 25 19 20 21 22 -24 -25 -26 26 -28 29 -30 -31
leaf_value=-0.005718126823123045 -0.0040453567892865102 0.022913968152027109 -0.0583837579664859 0.094515333818988162 -0.0066297040298775277 -0.0069272990835504691 -0.0073279070141718805 0.030025977892583912 -0.014394758884349733 0.056143038597177057 -0.026093436523418251 -0.019725529052848016 -0.00094743528738617903 -0.0066941709939023547 0.0024162694172144591 -2.5819907558006145e-05 0.018187877322139012 0.00087621639576770266 0.026516570158626268 -0.071780875311112019 0.047428452843159073 -0.12694749434789021 0.0061657076301644929 0.019303494758101378 -0.076646247408574536 0.0064659592940746625 -0.029032768148956108 -0.010098949047920762 -0.048536101245903053 -5.4018631508323496e-05
leaf_weight=27744 7038 131 330 52 662 1914 723 1211 297 85 96 1330 250 8128 8835 48893 3232 330695 1785 423 349 114 12004 123 168 865 1501 9066 976 117297
leaf_count=27744 7038 131 330 52 662 1914 723 1211 297 85 96 1330 250 8128 8835 48893 3232 330695 1785 423 349 114 12004 123 168 865 1501 9066 976 117297
internal_value=-9.78867e-13 -0.00394035 -0.0270978 -0.00260152 0.00434275 0.00334318 0.0104219 0.0166698 -0.0375469 0.000513111 0.025904 -0.00653754 9.54649e-05 -0.00138575 0.000354017 0.00129378 0.0066405 0.000397031 0.00541031 0.0064493 0.00369666 0.00623257 0.00505804 -0.0510451 -0.0313718 0.000231344 -0.00141282 -0.00108945 -0.0226932 -0.000774699
internal_weight=586317 13869 758 13111 4743 4691 2777 2054 627 747 1307 8368 572448 96832 69088 60960 12067 475616 15216 14798 13013 12590 12241 237 418 460400 129705 128204 1841 126363
internal_count=586317 13869 758 13111 4743 4691 2777 2054 627 747 1307 8368 572448 96832 69088 60960 12067 475616 15216 14798 13013 12590 12241 237 418 460400 129705 128204 1841 126363
is_linear=0
shrinkage=0.05


Tree=152
num_leaves=31
num_cat=0
split_feature=12 13 11 1 1 1 3 3 13 13 11 12 12 11 3 10 9 9 11 11 7 11 5 11 11 11 9 9 10 9
split_gain=86.8795 259.165 263.014 260.073 199.639 168.06 153.619 151.126 149.903 169.371 256.266 239.83 151.866 195.45 539.345 314.063 328.38 230.523 215.472 484.892 263.551 201.02 196.351 190.329 284.493 315.272 245.964 177.356 266.056 218.447
threshold=14.250000000000002 79.250000000000014 -0.14153505116701123 33.260351181030281 29.331702232360843 38.704837799072273 39.068428039550788 38.948221206665046 80.250000000000014 76.250000000000014 -0.09024826809763907 17.250000000000004 17.250000000000004 -0.97106409072875965 34.041837692260749 -0.064507851377129541 31.498968124389652 29.817021369934086 -0.49749487638473505 -0.43663504719734186 27.929874420166019 -0.5702211558818816 31.422794342041019 -0.62538740038871754 -0.69014781713485707 -0.72658059000968922 29.157420158386234 38.940244674682624 0.15005400776863101 36.223758697509773
decision_type=2 2 2 2 2 2 2 2 2 2 2 2 2 2 2 2 2 2 2 2 2 2 2 2 2 2 2 2 2 2
left_child=1 6 3 -3 -4 -5 -1 -6 9 10 11 -2 -10 14 17 -16 -17 -14 20 -20 -15 23 -23 24 25 -22 -25 28 29 -18
right_child=8 2 4 5 7 -7 -8 -9 12 -11 -12 -13 13 18 15 16 27 -19 19 -21 21 22 -24 26 -26 -27 -28 -29 -30 -31
leaf_value=-0.0020932989755029214 -0.01290131808990801 0.030455403545363781 0.014852090452878032 0.0094206247749493502 -0.0032839162512010426 -0.0088571983860350149 -0.025765569151355552 -0.085631248401477941 0.0038325013672008499 0.0013409557719474587 0.0016946082587217964 -0.00084952308512705474 0.016901354468697494 -0.017060628614762624 0.053773842235683524 0.025842902189859948 -0.046589778101746644 -0.0061341596159839758 -0.022476534762069303 -0.0016135218140230824 0.0032159117249398574 0.035496843214980422 0.0079601502735982699 -0.057600689000372157 0.017053855898921756 -0.017365500100341144 -0.0057186765270415283 -0.076689799607339668 -0.010370872546903474 -0.14429011412937526
leaf_weight=101405 8256 1288 1669 7838 10987 1498 690 56 14585 280032 18492 8256 1294 1655 103 194 741 6759 2880 84465 20544 858 2637 251 3307 2046 2542 315 612 62
leaf_count=101405 8256 1288 1669 7838 10987 1498 690 56 14585 280032 18492 8256 1294 1655 103 194 741 6759 2880 84465 20544 858 2637 251 3307 2046 2542 315 612 62
internal_value=3.44368e-13 -0.00116669 0.00358715 0.00939357 -0.00126554 0.00648787 -0.00225329 -0.00370151 0.000317518 0.000931069 -0.00234802 -0.00687542 -0.00100775 -0.00154556 -0.00823527 -0.0312881 -0.0358419 -0.00243269 -0.000989119 -0.00230143 0.00239811 0.00339871 0.0147202 0.00201953 0.00335695 0.00135183 -0.0103812 -0.0427591 -0.0352056 -0.0541333
internal_weight=586317 125431 23336 10624 12712 9336 102095 11043 460886 315036 35004 16512 145850 131265 10080 2027 1924 8053 121185 87345 33840 32185 3495 28690 25897 22590 2793 1730 1415 803
internal_count=586317 125431 23336 10624 12712 9336 102095 11043 460886 315036 35004 16512 145850 131265 10080 2027 1924 8053 121185 87345 33840 32185 3495 28690 25897 22590 2793 1730 1415 803
is_linear=0
shrinkage=0.05


Tree=153
num_leaves=31
num_cat=0
split_feature=3 9 11 10 0 11 10 11 10 11 11 7 10 1 1 2 4 10 7 9 10 10 8 11 7 1 10 10 7 10
split_gain=84.3005 208.86 321.695 202.311 362.949 405.569 296.923 205.659 423.778 678.01 343.359 259.498 278.434 257.049 255.112 240.842 211.964 189.45 239.852 214.847 408.798 182.637 214.78 190.079 208.69 179.158 174.249 173.776 247.667 173.548
threshold=29.048268318176273 25.9338493347168 0.99962961673736583 -0.038721922785043709 1.0000000180025095e-35 0.70860043168067943 -0.61188074946403492 -0.98518359661102284 -0.42888796329498285 -0.67758968472480763 -0.51235243678092945 33.690311431884773 -0.38168568909168238 29.659092903137211 29.199358940124515 5.4380915164947519 4.1099109649658212 -0.28435654938220972 25.926727294921879 28.376096725463871 -0.3334656953811645 -0.95747631788253773 1.0790319442749026 -0.14153505116701123 29.101040840148929 29.659092903137211 -0.15005400776863095 -0.59817537665367115 29.055762290954593 -0.11593352630734442
decision_type=2 2 2 2 2 2 2 2 2 2 2 2 2 2 2 2 2 2 2 2 2 2 2 2 2 2 2 2 2 2
left_child=1 2 -1 4 27 7 -7 16 9 13 -11 12 14 -9 -10 -14 26 19 -19 -17 -21 22 23 -12 -25 -5 -6 -3 -29 -18
right_child=-2 3 -4 25 5 6 -8 8 11 10 21 -13 15 -15 -16 17 29 18 -20 20 -22 -23 -24 24 -26 -27 -28 28 -30 -31
leaf_value=-0.0060213715058037775 -0.0002358710207665434 0.0029749581895785583 -0.083638534743855478 0.0048744351353009639 0.052103700630457987 0.045514256297180596 0.012141859052083233 -0.010386226457532018 0.022001921467582966 0.021951335142324585 0.018711709183273677 -0.06855545728570886 -0.0026448620697315443 -0.039419641620474427 0.080157996941602139 -0.0346628560082669 -0.051865732987038796 -0.045923824688758365 0.039324198504500044 0.049327247641791007 -0.015784718252982555 -0.0046366868961359806 0.020651406092215566 0.013991743232532628 -0.024463242275731979 0.020111722436346048 -0.0086087544554105666 -0.0026464473483759263 -0.015634698265449793 -0.0011785512688734078
leaf_weight=5220 507731 6656 137 17574 143 812 3720 4595 494 2619 789 90 1691 914 305 246 500 88 1323 496 469 5368 2107 535 1036 2167 681 12330 5226 255
leaf_count=5220 507731 6656 137 17574 143 812 3720 4595 494 2619 789 90 1691 914 305 246 500 88 1323 496 469 5368 2107 535 1036 2167 681 12330 5226 255
internal_value=-2.05702e-12 0.00152392 -0.00800635 0.0022211 0.000624507 0.00437013 0.0181212 0.00185155 0.00304165 -0.000597658 0.00586306 0.0156085 0.0170903 -0.0152032 0.0442017 0.0120678 -0.0156081 0.0215564 0.0340075 0.0070489 0.0176822 0.00157885 0.00904807 -0.00131136 -0.0113675 0.00654706 0.00192751 -0.00390452 -0.00651274 -0.0347462
internal_weight=586317 78586 5357 73229 53488 29276 4532 24744 23165 17963 12454 5202 5112 5509 799 4313 1579 2622 1411 1211 965 9835 4467 2360 1571 19741 824 24212 17556 755
internal_count=586317 78586 5357 73229 53488 29276 4532 24744 23165 17963 12454 5202 5112 5509 799 4313 1579 2622 1411 1211 965 9835 4467 2360 1571 19741 824 24212 17556 755
is_linear=0
shrinkage=0.05


Tree=154
num_leaves=31
num_cat=0
split_feature=10 12 10 10 5 11 11 13 3 9 9 11 1 9 1 10 2 10 0 12 3 5 7 9 1 9 3 10 3 11
split_gain=85.1219 277.309 297.858 274.414 201.024 168.888 291.709 267.228 179.01 174.531 168.213 164.023 157.918 146.012 156.336 140.52 395.915 257.361 210.088 190.775 172.09 392.34 226.878 199.315 150.763 759.303 217.792 283.855 211.208 181.634
threshold=0.97109106183052074 18.750000000000004 0.98211652040481578 0.99628895521163952 42.096481323242195 0.13300977647304538 0.047319635748863227 78.250000000000014 38.703609466552741 39.845390319824226 41.532588958740241 -0.05591491982340812 39.068861007690437 39.57866287231446 37.633964538574226 0.94417876005172741 0.12086454406380655 0.91927745938301098 0.23258588463068011 16.750000000000004 35.231376647949226 34.491258621215827 36.302387237548835 40.92570877075196 38.259286880493171 39.188413619995124 37.933065414428718 0.94130858778953563 35.833286285400398 0.33345642685890203
decision_type=2 2 2 2 2 2 2 2 2 2 2 2 2 2 2 2 2 2 2 2 2 2 2 2 2 2 2 2 2 2
left_child=15 2 -2 4 -3 6 9 -7 -9 -4 -6 -5 -11 14 -8 17 18 -1 19 -17 22 -22 -21 -23 25 28 -27 -28 -19 -26
right_child=1 3 5 11 10 7 13 8 -10 12 -12 -13 -14 -15 -16 16 -18 24 -20 20 21 23 -24 -25 29 26 27 -29 -30 -31
leaf_value=-0.000201609119093308 0.0088166040350154753 0.015337967299763675 -0.0064977288026573671 -0.021026146023049714 0.026399034165359776 0.0014932074247640448 0.0046515557905209342 -0.021203492593731436 -0.075926145255883662 -0.021102324173290735 -0.080438516526264006 0.0033306590634677178 0.015744278676135849 -0.022279559553247126 0.022707801763286149 -0.0024756384199281375 0.017504123317834647 0.0014702412595668461 0.012445211251191059 -0.0058119920740933046 -0.11046572627532668 -0.020150279290951825 0.060862973182849646 0.0061312301688623812 0.018741679335344597 -0.076997505681617062 0.025328554908434549 -0.074112569640471235 0.017506565888635053 -0.029667609984572813
leaf_weight=510741 7056 7617 14461 864 58 1680 3755 1684 164 353 101 3456 1650 364 1761 6577 1824 5487 1266 1857 113 5073 137 841 3263 335 165 127 3281 206
leaf_count=510741 7056 7617 14461 864 58 1680 3755 1684 164 353 101 3456 1650 364 1761 6577 1824 5487 1266 1857 113 5073 137 841 3263 335 165 127 3281 206
internal_value=-1.23944e-12 0.0020889 -0.000289403 0.00856319 0.0141765 -0.00277286 -0.00116763 -0.0129393 -0.0260598 -0.0045818 -0.0414663 -0.0015407 0.00925059 0.00839205 0.0104161 -0.000173752 -0.0045569 -2.56844e-05 -0.00709341 -0.00878788 -0.0139638 -0.0181763 -0.00123101 -0.0164129 0.00695908 0.00366993 -0.0494852 -0.0179215 0.00747106 0.015867
internal_weight=586317 45024 32928 12096 7776 25872 22344 3528 1848 16464 159 4320 2003 5880 5516 541293 17688 523605 15864 14598 8021 6027 1994 5914 12864 9395 627 292 8768 3469
internal_count=586317 45024 32928 12096 7776 25872 22344 3528 1848 16464 159 4320 2003 5880 5516 541293 17688 523605 15864 14598 8021 6027 1994 5914 12864 9395 627 292 8768 3469
is_linear=0
shrinkage=0.05


Tree=155
num_leaves=31
num_cat=0
split_feature=11 11 1 9 12 5 9 10 10 1 11 11 7 10 10 9 5 7 13 12 12 3 7 12 10 3 7 11 7 10
split_gain=84.2621 558.74 306.709 385.61 476.128 690.082 218.177 298.259 202.552 194.668 214.384 194.57 195.251 695.365 408.282 405.759 358.015 290.513 349.692 290.114 237.492 233.375 211.357 197.605 271.274 183.357 264.137 334.105 198.642 182.88
threshold=-0.9946339726448058 -0.99049577116966236 33.394697189331062 29.92817306518555 16.750000000000004 33.985527038574226 33.177276611328132 0.081675637513399138 1.0000000180025095e-35 35.297071456909187 -0.99759334325790394 -0.99862980842590321 33.358106613159187 -0.064507851377129541 0.047320950776338584 32.099849700927741 32.849412918090827 32.323551177978523 80.250000000000014 16.750000000000004 16.250000000000004 32.807590484619148 32.290451049804695 15.250000000000002 -0.08167563751339911 33.173946380615241 34.614648818969734 -0.99862980842590321 34.43523025512696 0.047320950776338584
decision_type=2 2 2 2 2 2 2 2 2 2 2 2 2 2 2 2 2 2 2 2 2 2 2 2 2 2 2 2 2 2
left_child=2 -2 11 8 29 9 -7 -8 -4 25 -11 -1 14 -14 15 16 21 20 23 -16 -17 -13 -21 -19 -25 26 27 -6 -27 -5
right_child=1 -3 3 4 5 6 7 -9 -10 10 -12 12 13 -15 19 17 -18 18 -20 22 -22 -23 -24 24 -26 28 -28 -29 -30 -31
leaf_value=0.0010353204371495071 -0.014763509751791033 5.7548382962489234e-05 -0.0046939016549452529 -0.0008007830309330259 -0.021271258453082108 -0.018971523211846971 -0.046931033359746105 -0.12158627042994848 0.098959738229002281 0.077589215191531613 -0.033267526583532332 -0.0034212056343531313 0.066243867694933914 0.0063268754805158138 0.0051484609612980747 0.0032994666564706214 0.08541044691761196 0.029909080803451428 0.0746944455774846 0.062675518181758247 -0.080812830382925582 0.067876413551718001 0.016742394726205076 0.02775515795915158 -0.084018651902189725 -0.013626222667449459 0.099925320029046527 0.063367922814493924 -0.10091368710208271 0.026202981384154708
leaf_weight=5556 6432 560589 73 2729 416 533 873 158 133 153 61 1403 719 1483 967 111 142 106 108 594 344 125 433 77 184 688 79 162 72 814
leaf_count=5556 6432 560589 73 2729 416 533 873 158 133 153 61 1403 719 1483 967 111 142 106 108 594 344 125 433 77 184 688 79 162 72 814
internal_value=-2.64221e-12 -0.000110574 0.00324927 -0.00515817 -0.00721836 -0.0212148 -0.0449445 -0.0583719 0.0622281 0.0015402 0.0459899 0.00797573 0.0136498 0.0258911 0.0077823 -0.00527131 0.00946879 -0.0317401 -0.00438931 0.024803 -0.0602931 0.00241139 0.0433094 -0.0276619 -0.0510432 -0.00517274 0.0141718 0.00245114 -0.0218956 0.0054033
internal_weight=586317 567021 19296 6944 6738 3195 1564 1031 206 1631 214 12352 6796 2202 4594 2600 1670 930 475 1994 455 1528 1027 367 261 1417 657 578 760 3543
internal_count=586317 567021 19296 6944 6738 3195 1564 1031 206 1631 214 12352 6796 2202 4594 2600 1670 930 475 1994 455 1528 1027 367 261 1417 657 578 760 3543
is_linear=0
shrinkage=0.05


Tree=156
num_leaves=31
num_cat=0
split_feature=9 13 10 10 1 10 3 10 11 10 9 12 11 10 10 8 10 5 9 1 1 10 10 9 1 9 11 10 1 12
split_gain=82.7604 107.411 96.2488 129.821 126.507 99.8829 86.8712 288.73 505.612 332.803 325.213 610.859 251.912 424.816 802.887 493.512 741.238 329.321 267.168 311.782 245.694 256.694 355.019 1004.33 418.509 370.417 635.852 325.059 321.454 304.783
threshold=43.448387145996101 77.750000000000014 0.56314551830291759 0.86095303297042858 42.860454559326179 0.50495636463165294 30.771559715271 0.64534214138984691 -0.73829901218414296 0.5772862732410432 29.157420158386234 17.250000000000004 0.75546532869339 -0.42109696567058558 -0.54883790016174305 1.0000000180025095e-35 -0.58429276943206776 32.183784484863288 31.407091140747074 31.331593513488773 33.005638122558601 0.44437406957149511 0.39753912389278417 28.745961189270023 28.860654830932621 30.94557094573975 0.91234096884727489 0.30081701278686529 27.748803138732914 16.750000000000004
decision_type=2 2 2 2 2 2 2 2 2 2 2 2 2 2 2 2 2 2 2 2 2 2 2 2 2 2 2 2 2 2
left_child=6 2 4 -4 5 -2 7 9 -9 20 11 -11 -8 14 15 16 17 -14 -16 -20 21 22 27 28 29 -26 -27 -1 -24 -25
right_child=1 -3 3 -5 -6 -7 12 8 -10 10 -12 -13 13 -15 18 -17 -18 -19 19 -21 -22 -23 23 24 25 26 -28 -29 -30 -31
leaf_value=0.00032780697736305874 -0.028084695742155115 0.01663132078722852 0.029678701521417501 -0.0317247499949894 0.005887821763513032 -0.11633709243365697 -1.8385693953786512e-05 0.09372377832244283 0.0093846217779887543 0.02290278640347938 -0.0076899469065880542 -0.088376105035889274 0.0025142148868784395 -0.0015888496871542446 -0.04784252634651022 -0.034667218812903876 0.034332781588042677 -0.031288559574634785 0.0082231692491843058 -0.042030483418564794 -0.029906126913026593 0.010479234898608608 -0.04022439501510517 -0.0079822838606236329 -0.00679702443269145 -0.027319282119634993 -0.17211526780607825 0.011175630916631592 0.056680097380145039 -0.092245288573573406
leaf_weight=161673 75 1576 244 133 116 56 354771 184 5194 184 1700 374 2057 34045 1723 1002 1403 1109 606 629 651 6685 103 146 1320 335 98 7214 506 405
leaf_count=161673 75 1576 244 133 116 56 354771 184 5194 184 1700 374 2057 34045 1723 1002 1403 1109 606 629 651 6685 103 146 1320 335 98 7214 506 405
internal_value=3.27233e-12 0.00967951 -0.00787825 0.00801648 -0.0321386 -0.0658109 -3.64566e-05 0.000852921 0.0122702 0.000514421 -0.0185613 -0.051682 -0.000454508 -0.00408874 -0.0140675 -0.00288906 0.00408002 -0.00932637 -0.0351206 -0.0173716 0.000754869 0.000866701 0.000492663 -0.016814 -0.031908 -0.0199608 -0.0600907 0.000791171 0.0402907 -0.0699179
internal_weight=586317 2200 624 377 247 131 584117 186772 5378 181394 2258 558 397345 42574 8529 5571 4569 3166 2958 1235 179136 178485 171800 2913 2304 1753 433 168887 609 551
internal_count=586317 2200 624 377 247 131 584117 186772 5378 181394 2258 558 397345 42574 8529 5571 4569 3166 2958 1235 179136 178485 171800 2913 2304 1753 433 168887 609 551
is_linear=0
shrinkage=0.05


Tree=157
num_leaves=31
num_cat=0
split_feature=12 13 11 5 5 13 13 11 12 0 11 9 10 3 5 5 11 10 11 13 3 10 11 3 11 3 9 12 11 5
split_gain=84.279 238.973 241.392 210.479 143.049 138.922 153.106 233.415 216.823 142.38 188.147 440.513 589.773 437.88 345.006 329.893 314.942 305.892 298.38 285.538 262.723 381.715 294.641 548.991 339.326 295.885 457.24 266.824 255.484 296.308
threshold=14.250000000000002 79.250000000000014 -0.80389818549156178 39.081501007080085 38.36567687988282 80.250000000000014 76.250000000000014 -0.09024826809763907 17.250000000000004 28.940343856811527 -0.95234230160713185 35.004232406616218 0.21772121638059619 33.131374359130866 37.727956771850593 31.452386856079105 -0.96227341890335072 -0.030120026320219036 -0.85204595327377308 83.250000000000014 39.068428039550788 0.42888796329498297 -0.90878397226333607 31.669790267944339 -0.93533331155776966 33.308790206909187 34.869119644165046 17.750000000000004 -0.82389250397682179 33.733791351318366
decision_type=2 2 2 2 2 2 2 2 2 2 2 2 2 2 2 2 2 2 2 2 2 2 2 2 2 2 2 2 2 2
left_child=1 4 -3 -4 -1 6 7 8 -2 10 11 12 19 16 17 -14 -13 -15 20 -7 22 -22 23 -12 -25 -26 27 -27 29 -20
right_child=5 2 3 -5 -6 9 -8 -9 -10 -11 18 13 15 14 -16 -17 -18 -19 28 -21 21 -23 -24 24 25 26 -28 -29 -30 -31
leaf_value=-0.0019544807351492897 -0.012264712806971029 0.013493663317629743 0.0018755097345453256 -0.026729443754743478 -0.016908922394759093 -0.010060344680683009 0.0012930924728315699 0.0016438884284296796 -0.00080554448961411753 0.0073760590503997876 0.019103781117988296 0.019750758708456041 -0.038249658310149592 0.014385374469889535 -0.014041240832013115 0.052654872578483038 -0.085729524924690978 -0.063434813630342354 -0.038947213765436764 0.011456370081665182 0.054725805367049067 0.004347046646519079 0.013400755104100319 0.0027200801988251869 0.003492085960089833 -0.025639618691056965 -0.025000856692865822 -0.11875180073138836 -0.0010659173956989313 -0.0026134284445214441
leaf_weight=100470 8256 4736 17933 667 1625 7353 280032 18492 8256 4945 1590 679 117 144 1017 679 79 1026 968 1951 673 852 4398 1254 455 110 951 256 115018 1335
leaf_count=100470 8256 4736 17933 667 1625 7353 280032 18492 8256 4945 1590 679 117 144 1017 679 79 1026 968 1951 673 852 4398 1254 455 110 951 256 115018 1335
internal_value=4.74762e-12 -0.0011491 0.00341579 0.00084973 -0.0021925 0.00031273 0.000903383 -0.0022143 -0.00653513 -0.000963081 -0.00125574 -0.0069758 -0.00201435 -0.0239913 -0.0353418 0.0392933 0.00875743 -0.0538569 -0.000672146 -0.0055484 0.00738675 0.0265798 0.00413965 -0.00468409 -0.0171833 -0.0312685 -0.0432776 -0.0907673 -0.00139608 -0.0178853
internal_weight=586317 125431 23336 18600 102095 460886 315036 35004 16512 145850 140905 13045 10100 2945 2187 796 758 1170 127860 9304 10539 1525 9014 4616 3026 1772 1317 366 117321 2303
internal_count=586317 125431 23336 18600 102095 460886 315036 35004 16512 145850 140905 13045 10100 2945 2187 796 758 1170 127860 9304 10539 1525 9014 4616 3026 1772 1317 366 117321 2303
is_linear=0
shrinkage=0.05


Tree=158
num_leaves=31
num_cat=0
split_feature=7 11 11 1 3 1 11 12 3 11 10 9 5 11 10 10 10 10 7 11 10 12 9 1 1 2 1 9 12 10
split_gain=80.8282 157.944 151.942 135.953 119.338 199.603 673.898 308.794 166.399 173.236 400.495 345.942 157.36 134.663 536.835 481.468 384.238 592.532 375.388 361.789 356.103 310 303.224 255.96 210.79 187.297 157.967 147.505 341.122 143.953
threshold=24.816866874694828 -0.97106409072875965 0.99164059758186351 31.896770477294925 27.766191482543949 27.01949501037598 0.88999459147453319 16.750000000000004 29.765177726745609 -0.72658059000968922 -0.63874351978301991 28.855322837829593 33.171957015991218 -0.66483077406883229 -0.444374069571495 -0.54883790016174305 -0.63874351978301991 -0.67760851979255665 29.010137557983402 -0.9412824511528014 -0.71466678380966175 17.250000000000004 29.780797958374027 29.416313171386722 29.247341156005863 24.067729949951175 27.93261814117432 27.295834541320804 14.750000000000002 -0.28435654938220972
decision_type=2 2 2 2 2 2 2 2 2 2 2 2 2 2 2 2 2 2 2 2 2 2 2 2 2 2 2 2 2 2
left_child=1 -1 3 -3 13 6 8 -8 9 10 11 -6 -10 14 15 16 17 20 -19 29 25 -18 -22 27 -17 26 -2 28 -21 -16
right_child=4 2 -4 -5 5 -7 7 -9 12 -11 -12 -13 -14 -15 19 24 21 18 -20 23 22 -23 -24 -25 -26 -27 -28 -29 -30 -31
leaf_value=-0.060317048182470037 0.0037794363480669769 0.00037322170484909529 -0.051768441531740261 -0.074303527767696081 0.028757392775778681 -4.9301849753674165e-05 -0.0062384516582073227 -0.066677711226227718 0.029950147201541127 0.0047581876588245657 -0.0061432197068063306 -0.1214886767838102 -0.062421514309942729 0.0052830902621365189 -0.021296973889939549 -0.037292304331804776 -0.0044836331216989121 -0.027958919712174832 -0.1282605084308078 0.021760674445196016 -0.0018368132623615878 0.050705889075159521 0.066866057616904437 0.073753644249092781 -0.10527630424211649 -0.066788264428543159 -0.049695733319561099 0.03049280195875477 -0.074073396731049776 0.0040629653352311362
leaf_weight=143 419 1871 167 63 51 548806 310 664 592 1589 838 154 50 21279 671 837 613 196 178 353 527 435 231 253 132 228 206 965 126 3370
leaf_count=143 419 1871 167 63 51 548806 310 664 592 1589 838 154 50 21279 671 837 613 196 178 353 527 435 231 253 132 228 206 965 126 3370
internal_value=9.80886e-13 -0.00947125 -0.00601054 -0.00205937 3.63884e-05 -0.000132872 -0.0109295 -0.0474414 -6.73414e-05 -0.00563446 -0.0214675 -0.0841104 0.0227561 0.00305423 -0.00181518 -0.0158709 -0.00606829 -0.0189994 -0.075696 0.00798805 -0.005837 0.0184242 0.0191003 0.0273621 -0.0465533 -0.027997 -0.013846 0.019234 -0.00344829 -0.000148002
internal_weight=586317 2244 2101 1934 584073 553054 4248 974 3274 2632 1043 205 642 31019 9740 4002 3033 1985 374 5738 1611 1048 758 1697 969 853 625 1444 479 4041
internal_count=586317 2244 2101 1934 584073 553054 4248 974 3274 2632 1043 205 642 31019 9740 4002 3033 1985 374 5738 1611 1048 758 1697 969 853 625 1444 479 4041
is_linear=0
shrinkage=0.05


Tree=159
num_leaves=31
num_cat=0
split_feature=10 9 13 11 5 1 10 11 1 9 9 12 9 11 12 5 11 3 9 11 7 6 10 11 10 1 11 10 3 11
split_gain=80.6296 97.6965 147.304 127.531 124.445 104.237 96.9122 780.166 517.089 520.938 356.841 422.701 335.137 309.158 277.615 340.729 240.249 567.965 570.559 449.633 250.094 278.41 233.194 760.895 528.034 1000.02 649.201 512.585 354.936 420.784
threshold=-0.99984258413314808 30.8515739440918 80.750000000000014 1.0000000180025095e-35 31.512630462646488 33.441390991210945 -0.97109106183052052 -0.19244445115327832 31.363744735717777 27.16437911987305 32.814941406250007 18.750000000000004 29.667792320251468 -0.14153505116701123 15.750000000000002 32.118522644042976 -0.14153505116701123 31.452585220336918 29.589060783386234 -0.10737737268209456 29.582084655761722 1.0537023544311526 -0.90880924463272084 -0.38961601257324213 -0.86958134174346913 34.616605758666999 -0.46734189987182612 -0.82391539216041554 32.807590484619148 -0.55599683523178089
decision_type=2 2 2 2 2 2 2 2 2 2 2 2 2 2 2 2 2 2 2 2 2 2 2 2 2 2 2 2 2 2
left_child=1 -1 3 -3 -5 -4 7 8 9 -2 11 16 -10 -12 -14 -16 17 18 -9 20 -18 -22 23 -8 25 -24 -27 28 -26 -30
right_child=6 2 5 4 -6 -7 22 10 12 -11 13 -13 14 -15 15 -17 19 -19 -20 -21 21 -23 24 -25 27 26 -28 -29 29 -31
leaf_value=0.017488621422779786 -0.086192006817576605 0.023034706394211152 -0.039225668206460271 -0.042260317214675013 0.0058214511850261871 0.023276912787523113 0.027249007503371503 -0.014022207257171491 -0.077826899564893762 0.0026028966296466195 0.034389383603248315 0.0077691208845710423 -0.0019817784826599107 0.0053307916323873557 -0.017927214834208161 -0.06682999434648082 -0.0055854320521736911 -0.02769982683764375 0.042499176579532082 -0.0057533638811029459 -0.024277459713477202 -0.071156374250541221 -0.0067478152119397469 0.0017413394417741387 0.012172405174837636 -0.13534646059094693 -0.024652820826564052 -0.00014414206758707639 0.043361294401408894 -0.01605934592480562
leaf_weight=1454 179 687 324 187 480 84 3216 699 419 2139 1027 7069 659 8417 748 680 637 814 1236 15782 760 543 15548 32160 13511 249 283 473757 344 2225
leaf_count=1454 179 687 324 187 480 84 3216 699 419 2139 1027 7069 659 8417 748 680 637 814 1236 15782 760 543 15548 32160 13511 249 283 473757 344 2225
internal_value=-4.0382e-12 0.00789523 -2.12232e-05 0.00791467 -0.00765874 -0.0263575 -4.35449e-05 -0.00236294 -0.0212749 -0.004254 0.000103845 -0.00277221 -0.0370189 0.00849081 -0.028826 -0.0412143 -0.00641231 0.00734078 0.0220814 -0.00854567 -0.0312612 -0.0438133 0.000135599 0.00406022 -0.000138829 -0.00905429 -0.0764624 0.000153842 0.00893318 -0.00810267
internal_weight=586317 3216 1762 1354 667 408 583101 41808 4824 2318 36984 27540 2506 9444 2087 1428 20471 2749 1935 17722 1940 1303 541293 35376 505917 16080 532 489837 16080 2569
internal_count=586317 3216 1762 1354 667 408 583101 41808 4824 2318 36984 27540 2506 9444 2087 1428 20471 2749 1935 17722 1940 1303 541293 35376 505917 16080 532 489837 16080 2569
is_linear=0
shrinkage=0.05


Tree=160
num_leaves=31
num_cat=0
split_feature=11 9 10 9 10 7 7 3 1 7 13 3 9 10 10 10 3 9 5 12 6 1 3 9 10 11 1 12 2 5
split_gain=79.7915 155.742 142.633 127.843 149.163 142.1 109.476 105.165 100.447 198.251 116.981 98.3671 120.315 95.3448 552.654 324.441 394.711 617.552 449.042 435.247 386.564 332.462 285.846 594.683 740.486 409.183 450.687 718.969 468.25 366.214
threshold=0.9969642460346223 32.258962631225593 1.0000000180025095e-35 29.92817306518555 0.012910176534205677 29.055762290954593 32.705022811889656 29.948326110839847 30.458729743957523 31.773130416870121 80.250000000000014 31.022085189819339 31.529391288757328 -0.22611359506845471 -0.30081701278686518 -0.15005400776863095 33.261857986450202 32.814941406250007 31.233236312866214 16.750000000000004 13.655666351318361 32.626295089721687 32.147260665893562 31.437306404113773 -0.26781183481216425 -0.95744973421096791 28.514179229736332 16.250000000000004 0.12086454406380655 32.183784484863288
decision_type=2 2 2 2 2 2 2 2 2 2 2 2 2 2 2 2 2 2 2 2 2 2 2 2 2 2 2 2 2 2
left_child=13 3 -3 7 5 -5 -4 -2 9 10 -6 12 -7 14 -1 16 17 21 -19 20 -18 -15 25 24 -24 -16 27 -27 -29 -28
right_child=1 2 6 4 8 11 -8 -9 -10 -11 -12 -13 -14 15 22 -17 19 18 -20 -21 -22 -23 23 -25 -26 26 29 28 -30 -31
leaf_value=-5.9146757512400537e-05 -0.0035605978549686176 0.021667321912148072 -0.056292316632977915 0.062916071264817575 -0.0039830038047017095 0.0098863485290160789 -0.014502561223287434 -0.018061187998197663 0.0065494626408294926 -0.11367558661103248 -0.046165586510756161 -0.0071542318231372862 0.046973579334297098 0.0078283276320907542 0.0058388387697083412 0.00031595405597853666 0.024171517410423171 -0.074992361617425465 -0.008972301828857077 0.078224509032884443 -0.10941025557912004 0.064043924141481356 -0.12724812994575141 -0.0097301741022654611 -0.02673026599830133 -0.0012928343033820609 -0.0023743866945299891 -0.043593867391755921 -0.13110970117408655 -0.087447807053462251
leaf_weight=236376 6724 131 318 127 882 1796 309 1536 831 50 202 714 249 11807 4196 307128 660 358 918 401 59 269 274 2029 553 1162 4697 1257 174 130
leaf_count=236376 6724 131 318 127 882 1796 309 1536 831 50 202 714 249 11807 4196 307128 660 358 918 401 59 269 274 2029 553 1162 4697 1257 174 130
internal_value=3.70623e-12 -0.00374738 -0.0257834 -0.00247339 0.00396926 0.0112039 -0.0356974 -0.00625708 -0.0066563 -0.0163335 -0.0118436 0.00882355 0.0144021 9.07897e-05 -0.00063985 0.000660688 0.00797672 0.00558516 -0.0274952 0.0364875 0.01321 0.00908056 -0.0101247 -0.0242963 -0.0600336 -0.00664031 -0.0136972 -0.0305102 -0.0542352 -0.00466557
internal_weight=586317 13869 758 13111 4851 2886 627 8260 1965 1134 1084 2759 2045 572448 250848 321600 14472 13352 1276 1120 719 12076 14472 2856 827 11616 7420 2593 1431 4827
internal_count=586317 13869 758 13111 4851 2886 627 8260 1965 1134 1084 2759 2045 572448 250848 321600 14472 13352 1276 1120 719 12076 14472 2856 827 11616 7420 2593 1431 4827
is_linear=0
shrinkage=0.05


Tree=161
num_leaves=31
num_cat=0
split_feature=12 13 11 1 3 10 0 12 0 1 10 13 11 10 11 9 13 12 10 2 3 12 10 10 11 10 6 11 10 10
split_gain=79.6954 216.256 262.125 270.761 193.242 185.681 189.112 182.437 141.841 126.982 169.401 129.951 198.771 149.147 144.092 136.096 189.915 147.115 126.238 140.052 117.097 257.412 724.991 318.965 482.86 408.799 317.069 236.281 341.357 536.626
threshold=13.750000000000002 78.250000000000014 -0.14153505116701123 34.201402664184577 38.703609466552741 -0.48250326514244074 1.9813452363014223 12.250000000000002 11.050407886505129 29.953510284423832 0.45972847938537603 76.250000000000014 0.41326330602169042 -0.24284747242927548 -0.42108526825904841 30.035624504089359 76.750000000000014 13.250000000000002 0.85206964612007152 0.26454487442970281 30.771559715271 19.250000000000004 -0.95236876606941212 -0.99052327871322621 -0.10737737268209456 -0.99273952841758717 1.1049333214759829 0.75546532869339 -0.40542197227478022 -0.54883790016174305
decision_type=2 2 2 2 2 2 2 2 2 2 2 2 2 2 2 2 2 2 2 2 2 2 2 2 2 2 2 2 2 2
left_child=1 9 3 7 5 8 -7 -3 -4 10 11 14 15 -14 -1 16 17 -13 19 -11 21 23 -23 24 25 26 -2 -22 29 -29
right_child=20 2 4 -5 -6 6 -8 -9 -10 18 -12 12 13 -15 -16 -17 -18 -19 -20 -21 27 22 -24 -25 -26 -27 -28 28 -30 -31
leaf_value=-0.0045192603818102854 -0.027507376763415303 0.033361560067577539 -0.010980833963976236 0.0014419153501127216 -0.071863703329511211 0.00014191399944985162 0.025220542645138039 0.01045904970257433 0.0073251106401847821 -0.0052851414741841921 0.014042106677027376 -0.0085311673497571582 -0.014197787792826558 -0.0022785623509069606 0.010164328600632285 -0.010464791288857758 0.011404604350832487 0.015037296260326034 -0.0011315343684272703 -0.014843267809799863 0.00023631966677822719 0.023622484893707451 -0.0043223408695037798 0.0032791993483504145 -0.001811232733508483 -0.014820494836658921 -0.11770145465491405 -0.003016108492799454 -0.0014538741367605503 -0.0290844682320784
leaf_weight=2859 168 1033 6579 12064 99 13511 796 5495 1261 13221 1773 3258 5676 4882 4020 2050 4191 831 10182 5397 305834 2503 31915 102413 3959 612 232 5258 31084 3161
leaf_count=2859 168 1033 6579 12064 99 13511 796 5495 1261 13221 1773 3258 5676 4882 4020 2050 4191 831 10182 5397 305834 2503 31915 102413 3959 612 232 5258 31084 3161
internal_value=3.12266e-12 -0.00129193 0.00149867 0.0058805 -0.00216342 -0.00185185 0.00153722 0.0140832 -0.00803647 -0.00324535 -0.000942064 -0.00189884 -0.0038618 -0.00868636 0.00406164 0.00106925 0.0039249 -0.00374139 -0.00560782 -0.00805586 0.000263028 0.00147278 -0.00229009 0.00267883 -0.00968996 -0.040512 -0.0798199 -0.000233721 -0.00387279 -0.0128037
internal_weight=586317 99178 40838 18592 22246 22147 14307 6528 7840 58340 29540 27767 20888 10558 6879 10330 8280 4089 28800 18618 487139 141802 34418 107384 4971 1012 400 345337 39503 8419
internal_count=586317 99178 40838 18592 22246 22147 14307 6528 7840 58340 29540 27767 20888 10558 6879 10330 8280 4089 28800 18618 487139 141802 34418 107384 4971 1012 400 345337 39503 8419
is_linear=0
shrinkage=0.05


Tree=162
num_leaves=31
num_cat=0
split_feature=10 11 11 7 10 0 10 12 3 5 9 7 5 7 11 1 5 7 5 10 11 9 1 5 12 3 1 10 10 11
split_gain=76.9265 253.773 329.776 210.655 170.51 237.552 231.988 170.046 204.639 491.959 219.458 203.549 169.768 274.898 263.783 165.711 225.204 175.944 164.309 161.07 153.428 208.654 173.621 149.671 215.35 148.211 141.898 138.641 349.819 290.433
threshold=0.96683886647224437 -0.12447465583682059 -0.05591491982340812 42.092353820800788 0.94417876005172741 0.24556040763854983 0.91927745938301098 16.250000000000004 35.231376647949226 34.491258621215827 40.92570877075196 36.302387237548835 39.598205566406257 37.246870040893562 0.25118076056241995 35.217159271240241 37.437913894653327 37.341032028198249 38.836315155029304 0.97109106183052074 0.25118076056241995 38.940244674682624 36.990877151489265 39.598205566406257 14.750000000000002 38.262666702270515 38.259286880493171 0.86958134174346935 0.85206964612007152 -0.43663504719734186
decision_type=2 2 2 2 2 2 2 2 2 2 2 2 2 2 2 2 2 2 2 2 2 2 2 2 2 2 2 2 2 2
left_child=4 3 15 18 6 7 27 -6 11 -10 12 -9 13 14 -11 16 -3 25 -2 -5 -15 22 -22 -4 -25 -17 -14 28 -1 -29
right_child=1 2 23 19 5 -7 -8 8 9 10 -12 -13 26 20 -16 17 -18 -19 -20 -21 21 -23 -24 24 -26 -27 -28 29 -30 -31
leaf_value=-0.00017448737116341356 0.0047520806137993409 -0.00057946585380663318 0.0033435732251851356 -0.00073120870669795711 -0.00056443334442816094 0.013201863742485252 0.0066080092945788611 -0.0028496219946258713 -0.12521045477405299 0.004673985346292331 0.0095319479571130787 0.057985999497222475 0.039503381341429694 -0.010045769834945994 -0.034653869768300725 -0.022488252706949801 0.0725517142796889 -0.0067320441067613077 0.016901940453501602 -0.093423554627224806 0.057135529255997533 0.092338645322756333 -0.008658406737632178 -0.084870153191414749 -0.0056622221893152047 -0.094528833411734653 -0.042515768530271836 -0.013018636953850308 0.011563369680408497 -0.00024923523915868748
leaf_weight=483405 8551 697 25405 99 5063 1516 12864 1781 103 557 790 149 56 1136 1818 2028 124 3509 4125 89 137 88 374 88 3451 74 904 6432 6432 14472
leaf_count=483405 8551 697 25405 99 5063 1516 12864 1781 103 557 790 149 56 1136 1818 2028 124 3509 4125 89 137 88 374 88 3451 74 904 6432 6432 14472
internal_value=-5.07904e-12 0.00191276 -0.000274111 0.00792665 -0.000171484 -0.00552527 -2.35098e-05 -0.00771656 -0.0123043 -0.0168846 -0.0149805 0.00184701 -0.0188001 -0.0143781 -0.0254305 -0.0105149 0.0104659 -0.0135848 0.00870587 -0.0446122 0.000751083 0.0212273 0.00898106 0.00200161 -0.00763179 -0.0250244 -0.0377313 -0.000190537 -2.03588e-05 -0.00417828
internal_weight=586317 48240 35376 12864 538077 14472 523605 12956 7893 5963 5860 1930 5070 4110 2375 6432 821 5611 12676 188 1735 599 511 28944 3539 2102 960 510741 489837 20904
internal_count=586317 48240 35376 12864 538077 14472 523605 12956 7893 5963 5860 1930 5070 4110 2375 6432 821 5611 12676 188 1735 599 511 28944 3539 2102 960 510741 489837 20904
is_linear=0
shrinkage=0.05


Tree=163
num_leaves=31
num_cat=0
split_feature=11 11 1 9 12 5 11 10 10 7 7 3 10 9 1 12 5 1 9 3 9 4 7 11 7 10 10 9 0 3
split_gain=77.0856 502.418 281.275 386.456 439.443 585.433 254.41 307.728 248.902 243.432 202.676 202.284 190.922 183.186 173.533 311.27 182.309 234.845 361.025 173.055 171.601 174.258 171.494 159.745 167.669 608.028 362.345 380.222 370.781 326.227
threshold=-0.9946339726448058 -0.99049577116966236 33.305685043334968 29.92817306518555 17.250000000000004 33.084299087524421 -0.99759334325790394 -0.012910176534205673 -0.012910176534205673 34.553197860717781 34.809295654296882 35.833286285400398 1.0000000180025095e-35 34.091625213623054 31.023309707641605 15.750000000000002 32.216714859008796 35.297071456909187 33.092733383178718 35.304443359375007 36.983442306518562 1.9252846837043764 33.095499038696296 -0.99862980842590321 33.358106613159187 -0.064507851377129541 -1.0000000180025095e-35 30.882817268371586 4.1154026985168466 33.308790206909187
decision_type=2 2 2 2 2 2 2 2 2 2 2 2 2 2 2 2 2 2 2 2 2 2 2 2 2 2 2 2 2 2
left_child=2 14 23 12 20 8 7 10 13 -8 -7 -9 -4 -6 15 -2 -16 -18 -19 -12 21 -5 -10 -1 26 -26 27 29 -29 -25
right_child=1 -3 3 4 5 6 9 11 22 -11 19 -13 -14 -15 16 -17 17 18 -20 -21 -22 -23 -24 24 25 -27 -28 28 -30 -31
leaf_value=0.0013697410135678689 -0.0041979024790693752 5.3663226834829672e-05 -0.0017725867230910808 0.0067945810046242299 0.024829053935748573 -0.080375862230430362 -0.038726808523439786 0.0023465241656691312 0.0040363924360914466 -0.10425809051153632 0.06553788544237614 -0.079341894677456698 0.094685239620975692 0.11565303159387488 0.0064421765861914686 -0.044566921512687242 -0.023283824818558011 -0.079268004523827609 0.021637064524743285 -0.046031806005263021 0.033814076758556626 -0.017137181720338002 -0.066787386858993728 0.010700791920974451 0.0624582575389254 0.0058065981915381773 0.023622754827882293 0.001410338339739802 -0.049149856706605752 0.1305644383529822
leaf_weight=5400 863 560589 80 2713 206 320 344 699 556 241 50 85 143 76 1389 1069 2332 102 677 114 419 1057 101 1053 706 1439 1972 796 666 60
leaf_count=5400 863 560589 80 2713 206 320 344 699 556 241 50 85 143 76 1389 1069 2332 102 677 114 419 1057 101 1053 706 1439 1972 796 666 60
internal_value=8.48905e-13 -0.000105761 0.00310782 -0.00471321 -0.006783 -0.022149 -0.0384474 -0.0258634 0.010014 -0.0657235 -0.0572128 -0.00651 0.0600815 0.0493064 -0.0140006 -0.0265346 -0.00861928 -0.0153439 0.00842485 -0.0120167 0.00345853 8.48003e-05 -0.00685128 0.00776733 0.0129298 0.0244528 0.00749389 -0.00485801 -0.0216219 0.0171624
internal_weight=586317 567021 19296 7204 6981 2792 1853 1268 939 585 484 784 223 282 6432 1932 4500 3111 779 164 4189 3770 657 12092 6692 2145 4547 2575 1462 1113
internal_count=586317 567021 19296 7204 6981 2792 1853 1268 939 585 484 784 223 282 6432 1932 4500 3111 779 164 4189 3770 657 12092 6692 2145 4547 2575 1462 1113
is_linear=0
shrinkage=0.05


Tree=164
num_leaves=31
num_cat=0
split_feature=12 13 11 1 1 1 7 5 13 2 11 10 9 10 7 1 3 10 1 10 10 7 3 10 10 10 3 9 5 3
split_gain=76.4614 208.444 217.427 225.524 167.637 144.147 142.868 128.101 125.537 143.862 229.351 209.244 335.907 283.95 328.372 340.161 301.74 286.71 272.012 417.535 465.912 249.268 208.931 204.257 535.498 463.538 199.49 205.901 309.572 243.012
threshold=14.250000000000002 79.250000000000014 -0.14153505116701123 33.17035102844239 29.331702232360843 38.704837799072273 33.839805603027351 38.36567687988282 80.250000000000014 3.7573039531707768 0.13300977647304538 -0.012910176534205673 34.434160232543952 -0.15005400776863095 33.497520446777351 31.427606582641605 33.782379150390632 -0.09881922602653502 28.750182151794437 -0.26781183481216425 -0.16705007851123807 29.456991195678714 28.626117706298832 -0.73831951618194569 -0.444374069571495 -0.38168568909168238 27.55761814117432 30.536562919616703 28.100946426391605 32.481035232543952
decision_type=2 2 2 2 2 2 2 2 2 2 2 2 2 2 2 2 2 2 2 2 2 2 2 2 2 2 2 2 2 2
left_child=1 7 3 6 -4 -5 -3 -1 9 22 11 13 -13 18 15 -15 17 -16 19 -11 -21 -22 -2 -20 26 -26 -25 28 -28 -29
right_child=8 2 4 5 -6 -7 -8 -9 -10 10 -12 12 -14 14 16 -17 -18 -19 23 20 21 -23 -24 24 25 -27 27 29 -30 -31
leaf_value=-0.0018437458093602775 0.0077839768717821167 0.047651370908652034 0.013526106876639344 0.0085278781373783162 -0.0034755006190114466 -0.0083862848568459648 0.013136124390467942 -0.015995305360492339 -0.00091491805459541383 0.00012229087056199795 0.0070311819647697824 0.017507008209216236 -0.0029540775201162542 -0.057230033914545043 -0.032728894842175414 -0.007727524661300101 -0.04087552263168618 0.046404306658524831 -0.0025669694569192148 0.060323444517167701 -0.079819295854769032 0.045542554545497139 0.00098729671397476833 -0.069196328936245347 0.030162193643512043 -0.0099216145566784573 -0.043837641516387478 -0.045075886972364067 0.018164751728135038 -0.010290367615733121
leaf_weight=100470 11820 548 1669 7916 11043 1498 662 1625 145850 4633 6223 2804 7047 851 161 586 270 396 11136 605 107 63 260547 273 906 3537 314 1419 561 777
leaf_count=100470 11820 548 1669 7916 11043 1498 662 1625 145850 4633 6223 2804 7047 851 161 586 270 396 11136 605 107 63 260547 273 906 3537 314 1419 561 777
internal_value=-2.36008e-13 -0.00109451 0.00316885 0.00844815 -0.0012433 0.00583642 0.0287678 -0.00206899 0.000297873 0.00085935 -0.00184016 -0.0033549 0.00286999 -0.00566065 -0.0225975 -0.0370432 0.00250346 0.023531 -0.00408468 0.00580451 0.0397732 -0.0333617 0.00128225 -0.00691091 -0.0131231 -0.00174787 -0.0282367 -0.0245955 -0.00408525 -0.0327679
internal_weight=586317 125431 23336 10624 12712 9414 1210 102095 460886 315036 42669 36446 9851 26595 2264 1437 827 557 24331 5408 775 170 272367 18923 7787 4443 3344 3071 875 2196
internal_count=586317 125431 23336 10624 12712 9414 1210 102095 460886 315036 42669 36446 9851 26595 2264 1437 827 557 24331 5408 775 170 272367 18923 7787 4443 3344 3071 875 2196
is_linear=0
shrinkage=0.05


Tree=165
num_leaves=31
num_cat=0
split_feature=11 12 10 9 11 11 1 0 11 11 10 1 12 2 3 0 10 12 8 5 1 12 11 4 5 13 12 11 10 3
split_gain=76.2183 182.008 258.918 418.362 166.531 185.481 150.144 140.247 138.915 171.801 208.053 464.769 668.66 793.563 219.773 159.604 159.054 272.053 210.417 310.557 192.166 171.765 165.471 155.486 164.797 146.927 372.645 248.769 316.721 195.081
threshold=0.9937097728252412 16.750000000000004 -0.055916473269462579 30.599422454833988 0.99962961673736583 0.9969642460346223 27.532365798950199 0.41232939064502722 0.98043283820152294 0.9549313783645631 -0.24284747242927548 28.750182151794437 16.750000000000004 0.12086454406380655 29.185934066772464 0.47736741602420812 -0.14153897762298581 18.750000000000004 1.9845086932182314 27.854860305786136 28.514179229736332 15.250000000000002 0.99164059758186351 0.12160332128405572 29.840383529663089 77.250000000000014 16.250000000000004 -0.81401595473289479 0.36571913957595831 27.436041831970218
decision_type=2 2 2 2 2 2 2 2 2 2 2 2 2 2 2 2 2 2 2 2 2 2 2 2 2 2 2 2 2 2
left_child=8 4 3 6 5 7 -3 -2 9 25 11 12 -11 14 23 -12 21 -18 19 -19 22 -10 -21 24 -14 26 27 28 -1 -27
right_child=1 2 -4 -5 -6 -7 -8 -9 16 10 15 -13 13 -15 -16 -17 17 18 -20 20 -22 -23 -24 -25 -26 29 -28 -29 -30 -31
leaf_value=-0.0058501942754091213 0.0055759124040045856 -0.068647572938940152 -0.0031227563254519856 0.026544369662610385 0.014490717253330274 -0.0084353121597068852 -0.02526628138676363 0.054191952412295498 -0.002008457690097133 -0.0013475321869212014 -0.00052326717878556665 -0.0009131464153370435 -0.046816125242438202 -0.2320869329429808 0.011009117134557473 -0.025856775031124636 0.006144651895064991 0.017400837227261583 -0.09707127075110164 -0.059158582262548248 -0.010385450859685669 0.018512625905731991 0.0059623928459745556 -0.1430126961978043 -0.13893028757705067 0.0079732256866819166 0.001505703378931996 -0.0022039144484074153 -0.023879120849396258 0.00046001535212182218
leaf_weight=12528 2691 222 8736 390 2136 4005 1964 157 1464 911 13821 2882 733 63 132 651 8232 793 70 432 1603 3360 126 51 52 8837 63360 55728 3024 387163
leaf_count=12528 2691 222 8736 390 2136 4005 1964 157 1464 911 13821 2882 733 63 132 651 8232 793 70 432 1603 3360 126 51 52 8837 63360 55728 3024 387163
internal_value=2.17395e-12 -0.00301016 -0.00723045 -0.0211609 0.00230077 -0.00149869 -0.0296719 0.00825594 0.000107964 -2.59783e-05 -0.00466038 -0.0136529 -0.0325593 -0.0601382 -0.0489474 -0.00166285 0.00468878 0.00143333 -0.0113919 -0.00936163 -0.0191824 0.0122848 -0.0444538 -0.0584142 -0.052918 0.000142545 -0.00128431 -0.00376433 -0.00935582 0.000627678
internal_weight=586317 20301 11312 2576 8989 6853 2186 2848 566016 549936 19296 4824 1942 1031 968 14472 16080 11256 3024 2954 2161 4824 558 836 785 530640 134640 71280 15552 396000
internal_count=586317 20301 11312 2576 8989 6853 2186 2848 566016 549936 19296 4824 1942 1031 968 14472 16080 11256 3024 2954 2161 4824 558 836 785 530640 134640 71280 15552 396000
is_linear=0
shrinkage=0.05


Tree=166
num_leaves=31
num_cat=0
split_feature=3 9 11 10 0 11 10 13 10 10 11 11 1 7 1 2 12 3 10 8 9 9 1 10 7 10 9 11 11 1
split_gain=77.0162 176.47 356.673 166.484 302.539 373.311 295.371 192.347 200.628 430.532 676.267 324.479 240.865 333.683 240.837 215.435 207.662 268.105 193.095 198.649 175.935 209.702 168.711 166.774 215.504 175.092 200.676 160.025 455.327 156.919
threshold=29.048268318176273 26.480161666870121 0.99962961673736583 -0.038721922785043709 1.0000000180025095e-35 0.70860043168067943 -0.61188074946403492 82.750000000000014 -0.16705007851123807 -0.444374069571495 -0.67758968472480763 -0.51235243678092945 30.363330841064457 33.266916275024421 29.659092903137211 3.0797382593154912 15.250000000000002 27.02042388916016 -0.95747631788253773 1.1334520578384402 28.684830665588382 32.164163589477546 29.581052780151371 -0.59817537665367115 29.055762290954593 -0.57728627324104298 30.8515739440918 0.64532420039176952 0.60503363609313976 31.458621978759769
decision_type=2 2 2 2 2 2 2 2 2 2 2 2 2 2 2 2 2 2 2 2 2 2 2 2 2 2 2 2 2 2
left_child=1 2 29 4 23 7 -7 8 9 10 14 -12 13 15 -6 -11 -10 -18 19 -13 -16 -22 -5 27 -25 26 -26 28 -3 -1
right_child=-2 3 -4 22 5 6 -8 -9 16 12 11 18 -14 -15 20 -17 17 -19 -20 -21 21 -23 -24 24 25 -27 -28 -29 -30 -31
leaf_value=-0.0030600451570055569 -0.00022545015375206808 0.0026493633130994431 -0.069973966313633493 0.0045020268821664563 -0.012788184254478922 0.045451276289118304 0.011631788467116898 0.021822076268412517 0.0055319831752841248 -0.0034783676399492121 0.021094217243674801 -0.0019089357062812597 0.048448785931837164 -0.071892163373975679 -0.096746237308252603 0.02110447752274652 -0.084786148812660639 -0.017889386484886298 -0.0063359965659338883 0.01988960262892735 -0.01777321488628987 -0.085828756051427091 0.018718122057862996 -0.0022276720611799868 -0.023330360497501527 -0.012919077346569541 -0.14500057421370272 0.017372405172212609 -0.065401609014683906 -0.077192590561591917
leaf_weight=8339 507731 4503 208 16462 3879 788 3573 1144 604 1275 2380 2243 488 117 128 2961 192 681 4938 1957 516 145 2390 11558 91 5077 54 1563 260 72
leaf_count=8339 507731 4503 208 16462 3879 788 3573 1144 604 1275 2380 2243 488 117 128 2961 192 681 4938 1957 516 145 2390 11558 91 5077 54 1563 260 72
internal_value=1.21728e-12 0.0014566 -0.00529414 0.0022882 0.000806994 0.00430081 0.0177427 0.00182195 0.000805236 0.00205647 -0.00185628 0.00465005 0.0151388 0.0114046 -0.0179102 0.0137053 -0.0170076 -0.0326021 0.000367155 0.00824815 -0.0430921 -0.0327022 0.0063043 -0.0034282 -0.00603639 -0.0144663 -0.068642 0.00349016 -0.00106537 -0.00369464
internal_weight=586317 78586 8619 69967 51115 28009 4361 23648 22504 21027 16186 11518 4841 4353 4668 4236 1477 873 9138 4200 789 661 18852 23106 16780 5222 145 6326 4763 8411
internal_count=586317 78586 8619 69967 51115 28009 4361 23648 22504 21027 16186 11518 4841 4353 4668 4236 1477 873 9138 4200 789 661 18852 23106 16780 5222 145 6326 4763 8411
is_linear=0
shrinkage=0.05


Tree=167
num_leaves=31
num_cat=0
split_feature=1 10 10 10 9 10 13 10 10 7 9 10 11 1 9 9 9 11 12 7 10 12 10 10 11 10 1 10 10 1
split_gain=73.387 132.664 276.073 105.953 127.528 104.866 88.5821 81.3476 74.0246 90.3016 102.633 85.9967 715.45 471.17 412.674 381.181 326.626 434.645 386.577 300.345 259.838 275.175 209.008 206.32 687.932 470.837 906.794 593.243 460.362 353.424
threshold=43.429134368896491 0.54883790016174328 0.51973900198936474 0.75548630952835094 41.78544998168946 0.45972847938537603 78.250000000000014 0.88606244325637828 -0.99984258413314808 29.055762290954593 27.018005371093754 -0.97109106183052052 -0.19244445115327832 32.184171676635749 26.480161666870121 30.309617042541507 32.356893539428718 -0.14153505116701123 18.750000000000004 32.158536911010749 -0.97505551576614369 14.750000000000002 -0.97873103618621815 -0.90880924463272084 -0.38961601257324213 -0.86958134174346913 34.555480957031257 -0.88606244325637806 -0.82391539216041554 35.297071456909187
decision_type=2 2 2 2 2 2 2 2 2 2 2 2 2 2 2 2 2 2 2 2 2 2 2 2 2 2 2 2 2 2
left_child=8 2 5 -3 -5 -2 -4 -6 9 -1 -11 12 13 14 -10 -15 18 19 -14 -18 21 -17 -19 24 -13 26 -25 -28 -27 -29
right_child=1 3 6 4 7 -7 -8 -9 11 10 -12 23 16 15 -16 20 17 22 -20 -21 -22 -23 -24 25 -26 28 27 29 -30 -31
leaf_value=0.026181294123417943 -0.019194129224662196 0.02335050929492629 -0.028501281567982269 0.036942064590219946 -0.033853755950153545 0.05918180208360211 -0.10798962371824664 0.0038242071166745975 -0.10752372869935174 0.065827304629179156 0.0022214622908416845 0.025832817961854382 -0.0069256176401139933 -0.087967307082895921 -0.0062944909702129766 0.00076766477184409801 0.067980223281791263 0.0056293028255972001 0.007653331388128461 0.017798373166098041 0.0050147938013412755 -0.063135298231059442 -0.016580924125377646 -0.0063125021593381028 0.001578946994981169 0.0084306500681765074 -0.022847007977754713 -0.086280345017151858 -0.00017252758870970063 -0.21077953365193794
leaf_weight=540 82 1171 63 175 243 89 79 349 104 65 2611 3216 18248 361 3152 235 421 10053 6056 1022 377 595 1184 15512 32160 16080 303 182 471506 83
leaf_count=540 82 1171 63 175 243 89 79 349 104 65 2611 3216 18248 361 3152 235 421 10053 6056 1022 377 595 1184 15512 32160 16080 303 182 471506 83
internal_value=1.11564e-13 0.00901066 -0.0211933 0.0138888 -0.000556653 0.021598 -0.0727237 -0.0116416 -3.47272e-05 0.00753013 0.00376645 -7.66117e-05 -0.00226115 -0.0203718 -0.00952786 -0.0428895 0.0001011 0.0066064 -0.00329288 0.0324391 -0.0294072 -0.0450423 0.0032891 9.2821e-05 0.00378384 -0.000166425 -0.00858457 -0.0706344 0.000111195 -0.125274
internal_weight=586317 2251 313 1938 767 171 142 592 584066 3216 2676 580850 41808 4824 3256 1568 36984 12680 24304 1443 1207 830 11237 539042 35376 503666 16080 568 487586 265
internal_count=586317 2251 313 1938 767 171 142 592 584066 3216 2676 580850 41808 4824 3256 1568 36984 12680 24304 1443 1207 830 11237 539042 35376 503666 16080 568 487586 265
is_linear=0
shrinkage=0.05


Tree=168
num_leaves=31
num_cat=0
split_feature=1 11 12 10 9 3 4 3 9 11 2 11 11 10 12 5 11 12 13 7 11 11 13 10 10 10 1 10 10 10
split_gain=73.1823 200.843 270.314 171.583 150.057 141.76 185.041 119.433 224.397 185.686 184.281 156.46 288.861 543.298 647.732 646.792 304.02 323.262 290.917 170.529 142.841 451.477 276.223 327.295 134.59 174.497 134.515 145.13 134.18 650.653
threshold=25.505497932434086 0.88999459147453319 14.750000000000002 0.18399664759635928 27.16437911987305 27.948163032531742 3.2482249736785893 28.245443344116214 27.018005371093754 0.99164059758186351 27.938229560852054 0.97690230607986461 0.9549313783645631 -0.25950939953327173 16.250000000000004 28.744626045227054 0.91925191879272472 14.750000000000002 78.750000000000014 28.745370864868168 0.79874977469444286 0.69635042548179638 82.250000000000014 0.54883790016174328 0.11593352630734445 0.030120026320219043 31.300760269165043 0.25118774175643926 -0.444374069571495 -0.54883790016174305
decision_type=2 2 2 2 2 2 2 2 2 2 2 2 2 2 2 2 2 2 2 2 2 2 2 2 2 2 2 2 2 2
left_child=1 2 -1 -3 -5 -4 -7 8 9 10 26 12 16 14 -14 19 20 -18 -17 -16 21 28 -22 -24 25 -11 27 -2 29 -10
right_child=7 3 5 4 -6 6 -8 -9 11 24 -12 -13 13 -15 15 18 17 -19 -20 -21 22 -23 23 -25 -26 -27 -28 -29 -30 -31
leaf_value=-0.0097342929460045927 -0.001574179992923766 -0.011263076470180535 0.031874122389537282 -0.0046453077808109814 -0.070906155628962117 0.012660386335457966 -0.092551676922223783 -0.00015046474911156 0.0031160746586895629 -0.034980015994481958 -0.032104939703166378 0.011483823314990713 -0.00016724681622618516 -0.00094263460698395445 -0.014934137617462529 -0.12748719326752639 -0.0054448176812483158 0.040106797741988533 -0.29172396116101973 -0.12024340794646536 0.00017111200169172004 0.032732766163875507 -0.023873483566112807 -0.14297877097269521 -0.076288266304791685 0.0039641928059962707 -0.072913098839982857 0.019667380599844839 0.0087606056066942481 -0.038990322144484932
leaf_weight=1799 6533 1427 822 128 257 174 55 539422 10426 629 462 6510 252 1837 114 56 590 1146 52 58 3189 1335 584 64 105 530 62 917 5776 1006
leaf_count=1799 6533 1427 822 128 257 174 55 539422 10426 629 462 6510 252 1837 114 56 590 1146 52 58 3189 1335 584 64 105 530 62 917 5776 1006
internal_value=-3.10665e-12 -0.00623955 0.00203547 -0.0192549 -0.0488766 0.0221818 -0.0126089 5.00104e-05 0.00261058 -0.00427732 -0.00145501 0.00453907 0.00283206 -0.0138283 -0.0583227 -0.110663 0.00446866 0.0246255 -0.206564 -0.0504454 0.00290511 0.00472218 -0.00587623 -0.035637 -0.022082 -0.0171712 0.000430013 0.00104039 0.00254912 -0.000589229
internal_weight=586317 4662 2850 1812 385 1051 229 581655 42233 9238 7974 32995 26485 2369 532 280 24116 1736 108 172 22380 18543 3837 648 1264 1159 7512 7450 17208 11432
internal_count=586317 4662 2850 1812 385 1051 229 581655 42233 9238 7974 32995 26485 2369 532 280 24116 1736 108 172 22380 18543 3837 648 1264 1159 7512 7450 17208 11432
is_linear=0
shrinkage=0.05


Tree=169
num_leaves=31
num_cat=0
split_feature=10 12 10 10 5 11 11 13 3 9 1 9 11 9 1 10 2 10 12 3 5 7 7 10 13 1 7 10 10 7
split_gain=71.8041 246.324 254.858 236.872 170.144 156.001 255.037 241.549 156.629 154.109 198.013 142.231 139.292 129.799 137.955 116.802 344.854 210.691 173.651 140.848 287.862 235.985 167.413 281.118 172.615 153.914 222.165 135.14 550.71 476.246
threshold=0.97109106183052074 18.750000000000004 0.98211652040481578 0.99628895521163952 42.096481323242195 0.13300977647304538 0.047319635748863227 78.250000000000014 38.703609466552741 39.718400955200202 39.068861007690437 41.532588958740241 -0.05591491982340812 39.57866287231446 37.633964538574226 0.94417876005172741 0.12086454406380655 0.91927745938301098 17.250000000000004 35.231376647949226 34.491258621215827 36.46382141113282 34.934379577636726 0.95236876606941234 80.750000000000014 32.590316772460945 33.055078506469734 0.78829774260520946 0.75548630952835094 29.619219779968265
decision_type=2 2 2 2 2 2 2 2 2 2 2 2 2 2 2 2 2 2 2 2 2 2 2 2 2 2 2 2 2 2
left_child=15 2 -2 4 -3 6 9 -7 -9 -4 -11 -6 -5 14 -8 17 18 27 -17 21 -21 25 23 24 -22 26 -20 28 -1 -29
right_child=1 3 5 12 11 7 13 8 -10 10 -12 -13 -14 -15 -16 16 -18 -19 19 20 22 -23 -24 -25 -26 -27 -28 29 -30 -31
leaf_value=-0.00017292949088427577 0.0081001534601573798 0.014304177977223676 -0.0062047819920050887 -0.019323415582520858 0.024449084920744445 0.0013305098337384282 0.0043545266590214859 -0.020322643081257273 -0.071510097049403851 -0.022857802881475781 0.014928190816862122 -0.073791656480862375 0.0031222057905167773 -0.021057426877534733 0.021316082199784012 -0.0014105122596309379 0.016433588654038895 0.0062952188457776866 0.032401327328342534 -0.10090102049360546 -0.13655546040711355 0.056643065644541024 -0.012063158490528121 -0.0069420803511280257 -0.038878395651478236 0.0010907336327560259 -0.058566187023164032 0.046492566277725515 0.011899384962313186 -0.0032038044861351098
leaf_weight=452853 7056 7617 14193 864 58 1680 3755 1684 164 427 1844 101 3456 364 1761 8114 1824 12864 90 98 98 165 5182 214 84 1555 264 487 9648 47753
leaf_count=452853 7056 7617 14193 864 58 1680 3755 1684 164 427 1844 101 3456 364 1761 8114 1824 12864 90 98 98 165 5182 214 84 1555 264 487 9648 47753
internal_value=-9.38352e-14 0.00191855 -0.000322955 0.00802041 0.0132356 -0.00262017 -0.00107739 -0.0123911 -0.0248653 -0.00426975 0.00782356 -0.0379554 -0.00136692 0.00786122 0.00976956 -0.000159582 -0.00415573 -2.45874e-05 -0.00652304 -0.0118757 -0.0159502 -0.000724762 -0.0144577 -0.0457925 -0.0914737 -0.00568322 -0.0354389 -0.000183764 7.8905e-05 -0.0027021
internal_weight=586317 45024 32928 12096 7776 25872 22344 3528 1848 16464 2271 159 4320 5880 5516 541293 17688 523605 15864 7750 5676 2074 5578 396 182 1909 354 510741 462501 48240
internal_count=586317 45024 32928 12096 7776 25872 22344 3528 1848 16464 2271 159 4320 5880 5516 541293 17688 523605 15864 7750 5676 2074 5578 396 182 1909 354 510741 462501 48240
is_linear=0
shrinkage=0.05


Tree=170
num_leaves=31
num_cat=0
split_feature=13 8 13 1 2 11 10 10 10 10 11 10 0 13 12 1 9 5 10 1 11 10 9 5 11 11 10 10 9 1
split_gain=72.2912 153.485 216.634 169.823 133.218 246.929 189.249 188.156 373.585 225.577 215.969 290.268 243.221 180.117 174.67 161.871 168.288 158.186 186.77 148.276 145.165 152.671 144.384 137.461 127.61 360.964 222.465 162.904 175.889 164.575
threshold=81.750000000000014 1.0000000180025095e-35 83.250000000000014 31.427606582641605 12.996385574340822 -0.29258950054645533 -0.66484925150871266 -0.444374069571495 -0.73831951618194569 -0.86958134174346913 -0.98798605799674977 -0.08167563751339911 50.321527481079109 78.750000000000014 18.250000000000004 31.705049514770511 33.354404449462898 31.794390678405765 -0.82391539216041554 32.21832466125489 0.96457844972610485 0.13301347196102145 25.9338493347168 33.934963226318366 -0.9946339726448058 -0.99049577116966236 1.0000000180025095e-35 -0.030120026320219036 36.059276580810554 33.350265502929695
decision_type=2 2 2 2 2 2 2 2 2 2 2 2 2 2 2 2 2 2 2 2 2 2 2 2 2 2 2 2 2 2
left_child=4 -2 -3 -4 24 7 22 8 9 19 11 15 13 14 -12 16 -9 18 -11 -6 -8 -22 -7 -13 26 -26 27 28 29 -1
right_child=1 2 3 -5 5 6 20 10 -10 17 12 23 -14 -15 -16 -17 -18 -19 -20 -21 21 -23 -24 -25 25 -27 -28 -29 -30 -31
leaf_value=0.007859209259281524 -0.0030200863160787352 -0.0015933380290128977 0.016629993756198298 0.0028802634499859106 -0.018195339975253768 -0.066221326978014014 0.02029271950702409 -0.064519318454803132 -0.023472844840885125 0.038093804907453489 -0.011786558473427272 0.0041989457915042293 0.033667822287554078 0.0077263789779943685 0.0091024754505556593 -0.007030826690535133 -0.0052654778013076593 -0.012816821984244301 0.004160393491305427 0.012332824705043788 0.014320142759577555 -0.056836706690955911 0.00043767557588158434 -0.020719756290411312 -0.013508824303887348 0.00043709821473871587 0.011235890287818316 -0.011942897867374288 0.037003423723105035 -0.013231930057857368
leaf_weight=2976 51939 19562 3346 6829 2211 82 2109 496 3765 622 3860 1720 561 4009 1351 325 158 651 1165 485 174 133 8705 816 4688 452244 7256 2362 375 1342
leaf_count=2976 51939 19562 3346 6829 2211 82 2109 496 3765 622 3860 1720 561 4009 1351 325 158 651 1165 485 174 133 8705 816 4688 452244 7256 2362 375 1342
internal_value=7.48245e-13 -0.00138004 0.00148449 0.0074018 0.000223359 -0.0028282 0.00322321 -0.00588267 -0.0115099 -0.00273686 -0.0021164 -0.0127464 0.00170371 -0.000241173 -0.00637088 -0.0358719 -0.0502042 0.00828444 0.0159716 -0.0127034 0.0156166 -0.0165068 -0.000184384 -0.00381906 0.000439629 0.000294017 0.00508885 -0.00123332 0.00415684 0.00130425
internal_weight=586317 81676 29737 10175 504641 33398 11203 22195 8899 5134 13296 3515 9781 9220 5211 979 654 2438 1787 2696 2416 307 8787 2536 471243 456932 14311 7055 4693 4318
internal_count=586317 81676 29737 10175 504641 33398 11203 22195 8899 5134 13296 3515 9781 9220 5211 979 654 2438 1787 2696 2416 307 8787 2536 471243 456932 14311 7055 4693 4318
is_linear=0
shrinkage=0.05


Tree=171
num_leaves=31
num_cat=0
split_feature=9 13 10 1 10 3 11 11 9 1 11 3 7 3 12 1 0 10 1 10 9 11 10 10 6 10 13 9 9 10
split_gain=71.8378 98.4659 87.4048 196.001 92.312 72.5612 175.832 236.474 547.851 286.4 272.748 379.246 267.324 261.898 237.882 230.667 255.494 573.332 318.806 483.523 381.419 310.714 298.93 480.777 482.898 273.89 245.104 222.642 211.793 314.028
threshold=43.448387145996101 77.750000000000014 0.53436762094497692 42.860454559326179 0.86095303297042858 29.840383529663089 0.73246693611145031 0.64532420039176952 31.498968124389652 35.217159271240241 0.56312987208366405 36.311624526977546 28.629338264465336 31.701417922973636 19.250000000000004 27.419076919555668 3.3230007886886601 1.0000000180025095e-35 34.43524360656739 -0.96683886647224415 32.356893539428718 -0.10737737268209456 -0.39753912389278406 -0.59817537665367115 3.4675687551498418 -0.97873103618621815 79.250000000000014 39.062702178955085 27.418050765991214 -0.18399664759635923
decision_type=2 2 2 2 2 2 2 2 2 2 2 2 2 2 2 2 2 2 2 2 2 2 2 2 2 2 2 2 2 2
left_child=5 2 3 -2 -4 -1 7 10 -9 13 14 12 -12 -10 15 -7 18 21 19 20 -17 26 23 -21 -25 -22 -18 28 -24 -30
right_child=1 -3 4 -5 -6 6 -8 8 9 -11 11 -13 -14 -15 -16 16 17 -19 -20 22 25 -23 27 24 -26 -27 -28 -29 29 -31
leaf_value=0.0010474831542802653 -0.077595216618327981 0.015674216418299667 0.020007539032027125 0.025661562544644464 -0.030036973494785152 0.028239529927754227 -0.0025110647585802641 -0.0041788626026615034 0.024548464019148286 0.049463925926665805 0.044585773420133763 -0.032369376705938431 -0.005053185730124833 0.0063473953031888929 0.0028575024448414298 -0.0099753271004838912 -0.016530000196564799 0.0032403817864701278 -0.001610651984985349 0.0041976166242008962 0.0091115497582464778 0.00033024061074031757 0.034582228864365745 0.025576924829694203 -0.003738182093135067 -0.015857006353320238 -0.0059907291247495338 0.039085251070194053 -0.011207067545390935 0.0015389763126018308
leaf_weight=122562 114 1576 300 77 133 697 76473 8107 2702 515 276 1291 15684 7360 65328 13095 10818 17737 125032 41946 5798 8030 441 5472 1890 1355 11257 370 5626 34255
leaf_count=122562 114 1576 300 77 133 697 76473 8107 2702 515 276 1291 15684 7360 65328 13095 10818 17737 125032 41946 5798 8030 441 5472 1890 1355 11257 370 5626 34255
internal_value=-2.57264e-12 0.00901818 -0.00779258 -0.0359681 0.0046359 -3.39658e-05 -0.000321135 0.00011376 0.00560066 0.0130964 -0.000166037 -0.00630325 -0.00419477 0.011235 0.000137196 -0.00048895 -0.000559674 -0.00389057 0.000117632 0.00207768 -0.00490342 -0.00809192 0.00364827 0.00626602 0.018051 0.00438173 -0.0111556 0.000476236 0.000121954 -0.000259104
internal_weight=586317 2200 624 191 433 584117 461555 385082 18684 10577 366398 17251 15960 10062 349147 283819 283122 47842 235280 110248 20248 30105 90000 49308 7362 7153 22075 40692 40322 39881
internal_count=586317 2200 624 191 433 584117 461555 385082 18684 10577 366398 17251 15960 10062 349147 283819 283122 47842 235280 110248 20248 30105 90000 49308 7362 7153 22075 40692 40322 39881
is_linear=0
shrinkage=0.05


Tree=172
num_leaves=31
num_cat=0
split_feature=13 0 9 11 2 11 13 10 9 10 10 10 9 12 9 12 8 12 10 11 11 10 11 5 7 9 1 13 4 10
split_gain=69.6335 140.067 121.093 120.578 120.109 223.872 173.514 213.219 171.206 169.369 161.954 132.999 130.781 129.991 128.255 119.286 122.358 115.979 114.795 114.7 327.092 195.656 154.691 253.309 321.204 265.774 268.625 182.778 151.874 147.267
threshold=81.750000000000014 20.480680465698246 29.817021369934086 0.65837720036506664 12.996385574340822 -0.29258950054645533 78.750000000000014 0.30081701278686529 35.004232406616218 -0.66484925150871266 0.69636976718902599 -0.62540480494499195 25.9338493347168 18.750000000000004 32.195915222167976 18.250000000000004 1.7134957909584048 18.250000000000004 0.012910176534205677 -0.9946339726448058 -0.99049577116966236 1.0000000180025095e-35 -0.98518359661102284 31.542144775390629 33.095499038696296 33.306697845458991 32.661760330200202 77.250000000000014 0.7879006862640382 -0.030120026320219036
decision_type=2 2 2 2 2 2 2 2 2 2 2 2 2 2 2 2 2 2 2 2 2 2 2 2 2 2 2 2 2 2
left_child=4 -2 3 -3 19 6 13 14 10 12 -9 -11 -7 -6 17 -16 -17 -8 -15 21 -21 29 23 24 -22 26 28 -27 -25 -1
right_child=1 2 -4 -5 5 9 7 8 -10 11 -12 -13 -14 18 15 16 -18 -19 -20 20 22 -23 -24 25 -26 27 -28 -29 -30 -31
leaf_value=0.004028283193197737 -0.0018445801920355951 0.033893940592414955 0.0035753999155825299 -0.023442942014499351 -0.012986846146389029 -0.062989182581716194 0.011797515295086158 0.11492529168545483 0.01108630850470879 0.053130997282988285 0.015229708470287734 0.011216914434849816 0.00045201280052825611 -0.006065094972704123 -0.0038667426884172818 -0.032430811036684597 -0.0044354140163599147 -0.0038068028089709529 0.018718355412066644 -0.012852769886936934 -0.0012156101926053828 0.010597109916059713 0.00032783460984886275 0.035997029119609412 -0.089751154090370155 -0.032046113565451784 0.011204651710849332 0.011331343961009465 0.082582658468424511 -0.011279288179105682
leaf_weight=4693 77342 641 3586 107 8516 82 1849 83 1100 207 80 2209 8705 1965 3040 933 671 3345 613 4688 1329 7256 447532 441 111 288 704 1549 290 2362
leaf_count=4693 77342 641 3586 107 8516 82 1849 83 1100 207 80 2209 8705 1965 3040 933 671 3345 613 4688 1329 7256 447532 441 111 288 704 1549 290 2362
internal_value=-6.32321e-13 -0.00135443 0.00739248 0.025692 0.000219214 -0.00267832 -0.00558669 -0.0011672 0.0181727 0.00308363 0.0659949 0.0148081 -0.000140018 -0.010009 -0.00365005 -0.00968756 -0.0207195 0.00174814 -0.000172056 0.000424569 0.000286519 0.00483234 0.000422721 0.0094348 -0.00804023 0.0171255 0.0332486 0.00453074 0.0544783 -0.00109666
internal_weight=586317 81676 4334 748 504641 33398 22195 11101 1263 11203 163 2416 8787 11094 9838 4644 1604 5194 2578 471243 456932 14311 452244 4712 1440 3272 1435 1837 731 7055
internal_count=586317 81676 4334 748 504641 33398 22195 11101 1263 11203 163 2416 8787 11094 9838 4644 1604 5194 2578 471243 456932 14311 452244 4712 1440 3272 1435 1837 731 7055
is_linear=0
shrinkage=0.05


Tree=173
num_leaves=31
num_cat=0
split_feature=11 12 10 9 11 11 1 13 3 7 9 11 11 10 1 12 2 7 4 10 12 8 5 1 12 11 9 0 13 12
split_gain=68.7796 159.388 228.456 376.126 148.246 167.645 132.168 124.978 297.227 197.491 187.083 124.684 144.576 175.575 399.49 566.505 679.23 190.354 150.049 144.088 242.524 183.165 283.568 175.993 156.453 151.237 144.663 138.147 134.765 336.872
threshold=0.9937097728252412 16.750000000000004 -0.055916473269462579 30.599422454833988 0.99962961673736583 0.9969642460346223 27.532365798950199 79.750000000000014 29.363496780395511 29.147802352905277 28.161762237548832 0.98043283820152294 0.9549313783645631 -0.24284747242927548 28.750182151794437 16.250000000000004 0.12086454406380655 31.004045486450199 0.12160332128405572 -0.14153897762298581 18.750000000000004 1.9845086932182314 27.854860305786136 28.514179229736332 15.250000000000002 0.99164059758186351 29.589060783386234 0.47736741602420812 77.250000000000014 15.750000000000002
decision_type=2 2 2 2 2 2 2 2 2 2 2 2 2 2 2 2 2 2 2 2 2 2 2 2 2 2 2 2 2 2
left_child=11 4 3 6 5 -2 -3 8 -8 -10 -9 12 28 14 15 -14 17 18 -17 24 -21 22 -22 25 -13 -24 -25 -15 29 -1
right_child=1 2 -4 -5 -6 -7 7 10 9 -11 -12 19 13 27 -16 16 -18 -19 -20 20 21 -23 23 26 -26 -27 -28 -29 -30 -31
leaf_value=-0.003888993811368801 0.00779942450204682 -0.064532185795607863 -0.0029503416842960144 0.025338966827959015 0.013611721156901402 -0.0080690223625310784 0.020449380097644673 -0.038023760714848462 -0.11633517107591757 -0.041392799572980345 0.0043767600117798821 -0.0019691019629503328 3.6940932412057532e-05 -0.00046184037171121843 -0.00072536098554429665 -0.045191488772973472 -0.21358869700204758 0.040501860985832833 -0.13335115912863438 0.00579219455990331 0.016702108424306864 -0.090704009080571801 -0.056498089156445566 -0.02168737001278059 0.01761597862315371 0.0057590246782638138 0.009201314136437027 -0.024031008917412014 0.00059487973285829139 0.0011217026206109526
leaf_weight=63360 2848 222 8736 390 2136 4005 175 432 103 600 654 1464 866 13821 2882 900 63 62 51 8232 793 70 432 988 3360 126 615 651 396000 71280
leaf_count=63360 2848 222 8736 390 2136 4005 175 432 103 600 654 1464 866 13821 2882 900 63 62 51 8232 793 70 432 988 3360 126 615 651 396000 71280
internal_value=-3.31284e-13 -0.00285949 -0.00680884 -0.0198942 0.00211046 -0.00147434 -0.0279641 -0.0238307 -0.0378583 -0.052373 -0.0124897 0.00010256 -2.43361e-05 -0.0042757 -0.0125366 -0.030065 -0.054292 -0.0443851 -0.0499193 0.00444241 0.0013439 -0.0107653 -0.00887105 -0.0182554 0.0116722 -0.04244 -0.00983675 -0.00152206 0.000130259 -0.00123627
internal_weight=586317 20301 11312 2576 8989 6853 2186 1964 878 703 1086 566016 549936 19296 4824 1942 1076 1013 951 16080 11256 3024 2954 2161 4824 558 1603 14472 530640 134640
internal_count=586317 20301 11312 2576 8989 6853 2186 1964 878 703 1086 566016 549936 19296 4824 1942 1076 1013 951 16080 11256 3024 2954 2161 4824 558 1603 14472 530640 134640
is_linear=0
shrinkage=0.05


Tree=174
num_leaves=31
num_cat=0
split_feature=3 9 11 1 10 0 11 13 10 10 11 11 7 10 10 10 7 10 3 8 1 5 12 10 10 12 5 7 10 8
split_gain=71.7284 145.454 254.373 157.155 146.895 273.716 271.804 191.06 185.416 358.552 440.213 290.295 229.653 211.586 573.181 550.171 234.469 286.693 221.357 218.597 193.116 186.908 201.746 171.677 513.744 388.749 233.268 279.064 161.498 189.122
threshold=29.048268318176273 25.9338493347168 0.99962961673736583 29.697037696838382 -0.038721922785043709 2.1881206035614018 0.72064045071601879 82.750000000000014 -0.15005400776863095 -0.42888796329498285 -0.67758968472480763 -0.48248986899852747 33.690311431884773 -0.63874351978301991 -0.67760851979255665 -0.56314551830291737 30.372696876525882 -0.71466678380966175 27.166994094848636 0.70043689012527477 30.458729743957523 29.803519248962406 17.750000000000004 -0.30081701278686518 -0.26781183481216425 16.750000000000004 29.531901359558109 29.888275146484379 -0.95747631788253773 0.30458521842956549
decision_type=2 2 2 2 2 2 2 2 2 2 2 2 2 2 2 2 2 2 2 2 2 2 2 2 2 2 2 2 2 2
left_child=1 2 3 -1 5 23 7 8 9 10 13 -12 20 14 16 19 21 -18 -17 -15 -11 22 -7 -3 25 -25 -27 -28 29 -13
right_child=-2 4 -4 -5 -6 6 -8 -9 -10 12 11 28 -14 15 -16 18 17 -19 -20 -21 -22 -23 -24 24 -26 26 27 -29 -30 -31
leaf_value=-0.0028530126822038462 -0.00021757301152147254 0.00042648812934640727 -0.073801702560081978 -0.043793102406056189 0.005673679609505179 0.0065150321204851883 0.019514328363611305 0.024237060913299899 -0.020764211427888687 0.013872522274834348 0.021355631885242938 -0.006387328270292288 -0.070067098707734768 -0.014560594895243528 -0.084910209868868561 -0.050865786870256571 -0.022749848115914975 0.068301557489400797 -0.0088824879977604035 0.040302504581206627 0.053706490446242233 -0.10379480007621977 -0.041640388133237144 -0.0075366352526397137 -0.0034847425004564921 -0.049246776907772148 -0.21495699759791878 -0.062945690640323876 -0.0077045375979016666 0.018445533538631126
leaf_weight=4974 507731 20726 137 246 19741 395 2808 986 879 3767 2031 1328 77 253 359 533 177 169 764 643 331 72 484 583 10174 546 51 74 3464 1814
leaf_count=4974 507731 20726 137 246 19741 395 2808 986 879 3767 2031 1328 77 253 359 533 177 169 764 643 331 72 484 583 10174 546 51 74 3464 1814
internal_value=-2.92549e-12 0.0014057 -0.00654747 -0.00478237 0.00198751 0.000627043 0.00501814 0.00282094 0.00161705 0.00279784 -0.00144359 0.00482373 0.0154825 -0.0155072 -0.0289977 -0.00532011 -0.0135216 0.0217232 -0.0261355 0.024811 0.01709 -0.0263446 -0.0200006 -0.00228643 -0.00720661 -0.037403 -0.0633525 -0.124966 -0.00025896 0.00794966
internal_weight=586317 78586 5357 5220 73229 53488 21334 18526 17540 16661 12486 8637 4175 3849 1656 2193 1297 346 1297 896 4098 951 879 32154 11428 1254 671 125 6606 3142
internal_count=586317 78586 5357 5220 73229 53488 21334 18526 17540 16661 12486 8637 4175 3849 1656 2193 1297 346 1297 896 4098 951 879 32154 11428 1254 671 125 6606 3142
is_linear=0
shrinkage=0.05


Tree=175
num_leaves=31
num_cat=0
split_feature=3 10 11 10 9 12 1 10 10 9 1 9 11 1 10 12 11 1 10 7 10 11 10 10 8 10 5 1 10 9
split_gain=67.471 231.276 457.405 302.083 293.456 545.109 226.72 231.135 311.033 898.032 373.582 333.06 577.548 297.502 281.797 274.031 259.03 225.384 222.768 216.682 205.044 199.832 355.69 667.817 445.764 668.448 303.937 399.141 344.907 240.378
threshold=30.771559715271 0.64534214138984691 -0.73829901218414296 0.5772862732410432 29.157420158386234 17.250000000000004 33.005638122558601 0.44437406957149511 0.39753912389278417 28.745961189270023 28.860654830932621 30.94557094573975 0.91234096884727489 30.026032447814945 0.30081701278686529 16.750000000000004 0.88201534748077404 30.234247207641605 0.60505047440528881 28.311470031738285 0.59125596284866344 0.75546532869339 -0.42109696567058558 -0.54883790016174305 1.0000000180025095e-35 -0.58429276943206776 31.482362747192386 30.491027832031254 -0.59817537665367115 31.407091140747074
decision_type=2 2 2 2 2 2 2 2 2 2 2 2 2 2 2 2 2 2 2 2 2 2 2 2 2 2 2 2 2 2
left_child=1 3 -3 6 5 -5 7 8 14 13 15 17 -13 -10 -1 -11 -9 -12 19 -7 -21 -2 23 24 25 26 -23 28 -28 -25
right_child=21 2 -4 4 -6 18 -8 16 9 10 11 12 -14 -15 -16 -17 -18 -19 -20 20 -22 22 -24 29 -26 -27 27 -29 -30 -31
leaf_value=0.00031109408534232981 1.9446339299640199e-05 0.088476123010901658 0.0082583068974642262 0.021302070422604194 -0.007365551003539997 -0.20080188574462104 -0.028742698745761987 0.0040149762680460862 0.016958369738183734 -0.0071926419572264427 -0.027503018945013502 -0.025540820615532908 -0.16353875308734728 0.095588695104375038 0.010411287562982156 -0.087091678149184726 0.026290196820210495 0.013835449070760238 -0.041545811623389668 -0.03123969637239591 -0.15002653854625192 0.013661106818924136 -0.0013171492626055622 -0.044003452464501824 -0.032742372089679755 0.032811758719231664 -0.035326352199348057 -0.012929353006297141 -0.17869725625800051 -0.01510061702146176
leaf_weight=161673 356971 184 5194 184 1700 58 651 4907 444 146 641 335 98 165 7214 405 1778 679 170 78 68 1030 34045 1723 1002 1403 107 1960 69 1235
leaf_count=161673 356971 184 5194 184 1700 58 651 4907 444 146 641 335 98 165 7214 405 1778 679 170 78 68 1030 34045 1723 1002 1403 107 1960 69 1235
internal_value=1.11769e-12 0.000784493 0.0110028 0.000481538 -0.0176925 -0.0491545 0.000710621 0.000818048 0.000463119 -0.0157359 -0.0300089 -0.0187211 -0.0567736 0.0382622 0.000742523 -0.0659206 0.00993949 -0.00623876 -0.0838176 -0.119044 -0.0865651 -0.000366721 -0.00360462 -0.0127355 -0.00254058 0.00408279 -0.00864833 -0.0194062 -0.0915343 -0.0319362
internal_weight=586317 186772 5378 181394 2258 558 179136 178485 171800 2913 2304 1753 433 609 168887 551 6685 1320 374 204 146 399545 42574 8529 5571 4569 3166 2136 176 2958
internal_count=586317 186772 5378 181394 2258 558 179136 178485 171800 2913 2304 1753 433 609 168887 551 6685 1320 374 204 146 399545 42574 8529 5571 4569 3166 2136 176 2958
is_linear=0
shrinkage=0.05


Tree=176
num_leaves=31
num_cat=0
split_feature=12 13 11 3 9 3 12 13 10 1 0 2 13 12 11 9 3 5 10 10 10 5 13 7 1 11 11 7 1 5
split_gain=67.7084 178.749 202.896 167.381 125.976 119.196 112.747 243.216 126.534 237.984 127.115 117.155 112.347 142.756 169.694 540.328 485.587 461.845 459.776 323.664 309.149 305.928 277.687 260.633 254.726 206.042 401.924 262.736 170.206 300.284
threshold=14.250000000000002 79.250000000000014 -0.73829901218414296 38.825445175170906 33.935148239135749 39.068428039550788 12.250000000000002 77.750000000000014 0.85206964612007152 34.042966842651374 19.246644973754886 0.47809980809688574 80.250000000000014 17.250000000000004 -0.95234230160713185 35.004232406616218 32.516479492187507 37.079145431518562 0.21772121638059619 0.26781183481216436 -0.030120026320219036 31.482362747192386 83.250000000000014 29.814617156982425 31.580764770507816 -0.49749487638473505 -0.43663504719734186 28.506230354309086 31.705049514770511 31.233236312866214
decision_type=2 2 2 2 2 2 2 2 2 2 2 2 2 2 2 2 2 2 2 2 2 2 2 2 2 2 2 2 2 2
left_child=1 5 4 -4 -3 6 7 -1 9 10 -8 -11 -2 -14 15 18 19 20 22 24 -18 -20 23 -15 -17 27 -27 -16 29 -25
right_child=12 2 3 -5 -6 -7 8 -9 -10 11 -12 -13 13 14 25 16 17 -19 21 -21 -22 -23 -24 28 -26 26 -28 -29 -30 -31
leaf_value=-0.0031683658802207203 0.00081146633801316764 0.028755887447408347 0.0012790492989234647 -0.024342715678901169 0.0080299886339697119 -0.022643459409077152 -0.001986062919627518 0.0078990096757856742 0.0016957511516561858 -0.0085703681058262315 -0.012773591699940226 -0.023595635320361057 0.0038258245414438314 0.0075721236828615052 -0.013869458802709764 -0.0064795462551488969 0.02004629894374655 -0.018520593266987889 -0.035931079835817219 -0.097758198936159418 -0.077507699563889615 0.049588502764418084 0.01132217176532898 -0.023121838122763243 0.062600343176566153 -0.020403857622246863 -0.0014094173532067087 0.0039909365300709789 -0.022519657615701981 0.010494358699771401
leaf_weight=11668 315036 871 17170 662 4633 690 57095 8640 14012 5416 2868 1706 14585 1768 2218 296 91 1170 125 60 755 640 2116 1246 243 2880 84465 28742 3027 1423
leaf_count=11668 315036 871 17170 662 4633 690 57095 8640 14012 5416 2868 1706 14585 1768 2218 296 91 1170 125 60 755 640 2116 1246 243 2880 84465 28742 3027 1423
internal_value=8.2525e-13 -0.00102996 0.00291805 0.00032786 0.0113098 -0.00193236 -0.00179143 0.00154023 -0.00262574 -0.00352836 -0.00250202 -0.0121695 0.000280305 -0.000867004 -0.00138843 -0.00682003 -0.0271261 -0.0388706 -0.00168708 0.0124014 -0.0670143 0.0356147 -0.00466577 -0.00919826 0.0246641 -0.000793411 -0.00203572 0.0027114 -0.0144037 -0.00519908
internal_weight=586317 125431 23336 17832 5504 102095 101405 20308 81097 67085 59963 7122 460886 145850 131265 12960 2615 2016 10345 599 846 765 9580 7464 539 118305 87345 30960 5696 2669
internal_count=586317 125431 23336 17832 5504 102095 101405 20308 81097 67085 59963 7122 460886 145850 131265 12960 2615 2016 10345 599 846 765 9580 7464 539 118305 87345 30960 5696 2669
is_linear=0
shrinkage=0.05


Tree=177
num_leaves=31
num_cat=0
split_feature=10 9 13 11 5 1 10 11 1 9 10 11 3 9 9 11 7 13 9 12 7 1 5 1 6 8 7 5 10 11
split_gain=66.9552 86.7167 130.743 112.939 96.4963 94.963 76.1971 633.605 436.487 436.815 303.202 283.479 495.365 588.849 561.938 431.224 379.328 372.677 249.626 289.338 245.046 241.754 234.331 233.298 382.863 229.296 198.474 183.352 180.465 628.307
threshold=-0.99984258413314808 30.975874900817875 80.250000000000014 1.0000000180025095e-35 31.512630462646488 33.441390991210945 -0.97109106183052052 -0.19244445115327832 31.363744735717777 27.16437911987305 -0.97505551576614369 -0.14153505116701123 31.328034400939945 29.589060783386234 32.425245285034187 -0.10737737268209456 29.996625900268558 78.750000000000014 29.854121208190922 15.250000000000002 31.681015968322757 32.734432220458991 32.735582351684577 33.885679244995124 1.0000000180025095e-35 0.35816819965839392 33.311262130737312 28.247999191284183 -0.90880924463272084 -0.38961601257324213
decision_type=2 2 2 2 2 2 2 2 2 2 2 2 2 2 2 2 2 2 2 2 2 2 2 2 2 2 2 2 2 2
left_child=1 -1 3 -3 -5 -4 7 8 9 -2 18 12 13 27 -14 16 17 -13 -10 -20 -16 25 -21 24 -17 -18 -24 -9 29 -8
right_child=6 2 5 4 -6 -7 28 11 10 -11 -12 15 14 -15 20 23 21 -19 19 22 -22 -23 26 -25 -26 -27 -28 -29 -30 -31
leaf_value=0.015899878946019626 -0.078532464065531785 0.022968044883579748 -0.034284849835368891 -0.039958149030465975 0.0050061446570401277 0.019887610203450892 0.024643486761743674 0.03160709010361764 -0.085265046142342482 0.002777490864794457 -0.0084843058195716373 -0.015008486417337531 -0.029925825025296657 0.039107532923904863 0.077333509935411868 -0.00873102524837969 -0.020859848899765415 0.047488661332521588 0.00088702776449579726 -0.032845809945227726 0.010186589994389428 -0.0056709821136194678 -0.042185085656073616 0.011924099296134943 0.0037961869669587292 -0.06043773613818082 -0.11847377361412695 -0.027358982090059492 -0.00012224888551846361 0.0014645036228099503
leaf_weight=1514 179 626 377 165 431 103 3216 173 322 2139 812 749 1169 2032 167 10396 671 350 378 650 729 641 156 3791 14757 805 188 554 505917 32160
leaf_count=1514 179 626 377 165 431 103 3216 173 322 2139 812 749 1169 2032 167 10396 671 350 378 650 729 641 156 3791 14757 805 188 554 505917 32160
internal_value=1.9519e-12 0.00719465 -0.00054901 0.00813629 -0.00744202 -0.0226603 -3.96809e-05 -0.0020963 -0.0191396 -0.00350141 -0.0336046 0.000126735 0.0114293 0.0252909 -0.00709083 -0.00156865 -0.018938 0.00489506 -0.0456457 -0.0363472 0.0227017 -0.0313106 -0.0505068 0.000361279 -0.00138144 -0.0424453 -0.0838777 -0.0133272 0.000119167 0.00357168
internal_weight=586317 3216 1702 1222 596 480 583101 41808 4824 2318 2506 36984 4824 2759 2065 32160 3216 1099 1694 1372 896 2117 994 28944 25153 1476 344 727 541293 35376
internal_count=586317 3216 1702 1222 596 480 583101 41808 4824 2318 2506 36984 4824 2759 2065 32160 3216 1099 1694 1372 896 2117 994 28944 25153 1476 344 727 541293 35376
is_linear=0
shrinkage=0.05


Tree=178
num_leaves=31
num_cat=0
split_feature=11 9 10 9 5 13 1 10 1 3 9 11 3 10 9 3 9 1 10 10 7 10 11 0 11 9 10 5 10 7
split_gain=65.3961 137.733 123.753 108.213 153.739 123.576 101.404 88.2088 105.466 86.8314 95.8361 287.927 85.6257 83.7739 161.201 109.501 96.7425 83.2301 80.7672 451.37 390.466 281.167 352.614 348.603 532.918 593.192 746.638 591.151 581.525 397.264
threshold=0.9969642460346223 32.291826248168952 1.0000000180025095e-35 30.21013164520264 27.854860305786136 80.750000000000014 31.427606582641605 -0.038721922785043709 27.532365798950199 28.683040618896488 26.480161666870121 0.99962961673736583 30.771559715271 0.030120026320219043 31.746056556701664 30.931479454040531 31.498968124389652 26.488616943359379 -0.22611359506845471 -0.32533907890319819 27.307657241821293 -0.46735489368438715 0.79874977469444286 0.09513250365853311 -0.69014781713485707 30.975874900817875 -0.49002411961555475 29.840383529663089 -0.70252096652984608 30.031639099121097
decision_type=2 2 2 2 2 2 2 2 2 2 2 2 2 2 2 2 2 2 2 2 2 2 2 2 2 2 2 2 2 2
left_child=18 3 -3 7 -5 13 -4 8 -2 10 11 -9 -10 15 -15 16 -6 -13 19 21 -21 22 23 -1 25 26 27 -25 -29 -28
right_child=1 2 6 4 5 -7 -8 9 12 -11 -12 17 -14 14 -16 -17 -18 -19 -20 20 -22 -23 -24 24 -26 -27 29 28 -30 -31
leaf_value=0.0019096135262293837 -0.040803523089242649 0.021150632632986433 -0.065163291970060933 0.083398192103372015 0.012171961016746356 -0.025979382515978196 -0.020525618673550086 0.0094683239326948995 -0.0056854375180938749 -0.0078338002936892883 0.007081859552595153 -0.095507459586486224 -0.04865350444566488 0.0024310806974048122 -0.053948087356467216 -0.0053868112188984263 0.043833767762985615 -0.032203626938819611 0.00060671860353773326 0.013215642119410368 -0.010329036625063851 0.0046317352454765684 -0.0081573283829569441 -0.0059139424089179439 -0.00035871789454178173 -0.018027776762462151 -0.067238976085665578 -0.044706532184365606 0.031126297863239807 2.9237973450852388e-05
leaf_weight=102483 328 124 180 61 1670 328 434 414 1332 3946 2759 100 127 740 153 783 282 108 321600 1960 17336 28944 14472 4364 67384 10169 583 281 2520 352
leaf_count=102483 328 124 180 61 1670 328 434 414 1332 3946 2759 100 127 740 153 783 282 108 321600 1960 17336 28944 14472 4364 67384 10169 583 281 2520 352
internal_value=8.67037e-13 -0.00339254 -0.0244103 -0.00221128 0.0046257 0.00341105 -0.0336116 -0.00522468 -0.015185 -0.00279544 0.00308489 -0.0146445 -0.00942563 0.00606818 -0.00722851 0.0104097 0.0167461 -0.0626382 8.21929e-05 -0.000590276 -0.00793748 2.19906e-05 -0.000636544 -5.80225e-05 -0.00241228 -0.00998671 0.000108304 0.00559209 0.0235186 -0.0419145
internal_weight=586317 13869 738 13131 4017 3956 614 9114 1787 7327 3381 622 1459 3628 893 2735 1952 208 572448 250848 19296 231552 202608 188136 85653 18269 8100 7165 2801 935
internal_count=586317 13869 738 13131 4017 3956 614 9114 1787 7327 3381 622 1459 3628 893 2735 1952 208 572448 250848 19296 231552 202608 188136 85653 18269 8100 7165 2801 935
is_linear=0
shrinkage=0.05


Tree=179
num_leaves=31
num_cat=0
split_feature=3 10 10 10 10 1 11 1 10 9 12 11 13 5 0 10 11 13 3 10 1 9 10 9 12 10 12 10 3 10
split_gain=68.1549 130.812 235.85 332.094 276.893 253.705 196.713 142.785 222.954 207.101 167.966 194.359 131.652 130.929 118.172 388.414 332.276 375.933 210.289 208.909 204.492 331.369 197.43 191.185 297.97 244.57 278.269 253.198 293.067 234.075
threshold=29.048268318176273 0.63209757208824169 0.50495636463165294 0.45972847938537603 0.47494667768478399 27.844524383544925 -0.74979865550994862 25.505497932434086 -0.16705007851123807 27.917654037475589 14.750000000000002 -0.92260536551475514 81.250000000000014 29.949045181274418 3.200477242469788 0.064507851377129569 -0.10737737268209456 83.250000000000014 30.64868259429932 -0.99273952841758717 27.844524383544925 33.220045089721687 -0.18399664759635923 34.434160232543952 15.250000000000002 0.51973900198936474 16.750000000000004 0.081675637513399138 33.782379150390632 0.68391311168670665
decision_type=2 2 2 2 2 2 2 2 2 2 2 2 2 2 2 2 2 2 2 2 2 2 2 2 2 2 2 2 2 2
left_child=1 2 3 7 -5 12 -3 8 10 -10 -1 -12 -4 -7 -2 16 17 18 19 -16 21 -20 -22 24 -17 26 -25 28 -28 -27
right_child=14 6 5 4 -6 13 -8 -9 9 -11 11 -13 -14 -15 15 23 -18 -19 20 -21 22 -23 -24 25 -26 29 27 -29 -30 -31
leaf_value=-0.010798856272171822 0.00010167773897983084 0.10125136863726836 -0.011365004874704803 0.059233606608320256 0.0093915346797465767 -0.02046232581681609 0.012254489319953462 0.0015390743872638899 -0.0087083242035449395 -0.051670941677004215 0.057368062199229033 0.0043988903706508632 -0.099379272015898357 0.026083095401554603 -0.054870594957870666 -0.001603026530807722 0.002125092239675642 0.010303444685054975 0.051239341455057853 -0.0017067107660103998 -0.014024595762089954 -0.074202547508936664 -0.003014546519995197 0.0090809480759464697 0.019962621749058405 0.022133424423244674 0.0075352818071842192 -0.010838623580244088 -0.15143552457616816 0.0018175295297922307
leaf_weight=1795 434258 65 61 437 769 709 1387 70585 671 482 206 1087 140 192 188 2810 14083 2935 277 10801 18094 65 5254 2097 3725 1836 50 4964 69 6225
leaf_count=1795 434258 65 61 437 769 709 1387 70585 671 482 206 1087 140 192 188 2810 14083 2935 277 10801 18094 65 5254 2097 3725 1836 50 4964 69 6225
internal_value=1.73405e-12 0.00137024 0.00109035 0.00142321 0.0274521 -0.021875 0.0162385 0.00100369 -0.00790691 -0.0266684 -0.000901727 0.0128379 -0.0726685 -0.0105437 -0.000212084 -0.00206656 -0.004426 -0.00687878 -0.00833297 -0.00261624 -0.0109848 0.027398 -0.011547 0.00353485 0.0106896 0.000467071 -0.00624408 -0.0125664 -0.0846411 0.00644474
internal_weight=586317 78586 77134 76032 1206 1102 1452 74826 4241 1153 3088 1293 201 901 507731 73473 51697 37614 34679 10989 23690 342 23348 21776 6535 15241 7180 5083 119 8061
internal_count=586317 78586 77134 76032 1206 1102 1452 74826 4241 1153 3088 1293 201 901 507731 73473 51697 37614 34679 10989 23690 342 23348 21776 6535 15241 7180 5083 119 8061
is_linear=0
shrinkage=0.05


Tree=180
num_leaves=31
num_cat=0
split_feature=5 10 1 3 10 11 10 9 12 1 10 10 9 1 9 11 1 10 12 12 11 1 10 7 10 11 10 13 11 10
split_gain=63.8058 108.779 159.639 68.0616 199.917 399.941 269.037 255.051 480.097 202.984 202.949 280.475 810.135 334.789 300.925 521.53 279.332 252.292 246.459 236.484 218.33 202.88 202.665 185.662 185.732 185.239 568.134 763.448 392.146 362.647
threshold=43.40974426269532 0.41327477991580969 40.435468673706062 30.771559715271 0.64534214138984691 -0.73829901218414296 0.5772862732410432 29.157420158386234 17.250000000000004 33.005638122558601 0.44437406957149511 0.39753912389278417 28.745961189270023 28.860654830932621 30.94557094573975 0.91234096884727489 27.748803138732914 0.30081701278686529 16.750000000000004 13.750000000000002 0.88201534748077404 30.234247207641605 0.60505047440528881 28.311470031738285 0.59125596284866344 -0.14153505116701123 -0.95747631788253773 78.750000000000014 -0.10737737268209456 -0.99273952841758717
decision_type=2 2 2 2 2 2 2 2 2 2 2 2 2 2 2 2 2 2 2 2 2 2 2 2 2 2 2 2 2 2
left_child=3 -2 -3 4 6 -6 9 8 -8 10 11 17 16 18 21 -16 -13 25 -14 -18 -12 -15 23 -10 -25 26 27 -1 29 -27
right_child=1 2 -4 -5 5 -7 7 -9 22 -11 20 12 13 14 15 -17 19 -19 -20 -21 -22 -23 -24 24 -26 28 -28 -29 -30 -31
leaf_value=0.0050706915354985053 0.068798251882738748 -0.076997020514681935 0.0085039543044939086 -0.00040285454531867961 0.082698376947487509 0.0076884665986737353 0.020112195537481253 -0.0070508892825113011 -0.18781914546571932 -0.027179902118631201 0.003898630132651318 -0.038691970750291661 -0.0067820415217333717 -0.026105374248092485 -0.024286311559462505 -0.15542111449057655 0.002055871998926945 0.0098719608374911155 -0.082555041968920218 0.075204319707810358 0.024349113035119246 0.013115115388434476 -0.038220592452648014 -0.029419580953291214 -0.14247409536996311 -0.056378039403198181 0.00089109006106379842 0.04338900405228284 -0.00058312779100625324 -0.0061204164668531881
leaf_weight=4144 72 56 2173 397244 184 5194 184 1700 58 651 4907 103 146 641 335 98 163 7214 405 343 1778 679 170 78 68 602 52248 1894 101896 889
leaf_count=4144 72 56 2173 397244 184 5194 184 1700 58 651 4907 103 146 641 335 98 163 7214 405 343 1778 679 170 78 68 602 52248 1894 101896 889
internal_value=-1.33879e-12 0.00830975 0.00635588 -3.27401e-05 0.000754454 0.0102548 0.000472785 -0.0166784 -0.0460096 0.000688975 0.000790623 0.000458039 -0.0149247 -0.0284811 -0.0177955 -0.0539658 0.0363628 0.000723364 -0.0624773 0.0516407 0.00933782 -0.00593059 -0.07854 -0.11214 -0.0820751 0.000315145 0.00256922 0.0170904 -0.000955623 -0.0264122
internal_weight=586317 2301 2229 584016 186772 5378 181394 2258 558 179136 178485 171800 2913 2304 1753 433 609 168887 551 506 6685 1320 374 204 146 161673 58286 6038 103387 1491
internal_count=586317 2301 2229 584016 186772 5378 181394 2258 558 179136 178485 171800 2913 2304 1753 433 609 168887 551 506 6685 1320 374 204 146 161673 58286 6038 103387 1491
is_linear=0
shrinkage=0.05


Tree=181
num_leaves=31
num_cat=0
split_feature=12 13 11 1 3 10 0 12 0 12 10 10 2 6 11 10 9 2 13 10 1 11 13 10 10 10 11 3 12 10
split_gain=64.9859 169.004 241.34 244.113 155.111 168.301 148.474 131.764 120.566 117.279 110.821 229.473 169.263 155.152 114.691 113.512 110.735 114.031 108.983 108.946 107.38 100.236 226.198 182.595 137.108 128.983 122.791 95.3569 211.081 589.726
threshold=13.750000000000002 78.250000000000014 -0.14153505116701123 32.771314620971687 38.703609466552741 -0.48250326514244074 1.9813452363014223 12.250000000000002 11.050407886505129 12.250000000000002 -0.91585582494735707 -0.86095303297042836 0.25360839068889623 1.8271582722663882 0.047319635748863227 -0.61188074946403492 29.627904891967777 14.782536506652834 79.250000000000014 0.54883790016174328 24.853873252868656 0.42887605726718908 76.250000000000014 0.69636976718902599 -0.24284747242927548 0.6186656951904298 -0.99937036633491505 30.771559715271 19.250000000000004 -0.95236876606941212
decision_type=2 2 2 2 2 2 2 2 2 2 2 2 2 2 2 2 2 2 2 2 2 2 2 2 2 2 2 2 2 2
left_child=1 16 3 9 5 8 -7 19 10 -3 13 12 -12 14 -4 -13 20 -18 -9 -5 -1 23 -23 25 -24 26 -22 28 -2 -30
right_child=27 2 4 7 -6 6 -8 18 -10 -11 11 15 -14 -15 -16 -17 17 -19 -20 -21 21 22 24 -25 -26 -27 -28 -29 29 -31
leaf_value=-0.018001406684834926 0.0024213429264795076 0.046324500732563216 -0.02653429637289241 0.017104830967557157 -0.064659689978291898 5.5795231141503429e-05 0.022277094952422243 -0.0045751324211818281 0.0063402676597068362 0.014896981245921974 -0.027953352825760572 -0.0039249662114281712 -0.084626537527550352 0.012981117984341565 -0.0022420011428569307 -0.026149007231240952 -0.0041941528610908952 -0.017550404826067231 0.0050368468968157573 -0.001457790539057824 -0.025801061916824304 0.010289761596578961 -0.012614068274047846 -0.064174389301275378 -0.0011454355623168092 0.053790833751165029 0.0039807430210840175 -0.00021075264619469316 0.021292322138024854 -0.0039111291293449611
leaf_weight=853 107384 332 772 2495 99 13511 796 5748 1261 2804 524 2026 176 968 1311 802 29682 1689 6056 1157 356 2552 4735 100 5796 127 12450 345337 2503 31915
leaf_count=853 107384 332 772 2495 99 13511 796 5748 1261 2804 524 2026 176 968 1311 802 29682 1689 6056 1157 356 2552 4735 100 5796 127 12450 345337 2503 31915
internal_value=-1.0108e-14 -0.00116663 0.00130033 0.00550484 -0.00221357 -0.00193443 0.00129212 0.00292412 -0.00782248 0.0182241 -0.0105371 -0.0165718 -0.0422026 -0.00355884 -0.0112452 -0.0102275 -0.0028935 -0.00491325 0.000356259 0.011224 -0.000544077 2.61136e-05 -0.00306559 0.00312968 -0.00630202 0.00365008 0.00315282 0.000237517 0.00132921 -0.00207824
internal_weight=586317 99178 40838 18592 22246 22147 14307 15456 7840 3136 6579 3528 700 3051 2083 2828 58340 31371 11804 3652 26969 26116 13083 13033 10531 12933 12806 487139 141802 34418
internal_count=586317 99178 40838 18592 22246 22147 14307 15456 7840 3136 6579 3528 700 3051 2083 2828 58340 31371 11804 3652 26969 26116 13083 13033 10531 12933 12806 487139 141802 34418
is_linear=0
shrinkage=0.05


Tree=182
num_leaves=31
num_cat=0
split_feature=10 10 1 1 5 12 3 1 11 11 3 10 7 9 5 10 13 1 10 3 5 9 9 10 2 10 9 1 3 0
split_gain=64.8649 235.054 209.882 187.341 240.414 183.294 158.967 179.39 127.551 238.824 237.783 222.047 159.284 124.549 117.101 123.909 112.998 108.987 108.827 193.08 185.326 127.527 108.623 106.572 306.179 192.543 182.264 559.627 218.806 169.501
threshold=0.97109106183052074 0.97310933470726024 34.936000823974616 38.259286880493171 38.14697456359864 19.250000000000004 35.304443359375007 33.260351181030281 -0.12447465583682059 0.01290981797501445 39.852291107177741 0.99166813492774974 41.314598083496101 40.432950973510749 42.096481323242195 0.99628895521163952 81.250000000000014 41.779499053955085 0.98521098494529735 36.647703170776374 35.831071853637702 35.073209762573249 36.63084793090821 0.94417876005172741 0.12086454406380655 0.9259161949157716 40.274217605590827 38.043006896972663 34.557439804077156 0.23258588463068011
decision_type=2 2 2 2 2 2 2 2 2 2 2 2 2 2 2 2 2 2 2 2 2 2 2 2 2 2 2 2 2 2
left_child=23 3 6 4 -2 8 -3 -8 10 13 18 -11 -12 -10 15 -7 -13 -16 19 22 -20 -21 -4 25 29 -1 28 -28 -27 -25
right_child=1 2 5 -5 -6 14 7 -9 9 11 12 16 -14 -15 17 -17 -18 -19 20 21 -22 -23 -24 24 -26 26 27 -29 -30 -31
leaf_value=-0.00015409506776926647 0.02200106898428909 0.0072704747111567748 -0.016686374816850126 0.0020888450534866823 0.084589795688759239 0.013095343698627894 0.12345841117203236 0.026157249455910032 -0.011801961015291523 -0.006962749852270406 0.027629402125844266 0.0077252162726705043 -0.048403881178939179 0.0076698823549972142 0.017364414827898144 -0.00037697608895360192 -0.011844734799361038 -0.069792305289747877 0.031721338975779688 -0.053061266549307352 0.00012324748041971835 0.0046463229619991952 -0.057298554872855727 -0.0077214372804556512 0.015431661127314056 -0.0040065352636386676 -0.081835752921755878 0.0043286607859859888 0.014553758886179935 0.011350682601450368
leaf_weight=513957 670 5061 703 739 199 4354 52 532 8419 5916 1221 7342 73 910 58 2807 820 94 580 101 2321 1837 215 14598 1824 2141 226 1134 6147 1266
leaf_count=513957 670 5061 703 739 199 4354 52 532 8419 5916 1221 7342 73 910 58 2807 820 94 580 101 2321 1837 215 14598 1824 2141 226 1134 6147 1266
internal_value=-1.42287e-12 0.00182349 0.00112822 0.0205956 0.0363338 -0.000215732 0.0101207 0.0348211 -0.00192245 -0.00369833 0.00397289 0.000413001 0.02334 -0.00990257 0.0068926 0.00781441 0.00575911 -0.0365351 -0.000380262 -0.00730868 0.00644069 0.00163886 -0.0261979 -0.000151675 -0.00396881 -2.27279e-05 0.00697531 -0.00998984 0.00975917 -0.00619942
internal_weight=586317 45024 43416 1608 869 37771 5645 584 30458 23407 7051 14078 1294 9329 7313 7161 8162 152 5757 2856 2901 1938 918 541293 17688 523605 9648 1360 8288 15864
internal_count=586317 45024 43416 1608 869 37771 5645 584 30458 23407 7051 14078 1294 9329 7313 7161 8162 152 5757 2856 2901 1938 918 541293 17688 523605 9648 1360 8288 15864
is_linear=0
shrinkage=0.05


Tree=183
num_leaves=31
num_cat=0
split_feature=4 11 10 11 9 5 10 10 11 10 10 9 0 10 1 1 10 9 11 11 10 10 13 1 11 9 12 9 5 10
split_gain=64.0733 484.691 554.524 238.25 244.729 234.911 206.842 186.458 243.325 175.681 166.625 152.983 143.53 196.024 260.25 207.542 143.832 202.172 142.757 649.758 508.063 472.859 452.33 423.915 545.71 554.097 345.939 377.454 429.12 558.971
threshold=16.786019325256351 -0.66483077406883229 -0.45972847938537592 -0.9469526708126067 27.295834541320804 27.308004379272464 -0.49002411961555475 -0.38168568909168238 -0.93533331155776966 -0.63874351978301991 -0.56314551830291737 29.467936515808109 3.3230007886886601 -0.16705007851123807 29.990586280822757 27.844524383544925 -0.08167563751339911 36.894601821899421 -0.61186373233795155 -0.58427652716636647 -0.72660079598426808 -0.62540480494499195 77.250000000000014 33.260351181030281 -0.82389250397682179 30.277338027954105 15.750000000000002 31.874295234680179 30.159094810485843 -0.67760851979255665
decision_type=2 2 2 2 2 2 2 2 2 2 2 2 2 2 2 2 2 2 2 2 2 2 2 2 2 2 2 2 2 2
left_child=18 2 6 12 7 -6 9 -5 -9 -2 -11 -8 16 14 -14 -15 -4 -18 20 -20 -1 26 -23 24 -24 -26 -22 28 29 -28
right_child=1 -3 3 4 5 -7 11 8 -10 10 -12 -13 13 15 -16 -17 17 -19 19 -21 21 22 23 -25 25 -27 27 -29 -30 -31
leaf_value=0.013472755929054711 -0.033513224534891271 0.0038589339571586884 -0.029184570899387627 0.0060928394610183477 0.044885998612624552 0.0054068455621105078 -0.095645699557461591 -0.0050649128273449924 -0.11448327959099386 0.004074119762918162 -0.026060288975477366 -0.029240495753368703 0.030447508579499512 -0.051327570203626362 -0.012367100947911165 -0.0055412984220103616 -0.00068270672453535775 -0.043869043548233233 -0.016603851225396409 -0.00012380698281917689 0.0022397902513468185 -0.0033222327528485253 0.0055108660211348401 0.00080883508017674712 0.057925678053745135 0.014197314071399854 -0.00033357581813976618 -0.029422195169809037 0.0065545781078868688 -0.059176720693368337
leaf_weight=8270 1611 16014 1327 169 420 3663 171 93 112 924 911 176 832 285 619 1881 1631 325 6073 394861 4278 35025 32586 63134 982 2762 920 2957 2586 719
leaf_count=8270 1611 16014 1327 169 420 3663 171 93 112 924 911 176 832 285 619 1881 1631 325 6073 394861 4278 35025 32586 63134 982 2762 920 2957 2586 719
internal_value=-2.28049e-13 -0.00220608 -0.00861699 -0.00308879 0.0059219 0.00946789 -0.0251695 -0.03279 -0.0648447 -0.0214644 -0.0108863 -0.0619647 -0.00890918 -0.00203883 0.0121827 -0.0115658 -0.0164785 -0.00785835 0.00012384 -0.000373432 0.00141664 0.000733492 0.00156427 0.00328499 0.00758803 0.0256667 -0.00901609 -0.0157207 -0.00613132 -0.026147
internal_weight=586317 31164 15150 11357 4457 4083 3793 374 205 3446 1835 347 6900 3617 1451 2166 3283 1956 555153 400934 154219 145949 134489 99464 36330 3744 11460 7182 4225 1639
internal_count=586317 31164 15150 11357 4457 4083 3793 374 205 3446 1835 347 6900 3617 1451 2166 3283 1956 555153 400934 154219 145949 134489 99464 36330 3744 11460 7182 4225 1639
is_linear=0
shrinkage=0.05


Tree=184
num_leaves=31
num_cat=0
split_feature=13 13 0 2 11 13 10 9 10 10 11 10 12 9 12 1 9 1 11 11 11 1 0 9 12 5 7 11 5 7
split_gain=63.8147 128.577 177.701 109.078 187.791 154.666 185.161 153.974 146.897 145.005 127.287 134.769 116.528 115.196 111.74 137.296 128.061 107.593 112.494 105.642 291.344 176.547 238.064 197.563 195.109 220.274 154.083 139.966 223.718 286.298
threshold=81.750000000000014 83.750000000000014 1.3538408875465395 12.996385574340822 -0.29258950054645533 78.750000000000014 0.30081701278686529 35.004232406616218 -0.66484925150871266 0.69636976718902599 0.96457844972610485 0.13301347196102145 18.750000000000004 25.9338493347168 18.250000000000004 31.705049514770511 34.804851531982429 31.961493492126468 0.47493347525596624 -0.9946339726448058 -0.99049577116966236 33.536117553710945 0.57754170894622814 29.817021369934086 17.750000000000004 33.084299087524421 27.020131111145023 -0.98518359661102284 31.542144775390629 33.095499038696296
decision_type=2 2 2 2 2 2 2 2 2 2 2 2 2 2 2 2 2 2 2 2 2 2 2 2 2 2 2 2 2 2
left_child=3 -2 -3 19 5 12 14 9 13 -8 -10 -12 -5 -6 15 -7 -16 18 -4 21 -21 26 23 -23 -24 -26 -1 28 29 -22
right_child=1 2 17 4 8 6 7 -9 10 -11 11 -13 -14 -15 16 -17 -18 -19 -20 20 27 22 24 -25 25 -27 -28 -29 -30 -31
leaf_value=-0.026263355123452271 -0.0023326267627305111 -0.00056075824661375759 0.022549362857353206 -0.012209792015678482 -0.059261961120021779 0.010902062509841857 0.10863109093204321 0.010259637507004135 0.018023475083485681 0.014296300117857756 0.012527689676940571 -0.054327294914533121 -7.6720258081042848e-05 0.00027928229838662335 -0.0063562683099219171 -0.0058859739718398994 -0.036824012059473686 0.0034926822488148264 -0.012567254558464028 -0.012127454321522709 -0.0010054502198366627 0.082124632515335166 -0.0049938870688298956 0.0031630135486185786 0.0072387474522890294 -0.057518334281380458 0.010253920803851686 0.00031135240260531989 0.01620163044210491 -0.08459205406944495
leaf_weight=299 64174 12779 2025 8516 82 2298 83 1100 2109 80 174 133 2578 8705 4576 2591 373 2441 257 4688 1329 81 1163 3597 183 465 8523 447532 3272 111
leaf_count=299 64174 12779 2025 8516 82 2298 83 1100 2109 80 174 133 2578 8705 4576 2591 373 2441 257 4688 1329 81 1163 3597 183 465 8523 447532 3272 111
internal_value=-1.59098e-12 -0.00129661 0.00250214 0.000209855 -0.00255142 -0.00521514 -0.00104257 0.01698 0.00272583 0.0623318 0.0136448 -0.0164355 -0.00939033 -0.000276355 -0.0033563 0.00200499 -0.00865258 0.0107894 0.0185945 0.000405553 0.000273066 0.00463571 -0.00240477 0.00490197 -0.0172442 -0.0392305 0.00901626 0.00040161 0.00897406 -0.00744858
internal_weight=586317 81676 17502 504641 33398 22195 11101 1263 11203 163 2416 307 11094 8787 9838 4889 4949 4723 2282 471243 456932 14311 5489 3678 1811 648 8822 452244 4712 1440
internal_count=586317 81676 17502 504641 33398 22195 11101 1263 11203 163 2416 307 11094 8787 9838 4889 4949 4723 2282 471243 456932 14311 5489 3678 1811 648 8822 452244 4712 1440
is_linear=0
shrinkage=0.05


Tree=185
num_leaves=31
num_cat=0
split_feature=3 9 11 1 11 12 3 11 10 9 5 10 1 10 9 10 11 11 4 11 11 10 10 0 7 1 8 5 13 1
split_gain=64.5944 188.357 240.364 138.784 631.192 309.499 165.325 201.168 305.487 181.812 163.908 131.19 128.352 140.616 128.012 126.488 125.673 123.408 192.475 167.772 589.639 250.047 227.199 302.541 194.274 167.425 155.324 152.011 221.481 135.031
threshold=28.245443344116214 27.018005371093754 0.99962961673736583 27.163667678833011 0.88999459147453319 15.750000000000002 29.765177726745609 -0.72658059000968922 -0.63874351978301991 29.10880279541016 33.215232849121101 -0.24284747242927548 28.514179229736332 0.16705007851123813 32.356893539428718 -0.30901412665843958 -0.9469526708126067 -0.98518359661102284 12.957699775695803 -0.89388549327850331 -0.83352491259574879 -0.3334656953811645 -0.28435654938220972 18.094827651977543 33.642652511596687 28.015341758728031 6.8001720905303964 27.763551712036136 77.750000000000014 28.860654830932621
decision_type=2 2 2 2 2 2 2 2 2 2 2 2 2 2 2 2 2 2 2 2 2 2 2 2 2 2 2 2 2 2
left_child=1 2 12 4 6 -6 7 8 9 -2 -8 15 13 -1 -10 -7 -16 18 -3 21 27 24 25 -24 29 -23 -25 28 -21 -19
right_child=3 17 -4 -5 5 11 10 -9 14 -11 -12 -13 -14 -15 16 -17 -18 19 -20 20 -22 22 23 26 -26 -27 -28 -29 -30 -31
leaf_value=-0.0028871616662289826 -0.0075380131188366147 -0.0010808554857537863 -0.047735438352359126 -8.8876980880615291e-05 -0.00082829928470517307 -0.072460715960442401 0.026164156155258453 0.0060757052074437807 -0.0011869707456773882 -0.1175950666147519 -0.067442380137741564 -0.055493831594816204 -0.017209135054406813 0.016160985861952543 -0.11638372042317105 -0.15959171077159987 -0.006456598115619272 0.023257361760148972 -0.042752601482956294 -0.029455335270918783 0.0042601120166508724 -0.038736026850741651 0.0029784713430097646 0.080933345354265052 -0.064319821355792769 0.0126118397823606 0.018533144123671998 -0.016685263111729725 -0.10094843563135891 0.05661558087501261
leaf_weight=8128 54 1360 305 536228 202 97 723 1223 581 123 50 319 1334 1100 52 73 52 931 348 305 28923 438 1466 215 52 249 186 582 168 450
leaf_count=8128 54 1360 305 536228 202 97 723 1223 581 123 50 319 1334 1100 52 73 52 931 348 305 28923 438 1466 215 52 249 186 582 168 450
internal_value=1.81763e-12 0.00178729 -0.0039759 -0.000154102 -0.0100091 -0.0528925 0.000359196 -0.00696306 -0.0254624 -0.0840183 0.0201094 -0.0743996 -0.00271225 -0.000616576 -0.0103319 -0.109876 -0.0614202 0.00354292 -0.00957135 0.0042024 0.00292085 0.0138383 0.00445898 0.0135052 0.0305548 -0.0201252 0.0519896 -0.0337953 -0.0548482 0.0341272
internal_weight=586317 46540 10867 539777 3549 691 2858 2085 862 177 773 489 10562 9228 685 170 104 35673 1708 33965 29978 3987 2554 1867 1433 687 401 1055 473 1381
internal_count=586317 46540 10867 539777 3549 691 2858 2085 862 177 773 489 10562 9228 685 170 104 35673 1708 33965 29978 3987 2554 1867 1433 687 401 1055 473 1381
is_linear=0
shrinkage=0.05


Tree=186
num_leaves=31
num_cat=0
split_feature=12 13 11 1 9 1 1 10 10 5 11 3 13 13 11 12 12 10 11 3 9 11 9 10 7 5 9 11 11 11
split_gain=62.5838 153.198 184.505 192.484 136.759 129.712 122.168 111.899 143.209 105.892 101.513 101.186 99.0406 137.238 205.944 218.461 129.786 166.35 156.793 387.096 271.814 218.732 256.65 301.534 208.864 187.901 173.023 163.15 162.278 358.876
threshold=14.250000000000002 79.250000000000014 -0.14153505116701123 33.260351181030281 33.836826324462898 29.331702232360843 38.826128005981452 0.030120026320219043 0.65839549899101268 38.36567687988282 -0.99981480836868275 38.948221206665046 80.250000000000014 76.250000000000014 0.064506059512496008 17.250000000000004 17.250000000000004 0.78829774260520946 -0.97106409072875965 34.041837692260749 38.152715682983406 -0.98798605799674977 35.004232406616218 0.030120026320219043 33.095499038696296 36.901132583618171 29.964596748352054 -0.99626126885414112 -0.49749487638473505 -0.43663504719734186
decision_type=2 2 2 2 2 2 2 2 2 2 2 2 2 2 2 2 2 2 2 2 2 2 2 2 2 2 2 2 2 2
left_child=1 9 3 4 -3 -4 7 -5 -9 10 -1 -7 13 14 15 -2 17 -14 19 26 21 22 24 -24 -21 -22 27 -18 -20 -30
right_child=12 2 5 6 -6 11 -8 8 -10 -11 -12 -13 16 -15 -16 -17 18 -19 28 20 25 -23 23 -25 -26 -27 -28 -29 29 -31
leaf_value=-0.022868628740644895 -0.011332210094131373 0.045257318786503888 0.011592135806829362 0.0019080326239532123 0.012110946130647561 -0.0030214999868916543 -0.0086702151378607629 0.023996435928052513 0.004261456420338464 -0.01448730306178779 -0.0015019633435884438 -0.070403055873300355 0.0064297030554981115 0.0011371665257698114 0.0018169581974388973 -0.00038824224860339505 0.032739706887429561 -0.0066535515482591305 0.0021330130002127808 0.01397555039714401 -0.11903488725009892 0.0065430272368639832 0.0051871855764395814 -0.12537833102492255 -0.038977165471306689 -0.042968351498605055 -0.0057964694535330465 -0.0012898456491473084 -0.019302015252336182 -0.0013535826689723353
leaf_weight=559 9120 526 1669 4269 762 10987 1386 1780 1901 1625 99911 56 11505 280032 16764 9120 618 3080 33840 300 108 601 66 134 491 327 6616 819 2880 84465
leaf_count=559 9120 526 1669 4269 762 10987 1386 1780 1901 1625 99911 56 11505 280032 16764 9120 618 3080 33840 300 108 601 66 134 491 327 6616 819 2880 84465
internal_value=-1.99399e-12 -0.000990214 0.00266475 0.00752796 0.0256474 -0.00139966 0.00502819 0.00741636 0.0138046 -0.00182563 -0.00162084 -0.0033632 0.000269489 0.000768204 -0.00218349 -0.00586023 -0.000807737 0.00366684 -0.00130491 -0.00729665 -0.0268266 -0.0172557 -0.0316887 -0.0822917 -0.018894 -0.0618538 -0.00238081 0.013345 -0.000806527 -0.00194539
internal_weight=586317 125431 23336 10624 1288 12712 9336 7950 3681 102095 100470 11043 460886 315036 35004 18240 145850 14585 131265 10080 2027 1592 991 200 791 435 8053 1437 121185 87345
internal_count=586317 125431 23336 10624 1288 12712 9336 7950 3681 102095 100470 11043 460886 315036 35004 18240 145850 14585 131265 10080 2027 1592 991 200 791 435 8053 1437 121185 87345
is_linear=0
shrinkage=0.05


Tree=187
num_leaves=31
num_cat=0
split_feature=10 10 1 5 11 11 9 1 10 3 5 3 5 9 1 12 13 9 12 13 9 11 1 9 7 1 9 3 3 10
split_gain=62.4609 219.477 200.566 343.265 237.982 270.214 178.384 299.715 175.763 153.112 150.211 155.373 482.681 164.814 342.915 222.686 224.637 313.496 420.403 199.513 185.363 424.361 181.318 149.465 133.659 130.467 663.674 208.293 194.305 229.824
threshold=0.95992380380630504 0.94417876005172741 34.936000823974616 36.72798156738282 -0.12447465583682059 -0.05591491982340812 40.432950973510749 39.068861007690437 0.91927745938301098 35.600713729858406 37.170219421386726 35.231376647949226 34.43383979797364 35.073209762573249 36.314168930053718 14.250000000000002 80.250000000000014 34.039531707763679 18.250000000000004 78.250000000000014 36.544006347656257 0.30080866813659674 35.448331832885749 40.92570877075196 41.538871765136726 38.259286880493171 38.698839187622077 36.311624526977546 37.834314346313484 0.94130858778953563
decision_type=2 2 2 2 2 2 2 2 2 2 2 2 2 2 2 2 2 2 2 2 2 2 2 2 2 2 2 2 2 2
left_child=1 8 3 9 24 23 7 10 -1 -2 11 -3 -13 14 15 -14 17 -17 -19 -16 -15 -22 -18 -6 -4 26 27 -10 -28 -30
right_child=2 6 4 -5 5 -7 -8 -9 25 -11 -12 12 13 20 19 16 22 18 -20 -21 21 -23 -24 -25 -26 -27 28 -29 29 -31
leaf_value=-0.00017048599242173122 0.0052870414896817276 -0.00055934187081523739 0.00699771119533113 0.06014265759421078 -0.014157513412792325 0.00014429097965530752 0.01280543740194787 -0.030308210741987942 0.0019886815122444001 0.039246878549604215 0.0063170600138587885 -0.13310628493147142 0.0196682154538338 0.0035984643463453231 0.084319494737357628 0.0029107990749180318 -0.072281845727483612 -0.074659907511399629 -0.21603571143415243 -0.015577751759951753 -0.0043530295910998865 -0.1044181303651486 0.018461314186238306 0.015635637653262011 -0.017366011449608618 0.01403376563907777 -0.063862380296846877 0.019478891434769302 0.017098398165741942 -0.062821619152622729
leaf_weight=510741 7632 2381 12716 313 5339 25671 961 1490 6253 347 1917 88 98 1394 82 75 101 195 72 128 401 144 121 457 589 3469 427 2339 227 149
leaf_count=510741 7632 2381 12716 313 5339 25671 961 1490 6253 347 1917 88 98 1394 82 75 101 195 72 128 401 144 121 457 589 3469 427 2339 227 149
internal_value=3.42886e-12 -0.000162795 0.00163597 0.00877883 0.000313074 -0.00205731 -0.00763556 -0.00989685 -2.5101e-05 0.00676393 -0.00567107 -0.0100236 -0.0177967 -0.0141869 -0.0322407 -0.0499005 -0.0619886 -0.0874121 -0.112784 0.0234297 -0.00606783 -0.0307922 -0.0228227 -0.0118084 0.00591915 0.00574714 0.00268739 0.00675004 -0.0407825 -0.014572
internal_weight=586317 533253 53064 8292 44772 31467 9648 8687 523605 7979 7197 5280 2899 2811 872 662 564 342 267 210 1939 545 222 5796 13305 12864 9395 8592 803 376
internal_count=586317 533253 53064 8292 44772 31467 9648 8687 523605 7979 7197 5280 2899 2811 872 662 564 342 267 210 1939 545 222 5796 13305 12864 9395 8592 803 376
is_linear=0
shrinkage=0.05


Tree=188
num_leaves=31
num_cat=0
split_feature=3 9 11 1 11 12 3 11 9 10 5 1 10 10 10 8 11 10 3 11 11 10 10 0 7 1 1 7 8 3
split_gain=61.0151 168.125 217.366 125.448 569.698 279.94 149.351 170.907 276.245 318.838 138.775 116.583 126.494 113.323 119.887 110.567 109.872 176.304 187.385 151.582 532.293 224.93 205.448 272.022 175.706 150.783 143.962 196.137 140.308 133.932
threshold=28.245443344116214 27.018005371093754 0.99962961673736583 27.163667678833011 0.88999459147453319 15.250000000000002 30.125082015991214 -0.72658059000968922 28.745961189270023 -0.62540480494499195 33.171957015991218 28.514179229736332 0.16705007851123813 -0.24284747242927548 -0.30901412665843958 2.2465227842330937 -0.98518359661102284 -0.11593352630734442 27.02042388916016 -0.89388549327850331 -0.83352491259574879 -0.3334656953811645 -0.28435654938220972 18.094827651977543 33.642652511596687 28.015341758728031 29.331702232360843 29.73897743225098 6.8001720905303964 27.166994094848636
decision_type=2 2 2 2 2 2 2 2 2 2 2 2 2 2 2 2 2 2 2 2 2 2 2 2 2 2 2 2 2 2
left_child=1 2 11 4 6 -6 7 8 -2 -10 -8 12 -1 14 -7 -13 17 18 -3 21 26 24 25 -24 -18 -23 29 -28 -25 -21
right_child=3 16 -4 -5 5 13 10 -9 9 -11 -12 15 -14 -15 -16 -17 19 -19 -20 20 -22 22 23 28 -26 -27 27 -29 -30 -31
leaf_value=-0.00266240688143791 0.017073769698839024 -0.061433787466365186 -0.045321263310911714 -8.7759674714262364e-05 0.00067765059540067453 -0.067366872537989647 0.031987174667569111 0.0062935013520976253 -0.10171200287590228 -0.020072457309229283 -0.053877575380297804 -0.0031293545123992554 0.015403966794129123 -0.052386711408180422 -0.1507940900889603 -0.032028423390566864 0.032429221850270751 0.0039753081112794113 -0.0075043078287151364 -0.043919929366311575 0.0040723156915889727 -0.03675807975338917 0.0029020305789656444 0.076884593608854135 -0.061194898641070521 0.011970942730016738 -0.11344772353091025 0.0029054006078728925 0.017577348061228893 -0.0051421756969994587
leaf_weight=8128 316 267 305 536228 194 103 495 1345 158 492 52 725 1100 320 74 609 1381 1035 406 437 28923 438 1466 215 52 249 110 54 186 454
leaf_count=8128 316 267 305 536228 194 103 495 1345 158 492 52 725 1100 320 74 609 1381 1035 406 437 28923 438 1466 215 52 249 110 54 186 454
internal_value=3.00973e-13 0.00173707 -0.00370781 -0.000149771 -0.00951927 -0.0502603 0.000330981 -0.0052298 -0.0212742 -0.0399171 0.0238245 -0.00250613 -0.000508851 -0.0701435 -0.102246 -0.0163224 0.00339573 -0.00897841 -0.0288998 0.00401799 0.00279984 0.0131772 0.00428139 0.0128837 0.0290318 -0.0190965 -0.0320852 -0.0751363 0.0493755 -0.0241611
internal_weight=586317 46540 10867 539777 3549 691 2858 2311 966 650 547 10562 9228 497 177 1334 35673 1708 673 33965 29978 3987 2554 1867 1433 687 1055 164 401 891
internal_count=586317 46540 10867 539777 3549 691 2858 2311 966 650 547 10562 9228 497 177 1334 35673 1708 673 33965 29978 3987 2554 1867 1433 687 1055 164 401 891
is_linear=0
shrinkage=0.05


Tree=189
num_leaves=31
num_cat=0
split_feature=10 7 9 10 11 1 9 10 9 12 9 12 7 10 10 1 11 12 11 11 7 3 3 10 3 9 10 3 10 6
split_gain=59.7682 78.4875 91.2295 76.4974 583.18 388.929 392.479 267.681 265.552 308.64 226.099 258.342 228.973 389.416 206.949 225.695 190.84 169.99 153.001 299.201 200.741 310.029 202.034 188.644 473.595 407.206 287.293 178.925 384.98 330.451
threshold=-0.99984258413314808 29.055762290954593 27.018005371093754 -0.97109106183052052 -0.19244445115327832 31.363744735717777 27.018005371093754 -0.97505551576614369 32.891977310180671 18.750000000000004 29.854121208190922 15.750000000000002 33.311262130737312 -0.97873103618621815 -0.98211652040481556 28.445576667785648 -0.14153505116701123 14.750000000000002 0.047319635748863227 0.030119189061224464 30.438085556030277 30.771559715271 31.483697891235355 -0.99052327871322621 30.899665832519535 29.467936515808109 -0.99466162919998158 31.085556983947757 -0.99273952841758717 0.90274238586425792
decision_type=2 2 2 2 2 2 2 2 2 2 2 2 2 2 2 2 2 2 2 2 2 2 2 2 2 2 2 2 2 2
left_child=1 -1 -3 4 5 6 -2 10 9 14 -7 -12 -13 -14 15 -6 -10 -18 19 23 21 -21 -22 26 25 -25 -17 28 29 -28
right_child=3 2 -4 -5 8 7 -8 -9 16 -11 11 12 13 -15 -16 18 17 -19 -20 20 22 -23 -24 24 -26 -27 27 -29 -30 -31
leaf_value=0.024185908017981868 -0.079246668833075101 0.061800199013489945 0.0018320675380374151 0.00012166952339689966 0.013343644127073388 -0.081123337479126034 0.0019146387816610948 -0.008500416641120152 0.028653273147959641 0.0065596857224752697 -0.0033050473150901595 -0.035539307716796135 -0.011437384991388007 -0.14623006779809286 -0.019019596677167093 -0.0046901281033287293 -0.0079164863647240759 0.0091135815180455309 0.00056819226938690495 -0.034345936590606078 0.010574011717403336 -0.15019563699606808 -0.045726731006335224 -0.018160560519199839 -0.01868931166467221 0.04321331211973696 -0.031411601595603432 -0.011768295647132568 -0.017590796567002433 -0.12787306472850152
leaf_weight=540 160 65 2611 541293 1772 322 2158 812 955 7203 446 701 88 137 2475 4970 1931 6076 6476 168 276 88 377 379 1111 942 163 866 561 195
leaf_count=540 160 65 2611 541293 1772 322 2158 812 955 7203 446 701 88 137 2475 4970 1931 6076 6476 168 276 88 377 379 1111 942 163 866 561 195
internal_value=-3.82547e-12 0.00679755 0.00328869 -3.74908e-05 -0.00209816 -0.0184492 -0.00368752 -0.0321034 3.45839e-05 -0.00236144 -0.0434173 -0.0345679 -0.0496253 -0.0935112 -0.00544799 -0.00361688 0.00752636 0.00500654 -0.00543043 -0.0092782 -0.0366423 -0.0741693 -0.0219304 -0.00657068 0.00537017 0.0256049 -0.0108697 -0.0280757 -0.0434426 -0.0839535
internal_weight=586317 3216 2676 583101 41808 4824 2318 2506 36984 28022 1694 1372 926 225 20819 18344 8962 8007 16572 10096 909 256 653 9187 2432 1321 6755 1785 919 358
internal_count=586317 3216 2676 583101 41808 4824 2318 2506 36984 28022 1694 1372 926 225 20819 18344 8962 8007 16572 10096 909 256 653 9187 2432 1321 6755 1785 919 358
is_linear=0
shrinkage=0.05


Tree=190
num_leaves=31
num_cat=0
split_feature=9 13 10 1 10 10 1 3 10 10 10 5 10 1 12 10 11 10 9 12 1 5 10 13 11 11 11 11 11 12
split_gain=59.3404 87.8823 80.8232 106.266 152.158 106.251 73.4362 111.67 64.5109 216.976 64.3961 61.023 83.6886 68.7808 312.283 231.354 816.679 780.348 377.651 259.456 407.063 227.333 271.19 211.077 240.652 202.733 195.132 222.61 369.107 258.752
threshold=43.448387145996101 77.750000000000014 0.56314551830291759 41.779499053955085 0.51973900198936474 0.86095303297042858 42.860454559326179 40.587558746337898 0.51973900198936474 0.56314551830291759 0.44437406957149511 43.40974426269532 0.41327477991580969 34.376260757446296 19.250000000000004 -0.78297284245491017 -0.46734189987182612 -0.86095303297042836 32.164163589477546 15.750000000000002 35.448331832885749 35.525520324707038 0.93228057026863109 81.750000000000014 -0.96227341890335072 0.86527520418167125 -0.99981480836868275 -0.98798605799674977 -0.97502842545509327 17.750000000000004
decision_type=2 2 2 2 2 2 2 2 2 2 2 2 2 2 2 2 2 2 2 2 2 2 2 2 2 2 2 2 2 2
left_child=11 2 3 -2 -5 -4 7 -3 10 -10 -8 13 -13 21 15 16 17 18 -15 20 -20 -1 26 25 -25 -17 -23 29 -29 -28
right_child=1 6 5 4 -6 -7 8 -9 9 -11 -12 12 -14 14 -16 23 -18 -19 19 -21 -22 22 -24 24 -26 -27 27 28 -30 -31
leaf_value=0.00014805173224774623 -0.076016920765704779 -0.019765352356239215 0.026477464267170084 0.039280674043368706 -0.057156200301594656 -0.029072953739091474 -0.0038138620734501348 0.034799242193428247 -0.057200679636607278 0.012128261845711677 0.069642410762608062 0.071589857292446227 0.0084088743340237204 0.022367081754261033 0.0036263181943338978 -0.00096575448197359416 -0.0011698308008298258 -0.020234407868701967 -0.019503821641932022 -0.1669021693323598 -0.16292668833312662 0.081082261158701263 0.037800896468069306 -0.041101095459174904 -0.0065493310260271017 0.067253374468979485 0.0078447742581677932 0.044164834729842069 0.0040661145163183154 -0.037037891679295769
leaf_weight=402270 83 111 244 86 78 133 52 604 139 600 70 55 1114 53 31412 126332 4326 933 113 165 88 85 748 531 9893 109 672 672 3931 615
leaf_count=402270 83 111 244 86 78 133 52 604 139 600 70 55 1114 53 31412 126332 4326 933 113 165 88 85 748 531 9893 109 672 672 3931 615
internal_value=1.60183e-12 0.00819629 -0.00768534 -0.0299168 -0.00658564 0.0068801 0.0144845 0.0263284 0.00464891 -0.000911959 0.0383332 -3.08703e-05 0.0113815 -5.37557e-05 -0.000886532 -0.00188102 -0.0117707 -0.0456905 -0.102374 -0.120438 -0.0822959 0.000300445 0.00941888 -0.00147074 -0.0083094 -0.000906945 0.00586578 0.00478031 0.0099202 -0.0136027
internal_weight=586317 2200 624 247 164 377 1576 715 861 739 122 584117 1169 582948 173955 142543 5678 1352 419 366 201 408993 6723 136865 10424 126441 5975 5890 4603 1287
internal_count=586317 2200 624 247 164 377 1576 715 861 739 122 584117 1169 582948 173955 142543 5678 1352 419 366 201 408993 6723 136865 10424 126441 5975 5890 4603 1287
is_linear=0
shrinkage=0.05


Tree=191
num_leaves=31
num_cat=0
split_feature=10 10 12 1 5 10 5 10 9 13 1 9 9 13 10 11 11 10 1 7 10 2 10 9 1 3 12 10 12 5
split_gain=57.3103 205.88 185.474 166.58 217.331 164.599 180.333 126.068 234.432 177.317 120.679 118.239 104.18 100.589 97.1638 94.1597 92.1884 115.608 98.3583 97.1466 91.1023 269.388 160.669 163.746 471.951 190.602 156.65 120.146 157.398 129.378
threshold=0.97109106183052074 0.97310933470726024 18.750000000000004 38.259286880493171 38.14697456359864 0.99628895521163952 42.432777404785163 0.9993981420993806 35.982450485229499 80.250000000000014 34.936000823974616 35.595941543579109 41.532588958740241 79.750000000000014 0.99965739250183117 0.047319635748863227 0.11593030393123628 0.98046010732650768 36.816589355468757 36.139402389526374 0.94417876005172741 0.12086454406380655 0.9259161949157716 40.274217605590827 38.367088317871101 34.557439804077156 16.750000000000004 0.93836870789527904 14.750000000000002 39.598205566406257
decision_type=2 2 2 2 2 2 2 2 2 2 2 2 2 2 2 2 2 2 2 2 2 2 2 2 2 2 2 2 2 2
left_child=20 3 10 4 -2 6 -4 8 9 -7 -3 -9 -5 -12 16 -10 19 -18 -19 -15 22 26 -1 25 -25 -24 -22 28 -27 -30
right_child=1 2 5 12 -6 7 -8 11 15 -11 13 -13 -14 14 -16 -17 17 18 -20 -21 21 -23 23 24 -26 27 -28 -29 29 -31
leaf_value=-0.00014334970707926065 0.020495867092864339 0.0065630069753137262 0.011665998525000635 0.0074624411622508761 0.080004014540931701 -0.096841141255128951 -0.082682752287855335 0.052064904159087003 -0.0080484948786481922 -0.023679018763887515 -0.00055677851791796694 0.0051838726914615321 -0.06075656113565945 -0.010775816282342842 -0.025344531166971336 0.014865667094637712 0.011907134115910874 -0.015287165728363814 -0.050367932092614844 0.0046936477515173956 -0.00023128921949306554 0.014525785490724575 -0.0038399820038197904 -0.069866352074889351 0.0047109727983540408 0.0018602954667159902 -0.010225914423285938 0.0038832195470628258 0.020870394701618097 0.054950849005935255
leaf_weight=513957 670 4609 7293 678 199 105 51 147 1445 392 21089 1581 61 1791 703 650 260 674 284 2342 7082 1824 2141 263 1097 1043 8782 2130 2663 311
leaf_count=513957 670 4609 7293 678 199 105 51 147 1445 392 21089 1581 61 1791 703 650 260 674 284 2342 7082 1824 2141 263 1097 1043 8782 2130 2663 311
internal_value=2.23758e-12 0.00171401 0.00106332 0.0192826 0.0341232 0.0064553 0.0110108 -0.00128904 -0.00826307 -0.0391358 -0.000917402 0.00917202 0.00183137 -0.00218761 -0.00786858 -0.000939089 -0.00557263 -0.0176619 -0.0256869 -0.00200991 -0.000142569 -0.00367181 -2.33473e-05 0.00636928 -0.00971097 0.00900793 -0.00576412 0.0134829 0.018573 0.0244343
internal_weight=586317 45024 43416 1608 869 11664 7344 4320 2592 497 31752 1728 739 27143 6054 2095 5351 1218 958 4133 541293 17688 523605 9648 1360 8288 15864 6147 4017 2974
internal_count=586317 45024 43416 1608 869 11664 7344 4320 2592 497 31752 1728 739 27143 6054 2095 5351 1218 958 4133 541293 17688 523605 9648 1360 8288 15864 6147 4017 2974
is_linear=0
shrinkage=0.05


Tree=192
num_leaves=31
num_cat=0
split_feature=3 11 11 9 1 11 3 7 3 10 9 12 4 10 10 10 3 11 10 11 13 13 11 9 10 9 0 10 11 1
split_gain=57.0571 149.871 202.222 502.304 257.095 257.072 343.818 245.399 244.483 221.948 206.652 205.611 189.921 219.999 188.476 283.928 351.391 461.948 351.155 197.109 299.822 369.669 216.045 219.477 344.781 212.752 182.348 438.596 285.672 264.656
threshold=29.801715850830082 0.73246693611145031 0.64532420039176952 31.560298919677738 35.297071456909187 0.56312987208366405 36.229194641113288 28.629338264465336 31.701417922973636 0.79877197742462169 28.239863395690922 19.250000000000004 1.0000000180025095e-35 0.68391311168670665 0.41327477991580969 0.86529925465583812 35.833286285400398 -0.51235243678092945 0.89773505926132213 -0.14153505116701123 83.250000000000014 79.750000000000014 -0.96681198477745045 36.138706207275398 0.15005400776863101 29.627904891967777 8.1237616539001483 -0.012910176534205673 -0.20930689573287961 34.43524360656739
decision_type=2 2 2 2 2 2 2 2 2 2 2 2 2 2 2 2 2 2 2 2 2 2 2 2 2 2 2 2 2 2
left_child=-1 2 5 12 8 11 7 -7 -5 -8 -9 26 -4 -14 19 16 17 -16 -17 20 21 22 23 -13 -25 -21 29 28 -28 -2
right_child=1 -3 3 4 -6 6 9 10 -10 -11 -12 14 13 -15 15 18 -18 -19 -20 25 -22 -23 -24 24 -26 -27 27 -29 -30 -31
leaf_value=0.00097155044471990625 0.0016720190104941531 -0.0022548699781422322 -0.0014720310640932226 0.024264786829641328 0.048937181692832198 0.042153106197425211 -0.0040568106134799111 0.039727876482174906 0.0062583126648392707 -0.045664340236589378 -0.0055673769064003911 0.019075749201039393 -0.037446805438497412 0.051883876770009087 0.06484356404554191 -0.016257587254406455 0.0082871352185378468 0.010105782918501633 0.004409077489064198 0.032831072615252525 0.0082754366450625665 -0.012482149762926074 -0.0035140329444444474 -0.047392221775177559 0.017543296069182441 0.0039699244023109802 -0.013107314709205106 0.0039673420210301685 -0.00011098213574310022 -0.0015455247981016268
leaf_weight=120151 125219 77708 7799 2545 466 283 512 256 7270 857 15388 2526 657 77 677 2367 10223 895 15614 677 5389 9053 7525 360 473 11239 12476 10705 6396 130534
leaf_count=120151 125219 77708 7799 2545 466 283 512 256 7270 857 15388 2526 657 77 677 2367 10223 895 15614 677 5389 9053 7525 360 473 11239 12476 10705 6396 130534
internal_value=-6.43741e-13 -0.00025041 0.000150566 0.00520722 0.0126502 -0.000106805 -0.0060582 -0.00399141 0.0109273 -0.0301033 -0.00482616 0.000185335 -0.00376044 -0.0280756 0.00267755 0.00564296 0.0116713 0.0336792 0.00168854 0.000306618 -0.00218848 -0.0050169 0.00119249 0.0117363 -0.0105201 0.00560965 -0.000400033 -0.00411693 -0.00870267 2.9814e-05
internal_weight=586317 466166 388458 18814 10281 369644 17296 15927 9815 1369 15644 352348 8533 734 67018 29776 11795 1572 17981 37242 25326 19937 10884 3359 833 11916 285330 29577 18872 255753
internal_count=586317 466166 388458 18814 10281 369644 17296 15927 9815 1369 15644 352348 8533 734 67018 29776 11795 1572 17981 37242 25326 19937 10884 3359 833 11916 285330 29577 18872 255753
is_linear=0
shrinkage=0.05


Tree=193
num_leaves=31
num_cat=0
split_feature=13 8 13 1 0 10 11 1 11 10 11 13 3 11 1 5 9 3 10 10 1 10 7 12 10 5 3 12 1 12
split_gain=57.6073 123.005 155.264 141.06 105.291 277.176 531.148 289.138 261.577 581.087 378.873 565.886 378.732 328.84 311.856 691.816 317.985 242.474 223.22 314.071 345.442 285.426 218.673 225.854 343.355 254.401 211.498 205.494 204.099 198.098
threshold=81.750000000000014 1.0000000180025095e-35 83.250000000000014 31.427606582641605 0.15430671721696856 1.0000000180025095e-35 0.88201534748077404 34.315080642700202 -0.92910701036453236 0.50495636463165294 -0.72658059000968922 78.750000000000014 36.647703170776374 -0.29258950054645533 35.760755538940437 40.913448333740241 35.290496826171882 41.532094955444343 0.41327477991580969 0.45972847938537603 36.816589355468757 0.42888796329498297 35.294151306152351 17.250000000000004 0.13301347196102145 36.390266418457038 32.58448791503907 14.750000000000002 37.174047470092781 17.250000000000004
decision_type=2 2 2 2 2 2 2 2 2 2 2 2 2 2 2 2 2 2 2 2 2 2 2 2 2 2 2 2 2 2
left_child=4 -2 -3 -4 -1 6 7 -6 22 14 11 -11 -13 -12 -10 16 28 18 -18 20 -20 -22 27 -24 25 -25 -9 -7 -16 -8
right_child=1 2 3 -5 5 8 29 26 9 10 13 12 -14 -15 15 -17 17 -19 19 -21 21 -23 23 24 -26 -27 -28 -29 -30 -31
leaf_value=0.00064588814654684547 -0.0027001320728539469 -0.001273213364263749 0.014752423328205935 0.0022211015325506191 -0.0024330812596975275 0.00090187941095385142 0.024336266723617449 -0.068852683112010218 -0.0054156943759812292 0.0046615621147314537 -0.0056384374971746084 0.10374050942413948 0.032165760696478737 0.0096033878065673543 -0.058079861451516904 0.022421752450768148 -0.0056084505933165704 0.059091767072095541 -0.010666819478480322 -0.027687252799516428 -0.043017654017286196 -0.13283992230779293 0.011582116928763464 -0.025578582557027621 -0.00046407015835965093 -0.10186873995196477 -0.013234181668868139 0.01683355804642583 -0.17280194465484885 -0.010917356755181427
leaf_weight=365099 51939 19562 3346 6829 91359 2863 2447 178 4577 2885 9202 221 1129 5750 84 526 359 64 137 668 133 264 2121 511 2169 139 4301 6907 72 476
leaf_count=365099 51939 19562 3346 6829 91359 2863 2447 178 4577 2885 9202 221 1129 5750 84 526 359 64 137 668 133 264 2121 511 2169 139 4301 6907 72 476
internal_value=-2.78474e-12 -0.00123193 0.00133244 0.00634197 0.000199388 -0.00096884 -0.0024008 -0.00304117 0.002499 -0.000508931 0.00396232 0.0171642 0.0438828 0.000223019 -0.0129711 -0.0279609 -0.0428408 -0.0362948 -0.0402056 -0.0505387 -0.0791244 -0.102748 0.00783006 -0.00074318 -0.0100167 -0.0418929 -0.0154445 0.0121649 -0.111029 0.0185953
internal_weight=586317 81676 29737 10175 504641 139542 98761 95838 40781 26071 19187 4235 1350 14952 6884 2307 1781 1625 1561 1202 534 397 14710 4940 2819 650 4479 9770 156 2923
internal_count=586317 81676 29737 10175 504641 139542 98761 95838 40781 26071 19187 4235 1350 14952 6884 2307 1781 1625 1561 1202 534 397 14710 4940 2819 650 4479 9770 156 2923
is_linear=0
shrinkage=0.05


Tree=194
num_leaves=31
num_cat=0
split_feature=12 13 11 1 12 5 10 0 1 10 13 11 9 13 10 10 0 11 0 10 10 2 6 8 10 10 12 3 13 10
split_gain=58.2286 154.996 210.751 215.243 147.433 134.617 144.018 118.947 106.359 127.047 121.265 196.061 117.245 158.232 111.974 109.008 113.564 106.496 105.205 104.519 207.663 152.829 139.782 107.643 144.49 101.557 98.3506 97.0159 95.289 93.9366
threshold=13.750000000000002 78.250000000000014 -0.14153505116701123 34.201402664184577 12.250000000000002 39.33873367309571 -0.48250326514244074 2.2347825765609746 29.953510284423832 0.45972847938537603 76.250000000000014 0.41326330602169042 30.035624504089359 77.250000000000014 -0.24284747242927548 -0.61188074946403492 1.0000000180025095e-35 -0.42108526825904841 11.050407886505129 -0.91585582494735707 -0.86095303297042836 0.16986437886953357 1.8271582722663882 0.44006955623626715 -0.55601230263710011 -0.96683886647224415 12.750000000000002 31.235817909240726 76.750000000000014 0.85206964612007152
decision_type=2 2 2 2 2 2 2 2 2 2 2 2 2 2 2 2 2 2 2 2 2 2 2 2 2 2 2 2 2 2
left_child=1 8 3 4 -3 6 18 -8 9 10 17 12 13 26 15 -13 -17 -1 19 22 21 -21 25 24 -22 -4 28 -26 -12 -10
right_child=-2 2 5 -5 -6 -7 7 -9 29 -11 11 14 -14 -15 -16 16 -18 -19 -20 20 23 -23 -24 -25 27 -27 -28 -29 -30 -31
leaf_value=-0.0030978457428554231 0.00022482935886690972 0.029831239648928753 -0.017433663903668985 0.0012297829320881218 0.0092428214640501299 -0.083975122451782236 5.271876837838315e-05 0.020266082639131856 -0.0070319468634107325 0.012326391586250117 -0.010989304853150623 -0.0057995369442122927 -0.0091830193460485966 0.019930991071789084 -0.0026143140061743678 -0.025836563716336275 -0.0039334589518263069 0.0095256369494507737 0.0059388370677286133 -0.0262214516080524 0.0049029548537339093 -0.079483927207295968 0.012649615480846433 -0.021461393680725856 -0.020725010044561634 0.0068503744058513189 0.0074979430163187137 -0.097692410641728206 0.0053826150531885346 -0.0010588365556035862
leaf_weight=2859 487139 1033 1475 12064 5495 50 13587 769 18618 1773 2218 2752 2050 1336 4882 2100 824 4020 1261 518 1405 182 968 1147 226 608 3243 50 1483 10182
leaf_count=2859 487139 1033 1475 12064 5495 50 13587 769 18618 1773 2218 2752 2050 1336 4882 2100 824 4020 1261 518 1405 182 968 1147 226 608 3243 50 1483 10182
internal_value=-2.23506e-12 -0.00110431 0.0012582 0.00518724 0.0125008 -0.00202547 -0.00184087 0.00113548 -0.00275807 -0.000650094 -0.00147868 -0.00337489 0.00152242 0.00417292 -0.00816645 -0.0129419 -0.0196641 0.00427916 -0.00729091 -0.00982666 -0.0156873 -0.0400697 -0.00304975 -0.00965206 -0.00159418 -0.0103455 0.00114112 -0.0346684 -0.00442904 -0.0049202
internal_weight=586317 99178 40838 18592 6528 22246 22196 14356 58340 29540 27767 20888 10330 8280 10558 5676 2924 6879 7840 6579 3528 700 3051 2828 1681 2083 6944 276 3701 28800
internal_count=586317 99178 40838 18592 6528 22246 22196 14356 58340 29540 27767 20888 10330 8280 10558 5676 2924 6879 7840 6579 3528 700 3051 2828 1681 2083 6944 276 3701 28800
is_linear=0
shrinkage=0.05


Tree=195
num_leaves=31
num_cat=0
split_feature=13 12 11 12 7 12 1 11 10 9 0 1 10 13 9 0 11 11 5 10 9 10 6 5 9 0 3 13 6 9
split_gain=56.4806 259.325 247.672 237.614 202.05 192.337 301.3 722.972 329.319 327.364 291.191 270.197 258.659 222.85 275.661 216.595 214.564 273.738 372.902 545.033 462.046 756.38 423.428 371.708 308.745 302.26 300.957 309.694 290.36 289.298
threshold=77.250000000000014 12.750000000000002 0.064506059512496008 17.750000000000004 29.332071304321293 16.750000000000004 34.49452209472657 -0.34155811369419092 -0.48250326514244074 24.838127136230472 0.09513250365853311 30.062276840209964 -0.61188074946403492 79.250000000000014 34.680843353271491 2.4687699079513554 0.75546532869339 -0.91583034396171559 40.431882858276374 0.34964421391487127 36.807399749755866 0.21772121638059619 0.97705182433128368 32.054777145385749 35.290496826171882 1.3223037123680117 33.542610168457038 81.750000000000014 1.0000000180025095e-35 36.63084793090821
decision_type=2 2 2 2 2 2 2 2 2 2 2 2 2 2 2 2 2 2 2 2 2 2 2 2 2 2 2 2 2 2
left_child=1 -1 3 4 -3 6 7 11 9 -9 -10 -2 -11 15 -15 -13 17 18 19 20 21 25 29 -23 -25 -7 -26 -28 -22 -21
right_child=5 2 -4 -5 -6 16 -8 8 10 12 -12 13 -14 14 -16 -17 -18 -19 -20 22 28 23 -24 24 26 -27 27 -29 -30 -31
leaf_value=-0.0065586339151001557 0.020135278592877361 0.0014695907123066728 0.0021861185110482739 0.0020061792402680354 -0.0061836360277745615 -0.010895841788138292 -0.0012655326811967303 -0.1027591530877458 0.0022263172087895193 -0.001209649678491053 0.016805290399425896 0.0080251109054528258 -0.014386225894881286 0.024262054419799416 0.0026512694193279781 -0.003370236449681212 -0.0031841521137793965 0.0010384327101474107 0.023371298450621913 -0.080344262547061604 -0.0080517847468340887 -0.018134578686485332 0.00016033859920668278 0.042654461054632262 -0.053783843672714521 0.00048058029067598527 0.052863726399265912 -0.016883558852417508 -0.035068474161053263 -0.029015340771828147
leaf_weight=17502 4944 11549 62865 22800 34051 9395 60165 82 39084 32002 3754 16023 4215 3774 2423 5637 60151 170352 1217 467 2483 466 662 1693 171 15424 347 294 1659 666
leaf_count=17502 4944 11549 62865 22800 34051 9395 60165 82 39084 32002 3754 16023 4215 3774 2423 5637 60151 170352 1217 467 2483 466 662 1693 171 15424 347 294 1659 666
internal_value=-3.21278e-12 -0.000841616 -7.93468e-05 -0.00216149 -0.00424532 0.000286149 0.00158806 0.00312183 0.000534833 -0.0029691 0.00350391 0.00936332 -0.00274316 0.00745153 0.0158123 0.00505948 -0.000557949 0.00021152 -0.00381968 -0.00480084 -0.00329384 -0.000971852 -0.0316094 0.0228698 0.0304978 -0.00382586 0.00515137 0.0208736 -0.0188728 -0.0501721
internal_weight=586317 148767 131265 68400 45600 437550 172103 111938 79137 36299 42838 32801 36217 27857 6197 21660 265447 205296 34944 33727 31932 27790 1795 2971 2505 24819 812 641 4142 1133
internal_count=586317 148767 131265 68400 45600 437550 172103 111938 79137 36299 42838 32801 36217 27857 6197 21660 265447 205296 34944 33727 31932 27790 1795 2971 2505 24819 812 641 4142 1133
is_linear=0
shrinkage=0.05


Tree=196
num_leaves=31
num_cat=0
split_feature=3 1 11 12 9 11 11 9 10 6 9 5 13 11 10 10 10 10 10 7 12 9 11 1 1 9 12 1 5 10
split_gain=56.9499 149.171 449.141 203.859 147.732 135.064 159.415 340.463 198.048 203.868 159.431 141.372 115.598 103.13 327.079 273.854 308.179 493.515 315.67 292.398 271.672 267.11 259.082 186.391 162.908 180.851 206.92 147.276 137.648 134.572
threshold=27.766191482543949 27.01949501037598 0.88999459147453319 16.750000000000004 24.838127136230472 -0.9946339726448058 -0.72658059000968922 28.745961189270023 -0.62540480494499195 3.3462468385696416 32.96919250488282 31.052776336669925 79.250000000000014 -0.66483077406883229 -0.444374069571495 -0.54883790016174305 -0.63874351978301991 -0.67760851979255665 -0.71466678380966175 29.010137557983402 17.250000000000004 29.780797958374027 -0.9412824511528014 29.416313171386722 26.860832214355472 31.377002716064457 16.250000000000004 29.247341156005863 25.516271591186527 -0.28435654938220972
decision_type=2 2 2 2 2 2 2 2 2 2 2 2 2 2 2 2 2 2 2 2 2 2 2 2 2 2 2 2 2 2
left_child=4 2 5 -4 -1 -2 7 12 9 -9 11 -10 -7 14 15 16 17 18 24 -19 -18 -20 28 -24 -6 26 -26 -17 -16 -30
right_child=1 -3 3 -5 13 6 -8 8 10 -11 -12 -13 -14 -15 22 27 20 19 21 -21 -22 -23 23 -25 25 -27 -28 -29 29 -31
leaf_value=-0.013739264895267618 0.067619097560749089 -4.7760585888861376e-05 -0.0057830099354407964 -0.054890755487655721 0.0047966093006909351 0.0046635792394178052 0.0068036689500570458 -0.02582892766222358 -0.020780670052946176 -0.13172368083069935 -0.070663351901440005 0.049026489785829581 0.063678757809102537 0.0046686662497670735 -0.025008839878997241 -0.027937729152171627 -0.0045057194703706322 -0.026452680520694424 -0.00092416580393508215 -0.11486838363697022 0.046970091753842674 0.063670846051183727 0.015565424412319987 0.062082562913838402 -0.012704043873652286 0.011655256949505578 -0.083329985149177235 -0.084787044459671695 -0.01866395894125043 0.0071160683850757774
leaf_weight=1422 71 549246 310 664 293 298 1958 88 436 94 132 87 115 21592 511 832 624 197 521 178 435 231 1447 253 168 126 271 132 610 2975
leaf_count=1422 71 549246 310 664 293 298 1958 88 436 94 132 87 115 21592 511 832 624 197 521 178 435 231 1447 253 168 126 271 132 610 2975
internal_value=1.59321e-12 -0.000119991 -0.00944803 -0.039261 0.00202373 -0.000592332 -0.002102 -0.0160518 -0.0343818 -0.0805218 -0.0215613 -0.00916839 0.0210964 0.00273767 -0.00151508 -0.0124974 -0.00514244 -0.0167627 -0.0047306 -0.0684207 0.0166387 0.0189182 0.00607934 0.0224883 -0.0254577 -0.0411472 -0.0563023 -0.0357221 -0.000731013 0.00272951
internal_weight=586317 553499 4253 974 32818 3279 3208 1250 837 182 655 523 413 31396 9804 4008 3044 1985 1610 375 1059 752 5796 1700 858 565 439 964 4096 3585
internal_count=586317 553499 4253 974 32818 3279 3208 1250 837 182 655 523 413 31396 9804 4008 3044 1985 1610 375 1059 752 5796 1700 858 565 439 964 4096 3585
is_linear=0
shrinkage=0.05


Tree=197
num_leaves=31
num_cat=0
split_feature=11 9 10 9 10 10 3 3 1 7 1 7 13 13 1 5 13 12 11 12 7 13 5 10 9 11 11 4 11 10
split_gain=56.2662 125.127 111.018 95.9388 133.698 134.74 119.917 106.105 103.943 91.8119 79.7344 185.246 77.8549 71.9378 68.0393 66.7595 65.7234 189.58 181.384 179.397 148.054 121.783 116.288 168.809 121.849 109.507 459.978 443.474 425.508 402.731
threshold=0.9969642460346223 32.291826248168952 1.0000000180025095e-35 29.705581665039066 0.012910176534205677 -0.038721922785043709 30.992472648620609 29.948326110839847 31.896770477294925 32.77949523925782 30.458729743957523 31.80521392822266 81.250000000000014 80.250000000000014 31.023309707641605 27.428091049194339 76.750000000000014 12.750000000000002 0.064506059512496008 17.250000000000004 28.962356567382816 76.250000000000014 29.610651016235355 -0.48250326514244074 31.377002716064457 -0.62538740038871754 -0.66483077406883229 15.876932621002199 -0.58427652716636647 -0.45972847938537592
decision_type=2 2 2 2 2 2 2 2 2 2 2 2 2 2 2 2 2 2 2 2 2 2 2 2 2 2 2 2 2 2
left_child=16 3 14 7 5 8 12 -2 -5 -4 11 13 15 -6 -3 -7 17 21 19 20 -19 -1 23 24 -20 26 27 -18 -27 -29
right_child=1 2 9 4 10 6 -8 -9 -10 -11 -12 -13 -14 -15 -16 -17 25 18 22 -21 -22 -23 -24 -25 -26 28 -28 29 -30 -31
leaf_value=-0.002000242748521606 -0.0030923186472953477 0.065031227439641945 -0.050366771777053121 -0.0093881932961122697 -0.0044701943317860633 0.078998227626213738 -0.0071002964154012254 -0.019159979553949286 0.031215116220551571 -0.011657295218861977 0.0048581620307647563 -0.10727204297687494 -0.020041151410744838 -0.033397990784350677 -0.010470996578727422 0.024294381311152725 0.0018024003045300633 0.0010594119304618628 2.6764846191541916e-05 0.0013843389152206481 -0.0072435379757773396 -0.012339600291090751 0.000817213601498236 0.013236620753628851 -0.056396389188188505 -0.011551250498546861 0.013125654675168253 -0.02191552914799904 0.00010818956067418776 -0.0026193577337867099
leaf_weight=5696 6266 50 321 1065 1085 58 396 1229 185 293 980 51 96 268 74 1452 116720 7336 2858 18240 20024 5696 31933 4950 99 8016 8016 3633 328656 10575
leaf_count=5696 6266 50 321 1065 1085 58 396 1229 185 293 980 51 96 268 74 1452 116720 7336 2858 18240 20024 5696 31933 4950 99 8016 8016 3633 328656 10575
internal_value=5.95913e-13 -0.00314683 -0.0231797 -0.00202092 0.00290762 0.00950124 0.0175433 -0.00572703 -0.0033789 -0.0318947 -0.0060867 -0.0137263 0.0236198 -0.0102002 0.0199734 0.0263956 7.62399e-05 -0.00111112 -0.000303275 -0.00245663 -0.00501728 -0.00716992 0.00216141 0.00759005 -0.00186228 0.000317977 0.00149897 0.00078713 -0.000169416 -0.00755341
internal_weight=586317 13869 738 13131 5636 3252 2002 7495 1250 614 2384 1404 1606 1353 124 1510 572448 96832 85440 45600 27360 11392 39840 7907 2957 475616 138944 130928 336672 14208
internal_count=586317 13869 738 13131 5636 3252 2002 7495 1250 614 2384 1404 1606 1353 124 1510 572448 96832 85440 45600 27360 11392 39840 7907 2957 475616 138944 130928 336672 14208
is_linear=0
shrinkage=0.05


Tree=198
num_leaves=31
num_cat=0
split_feature=3 12 10 10 13 12 1 12 9 11 10 1 2 7 10 11 10 11 10 4 7 5 10 8 10 10 4 10 10 10
split_gain=56.7414 163.789 254.182 198.11 194.887 195.653 198.807 186.207 311.997 250.871 405.716 401.507 442.69 262.475 361.072 419.295 240.089 230.061 350.545 253.795 237.039 228.277 224.601 207.95 229.892 201.02 196.173 183.05 349.511 168.978
threshold=30.056553840637211 19.750000000000004 -0.94697898626327504 0.28435654938220983 80.250000000000014 13.750000000000002 32.057044982910163 15.250000000000002 32.258962631225593 0.9549313783645631 -0.22611359506845471 29.291071891784672 0.49516037106513983 27.168518066406254 -0.3415676057338714 -0.66483077406883229 -0.3657191395759582 -0.98518359661102284 -0.08167563751339911 2.0912355184555058 32.064420700073249 25.516271591186527 -0.28435654938220972 0.14792130887508395 -0.31718835234642023 -0.1330134719610214 0.1536347642540932 -0.63874351978301991 -0.69016700983047474 -0.41327477991580958
decision_type=2 2 2 2 2 2 2 2 2 2 2 2 2 2 2 2 2 2 2 2 2 2 2 2 2 2 2 2 2 2
left_child=1 3 -3 7 5 -5 -7 -1 9 13 11 12 26 14 15 16 27 18 19 25 22 -16 -19 -22 29 -15 -11 28 -9 -25
right_child=-2 2 -4 4 -6 6 -8 8 -10 10 -12 -13 -14 17 21 -17 -18 20 -20 -21 23 -23 -24 24 -26 -27 -28 -29 -30 -31
leaf_value=-0.0015159820217215776 -0.00027078475223313867 0.026167264458343498 -0.0059104072974729797 0.0046178302475374218 -0.00090840200728417554 0.021694898284786348 -0.029139625123416141 -0.024151155580922522 -0.0088319378087949717 -0.025763942091861471 0.0018396774109517185 0.013555769668953548 -0.17742639367397017 0.04180406945277796 -0.031568005836730167 0.0040358946126020055 -0.099830535251760125 0.0084897450387821493 0.019638501591989311 -0.051517027652332049 -0.036521145366995265 0.033799046914398105 0.026111821759511836 0.0033142357336128289 -0.063912291045359393 -0.046953894457188797 -0.12189574058082971 -0.010382752417280233 -0.11178216833320465 0.06924380738443385
leaf_weight=49676 449951 649 12748 4962 5013 4019 202 388 5389 1512 16853 615 52 165 165 1319 132 26420 526 565 518 701 1941 659 111 104 55 632 161 114
leaf_count=49676 449951 649 12748 4962 5013 4019 202 388 5389 1512 16853 615 52 165 165 1319 132 26420 526 565 518 701 1941 659 111 104 55 632 161 114
internal_value=-4.78954e-13 0.000893477 -0.00435645 0.00146544 0.00702067 0.0113492 0.0192622 0.00074042 0.00263712 0.00378791 -0.00081441 -0.0208365 -0.0339009 0.00632522 -0.00666076 -0.0158753 -0.0358775 0.00778476 -0.0123256 -0.0324852 0.00870368 0.0213446 0.00969578 -0.0113654 0.00337513 0.00748872 -0.0291381 -0.0287294 -0.0498499 0.0130374
internal_weight=586317 136366 13397 122969 14196 9183 4221 108773 59097 53708 19087 2234 1619 34621 3498 2632 1313 31123 1360 834 29763 866 28361 1402 884 269 1567 1181 549 773
internal_count=586317 136366 13397 122969 14196 9183 4221 108773 59097 53708 19087 2234 1619 34621 3498 2632 1313 31123 1360 834 29763 866 28361 1402 884 269 1567 1181 549 773
is_linear=0
shrinkage=0.05


Tree=199
num_leaves=31
num_cat=0
split_feature=3 0 10 11 13 9 13 3 12 1 7 11 10 1 12 3 9 10 13 11 10 10 11 10 5 10 8 9 3 11
split_gain=55.621 107.004 322.941 283.083 288.382 172.135 172.071 221.562 289.318 198.098 167.486 324.433 260.176 243.019 220.842 252.527 158.76 145.108 138.986 137.181 612.631 564.407 530.814 833.464 468.614 795.664 453.947 426.569 397.283 386.661
threshold=29.048268318176273 3.200477242469788 0.064507851377129569 -0.09024826809763907 83.250000000000014 25.493625640869144 78.750000000000014 31.235817909240726 18.250000000000004 30.74163913726807 34.375425338745124 -0.99626126885414112 0.15005400776863101 29.153871536254886 16.750000000000004 33.261857986450202 33.092733383178718 0.081675637513399138 77.750000000000014 -0.73829901218414296 -0.39753912389278406 0.5772862732410432 -0.93533331155776966 0.28435654938220983 29.279334068298343 -0.444374069571495 1.0000000180025095e-35 35.366125106811531 36.732461929321296 -0.70250144600868214
decision_type=2 2 2 2 2 2 2 2 2 2 2 2 2 2 2 2 2 2 2 2 2 2 2 2 2 2 2 2 2 2
left_child=-1 19 3 4 5 -3 -7 8 16 -9 11 13 14 -4 -12 -16 -8 -17 -13 20 24 22 23 -22 25 -2 -25 -24 -23 -21
right_child=1 2 10 -5 -6 6 7 9 -10 -11 12 18 -14 -15 15 17 -18 -19 -20 29 21 28 27 26 -26 -27 -28 -29 -30 -31
leaf_value=0.0012378481191542619 -0.032774769797103989 0.048769441026336235 0.15137086800698724 0.0020873600700966198 0.0086488285741234249 -0.012054684285460381 0.020297387069176168 0.0039412750890785208 -0.0058106759171572611 -0.012081077330540351 0.010917666390580488 -0.00069817212174719473 0.002101975385853873 0.038138278169586176 1.2711967765853661e-05 -0.10991473737576943 -0.0054664554450816168 -0.044350928276133891 0.013966983583897981 -0.012215623308995024 -0.0011758610338263953 0.029816520964170402 -0.019997900342296607 0.0077678180337301507 0.012778988321409579 0.060320429370206388 0.039481363946208867 -0.0040720275853598385 0.0055653848943328825 -0.00010723455049152828
leaf_weight=78586 1273 135 56 13592 2968 14150 2284 2376 5124 10258 347 3059 13764 308 298 106 810 414 3424 6724 35055 2172 5722 2613 15985 280 1986 15855 7591 339002
leaf_count=78586 1273 135 56 13592 2968 14150 2284 2376 5124 10258 347 3059 13764 308 298 106 810 414 3424 6724 35055 2172 5722 2613 15985 280 1986 15855 7591 339002
internal_value=9.89763e-13 -0.000191593 -0.00195626 -0.00410768 -0.00631744 -0.00758163 -0.00779897 -0.00491107 0.00147937 -0.00906785 0.00315127 0.0096262 0.00018163 0.0555587 -0.0225065 -0.0366852 0.0135525 -0.0577159 0.00704724 0.000106975 0.00186312 -0.000204161 -0.00198433 0.00144973 0.0102315 -0.0159901 0.0214628 -0.00829541 0.0109606 -0.00034273
internal_weight=586317 507731 73473 51697 38105 35137 35002 20852 8218 12634 21776 6847 14929 364 1165 818 3094 520 6483 434258 88532 70994 61231 39654 17538 1553 4599 21577 9763 345726
internal_count=586317 507731 73473 51697 38105 35137 35002 20852 8218 12634 21776 6847 14929 364 1165 818 3094 520 6483 434258 88532 70994 61231 39654 17538 1553 4599 21577 9763 345726
is_linear=0
shrinkage=0.05


end of trees

feature_importances:
Column_10=1614
Column_11=1046
Column_1=716
Column_9=570
Column_12=535
Column_13=421
Column_5=295
Column_3=287
Column_7=269
Column_0=86
Column_2=51
Column_8=43
Column_4=37
Column_6=30

parameters:
[boosting: gbdt]
[objective: regression]
[metric: l2]
[tree_learner: serial]
[device_type: cpu]
[data_sample_strategy: bagging]
[data: ]
[valid: ]
[num_iterations: 200]
[learning_rate: 0.05]
[num_leaves: 31]
[num_threads: 0]
[seed: 0]
[deterministic: 0]
[force_col_wise: 0]
[force_row_wise: 0]
[histogram_pool_size: -1]
[max_depth: -1]
[min_data_in_leaf: 50]
[min_sum_hessian_in_leaf: 0.001]
[bagging_fraction: 1]
[pos_bagging_fraction: 1]
[neg_bagging_fraction: 1]
[bagging_freq: 0]
[bagging_seed: 3]
[bagging_by_query: 0]
[feature_fraction: 1]
[feature_fraction_bynode: 1]
[feature_fraction_seed: 2]
[extra_trees: 0]
[extra_seed: 6]
[early_stopping_round: 0]
[early_stopping_min_delta: 0]
[first_metric_only: 0]
[max_delta_step: 0]
[lambda_l1: 0]
[lambda_l2: 0]
[linear_lambda: 0]
[min_gain_to_split: 0]
[drop_rate: 0.1]
[max_drop: 50]
[skip_drop: 0.5]
[xgboost_dart_mode: 0]
[uniform_drop: 0]
[drop_seed: 4]
[top_rate: 0.2]
[other_rate: 0.1]
[min_data_per_group: 100]
[max_cat_threshold: 32]
[cat_l2: 10]
[cat_smooth: 10]
[max_cat_to_onehot: 4]
[top_k: 20]
[monotone_constraints: ]
[monotone_constraints_method: basic]
[monotone_penalty: 0]
[feature_contri: ]
[forcedsplits_filename: ]
[refit_decay_rate: 0.9]
[cegb_tradeoff: 1]
[cegb_penalty_split: 0]
[cegb_penalty_feature_lazy: ]
[cegb_penalty_feature_coupled: ]
[path_smooth: 0]
[interaction_constraints: ]
[verbosity: -1]
[saved_feature_importance_type: 0]
[use_quantized_grad: 0]
[num_grad_quant_bins: 4]
[quant_train_renew_leaf: 0]
[stochastic_rounding: 1]
[linear_tree: 0]
[max_bin: 255]
[max_bin_by_feature: ]
[min_data_in_bin: 3]
[bin_construct_sample_cnt: 200000]
[data_random_seed: 1]
[is_enable_sparse: 1]
[enable_bundle: 1]
[use_missing: 1]
[zero_as_missing: 0]
[feature_pre_filter: 1]
[pre_partition: 0]
[two_round: 0]
[header: 0]
[label_column: ]
[weight_column: ]
[group_column: ]
[ignore_column: ]
[categorical_feature: ]
[forcedbins_filename: ]
[precise_float_parser: 0]
[parser_config_file: ]
[objective_seed: 5]
[num_class: 1]
[is_unbalance: 0]
[scale_pos_weight: 1]
[sigmoid: 1]
[boost_from_average: 1]
[reg_sqrt: 0]
[alpha: 0.9]
[fair_c: 1]
[poisson_max_delta_step: 0.7]
[tweedie_variance_power: 1.5]
[lambdarank_truncation_level: 30]
[lambdarank_norm: 1]
[label_gain: ]
[lambdarank_position_bias_regularization: 0]
[eval_at: ]
[multi_error_top_k: 1]
[auc_mu_weights: ]
[num_machines: 1]
[local_listen_port: 12400]
[time_out: 120]
[machine_list_filename: ]
[machines: ]
[gpu_platform_id: -1]
[gpu_device_id: -1]
[gpu_device_id_list: ]
[gpu_use_dp: 0]
[num_gpu: 1]

end of parameters

pandas_categorical:null
