tree
version=v4
num_class=1
num_tree_per_iteration=1
label_index=0
max_feature_idx=13
objective=regression
feature_names=Column_0 Column_1 Column_2 Column_3 Column_4 Column_5 Column_6 Column_7 Column_8 Column_9 Column_10 Column_11 Column_12 Column_13
feature_infos=[0:296.68112182617188] [19.28339958190918:45.686824798583984] [0:270.01943969726562] [19.900615692138672:45.787788391113281] [0:294.57958984375] [18.936450958251953:45.642349243164062] [0:284.76925659179688] [18.936450958251953:45.62506103515625] [0:283.40838623046875] [19.630348205566406:45.686824798583984] [-0.99999076128005981:0.99999076128005981] [-0.99996298551559448:1] [12:20] [76:85]
tree_sizes=2904 3008 3034 3010 3016 3028 3018 3040 3031 3037 3038 3032 3046 3062 3061 3064 3058 3048 3056 3059 3068 3057 3071 3061 3082 3061 3077 3066 3087 3082 3096 3082 3050 3066 3085 3088 3071 3111 3079 3106 3102 3072 3071 3099 3073 3105 3103 3091 3108 3092 3085 3096 3079 3052 3080 3097 3108 3107 3084 3103 3083 3116 3102 3069 3106 3090 3055 3079 3086 3107 3090 3114 3113 3096 3099 3083 3093 3084 3103 3082 3088 3060 3106 3042 3031 3076 3090 3065 3017 3024 3099 3095 3105 3026 3100 3112 3049 3015 3090 3032 3068 3088 3008 3072 3114 3048 2994 3070 3029 3028 3090 3019 3106 3053 3055 3071 3042 3036 3054 2999 3062 3058 3062 2978 3045 2995 3039 3032 3044 3008 3058 3007 3016 2982 3036 2974 2996 3002 2999 3076 2928 2971 3010 3043 2984 2976 2984 2929 3028 3007 2967 3006 2995 2964 2914 3066 2989 2954 2994 2994 2989 3061 2983 2900 2957 2969 3078 2966 2933 3074 2953 3073 2910 2953 3019 2955 2930 3056 2965 3021 3026 2983 2955 3073 2991 2954 2946 3046 2932 3037 2979 3080 2918 3027 2951 2944 2964 2982 3002 3043

Tree=0
num_leaves=31
num_cat=0
split_feature=1 1 1 1 7 10 1 1 1 10 10 10 11 10 1 12 10 9 12 9 10 1 7 9 1 9 7 11 9 11
split_gain=4.9476e+06 598362 593013 114680 106304 104045 70077.8 51557.5 47445.4 42196.5 29056.9 24923.7 21114.5 13268.2 12128.1 10382.2 10291.6 9817.8 9164.09 8446.24 8191.81 8171.74 8113.02 8080.91 7621.08 7103.69 6645.59 6622.31 6136.56 5990.88
threshold=34.43524360656739 31.115842819213871 38.153575897216804 32.771314620971687 29.658649444580082 0.28435654938220983 40.435468673706062 36.314168930053718 28.750182151794437 0.30081701278686529 0.64534214138984691 0.53436762094497692 0.78827583789825451 0.63209757208824169 42.090299606323249 13.750000000000002 0.098819226026535048 34.804851531982429 16.250000000000004 33.589101791381843 0.53436762094497692 31.991960525512699 31.216208457946781 39.44108963012696 29.990586280822757 35.595941543579109 37.72160720825196 -0.97106409072875965 32.814941406250007 0.94968265295028698
decision_type=2 2 2 2 2 2 2 2 2 2 2 2 2 2 2 2 2 2 2 2 2 2 2 2 2 2 2 2 2 2
left_child=1 4 5 10 8 18 11 25 15 -5 17 27 13 22 -8 -1 -14 21 -2 -11 -9 -3 -6 -13 -10 -7 -22 -4 -15 -17
right_child=2 3 6 9 12 7 14 20 24 19 -12 23 16 28 -16 29 -18 -19 -20 -21 26 -23 -24 -25 -26 -27 -28 -29 -30 -31
leaf_value=32.655460099595714 32.99226697272109 32.824282771259561 33.000586854170635 32.897395504856767 32.783970410334696 33.030507290103166 33.287603930651983 33.065242789230467 32.739100189256867 32.946842832283743 32.91854172458347 33.208382309995677 32.743747025788586 32.852545919579093 33.358144549977183 32.72474544836389 32.793308726521609 32.917600444874097 32.927708014411117 32.999301548198517 33.121144765085312 32.853029367427695 32.818698037330961 33.259422950892677 32.779616298578667 33.072317883547157 33.168732248907425 33.142904097393938 32.97572760540244 32.677361846637822
leaf_weight=19117 13552 57692 936 50189 33062 24796 18244 4844 31571 16153 13116 22269 25967 4206 9149 14960 17556 3885 9248 14616 26232 43259 34230 11898 18354 17210 10185 6451 1331 12039
leaf_count=19117 13552 57692 936 50189 33062 24796 18244 4844 31571 16153 13116 22269 25967 4206 9149 14960 17556 3885 9248 14616 26232 43259 34230 11898 18354 17210 10185 6451 1331 12039
internal_value=32.9123 32.8175 33.1349 32.8798 32.7592 33.0607 33.2491 33.0866 32.7202 32.9257 32.8484 33.2082 32.7913 32.8078 33.3112 32.6837 32.7637 32.8396 32.9661 32.9718 33.1263 32.8366 32.8016 33.2262 32.754 33.0476 33.1345 33.1249 32.8822 32.7036
internal_weight=586317 411303 175014 198910 212393 106067 68947 83267 96041 80958 117952 41554 116352 72829 27393 46116 43523 104836 22800 30769 41261 100951 67292 34167 49925 42006 36417 7387 5537 26999
internal_count=586317 411303 175014 198910 212393 106067 68947 83267 96041 80958 117952 41554 116352 72829 27393 46116 43523 104836 22800 30769 41261 100951 67292 34167 49925 42006 36417 7387 5537 26999
is_linear=0
shrinkage=1


Tree=1
num_leaves=31
num_cat=0
split_feature=1 1 1 1 10 10 1 1 9 1 9 10 1 9 10 1 12 9 9 1 10 7 9 7 1 10 10 11 11 12
split_gain=4.46584e+06 554465 520286 112035 95679.6 86346.7 68289.4 45106.3 42528 41371.7 23250 21930.6 14294.7 13211.9 12673.3 12618 8047.69 7772.55 7417.79 7330.4 6903.67 6860.52 6645.37 6449.61 6350.48 6097.64 6083.02 5933.19 5843.75 5695.93
threshold=34.49452209472657 31.363744735717777 38.043006896972663 29.291071891784672 0.64534214138984691 0.28435654938220983 40.138969421386726 32.84704780578614 29.741821289062504 36.231637954711921 30.692554473876957 0.53436762094497692 41.779499053955085 33.637870788574226 0.64534214138984691 27.643974304199222 16.250000000000004 34.869119644165046 34.318099975585945 30.267227172851566 0.54883790016174328 31.186458587646488 39.062702178955085 36.893100738525398 33.005638122558601 0.59125596284866344 0.95992380380630504 0.30080866813659674 0.78827583789825451 13.750000000000002
decision_type=2 2 2 2 2 2 2 2 2 2 2 2 2 2 2 2 2 2 2 2 2 2 2 2 2 2 2 2 2 2
left_child=1 3 5 8 7 16 11 17 15 26 19 -4 25 24 28 29 -2 -3 -9 -5 -11 -10 -13 -15 -6 -8 -7 -22 -12 -1
right_child=2 4 6 10 13 9 12 18 21 20 14 22 -14 23 -16 -17 -18 -19 -20 -21 27 -23 -24 -25 -26 -27 -28 -29 -30 -31
leaf_value=-0.26730777878718309 0.077101934413905282 -0.066572183475721414 0.19300004109457128 -0.14671907861952049 -0.00057999384286535087 0.11505916375181023 0.29616510191609441 -0.015510650448314914 -0.1539553163295444 0.14477734656528576 -0.086297030485184417 0.27212477724085704 0.41596758034053383 0.07859071988667797 -0.0069624768830551 -0.1913298986140464 0.014854718744711582 0.0084403196842295046 0.030277461357841956 -0.11549263440759042 0.21650234013819325 -0.10483423948537157 0.31858767780619801 0.22293059310144808 0.052664739616077885 0.3611493741141148 0.15856037059888106 0.1619419705455642 -0.1198906794746091 -0.21617085085602294
leaf_weight=9938 12979 87623 7043 38757 11645 27438 4680 43949 21666 5003 42292 19580 11495 12980 4218 36467 8655 3595 11074 36488 30057 10579 12679 823 10788 15786 11365 5973 18656 12046
leaf_count=9938 12979 87623 7043 38757 11645 27438 4680 43949 21666 5003 42292 19580 11495 12980 4218 36467 8655 3595 11074 36488 30057 10579 12679 823 10788 15786 11365 5973 18656 12046
internal_value=5.01576e-10 -0.0891787 0.213525 -0.140621 -0.0240267 0.140803 0.317073 -0.0420491 -0.183937 0.164813 -0.112642 0.272935 0.37135 0.0487077 -0.0907793 -0.209367 0.052199 -0.0636159 -0.00629528 -0.131577 0.199815 -0.13784 0.290386 0.0871969 0.0250253 0.346289 0.1278 0.207457 -0.0965799 -0.239288
internal_weight=586317 413584 172733 231107 182477 101470 71263 146241 90696 79836 140411 39302 31961 36236 65166 58451 21634 91218 55023 75245 41033 32245 32259 13803 22433 20466 38803 36030 60948 21984
internal_count=586317 413584 172733 231107 182477 101470 71263 146241 90696 79836 140411 39302 31961 36236 65166 58451 21634 91218 55023 75245 41033 32245 32259 13803 22433 20466 38803 36030 60948 21984
is_linear=0
shrinkage=0.05


Tree=2
num_leaves=31
num_cat=0
split_feature=1 1 1 1 9 10 1 1 10 1 10 10 10 1 10 7 12 11 12 1 10 1 10 10 9 9 7 9 11 12
split_gain=4.03057e+06 497763 476592 94914 84640.2 78845.9 71831.7 40630.9 36590.6 34725.3 21416.7 21092.6 16424 14485.1 11092.9 8687.04 8546.92 7763.71 7680.75 6863.68 6618.62 6394.02 6271.42 5473.56 5470.67 5406.2 5361.64 5343.06 5309.84 5266.89
threshold=34.376260757446296 37.832117080688484 31.023309707641605 32.626295089721687 29.854121208190922 0.28435654938220983 39.992656707763679 28.804106712341312 0.16705007851123813 36.070932388305671 0.53436762094497692 0.64534214138984691 0.63209757208824169 41.779499053955085 -0.71466678380966175 32.323551177978523 13.750000000000002 0.69635042548179638 15.750000000000002 38.826128005981452 -0.038721922785043709 29.882283210754398 0.59125596284866344 0.54883790016174328 35.595941543579109 35.515878677368171 37.625789642333991 32.852962493896491 0.89771011471748363 15.250000000000002
decision_type=2 2 2 2 2 2 2 2 2 2 2 2 2 2 2 2 2 2 2 2 2 2 2 2 2 2 2 2 2 2
left_child=2 5 4 11 7 18 10 16 -5 24 -3 15 14 22 -6 -4 -1 -10 -2 -12 -16 -9 -8 -11 -7 -13 -25 -22 29 -18
right_child=1 6 3 8 12 9 13 21 17 23 19 25 -14 -15 20 -17 28 -19 -20 -21 27 -23 -24 26 -26 -27 -28 -29 -30 -31
leaf_value=-0.23174980274787879 0.073323995591952101 0.17523303864364687 -0.078280259477559691 -0.019114616609914203 -0.090455962627880943 0.10144423011912125 0.27818165200508121 -0.15868405095133442 0.058929567661581132 0.133193501189355 0.2459433442475609 -0.0063598674466985514 -0.020699018858745824 0.39516922034864832 -0.13781929152096759 -0.046286506338532873 -0.20863805516398273 0.00088252012434388645 0.015992021224878621 0.29079947881821677 -0.11232393878005527 -0.12411699515325786 0.34060015746952371 0.17895659855105817 0.14094726751834627 0.15696670136379326 0.22472913206324818 -0.032481755074724554 -0.20830071056891031 -0.13985901899467701
leaf_weight=19671 12326 7506 73903 52852 35344 23580 5214 29580 27653 4866 16943 11506 5072 11495 39983 29761 4290 7276 11105 17171 21731 24424 17635 27162 13949 530 8369 2319 15175 7926
leaf_count=19671 12326 7506 73903 52852 35344 23580 5214 29580 27653 4866 16943 11506 5072 11495 39983 29761 4290 7276 11105 17171 21731 24424 17635 27162 13949 530 8369 2319 15175 7926
internal_value=9.95017e-10 0.199098 -0.0863193 -0.0320763 -0.140025 0.126574 0.295864 -0.172646 0.00712859 0.150756 0.251697 -0.0618208 -0.108462 0.349388 -0.112941 -0.0690951 -0.206606 0.0468379 0.0461518 0.268521 -0.125352 -0.143051 0.326357 0.182927 0.116127 0.000832147 0.189738 -0.104625 -0.188549 -0.164013
internal_weight=586317 177321 408996 203481 205515 101357 75964 101066 87781 77926 41620 115700 104449 34344 99377 103664 47062 34929 23431 34114 64033 54004 22849 40397 37529 12036 35531 24050 27391 12216
internal_count=586317 177321 408996 203481 205515 101357 75964 101066 87781 77926 41620 115700 104449 34344 99377 103664 47062 34929 23431 34114 64033 54004 22849 40397 37529 12036 35531 24050 27391 12216
is_linear=0
shrinkage=0.05


Tree=3
num_leaves=31
num_cat=0
split_feature=1 1 1 1 10 10 1 1 1 9 9 10 1 9 10 10 5 9 1 1 12 11 10 12 7 10 1 1 11 9
split_gain=3.63843e+06 453084 424692 94428.4 77327.3 72843.5 52354.4 36497.2 36144.9 35000.4 19362 19051.2 12110.1 11122.4 10070 8190.08 7689.09 7302.56 6802.33 6771.86 6686.52 6321.72 6082.58 5985.47 5933.99 5795.79 5535.36 5306.85 5245.7 4954.99
threshold=34.49452209472657 31.396285057067875 38.153575897216804 29.331702232360843 0.64534214138984691 0.28435654938220983 40.591190338134773 36.314168930053718 33.045808792114265 30.000835418701175 31.036746978759769 0.53436762094497692 28.015341758728031 33.443656921386726 0.6186656951904298 0.56314551830291759 33.441766738891609 39.986669540405281 42.44023513793946 30.332758903503422 16.250000000000004 -0.97106409072875965 0.51973900198936474 13.750000000000002 36.719482421875007 0.95992380380630504 32.21832466125489 37.174047470092781 0.78827583789825451 33.589101791381843
decision_type=2 2 2 2 2 2 2 2 2 2 2 2 2 2 2 2 2 2 2 2 2 2 2 2 2 2 2 2 2 2
left_child=1 3 5 9 8 20 11 25 16 12 19 21 23 -6 -12 -8 26 -13 -17 -5 -2 -4 -9 -1 -15 -7 -3 -24 -11 -10
right_child=2 4 6 10 13 7 15 22 29 28 14 17 -14 24 -16 18 -18 -19 -20 -21 -22 -23 27 -25 -26 -27 -28 -29 -30 -31
leaf_value=-0.23505512326812039 0.070192319627657429 -0.070230621787498365 0.064164847715885168 -0.12878671654716453 0.020645654181941094 0.10457616159573691 0.28596274758620516 0.12870560627045283 -0.01381579053712371 -0.10536876596778531 -0.083244276674024509 0.25811236606497201 -0.16590430902801789 0.06884668358208075 -0.0017863700600153248 0.34193294471112351 -0.014838170195432807 0.31006720737547838 0.40600121146082568 -0.10085711705693619 0.013648561150429315 0.20154417388829474 0.17088972227395433 -0.18983791906826192 0.19798557541339526 0.14581254702296684 -0.0447737288939817 0.20889354199733468 -0.15105668978197517 0.019861877600937154
leaf_weight=12959 13042 49967 956 44609 20659 28623 4593 4502 27895 19711 49646 27025 34195 14429 4108 14857 10915 9021 5745 42266 8727 6750 18004 16815 948 12133 37290 18755 9222 17950
leaf_count=12959 13042 49967 956 44609 20659 28623 4593 4502 27895 19711 49646 27025 34195 14429 4108 14857 10915 9021 5745 42266 8727 6750 18004 16815 948 12133 37290 18755 9222 17950
internal_value=1.31475e-10 -0.0804946 0.192733 -0.126447 -0.0208942 0.128832 0.288923 0.150412 -0.0372849 -0.165564 -0.100605 0.25586 -0.186204 0.0446109 -0.0770191 0.346339 -0.0544023 0.271115 0.359799 -0.115199 0.0475244 0.184501 0.183561 -0.209519 0.0768082 0.116852 -0.0593514 0.19028 -0.119931 -0.000629747
internal_weight=586317 413584 172733 233531 180053 103786 68947 82017 144017 92902 140629 43752 63969 36036 53754 25195 98172 36046 20602 86875 21769 7706 41261 29774 15377 40756 87257 36759 28933 45845
internal_count=586317 413584 172733 233531 180053 103786 68947 82017 144017 92902 140629 43752 63969 36036 53754 25195 98172 36046 20602 86875 21769 7706 41261 29774 15377 40756 87257 36759 28933 45845
is_linear=0
shrinkage=0.05


Tree=4
num_leaves=31
num_cat=0
split_feature=1 1 1 1 10 10 1 9 1 1 9 10 1 9 9 9 7 10 1 1 1 1 12 10 11 1 10 1 11 7
split_gain=3.28444e+06 431081 361107 92289.9 71724.6 62552.1 43818.5 34342.8 32402 32279.4 16454.6 16095.7 11520.6 10065.1 9540.18 7436.02 7417.31 7391.55 6249.42 6164.59 6062.11 6050.16 5766.39 5756.85 6931.89 5735.51 5649.2 5349.76 5299.4 4747.54
threshold=34.616605758666999 31.518439292907718 38.259286880493171 29.501111984252933 0.64534214138984691 0.28435654938220983 40.591190338134773 29.549729347229007 36.564462661743171 33.21458816528321 31.068670272827152 0.51973900198936474 27.298403739929203 34.202585220336921 35.073209762573249 34.616676330566413 31.065237998962406 0.56314551830291759 39.321441650390632 42.090299606323249 33.305685043334968 35.605012893676765 15.750000000000002 0.44437406957149511 0.76663044095039379 32.317893981933601 0.53436762094497692 30.553677558898929 -0.97106409072875965 37.432012557983406
decision_type=2 2 2 2 2 2 2 2 2 2 2 2 2 2 2 2 2 2 2 2 2 2 2 2 2 2 2 2 2 2
left_child=1 3 5 7 9 22 11 12 21 15 27 28 -1 20 23 25 -9 -8 -13 -19 -6 -7 -2 24 -12 -3 -10 -5 -4 -15
right_child=2 4 6 10 13 8 17 16 26 -11 14 18 -14 29 -16 -17 -18 19 -20 -21 -22 -23 -24 -25 -26 -27 -28 -29 -30 -31
leaf_value=-0.21407825286649518 0.07270608174470608 -0.062652471028984191 0.060270326016523705 -0.11691521993137238 0.0082893605370873685 0.098695059003690855 0.27166461371852024 -0.13444124476058855 0.12800515301078777 0.0051355377952410318 -0.070372482358652011 0.23765634592173288 -0.16511006903834477 0.079311732739490909 0.032571359118207903 0.0089342991888429618 -0.089787310914960436 0.32055233261783717 0.28007273226705326 0.37700075352774298 0.055989443333651447 0.13574447428246436 0.01881421372926281 -0.033141125244921743 -0.11523418932435091 -0.037516490175279478 0.18803569459099284 -0.091595798034220993 0.1918692149516239 0.22766389367627393
leaf_weight=16602 10811 49544 880 47523 14810 21559 4593 28314 4448 41083 35098 17150 43437 10009 2145 5459 13848 12844 17591 7758 12105 22539 9177 7134 11410 41877 32957 37188 5854 570
leaf_count=16602 10811 49544 880 47523 14810 21559 4593 28314 4448 41083 35098 17150 43437 10009 2145 5459 13848 12844 17591 7758 12105 22539 9177 7134 11410 41877 32957 37188 5854 570
internal_value=1.54445e-10 -0.0750461 0.186613 -0.118211 -0.0153386 0.127228 0.277014 -0.154362 0.146667 -0.0320041 -0.0919141 0.24542 -0.178651 0.0459838 -0.0708287 -0.0477535 -0.119775 0.329022 0.259134 0.341809 0.0297424 0.117631 0.047963 -0.0749634 -0.0813786 -0.0511385 0.180897 -0.1058 0.174672 0.087305
internal_weight=586317 418156 168161 242699 175457 101491 66670 102201 81503 137963 140498 41475 60039 37494 55787 96880 42162 25195 34741 20602 26915 44098 19988 53642 46508 91421 37405 84711 6734 10579
internal_count=586317 418156 168161 242699 175457 101491 66670 102201 81503 137963 140498 41475 60039 37494 55787 96880 42162 25195 34741 20602 26915 44098 19988 53642 46508 91421 37405 84711 6734 10579
is_linear=0
shrinkage=0.05


Tree=5
num_leaves=31
num_cat=0
split_feature=1 1 1 7 1 1 10 1 10 1 10 10 11 1 10 10 7 12 13 12 11 9 1 10 7 10 5 10 7 12
split_gain=2.96647e+06 389407 334247 64499 62840.2 61367.9 58378.7 29310.5 25938.7 23207.6 16898.5 14339 14220.5 13326 8537.27 7641.48 6679.72 6507.03 6423 6182.81 6031.26 5947.34 5584.62 5298.22 4900.87 4899.63 4750.94 5247.04 4683.44 4535.91
threshold=34.258369445800788 37.633964538574226 31.023309707641605 29.73897743225098 32.590316772460945 39.720970153808601 0.28435654938220983 28.445576667785648 0.16705007851123813 35.760755538940437 0.49002411961555487 0.64534214138984691 0.78827583789825451 41.521457672119148 0.63209757208824169 -0.20931270718574521 32.226997375488288 14.250000000000002 77.750000000000014 16.250000000000004 0.94968265295028698 34.259746551513679 29.659092903137211 0.51973900198936474 36.220537185668952 0.72066047787666332 38.256908416748054 0.96230018138885509 38.833320617675788 14.750000000000002
decision_type=2 2 2 2 2 2 2 2 2 2 2 2 2 2 2 2 2 2 2 2 2 2 2 2 2 2 2 2 2 2
left_child=2 6 3 7 11 10 19 17 -6 -8 -3 16 14 23 18 -14 -4 -1 29 -2 -19 25 -9 -7 -16 -10 27 -11 -12 -5
right_child=1 5 4 12 8 13 9 22 21 26 28 -13 15 -15 24 -17 -18 20 -20 -21 -22 -23 -24 -25 -26 -27 -28 -29 -30 -31
leaf_value=-0.20374647187804462 0.057757235865984836 0.13048869768893639 -0.068235344012039123 -0.13548361822968022 -0.018772926089476397 0.21895025847687669 0.092457145995673923 -0.14098915770928253 -0.0026903325436303245 0.12817492807189582 0.2066840004574183 -0.0011047921052103307 -0.14381314823285327 0.33437794831864526 -0.027540110945076121 -0.099017149558419171 -0.040494509600958017 -0.13760480536281702 -0.071951960985000049 0.0077536164363731066 -0.19214837674206664 0.070921795516944247 -0.11010586192432092 0.28293850015066591 0.2044895043323853 0.043581893302264502 0.19880462794736212 0.16559681139187737 0.24411269749397602 -0.089107434114701928
leaf_weight=19059 14760 6072 70280 8050 52351 3817 32575 32529 9835 23858 22281 11649 15951 13800 4761 23613 31393 10845 39057 10637 9515 9604 26615 21215 239 13676 4202 15422 13375 15281
leaf_count=19059 14760 6072 70280 8050 52351 3817 32575 32529 9835 23858 22281 11649 15951 13800 4761 23613 31393 10845 39057 10637 9515 9604 26615 21215 239 13676 4202 15422 13375 15281
internal_value=-3.21311e-11 0.16762 -0.075461 -0.120173 -0.029236 0.249692 0.10245 -0.149351 0.00313479 0.124367 0.207593 -0.0536497 -0.0932832 0.294929 -0.0793133 -0.117078 -0.05967 -0.18275 -0.0843515 0.0368143 -0.163095 0.0377684 -0.127092 0.273181 -0.0164491 0.0242255 0.148273 0.142867 0.220724 -0.105109
internal_weight=586317 182014 404303 205515 198788 80560 101454 98563 85466 76057 41728 113322 106952 38832 67388 39564 101673 39419 62388 25397 20360 33115 59144 25032 5000 23511 43482 39280 35656 23331
internal_count=586317 182014 404303 205515 198788 80560 101454 98563 85466 76057 41728 113322 106952 38832 67388 39564 101673 39419 62388 25397 20360 33115 59144 25032 5000 23511 43482 39280 35656 23331
is_linear=0
shrinkage=0.05


Tree=6
num_leaves=31
num_cat=0
split_feature=1 1 1 1 10 10 1 9 1 1 9 10 1 9 9 7 9 5 10 11 10 10 10 11 1 9 12 7 1 11
split_gain=2.67849e+06 370362 277228 85293.7 57969 49123.3 30776.1 29275.1 28132.2 24628.3 14615.5 12785.1 9507.99 9091.86 8291.26 7789.01 5982.88 5907.47 5578.4 6157.96 5570.36 5472.29 5157.53 5120.06 4696.76 4696.72 4633.2 4605.04 4424.73 4207.6
threshold=34.743453979492195 31.705049514770511 38.476392745971687 29.581052780151371 0.64534214138984691 0.28435654938220983 40.922029495239265 29.202995300292972 36.735380172729499 33.305685043334968 31.068670272827152 0.53436762094497692 27.298403739929203 34.869119644165046 33.935148239135749 31.065237998962406 40.75471496582032 33.638193130493171 0.44437406957149511 0.76663044095039379 0.59125596284866344 0.95992380380630504 0.54883790016174328 -0.97106409072875965 30.586003303527836 36.714214324951179 15.750000000000002 37.071052551269538 33.441390991210945 0.42887605726718908
decision_type=2 2 2 2 2 2 2 2 2 2 2 2 2 2 2 2 2 2 2 2 2 2 2 2 2 2 2 2 2 2
left_child=1 3 5 7 9 26 11 12 21 17 24 23 -1 18 28 -9 -13 -3 19 -12 -8 25 -10 -4 -5 -7 -2 -16 -6 -24
right_child=2 4 6 10 14 8 20 15 22 -11 13 16 -14 -15 27 -17 -18 -19 -20 -21 -22 -23 29 -25 -26 -27 -28 -29 -30 -31
leaf_value=-0.19749694735535583 0.069740111427854815 -0.044021820948724436 0.047485119655504025 -0.10419212219351529 0.0099400207616786411 0.086872970912013209 0.25563500406771261 -0.12397972865762025 0.12096504975646093 0.0081083682595788301 -0.061985876510722404 0.23369406585233132 -0.15097762349673705 0.026316235268074469 0.068948526430087628 -0.081460122443802518 0.29034589121439008 -0.0035662546990852654 -0.027630622267222644 -0.10244242050221763 0.31860878020300021 0.13529589706886463 0.18063664805325502 0.18419985238322761 -0.080918011031944612 0.1320539872316959 0.01931431079975951 0.19113205748636353 0.053066024381447967 0.10514978175047951
leaf_weight=15386 10038 77722 766 45423 14306 22573 4490 38039 4861 39731 39243 28750 38392 2820 13204 15025 5562 10209 8349 12371 16115 15022 30972 6463 41464 7719 8340 819 10180 1963
leaf_count=15386 10038 77722 766 45423 14306 22573 4490 38039 4861 39731 39243 28750 38392 2820 13204 15025 5562 10209 8349 12371 16115 15022 30972 6463 41464 7719 8340 819 10180 1963
internal_value=1.58163e-10 -0.0664933 0.171759 -0.104164 -0.00834304 0.120832 0.254926 -0.138289 0.13719 -0.0245627 -0.0798036 0.230145 -0.164287 -0.0614227 0.045427 -0.11194 0.242877 -0.0393248 -0.065549 -0.0716826 0.304886 0.110622 0.169042 0.169713 -0.0930853 0.098386 0.0468567 0.0760845 0.0278696 0.176137
internal_weight=586317 422683 163634 256512 166171 101488 62146 106842 83110 127662 149670 41541 53778 62783 38509 53064 34312 87931 59963 51614 20605 45314 37796 7229 86887 30292 18378 14023 24486 32935
internal_count=586317 422683 163634 256512 166171 101488 62146 106842 83110 127662 149670 41541 53778 62783 38509 53064 34312 87931 59963 51614 20605 45314 37796 7229 86887 30292 18378 14023 24486 32935
is_linear=0
shrinkage=0.05


Tree=7
num_leaves=31
num_cat=0
split_feature=1 1 1 1 1 7 10 1 10 1 10 1 11 10 9 11 5 10 12 10 11 12 10 12 13 5 9 7 7 11
split_gain=2.41826e+06 318088 273147 56486.5 50535.3 50142.7 47493 24672.1 24468.1 19168.7 13934.8 11003.6 10787 10450.5 7706.55 7583.02 7142.49 6803.24 6098.98 5795.28 5743.64 5188.97 4876.49 4863.24 4762.24 4707.11 4688.32 4378.37 3929.78 3929.6
threshold=34.258369445800788 37.633964538574226 30.901343345642093 32.386100769042976 39.720970153808601 29.924538612365726 0.28435654938220983 28.445576667785648 0.64534214138984691 35.989843368530281 0.53436762094497692 41.779499053955085 0.78827583789825451 0.047320950776338584 33.399255752563484 0.75546532869339 33.638193130493171 0.63209757208824169 14.250000000000002 -0.20931270718574521 0.94968265295028698 16.250000000000004 0.59125596284866344 14.250000000000002 77.750000000000014 36.467489242553718 38.816078186035163 36.139402389526374 36.220537185668952 0.92589047551155101
decision_type=2 2 2 2 2 2 2 2 2 2 2 2 2 2 2 2 2 2 2 2 2 2 2 2 2 2 2 2 2 2
left_child=2 6 5 13 10 7 21 18 16 25 -3 22 17 15 -15 -4 -5 24 -1 -14 -20 -2 -6 -9 -7 -8 -12 -10 -19 -25
right_child=1 4 3 8 11 12 9 23 27 -11 26 -13 19 14 -16 -17 -18 28 20 -21 -22 -23 -24 29 -26 -27 -28 -29 -30 -31
leaf_value=-0.1845773496284368 0.052425981410149515 0.12636084132048125 -0.056332334117780693 -0.024302261969802855 0.21057197656694196 -0.094761098367360824 0.080113497809193343 -0.13426262171585296 0.038117030291973393 0.13726341370339656 0.18727426351865828 0.30761386630163423 -0.13157777202496596 -0.039092132133986227 0.031447842560838428 -0.099381194964251462 0.010882178792960615 -0.020741571520272721 -0.12227648789333699 -0.088657228101174837 -0.17417059440672766 0.0066171858396758352 0.26082180240843367 -0.09239290304814643 -0.064054586805327329 0.13168705752000207 0.22605292164299784 0.14494651004830375 0.19583282463960519 -0.12307668750627312
leaf_weight=19441 14760 7656 64159 55292 6263 19868 32844 21143 23458 38100 22002 11495 13427 27857 4497 12170 19515 4010 11698 18985 9798 10637 21074 25420 34644 5113 12070 1000 221 17700
leaf_count=19441 14760 7656 64159 55292 6263 19868 32844 21143 23458 38100 22002 11495 13427 27857 4497 12170 19515 4010 11698 18985 9798 10637 21074 25420 34644 5113 12070 1000 221 17700
internal_value=4.52545e-11 0.151341 -0.0681325 -0.0281971 0.225517 -0.110426 0.0924409 -0.133946 -0.000929423 0.112209 0.187315 0.266569 -0.083282 -0.0531018 -0.0292875 -0.0631961 -0.0151237 -0.0705057 -0.164284 -0.106437 -0.14593 0.0332399 0.249309 -0.11462 -0.0752462 0.0870607 0.201012 0.0424849 -0.00942913 -0.104988
internal_weight=586317 182014 404303 207948 80560 196355 101454 105200 99265 76057 41728 38832 91155 108683 32354 76329 74807 58743 40937 32412 21496 25397 27337 64263 54512 37957 34072 24458 4231 43120
internal_count=586317 182014 404303 207948 80560 196355 101454 105200 99265 76057 41728 38832 91155 108683 32354 76329 74807 58743 40937 32412 21496 25397 27337 64263 54512 37957 34072 24458 4231 43120
is_linear=0
shrinkage=0.05


Tree=8
num_leaves=31
num_cat=0
split_feature=1 1 1 1 10 1 9 1 1 10 10 7 10 1 10 9 11 9 5 10 10 11 10 1 12 13 10 1 7 1
split_gain=2.18375e+06 302703 226638 74539.1 44954.1 41981 23760 23290.3 18649.1 16733.8 13767.7 13466.2 9990.5 9642.38 7567.04 7269.68 6915.62 6667.8 5287.54 4798.06 5122.51 4715.91 4690.85 4631.94 4352.89 4153.08 4145.44 4061.16 3440.66 3368.77
threshold=34.743453979492195 31.79950046539307 38.588956832885749 29.54171180725098 0.64534214138984691 36.47856521606446 30.000835418701175 41.098293304443366 33.441390991210945 0.28435654938220983 0.49002411961555487 31.773130416870121 0.28435654938220983 28.015341758728031 0.44437406957149511 35.140014648437507 0.56312987208366405 34.556671142578132 34.37634468078614 0.60505047440528881 -0.72660079598426808 0.30080866813659674 0.56314551830291759 39.582099914550788 13.250000000000002 77.750000000000014 0.95992380380630504 33.350265502929695 37.625789642333991 42.860454559326179
decision_type=2 2 2 2 2 2 2 2 2 2 2 2 2 2 2 2 2 2 2 2 2 2 2 2 2 2 2 2 2 2
left_child=1 3 5 6 8 9 13 12 18 -2 -7 14 -4 24 16 -13 25 27 -3 20 -8 -12 -9 -14 -1 -5 -11 -6 -19 -24
right_child=2 4 7 11 17 10 19 22 -10 26 21 15 23 -15 -16 -17 -18 28 -20 -21 -22 -23 29 -25 -26 -27 -28 -29 -30 -31
leaf_value=-0.19026805315666384 0.032514689815826225 -0.03591495973216341 0.082811038598679831 -0.086651090242156281 0.011178099804291273 0.086354252334011034 -0.06752336084107452 0.22447774214556221 0.01054306416320102 0.085014835946493852 0.161411806494799 -0.051516931904379906 0.1974383752267343 -0.12647633810958755 -0.045858109654087362 0.036948655072452007 -0.096292491822346574 0.071883653662985214 0.016748818401706042 -0.0027422856721581539 -0.10947239665054805 0.10946941136128203 0.27757349218958666 0.23166816504685675 -0.15005931221057203 -0.05737687793933674 0.1197013580414442 0.048730461962700533 0.20461165788026103 0.33232362547880345
leaf_weight=10281 13977 81556 1449 22093 14177 8800 10922 3211 34700 26762 36560 36723 17789 40572 14529 2479 56350 8506 5062 1457 21809 4963 11461 22238 19493 26827 12702 14629 518 3722
leaf_count=10281 13977 81556 1449 22093 14177 8800 10922 3211 34700 26762 36560 36723 17789 40572 14529 2479 56350 8506 5062 1457 21809 4963 11461 22238 19493 26827 12702 14629 518 3722
internal_value=-2.58526e-11 -0.0600392 0.155087 -0.0929207 -0.00559022 0.11039 -0.125716 0.232554 -0.0204294 0.0795283 0.143164 -0.0713596 0.211787 -0.142334 -0.0796834 -0.0459227 -0.0843518 0.0419979 -0.0328373 -0.0915224 -0.0954744 0.155203 0.279383 0.216456 -0.163943 -0.0705975 0.0961791 0.0302489 0.0795026 0.290995
internal_weight=586317 422683 163634 263535 159148 103764 104534 59870 121318 53441 50323 159001 41476 70346 119799 39202 105270 37830 86618 34188 32731 41523 18394 40027 29774 48920 39464 28806 9024 15183
internal_count=586317 422683 163634 263535 159148 103764 104534 59870 121318 53441 50323 159001 41476 70346 119799 39202 105270 37830 86618 34188 32731 41523 18394 40027 29774 48920 39464 28806 9024 15183
is_linear=0
shrinkage=0.05


Tree=9
num_leaves=31
num_cat=0
split_feature=1 1 1 1 10 10 9 1 1 1 10 11 10 1 11 9 9 13 13 11 1 9 9 9 10 10 10 11 10 5
split_gain=1.97148e+06 287943 191849 69918 42548.4 34105.2 23053.7 21048.9 20893.2 16990.9 12061.3 13098.1 9218.33 7819.25 6500.57 6430.97 6401.62 6077.95 6065.93 5437.85 4884.58 4676.8 4615.98 4558.23 4442.92 4284.46 4048.41 4022.76 3695.56 3660.81
threshold=34.869035720825202 31.863302230834964 38.588956832885749 29.659092903137211 0.64534214138984691 0.49002411961555487 29.202995300292972 40.922029495239265 36.905206680297859 33.441390991210945 0.44437406957149511 0.57727023959159862 0.53436762094497692 27.163667678833011 0.78827583789825451 35.515878677368171 33.685607910156257 77.750000000000014 77.750000000000014 0.30080866813659674 33.441390991210945 40.75471496582032 35.290496826171882 35.073209762573249 0.59125596284866344 -0.012910176534205673 0.098819226026535048 -0.97106409072875965 0.20088869333267215 38.256908416748054
decision_type=2 2 2 2 2 2 2 2 2 2 2 2 2 2 2 2 2 2 2 2 2 2 2 2 2 2 2 2 2 2
left_child=1 3 5 6 9 22 13 12 19 23 11 17 27 -1 18 20 -12 -5 -8 29 -6 -14 -2 -3 -9 -19 -16 -4 -11 -7
right_child=2 4 7 10 15 8 14 24 -10 28 16 -13 21 -15 26 -17 -18 25 -20 -21 -22 -23 -24 -25 -26 -27 -28 -29 -30 -31
leaf_value=-0.17316599869758717 0.031788521453731525 -0.032868524157174304 0.032759305302745512 -0.075717219557579429 0.014571887522916405 0.11018217213127074 -0.10585115864310038 0.2178669977613856 0.15440227509045554 0.0031603606720746222 -0.037356670611791203 -0.088536744150672003 0.20199944334716358 -0.12985414162591813 -0.13016018580635583 0.10009709897673352 0.078742785416174979 -0.050441027130425697 -0.062772447186497257 0.076556338170004276 0.051915179368549794 0.25275025355674513 0.075564241901782861 0.021263711392954243 0.2741078745234114 0.0094116536237129587 -0.085141951764250989 0.15948662127633792 0.044109103761413852 0.1963345089356755
leaf_weight=13950 10745 78344 698 28209 15850 26182 14304 4490 32616 30148 19106 61293 27022 41187 15652 4279 1266 43623 19061 14693 19567 5456 13700 4092 16115 3210 7334 6089 6742 1294
leaf_count=13950 10745 78344 698 28209 15850 26182 14304 4490 32616 30148 19106 61293 27022 41187 15652 4279 1266 43623 19061 14693 19567 5456 13700 4092 16115 3210 7334 6089 6742 1294
internal_value=4.08771e-11 -0.0559513 0.150241 -0.0875597 -0.00264287 0.107593 -0.117827 0.220927 0.124352 -0.0175601 -0.0660265 -0.0713886 0.19945 -0.140812 -0.0953364 0.0421983 -0.0301418 -0.0573823 -0.0812408 0.10111 0.0352031 0.210525 0.0563223 -0.0301815 0.261853 -0.0463386 -0.115796 0.146454 0.0106441 0.11424
internal_weight=586317 427217 159100 268195 159022 99230 111488 59870 74785 119326 156707 136335 39265 55137 56351 39696 20372 75042 33365 42169 35417 32478 24445 82436 20605 46833 22986 6787 36890 27476
internal_count=586317 427217 159100 268195 159022 99230 111488 59870 74785 119326 156707 136335 39265 55137 56351 39696 20372 75042 33365 42169 35417 32478 24445 82436 20605 46833 22986 6787 36890 27476
is_linear=0
shrinkage=0.05


Tree=10
num_leaves=31
num_cat=0
split_feature=1 1 1 1 1 9 10 10 1 1 10 1 10 10 10 7 9 10 12 12 9 9 9 12 12 10 11 5 11 11
split_gain=1.78048e+06 242221 199265 47052.7 42206.9 33740.4 33730.9 17665 15766.6 12474.4 11184 9253.67 9235.82 7862.7 6242.26 5467.7 5060.68 4785.1 4731.07 4581.29 4176.17 4056.22 4040.42 3975.23 3927.54 3786.23 3635.47 3495.82 3427.7 3416.84
threshold=34.201402664184577 37.43890571594239 30.649191856384281 32.386100769042976 39.582099914550788 29.92817306518555 0.28435654938220983 0.16705007851123813 28.093261718750004 35.675741195678718 0.53436762094497692 42.090299606323249 0.64534214138984691 0.63209757208824169 -0.71466678380966175 32.158536911010749 33.263797760009773 0.59125596284866344 16.750000000000004 14.250000000000002 38.587604522705085 36.223758697509773 40.92570877075196 13.750000000000002 16.250000000000004 -0.038721922785043709 0.90515965223312389 36.551109313964851 0.89771011471748363 -0.10737737268209456
decision_type=2 2 2 2 2 2 2 2 2 2 2 2 2 2 2 2 2 2 2 2 2 2 2 2 2 2 2 2 2 2
left_child=2 6 5 12 10 8 18 24 23 27 -3 17 15 14 -7 -4 -9 -6 -2 -10 -12 -14 -19 -1 -5 -16 -21 -8 -25 -20
right_child=1 4 3 7 11 13 9 16 19 -11 20 -13 21 -15 25 -17 -18 22 29 26 -22 -23 -24 28 -26 -27 -28 -29 -30 -31
leaf_value=-0.16818896925949611 0.042997873866668895 0.10368437038500843 -0.058492372656288573 -3.3432154805908131e-05 0.17855654832034204 -0.058540825586418946 0.063979640342982383 0.0086234328418772401 -0.12210696177069143 0.11123872423084086 0.15538581424258452 0.27121315143822849 -0.0093087967904870624 -0.0015829569687012086 -0.0985790725521489 -0.034176771241535286 0.04619830202369983 0.21213453679133065 -0.017464849823242055 -0.080159729595097109 0.1907936045253576 0.17411767089859614 0.25712975472022109 -0.10863207266074262 -0.026848343076592708 -0.069848551098595724 -0.10946531235368154 0.11907989755829029 -0.15300348102114436 0.053679950987065267
leaf_weight=13503 16666 8181 84270 20618 7277 26944 28581 18957 23875 41119 22491 9149 10859 3525 32321 31860 16994 17922 7357 21306 13224 310 6914 8242 40438 17773 21027 3201 9223 2190
leaf_count=13503 16666 8181 84270 20618 7277 26944 28581 18957 23875 41119 22491 9149 10859 3525 32321 31860 16994 17922 7357 21306 13224 310 6914 8242 40438 17773 21027 3201 9223 2190
internal_value=1.92996e-11 0.128701 -0.0589882 -0.0276539 0.190545 -0.0985319 0.0755642 -0.00142066 -0.118367 0.093055 0.156417 0.226852 -0.0476448 -0.0746062 -0.0779475 -0.0518214 0.026385 0.214213 0.0269207 -0.104593 0.168496 -0.00421772 0.224661 -0.147816 -0.0177932 -0.0883857 -0.094716 0.0695292 -0.132064 -0.00114484
internal_weight=586317 184272 402045 224306 85158 177739 99114 97007 97176 72901 43896 41262 127299 80563 77038 116130 35951 32113 26213 66208 35715 11169 24836 30968 61056 50094 42333 31782 17465 9547
internal_count=586317 184272 402045 224306 85158 177739 99114 97007 97176 72901 43896 41262 127299 80563 77038 116130 35951 32113 26213 66208 35715 11169 24836 30968 61056 50094 42333 31782 17465 9547
is_linear=0
shrinkage=0.05


Tree=11
num_leaves=31
num_cat=0
split_feature=1 1 1 1 10 10 1 7 1 1 9 9 10 1 11 12 10 11 7 11 1 9 9 9 11 1 9 5 10 12
split_gain=1.60772e+06 241351 151404 57699.6 36451.5 27669.9 17479.4 17165.2 15978.7 14801.5 12746.1 7865.87 7338.14 5952.23 5918.3 6358.05 5182.36 5318.6 5167.72 4910.45 4699.91 4643.25 4167.2 3885.6 3762.94 3742.13 3438.01 3388.16 3387.06 2950.35
threshold=34.936000823974616 31.863302230834964 38.704837799072273 29.416313171386722 0.65839549899101268 0.51973900198936474 36.990877151489265 28.910408020019535 41.300508499145515 33.350265502929695 30.75710487365723 35.140014648437507 0.53436762094497692 27.01949501037598 0.78827583789825451 14.750000000000002 0.44437406957149511 0.76663044095039379 37.071052551269538 0.30080866813659674 33.586393356323249 40.274217605590827 35.290496826171882 35.073209762573249 -0.97106409072875965 30.363330841064457 34.318099975585945 38.593587875366218 0.56314551830291759 13.750000000000002
decision_type=2 2 2 2 2 2 2 2 2 2 2 2 2 2 2 2 2 2 2 2 2 2 2 2 2 2 2 2 2 2
left_child=1 3 5 7 9 22 19 13 12 23 25 16 24 -1 15 -9 17 -12 20 27 -6 -14 -2 -3 -4 -5 -11 -7 -10 -15
right_child=2 4 8 10 18 6 -8 14 28 26 11 -13 21 29 -16 -17 -18 -19 -20 -21 -22 -23 -24 -25 -26 -27 -28 -29 -30 -31
leaf_value=-0.16061811531870257 0.029685127471349479 -0.030479044656911577 0.022658492245262254 -0.086806063207612652 0.017920365205043268 0.10276126412251352 0.14289497040975066 -0.11071923848165065 0.19302644921696543 -0.00058802242333958973 -0.047686584386309239 0.035446128931134122 0.18279054246229257 -0.13846784654605757 -0.10968842504041983 -0.059743265900948174 -0.020150508759442749 -0.078786268713847793 0.15596351400666572 0.069910067470962206 0.052729323692199639 0.22301280172674193 0.071158440616109583 0.021037404211831003 0.15030602142663471 -0.065725052728940553 0.030776901497747391 0.19883276541170813 0.25424357940315639 -0.10861626284007204
leaf_weight=12756 10218 75772 634 38547 17790 27016 31972 8709 2719 29273 52568 2736 24122 13853 21031 20552 11883 18616 933 14187 21317 10213 14873 3846 6462 46380 12454 950 13371 20564
leaf_count=12756 10218 75772 634 38547 17790 27016 31972 8709 2719 29273 52568 2736 24122 13853 21031 20552 11883 18616 933 14187 21317 10213 14873 3846 6462 46380 12454 950 13371 20564
internal_value=-2.6885e-11 -0.0500118 0.137071 -0.0790841 -0.00169853 0.0996533 0.115016 -0.109779 0.201611 -0.0153485 -0.0615614 -0.0479697 0.185189 -0.131444 -0.0894567 -0.0749153 -0.0507172 -0.0558198 0.039669 0.09387 0.0368945 0.194755 0.0542689 -0.0279905 0.138901 -0.0752934 0.00877327 0.106025 0.243899 -0.120632
internal_weight=586317 429580 156737 268195 161385 99216 74125 97465 57521 121345 170730 85803 41431 47173 50292 29261 83067 71184 40040 42153 39107 34335 25091 79618 7096 84927 41727 27966 16090 34417
internal_count=586317 429580 156737 268195 161385 99216 74125 97465 57521 121345 170730 85803 41431 47173 50292 29261 83067 71184 40040 42153 39107 34335 25091 79618 7096 84927 41727 27966 16090 34417
is_linear=0
shrinkage=0.05


Tree=12
num_leaves=31
num_cat=0
split_feature=1 1 1 1 1 10 9 10 1 1 10 10 1 11 10 9 10 12 10 12 11 9 11 7 10 13 11 9 12 12
split_gain=1.45129e+06 202948 159532 37455.3 34614.4 28988.3 27426.1 14009.7 11336.1 10652.6 9105.88 8238.5 7781.95 7554.91 7351.02 6896.17 6284.18 4778.48 4546.44 4126.79 3884.45 3826.05 3749.41 3607.91 3557.94 3361.22 3572.36 3245.96 3160.63 3136.7
threshold=34.150571823120124 37.43890571594239 30.617567062377933 32.386100769042976 39.582099914550788 0.25118774175643926 29.549729347229007 0.030120026320219043 28.242001533508304 35.760755538940437 0.54883790016174328 0.047320950776338584 42.44023513793946 0.69635042548179638 0.63209757208824169 33.052791595458991 -0.72660079598426808 16.750000000000004 0.59125596284866344 15.250000000000002 0.69635042548179638 41.308223724365241 -0.10737737268209456 38.596643447875984 -0.038721922785043709 76.750000000000014 0.78827583789825451 36.223758697509773 15.250000000000002 14.250000000000002
decision_type=2 2 2 2 2 2 2 2 2 2 2 2 2 2 2 2 2 2 2 2 2 2 2 2 2 2 2 2 2 2
left_child=2 5 6 11 10 17 8 -5 25 27 -3 13 18 -4 16 -13 19 -2 -6 -8 -9 -20 -19 -12 -18 28 -27 -7 -1 -10
right_child=1 4 3 7 12 9 14 20 29 -11 23 15 -14 -15 -16 -17 24 22 21 -21 -22 -23 -24 -25 -26 26 -28 -29 -30 -31
leaf_value=-0.1641639748424073 0.038394420196964124 0.09512815799222131 -0.043871919897505628 -0.01791509826719517 0.1616023866578537 0.055749113573941203 -0.083720964270432519 0.029882237446675591 -0.11221585392805183 0.100999945683333 0.13998112697674056 -0.03313002795774702 0.25404462305313674 -0.07880552554745468 -0.0022891624128814035 0.024448386714312511 -0.091906833275396366 -0.023770394111434917 0.19499938364925995 -0.042232346133907889 -0.0074944433110615966 0.24039550540728347 0.048626658774583831 0.17294947805611574 -0.066740449647103489 -0.089432636565513535 -0.13564597350608226 0.094133379125681704 -0.080130953323330367 -0.086367934047919481
leaf_weight=10530 16769 8618 71519 56029 7731 28330 8515 29780 18561 39709 21926 32117 6760 19751 3745 6205 39104 7222 20796 20242 9068 5975 2377 13352 21915 6034 13623 6837 1252 31925
leaf_count=10530 16769 8618 71519 56029 7731 28330 8515 29780 18561 39709 21926 32117 6760 19751 3745 6205 39104 7222 20796 20242 9068 5975 2377 13352 21915 6034 13623 6837 1252 31925
internal_value=-3.48194e-11 0.115223 -0.053706 -0.0257868 0.17211 0.0673751 -0.0894264 -0.0019165 -0.110548 0.0832519 0.141203 -0.0432627 0.204989 -0.0514316 -0.0709238 -0.0238071 -0.0737869 0.0222903 0.195378 -0.0545172 0.0211577 0.205131 -0.00584271 0.152459 -0.0828683 -0.134117 -0.12146 0.0632116 -0.155234 -0.0958708
internal_weight=586317 186402 399915 224469 85158 101244 175446 94877 81925 74876 43896 129592 41262 91270 93521 38322 89776 26368 34502 28757 38848 26771 9599 35278 61019 31439 19657 35167 11782 50486
internal_count=586317 186402 399915 224469 85158 101244 175446 94877 81925 74876 43896 129592 41262 91270 93521 38322 89776 26368 34502 28757 38848 26771 9599 35278 61019 31439 19657 35167 11782 50486
is_linear=0
shrinkage=0.05


Tree=13
num_leaves=31
num_cat=0
split_feature=1 1 1 1 10 10 9 7 1 9 9 1 1 10 10 11 11 10 10 10 12 11 13 7 9 12 10 12 11 11
split_gain=1.31134e+06 202250 119477 50397.7 29854.7 21711.2 18024.4 13595.7 13239 10670.5 8509.32 8319.39 7198.09 6288.85 6010.81 7308.96 4831 4755.31 4375.4 3633.54 3404.75 5391.07 3379.08 3360.69 3263.02 3234.28 3123.08 2786.72 2880.89 2783.4
threshold=35.004354476928718 31.961493492126468 38.704837799072273 29.916902542114261 0.16705007851123813 0.51973900198936474 30.309617042541507 37.071052551269538 41.098293304443366 33.637870788574226 34.147552490234382 28.015341758728031 33.487640380859382 0.28435654938220983 0.44437406957149511 0.56312987208366405 0.26780438423156744 0.72066047787666332 0.60505047440528881 -0.71466678380966175 14.750000000000002 0.89771011471748363 77.750000000000014 37.625789642333991 35.749763488769538 14.750000000000002 0.59125596284866344 14.250000000000002 0.90515965223312389 0.72064045071601879
decision_type=2 2 2 2 2 2 2 2 2 2 2 2 2 2 2 2 2 2 2 2 2 2 2 2 2 2 2 2 2 2
left_child=1 3 5 6 12 24 11 16 13 17 14 20 29 -4 15 22 25 -6 19 -8 -1 -22 -5 -11 -2 -7 -10 -13 -29 -3
right_child=2 4 8 10 9 7 18 -9 26 23 -12 27 -14 -15 -16 -17 -18 -19 -20 -21 21 -23 -24 -25 -26 -27 -28 28 -30 -31
leaf_value=-0.14246039592080129 0.03063774519902774 -0.023352781254914641 0.058426406488307582 -0.060538632605269406 -0.010393385493036873 0.078931051493472543 -0.048261329542656176 0.1325366691964559 0.17803815807140624 0.045515534751578275 0.010359666147165821 -0.10867514011028778 0.0033904417368580651 0.1694108338347734 -0.027132219694209977 -0.070533211672904425 0.065545799582903602 0.027066929460806428 0.010062550316902357 -0.080862753647233873 -0.074860232062619422 -0.13552476666192273 -0.037375214000797359 0.11221357925954777 0.067476445355025533 0.11286714428184641 0.22796359529093074 -0.070988517017408478 -0.099496311877833588 -0.062062190286247314
leaf_weight=16376 11421 60069 1321 25137 16634 11399 13561 27458 4004 26089 5498 22006 29607 37806 19349 55574 15712 17265 1847 23114 6422 8522 42138 2036 12690 18280 14390 16789 18770 5033
leaf_count=16376 11421 60069 1321 25137 16634 11399 13561 27458 4004 26089 5498 22006 29607 37806 19349 55574 15712 17265 1847 23114 6422 8522 42138 2036 12690 18280 14390 16789 18770 5033
internal_value=5.69997e-11 -0.0447239 0.125021 -0.0705516 0.000609905 0.0911529 -0.0935934 0.104765 0.182111 0.0275756 -0.0506751 -0.105974 -0.0170497 0.165664 -0.053035 -0.0571147 0.0879646 0.00868542 -0.0650264 -0.068808 -0.126712 -0.109455 -0.0460301 0.0503439 0.0500265 0.0998331 0.217096 -0.0946908 -0.0860365 -0.0263454
internal_weight=586317 431836 154481 275103 156733 96960 127407 72849 57521 62024 147696 88885 94709 39127 142198 122849 45391 33899 38522 36675 31320 14944 67275 28125 24111 29679 18394 57565 35559 65102
internal_count=586317 431836 154481 275103 156733 96960 127407 72849 57521 62024 147696 88885 94709 39127 142198 122849 45391 33899 38522 36675 31320 14944 67275 28125 24111 29679 18394 57565 35559 65102
is_linear=0
shrinkage=0.05


Tree=14
num_leaves=31
num_cat=0
split_feature=1 1 1 1 1 10 7 10 1 1 10 11 9 13 1 10 11 10 12 12 10 11 7 10 11 5 9 10 10 11
split_gain=1.18421e+06 174701 124608 29611.7 28561 25635.9 21351.5 11015.5 9215.18 8501.67 8366.2 7438.28 7168.6 5859.91 5739.87 5083.77 5075.77 4794.34 4617.33 4001.99 3950.9 3839.43 3423.56 3271.96 3189.47 3117.81 3111.85 3070.29 2973.7 2923.24
threshold=34.042966842651374 37.43890571594239 30.491027832031254 32.317893981933601 39.852291107177741 0.25118774175643926 29.242291450500492 0.030120026320219043 35.605012893676765 28.093261718750004 0.49002411961555487 0.78827583789825451 34.091625213623054 77.750000000000014 42.860454559326179 0.44437406957149511 0.57727023959159862 0.098819226026535048 16.750000000000004 15.250000000000002 0.59125596284866344 -0.10737737268209456 38.596643447875984 -0.012910176534205673 0.69635042548179638 37.832620620727546 41.532588958740241 0.96460527181625377 -0.15005400776863095 0.41326330602169042
decision_type=2 2 2 2 2 2 2 2 2 2 2 2 2 2 2 2 2 2 2 2 2 2 2 2 2 2 2 2 2 2
left_child=2 5 6 12 10 18 9 -5 -7 -1 -3 13 15 19 20 16 -4 -13 -2 -8 -6 -20 -12 28 -9 27 -22 -10 29 -15
right_child=1 4 3 7 14 8 11 24 25 -11 22 17 -14 23 -16 -17 -18 -19 21 -21 26 -23 -24 -25 -26 -27 -28 -29 -30 -31
leaf_value=-0.12423345239542034 0.034678508908243852 0.080328212252682607 -0.039028394844165523 -0.017932821234814753 0.1485751547156971 0.054799789375549017 -0.094895157123668472 0.025260240195197937 0.073533717515183852 -0.088955966586803409 0.12666786886737907 -0.096953423414339435 0.010105789732818445 -0.033904141551506749 0.24214589730622885 -0.020267849288812423 -0.061430779812442271 -0.060676592159334734 -0.024349405533963427 -0.053228781856187082 0.18125769888158569 0.043196151121120456 0.15573251283832368 0.0020658653563217617 -0.0083389896763186779 0.12523299464034773 0.22319357063222722 0.10290688346735133 -0.11508380523537282 -0.070983129397229797
leaf_weight=28412 17965 7116 66335 57121 7084 33734 11761 28321 23620 42814 23859 24670 6629 20454 4448 20280 40858 14438 8012 11300 19302 2853 17610 3793 9410 5392 5739 14272 1533 7182
leaf_count=28412 17965 7116 66335 57121 7084 33734 11761 28321 23620 42814 23859 24670 6629 20454 4448 20280 40858 14438 8012 11300 19302 2853 17610 3793 9410 5392 5739 14272 1533 7182
internal_value=5.94113e-11 0.102227 -0.0493938 -0.0254651 0.155539 0.0593358 -0.0823265 -0.00408442 0.0743907 -0.103028 0.130415 -0.0668268 -0.040588 -0.0551454 0.188913 -0.0432242 -0.0475674 -0.0835606 0.0191173 -0.0744784 0.181542 -0.00661287 0.13901 -0.0416196 0.0168807 0.0896592 0.190869 0.0845971 -0.0473002 -0.0435402
internal_weight=586317 191006 395311 228954 85158 105848 166357 94852 77018 71226 48585 95131 134102 56023 36573 127473 107193 39108 28830 23061 32125 10865 41469 32962 37731 43284 25041 37892 29169 27636
internal_count=586317 191006 395311 228954 85158 105848 166357 94852 77018 71226 48585 95131 134102 56023 36573 127473 107193 39108 28830 23061 32125 10865 41469 32962 37731 43284 25041 37892 29169 27636
is_linear=0
shrinkage=0.05


Tree=15
num_leaves=31
num_cat=0
split_feature=1 1 1 7 1 1 1 10 10 1 10 10 9 11 10 12 10 9 10 13 11 9 11 13 13 12 5 12 11 11
split_gain=1.06974e+06 169044 94626 33311.2 33088.5 18767.8 16519.9 11972 9245.69 9129.38 7417.74 7366.9 7194.8 4854.53 5500.87 4708.46 4554.52 4383.77 4284.17 4063.51 3911.9 3470.28 3368.52 2955.37 2779.75 2776.86 2714.82 2613.54 4131.42 2611.93
threshold=35.073339462280281 31.518439292907718 38.944627761840827 30.20611667633057 33.305685043334968 36.816589355468757 28.911581993103031 0.30081701278686529 0.030120026320219043 41.300508499145515 0.56314551830291759 0.56314551830291759 35.290496826171882 0.77756834030151378 -0.22611359506845471 13.750000000000002 0.25118774175643926 32.96919250488282 -0.71466678380966175 81.250000000000014 0.79874977469444286 37.072944641113288 0.54882264137268078 78.250000000000014 76.750000000000014 14.750000000000002 37.630662918090827 16.750000000000004 -0.14153505116701123 -0.74979865550994862
decision_type=2 2 2 2 2 2 2 2 2 2 2 2 2 2 2 2 2 2 2 2 2 2 2 2 2 2 2 2 2 2
left_child=1 3 5 6 8 10 15 27 18 16 -2 -7 13 23 -15 24 -4 -10 -3 -17 -21 -9 -13 -5 -1 -8 -12 -6 -29 -20
right_child=2 4 9 12 7 11 25 21 17 -11 26 22 -14 14 -16 19 -18 -19 29 20 -22 -23 -24 -25 -26 -27 -28 28 -30 -31
leaf_value=-0.14059032875059013 0.035563041935540933 -0.02209024445343059 0.028909989060788139 -0.053494341300258777 0.015383516468240635 0.069569595248639191 -0.083111392142383028 0.038355662252181205 -0.013450332944839586 0.19946589164705741 0.073195941081068625 0.12004460275733618 0.042047319609146067 -0.088675151197994684 -0.049239770803874788 -0.08132333215309788 0.15678574774907172 0.022024638737417664 -0.034772918519779435 -0.056692334200424757 -0.13039758365261009 0.10106395253647293 0.026365949274377593 -0.033414300898915575 -0.1048725257525772 -0.062344562516883542 0.12951808756461997 -0.027879088641262397 0.020051862404116595 -0.065559651450501577
leaf_weight=11407 15732 49624 710 32972 19076 10075 24162 32676 25240 16090 32977 37238 2177 14389 22943 22543 36128 13296 18682 2195 10010 2366 985 41247 10426 48228 2288 12500 7021 10914
leaf_count=11407 15732 49624 710 32972 19076 10075 24162 32676 25240 16090 32977 37238 2177 14389 22943 22543 36128 13296 18682 2195 10010 2366 985 41247 10426 48228 2288 12500 7021 10914
internal_value=8.9261e-11 -0.0399936 0.11405 -0.0677018 -0.00485812 0.0852682 -0.0850966 0.0214313 -0.0212983 0.168045 0.0641135 0.107605 -0.0479756 -0.0497325 -0.0644395 -0.105338 0.154321 -0.00121047 -0.0310698 -0.0939044 -0.117142 0.0425897 0.117631 -0.0423349 -0.123534 -0.069276 0.0768501 0.00222171 -0.0106401 -0.046126
internal_weight=586317 434094 152223 242699 191395 99295 128971 73639 117756 52928 50997 48298 113728 111551 37332 56581 36838 38536 79220 34748 12205 35042 38223 74219 21833 72390 35265 38597 19521 29596
internal_count=586317 434094 152223 242699 191395 99295 128971 73639 117756 52928 50997 48298 113728 111551 37332 56581 36838 38536 79220 34748 12205 35042 38223 74219 21833 72390 35265 38597 19521 29596
is_linear=0
shrinkage=0.05


Tree=16
num_leaves=31
num_cat=0
split_feature=1 1 1 5 1 10 9 10 10 9 10 1 10 1 10 7 1 12 12 11 12 7 11 10 5 10 12 11 10 10
split_gain=965812 146101 100312 23608 23554.9 21767.2 17617 8942.19 8722.03 7957.26 7324.26 6346.71 5569.94 5255.15 5080.46 4688.07 4629.67 4235.57 3944.25 3577.89 3262.53 3236.93 3179.39 3162.82 3085.13 3591.37 2803.49 3329.46 2756.68 2659.16
threshold=33.98988342285157 37.43890571594239 30.458729743957523 32.628030776977546 39.992656707763679 0.21772121638059619 29.202995300292972 0.64534214138984691 0.15005400776863101 35.595941543579109 0.49002411961555487 27.419076919555668 0.63209757208824169 32.057044982910163 -0.72660079598426808 36.46382141113282 42.860454559326179 15.750000000000002 14.750000000000002 -0.10737737268209456 17.250000000000004 38.707733154296882 -0.10737737268209456 0.59125596284866344 38.256908416748054 0.94130858778953563 14.250000000000002 0.98927757143974315 -0.021515898406505581 0.96460527181625377
decision_type=2 2 2 2 2 2 2 2 2 2 2 2 2 2 2 2 2 2 2 2 2 2 2 2 2 2 2 2 2 2
left_child=2 5 6 7 10 17 11 13 20 29 -3 -1 14 -4 18 -10 23 -2 -8 -19 -5 -12 -22 -6 25 -11 -13 -28 -16 -7
right_child=1 4 3 8 16 9 12 -9 15 24 21 26 -14 -15 28 -17 -18 19 -20 -21 22 -23 -24 -25 -26 -27 27 -29 -30 -31
leaf_value=-0.12119208286172085 0.03525695174548487 0.072895370928599865 -0.045013666721662959 0.00012905890413774667 0.13469083779677721 0.043062542383288778 -0.075663861309332558 0.0017975437973218487 0.016179792159525152 0.063848495046823175 0.11528712815124871 -0.09972319712988853 0.00026902622207665395 -0.024435744601671791 -0.078816316394539954 0.087759167552973125 0.22006529475911521 -0.017874869413301925 -0.034250790847745509 0.037909027279267177 -0.042782647878285701 0.14303073493324667 -0.004631071336498589 0.17400625869962139 0.1224974074205698 0.095921058201086706 -0.066972086467721001 -0.10834116485458406 -0.057269310202512171 0.073356824983536226
leaf_weight=16817 14235 7402 96232 22934 6551 29608 8010 15346 23775 20672 25545 20780 3543 45788 42429 2531 4448 10784 20373 3919 12955 17867 9440 23345 4240 15107 23055 6164 22832 9590
leaf_count=16817 14235 7402 96232 22934 6551 29608 8010 15346 23775 20672 25545 20780 3543 45788 42429 2531 4448 10784 20373 3919 12955 17867 9440 23345 4240 15107 23055 6164 22832 9590
internal_value=-1.58293e-13 0.0914994 -0.0450072 -0.0236298 0.140486 0.0529288 -0.074857 -0.0344613 0.000164533 0.0664861 0.118867 -0.0946209 -0.0612693 -0.0383792 -0.0635976 0.0230667 0.172472 0.0158161 -0.045938 -0.00300599 -0.0131264 0.126706 -0.0267009 0.165391 0.0821696 0.0773905 -0.0856838 -0.0756993 -0.071278 0.0504742
internal_weight=586317 193313 393004 229001 85158 108155 164003 157366 71635 79217 50814 66816 97187 142020 93644 26306 34344 28938 28383 14703 45329 43412 22395 29896 40019 35779 49999 29219 65261 39198
internal_count=586317 193313 393004 229001 85158 108155 164003 157366 71635 79217 50814 66816 97187 142020 93644 26306 34344 28938 28383 14703 45329 43412 22395 29896 40019 35779 49999 29219 65261 39198
is_linear=0
shrinkage=0.05


Tree=17
num_leaves=31
num_cat=0
split_feature=1 1 3 1 10 10 9 5 5 1 7 10 1 9 10 11 9 12 11 10 12 13 11 11 11 1 9 10 12 13
split_gain=873286 141875 74788.8 34877.8 22298.9 14684.6 11705.1 10034.7 9240.95 8727.4 6828.92 6022.52 5312.56 4670.09 4467 4999.06 3590.11 3287.52 3276.84 3177.59 2865.52 4215.67 4055.37 2749.8 2726.46 2634.5 2628.9 2557.76 2541.87 2494.79
threshold=35.144378662109382 31.961493492126468 38.588819503784187 29.769675254821781 0.64534214138984691 0.54883790016174328 30.309617042541507 40.913448333740241 33.638193130493171 37.174047470092781 32.705022811889656 0.54883790016174328 27.01949501037598 36.807399749755866 0.42888796329498297 0.57727023959159862 36.63084793090821 14.250000000000002 -0.97502842545509327 0.60505047440528881 14.250000000000002 80.750000000000014 0.76663044095039379 0.28434865176677709 0.30080866813659674 33.085266113281257 37.630399703979499 -0.71466678380966175 15.250000000000002 80.750000000000014
decision_type=2 2 2 2 2 2 2 2 2 2 2 2 2 2 2 2 2 2 2 2 2 2 2 2 2 2 2 2 2 2
left_child=1 3 5 6 8 -2 12 11 25 24 14 18 -1 17 15 -5 -12 -6 -4 27 -14 -22 -23 -19 -7 -3 -10 -8 -13 -30
right_child=2 4 7 10 13 9 19 -9 26 -11 16 28 20 -15 -16 -17 -18 23 -20 -21 21 22 -24 -25 -26 -27 -28 -29 29 -31
leaf_value=-0.11487234336887736 0.040126467761255162 -0.025142443666471614 -0.013804310752311722 -0.039700252898670602 0.0090957748280979366 0.080958298327397926 -0.038568505639085336 0.17615528654706469 0.0086286893509819849 0.1088456050348065 -0.018147861219351382 0.109036578020817 -0.094492524292592986 0.1117061373853447 -0.023489075772411407 -0.060120487134744494 0.080977179717625025 0.068318817855181693 0.10285134386696337 0.014513518845550473 -0.059667001761895516 -0.046643189831397952 -0.10493311215136077 0.030237920434575745 0.052982158960888252 -0.0065576950751507039 0.064091012204567741 -0.067581107578259469 0.15549201928600651 0.11567753624480211
leaf_weight=15234 22186 55099 660 63014 14405 28226 12027 20321 30771 27302 16492 4839 28139 1756 19284 57157 967 6057 6848 1636 23030 3816 13684 21811 12595 29161 2296 20623 22094 4787
leaf_count=15234 22186 55099 660 63014 14405 28226 12027 20321 30771 27302 16492 4839 28139 1756 19284 57157 967 6057 6848 1636 23030 3816 13684 21811 12595 29161 2296 20623 22094 4787
internal_value=-2.11021e-11 -0.0357561 0.104139 -0.0575882 0.00146645 0.0754564 -0.0781017 0.147638 -0.00992002 0.0869624 -0.0421373 0.132865 -0.0881603 0.0318087 -0.045828 -0.0494127 -0.0126576 0.0284898 0.0925966 -0.0534867 -0.0822344 -0.0737238 -0.0922226 0.0385147 0.0723265 -0.0187106 0.0124797 -0.056894 0.142397 0.148402
internal_weight=586317 436459 149858 275103 161356 90309 118189 59549 117327 68123 156914 39228 83903 44029 139455 120171 17459 42273 7508 34286 68669 40530 17500 27868 40821 84260 33067 32650 31720 26881
internal_count=586317 436459 149858 275103 161356 90309 118189 59549 117327 68123 156914 39228 83903 44029 139455 120171 17459 42273 7508 34286 68669 40530 17500 27868 40821 84260 33067 32650 31720 26881
is_linear=0
shrinkage=0.05


Tree=18
num_leaves=31
num_cat=0
split_feature=1 3 1 5 10 1 9 1 10 1 10 10 7 1 10 1 9 9 12 12 10 11 10 10 11 13 11 12 10 10
split_gain=788304 119554 82102.4 20312.3 20249.4 17109 14095.2 9202.87 8035.03 7219.84 6686.02 6208.75 4331.36 3956.61 3761.08 3737.08 3614.18 3500.7 3162.63 3134.65 2952.93 2861.41 2415.26 2401.99 2379.37 2276.79 3299.34 2633.02 2164.41 2127.05
threshold=33.98988342285157 37.635828018188484 30.363330841064457 32.414970397949226 0.56314551830291759 40.138969421386726 30.243875503540043 35.989843368530281 0.15005400776863101 28.635541915893558 0.64534214138984691 0.51973900198936474 36.302387237548835 32.151718139648445 0.60505047440528881 42.860454559326179 34.680843353271491 40.92570877075196 16.250000000000004 13.250000000000002 -0.71466678380966175 -0.10737737268209456 -0.66484925150871266 0.59125596284866344 -0.97502842545509327 81.250000000000014 0.78827583789825451 14.750000000000002 0.95992380380630504 0.44437406957149511
decision_type=2 2 2 2 2 2 2 2 2 2 2 2 2 2 2 2 2 2 2 2 2 2 2 2 2 2 2 2 2 2
left_child=2 4 6 10 16 11 9 28 18 19 13 24 -10 -4 20 23 -2 -13 -5 -1 -8 -20 -23 -7 -3 27 -27 -21 -6 -14
right_child=1 5 3 8 7 15 14 -9 12 -11 -12 17 29 -15 -16 -17 -18 -19 21 25 -22 22 -24 -25 -26 26 -28 -29 -30 -31
leaf_value=-0.11349080339459919 0.0069263879080795343 0.011536548370826807 -0.041179226399874133 0.0029351712691626126 0.04048812999061055 0.12281641100691346 -0.036068506130528442 0.083801093380449332 0.012515209099591416 -0.067552277735475771 0.00044211060154710424 0.11477963130229954 0.037277646474495912 -0.021792368199641751 0.0075604369858118864 0.20033826940398158 0.036762056019919796 0.16961606745635371 -0.035000920493568136 -0.096641585521239123 -0.060476827278332146 0.00078106080158895372 -0.06087095926340811 0.1587250310528886 0.083876130515765063 -0.039756832277872863 -0.11760540848861517 -0.061172631074733967 0.067031227072185395 0.12534816201952931
leaf_weight=14640 21045 1335 102654 18657 26606 5949 19550 35079 27048 54999 13676 36184 1471 35391 2835 4448 19607 3165 19978 9106 33840 13697 1797 21445 7653 1622 8459 12300 10797 1284
leaf_count=14640 21045 1335 102654 18657 26606 5949 19550 35079 27048 54999 13676 36184 1471 35391 2835 4448 19607 3165 19978 9106 33840 13697 1797 21445 7653 1622 8459 12300 10797 1284
internal_value=2.82349e-11 0.0826644 -0.0406614 -0.021987 0.0495623 0.129372 -0.0686288 0.0654041 -0.00225039 -0.0797872 -0.0329053 0.110626 0.0185986 -0.036209 -0.0485592 0.157829 0.0213165 0.11919 -0.0137297 -0.0943755 -0.0515391 -0.0224948 -0.00636936 0.150927 0.0731314 -0.0854877 -0.10508 -0.0762609 0.0481502 0.0783239
internal_weight=586317 193313 393004 235653 113134 80179 157351 72482 83932 101126 151721 48337 29803 138045 56225 31842 40652 39349 54129 46127 53390 35472 15494 27394 8988 31487 10081 21406 37403 2755
internal_count=586317 193313 393004 235653 113134 80179 157351 72482 83932 101126 151721 48337 29803 138045 56225 31842 40652 39349 54129 46127 53390 35472 15494 27394 8988 31487 10081 21406 37403 2755
is_linear=0
shrinkage=0.05


Tree=19
num_leaves=31
num_cat=0
split_feature=1 1 1 1 10 10 7 9 5 9 3 9 12 11 10 9 11 13 11 12 10 11 10 11 10 10 13 5 13 7
split_gain=712454 115792 61759.1 29711.1 17671.6 11740.2 8682.76 8353.37 8201.01 6788.04 6619.48 5090.89 4574.92 4354.63 4256.16 4185.36 3841.37 3769.16 3861.66 3043.8 2894.33 3563.4 2890.33 4115.8 2879.85 2832.28 2773.96 2723.5 2551.81 2461.91
threshold=35.144378662109382 32.024335861206062 38.944627761840827 29.247341156005863 0.16705007851123813 0.56314551830291759 31.065237998962406 37.630399703979499 29.765364646911625 33.731683731079109 41.103919982910163 35.669494628906257 16.250000000000004 -0.14153505116701123 0.59125596284866344 27.834531784057621 0.26780438423156744 78.250000000000014 0.38167507946491247 14.750000000000002 0.50495636463165294 0.75546532869339 0.28435654938220983 0.56312987208366405 -0.66484925150871266 0.72066047787666332 81.250000000000014 38.709918975830085 77.750000000000014 37.625789642333991
decision_type=2 2 2 2 2 2 2 2 2 2 2 2 2 2 2 2 2 2 2 2 2 2 2 2 2 2 2 2 2 2
left_child=1 3 5 8 12 27 22 16 15 25 14 20 17 -14 -4 -1 19 -3 -19 -7 21 -8 23 28 -15 -6 -21 -2 -5 -11
right_child=2 4 10 6 9 7 11 -9 -10 29 -12 -13 13 24 -16 -17 -18 18 -20 26 -22 -23 -24 -25 -26 -27 -28 -29 -30 -31
leaf_value=-0.10206014320353221 0.033806570028951183 -0.022914679159962287 0.092194764341020613 -0.055314729999355966 -0.0078009894562621022 0.059467510199359086 -0.027361057240118017 0.10749108779465329 -0.049020069809283653 0.035901401284762623 0.16219654584100432 0.04712739042837831 -0.03188784885549286 0.00085808981590450469 0.13415467123708497 -0.075435178551833335 0.04888395893371901 0.023141669577887193 -0.032879718986484098 0.10443732217784213 -0.0050204653142377825 -0.053767258287636649 -0.032755151706002766 -0.064012573157315192 -0.053799343419857884 0.020817248119699726 0.069305169433071509 0.080610461902215325 -0.031081398039902931 0.091024173917608628
leaf_weight=22110 21171 9714 7768 20619 16342 13105 52211 20567 21918 27133 17937 2188 33847 23527 27223 44403 15394 19339 3658 13346 9982 16915 20560 45802 2685 18357 9704 3643 22960 2189
leaf_count=22110 21171 9714 7768 20619 16342 13105 52211 20567 21918 27133 17937 2188 33847 23527 27223 44403 15394 19339 3658 13346 9982 16915 20560 45802 2685 18357 9704 3643 22960 2189
internal_value=2.48735e-11 -0.0322961 0.0940619 -0.0515792 0.00209911 0.070343 -0.040497 0.0805503 -0.075545 0.0223055 0.1375 -0.0281074 -0.0118454 -0.0200398 0.12484 -0.0842857 0.0698015 0.00319983 0.0142307 0.0787078 -0.0301883 -0.0338226 -0.0496586 -0.0535468 -0.00474069 0.00733907 0.0896468 0.040678 -0.0425472 0.0400165
internal_weight=586317 436459 149858 279668 156791 96930 191237 72116 88431 64021 52928 81296 92770 60059 34991 66513 51549 32711 22997 36155 79108 69126 109941 89381 26212 34699 23050 24814 43579 29322
internal_count=586317 436459 149858 279668 156791 96930 191237 72116 88431 64021 52928 81296 92770 60059 34991 66513 51549 32711 22997 36155 79108 69126 109941 89381 26212 34699 23050 24814 43579 29322
is_linear=0
shrinkage=0.05


Tree=20
num_leaves=31
num_cat=0
split_feature=5 1 3 1 9 10 5 1 10 7 10 10 10 10 10 1 12 9 1 1 9 11 9 12 11 10 11 13 11 13
split_gain=643877 86504.4 78416.3 21570.8 17217.1 14840.9 11274.5 8909.54 7537.65 6904.61 6274.04 5002.21 4553.97 3493.54 4275.28 2969.95 2842.06 2689.76 2503.21 2497.23 2433.3 2358.57 2218.34 2163.69 2362.79 2330.03 2161.03 2149.49 2143.87 2085.67
threshold=34.491258621215827 31.207975387573246 38.032285690307624 33.260351181030281 30.21013164520264 0.5772862732410432 40.587638854980476 28.750182151794437 0.21772121638059619 36.719482421875007 0.54883790016174328 0.030120026320219043 -0.71466678380966175 0.44437406957149511 -0.71466678380966175 35.989843368530281 13.250000000000002 38.940244674682624 35.448331832885749 42.860454559326179 36.302303314208991 0.91234096884727489 32.036619186401374 14.750000000000002 0.56312987208366405 0.15005400776863101 -0.97502842545509327 76.750000000000014 0.26780438423156744 81.250000000000014
decision_type=2 2 2 2 2 2 2 2 2 2 2 2 2 2 2 2 2 2 2 2 2 2 2 2 2 2 2 2 2 2
left_child=1 4 5 11 7 20 10 16 -5 15 26 12 22 14 28 -7 27 -12 -10 -8 -2 -13 -3 -9 -25 -26 -4 -1 -6 -18
right_child=2 3 6 8 13 9 19 23 18 -11 17 21 -14 -15 -16 -17 29 -19 -20 -21 -22 -23 -24 24 25 -27 -28 -29 -30 -31
leaf_value=-0.11828664544343473 0.01591910925787381 -0.027831098854736804 0.0002151035362651827 -0.0018639167625578608 -0.020590493287791393 0.042557014408234221 0.1410746830967026 -0.06859566214281386 0.026733865808610691 0.087990386070863222 0.10307189993835925 -0.0014795835973783953 -0.041947441073212854 -0.012545688334691555 -0.052312763235494289 0.068687306904165024 -0.067904992102560152 0.12992194641511753 0.067898139939602947 0.1829259222171544 0.044037660605248233 -0.034411957670449973 -0.0079896416616279855 -0.035075787634902385 -0.06862112453953681 -0.038975818339904371 0.07791265780042142 -0.080415208082652845 -0.046592522717737936 -0.0945858927736732
leaf_weight=8932 22010 31610 1007 33609 22732 23728 20603 25599 25110 23797 19898 34495 34769 10432 51630 20074 22851 17558 4330 4310 11829 6454 25412 16182 19994 9915 8041 6454 12172 10780
leaf_count=8932 22010 31610 1007 33609 22732 23728 20603 25599 25110 23797 19898 34495 34769 10432 51630 20074 22851 17558 4330 4310 11829 6454 25412 16182 19994 9915 8041 6454 12172 10780
internal_value=-3.085e-12 -0.0338788 0.0810368 -0.00976426 -0.055569 0.0527793 0.121173 -0.0681725 0.0143165 0.0663106 0.106632 -0.0212022 -0.0276851 -0.0398797 -0.0431749 0.0545323 -0.0846006 0.115658 0.0327883 0.148315 0.0257484 -0.00667008 -0.0189887 -0.0569401 -0.0504665 -0.0587935 0.0692653 -0.102401 -0.0296581 -0.0764572
internal_weight=586317 413462 172855 195789 217673 101438 71417 120707 63049 67599 46504 132740 91791 96966 86534 43802 49017 37456 29440 24913 33839 40949 57022 71690 46091 29909 9048 15386 34904 33631
internal_count=586317 413462 172855 195789 217673 101438 71417 120707 63049 67599 46504 132740 91791 96966 86534 43802 49017 37456 29440 24913 33839 40949 57022 71690 46091 29909 9048 15386 34904 33631
is_linear=0
shrinkage=0.05


Tree=21
num_leaves=31
num_cat=0
split_feature=1 1 1 1 9 10 9 10 1 9 7 10 12 5 10 1 12 11 10 10 10 9 10 11 10 10 5 12 10 12
split_gain=581964 90851.6 60004.3 16535 16299.2 12438 9859.33 6475.05 6437.36 4542.38 4456.65 4432.9 4209.57 4188.34 3924.48 3674.7 3329.12 4114.76 2559.87 2544.66 2486.57 2365.77 2290.61 3336.93 2227.59 2224.43 2478.04 2133.69 3660.36 2935.23
threshold=33.938793182373054 37.263736724853523 30.199495315551761 39.321441650390632 32.891977310180671 0.21772121638059619 28.745961189270023 0.047320950776338584 32.151718139648445 35.212045669555671 41.799314498901374 -0.70252096652984608 16.250000000000004 31.173068046569828 0.56314551830291759 26.678178787231449 17.250000000000004 -0.10737737268209456 0.59125596284866344 0.44437406957149511 0.72066047787666332 37.933809280395515 0.42888796329498297 0.56312987208366405 0.44437406957149511 0.94130858778953563 38.593587875366218 14.750000000000002 -0.72660079598426808 17.750000000000004
decision_type=2 2 2 2 2 2 2 2 2 2 2 2 2 2 2 2 2 2 2 2 2 2 2 2 2 2 2 2 2 2
left_child=2 5 6 14 8 16 15 11 22 -7 18 -6 -13 19 -3 -1 -2 -18 -5 27 -10 -9 23 -4 -23 26 -11 -8 -29 -30
right_child=1 3 4 10 7 9 13 21 20 25 -12 12 -14 -15 -16 -17 17 -19 -20 -21 -22 24 -24 -25 -26 -27 -28 28 29 -31
leaf_value=-0.10870011315250755 0.023162998649002661 0.056095672292620295 -0.028832032236673945 0.093692895000578313 0.0030531469318124029 0.035868383647004502 -0.070892496566105689 0.01756927628524704 -0.017820483430252557 0.046580350469909909 0.15709551894746285 0.001998925563897312 -0.055000376061503764 -0.028674488041304198 0.093105278818692683 -0.072575129769090321 -0.034871646197834331 0.035994114941763959 0.12683120725051342 -0.023265361519208789 0.012918778667705313 0.038415871571267191 -0.018008065362955444 -0.046681635280170219 0.16019073853172935 0.074243757678775155 0.10460363740626465 -0.028718955433962481 -0.042536308767643895 -0.071033209488970905
leaf_weight=8507 20389 9033 58819 7351 20674 33009 23777 23810 52086 23560 10465 5195 8604 16842 34600 40810 6533 2984 28123 5490 7530 1136 19198 47191 561 17517 1996 12079 14519 23929
leaf_count=8507 20389 9033 58819 7351 20674 33009 23777 23810 52086 23560 10465 5195 8604 16842 34600 40810 6533 2984 28123 5490 7530 1136 19198 47191 561 17517 1996 12079 14519 23929
internal_value=2.98091e-11 0.070415 -0.0352402 0.107486 -0.0201114 0.0390855 -0.0606155 0.00253608 -0.0274611 0.0498243 0.128423 -0.0115951 -0.0335415 -0.0513319 0.0854435 -0.0788066 0.0117655 -0.0126521 0.119964 -0.0561141 -0.0139379 0.0216345 -0.0338999 -0.0367779 0.0786726 0.0605193 0.0511121 -0.0585412 -0.0527289 -0.060272
internal_weight=586317 195560 390757 89572 244804 105988 145953 59980 184824 76082 45939 34473 13799 96636 43633 49317 29906 9517 35474 79794 59616 25507 125208 106010 1697 43073 25556 74304 50527 38448
internal_count=586317 195560 390757 89572 244804 105988 145953 59980 184824 76082 45939 34473 13799 96636 43633 49317 29906 9517 35474 79794 59616 25507 125208 106010 1697 43073 25556 74304 50527 38448
is_linear=0
shrinkage=0.05


Tree=22
num_leaves=31
num_cat=0
split_feature=1 1 1 1 10 12 11 10 7 5 13 7 13 7 9 10 11 10 10 11 10 10 11 1 10 11 12 12 11 10
split_gain=525867 89792.8 42369.1 22856 14054.5 8530.02 8304.94 8039.14 6237.4 5414.11 5128.6 4857.04 4613.03 4356.71 4009.5 3006.74 2950.87 2764.3 2728.53 4470.46 2677.43 3110.59 2593.42 2538.56 2527.39 2984.42 2524.97 2511.34 2301.79 2270.65
threshold=35.297071456909187 32.057044982910163 39.068861007690437 29.953510284423832 0.59125596284866344 14.250000000000002 0.90515965223312389 0.56314551830291759 37.625789642333991 33.985527038574226 80.250000000000014 41.314598083496101 77.250000000000014 32.741704940795906 35.907562255859382 0.26781183481216436 0.26780438423156744 -0.012910176534205673 1.0000000180025095e-35 -0.98798605799674977 -0.72660079598426808 -0.42888796329498285 -0.72658059000968922 26.678178787231449 0.44437406957149511 0.57727023959159862 14.750000000000002 13.750000000000002 0.69635042548179638 0.59125596284866344
decision_type=2 2 2 2 2 2 2 2 2 2 2 2 2 2 2 2 2 2 2 2 2 2 2 2 2 2 2 2 2 2
left_child=1 3 7 5 9 12 18 -2 16 -3 -8 15 23 24 27 -4 26 -15 19 -7 -21 -22 -16 -1 25 -5 -9 -6 -29 -13
right_child=2 4 11 13 14 6 10 8 -10 -11 -12 29 -14 17 22 -17 -18 -19 -20 20 21 -23 -24 -25 -26 -27 -28 28 -30 -31
leaf_value=-0.12440743680121401 0.037387699166424086 -0.01321339745244225 0.01448783624246017 -0.029359912794538107 0.0011494871113515487 -0.11406642761856869 -0.050875172791891132 0.050823556282726813 0.093125380542823696 0.013112927241126638 -0.08990653886612307 0.1113671088985153 -0.057773106605316073 -0.022297750860512763 0.17939408536265883 0.11180662377217361 0.041604428521060277 0.018939745986940208 -0.0093718146868663251 -0.025095259382391891 -0.062367130595944509 -0.023766110106034063 0.056479472233083632 -0.08364252749763737 -0.017013563544386521 -0.045465417133224509 0.078851049760940803 0.034405846248755083 0.0013717667800805108 0.155763344064277
leaf_weight=4652 23421 84263 812 62283 12302 2083 17372 12468 22224 25421 16325 3944 17573 11476 478 35169 13814 6292 7193 19113 16488 7636 4199 21329 18759 53448 22605 25876 6623 10676
leaf_count=4652 23421 84263 812 62283 12302 2083 17372 12468 22224 25421 16325 3944 17573 11476 478 35169 13814 6292 7193 19113 16488 7636 4199 21329 18759 53448 22605 25876 6623 10676
internal_value=-3.06964e-11 -0.0271591 0.0825598 -0.0441048 0.00286728 -0.0595232 -0.0504115 0.0627946 0.0711625 -0.00711186 -0.0697845 0.119485 -0.0775589 -0.0309641 0.0249893 0.10961 0.0611782 -0.00769474 -0.03798 -0.0425206 -0.0390738 -0.0501487 0.0690416 -0.0909416 -0.0340383 -0.0367979 0.0688876 0.0203904 0.0276738 0.143787
internal_weight=586317 441184 145133 282022 159162 129764 86210 94532 71111 109684 33697 50601 43554 152258 49478 35981 48887 17768 52513 45320 43237 24124 4677 25981 134490 115731 35073 44801 32499 14620
internal_count=586317 441184 145133 282022 159162 129764 86210 94532 71111 109684 33697 50601 43554 152258 49478 35981 48887 17768 52513 45320 43237 24124 4677 25981 134490 115731 35073 44801 32499 14620
is_linear=0
shrinkage=0.05


Tree=23
num_leaves=31
num_cat=0
split_feature=7 1 5 1 1 10 3 12 11 10 1 10 9 10 13 13 10 12 11 10 12 13 11 10 9 9 1 10 10 11
split_gain=475657 68541.3 55514.3 16103.6 14418.5 13332.3 7466.21 5966.21 7263.11 5484.99 5066.48 4702.09 3816.85 3503.97 3497.91 3409.39 3312 2540.29 2535.72 2723.25 2392.06 2290.95 2205.34 2201.37 1950.02 1923.17 1907.99 1904.7 2938.65 2926.71
threshold=34.614648818969734 31.458621978759769 38.256908416748054 33.441390991210945 29.153871536254886 0.56314551830291759 40.587558746337898 14.750000000000002 0.89771011471748363 0.20088869333267215 36.990877151489265 0.25118774175643926 30.692554473876957 0.030120026320219043 80.250000000000014 77.250000000000014 -0.71466678380966175 15.750000000000002 -0.71464690566062916 0.95992380380630504 18.750000000000004 78.750000000000014 -0.98208922147750843 0.59125596284866344 41.114059448242195 36.807399749755866 35.760755538940437 -0.72660079598426808 -0.42888796329498285 -0.98798605799674977
decision_type=2 2 2 2 2 2 2 2 2 2 2 2 2 2 2 2 2 2 2 2 2 2 2 2 2 2 2 2 2 2
left_child=1 4 5 13 7 17 11 15 27 -5 18 -4 -6 16 -10 -1 -3 21 25 -20 -8 -2 -19 -13 -25 -7 -11 -9 -29 -30
right_child=2 3 6 9 12 10 20 8 14 26 -12 23 -14 -15 -16 -17 -18 22 19 -21 -22 -23 -24 24 -26 -27 -28 28 29 -31
leaf_value=-0.090276379567784115 0.0062886779390084512 -0.014267073194156463 0.01463337139999637 0.00012278868189481162 -0.044487819307159386 0.057620140063477467 0.11295360528257631 -0.01574116449035165 -0.049694637874170111 0.024401803710198448 0.077493524415630149 0.075567849980170868 -0.028577445210249831 -0.0035426966937244205 -0.09062318202903083 -0.057504071914292298 -0.034926918865770949 -0.020728326038427773 0.035777465115902116 0.062100043403050177 0.14383218286675553 0.048871366640036079 0.019204469130894897 0.099659767043467171 0.14515378542601579 0.14551575404270564 0.057159322877079359 -0.064873035968801882 -0.087331652727378889 -0.011981661862357175
leaf_weight=22769 4496 52837 1810 30109 82702 1340 12884 9013 8984 25698 26120 9180 69266 38034 12461 12182 30653 4785 23947 16663 12221 10618 12462 27973 2572 1162 5375 8663 1544 7794
leaf_count=22769 4496 52837 1810 30109 82702 1340 12884 9013 8984 25698 26120 9180 69266 38034 12461 12182 30653 4785 23947 16663 12221 10618 12462 27973 2572 1162 5375 8663 1544 7794
internal_value=7.18865e-12 -0.0285677 0.0709949 -0.0055892 -0.0464041 0.0477326 0.106458 -0.0631078 -0.0517511 0.0153314 0.0601162 0.0934469 -0.037236 -0.0161218 -0.0734769 -0.0788538 -0.0218522 0.0212395 0.049588 0.0465781 0.127985 0.0362042 0.00812553 0.0970379 0.103491 0.0984414 0.0300682 -0.0345042 -0.0438987 -0.0244405
internal_weight=586317 418084 168233 182706 235378 101593 66640 83410 48459 61182 69232 41535 151968 121524 21445 34951 83490 32361 43112 40610 25105 15114 17247 39725 30545 2502 31073 27014 18001 9338
internal_count=586317 418084 168233 182706 235378 101593 66640 83410 48459 61182 69232 41535 151968 121524 21445 34951 83490 32361 43112 40610 25105 15114 17247 39725 30545 2502 31073 27014 18001 9338
is_linear=0
shrinkage=0.05


Tree=24
num_leaves=31
num_cat=0
split_feature=5 1 5 1 9 10 1 1 10 1 11 10 10 12 10 10 12 11 13 11 12 13 11 7 10 12 11 11 10 11
split_gain=429734 57767.5 52889.7 15326.1 11628.4 10260.7 7826.35 6321.22 5427.98 4882.57 4433.77 3320.15 3567.91 2651.41 2536.72 3247.54 2326.83 2224.52 2220.25 3108.74 2659.86 2095.8 2110.53 2095.43 2197.8 2069.21 2217.5 2021.48 1838.54 1995.16
threshold=34.491258621215827 31.144719123840336 38.041057586669929 33.129404067993171 30.309617042541507 0.56314551830291759 40.591190338134773 28.635541915893558 0.21772121638059619 36.564462661743171 -0.95744973421096791 0.030120026320219043 -0.71466678380966175 18.750000000000004 0.42888796329498297 -0.69016700983047474 15.750000000000002 0.54882264137268078 76.750000000000014 0.78827583789825451 15.250000000000002 78.750000000000014 -0.63872575759887684 39.455480575561531 0.97109106183052074 14.750000000000002 0.30080866813659674 -0.98208922147750843 0.28435654938220983 0.41326330602169042
decision_type=2 2 2 2 2 2 2 2 2 2 2 2 2 2 2 2 2 2 2 2 2 2 2 2 2 2 2 2 2 2
left_child=1 4 5 11 7 16 10 18 -5 -7 -4 12 -3 -8 15 -6 21 -11 20 -20 -1 -2 -23 24 -12 -10 -27 -18 29 -9
right_child=2 3 6 8 14 9 13 28 25 17 23 -13 -14 -15 -16 -17 27 -19 19 -21 -22 22 -24 -25 -26 26 -28 -29 -30 -31
leaf_value=-0.094023447493759016 0.0052021404709292375 -0.015962606757988093 0.023701957139619118 -0.0021964925524673535 -0.023300519486255354 0.041841888152184349 0.10592195148647353 -0.039399760674604552 0.0069845738644291862 0.071045728038502301 0.070983039832515957 -0.006447936282725982 -0.036321068758221588 0.13858923871650547 -0.0082944469984265849 -0.043793124436045633 -0.021716894459345486 -0.0017591793920648591 -0.039803873939424687 -0.073563272260564846 -0.036174039647106707 0.060128438619276275 0.012105124740765021 0.10320009339476191 0.10311198195317083 0.056563896233235461 0.022924256359569371 0.017374434135660134 -0.029319937766368834 -0.05735273828377338
leaf_weight=13465 4532 56366 2604 37782 33800 38055 12739 25462 9926 30163 16778 39938 34813 12122 10002 45169 4521 1087 10171 20693 2331 7601 3273 19267 7796 7487 14172 12317 12428 39457
leaf_count=13465 4532 56366 2604 37782 33800 38055 12739 25462 9926 30163 16778 39938 34813 12122 10002 45169 4521 1087 10171 20693 2331 7601 3273 19267 7796 7487 14172 12317 12428 39457
internal_value=-1.5283e-11 -0.0276775 0.0662034 -0.00841461 -0.0458104 0.0430274 0.0992092 -0.0557064 0.0105917 0.0538682 0.0870899 -0.0184699 -0.0237357 0.12185 -0.0320173 -0.035022 0.0197262 0.0685133 -0.0702408 -0.0624381 -0.0854867 0.0337682 0.0456737 0.0908549 0.0811758 0.025889 0.0345527 0.00687842 -0.0469385 -0.0503114
internal_weight=586317 413462 172855 200484 212978 101549 71306 124007 69367 69305 46445 131117 91179 24861 88971 78969 32244 31250 46660 30864 15796 15406 10874 43841 24574 31585 21659 16838 77347 64919
internal_count=586317 413462 172855 200484 212978 101549 71306 124007 69367 69305 46445 131117 91179 24861 88971 78969 32244 31250 46660 30864 15796 15406 10874 43841 24574 31585 21659 16838 77347 64919
is_linear=0
shrinkage=0.05


Tree=25
num_leaves=31
num_cat=0
split_feature=9 1 5 10 10 1 3 12 11 1 10 9 12 11 13 13 9 12 10 10 13 10 10 10 12 11 12 13 11 10
split_gain=389245 52939.2 48645.1 12745.3 12388.9 11251.3 7099.25 5011.3 6094.86 4926.9 4623.07 3728.73 3580.88 4172.82 3079.65 2852.13 2815.81 2611.45 2832.02 2547.52 2391.48 1992.21 2492.11 1977.21 1974.83 1896.41 1891.36 2501.34 1886.63 2339.88
threshold=34.434160232543952 31.396285057067875 38.041057586669929 0.7324872910976411 0.56314551830291759 29.153871536254886 40.587558746337898 14.750000000000002 0.89771011471748363 32.965463638305671 0.59125596284866344 36.714214324951179 13.750000000000002 -0.49749487638473505 80.250000000000014 77.250000000000014 30.536562919616703 15.750000000000002 0.28435654938220983 0.68391311168670665 78.250000000000014 0.96900084614753734 0.99628895521163952 0.97109106183052074 18.750000000000004 -0.97106409072875965 15.250000000000002 81.250000000000014 -0.98798605799674977 -0.030120026320219036
decision_type=2 2 2 2 2 2 2 2 2 2 2 2 2 2 2 2 2 2 2 2 2 2 2 2 2 2 2 2 2 2
left_child=1 5 4 9 17 7 10 15 28 -3 25 21 -5 -14 -10 -1 -7 20 -19 -13 -2 -6 -23 -15 -8 -4 -12 -28 29 -9
right_child=2 3 6 12 11 16 24 8 14 -11 26 19 13 23 -16 -17 -18 18 -20 -21 -22 22 -24 -25 -26 -27 27 -29 -30 -31
leaf_value=-0.082096197648936178 -0.010164142190818695 -0.019634814665098848 0.0078218858735570797 -0.0037361901810693664 0.036508883981397268 -0.04096673856832489 0.10204714018896965 -0.12401273515513994 -0.044331389043503595 -0.00078329286108018469 0.067856337686482013 0.12023969932844861 0.11866391452879242 0.020481056164873751 -0.082735009681042443 -0.052103601321910678 -0.027095637381999896 -0.0092468204002188314 0.030896437015670963 0.063839612713848012 0.040108944308502294 0.072374161545407947 0.029433981157193995 0.060903682174926435 0.13011855829587995 0.064201350179504707 0.10438523950159036 0.063029990180380913 -0.027656317517429582 0.016625476461270005
leaf_weight=22764 2853 93610 1744 9753 27953 74987 12864 1082 8984 55037 6507 2202 1321 18306 12461 12161 71445 12766 6699 22061 13846 10688 4941 3624 12214 10303 23099 4344 25291 407
leaf_count=22764 2853 93610 1744 9753 27953 74987 12864 1082 8984 55037 6507 2202 1321 18306 12461 12161 71445 12766 6699 22061 13846 10688 4941 3624 12214 10303 23099 4344 25291 407
internal_value=-9.95235e-13 -0.0265824 0.0624361 -0.00641432 0.0406495 -0.0425399 0.094318 -0.0572288 -0.0467829 -0.012655 0.0826499 0.0532484 0.021693 0.0323597 -0.0666465 -0.0716527 -0.0341989 0.0170136 0.00456873 0.0689582 0.0315199 0.0445023 0.0587989 0.027161 0.115719 0.0560395 0.0920924 0.097839 -0.0308764 -0.085571
internal_weight=586317 411233 175084 181651 104009 229582 71075 83150 48225 148647 45997 67845 33004 23251 21445 34925 146432 36164 19465 24263 16699 43582 15629 21930 25078 12047 33950 27443 26780 1489
internal_count=586317 411233 175084 181651 104009 229582 71075 83150 48225 148647 45997 67845 33004 23251 21445 34925 146432 36164 19465 24263 16699 43582 15629 21930 25078 12047 33950 27443 26780 1489
is_linear=0
shrinkage=0.05


Tree=26
num_leaves=31
num_cat=0
split_feature=9 1 5 1 10 10 12 11 1 13 12 11 9 12 11 1 10 11 12 1 12 10 10 10 10 13 10 10 11 10
split_gain=351464 51431.1 40330.8 15594.6 10924.8 8900.1 6105.78 6745.9 5633.51 3868.65 3728.96 3653.95 3505.96 2723.89 4061.2 2467.1 2378.18 3780.57 2237.13 2211.01 2168.12 2597.32 2123.46 2249.53 2040.51 2026.2 1803.53 2700.69 2347.23 3701.2
threshold=34.616676330566413 32.184171676635749 38.256908416748054 30.026032447814945 0.56314551830291759 0.7324872910976411 14.750000000000002 0.90515965223312389 40.591190338134773 77.250000000000014 17.750000000000004 -0.97106409072875965 37.072944641113288 14.250000000000002 -0.49749487638473505 33.636152267456062 0.047320950776338584 0.69635042548179638 18.750000000000004 26.860832214355472 15.750000000000002 0.28435654938220983 0.96683886647224437 0.99628895521163952 0.68391311168670665 78.250000000000014 -0.72660079598426808 -0.43664719164371485 -0.98798605799674977 -0.030120026320219036
decision_type=2 2 2 2 2 2 2 2 2 2 2 2 2 2 2 2 2 2 2 2 2 2 2 2 2 2 2 2 2 2
left_child=1 3 4 6 20 15 9 26 11 19 -9 -4 22 -7 -15 -3 17 -5 -10 -1 25 -22 -6 -24 -14 -2 -8 -28 29 -29
right_child=2 5 8 16 12 13 7 10 18 -11 -12 -13 24 14 -16 -17 -18 -19 -20 -21 21 -23 23 -25 -26 -27 27 28 -30 -31
leaf_value=-0.10181937330766644 -0.0085229966005297021 -0.011834680709214292 0.0051770557828333839 -0.023782108143450952 0.036727829856687724 0.0031506141106475019 -0.016354442402377808 -0.032255804651318401 0.095527906622229208 -0.046053618424421752 -0.069095204164530369 0.083048158713617787 0.11722343412096224 0.12146481107239136 0.028476946322810538 0.0048674130035373606 -0.015568902719639847 -0.044640785686815926 0.12563455610565977 -0.067463964783578828 -0.0085948520396993255 0.030291421046454704 0.07086125933348339 0.033068120405675479 0.064594806792687934 0.039835679840975108 -0.051392989679936975 -0.10877948312519253 -0.013599672469963653 0.013848627586406786
leaf_weight=5804 2604 66695 1565 79513 28824 10882 18098 9775 12616 20812 23107 40254 2038 1244 20927 33074 42713 29889 12077 24251 11250 6945 12159 5823 19128 12880 15111 1717 13583 959
leaf_count=5804 2604 66695 1565 79513 28824 10882 18098 9775 12616 20812 23107 40254 2038 1244 20927 33074 42713 29889 12077 24251 11250 6945 12159 5823 19128 12880 15111 1717 13583 959
internal_value=9.54422e-12 -0.0245494 0.0610445 -0.0365134 0.0412376 0.00115188 -0.0490041 -0.0405912 0.0913157 -0.062624 -0.0581438 0.080134 0.0527757 0.0236385 0.0336944 -0.00629784 -0.0255744 -0.0294808 0.110253 -0.0740984 0.017951 0.00624797 0.0451395 0.0586229 0.0696622 0.031703 -0.0289237 -0.0361752 -0.022032 -0.0648332
internal_weight=586317 418154 168163 285332 101651 132822 133217 82350 66512 50867 32882 41819 67972 33053 22171 99769 152115 109402 24693 30055 33679 18195 46806 17982 21166 15484 49468 31370 16259 2676
internal_count=586317 418154 168163 285332 101651 132822 133217 82350 66512 50867 32882 41819 67972 33053 22171 99769 152115 109402 24693 30055 33679 18195 46806 17982 21166 15484 49468 31370 16259 2676
is_linear=0
shrinkage=0.05


Tree=27
num_leaves=31
num_cat=0
split_feature=1 1 1 7 10 1 1 9 9 9 5 10 10 10 10 11 12 11 13 11 12 10 12 11 10 13 10 12 12 11
split_gain=318125 55304.4 25138.7 15880.7 8008.65 7248.34 4764.92 4388.93 3215.76 3167.58 2810.55 2779.32 2621.82 2960.27 2448.4 2582.49 2361.59 3534.22 2350.61 2300.07 2070.87 2110.99 1973.15 2404.28 2116.95 1902.33 1884.37 1804.81 1790.76 1763.51
threshold=35.373973846435554 32.21832466125489 39.191526412963874 30.659249305725101 0.59125596284866344 28.964809417724613 36.990877151489265 36.302303314208991 33.354404449462898 41.532588958740241 37.170219421386726 0.5772862732410432 0.51973900198936474 -0.71466678380966175 -0.038721922785043709 -0.93533331155776966 14.750000000000002 0.89771011471748363 80.250000000000014 -0.96681198477745045 14.750000000000002 0.7324872910976411 14.250000000000002 -0.49749487638473505 0.95992380380630504 76.750000000000014 0.28435654938220983 17.750000000000004 16.250000000000004 -0.89388549327850331
decision_type=2 2 2 2 2 2 2 2 2 2 2 2 2 2 2 2 2 2 2 2 2 2 2 2 2 2 2 2 2 2
left_child=1 3 6 5 8 16 -2 12 -3 26 22 -11 13 -5 -15 -16 25 -18 -19 28 -7 -22 -6 -24 -25 -1 -4 -28 -8 -9
right_child=2 4 9 7 10 20 19 29 -10 11 -12 -13 -14 14 15 -17 17 18 -20 -21 21 -23 23 24 -26 -27 27 -29 -30 -31
leaf_value=-0.07996475462828366 0.038411212121405997 -0.011342098477806407 0.017405478381590934 -0.015176245888099394 0.0040133912558912551 -0.046414529053952894 0.061118474576170069 0.02429287938424983 0.0070044761252549201 0.076587466083574376 0.10847369506936794 0.13064868588772255 -0.0018749268557504543 -0.039034970075493253 0.0093243911173606277 -0.029089698072174458 -0.029992168149124417 -0.03929437632270754 -0.076934292381755212 0.063345851711082174 -0.031837711458505703 0.052209354509789932 0.082743599398257928 0.01658857627308857 0.051519705084086098 -0.054672223536746417 0.076868530779769517 0.099539573166080086 -0.026695938608791797 0.13278063064244172
leaf_weight=14940 46095 62000 952 51011 15514 30970 1051 1170 38851 3237 888 8953 15181 38757 6174 15017 14947 6592 11187 45984 71436 755 1746 25871 5211 14798 16827 18354 1297 551
leaf_count=14940 46095 62000 952 51011 15514 30970 1051 1170 38851 3237 888 8953 15181 38757 6174 15017 14947 6592 11187 45984 71436 755 1746 25871 5211 14798 16827 18354 1297 551
internal_value=-1.88989e-11 -0.0208935 0.0649224 -0.0335187 0.00379536 -0.0437379 0.0499123 -0.0202813 -0.00427442 0.0942532 0.0203269 0.116293 -0.0213633 -0.0240296 -0.0315632 -0.0178977 -0.0571801 -0.0479125 -0.0629784 0.0608811 -0.0355987 -0.0309587 0.0187077 0.025652 0.0224449 -0.0673789 0.0868178 0.0886961 0.0126111 0.0590266
internal_weight=586317 443567 142750 293486 150081 165625 94427 127861 100851 48323 49230 12190 126140 110959 59948 21191 62464 32726 17779 48332 103161 72191 48342 32828 31082 29738 36133 35181 2348 1721
internal_count=586317 443567 142750 293486 150081 165625 94427 127861 100851 48323 49230 12190 126140 110959 59948 21191 62464 32726 17779 48332 103161 72191 48342 32828 31082 29738 36133 35181 2348 1721
is_linear=0
shrinkage=0.05


Tree=28
num_leaves=31
num_cat=0
split_feature=7 1 3 1 7 10 9 1 10 9 10 10 10 11 12 11 10 10 10 13 11 12 11 12 10 12 10 10 10 10
split_gain=287772 41306.2 33526.3 11224.8 7907.75 7663.37 5027.86 4524.98 3849.58 3634.81 3162.48 3078.18 2727.68 2687.65 2462.22 2424.05 3473.88 2261.96 2771.96 2233.15 2193.45 3466.46 2145.15 3406.84 1943.55 1844.67 1841.87 1808.61 2392 1748.27
threshold=34.614648818969734 31.207975387573246 38.262666702270515 33.260351181030281 29.996625900268558 0.5772862732410432 41.308223724365241 27.01949501037598 0.012910176534205677 37.630399703979499 0.5772862732410432 0.28435654938220983 0.96230018138885509 -0.96681198477745045 14.250000000000002 0.77756834030151378 -0.22611359506845471 0.030120026320219043 -0.71466678380966175 77.750000000000014 0.54882264137268078 18.250000000000004 -0.10737737268209456 15.750000000000002 0.99628895521163952 15.250000000000002 0.68391311168670665 -0.012910176534205673 -0.1330134719610214 0.97109106183052074
decision_type=2 2 2 2 2 2 2 2 2 2 2 2 2 2 2 2 2 2 2 2 2 2 2 2 2 2 2 2 2 2
left_child=1 4 5 17 7 -2 13 -1 22 12 -8 14 -7 -4 -9 19 -17 18 -3 25 -16 -22 23 -5 -14 -6 -11 28 -27 -15
right_child=2 3 6 8 15 9 10 11 -10 26 -12 -13 24 29 20 16 -18 -19 -20 -21 21 -23 -24 -25 -26 27 -28 -29 -30 -31
leaf_value=-0.071606989484511871 0.017803202068935577 -0.012023646797733146 0.0091538219959617396 0.012353942065598006 -0.049867001418011057 0.03173672339502992 0.071438484724105064 -0.057483032718391169 0.020939816303307705 0.1262082987565408 0.122169132979133 -0.019813952714769 0.064482976432463535 0.071420927263929526 -0.027185707971298784 -0.056429713923776041 -0.025285852497997852 -0.0045800048047099457 -0.029967757713949023 -0.014570667288241157 -0.031086007205269259 -0.063195937930659862 0.014390265672712357 -0.030251462959804128 0.03245483364818337 -0.022157137462338647 0.06391749276242796 0.040212449022276546 -0.12116838896239462 0.092238690771063045
leaf_weight=15455 33947 56913 1489 7922 10176 32009 4259 30002 38471 1312 11023 12976 15288 35532 21448 14719 22860 40195 34610 41745 16298 17356 11467 11508 6863 12239 12429 1082 642 14082
leaf_count=15455 33947 56913 1489 7922 10176 32009 4259 30002 38471 1312 11023 12976 15288 35532 21448 14719 22860 40195 34610 41745 16298 17356 11467 11508 6863 12239 12429 1082 642 14082
internal_value=-2.98941e-12 -0.0222204 0.0552209 -0.00589428 -0.0373493 0.0372005 0.082868 -0.046461 0.0103841 0.0468981 0.108031 -0.0424986 0.0410712 0.0753432 -0.0459573 -0.0273507 -0.0374843 -0.0144671 -0.0188093 -0.0215706 -0.0396818 -0.0476457 -0.00275926 -0.0128804 0.0545598 -0.0336761 0.0698651 -0.0218765 -0.0270919 0.0773297
internal_weight=586317 418084 168233 201086 216998 101848 66385 113535 69368 67901 15282 98080 54160 51103 85104 103463 37579 131718 91523 65884 55102 33654 30897 19430 22151 24139 13741 13963 12881 49614
internal_count=586317 418084 168233 201086 216998 101848 66385 113535 69368 67901 15282 98080 54160 51103 85104 103463 37579 131718 91523 65884 55102 33654 30897 19430 22151 24139 13741 13963 12881 49614
is_linear=0
shrinkage=0.05


Tree=29
num_leaves=31
num_cat=0
split_feature=9 1 5 1 10 12 11 13 13 10 10 7 9 10 10 11 10 13 12 10 10 11 13 11 10 11 11 10 11 10
split_gain=260418 35320.1 32725.4 10849.5 10226.1 6417.85 5142.64 6876.84 3926.46 3795.13 3703.82 3702.16 3609.97 2716.02 2609.67 2530.56 3418.4 2344.56 2170.22 2190.02 2078.52 2065.2 2012.8 1881.94 1850.06 2719.17 1795.46 2525.77 1749.92 1710.04
threshold=34.434160232543952 30.868142127990726 38.593587875366218 32.965463638305671 0.56314551830291759 14.250000000000002 0.78827583789825451 80.750000000000014 77.250000000000014 0.7324872910976411 0.23448921740055087 36.719482421875007 40.92570877075196 0.11593352630734445 0.56314551830291759 -0.69014781713485707 -0.61188074946403492 76.750000000000014 15.750000000000002 0.28435654938220983 -0.66484925150871266 -0.76107609272003163 78.750000000000014 -0.63872575759887684 0.047320950776338584 0.75546532869339 0.38167507946491247 0.11593352630734445 0.30080866813659674 0.69636976718902599
decision_type=2 2 2 2 2 2 2 2 2 2 2 2 2 2 2 2 2 2 2 2 2 2 2 2 2 2 2 2 2 2
left_child=1 5 4 24 18 8 15 13 21 -5 -4 -6 -12 -8 -14 16 20 -18 22 -20 -7 -1 -2 -17 25 -3 -10 -28 -13 -25
right_child=2 3 10 9 11 6 7 -9 26 -11 12 28 14 -15 -16 23 17 -19 19 -21 -22 -23 -24 29 -26 -27 27 -29 -30 -31
leaf_value=-0.085604201660584633 0.0022335016199971748 -0.016808506649995624 -0.0027268044949727574 -0.00072462783321403763 0.036566864458911434 -0.047588300198364145 -0.037918844723257482 -0.063301830515522947 -0.015785174688739783 0.022783513911204645 0.074169277762758626 0.062348869581949379 0.06850751230741714 -0.010322053610346644 0.11094903840727458 0.024942123225961184 -0.054857047315743791 -0.016343245565043261 -0.0085375013388846611 0.024697944375250525 -0.11644387041450739 -0.05603515311116837 0.03898098796374825 -0.019461733667152571 -0.007499354175117455 -0.040614306152032209 -0.057111483803708223 -0.017211107920939304 0.02187973160121897 0.034184843897760712
leaf_weight=8058 5393 85342 1288 55037 43799 2973 29239 23435 6999 24952 38819 30034 4802 12827 14739 2801 5252 15959 13329 7891 1736 22102 12058 39184 40723 13957 13496 5617 2932 1544
leaf_count=8058 5393 85342 1288 55037 43799 2973 29239 23435 6999 24952 38819 30034 4802 12827 14739 2801 5252 15959 13329 7891 1736 22102 12058 39184 40723 13957 13496 5617 2932 1544
internal_value=5.90911e-12 -0.021743 0.0510693 -0.00808191 0.0355305 -0.0374607 -0.0315457 -0.0415961 -0.0516459 0.00660857 0.0811413 0.046093 0.0829923 -0.0295039 0.100519 -0.0220666 -0.0344351 -0.0258795 0.0145632 0.00382164 -0.0729723 -0.0639353 0.0276247 -0.0147016 -0.016474 -0.0201545 -0.0374514 -0.0453854 0.0587495 -0.017428
internal_weight=586317 411233 175084 220011 115436 191222 134950 65501 56272 79989 59648 76765 58360 42066 19541 69449 25920 21211 38671 21220 4709 30160 17451 43529 140022 99299 26112 19113 32966 40728
internal_count=586317 411233 175084 220011 115436 191222 134950 65501 56272 79989 59648 76765 58360 42066 19541 69449 25920 21211 38671 21220 4709 30160 17451 43529 140022 99299 26112 19113 32966 40728
is_linear=0
shrinkage=0.05


Tree=30
num_leaves=31
num_cat=0
split_feature=1 1 1 7 10 1 9 10 9 10 12 10 10 10 12 11 10 10 11 12 13 13 10 12 11 12 11 10 10 1
split_gain=236009 41683.5 18027 11922.2 6109.52 5477.62 3529.09 3387.63 2999.02 2891.07 2747.54 2527.88 2509.98 2418.23 2738.01 2259.94 2085.57 2363.55 2082.75 2450.87 2829.56 2004.12 1957.6 2205.9 2204.91 2141.38 1918.39 2117.36 4257.9 1880.41
threshold=35.448331832885749 32.21832466125489 39.191526412963874 30.659249305725101 0.012910176534205677 28.635541915893558 36.302303314208991 0.54883790016174328 38.263473510742195 0.96683886647224437 18.250000000000004 0.99628895521163952 0.28435654938220983 -0.98521098494529713 15.750000000000002 0.16704543679952624 0.51973900198936474 -0.71466678380966175 0.69635042548179638 14.250000000000002 78.250000000000014 80.250000000000014 0.28435654938220983 14.750000000000002 0.56312987208366405 17.250000000000004 -0.90146830677986134 -0.30081701278686518 -0.012910176534205673 25.946461677551273
decision_type=2 2 2 2 2 2 2 2 2 2 2 2 2 2 2 2 2 2 2 2 2 2 2 2 2 2 2 2 2 2
left_child=1 3 7 5 13 29 16 -2 9 -9 -4 -11 -12 -3 -15 -16 17 -5 19 20 -6 -14 23 -7 -25 -26 27 -19 -29 -1
right_child=2 4 10 6 18 22 -8 8 -10 11 12 -13 21 14 15 -17 -18 26 -20 -21 -22 -23 -24 24 25 -27 -28 28 -30 -31
leaf_value=-0.076104032963657448 0.026206775206326985 0.014213327073158217 0.069430572093317391 -0.012782854331478076 -0.010943531930832247 -0.046232386976076484 0.053770705776411187 0.033549411338562665 0.068359914266370017 0.068200057948024376 -0.0071891329828695869 0.033240162459456955 0.10440181910455935 0.0047914631442520983 -0.025755838792546438 -0.0025005119889397829 -0.00093420847874170195 0.020018480457337118 -0.0048872846538231245 0.02389305616987147 0.030844675941293632 0.070752312128569417 -0.017026879940635006 -0.019820835605464607 -0.020763765251720072 -0.046743588021874609 -0.033269774583773955 -0.047193091509408994 0.0077531205658050613 -0.047542076876185106
leaf_weight=6612 21540 12012 24322 51011 12821 28215 1721 31644 15412 15742 606 7700 17469 20828 28228 16585 15181 3690 12648 43426 5922 5926 19253 31072 11923 23693 42011 7839 6408 44857
leaf_count=6612 21540 12012 24322 51011 12821 28215 1721 31644 15412 15742 606 7700 17469 20828 28228 16585 15181 3690 12648 43426 5922 5926 19253 31072 11923 23693 42011 7839 6408 44857
internal_value=8.66842e-12 -0.0177969 0.0565446 -0.028815 0.00341143 -0.0376694 -0.0173454 0.0435608 0.0488632 0.0434083 0.0812741 0.0567168 0.093276 -0.00641288 -0.0101874 -0.0171492 -0.0183157 -0.0206938 0.0136081 0.017371 0.00225978 0.0958783 -0.0315638 -0.0345129 -0.0295546 -0.0380464 -0.0274253 -0.0137368 -0.0224794 -0.0512113
internal_weight=586317 445956 140361 293486 152470 165625 127861 92038 70498 55086 48323 23442 24001 77653 65641 44813 126140 110959 74817 62169 18743 23395 114156 94903 66688 35616 59948 17937 14247 51469
internal_count=586317 445956 140361 293486 152470 165625 127861 92038 70498 55086 48323 23442 24001 77653 65641 44813 126140 110959 74817 62169 18743 23395 114156 94903 66688 35616 59948 17937 14247 51469
is_linear=0
shrinkage=0.05


Tree=31
num_leaves=31
num_cat=0
split_feature=9 1 5 1 10 10 12 11 10 9 9 12 13 12 11 10 1 10 11 12 10 13 13 10 10 11 10 10 10 10
split_gain=213335 32312.3 23399 8849.33 7521.15 6577.32 3906.71 4613.81 3059.23 2903.64 2854.28 2811.96 2790.13 2292.04 3141.71 2105.53 2033.44 1856.02 1851.51 1797.66 1774.04 1578.9 1563.85 1506.06 1967.61 1733.18 1484.69 1857.14 1454.77 1368.48
threshold=34.744302749633796 31.961493492126468 38.709918975830085 29.953510284423832 0.56314551830291759 0.7324872910976411 14.750000000000002 0.90515965223312389 0.23448921740055087 41.114059448242195 37.072944641113288 17.250000000000004 77.250000000000014 13.750000000000002 -0.49749487638473505 0.5772862732410432 33.636152267456062 0.68391311168670665 -0.76107609272003163 15.750000000000002 0.28435654938220983 78.250000000000014 80.750000000000014 -0.99466162919998158 0.047320950776338584 0.77756834030151378 0.96900084614753734 0.99628895521163952 0.93535929918289196 0.96900084614753734
decision_type=2 2 2 2 2 2 2 2 2 2 2 2 2 2 2 2 2 2 2 2 2 2 2 2 2 2 2 2 2 2
left_child=1 3 4 6 19 16 12 -8 -4 -10 26 -9 18 -7 -15 -11 -3 -12 -1 21 -21 -2 -16 -5 25 -25 -6 -28 -19 -24
right_child=2 5 8 23 10 13 7 11 9 15 17 -13 -14 14 22 -17 -18 28 -20 20 -22 -23 29 24 -26 -27 27 -29 -30 -31
leaf_value=-0.079540464026404994 -0.0083248603266237921 -0.01043920992533813 -0.0056726549170674715 0.0025749219528375606 0.028816735118946165 -0.0021387771895276515 -0.021845063447907324 -0.016774720637207138 0.068304710546136294 0.06452415923536052 0.096007377576983188 -0.053900523340719597 -0.035223536177443587 0.096305139925633554 0.031336975007425542 0.10360408676204497 0.004046627424489726 0.038899841775453317 -0.051617353674703159 -0.0087237527539097536 0.022663559480494793 0.035029967107771912 -0.0072911021324631219 -0.021600976563274754 -0.012316044834902087 -0.037038891510631403 0.05901682282089904 0.024340704398913355 0.063243652729332536 0.035433908912802958
leaf_weight=8234 2520 81491 1173 6728 28002 9953 47396 6379 38760 4744 2667 25444 20013 1500 15669 12603 34475 11314 21277 10647 7800 12600 6396 70927 39741 24447 11555 5799 13412 2651
leaf_count=8234 2520 81491 1173 6728 28002 9953 47396 6379 38760 4744 2667 25444 20013 1500 15669 12603 34475 11314 21277 10647 7800 12600 6396 70927 39741 24447 11555 5799 13412 2651
internal_value=-7.288e-12 -0.0187626 0.0484814 -0.0291281 0.0346016 -0.000326705 -0.0386192 -0.0317325 0.0742434 0.0759142 0.043635 -0.0464586 -0.0496351 0.0182889 0.0260443 0.0929166 -0.00613278 0.0563789 -0.0594083 0.0150235 0.00454784 0.0278042 0.0217802 -0.0205136 -0.0216633 -0.0255581 0.0359383 0.0474295 0.0521045 0.00522841
internal_weight=586317 422721 163596 270586 106316 152135 128743 79219 57280 56107 72749 31823 49524 36169 26216 17347 115966 27393 29511 33567 18447 15120 24716 141843 135115 95374 45356 17354 24726 9047
internal_count=586317 422721 163596 270586 106316 152135 128743 79219 57280 56107 72749 31823 49524 36169 26216 17347 115966 27393 29511 33567 18447 15120 24716 141843 135115 95374 45356 17354 24726 9047
is_linear=0
shrinkage=0.05


Tree=32
num_leaves=31
num_cat=0
split_feature=1 5 1 1 9 12 11 12 1 10 10 10 12 12 11 13 10 11 10 9 9 10 10 10 12 13 10 10 7 10
split_gain=192778 34548 14867.2 10490.5 6295.85 3574.79 3767.24 2928.84 2767.62 2665 2567.96 2547.62 2445.79 2093.86 2800.3 2082.91 2068.02 1997.2 3038.56 1862.32 1860.59 2046.17 1816.09 1948.84 1774.43 1720.23 1683.89 2197.25 1673.72 1865.88
threshold=35.448331832885749 32.022941589355476 39.191526412963874 30.164243698120121 33.731683731079109 14.750000000000002 0.90515965223312389 18.250000000000004 36.990877151489265 0.7324872910976411 0.28435654938220983 0.25118774175643926 18.750000000000004 17.250000000000004 -0.20930689573287961 77.250000000000014 0.28435654938220983 -0.98798605799674977 -0.064507851377129541 32.002019882202156 37.438150405883796 0.44437406957149511 0.72066047787666332 -0.98521098494529713 13.250000000000002 80.250000000000014 0.96683886647224437 0.99628895521163952 38.833320617675788 0.21772121638059619
decision_type=2 2 2 2 2 2 2 2 2 2 2 2 2 2 2 2 2 2 2 2 2 2 2 2 2 2 2 2 2 2
left_child=1 3 8 5 22 10 17 -8 -2 19 15 13 -4 -6 -15 -1 -14 18 -7 -5 -13 -22 23 -3 -11 -18 28 -28 -10 -30
right_child=2 4 12 9 11 6 7 -9 26 24 -12 20 16 14 -16 -17 25 -19 -20 -21 21 -23 -24 -25 -26 -27 27 -29 29 -31
leaf_value=-0.060042379503938183 0.030195240695036082 0.011618681504326597 0.064319892083570723 -0.021804975330404347 0.013920334080739262 -0.1152787632437053 -0.025707298956567821 -0.055143898918066453 0.03383439580790807 -0.023572259252489427 -0.016660950444377293 0.019514027490905365 -0.010160229675436639 -0.03187651010682626 0.020425948994900134 -0.038559429414243354 0.099364089861639415 -0.019073655303787969 0.0028616409489934788 -0.0072685131437228365 0.013113000855296701 0.089493605862659906 0.0088004461077477499 -0.011562906177783635 0.033059248237875059 0.0657910399904134 0.074966888504706078 0.035702558580020458 -0.065793790393317605 0.06256440895042556
leaf_weight=26980 43706 10312 28849 109552 18234 1339 14460 20331 23137 2060 6145 30762 530 7292 3943 19393 13648 46008 917 27580 1509 2093 17786 75050 4210 5296 10077 5512 292 9314
leaf_count=26980 43706 10312 28849 109552 18234 1339 14460 20331 23137 2060 6145 30762 530 7292 3943 19393 13648 46008 917 27580 1509 2093 17786 75050 4210 5296 10077 5512 292 9314
internal_value=2.46389e-12 -0.0160846 0.0511041 -0.0268514 0.0019035 -0.0368233 -0.030367 -0.0429093 0.039313 -0.0174239 -0.0470335 0.0142451 0.0735619 0.00345853 -0.0135206 -0.0510583 0.087253 -0.0213259 -0.067258 -0.0188814 0.0234952 0.0574952 -0.00573409 -0.0087625 0.014453 0.0899784 0.047558 0.0610837 0.0411184 0.0586626
internal_weight=586317 445956 140361 278975 166981 135573 83055 34791 92038 143402 52518 63833 48323 29469 11235 46373 19474 48264 2256 137132 34364 3602 103148 85362 6270 18944 48332 15589 32743 9606
internal_count=586317 445956 140361 278975 166981 135573 83055 34791 92038 143402 52518 63833 48323 29469 11235 46373 19474 48264 2256 137132 34364 3602 103148 85362 6270 18944 48332 15589 32743 9606
is_linear=0
shrinkage=0.05


Tree=33
num_leaves=31
num_cat=0
split_feature=9 1 7 1 10 11 10 9 9 1 10 10 10 13 9 12 11 11 13 10 12 13 10 10 12 10 5 12 12 11
split_gain=174340 26599.9 19347 9096.71 5222.28 4300.46 3995.76 3565.57 3450.34 1995.05 1886.88 1854.49 2037.4 1776.88 1706.75 1669.88 3114.41 1662.37 1551.63 1486.98 1464.8 1773.82 1460.09 1877.08 1669.89 1271.57 1246.47 1198.49 1680.64 1959.75
threshold=34.744302749633796 32.453718185424812 38.261199951171882 30.026032447814945 0.91927745938301098 -0.80389818549156178 0.7324872910976411 41.532588958740241 27.418050765991214 35.675741195678718 0.39753912389278417 0.44437406957149511 -0.90149331092834462 78.250000000000014 30.663523674011234 14.250000000000002 -0.49749487638473505 -0.96681198477745045 80.750000000000014 -0.99466162919998158 15.250000000000002 80.750000000000014 0.99628895521163952 0.96900084614753734 14.750000000000002 0.96900084614753734 39.728612899780281 13.750000000000002 18.750000000000004 -0.49749487638473505
decision_type=2 2 2 2 2 2 2 2 2 2 2 2 2 2 2 2 2 2 2 2 2 2 2 2 2 2 2 2 2 2
left_child=1 3 4 8 9 17 19 20 10 -2 -1 12 13 -10 -5 -8 -17 -4 -18 -3 -7 -22 23 -6 -25 -20 -19 -14 -29 -30
right_child=2 6 5 14 22 7 15 -9 11 -11 -12 -13 27 -15 -16 16 18 26 25 -21 21 -23 -24 24 -26 -27 -28 28 29 -31
leaf_value=-0.057046866860184155 0.011000559664403279 0.020416442049236486 0.0043151732418304665 -0.023446764697183139 0.034969149273955148 0.042945453631890861 0.0013385889256734434 0.10017311279470886 -0.029020574346571883 0.029444711338616061 0.015952763254619706 -0.006077047138347981 -0.04629400591688556 0.0049812198753179538 -0.013170445141232383 0.10087054612907664 0.031341264336503444 0.033112830724395477 -0.0094463310993861509 -0.0045632278888434602 0.074999929220657749 0.044014761100040954 0.025865344263039897 0.035890965695245899 0.070533597801282238 0.032766371258240119 0.061642858887218099 -0.026734309449676971 -0.022204524594782369 -0.052462238826510667
leaf_weight=19195 29384 6442 2329 66047 13039 5975 10684 9300 10691 29262 928 6892 20956 5998 104072 1286 13331 6631 5689 79231 27707 5543 8669 4940 11759 2599 9058 43776 7785 17119
leaf_count=19195 29384 6442 2329 66047 13039 5975 10684 9300 10691 29262 928 6892 20956 5998 104072 1286 13331 6631 5689 79231 27707 5543 8669 4940 11759 2599 9058 43776 7785 17119
internal_value=5.94343e-12 -0.0169614 0.0438271 -0.0248243 0.0295895 0.0645926 0.0030456 0.0723381 -0.0346025 0.0202035 -0.0536804 -0.0312116 -0.0328408 -0.0168004 -0.0171601 0.0176621 0.0252761 0.0437331 0.0207794 -0.00268493 0.0657386 0.0698345 0.0439216 0.0491852 0.0602854 0.00379098 0.0495846 -0.0358274 -0.0326337 -0.0430037
internal_weight=586317 422721 163596 303459 97053 66543 119262 48525 133340 58646 20123 113217 106325 16689 170119 33589 22905 18018 21619 85673 39225 33250 38407 29738 16699 8288 15689 89636 68680 24904
internal_count=586317 422721 163596 303459 97053 66543 119262 48525 133340 58646 20123 113217 106325 16689 170119 33589 22905 18018 21619 85673 39225 33250 38407 29738 16699 8288 15689 89636 68680 24904
is_linear=0
shrinkage=0.05


Tree=34
num_leaves=31
num_cat=0
split_feature=1 1 1 9 1 1 9 10 10 12 10 11 10 10 10 10 10 10 11 5 1 13 10 0 13 13 11 12 13 13
split_gain=157765 25964.1 16296.2 5287.7 4220.66 3763.77 3438.77 2613.96 3939.88 3423.74 2229.24 2023.47 2013.15 1857.56 1850.83 1829.93 1535.57 1818.06 2130 1510.36 1500.69 1457.64 1447.75 1573.03 2335.42 1392.63 1346.96 2583.97 1309.36 1293.88
threshold=33.885679244995124 37.73210525512696 30.199495315551761 32.630741119384773 35.913198471069343 40.435468673706062 27.834531784057621 0.047320950776338584 -0.70252096652984608 17.250000000000004 0.63209757208824169 -0.96681198477745045 0.15005400776863101 -0.95236876606941212 0.16705007851123813 -0.66484925150871266 -0.99466162919998158 0.42888796329498297 0.57727023959159862 29.323629379272464 43.429134368896491 77.250000000000014 0.064507851377129569 1.0000000180025095e-35 77.250000000000014 78.250000000000014 -0.09024826809763907 17.250000000000004 78.250000000000014 81.750000000000014
decision_type=2 2 2 2 2 2 2 2 2 2 2 2 2 2 2 2 2 2 2 2 2 2 2 2 2 2 2 2 2 2
left_child=2 4 6 16 14 11 12 8 -5 28 13 -3 19 25 26 -11 -4 18 -18 -1 -7 -9 23 29 -25 -8 27 -2 -10 -15
right_child=1 5 3 7 -6 20 10 21 9 15 -12 -13 -14 22 -16 -17 17 -19 -20 -21 -22 -23 -24 24 -26 -27 -28 -29 -30 -31
leaf_value=-0.057911333207733222 0.0081761648005262023 -0.0034954982841706957 0.0036155274486920695 0.0052047867911351213 0.03311594935930489 0.070170139004254672 -0.023240522719625178 -0.0041596239460122975 -0.031520494069244807 -0.12752155519579841 0.012898061201879139 0.052517662708424555 -0.016579100977283108 -0.036844558458045296 0.019986164376654444 -0.042341499959077093 -0.01392310004398961 -0.005579198212330193 -0.02698025334424043 -0.016635950793174741 0.11278373458497284 0.020461655146029656 -0.020576170409816224 -0.04769932450695933 -0.018326522625540541 0.012063209107351055 0.022415762544534576 -0.03261240014817663 0.010349874974499532 -0.059206714652028827
leaf_weight=20708 13394 1667 10114 25958 48253 25142 7875 8720 2825 691 3239 49172 4393 37360 45865 7204 79671 31012 51374 2482 2251 19352 23936 9357 24451 4329 6724 5468 5507 7823
leaf_count=20708 13394 1667 10114 25958 48253 25142 7875 8720 2825 691 3239 49172 4393 37360 45865 7204 79671 31012 51374 2482 2251 19352 23936 9357 24451 4329 6724 5468 5507 7823
internal_value=2.86622e-12 0.0363309 -0.0185158 -0.0105689 0.0216912 0.0587313 -0.0317156 0.000990843 -0.00687658 -0.0262029 -0.0280108 0.050681 -0.0476145 -0.0291617 0.0139757 -0.0497968 -0.015286 -0.0164656 -0.0190419 -0.0534937 0.0736719 0.0128136 -0.0313486 -0.0346129 -0.026456 -0.0107176 0.00320138 -0.00364824 -0.00384645 -0.0407163
internal_weight=586317 197936 388381 242428 119704 78232 145953 70257 42185 16227 118370 50839 27583 115131 71451 7895 172171 162057 131045 23190 27393 28072 102927 78991 33808 12204 25586 18862 8332 45183
internal_count=586317 197936 388381 242428 119704 78232 145953 70257 42185 16227 118370 50839 27583 115131 71451 7895 172171 162057 131045 23190 27393 28072 102927 78991 33808 12204 25586 18862 8332 45183
is_linear=0
shrinkage=0.05


Tree=35
num_leaves=31
num_cat=0
split_feature=7 1 5 1 10 11 10 12 12 10 10 13 10 12 11 1 11 10 10 10 13 10 10 1 12 11 9 12 11 10
split_gain=143041 25125.2 13207.1 7816.39 4441.59 3644.78 3501.89 3023.37 2427.43 2398.33 2512.51 2405.33 2069.04 1924.85 2479.32 1914.73 1880.79 1780.73 2687.18 1773.45 1751.2 1893.21 2367.49 1732.05 1675.29 2437.35 1611.19 1434.99 1392.07 1362.51
threshold=35.144809722900398 32.553670883178718 39.206367492675788 30.026032447814945 0.56314551830291759 0.53435277938842785 0.56314551830291759 13.750000000000002 14.750000000000002 -0.72660079598426808 0.23448921740055087 80.250000000000014 0.69636976718902599 18.750000000000004 -0.78295108675956715 42.860454559326179 -0.62538740038871754 0.047320950776338584 -0.71466678380966175 0.21772121638059619 81.250000000000014 0.96683886647224437 0.99628895521163952 26.488616943359379 14.750000000000002 -0.49749487638473505 31.840371131896976 15.250000000000002 -0.99271196126937855 -0.98521098494529713
decision_type=2 2 2 2 2 2 2 2 2 2 2 2 2 2 2 2 2 2 2 2 2 2 2 2 2 2 2 2 2 2
left_child=1 3 4 7 27 8 29 23 -6 16 13 -12 -10 -11 -15 19 -9 18 26 -4 21 -14 -23 -1 -8 -26 -5 -2 -19 -3
right_child=2 6 15 17 5 -7 24 9 12 10 11 -13 20 14 -16 -17 -18 28 -20 -21 -22 22 -24 -25 25 -27 -28 -29 -30 -31
leaf_value=-0.072723177148262555 0.029877929910741025 0.015529229098362421 -0.026406414750528403 -0.017561600172813257 0.025517929990519779 -0.011657569821075344 0.0023449239551903058 0.027985150285396422 0.078716921548243959 -0.028061510704212742 0.014557125925263942 -0.029668509173035443 0.038533844181603577 -0.017846647702106339 -0.055435180953788993 0.095113052914272952 -0.017398041475996474 0.034514530158808933 -0.026234511887617357 0.061762640457623988 0.027173670061277185 0.075112388092782242 0.033004304564162576 -0.03935840740751112 0.074071651932054894 0.018364457110141213 -0.0018130213252870156 0.0065137937528714218 -0.0088996033750990446 -0.0045198450437822805
leaf_weight=4421 10398 9694 578 43471 18773 3461 16274 2582 4550 38673 5455 7045 18927 5821 17807 4425 19709 1919 58371 42989 12270 10767 4838 32372 2108 28648 25927 17860 48847 67337
leaf_count=4421 10398 9694 578 43471 18773 3461 16274 2582 4550 38673 5455 7045 18927 5821 17807 4425 19709 1919 58371 42989 12270 10767 4838 32372 2108 28648 25927 17860 48847 67337
internal_value=6.08487e-12 -0.0144697 0.0421511 -0.0220292 0.031961 0.0384316 0.00456708 -0.0311619 0.0409037 -0.0265366 -0.0308264 -0.0103684 0.0465283 -0.0349311 -0.0461749 0.0637758 -0.0121412 -0.0151805 -0.0183281 0.0605929 0.043399 0.0491643 0.0620577 -0.0433675 0.0153181 0.0221826 -0.011678 0.015111 -0.00725851 -0.00199676
internal_weight=586317 436481 149836 312420 101844 73586 124061 133885 70125 97092 74801 12500 51352 62301 23628 47992 22291 178535 127769 43567 46802 34532 15605 36793 47030 30756 69398 28258 50766 77031
internal_count=586317 436481 149836 312420 101844 73586 124061 133885 70125 97092 74801 12500 51352 62301 23628 47992 22291 178535 127769 43567 46802 34532 15605 36793 47030 30756 69398 28258 50766 77031
is_linear=0
shrinkage=0.05


Tree=36
num_leaves=31
num_cat=0
split_feature=9 7 1 1 10 12 10 11 13 9 13 11 10 10 11 11 10 10 12 13 10 11 10 11 10 1 5 10 12 13
split_gain=129395 18635.6 16179.4 4686.47 4516.99 4125.71 3942.73 3714.88 5312.93 3468 3147.19 2062.88 2350.41 2019.8 4504.32 2010.52 1961.84 1678.54 1625.97 2320.52 1740.58 1885.41 1608.45 1585.9 2428.97 1540.48 1432.58 1291.09 1245.15 1693.29
threshold=34.202585220336921 37.828632354736335 30.868142127990726 32.965463638305671 0.59125596284866344 14.750000000000002 0.59125596284866344 0.78827583789825451 80.250000000000014 40.92570877075196 77.250000000000014 -0.72658059000968922 0.96230018138885509 -0.012910176534205673 -0.99049577116966236 -0.43663504719734186 0.99628895521163952 0.15005400776863101 16.750000000000004 78.750000000000014 0.28435654938220983 -0.20930689573287961 0.26781183481216436 0.38167507946491247 -0.22611359506845471 27.532365798950199 40.281343460083015 -0.3334656953811645 15.250000000000002 80.750000000000014
decision_type=2 2 2 2 2 2 2 2 2 2 2 2 2 2 2 2 2 2 2 2 2 2 2 2 2 2 2 2 2 2
left_child=2 4 5 -4 18 10 26 13 22 28 15 -6 -13 14 25 -1 -14 -5 19 -2 21 27 -9 -12 -25 -7 -3 -20 -8 -30
right_child=1 6 3 17 11 7 9 8 -10 -11 23 12 16 -15 -16 -17 -18 -19 20 -21 -22 -23 -24 24 -26 -27 -28 -29 29 -31
leaf_value=-0.062360705922069742 -0.0048654127141633686 0.024432400332894903 -0.011781743954646784 -0.0030585672795984497 0.067795738711185174 -0.22057972278464966 0.035189580771341551 -0.021786432365217028 -0.046473085296362952 0.08186332447338307 -0.0056063799504484334 0.019213120438277002 0.047382951342696392 0.016388081691978498 -0.012763428398394637 -0.0375984948566443 0.018052933373877974 0.01216915808367834 -0.067233945057826441 0.028249079869353586 0.019433076248542572 0.025599821235700499 0.0069449769370149711 -0.048493812726467349 -0.015519374456795089 -0.073665868388436001 0.051814114302707673 -0.01666820841432581 0.063017414467990196 0.034995729028587157
leaf_weight=13105 8143 12596 138445 39733 3297 197 7757 28439 27130 14225 7907 37862 18858 5451 56398 21889 8172 33233 1514 15102 5476 2299 5878 10940 11409 1893 7695 7595 26939 6740
leaf_count=13105 8143 12596 138445 39733 3297 197 7757 28439 27130 14225 7907 37862 18858 5451 56398 21889 8172 33233 1514 15102 5476 2299 5878 10940 11409 1893 7695 7595 26939 6740
internal_value=9.70772e-13 0.0346956 -0.015902 -0.0063773 0.0213808 -0.0264647 0.0536843 -0.0211585 -0.0299376 0.0605625 -0.0366612 0.0292136 0.0272533 -0.0127216 -0.0154345 -0.0468718 0.0385156 0.00387703 0.00807099 0.0166487 -0.00373832 -0.0148609 -0.0168652 -0.0248517 -0.0316606 -0.0875137 0.0348164 -0.0250727 0.0532499 0.0574096
internal_weight=586317 184270 402047 211411 108318 190636 75952 125386 61447 55661 65250 68189 64892 63939 58488 34994 27030 72966 40129 23245 16884 11408 34317 30256 22349 2090 20291 9109 41436 33679
internal_count=586317 184270 402047 211411 108318 190636 75952 125386 61447 55661 65250 68189 64892 63939 58488 34994 27030 72966 40129 23245 16884 11408 34317 30256 22349 2090 20291 9109 41436 33679
is_linear=0
shrinkage=0.05


Tree=37
num_leaves=31
num_cat=0
split_feature=5 9 1 10 10 12 10 9 11 12 12 13 10 10 10 11 12 13 11 10 9 3 10 10 13 12 11 11 10 10
split_gain=116964 17356.4 14046.1 4987.44 4434.3 3641.06 3212.01 2901.98 2808.16 3290.91 2457.62 2374.56 2221.41 2087.02 1982.18 2452.73 1885.65 2759.87 4327.99 1855.27 2059.71 1816.49 1810.89 3301.11 1996.23 1513.02 1484.42 1463.38 1445.94 1882.75
threshold=34.201847076416023 38.041267395019538 30.805282592773441 0.96230018138885509 0.7324872910976411 14.250000000000002 0.56314551830291759 41.78544998168946 0.90515965223312389 17.250000000000004 13.750000000000002 77.250000000000014 -0.99273952841758717 0.99628895521163952 0.012910176534205677 -0.92910701036453236 17.250000000000004 78.250000000000014 0.38167507946491247 -0.71466678380966175 32.526515960693366 36.145484924316413 1.0000000180025095e-35 -0.15005400776863095 80.250000000000014 14.750000000000002 0.56312987208366405 -0.77212798595428456 -0.72660079598426808 -0.43664719164371485
decision_type=2 2 2 2 2 2 2 2 2 2 2 2 2 2 2 2 2 2 2 2 2 2 2 2 2 2 2 2 2 2
left_child=2 3 5 21 12 11 -3 -8 22 -10 -6 27 -4 25 16 -16 17 -14 -19 -18 -21 -2 23 28 -24 -5 -23 -1 -7 -30
right_child=1 6 4 13 10 8 7 -9 9 -11 -12 -13 14 -15 15 -17 19 18 -20 20 -22 26 24 -25 -26 -27 -28 -29 29 -31
leaf_value=-0.063965296968585883 0.0087724201107997179 0.033909233843595489 0.0097206054560998317 0.027132856961116059 -0.0090304423439954706 -0.0084260952465975304 0.053569254172714333 0.085680109855232917 -0.01088046013653652 -0.039346719354001525 0.022495059867558547 -0.024675091828352924 -0.019987092170870923 0.018530161646268025 0.016978403501068742 -0.0087126178946890908 -0.012641175623369822 0.015998799616175653 -0.023356969900056881 -0.021600198235785836 -0.05240833819256964 0.026169804395210983 0.024722631162403613 -0.068922419178925373 -0.016173302794842165 0.056258462308643634 -0.024600067571980851 -0.038821334889548934 -0.030358115430860162 -0.0056977634123341284
leaf_weight=7840 51077 17464 14372 6474 9197 33635 44572 8355 14816 32260 18858 25645 24222 9142 12360 37406 38326 20417 10619 21183 7293 31371 5576 3064 6419 14326 1509 22095 25266 11158
leaf_count=7840 51077 17464 14372 6474 9197 33635 44572 8355 14816 32260 18858 25645 24222 9142 12360 37406 38326 20417 10619 21183 7293 31371 5576 3064 6419 14326 1509 22095 25266 11158
internal_value=4.86439e-12 0.0329843 -0.0151201 0.0209215 -0.00637075 -0.0251032 0.052503 0.0586382 -0.0205886 -0.0303877 0.0121604 -0.0358409 -0.00916288 0.0384416 -0.0107424 -0.00233194 -0.0141714 -0.00733844 0.00253318 -0.0198236 -0.0294905 0.0146732 -0.015169 -0.0181228 0.0028376 0.0471931 0.0238398 -0.0454066 -0.0159011 -0.0228037
internal_weight=586317 184290 402027 113899 214253 187774 70391 52927 132194 47076 28055 55580 186198 29942 171826 49766 122060 55258 31036 66802 28476 83957 85118 73123 11995 20800 32880 29935 70059 36424
internal_count=586317 184290 402027 113899 214253 187774 70391 52927 132194 47076 28055 55580 186198 29942 171826 49766 122060 55258 31036 66802 28476 83957 85118 73123 11995 20800 32880 29935 70059 36424
is_linear=0
shrinkage=0.05


Tree=38
num_leaves=31
num_cat=0
split_feature=9 1 9 9 10 10 10 11 10 13 12 10 12 11 11 9 10 1 10 11 13 13 10 10 10 12 13 9 11 13
split_gain=105893 16913.8 11262 5954.81 4471.72 3306.97 2417.81 2374.74 4325.16 2812.64 3122.43 3082.63 2367.26 2452.88 2148.64 2090.81 2001.49 1993.78 1768.09 1669.71 1638.85 1541.94 1459.57 1393.02 1544.79 1689.52 1533.14 1345.01 1307.5 1432.38
threshold=34.869119644165046 32.553670883178718 38.587604522705085 28.910720825195316 0.91927745938301098 0.56314551830291759 0.7324872910976411 0.78827583789825451 -0.22611359506845471 77.750000000000014 15.250000000000002 0.012910176534205677 17.250000000000004 -0.14153505116701123 -0.69014781713485707 42.095750808715827 -0.030120026320219036 26.678178787231449 -0.95236876606941212 0.99548450112342846 78.750000000000014 80.750000000000014 0.39753912389278417 0.99628895521163952 0.97109106183052074 15.250000000000002 79.750000000000014 32.291826248168952 -0.97106409072875965 80.750000000000014
decision_type=2 2 2 2 2 2 2 2 2 2 2 2 2 2 2 2 2 2 2 2 2 2 2 2 2 2 2 2 2 2
left_child=1 3 4 17 -2 28 -3 9 -9 10 -5 14 13 20 27 -7 18 -1 -14 21 -11 -10 -19 24 -6 -26 -27 -12 29 -4
right_child=2 6 5 7 23 15 -8 8 19 12 11 -13 16 -15 -16 -17 -18 22 -20 -21 -22 -23 -24 -25 25 26 -28 -29 -30 -31
leaf_value=-0.054102101989637719 0.015634177552535617 -0.0014593486301436385 0.015719964288713809 -0.033231255065598958 0.030410827329005897 0.054333389667251188 0.014237872649781878 -0.037849116504398157 -0.005209891582626548 0.0054810778057710879 -0.023433266365134615 0.038285550772291788 -0.0003685277020301558 -0.0074462457840061575 -0.0059985246016741565 0.084811327555111185 0.0087561955621955831 -0.030878330911865731 -0.020947894746897757 -0.031490001407896699 0.039762567447806395 -0.03095212340774935 -0.00081791204786003067 0.020405731835453047 0.030599880949003823 0.081709412576845886 0.044250895731308686 -0.0663480540686429 0.037461754610773883 -0.090358399600597425
leaf_weight=8870 58530 81789 1499 26322 14557 37841 35041 28836 35770 8329 6837 2988 13903 19410 20735 6610 9732 56313 41867 10692 5996 6947 4350 9457 5691 5835 5136 2491 13539 404
leaf_count=8870 58530 81789 1499 26322 14557 37841 35041 28836 35770 8329 6837 2988 13903 19410 20735 6610 9732 56313 41867 10692 5996 6947 4350 9457 5691 5835 5136 2491 13539 404
internal_value=8.09897e-13 -0.0129672 0.0348199 -0.0190709 0.0244837 0.0519407 0.00324874 -0.0153498 -0.0222444 -0.0117747 -0.0203827 -0.01015 -0.00662452 0.00413626 -0.0149641 0.0588656 -0.0121666 -0.0319603 -0.0158176 -0.0138193 0.0198302 -0.00939631 -0.0287228 0.0372175 0.0423102 0.0527062 0.0641735 -0.0348935 0.0320071 -0.00680009
internal_weight=586317 427218 159099 310388 99206 59893 116830 240855 82245 158610 59373 33051 99237 33735 30063 44451 65502 69533 55770 53409 14325 42717 60663 40676 31219 16662 10971 9328 15442 1903
internal_count=586317 427218 159099 310388 99206 59893 116830 240855 82245 158610 59373 33051 99237 33735 30063 44451 65502 69533 55770 53409 14325 42717 60663 40676 31219 16662 10971 9328 15442 1903
is_linear=0
shrinkage=0.05


Tree=39
num_leaves=31
num_cat=0
split_feature=7 1 5 9 10 12 11 11 13 11 10 13 10 11 12 10 10 10 11 10 11 12 11 13 9 10 10 12 9 13
split_gain=95857.6 18080.4 8091.64 5926.48 2939.48 2856.99 2832.16 2820.62 2602.81 2542.03 2265.06 2240.85 2014.39 1757.97 1563.94 1936.24 1545.9 3059.99 1979.06 1546.3 1419.3 1415.99 2024.65 1386.98 1362.71 1351.71 2296.81 1249.96 1721.73 1537.53
threshold=35.370985031127937 32.734432220458991 39.206367492675788 30.629525184631351 0.59125596284866344 14.750000000000002 0.99164059758186351 0.53435277938842785 80.750000000000014 0.76663044095039379 0.56314551830291759 77.250000000000014 0.69636976718902599 -0.58427652716636647 18.250000000000004 0.23448921740055087 0.047320950776338584 -0.71466678380966175 -0.51235243678092945 -0.97873103618621815 -0.99271196126937855 14.750000000000002 -0.49749487638473505 79.750000000000014 27.53487586975098 -0.22611359506845471 -0.34964421391487116 17.250000000000004 32.49201965332032 78.250000000000014
decision_type=2 2 2 2 2 2 2 2 2 2 2 2 2 2 2 2 2 2 2 2 2 2 2 2 2 2 2 2 2 2
left_child=1 3 4 5 -2 11 8 12 25 -10 -3 13 -6 -1 -4 -16 17 18 -5 -20 -18 -12 -23 -24 -8 26 -7 29 -29 -19
right_child=2 10 14 16 7 6 24 -9 9 -11 21 -13 -14 -15 15 -17 20 27 19 -21 -22 22 23 -25 -26 -27 -28 28 -30 -31
leaf_value=-0.057987337079914852 0.01311713689171758 -0.00057229684729145989 0.043368152908591896 0.016243364723677572 0.06566394428840909 -0.0097719208944540507 -0.077791561431444792 -0.016854515611759716 -0.012591668148028316 -0.039615791599265808 0.0015307005154660735 -0.022063556560697285 0.03227187815754673 -0.033533684063091117 -0.039830167600372106 0.063424488971431298 0.035746703186662565 -0.027033049400153348 0.0029824798949043855 -0.015181999382608819 -0.0046109207958864714 0.064325122741645688 0.026229671033841752 0.0047025490865918711 -0.034027457858681352 0.0015756554934102697 -0.04222192869492495 -0.022108401355802169 -0.049698498732173718 -0.00069024879702546567
leaf_weight=10832 26758 70438 24096 8376 4881 34923 2142 2758 16257 18725 16529 27005 60469 22861 463 23420 2305 11257 16639 39601 39703 2339 15788 14223 10488 17996 6462 19756 7922 10905
leaf_count=10832 26758 70438 24096 8376 4881 34923 2142 2758 16257 18725 16529 27005 60469 22861 463 23420 2305 11257 16639 39601 39703 2339 15788 14223 10488 17996 6462 19756 7922 10905
internal_value=-5.856e-12 -0.011474 0.0356219 -0.0175992 0.0271589 -0.0241296 -0.019214 0.0326756 -0.0162379 -0.027057 0.00516644 -0.0327945 0.0347659 -0.0413953 0.0523554 0.0614228 -0.0106001 -0.013611 -0.00643095 -0.00980791 -0.00239648 0.0134364 0.0195195 0.0160274 -0.0414497 -0.00986422 -0.0148388 -0.0229198 -0.0300052 -0.0140709
internal_weight=586317 443472 142845 324155 94866 167691 106993 68108 94363 34982 119317 60698 65350 33693 47979 23883 156464 114456 64616 56240 42008 48879 32350 30011 12630 59381 41385 49840 27678 22162
internal_count=586317 443472 142845 324155 94866 167691 106993 68108 94363 34982 119317 60698 65350 33693 47979 23883 156464 114456 64616 56240 42008 48879 32350 30011 12630 59381 41385 49840 27678 22162
is_linear=0
shrinkage=0.05


Tree=40
num_leaves=31
num_cat=0
split_feature=1 1 9 12 3 9 11 13 11 13 10 10 10 11 0 10 10 10 11 11 10 10 10 10 12 9 13 9 10 10
split_gain=86815.5 15620.3 8787.89 2830.67 2813.98 2667.92 2638.52 2289.28 2532.45 2112.31 2110.18 2024.79 2202.85 2982.35 1999.38 1966.83 2441.55 1746.61 1703.46 1604.3 1436.81 2387.06 1413.37 1407.58 1297.23 1273.39 1291.1 1254.31 1212.55 1176.92
threshold=33.733671188354499 37.263736724853523 30.663523674011234 14.750000000000002 40.13878250122071 36.894601821899421 0.99164059758186351 80.750000000000014 0.76663044095039379 77.250000000000014 0.95992380380630504 0.53436762094497692 -0.71466678380966175 -0.89388549327850331 3.200477242469788 -0.34964421391487116 -1.0000000180025095e-35 0.59125596284866344 -0.52705818414688099 -0.43663504719734186 -0.22611359506845471 -0.34964421391487116 0.44437406957149511 -0.97873103618621815 13.250000000000002 34.202585220336921 80.750000000000014 27.642139434814457 0.38168568909168249 0.9946616291999818
decision_type=2 2 2 2 2 2 2 2 2 2 2 2 2 2 2 2 2 2 2 2 2 2 2 2 2 2 2 2 2 2
left_child=2 10 3 9 17 11 7 20 -9 19 25 12 18 15 -15 -14 -17 -3 -4 -1 21 -5 -7 -20 -13 26 -2 -8 -18 -12
right_child=1 4 5 6 -6 22 27 8 -10 -11 29 24 13 14 -16 16 28 -19 23 -21 -22 -23 -24 -25 -26 -27 -28 -29 -30 -31
leaf_value=-0.053739764784597202 0.0076601142931001969 0.018954036707379399 0.015285015407340811 -0.0092824217810159957 0.053897787629449835 0.015812087129518135 -0.07248297205931041 -0.011508296878181307 -0.037644678427677061 -0.020726132524334265 0.035461454000102255 -0.014116857439683559 0.029576943137020969 -0.019174054306928257 -0.048310040389777931 -0.02164544110493484 0.011799765337930044 0.039957717520768606 0.0038736919319807619 -0.031114595190644242 0.0020114793344892905 -0.041434258653646333 0.087757282123439501 -0.011408243599390829 0.0087199749099669058 0.015403154877843701 -0.017413647596079808 -0.031706872453556523 -0.053277565999037338 0.011688441404712268
leaf_weight=12268 29885 12671 9886 37752 31674 2165 2301 18188 18898 27929 15544 8161 3931 47315 6725 15326 12046 45227 21474 21683 19717 6815 997 50511 26126 55858 6199 10456 761 7828
leaf_count=12268 29885 12671 9886 37752 31674 2165 2301 18188 18898 27929 15544 8161 3931 47315 6725 15326 12046 45227 21474 21683 19717 6815 997 50511 26126 55858 6199 10456 761 7828
internal_value=-6.03279e-13 0.0262515 -0.014101 -0.0223001 0.0419159 -0.00707607 -0.017631 -0.0149341 -0.0248267 -0.0309114 0.0140839 -0.00778852 -0.0100487 -0.015632 -0.0227999 -0.0035515 -0.00818051 0.0353611 -0.0041767 -0.0392901 -0.00922693 -0.0141989 0.0384969 -0.00684946 0.00328435 0.0106737 0.0033526 -0.0390617 0.00793283 0.0274991
internal_weight=586317 204886 381431 176007 89572 205424 114127 101370 37086 61880 115314 202262 167975 86104 54040 32064 28133 57898 81871 33951 64284 44567 3162 71985 34287 91942 36084 12757 12807 23372
internal_count=586317 204886 381431 176007 89572 205424 114127 101370 37086 61880 115314 202262 167975 86104 54040 32064 28133 57898 81871 33951 64284 44567 3162 71985 34287 91942 36084 12757 12807 23372
is_linear=0
shrinkage=0.05


Tree=41
num_leaves=31
num_cat=0
split_feature=1 9 1 1 10 10 12 12 13 11 11 13 12 10 11 10 12 12 10 10 7 11 10 13 10 11 10 5 11 5
split_gain=78630 14530 6498.99 4676.4 3574.79 4118.87 4302.03 1920.09 2213.98 3136.13 1929.98 1805.43 1770.42 1722.43 1580.85 2628.46 2107.73 1554.94 1446.96 1798.4 1691.11 1463.63 1419.54 1352.52 1303.78 1228.44 1211.03 1180.14 1131.69 1131.17
threshold=35.448331832885749 32.356893539428718 39.321441650390632 30.026032447814945 0.012910176534205677 -0.70252096652984608 16.250000000000004 14.750000000000002 80.750000000000014 0.25118076056241995 -0.99049577116966236 77.250000000000014 15.250000000000002 0.11593352630734445 -0.20930689573287961 -0.82391539216041554 15.750000000000002 18.750000000000004 0.96460527181625377 0.9946616291999818 38.707733154296882 -0.96681198477745045 -0.66484925150871266 78.750000000000014 0.28435654938220983 -0.40541070699691767 -0.064507851377129541 32.314928054809577 0.030119189061224464 33.348825454711921
decision_type=2 2 2 2 2 2 2 2 2 2 2 2 2 2 2 2 2 2 2 2 2 2 2 2 2 2 2 2 2 2
left_child=1 3 18 7 5 14 23 13 10 -10 26 12 25 -1 15 16 -3 -4 20 -20 -2 -22 -8 -7 -19 -6 -9 -5 -21 -24
right_child=2 4 17 27 11 6 22 8 9 -11 -12 -13 -14 -15 -16 -17 -18 24 19 28 21 -23 29 -25 -26 -27 -28 -29 -30 -31
leaf_value=-0.036025873098556864 0.016900737791415057 0.0079081995012907809 0.040401004072333546 -0.013235365183593773 -0.036870855737396659 -0.01396429533687351 -0.084443729419444141 -0.14358686689617703 0.00020480352401522426 -0.038114582462546676 -0.010562686361276417 0.015924122130141105 0.013683812550975486 -0.012323861236575247 0.011111405985713581 0.026154422746621726 -0.034975232517637359 -0.021214874568823594 0.044469096939951915 0.0079843844858799636 -0.026695913782552677 0.041326502332097614 -0.040576035069500221 0.021341093111353213 0.061264092446279651 -0.0018349977925804684 -0.0079311956302259342 -0.002736057010350651 0.04044830232893068 -0.011953031114556551
leaf_weight=40377 51814 4464 27124 143106 4243 5158 1368 448 6924 23332 44456 50137 9504 9461 29982 4191 8001 492 17594 7726 845 12329 10711 5722 18323 6097 260 32921 4114 5093
leaf_count=40377 51814 4464 27124 143106 4243 5158 1368 448 6924 23332 44456 50137 9504 9461 29982 4191 8001 492 17594 7726 845 12329 10711 5722 18323 6097 260 32921 4114 5093
internal_value=-2.78923e-12 -0.0102725 0.0326378 -0.0165265 0.00275182 -0.00485606 -0.0199957 -0.023911 -0.0188787 -0.0293453 -0.0118671 0.0108716 -0.00189377 -0.0315264 0.0042502 -0.00810047 -0.0196177 0.0480625 0.0251333 0.0343304 0.0209677 0.0369634 -0.0355815 0.00460348 0.0591073 -0.0162119 -0.0937698 -0.0112718 0.0192645 -0.031352
internal_weight=586317 445956 140361 301285 144671 74690 28052 125258 75420 30256 45164 69981 19844 49838 46638 16656 12465 45939 94422 29434 64988 13174 17172 10880 18815 10340 708 176027 11840 15804
internal_count=586317 445956 140361 301285 144671 74690 28052 125258 75420 30256 45164 69981 19844 49838 46638 16656 12465 45939 94422 29434 64988 13174 17172 10880 18815 10340 708 176027 11840 15804
is_linear=0
shrinkage=0.05


Tree=42
num_leaves=31
num_cat=0
split_feature=5 1 9 9 10 10 10 11 11 10 13 12 11 10 11 9 11 13 13 12 12 11 10 1 1 13 12 10 13 10
split_gain=71153.8 13170.3 6039.19 4000.18 2709.97 2401.05 2226.77 3462.12 2174.15 1985.87 1765.07 2164.99 2531.18 1709.83 1626.2 1572.2 1568.39 1543.6 1504.91 1445.55 1441.56 2076.17 1376.97 1376.51 1362.12 1338.42 1274.11 1271.01 1254.84 1237.7
threshold=35.450860977172859 32.317893981933601 38.587604522705085 28.684830665588382 0.97109106183052074 0.56314551830291759 0.064507851377129569 0.78827583789825451 -0.97106409072875965 0.99628895521163952 77.750000000000014 17.250000000000004 0.38167507946491247 0.39753912389278417 -0.20930689573287961 32.356893539428718 0.54882264137268078 80.750000000000014 78.750000000000014 15.250000000000002 14.250000000000002 -0.49749487638473505 -0.95236876606941212 43.429134368896491 26.488616943359379 80.250000000000014 15.250000000000002 -0.8779519498348235 77.750000000000014 0.95992380380630504
decision_type=2 2 2 2 2 2 2 2 2 2 2 2 2 2 2 2 2 2 2 2 2 2 2 2 2 2 2 2 2 2
left_child=1 3 4 13 16 -3 7 10 17 19 14 12 18 24 -5 -8 -2 -4 -12 -6 28 -22 -13 -10 -1 29 -16 -14 -7 -23
right_child=2 5 8 6 9 20 15 -9 23 -11 11 22 27 -15 26 -17 -18 -19 -20 -21 21 25 -24 -25 -26 -27 -28 -29 -30 -31
leaf_value=-0.050459590431491702 0.018142820963933746 -0.0023887527259755809 0.010078790757847856 -0.028171450059256 0.024938567910856125 -0.013415032777629749 -0.0083761344315307698 -0.027496504003810186 0.043312348383449654 0.0171547415639863 0.0013413664528977825 0.0012983589349759492 -0.066264585612124616 0.0050404295333001947 -0.023542727800462376 0.012790993402539442 -0.020442973863897887 -0.11362961106926261 0.029285997128607806 0.057319416467803558 0.057746920667651871 0.0162602227050604 -0.017405283682224052 0.083376106935889982 -0.026660657087424235 0.00031163391604852877 0.00053344779234765899 -0.010747389876556185 0.014769279013283518 0.053940968297653061
leaf_weight=6850 54215 93425 1264 24669 5105 9426 52117 46476 54956 8819 10539 12889 1199 3811 9485 10548 2768 315 8875 10610 2787 19343 41603 2231 49163 13158 13063 7355 6797 2456
leaf_count=6850 54215 93425 1264 24669 5105 9426 52117 46476 54956 8819 10539 12889 1199 3811 9485 10548 2768 315 8875 10610 2787 19343 41603 2231 49163 13158 13063 7355 6797 2456
internal_value=8.90849e-12 -0.00976835 0.0310588 -0.0158043 0.0222504 0.00246153 -0.012908 -0.0157877 0.0432773 0.036144 -0.0115913 -0.00717713 0.00413156 -0.0273662 -0.0193002 -0.00481321 0.0162685 -0.0146002 0.0141161 0.0468005 0.0108581 0.0162156 -0.0129813 0.0448753 -0.0295711 0.0129045 -0.00959439 -0.0185291 -0.00160657 0.0205056
internal_weight=586317 446034 140283 298642 81517 147392 238818 176153 58766 24534 129677 82460 27968 59824 47217 62665 56983 1579 19414 15715 53967 37744 54492 57187 56013 34957 22548 8554 16223 21799
internal_count=586317 446034 140283 298642 81517 147392 238818 176153 58766 24534 129677 82460 27968 59824 47217 62665 56983 1579 19414 15715 53967 37744 54492 57187 56013 34957 22548 8554 16223 21799
is_linear=0
shrinkage=0.05


Tree=43
num_leaves=31
num_cat=0
split_feature=7 1 5 9 10 11 11 10 13 11 10 10 12 12 10 10 11 12 13 11 11 12 1 13 12 12 1 10 9 12
split_gain=64329.1 12709.2 5198.07 4076.59 2279.87 2327 1835.35 3348.13 2318.72 2537.5 2394.23 1857.64 1689.6 1635.82 1622.39 1587.94 1582.28 1882 2531.31 1563.56 1533.34 3207.28 1457.58 1456.12 1396.74 1381.12 1311.53 1258.63 1282.37 1209.62
threshold=35.517942428588874 32.734432220458991 39.33873367309571 28.910720825195316 0.54883790016174328 0.53435277938842785 0.77756834030151378 -0.22611359506845471 77.250000000000014 -0.20930689573287961 -0.012910176534205673 -0.1330134719610214 15.250000000000002 14.750000000000002 0.26781183481216436 0.012910176534205677 0.38167507946491247 17.250000000000004 78.250000000000014 -0.71464690566062916 -0.10737737268209456 15.750000000000002 26.678178787231449 78.750000000000014 17.250000000000004 15.750000000000002 27.643974304199222 -0.012910176534205673 32.526515960693366 17.750000000000004
decision_type=2 2 2 2 2 2 2 2 2 2 2 2 2 2 2 2 2 2 2 2 2 2 2 2 2 2 2 2 2 2
left_child=1 3 4 14 25 13 8 -8 9 12 11 16 -5 -6 22 20 17 18 -10 -15 21 23 -1 -3 -9 -2 -13 28 -14 -4
right_child=2 15 29 6 5 -7 7 24 10 -11 -12 26 27 19 -16 -17 -18 -19 -20 -21 -22 -23 -24 -25 -26 -27 -28 -29 -30 -31
leaf_value=-0.047279411068858135 0.023892053605680419 -0.010886757021439493 0.033828378007086712 -0.045495210639510723 0.01613928110158348 -0.018540244833126586 -0.030781776502951354 -0.0030171149939255066 -0.0088234704866936228 -0.0056731690054325845 0.011552068267380974 -0.17729100580327214 -0.016346106406035291 0.06070242170097831 -0.0038144387757969578 0.0095259552083732466 -0.016661703147880454 -0.0089945169184006482 0.021307824627278545 0.031111575101514702 0.0086207382633086086 -0.020946174598859453 -0.024790201984125418 0.023388172571499524 -0.019004002148752266 -0.0005015592209591215 -0.034703393824305352 0.020328261083030912 -0.056745539446100925 0.050413899946552557
leaf_weight=8321 9974 4936 18556 9572 17080 2624 30292 30815 12824 21904 18847 168 10339 4966 7949 68558 27473 44230 15270 44176 21300 20432 53713 8325 24545 13874 4026 1829 2425 26974
leaf_count=8321 9974 4936 18556 9572 17080 2624 30292 30815 12824 21904 18847 168 10339 4966 7949 68558 27473 44230 15270 44176 21300 20432 53713 8325 24545 13874 4026 1829 2425 26974
internal_value=-3.14596e-12 -0.00919846 0.0298195 -0.014394 0.023024 0.0276391 -0.0114558 -0.0174178 -0.00843251 -0.0179985 -0.00484488 -0.00781661 -0.0291707 0.0294689 -0.0250816 0.00444917 -0.00644665 -0.00256636 0.00755387 0.0341019 -0.00187989 -0.00851817 -0.0278068 0.0106304 -0.0101052 0.00970063 -0.0404151 -0.018463 -0.0240215 0.0436544
internal_weight=586317 448093 138224 324542 92694 68846 254559 85652 168907 46069 122838 103991 24165 66222 69983 123551 99797 72324 28094 49142 54993 33693 62034 13261 55360 23848 4194 14593 12764 45530
internal_count=586317 448093 138224 324542 92694 68846 254559 85652 168907 46069 122838 103991 24165 66222 69983 123551 99797 72324 28094 49142 54993 33693 62034 13261 55360 23848 4194 14593 12764 45530
is_linear=0
shrinkage=0.05


Tree=44
num_leaves=31
num_cat=0
split_feature=1 9 1 12 13 13 11 11 13 12 10 11 10 10 10 10 10 11 12 10 12 13 11 13 10 7 10 11 12 10
split_gain=58133.5 10768.9 4950.07 3695.27 3237.77 3072.89 4310.22 2749.02 3605.07 5039.66 3924.49 2576.22 2334.05 2281.08 2050.08 1831.96 2369.02 1606.66 1583.54 1310.87 1389.7 1310.4 1267.04 1459.89 1255.04 1249.61 1220.5 1142.14 2727.83 1132.9
threshold=35.448331832885749 32.356893539428718 39.321441650390632 14.750000000000002 77.750000000000014 80.250000000000014 0.75546532869339 -0.22610731422901151 78.250000000000014 17.250000000000004 0.25118774175643926 -0.30900555849075312 1.0000000180025095e-35 0.42888796329498297 1.0000000180025095e-35 0.87795194983482372 0.44437406957149511 0.78827583789825451 15.250000000000002 0.59125596284866344 17.250000000000004 80.250000000000014 -0.77212798595428456 76.750000000000014 0.72066047787666332 35.979618072509773 0.11593352630734445 -0.96681198477745045 17.250000000000004 -0.99466162919998158
decision_type=2 2 2 2 2 2 2 2 2 2 2 2 2 2 2 2 2 2 2 2 2 2 2 2 2 2 2 2 2 2
left_child=1 3 27 4 22 13 -7 8 12 14 -11 -6 -3 29 -10 16 25 -9 -14 -4 -21 24 23 -1 -22 -12 -13 28 -2 -5
right_child=2 7 19 5 11 6 -8 17 9 10 15 26 18 -15 -16 -17 -18 -19 -20 20 21 -23 -24 -25 -26 -27 -28 -29 -30 -31
leaf_value=-0.059897068015744771 0.026232985361148688 -0.037640875292591996 0.025782531493702271 0.012008154456249824 0.019161513440174974 -0.008842272694112514 -0.032509078706794391 0.011299869310879243 0.011959286703163092 -0.023260128267314932 0.045934074043012835 -0.024386138822750175 -0.021228010030528859 0.013849673699749758 0.04707684430343026 -0.041450468666763711 0.092598739951525497 -0.014586918856606854 0.011716924178868715 0.032007336749640951 0.086448238145282824 0.029089970729034555 -0.026381698887140106 -0.025668712724038312 0.052851265216206748 -0.030737260210307538 -0.0024090990972368063 0.023011317253551336 -0.04067631859073207 -0.0093615622024401362
leaf_weight=6962 4091 10625 10268 6555 5861 47276 32438 68354 16404 17916 1150 19353 8415 12966 5566 753 1492 6570 6438 11786 3369 4625 39681 5638 15891 988 9379 87904 2427 115176
leaf_count=6962 4091 10625 10268 6555 5861 47276 32438 68354 16404 17916 1150 19353 8415 12966 5566 753 1492 6570 6438 11786 3369 4625 39681 5638 15891 988 9379 87904 2427 115176
internal_value=6.55683e-12 -0.00883272 0.0280634 -0.0142168 -0.0229161 -0.0106921 -0.018473 0.0023799 -0.00476368 0.00386009 -0.0128852 -0.0110495 -0.0197478 -0.00608728 0.0208562 0.0295234 0.044246 0.00902989 -0.0069481 0.041525 0.0460565 0.0529891 -0.0307679 -0.0445812 0.0587281 0.0105032 -0.0172122 0.0215139 0.00131907 -0.00821084
internal_weight=586317 445956 140361 301285 86874 214411 79714 144671 69747 44269 22299 34593 25478 134697 21970 4383 3630 74924 14853 45939 35671 23885 52281 12600 19260 2138 28732 94422 6518 121731
internal_count=586317 445956 140361 301285 86874 214411 79714 144671 69747 44269 22299 34593 25478 134697 21970 4383 3630 74924 14853 45939 35671 23885 52281 12600 19260 2138 28732 94422 6518 121731
is_linear=0
shrinkage=0.05


Tree=45
num_leaves=31
num_cat=0
split_feature=7 1 9 9 10 10 10 11 10 10 13 12 11 13 11 1 11 13 12 10 12 13 11 10 10 10 11 10 11 11
split_gain=52642.5 10315.4 4367.3 3377.03 2444.31 2164.42 1765.55 3136.68 1625.97 1388.73 1366.02 1947.04 2259.7 1416.46 1408.7 1353.14 1642.04 2127.11 2718.38 1947.13 1334.6 1237.89 1902.09 1407.64 1195.7 1147.42 1129.04 1127.93 1105.44 1229.78
threshold=35.517942428588874 32.734432220458991 38.587604522705085 28.684830665588382 0.91927745938301098 0.56314551830291759 0.064507851377129569 0.78827583789825451 0.7666517198085786 0.39753912389278417 77.750000000000014 17.250000000000004 0.38167507946491247 78.750000000000014 -0.69014781713485707 36.148506164550788 -0.14153505116701123 78.250000000000014 17.250000000000004 0.21772121638059619 15.250000000000002 76.750000000000014 -0.62538740038871754 -0.73831951618194569 0.87795194983482372 -0.8779519498348235 -0.99271196126937855 1.0000000180025095e-35 0.69635042548179638 0.63207998871803295
decision_type=2 2 2 2 2 2 2 2 2 2 2 2 2 2 2 2 2 2 2 2 2 2 2 2 2 2 2 2 2 2
left_child=1 3 4 9 -2 -4 7 10 -7 21 14 12 13 -12 -5 16 17 -3 27 -20 -16 -1 23 -23 -21 -14 -8 -19 29 -18
right_child=2 15 5 6 -6 8 26 -9 -10 -11 11 -13 25 -15 20 -17 28 18 19 24 -22 22 -24 -25 -26 -27 -28 -29 -30 -31
leaf_value=-0.036692822272414653 0.011396380554236264 -0.018276640393974853 0.020828993232349997 -0.028373874528164273 0.029126635044927698 0.058019692907983811 0.033462022889572771 -0.024197692359812954 0.036760671555660207 0.0049260763807544078 0.00083534364749073139 -0.011067742363570493 -0.056074768627839056 0.025573706458917073 -0.022903171481071523 0.021487941119496434 0.0082869732606781626 0.010131770403282135 -0.020728098073240775 0.050720946327913921 -0.0029576835719638717 0.048400511615572767 -0.026627889814718766 -0.0084664864789984213 -0.025729427006825206 -0.0088266155644627173 -0.0048225164447646927 0.041739313280988108 -0.0075519959820096946 0.035095041587680162
leaf_weight=17477 43862 17697 15064 15806 34910 12533 1982 47333 31855 3982 12307 61881 1520 10921 13432 10125 48371 14479 12341 1725 22329 1270 30521 7602 727 8310 67869 3506 9887 4693
leaf_count=17477 43862 17697 15064 15806 34910 12533 1982 47333 31855 3982 12307 61881 1520 10921 13432 10125 48371 14479 12341 1725 22329 1270 30521 7602 727 8310 67869 3506 9887 4693
internal_value=-4.97896e-12 -0.00832108 0.0269752 -0.0130018 0.019254 0.0372055 -0.0105517 -0.0130077 0.0427632 -0.0236191 -0.00939245 -0.00583422 0.00396238 0.0124665 -0.0159434 0.00397428 0.00241092 -0.00430754 0.00323445 -0.0126423 -0.0104493 -0.0256178 -0.0207043 -0.000326147 0.028054 -0.0161325 -0.0037362 0.0162934 0.00779787 0.0106579
internal_weight=586317 448093 138224 324542 78772 59452 263690 193839 44388 60852 146506 94939 33058 23228 51567 123551 113426 50475 32778 14793 35761 56870 39393 8872 2452 9830 69851 17985 62951 53064
internal_count=586317 448093 138224 324542 78772 59452 263690 193839 44388 60852 146506 94939 33058 23228 51567 123551 113426 50475 32778 14793 35761 56870 39393 8872 2452 9830 69851 17985 62951 53064
is_linear=0
shrinkage=0.05


Tree=46
num_leaves=31
num_cat=0
split_feature=5 1 9 9 10 10 12 11 1 11 13 12 10 13 10 13 11 10 10 11 11 11 11 10 10 10 11 13 9 5
split_gain=47517.7 8934.85 4092.08 3185.19 2138.83 1988.97 1840.98 1614.53 1396.17 1602.72 2102.46 1984.58 2023.21 1358.59 1301.74 1295.39 1580.2 1346.94 1615.73 1352.92 1308.84 1351.03 1283.55 1120.48 1103.03 1860.05 1636.77 1087.35 1083.56 1081.18
threshold=35.525520324707038 32.734432220458991 39.062702178955085 30.663523674011234 0.91927745938301098 0.23448921740055087 13.750000000000002 0.99164059758186351 36.651681900024421 -0.09024826809763907 77.750000000000014 17.250000000000004 0.21772121638059619 80.250000000000014 0.99762105941772472 80.750000000000014 0.54882264137268078 -0.22611359506845471 -0.3657191395759582 -0.98798605799674977 -0.79354220628738392 -0.76107609272003163 0.54882264137268078 -0.78297284245491017 0.047320950776338584 -0.71466678380966175 -0.51235243678092945 77.250000000000014 27.53487586975098 28.903657913208011
decision_type=2 2 2 2 2 2 2 2 2 2 2 2 2 2 2 2 2 2 2 2 2 2 2 2 2 2 2 2 2 2
left_child=1 3 4 6 22 13 27 15 9 10 -3 23 -13 -4 -6 17 -17 18 20 -19 29 -22 -2 -12 25 26 -5 -1 -9 -8
right_child=2 8 5 24 14 -7 7 28 -10 -11 11 12 -14 -15 -16 16 -18 19 -20 -21 21 -23 -24 -25 -26 -27 -28 -29 -30 -31
leaf_value=-0.032897250797544825 0.014100169477390949 -0.01998978290074091 0.0071200991628244253 0.016672125085656006 0.032330091092399448 0.038657194858846507 -0.01273719101260138 -0.06199942722227985 0.033040342501942904 0.0081186122789707882 -0.0049206992107382061 -0.019250345290002996 0.022176193233183518 -0.1105339763159307 0.0094411132158537404 -0.0053970184156738009 -0.027541524433168731 -0.039157175088064732 -0.032255231413106086 0.0052206756835218885 -0.067643266703272781 -0.010533880875124496 -0.021871522231079365 0.018773438334771811 -0.00019415530729920496 -0.016939174279793259 -0.0071074043078959096 -0.016925191038257108 -0.02385079914129274 0.031137977195939179
leaf_weight=24215 46060 14388 862 8316 31642 48740 2364 2193 3902 62857 7136 13933 3738 343 7729 12387 23041 1865 8775 21705 1065 37510 2621 16588 42496 49310 55739 19030 12309 3458
leaf_count=24215 46060 14388 862 8316 31642 48740 2364 2193 3902 62857 7136 13933 3738 343 7729 12387 23041 1865 8775 21705 1065 37510 2621 16588 42496 49310 55739 19030 12309 3458
internal_value=4.10379e-12 -0.00789718 0.0256561 -0.0122263 0.0191715 0.0370883 -0.0169614 -0.0139205 0.00361183 0.00264395 -0.00352498 0.00219783 -0.0104873 -0.0263698 0.0278367 -0.0118908 -0.0197989 -0.00824001 -0.0126503 0.00170923 -0.0087754 -0.0121106 0.0121634 0.0116464 -0.00706422 -0.00963953 -0.0040202 -0.0258687 -0.0296197 0.0133226
internal_weight=586317 448320 137997 325778 88052 49945 169917 126672 122542 118640 55783 41395 17671 1205 39371 112170 35428 76742 53172 23570 44397 38575 48681 23724 155861 113365 64055 43245 14502 5822
internal_count=586317 448320 137997 325778 88052 49945 169917 126672 122542 118640 55783 41395 17671 1205 39371 112170 35428 76742 53172 23570 44397 38575 48681 23724 155861 113365 64055 43245 14502 5822
is_linear=0
shrinkage=0.05


Tree=47
num_leaves=31
num_cat=0
split_feature=7 1 5 1 10 11 10 11 13 12 11 12 10 13 12 13 13 10 10 12 10 11 11 10 12 13 10 12 13 1
split_gain=42988.6 8420.21 3678.32 3003.25 1807.07 1860.75 1539.1 2899.87 2077.07 2128.93 1738.13 1463.93 1530.21 1444.48 1423.41 1375.34 1242.09 1343.4 1342.31 1219.73 1214.95 1101.22 1096.34 1064.97 1253.53 1216.23 1084.77 1384.65 1173.59 1055.13
threshold=35.517942428588874 32.92625808715821 39.463287353515632 28.376592636108402 0.54883790016174328 0.53435277938842785 0.064507851377129569 0.54882264137268078 77.750000000000014 17.250000000000004 0.38167507946491247 15.250000000000002 0.80392050743103038 81.250000000000014 14.750000000000002 78.750000000000014 81.250000000000014 0.95992380380630504 0.99628895521163952 14.750000000000002 -0.86958134174346913 -0.98798605799674977 -0.10737737268209456 0.16705007851123813 14.750000000000002 78.250000000000014 -0.98211652040481556 16.750000000000004 78.750000000000014 43.429134368896491
decision_type=2 2 2 2 2 2 2 2 2 2 2 2 2 2 2 2 2 2 2 2 2 2 2 2 2 2 2 2 2 2
left_child=1 3 4 21 19 11 7 8 22 10 15 -6 -13 14 -9 -10 17 -14 -19 -2 -12 -1 -5 26 25 -25 -3 28 -28 -4
right_child=2 23 29 6 5 -7 -8 13 9 -11 20 12 16 -15 -16 -17 -18 18 -20 -21 -22 -23 -24 24 -26 -27 27 -29 -30 -31
leaf_value=-0.056659102942883045 0.024758994428880646 0.015723823627684392 0.034624271986785714 -0.02094911186846124 0.013674746593037152 -0.01839854908573282 -0.0034597406337638272 -0.029201018678654718 0.0019539139497422721 -0.008256924177227969 -0.048347113123711552 0.047084920329645522 0.017223337612149236 -0.035600211559927979 -0.012149913751522546 0.025302346477276701 0.009027733193597301 0.04884349214889136 0.016797533085977649 8.742295629149333e-06 0.012142460891730402 -0.021075927336558449 -0.0048366686127357776 -0.011045543607831092 0.013863338849079244 0.015802225795046324 -0.0091938150105109907 -0.01262697590474355 0.014299205163785612 0.069819146968964005
leaf_weight=2276 6982 8354 41075 31803 21366 2624 77241 16511 13256 55505 2116 9759 11609 11805 47311 12032 9308 11319 4594 17342 1366 48675 15804 12235 40608 6438 8822 22559 13376 2246
leaf_count=2276 6982 8354 41075 31803 21366 2624 77241 16511 13256 55505 2116 9759 11609 11805 47311 12032 9308 11319 4594 17342 1366 48675 15804 12235 40608 6438 8822 22559 13376 2246
internal_value=-1.36208e-12 -0.00751948 0.0243766 -0.0114854 0.0188658 0.0229162 -0.00948487 -0.0117276 -0.00725164 -0.00253548 0.00850271 0.0245115 0.0294813 -0.019533 -0.0165611 0.0130631 0.0248168 0.0301567 0.039592 0.00711309 -0.0246169 -0.0226654 -0.0156003 0.00432609 0.00893296 -0.00178908 -0.000815966 -0.00390316 0.00496253 0.036449
internal_weight=586317 448093 138224 335701 94903 70579 284750 207509 131882 84275 28770 67955 46589 75627 63822 25288 36830 27522 15913 24324 3482 50951 47607 112392 59281 18673 53111 44757 22198 43321
internal_count=586317 448093 138224 335701 94903 70579 284750 207509 131882 84275 28770 67955 46589 75627 63822 25288 36830 27522 15913 24324 3482 50951 47607 112392 59281 18673 53111 44757 22198 43321
is_linear=0
shrinkage=0.05


Tree=48
num_leaves=31
num_cat=0
split_feature=7 1 9 9 10 10 10 11 10 13 12 10 10 10 11 11 11 10 11 9 12 11 10 12 4 1 11 1 10 10
split_gain=38797.2 7599.24 3351.07 2783.59 1824.82 1843.65 1772.51 1436.65 2479.34 1790.3 2243.71 1931.04 1795.49 1567.54 1356.47 1859.62 1521.06 1868.91 1556.81 1535.4 1524.62 1278.99 1240.31 1222.23 1207.06 1175.49 1147.23 1146.62 1065.1 974.997
threshold=35.517942428588874 32.92625808715821 38.263473510742195 28.910720825195316 0.59125596284866344 0.7086201310157777 0.91927745938301098 0.77756834030151378 -0.22611359506845471 77.250000000000014 15.250000000000002 -0.012910176534205673 0.012910176534205677 -0.1330134719610214 -0.89388549327850331 -0.93533331155776966 -0.70250144600868214 -0.61188074946403492 0.38167507946491247 32.457199096679695 16.250000000000004 -0.24284072965383527 0.23448921740055087 17.750000000000004 0.04290918447077275 27.419076919555668 -0.10737737268209456 26.678178787231449 -0.3415676057338714 0.012910176534205677
decision_type=2 2 2 2 2 2 2 2 2 2 2 2 2 2 2 2 2 2 2 2 2 2 2 2 2 2 2 2 2 2
left_child=1 3 6 22 -4 -6 -2 9 28 10 21 13 26 14 15 -11 17 20 -18 -19 -16 -5 27 -10 -13 -15 -12 -1 -9 -3
right_child=2 29 4 7 5 -7 -8 8 23 11 12 24 -14 25 16 -17 18 19 -20 -21 -22 -23 -24 -25 -26 -27 -28 -29 -30 -31
leaf_value=-0.039778744299707514 0.0086894308151276006 -0.0013177424235848833 0.017995016737551519 -0.040104183616216274 0.058880121103933106 0.032161193819686122 0.024441169625215694 -0.019878955760915588 -0.0019996431414081631 -0.0024242362749110589 -0.018576512193071187 0.0035455793211531528 0.031108178393587212 -0.1822322725737823 -0.00082485064029015588 0.038522876660290611 0.0012640389614632602 0.01195221660514845 -0.013304339104173918 -0.03590234765719278 -0.060338456663424349 -0.014813962502345568 -0.0025363329440838416 -0.017288228247912745 0.030424673466945214 -0.030203534711770869 0.0031792500995419257 -0.019630566239260287 -0.041356710533226565 0.0081056049529971957
leaf_weight=8143 40011 47658 18516 9677 7709 39729 32259 22732 35548 8446 14594 15147 3048 131 1467 4128 51437 4526 28498 2662 4039 10342 9112 20676 5767 4323 10362 53159 7737 64734
leaf_count=8143 40011 47658 18516 9677 7709 39729 32259 22732 35548 8446 14594 15147 3048 131 1467 4128 51437 4526 28498 2662 4039 10342 9112 20676 5767 4323 10362 53159 7737 64734
internal_value=-5.32213e-12 -0.00714351 0.0231577 -0.0109111 0.0313072 0.0365032 0.0157205 -0.00856541 -0.0138466 -0.00600184 -0.0142565 -0.00296584 -0.00511872 -0.00562132 -0.00439127 0.0110186 -0.00648309 -0.0225613 -0.0039298 -0.00577022 -0.0444819 -0.027039 -0.0197485 -0.00762192 0.0109574 -0.034675 -0.00954329 -0.0223069 -0.0253328 0.00410979
internal_weight=586317 448093 138224 335701 65954 47438 72270 265287 86693 178594 48023 130571 28004 109657 105203 12574 92629 12694 79935 7188 5506 20019 70414 56224 20914 4454 24956 61302 30469 112392
internal_count=586317 448093 138224 335701 65954 47438 72270 265287 86693 178594 48023 130571 28004 109657 105203 12574 92629 12694 79935 7188 5506 20019 70414 56224 20914 4454 24956 61302 30469 112392
is_linear=0
shrinkage=0.05


Tree=49
num_leaves=31
num_cat=0
split_feature=1 3 9 12 9 11 9 10 10 13 11 10 10 10 10 10 10 3 11 10 10 11 12 12 13 9 10 13 11 13
split_gain=35095.9 6975.05 3653.02 1659.86 1637.48 1636.57 1608.12 1333.66 2321.48 1329.78 1461.37 1264.18 1476.7 1248.32 1360.67 1111.37 1086.57 1030.4 975.803 1384.98 1811.24 1496.32 1413.8 1408.73 1458.41 1429.92 1160.93 1141.16 1088.45 967.452
threshold=33.68474197387696 37.263532638549812 30.663523674011234 14.250000000000002 36.894601821899421 0.99164059758186351 41.78544998168946 0.97109106183052074 0.99762105941772472 80.250000000000014 0.76663044095039379 -0.22611359506845471 -0.31718835234642023 0.95992380380630504 0.9946616291999818 0.5772862732410432 0.44437406957149511 42.090364456176765 0.90515965223312389 -1.0000000180025095e-35 -0.71466678380966175 -0.52705818414688099 13.750000000000002 16.750000000000004 78.250000000000014 32.560945510864265 -0.66484925150871266 77.750000000000014 -0.79354220628738392 77.750000000000014
decision_type=2 2 2 2 2 2 2 2 2 2 2 2 2 2 2 2 2 2 2 2 2 2 2 2 2 2 2 2 2 2
left_child=2 13 3 29 18 9 7 17 -9 11 -11 12 -5 -2 -15 -8 -6 -3 19 20 21 -4 27 24 -22 -25 -27 -21 -26 -1
right_child=1 6 4 5 16 -7 15 8 -10 10 -12 -13 -14 14 -16 -17 -18 -19 -20 22 23 -23 -24 25 28 26 -28 -29 -30 -31
leaf_value=-0.02625106176711936 0.0059431527261587513 0.018904506320517083 0.01619201715406544 -0.0060366177680004907 0.011578132924778273 -0.027469267263816766 0.02025701560932219 0.046795422955165561 0.012209693465569424 -0.0065660293418785265 -0.025085996983039194 0.0058971160597883652 -0.034687656062223404 0.026932975368978474 0.001879447114480232 0.054912346396153146 0.075536950875166903 0.049216935992184234 -0.015798070596427759 -0.022125480451367315 -0.017707890267723795 -0.0046269901532398471 0.007907268888478123 -0.012850904265057318 0.027951237882570108 -0.082675456225906233 -0.02975146756950486 0.0080704635510866415 -0.0070844439543753211 -0.011805757965003176
leaf_weight=36525 93584 53353 9818 41159 2110 13588 3265 14340 7333 21016 21599 19935 5049 16352 8106 7938 969 2959 19056 8455 8580 71367 38294 19937 4635 1161 9639 4967 4249 16979
leaf_count=36525 93584 53353 9818 41159 2110 13588 3265 14340 7333 21016 21599 19935 5049 16352 8106 7938 969 2959 19056 8455 8580 71367 38294 19937 4635 1161 9639 4967 4249 16979
internal_value=-8.36718e-12 0.0165453 -0.00904459 -0.0143212 -0.004479 -0.0111088 0.0270985 0.0245538 0.0350934 -0.00906475 -0.0159527 -0.00462695 -0.00916722 0.00857175 0.0186296 0.0448124 0.0317068 0.0204973 -0.00503564 -0.00390319 -0.00666758 -0.00210927 0.00301292 -0.0143452 -0.00300513 -0.0207883 -0.0354408 -0.010951 0.0111945 -0.021667
internal_weight=586317 207230 379087 175850 203237 122346 89188 77985 21673 108758 42615 66143 46208 118042 24458 11203 3079 56312 200158 181102 129386 81185 51716 48201 17464 30737 10800 13422 8884 53504
internal_count=586317 207230 379087 175850 203237 122346 89188 77985 21673 108758 42615 66143 46208 118042 24458 11203 3079 56312 200158 181102 129386 81185 51716 48201 17464 30737 10800 13422 8884 53504
is_linear=0
shrinkage=0.05


Tree=50
num_leaves=31
num_cat=0
split_feature=1 9 1 12 11 10 12 13 13 13 11 10 11 10 10 13 5 13 12 10 11 10 10 12 13 10 10 1 10 13
split_gain=31833.1 6321.46 2891.07 2603.24 2454.87 2483.59 4273.94 2185.04 2062.64 2046.84 2992.1 1891.74 1866.04 1408.15 3333.12 1480.02 1347.68 1264.45 1122.99 989.911 977.53 1020.45 2841.78 960.065 955.22 925.292 1547.91 1636.82 1186.18 921.254
threshold=35.528953552246101 32.704748153686531 39.321441650390632 14.250000000000002 -0.22610731422901151 1.0000000180025095e-35 15.750000000000002 77.750000000000014 78.250000000000014 80.750000000000014 0.75546532869339 0.7440970540046693 -0.30900555849075312 0.44437406957149511 0.86958134174346935 80.750000000000014 31.542144775390629 78.750000000000014 18.750000000000004 0.28435654938220983 0.9937097728252412 -0.23448921740055081 -0.32533907890319819 15.250000000000002 81.250000000000014 -0.15005400776863095 -0.064507851377129541 27.01949501037598 -0.11593352630734442 81.750000000000014
decision_type=2 2 2 2 2 2 2 2 2 2 2 2 2 2 2 2 2 2 2 2 2 2 2 2 2 2 2 2 2 2
left_child=1 3 29 8 5 6 -3 23 -1 11 -11 20 -10 15 -15 -9 -13 -8 -4 -20 21 22 -5 -7 -6 -23 27 -27 -29 -2
right_child=2 4 18 9 24 7 17 13 12 10 -12 16 -14 14 -16 -17 -18 -19 19 -21 -22 25 -24 -25 -26 26 -28 28 -30 -31
leaf_value=-0.023306526928023718 0.018003145091319867 0.0095623053883034503 0.024741900582955775 -0.0046511421758008631 0.012817076225374299 -0.023031711695807124 -0.044343850936787707 0.021185592827893632 0.030688800760729482 -0.0067555453731263718 -0.027638171788087987 0.095843397595437502 -0.011105589244153767 0.068657147417024403 -0.025330325267226585 -0.015554088123357164 0.015985385243167335 -0.018291315411469167 -0.029350225592308446 0.042518404444489115 -0.019618606079807741 0.017596031551283416 -0.034162856083961295 0.0063893600182494906 -0.0039952924526313284 -0.16479681206737148 0.0017990512903950373 -0.0064629870613721668 -0.06896307932151477 0.004024641193976131
leaf_weight=55269 78066 12753 27124 100345 52445 6362 7101 8585 3102 45364 27583 705 19208 3293 1322 4027 2108 13534 492 18323 11200 7629 8879 4915 10071 215 38524 2856 1034 13883
leaf_count=55269 78066 12753 27124 100345 52445 6362 7101 8585 3102 45364 27583 705 19208 3293 1322 4027 2108 13534 492 18323 11200 7629 8879 4915 10071 215 38524 2856 1034 13883
internal_value=-2.54323e-12 -0.0064604 0.02101 -0.0101389 0.00312023 -0.00393868 -0.0131931 0.00690146 -0.0181267 -0.00762437 -0.0146518 -0.00466966 -0.00529446 0.018102 0.0417338 0.00945465 0.0359996 -0.0272566 0.0312528 0.0406391 -0.00533993 -0.00433718 -0.0070502 -0.0102087 0.0101087 0.00155894 -0.0013111 -0.0304988 -0.0230761 0.0158926
internal_weight=586317 448429 137888 324021 124408 61892 33388 28504 77579 246442 72947 173495 22310 17227 4615 12612 2813 20635 45939 18815 170682 159482 109224 11277 62516 50258 42629 4105 3890 91949
internal_count=586317 448429 137888 324021 124408 61892 33388 28504 77579 246442 72947 173495 22310 17227 4615 12612 2813 20635 45939 18815 170682 159482 109224 11277 62516 50258 42629 4105 3890 91949
is_linear=0
shrinkage=0.05


Tree=51
num_leaves=31
num_cat=0
split_feature=1 9 12 1 11 13 10 12 10 13 11 13 10 10 11 5 12 13 12 10 10 10 1 11 12 10 10 10 11 13
split_gain=28807.4 6256.1 2344.28 2212.32 2155.58 2511.8 3271.91 3897.21 3575.04 1889.58 2842.48 1863.04 1733.58 1693.67 1691.61 1189.58 1036.41 1000.16 914.271 907.328 933.032 897.736 843.802 841.187 1131.57 815.908 810.152 796.262 786.56 834.142
threshold=35.836038589477546 32.704748153686531 14.250000000000002 39.321441650390632 -0.22610731422901151 78.250000000000014 0.44437406957149511 17.250000000000004 0.86958134174346935 80.250000000000014 0.75546532869339 78.250000000000014 0.7440970540046693 -0.030120026320219036 -0.30900555849075312 31.794390678405765 19.250000000000004 81.250000000000014 15.250000000000002 -0.99466162919998158 0.11593352630734445 1.0000000180025095e-35 25.946461677551273 0.73246693611145031 14.750000000000002 0.28435654938220983 -0.96683886647224415 0.047320950776338584 0.56312987208366405 81.750000000000014
decision_type=2 2 2 2 2 2 2 2 2 2 2 2 2 2 2 2 2 2 2 2 2 2 2 2 2 2 2 2 2 2
left_child=1 2 11 28 5 13 7 21 -8 12 -11 22 19 -3 -13 -14 -5 23 -15 -4 -21 -7 -1 24 -6 -18 -9 -12 29 -2
right_child=3 4 9 16 17 6 8 26 -10 10 27 14 15 18 -16 -17 25 -19 -20 20 -22 -23 -24 -25 -26 -27 -28 -29 -30 -31
leaf_value=-0.048899256496384061 0.019029467671562224 -0.035682956982392683 0.011851424833598842 0.024843594073519229 0.0036850330298491352 0.0080411944685812222 0.073453769478298792 -0.11614448261402904 -0.020333349560786661 -0.0060766834492896023 -0.032178447410085326 0.029009335870659594 0.092168435190507533 -0.017786246167557286 -0.010579054108334218 0.015459870979937305 -0.032101651950395771 -0.0043158832561876895 0.0066366357604705356 -0.0076269445411158848 0.0019203938191452441 0.032796911639605152 -0.020700087634765402 -0.0041551115785609261 0.019790839698908894 0.043384085913666347 -0.017327978636081275 -0.016545338392457604 -0.012312230922072773 0.0049687269365846212
leaf_weight=2794 67981 7652 7870 32432 16231 16082 3181 210 1493 52836 17336 3139 710 8629 19224 1754 368 10902 6893 118347 32650 4742 52501 6878 33240 13139 16873 15364 2381 12485
leaf_count=2794 67981 7652 7870 32432 16231 16082 3181 210 1493 52836 17336 3139 710 8629 19224 1754 368 10902 6893 118347 32650 4742 52501 6878 33240 13139 16873 15364 2381 12485
internal_value=8.54266e-13 -0.00588004 -0.00962307 0.0208897 0.00325268 -0.00318458 0.00402468 -0.000842163 0.0434957 -0.00723958 -0.0132472 -0.0171999 -0.00405439 -0.0164312 -0.0050222 0.0375634 0.0296902 0.00954675 -0.00694055 -0.00469987 -0.00556253 0.0136785 -0.022125 0.0122288 0.0145067 0.0413275 -0.0185427 -0.0248333 0.0160098 0.0168478
internal_weight=586317 457531 324525 128786 133006 65755 42581 37907 4674 246867 85536 77658 161331 23174 22363 2464 45939 67251 15522 158867 150997 20824 55295 56349 49471 13507 17083 32700 82847 80466
internal_count=586317 457531 324525 128786 133006 65755 42581 37907 4674 246867 85536 77658 161331 23174 22363 2464 45939 67251 15522 158867 150997 20824 55295 56349 49471 13507 17083 32700 82847 80466
is_linear=0
shrinkage=0.05


Tree=52
num_leaves=31
num_cat=0
split_feature=1 9 12 13 3 11 10 12 13 13 11 11 10 10 12 12 13 11 11 12 10 10 13 11 12 11 13 13 13 5
split_gain=25998.7 5646.13 2151.54 2138.17 2005.73 1945.41 2285.99 3747.25 2058.59 1944.84 2565.33 1924.03 1575.11 1133.64 1372.65 1278.65 1793.24 1707.19 1206.91 1368.96 1117.97 2792.24 1385.98 1099.99 1164.27 1098.57 1150.4 1091.52 1008.33 1007.23
threshold=35.836038589477546 32.704748153686531 14.750000000000002 77.750000000000014 39.998456954956062 -0.22610731422901151 1.0000000180025095e-35 15.750000000000002 77.750000000000014 80.250000000000014 0.75546532869339 -0.30900555849075312 0.7440970540046693 0.59125596284866344 15.250000000000002 15.250000000000002 81.750000000000014 -0.71464690566062916 0.23448270559310916 18.750000000000004 0.44437406957149511 0.87795194983482372 80.750000000000014 -0.97502842545509327 17.250000000000004 -0.78295108675956715 76.750000000000014 78.750000000000014 78.750000000000014 31.92434120178223
decision_type=2 2 2 2 2 2 2 2 2 2 2 2 2 2 2 2 2 2 2 2 2 2 2 2 2 2 2 2 2 2
left_child=1 2 3 25 13 6 7 -3 -8 12 -11 28 -4 14 -2 -15 17 -17 19 -19 22 -22 -10 24 -16 26 -1 -9 -5 -14
right_child=4 5 9 11 -6 -7 8 27 20 10 -12 -13 29 15 23 16 -18 18 -20 -21 21 -23 -24 -25 -26 -27 -28 -29 -30 -31
leaf_value=-0.048602265748322354 0.02389180958411477 0.0086224499950813653 -0.003740182367362465 0.0059020767077970007 0.0302354535430659 0.0090694150622645762 -0.0094062737233858058 -0.040953613540009613 0.019875494975749204 -0.0057728492907114671 -0.023591612745527239 -0.011886599356114542 0.089763753213206746 0.0085390117738985659 0.0061160632322551081 0.065769666222974421 0.0044921880373712175 0.024259958253287667 0.0097928035231802397 0.049768954620026215 0.056364213517898998 -0.023358309599592068 -0.014695736202770815 0.0035038192969865482 -0.063236372462145043 -0.018049114964727189 -0.018436364096535183 -0.016908081842424743 0.049157648442896384 0.016299383016119592
leaf_weight=6932 7306 13510 145156 5171 34136 67251 12089 7181 9306 52836 32700 30722 676 20510 1070 2773 10213 22630 9620 6852 4202 1487 4211 12283 1393 41195 5809 13769 1822 1506
leaf_count=6932 7306 13510 145156 5171 34136 67251 12089 7181 9306 52836 32700 30722 676 20510 1070 2773 10213 22630 9620 6852 4202 1487 4211 12283 1393 41195 5809 13769 1822 1506
internal_value=-2.34831e-12 -0.00558603 -0.00914191 -0.0156314 0.0198452 0.00309005 -0.00302535 -0.0119096 0.00675743 -0.00658787 -0.0125849 -0.00649861 -0.00310635 0.0160979 0.00616937 0.0191137 0.0232776 0.0278592 0.0251707 0.0301886 0.0169315 0.0355262 0.00910539 -0.00261133 -0.0331076 -0.0220176 -0.0348487 -0.0251501 0.0171722 0.0390592
internal_weight=586317 457531 324525 91651 128786 133006 65755 34460 31295 232874 85536 37715 147338 94650 22052 72598 52088 41875 39102 29482 19206 5689 13517 14746 2463 53936 12741 20950 6993 2182
internal_count=586317 457531 324525 91651 128786 133006 65755 34460 31295 232874 85536 37715 147338 94650 22052 72598 52088 41875 39102 29482 19206 5689 13517 14746 2463 53936 12741 20950 6993 2182
is_linear=0
shrinkage=0.05


Tree=53
num_leaves=31
num_cat=0
split_feature=9 10 5 9 10 11 10 1 5 10 11 11 10 10 10 10 12 10 11 10 3 11 10 13 12 11 11 10 12 13
split_gain=23466.2 4610.79 2862.07 2227.51 1739.12 1631.47 1571.09 1473.53 1407.91 1359.8 1314.3 1264.51 1190.64 1627.63 1148.13 1105.93 1093.99 1876.44 1086.47 963.756 1298.16 955.299 954.374 933.8 2603 3564.28 1219.79 1031.02 1301.72 976.936
threshold=35.515878677368171 0.7324872910976411 31.052776336669925 39.44108963012696 0.91927745938301098 0.63207998871803295 0.56314551830291759 27.01949501037598 29.988348007202152 -0.98211652040481556 0.60503363609313976 0.44436171650886541 0.78829774260520946 0.59125596284866344 0.99762105941772472 0.7666517198085786 13.750000000000002 0.86958134174346935 -0.37370587885379786 0.68391311168670665 33.491941452026374 -0.98798605799674977 0.82876241207122814 78.250000000000014 17.250000000000004 -0.38961601257324213 0.21771516650915149 0.69636976718902599 14.750000000000002 79.250000000000014
decision_type=2 2 2 2 2 2 2 2 2 2 2 2 2 2 2 2 2 2 2 2 2 2 2 2 2 2 2 2 2 2
left_child=1 2 7 4 12 8 -5 21 10 -4 -3 16 13 -2 -6 -8 -10 -18 -19 20 -15 -1 -14 26 25 29 27 -11 -29 -25
right_child=3 5 9 6 14 -7 15 -9 11 23 -12 -13 22 19 -16 -17 17 18 -20 -21 -22 -23 -24 24 -26 -27 -28 28 -30 -31
leaf_value=-0.07602478171718767 0.0056525920630919107 0.016661656701817403 0.0088334008726686473 0.0112855405225967 0.025819027127773883 0.031723378970989431 0.047088334163742619 -0.010254890277874176 -0.0039002189282337681 -0.014683329320888753 0.13966248064227046 -0.0077108394408251096 -0.02627682751283323 0.15408622359290947 0.0047018598159014654 0.026909120554602456 0.060298252725127455 -0.051916003929673743 0.013277868476861014 0.016728333309400153 0.0392967586858445 -0.02269627732254199 0.0029652709091397295 0.011669123182103577 -0.008976077001127002 -0.0057451273062913179 -0.0021766655892737274 -0.053385732893146721 -0.28065697282955454 0.032783384156871487
leaf_weight=884 26014 532 21430 11310 32085 6413 9675 186065 10228 33638 367 16044 3575 261 8052 22769 2149 662 18444 7459 4373 16784 12711 11415 54477 25250 32219 424 74 10534
leaf_count=884 26014 532 21430 11310 32085 6413 9675 186065 10228 33638 367 16044 3575 261 8052 22769 2149 662 18444 7459 4373 16784 12711 11415 54477 25250 32219 424 74 10534
internal_value=-1.92874e-12 -0.00555721 -0.00745149 0.0180051 0.0136877 0.00802472 0.0273327 -0.0115652 0.00488633 -0.00302787 0.0668745 0.00371379 0.00786197 0.012698 0.0215827 0.0329267 0.00953588 0.0160014 0.011019 0.027854 0.045762 -0.0253645 -0.00345377 -0.00454061 -0.00152948 0.00706538 -0.00915458 -0.0157406 -0.087157 0.0218025
internal_weight=586317 448033 393194 138284 94530 54839 43754 203733 48426 189461 899 47527 54393 38107 40137 32444 31483 21255 19106 12093 4634 17668 16286 168031 101676 47199 66355 34136 498 21949
internal_count=586317 448033 393194 138284 94530 54839 43754 203733 48426 189461 899 47527 54393 38107 40137 32444 31483 21255 19106 12093 4634 17668 16286 168031 101676 47199 66355 34136 498 21949
is_linear=0
shrinkage=0.05


Tree=54
num_leaves=31
num_cat=0
split_feature=1 10 11 13 12 13 12 7 13 12 9 10 11 13 13 12 11 11 11 10 3 10 10 11 10 10 7 9 10 10
split_gain=21277.4 5020.12 3116.94 4965.02 2607.82 2483.74 2479.56 2237.79 1908.54 1898.75 1559.47 1472.06 1398.37 1068.12 1058.55 1172.71 2811.28 1095.3 1378.12 1160.52 1155.86 1131.62 1093.55 1047.31 1018.47 1013.69 1568.02 1475.14 989.16 941.312
threshold=35.989843368530281 0.44437406957149511 0.39752808213233953 77.250000000000014 17.250000000000004 78.750000000000014 15.750000000000002 37.432012557983406 81.750000000000014 14.250000000000002 41.78544998168946 -0.25950939953327173 -0.10737737268209456 83.750000000000014 81.250000000000014 17.750000000000004 -0.97502842545509327 0.23448270559310916 -0.86955720186233509 0.36571913957595831 40.425235748291023 0.99628895521163952 0.23448921740055087 -0.10737737268209456 -0.70252096652984608 1.0000000180025095e-35 34.259464263916023 32.814941406250007 0.5772862732410432 -0.97873103618621815
decision_type=2 2 2 2 2 2 2 2 2 2 2 2 2 2 2 2 2 2 2 2 2 2 2 2 2 2 2 2 2 2
left_child=1 2 3 6 5 -5 24 -3 9 11 14 -4 13 25 15 -2 -17 18 19 -18 -21 -20 -16 -8 -1 27 -27 -6 -12 -29
right_child=10 7 8 4 12 -7 23 -9 -10 -11 28 -13 -14 -15 22 16 17 -19 21 20 -22 -23 -24 -25 -26 26 -28 29 -30 -31
leaf_value=-0.017581391944646179 0.014674826163614624 0.003724195831353114 -0.030991785690122703 -0.0012288777891187944 -0.0089793784047532688 0.017555646224617621 -0.011437447065634399 0.04862500932640134 -0.027162341213139454 -0.0074230316097939758 0.012925703323766177 -0.0094803196946668597 0.006753819550732028 0.013790546651329005 -0.07549774160034585 -0.058818089076486002 0.03099443359346063 0.0060370088777942687 0.042237355177005151 -0.057699897384692923 0.023284558065596626 0.013446746404507643 0.0073142757152709244 0.011395002137465691 -0.036943564643753653 0.021376239003937453 -0.017670500307567349 0.03734198597955931 0.045611599570086439 -0.033772985298593634
leaf_weight=13440 62359 96592 17888 36006 40701 34419 22459 2857 20972 97370 3260 14319 19434 4970 408 941 2008 4508 19371 1064 752 4143 17397 6469 13730 5748 4652 489 7982 9609
leaf_count=13440 62359 96592 17888 36006 40701 34419 22459 2857 20972 97370 3260 14319 19434 4970 408 941 2008 4508 19371 1064 752 4143 17397 6469 13730 5748 4652 489 7982 9609
internal_value=6.83638e-12 -0.00493779 -0.0076667 -0.00376173 0.000825025 0.00795173 -0.0165191 0.00501412 -0.0131689 -0.010904 0.0183736 -0.0214279 -0.00503807 -0.00850138 0.016606 0.0186999 0.0263553 0.028872 0.0326375 0.00479972 -0.0241645 0.0371647 0.00541665 -0.00633156 -0.0273658 -0.0103117 0.00391033 -0.0132234 0.0361332 -0.0303292
internal_weight=586317 462124 362675 212126 156028 70425 56098 99449 150549 129577 124193 32207 85603 66169 112951 95146 32787 31846 27338 3824 1816 23514 17805 28928 27170 61199 10400 50799 11242 10098
internal_count=586317 462124 362675 212126 156028 70425 56098 99449 150549 129577 124193 32207 85603 66169 112951 95146 32787 31846 27338 3824 1816 23514 17805 28928 27170 61199 10400 50799 11242 10098
is_linear=0
shrinkage=0.05


Tree=55
num_leaves=31
num_cat=0
split_feature=1 10 11 13 12 9 13 12 12 13 10 11 11 9 11 10 7 9 10 11 10 10 11 10 7 10 12 10 12 13
split_gain=19211.5 4700.92 2842.51 4572.98 2338.3 1934.26 1722.46 1735.23 1622.32 3408.37 1589.49 1470.55 1387.22 1332.19 1110.55 1004.79 1723.42 1359.85 964.079 1104.89 958.968 2136.29 1557.33 938.682 936.854 902.801 886.32 958.776 850.752 935.294
threshold=36.148506164550788 0.44437406957149511 0.39752808213233953 76.750000000000014 16.250000000000004 37.630399703979499 81.750000000000014 14.750000000000002 17.250000000000004 78.750000000000014 -0.25950939953327173 -0.10737737268209456 -0.46734189987182612 41.78544998168946 -0.10737737268209456 1.0000000180025095e-35 34.259464263916023 33.092733383178718 0.95992380380630504 0.87377473711967479 0.97109106183052074 0.9946616291999818 0.030119189061224464 1.0000000180025095e-35 33.055078506469734 0.5772862732410432 19.250000000000004 -0.3415676057338714 17.250000000000004 80.250000000000014
decision_type=2 2 2 2 2 2 2 2 2 2 2 2 2 2 2 2 2 2 2 2 2 2 2 2 2 2 2 2 2 2
left_child=1 2 3 4 14 18 7 10 9 -5 -4 15 -7 20 -1 17 -17 24 19 -3 -2 28 -23 -11 -10 -15 -9 -28 -22 -30
right_child=13 5 6 8 -6 12 -8 26 11 23 -12 -13 -14 25 -16 16 -18 -19 -20 -21 21 22 -24 -25 -26 -27 27 -29 29 -31
leaf_value=-0.036893729444596311 0.013169854269286949 3.7966008924709965e-05 -0.028222228571196318 -0.0036982136290095759 -0.0057951221217897274 0.067013521024975736 -0.025804224128092242 -0.0041061974685085859 -0.0056111841804067477 0.013802243248588886 -0.0078953942550396942 0.0069494812775750189 -0.00380899631249525 0.012041852548974961 -0.0083331974838648012 0.021848519854784677 -0.01564995829120551 -0.028425379343874447 0.014734617928814151 0.024690385890638631 0.02398760927004991 -0.0019693656613935322 0.032539715989815435 0.039312840320328252 -0.031576765744632224 0.043321233579464602 -0.0050051242572951215 -0.028099992145420867 0.058435954339562161 0.024130162485235574
leaf_weight=16046 76846 78601 21632 48423 17194 2091 20972 72653 45950 30976 17316 20876 1033 3245 4320 6749 5612 9279 16370 4824 8084 9764 4915 4081 3758 7979 9024 8952 5703 3049
leaf_count=16046 76846 78601 21632 48423 17194 2091 20972 72653 45950 30976 17316 20876 1033 3245 4320 6749 5612 9279 16370 4824 8084 9764 4915 4081 3758 7979 9024 8952 5703 3049
internal_value=-2.03629e-12 -0.0045813 -0.00725023 -0.00353691 -0.0193727 0.0048532 -0.0125104 -0.0103588 -0.000151719 0.00489812 -0.0191851 -0.00472277 0.0435949 0.0178805 -0.0308355 -0.00813801 0.00482389 -0.0108542 0.00364043 0.00146348 0.0161821 0.023527 0.00958538 0.0167719 -0.00757422 0.034278 -0.00656572 -0.0165063 0.0356824 0.0464846
internal_weight=586317 466732 363813 213264 37560 102919 150549 129577 175704 83480 38948 92224 3124 119585 20366 71348 12361 58987 99795 83425 108361 31515 14679 35057 49708 11224 90629 17976 16836 8752
internal_count=586317 466732 363813 213264 37560 102919 150549 129577 175704 83480 38948 92224 3124 119585 20366 71348 12361 58987 99795 83425 108361 31515 14679 35057 49708 11224 90629 17976 16836 8752
is_linear=0
shrinkage=0.05


Tree=56
num_leaves=31
num_cat=0
split_feature=7 10 11 13 12 13 12 5 13 12 10 10 10 1 11 7 10 9 10 11 12 10 11 10 1 11 13 12 4 13
split_gain=17339.1 3506.14 2488.34 4299.51 2022.79 2262.63 1942.56 1696.09 1559.65 1711.11 1495.9 1990.51 1434.52 1408.85 1385.37 1498.01 1342.32 1201.49 1118.09 1301.15 1218.55 1238.92 1045.15 952.899 986.947 948.312 940.378 1786.99 1750.93 1363.89
threshold=35.593778610229499 0.44437406957149511 0.39752808213233953 77.250000000000014 16.750000000000004 78.750000000000014 15.750000000000002 39.728612899780281 81.250000000000014 14.750000000000002 0.21772121638059619 0.36571913957595831 -0.25950939953327173 35.297071456909187 -0.10737737268209456 32.815191268920906 -1.0000000180025095e-35 33.306697845458991 0.54883790016174328 0.53435277938842785 14.750000000000002 0.80392050743103038 -0.38961601257324213 -0.78297284245491017 34.555480957031257 -0.10737737268209456 81.250000000000014 14.750000000000002 1.0000000180025095e-35 77.250000000000014
decision_type=2 2 2 2 2 2 2 2 2 2 2 2 2 2 2 2 2 2 2 2 2 2 2 2 2 2 2 2 2 2
left_child=1 2 3 6 5 -5 -1 18 9 12 14 -12 -4 -13 15 16 17 -6 -2 20 -20 -22 -23 24 -7 -8 27 29 -29 -3
right_child=7 26 8 4 10 23 25 -9 -10 -11 11 13 -14 -15 -16 -17 -18 -19 19 -21 21 22 -24 -25 -26 -27 -28 28 -30 -31
leaf_value=-0.024906441361377089 0.0028861504783559899 -0.012668102363996479 -0.026811117157483091 -0.00037502802118646937 -0.0042857879295177944 0.017345488774794433 -0.011143474549825026 0.024504506935958931 -0.022961490969928004 -0.0055788615464737179 0.050659272009816049 0.061485050116790889 -0.0075006245164480111 -0.084086551749233684 0.0061962043145898822 -0.021026403590483828 0.027204555863953612 -0.040969688410934568 0.004934532840736177 -0.020545452324684469 0.034784482281474717 -0.0013202860561819852 0.019802361525182902 0.03054012962635555 -0.017090182228642583 0.010715287166730187 -0.006037012063883497 0.010412649154404464 0.049664185970458817 0.0075024893686117923
leaf_weight=27086 24493 16150 21632 32008 45587 11021 21719 38681 26215 85363 2560 238 17316 551 21825 17224 3233 2347 17239 2455 11470 7050 34586 11206 2565 6431 19151 38426 3068 17421
leaf_count=27086 24493 16150 21632 32008 45587 11021 21719 38681 26215 85363 2560 238 17316 551 21825 17224 3233 2347 17239 2455 11470 7050 34586 11206 2565 6431 19151 38426 3068 17421
internal_value=-9.64883e-13 -0.00472469 -0.00699389 -0.00341774 0.000964588 0.0084077 -0.0153474 0.0156481 -0.0118785 -0.00954129 -0.00355386 0.0292593 -0.0182258 -0.0401752 -0.00477195 -0.00827212 -0.00397873 -0.00608195 0.012127 0.015236 0.0164848 0.0202341 0.0162258 0.0197467 0.0108441 -0.00614974 0.00385266 0.00637577 0.0133148 -0.00220098
internal_weight=586317 450343 356127 205601 150365 56800 55236 135974 150526 124311 93565 3349 38948 789 90216 68391 51167 47934 97293 72800 70345 53106 41636 24792 13586 28150 94216 75065 41494 33571
internal_count=586317 450343 356127 205601 150365 56800 55236 135974 150526 124311 93565 3349 38948 789 90216 68391 51167 47934 97293 72800 70345 53106 41636 24792 13586 28150 94216 75065 41494 33571
is_linear=0
shrinkage=0.05


Tree=57
num_leaves=31
num_cat=0
split_feature=1 9 11 13 10 10 12 12 10 11 1 13 13 11 10 10 11 11 11 3 11 13 13 13 12 11 10 11 11 11
split_gain=15675.5 3854.23 1505.87 2018.19 2491.31 2794.42 2547.26 1496.83 1316.82 1267.08 1195.85 1181.93 1120.07 1480.24 1267.78 2408.41 958.482 1787.51 1662.98 1400.45 1041.99 1029.26 950.25 948.224 1066.39 1693.29 940.034 900.198 1078.05 890.362
threshold=36.148506164550788 32.704748153686531 -0.22610731422901151 78.250000000000014 0.44437406957149511 0.86958134174346935 17.250000000000004 13.750000000000002 -0.8520696461200713 0.9937097728252412 42.44023513793946 78.250000000000014 80.750000000000014 0.53435277938842785 -0.23448921740055081 -0.32533907890319819 -0.79354220628738392 -0.69014781713485707 -0.63872575759887684 29.948326110839847 -0.73829901218414296 77.250000000000014 81.250000000000014 81.750000000000014 18.750000000000004 -0.97502842545509327 -0.54883790016174305 0.23448270559310916 -0.85204595327377308 -0.97106409072875965
decision_type=2 2 2 2 2 2 2 2 2 2 2 2 2 2 2 2 2 2 2 2 2 2 2 2 2 2 2 2 2 2
left_child=1 7 3 8 6 -6 -5 11 -3 12 23 -1 14 -14 15 16 21 19 -19 20 -18 -9 -4 24 -2 -26 -23 28 -27 -25
right_child=10 2 22 4 5 -7 -8 9 -10 -11 -12 -13 13 -15 -16 -17 17 18 -20 -21 -22 26 -24 29 25 27 -28 -29 -30 -31
leaf_value=-0.018366226268242199 0.013832733341881141 -0.054354072099622966 0.010332986717782227 0.010542525801631083 0.058951638077962332 -0.015373050140917294 -0.014999475954902126 -0.0077532445847273207 -0.010742810664839049 -0.018960684626902004 0.036578124820972183 -0.0030470579270008512 -0.0029215943301514414 -0.017589926971106791 0.0035014817233497762 -0.02951421710904233 -0.092082107248693243 0.032102600836302432 -0.0045776206658494399 -0.011030607781425141 -0.029561551038366309 0.055279397286796622 -0.0052440363671851708 -0.087811224750562841 -0.053051494808464578 0.0072967266294040808 0.012091180625008675 0.00085767118749298507 0.038087933677110219 0.0042543041025939225
leaf_weight=45098 77319 1875 60390 22139 3851 1883 17459 5366 22520 16351 6760 17468 35657 33226 59014 9573 1224 3206 85427 3860 1463 1567 11685 268 653 3482 6430 2562 15482 13059
leaf_count=45098 77319 1875 60390 22139 3851 1883 17459 5366 22520 16351 6760 17468 35657 33226 59014 9573 1224 3206 85427 3860 1463 1567 11685 268 653 3482 6430 2562 15482 13059
internal_value=4.74622e-14 -0.00413827 0.00273967 -0.00249891 0.0037413 0.034544 -0.000719099 -0.00713986 -0.0140948 -0.00548265 0.0161514 -0.0140892 -0.00458684 -0.00999693 -0.00248295 -0.00547293 -0.0033526 -0.00511312 -0.00325084 -0.0303246 -0.0580413 0.00918695 0.0078076 0.0149275 0.0166051 0.0262699 0.0205538 0.0286761 0.0324343 0.00240291
internal_weight=586317 466732 141802 69727 45332 5734 39598 324930 24395 262364 119585 62566 246013 68883 177130 118116 108543 95180 88633 6547 2687 13363 72075 112825 99498 22179 7997 21526 18964 13327
internal_count=586317 466732 141802 69727 45332 5734 39598 324930 24395 262364 119585 62566 246013 68883 177130 118116 108543 95180 88633 6547 2687 13363 72075 112825 99498 22179 7997 21526 18964 13327
is_linear=0
shrinkage=0.05


Tree=58
num_leaves=31
num_cat=0
split_feature=9 10 10 9 11 5 11 10 10 1 11 9 10 10 11 13 12 13 12 11 11 10 13 12 11 13 10 13 10 12
split_gain=14183 3889.78 1890.89 1549.24 1475.25 1252.49 1525.87 1221.42 2203.23 1230.62 1205.61 1134.96 1473.32 966.861 1222.85 2500.37 1168.27 857.356 2176.39 2263.18 1408.33 1028.04 953.071 851.199 2087.91 1187.82 1119.93 917.306 817.721 1315.58
threshold=36.381807327270515 0.7324872910976411 -0.99466162919998158 30.663523674011234 0.63207998871803295 29.988348007202152 0.56312987208366405 0.59125596284866344 0.68391311168670665 35.675741195678718 -0.52705818414688099 40.432950973510749 0.91927745938301098 0.064507851377129569 -0.24284072965383527 76.750000000000014 15.250000000000002 78.250000000000014 17.250000000000004 -0.40541070699691767 -0.20930689573287961 -0.93535929918289173 79.250000000000014 14.250000000000002 -0.49749487638473505 79.750000000000014 0.96900084614753734 77.750000000000014 0.69636976718902599 15.250000000000002
decision_type=2 2 2 2 2 2 2 2 2 2 2 2 2 2 2 2 2 2 2 2 2 2 2 2 2 2 2 2 2 2
left_child=1 2 -1 13 5 10 23 -2 9 -9 -3 12 -10 14 15 16 -4 20 19 22 21 -5 -19 27 -25 -26 -27 -7 -23 -30
right_child=7 4 3 17 -6 6 -8 8 11 -11 -12 -13 -14 -15 -16 -17 -18 18 -20 -21 -22 28 -24 24 25 26 -28 -29 29 -31
leaf_value=0.0095715921774039425 0.0074225746667894157 -0.099911948013128624 -0.034996443690156573 -0.042931578230333667 0.029836631300058099 -0.011208994266873891 -0.017935151862193903 0.11047907845012826 0.0031300776289238949 0.038029550680180789 0.083302047226793283 0.028149174207501827 0.019479885537042298 -0.0035507254277141994 -0.016158518743408037 0.0012938397059656633 -0.0058831346686645273 0.0073722228311400954 -0.007120261736635056 -0.0027388204119369788 -0.0014087157839699712 -0.011144818954617521 0.026304538116925232 0.052569816737476099 0.017670149703369147 -0.011195911424276362 0.013380343448370906 0.011436549751478418 -0.042238660460159089 -0.26662671038553726
leaf_weight=19295 30784 101 8737 2920 6432 11133 7112 635 22577 7616 809 16008 35358 42731 77423 34316 5690 13412 69799 33825 44008 36517 13180 2791 16001 10979 8023 7474 557 74
leaf_count=19295 30784 101 8737 2920 6432 11133 7112 635 22577 7616 809 16008 35358 42731 77423 34316 5690 13412 69799 33825 44008 36517 13180 2791 16001 10979 8023 7474 557 74
internal_value=7.24361e-13 -0.00379925 -0.00570102 -0.00647005 0.00700352 0.00472386 0.00388937 0.0159176 0.0190992 0.0436053 0.0629673 0.0163646 0.0131084 -0.0100511 -0.0122528 -0.00604886 -0.0235142 -0.00364757 -0.0011063 0.00584156 -0.00758347 -0.0143654 0.0167558 0.00664137 0.0109513 0.00763279 -0.000819357 -0.0021128 -0.01212 -0.0685536
internal_weight=586317 473339 402484 383189 70855 64423 63513 112978 82194 8251 910 73943 57935 168897 126166 48743 14427 214292 130216 60417 84076 40068 26592 56401 37794 35003 19002 18607 37148 631
internal_count=586317 473339 402484 383189 70855 64423 63513 112978 82194 8251 910 73943 57935 168897 126166 48743 14427 214292 130216 60417 84076 40068 26592 56401 37794 35003 19002 18607 37148 631
is_linear=0
shrinkage=0.05


Tree=59
num_leaves=31
num_cat=0
split_feature=7 10 11 13 11 6 12 12 10 13 12 10 10 11 9 10 10 11 12 13 11 7 10 10 1 9 12 10 13 12
split_gain=12807.1 3142.31 2271.69 1889.45 1969.16 1408.62 1878.28 1354.8 1184.41 1169.61 1112.06 1100.21 1642.66 1067.79 1004.89 1381.91 987.017 920.435 1385.69 2165.56 1426.53 1304.55 1586.19 1444.06 1408.24 1330.18 839.672 825.716 811.096 788.644
threshold=36.220537185668952 0.23448921740055087 0.77756834030151378 76.750000000000014 -0.10737737268209456 1.0000000180025095e-35 14.750000000000002 19.250000000000004 -0.24284747242927548 78.250000000000014 16.250000000000004 0.59125596284866344 0.69636976718902599 0.9937097728252412 40.432950973510749 0.91927745938301098 0.7324872910976411 0.38167507946491247 16.750000000000004 78.750000000000014 -0.10737737268209456 32.666206359863288 -0.04732095077633857 -0.1330134719610214 31.76831150054932 33.685607910156257 14.750000000000002 0.99762105941772472 80.750000000000014 14.750000000000002
decision_type=2 2 2 2 2 2 2 2 2 2 2 2 2 2 2 2 2 2 2 2 2 2 2 2 2 2 2 2 2 2
left_child=1 2 3 4 10 -3 9 8 29 -7 -1 -2 -13 -10 15 -14 -16 18 19 -5 21 22 23 25 28 -20 -19 -17 -25 -4
right_child=11 5 7 17 -6 6 -8 -9 13 -11 -12 12 14 -15 16 27 -18 26 20 -21 -22 -23 -24 24 -26 -27 -28 -29 -30 -31
leaf_value=-0.031365899221745423 0.0066406261476236461 0.00050046541934270462 -0.028678268410011767 -0.0019747679231774946 0.00045618022303981403 -0.013617010923912917 0.026677418400868264 -0.02674048020180092 0.0036874073156928071 0.034322152833265458 -0.010835260307156692 0.037070443726937519 0.002625221424088409 -0.01354063830719671 0.078063557099880859 0.021944249156236533 0.023484765180239793 -0.021963060941932799 -0.0026282091184600745 0.016488084669770749 0.0068944597549887333 -0.01778744087545318 0.026071768753707283 -0.12157698217340392 -0.0012211086799625553 -0.064414678571660805 -0.0047161708839128791 0.0041290218918144722 -0.042745208955747439 -0.012017045317379738
leaf_weight=14233 30795 118294 10400 40406 15776 6483 12630 15577 19680 1583 12292 9667 22962 16564 878 30285 14650 9280 45744 26168 22736 21549 4256 594 1078 888 29462 8283 724 22400
leaf_count=14233 30795 118294 10400 40406 15776 6483 12630 15577 19680 1583 12292 9667 22962 16564 878 30285 14650 9280 45744 26168 22736 21549 4256 594 1078 888 29462 8283 724 22400
internal_value=3.50987e-12 -0.00369992 -0.00635736 -0.00391952 -0.0135321 0.00260588 0.01464 -0.0134209 -0.0104159 -0.00420867 -0.0218518 0.0147593 0.0176421 -0.00418604 0.0152048 0.0123365 0.0265708 -0.00191532 -0.000279181 0.00528236 -0.00407397 -0.00740644 -0.00320817 -0.00574989 -0.0436063 -0.00380479 -0.00884738 0.0181182 -0.0782733 -0.0172999
internal_weight=586317 468797 329807 245186 42301 138990 20696 84621 69044 8066 26525 117520 86725 36244 77058 61530 15528 202885 164143 66574 97569 74833 53284 49028 2396 46632 38742 38568 1318 32800
internal_count=586317 468797 329807 245186 42301 138990 20696 84621 69044 8066 26525 117520 86725 36244 77058 61530 15528 202885 164143 66574 97569 74833 53284 49028 2396 46632 38742 38568 1318 32800
is_linear=0
shrinkage=0.05


Tree=60
num_leaves=31
num_cat=0
split_feature=9 10 10 11 1 5 11 11 11 11 3 13 13 11 12 12 11 9 10 10 11 10 13 10 11 9 7 9 11 12
split_gain=11613.1 3354.69 1587.31 1340.35 1320.09 1128.52 1408.99 1176.84 981.271 1785.43 954.487 900.013 1718.65 2011.53 1504.53 1412.43 1156.4 873.919 1310.13 1367.41 1353.05 892.209 834.997 802.199 971.138 1125.54 855.509 755.77 752.919 738.168
threshold=36.461299896240241 0.7324872910976411 -0.99466162919998158 0.63207998871803295 27.643974304199222 30.056657791137699 0.56312987208366405 0.60503363609313976 -0.80389818549156178 -0.71464690566062916 33.491941452026374 80.750000000000014 78.750000000000014 -0.79354220628738392 14.750000000000002 17.750000000000004 0.53435277938842785 40.432950973510749 0.96460527181625377 0.9946616291999818 0.030119189061224464 0.7324872910976411 83.750000000000014 1.0000000180025095e-35 0.098816476762294783 32.131294250488288 33.055078506469734 29.92817306518555 -0.98798605799674977 15.750000000000002
decision_type=2 2 2 2 2 2 2 2 2 2 2 2 2 2 2 2 2 2 2 2 2 2 2 2 2 2 2 2 2 2
left_child=1 2 -1 5 28 7 -7 -3 -2 10 -10 12 14 15 -6 -14 22 18 -11 -20 -21 -19 -13 24 25 -16 -26 -8 -4 -12
right_child=8 3 4 -5 11 6 27 -9 9 17 29 16 13 -15 23 -17 -18 21 19 20 -22 -23 -24 -25 26 -27 -28 -29 -30 -31
leaf_value=0.00881965871450093 0.006798329280487527 0.013627210798078257 -0.052022308599450479 0.028303547569020572 -0.012944522233050319 0.0061821525280362265 0.045591823578113172 0.12672884799957787 0.13549351241907159 0.0050329167341232666 0.0097476541341716266 -0.0076082039484357128 0.024496175169630794 -0.0022034807749940484 -0.0054534452358755738 -0.0023003619440963778 -0.017484431156643342 0.074160379595452061 0.031075491744138945 -0.0044231844891742889 0.033586414423867554 0.022269426056779729 0.012044082129299262 0.0030604594200988144 -0.0033715195106216534 -0.022806131930973965 0.018095133469489277 -0.021557818068113313 -0.014311972252820444 0.042880666355985565
leaf_weight=19296 29616 585 1390 6432 62413 57848 447 379 243 31398 2195 36786 13936 78774 26964 7599 30155 878 13556 7574 3389 14654 6336 34540 37744 14301 5292 6696 27722 7179
leaf_count=19296 29616 585 1390 6432 62413 57848 447 379 243 31398 2195 36786 13936 78774 26964 7599 30155 878 13556 7574 3389 14654 6336 34540 37744 14301 5292 6696 27722 7179
internal_value=2.70853e-12 -0.00339453 -0.00517364 0.00651642 -0.00587689 0.00439172 0.00359517 0.0580935 0.0145873 0.0174329 0.0376585 -0.00503713 -0.00375251 0.00149858 -0.00665856 0.0150406 -0.00997321 0.0147106 0.0117962 0.0204569 0.00732675 0.0252027 -0.00472066 -0.00335729 -0.00598679 -0.0114673 -0.000731833 -0.0173557 -0.0161125 0.0351223
internal_weight=586317 475635 403248 72387 383952 65955 64991 964 110682 81066 9617 354840 281563 100309 181254 21535 73277 71449 55917 24519 10963 15532 43122 118841 84301 41265 43036 7143 29112 9374
internal_count=586317 475635 403248 72387 383952 65955 64991 964 110682 81066 9617 354840 281563 100309 181254 21535 73277 71449 55917 24519 10963 15532 43122 118841 84301 41265 43036 7143 29112 9374
is_linear=0
shrinkage=0.05


Tree=61
num_leaves=31
num_cat=0
split_feature=1 10 11 13 12 7 13 12 12 13 13 12 11 10 11 10 13 11 10 10 10 10 7 9 11 11 10 10 10 12
split_gain=10518.1 2812.28 1779.55 3000.45 1656.22 1445.49 1196.21 1206.07 1141.51 2061.48 1018.24 1515.1 1726.77 1315.88 981.31 950.505 909.484 877.738 858.646 815.132 836.537 811.805 1313.47 1148.14 804.684 1058.45 956.496 793.477 711.238 673.627
threshold=36.148506164550788 0.44437406957149511 0.39752808213233953 76.750000000000014 16.250000000000004 37.72160720825196 81.750000000000014 14.250000000000002 17.250000000000004 79.250000000000014 80.750000000000014 18.250000000000004 -0.97502842545509327 0.23448921740055087 -0.12447465583682059 -0.25950939953327173 83.750000000000014 0.87377473711967479 -0.70252096652984608 0.95992380380630504 0.9946616291999818 1.0000000180025095e-35 34.259464263916023 32.814941406250007 0.23448270559310916 -0.82389250397682179 0.99628895521163952 -0.97873103618621815 1.0000000180025095e-35 19.750000000000004
decision_type=2 2 2 2 2 2 2 2 2 2 2 2 2 2 2 2 2 2 2 2 2 2 2 2 2 2 2 2 2 2
left_child=1 2 3 4 18 17 7 15 9 -5 11 -2 -13 -12 16 -4 21 19 -1 -3 -21 23 -23 -10 25 -14 -27 -25 -11 -9
right_child=10 5 6 8 -6 -7 -8 29 14 28 13 12 24 -15 -16 -17 -18 -19 -20 20 -22 22 -24 27 -26 26 -28 -29 -30 -31
leaf_value=-0.014619519139759257 0.011265263362972792 -0.00018387714791448222 -0.023895630409346939 -0.00049534806495715863 -0.0039162946908785478 0.04121839549464601 -0.020694601232316326 -0.0037225984387376414 -0.0069462268072765527 0.01389802280806466 -0.077283061322848498 -0.052184241117283009 0.0093003519528906311 0.0052748592887251226 0.0057257193404711849 -0.0066100080350681364 0.014209471643441406 0.023775491209668945 -0.035153660522456144 0.018807964810097735 -0.0068898109409063178 0.019416793172071428 -0.014633871055938467 0.038288167326645868 0.0030739426868351015 0.039030637475784918 0.0089697788183383739 -0.02807524296307784 0.041707433158882617 -0.018090022835770891
leaf_weight=10080 68071 79190 17888 59711 17194 2532 20972 88382 43481 21190 494 712 5177 21018 21572 14319 4950 4824 10286 12081 4292 6291 5151 471 3228 17776 3109 10308 2579 8988
leaf_count=10080 68071 79190 17888 59711 17194 2532 20972 88382 43481 21190 494 712 5177 21018 21572 14319 4950 4824 10286 12081 4292 6291 5151 471 3228 17776 3109 10308 2579 8988
internal_value=-2.20569e-12 -0.00338982 -0.00545413 -0.00251603 -0.0153432 0.00390739 -0.00961617 -0.00782313 0.000226029 0.00446197 0.0132302 0.0153911 0.0247521 0.00337901 -0.00360829 -0.0162106 -0.00645822 0.00296632 -0.0249904 0.00191587 0.0120716 -0.00801532 0.00408774 -0.0105675 0.0266223 0.0295389 0.0345557 -0.0251754 0.0169154 -0.00504882
internal_weight=586317 466732 363813 213264 37560 102919 150549 129577 175704 83480 119585 98073 30002 21512 92224 32207 70652 100387 20366 95563 16373 65702 11442 54260 29290 26062 20885 10779 23769 97370
internal_count=586317 466732 363813 213264 37560 102919 150549 129577 175704 83480 119585 98073 30002 21512 92224 32207 70652 100387 20366 95563 16373 65702 11442 54260 29290 26062 20885 10779 23769 97370
is_linear=0
shrinkage=0.05


Tree=62
num_leaves=31
num_cat=0
split_feature=1 10 11 13 12 7 13 12 12 13 13 12 10 11 10 11 13 11 11 10 10 7 10 9 10 3 10 10 1 11
split_gain=9492.58 2538.08 1606.05 2707.9 1499.87 1308.43 1079.58 1088.48 1030.21 1885.16 921.883 1370.71 937.986 885.632 857.83 838.939 820.809 795.737 795.216 738.832 756.162 735.216 1273.67 1173.99 1145.5 1420.29 890.446 717.85 787.319 691.294
threshold=36.148506164550788 0.44437406957149511 0.39752808213233953 76.750000000000014 16.750000000000004 37.625789642333991 81.750000000000014 14.250000000000002 17.250000000000004 78.750000000000014 81.250000000000014 19.250000000000004 0.23448921740055087 -0.12447465583682059 -0.25950939953327173 -0.97502842545509327 83.750000000000014 -0.10737737268209456 0.87377473711967479 0.95992380380630504 0.9946616291999818 32.594604492187507 -0.04732095077633857 33.589101791381843 -0.1330134719610214 31.956161499023441 0.16705007851123813 1.0000000180025095e-35 34.201402664184577 0.23448270559310916
decision_type=2 2 2 2 2 2 2 2 2 2 2 2 2 2 2 2 2 2 2 2 2 2 2 2 2 2 2 2 2 2
left_child=1 2 3 4 17 18 7 14 9 -5 11 -2 -12 16 -4 -13 21 -1 19 -3 -21 22 23 24 -10 -26 -23 28 -11 -17
right_child=10 5 6 8 -6 -7 -8 -9 13 27 12 15 -14 -15 -16 29 -18 -19 -20 20 -22 26 -24 -25 25 -27 -28 -29 -30 -31
leaf_value=-0.027597487411282769 0.011823670502379506 -0.00022029898169669373 -0.022700848911155366 -0.0021542824762977629 -0.002315155571947928 0.03784551841875268 -0.019659871149476177 -0.0047963811188162812 -0.0035136400923714514 0.015589379278867317 -0.076342119756996785 -0.039213346648329921 0.0036099371743078396 0.0054394333866816412 -0.0062795076643318987 0.032917961664258186 0.013498997985906876 -0.004654303033210132 0.022586716683100874 0.017883120583219513 -0.0065943393190688315 -0.020488037657328696 0.022642365170657902 -0.063326663793959515 -0.076488802726623562 0.015081168033658899 0.005211541643239781 0.032781414040768612 -0.0019457618412951697 -0.0011011396377213166
leaf_weight=17771 85744 79049 17888 48423 14989 2733 20972 97370 37874 21937 375 458 16859 21572 14319 14484 4950 4800 4824 12037 4276 16791 4080 894 1188 658 4217 4081 9039 1665
leaf_count=17771 85744 79049 17888 48423 14989 2733 20972 97370 37874 21937 375 458 16859 21572 14319 14484 4950 4800 4824 12037 4276 16791 4080 894 1188 658 4217 4081 9039 1665
internal_value=-3.37055e-12 -0.00322033 -0.00518142 -0.00239023 -0.0145761 0.00371202 -0.00913536 -0.00743197 0.000214727 0.00423887 0.0125687 0.0143702 0.00187024 -0.00342787 -0.0154 0.027518 -0.00613531 -0.0227183 0.00278088 0.00177898 0.011467 -0.00761456 -0.00398832 -0.00666359 -0.00538824 -0.043849 -0.0153293 0.0130695 0.0104725 0.0294105
internal_weight=586317 466732 363813 213264 37560 102919 150549 129577 175704 83480 119585 102351 17234 92224 32207 16607 70652 22571 100186 95362 16313 65702 44694 40614 39720 1846 21008 35057 30976 16149
internal_count=586317 466732 363813 213264 37560 102919 150549 129577 175704 83480 119585 102351 17234 92224 32207 16607 70652 22571 100186 95362 16313 65702 44694 40614 39720 1846 21008 35057 30976 16149
is_linear=0
shrinkage=0.05


Tree=63
num_leaves=31
num_cat=0
split_feature=9 10 10 11 1 5 11 11 1 13 13 11 12 11 12 10 10 10 13 11 11 3 10 11 11 10 11 13 10 11
split_gain=8593.72 2545.85 1276.79 1263.64 1086.68 1025.62 1221.41 1076.06 820.724 777.781 1690.7 1826.27 1812.6 1134.82 1004.43 737.748 798.129 772.2 732.432 725.457 1207.39 923.918 868.609 911.5 835.643 803.547 1184.54 740.113 760.485 731.367
threshold=36.461299896240241 0.7324872910976411 -0.99466162919998158 0.63207998871803295 25.946461677551273 30.056657791137699 0.56312987208366405 0.57727023959159862 43.429134368896491 80.750000000000014 78.250000000000014 -0.79354220628738392 15.250000000000002 0.53435277938842785 16.750000000000004 1.0000000180025095e-35 0.34964421391487127 -0.1330134719610214 79.250000000000014 -0.80389818549156178 -0.71464690566062916 33.637145996093757 0.91236633062362682 -0.61186373233795155 -0.55599683523178089 0.9946616291999818 0.030119189061224464 78.250000000000014 0.38168568909168249 -0.48248986899852747
decision_type=2 2 2 2 2 2 2 2 2 2 2 2 2 2 2 2 2 2 2 2 2 2 2 2 2 2 2 2 2 2
left_child=1 2 -1 5 -4 7 -7 -3 19 10 12 14 -6 -11 18 17 -17 -16 -12 27 21 -21 23 -22 -25 -24 -27 28 -2 -26
right_child=8 3 4 -5 9 6 -8 -9 -10 13 11 -13 -14 -15 15 16 -18 -19 -20 20 22 -23 25 24 29 26 -28 -29 -30 -31
leaf_value=0.008080196093398391 0.012657404349404206 0.0025647157567601896 -0.024674726207515284 0.026868258622460475 -0.013088303703292455 0.00530002892954844 -0.016615005825875672 0.10822285874688167 0.04244473355913058 -0.0038947298753381123 0.010955465210227614 -0.002528039144435374 -0.0024396129767851956 -0.016019716626512963 0.0019743484279819063 0.027657812643908788 -0.050384117918310906 -0.0315326076815034 0.032925008614145795 0.12459059657493177 0.018005885490812161 0.028933881525102512 0.021340882750351273 -0.01957457352212057 0.018395218738598829 -0.0033123437795247014 0.03060123978857306 0.010244758662981891 -0.018733119879679648 -0.0044831620836433854
leaf_weight=19296 3021 487 6962 6432 69897 57848 7143 477 2249 44381 8926 105471 93311 34144 8182 3542 361 2177 6598 260 9627 8671 29263 4547 5973 9105 3590 20622 5340 8414
leaf_count=19296 3021 487 6962 6432 69897 57848 7143 477 2249 44381 8926 105471 93311 34144 8182 3542 361 2177 6598 260 9627 8671 29263 4547 5973 9105 3590 20622 5340 8414
internal_value=-5.50799e-12 -0.00292009 -0.00446995 0.00571378 -0.00510068 0.00365077 0.0028914 0.0548458 0.0125485 -0.0047392 -0.00357429 0.000559496 -0.00700012 -0.00916688 0.0114923 0.00191298 0.0204395 -0.00506732 0.0202929 0.0119285 0.0143986 0.0317186 0.0122051 0.00547916 -0.000890053 0.0167834 0.00627803 0.00515718 -0.00739108 0.00501517
internal_weight=586317 475635 403248 72387 383952 65955 64991 964 110682 376990 298465 135257 163208 78525 29786 14262 3903 10359 15524 108433 79450 8931 70519 28561 18934 41958 12695 28983 8361 14387
internal_count=586317 475635 403248 72387 383952 65955 64991 964 110682 376990 298465 135257 163208 78525 29786 14262 3903 10359 15524 108433 79450 8931 70519 28561 18934 41958 12695 28983 8361 14387
is_linear=0
shrinkage=0.05


Tree=64
num_leaves=31
num_cat=0
split_feature=1 10 11 13 11 12 10 7 12 11 3 10 11 1 13 7 10 11 13 12 11 11 10 10 11 11 10 9 12 13
split_gain=7797.86 2234.74 1342.33 1576.55 1588.18 1371.11 1314.49 1099.56 1043.6 924.006 798.116 797.192 1446 944.182 758.716 806.517 771.32 745.365 644.763 870.661 1222.94 656.329 699.669 651.064 649.462 638.235 882.505 898.208 796.288 1089.98
threshold=36.314168930053718 0.44437406957149511 0.77756834030151378 76.750000000000014 -0.10737737268209456 19.250000000000004 -0.24284747242927548 37.72160720825196 16.250000000000004 0.99548450112342846 42.837522506713874 1.0000000180025095e-35 -0.99049577116966236 27.419076919555668 81.250000000000014 31.619047164916996 0.38168568909168249 0.87377473711967479 81.750000000000014 18.750000000000004 -0.97502842545509327 0.23448270559310916 0.50495636463165294 0.99628895521163952 -0.97106409072875965 0.38167507946491247 -0.8779519498348235 32.066881179809577 16.750000000000004 79.250000000000014
decision_type=2 2 2 2 2 2 2 2 2 2 2 2 2 2 2 2 2 2 2 2 2 2 2 2 2 2 2 2 2 2
left_child=1 2 3 4 8 6 -4 17 -1 -8 18 12 13 -5 16 -16 -13 -3 19 -2 -21 22 -22 -24 -20 28 -27 -28 29 -14
right_child=10 7 5 11 -6 -7 9 -9 -10 -11 -12 14 25 -15 15 -17 -18 -19 24 20 21 -23 23 -25 -26 26 27 -29 -30 -31
leaf_value=-0.026711148660415709 0.0096027139195918806 0.0017412194560770542 -0.014629648528477718 -0.12288019707569345 0.0015485275666666781 -0.021460482106906476 0.0020100120980981059 0.034014642431358759 -0.0078133075815492881 -0.012969996611746127 0.032162021055639249 0.01519215528694298 0.0009517264149408515 -0.018159684271166817 0.028614750034681381 -0.018882638929634293 -0.018750271412548331 0.021869130359955972 -0.079260527783642634 -0.049795196167766481 0.004329666698179936 -0.0025563885920408484 0.034122387324826503 0.0074601473590043352 0.001820788576046165 -0.021502977738334525 -0.0080724124881685847 0.011183925212866755 -0.0026036054244822095 0.016662875837282057
leaf_weight=16051 74906 98838 32800 220 15776 19425 39360 2877 13408 13940 4567 17750 42147 9958 1126 4333 1848 4824 252 598 3238 2311 13905 2741 12384 8016 22433 8295 83033 14957
leaf_count=16051 74906 98838 32800 220 15776 19425 39360 2877 13408 13940 4567 17750 42147 9958 1126 4333 1848 4824 252 598 3238 2311 13905 2741 12384 8016 22433 8295 83033 14957
internal_value=1.9594e-12 -0.00284678 -0.00470699 -0.00277253 -0.0112539 -0.00946136 -0.00675424 0.00352411 -0.01811 -0.00190784 0.0116796 -0.000980719 -0.00209141 -0.0204232 0.00739961 -0.0090856 0.0119915 0.00267789 0.0108318 0.0122064 0.0207631 0.0226642 0.0255954 0.0297321 0.000203782 -0.00104836 -0.00672841 -0.00287418 0.000522017 0.00506688
internal_weight=586317 471415 364876 259351 45235 105525 86100 106539 29459 53300 114902 214116 189059 10178 25057 5459 19598 103662 110335 97699 22793 22195 19884 16646 12636 178881 38744 30728 140137 57104
internal_count=586317 471415 364876 259351 45235 105525 86100 106539 29459 53300 114902 214116 189059 10178 25057 5459 19598 103662 110335 97699 22793 22195 19884 16646 12636 178881 38744 30728 140137 57104
is_linear=0
shrinkage=0.05


Tree=65
num_leaves=31
num_cat=0
split_feature=1 10 11 13 11 12 9 11 12 10 11 12 10 3 10 11 5 3 11 10 11 13 13 10 12 10 4 13 10 12
split_gain=7037.57 2016.85 1226.1 1749.61 1280.42 1086.12 993.867 1364.56 945.814 824.044 865.595 829.446 1045.72 1006.18 776.793 735.757 735.182 726.449 683.844 656.946 661.546 1193.51 691.958 2231.1 1055.48 734.672 648.724 637.826 994.076 920.419
threshold=36.314168930053718 0.44437406957149511 0.57727023959159862 76.750000000000014 -0.10737737268209456 19.250000000000004 37.630399703979499 -0.46734189987182612 15.750000000000002 -0.22611359506845471 0.99548450112342846 14.750000000000002 -0.3415676057338714 30.263662338256839 -0.7721494436264037 -0.32533003389835352 26.692610740661625 43.408536911010749 0.88201534748077404 0.95992380380630504 0.34963449835777288 80.250000000000014 77.250000000000014 0.87795194983482372 14.750000000000002 0.90880924463272106 1.0000000180025095e-35 80.750000000000014 0.23448921740055087 17.750000000000004
decision_type=2 2 2 2 2 2 2 2 2 2 2 2 2 2 2 2 2 2 2 2 2 2 2 2 2 2 2 2 2 2
left_child=1 2 3 4 8 9 18 -8 -1 11 -11 -4 13 14 -13 -9 -14 27 19 20 22 26 -3 24 -24 -25 -22 29 -29 -2
right_child=17 6 5 -5 -6 -7 7 15 -10 10 -12 12 16 -15 -16 -17 -18 -19 -20 -21 21 -23 23 25 -26 -27 -28 28 -30 -31
leaf_value=-0.026426839065758878 0.0084513466429685675 -0.018864056393334123 -0.019441170912569101 -0.00030633730915967931 0.0025151811167340417 -0.017914343357538276 0.052290544937301425 -0.070885024210519745 -0.0085011429254356133 0.0022425361553123331 -0.01232149681471581 -0.065130685890936402 0.094179997578497945 -0.0088678432005119875 0.012593529768129968 0.012591178788164898 -0.027356725172977298 0.038900816663188967 0.025145214116401349 0.010429647073088723 0.0054652406280744775 -0.0091352775120065056 0.0020686202824565869 -0.06745811542784555 0.04573280399562666 -0.015268816215278631 0.040902301472457672 -0.070044964209699967 0.0042180408996652409 0.018789269994267357
leaf_weight=14303 57809 8558 17472 192740 11424 24161 2294 378 15156 38048 13940 332 127 20898 10130 875 6145 2302 3216 17791 44581 16649 2995 793 2573 4506 1330 461 20021 34309
leaf_count=14303 57809 8558 17472 192740 11424 24161 2294 378 15156 38048 13940 332 127 20898 10130 875 6145 2302 3216 17791 44581 16649 2995 793 2573 4506 1330 461 20021 34309
internal_value=-1.54399e-12 -0.00270444 -0.00447165 -0.00229916 -0.0116942 -0.00833855 0.00334791 0.0293705 -0.0172045 -0.00617816 -0.00166265 -0.0104383 -0.00625843 -0.00253097 0.010127 -0.0125916 -0.0248958 0.0110957 0.0024517 0.00172024 -0.000169731 0.002333 -0.00823002 0.000144516 0.0222461 -0.023079 0.00649182 0.0105272 0.00254656 0.0123017
internal_weight=586317 471415 364876 233623 40883 131253 106539 3547 29459 107092 51988 55104 37632 31360 10462 1253 6272 114902 102992 99776 81985 62560 19425 10867 5568 5299 45911 112600 20482 92118
internal_count=586317 471415 364876 233623 40883 131253 106539 3547 29459 107092 51988 55104 37632 31360 10462 1253 6272 114902 102992 99776 81985 62560 19425 10867 5568 5299 45911 112600 20482 92118
is_linear=0
shrinkage=0.05


Tree=66
num_leaves=31
num_cat=0
split_feature=10 11 12 13 11 5 11 1 7 10 10 11 10 5 7 11 9 11 9 11 1 10 13 10 12 10 1 10 10 13
split_gain=6397.04 2766.87 2184.21 2817.3 1241.91 1215.82 1131.71 896.89 719.974 709.3 1445.53 902.4 691.47 639.533 639.282 1156.64 1646.75 924.126 1646.17 1263.46 1652.59 611.918 829.505 1100.53 1493.07 1602.73 1434.57 723.701 1052.21 692.237
threshold=0.59125596284866344 -0.72658059000968922 14.750000000000002 79.750000000000014 0.26780438423156744 33.25818061828614 -0.54160776734352101 25.946461677551273 32.064420700073249 0.96683886647224437 0.9946616291999818 -0.021515300963073965 -0.99466162919998158 28.100946426391605 38.596643447875984 -0.66483077406883229 35.595941543579109 -0.49749487638473505 36.223758697509773 -0.37370587885379786 38.367088317871101 -0.98211652040481556 78.250000000000014 -0.7721494436264037 17.250000000000004 0.25118774175643926 33.441390991210945 -0.11593352630734442 -0.21772121638059613 79.250000000000014
decision_type=2 2 2 2 2 2 2 2 2 2 2 2 2 2 2 2 2 2 2 2 2 2 2 2 2 2 2 2 2 2
left_child=5 -2 6 9 -5 7 8 -1 -3 13 -11 -12 -9 -4 15 16 -15 18 -17 20 -19 -7 -23 -24 29 26 -26 28 -28 -25
right_child=1 2 3 4 -6 21 -8 12 -10 10 11 -13 -14 14 -16 17 -18 19 -20 -21 -22 22 23 24 25 -27 27 -29 -30 -31
leaf_value=-0.022631712356342183 0.031978554846463593 -0.079973874092466271 0.10257491264115981 0.0068332181472359243 -0.0094186378330857936 0.016744466389195734 -0.00015783966321571632 0.0057705202686952999 -0.018376901361324891 0.034476718283331646 -0.011560056690049433 0.021586605694284861 -0.0049663338608349813 -0.20418500126938205 0.020359011792048989 0.093881772441705799 -0.018523680214795342 -0.0770603968550157 0.0072677914148104586 0.0099610653913770105 0.042674542601755988 -0.0073385134715337579 -0.0093316093974726358 0.0062095989357219914 0.0019252410118532313 0.0099717647844238585 -0.02250112246071722 -0.049656221664882927 0.11594021293767698 0.023226780158423291
leaf_weight=6917 11256 521 198 30744 19032 6377 36608 15781 5303 12672 3520 4928 301243 140 17219 890 813 923 1430 28656 419 23145 12391 10505 4560 11646 1091 3370 157 13862
leaf_count=6917 11256 521 198 30744 19032 6377 36608 15781 5303 12672 3520 4928 301243 140 17219 890 813 923 1430 28656 419 23145 12391 10505 4560 11646 1091 3370 157 13862
internal_value=2.79447e-12 0.00799801 0.00635228 0.00976093 0.000619273 -0.0034104 -0.00341481 -0.00482048 -0.0238872 0.0160978 0.0237962 0.0077755 -0.00443187 0.0128901 0.0125384 0.00849089 -0.0457982 0.0100918 0.0404947 0.00774046 -0.0396767 0.00183374 0.000655868 0.0038692 0.00748875 -0.00234236 -0.0179678 -0.037611 -0.00508502 0.0158904
internal_weight=586317 175272 164016 121584 49776 411045 42432 323941 5824 71808 21120 8448 317024 50688 50490 33271 953 32318 2320 29998 1342 87104 80727 57582 45191 20824 9178 4618 1248 24367
internal_count=586317 175272 164016 121584 49776 411045 42432 323941 5824 71808 21120 8448 317024 50688 50490 33271 953 32318 2320 29998 1342 87104 80727 57582 45191 20824 9178 4618 1248 24367
is_linear=0
shrinkage=0.05


Tree=67
num_leaves=31
num_cat=0
split_feature=10 11 12 13 5 11 11 1 3 13 10 10 5 10 7 11 9 11 9 11 1 4 10 12 10 11 10 11 10 10
split_gain=5773.33 2497.1 1971.25 2570.65 1097.28 1028.84 940.892 809.443 764.973 741.88 660.5 1423.22 626.018 624.052 620.604 833.829 1565.85 1015.62 1638.68 1058.01 1624.78 659.737 642.673 706.225 594.624 1520.95 1161.24 2693.54 1427.5 1494.06
threshold=0.59125596284866344 -0.72658059000968922 14.750000000000002 80.250000000000014 33.25818061828614 -0.40541070699691767 0.25118076056241995 25.946461677551273 35.016193389892585 78.250000000000014 0.96683886647224437 0.99628895521163952 28.247999191284183 -0.99466162919998158 38.596643447875984 -0.66483077406883229 35.595941543579109 -0.49749487638473505 36.223758697509773 -0.37370587885379786 38.259286880493171 0.094978481531143202 0.88606244325637828 17.250000000000004 0.047320950776338584 -0.9946339726448058 -0.35769492387771601 -0.89388549327850331 -0.25118774175643915 -0.1330134719610214
decision_type=2 2 2 2 2 2 2 2 2 2 2 2 2 2 2 2 2 2 2 2 2 2 2 2 2 2 2 2 2 2
left_child=4 -2 5 10 7 9 -5 -1 -8 -3 12 -12 -4 -9 15 16 -14 18 -17 20 22 -21 -19 -24 26 -26 27 -15 -28 -30
right_child=1 2 3 6 -6 -7 8 13 -10 -11 11 -13 14 24 -16 17 -18 19 -20 21 -22 -23 23 -25 25 -27 28 -29 29 -31
leaf_value=-0.021500126763781054 0.030379627030528263 -0.029596189284890068 0.091936005468004969 0.0051414322061036286 0.0017420493282118657 0.00095687879323751049 -0.0059377427394958536 0.0054819942548370599 -0.037133886401689513 -0.001415100339905664 0.03009674917063054 0.0041376903661826834 -0.17888318562857164 0.024941562617276061 0.018543090393008051 0.088940170411102235 -0.010675682401800831 -0.004004672011466359 0.0084145057438908231 0.0071122391519910892 0.037345003892529455 0.049085016904677474 -0.052355519069342119 -0.14912693499601803 0.039233994873767518 -0.0019573096028366443 -0.023496372593250606 -0.0051223969606311653 0.0036415952735641801 -0.014793390682508413
leaf_weight=6917 11256 5520 241 24800 87104 32864 13706 15781 2294 4048 15840 7920 162 7802 19028 1003 948 275 1707 31385 536 965 449 325 2324 62759 18214 165255 19220 25669
leaf_count=6917 11256 5520 241 24800 87104 32864 13706 15781 2294 4048 15840 7920 162 7802 19028 1003 948 275 1707 31385 536 965 449 325 2324 62759 18214 165255 19220 25669
internal_value=2.40944e-12 0.00759811 0.00603467 0.00927289 -0.00323988 -0.00324407 -0.000957361 -0.00457946 -0.0104105 -0.0176734 0.0144397 0.0214437 0.0115213 -0.00421028 0.01118 0.00746914 -0.0352249 0.00876237 0.0382179 0.00641009 -0.0334752 0.00836429 -0.0696617 -0.0929895 -0.00471802 -0.00048644 -0.00588419 -0.00376701 -0.0116905 -0.00690013
internal_weight=586317 175272 164016 121584 411045 42432 40800 323941 16000 9568 80784 23760 57024 317024 56783 37755 1110 36645 2710 33935 1585 32350 1049 774 301243 65083 236160 173057 63103 44889
internal_count=586317 175272 164016 121584 411045 42432 40800 323941 16000 9568 80784 23760 57024 317024 56783 37755 1110 36645 2710 33935 1585 32350 1049 774 301243 65083 236160 173057 63103 44889
is_linear=0
shrinkage=0.05


Tree=68
num_leaves=31
num_cat=0
split_feature=10 9 11 11 11 5 4 12 10 12 13 12 13 12 11 9 10 11 11 10 1 12 5 1 7 1 9 12 11 12
split_gain=5241.64 1924.95 1350.89 2680.32 1343.47 1212.9 1122.59 890.925 926.936 878.875 830.764 789.347 739.444 1389.21 1634.55 1057.14 1252 1045.57 1010.78 796.972 735.073 717.946 718.327 1042.29 678.88 614.607 607.261 600.969 779.021 829.65
threshold=0.28435654938220983 37.072944641113288 -0.93533331155776966 -0.83352491259574879 0.77756834030151378 27.17766094207764 1.0000000180025095e-35 18.750000000000004 -0.48250326514244074 19.250000000000004 81.750000000000014 13.750000000000002 77.750000000000014 17.750000000000004 -0.62538740038871754 34.556671142578132 0.23448921740055087 -0.10737737268209456 -0.70250144600868214 -0.61188074946403492 34.807247161865241 15.250000000000002 32.022941589355476 30.491027832031254 32.77949523925782 33.536117553710945 30.105833053588871 14.250000000000002 0.21771516650915149 18.750000000000004
decision_type=2 2 2 2 2 2 2 2 2 2 2 2 2 2 2 2 2 2 2 2 2 2 2 2 2 2 2 2 2 2
left_child=4 2 25 -4 5 -1 10 8 21 -3 27 -8 17 14 18 16 -15 -7 19 -14 -16 -6 -23 -24 -19 -2 -25 -5 29 -29
right_child=1 9 3 6 7 12 11 -9 -10 -11 -12 -13 13 15 20 -17 -18 24 -20 -21 -22 22 23 26 -26 -27 -28 28 -30 -31
leaf_value=-0.018399448628657958 0.011440912562911149 0.0088384562330318817 -0.028680349175523562 -0.0023618145744913385 -0.033566129049885506 -0.0098481425387806441 -0.0011627075004050841 -0.017441763733720552 -0.0033975053350405655 0.020719155869697563 -0.0080756727967563995 0.023877316551466993 -0.0097660846275197215 -0.0031997661871012101 0.00047964099107195127 -0.025076166540252944 0.068088306721011946 -0.0012409140470572837 0.040125897338135631 0.013298146442954899 -0.025632213708474301 -0.00098804967472103595 -0.19467077880936604 -0.17749220936344223 0.019455100872313752 0.050402915050194654 -0.020014231848234344 0.011085716697346556 0.003312111448625801 0.0445701172376054
leaf_weight=10922 2042 68164 7016 33378 4880 49117 4572 24030 53655 20173 19331 10100 4289 75028 45993 5628 621 25453 3118 29555 2863 5659 104 65 4693 2007 1052 10925 59657 2227
leaf_count=10922 2042 68164 7016 33378 4880 49117 4572 24030 53655 20173 19331 10100 4289 75028 45993 5628 621 25453 3118 29555 2863 5659 104 65 4693 2007 1052 10925 59657 2227
internal_value=-3.14858e-12 0.00568714 0.00226215 0.00147847 -0.0039299 -0.00209477 0.00298781 -0.00920846 -0.00618398 0.0115516 0.00145809 0.0160745 -0.00137192 0.000514736 0.0049515 -0.00416991 -0.00261456 -0.0053492 0.0128849 0.0103753 -0.00105053 -0.0188973 -0.0084926 -0.0432741 0.00198095 0.0307535 -0.0291781 0.00319368 0.0057405 0.0167556
internal_weight=586317 239592 151255 147206 346725 257280 140190 89445 65415 88337 125518 14672 246358 167095 85818 81277 75649 79263 36962 33844 48856 11760 6880 1221 30146 4049 1117 106187 72809 13152
internal_count=586317 239592 151255 147206 346725 257280 140190 89445 65415 88337 125518 14672 246358 167095 85818 81277 75649 79263 36962 33844 48856 11760 6880 1221 30146 4049 1117 106187 72809 13152
is_linear=0
shrinkage=0.05


Tree=69
num_leaves=31
num_cat=0
split_feature=10 11 12 13 11 13 11 12 12 13 11 12 10 10 1 11 11 9 10 11 7 10 9 7 11 10 13 10 1 10
split_gain=4740.05 2214.57 1678.58 2282.32 964.74 952.943 2582.27 2004.38 1933.25 1092.86 943.641 917.707 978.281 846.955 1195.15 834.36 770.436 767.975 1596.64 658.809 920.275 824.33 927.407 639.277 598.507 590.643 580.025 570.831 761.09 777.618
threshold=0.59125596284866344 -0.72658059000968922 14.750000000000002 79.750000000000014 -0.55599683523178089 77.750000000000014 0.38167507946491247 16.250000000000004 15.250000000000002 79.250000000000014 0.26780438423156744 18.750000000000004 -0.8779519498348235 0.23448921740055087 37.43890571594239 -0.73829901218414296 -0.10737737268209456 33.988399505615241 0.38168568909168249 -0.10737737268209456 32.934041976928718 -1.0000000180025095e-35 33.493890762329109 32.064420700073249 0.01290981797501445 -0.71466678380966175 76.750000000000014 -0.96683886647224415 31.644694328308109 -0.99052327871322621
decision_type=2 2 2 2 2 2 2 2 2 2 2 2 2 2 2 2 2 2 2 2 2 2 2 2 2 2 2 2 2 2
left_child=5 -2 4 -4 23 8 7 9 15 -7 -5 12 -8 14 19 26 -10 18 -15 20 21 22 27 -3 -18 -24 -1 28 -9 -30
right_child=1 2 3 10 -6 6 11 13 16 -11 -12 -13 -14 17 -16 -17 24 -19 -20 -21 -22 -23 25 -25 -26 -27 -28 -29 29 -31
leaf_value=-0.031287105676692149 0.028338745829644348 -0.07655892146938291 0.01410404853881451 0.0055890589459524995 -0.00026853662157920108 0.0053377144522112219 -0.026956923283310643 -0.00040856954971068302 -0.0064485119918028938 0.020341869450677154 -0.008577390921924867 -0.013749468039955441 -0.002585290594080266 0.065411556023934822 -0.062836892243412698 -0.0092753596881188782 0.028425639684526556 0.0061812718033120127 -0.10280303569976242 0.0054514812086998822 -0.013906011452076615 0.022700811441125786 0.0056736332690676405 -0.017371484120362764 0.001875619639577969 -0.052009823086831476 -0.013296140408307825 0.00075508238077902313 0.0087305808255481003 -0.056078251092337272
leaf_weight=8960 11256 503 71808 30744 37024 32616 4368 3128 39040 19328 19032 35154 71799 1192 824 39340 2240 15208 160 20880 19476 3388 629 4905 40520 1507 8960 40010 639 1679
leaf_count=8960 11256 503 71808 30744 37024 32616 4368 3128 39040 19328 19032 35154 71799 1192 824 39340 2240 15208 160 20880 19476 3388 629 4905 40520 1507 8960 40010 639 1679
internal_value=3.43022e-12 0.00688468 0.00541234 0.00840052 -0.00314995 -0.00293567 -0.00121424 0.0028411 -0.00630257 0.0109207 0.000172475 -0.00706711 -0.00398295 -0.00101914 -0.00288984 -0.0133489 -0.00137013 0.00939172 0.0455045 -0.00234902 -0.00466074 -0.00112875 -0.00282513 -0.0228765 0.00326645 -0.0350234 -0.0222916 -0.00131212 -0.0164992 -0.0382125
internal_weight=586317 175272 164016 121584 42432 411045 271985 160664 139060 51944 49776 111321 76167 108720 92160 57260 81800 16560 1352 91336 70456 50980 47592 5408 42760 2136 17920 45456 5446 2318
internal_count=586317 175272 164016 121584 42432 411045 271985 160664 139060 51944 49776 111321 76167 108720 92160 57260 81800 16560 1352 91336 70456 50980 47592 5408 42760 2136 17920 45456 5446 2318
is_linear=0
shrinkage=0.05


Tree=70
num_leaves=31
num_cat=0
split_feature=10 9 10 10 11 8 5 3 12 13 13 11 10 12 5 10 10 12 10 12 11 11 11 12 11 10 11 4 10 9
split_gain=4344.62 1584.08 1188.82 2121.48 1168.13 1095.27 1032.75 855.375 845.838 989.425 909.089 894.445 819.682 768.01 769.262 757.487 718.471 694.737 824.891 691.422 661.609 638.195 697.36 1223.02 1116.77 1005.27 702.826 639.552 620.019 846.438
threshold=0.28435654938220983 37.630399703979499 0.34964421391487127 0.42888796329498297 0.77756834030151378 0.25853407382965093 27.17766094207764 35.754987716674812 14.250000000000002 81.250000000000014 77.750000000000014 0.25118076056241995 0.97109106183052074 19.250000000000004 31.668210983276371 0.99628895521163952 0.93836870789527904 14.250000000000002 -0.49750867486000055 19.250000000000004 -0.40541070699691767 -0.84291031956672657 -0.49749487638473505 16.250000000000004 -0.38961601257324213 0.7666517198085786 0.42887605726718908 1.0000000180025095e-35 0.49002411961555487 29.50916957855225
decision_type=2 2 2 2 2 2 2 2 2 2 2 2 2 2 2 2 2 2 2 2 2 2 2 2 2 2 2 2 2 2
left_child=4 2 5 7 6 -2 -1 -4 10 12 20 -11 16 14 17 -14 21 18 -6 -3 -5 -10 23 -23 -24 -25 -26 28 29 -28
right_child=1 19 3 8 13 -7 -8 -9 9 11 -12 -13 15 -15 -16 -17 -18 -19 -20 -21 -22 22 24 25 26 -27 27 -29 -30 -31
leaf_value=-0.016911836292589025 0.0095728057124221215 0.0084688095209021035 -0.013383187617160506 -0.023724248161400809 -0.037030609078286501 0.047029087386940824 -0.0011996612292623204 -0.0519805049813203 -0.03128001862205574 0.0064027904650983888 0.0047506167777072034 -0.011258745767167769 0.027729193988248718 -0.018254229558910425 -0.022721808896370321 -7.6998590817501256e-05 -0.0085721148359633285 -0.0014704317304527958 -0.0083005471585416712 0.019649754640345886 -0.0044043785730122249 0.0027232432429409445 -0.040655886377685337 0.021257537267002816 0.025577452607780174 0.080494110214414077 0.095246099336370044 0.047641326244654794 0.0027797385451698874 0.016237587694487913
leaf_weight=10922 8255 57878 10777 6429 2962 2556 246358 1656 1004 14395 18951 14280 9109 16465 6496 3350 7275 47559 15963 18167 14261 2978 1203 1563 5126 1322 376 896 34341 3444
leaf_count=10922 8255 57878 10777 6429 2962 2556 246358 1656 1004 14395 18951 14280 9109 16465 6496 3350 7275 47559 15963 18167 14261 2978 1203 1563 5126 1322 376 896 34341 3444
internal_value=2.81581e-12 0.00517769 0.00240541 0.00127126 -0.00357786 0.0184284 -0.00186667 -0.0185241 0.00302544 0.00546168 -0.003161 -0.00239256 0.0085903 -0.00849992 -0.00629925 0.0202526 0.00614942 -0.00469464 -0.0127972 0.0111399 -0.0104076 0.00819905 0.00897247 0.0252002 0.00687616 0.0484016 0.00817035 0.00588577 0.00490537 0.0240143
internal_weight=586317 239592 163547 152736 346725 10811 257280 12433 140303 100662 39641 28675 71987 89445 72980 12459 59528 66484 18925 76045 20690 52253 51249 5863 45386 2885 44183 39057 38161 3820
internal_count=586317 239592 163547 152736 346725 10811 257280 12433 140303 100662 39641 28675 71987 89445 72980 12459 59528 66484 18925 76045 20690 52253 51249 5863 45386 2885 44183 39057 38161 3820
is_linear=0
shrinkage=0.05


Tree=71
num_leaves=31
num_cat=0
split_feature=10 12 13 13 11 11 11 11 5 5 9 5 12 11 11 12 11 3 13 12 11 10 11 12 1 11 3 1 10 0
split_gain=3923.92 1613.81 1897.62 1480.08 1203.54 1158.35 1110.96 1009.98 921.436 902.918 892.428 865.126 818.841 804.821 767.472 745.131 691.96 690.507 618.551 1342.59 1287.63 997.444 818.492 825.501 767.449 617.492 713.345 592.449 650.892 801.66
threshold=0.21772121638059619 14.750000000000002 80.250000000000014 78.250000000000014 -0.40541070699691767 0.69635042548179638 -0.48248986899852747 0.77756834030151378 34.742454528808601 27.17766094207764 40.92570877075196 30.802190780639652 18.750000000000004 0.87377473711967479 -0.42108526825904841 18.750000000000004 0.21771516650915149 30.391736030578617 78.250000000000014 17.750000000000004 -0.63872575759887684 -0.72660079598426808 -0.10737737268209456 15.250000000000002 34.807247161865241 0.25118076056241995 35.016193389892585 34.869035720825202 0.012910176534205677 3.2650687694549565
decision_type=2 2 2 2 2 2 2 2 2 2 2 2 2 2 2 2 2 2 2 2 2 2 2 2 2 2 2 2 2 2
left_child=7 3 5 4 -2 11 8 9 -4 -1 18 -3 13 -9 -8 -13 -17 -7 22 20 21 -20 27 -24 -22 -16 -27 28 29 -11
right_child=1 2 6 -5 -6 17 14 12 -10 10 -12 15 -14 -15 25 16 -18 -19 19 -21 24 -23 23 -25 -26 26 -28 -29 -30 -31
leaf_value=-0.016075155884358365 -0.02085019459647253 0.062702707506895938 0.038691742971901553 0.0067264002716801762 -0.0020384910362178442 0.016754619336596981 -0.038480409935778885 -0.01707293416635625 0.0057783471901100853 -0.0050436076261703528 -0.10153936970798585 0.010044945608266883 -0.01653073482715154 -0.0025059749616991468 0.0045138269125964484 0.024644688152449565 0.0060116618044744503 -0.0027280662948750934 0.051031740668504792 -0.0038592703465471787 0.00208466976397721 0.011694277622952044 -0.0077331633881213384 0.0073843127309592589 -0.024637894535730159 -0.005387111566588474 -0.034591860955178001 -0.036799923552877117 0.0075420325028024669 -0.018848268382501462
leaf_weight=10862 12960 874 2427 27632 24720 5795 1600 11760 17173 36742 222 70246 22302 48951 16000 19617 6679 21133 1716 73042 37864 26448 14865 23006 2892 23303 2297 1727 6728 14734
leaf_count=10862 12960 874 2427 27632 24720 5795 1600 11760 17173 36742 222 70246 22302 48951 16000 19617 6679 21133 1716 73042 37864 26448 14865 23006 2892 23303 2297 1727 6728 14734
internal_value=3.62659e-12 0.00470386 0.00706548 -0.00206311 -0.00850876 0.0106436 -1.91779e-05 -0.00355692 0.0098539 -0.0019749 -0.00133671 0.0131809 -0.00833744 -0.00532766 -0.00449863 0.0127325 0.019912 0.00146468 -0.00124393 0.000863985 0.00586973 0.0140911 -0.00430363 0.00145045 0.000188467 -0.00319164 -0.00800755 -0.00793969 -0.00708336 -0.00899492
internal_weight=586317 252456 187144 65312 37680 124344 62800 333861 19600 250848 239986 97416 83013 60711 43200 96542 26296 26928 239764 141962 68920 28164 97802 37871 40756 41600 25600 59931 58204 51476
internal_count=586317 252456 187144 65312 37680 124344 62800 333861 19600 250848 239986 97416 83013 60711 43200 96542 26296 26928 239764 141962 68920 28164 97802 37871 40756 41600 25600 59931 58204 51476
is_linear=0
shrinkage=0.05


Tree=72
num_leaves=31
num_cat=0
split_feature=10 11 12 13 11 11 13 12 12 11 13 11 11 11 11 1 9 13 1 11 5 10 9 10 10 11 9 11 10 10
split_gain=3591.61 1972.16 1312.76 1828.86 806.917 789.903 848.194 1918.2 1667.06 1636.26 924.783 870.973 776.853 747.197 692.161 662.835 592.47 587.666 646.514 554.402 645.307 542.598 539.254 538.102 526.064 779.648 1474.23 1197.98 1291.32 1086.61
threshold=0.59125596284866344 -0.72658059000968922 14.750000000000002 79.750000000000014 -0.55599683523178089 0.9937097728252412 77.750000000000014 17.250000000000004 15.250000000000002 -0.62538740038871754 79.250000000000014 -0.10737737268209456 0.54882264137268078 -0.73829901218414296 0.26780438423156744 34.807247161865241 29.425127029418949 83.750000000000014 31.427606582641605 -0.95234230160713185 27.031892776489261 0.93836870789527904 27.418050765991214 -0.24284747242927548 -0.444374069571495 -0.70250144600868214 30.975874900817875 -0.79354220628738392 -0.54883790016174305 -0.65189296007156361
decision_type=2 2 2 2 2 2 2 2 2 2 2 2 2 2 2 2 2 2 2 2 2 2 2 2 2 2 2 2 2 2
left_child=5 -2 4 -4 16 6 8 9 13 10 -8 -10 17 -1 -5 -11 -3 19 -19 -9 -21 -16 -7 -15 25 26 27 28 -22 -28
right_child=1 2 3 14 -6 22 7 12 11 15 -12 -13 -14 23 21 -17 -18 18 -20 20 24 -23 -24 -25 -26 -27 29 -29 -30 -31
leaf_value=-0.0203868339106201 0.026238738772979577 -0.14037213860189213 0.01235163697238529 0.004519631252011041 -0.00033332227258496403 -0.035917192922617781 0.0059179106465649563 -0.010108341605570094 -0.0058859174677233679 0.00092668853662913973 0.021026957255398049 0.0046975458723301977 -0.0093388610006576757 -0.01126754899669178 -0.0043756559941170265 -0.023298616858704432 -0.01871496974885303 0.034125211217457645 0.002364939782628027 -0.033656437207909916 0.085893468075093765 -0.029628312593952422 -0.0093749144026488273 0.0030881846774602475 0.0082903497667434541 0.00063623158087712604 -0.066349637595421396 -0.020301994714487577 0.004194935079708341 -0.017876058143686001
leaf_weight=17920 11256 102 71808 30744 37024 2139 23496 19872 39040 68511 17800 38720 48600 28000 16592 2945 5306 2258 5518 1449 785 2440 18162 8512 15119 43015 1548 1809 1260 4567
leaf_count=17920 11256 102 71808 30744 37024 2139 23496 19872 39040 68511 17800 38720 48600 28000 16592 2945 5306 2258 5518 1449 785 2440 18162 8512 15119 43015 1548 1809 1260 4567
internal_value=-2.65524e-12 0.00599289 0.00460347 0.00724605 -0.00296853 -0.00255541 -0.0020558 -0.00039009 -0.00531374 0.00450725 0.0124304 -0.000615962 -0.00417736 -0.0120249 -0.000119383 -7.17374e-05 -0.0210095 -0.00159661 0.0115875 -0.00274306 -0.000638693 -0.00761318 -0.0121715 -0.00792081 6.3812e-05 -0.00228363 -0.0148825 0.00933723 0.035556 -0.030147
internal_weight=586317 175272 164016 121584 42432 411045 390744 258552 132192 112752 41296 77760 145800 54432 49776 71456 5408 97200 7776 89424 69552 19032 20301 36512 68103 52984 9969 3854 2045 6115
internal_count=586317 175272 164016 121584 42432 411045 390744 258552 132192 112752 41296 77760 145800 54432 49776 71456 5408 97200 7776 89424 69552 19032 20301 36512 68103 52984 9969 3854 2045 6115
is_linear=0
shrinkage=0.05


Tree=73
num_leaves=31
num_cat=0
split_feature=10 11 12 13 11 9 11 13 12 11 12 10 11 13 11 11 1 12 13 1 13 11 1 7 10 13 10 11 10 3
split_gain=3241.43 1779.87 1205.69 1844.38 914.67 721.654 712.888 765.495 1736.71 1513.12 1504.53 1028.01 786.053 754.943 681.445 674.345 659.754 596.476 576.777 583.479 568.91 584.425 664.394 686.186 649.045 562.235 531.162 530.413 524.747 511.58
threshold=0.59125596284866344 -0.72658059000968922 15.250000000000002 80.250000000000014 -0.40541070699691767 30.819928169250492 0.9937097728252412 77.750000000000014 17.750000000000004 -0.63872575759887684 15.250000000000002 -0.72660079598426808 -0.10737737268209456 79.250000000000014 0.54882264137268078 -0.73829901218414296 34.807247161865241 15.250000000000002 83.750000000000014 31.427606582641605 80.250000000000014 -0.95234230160713185 32.553670883178718 34.316581726074226 -0.08167563751339911 78.750000000000014 0.25118774175643926 -0.98518359661102284 -0.61188074946403492 32.550685882568366
decision_type=2 2 2 2 2 2 2 2 2 2 2 2 2 2 2 2 2 2 2 2 2 2 2 2 2 2 2 2 2 2
left_child=6 29 4 -4 5 -3 7 10 9 11 15 -9 -12 -13 18 -1 -11 -15 20 -20 -10 22 24 26 -22 -7 -24 -25 -19 -2
right_child=1 2 3 -5 -6 25 -8 8 14 16 12 13 -14 17 -16 -17 -18 28 19 -21 21 -23 23 27 -26 -27 -28 -29 -30 -31
leaf_value=-0.01936749218494177 0.062657092864271999 -0.099909963582401895 0.011938365809481032 -0.0013205495432101928 0.0015359672378287687 -0.020478541426462327 -0.011562946051933644 0.044312097528721582 0.0017446141788345197 0.00047142332934107975 -0.0055916216019651086 0.0030773726897888824 0.0044626685785582503 0.026703629536427742 -0.009754701723195822 -0.0075247728498303848 -0.022976586376605782 -0.019017602708045162 0.032418950595012375 0.0022466926634511658 -0.023835483264676952 -0.0039052752241882116 -0.024150314395830243 -0.10962189363793302 0.0096210180674792534 0.0038661786315294586 0.056697939620685901 -0.042474228122560104 0.012925172585949017 0.021915328119342034
leaf_weight=17920 832 243 73440 40800 38552 7516 20301 2176 32400 81205 39040 24192 38720 8064 42120 36512 3115 1440 2258 5518 2872 34272 2183 390 2927 3465 224 1196 12000 10424
leaf_count=17920 832 243 73440 40800 38552 7516 20301 2176 32400 81205 39040 24192 38720 8064 42120 36512 3115 1440 2258 5518 2872 34272 2183 390 2927 3465 224 1196 12000 10424
internal_value=2.07035e-12 0.00569325 0.0043733 0.00720304 -0.00212118 -0.0146827 -0.00242764 -0.00195301 -0.000370585 0.00363589 -0.00504805 0.0107354 -0.000585164 0.00913652 -0.00456198 -0.0114236 -0.000394807 0.0159531 -0.00196561 0.0110081 -0.00328498 -0.0069832 -0.017756 -0.0334514 -0.00694858 -0.0127967 -0.0166264 -0.0589859 0.00950273 0.0249268
internal_weight=586317 175272 164016 114240 49776 11224 411045 390744 258552 132192 132192 47872 77760 45696 126360 54432 84320 21504 84240 7776 76464 44064 9792 3993 5799 10981 2407 1586 13440 11256
internal_count=586317 175272 164016 114240 49776 11224 411045 390744 258552 132192 132192 47872 77760 45696 126360 54432 84320 21504 84240 7776 76464 44064 9792 3993 5799 10981 2407 1586 13440 11256
is_linear=0
shrinkage=0.05


Tree=74
num_leaves=31
num_cat=0
split_feature=10 12 11 13 13 11 10 10 10 9 9 3 10 11 10 13 13 12 11 8 7 9 13 11 10 10 10 3 12 11
split_gain=2983.38 1254.83 1518.17 1227.94 1051.99 964.411 859.789 1201.69 814.95 760.563 698.019 688.671 728.61 669.917 653.56 597.907 975.521 679.005 1095.37 588.853 522.74 609.111 490.976 529.382 978.547 701.8 690.51 488.022 476.902 518.028
threshold=0.21772121638059619 14.750000000000002 0.28434865176677709 78.250000000000014 79.750000000000014 -0.40541070699691767 0.99628895521163952 0.97109106183052074 -0.99628895521163929 40.92570877075196 27.53487586975098 30.391736030578617 0.69636976718902599 0.99164059758186351 0.93836870789527904 80.750000000000014 78.750000000000014 17.750000000000004 -0.38961601257324213 0.095130976289510741 34.375425338745124 41.114059448242195 76.750000000000014 -0.62538740038871754 -0.54883790016174305 -0.46735489368438715 -0.59817537665367115 42.090364456176765 14.750000000000002 -0.10737737268209456
decision_type=2 2 2 2 2 2 2 2 2 2 2 2 2 2 2 2 2 2 2 2 2 2 2 2 2 2 2 2 2 2
left_child=8 3 6 5 11 -2 7 20 -1 10 13 12 -4 22 -6 16 28 18 -18 -13 -3 27 -10 24 26 -25 -24 -22 -12 -30
right_child=1 2 4 -5 14 -7 -8 -9 9 -11 15 19 -14 -15 -16 -17 17 -19 -20 -21 21 -23 23 25 -26 -27 -28 -29 29 -31
leaf_value=0.0078803283503921136 -0.01878411598215976 0.021903100131095862 0.018094462173229946 0.0061404040503606309 -0.004625716086150586 -0.0019445943311361632 -0.0028799673146163241 0.021822061783515256 -0.01836028279599709 -0.096171547504360078 -0.0084680155514517807 0.0023994814904998666 0.099394451962043981 -0.034504794606327223 -0.034538352001821253 -0.0073052634181000626 0.013864196360309465 -0.0036877688069609608 -0.0002048624491761267 0.047348026337082003 0.0039894735364357017 0.015703717014808809 0.028283777444331151 -0.027556799627036818 -0.0082999436605248767 0.0023371437435097423 0.12286468548700213 0.031190420203102642 -0.0060165111083201224 0.0012057594228965603
leaf_weight=16080 12960 6662 4902 27632 28304 24720 11920 21456 8048 222 46221 37711 292 2877 1952 61751 23613 29840 33409 743 54926 16576 1571 3357 2555 4729 220 1700 48515 50853
leaf_count=16080 12960 6662 4902 27632 28304 24720 11920 21456 8048 222 46221 37711 292 2877 1952 61751 23613 29840 33409 743 54926 16576 1571 3357 2555 4729 220 1700 48515 50853
internal_value=4.40198e-12 0.00410155 0.00618401 -0.00186552 0.000609487 -0.00773653 0.00982213 0.0113165 -0.00310147 -0.00365716 -0.00359249 0.00557617 0.022665 -0.0119121 -0.00655556 -0.00293198 -0.00177021 0.00242325 0.00562118 0.00326797 0.0084941 0.00727377 -0.00873836 -0.0025095 0.0115641 -0.0100737 0.0399018 0.00480609 -0.00427213 -0.00232041
internal_weight=586317 252456 187144 65312 73904 37680 113240 101320 333861 317781 317559 43648 5194 23357 30256 294202 232451 86862 57022 38454 79864 73202 20480 12432 4346 8086 1791 56626 145589 99368
internal_count=586317 252456 187144 65312 73904 37680 113240 101320 333861 317781 317559 43648 5194 23357 30256 294202 232451 86862 57022 38454 79864 73202 20480 12432 4346 8086 1791 56626 145589 99368
is_linear=0
shrinkage=0.05


Tree=75
num_leaves=31
num_cat=0
split_feature=10 11 9 11 4 8 11 1 12 7 10 10 10 5 12 12 1 10 1 11 13 0 13 1 10 10 10 10 1 11
split_gain=2697.42 1190.99 1027.47 2093.18 1041.72 935.414 845.323 738.126 713.601 710.193 695.016 1289.11 948.405 934.445 1148.84 857.69 1325.97 883.142 738.888 623.36 586.764 531.426 515.748 485.722 463.208 474.647 1202.79 1103.44 922.061 816.032
threshold=0.28435654938220983 -0.93533331155776966 36.714214324951179 -0.83352491259574879 1.0000000180025095e-35 1.0000000180025095e-35 0.77756834030151378 33.68474197387696 19.250000000000004 27.020131111145023 -0.22611359506845471 -0.14153897762298581 -0.30901412665843958 30.835034370422367 14.750000000000002 17.750000000000004 28.692169189453129 -0.27609442174434656 25.505497932434086 0.098816476762294783 76.750000000000014 0.10630507022142412 81.750000000000014 39.445352554321296 -0.99628895521163929 0.012910176534205677 -0.1330134719610214 -0.08167563751339911 31.705049514770511 -0.9946339726448058
decision_type=2 2 2 2 2 2 2 2 2 2 2 2 2 2 2 2 2 2 2 2 2 2 2 2 2 2 2 2 2 2
left_child=6 5 3 -3 22 23 9 -7 -4 -1 12 -12 13 14 -8 21 17 -17 -13 20 -6 -14 -5 -2 -11 26 -26 28 -28 -27
right_child=1 2 8 4 19 7 10 -9 -10 24 11 18 15 -15 -16 16 -18 -19 -20 -21 -22 -23 -24 -25 25 29 27 -29 -30 -31
leaf_value=-0.014742358553180452 0.00010796042213386324 -0.027250519890487407 0.005218077400743819 0.0020250880528898132 -0.013358301599401544 0.016289672174368008 -0.018576452586852064 0.067051199687153312 0.015731130672519782 0.007447683200791911 0.015376242362335552 -0.057167500333728506 -0.020067870754000079 -0.021418328364188711 0.0046389905540922278 -0.15088096480936775 -0.021532147856136847 -0.059810043661158663 -0.0056613142929583136 0.029950976936810959 0.01536665648796392 0.028314706385051243 -0.0070564833124513561 0.053406073900596623 -0.00116830147721227 0.018404017193455968 -0.058940540053600138 -0.0064672050865600822 -0.014532331078596286 -0.00097610503014912929
leaf_weight=9551 2982 6360 73056 100925 2455 1223 7875 1728 20719 15758 8040 709 3978 9410 16483 372 2092 936 38888 4701 6445 662 18499 499 192431 7879 2276 9495 2403 17487
leaf_count=9551 2982 6360 73056 100925 2455 1223 7875 1728 20719 15758 8040 709 3978 9410 16483 372 2092 936 38888 4701 6445 662 18499 499 192431 7879 2276 9495 2403 17487
internal_value=-3.82918e-12 0.00407976 0.00349425 0.000771775 0.00211154 0.0253045 -0.00281917 0.0460138 0.00754087 -0.0013635 -0.00700628 -0.00287726 -0.011711 -0.00803635 -0.00286662 -0.0271444 -0.0462221 -0.0857109 -0.00658355 0.0152226 0.00744309 -0.013165 0.000618336 0.00774822 -0.000847687 -0.0014112 -0.00220369 -0.0162605 -0.0361338 0.00504361
internal_weight=586317 239592 233160 139385 133025 6432 346725 2951 93775 257280 89445 47637 41808 33768 24358 8040 3400 1308 39597 13601 8900 4640 119424 3481 247729 231971 206605 14174 4679 25366
internal_count=586317 239592 233160 139385 133025 6432 346725 2951 93775 257280 89445 47637 41808 33768 24358 8040 3400 1308 39597 13601 8900 4640 119424 3481 247729 231971 206605 14174 4679 25366
is_linear=0
shrinkage=0.05


Tree=76
num_leaves=31
num_cat=0
split_feature=10 11 12 13 13 11 11 11 13 12 11 12 13 11 11 11 1 10 3 13 12 13 9 13 5 10 10 7 10 10
split_gain=2458.11 1585.89 1000.67 1584.3 823.532 675.163 589.34 575.98 624.999 1510.49 1261.34 1214.47 696.8 678.481 598.709 563.549 556.035 520.988 505.884 1157.26 528.72 591.604 499.87 484.004 466.99 458.407 599.006 454.286 473.581 1090.28
threshold=0.59125596284866344 -0.72658059000968922 15.250000000000002 79.750000000000014 77.250000000000014 -0.54160776734352101 -0.61186373233795155 0.9937097728252412 77.750000000000014 17.250000000000004 -0.62538740038871754 15.250000000000002 79.250000000000014 -0.10737737268209456 0.75546532869339 -0.73829901218414296 34.616605758666999 0.85206964612007152 35.160041809082038 78.250000000000014 15.250000000000002 81.750000000000014 32.391881942749031 76.750000000000014 28.796978950500492 0.96900084614753734 0.99628895521163952 27.427736282348636 0.96683886647224437 0.9946616291999818
decision_type=2 2 2 2 2 2 2 2 2 2 2 2 2 2 2 2 2 2 2 2 2 2 2 2 2 2 2 2 2 2
left_child=7 18 4 27 5 -3 -5 8 11 10 12 15 22 -13 -11 23 -12 -6 19 -2 -20 -22 -10 -1 -15 -8 -27 -4 -29 -30
right_child=1 2 3 6 17 -7 25 -9 9 14 16 13 -14 24 -16 -17 -18 -19 20 -21 21 -23 -24 -25 -26 26 -28 28 29 -31
leaf_value=-0.0256914328920488 0.023891391785401384 -0.035963417414207464 0.10370280895018041 0.017124830932135175 -0.0057427247262040737 -0.0071221361601138417 -0.005626448794947266 -0.010325441491966875 0.016882214286784141 -0.0016821686670137753 0.0011033238214108504 -0.0051256673534664119 0.018506760054594298 0.021424105713727843 -0.0089205049028502036 -0.0066480058892450693 -0.018720990399252745 0.0073228069889657204 -0.0053605954602906321 0.11287041543856746 0.031166721300671066 -0.0046087789370409579 0.00076293732442492962 -0.0092569773659007693 0.0024632372782933767 0.012835993260270455 -0.0089856381230748652 0.0084449190639969193 0.027523834072374156 0.0032028071740656592
leaf_weight=8960 1446 2352 133 4320 12160 14784 30720 20301 6747 106800 67724 39040 17800 3578 39000 36512 3732 20480 1886 489 6004 1431 16749 8960 35142 9120 4800 45947 11520 7680
leaf_count=8960 1446 2352 133 4320 12160 14784 30720 20301 6747 106800 67724 39040 17800 3578 39000 36512 3732 20480 1886 489 6004 1431 16749 8960 35142 9120 4800 45947 11520 7680
internal_value=9.67545e-15 0.00495785 0.0037119 0.00628984 -0.00220468 -0.0110807 -0.000509233 -0.00211405 -0.00168743 -0.000257579 0.00408825 -0.00448406 0.0110447 -0.000474377 -0.00361835 -0.0102122 6.79406e-05 0.00245526 0.023113 0.0463776 0.0182834 0.0242811 0.00539167 -0.0174742 0.00421535 -0.00221576 0.00531129 0.0113891 0.0112007 0.0177954
internal_weight=586317 175272 164016 114240 49776 17136 48960 411045 390744 258552 112752 132192 41296 77760 145800 54432 71456 32640 11256 1935 9321 7435 23496 17920 38720 44640 13920 65280 65147 19200
internal_count=586317 175272 164016 114240 49776 17136 48960 411045 390744 258552 112752 132192 41296 77760 145800 54432 71456 32640 11256 1935 9321 7435 23496 17920 38720 44640 13920 65280 65147 19200
is_linear=0
shrinkage=0.05


Tree=77
num_leaves=31
num_cat=0
split_feature=10 12 13 8 10 10 11 13 11 9 11 12 10 11 5 10 10 5 5 10 12 12 1 11 13 5 0 11 10 9
split_gain=2268.36 1018.38 1175.97 1058.99 1100.56 1057.98 1163.61 853.98 764.032 701.183 693.345 653.664 735.495 649.867 609.308 603.609 742.852 639.998 596.815 738.394 1320.61 646.745 1074.2 584.728 571.707 609.437 507.532 484.971 826.234 926.793
threshold=0.21772121638059619 14.250000000000002 81.250000000000014 1.0000000180025095e-35 0.34964421391487127 0.59125596284866344 -0.70250144600868214 78.250000000000014 -0.85204595327377308 40.92570877075196 0.77756834030151378 19.250000000000004 -0.24284747242927548 0.9937097728252412 27.031892776489261 0.90518480539321911 0.99762105941772472 27.428091049194339 30.835034370422367 -0.30901412665843958 14.750000000000002 17.250000000000004 29.060233116149906 -0.40541070699691767 77.250000000000014 39.728612899780281 0.09513250365853311 0.21771516650915149 0.93836870789527904 38.587604522705085
decision_type=2 2 2 2 2 2 2 2 2 2 2 2 2 2 2 2 2 2 2 2 2 2 2 2 2 2 2 2 2 2
left_child=9 7 3 5 -5 -3 24 23 -6 10 14 12 18 -14 -1 17 27 -8 19 20 -12 26 -23 -2 -7 -26 -21 -17 -29 -30
right_child=1 2 -4 4 8 6 15 -9 -10 -11 11 -13 13 -15 -16 16 -18 -19 -20 21 -22 22 -24 -25 25 -27 -28 28 29 -31
leaf_value=-0.013641210237390894 -0.017269154194703502 -0.0012992972478242121 -0.0019823542511413269 0.041352047543153775 -0.0083516083441984284 0.0049983798670083547 0.097888561810197741 0.0048987831148830105 0.01809103101108436 -0.091535461936481641 -0.017511006032351759 -0.015946791685142028 0.0070267027031479844 -0.0066310822397238544 -0.00083966515160636577 0.017621257789585544 -0.0033785988822190231 0.0023482150717386348 -0.020893713570088995 -0.02047405931213632 0.0089471046262247188 -0.09366283437727807 -0.011143856411186455 -0.0029054611115575009 0.058738348881398186 0.023119351475963792 0.034440494935183474 0.021869521666688773 -0.0082597854684622173 0.082003676017622054
leaf_weight=9668 10800 38503 43960 4051 3532 1925 176 22608 12057 222 7875 15281 18368 16564 240958 26174 7553 43159 8940 2119 11758 745 838 20600 1970 3076 525 4772 7244 296
leaf_count=9668 10800 38503 43960 4051 3532 1925 176 22608 12057 222 7875 15281 18368 16564 240958 26174 7553 43159 8940 2119 11758 745 838 20600 1970 3076 525 4772 7244 296
internal_value=-2.18839e-12 0.00357643 0.0052331 0.00728628 0.0181335 0.00570643 0.00850617 -0.00251088 0.0120999 -0.00270439 -0.00264529 -0.00660575 -0.00449832 0.000550476 -0.00133349 0.00697156 0.0109581 0.00273624 -0.00987529 -0.00574685 -0.00166552 -0.0247032 -0.0499794 -0.00784584 0.0281813 0.0370253 -0.00957007 0.0137717 0.00558809 -0.00471629
internal_weight=586317 252456 198448 154488 19640 134848 96345 54008 15589 333861 333639 83013 67732 34932 250626 89374 46039 43335 32800 23860 19633 4227 1583 31400 6971 5046 2644 38486 12312 7540
internal_count=586317 252456 198448 154488 19640 134848 96345 54008 15589 333861 333639 83013 67732 34932 250626 89374 46039 43335 32800 23860 19633 4227 1583 31400 6971 5046 2644 38486 12312 7540
is_linear=0
shrinkage=0.05


Tree=78
num_leaves=31
num_cat=0
split_feature=10 12 13 8 10 11 13 10 3 11 10 11 9 10 10 9 11 13 13 12 1 11 13 1 7 10 11 12 11 10
split_gain=2047.2 925.301 1148.49 958.713 961.661 1125.13 940.476 936.347 813.08 733.104 656.229 651.757 624.636 584.875 662.368 548.5 572.263 522.212 1070.36 548.394 645.001 563.872 961.664 566.489 563.799 629.36 520.32 575.292 511.778 780.738
threshold=0.21772121638059619 14.750000000000002 81.250000000000014 1.0000000180025095e-35 0.63209757208824169 -0.70250144600868214 77.750000000000014 0.34964421391487127 31.176336288452152 -0.85204595327377308 -0.99466162919998158 -0.40541070699691767 40.92570877075196 0.90518480539321911 0.99762105941772472 27.53487586975098 0.99164059758186351 80.250000000000014 79.250000000000014 17.750000000000004 33.536117553710945 0.54882264137268078 83.250000000000014 31.054188728332523 31.034494400024418 -0.56314551830291737 0.38167507946491247 15.250000000000002 0.21771516650915149 0.93836870789527904
decision_type=2 2 2 2 2 2 2 2 2 2 2 2 2 2 2 2 2 2 2 2 2 2 2 2 2 2 2 2 2 2
left_child=10 6 3 4 -3 -6 11 -5 -7 -9 -1 -2 15 -10 28 16 -12 18 -17 -19 21 22 -21 -24 -22 -26 27 -20 -15 -30
right_child=1 2 -4 7 5 8 -8 9 13 -11 12 -13 -14 14 -16 17 -18 19 26 20 24 -23 23 -25 25 -27 -28 -29 29 -31
leaf_value=0.0063811037901125786 -0.018361013219506651 -0.00055538262610140216 -0.001883236521227923 0.039876729681488261 0.03336965331884955 0.035868184096895857 0.0038284681650638344 -0.0085702708671681234 0.0018197263113124017 0.018290119652540664 -0.0075019284746777109 -0.0028836693211108629 -0.086958689047946597 0.017418097181216282 -0.0035244922313515618 -0.003116125666751692 -0.031325072654653084 0.0023521395406836103 0.018571366955078435 -0.0077988917091999553 0.029381564850712645 -0.013837951868993279 0.029049055872078112 0.0019561924793261537 -0.0092895655321263825 -0.050940176152617235 -0.00095184657548971297 0.0040261726374352927 0.020881134903347285 -0.0061862434192114782
leaf_weight=19296 10368 40408 43960 3870 4424 2443 35168 3287 35288 11182 20360 19776 222 24132 6989 169677 2877 15107 11016 26422 395 18900 2998 5413 1564 2159 19700 17755 4394 6767
leaf_count=19296 10368 40408 43960 3870 4424 2443 35168 3287 35288 11182 20360 19776 222 24132 6989 169677 2877 15107 11016 26422 395 18900 2998 5413 1564 2159 19700 17755 4394 6767
internal_value=2.19707e-12 0.00339761 0.00518586 0.00735619 0.00578811 0.00882383 -0.0017264 0.0180311 0.00746667 0.0121881 -0.00256917 -0.00820709 -0.0031182 0.00657219 0.0105385 -0.00305899 -0.0104515 -0.0024689 -0.0012442 -0.0061308 -0.008346 -0.00688444 -0.00311154 0.0116131 -0.027417 -0.0334431 0.00530865 0.00959532 0.0133234 0.00446998
internal_weight=586317 252456 187144 143184 124845 84437 65312 18339 80013 14469 333861 30144 314565 77570 42282 314343 23237 291106 218148 72958 57851 53733 34833 8411 4118 3723 48471 28771 35293 11161
internal_count=586317 252456 187144 143184 124845 84437 65312 18339 80013 14469 333861 30144 314565 77570 42282 314343 23237 291106 218148 72958 57851 53733 34833 8411 4118 3723 48471 28771 35293 11161
is_linear=0
shrinkage=0.05


Tree=79
num_leaves=31
num_cat=0
split_feature=10 10 10 10 11 10 10 11 2 11 11 8 1 10 3 10 10 9 10 10 3 9 0 0 12 1 10 8 11 8
split_gain=1886.86 1250.73 1060.65 1859.46 1716.25 1006.19 950.12 2140.39 1422.53 1748.73 1090.36 905.081 825.49 822.819 805.901 768.93 699.517 678.436 648.479 1038.1 886.134 723.228 629.116 622.121 810.149 968.347 857.024 714.718 598.76 590.348
threshold=0.012910176534205677 -0.1330134719610214 -0.20931270718574521 -0.30901412665843958 -0.89388549327850331 -0.3657191395759582 -0.71466678380966175 -0.63872575759887684 3.1336501836776738 0.70860043168067943 -0.79354220628738392 1.0000000180025095e-35 26.678178787231449 0.90518480539321911 26.491054534912113 -0.24284747242927548 0.99628895521163952 42.863233566284187 -0.62540480494499195 -0.54883790016174305 27.55761814117432 32.226829528808601 0.22221296280622485 9.2968654632568377 16.750000000000004 28.635541915893558 -0.28435654938220972 7.0311076641082773 -0.038720846176147454 2.5853896141052251
decision_type=2 2 2 2 2 2 2 2 2 2 2 2 2 2 2 2 2 2 2 2 2 2 2 2 2 2 2 2 2 2
left_child=1 2 3 4 5 29 7 14 10 18 22 13 -3 17 -6 23 -15 -2 -10 21 -21 -20 -8 24 -5 26 -26 -27 -18 -1
right_child=11 12 -4 15 6 -7 8 -9 9 -11 -12 -13 -14 16 -16 -17 28 -19 19 20 -22 -23 -24 -25 25 27 -28 -29 -30 -31
leaf_value=0.039495435098213183 -0.00076726848838927595 -0.054514711275131279 0.011365986966151459 -0.01445987448826574 -0.030668746537572324 0.00061531142208565799 0.020595806008539348 -0.0015214939477695153 -0.049135606233548908 0.0085482722849726054 -0.0069687183973752807 0.0091381665059108459 -0.011321380553432398 0.0084977914364468832 0.0295240371252262 -0.0033550941109659824 -0.019398233657854567 0.020769247291524337 0.018656585755445855 -0.098309930618202132 -0.029766224927023223 -0.035410372372057852 -0.0025233907590214641 0.0023517568549368565 -0.13972951075959322 -0.020877637282318787 -0.05219525249339893 -0.06949085889601346 0.0027284762704354783 0.012281357877426465
leaf_weight=4392 166283 1157 14472 5115 601 6432 6363 136680 3626 3560 50095 47871 25174 58615 7439 6432 4288 3739 1835 555 3135 933 5474 1844 409 3659 884 953 10654 3648
leaf_count=4392 166283 1157 14472 5115 601 6432 6363 136680 3626 3560 50095 47871 25174 58615 7439 6432 4288 3739 1835 555 3135 933 5474 1844 409 3659 884 953 10654 3648
internal_value=-2.33603e-12 -0.00281996 -0.00180026 -0.00255024 -0.00132391 0.0153554 -0.00241964 -4.67136e-05 -0.00696353 -0.0215784 -0.00374378 0.00285302 -0.0132193 0.00161779 0.0250246 -0.0174705 0.00603597 -0.000293653 -0.0322142 -0.0227133 -0.0400756 0.000432427 0.00990437 -0.0245283 -0.0290262 -0.0416437 -0.079884 -0.0309228 -0.00362137 0.0271476
internal_weight=586317 294867 268536 254064 234768 14472 220296 144720 75576 13644 61932 291450 26331 243579 8040 19296 73557 170022 10084 6458 3690 2768 11837 12864 11020 5905 1293 4612 14942 8040
internal_count=586317 294867 268536 254064 234768 14472 220296 144720 75576 13644 61932 291450 26331 243579 8040 19296 73557 170022 10084 6458 3690 2768 11837 12864 11020 5905 1293 4612 14942 8040
is_linear=0
shrinkage=0.05


Tree=80
num_leaves=31
num_cat=0
split_feature=10 10 10 10 11 11 2 11 0 11 13 12 7 13 12 1 0 1 11 3 12 11 9 3 12 3 9 13 10 12
split_gain=1702.89 1128.79 957.237 1689.44 1794.02 849.976 2432.68 2055.62 1156.75 839.121 1045.95 1629.9 1300.41 1258.07 820.326 925.76 774.148 745.004 736.196 727.326 725.999 797.695 711.154 834.349 1498.32 1766.18 1082.28 694.292 662.328 699.825
threshold=0.012910176534205677 -0.1330134719610214 -0.20931270718574521 -0.32533907890319819 -0.89388549327850331 -0.70250144600868214 3.4960310459136967 -0.63872575759887684 3.142415046691895 0.69635042548179638 76.750000000000014 16.250000000000004 29.888275146484379 80.750000000000014 14.250000000000002 31.735107421875004 5.2836239337921151 26.678178787231449 -0.79354220628738392 26.491054534912113 15.250000000000002 0.39752808213233953 27.834531784057621 32.314867019653327 17.750000000000004 33.936605453491218 33.836826324462898 78.750000000000014 -0.24284747242927548 16.750000000000004
decision_type=2 2 2 2 2 2 2 2 2 2 2 2 2 2 2 2 2 2 2 2 2 2 2 2 2 2 2 2 2 2
left_child=1 2 3 4 22 6 8 19 18 10 11 -2 -12 14 27 -16 28 -3 -6 -7 21 -9 -1 -24 -25 26 -26 -14 29 -5
right_child=9 17 -4 16 5 7 -8 20 -10 -11 12 -13 13 -15 15 -17 -18 -19 -20 -21 -22 -23 23 24 25 -27 -28 -29 -30 -31
leaf_value=-0.011029766971982831 -0.013342918444503258 -0.051788975855140598 0.010797687646186344 -0.013673156799928823 0.014926014546482744 -0.029135309187707004 -0.03099389803477411 -0.001645107399027404 -0.022460125029246329 -0.0018732765016639475 0.043544418619198333 0.00776191078069185 -0.0046182230308041208 -0.0019109620459479898 0.038437373647181701 0.0092912708119906283 0.0030950654288251123 -0.010755311533268809 -0.0064747240874365331 0.028047835224189407 2.8538240232131233e-05 -0.013851208520106585 0.031445892490543983 0.021388675494989379 0.0051018725070875728 -0.20667551559786645 -0.1521204989798593 0.0097882570427172758 -0.0049117369885884107 -0.037016449344842453
leaf_weight=1925 19440 1157 14472 6002 9376 601 9477 31232 4666 74370 2259 17280 20751 44517 2804 96020 4483 25174 7033 7439 125440 23424 7415 2596 641 155 132 14009 5123 6904
leaf_count=1925 19440 1157 14472 6002 9376 601 9477 31232 4666 74370 2259 17280 20751 44517 2804 96020 4483 25174 7033 7439 125440 23424 7415 2596 641 155 132 14009 5123 6904
internal_value=-5.43918e-13 -0.00267896 -0.00171025 -0.00242273 -0.00115141 -0.00221883 -0.00995413 -0.000962672 -0.000492971 0.00271037 0.00428069 -0.00341123 0.00584672 0.00536857 0.00779448 0.0101183 -0.0154991 -0.0125584 0.00575352 0.0237733 -0.00206696 -0.00687629 0.0169947 0.0219263 0.00189577 -0.052634 -0.0217459 0.00118789 -0.0201226 -0.0261605
internal_weight=586317 294867 268536 254064 231552 218688 30552 188136 21075 291450 217080 36720 180360 178101 133584 98824 22512 26331 16409 8040 180096 54656 12864 10939 3524 928 773 34760 18029 12906
internal_count=586317 294867 268536 254064 231552 218688 30552 188136 21075 291450 217080 36720 180360 178101 133584 98824 22512 26331 16409 8040 180096 54656 12864 10939 3524 928 773 34760 18029 12906
is_linear=0
shrinkage=0.05


Tree=81
num_leaves=31
num_cat=0
split_feature=10 10 10 3 8 12 13 11 11 1 13 11 11 11 9 10 1 7 5 9 1 5 12 13 13 12 9 1 12 11
split_gain=1549.59 1103.8 981.514 1056.97 975.133 737.28 1032.09 908.063 853.932 1133.86 835.897 716.716 662.631 618.201 592.913 564.248 533.986 530.556 502.86 656.084 827.001 548.524 578.542 493.49 996.349 835.342 671.58 993.795 608.07 843.429
threshold=0.28435654938220983 0.34964421391487127 0.41327477991580969 39.721979141235359 1.0000000180025095e-35 15.250000000000002 80.250000000000014 -0.83352491259574879 -0.48248986899852747 34.936000823974616 77.250000000000014 -0.42108526825904841 -0.70250144600868214 -0.40541070699691767 33.836826324462898 -0.99628895521163929 33.68474197387696 34.553197860717781 30.327604293823246 36.461299896240241 36.398109436035163 35.152318954467781 16.250000000000004 80.750000000000014 78.750000000000014 14.750000000000002 34.556671142578132 33.129404067993171 18.250000000000004 -0.38961601257324213
decision_type=2 2 2 2 2 2 2 2 2 2 2 2 2 2 2 2 2 2 2 2 2 2 2 2 2 2 2 2 2 2
left_child=15 4 3 18 -2 10 7 -7 9 -8 13 14 -9 -4 -10 -1 17 -6 -3 20 -20 -22 -23 24 25 -17 -25 -28 29 -26
right_child=1 2 5 -5 16 6 8 12 11 -11 -12 -13 -14 -15 -16 23 -18 -19 19 -21 21 22 -24 26 28 -27 27 -29 -30 -31
leaf_value=0.0070096455288342838 0.0092782534468903357 0.00027811469059237499 -0.021430036182222199 0.03820961226060704 0.03471769760695969 -0.0099421864304347352 0.057899499113368808 0.022602096566229617 -0.19013111298201515 0.0056789976100838097 0.0027545608353139548 -0.0030636681664305688 0.0080323854833619125 -0.003537961839098048 -0.031188165832931877 -0.0086725319069893402 0.059982841398506806 -0.036778481551563678 -0.024613990495893339 -0.001169469712585738 0.03108513488046204 -0.018894210328167724 -0.13174152371988576 -0.0052713340344756254 0.011715540071477003 -0.0012901554476874614 0.0066671864314899326 -0.051492747301105701 -0.003906144572228785 0.00036106055917641271
leaf_weight=16080 9579 3608 7056 1001 1228 6480 1125 8640 61 13675 42560 36800 80640 15288 1539 59220 1728 329 5009 2576 90 155 425 65989 27880 108570 1195 1906 26320 39565
leaf_count=16080 9579 3608 7056 1001 1228 6480 1125 8640 61 13675 42560 36800 80640 15288 1539 59220 1728 329 5009 2576 90 155 425 65989 27880 108570 1195 1906 26320 39565
internal_value=-3.75631e-12 0.0030922 0.00228383 -0.0111298 0.0173399 0.00309066 0.0050285 0.00813062 -0.000555307 0.00964846 -0.00135684 -0.00448801 0.00944236 -0.00918809 -0.0372479 -0.00213676 0.0408474 0.0196103 -0.0152931 -0.0220987 -0.0315923 -0.0837628 -0.101584 -0.00258157 -0.00158878 -0.0038957 -0.00633996 -0.0290803 0.00253938 0.00505471
internal_weight=586317 239592 226728 12864 12864 213864 148960 95760 53200 14800 64904 38400 89280 22344 1600 346725 3285 1557 11863 8255 5679 670 580 330645 261555 167790 69090 3101 93765 67445
internal_count=586317 239592 226728 12864 12864 213864 148960 95760 53200 14800 64904 38400 89280 22344 1600 346725 3285 1557 11863 8255 5679 670 580 330645 261555 167790 69090 3101 93765 67445
is_linear=0
shrinkage=0.05


Tree=82
num_leaves=31
num_cat=0
split_feature=10 10 10 10 11 11 8 11 2 11 0 10 9 10 2 10 11 10 3 10 12 11 1 3 9 3 9 1 10 3
split_gain=1423.23 1017.07 866.751 1532.12 1399.49 872.265 813.786 759.594 2187.15 1861.19 1061.3 700.781 676.073 666.406 932.983 654.142 1487.39 682.032 653.701 641.154 628.163 706.785 602.237 592.522 570.321 552.932 861.17 619.989 546.341 544.858
threshold=0.012910176534205677 -0.1330134719610214 -0.20931270718574521 -0.30901412665843958 -0.89388549327850331 -0.92910701036453236 1.0000000180025095e-35 -0.70250144600868214 3.4960310459136967 -0.63872575759887684 0.47736741602420812 0.90518480539321911 27.834531784057621 -0.090250775218009935 4.826845884323121 0.93836870789527904 0.30080866813659674 0.99628895521163952 26.491054534912113 -0.26781183481216425 15.250000000000002 0.39752808213233953 31.705049514770511 27.436041831970218 42.863233566284187 38.367488861083991 39.44108963012696 38.259286880493171 -0.86958134174346913 27.55761814117432
decision_type=2 2 2 2 2 2 2 2 2 2 2 2 2 2 2 2 2 2 2 2 2 2 2 2 2 2 2 2 2 2
left_child=1 2 3 4 5 -1 11 8 10 18 -6 24 -3 14 -14 25 17 -17 -9 -5 21 -11 -16 -22 -2 26 -13 -28 -23 -10
right_child=6 12 -4 19 7 -7 -8 9 29 20 -12 15 13 -15 22 16 -18 -19 -20 -21 23 28 -24 -25 -26 -27 27 -29 -30 -31
leaf_value=0.00024315767110663422 -0.00089169435321057944 -0.037923624383927677 0.010372499495095366 -0.026535105896105256 0.0088608546857963984 0.024946605803829822 0.0084375648462131827 -0.027523443405206446 -0.054595529852587726 -0.0014480520523020477 -0.013980639834642745 0.012104322765952249 -0.012193195793655806 -0.003964603205050393 -0.079653893723548447 0.0087440853727346578 -0.024693790694422572 -0.0037825983146904567 0.026688243141961467 -0.008048171856393645 0.023226476873503737 -0.033103025384151628 -0.018455966814041689 -0.00051060681066891929 0.018854378588078185 0.031890830603246628 -0.098403830990109215 0.040647803769882668 -0.010047233837492522 -0.023656990091882414
leaf_weight=6432 166283 2268 14472 8040 12503 8040 47871 601 1744 31232 8572 10295 5467 16927 994 39834 4462 14942 7439 11256 2686 2928 675 123874 3739 3612 303 109 20984 7733
leaf_count=6432 166283 2268 14472 8040 12503 8040 47871 601 1744 31232 8572 10295 5467 16927 994 39834 4462 14942 7439 11256 2686 2928 675 123874 3739 3612 303 109 20984 7733
internal_value=-4.06213e-12 -0.00244912 -0.00152959 -0.00220756 -0.00109439 0.0139673 0.00247783 -0.00208385 -0.00940066 -0.000905719 -0.000429645 0.00130656 -0.0118269 -0.00936719 -0.0221824 0.00538394 0.00306575 0.00532701 0.0226359 -0.0157511 -0.00194738 -0.0064011 -0.0549034 -6.83147e-06 -0.000457453 0.0149744 0.00926761 -0.0616159 -0.0128704 -0.0293504
internal_weight=586317 294867 268536 254064 234768 14472 291450 220296 30552 189744 21075 243579 26331 24063 7136 73557 59238 54776 8040 19296 181704 55144 1669 126560 170022 14319 10707 412 23912 9477
internal_count=586317 294867 268536 254064 234768 14472 291450 220296 30552 189744 21075 243579 26331 24063 7136 73557 59238 54776 8040 19296 181704 55144 1669 126560 170022 14319 10707 412 23912 9477
is_linear=0
shrinkage=0.05


Tree=83
num_leaves=31
num_cat=0
split_feature=10 10 10 10 11 6 11 2 11 10 9 5 10 0 9 1 9 3 12 3 9 10 9 0 3 4 10 12 1 8
split_gain=1284.46 917.903 782.243 1383.55 1458.4 770.704 700.349 1986.1 1666.63 1065.67 701.337 1185.27 881.085 695.038 681.426 644.785 633.859 768.409 1334.64 1598.86 955.289 691.461 620.782 599.787 592.059 581.9 551.014 623.624 797.459 872.751
threshold=0.012910176534205677 -0.1330134719610214 -0.20931270718574521 -0.32533907890319819 -0.89388549327850331 1.0000000180025095e-35 -0.70250144600868214 6.1198735237121591 -0.63872575759887684 -0.61188074946403492 31.101911544799808 29.491099357604984 -0.54883790016174305 3.8948996067047124 37.829210281372077 26.678178787231449 27.834531784057621 32.314867019653327 17.750000000000004 33.542610168457038 33.836826324462898 -0.39753912389278406 27.53487586975098 3.4379421472549443 25.515925407409672 3.6175611019134526 -0.24284747242927548 16.750000000000004 28.635541915893558 7.0311076641082773
decision_type=2 2 2 2 2 2 2 2 2 2 2 2 2 2 2 2 2 2 2 2 2 2 2 2 2 2 2 2 2 2
left_child=1 2 3 4 16 14 7 9 24 23 11 -11 -13 26 -2 -3 -1 -18 -19 20 -20 -21 -10 -6 -8 -12 27 -5 -29 -30
right_child=5 15 -4 13 6 -7 8 -9 22 10 25 12 -14 -15 -16 -17 17 18 19 21 -22 -23 -24 -25 -26 -27 -28 28 29 -31
leaf_value=-0.011043450723619916 -0.00037720956198159059 -0.047732215854361382 0.0098538745304507722 -0.012324469656836402 -0.00771446269008229 0.0080829656519260766 -0.060745259696845091 -0.031977236777340469 -0.014713913969567947 -0.0064056093750710728 0.0049521272890237274 0.077569698295868184 0.022026191438909538 0.0022615582332403505 0.0056524582000532838 -0.0095581439308552243 0.02920580505025791 0.019244814938907756 0.015991363295515777 0.0046047860159064242 -0.1476082737996893 -0.19799967131418428 -0.001097793751750682 -0.037197853627319435 0.023742350714087222 -0.027600620704341147 -0.0045977029197594469 -0.069707276791115352 -0.017213706742695765 -0.071805540510675489
leaf_weight=1925 179133 1157 14472 5793 7652 48862 213 7158 8801 2299 6253 1074 2130 5120 63455 25174 7415 2596 564 53 106 205 171295 2227 7827 1759 4955 1311 4457 876
leaf_count=1925 179133 1157 14472 5793 7652 48862 213 7158 8801 2299 6253 1074 2130 5120 63455 25174 7415 2596 564 53 106 205 171295 2227 7827 1759 4955 1311 4457 876
internal_value=4.41572e-12 -0.00232666 -0.00145311 -0.00209718 -0.000946702 0.00235394 -0.00190911 -0.00893062 -0.000768865 -0.00187892 0.00724494 0.0209884 0.0406447 -0.0139307 0.0012 -0.0112355 0.0154142 0.0200701 0.000847421 -0.0506177 -0.00989156 -0.156379 -0.00176319 -0.0143608 0.0215041 -0.00219469 -0.0186975 -0.024315 -0.0347696 -0.026181
internal_weight=586317 294867 268536 254064 231552 291450 218688 30552 188136 23394 13515 5503 3204 22512 242588 26331 12864 10939 3524 928 670 258 180096 9879 8040 8012 17392 12437 6644 5333
internal_count=586317 294867 268536 254064 231552 291450 218688 30552 188136 23394 13515 5503 3204 22512 242588 26331 12864 10939 3524 928 670 258 180096 9879 8040 8012 17392 12437 6644 5333
is_linear=0
shrinkage=0.05


Tree=84
num_leaves=31
num_cat=0
split_feature=10 11 10 10 12 11 5 10 10 10 9 3 1 13 10 10 11 12 3 9 1 13 11 1 3 5 11 7 5 10
split_gain=1174.35 1250.72 671.411 988.622 902.212 722.3 1189.08 838.061 1128.35 690.87 672.095 669.24 595.339 1012.54 585.871 1208.13 761.107 692.702 609.564 957.29 609.298 567.642 561.153 504.639 791.463 518.821 504.368 475.182 456.505 453.23
threshold=0.59125596284866344 -0.72658059000968922 0.90518480539321911 0.87379899621009838 15.250000000000002 0.69635042548179638 30.193783760070804 0.78829774260520946 0.82391539216041576 0.99628895521163952 29.667792320251468 41.781957626342781 35.989843368530281 78.750000000000014 0.97109106183052074 0.93836870789527904 0.31717954576015478 18.250000000000004 38.367488861083991 39.44108963012696 38.259286880493171 80.250000000000014 -0.38961601257324213 35.373973846435554 34.498191833496101 34.938047409057624 -0.038720846176147454 27.168518066406254 34.675971984863288 -0.99628895521163929
decision_type=2 2 2 2 2 2 2 2 2 2 2 2 2 2 2 2 2 2 2 2 2 2 2 2 2 2 2 2 2 2
left_child=29 12 3 4 -3 6 -6 -8 10 14 -9 -10 13 -2 15 18 -17 -16 19 22 -21 -5 -4 -18 -25 -26 -11 -7 -14 -1
right_child=1 2 9 21 5 27 7 8 11 26 -12 -13 28 -15 17 16 23 -19 -20 20 -22 -23 -24 24 25 -27 -28 -29 -30 -31
leaf_value=0.0067672903029064903 0.02266327125464741 -0.0071633830479146971 -0.019029702032362317 -0.0075624266248314302 0.067946772688177268 0.069560130611970666 0.015696777980352704 0.071718374660162079 0.013773301521612633 -0.017299721447236807 -0.01714876619324622 -0.025065269543342525 0.078355546590797742 0.096560599894728524 0.0074595598036599278 -0.00024163289093095627 -0.0073890951443957454 0.023695417768845289 0.030527912149592846 -0.09482303189692165 0.03693017984907597 -0.031858817710676474 0.015119566917035535 -0.20776769870330825 -0.10260418434293483 -0.02546296227203473 0.0020240240201319592 -0.0072705359602405753 0.011474319681583489 -0.0017962159685071305
leaf_weight=16080 1837 20984 1365 9664 826 205 16251 219 10964 4824 7466 1234 263 620 18864 17688 1650 10080 4112 351 117 3200 10135 73 265 1228 11256 10995 8536 394965
leaf_count=16080 1837 20984 1365 9664 826 205 16251 219 10964 4824 7466 1234 263 620 18864 17688 1650 10080 4112 351 117 3200 10135 73 265 1228 11256 10995 8536 394965
internal_value=-3.90247e-12 0.00342681 0.00232034 -0.000878716 0.00148921 0.00525927 0.00863003 0.00727409 0.00038996 0.00551939 -0.0146163 0.00984423 0.0195498 0.0413105 0.00778585 0.00361611 -0.00430978 0.0131138 0.0139198 0.0082135 -0.0618847 -0.0136063 0.0110662 -0.0266846 -0.0470151 -0.0391551 -0.0037731 -0.00586426 0.0134734 -0.00146121
internal_weight=586317 175272 164016 82008 69144 48160 36960 36134 19883 82008 7685 12198 11256 2457 65928 36984 20904 28944 16080 11968 468 12864 11500 3216 1566 1493 16080 11200 8799 411045
internal_count=586317 175272 164016 82008 69144 48160 36960 36134 19883 82008 7685 12198 11256 2457 65928 36984 20904 28944 16080 11968 468 12864 11500 3216 1566 1493 16080 11200 8799 411045
is_linear=0
shrinkage=0.05


Tree=85
num_leaves=31
num_cat=0
split_feature=10 10 10 10 11 10 8 10 11 4 11 11 0 9 10 2 1 9 10 10 11 3 10 7 8 1 10 7 12 11
split_gain=1090.56 823.842 709.349 1255.61 1152.61 755.349 697.575 631.272 1417.7 1069.95 927.72 656.38 773.187 593.357 602.792 865.169 759.221 567.043 587.318 864.782 830.393 556.162 550.289 533.115 507.644 815.117 772.678 502.841 635.849 502.117
threshold=0.012910176534205677 -0.1330134719610214 -0.20931270718574521 -0.30901412665843958 -0.89388549327850331 -0.3657191395759582 1.0000000180025095e-35 -0.71466678380966175 -0.63872575759887684 6.4478683471679696 0.72064045071601879 -0.79354220628738392 1.6340956687927248 27.834531784057621 -0.090250775218009935 0.56482225656509411 31.518439292907718 42.095750808715827 0.96460527181625377 0.9946616291999818 0.047319635748863227 26.491054534912113 -0.26781183481216425 35.294151306152351 2.5853896141052251 31.896770477294925 -0.39753912389278406 32.034252166748054 17.250000000000004 -0.99271196126937855
decision_type=2 2 2 2 2 2 2 2 2 2 2 2 2 2 2 2 2 2 2 2 2 2 2 2 2 2 2 2 2 2
left_child=1 2 3 4 5 24 17 8 21 11 -11 12 -9 -3 15 -15 -17 18 29 -20 -21 -6 -5 -7 -1 -26 -27 -28 -29 -2
right_child=6 13 -4 22 7 23 -8 9 -10 10 -12 -13 -14 14 -16 16 -18 -19 19 20 -22 -23 -24 -25 25 26 27 28 -30 -31
leaf_value=0.034414265716593229 0.016620847077614433 -0.035032202575778541 0.009450991580762666 -0.02418092100315045 -0.025747418153100332 -0.0035704811473016972 0.0076868159023262177 0.01537767694087664 -0.0010858872009536882 -0.02988389974298826 0.0058726812333522562 -0.0057754302912451485 -0.0096689235457958819 -0.0065514761570942244 -0.003141372512233836 -0.066800144270477674 -0.014459731203095339 0.01371385556673285 0.011496446146957754 -0.0089482147777099792 0.01593805745394063 0.02425652424427974 -0.0070540060693707919 0.058409312662906422 0.025911313198973215 0.010748230602795566 -0.012875642547176944 -0.04222961487072819 -0.18674764566837926 -0.00096786841819103257
leaf_weight=4392 4148 2268 14472 8040 601 6064 47871 8774 136680 7308 2413 52332 4749 4354 16927 1477 1305 8575 26666 13393 4471 7439 11256 368 2430 688 225 159 146 186326
leaf_count=4392 4148 2268 14472 8040 601 6064 47871 8774 136680 7308 2413 52332 4749 4354 16927 1477 1305 8575 26666 13393 4471 7439 11256 368 2430 688 225 159 146 186326
internal_value=-5.55566e-13 -0.00214387 -0.00131629 -0.00192961 -0.00092189 0.0127469 0.002169 -0.00181984 0.000114366 -0.00552364 -0.0210082 -0.00323793 0.00658183 -0.0105839 -0.00827964 -0.0204679 -0.0422479 0.00108458 0.000623751 0.00579339 -0.00271968 0.0205187 -0.0141902 -2.43735e-05 0.0229639 0.00917834 -0.0242052 -0.0695787 -0.111409 -0.000584835
internal_weight=586317 294867 268536 254064 234768 14472 291450 220296 144720 75576 9721 65855 13523 26331 24063 7136 2782 243579 235004 44530 17864 8040 19296 6432 8040 3648 1218 530 305 190474
internal_count=586317 294867 268536 254064 234768 14472 291450 220296 144720 75576 9721 65855 13523 26331 24063 7136 2782 243579 235004 44530 17864 8040 19296 6432 8040 3648 1218 530 305 190474
is_linear=0
shrinkage=0.05


Tree=86
num_leaves=31
num_cat=0
split_feature=9 13 13 12 11 11 11 10 10 9 5 12 1 10 10 7 10 5 1 13 3 11 10 9 4 11 7 7 9 10
split_gain=1025.25 530.425 806.947 1587.51 868.078 764.752 726.335 1000.32 581.929 1047.73 901.97 566.339 772.068 601.116 673.458 570.965 561.242 556.228 524.511 699.343 519.207 500.84 478.262 574.86 477.428 471.225 591.361 552.472 588.282 564.075
threshold=37.630399703979499 81.250000000000014 78.250000000000014 15.250000000000002 -0.10737737268209456 0.28434865176677709 0.39752808213233953 -0.8779519498348235 -0.030120026320219036 32.526515960693366 33.128011703491218 16.250000000000004 33.305685043334968 1.0000000180025095e-35 -0.15005400776863095 33.789379119873054 0.9769294559955598 28.381810188293461 31.427606582641605 83.250000000000014 34.557439804077156 0.01290981797501445 -0.94130858778953541 34.259746551513679 3.5549511909484868 -0.10737737268209456 32.892864227294929 33.012615203857429 33.493890762329109 -0.61188074946403492
decision_type=2 2 2 2 2 2 2 2 2 2 2 2 2 2 2 2 2 2 2 2 2 2 2 2 2 2 2 2 2 2
left_child=1 2 3 -1 8 18 11 -8 9 24 -10 12 22 14 25 -15 17 -6 19 -3 -7 -19 -4 -24 -5 27 -27 28 29 -13
right_child=-2 5 6 4 16 20 7 -9 10 -11 -12 13 -14 15 -16 -17 -18 21 -20 -21 -22 -23 23 -25 -26 26 -28 -29 -30 -31
leaf_value=-0.0068481864982894288 0.0052358803647169832 0.0016067329498206631 0.0075005343610877852 0.0025609592380283772 0.022823666036309566 -0.0080917043138634941 -0.028425673409470217 -0.00011217656030052057 0.02632057811391459 -0.0234344492100244 -0.003412411007325632 -0.0036164941543510918 0.0046628152676081698 0.026239006868104181 -0.022889182862031537 0.0046878622478727381 0.027303325897644715 0.024824139091154558 -0.0035656499730532449 0.026432296924573263 -0.035429996290292372 0.0023146544377875872 0.032839200361695575 0.0046567125249568223 -0.011918675554194416 0.0012721985312162129 0.025937081402667372 -0.016264060980396434 -0.035533443994085138 0.01337879378900104
leaf_weight=98819 80637 12160 6287 17088 3820 39799 3240 83910 3692 7570 8251 13731 33341 3948 3377 13872 2751 2572 34939 3700 1816 63055 6819 2463 8537 7737 3543 6195 1072 7576
leaf_count=98819 80637 12160 6287 17088 3820 39799 3240 83910 3692 7570 8251 13731 33341 3948 3377 13872 2751 2572 34939 3700 1816 63055 6819 2463 8537 7737 3543 6195 1072 7576
internal_value=2.60982e-12 -0.000834927 -6.91569e-05 -0.002179 0.00175333 -0.00425937 0.00224453 -0.0011648 -0.00368574 -0.00709103 0.0057791 0.00494661 0.00895561 0.00173486 -0.0014505 0.00946249 0.00515383 0.00427642 -0.000142579 0.00739832 -0.0092847 0.00319683 0.0181486 0.0253609 -0.00226295 0.000366087 0.00901933 -0.00304991 0.000608062 0.00242642
internal_weight=586317 505680 413266 216155 117336 92414 197111 87150 45138 33195 11943 109961 48910 61051 43231 17820 72198 69447 50799 15860 41615 65627 15569 9282 25625 39854 11280 28574 22379 21307
internal_count=586317 505680 413266 216155 117336 92414 197111 87150 45138 33195 11943 109961 48910 61051 43231 17820 72198 69447 50799 15860 41615 65627 15569 9282 25625 39854 11280 28574 22379 21307
is_linear=0
shrinkage=0.05


Tree=87
num_leaves=31
num_cat=0
split_feature=10 10 10 3 8 12 13 13 11 11 1 11 5 7 13 5 10 9 3 7 1 7 13 13 12 9 1 11 10 9
split_gain=963.61 1038.99 840.051 927.794 808.705 555.88 867.97 710.521 586.258 833.448 608.101 572.936 539.918 537.286 490.694 481.662 595.63 525.128 1007.23 596.171 478.189 479.02 471.505 825.159 759.202 648.284 899.616 595.976 722.299 903.504
threshold=0.28435654938220983 0.34964421391487127 0.41327477991580969 39.721979141235359 1.0000000180025095e-35 15.250000000000002 81.750000000000014 77.250000000000014 -0.83352491259574879 -0.70250144600868214 35.836038589477546 -0.40541070699691767 39.856796264648445 34.041034698486335 78.250000000000014 29.988348007202152 0.36571913957595831 36.461299896240241 36.065160751342781 35.294151306152351 33.68474197387696 34.553197860717781 80.750000000000014 78.750000000000014 14.750000000000002 34.556671142578132 33.129404067993171 -0.10737737268209456 1.0000000180025095e-35 32.526515960693366
decision_type=2 2 2 2 2 2 2 2 2 2 2 2 2 2 2 2 2 2 2 2 2 2 2 2 2 2 2 2 2 2
left_child=22 4 3 15 -2 7 8 11 10 12 -7 -4 -10 -12 -15 -3 -17 18 19 -18 21 -6 23 24 -1 -24 -27 28 29 -26
right_child=1 2 5 -5 20 6 -8 -9 9 -11 13 -13 -14 14 -16 16 17 -19 -20 -21 -22 -23 25 -25 27 26 -28 -29 -30 -31
leaf_value=-0.0072345609034507961 0.0089199601931521984 0.00288027003648099 -0.020466579863792432 0.035470919291287394 0.031927136007198875 0.026104910680319005 -0.0035501651603216111 0.0023293199788728485 0.033312734333290274 0.00551887427313698 -0.12895338279860361 -0.0032419838139958628 0.010617072286517829 -0.026543146269536272 0.00062469056580340295 0.0033359941980511546 -0.032187298131199381 -0.0061837738867867378 -0.093234910609940672 0.045444811018409609 0.055777306381460889 -0.036007906866081539 -0.0042710173324808252 0.0029313208745674838 -0.0026118284275716375 0.0063604115513258329 -0.048904602626808402 0.0030657231478857976 0.0087678447161631933 -0.018874494765935231
leaf_weight=62100 9579 2944 7056 1001 1228 1182 29792 42560 4524 100352 98 15288 6228 2912 3872 2033 3910 2040 672 264 1728 329 69341 98325 33406 1198 1911 59994 8976 11474
leaf_count=62100 9579 2944 7056 1001 1228 1182 29792 42560 4524 100352 98 15288 6228 2912 3872 2033 3910 2040 672 264 1728 329 69341 98325 33406 1198 1911 59994 8976 11474
internal_value=-3.91712e-12 0.00243843 0.00165415 -0.0107553 0.0162615 0.00240058 0.00408323 -0.00146123 0.00599157 0.00693638 -0.00702583 -0.00868133 0.0201665 -0.0127161 -0.011037 -0.0146558 -0.0204442 -0.027465 -0.0364236 -0.0272772 0.0376691 0.0175722 -0.00168499 -0.000737346 -0.00278748 -0.00527251 -0.0276092 -0.000361805 -0.00417997 -0.00676953
internal_weight=586317 239592 226728 12864 12864 213864 148960 64904 119168 111104 8064 22344 10752 6882 6784 11863 8919 6886 4846 4174 3285 1557 346725 274275 175950 72450 3109 113850 53856 44880
internal_count=586317 239592 226728 12864 12864 213864 148960 64904 119168 111104 8064 22344 10752 6882 6784 11863 8919 6886 4846 4174 3285 1557 346725 274275 175950 72450 3109 113850 53856 44880
is_linear=0
shrinkage=0.05


Tree=88
num_leaves=31
num_cat=0
split_feature=10 10 10 11 12 11 5 11 11 9 10 11 1 13 10 10 11 12 3 9 1 11 13 1 3 5 9 2 5 3
split_gain=880.174 791.45 633.005 1061.27 745.114 627.572 1090.53 792.159 1083.08 676.532 585.346 733.283 583.423 891.625 572.175 1108.64 669.061 593.757 524.211 907.556 539.516 505.88 495.211 459.417 714.732 463.696 453.196 436.784 414.64 407.622
threshold=0.90518480539321911 0.87379899621009838 0.59125596284866344 -0.72658059000968922 15.250000000000002 0.69635042548179638 30.228813171386722 0.63207998871803295 0.57727023959159862 30.070989608764652 0.9946616291999818 -0.021515300963073965 35.989843368530281 78.750000000000014 0.97109106183052074 0.93836870789527904 0.31717954576015478 18.250000000000004 38.262666702270515 39.44108963012696 38.259286880493171 -0.38961601257324213 80.250000000000014 35.373973846435554 34.498191833496101 34.938047409057624 34.147552490234382 0.18082440644502643 34.611244201660163 34.943683624267585
decision_type=2 2 2 2 2 2 2 2 2 2 2 2 2 2 2 2 2 2 2 2 2 2 2 2 2 2 2 2 2 2
left_child=1 2 -1 12 -5 6 -6 8 -8 -10 14 -12 13 -4 15 18 -17 -16 19 21 -21 -2 -3 29 -25 -26 -9 -7 -14 -18
right_child=10 22 3 4 5 27 7 26 9 -11 11 -13 28 -15 17 16 23 -19 -20 20 -22 -23 -24 24 25 -27 -28 -29 -30 -31
leaf_value=-0.0012543753434042255 -0.018742153273512183 -0.0073789458800702342 0.021877844959342696 -0.0065843348827974747 0.063826318904928708 -0.0072503040184532554 0.007186794162343438 0.018255063250070633 0.048706351567103061 -0.026107145568945757 -0.014344133446155056 0.0054264500550770577 0.074520064623720836 0.091222535345943712 0.0073209494069791485 -0.00061445761192163511 -0.018854458478661705 0.023264419985355982 0.028098349534006358 -0.092829087380213324 0.037265272008684965 0.014178156454579541 -0.030072343427600574 -0.19756678058064148 -0.097319572559021905 -0.024391551161458316 0.059001854708992267 0.055775212183436187 0.0099402364362530249 0.045086688545435134
leaf_weight=411045 1320 9664 1837 20984 850 10918 26745 4390 328 3839 8040 11256 256 620 16768 17688 1344 8960 4249 341 104 10066 3200 73 265 1228 808 282 8543 306
leaf_count=411045 1320 9664 1837 20984 850 10918 26745 4390 328 3839 8040 11256 256 620 16768 17688 1344 8960 4249 341 104 10066 3200 73 265 1228 808 282 8543 306
internal_value=2.02052e-12 -0.00078121 -0.000460743 0.0035967 0.00127894 0.00470508 0.00784704 0.00652934 0.00349253 -0.0202183 0.00480406 -0.00281129 0.0178344 0.0393763 0.00714725 0.00316383 -0.00442869 0.0128734 0.0130341 0.00762392 -0.062425 0.0103616 -0.0130241 -0.025407 -0.0448052 -0.0373359 0.0245889 -0.00566341 0.0118191 -0.00699628
internal_weight=586317 504309 491445 80400 69144 48160 36960 36110 30912 4167 82008 19296 11256 2457 62712 36984 20904 25728 16080 11831 445 11386 12864 3216 1566 1493 5198 11200 8799 1650
internal_count=586317 504309 491445 80400 69144 48160 36960 36110 30912 4167 82008 19296 11256 2457 62712 36984 20904 25728 16080 11831 445 11386 12864 3216 1566 1493 5198 11200 8799 1650
is_linear=0
shrinkage=0.05


Tree=89
num_leaves=31
num_cat=0
split_feature=10 9 11 8 11 13 4 13 9 1 7 3 9 3 1 10 12 11 10 11 10 7 1 10 5 10 7 9 11 10
split_gain=803.978 576.47 574.805 792.21 772.919 1431.58 721.27 677.952 567.224 1410.09 633.189 532.779 524.905 521.658 462.109 422.562 546.495 440.887 419.78 414.92 409.554 441.744 398.859 481.397 374.548 455.948 371.704 370.96 466.459 418.598
threshold=0.21772121638059619 40.92570877075196 -0.92910701036453236 0.26920935511589056 -0.83352491259574879 78.750000000000014 0.12160332128405572 81.750000000000014 35.366125106811531 35.297071456909187 36.805358886718757 39.192068099975593 40.92570877075196 28.902009963989261 42.44023513793946 0.96460527181625377 18.250000000000004 -0.17552498728036878 -0.99466162919998158 0.098816476762294783 0.68391311168670665 30.721668243408207 35.760755538940437 0.30081701278686529 32.249189376831062 0.63209757208824169 35.003583908081062 27.16437911987305 0.99164059758186351 -0.96683886647224415
decision_type=2 2 2 2 2 2 2 2 2 2 2 2 2 2 2 2 2 2 2 2 2 2 2 2 2 2 2 2 2 2
left_child=1 18 3 11 5 -4 7 12 9 -7 -11 -2 13 -6 15 -15 -17 -18 -1 20 24 -22 26 -24 25 -8 -5 28 29 -20
right_child=2 -3 4 22 6 8 19 -9 -10 10 -12 -13 -14 14 -16 16 17 -19 27 -21 21 -23 23 -25 -26 -27 -28 -29 -30 -31
leaf_value=0.0056018683449397593 -0.0044561915062148938 -0.082154806279789702 -0.02146904696429713 0.024153245811669187 0.018291219651142155 0.088255300109639112 0.0018852871421796199 -0.0062907207290447201 0.009051382033238348 -0.11670508572146375 0.014933736788154376 0.027516386151169994 0.011811816834427558 -0.00058573891512298903 0.034212095066076496 0.0020907157277138505 0.044370342190987094 0.011891100308699894 -0.053223732411627062 0.023181544461509905 -0.06008922552463139 0.0045606690679650492 0.021007071857154044 0.068872375832080127 0.014820048350219174 0.090168846756255694 -0.012768672385754846 -0.0015786817453601759 -0.031386536001469505 -0.0046465481782667429
leaf_weight=19296 6709 222 9792 3162 4586 161 234 25120 8865 355 123 1617 13924 112573 1051 28050 1202 7992 457 5111 269 14887 1143 972 3299 390 869 296833 2065 14988
leaf_count=19296 6709 222 9792 3162 4586 161 234 25120 8865 355 123 1617 13924 112573 1051 28050 1202 7992 457 5111 269 14887 1143 972 3299 390 869 296833 2065 14988
internal_value=-7.40872e-13 -0.00161004 0.0021292 0.0118041 0.00154086 -0.00805186 0.00238727 0.00137461 0.0057719 -0.0397251 -0.0828315 0.00175323 0.00251143 0.0016784 0.00117341 0.000941636 0.00555825 0.0161374 -0.00155644 0.0105296 0.00714026 0.00341321 0.02542 0.0430047 0.0215392 0.0570625 0.0161936 -0.00199586 -0.0090679 -0.00608389
internal_weight=586317 333861 252456 14472 237984 19296 218688 194498 9504 639 478 8326 169378 155454 150868 149817 37244 9194 333639 24190 19079 15156 6146 2115 3923 624 4031 314343 17510 15445
internal_count=586317 333861 252456 14472 237984 19296 218688 194498 9504 639 478 8326 169378 155454 150868 149817 37244 9194 333639 24190 19079 15156 6146 2115 3923 624 4031 314343 17510 15445
is_linear=0
shrinkage=0.05


Tree=90
num_leaves=31
num_cat=0
split_feature=13 13 12 11 10 10 11 11 9 10 1 11 1 12 1 10 11 7 9 3 10 1 13 10 5 10 9 13 13 3
split_gain=741.758 986.405 1574.44 951.822 1008.16 654.041 629.968 559.66 531.886 522.605 772.488 709.14 610.141 518.958 654.52 679.668 542.755 582.47 529.278 517.966 517.278 506.671 681.435 595.187 559.245 698.448 497.581 592.826 469.784 443.305
threshold=80.750000000000014 77.750000000000014 15.250000000000002 0.39752808213233953 -0.8779519498348235 0.63209757208824169 -0.038720846176147454 0.28434865176677709 31.809103012084964 -1.0000000180025095e-35 34.376260757446296 -0.99049577116966236 27.532365798950199 16.250000000000004 34.201402664184577 -0.95236876606941212 -0.10737737268209456 32.974578857421882 33.092733383178718 34.751655578613288 -0.97873103618621815 31.427606582641605 83.250000000000014 0.25118774175643926 33.003767013549812 -0.04732095077633857 34.744302749633796 79.250000000000014 76.750000000000014 32.282590866088874
decision_type=2 2 2 2 2 2 2 2 2 2 2 2 2 2 2 2 2 2 2 2 2 2 2 2 2 2 2 2 2 2
left_child=1 2 6 9 -5 8 28 21 -4 11 -11 12 -3 14 15 -13 18 -18 -15 -9 -20 22 -2 24 -23 -26 27 -17 -1 -7
right_child=7 3 5 4 -6 29 -8 19 -10 10 -12 13 -14 16 -16 26 17 -19 20 -21 -22 23 -24 -25 25 -27 -28 -29 -30 -31
leaf_value=-0.017001350225466724 0.001689746088792847 -0.13877657085354775 0.0030674771214183592 -0.026826702319588919 -1.018733954592815e-05 0.034403373576684881 -0.0027891971493252945 -0.0064938691612621505 -0.0049887025367354549 0.020494516393230827 0.0061463674042073358 0.0018223363721778197 -0.012318616112217587 -0.00046665936303784297 -0.0029502673726374902 0.016113961311662768 0.001568827562335829 0.026001304458873886 0.047834708119003942 -0.032458207215493626 -0.020664462947626566 -0.0036504988215171766 0.025537773638101433 0.0013833284754582438 -0.0093704283688683717 -0.041016768410082532 -0.0051027447065287532 0.040402019076103031 -0.0061467145931737022 0.0066691510410565123
leaf_weight=19936 15396 97 47943 3640 94367 1510 41804 47937 35777 10765 72955 10124 5727 23724 9989 11470 8013 3507 290 2001 5554 14990 3719 30724 5097 2650 2008 3217 19936 31450
leaf_count=19936 15396 97 47943 3640 94367 1510 41804 47937 35777 10765 72955 10124 5727 23724 9989 11470 8013 3507 290 2001 5554 14990 3719 30724 5097 2650 2008 3217 19936 31450
internal_value=1.92656e-12 0.000914031 -0.00175342 0.00290729 -0.00100616 0.00197358 -0.00707771 -0.00346026 -0.00037526 0.00519794 0.0079913 0.00240458 -0.0144248 0.00366285 0.00797471 0.0120438 -0.000199859 0.00900674 -0.00378684 -0.00753425 -0.0172653 -0.000657033 0.0063296 -0.00315511 -0.00928779 -0.0201956 0.0182422 0.021434 -0.011574 0.00793974
internal_weight=586317 463803 198356 265447 98007 116680 81676 122514 83720 167440 83720 83720 5824 77896 36808 26819 41088 11520 29568 49938 5844 72576 19115 53461 22737 7747 16695 14687 39872 32960
internal_count=586317 463803 198356 265447 98007 116680 81676 122514 83720 167440 83720 83720 5824 77896 36808 26819 41088 11520 29568 49938 5844 72576 19115 53461 22737 7747 16695 14687 39872 32960
is_linear=0
shrinkage=0.05


Tree=91
num_leaves=31
num_cat=0
split_feature=10 10 10 10 11 10 11 11 2 11 0 5 12 1 10 10 2 10 12 11 3 9 3 3 9 11 5 7 7 3
split_gain=687.039 667.641 652.091 1132.79 1036.53 676.006 620.656 575.899 2003.63 1889.02 1077.16 551.259 807.7 547.475 531.514 516.263 573.73 514.445 507.492 565.039 551.743 501.49 1108.63 500.064 500.039 497.156 1339.08 1177.83 562.482 744.78
threshold=0.012910176534205677 -0.1330134719610214 -0.20931270718574521 -0.30901412665843958 -0.89388549327850331 -0.3657191395759582 -0.9946339726448058 -0.69014781713485707 8.5740327835083026 -0.63872575759887684 0.47736741602420812 33.638193130493171 16.750000000000004 25.946461677551273 0.047320950776338584 -0.08167563751339911 5.5244364738464364 -0.24284747242927548 15.250000000000002 0.39752808213233953 28.796261787414554 30.692554473876957 29.449769973754886 27.166994094848636 28.910720825195316 -0.12447465583682059 33.883625030517585 32.934041976928718 29.456991195678714 31.053791046142582
decision_type=2 2 2 2 2 2 2 2 2 2 2 2 2 2 2 2 2 2 2 2 2 2 2 2 2 2 2 2 2 2
left_child=1 2 3 4 5 -1 11 8 10 -9 -6 -2 -13 -3 -14 16 -15 -5 19 -11 -20 22 -12 -10 -7 26 28 -27 -22 -30
right_child=6 13 -4 17 7 24 -8 9 23 18 21 12 14 15 -16 -17 -18 -19 20 -21 25 -23 -24 -25 -26 27 -28 -29 29 -31
leaf_value=0.02204028002477517 0.025789381397518959 -0.055998467852750436 0.0093669597574339482 -0.018963042235780089 0.0076854406361159784 -0.024281920656492866 0.0013329449022009407 0.026247370906534302 -0.062483270168136019 -0.00089923036946743863 -0.02535739143503429 0.026483797086069374 0.021301793371809222 -0.01199887138114112 -0.042011368992894066 -0.0027736399379307574 -0.045173271590818055 -0.0016444779266076869 0.011869331841275461 -0.011112163133651431 -0.017902551728174718 -0.021071194978085364 0.024172247383825854 -0.026265601069145963 0.0082015936787891517 -0.0011902099027570848 -0.040376420409254571 0.014496040701664305 0.012113685123851843 -0.0058049478593431266
leaf_weight=8040 4941 613 14472 12864 14295 1566 283410 6432 1175 31232 2188 1429 456 7920 1214 16238 1560 6432 9714 23912 5144 7120 2336 5046 4866 68594 2565 14496 8715 17332
leaf_count=8040 4941 613 14472 12864 14295 1566 283410 6432 1175 31232 2188 1429 456 7920 1214 16238 1560 6432 9714 23912 5144 7120 2336 5046 4866 68594 2565 14496 8715 17332
internal_value=6.52285e-12 -0.00170162 -0.000956615 -0.00154467 -0.000587501 0.0123747 0.00172157 -0.00143904 -0.0076223 -0.000382067 -0.00151043 0.0154207 -0.00111095 -0.00929956 -0.0247235 -0.00818647 -0.0174579 -0.0131902 -0.0013247 -0.00532785 0.000419526 -0.0127999 0.000217594 -0.0331063 0.000292828 -0.000532354 -0.00564927 0.00154644 -0.00279348 0.000190402
internal_weight=586317 294867 268536 254064 234768 14472 291450 220296 32160 188136 25939 8040 3099 26331 1670 25718 9480 19296 181704 55144 126560 11644 4524 6221 6432 116846 33756 83090 31191 26047
internal_count=586317 294867 268536 254064 234768 14472 291450 220296 32160 188136 25939 8040 3099 26331 1670 25718 9480 19296 181704 55144 126560 11644 4524 6221 6432 116846 33756 83090 31191 26047
is_linear=0
shrinkage=0.05


Tree=92
num_leaves=31
num_cat=0
split_feature=13 13 12 11 10 10 11 11 3 11 3 1 13 10 9 5 1 11 13 7 9 12 13 5 7 10 10 3 9 10
split_gain=670.803 915.632 1523.13 858.251 823.52 813.178 512.81 509.697 494.16 469.804 469.27 461.194 612.236 521.023 536.962 434.086 427.942 419.944 643.71 436.607 405.024 399.765 393.973 371.963 367.491 695.388 505.678 554.215 479.944 483.98
threshold=80.750000000000014 78.250000000000014 15.250000000000002 0.39752808213233953 -0.8779519498348235 0.63209757208824169 -0.10737737268209456 0.28434865176677709 31.731999397277836 0.01290981797501445 34.751655578613288 31.427606582641605 83.250000000000014 0.25118774175643926 39.57866287231446 28.381810188293461 33.636152267456062 -0.038720846176147454 76.750000000000014 29.960451126098636 42.863233566284187 19.250000000000004 76.250000000000014 34.806369781494148 32.126644134521491 -0.064507851377129541 -0.030120026320219036 32.447664260864265 33.685607910156257 -0.11593352630734442
decision_type=2 2 2 2 2 2 2 2 2 2 2 2 2 2 2 2 2 2 2 2 2 2 2 2 2 2 2 2 2 2
left_child=1 2 17 20 -5 6 22 11 -7 -8 -9 12 -2 14 -13 -11 -17 18 -1 -20 -3 -15 -4 -23 25 28 -26 -28 29 -24
right_child=7 3 5 4 -6 8 9 10 -10 15 -12 13 -14 21 -16 16 -18 -19 19 -21 -22 23 24 -25 26 -27 27 -29 -30 -31
leaf_value=-0.016130502617998147 0.0016523214873825011 0.0053015231187050248 -0.012803287434678526 -0.026749431423620847 0.00012749908927419 0.037937086382044072 0.023029784658806268 -0.0061882196450969811 0.0070228425106668982 0.019101502662882245 -0.030901944083046331 -0.007965028124867558 0.024257070934136472 -0.0034721952850855866 -0.085252242339651896 -0.00054166711920056686 0.017520589925119918 -0.0027558360672973541 0.0063674439927609407 -0.0078805179177451837 0.026275684840030362 0.032803097925424213 0.0025453658335227195 0.0051204187592612431 -0.015468649762994821 0.036297616034583001 0.030531793424206317 -0.0034660327788554124 -0.069381254653577223 -0.066450245327554475
leaf_weight=19936 15396 133818 10000 2960 76738 1336 2800 47937 39864 3464 2001 22510 3719 18236 227 44848 3538 52255 7029 22875 2342 1362 17121 11126 8733 1474 1348 10824 242 258
leaf_count=19936 15396 133818 10000 2960 76738 1336 2800 47937 39864 3464 2001 22510 3719 18236 227 44848 3538 52255 7029 22875 2342 1362 17121 11126 8733 1474 1348 10824 242 258
internal_value=-1.89185e-12 0.000869215 -0.00120365 0.0032502 -0.000870716 0.00207512 -0.000267429 -0.0032906 0.0080253 0.00308044 -0.00717849 -0.000615427 0.00605028 -0.00299875 -0.00873664 0.00200314 0.000779051 -0.00588759 -0.0091711 -0.0045315 0.00566229 0.00124751 -0.00392665 0.00813962 -0.00170749 0.00330702 -0.00628784 0.00029909 0.000547346 0.00152109
internal_weight=586317 463803 247945 215858 79698 145850 104650 122514 41200 54650 49938 72576 19115 53461 22737 51850 48386 102095 49840 29904 136160 30724 50000 12488 40000 19095 20905 12172 17621 17379
internal_count=586317 463803 247945 215858 79698 145850 104650 122514 41200 54650 49938 72576 19115 53461 22737 51850 48386 102095 49840 29904 136160 30724 50000 12488 40000 19095 20905 12172 17621 17379
is_linear=0
shrinkage=0.05


Tree=93
num_leaves=31
num_cat=0
split_feature=10 10 10 10 11 3 12 5 13 8 11 11 11 11 9 5 12 11 10 10 11 12 3 9 1 11 1 3 12 1
split_gain=623.692 746.435 539.656 466.288 1016.68 874.449 795.98 837.183 621.749 419.96 552.948 408.616 856.78 684.17 854.363 410.326 403.368 395.206 389.142 1013.22 589.777 520.935 439.571 807.692 500.89 452.86 377.323 835.305 367.463 365.649
threshold=0.90518480539321911 0.87379899621009838 0.99628895521163952 0.63209757208824169 -0.72658059000968922 34.557439804077156 15.250000000000002 28.315699577331547 78.250000000000014 1.0000000180025095e-35 0.42887605726718908 0.69635042548179638 0.63207998871803295 0.57727023959159862 30.437544822692875 30.228813171386722 18.750000000000004 -0.038720846176147454 0.97109106183052074 0.93836870789527904 0.30080866813659674 17.750000000000004 38.367488861083991 39.44108963012696 38.367088317871101 -0.38961601257324213 35.217159271240241 34.438421249389656 15.250000000000002 39.852291107177741
decision_type=2 2 2 2 2 2 2 2 2 2 2 2 2 2 2 2 2 2 2 2 2 2 2 2 2 2 2 2 2 2
left_child=1 3 18 -1 5 8 -6 -8 -5 -3 -11 12 13 16 -15 -16 29 -4 19 22 -21 -20 23 25 -25 -2 -22 -28 -7 -9
right_child=2 9 17 4 6 28 7 11 -10 10 -12 -13 -14 14 15 -17 -18 -19 21 20 26 -23 -24 24 -26 -27 27 -29 -30 -31
leaf_value=-0.0009779959051757776 -0.017176965699375917 -0.0093122474729015661 -0.016142507299355447 0.039580760285731688 -0.0069127083549118161 -0.01145072143649006 0.066720187488854651 0.0059361614196951308 0.12363309122475924 -0.052344480977192034 0.027127904568559059 -0.0062259941447691614 0.024626513875035644 0.045283490738730586 0.10039426747596625 -0.025365007328358849 0.014082582812614115 0.0009627286969045364 0.004647381963355509 -9.6040889132187725e-06 -0.003942580127483726 0.018225510795287739 0.026188241410878579 -0.084798708203031842 0.039623140651159565 0.013500717499808813 -0.18282969243447766 -0.027096490326812512 0.020784848111860741 -0.010969869299763388
leaf_weight=420693 1365 11402 4824 783 19520 1118 546 12158 306 1194 268 7481 5586 517 66 3761 10345 11256 16704 16080 2089 12240 4112 364 104 10135 89 2646 4225 4340
leaf_count=420693 1365 11402 4824 783 19520 1118 546 12158 306 1194 268 7481 5586 517 66 3761 10345 11256 16704 16080 2089 12240 4112 364 104 10135 89 2646 4225 4340
internal_value=-2.73333e-12 -0.00065761 0.00404398 -0.00034639 0.00340915 0.0223628 0.00151379 0.00518533 0.0631988 -0.0125472 -0.0377764 0.00442613 0.00659316 0.00336316 -0.0150461 -0.0231962 0.00634232 -0.00416884 0.00604711 0.00264881 -0.00460963 0.0103894 0.0120848 0.00723908 -0.0571494 0.00985941 -0.019943 -0.0321642 0.0140397 0.00148882
internal_weight=586317 504309 82008 491445 70752 6432 64320 44800 1089 12864 1462 44254 36773 31187 4344 3827 26843 16080 65928 36984 20904 28944 16080 11968 468 11500 4824 2735 5343 16498
internal_count=586317 504309 82008 491445 70752 6432 64320 44800 1089 12864 1462 44254 36773 31187 4344 3827 26843 16080 65928 36984 20904 28944 16080 11968 468 11500 4824 2735 5343 16498
is_linear=0
shrinkage=0.05


Tree=94
num_leaves=31
num_cat=0
split_feature=13 13 12 11 10 11 3 10 1 13 4 9 7 3 10 11 3 9 10 10 12 12 12 1 13 10 9 12 10 10
split_gain=637.115 1028.49 1359.47 904.912 894.087 616.318 583.835 576.011 562.252 517.381 513.459 541.696 504.128 579.412 496.323 472.57 426.545 421.086 540.369 602.433 443.058 404.439 399.079 395.563 602.19 583.958 537.17 474.923 383.521 619.919
threshold=80.250000000000014 78.750000000000014 14.750000000000002 -0.61186373233795155 0.63209757208824169 -0.10737737268209456 31.731999397277836 1.0000000180025095e-35 38.476392745971687 76.250000000000014 12.038403987884523 33.092733383178718 33.358106613159187 28.796261787414554 -0.92263099551200856 0.28434865176677709 35.016193389892585 32.131294250488288 1.0000000180025095e-35 0.36571913957595831 16.250000000000004 17.250000000000004 17.750000000000004 31.644694328308109 83.250000000000014 0.25118774175643926 40.432950973510749 18.250000000000004 -0.39753912389278406 -0.48250326514244074
decision_type=2 2 2 2 2 2 2 2 2 2 2 2 2 2 2 2 2 2 2 2 2 2 2 2 2 2 2 2 2 2
left_child=1 2 -1 7 5 9 -6 10 -9 21 11 -3 13 -7 -11 23 -17 -16 20 -20 -19 -4 -13 24 27 26 28 -2 29 -25
right_child=15 3 4 -5 6 12 -8 8 -10 14 -12 22 -14 -15 17 16 -18 18 19 -21 -22 -23 -24 25 -26 -27 -28 -29 -30 -31
leaf_value=-0.0053023878435885779 0.012275598316999979 0.018416134666674491 -0.024260994049621371 0.0018873698623498925 0.035453851991638419 0.015345587019972785 0.0062505469055985172 0.0239106175543468 0.0073618899970661865 -0.013851584483312432 -0.012039049663448034 0.0041295993465826318 0.016491399066868452 -4.349680404637474e-05 0.0055209694864153148 -0.0054883340432877875 -0.028521450481505697 0.0017826491192108719 0.01121307350608349 -0.0081115582091201514 -0.019265545104698561 -0.0050065008008020719 -0.028330445059617911 -0.0060217712680864528 0.022197172152693637 0.0014174170924100805 -0.097301296909620777 -0.0040048208010657468 -0.016714995295119349 0.033607665178372208
leaf_weight=105012 6661 7566 5000 101381 1769 6822 52615 11517 9259 7480 3731 8412 6172 59144 20020 57367 2083 3718 8337 7812 7633 6000 1067 15928 4164 36512 169 13678 8236 1052
leaf_count=105012 6661 7566 5000 101381 1769 6822 52615 11517 9259 7480 3731 8412 6172 59144 20020 57367 2083 3718 8337 7812 7633 6000 1067 15928 4164 36512 169 13678 8236 1052
internal_value=-6.72825e-13 0.000948439 -0.000726163 0.00443434 0.00176996 -0.000367996 0.00720047 0.0106486 0.0165355 -0.00385961 0.00476167 0.0084392 0.00282653 0.00154799 -0.00187982 -0.00286429 -0.00629536 4.62319e-06 -0.00401128 0.00186488 -0.0123712 -0.0137585 0.000475747 -0.000503432 0.00487364 -0.00263204 -0.0084565 0.001327 -0.00786105 -0.00356652
internal_weight=586317 440467 297534 142933 192522 138138 54384 41552 20776 66000 20776 17045 72138 65966 55000 145850 59450 47520 27500 16149 11351 11000 9479 86400 24503 61897 25385 20339 25216 16980
internal_count=586317 440467 297534 142933 192522 138138 54384 41552 20776 66000 20776 17045 72138 65966 55000 145850 59450 47520 27500 16149 11351 11000 9479 86400 24503 61897 25385 20339 25216 16980
is_linear=0
shrinkage=0.05


Tree=95
num_leaves=31
num_cat=0
split_feature=13 13 11 12 11 10 12 10 10 1 10 1 12 10 11 5 1 7 9 12 10 11 5 1 13 11 10 3 11 11
split_gain=592.028 695.893 1084.09 1083.87 731.228 862.832 679.756 513.63 477.789 773.179 675.539 653.917 502.334 584.731 556.662 623.705 542.189 541.492 735.934 491.96 484.321 453.475 447.841 446.707 464.221 438.529 1279.05 901.338 691.399 627.135
threshold=81.250000000000014 77.250000000000014 -0.038720846176147454 16.750000000000004 0.39752808213233953 -0.8779519498348235 13.250000000000002 -0.83354803919792164 1.0000000180025095e-35 32.553670883178718 -0.1330134719610214 27.532365798950199 16.250000000000004 -0.95236876606941212 -0.10737737268209456 32.886943817138679 34.201402664184577 33.012615203857429 33.785501480102546 19.250000000000004 -0.49002411961555475 0.28434865176677709 32.663663864135749 31.427606582641605 83.250000000000014 -0.79354220628738392 -0.72660079598426808 30.425042152404789 -0.63872575759887684 -0.83352491259574879
decision_type=2 2 2 2 2 2 2 2 2 2 2 2 2 2 2 2 2 2 2 2 2 2 2 2 2 2 2 2 2 2
left_child=1 2 3 -1 8 -6 -4 -7 10 -10 12 -12 13 -3 17 -16 -15 18 25 -11 -19 23 -22 24 -2 29 28 -28 -27 -14
right_child=21 4 6 -5 5 7 -8 -9 9 19 11 -13 14 16 15 -17 -18 20 -20 -21 22 -23 -24 -25 -26 26 27 -29 -30 -31
leaf_value=-0.011597757699678253 0.001779357975275521 -0.0016222052163667481 -0.0081538205212458217 0.00081358622532800434 -0.022308302016106295 0.016142478101482598 0.0042385890959019037 -0.00089707542148419759 0.023863143508129722 0.0037070310794531987 -0.1202376143155347 -0.011134407575198244 0.0034709432078391259 0.014574844813057706 0.00043782776918187673 0.022226036704589648 -0.00077373650263579726 -0.024665872052515529 -0.047442293991267495 0.013815722338034589 -0.034439756427172237 -0.0074773702056171705 0.014926375954722579 -0.0032646754114152286 0.021957659540802421 0.030915935355767594 -0.060086596037467202 -0.0095536547030840406 -0.0019334745666717266 0.038244146947085833
leaf_weight=42720 12203 14976 13437 29904 4600 4600 62706 114655 5824 85981 140 7220 9645 21707 10297 4823 7829 5119 831 13995 615 41615 1816 44558 3719 1811 1542 2063 13868 1498
leaf_count=42720 12203 14976 13437 29904 4600 4600 62706 114655 5824 85981 140 7220 9645 21707 10297 4823 7829 5119 831 13995 615 41615 1816 44558 3719 1811 1542 2063 13868 1498
internal_value=-1.45845e-12 0.00072955 -0.00211676 -0.0064872 0.00199183 -0.00105944 0.00205169 -0.000239812 0.00377782 0.00615373 0.0014019 -0.0132097 0.00249436 0.00642578 -0.000750616 0.00738786 0.0105065 -0.00392145 -0.00101878 0.00512208 -0.0159389 -0.00346015 0.00243762 -0.000695988 0.00649253 0.000249107 -0.0043138 -0.0311686 0.00186079 0.00814565
internal_weight=586317 484222 148767 72624 335455 123855 76143 119255 211600 105800 105800 7360 98440 44512 53928 15120 29536 38808 31258 99976 7550 102095 2431 60480 15922 30427 19284 3605 15679 11143
internal_count=586317 484222 148767 72624 335455 123855 76143 119255 211600 105800 105800 7360 98440 44512 53928 15120 29536 38808 31258 99976 7550 102095 2431 60480 15922 30427 19284 3605 15679 11143
is_linear=0
shrinkage=0.05


Tree=96
num_leaves=31
num_cat=0
split_feature=13 13 12 11 10 11 11 10 9 11 12 0 9 12 10 1 10 10 1 12 13 13 9 3 11 10 12 5 3 3
split_gain=534.306 639.638 1075.32 646.493 758.287 502.662 443.802 797.352 411.679 409.261 421.067 394.216 437.071 559.41 563.86 461.818 804.209 389.929 388.266 380.482 375.513 372.137 394.622 370.844 364.985 384.088 398.065 360.481 353.02 305.677
threshold=81.250000000000014 77.750000000000014 15.250000000000002 0.39752808213233953 -0.8779519498348235 -0.43663504719734186 -0.69014781713485707 -0.62540480494499195 42.863233566284187 0.28434865176677709 19.750000000000004 15.199292659759523 32.164163589477546 17.250000000000004 -0.65189296007156361 29.843582153320316 -0.66484925150871266 -0.83354803919792164 31.427606582641605 15.250000000000002 76.250000000000014 76.750000000000014 30.000835418701175 28.315699577331547 0.9549313783645631 -0.24284747242927548 16.250000000000004 29.689715385437015 34.557439804077156 28.744065284729007
decision_type=2 2 2 2 2 2 2 2 2 2 2 2 2 2 2 2 2 2 2 2 2 2 2 2 2 2 2 2 2 2
left_child=1 2 5 8 19 21 7 11 -3 10 18 12 15 -14 -15 16 27 -6 -2 -5 -9 -1 -23 24 -19 26 -26 -4 -11 -8
right_child=9 3 6 4 17 -7 29 20 -10 28 -12 -13 13 14 -16 -17 -18 23 -20 -21 -22 22 -24 -25 25 -27 -28 -29 -30 -31
leaf_value=-0.016810561023700335 0.004592467768826985 0.0037170313522285831 -0.042312725494793132 -0.044342001226206337 0.015393688957708538 -0.0029689227171443146 0.014669121990057092 -0.011274012581315072 0.022500042293803386 -0.006119792230376269 0.0070031842283863116 -0.1038997938045684 -0.009836019368131976 -0.14193418867252616 0.039216943566973972 0.006092381423114232 -0.12456284102793276 0.019342897368280466 -0.0056970158902830761 -0.011380526262959463 0.0022142997730770025 0.0062409039645685473 -0.011274122536631688 -0.0016616847273510382 0.0031822032587977287 0.0040440931932209908 -0.088962538943286984 0.048651930437870111 -0.028662231406949231 0.0026252864027550269
leaf_weight=14560 12537 177354 294 1320 3920 52556 5635 6880 2966 39799 13824 170 257 247 52 1147 220 4374 34119 2600 20640 4795 9765 88849 230 4014 239 173 1816 80965
leaf_count=14560 12537 177354 294 1320 3920 52556 5635 6880 2966 39799 13824 170 257 247 52 1147 220 4374 34119 2600 20640 4795 9765 88849 230 4014 239 173 1816 80965
internal_value=-3.67858e-12 0.000693072 -0.00148852 0.00220683 -0.000901104 -0.00588867 0.00159159 -0.00364064 0.00402598 -0.00328714 -0.000661189 -0.0303314 -0.0250985 -0.0639322 -0.11043 -0.0133255 -0.0457452 -6.87529e-05 -0.00293211 -0.0224798 -0.00115778 -0.0111583 -0.00550595 -0.000689112 0.00906726 -0.000958543 -0.0437743 -0.0086149 -0.0071035 0.00340897
internal_weight=586317 484222 198356 285866 105546 81676 116680 30080 180320 102095 60480 2560 2390 556 299 1834 687 101626 46656 3920 27520 29120 14560 97706 8857 4483 469 467 41615 86600
internal_count=586317 484222 198356 285866 105546 81676 116680 30080 180320 102095 60480 2560 2390 556 299 1834 687 101626 46656 3920 27520 29120 14560 97706 8857 4483 469 467 41615 86600
is_linear=0
shrinkage=0.05


Tree=97
num_leaves=31
num_cat=0
split_feature=10 10 10 5 8 5 10 4 11 9 1 12 12 11 11 13 13 1 9 7 12 5 11 1 1 7 5 5 11 1
split_gain=510.977 945.87 666.688 796.849 640.99 476.84 612.983 490.22 379.446 735.789 762.175 505.144 465.905 938.607 503.019 892.885 536.877 415.74 400.187 428.633 389.16 377.28 604.557 372.738 355.497 346.601 556.149 344.127 454.354 599.014
threshold=0.28435654938220983 0.34964421391487127 0.41327477991580969 39.728612899780281 0.24794751405715945 30.327604293823246 0.36571913957595831 0.8807857632637025 0.87377473711967479 29.50916957855225 33.260351181030281 17.750000000000004 19.250000000000004 0.70860043168067943 -0.84291031956672657 78.750000000000014 80.750000000000014 31.023309707641605 39.845390319824226 34.094982147216804 13.750000000000002 38.041057586669929 -0.61186373233795155 30.617567062377933 39.321441650390632 29.332071304321293 26.692610740661625 30.523216247558597 0.21771516650915149 35.004354476928718
decision_type=2 2 2 2 2 2 2 2 2 2 2 2 2 2 2 2 2 2 2 2 2 2 2 2 2 2 2 2 2 2
left_child=-1 4 3 5 24 -3 -7 -8 12 17 11 -11 14 27 15 -4 20 -10 19 -17 -16 22 -18 -22 -2 26 -15 -14 29 -29
right_child=1 2 8 -5 -6 6 7 -9 9 10 -12 -13 13 25 16 18 21 -19 -20 -21 23 -23 -24 -25 -26 -27 -28 28 -30 -31
leaf_value=-0.001227010318867492 0.0063938909883602159 0.0014425532033365944 -0.023675777807428255 0.032020366428728742 0.035024301956770414 0.0045918009445481073 -0.035579143620344887 -0.0028231372781138981 0.032016766411781451 0.011570529406340955 0.075495450762705626 -0.018501822924164666 0.046435431513837014 0.031964681689352591 -0.0026541574648530067 -0.08508676994930614 0.019359531896062356 0.10832488874890911 -0.012684828097645534 0.020770753888803326 0.024193597348924841 -0.022014862944423841 -0.0067416928487192013 0.0031779610944674534 0.04707860565887307 -0.0068199684817746411 -0.055273100106656536 0.04697283922756134 -0.0008319908475577782 0.01042592999494063
leaf_weight=346725 9253 3608 5760 1036 3041 1894 4830 1496 1594 3616 354 2275 611 227 32640 99 2525 201 1830 2807 2156 3200 18275 98644 570 3573 936 1181 9225 22135
leaf_count=346725 9253 3608 5760 1036 3041 1894 4830 1496 1594 3616 354 2275 611 227 32640 99 2525 201 1830 2807 2156 3200 18275 98644 570 3573 936 1181 9225 22135
internal_value=-9.4635e-13 0.00177567 0.00102735 -0.0100277 0.0149647 -0.0137106 -0.0203618 -0.0278329 0.00169231 0.0123484 0.00423904 -4.28811e-05 0.00127606 0.00628438 0.000146136 -0.0104522 0.000852689 0.0405616 0.00563063 0.0171645 0.00209095 -0.00603205 -0.00357315 0.00362746 0.00875471 -0.014537 -0.0382456 0.00925886 0.00856082 0.0122771
internal_weight=586317 239592 226728 12864 12864 11828 8220 6326 213864 8040 6245 5891 205824 37888 167936 10496 157440 1795 4736 2906 133440 24000 20800 100800 9823 4736 1163 33152 32541 23316
internal_count=586317 239592 226728 12864 12864 11828 8220 6326 213864 8040 6245 5891 205824 37888 167936 10496 157440 1795 4736 2906 133440 24000 20800 100800 9823 4736 1163 33152 32541 23316
is_linear=0
shrinkage=0.05


Tree=98
num_leaves=31
num_cat=0
split_feature=13 13 12 11 10 3 11 11 10 1 9 12 12 11 13 5 7 9 10 1 4 12 10 10 10 10 10 3 10 11
split_gain=496.31 849.475 1076.76 765.846 724.169 519.003 508.341 487.763 469.893 525.033 459.638 493.297 451.141 449.773 415.616 415.286 436.298 390.235 465.146 521.932 401.251 381.044 370.379 490.864 362.376 356.759 540.979 377.486 430.043 352.976
threshold=80.250000000000014 78.750000000000014 14.750000000000002 -0.61186373233795155 0.63209757208824169 31.731999397277836 -0.10737737268209456 0.01290981797501445 1.0000000180025095e-35 37.832117080688484 33.092733383178718 16.250000000000004 15.250000000000002 -0.38961601257324213 76.250000000000014 28.315699577331547 33.642652511596687 32.195915222167976 1.0000000180025095e-35 34.616605758666999 3.4885307550430302 16.250000000000004 -0.064507851377129541 -0.11593352630734442 -0.71466678380966175 -0.73831951618194569 -0.62540480494499195 30.056553840637211 -0.15005400776863095 0.54882264137268078
decision_type=2 2 2 2 2 2 2 2 2 2 2 2 2 2 2 2 2 2 2 2 2 2 2 2 2 2 2 2 2 2
left_child=1 2 -1 8 6 -6 13 -8 10 -10 11 -3 -12 14 -4 -9 -17 20 21 -20 -16 -19 23 25 -14 -22 -27 28 -28 -2
right_child=29 3 4 -5 5 -7 7 15 9 -11 12 -13 24 -15 17 16 -18 18 19 -21 22 -23 -24 -25 -26 26 27 -29 -30 -31
leaf_value=-0.004757500322569972 -0.00086248285398312025 0.029767323638238044 -0.011465794707033112 0.0016620315492629088 0.033062505124265722 0.0055283605630634522 0.020206224136642196 0.016543289099086509 0.023245743895050019 0.0073407202179017949 0.0061052455434011423 0.0051451165258719934 0.034609061607457102 -0.013962031528045343 0.010436316914074935 -0.00058668590927793234 0.015565718677925073 0.0013358909104862614 0.01410847734894957 -0.0049569557506114522 0.012719966206029019 -0.018463278648635961 0.035632819918927659 -0.10928663727024507 -0.018596054274508774 -0.050585311120070253 0.012408284861825061 -0.023992179160931121 -0.081119519993662847 -0.006160654782199123
leaf_weight=105012 100000 2834 9504 101381 1769 52615 3696 4331 10056 10720 6124 7208 346 8976 13120 59615 4496 3636 5411 10665 1911 7327 542 116 4264 792 2252 1618 130 45850
leaf_count=105012 100000 2834 9504 101381 1769 52615 3696 4331 10056 10720 6124 7208 346 8976 13120 59615 4496 3636 5411 10665 1911 7327 542 116 4264 792 2252 1618 130 45850
internal_value=-2.77342e-12 0.000837099 -0.000684803 0.00400514 0.00153667 0.00642399 -0.000387437 0.00251378 0.00972199 0.0150391 0.0044049 0.0120939 -0.00278837 -0.00355847 -0.00192087 0.00155836 0.000546056 -1.18903e-05 -0.00395533 0.00146025 0.00519423 -0.0118967 -0.00414908 -0.0073111 -0.0146028 -0.00554634 -0.0128308 -0.00535536 0.00730391 -0.00252804
internal_weight=586317 440467 297534 142933 192522 54384 138138 72138 41552 20776 20776 10042 10734 66000 57024 68442 64111 47520 27039 16076 20481 10963 7361 6819 4610 6703 4792 4000 2382 145850
internal_count=586317 440467 297534 142933 192522 54384 138138 72138 41552 20776 20776 10042 10734 66000 57024 68442 64111 47520 27039 16076 20481 10963 7361 6819 4610 6703 4792 4000 2382 145850
is_linear=0
shrinkage=0.05


Tree=99
num_leaves=31
num_cat=0
split_feature=10 10 10 11 10 3 10 10 9 11 7 12 3 13 10 10 10 11 12 1 3 5 5 8 13 11 5 8 11 2
split_gain=458.628 689.415 505.449 614.505 416.823 896.691 719.45 1578.3 1078.42 926.467 945.302 617.388 480.664 468.602 415.815 415.25 924.724 530.079 414.814 406.393 559.955 409.49 390.528 386.799 495.921 410.994 381.667 378.559 504.811 373.21
threshold=0.90518480539321911 0.87379899621009838 0.9946616291999818 -0.021515300963073965 0.84293374419212352 41.532094955444343 0.78829774260520946 0.7440970540046693 34.93428039550782 0.53435277938842785 30.102701187133793 14.750000000000002 40.587558746337898 77.750000000000014 0.80392050743103038 0.97109106183052074 0.93836870789527904 0.31717954576015478 17.750000000000004 35.528953552246101 34.498191833496101 34.938047409057624 29.188932418823246 1.7912068963050845 77.250000000000014 0.64532420039176952 42.096481323242195 1.0000000180025095e-35 0.42887605726718908 0.12086454406380655
decision_type=2 2 2 2 2 2 2 2 2 2 2 2 2 2 2 2 2 2 2 2 2 2 2 2 2 2 2 2 2 2
left_child=1 4 15 -4 6 -6 7 12 9 11 -11 13 -1 -8 -12 16 -2 29 -17 -19 -21 -22 -9 25 -25 -24 -20 -3 -29 -18
right_child=2 27 3 -5 5 -7 8 22 -10 10 14 -13 -14 -15 -16 18 17 19 26 20 21 -23 23 24 -26 -27 -28 28 -30 -31
leaf_value=-0.00086768827194689266 0.011266208039104683 -0.0089189983511531613 -0.01416630927718825 0.0039323497922687444 0.013688943208647343 -0.035580684897025545 -0.017086654490132108 0.073345852176664977 -0.022421376589630247 0.059508176483025123 -0.027521067737875257 0.065683787731471224 0.0095057581886376849 0.082537722069379954 -0.0012037934249834374 0.0050886542620568586 -0.0039733502023924835 -0.0074209082099061024 0.01909500800032336 -0.19536246729308163 -0.099113545380690782 -0.024821222003525028 0.0071137311754111074 -0.010309924234482556 0.062745072859814274 0.028363044508078007 -0.057994676574470438 -0.049863254508967191 0.026071121590038233 0.018351856776539843
leaf_weight=438178 16080 11402 8040 11256 10241 1015 583 302 9068 518 2344 854 11459 148 4173 14848 15560 1783 10717 58 221 1154 8238 318 862 3144 163 1194 268 2128
leaf_count=438178 16080 11402 8040 11256 10241 1015 583 302 9068 518 2344 854 11459 148 4173 14848 15560 1783 10717 58 221 1154 8238 318 862 3144 163 1194 268 2128
internal_value=2.35182e-12 -0.000563915 0.0034678 -0.00360876 -0.000264818 0.0092461 -0.000487761 -0.000109278 -0.0103842 0.00227847 -0.00550214 0.0368126 -0.000603321 0.00308353 -0.0106695 0.00564521 0.00225172 -0.00468249 0.0105233 -0.0233552 -0.0431813 -0.036762 0.0171591 0.0158083 0.0430574 0.0129833 0.0179401 -0.0119904 -0.0359437 -0.00128746
internal_weight=586317 504309 82008 19296 491445 11256 480189 462501 17688 8620 7035 1585 449637 731 6517 62712 36984 20904 25728 3216 1433 1375 12864 12562 1180 11382 10880 12864 1462 17688
internal_count=586317 504309 82008 19296 491445 11256 480189 462501 17688 8620 7035 1585 449637 731 6517 62712 36984 20904 25728 3216 1433 1375 12864 12562 1180 11382 10880 12864 1462 17688
is_linear=0
shrinkage=0.05


Tree=100
num_leaves=31
num_cat=0
split_feature=13 13 12 11 10 11 11 10 1 4 9 5 1 0 10 9 11 10 7 10 4 10 10 1 10 10 3 10 10 0
split_gain=456.456 764.112 979.958 681.433 665.967 419.473 475.786 410.877 492.328 452.477 434.201 381.964 404.866 363.147 359.53 386.581 501.272 524.943 349.288 332.875 320.954 389.592 457.162 356.809 342.408 520.511 456.655 411.718 406.243 339.789
threshold=80.250000000000014 78.750000000000014 15.250000000000002 -0.61186373233795155 0.60505047440528881 -0.10737737268209456 0.01290981797501445 1.0000000180025095e-35 38.476392745971687 12.038403987884523 33.092733383178718 28.315699577331547 33.636152267456062 0.23258588463068011 -0.92263099551200856 32.131294250488288 -0.92260536551475514 1.0000000180025095e-35 32.258707046508796 0.7666517198085786 3.5549511909484868 -0.064507851377129541 -0.1330134719610214 33.733671188354499 -0.73831951618194569 -0.62540480494499195 30.091538429260257 -0.20088869333267209 -0.28435654938220972 3.2650687694549565
decision_type=2 2 2 2 2 2 2 2 2 2 2 2 2 2 2 2 2 2 2 2 2 2 2 2 2 2 2 2 2 2
left_child=1 2 -1 7 5 14 -7 9 19 10 -3 -8 -13 -12 -4 20 17 -17 -19 -9 23 22 24 29 -22 -26 -27 28 -28 -16
right_child=-2 3 4 -5 -6 6 11 8 -10 -11 13 12 -14 -15 15 16 -18 18 -20 -21 21 -23 -24 -25 25 26 27 -29 -30 -31
leaf_value=-0.004070326841700311 -0.0024244122886502521 0.016612620666500152 -0.01301714993630069 0.0015972285090248345 0.0065459658622592622 0.020875411754141576 0.016513097855048627 0.019526759082463725 0.0055877319954063722 -0.01154347093660475 0.0094775910137137997 -0.00065336669240593462 0.015708595901499995 -0.010178312312500513 0.014130627400197174 -0.012522932411270319 -0.012534413315975983 0.03611947608291969 0.0044753712875438331 0.067795788383598482 0.011076879204319864 0.034146444899073446 -0.079066319580782543 -0.024113817462556166 -0.048685960453947887 0.0069369634483006735 -0.020691449412001628 0.064843827280166896 -0.085656428629489134 -0.0032048543559532456
leaf_weight=122514 145850 7566 8160 101381 51360 3360 3988 11148 9259 3731 5174 53202 4070 4305 10182 4837 13610 972 8480 369 2105 590 220 846 847 2663 1200 114 301 3913
leaf_count=122514 145850 7566 8160 101381 51360 3360 3988 11148 9259 3731 5174 53202 4070 4305 10182 4837 13610 972 8480 369 2105 590 220 846 847 2663 1200 114 301 3913
internal_value=-7.76049e-13 0.000802786 -0.000640625 0.00380744 0.00176017 -0.000227531 0.00255601 0.00920003 0.014172 0.00422804 0.00768029 0.00155122 0.000509386 0.00055063 -0.00327415 -0.00171159 -0.00566714 0.000873809 0.0077295 0.0210733 0.00309046 -0.0049646 -0.00806198 0.00742502 -0.00590141 -0.0128749 -0.00578471 -0.0267617 -0.0337191 0.00931802
internal_weight=586317 440467 297534 142933 175020 123660 64620 41552 20776 20776 17045 61260 57272 9479 59040 50880 27899 14289 9452 11517 22981 8040 7450 14941 7230 5125 4278 1615 1501 14095
internal_count=586317 440467 297534 142933 175020 123660 64620 41552 20776 20776 17045 61260 57272 9479 59040 50880 27899 14289 9452 11517 22981 8040 7450 14941 7230 5125 4278 1615 1501 14095
is_linear=0
shrinkage=0.05


Tree=101
num_leaves=31
num_cat=0
split_feature=13 13 11 12 11 12 3 10 9 10 1 11 1 12 12 12 12 10 10 7 0 5 10 8 11 1 13 11 5 10
split_gain=413.995 529.32 934.839 808.277 513.344 485.596 501.288 548.515 596.441 436.394 738.78 567.968 551.314 440.052 428.184 401.938 530.042 481.178 451.474 551.607 589.156 387.53 361.798 326.51 322.295 395.506 497.049 333.237 595.708 325.098
threshold=81.250000000000014 76.750000000000014 -0.038720846176147454 16.750000000000004 0.75546532869339 19.750000000000004 30.616518974304203 -0.40542197227478022 30.243875503540043 -1.0000000180025095e-35 32.251585006713874 -0.99049577116966236 27.419076919555668 19.250000000000004 12.750000000000002 14.250000000000002 17.250000000000004 -0.3415676057338714 -0.24284747242927548 28.629338264465336 0.13654529303312304 36.303995132446296 -0.49750867486000055 2.1562560796737675 0.28434865176677709 31.76831150054932 83.250000000000014 -0.96227341890335072 32.849412918090827 -0.04732095077633857
decision_type=2 2 2 2 2 2 2 2 2 2 2 2 2 2 2 2 2 2 2 2 2 2 2 2 2 2 2 2 2 2
left_child=1 2 3 -1 9 6 15 8 -8 11 -11 12 -3 23 -4 22 -17 -18 19 -19 -21 -14 -6 -12 25 26 -2 28 -27 -30
right_child=24 4 14 -5 5 -7 7 -9 -10 10 13 -13 21 -15 -16 16 17 18 -20 20 -22 -23 -24 -25 -26 27 -28 -29 29 -31
leaf_value=-0.013022878044924961 0.00092439283884426988 -0.092068792514591824 -0.01048247418206113 0.00010382281354281301 -0.022111077756202868 -0.015713295983701123 -0.049919875166695979 -0.0023476539074059125 -0.011377013535004959 0.01619239873093628 0.0013085404792227734 0.0012806036374770628 -0.013024272645040828 0.010383276538018283 0.0037704591098943231 0.01321938357975728 0.014971154805800281 0.038376146050696995 -0.0012390268944235219 -0.035466450430772699 -0.20114299979593075 0.02923120208125847 -0.00089644158637513279 0.010226897785390708 -0.0062801765506978807 0.0040842350393992715 0.020150790074300578 -0.0016203065977204629 0.011069950451256836 -0.038075073233410923
leaf_weight=28480 13958 210 5972 19936 2319 5949 1219 26312 5684 12102 106522 140448 7654 18915 44790 13469 4084 251 11556 1284 56 584 15069 11357 41615 2168 4428 37192 393 2341
leaf_count=28480 13958 210 5972 19936 2319 5949 1219 26312 5684 12102 106522 140448 7654 18915 44790 13469 4084 251 11556 1284 56 584 15069 11357 41615 2168 4428 37192 393 2341
internal_value=-1.44868e-13 0.000610072 -0.0026472 -0.00761777 0.00144907 -0.00192371 -0.00091472 -0.00563874 -0.0181833 0.00243728 0.00435133 0.000523231 -0.0120681 0.00330376 0.00209364 0.00234822 0.00578845 -2.011e-05 -0.00467701 -0.0296483 -0.0423902 -0.0100287 -0.00372579 0.00216778 -0.00289348 -0.000563173 0.00555479 -0.0032354 -0.0154893 -0.0310107
internal_weight=586317 484222 99178 48416 385044 87252 81303 33215 6903 297792 148896 148896 8448 136794 50762 48088 30700 17231 13147 1591 1340 8238 17388 117879 102095 60480 18386 42094 4902 2734
internal_count=586317 484222 99178 48416 385044 87252 81303 33215 6903 297792 148896 148896 8448 136794 50762 48088 30700 17231 13147 1591 1340 8238 17388 117879 102095 60480 18386 42094 4902 2734
is_linear=0
shrinkage=0.05


Tree=102
num_leaves=31
num_cat=0
split_feature=10 10 10 11 7 10 10 11 1 3 12 10 3 10 10 9 11 7 12 3 9 10 5 10 3 9 1 11 5 13
split_gain=388.334 634.492 456.959 556.945 540.579 373.52 836.262 478.391 383.675 612.64 375.878 366.586 821.624 667.808 1371.19 983.948 841.708 851.981 549.755 442.886 369.964 496.98 365.793 365.457 355.42 781.371 447.744 401.334 353.111 351.792
threshold=0.90518480539321911 0.87379899621009838 0.9946616291999818 0.030119189061224464 36.055917739868171 0.97109106183052074 0.93836870789527904 0.31717954576015478 36.564462661743171 35.987430572509773 18.750000000000004 0.84293374419212352 42.090364456176765 0.78829774260520946 0.7440970540046693 34.93428039550782 0.53435277938842785 29.996625900268558 14.250000000000002 43.408536911010749 42.863233566284187 0.86095303297042858 42.096481323242195 0.80392050743103038 38.262666702270515 39.44108963012696 38.704837799072273 -0.38961601257324213 29.188932418823246 77.750000000000014
decision_type=2 2 2 2 2 2 2 2 2 2 2 2 2 2 2 2 2 2 2 2 2 2 2 2 2 2 2 2 2 2
left_child=1 11 5 -4 -5 6 24 -8 -9 -10 -7 13 -13 14 19 16 18 -18 29 -1 21 -14 -12 -19 25 27 -27 -2 -16 -15
right_child=2 -3 3 4 -6 10 7 8 9 -11 22 12 20 15 28 -17 17 23 -20 -21 -22 -23 -24 -25 -26 26 -28 -29 -30 -31
leaf_value=-0.00062809801248801887 -0.017221805680226573 -0.011480757337213762 -0.0095441418910283266 -0.012314050774800927 0.018582225010625477 0.0062249238234148019 -0.0013260692526399053 -0.013581481235597492 -0.18996778635161096 -0.038932460476624131 0.021500905700732244 0.012166087469416179 -0.15170902533876435 -0.017071811279559 0.069446497558560596 -0.021473531450147992 0.058296503091617949 -0.025785798427738534 0.060006917410261464 0.026460434395836896 -0.0058286028059282855 -0.032037862518897821 -0.060728523496916334 -0.0011821728879655492 0.023019439533964053 -0.080688882149621499 0.056273107761131848 0.012100147567808426 0.014734707033322523 0.076624068475566909
leaf_weight=448123 1320 12864 12864 2104 4328 18816 17688 2564 76 576 6774 10556 142 540 302 9068 490 2361 922 1514 335 223 138 4184 4249 374 71 10066 12562 123
leaf_count=448123 1320 12864 12864 2104 4328 18816 17688 2564 76 576 6774 10556 142 540 302 9068 490 2361 922 1514 335 223 138 4184 4249 374 71 10066 12562 123
internal_value=-5.24433e-12 -0.000518903 0.003191 -0.00353756 0.00847561 0.00526133 0.00204287 -0.00455133 -0.0222903 -0.0565378 0.00988786 -0.000231967 0.00868741 -0.000441044 -7.63973e-05 -0.00997574 0.00211962 -0.00529655 0.0350362 -0.000536887 -0.043771 -0.0785949 0.0198592 -0.0100575 0.0106153 0.00616051 -0.0588365 0.0087008 0.0160191 0.000310682
internal_weight=586317 504309 82008 19296 6432 62712 36984 20904 3216 652 25728 491445 11256 480189 462501 17688 8620 7035 1585 449637 700 365 6912 6545 16080 11831 445 11386 12864 663
internal_count=586317 504309 82008 19296 6432 62712 36984 20904 3216 652 25728 491445 11256 480189 462501 17688 8620 7035 1585 449637 700 365 6912 6545 16080 11831 445 11386 12864 663
is_linear=0
shrinkage=0.05


Tree=103
num_leaves=31
num_cat=0
split_feature=13 13 12 11 10 3 11 11 13 10 10 1 4 9 9 10 1 12 5 7 6 4 0 12 10 10 10 1 0 12
split_gain=389.946 669.611 848.413 600.597 542.434 440.461 414.345 398.831 365.938 361.982 346.54 452.073 404.864 392.651 340.793 358.444 450.413 345.741 336.555 368.513 336.365 335.617 326.881 324.32 323.293 379.863 325.306 319.128 334.645 316.352
threshold=80.250000000000014 78.750000000000014 14.750000000000002 -0.61186373233795155 0.63209757208824169 31.176336288452152 -0.10737737268209456 0.01290981797501445 76.250000000000014 -0.92263099551200856 1.0000000180025095e-35 37.832117080688484 12.038403987884523 33.092733383178718 32.195915222167976 1.0000000180025095e-35 34.616605758666999 16.750000000000004 28.315699577331547 33.642652511596687 1.0000000180025095e-35 3.4885307550430302 0.23258588463068011 17.250000000000004 0.44437406957149511 0.68391311168670665 0.7666517198085786 33.350265502929695 6.2986366748809823 15.750000000000002
decision_type=2 2 2 2 2 2 2 2 2 2 2 2 2 2 2 2 2 2 2 2 2 2 2 2 2 2 2 2 2 2
left_child=1 2 -1 10 6 -6 8 -8 23 -10 12 24 13 29 21 17 -17 -16 20 -20 -9 27 -15 -4 -12 -26 -27 28 -11 -3
right_child=-2 3 4 -5 5 -7 7 18 9 14 11 -13 -14 22 15 16 -18 -19 19 -21 -22 -23 -24 -25 25 26 -28 -29 -30 -31
leaf_value=-0.0042243594238364855 -0.0022408340077001809 0.032144190438124616 -0.020895340857661204 0.0014797436370278612 0.035434603792437291 0.0049140339060482806 0.018315174442393386 0.021848385757573099 -0.011724417842740557 0.016685677084682392 0.015953798998758935 0.0060400674176246446 -0.010867434843100114 0.0090062959641178369 -0.00037542332271734254 0.012927467200422491 -0.00478362230428174 -0.018298399459719346 -0.00049956798870857413 0.014345142375859529 -0.013173391467550023 -0.0035710284794026079 -0.0096423026386545114 -0.0036531430706288424 0.05477144311389745 -0.0026782341421032925 0.06652747991798251 -0.013323936225106657 -0.0041802143148013497 0.0094110884478558702
leaf_weight=105012 145850 2130 5000 101381 1209 53175 3696 3477 7480 9359 7783 10720 3731 5174 4741 5411 10665 6222 59615 4496 854 7361 4305 6000 1319 733 221 1343 2418 5436
leaf_count=105012 145850 2130 5000 101381 1209 53175 3696 3477 7480 9359 7783 10720 3731 5174 4741 5411 10665 6222 59615 4496 854 7361 4305 6000 1319 733 221 1343 2418 5436
internal_value=3.17611e-12 0.000741998 -0.000609211 0.00355472 0.00136269 0.00559253 -0.000302573 0.00231672 -0.00316546 -0.00150045 0.00861737 0.0131835 0.00405121 0.00731677 0.000108876 -0.00357629 0.00117773 -0.0105475 0.00145277 0.000541467 0.0149427 0.00497403 0.000536814 -0.0114905 0.0207987 0.037388 0.0133537 0.00976825 0.0124016 0.015811
internal_weight=586317 440467 297534 142933 192522 54384 138138 72138 66000 55000 41552 20776 20776 17045 47520 27039 16076 10963 68442 64111 4331 20481 9479 11000 10056 2273 954 13120 11777 7566
internal_count=586317 440467 297534 142933 192522 54384 138138 72138 66000 55000 41552 20776 20776 17045 47520 27039 16076 10963 68442 64111 4331 20481 9479 11000 10056 2273 954 13120 11777 7566
is_linear=0
shrinkage=0.05


Tree=104
num_leaves=31
num_cat=0
split_feature=13 13 11 12 11 11 11 12 3 1 12 11 10 12 0 10 6 13 10 10 10 1 11 1 12 11 11 12 12 11
split_gain=354.348 427.214 811.109 712.34 449.141 777.471 753.316 459.467 566.775 450.307 373.624 638.994 573.045 372.238 345.175 422.861 329.179 355.28 327.599 339.391 320.572 612.825 562.215 513.595 437.181 411.349 756.1 435.787 372.097 494.873
threshold=81.750000000000014 76.750000000000014 -0.038720846176147454 17.250000000000004 0.69635042548179638 0.64532420039176952 0.57727023959159862 19.750000000000004 30.091538429260257 34.869035720825202 14.250000000000002 0.9549313783645631 -0.24284747242927548 12.750000000000002 8.5597853660583514 -0.27609442174434656 1.0000000180025095e-35 83.250000000000014 0.50495636463165294 0.63209757208824169 1.0000000180025095e-35 32.453718185424812 -0.99049577116966236 27.419076919555668 19.250000000000004 0.49001051485538488 0.39752808213233953 15.250000000000002 16.250000000000004 -0.10737737268209456
decision_type=2 2 2 2 2 2 2 2 2 2 2 2 2 2 2 2 2 2 2 2 2 2 2 2 2 2 2 2 2 2
left_child=1 2 3 -1 5 6 20 8 10 -7 14 18 -13 -4 15 -6 -2 -18 -12 -20 22 -22 23 -3 -23 26 28 -28 -24 -30
right_child=16 4 13 -5 7 9 -8 -9 -10 -11 11 12 -14 -15 -16 -17 17 -19 19 -21 21 24 25 -25 -26 -27 27 -29 29 -31
leaf_value=-0.011556128796749289 -0.005457180881666507 -0.087944770418540694 -0.0097567874265106561 0.0011348826280514531 -0.016417433771324798 0.014013936717075662 -0.011021172579475724 -0.013632016960821058 -0.0040741514624555745 0.063041634937830923 0.019308703234266169 -0.030952057499396609 0.003584598685645664 0.0035324214081431365 0.023976621697658837 0.0016258803813186931 -0.0028018682733586165 0.0087175369070333127 -0.0317561072253685 0.020063393442559037 0.016402244397778074 0.0018708434193786155 0.0048177770225238063 -0.0097147338061468209 0.010017206594677553 0.013477875917330693 -0.033519573585928157 -0.0065079215244416948 -0.0035036144207194414 0.0060795859915448933
leaf_weight=31328 51939 215 5972 17088 4914 8400 11120 7410 54175 496 10056 1322 13130 44790 1149 9573 19562 10175 679 591 9208 112729 52216 8681 19287 6672 2256 4416 48048 18720
leaf_count=31328 51939 215 5972 17088 4914 8400 11120 7410 54175 496 10056 1322 13130 44790 1149 9573 19562 10175 679 591 9208 112729 52216 8681 19287 6672 2256 4416 48048 18720
internal_value=8.96917e-13 0.000494509 -0.00244699 -0.00707695 0.00121401 0.00218512 0.00174383 -0.0016377 -0.000707908 0.0167475 0.00369559 0.00739431 0.00042535 0.00196899 -0.00240225 -0.00449442 -0.00305536 0.00113968 0.0162867 -0.00764168 0.00224639 0.00393086 0.000561921 -0.0116054 0.00306099 0.00137989 0.000737522 -0.0156414 0.00165596 -0.000816736
internal_weight=586317 504641 99178 48416 405463 302464 293568 102999 95589 8896 41414 25778 14452 50762 15636 14487 81676 29737 11326 1270 282448 141224 141224 8896 132016 132328 125656 6672 118984 66768
internal_count=586317 504641 99178 48416 405463 302464 293568 102999 95589 8896 41414 25778 14452 50762 15636 14487 81676 29737 11326 1270 282448 141224 141224 8896 132016 132328 125656 6672 118984 66768
is_linear=0
shrinkage=0.05


Tree=105
num_leaves=31
num_cat=0
split_feature=13 13 12 11 10 7 11 11 10 12 10 10 5 11 9 11 1 10 3 10 10 1 9 12 4 12 1 13 10 11
split_gain=334.018 588.889 753.556 539.581 498.618 376.911 625.262 681.975 726.151 543.695 537.746 474.912 496.691 398 422.756 555.502 795.925 369.028 995.72 357.678 296.755 407.73 365.593 416.483 404.849 339.224 301.202 276.986 291.23 276.077
threshold=80.250000000000014 78.750000000000014 15.250000000000002 -0.61186373233795155 0.60505047440528881 32.096586227416999 0.91234096884727489 -0.22610731422901151 -0.92263099551200856 18.750000000000004 -0.63874351978301991 0.56314551830291759 30.680072784423832 -0.99626126885414112 33.836826324462898 -0.99271196126937855 31.300760269165043 0.38168568909168249 31.858166694641117 0.42888796329498297 1.0000000180025095e-35 38.476392745971687 33.220045089721687 16.250000000000004 0.54901906847953807 17.750000000000004 32.92625808715821 79.250000000000014 0.44437406957149511 -0.92910701036453236
decision_type=2 2 2 2 2 2 2 2 2 2 2 2 2 2 2 2 2 2 2 2 2 2 2 2 2 2 2 2 2 2
left_child=1 2 -1 20 5 11 7 8 9 -7 -9 13 -13 -4 15 16 -15 -8 -19 -17 22 27 23 26 25 -24 -3 -22 -29 -10
right_child=-2 3 4 -5 -6 6 17 10 29 -11 -12 12 -14 14 -16 19 -18 18 -20 -21 21 -23 24 -25 -26 -27 -28 28 -30 -31
leaf_value=-0.0035879552796910298 -0.0020739201414704854 0.04415696570566463 0.028048900721946931 0.001357717681235262 0.0056659183386363462 -0.060799087555266466 -0.022380267039347854 0.010851910420065529 -2.1780841316522333e-05 0.004753316629196965 -0.011282638086433254 -0.11225224449541527 -0.015116805892326574 -0.10819544400678444 -0.045679472750753812 0.0017670938674801233 0.029823339341728147 -0.19855553362996572 -0.0051770409321941352 0.019564148974858638 0.0086575367682493257 0.0045364973226468706 0.0087992705582370899 0.0041369708186388921 -0.014906142172130514 -0.033610322390563406 0.012273917313628233 0.018638856158407741 0.04151050453071195 -0.0099876544922545257
leaf_weight=122514 145850 1314 1478 101381 51360 1043 1770 12250 13450 454 3536 173 550 266 465 70459 172 113 162 2941 4340 9259 5705 7419 4126 514 1698 5288 1889 14378
leaf_count=122514 145850 1314 1478 101381 51360 1043 1770 12250 13450 454 3536 173 550 266 465 70459 172 113 162 2941 4340 9259 5705 7419 4126 514 1698 5288 1889 14378
internal_value=-1.66171e-12 0.000686729 -0.000580422 0.00332447 0.00152485 -0.000195067 -0.00371106 -0.00248521 -0.00699577 -0.0409188 0.00589386 0.00197214 -0.0383594 0.00235693 0.00184588 0.00214518 -0.0539963 -0.0307523 -0.084638 0.00248019 0.00812307 0.0123485 0.00389762 0.0105029 -0.00276255 0.00529412 0.0261831 0.0186289 0.0246587 -0.00517089
internal_weight=586317 440467 297534 142933 175020 123660 47156 45111 29325 1497 15786 76504 723 75781 74303 73838 438 2045 275 73400 41552 20776 20776 10431 10345 6219 3012 11517 7177 27828
internal_count=586317 440467 297534 142933 175020 123660 47156 45111 29325 1497 15786 76504 723 75781 74303 73838 438 2045 275 73400 41552 20776 20776 10431 10345 6219 3012 11517 7177 27828
is_linear=0
shrinkage=0.05


Tree=106
num_leaves=31
num_cat=0
split_feature=3 10 10 10 10 3 10 10 9 11 7 12 13 13 8 11 12 10 1 9 5 8 13 11 12 13 0 5 10 11
split_gain=325.907 315.392 590.141 404.065 354.397 697.224 610.702 1180.48 939.608 759.181 772.277 485.459 373.93 341.191 334.676 455.013 333.146 332.685 364.984 324.74 323.482 350.327 426.788 349.5 311.423 297.725 341.128 362.608 403.112 296.795
threshold=43.408536911010749 0.90518480539321911 0.87379899621009838 0.99628895521163952 0.84293374419212352 41.532094955444343 0.78829774260520946 0.7440970540046693 34.93428039550782 0.53435277938842785 30.102701187133793 14.750000000000002 77.750000000000014 80.750000000000014 1.0000000180025095e-35 0.42887605726718908 18.750000000000004 0.81403854489326488 34.807247161865241 40.75471496582032 29.235082626342777 1.7912068963050845 77.250000000000014 0.64532420039176952 18.250000000000004 78.750000000000014 0.12855588644742968 36.467489242553718 0.90149331092834484 -0.038720846176147454
decision_type=2 2 2 2 2 2 2 2 2 2 2 2 2 2 2 2 2 2 2 2 2 2 2 2 2 2 2 2 2 2
left_child=1 2 4 -3 6 19 7 -1 9 11 -11 12 -8 -13 -4 25 -7 -12 -19 -6 -9 23 -23 -22 -10 -16 27 28 -27 -5
right_child=-2 3 14 29 5 16 8 20 24 10 17 13 -14 -15 15 -17 -18 18 -20 -21 21 22 -24 -25 -26 26 -28 -29 -30 -31
leaf_value=-0.00055122025925163909 0.018776309244687386 0.0045465492786998362 -0.0082693496471595435 -0.014673360701895708 0.0097162582571373342 -0.061598102631693602 -0.014490927961541342 0.065464592885903339 -0.028136827550044725 0.053891674405535599 -0.020095806287606242 0.084117407706310224 0.074502664808863514 0.019212872456917079 -0.020634850106548225 0.025144239018259421 0.00033146739674684328 -0.0081988574846358197 0.030492257163446109 0.043808761380803689 0.0054473300591473626 -0.0099860629546397461 0.057785916069709953 0.025064680178325277 -0.0088854057828919343 -0.099236286748694544 -0.017379222708878112 -0.054533003904641823 -0.25738239051966832 0.00014997044967207546
leaf_weight=448123 2302 65647 11181 4824 9487 490 583 308 5619 518 3479 524 148 330 565 268 390 2194 844 754 8178 318 862 3143 3355 132 203 234 58 11256
leaf_count=448123 2302 65647 11181 4824 9487 490 583 308 5619 518 3479 524 148 330 565 268 390 2194 844 754 8178 318 862 3143 3355 132 203 234 58 11256
internal_value=2.89047e-13 -7.40102e-05 -0.000542705 0.00280655 -0.000267332 0.00855644 -0.000472398 -0.000123422 -0.00961496 0.00217468 -0.00486855 0.0334359 0.00352693 0.0590372 -0.0112092 -0.0337234 -0.034152 -0.00953907 0.00255009 0.0122263 0.0148431 0.0135959 0.0395219 0.0108936 -0.0209395 -0.0469587 -0.0706795 -0.0961983 -0.147512 -0.00429703
internal_weight=586317 584015 502288 81727 489647 11121 478526 460932 17594 8620 7035 1585 731 854 12641 1460 880 6517 3038 10241 12809 12501 1180 11321 8974 1192 627 424 190 16080
internal_count=586317 584015 502288 81727 489647 11121 478526 460932 17594 8620 7035 1585 731 854 12641 1460 880 6517 3038 10241 12809 12501 1180 11321 8974 1192 627 424 190 16080
is_linear=0
shrinkage=0.05


Tree=107
num_leaves=31
num_cat=0
split_feature=13 13 12 11 10 11 7 3 10 10 0 10 10 1 10 10 9 4 10 10 1 10 10 7 12 12 1 10 10 5
split_gain=302.217 536.911 723.31 611.739 498.556 457.635 442.226 440.367 384.493 585.648 555.257 432.638 635.432 621.967 898.08 480.868 495.329 459.303 414.951 504.728 516.602 746.263 406.281 637.822 405.131 383.762 436.563 369.789 1191.91 438.754
threshold=80.250000000000014 79.250000000000014 14.250000000000002 -0.14153505116701123 0.59125596284866344 -0.10737737268209456 33.311262130737312 28.796261787414554 -0.92263099551200856 -0.90149331092834462 1.9012526869773867 0.36571913957595831 0.21772121638059619 34.68036079406739 -0.86095303297042836 1.0000000180025095e-35 32.779375076293952 0.53005284070968639 -0.73831951618194569 -0.62540480494499195 30.164243698120121 -0.67760851979255665 -0.78297284245491017 27.844889640808109 16.250000000000004 14.750000000000002 34.201402664184577 -0.65189296007156361 -0.70252096652984608 33.215232849121101
decision_type=2 2 2 2 2 2 2 2 2 2 2 2 2 2 2 2 2 2 2 2 2 2 2 2 2 2 2 2 2 2
left_child=1 2 -1 25 5 8 7 -7 -4 10 -10 12 13 15 -15 16 17 -11 22 20 21 -20 23 -19 -18 26 -3 28 -26 -29
right_child=-2 3 4 -5 -6 6 -8 -9 9 11 -12 -13 -14 14 -16 -17 24 18 19 -21 -22 -23 -24 -25 27 -27 -28 29 -30 -31
leaf_value=-0.0037878941117130065 -0.0019727252925088581 0.032265445739872459 -0.011462202214763011 0.000319214262164011 0.0046751356938678898 0.011474659629962461 0.013661889118752255 -0.0001587359450097134 0.046292540966207357 0.0064471328534064787 -0.0073313190090686861 -0.011922518711855359 0.0146392841636457 -0.13523215088147172 -0.015995921031366971 0.011815011048885026 2.1042242626722427e-05 -0.062557341998878038 -0.025779068550850538 -0.0055925333528780473 -0.0070647438770495953 -0.11146030206712026 0.032110888250416775 0.0062718597203027613 -0.017154501598035995 0.0052438124318734524 0.01059431639731731 -0.02719473364660311 -0.12546633715359468 0.0060019486696798411
leaf_weight=102095 145850 3003 11424 50848 73248 9156 7712 72928 1215 15138 801 10080 6048 164 4260 6506 3571 380 726 10515 1062 391 1223 2946 1013 29216 10277 2549 339 1633
leaf_count=102095 145850 3003 11424 50848 73248 9156 7712 72928 1215 15138 801 10080 6048 164 4260 6506 3571 380 726 10515 1062 391 1223 2946 1013 29216 10277 2549 339 1633
internal_value=2.39917e-12 0.00065322 -0.000252025 0.0040196 0.00122125 -0.000251501 0.00221442 0.0011389 -0.00295239 -0.00157462 0.0249866 -0.00235583 -0.000706399 -0.00247705 -0.0204161 -0.0008234 -0.00280541 9.1677e-05 -0.00548791 -0.0101312 -0.0320327 -0.0557713 0.00746905 -0.00159197 -0.0131086 0.00844725 0.0154948 -0.0215809 -0.0443126 -0.014232
internal_weight=586317 440467 347123 93344 245028 171780 89796 82084 81984 70560 2016 68544 58464 52416 4424 47992 41486 32381 17243 12694 2179 1117 4549 3326 9105 42496 13280 5534 1352 4182
internal_count=586317 440467 347123 93344 245028 171780 89796 82084 81984 70560 2016 68544 58464 52416 4424 47992 41486 32381 17243 12694 2179 1117 4549 3326 9105 42496 13280 5534 1352 4182
is_linear=0
shrinkage=0.05


Tree=108
num_leaves=31
num_cat=0
split_feature=1 11 7 13 11 12 13 12 10 10 11 9 3 7 10 12 5 9 8 5 3 10 5 1 13 12 11 10 9 3
split_gain=297.677 286.337 357.742 272.41 743.963 609.424 444.797 299.84 287.531 628.951 800.849 458.325 504.731 511.416 405.461 378.056 1094.73 429.974 369.756 399.59 368.319 359.069 371.491 364.897 345.329 449.476 469.161 534.456 448.448 375.845
threshold=43.429134368896491 0.9937097728252412 25.500941276550297 76.750000000000014 -0.038720846176147454 16.750000000000004 80.250000000000014 12.750000000000002 -0.23448921740055081 -0.30901412665843958 -0.89388549327850331 27.295834541320804 31.762982368469242 35.294151306152351 -0.41327477991580958 17.750000000000004 33.934963226318366 33.88667297363282 0.63582724332809459 28.315699577331547 32.147260665893562 -0.34964421391487116 28.632008552551273 27.748803138732914 79.250000000000014 18.750000000000004 -0.67758968472480763 -0.62540480494499195 32.164163589477546 30.125082015991214
decision_type=2 2 2 2 2 2 2 2 2 2 2 2 2 2 2 2 2 2 2 2 2 2 2 2 2 2 2 2 2 2
left_child=1 3 -3 4 5 -1 8 -6 9 10 11 14 21 15 -5 -14 17 -17 19 -10 -11 -13 -23 -24 25 -12 27 28 29 -27
right_child=-2 2 -4 6 7 -7 -8 -9 18 20 24 12 13 -15 -16 16 -18 -19 -20 -21 -22 22 23 -25 -26 26 -28 -29 -30 -31
leaf_value=-0.011343539503933433 0.018147609137832567 -0.055943608336267395 -0.0050235650783941946 0.063119380335853098 -0.008738341913749146 8.7191439857859201e-05 -0.0017146083737470789 0.0036138516299331646 0.016810048495327416 -0.0081045110380079718 -0.0033779789780380462 0.041911931928130669 0.0071627666305628477 0.050938414534919207 -0.046772730683039422 0.0031769640254154701 -0.20966911871410626 -0.13303686336829113 0.0084516316658136553 0.0016105594095583158 -0.034418079320803319 -0.037718870849992453 0.093529497178984289 0.011710557761864785 0.0040506148510035854 -0.06470824488035383 0.0093261794359418993 0.0058219807664702077 -0.097781710178230924 0.0046741034945563774
leaf_weight=28480 2251 351 19950 102 5568 19744 140698 41760 4451 6769 76720 2669 2628 543 474 533 79 65 26307 151677 1655 311 162 858 35072 321 13920 1440 261 498
leaf_count=28480 2251 351 19950 102 5568 19744 140698 41760 4451 6769 76720 2669 2628 543 474 533 79 65 26307 151677 1655 311 162 858 35072 321 13920 1440 261 498
internal_value=1.99981e-12 -6.99412e-05 -0.00590396 0.00014014 -0.00229282 -0.00666354 0.000636653 0.00216065 0.00164674 -1.45592e-05 0.000802812 0.0157366 0.0188962 0.00596813 -0.0273127 -0.00142033 -0.0347385 -0.0116289 0.00296787 0.00204388 -0.0132741 0.031333 0.0101194 0.0247053 -0.000178239 -0.00177028 0.00573232 -0.0141195 -0.040708 -0.0225197
internal_weight=586317 584066 20301 563765 95552 48224 468213 47328 327515 145080 136656 8424 7848 3848 576 3305 677 598 182435 156128 8424 4000 1331 1020 128232 93160 16440 2520 1080 819
internal_count=586317 584066 20301 563765 95552 48224 468213 47328 327515 145080 136656 8424 7848 3848 576 3305 677 598 182435 156128 8424 4000 1331 1020 128232 93160 16440 2520 1080 819
is_linear=0
shrinkage=0.05


Tree=109
num_leaves=31
num_cat=0
split_feature=3 10 10 11 7 10 10 1 9 11 10 11 3 10 12 5 11 10 3 10 10 9 11 7 12 9 10 10 12 1
split_gain=273.544 273.471 599.71 487.646 506.738 353.285 529.374 546.891 1118.96 383.095 376.993 355.554 619.287 424.508 517.674 444.77 321.391 311.586 647.663 566.823 1045.68 857.911 688.118 696.969 431.829 327.136 428.975 305.589 291.349 357.615
threshold=43.408536911010749 0.96460527181625377 0.9946616291999818 0.047319635748863227 35.979618072509773 0.94417876005172741 0.91236633062362682 38.367088317871101 39.44108963012696 0.33345642685890203 0.87379899621009838 -0.42108526825904841 36.473411560058601 0.90149331092834484 14.750000000000002 35.450860977172859 0.3657089769840241 0.84293374419212352 42.090364456176765 0.78829774260520946 0.7440970540046693 34.93428039550782 0.53435277938842785 30.068468093872074 14.250000000000002 42.863233566284187 0.86095303297042858 0.80392050743103038 16.750000000000004 34.43524360656739
decision_type=2 2 2 2 2 2 2 2 2 2 2 2 2 2 2 2 2 2 2 2 2 2 2 2 2 2 2 2 2 2
left_child=1 5 -3 -4 -5 6 10 8 16 -9 17 12 13 -12 -15 -16 -8 19 -19 20 -1 22 24 -24 -21 26 -20 -25 -7 -30
right_child=-2 2 3 4 -6 28 7 9 -10 -11 11 -13 -14 14 15 -17 -18 18 25 21 -22 -23 23 27 -26 -27 -28 -29 29 -31
leaf_value=-0.00049357102776547356 0.01720191815933864 0.0078363122807511131 -0.0080138684794623279 -0.013265742367858928 0.021466320201455908 -0.00020953216624284939 -0.00061233660276870908 0.027550640571451582 -0.065145871366958527 -0.046430879034091786 -0.03038719268127224 -0.0020532749987389395 -0.0085376059093253531 -0.032838111077898406 -0.27587242140792884 -0.10265950694709092 0.016481851164285806 0.010830377237898186 -0.14213579615407201 0.0010159796651935298 0.013995203264977532 -0.020056189241913241 0.051676828809785115 -0.023503198042565288 0.053923581677101096 0.0044263353948156507 -0.029007454293731378 -0.00095928646010699651 0.010136585092748928 -0.020372153102457338
leaf_weight=448123 2302 30527 14472 1545 3279 5696 6405 3995 569 183 1126 9615 4721 181 52 129 4818 10556 139 663 12809 8974 509 2348 922 215 211 4178 1147 5908
leaf_count=448123 2302 30527 14472 1545 3279 5696 6405 3995 569 183 1126 9615 4721 181 52 129 4818 10556 139 663 12809 8974 509 2348 922 215 211 4178 1147 5908
internal_value=-5.2037e-12 -6.78045e-05 0.003475 -0.00342476 0.0103426 -0.000398235 -0.000197162 0.00876565 0.0032581 0.0243102 -0.000480336 -0.00807611 -0.0174028 -0.0455297 -0.0926302 -0.152422 0.00672615 -0.000234862 0.00803882 -0.000427143 -9.09374e-05 -0.00923514 0.00203031 -0.00467518 0.0317925 -0.0441164 -0.0739356 -0.0090704 -0.00862093 -0.0154121
internal_weight=586317 584015 49823 19296 4824 534192 521441 15970 11792 4178 505471 15824 6209 1488 362 181 11223 489647 11121 478526 460932 17594 8620 7035 1585 565 350 6526 12751 7055
internal_count=586317 584015 49823 19296 4824 534192 521441 15970 11792 4178 505471 15824 6209 1488 362 181 11223 489647 11121 478526 460932 17594 8620 7035 1585 565 350 6526 12751 7055
is_linear=0
shrinkage=0.05


Tree=110
num_leaves=31
num_cat=0
split_feature=11 7 13 13 11 12 12 9 11 1 13 12 3 11 5 10 10 8 11 1 10 10 11 8 3 7 3 10 1 7
split_gain=262.292 322.862 264.11 370.622 665.258 467.009 314.655 310.825 302.444 443.955 394.188 291.185 284.535 263.99 458.364 246.88 239.044 689.155 444.959 458.846 453.354 547.916 826.128 471.024 425.926 392.135 470.806 389.233 382.64 574.057
threshold=0.9937097728252412 25.500941276550297 81.750000000000014 76.750000000000014 -0.5702211558818816 16.750000000000004 12.750000000000002 42.44030952453614 0.28434865176677709 31.76831150054932 83.750000000000014 19.750000000000004 34.265270233154304 -0.96227341890335072 32.811426162719734 0.69636976718902599 1.0000000180025095e-35 0.70043689012527477 -0.99049577116966236 27.298403739929203 -0.20931270718574521 -0.30901412665843958 -0.89388549327850331 8.0640468597412127 28.902009963989261 26.476396560668949 31.669790267944339 -0.3657191395759582 33.636152267456062 33.889308929443366
decision_type=2 2 2 2 2 2 2 2 2 2 2 2 2 2 2 2 2 2 2 2 2 2 2 2 2 2 2 2 2 2
left_child=2 -2 3 4 5 15 -6 16 9 10 -4 13 -10 14 -11 -1 18 24 19 -5 21 22 23 27 -18 -25 -27 -20 29 -22
right_child=1 -3 8 7 6 -7 -8 -9 12 11 -12 -13 -14 -15 -16 -17 17 -19 20 -21 28 -23 -24 25 -26 26 -28 -29 -30 -31
leaf_value=-0.011497461005226004 -0.053121749740166917 -0.004747708281320648 0.003597187083949831 -0.088291432030816158 -0.0088131529915915757 -0.00085543696790639869 0.0019610577137842049 0.012765586981605924 -0.0051828923157974357 0.0010581094836033368 0.025698330035518621 0.0046792851814974785 -0.025779081725342434 -0.0040914301329473659 -0.039301127324629093 -0.031217382131025345 0.014708341559825111 0.010431775245686122 0.031815489768626824 -0.0093395063515913281 0.010526470099721699 -0.0099215705424789621 -0.00029584350878158881 -0.077322250817262808 0.00080024705470386245 0.019860582063663066 -0.022751098211038854 0.0084108804547451347 0.042949449181195774 -0.040029985960764382
leaf_weight=16160 351 19950 12206 188 7680 12544 57600 5840 28683 1328 2417 8737 1781 22200 1496 1760 5700 23452 3967 8708 9697 13344 152344 166 160720 1537 1121 3217 827 596
leaf_count=16160 351 19950 12206 188 7680 12544 57600 5840 28683 1328 2417 8737 1781 22200 1496 1760 5700 23452 3967 8708 9697 13344 152344 166 160720 1537 1121 3217 827 596
internal_value=1.83811e-12 -0.00558409 0.000200281 0.000634795 -0.00215366 -0.00825473 0.000693504 0.00131686 -0.00248439 -2.71995e-05 0.00725023 -0.00317929 -0.006387 -0.00592308 -0.020322 -0.0134342 0.00114346 0.00240741 -8.27647e-05 -0.011008 0.000437485 -0.000182174 0.000618324 0.014534 0.00127661 -0.00276691 0.00188929 0.0213349 0.0102281 0.00759908
internal_weight=586317 20301 566016 487168 95744 30464 65280 391424 78848 48384 14623 33761 30464 25024 2824 17920 385584 189872 195712 8896 186816 175696 162352 10008 166420 2824 2658 7184 11120 10293
internal_count=586317 20301 566016 487168 95744 30464 65280 391424 78848 48384 14623 33761 30464 25024 2824 17920 385584 189872 195712 8896 186816 175696 162352 10008 166420 2824 2658 7184 11120 10293
is_linear=0
shrinkage=0.05


Tree=111
num_leaves=31
num_cat=0
split_feature=1 10 10 9 1 10 10 11 12 5 13 10 11 13 1 9 11 10 10 1 9 0 10 2 11 12 11 3 10 12
split_gain=244.899 385.942 396.09 371.137 236.901 228.226 612.804 461.653 332.188 382.927 226.108 222.013 302.07 298.289 283.732 208.594 205.998 202.944 456.354 476.241 1012.53 426.395 358.592 351.842 343.486 331.21 324.474 556.15 383.171 467.55
threshold=25.505497932434086 -0.16705007851123807 0.44437406957149511 28.004171371459964 43.429134368896491 0.97109106183052074 0.9946616291999818 -0.021515300963073965 18.250000000000004 42.096481323242195 82.250000000000014 0.98046010732650768 0.15004983544349673 78.250000000000014 39.992656707763679 41.532588958740241 -0.98208922147750843 0.94417876005172741 0.91236633062362682 38.367088317871101 39.44108963012696 0.12855588644742968 0.87379899621009838 0.12086454406380655 0.33345642685890203 17.250000000000004 -0.42108526825904841 36.473411560058601 0.90149331092834484 14.750000000000002
decision_type=2 2 2 2 2 2 2 2 2 2 2 2 2 2 2 2 2 2 2 2 2 2 2 2 2 2 2 2 2 2
left_child=1 16 3 -3 5 17 8 -8 11 10 -10 -7 14 -14 -13 -11 -1 18 22 20 -20 23 -2 25 -21 -19 27 28 -24 -30
right_child=4 2 -4 -5 -6 6 7 -9 9 15 -12 12 13 -15 -16 -17 -18 21 19 24 -22 -23 26 -25 -26 -27 -28 -29 29 -31
leaf_value=0.07841523950680708 -0.00010347072029496238 -0.026278662517440682 0.013503223172701207 -0.087515506261410123 0.016280635747200466 0.012887118170116113 -0.012436943440703428 0.0032501063772478033 0.022341316906086438 -0.00083960278018836005 0.00411163946155663 0.002654815387940514 0.0027767043200471494 -0.028026080769882129 0.035906008696898688 -0.12542041140711971 -0.0038384388880959479 -0.0032296344913179914 0.0064111812417675107 0.025863236704314098 -0.061957564707338056 0.016274569386898655 -0.028936883755250328 0.017696773279541788 -0.044195198329532004 -0.018419409917904125 -0.0020007280803531211 -0.0082577134662276761 -0.031248052244573749 -0.14489556903750198
leaf_weight=78 485081 699 346 383 2251 5240 8040 11256 6499 63 2304 7684 1560 1584 700 72 3156 7503 11223 3980 569 1986 1126 1199 183 6879 9601 4710 181 181
leaf_count=78 485081 699 346 383 2251 5240 8040 11256 6499 63 2304 7684 1560 1584 700 72 3156 7503 11223 3980 569 1986 1126 1199 183 6879 9601 4710 181 181
internal_value=-3.18494e-12 -0.0114142 -0.0330638 -0.0479549 9.14852e-05 2.85899e-05 0.00344823 -0.00328616 0.00850334 0.0162885 0.0175701 0.00435357 0.000474684 -0.0127423 0.00543104 -0.0672827 -0.00185458 -0.000259378 -7.97404e-05 0.00824486 0.00311218 -0.00554445 -0.000344912 -0.00832557 0.0227836 -0.010495 -0.00775794 -0.0166761 -0.0433232 -0.0880718
internal_weight=586317 4662 1428 1082 581655 579404 45002 19296 25706 8938 8803 16768 11528 3144 8384 135 3234 534402 516835 15955 11792 17567 500880 15581 4163 14382 15799 6198 1488 362
internal_count=586317 4662 1428 1082 581655 579404 45002 19296 25706 8938 8803 16768 11528 3144 8384 135 3234 534402 516835 15955 11792 17567 500880 15581 4163 14382 15799 6198 1488 362
is_linear=0
shrinkage=0.05


Tree=112
num_leaves=31
num_cat=0
split_feature=11 7 13 13 11 12 7 12 9 5 10 10 6 13 10 11 10 10 10 10 3 9 10 7 12 10 6 2 10 3
split_gain=231.881 284.073 234.528 339.185 628.606 617.738 376.579 352.943 313.96 297.004 332.69 288.285 276.963 313.797 236.002 223.709 697.468 391.68 425.509 419.832 412.569 383.575 323.796 370.069 282.59 258.939 547.344 387.76 327.509 421.728
threshold=0.9937097728252412 25.500941276550297 81.750000000000014 77.250000000000014 -0.038720846176147454 16.250000000000004 29.658649444580082 13.250000000000002 42.44030952453614 29.279334068298343 -0.22611359506845471 0.7086201310157777 1.0000000180025095e-35 83.250000000000014 0.63209757208824169 0.39752808213233953 -0.8779519498348235 -0.83354803919792164 -0.76109719276428212 -0.80392050743103016 27.948163032531742 31.101911544799808 -0.71466678380966175 28.088741302490238 15.250000000000002 -0.22611359506845471 1.0000000180025095e-35 1.0000000180025095e-35 -0.35769492387771601 30.425042152404789
decision_type=2 2 2 2 2 2 2 2 2 2 2 2 2 2 2 2 2 2 2 2 2 2 2 2 2 2 2 2 2 2
left_child=2 -2 3 4 5 6 11 -6 15 10 -9 14 -4 -14 -1 -5 24 -18 19 -19 -20 -21 23 -22 -17 28 27 -27 29 -24
right_child=1 -3 12 8 7 -7 -8 9 -10 -11 -12 -13 13 -15 -16 16 17 18 20 21 22 -23 25 -25 -26 26 -28 -29 -30 -31
leaf_value=-0.0032261823463500326 -0.049841048178578762 -0.0044658731945510406 -0.0046431796754999085 0.0022109018339265991 -0.0057129086636920484 0.00017779788475616456 -0.013186531176419637 0.0044755684056927841 0.013651641928990543 0.0021393386901545413 0.025747144274218939 -0.10158198712947403 -0.0022333032243783712 0.0086066857239458609 0.063912925666028811 -0.036219637191932066 0.014169203005047643 0.0019213440261902166 0.012031332294638826 -0.045396087124777357 -0.10591838821059181 -0.01209583076500075 0.0058910366728322575 0.016322219140522672 -0.010588886980294775 -0.00050440670434833497 0.02791934219492069 0.029479519777463915 -0.014518447129576232 -0.0080693087493861684
leaf_weight=15560 351 19950 49180 219287 12528 34176 22682 4792 5193 50690 2982 74 19522 10146 132 1600 4880 2928 7207 1293 63 2611 9656 3593 3280 59992 1812 1098 6757 12302
leaf_count=15560 351 19950 49180 219287 12528 34176 22682 4792 5193 50690 2982 74 19522 10146 132 1600 4880 2928 7207 1293 63 2611 9656 3593 3280 59992 1812 1098 6757 12302
internal_value=-2.64455e-12 -0.0052504 0.000188313 0.000597771 -0.00144276 -0.00471332 -0.00906099 0.00190298 0.00145078 0.00353496 0.0126351 -0.00312571 -0.00234155 0.00147381 -0.00266141 0.00126353 -0.000481189 0.000309889 -0.000308831 -0.0123908 0.000496631 -0.0231248 -0.00037592 0.0142158 -0.0189924 -0.000958206 0.000837779 3.45089e-05 -0.00489242 -0.00193027
internal_weight=586317 20301 566016 487168 143616 72624 38448 70992 343552 58464 7774 15766 78848 29668 15692 338359 119072 114192 109312 6832 102480 3904 95273 3656 4880 91617 62902 61090 28715 21958
internal_count=586317 20301 566016 487168 143616 72624 38448 70992 343552 58464 7774 15766 78848 29668 15692 338359 119072 114192 109312 6832 102480 3904 95273 3656 4880 91617 62902 61090 28715 21958
is_linear=0
shrinkage=0.05


Tree=113
num_leaves=31
num_cat=0
split_feature=11 12 3 10 12 10 11 11 13 12 9 11 1 12 9 0 10 1 7 10 11 10 5 1 9 10 10 10 7 5
split_gain=221.827 893.374 556.314 552.104 504.383 515.191 475.161 881.508 589.674 571.918 554.155 496.486 423.061 397.71 385.777 381.876 343.797 337.948 338.98 319.131 310.017 298.277 1284.11 447.936 348.846 447.104 296.322 654.326 288.213 283.811
threshold=0.75546532869339 18.250000000000004 31.606757164001468 0.41327477991580969 14.750000000000002 -0.49750867486000055 0.64532420039176952 0.57727023959159862 76.750000000000014 16.750000000000004 31.529391288757328 0.69635042548179638 32.519788742065437 16.750000000000004 31.621855735778812 1.0000000180025095e-35 -0.54883790016174305 28.093261718750004 25.500941276550297 -0.62540480494499195 -0.43663504719734186 0.7666517198085786 30.228813171386722 30.617567062377933 30.105833053588871 0.78829774260520946 -0.30901412665843958 -0.27609442174434656 31.216208457946781 27.854860305786136
decision_type=2 2 2 2 2 2 2 2 2 2 2 2 2 2 2 2 2 2 2 2 2 2 2 2 2 2 2 2 2 2
left_child=6 2 4 -4 5 19 7 8 9 20 17 -12 -13 -6 15 16 28 18 -8 -2 -1 23 -23 -9 -24 -26 -17 -28 -3 -18
right_child=1 14 3 -5 13 -7 10 21 -10 -11 11 12 -14 -15 -16 26 29 -19 -20 -21 -22 22 24 -25 25 -27 27 -29 -30 -31
leaf_value=-0.011725821189208821 0.011461465029903172 0.018722115595011239 -0.017248805187866683 0.0019093878386595279 0.012548542918480309 0.00085323114658033053 -0.050913225829672927 -0.03539696668875527 0.0014131208204787435 0.0017827212318728581 0.023601351790014186 0.017060486633865259 -0.0084731476647699148 0.0024466223008850897 -0.019199511756995895 -0.002947426620590781 0.0030396927620705179 -0.001824875216899255 0.034451612920666251 -0.024177665287691184 -0.0029893235460209961 0.061812121829702554 0.033063844094574753 -0.010094871059179514 0.0022679095147230491 -0.023642410685590337 -0.19691899370006993 -0.034558240205552752 -0.024769144324005527 -0.0081575718870524182
leaf_weight=20800 765 2452 7420 7625 17102 27525 130 2572 339344 28448 6847 3246 3243 22643 6030 715 7064 14375 1103 3511 19840 668 431 5468 2772 4169 66 1038 451 28454
leaf_count=20800 765 2452 7420 7625 17102 27525 130 2572 339344 28448 6847 3246 3243 22643 6030 715 7064 14375 1103 3511 19840 668 431 5468 2772 4169 66 1038 451 28454
internal_value=-4.92315e-13 -0.00179672 0.00120038 -0.00753919 0.00303818 -0.00165512 0.000526432 0.000103805 0.000555891 -0.00365462 0.00672496 0.0142095 0.00429957 0.00679341 -0.00740558 -0.00563824 -0.00457842 0.000329884 0.0254513 -0.0178016 -0.00746076 -0.0113792 -0.00456935 -0.018189 -0.0105844 -0.0132947 -0.0280239 -0.0442646 0.0119655 -0.0059306
internal_weight=586317 132861 86591 15045 71546 31801 453456 424512 408432 69088 28944 13336 6489 39745 46270 40240 38421 15608 1233 4276 40640 16080 8040 8040 7372 6941 1819 1104 2903 35518
internal_count=586317 132861 86591 15045 71546 31801 453456 424512 408432 69088 28944 13336 6489 39745 46270 40240 38421 15608 1233 4276 40640 16080 8040 8040 7372 6941 1819 1104 2903 35518
is_linear=0
shrinkage=0.05


Tree=114
num_leaves=31
num_cat=0
split_feature=13 13 12 11 11 10 0 13 3 10 9 10 10 10 1 11 9 10 4 10 10 11 7 11 3 1 8 11 12 11
split_gain=219.577 417.04 540.686 417.498 349.357 791.635 498.14 419.824 317.252 427.381 415.879 350.338 851.145 475.947 308.874 298.412 746.411 534.059 355.148 274.214 269.369 261.054 594.197 392.671 521.218 495.858 355.447 273.309 322.249 264.664
threshold=80.250000000000014 78.750000000000014 13.750000000000002 -0.61186373233795155 -0.69014781713485707 -0.61188074946403492 16.775202751159672 76.250000000000014 28.902009963989261 -0.86958134174346913 28.447427749633793 0.36571913957595831 0.33346569538116461 0.49002411961555487 31.176130294799808 -0.83352491259574879 30.406868934631351 0.36571913957595831 15.876932621002199 0.012910176534205677 0.79877197742462169 0.90515965223312389 31.999979019165043 0.87377473711967479 30.196025848388675 33.260351181030281 0.2257107347249985 0.75546532869339 19.250000000000004 -0.038720846176147454
decision_type=2 2 2 2 2 2 2 2 2 2 2 2 2 2 2 2 2 2 2 2 2 2 2 2 2 2 2 2 2 2
left_child=1 2 -1 -3 5 6 -4 -7 9 -6 11 12 -10 -13 -15 17 -17 18 -9 -20 -16 23 -23 27 -25 26 -26 28 29 -12
right_child=-2 3 4 -5 8 7 -8 15 10 -11 21 13 -14 14 20 16 -18 -19 19 -21 -22 22 -24 24 25 -27 -28 -29 -30 -31
leaf_value=-0.0043520758154162341 -0.0016815142714049153 0.0069975207307006199 -0.016687079554900522 0.0010465342858005501 -0.0055351064849444099 -0.010708380584151762 -0.078619172490293418 0.0039529014283892295 -0.012949293983754646 0.013785857462980578 -0.0013840762551197972 0.1140011890376566 -0.18475514884068545 0.051553438714358447 -0.053166832813428204 0.052759592442949602 0.0045712208044646312 -0.014100604446736021 -0.022681630798325043 0.010341345457594601 0.052065204723197735 -0.00030757389115084079 -0.025534387037231827 0.04771333149666003 0.0023604551891567411 0.072244529392068782 -0.13235725924372674 -0.0047542959956243681 0.0092577517707315062 0.0040815819179213881
leaf_weight=70008 145850 41552 5270 101381 3861 8840 346 25936 5775 11064 38603 119 73 204 244 894 7946 6240 2322 862 81 20572 2633 1087 2360 260 50 12940 16981 51963
leaf_count=70008 145850 41552 5270 101381 3861 8840 346 25936 5775 11064 38603 119 73 204 244 894 7946 6240 2322 862 81 20572 2633 1087 2360 260 50 12940 16981 51963
internal_value=3.63623e-12 0.000556793 -0.000509558 0.00277654 0.000672755 -0.00265161 -0.0205027 -0.000761499 0.00182746 0.00878765 0.00115266 -0.0112287 -0.0150939 0.0236537 0.00332982 0.00122788 0.00944457 -0.000826296 0.0020182 -0.0137414 -0.0269398 0.00169814 -0.00316998 0.00260735 0.0185256 0.00664284 -0.000434518 0.00211099 0.00293702 0.00175189
internal_weight=586317 440467 297534 142933 227526 58656 5616 53040 168870 14925 153945 6496 5848 648 529 44200 8840 35360 29120 3184 325 147449 23205 124244 3757 2670 2410 120487 107547 90566
internal_count=586317 440467 297534 142933 227526 58656 5616 53040 168870 14925 153945 6496 5848 648 529 44200 8840 35360 29120 3184 325 147449 23205 124244 3757 2670 2410 120487 107547 90566
is_linear=0
shrinkage=0.05


Tree=115
num_leaves=31
num_cat=0
split_feature=1 10 10 9 3 10 10 10 10 11 7 12 7 11 5 13 9 3 10 11 12 10 11 11 9 13 12 11 5 1
split_gain=203.914 338.789 347.893 339.744 199.122 219.898 227.975 198.08 559.002 414.537 449.266 305.889 285.542 209.254 330.143 244.103 201.47 208.49 534.312 311.22 624.663 405.019 383.046 675.628 644.716 446.318 601.359 427.523 421.874 405.276
threshold=25.505497932434086 -0.16705007851123807 0.44437406957149511 28.004171371459964 43.408536911010749 0.50495636463165294 0.56314551830291759 0.97109106183052074 0.9946616291999818 0.047319635748863227 36.055917739868171 18.750000000000004 41.538871765136726 0.13300977647304538 34.316904067993171 78.750000000000014 43.448387145996101 29.277883529663089 0.23448921740055087 0.75546532869339 18.250000000000004 -0.48250326514244074 0.64532420039176952 0.57727023959159862 31.529391288757328 77.250000000000014 16.250000000000004 0.69635042548179638 28.315699577331547 32.519788742065437
decision_type=2 2 2 2 2 2 2 2 2 2 2 2 2 2 2 2 2 2 2 2 2 2 2 2 2 2 2 2 2 2
left_child=1 -1 3 -3 7 -6 -7 16 11 -10 -11 13 -13 -9 -15 -16 17 18 -2 22 21 -21 23 25 -24 26 -19 -26 -25 -29
right_child=4 2 -4 -5 5 6 -8 8 9 10 -12 12 -14 14 15 -17 -18 19 -20 20 -22 -23 24 28 27 -27 -28 29 -30 -31
leaf_value=-0.0014587667352298204 0.00049445221830381875 -0.023915907183664754 0.012942570334669161 -0.082505644817031709 0.068304922963534673 -0.026392887532711032 0.017609277868723027 0.0088185259632581978 -0.0074532689765139486 -0.011957715366324624 0.020336413267227536 0.019072431778149476 -0.033855328076290638 0.016610391733903419 0.00091847836174703448 -0.020813957240497179 0.019393710826214203 -0.0087235774148292158 0.012552044203328949 -0.010397516078950945 -0.0096903950106913047 0.0011422745692973256 -0.002325032916299439 0.066718453835195327 0.022229777387019048 0.00095083758198926088 0.00060197433467002511 0.016953300942250196 -0.011816536583094337 -0.0081871347144461346
leaf_weight=3234 74976 699 346 383 177 353 1772 11760 14472 1623 3201 6637 265 1771 3035 2250 1303 31277 10471 8922 27185 51456 12527 173 6809 249385 38649 3170 14793 3243
leaf_count=3234 74976 699 346 383 177 353 1772 11760 14472 1623 3201 6637 265 1771 3035 2250 1303 31277 10471 8922 27185 51456 12527 173 6809 249385 38649 3170 14793 3243
internal_value=1.09836e-12 -0.0104154 -0.0306994 -0.0446552 8.34797e-05 0.0147597 0.0102997 2.51651e-05 0.00321049 -0.00322213 0.00947129 0.00803683 0.0170403 0.00473422 -0.00207296 -0.00833374 -0.000243174 -0.000291176 0.00197204 -0.000723235 -0.00339668 -0.000562949 -7.30191e-05 -0.000525662 0.00580325 -3.90121e-05 -0.00356922 0.0135043 -0.0109087 0.00423999
internal_weight=586317 4662 1428 1082 581655 2302 2125 579353 45014 19296 4824 25718 6902 18816 7056 5285 534339 533036 85447 447589 87563 60378 360026 334277 25749 319311 69926 13222 14966 6413
internal_count=586317 4662 1428 1082 581655 2302 2125 579353 45014 19296 4824 25718 6902 18816 7056 5285 534339 533036 85447 447589 87563 60378 360026 334277 25749 319311 69926 13222 14966 6413
is_linear=0
shrinkage=0.05


Tree=116
num_leaves=31
num_cat=0
split_feature=13 13 12 11 10 3 11 11 10 10 9 12 5 12 0 7 5 11 10 7 10 10 1 9 10 3 12 4 10 10
split_gain=203.532 377.142 521.269 475.611 334.828 404.464 322.641 415.204 346.958 452.328 534.83 472.257 325.494 380.009 325.234 321.596 333.637 311.483 292.253 290.561 519.519 556.251 529.598 470.53 394.291 808.277 356.1 327.893 344.943 335.602
threshold=80.250000000000014 79.250000000000014 14.750000000000002 -0.61186373233795155 0.63209757208824169 31.268867492675785 -0.10737737268209456 0.01290981797501445 -0.92263099551200856 -0.90149331092834462 33.540763854980476 16.750000000000004 32.593608856201179 18.750000000000004 1.9012526869773867 33.690311431884773 28.315699577331547 -0.72658059000968922 0.65839549899101268 32.126644134521491 -0.064507851377129541 -0.11593352630734442 31.363744735717777 33.785501480102546 -0.8520696461200713 33.542610168457038 16.750000000000004 0.60511416196823131 -0.61188074946403492 -0.66484925150871266
decision_type=2 2 2 2 2 2 2 2 2 2 2 2 2 2 2 2 2 2 2 2 2 2 2 2 2 2 2 2 2 2
left_child=1 2 -1 -3 6 -6 8 -8 12 10 14 -12 -4 -14 -10 16 -9 -7 -19 20 21 23 26 27 25 -21 -23 28 29 -11
right_child=-2 3 4 -5 5 17 7 15 9 19 11 -13 13 -15 -16 -17 -18 18 -20 24 -22 22 -24 -25 -26 -27 -28 -29 -30 -31
leaf_value=-0.0028461245063740397 -0.0016189148457535437 0.008932334087103944 -0.0062684741767511341 0.0010725458429220716 0.029852767036435586 0.021257426669583218 0.017249608662618026 0.01289566152578611 0.051956446752786482 0.0058702269672989606 0.02933690039715129 -0.10399565231445787 -0.040532852594436661 0.0065147836599657926 0.005083447889414618 0.013418346122993816 -0.00041130937388382722 -0.02553847567342777 0.0033781769295122819 -0.0052676709653932674 0.020815566687241792 -0.023463212559872774 0.016966049589882896 -0.066306024778439374 -0.0035409886054753614 -0.084043672999857544 -0.11976184672520807 -0.0033959701444745091 0.018801006051793103 -0.026611002316118154
leaf_weight=122514 145850 27136 8282 66208 1510 2417 4312 5052 990 4414 124 143 1604 586 591 5140 69657 887 58634 1060 3288 160 209 258 35352 470 240 13782 4477 970
leaf_count=122514 145850 27136 8282 66208 1510 2417 4312 5052 990 4414 124 143 1604 586 591 5140 69657 887 58634 1060 3288 160 209 258 35352 470 240 13782 4477 970
internal_value=4.28558e-12 0.000536065 -0.000222631 0.00335746 0.00120837 0.00428509 -2.91869e-06 0.00213696 -0.00234181 -0.0010102 0.0233807 -0.0420734 -0.0108014 -0.0279439 0.0344347 0.00132085 0.00048854 0.00366177 0.00294725 -0.00170709 0.00215307 -0.000350496 -0.0475387 0.000851864 -0.00461649 -0.0294668 -0.0812424 0.00158471 0.00854585 1.82967e-05
internal_weight=586317 440467 347123 93344 224609 63448 161161 84161 77000 66528 1848 267 10472 2190 1581 79849 74709 61938 59521 64680 27798 24510 609 23901 36882 1530 400 23643 9861 5384
internal_count=586317 440467 347123 93344 224609 63448 161161 84161 77000 66528 1848 267 10472 2190 1581 79849 74709 61938 59521 64680 27798 24510 609 23901 36882 1530 400 23643 9861 5384
is_linear=0
shrinkage=0.05


Tree=117
num_leaves=31
num_cat=0
split_feature=11 9 10 10 6 10 10 10 11 0 8 1 9 12 9 11 2 11 0 9 3 1 7 5 12 4 3 3 9 7
split_gain=195.881 339.799 330.993 196.854 495.835 494.536 507.849 861.787 880.706 558.592 521.841 467.25 683.163 1095.3 496.98 457.115 1777.29 1512.74 863.226 543.699 879.378 431.991 753.42 675.038 495.24 465.268 416.921 416.233 442.287 408.497
threshold=0.9969642460346223 32.258962631225593 1.0000000180025095e-35 1.0000000180025095e-35 0.56456160545349132 -0.1330134719610214 -0.20931270718574521 -0.32533907890319819 -0.89388549327850331 5.2836239337921151 2.5853896141052251 33.260351181030281 30.882817268371586 17.750000000000004 28.570462226867679 -0.69014781713485707 6.1198735237121591 -0.63872575759887684 0.22221296280622485 30.567624092102054 29.840383529663089 33.260351181030281 33.591936111450202 33.084299087524421 16.750000000000004 12.038403987884523 29.727887153625492 27.55761814117432 30.174288749694828 27.020131111145023
decision_type=2 2 2 2 2 2 2 2 2 2 2 2 2 2 2 2 2 2 2 2 2 2 2 2 2 2 2 2 2 2
left_child=3 -2 -3 5 26 6 7 8 10 29 -1 14 -13 -14 -12 16 18 -17 -10 20 -20 22 -8 -24 25 -23 -5 -18 -29 -9
right_child=1 2 -4 4 -6 -7 21 9 15 -11 11 12 13 -15 -16 17 27 -19 19 -21 -22 24 23 -25 -26 -27 -28 28 -30 -31
leaf_value=0.022187850154812332 -0.003989635404009143 0.033863330456492216 -0.053523170026583661 0.0067018940498906141 0.0062163051717079292 -0.0088829554458725365 0.0092841937010716656 0.01177172354379338 0.0095111479290867443 0.0056848898617929775 -0.014154605839184637 0.033102961435225418 -0.020239981937432018 -0.18597158041472239 0.018263599697091428 0.024165215400292615 -0.049436906285376815 -0.0005121491220937722 -0.016212112287720765 -0.017511068210680613 0.028597717618055803 0.02662864922282851 -0.090988382053854955 0.0029904477934842525 0.083196369378811252 -0.11264409319017872 -0.0004264607074638138 0.0010621989156031186 -0.029387375303152909 -0.016232024883833834
leaf_weight=6918 13111 131 627 22586 40219 17688 12583 1413 12682 4483 1801 236 324 144 3441 6432 1646 180096 2350 7433 2050 656 365 401 401 66 223419 1642 4357 16616
leaf_count=6918 13111 131 627 22586 40219 17688 12583 1413 12682 4483 1801 236 324 144 3441 6432 1646 180096 2350 7433 2050 656 365 401 401 66 223419 1642 4357 16616
internal_value=7.52488e-13 -0.00587144 -0.0384208 0.000142251 0.00106945 -0.000784952 -0.000251551 -0.000770504 0.000137486 -0.0101098 0.0128516 0.00198911 -0.0362576 -0.0712343 0.00712564 -0.000610402 -0.00611574 0.000338794 0.000448194 -0.00926501 0.00466519 0.00885897 0.00635339 -0.0417906 0.0386426 0.0138973 0.000228002 -0.0271641 -0.021053 -0.0140373
internal_weight=586317 13869 758 572448 286224 286224 268536 254064 231552 22512 12864 5946 704 468 5242 218688 32160 186528 24515 11833 4400 14472 13349 766 1123 722 246005 7645 5999 18029
internal_count=586317 13869 758 572448 286224 286224 268536 254064 231552 22512 12864 5946 704 468 5242 218688 32160 186528 24515 11833 4400 14472 13349 766 1123 722 246005 7645 5999 18029
is_linear=0
shrinkage=0.05


Tree=118
num_leaves=31
num_cat=0
split_feature=13 13 12 11 1 12 10 10 10 11 7 7 11 9 0 10 12 10 9 11 11 6 10 1 7 11 9 10 1 3
split_gain=184.478 352.19 467.145 332.389 312.328 254.361 250.024 238.863 318.189 407.49 505.512 298.965 269.232 238.33 276.742 304.337 237.898 241.571 235.16 434.777 320.436 289.914 285.278 556.568 350.311 254.464 398.636 352.036 253.481 239.124
threshold=80.250000000000014 78.250000000000014 15.250000000000002 0.15004983544349673 37.352123260498054 17.250000000000004 0.78829774260520946 0.97109106183052074 0.9946616291999818 -0.021515300963073965 36.719482421875007 41.538871765136726 -0.20930689573287961 29.891755104064945 0.26792560517787939 0.86958134174346935 12.250000000000002 0.56314551830291759 31.621855735778812 0.78827583789825451 0.63207998871803295 3.3462468385696416 -0.57023701071739186 30.649191856384281 32.158536911010749 0.98927757143974315 30.21013164520264 1.0000000180025095e-35 35.373973846435554 32.314867019653327
decision_type=2 2 2 2 2 2 2 2 2 2 2 2 2 2 2 2 2 2 2 2 2 2 2 2 2 2 2 2 2 2
left_child=1 2 13 16 -5 6 -2 18 11 10 -10 12 -9 -1 -15 -16 17 -3 21 20 -20 25 23 24 -21 -4 27 -27 29 -22
right_child=5 3 7 4 -6 -7 -8 8 9 -11 -12 -13 -14 14 15 -17 -18 -19 19 22 28 -23 -24 -25 -26 26 -28 -29 -30 -31
leaf_value=-0.00045957005911911311 0.0081100897872324745 0.022658358718810875 0.0061444262189064517 0.0002486232442904099 -0.021376803098615595 -0.0022372907045603409 -0.0079295944609579488 0.046424603039205148 -0.14122576746675705 0.010677326216929942 -0.01370803131259043 -0.04327658366098712 0.013640751086357676 -0.0034678078788613698 -0.014532162019411968 0.0061025594069068516 0.0034818703876140309 -0.0012901396980776506 -0.0011252813343306104 -0.053072001199251498 0.020370325237741412 -0.0041792197078983542 -0.010226880432509031 -0.015059487201488793 -0.21072977375653057 -0.034154489790559864 0.010863120049493115 -0.0012372514888036605 0.046944421654916371 -0.00029790054245185359
leaf_weight=42340 11505 3240 39701 85219 1703 131265 3080 707 81 2800 1919 210 5483 45607 12050 2098 100800 1560 64309 69 2323 11391 6963 333 72 1512 2254 1755 448 3520
leaf_count=42340 11505 3240 39701 85219 1703 131265 3080 707 81 2800 1919 210 5483 45607 12050 2098 100800 1560 64309 69 2323 11391 6963 333 72 1512 2254 1755 448 3520
internal_value=-3.57838e-12 0.000510355 -0.000735491 0.00211485 -0.000175068 -0.00154127 0.0047229 0.00108031 0.00809624 -0.0016351 -0.0188725 0.0153947 0.0173852 -0.00332949 -0.00536299 -0.0114722 0.00399974 0.0148751 0.000496731 -0.00128301 -7.17133e-05 0.00294997 -0.0127819 -0.050315 -0.133578 0.00474575 -0.00531199 -0.0164717 0.0106983 0.00791916
internal_weight=586317 440467 247945 192522 86922 145850 14585 145850 11200 4800 2000 6400 6190 102095 59755 14148 105600 4800 134650 78037 70600 56613 7437 474 141 45222 5521 3267 6291 5843
internal_count=586317 440467 247945 192522 86922 145850 14585 145850 11200 4800 2000 6400 6190 102095 59755 14148 105600 4800 134650 78037 70600 56613 7437 474 141 45222 5521 3267 6291 5843
is_linear=0
shrinkage=0.05


Tree=119
num_leaves=31
num_cat=0
split_feature=10 10 11 11 10 11 1 3 4 13 10 3 10 10 9 11 7 12 13 13 12 12 9 8 1 8 13 5 11 10
split_gain=181.853 469.387 355.777 621.297 343.035 373.952 316.912 511.239 278.006 276.111 239.105 708.39 478.511 844.306 808.266 621.035 544.087 359.699 305.643 297.349 289.076 280.512 279.56 279.549 260.025 255.685 423.935 397.853 254.035 243.926
threshold=0.90518480539321911 0.87379899621009838 0.3657089769840241 0.30080866813659674 0.9946616291999818 -0.038720846176147454 35.217159271240241 34.438421249389656 0.10610202327370645 80.250000000000014 0.84293374419212352 41.532094955444343 0.78829774260520946 0.7440970540046693 34.93428039550782 0.53435277938842785 29.996625900268558 14.750000000000002 77.750000000000014 80.750000000000014 18.250000000000004 17.750000000000004 40.75471496582032 0.13091946393251422 43.429134368896491 1.7912068963050845 77.750000000000014 29.188932418823246 0.64532420039176952 0.86095303297042858
decision_type=2 2 2 2 2 2 2 2 2 2 2 2 2 2 2 2 2 2 2 2 2 2 2 2 2 2 2 2 2 2
left_child=1 10 3 4 8 -6 -5 -8 -2 -3 12 22 13 24 15 17 -17 18 -14 -19 -16 29 -12 -23 -1 27 -27 -15 -29 -13
right_child=2 9 -4 6 5 -7 7 -9 -10 -11 11 21 14 25 20 16 -18 19 -20 -21 -22 23 -24 -25 -26 26 -28 28 -30 -31
leaf_value=-0.00039876105080075729 0.0033190006629566283 -0.0055682459880129816 0.013472502247693927 -0.0018072035525166629 -0.012898596411445064 0.0018669815221822668 -0.12586756609898733 -0.020381720486564472 0.014231918111147525 -0.022513425906970724 0.0087151206152696545 -0.1389765890058586 -0.011146253693687505 0.070040257095023248 -0.025758337131255794 0.047063441236636472 -0.0075605528675384767 0.076339246429332347 0.069312016699916199 0.015748058537567639 -0.0073663552262954006 -0.0072182449745100677 0.040347259839337735 -0.11816430010742718 0.020643315088390027 -0.0034320149027601832 0.057629233490188975 0.0043459313655237865 0.021051979316671028 -0.041039152209099011
leaf_weight=448164 43098 9664 6432 3010 6432 12864 119 3303 6750 3200 9487 98 583 273 5622 490 6545 524 148 330 3446 674 754 62 1473 457 752 8238 3144 181
leaf_count=448164 43098 9664 6432 3010 6432 12864 119 3303 6750 3200 9487 98 583 273 5622 490 6545 524 148 330 3446 674 754 62 1473 457 752 8238 3144 181
internal_value=-5.07118e-12 -0.000355094 0.00218366 0.0012229 0.00260559 -0.00305488 -0.013641 -0.02405 0.00479674 -0.00978346 -0.000108298 0.00709516 -0.000277153 3.1516e-05 -0.00834815 0.00261436 -0.0037559 0.0308887 0.00514352 0.0529258 -0.0187691 -0.0327479 0.0110441 -0.0165642 -0.000329828 0.0126616 0.0345482 0.0103913 0.00896057 -0.0754401
internal_weight=586317 504309 82008 75576 69144 19296 6432 3422 49848 12864 491445 11256 480189 462501 17688 8620 7035 1585 731 854 9068 1015 10241 736 449637 12864 1209 11655 11382 279
internal_count=586317 504309 82008 75576 69144 19296 6432 3422 49848 12864 491445 11256 480189 462501 17688 8620 7035 1585 731 854 9068 1015 10241 736 449637 12864 1209 11655 11382 279
is_linear=0
shrinkage=0.05


Tree=120
num_leaves=31
num_cat=0
split_feature=1 10 10 9 11 3 10 10 9 13 10 10 10 11 7 12 5 3 10 11 12 10 11 11 11 7 7 13 12 11
split_gain=178.349 312.165 308.837 306.587 184.48 165.158 200.045 206.444 169.394 178.43 245.084 163.94 451.987 350.09 396.075 276.811 241.693 202.139 415.395 338.753 465.318 375.963 335.96 582.552 547.114 355.42 346.204 335.084 529.306 385.889
threshold=25.505497932434086 -0.16705007851123807 0.44437406957149511 28.004171371459964 -0.98208922147750843 43.408536911010749 0.50495636463165294 0.56314551830291759 43.448387145996101 77.250000000000014 0.54883790016174328 0.97109106183052074 0.9946616291999818 0.047319635748863227 35.979618072509773 18.750000000000004 42.096481323242195 29.801715850830082 0.047320950776338584 0.75546532869339 17.250000000000004 -0.25950939953327173 0.64532420039176952 0.69635042548179638 0.57727023959159862 34.259464263916023 28.856875419616703 77.250000000000014 16.250000000000004 0.23448270559310916
decision_type=2 2 2 2 2 2 2 2 2 2 2 2 2 2 2 2 2 2 2 2 2 2 2 2 2 2 2 2 2 2
left_child=1 4 3 -3 -1 8 -7 -8 11 10 -10 17 15 -14 -15 -13 -17 18 -2 22 21 -21 24 25 27 -24 -26 28 29 -19
right_child=5 2 -4 -5 -6 6 7 -9 9 -11 -12 12 13 14 -16 16 -18 19 -20 20 -22 -23 23 -25 26 -27 -28 -29 -30 -31
leaf_value=0.074818705327999904 -6.9906846328346846e-05 -0.022659126575958147 0.011908053697525615 -0.078316455357768835 -0.0030205261518632676 0.064515140657392098 -0.0257266585967733 0.016146099351325601 -0.080953235273258858 0.027240836729995162 0.019020028858046448 0.0040807087502652264 -0.0067904883926298079 -0.012108961083462107 0.018597352012176962 0.017064772135007268 -0.052825851420620608 -0.011926897710660321 0.0070044891013575673 -0.0080468030957740987 -0.0082007536395581459 0.0028836897398543358 0.011913362916605873 -0.0014153491678962778 0.043615694509401004 0.049373140369856058 -0.011206224498389906 0.00075790124123756167 0.00063580980273852472 0.0015507325563521284
leaf_weight=78 88389 699 346 383 3156 177 353 1772 99 1045 161 18816 14472 1545 3279 6774 126 20792 27116 10917 33505 28158 10005 13225 294 676 14066 241786 36974 7133
leaf_count=78 88389 699 346 383 3156 177 353 1772 99 1045 161 18816 14472 1545 3279 6774 126 20792 27116 10917 33505 28158 10005 13225 294 676 14066 241786 36974 7133
internal_value=6.53423e-13 -0.0097406 -0.0292113 -0.0423604 -0.00114314 7.80715e-05 0.0134442 0.0091903 2.49625e-05 0.0180188 -0.0190467 -1.56603e-05 0.00288198 -0.00290213 0.00876293 0.00722209 0.0157885 -0.00026035 0.00159088 -0.000772472 -0.0038773 -0.000170135 -0.000119196 0.00559907 -0.000544996 0.0142842 -0.0100838 -9.83561e-05 -0.00328841 -0.00848425
internal_weight=586317 4662 1428 1082 3234 581655 2302 2125 579353 1305 260 578048 45012 19296 4824 25716 6900 533036 115505 417531 72580 39075 344951 23906 321045 10681 14360 306685 64899 27925
internal_count=586317 4662 1428 1082 3234 581655 2302 2125 579353 1305 260 578048 45012 19296 4824 25716 6900 533036 115505 417531 72580 39075 344951 23906 321045 10681 14360 306685 64899 27925
is_linear=0
shrinkage=0.05


Tree=121
num_leaves=31
num_cat=0
split_feature=13 0 11 13 1 1 10 1 12 13 11 1 10 11 1 13 1 10 10 11 10 9 12 10 7 13 11 11 5 9
split_gain=173.235 252.275 364.402 286.348 234.127 231.394 228.058 301.327 212.684 547.589 391.576 248.309 246.972 802.597 505.259 467.885 450.642 412.994 507.16 751.922 788.068 453.784 404.599 446.095 1029.15 442.272 461.129 406.759 382.365 369.661
threshold=81.750000000000014 0.21176667511463168 0.78827583789825451 83.750000000000014 29.916902542114261 31.896770477294925 0.41327477991580969 33.394697189331062 13.750000000000002 79.250000000000014 -0.15855351090431211 38.826128005981452 0.59125596284866344 -0.72658059000968922 37.174047470092781 79.250000000000014 34.49452209472657 -0.98211652040481556 -0.7721494436264037 -0.46734189987182612 -0.86095303297042836 33.135114669799812 16.750000000000004 0.56314551830291759 29.286859512329105 77.250000000000014 -0.35768499970436091 0.73246693611145031 30.738202095031742 34.680843353271491
decision_type=2 2 2 2 2 2 2 2 2 2 2 2 2 2 2 2 2 2 2 2 2 2 2 2 2 2 2 2 2 2
left_child=8 -2 3 4 -3 -5 7 -6 9 -1 11 -11 16 14 15 -14 22 -18 19 20 21 -19 25 -24 -25 27 29 -10 -26 -27
right_child=1 2 -4 5 6 -7 -8 -9 12 10 -12 -13 13 -15 -16 -17 17 18 -20 -21 -22 -23 23 24 28 26 -28 -29 -30 -31
leaf_value=-0.0034495298530325992 -0.004166659889938416 0.0097615099314976098 -0.030834962509242454 0.024046924205421955 -0.0031244322201699811 0.0039617377060717444 0.0070262481177181153 -0.025751908433416522 -0.0048665860537565426 0.017891274111366148 -0.00046562857917146371 -0.0091616098263740137 0.028956058557394533 0.0016773222943076982 0.011810018274401356 0.094261863142310179 0.023617357169390313 -0.063837665502173721 -0.0042784289845559159 -0.0087704067762892496 -0.029611702161390276 -0.18045044176667646 -0.00054967550919135446 -0.17431894445841292 -0.06175950880478151 0.015890751431608768 0.0030150713422870531 0.0066334876911687025 0.001878505838111316 -0.0017759756018395755
leaf_weight=81676 53249 4790 837 2482 10815 3396 4404 1703 23660 6905 9630 967 1242 113424 6190 352 1202 162 31465 2164 659 172 151151 113 330 15120 42155 11391 829 3682
leaf_count=81676 53249 4790 837 2482 10815 3396 4404 1703 23660 6905 9630 967 1242 113424 6190 352 1202 162 31465 2164 659 172 151151 113 330 15120 42155 11391 829 3682
internal_value=7.51846e-13 -0.00213632 0.00166689 0.0026529 2.53292e-06 0.0124428 -0.00275988 -0.00620277 0.000345762 -0.0017297 0.00629619 0.0145681 0.000853428 0.00274319 0.0182744 0.0433774 4.76242e-05 -0.00519499 -0.00619529 -0.0253001 -0.0613225 -0.12389 0.000803614 -0.000797815 -0.0302841 0.00334605 0.00591941 -0.00112925 -0.016241 0.0124311
internal_weight=586317 81676 28427 27590 21712 5878 16922 12518 504641 99178 17502 7872 405463 121208 7784 1594 284255 35824 34622 3157 993 334 248431 152423 1272 96008 60957 35051 1159 18802
internal_count=586317 81676 28427 27590 21712 5878 16922 12518 504641 99178 17502 7872 405463 121208 7784 1594 284255 35824 34622 3157 993 334 248431 152423 1272 96008 60957 35051 1159 18802
is_linear=0
shrinkage=0.05


Tree=122
num_leaves=31
num_cat=0
split_feature=11 9 10 1 13 13 11 12 12 1 10 13 2 9 0 11 12 11 11 7 9 11 10 13 11 10 10 10 7 7
split_gain=167.375 301.644 298.217 182.087 167.529 230.346 392.949 429.557 275.002 269.394 287.108 249.409 238.981 235.763 222.131 217.837 216.101 221.191 209.048 426.131 348.232 316.292 276.513 267.601 207.814 192.717 182.147 239.099 561.63 357.075
threshold=0.9969642460346223 32.258962631225593 1.0000000180025095e-35 31.961493492126468 81.250000000000014 77.750000000000014 -0.038720846176147454 17.750000000000004 13.250000000000002 32.184171676635749 0.84293374419212352 76.750000000000014 15.903257369995119 42.44030952453614 3.7640973329544072 0.94968265295028698 12.250000000000002 -0.82389250397682179 -0.97106409072875965 29.996625900268558 39.44108963012696 -0.78295108675956715 -0.56314551830291737 83.250000000000014 -0.15855351090431211 -0.04732095077633857 -0.99466162919998158 -0.08167563751339911 34.094982147216804 32.193466186523445
decision_type=2 2 2 2 2 2 2 2 2 2 2 2 2 2 2 2 2 2 2 2 2 2 2 2 2 2 2 2 2 2
left_child=4 -2 -3 -4 5 6 7 9 -8 11 -11 -1 24 16 18 -16 17 -7 19 25 23 22 -20 -21 -13 -6 -9 28 -28 -29
right_child=1 2 3 -5 14 13 8 26 -10 10 -12 12 -14 -15 15 -17 -18 -19 21 20 -22 -23 -24 -25 -26 -27 27 29 -30 -31
leaf_value=-0.0060402539123111552 -0.0036544254754539022 0.032517018858769925 -0.079198496991890854 -0.025193211700471708 0.0038242290372255483 0.022085366498511772 -0.0043046004258027112 0.02847895061102463 0.0026850124988031382 -0.012548317662793271 -0.00252185285150807 0.0055498943025009823 -0.016599571388547223 0.012971288565107091 0.0034533583213196962 -0.050620439896568108 0.0009687461474730181 0.0045557834074520425 0.042490954572089998 -0.026462762540897706 -0.10552823402554445 -0.0035127863341164155 0.0043176818227468865 0.002739883942103916 -0.017369104955002518 0.062918312223416498 -0.0016344648244646263 0.039934039822553169 -0.061612113418806319 0.0040370679773323696
leaf_weight=21074 13111 131 293 334 370 2240 17088 640 79744 18720 11542 14401 1553 4366 20015 188 263346 9152 502 2459 115 66033 8626 1152 1062 220 12397 728 403 14312
leaf_count=21074 13111 131 293 334 370 2240 17088 640 79744 18720 11542 14401 1553 4366 20015 188 263346 9152 502 2459 115 66033 8626 1152 1062 220 12397 728 403 14312
internal_value=4.69457e-13 -0.00542744 -0.0360949 -0.0504301 0.000131493 0.000524253 -0.000800684 -0.00305292 0.00145155 -0.00520256 -0.0087242 -0.00240466 0.00209796 0.0014436 -0.00173131 0.00295017 0.00126041 0.00800261 -0.00292134 -0.0136224 -0.0198742 -0.00230685 0.00641704 -0.0171464 0.00397582 0.0258593 0.00210621 0.00149994 -0.00352282 0.00577463
internal_weight=586317 13869 758 627 572448 472768 193664 96832 96832 68352 30262 38090 17016 279104 99680 20203 274738 11392 79477 4316 3726 75161 9128 3611 15463 590 28480 27840 12800 15040
internal_count=586317 13869 758 627 572448 472768 193664 96832 96832 68352 30262 38090 17016 279104 99680 20203 274738 11392 79477 4316 3726 75161 9128 3611 15463 590 28480 27840 12800 15040
is_linear=0
shrinkage=0.05


Tree=123
num_leaves=31
num_cat=0
split_feature=10 11 5 9 1 9 10 10 8 10 3 5 10 11 9 1 12 1 1 4 12 1 7 7 4 10 11 11 9 10
split_gain=157.696 232.477 355.027 460.061 320.965 237.319 172.963 878.227 512.191 487.783 672.748 441.314 415.43 386.465 677.355 642.636 418.106 377.905 374.185 372.88 360.658 407.15 869.064 349.909 301.766 413.52 408.072 462.815 292.582 282.258
threshold=-0.99939814209938038 0.01290981797501445 30.523216247558597 30.309617042541507 31.6137228012085 32.779375076293952 0.28435654938220983 0.34964421391487127 1.0000000180025095e-35 0.41327477991580969 39.721979141235359 29.988348007202152 0.36571913957595831 0.87377473711967479 29.589060783386234 33.260351181030281 18.250000000000004 31.023309707641605 35.528953552246101 0.8807857632637025 17.750000000000004 30.805282592773441 31.34055328369141 34.934379577636726 0.56464245915412914 0.53436762094497692 0.79874977469444286 0.57727023959159862 29.467936515808109 0.30081701278686529
decision_type=2 2 2 2 2 2 2 2 2 2 2 2 2 2 2 2 2 2 2 2 2 2 2 2 2 2 2 2 2 2
left_child=1 -1 3 -3 -4 -6 -2 8 -8 10 11 -9 28 24 17 16 -16 -15 23 20 -14 22 -22 -10 -11 -26 27 -27 -13 -20
right_child=6 2 4 -5 5 -7 7 9 18 13 -12 12 19 14 15 -17 -18 -19 29 -21 21 -23 -24 -25 25 26 -28 -29 -30 -31
leaf_value=0.013274111320747593 -0.00081093975751448831 -0.0074549170208453976 0.035499322991695649 -0.13239935089482879 -0.03604865272635973 0.019945505883946196 0.0078088897060483598 0.0042297253572932594 0.028660035926232549 -0.0003071230461724925 0.030128646397173321 -0.091956330032553532 -0.020158324735070701 0.029251559517351356 0.0083658008719208008 0.068806048502560543 -0.020820772163454321 0.09743687661255819 0.012526151361881094 -0.0020058787201680801 -0.051062301238389729 -0.03439614529365103 -0.21359486315610277 -0.021052623462278101 -0.0092765814811089243 0.007812723696680875 -0.1225152278413712 0.053479142959141725 0.0056023925491806579 0.067463896175796886
leaf_weight=4824 340293 186 475 122 531 294 9579 2944 1632 182916 1001 80 3376 1689 3995 354 1771 231 318 1510 367 1527 106 452 3803 18474 59 572 1953 883
leaf_count=4824 340293 186 475 122 531 294 9579 2944 1632 182916 1001 80 3376 1689 3995 354 1771 231 318 1510 367 1527 106 452 3803 18474 59 572 1953 883
internal_value=-3.25956e-13 0.00778596 -0.00867849 -0.0569459 0.00275717 -0.0160944 -8.63607e-05 0.00094276 0.0136515 0.000221698 -0.00923439 -0.0125558 -0.0180965 0.000790485 0.0115446 0.00341587 -0.000598719 0.0374551 0.0306884 -0.0239598 -0.0301262 -0.0469519 -0.0874861 0.0178778 0.000370401 0.0057803 0.00877749 0.0091842 0.00176339 0.0529175
internal_weight=586317 6432 1608 308 1300 825 579885 239592 12864 226728 12864 11863 8919 213864 8040 6120 5766 1920 3285 6886 5376 2000 473 2084 205824 22908 19105 19046 2033 1201
internal_count=586317 6432 1608 308 1300 825 579885 239592 12864 226728 12864 11863 8919 213864 8040 6120 5766 1920 3285 6886 5376 2000 473 2084 205824 22908 19105 19046 2033 1201
is_linear=0
shrinkage=0.05


Tree=124
num_leaves=31
num_cat=0
split_feature=13 13 12 11 2 12 10 1 10 9 4 11 10 0 13 12 9 10 1 10 5 3 9 10 10 10 10 11 9 10
split_gain=149.42 289.008 420.949 382.196 278.388 270.712 318.414 303.362 391.307 345.597 286.053 258.813 1027.02 595.655 391.108 331.777 708.202 701.731 525.503 709.893 593.464 298.617 392.442 343.617 915.866 528.526 336.736 296.126 634.745 383.837
threshold=80.250000000000014 79.250000000000014 14.250000000000002 -0.61186373233795155 0.34186613559722906 18.250000000000004 0.59125596284866344 38.826128005981452 1.0000000180025095e-35 33.785501480102546 0.54901906847953807 -0.69014781713485707 -0.62540480494499195 12.705684185028078 76.250000000000014 16.750000000000004 32.164163589477546 -0.65189296007156361 29.990586280822757 -0.66484925150871266 29.727758407592777 28.567762374877933 28.447427749633793 0.38168568909168249 0.33346569538116461 0.49002411961555487 -0.86958134174346913 -0.83352491259574879 30.406868934631351 0.36571913957595831
decision_type=2 2 2 2 2 2 2 2 2 2 2 2 2 2 2 2 2 2 2 2 2 2 2 2 2 2 2 2 2 2
left_child=1 2 -1 5 -5 7 -7 8 9 -3 -11 12 13 15 -14 -4 18 -18 19 20 -17 26 23 24 -23 -25 -13 29 -29 -16
right_child=-2 3 11 4 -6 6 -8 -9 -10 10 -12 21 14 -15 27 16 17 -19 -20 -21 -22 22 -24 25 -26 -27 -28 28 -30 -31
leaf_value=-0.0029022674671818735 -0.001387111850345684 0.017861558760680973 -0.0023401870886062175 -0.00068982818401249835 0.0075733706275484024 -0.0052906056999196642 0.024967939885732451 -0.0016294036063474685 0.023678972468425832 0.0085052276837760087 -0.014722181484422586 -0.0055049453104831876 -0.0099690192782647454 -0.072857826820239849 0.002087832185663011 -0.05847612267386304 -0.095857127713840362 0.033673000337512353 0.0048121876000732575 -0.12362300527448673 0.054867517621440688 -0.011321953597529476 0.0018723112777355704 0.11027409700448994 -0.16689938498117651 0.001950258593166068 0.014950419404715835 0.046370244365413177 0.0051707689356282199 -0.010895972703179657
leaf_weight=102095 145850 4624 2113 53623 12585 5760 1024 3950 6226 3365 2187 2668 8256 534 32256 302 571 128 1323 218 187 6474 163708 139 96 593 8182 1039 9329 6912
leaf_count=102095 145850 4624 2113 53623 12585 5760 1024 3950 6226 3365 2187 2668 8256 534 32256 302 571 128 1323 218 187 6474 163708 139 96 593 8182 1039 9329 6912
internal_value=-4.44331e-12 0.000459309 -0.000204846 0.00292913 0.000880864 0.00792663 -0.000723278 0.0108099 0.0138056 0.00776479 -0.00064433 0.000919079 -0.00183817 -0.0227414 0.000106325 -0.0172144 -0.0287311 -0.0721377 -0.0137847 -0.0485847 -0.015132 0.00187679 0.00136645 -0.00997481 -0.0135952 0.0225199 0.00992047 0.00178555 0.00929946 -0.000203428
internal_weight=586317 440467 347123 93344 66208 27136 6784 20352 16402 10176 5552 245028 63168 5376 57792 4842 2729 699 2030 707 489 181860 171010 7302 6570 732 10850 49536 10368 39168
internal_count=586317 440467 347123 93344 66208 27136 6784 20352 16402 10176 5552 245028 63168 5376 57792 4842 2729 699 2030 707 489 181860 171010 7302 6570 732 10850 49536 10368 39168
is_linear=0
shrinkage=0.05


Tree=125
num_leaves=31
num_cat=0
split_feature=11 9 10 1 11 11 10 9 3 1 10 7 11 3 11 9 12 11 1 9 13 10 9 1 10 12 10 3 12 3
split_gain=149.94 273.157 268.944 164.217 160.051 562.029 926.165 1064.28 911.937 770.955 510.08 472.397 444.12 1196.02 548.341 1764.82 798.134 434.566 434.356 472.918 429.678 422.89 403.614 641.652 802.117 601.899 577.038 719.003 1420.47 796.413
threshold=0.9969642460346223 32.258962631225593 1.0000000180025095e-35 31.961493492126468 -0.95234230160713185 -0.89388549327850331 0.36571913957595831 37.072944641113288 36.065160751342781 37.263736724853523 0.39753912389278417 35.294151306152351 -0.83352491259574879 27.55761814117432 -0.79354220628738392 30.94557094573975 15.250000000000002 -0.99626126885414112 36.47856521606446 35.212045669555671 80.250000000000014 -0.39753912389278406 28.910720825195316 31.176130294799808 -0.3657191395759582 14.750000000000002 -0.3334656953811645 32.314867019653327 17.750000000000004 33.446430206298835
decision_type=2 2 2 2 2 2 2 2 2 2 2 2 2 2 2 2 2 2 2 2 2 2 2 2 2 2 2 2 2 2
left_child=4 -2 -3 -4 17 6 18 8 11 -9 -10 -8 13 -7 15 16 -14 -1 21 -20 -11 -6 25 24 -24 -23 27 -25 -29 -30
right_child=1 2 3 -5 5 12 7 9 10 20 -12 -13 14 -15 -16 -17 -18 -19 19 -21 -22 22 23 26 -26 -27 -28 28 29 -31
leaf_value=0.0046172334175607647 -0.0034497690260826964 0.030837081397976016 -0.075254202611210408 -0.02396730356940353 0.022898959140891004 -0.064098161272147083 -0.0233414322114915 -0.01544865183338014 -0.099502288696784569 0.013671899468856823 -0.029998291732829582 0.029736650415072476 0.011437285973308892 -0.0045363356695380611 4.4011890626117719e-05 0.00078741575410099559 0.066670861037298454 -0.0050548412627880145 0.089596252418627412 0.024014447748778776 0.058865260882364483 0.017807161560308232 0.062306152960120258 0.01161854504906755 0.012138333805803946 -0.032986119621146712 0.011327195997699321 -0.0086876039034709928 -0.060515908962848142 -0.19615066732679096
leaf_weight=16080 13111 131 293 334 4750 877 1816 1954 563 1944 497 545 1052 21635 450240 10083 1729 41808 314 2207 721 966 1079 1132 3046 1472 4474 1015 267 182
leaf_count=16080 13111 131 293 334 4750 877 1816 1954 563 1944 497 545 1052 21635 450240 10083 1729 41808 314 2207 721 966 1079 1132 3046 1472 4474 1015 267 182
internal_value=-6.20546e-13 -0.00513698 -0.0343205 -0.0479339 0.000124456 0.000404875 0.00717347 -0.0072484 -0.0283866 0.00840731 -0.0669141 -0.0110892 1.44901e-06 -0.00685669 0.000334831 0.0105135 0.045777 -0.00236815 0.0127203 0.0321829 0.0258987 0.0100513 0.00557492 0.0095897 0.025261 -0.0128605 0.000446249 -0.0183062 -0.0414447 -0.115495
internal_weight=586317 13869 758 627 572448 514560 28944 8040 3421 4619 1060 2361 485616 22512 463104 12864 2781 57888 20904 2521 2665 18383 13633 11195 4125 2438 7070 2596 1464 449
internal_count=586317 13869 758 627 572448 514560 28944 8040 3421 4619 1060 2361 485616 22512 463104 12864 2781 57888 20904 2521 2665 18383 13633 11195 4125 2438 7070 2596 1464 449
is_linear=0
shrinkage=0.05


Tree=126
num_leaves=31
num_cat=0
split_feature=10 9 11 10 10 8 10 5 5 10 4 11 9 1 5 10 1 12 11 1 10 11 13 9 7 11 3 13 11 9
split_gain=147.365 204.18 216.827 169.231 751.452 444.611 425.118 583.976 401.662 426.167 392.351 343.891 622.628 544.697 362.5 301.542 459.844 286.429 615.587 600.542 474.007 291.215 487.661 383.015 381.64 331.836 732.808 701.87 320.08 774.634
threshold=-0.9976210594177245 32.891977310180671 0.01290981797501445 0.28435654938220983 0.34964421391487127 0.28079487383365637 0.41327477991580969 39.728612899780281 30.327604293823246 0.36571913957595831 0.8807857632637025 0.87377473711967479 29.10880279541016 33.394697189331062 32.486740112304695 0.42888796329498297 29.697037696838382 19.250000000000004 0.21771516650915149 35.004354476928718 0.86095303297042858 -0.84291031956672657 78.750000000000014 39.845390319824226 33.937675476074226 -0.72658059000968922 35.520656585693366 78.250000000000014 -0.55599683523178089 31.621855735778812
decision_type=2 2 2 2 2 2 2 2 2 2 2 2 2 2 2 2 2 2 2 2 2 2 2 2 2 2 2 2 2 2
left_child=1 2 -1 -2 5 -5 7 8 -6 -10 -11 17 -13 14 15 16 -14 21 19 20 -19 22 -8 24 -24 26 27 -23 29 -27
right_child=3 -3 -4 4 6 -7 11 -9 9 10 -12 12 13 -15 -16 -17 -18 18 -20 -21 -22 25 23 -25 -26 28 -28 -29 -30 -31
leaf_value=0.0077197312384396054 -0.00084636029968234371 0.017595199490447185 -0.0073419430506315988 0.0075212538352440505 0.0021549907150539261 0.029495287585307381 -0.01835965094169751 0.027396480375082813 0.0029496377491257711 -0.031016310945166426 -0.001711923551811391 0.043241071441807902 -0.08333324364971284 0.071014244605508703 -0.038626000609236072 0.010955217555278254 -0.0026156777020295841 0.089545333504021718 -0.0038025816235078588 0.0074074499757703959 0.022622547055777181 0.016835733662347984 -0.087954146838323644 -0.014619573887181214 0.017784265506674019 -0.073799546804087346 0.0015356604938775056 0.076568298359667941 0.00015584472052247153 -0.005439342460787846
leaf_weight=6367 333861 2672 3825 9861 3608 3003 5760 1036 1894 4830 1496 1256 215 298 509 4778 984 381 14504 22137 866 2321 88 1830 2818 425 11487 624 125952 16631
leaf_count=6367 333861 2672 3825 9861 3608 3003 5760 1036 1894 4830 1496 1256 215 298 509 4778 984 381 14504 22137 866 2321 88 1830 2818 425 11487 624 125952 16631
internal_value=4.49974e-12 0.00529252 0.00206717 -0.000118725 0.000895204 0.0126509 0.000228213 -0.0085996 -0.0117525 -0.0178568 -0.0240863 0.000759209 0.0109037 0.00491674 0.00187988 0.00532936 -0.0170896 0.000362939 0.00428985 0.00930921 0.0430697 -0.000523011 -0.00858702 0.00329862 0.0145823 1.45892e-05 0.00724047 0.0294921 -0.000714628 -0.00714274
internal_weight=586317 12864 10192 573453 239592 12864 226728 12864 11828 8220 6326 213864 8040 6784 6486 5977 1199 205824 37888 23384 1247 167936 10496 4736 2906 157440 14432 2945 143008 17056
internal_count=586317 12864 10192 573453 239592 12864 226728 12864 11828 8220 6326 213864 8040 6784 6486 5977 1199 205824 37888 23384 1247 167936 10496 4736 2906 157440 14432 2945 143008 17056
is_linear=0
shrinkage=0.05


Tree=127
num_leaves=31
num_cat=0
split_feature=1 10 10 9 10 11 10 3 10 11 12 3 10 9 10 10 1 10 10 7 12 9 13 11 13 13 6 11 11 12
split_gain=146.206 283.921 259.268 274.969 176.046 328.456 159.083 149.435 388.732 291.005 488.713 358.417 433.135 460.596 453.252 613.427 521.76 1379.56 609.652 364.677 332.393 308.424 292.315 299.103 282.853 277.082 276.469 269.464 674.188 447.336
threshold=25.505497932434086 -0.16705007851123807 0.44437406957149511 28.004171371459964 -0.55601230263710011 -0.67758968472480763 0.45972847938537603 29.277883529663089 0.23448921740055087 0.75546532869339 18.750000000000004 31.669790267944339 -0.42109696567058558 30.070989608764652 -0.54883790016174305 -0.58429276943206776 31.054188728332523 -0.59817537665367115 -0.59817537665367115 32.594604492187507 19.250000000000004 32.258962631225593 76.250000000000014 0.047319635748863227 79.750000000000014 82.250000000000014 1.0000000180025095e-35 0.86527520418167125 0.77756834030151378 15.750000000000002
decision_type=2 2 2 2 2 2 2 2 2 2 2 2 2 2 2 2 2 2 2 2 2 2 2 2 2 2 2 2 2 2
left_child=1 4 3 -3 5 -1 -4 8 -2 20 11 -11 13 -13 15 16 17 -15 21 -16 22 -18 23 -9 -22 -24 -12 28 -10 -30
right_child=7 2 6 -5 -6 -7 -8 9 27 10 26 12 -14 14 19 -17 18 -19 -20 -21 24 -23 25 -25 -26 -27 -28 -29 29 -31
leaf_value=-0.046739460752176464 0.0007394146916241054 -0.020778229343546679 0.067899201502186354 -0.073487608839743146 0.0080108762863392909 0.0072609448880587256 -0.0096644098598669473 -0.0098503740990347269 0.015045554531778711 0.0011865726914911611 -0.0088204223408746285 -0.092185976694266994 -0.0036005284041525937 -0.0034144765885249411 -0.068696307941638488 0.048226082554160089 -0.047412418463204598 -0.2991144588438131 0.071243318848980539 0.024239328417752407 0.0066986426585311665 0.0087080532511592743 0.00044520796122140204 0.0012580570499516042 0.00059830102882669025 -0.0055321669157663003 -0.048892435679656711 0.017042965420735204 0.018656827096771827 -0.048387705473756593
leaf_weight=501 74976 699 89 383 2090 643 257 15592 2561 51571 19793 236 12988 119 602 408 619 59 195 128 33616 405 284980 9912 43708 20803 440 6701 344 899
leaf_count=501 74976 699 89 383 2090 643 257 15592 2561 51571 19793 236 12988 119 602 408 619 59 195 128 33616 405 284980 9912 43708 20803 440 6701 344 899
internal_value=-1.60217e-13 -0.00881926 -0.0273883 -0.039436 -0.00061996 -0.0163878 0.0102869 7.06869e-05 0.00200152 -0.000261958 -0.00287772 -0.000830035 -0.00742934 -0.0253754 -0.0191556 -0.0057102 -0.0214625 -0.101427 -0.00978595 -0.0524007 0.000298584 -0.0252163 -0.000390379 -0.00553314 0.00325038 3.85558e-05 -0.00969185 0.0110094 0.000380932 -0.0298331
internal_weight=586317 4662 1428 1082 3234 1144 346 581655 85481 496174 87563 67330 15759 2771 2535 1805 1397 178 1219 730 408611 1024 331287 25504 77324 305783 20233 10505 3804 1243
internal_count=586317 4662 1428 1082 3234 1144 346 581655 85481 496174 87563 67330 15759 2771 2535 1805 1397 178 1219 730 408611 1024 331287 25504 77324 305783 20233 10505 3804 1243
is_linear=0
shrinkage=0.05


Tree=128
num_leaves=31
num_cat=0
split_feature=13 13 12 11 2 12 10 1 10 9 6 12 10 10 11 9 11 1 3 10 3 9 7 10 11 9 10 10 9 12
split_gain=135.973 256.726 389.301 337.668 247.191 247.045 284.473 274.54 352.093 314.986 265.752 225.34 224.879 223.699 385.31 363.1 313.619 414.792 432.185 313.493 400.731 242.314 287.849 324.65 203.668 397.653 385.878 373.882 482.474 422.748
threshold=80.250000000000014 79.250000000000014 14.750000000000002 -0.61186373233795155 0.34186613559722906 18.250000000000004 0.59125596284866344 38.826128005981452 1.0000000180025095e-35 34.318099975585945 0.50944682955741893 17.250000000000004 0.78829774260520946 0.97109106183052074 -0.20930689573287961 41.532588958740241 0.01290981797501445 39.582099914550788 36.311624526977546 0.9946616291999818 42.090364456176765 38.698839187622077 36.544200897216804 0.99865758419036876 -0.10737737268209456 38.940244674682624 -0.92263099551200856 -0.90149331092834462 33.540763854980476 16.750000000000004
decision_type=2 2 2 2 2 2 2 2 2 2 2 2 2 2 2 2 2 2 2 2 2 2 2 2 2 2 2 2 2 2
left_child=1 2 -1 5 -5 7 -7 8 9 -3 -11 12 -2 24 15 -15 17 18 -16 20 -19 22 23 -20 26 -26 -4 28 -28 -30
right_child=11 3 13 4 -6 6 -8 -9 -10 10 -12 -13 -14 14 16 -17 -18 19 21 -21 -22 -23 -24 -25 25 -27 27 -29 29 -31
leaf_value=-0.0024550207859246761 0.0077851273777225271 0.015368641003460949 -0.010113584893191396 -0.00063937073990086302 0.0071470753811718789 -0.0051168785599687303 0.023483521692128306 -0.0016159547984399656 0.022433108257192913 0.0065624355915012466 -0.018506973573349884 -0.0019783328338678278 -0.0074266243272014245 0.040277354286092068 0.039171471345816632 -0.074692780463254616 0.011444074063261101 0.031263655003634719 -0.015818962207477954 -0.0034840588949572454 -0.087014670014381415 -0.032165675795593082 6.868614485910751e-05 -0.12095379789077908 0.0019894470793219393 0.08345599520330628 0.032786352232002561 -0.0004387414878793054 0.027683034263205748 -0.098467050123653685
leaf_weight=122514 11505 5550 10472 53623 12585 5760 1024 3950 6226 2991 1635 131265 3080 1159 364 73 8008 1585 225 1997 75 1683 1970 109 107419 150 1581 87472 124 143
leaf_count=122514 11505 5550 10472 53623 12585 5760 1024 3950 6226 2991 1635 131265 3080 1159 364 73 8008 1585 225 1997 75 1683 1970 109 107419 150 1581 87472 124 143
internal_value=3.50749e-12 0.000438153 -0.000187812 0.00276596 0.000840699 0.00746332 -0.000799837 0.0102177 0.0130675 0.00733739 -0.00229802 -0.00132322 0.00457277 0.00104885 0.00652005 0.033465 0.00444736 -0.00254935 -0.0129819 0.00986304 0.0259198 -0.0177434 -0.0072083 -0.0501294 0.000593761 0.00210305 -0.00103315 3.14547e-05 0.0222874 -0.0398805
internal_weight=586317 440467 347123 93344 66208 27136 6784 20352 16402 10176 4626 145850 14585 224609 17248 1232 16016 8008 4351 3657 1660 3987 2304 334 207361 107569 99792 89320 1848 267
internal_count=586317 440467 347123 93344 66208 27136 6784 20352 16402 10176 4626 145850 14585 224609 17248 1232 16016 8008 4351 3657 1660 3987 2304 334 207361 107569 99792 89320 1848 267
is_linear=0
shrinkage=0.05


Tree=129
num_leaves=31
num_cat=0
split_feature=11 11 10 9 3 1 12 10 11 13 11 3 11 9 13 1 9 10 3 8 1 9 10 1 12 11 1 10 8 1
split_gain=131.341 519.997 780.465 918.215 823.139 684.263 457.102 450.703 396.108 390.817 371.603 1082.84 500.118 1616.34 734.947 371.047 452.75 422.553 436.706 578.301 516.439 491.888 435.848 596.547 802.275 370.231 444.826 421 720.622 589.545
threshold=-0.95234230160713185 -0.89388549327850331 0.36571913957595831 37.072944641113288 36.065160751342781 37.263736724853523 15.750000000000002 0.39753912389278417 -0.99626126885414112 80.250000000000014 -0.83352491259574879 27.766191482543949 -0.79354220628738392 30.94557094573975 77.750000000000014 35.836038589477546 35.212045669555671 -0.3657191395759582 29.610710144042972 0.095130976289510741 30.649191856384281 33.540763854980476 -0.41327477991580958 33.536117553710945 17.750000000000004 -0.98798605799674977 26.860832214355472 -0.23448921740055081 0.31791566312313085 30.062276840209964
decision_type=2 2 2 2 2 2 2 2 2 2 2 2 2 2 2 2 2 2 2 2 2 2 2 2 2 2 2 2 2 2
left_child=8 2 15 4 6 -5 -4 -6 -1 -7 11 -3 13 14 -12 17 -17 18 21 -20 -21 -2 -22 -24 -25 26 -10 29 -29 -27
right_child=1 10 3 5 7 9 -8 -9 25 -11 12 -13 -14 -15 -16 16 -18 -19 19 20 22 -23 23 24 -26 27 -28 28 -30 -31
leaf_value=0.0044081132664482835 0.041034824392814959 -0.05748255746397879 -0.025351368545307781 -0.014408552194403058 -0.093346216612814753 0.012883995473530079 0.021201368089349439 -0.028012764747010945 -0.059008570161148868 0.055985220236188363 0.021196036217840455 -0.0040530097146401645 -0.00010314415895262056 0.00058326314235460986 0.073077495250226165 0.069626637729990212 0.019094306791186427 0.0022489452035504868 0.033229883321902305 0.032485316974443033 0.013108265646219908 -0.056186757846634183 -0.012296618427270185 -0.042293976492795121 -0.21492880750238227 0.006315013449650477 -0.010049395987696864 -0.007103139468725198 0.010799389191662814 -0.024852333899087541
leaf_weight=16080 2273 992 1566 1954 563 1944 795 497 482 721 1578 21520 464109 10083 1203 535 2585 9979 1777 850 1060 138 1342 276 89 2452 12382 11651 10861 3980
leaf_count=16080 2273 992 1566 1954 563 1944 795 497 482 721 1578 21520 464109 10083 1203 535 2585 9979 1777 850 1060 138 1342 276 89 2452 12382 11651 10861 3980
internal_value=-5.19689e-13 0.000247688 0.00676336 -0.00647561 -0.0261097 0.00806614 -0.00967605 -0.0627135 -0.00226102 0.0245448 -0.00012988 -0.0064074 0.000166405 0.00989122 0.0436388 0.0118553 0.0277593 0.00906509 0.0177798 0.00987262 -0.00160259 0.0354701 -0.0120741 -0.0277117 -0.0843885 -0.00482607 -0.0118838 -0.00168928 0.001534 -0.0129708
internal_weight=586317 528429 28944 8040 3421 4619 2361 1060 57888 2665 499485 22512 476973 12864 2781 20904 3120 17784 7805 5394 3617 2411 2767 1707 365 41808 12864 28944 22512 6432
internal_count=586317 528429 28944 8040 3421 4619 2361 1060 57888 2665 499485 22512 476973 12864 2781 20904 3120 17784 7805 5394 3617 2411 2767 1707 365 41808 12864 28944 22512 6432
is_linear=0
shrinkage=0.05


Tree=130
num_leaves=31
num_cat=0
split_feature=10 9 11 10 11 1 7 12 9 12 3 5 11 10 11 10 5 10 1 10 10 7 10 11 9 9 10 4 11 1
split_gain=131.061 182.574 195.69 153.768 883.296 704.543 497.748 328.697 420.597 324.189 279.335 245.638 236.712 217.398 1087.67 809.442 652.574 421.945 1254.88 939.962 862.702 1311.73 627.172 727.307 467.188 415.601 370.333 859.356 601.458 910.295
threshold=-0.9976210594177245 32.891977310180671 0.01290981797501445 -0.96683886647224415 -0.20930689573287961 31.271186828613285 27.168518066406254 18.750000000000004 33.443656921386726 14.250000000000002 28.567762374877933 29.840383529663089 0.18399153649806979 -0.90149331092834462 -0.40541070699691767 -0.8779519498348235 31.512630462646488 -0.81403854489326466 34.616605758666999 -0.86095303297042836 -0.78297284245491017 31.065237998962406 -0.72660079598426808 -0.63872575759887684 32.741127014160163 35.004232406616218 -0.48250326514244074 3.5549511909484868 0.83824864029884349 31.23999118804932
decision_type=2 2 2 2 2 2 2 2 2 2 2 2 2 2 2 2 2 2 2 2 2 2 2 2 2 2 2 2 2 2
left_child=1 2 -1 4 5 6 -2 8 10 -7 -6 -9 -10 14 -5 16 -15 18 -17 24 21 -19 23 -22 -20 -21 27 28 -24 -30
right_child=3 -3 -4 13 7 9 -8 11 12 -11 -12 -13 -14 15 -16 17 -18 20 19 25 22 -23 26 -25 -26 -27 -28 -29 29 -31
leaf_value=0.0073112153492302448 -0.082160162965340011 0.016624728819139879 -0.0069975139991219253 0.031611035032990877 0.012428628745207081 -0.0022559742799801732 0.0043229496709883356 0.036586950897508262 0.020229600471856835 -0.049078963676206705 -0.0083382447400891149 0.0057376207938063311 -0.0078851627921304925 -0.03034590139815457 0.0011140986860146748 0.0089217630053704342 -0.003832502139323657 -0.036415094725401762 -0.033833079341491885 -0.046210760328356387 0.022826283720892727 0.000870534155430886 0.0012238249272016923 0.001120265035226163 -0.16845345332014672 0.060041624362454984 0.00030919043726676553 -0.016254723228606709 -0.0067130756802503749 -0.057906091903339875
leaf_weight=6367 181 2672 3825 3216 1791 447 2059 706 2615 2137 16889 7502 1049 3886 32160 21807 5762 4108 94 265 6432 5540 40506 9648 205 141 386925 11439 4887 1056
leaf_count=6367 181 2672 3825 3216 1791 447 2059 706 2615 2137 16889 7502 1049 3886 32160 21807 5762 4108 94 265 6432 5540 40506 9648 205 141 386925 11439 4887 1056
internal_value=-1.73758e-12 0.00499116 0.00194123 -0.000111964 -0.00330513 -0.0231883 -0.00266519 -0.000165686 -0.00330899 -0.0409792 -0.00634716 0.00839108 0.0121804 9.7971e-05 0.00388655 -0.000168638 -0.0145115 0.000112021 0.0067992 -0.0588557 -0.000207912 -0.0150052 0.000101844 0.00980267 -0.126131 -0.0093103 -0.000248841 -0.00397874 -0.000955529 -0.0158095
internal_weight=586317 12864 10192 573453 35376 4824 2240 30552 22344 2584 18680 8208 3664 538077 35376 502701 9648 493053 22512 705 470541 9648 460893 16080 299 406 444813 57888 46449 5943
internal_count=586317 12864 10192 573453 35376 4824 2240 30552 22344 2584 18680 8208 3664 538077 35376 502701 9648 493053 22512 705 470541 9648 460893 16080 299 406 444813 57888 46449 5943
is_linear=0
shrinkage=0.05


Tree=131
num_leaves=31
num_cat=0
split_feature=11 7 10 11 10 12 0 1 11 9 11 1 5 13 11 3 11 8 10 7 1 10 10 10 1 6 5 9 12 5
split_gain=130.732 245.733 205.419 203.118 311.941 337.456 327.081 212.162 193.843 681.12 444.213 465.418 557.814 719.99 372.915 579.791 370.934 470.32 616.925 324.187 368.082 785.719 849.613 335.695 406.349 291.243 273.846 271.895 270.624 268.119
threshold=0.9937097728252412 25.500941276550297 0.012910176534205677 0.97690230607986461 -0.14153897762298581 18.250000000000004 1.705717980861664 30.7116813659668 0.90515965223312389 31.621855735778812 0.87377473711967479 33.17035102844239 30.124102592468265 81.250000000000014 0.91925191879272472 31.514465332031254 0.77756834030151378 11.195857524871828 -0.57023701071739186 29.055762290954593 30.026032447814945 0.38168568909168249 0.26781183481216436 0.38168568909168249 30.164243698120121 1.5044039487838747 32.383266448974616 31.560298919677738 19.250000000000004 31.265269279479984
decision_type=2 2 2 2 2 2 2 2 2 2 2 2 2 2 2 2 2 2 2 2 2 2 2 2 2 2 2 2 2 2
left_child=3 2 -2 8 7 -6 -7 -5 10 19 16 12 -12 25 15 -11 28 -18 -19 23 21 22 -21 -10 -25 26 27 29 -1 -14
right_child=1 -3 -4 4 5 6 -8 -9 9 14 11 -13 13 -15 -16 -17 17 18 -20 20 -22 -23 -24 24 -26 -27 -28 -29 -30 -31
leaf_value=-0.00021850420046608699 -0.10687363396341704 -0.0032126316429092819 -0.021608645962588047 0.011366612089357717 0.0066075866003970744 -0.0082671727644574918 -0.096348707584871185 0.043550587452803304 0.0029678973414494336 -0.11261338222153794 0.017838968631067261 0.063770914936428447 0.0079573858962548143 -0.057989098783358985 -0.01618247113973283 -0.018842906061456437 -0.0043256383576918385 -0.099431870951817367 -0.0020450697659894273 -0.016470611511328139 0.00076410701073284678 -0.057688745109134347 0.015861762278704974 0.017006160277863579 0.099821682023374658 -0.096306117364784352 -0.031888571202656944 0.027232528502587419 0.0029111783870759199 -0.02386274155025736
leaf_weight=375232 98 19950 253 5871 8384 4372 108 561 12128 278 6527 382 2710 547 3088 405 31506 303 351 7406 13993 848 2800 672 190 74 494 1254 84656 876
leaf_count=375232 98 19950 253 5871 8384 4372 108 561 12128 278 6527 382 2710 547 3088 405 31506 303 351 7406 13993 848 2800 672 190 74 494 1254 84656 876
internal_value=-7.79648e-13 -0.0039423 -0.0454148 0.000141396 0.00518312 0.000687832 -0.0103906 0.0141737 -3.65469e-05 -0.00330838 0.000234369 0.00940657 0.0077428 -0.00332314 -0.0235771 -0.0570101 -5.42689e-06 -0.0051968 -0.0471646 -0.00129893 -0.00462316 -0.0114428 -0.00760028 0.00511077 0.0352602 0.00220613 0.00357281 0.00719222 0.000357607 0.000184259
internal_weight=586317 20301 351 566016 19296 12864 4480 6432 546720 41808 504912 12864 12482 5955 3771 683 492048 32160 654 38037 25047 11054 10206 12990 862 5408 5334 4840 459888 3586
internal_count=586317 20301 351 566016 19296 12864 4480 6432 546720 41808 504912 12864 12482 5955 3771 683 492048 32160 654 38037 25047 11054 10206 12990 862 5408 5334 4840 459888 3586
is_linear=0
shrinkage=0.05


Tree=132
num_leaves=31
num_cat=0
split_feature=13 13 12 11 10 0 13 3 9 10 10 10 10 1 11 1 12 10 9 10 10 9 5 3 12 10 4 7 11 11
split_gain=128.862 231.591 335.626 252.078 607.973 390.84 305.973 248.194 325.823 319.788 271.137 714.782 369.902 284.983 243.74 260.005 506.333 319.022 349.291 265.864 474.63 302.791 288.633 256.313 291.42 234.927 234.408 292.372 279.376 382.366
threshold=80.250000000000014 78.750000000000014 13.750000000000002 -0.69014781713485707 -0.61188074946403492 17.064452171325687 76.250000000000014 28.902009963989261 28.447427749633793 -0.86958134174346913 0.36571913957595831 0.31718835234642034 0.49002411961555487 31.176130294799808 -0.14153505116701123 31.23999118804932 15.750000000000002 -0.95236876606941212 30.21013164520264 -0.030120026320219036 -0.15005400776863095 33.785501480102546 33.588127136230476 33.989387512207038 15.250000000000002 0.79877197742462169 22.561481475830082 32.126644134521491 -0.86955720186233509 -0.90146830677986134
decision_type=2 2 2 2 2 2 2 2 2 2 2 2 2 2 2 2 2 2 2 2 2 2 2 2 2 2 2 2 2 2
left_child=1 2 -1 4 5 -4 -6 9 10 -5 11 -9 -12 -14 15 16 -3 18 -17 20 22 -22 -18 -20 -25 -15 27 28 29 -8
right_child=-2 14 3 7 6 -7 26 8 -10 -11 12 -13 13 25 -16 17 19 -19 23 -21 21 -23 -24 24 -26 -27 -28 -29 -30 -31
leaf_value=-0.00339550841025856 -0.0012881607479094995 0.040378063485033373 -0.014561101470819167 -0.0046889062047478338 -0.0090957271120005213 -0.069945810227290864 0.0080183794272427125 -0.01092535064407256 0.0014302253289603356 0.012024022471845178 0.1003244653657204 -0.13629098117736907 0.04907928376855767 -0.050810131675575201 0.00019312032502728549 -0.065243959667180176 0.010885971773202947 0.0039348664521592185 0.0052998341159449973 0.048277035563839304 -0.077550233898295198 0.0086784394005928658 -0.034800823555126613 -0.012466670158668761 -0.078945200288805625 0.047464424860376268 -0.013927049861996502 -0.0009012134508441567 0.02297504888123993 -0.020930801141392674
leaf_weight=70008 145850 1361 5277 3861 8840 339 9569 5732 147449 11064 119 116 204 244 77861 293 6234 53611 1494 374 274 162 366 686 217 81 2453 28339 2544 1295
leaf_count=70008 145850 1361 5277 3861 8840 339 9569 5732 147449 11064 119 116 204 244 77861 293 6234 53611 1494 374 274 162 366 686 217 81 2453 28339 2544 1295
internal_value=1.70503e-12 0.000426543 -0.000368099 0.000563411 -0.00226044 -0.0179043 -0.00060403 0.00154426 0.000947411 0.0077005 -0.0100117 -0.0134121 0.0206755 0.00275826 0.0020807 0.00433925 0.0123468 0.00309178 -0.0137107 0.00719822 0.00501467 -0.0455111 0.00835243 -0.00741147 -0.0284421 -0.0263171 0.00109431 0.00197694 0.00806019 0.00456761
internal_weight=586317 440467 297534 227526 58656 5616 53040 168870 153945 14925 6496 5848 648 529 142933 65072 8771 56301 2690 7410 7036 436 6600 2397 903 325 44200 41747 13408 10864
internal_count=586317 440467 297534 227526 58656 5616 53040 168870 153945 14925 6496 5848 648 529 142933 65072 8771 56301 2690 7410 7036 436 6600 2397 903 325 44200 41747 13408 10864
is_linear=0
shrinkage=0.05


Tree=133
num_leaves=31
num_cat=0
split_feature=10 10 10 11 2 1 3 8 11 13 0 5 10 0 11 7 9 13 3 9 10 10 3 10 9 10 11 7 12 13
split_gain=124.291 439.81 341.31 599.106 324.81 316.123 646.915 255.02 373.193 258.913 304.259 287.205 295.009 236.236 233.557 225.534 325.161 232.373 224.962 337.678 213.46 199.208 683.078 426.981 754.423 724.394 561.198 456.67 309.758 271.145
threshold=0.90518480539321911 0.87379899621009838 0.93836870789527904 0.30080866813659674 0.10519644618034364 35.217159271240241 34.438421249389656 1.0000000180025095e-35 0.42887605726718908 78.750000000000014 0.12855588644742968 36.467489242553718 0.90149331092834484 1.0000000180025095e-35 0.20088311284780505 35.074180603027351 35.828414916992195 79.750000000000014 38.144292831420906 37.346353530883796 0.89391031861305248 0.84293374419212352 42.090364456176765 0.78829774260520946 35.004232406616218 0.7440970540046693 0.53435277938842785 30.534151077270511 14.750000000000002 80.750000000000014
decision_type=2 2 2 2 2 2 2 2 2 2 2 2 2 2 2 2 2 2 2 2 2 2 2 2 2 2 2 2 2 2
left_child=1 21 13 4 -4 -5 -7 -3 9 -9 11 12 -11 -2 -6 -8 17 -17 19 -15 -13 23 -23 25 26 -1 28 -28 -25 -30
right_child=2 7 3 5 14 6 15 8 -10 10 -12 20 -14 18 -16 16 -18 -19 -20 -21 -22 22 -24 24 -26 -27 27 -29 29 -31
leaf_value=-0.00025192102076920385 0.010713776963038723 -0.006899169284729197 0.00026585955135586718 -0.0021058635760485222 0.007717324913190585 -0.16052889078855515 -0.045792052442734078 -0.016522914312603842 0.024240788434842366 -0.09161822949676704 -0.012795643281854525 -0.11413815495380689 -0.22690749024522716 -3.2695190575955168e-05 0.032599763668936819 0.035293987306978046 -0.029949807951098764 -0.025433599986173817 0.026143311124199826 -0.047544199756313382 -0.01470440791500424 0.0096922426366993723 -0.041311069730721885 0.0056506290831335772 -0.018035944541454251 0.011781652801667845 0.035708211696430764 -0.0075177615983489134 0.071854392420895891 0.014543821248322306
leaf_weight=449637 13936 11402 54345 2089 5626 89 793 566 268 132 203 84 58 1187 1133 438 1169 246 411 546 151 10556 700 749 8950 12864 675 6446 530 338
leaf_count=449637 13936 11402 54345 2089 5626 89 793 566 268 132 203 84 58 1187 1133 438 1169 246 411 546 151 10556 700 749 8950 12864 675 6446 530 338
internal_value=1.48366e-12 -0.000293564 0.00180527 0.000212244 0.00155148 -0.0167514 -0.0279376 -0.00942005 -0.0290801 -0.0410483 -0.0631524 -0.0872052 -0.132917 0.0083367 0.0118883 -0.0234778 -0.0139283 0.0134534 -0.00711429 -0.0150017 -0.0502467 -5.46703e-05 0.00652039 -0.000208795 -0.00783284 8.27807e-05 0.00261782 -0.00342037 0.029209 0.0495376
internal_weight=586317 504309 82008 65928 61104 4824 2735 12864 1462 1194 628 425 190 16080 6759 2646 1853 684 2144 1733 235 491445 11256 480189 17688 462501 8738 7121 1617 868
internal_count=586317 504309 82008 65928 61104 4824 2735 12864 1462 1194 628 425 190 16080 6759 2646 1853 684 2144 1733 235 491445 11256 480189 17688 462501 8738 7121 1617 868
is_linear=0
shrinkage=0.05


Tree=134
num_leaves=31
num_cat=0
split_feature=1 10 10 13 1 10 10 9 11 3 10 11 12 10 12 10 11 11 10 12 11 11 1 11 1 11 10 12 0 9
split_gain=126.403 149.45 291.288 149.098 122.323 246.189 217.426 242.84 162.436 149.883 339.49 301.803 354.55 305.532 262.86 262.137 419.579 1184.88 1330.51 1211.38 813.814 745.946 647.463 428.346 416.236 345.156 339.983 583.353 319.901 521.898
threshold=43.429134368896491 0.51973900198936474 0.56314551830291759 77.250000000000014 25.505497932434086 -0.16705007851123807 0.44437406957149511 28.004171371459964 -0.98208922147750843 29.801715850830082 0.047320950776338584 0.75546532869339 17.250000000000004 -0.25950939953327173 19.250000000000004 -0.15005400776863095 -0.90146830677986134 -0.73829901218414296 -0.62540480494499195 15.250000000000002 -0.92910701036453236 -0.83352491259574879 31.023309707641605 -0.14153505116701123 27.298403739929203 -0.10737737268209456 -0.04732095077633857 15.750000000000002 8.5597853660583514 27.739242553710941
decision_type=2 2 2 2 2 2 2 2 2 2 2 2 2 2 2 2 2 2 2 2 2 2 2 2 2 2 2 2 2 2
left_child=4 -2 3 -3 5 8 7 -7 -1 10 15 14 13 -13 -11 16 20 18 19 -18 28 24 -23 -19 -20 -25 27 -17 -6 -30
right_child=1 2 -4 -5 9 6 -8 -9 -10 11 -12 12 -14 -15 -16 26 17 23 21 -21 -22 22 -24 25 -26 -27 -28 -29 29 -31
leaf_value=0.070801791854393795 0.056758529440178507 0.029180019443013235 0.015110245615493893 -0.062643012946925411 -0.0051981385355568165 -0.018902432426760402 0.0090979952526661009 -0.068436738145087814 -0.002238887024306357 -0.000453610517761488 0.006517586820360125 -0.0072079813790311273 -0.0071172453122679896 0.0026456341084820211 0.0028725420465295685 0.003476959281740453 -0.0059698291072143349 0.0089186205301943541 -0.056731557585664942 -0.095253540167892545 0.039472304248671597 0.022482189406354061 -0.075186058580875403 -0.034537876509683423 -0.013555421256177608 9.6476684193918158e-05 0.0024210738630149032 -0.025699528845099878 -0.028009391562060171 0.026967452384577935
leaf_weight=78 171 57 1826 197 4292 699 346 383 3156 318226 27178 10917 33505 28158 73031 2892 630 16872 719 957 2003 2050 185 732 2496 41633 5921 4203 533 2271
leaf_count=78 171 57 1826 197 4292 699 346 383 3156 318226 27178 10917 33505 28158 73031 2892 630 16872 719 957 2003 2050 185 732 2496 41633 5921 4203 533 2271
internal_value=1.18622e-12 0.0118257 0.00813168 -0.0420371 -4.55764e-05 -0.0081123 -0.0254035 -0.0364363 -0.000477238 1.93301e-05 0.00163042 -0.000382081 -0.0033433 -0.000107326 0.00016724 0.000127709 0.00125924 -0.000123035 -0.0195202 -0.0598101 0.0113273 -0.00778812 0.0143978 0.00218124 -0.0232113 -0.00050195 -0.00642475 -0.0138069 0.0033827 0.0165171
internal_weight=586317 2251 2080 254 584066 4662 1428 1082 3234 579404 115567 463837 72580 39075 391257 88389 75373 66274 7037 1587 9099 5450 2235 59237 3215 42365 13016 7095 7096 2804
internal_count=586317 2251 2080 254 584066 4662 1428 1082 3234 579404 115567 463837 72580 39075 391257 88389 75373 66274 7037 1587 9099 5450 2235 59237 3215 42365 13016 7095 7096 2804
is_linear=0
shrinkage=0.05


Tree=135
num_leaves=31
num_cat=0
split_feature=11 11 10 9 3 1 12 13 10 11 9 12 10 7 11 2 10 8 1 9 12 5 10 5 5 9 5 10 1 7
split_gain=123.517 443.576 687.055 825.626 839.678 607.773 534.724 384.012 360.974 354.9 354.011 386.551 351.04 332.497 320.054 386.281 385.705 645.875 526.151 944.851 523.893 755.707 564.35 492.197 398.438 360.359 319.028 343.749 318.85 716.914
threshold=-0.95234230160713185 -0.89388549327850331 0.36571913957595831 36.714214324951179 35.833286285400398 37.352123260498054 15.750000000000002 80.250000000000014 0.39753912389278417 -0.99626126885414112 28.512351989746097 14.250000000000002 -0.39753912389278406 34.934379577636726 -0.98798605799674977 16.518680572509769 -0.23448921740055081 0.26920935511589056 30.062276840209964 31.13177585601807 16.750000000000004 30.124102592468265 -0.28435654938220972 32.414970397949226 31.452386856079105 40.274217605590827 28.509267807006839 -0.3334656953811645 33.260351181030281 30.500618934631351
decision_type=2 2 2 2 2 2 2 2 2 2 2 2 2 2 2 2 2 2 2 2 2 2 2 2 2 2 2 2 2 2
left_child=9 2 10 4 6 -5 -4 -7 -6 28 11 -2 -13 -8 15 25 18 -18 -16 20 -20 -22 -23 -21 -24 -11 27 -14 -1 -30
right_child=1 -3 3 5 8 7 13 -9 -10 14 -12 12 26 -15 16 -17 17 -19 19 23 21 22 24 -25 -26 -27 -28 -29 29 -31
leaf_value=0.0096865714572803244 0.019817190077418521 -0.00010852429597454268 -0.024742084384247024 -0.012856224882500192 -0.090142625907133886 0.011162451209212122 -9.7708506183940053e-05 0.053698928854862188 -0.03084243264728094 -0.0085969161449866785 0.013770676341716519 0.010730257576332693 -0.08285410192964178 0.072474634351927358 0.0057170439289410159 -0.034660268184572948 -0.006936609412093904 0.010004344366341667 -0.0087483115965988501 0.031941039332415481 -0.032651428093500953 -0.033467288436427052 -0.21229966888335389 -0.018241123696835618 -0.10757371797041584 0.12208599605650272 -0.012783057724497927 0.019882285753541656 0.069447277653600689 -0.008689087916686369
leaf_weight=9895 1078 499485 1480 2182 561 1964 386 727 473 11269 17765 730 420 267 2452 1542 11459 11053 479 696 613 158 142 1640 252 53 810 101 309 5876
leaf_count=9895 1078 499485 1480 2182 561 1964 386 727 473 11269 17765 730 420 267 2452 1542 11459 11053 479 696 613 158 142 1640 252 53 810 101 309 5876
internal_value=-4.22904e-12 0.000240197 0.00625806 -0.00616342 -0.0260384 0.00675352 -0.00811311 0.0226541 -0.0630159 -0.00219263 0.0110356 -0.00444373 -0.0171333 0.0295758 -0.00462059 -0.0111827 -0.0017041 0.0013811 -0.0125023 -0.0237269 -0.0527669 -0.0708655 -0.113302 -0.00328959 -0.145318 -0.00798517 -0.0324154 -0.0629378 0.00412007 -0.00478543
internal_weight=586317 528429 28944 8040 3167 4873 2133 2691 1034 57888 20904 3139 2061 653 41808 12864 28944 22512 6432 3980 1644 1165 552 2336 394 11322 1331 521 16080 6185
internal_count=586317 528429 28944 8040 3167 4873 2133 2691 1034 57888 20904 3139 2061 653 41808 12864 28944 22512 6432 3980 1644 1165 552 2336 394 11322 1331 521 16080 6185
is_linear=0
shrinkage=0.05


Tree=136
num_leaves=31
num_cat=0
split_feature=13 11 10 11 5 6 5 10 9 13 11 7 9 5 9 5 12 13 11 1 1 11 11 1 3 10 5 10 7 0
split_gain=123.639 204.203 324.439 193.15 221.361 181.398 174.973 225.401 164.969 164.395 164.585 434.722 264.044 219.085 214.949 158.536 148.654 395.171 311.825 219.943 215.084 182.586 744.497 682.687 395.733 637.28 521.839 1512.78 495.819 473.245
threshold=81.750000000000014 -0.49749487638473505 -0.81403854489326466 -0.43663504719734186 30.76978969573975 0.22034475952386859 31.794390678405765 -0.86095303297042836 29.705581665039066 83.750000000000014 -0.97106409072875965 29.960451126098636 39.062702178955085 28.687146186828617 27.418050765991214 35.152318954467781 13.750000000000002 79.250000000000014 -0.15855351090431211 34.201402664184577 29.882283210754398 -0.98798605799674977 -0.99626126885414112 27.01949501037598 33.261857986450202 -0.030120026320219036 33.394929885864265 -0.04732095077633857 32.158536911010749 6.8707537651062021
decision_type=2 2 2 2 2 2 2 2 2 2 2 2 2 2 2 2 2 2 2 2 2 2 2 2 2 2 2 2 2 2
left_child=16 2 6 4 -3 -5 -2 -8 -6 10 11 -4 -13 -12 -15 -11 17 -1 19 -19 -20 22 24 -24 25 26 29 -28 -26 -18
right_child=1 3 9 5 8 -7 7 -9 -10 15 13 12 -14 14 -16 -17 21 18 20 -21 -22 -23 23 -25 28 -27 27 -29 -30 -31
leaf_value=-0.0029040413042534727 0.040644239694047984 -0.07850624313894787 0.02368527826187258 -0.0045625533529633664 0.050588180532719455 0.00259287493363786 -0.059694159521746476 0.020093544572405305 -0.018320626529343759 0.01471797032000853 -0.020040859827915689 -0.01395227598757256 -0.088041099075100299 0.043403581498983566 0.0017038097667754913 -0.0026541612942329027 -0.0052913500108516809 0.02869326770072186 0.013945240137117516 0.0083736377430599484 -0.0044824085455939539 0.00095831468982981484 -0.09361552420611445 -0.012289035982313526 0.031047212204270886 0.023785596504387708 0.082747270095916037 -0.14463329476749767 -0.012703665673770868 -0.065709495698570361
leaf_weight=81676 796 147 820 41279 92 11277 111 437 1553 3446 1152 3984 124 316 14020 2122 969 1698 1998 6174 7632 385447 266 8630 767 4289 357 92 4159 487
leaf_count=81676 796 147 820 41279 92 11277 111 437 1553 3446 1152 3984 124 316 14020 2122 969 1698 1998 6174 7632 385447 266 8630 767 4289 357 92 4159 487
internal_value=-2.5193e-12 -0.00180478 0.00172089 -0.00357761 -0.01972 -0.00302721 0.0256753 0.00393217 -0.0144668 0.000481867 -0.00159508 -0.00955378 -0.0161886 0.000937234 0.00262297 0.00809734 0.000292104 -0.00144304 0.00537498 0.0127566 -0.000659102 0.000716527 -0.00393957 -0.0147208 0.00468541 0.013097 -0.0109676 0.036157 -0.00589146 -0.0254999
internal_weight=586317 81676 27328 54348 1792 52556 1344 548 1645 25984 20416 4928 4108 15488 14336 5568 504641 99178 17502 7872 9630 405463 20016 8896 11120 6194 1905 449 4926 1456
internal_count=586317 81676 27328 54348 1792 52556 1344 548 1645 25984 20416 4928 4108 15488 14336 5568 504641 99178 17502 7872 9630 405463 20016 8896 11120 6194 1905 449 4926 1456
is_linear=0
shrinkage=0.05


Tree=137
num_leaves=31
num_cat=0
split_feature=10 9 11 12 11 10 11 1 7 12 12 9 3 11 5 10 3 1 2 11 10 11 9 10 5 5 8 10 11 11
split_gain=119.059 163.49 177.044 142.258 140.748 136.439 799.541 620.084 447.95 291.5 281.931 378.165 259.744 227.782 224.236 210.151 262.176 186.247 169.102 384.565 1133.88 309.164 369.567 274.164 229.956 223.526 435.798 221.094 215.967 190.135
threshold=-0.9976210594177245 32.891977310180671 0.01290981797501445 14.750000000000002 0.030119189061224464 -0.96683886647224415 -0.20930689573287961 31.271186828613285 27.168518066406254 14.250000000000002 18.750000000000004 33.399255752563484 28.567762374877933 0.18399153649806979 29.840383529663089 -0.96230018138885487 30.021443367004398 34.807247161865241 14.782536506652834 -0.67758968472480763 -0.42888796329498285 -0.95234230160713185 27.53487586975098 -0.86095303297042836 32.558246612548835 28.509267807006839 6.6873235702514657 -0.15005400776863095 -0.99937036633491505 -0.92910701036453236
decision_type=2 2 2 2 2 2 2 2 2 2 2 2 2 2 2 2 2 2 2 2 2 2 2 2 2 2 2 2 2 2
left_child=1 2 -1 4 -3 6 7 8 -2 -9 11 12 -8 -13 -12 16 -7 -16 -17 20 -20 25 29 -21 -24 26 27 -22 -27 -23
right_child=5 3 -4 -5 -6 15 10 9 -10 -11 14 13 -14 -15 17 18 -18 -19 19 23 21 22 24 -25 -26 28 -28 -29 -30 -31
leaf_value=0.0069787400799305932 -0.078191470489734322 -0.015229032502097726 -0.0066312129616256489 0.02267945736455183 0.038956644356112284 0.035841734965402952 0.012123846427286861 -0.0020030176552727204 0.0038514652400371422 -0.046402663659365406 0.034736564399284728 0.019089673391285693 -0.0079083782589109489 -0.0081287863368299986 0.0035961329632114426 0.00022717410839600053 0.0039759699471419874 0.042523765640849732 -0.029633908584469355 -0.0064560870678431097 0.06753834054868979 -0.073152149423689763 0.025222224416889535 0.0092199666690792915 0.0027511053154752581 0.014485642714902462 -0.01190686027158845 -0.0039485880290158091 -0.014327304333060085 0.0030590213046941374
leaf_weight=6367 181 553 3825 1966 153 894 1791 447 2059 2137 706 2710 16770 1073 7181 505889 2322 321 4627 4510 375 197 2051 7310 2559 737 782 152 5532 140
leaf_count=6367 181 553 3825 1966 153 894 1791 447 2059 2137 706 2710 16770 1073 7181 505889 2322 321 4627 4510 375 197 2051 7310 2559 737 782 152 5532 140
internal_value=5.40802e-12 0.00475713 0.001871 0.0157659 -0.00348624 -0.000106715 -0.00311458 -0.0220316 -0.0027779 -0.0387221 -0.00012768 -0.0030388 -0.00597542 0.0113695 0.00779702 9.1038e-05 0.0128342 0.00526179 1.44163e-05 -0.00370061 -0.00848269 -0.000668986 0.0090536 0.00323866 0.0127486 -0.00701599 0.0117766 0.0469197 -0.01094 -0.0414917
internal_weight=586317 12864 10192 2672 706 573453 35376 4824 2240 2584 30552 22344 18561 3783 8208 538077 3216 7502 534861 28972 17152 12525 4947 11820 4610 7578 1309 527 6269 337
internal_count=586317 12864 10192 2672 706 573453 35376 4824 2240 2584 30552 22344 18561 3783 8208 538077 3216 7502 534861 28972 17152 12525 4947 11820 4610 7578 1309 527 6269 337
is_linear=0
shrinkage=0.05


Tree=138
num_leaves=31
num_cat=0
split_feature=3 10 10 12 9 13 10 10 10 11 5 12 7 10 3 9 9 10 1 9 0 11 11 10 2 11 3 10 12 5
split_gain=117.081 169.392 158.435 134.07 133.034 155.045 216.801 122.551 374.281 310.248 353.996 233.223 242.43 192.585 367.787 594.741 460.27 357.012 405.057 931.086 320.856 297.133 291.957 286.95 263.631 261.439 436.584 333.47 416.853 359.446
threshold=43.408536911010749 0.50495636463165294 0.56314551830291759 18.750000000000004 43.448387145996101 77.250000000000014 0.54883790016174328 0.97109106183052074 0.9946616291999818 0.064506059512496008 36.303995132446296 17.750000000000004 41.538871765136726 0.94417876005172741 38.948221206665046 40.596107482910163 38.587604522705085 0.91236633062362682 38.367088317871101 39.188413619995124 0.17278058081865313 0.33345642685890203 0.23448270559310916 0.87379899621009838 0.12833144515752795 -0.42108526825904841 36.473411560058601 0.90149331092834484 14.750000000000002 35.450860977172859
decision_type=2 2 2 2 2 2 2 2 2 2 2 2 2 2 2 2 2 2 2 2 2 2 2 2 2 2 2 2 2 2
left_child=4 -2 3 -3 7 6 -6 13 11 -10 -11 -9 -13 17 16 -16 20 23 19 -19 24 -20 -18 -1 -15 26 27 -25 -29 -30
right_child=1 2 -4 -5 5 -7 -8 8 9 10 -12 12 -14 14 15 -17 22 18 21 -21 -22 -23 -24 25 -26 -27 -28 28 29 -31
leaf_value=-0.00013469341710410445 0.058249540917975254 0.03104518841475595 0.0134331113519896 -0.040737251413128013 -0.076874504755768513 0.024498455019213224 0.017153506838248012 0.0023017763055285436 -0.005672739522989417 -0.0093968125512597141 0.024610036274795563 0.013220756468269894 -0.031639947768360856 -0.0093742063481664795 -0.032322725633833191 0.009979256960660295 0.014751869628559925 0.0059521355882734142 0.023685272342966246 -0.055477626269945672 0.017397622695737653 -0.041494906777414228 0.075854536134240397 -0.025198232858592923 0.01893622420037528 -0.0018298359011475491 -0.0075156778356740353 -0.026710277229794483 -0.24499841192020821 -0.089283807226276213
leaf_weight=488533 177 86 1772 267 99 1045 161 14848 16080 1255 1961 10558 310 10257 2652 1210 730 11139 3925 653 1518 183 267 1126 894 9583 4666 181 52 129
leaf_count=488533 177 86 1772 267 99 1045 161 14848 16080 1255 1961 10558 310 10257 2652 1210 730 11139 3925 653 1518 183 267 1126 894 9583 4666 181 52 129
internal_value=-9.31863e-13 0.011254 0.00733954 -0.0232492 -4.43596e-05 0.0159019 -0.0186495 -8.00719e-05 0.00242608 -0.00283739 0.0113393 0.00637553 0.0119411 -0.000289868 -0.00544475 -0.0190691 -0.00159451 -0.000116166 0.0072607 0.00255037 -0.00416865 0.0207817 0.0311154 -0.000348763 -0.0071045 -0.00699427 -0.0150363 -0.0386192 -0.0803649 -0.134019
internal_weight=586317 2302 2125 353 584015 1305 260 582710 45012 19296 3216 25716 10868 537698 17528 3862 13666 520170 15900 11792 12669 4108 997 504270 11151 15737 6154 1488 362 181
internal_count=586317 2302 2125 353 584015 1305 260 582710 45012 19296 3216 25716 10868 537698 17528 3862 13666 520170 15900 11792 12669 4108 997 504270 11151 15737 6154 1488 362 181
is_linear=0
shrinkage=0.05


Tree=139
num_leaves=31
num_cat=0
split_feature=11 9 10 7 5 10 9 13 0 11 1 13 10 1 10 7 13 11 12 12 13 5 10 8 10 5 10 10 7 11
split_gain=114.8 247.719 240.789 155.019 125.935 163.258 283.788 122.547 196.907 316.103 243.382 190.194 186.657 235.248 179.132 161.989 157.168 364.611 319.594 180.566 228.215 180.419 173.283 491.354 381.287 328.625 288.875 385.61 558.39 510.996
threshold=0.9969642460346223 32.258962631225593 1.0000000180025095e-35 32.934041976928718 25.516271591186527 0.012910176534205677 26.231262207031254 81.750000000000014 0.21176667511463168 0.78827583789825451 29.882283210754398 83.750000000000014 0.42888796329498297 33.260351181030281 -0.30901412665843958 33.137817382812507 76.750000000000014 -0.038720846176147454 17.250000000000004 12.750000000000002 76.250000000000014 29.610651016235355 1.0000000180025095e-35 0.67873361706733715 -0.11593352630734442 36.060768127441413 -0.20931270718574521 -0.32533907890319819 27.752035140991214 -0.89388549327850331
decision_type=2 2 2 2 2 2 2 2 2 2 2 2 2 2 2 2 2 2 2 2 2 2 2 2 2 2 2 2 2 2
left_child=7 4 -3 -4 5 6 -2 16 -9 10 -10 12 13 -12 -11 -13 17 18 -1 20 -19 -21 24 -24 26 -26 27 29 -29 -18
right_child=1 2 3 -5 -6 -7 -8 8 9 14 11 15 -14 -15 -16 -17 22 19 -20 21 -22 -23 23 -25 25 -27 -28 28 -30 -31
leaf_value=-0.0074707756179217657 -0.15636759614966558 0.029366369846051218 -0.065480410311980417 -0.01473859692877344 -0.0021408448786392801 0.0053707642018493706 -0.01884305098736026 -0.0035547023132026911 0.011960663794370318 -0.0057559148487734031 -0.0024736515275020628 0.017144626392903033 0.0066275092611614225 -0.021165619399906899 -0.054402027773643974 -0.00069562454755947871 0.012164139845540147 0.0033116864652306707 0.0010298659777194777 0.009379459245184173 -0.016704779469591303 0.0011806705029334362 0.00096823242678126481 0.0086165852163299292 -0.012098555806039663 0.024667413146199232 0.0077347398131954355 0.019144535285825465 -0.011061758808309388 -0.00016671321049263336
leaf_weight=31328 59 131 376 251 12813 136 103 51397 5464 376 10715 2671 4313 1997 381 2430 8896 2848 17088 8337 2848 34383 174056 23880 9358 650 12232 1720 13848 151232
leaf_count=31328 59 131 376 251 12813 136 103 51397 5464 376 10715 2671 4313 1997 381 2430 8896 2848 17088 8337 2848 34383 174056 23880 9358 650 12232 1720 13848 151232
internal_value=6.26763e-13 -0.0044949 -0.0322863 -0.0451675 -0.00288817 -0.0350205 -0.0689292 0.0001089 -0.00170953 0.00163602 0.0025106 0.000176917 -0.00236056 -0.00541008 -0.0302396 0.00864594 0.000403213 -0.00140241 -0.00447055 0.00166573 -0.00669655 0.0027807 0.000844876 0.00189097 -0.000201216 -0.00971068 0.000305205 -0.000212041 -0.00772448 0.000518334
internal_weight=586317 13869 758 627 13111 298 162 572448 79744 28347 27590 22126 17025 12712 757 5101 492704 96832 48416 48416 5696 42720 395872 197936 197936 10008 187928 175696 15568 160128
internal_count=586317 13869 758 627 13111 298 162 572448 79744 28347 27590 22126 17025 12712 757 5101 492704 96832 48416 48416 5696 42720 395872 197936 197936 10008 187928 175696 15568 160128
is_linear=0
shrinkage=0.05


Tree=140
num_leaves=31
num_cat=0
split_feature=11 1 5 11 11 12 5 1 9 10 3 1 7 10 5 2 9 4 5 11 1 7 7 12 1 6 5 10 7 12
split_gain=108.888 521.28 857.992 266.538 514.242 355.576 808.535 728.237 477.995 313.804 978.335 534.609 421.298 319.458 305.599 293.399 323.578 239.523 237.085 233.803 362.806 281.41 228.919 485.273 255.91 202.479 201.766 308.484 193.907 188.497
threshold=-0.99981480836868275 32.590316772460945 33.934963226318366 -0.99626126885414112 -0.98798605799674977 16.250000000000004 34.806369781494148 27.01949501037598 36.223758697509773 0.081675637513399138 32.550685882568366 31.830096244812015 34.867086410522468 0.098819226026535048 32.886943817138679 3.0176318883895878 33.135114669799812 0.12899281084537509 32.249189376831062 -0.99271196126937855 33.005638122558601 34.316581726074226 29.960451126098636 15.750000000000002 32.92625808715821 6.7719087600708017 30.090312957763675 -0.11593352630734442 37.246870040893562 15.250000000000002
decision_type=2 2 2 2 2 2 2 2 2 2 2 2 2 2 2 2 2 2 2 2 2 2 2 2 2 2 2 2 2 2
left_child=1 2 29 22 5 8 7 -7 25 11 18 15 -13 14 -12 26 -17 -3 -11 20 -8 -22 23 -2 -25 -5 -9 -28 -24 -1
right_child=3 17 -4 4 -6 6 19 9 -10 10 13 12 -14 -15 -16 16 -18 -19 -20 -21 21 -23 28 24 -26 -27 27 -29 -30 -31
leaf_value=-0.02569614625062416 0.00170398170107412 -0.0093256285421744484 0.12986827228508943 -0.0013087767661702644 0.00011815144005068262 -0.10843607650034957 -0.0020397259016025153 -0.056737962198267849 0.039773333671284952 0.068095979937810844 0.085503635840959921 0.010597835172879677 -0.075211050166825583 -0.030343215974923711 -0.0054394907788109948 -0.071422596795138252 -0.0079257820886157789 -0.046556806823910155 0.020176746070680054 -0.037513411028588552 -0.032257469643032957 -0.13647250878945494 0.0033847671793004845 0.036331297880312106 0.10130199480081142 -0.032184724322311856 0.043877801692066162 -0.03163037287160652 0.049395006124696869 0.013725859592514981
leaf_weight=461 1117 868 141 3771 557373 180 107 188 667 528 123 1609 157 1240 371 721 278 860 505 930 89 238 10704 607 202 618 252 292 234 886
leaf_count=461 1117 868 141 3771 557373 180 107 188 667 528 123 1609 157 1240 371 721 278 860 505 930 89 238 10704 607 202 618 252 292 234 886
internal_value=-2.60158e-12 -0.00917503 0.0125179 5.06034e-05 -0.000109957 -0.00999347 -0.0166828 -0.00928028 0.000336878 -0.00643098 0.00615007 -0.0163857 0.0029693 -0.0167974 0.0172042 -0.0361321 -0.0537528 -0.027855 0.0446698 -0.0516548 -0.0819577 -0.108108 0.00716794 0.0230631 0.0525539 -0.00565631 -0.0120842 0.00334768 0.00436908 0.000233993
internal_weight=586317 3216 1488 583101 570237 12864 7808 6444 5056 6264 2767 3497 1766 1734 494 1731 999 1728 1033 1364 434 327 12864 1926 809 4389 732 544 10938 1347
internal_count=586317 3216 1488 583101 570237 12864 7808 6444 5056 6264 2767 3497 1766 1734 494 1731 999 1728 1033 1364 434 327 12864 1926 809 4389 732 544 10938 1347
is_linear=0
shrinkage=0.05


Tree=141
num_leaves=31
num_cat=0
split_feature=10 11 5 9 10 1 12 5 7 9 9 5 10 10 11 11 1 3 7 10 11 4 9 1 9 13 1 10 10 3
split_gain=108.542 189.462 214.025 375.694 203.969 201.694 169.668 158.951 150.519 133.515 113.216 112.403 106.32 357.478 301.241 485.377 262.549 424.155 241.328 231.895 296.838 228.265 224.117 416.782 221.944 214.136 189.782 180.048 179.839 629.01
threshold=-0.99939814209938038 -1.0000000180025095e-35 30.738202095031742 30.692554473876957 -0.99984258413314808 32.184171676635749 13.750000000000002 29.188932418823246 33.012615203857429 27.642139434814457 30.035624504089359 29.875873565673832 0.90518480539321911 0.87379899621009838 0.3657089769840241 0.30080866813659674 35.297071456909187 34.438421249389656 34.259464263916023 0.9946616291999818 -0.038720846176147454 0.10610202327370645 36.059276580810554 36.47856521606446 39.57866287231446 80.250000000000014 38.043006896972663 0.91236633062362682 0.84293374419212352 42.090364456176765
decision_type=2 2 2 2 2 2 2 2 2 2 2 2 2 2 2 2 2 2 2 2 2 2 2 2 2 2 2 2 2 2
left_child=1 7 3 -3 -5 6 -4 -1 10 -9 -7 -6 13 28 15 19 18 -18 -17 21 -21 -14 23 -16 -23 -15 -26 -24 -2 -30
right_child=12 2 5 4 11 8 -8 9 -10 -11 -12 -13 14 25 22 16 17 -19 -20 20 -22 24 27 -25 26 -27 -28 -29 29 -31
leaf_value=0.039093347979195718 -0.00027663029383264039 -0.0018089640559246418 -0.042734224179593647 -0.029573123406239406 -0.17431125568932501 0.019398859396938292 0.024924784746670967 -0.061436785198748116 0.013168039265337073 0.01166927625188773 -0.031029861086828543 -0.077091927459982584 0.0023971059975005284 -0.0048609310025851948 0.011979287436398658 -0.012893042455742458 -0.12117412066963014 -0.019037694936998389 0.015683276739321749 -0.011489681819245078 0.0016656701896640676 0.015539049204431455 -0.043086359830530871 0.061092651684033245 -0.05892180695958521 -0.019783688793636716 0.0004315095274293508 0.0030577369156564614 0.0091617709590268021 -0.039781414703399479
leaf_weight=566 473757 502 101 108 58 134 1122 64 473 2586 657 61 43098 9664 4768 1954 105 3185 1188 6432 12864 5980 275 475 174 3200 596 914 10556 700
leaf_count=566 473757 502 101 108 58 134 1122 64 473 2586 657 61 43098 9664 4768 1954 105 3185 1188 6432 12864 5980 275 475 174 3200 596 914 10556 700
internal_value=3.02963e-12 0.00645954 -0.00212186 -0.025946 -0.079324 0.00486159 0.0193372 0.0150409 -0.00914453 0.0099037 -0.0224869 -0.124476 -7.16482e-05 -0.00034642 0.00159651 0.000712458 -0.0124253 -0.0222974 -0.00208825 0.00193458 -0.00271945 0.00373613 0.0119842 0.0164288 0.0122857 -0.00857306 -0.0129808 -0.00761478 -0.000128225 0.00611804
internal_weight=586317 6432 3216 729 227 2487 1223 3216 1264 2650 791 119 579885 497877 82008 75576 6432 3290 3142 69144 19296 49848 6432 5243 6750 12864 770 1189 485013 11256
internal_count=586317 6432 3216 729 227 2487 1223 3216 1264 2650 791 119 579885 497877 82008 75576 6432 3290 3142 69144 19296 49848 6432 5243 6750 12864 770 1189 485013 11256
is_linear=0
shrinkage=0.05


Tree=142
num_leaves=31
num_cat=0
split_feature=3 10 10 9 13 10 12 10 10 3 10 10 12 5 10 9 11 10 11 11 12 10 5 12 11 11 11 7 9 3
split_gain=106.991 151.904 144.315 121.448 139.275 197.12 120.906 112.546 140.532 110.405 321.801 696.48 422.626 383.303 422.38 347.036 421.439 327.829 293.358 255.695 319.552 288.781 286.071 298.099 263.485 517.631 512.463 338.256 309.282 476.443
threshold=43.408536911010749 0.50495636463165294 0.56314551830291759 43.448387145996101 77.250000000000014 0.54883790016174328 18.750000000000004 0.75548630952835094 0.89391031861305248 29.801715850830082 0.63209757208824169 0.56314551830291759 16.750000000000004 29.141403198242191 0.59125596284866344 26.480161666870121 0.99962961673736583 0.26781183481216436 -0.73829901218414296 0.75546532869339 17.750000000000004 -0.25950939953327173 30.835034370422367 15.250000000000002 0.64532420039176952 0.59123954176902782 0.69635042548179638 28.856875419616703 32.457199096679695 32.807590484619148
decision_type=2 2 2 2 2 2 2 2 2 2 2 2 2 2 2 2 2 2 2 2 2 2 2 2 2 2 2 2 2 2
left_child=3 -2 6 9 5 -5 -3 -4 -9 10 11 15 -13 14 -14 16 -1 -17 -12 24 21 22 23 -21 25 -11 28 -27 29 -26
right_child=1 2 7 4 -6 -7 -8 8 -10 19 18 12 13 -15 -16 17 -18 -19 -20 20 -22 -23 -24 -25 26 27 -28 -29 -30 -31
leaf_value=-0.0063441126345512126 0.055261763709328941 0.029417392730896993 0.023989497029696393 -0.073072704587206994 0.023341334284412447 0.016585755240611778 -0.038749850956785882 -0.022468441813514206 0.02008937204141906 8.4570725222963753e-05 0.088362427864302984 0.0047578078867662535 -0.18431449581723694 -0.027523363161180453 -0.061973303351085633 0.001151178851687254 -0.078304822952486586 0.010652737580108099 0.014338110744293262 -0.011739394686356538 -0.0073725554732729653 0.0019994365202109453 -0.013934691049400934 0.010594368534384585 0.012439223171672804 0.050937031825081608 -0.0014180515520034046 -0.011950191323532705 0.025315699685901145 -0.025131326545327945
leaf_weight=9326 177 86 996 99 1045 161 267 392 384 354651 141 327 109 328 200 96859 208 10017 2636 2621 27721 32002 6780 3475 6151 218 13225 11168 3569 978
leaf_count=9326 177 86 996 99 1045 161 267 392 384 354651 141 327 109 328 200 96859 208 10017 2636 2621 27721 32002 6780 3475 6151 218 13225 11168 3569 978
internal_value=1.28075e-12 0.0107581 0.00705125 -4.24052e-05 0.0151937 -0.0175534 -0.0221425 0.0128669 -0.00140891 -7.6527e-05 0.00127386 0.000875842 -0.041449 -0.0651689 -0.105129 0.00122634 -0.00791405 0.00204172 0.0180966 -0.000427294 -0.00315183 -0.000544694 -0.00686787 0.000991876 7.99335e-05 -0.000252331 0.00516378 -0.0107461 0.0133003 0.00728506
internal_weight=586317 2302 2125 584015 1305 260 353 1772 776 582710 120151 117374 964 637 309 116410 9534 106876 2777 462559 72599 44878 12876 6096 389960 366037 23923 11386 10698 7129
internal_count=586317 2302 2125 584015 1305 260 353 1772 776 582710 120151 117374 964 637 309 116410 9534 106876 2777 462559 72599 44878 12876 6096 389960 366037 23923 11386 10698 7129
is_linear=0
shrinkage=0.05


Tree=143
num_leaves=31
num_cat=0
split_feature=13 12 13 12 9 0 10 10 12 11 11 9 7 3 11 5 10 11 11 5 7 9 5 13 1 5 10 10 10 7
split_gain=105.371 208.364 203.868 313.702 217.395 229.078 260.768 203.544 200.5 192.464 187.083 674.68 538.999 350.838 267.978 365.777 278.972 259.729 282.978 614.488 308.018 438.645 275.476 251.042 222.359 212.874 207.423 327.868 370.974 399.53
threshold=80.250000000000014 17.250000000000004 78.250000000000014 15.250000000000002 29.891755104064945 0.26792560517787939 0.86958134174346935 0.78829774260520946 12.250000000000002 -0.82389250397682179 -0.97502842545509327 40.432950973510749 29.814617156982425 30.425042152404789 -0.51235243678092945 27.944066047668461 -0.81403854489326466 -0.45205545425415034 -0.48248986899852747 31.512630462646488 30.306732177734379 33.589101791381843 33.883625030517585 83.250000000000014 27.298403739929203 32.558246612548835 -0.62540480494499195 -0.71466678380966175 -0.7721494436264037 29.374021530151371
decision_type=2 2 2 2 2 2 2 2 2 2 2 2 2 2 2 2 2 2 2 2 2 2 2 2 2 2 2 2 2 2
left_child=2 7 3 4 -1 -6 -7 -2 9 -4 11 12 13 -3 15 -12 -17 18 20 -20 -16 25 -21 -14 -18 -22 27 28 29 -26
right_child=1 10 8 -5 5 6 -8 -9 -10 -11 14 -13 23 -15 17 16 24 -19 19 22 21 -23 -24 -25 26 -27 -28 -29 -30 -31
leaf_value=5.3107915369250421e-05 0.0075608914343452934 -0.00024154594939121304 0.024213294408830174 0.00092582582457128258 -0.0029057337892967371 -0.013020745808676924 0.0060799244353574328 -0.0069112938199542484 0.0012543459478832008 0.0053863977151635692 -0.02030549784915239 -0.1346370922685379 -0.01701476052105317 0.051929874492227517 0.047100307462522722 0.023382257828117294 0.031546655706257691 -0.0022256587840360671 -0.099499267495479243 0.018093890726610901 -0.017556658494868316 0.012004357907543136 -0.033975073623571765 0.0039203575300152159 -0.06741148999516379 -0.085098259459508163 0.0038078758154390943 -0.022263958524341845 0.021841595142146959 -0.00077909492863139859
leaf_weight=42340 11505 738 1680 145850 45607 12050 2098 3080 183771 7071 1670 105 6071 572 263 1704 649 85185 281 376 240 710 783 1874 285 227 24937 2118 1409 1068
leaf_count=42340 11505 738 1680 145850 45607 12050 2098 3080 183771 7071 1670 105 6071 572 263 1704 649 85185 281 376 240 710 783 1874 285 227 24937 2118 1409 1068
internal_value=-2.72515e-12 -0.00116484 0.000385709 -0.000562164 -0.00268786 -0.00463001 -0.0101883 0.00450472 0.00160646 0.00900075 -0.00179479 -0.00860696 -0.00717712 0.0225386 -0.00127175 0.00251003 0.00369442 -0.00272494 -0.0174927 -0.0331656 -0.00181974 -0.0127509 -0.017083 -0.0120768 0.00259326 -0.0503874 0.00196305 -0.00746406 0.00388503 -0.0148147
internal_weight=586317 145850 440467 247945 102095 59755 14148 14585 192522 8751 131265 9360 9255 1310 121905 33840 32170 88065 2880 1440 1440 1177 1159 7945 30466 467 29817 4880 2762 1353
internal_count=586317 145850 440467 247945 102095 59755 14148 14585 192522 8751 131265 9360 9255 1310 121905 33840 32170 88065 2880 1440 1440 1177 1159 7945 30466 467 29817 4880 2762 1353
is_linear=0
shrinkage=0.05


Tree=144
num_leaves=31
num_cat=0
split_feature=11 9 10 5 11 10 12 0 9 13 1 10 11 10 3 12 5 3 5 5 1 3 10 3 11 10 10 11 9 0
split_gain=100.85 223.574 216.776 142.006 107.915 347.069 403.717 314.27 277.68 429.232 258.963 243.874 239.543 325.928 340.678 860.769 213.23 212.616 379.954 204.269 179.336 181.149 262.755 164.668 313.096 1116.12 718.757 489.196 432.044 414.59
threshold=0.9969642460346223 32.258962631225593 1.0000000180025095e-35 32.735582351684577 0.97308227419853222 -0.14153897762298581 18.750000000000004 0.14512829482555392 29.50916957855225 80.250000000000014 30.7116813659668 0.13301347196102145 0.9549313783645631 -0.25950939953327173 29.185934066772464 16.750000000000004 30.159094810485843 28.101640701293949 28.953827857971195 32.183784484863288 29.291071891784672 27.860212326049808 0.13301347196102145 29.801715850830082 -0.67758968472480763 -0.444374069571495 -0.3657191395759582 -0.51235243678092945 33.443656921386726 0.71892046928405773
decision_type=2 2 2 2 2 2 2 2 2 2 2 2 2 2 2 2 2 2 2 2 2 2 2 2 2 2 2 2 2 2
left_child=4 -2 -3 -4 12 10 -7 8 9 11 -6 -8 23 14 15 -14 17 18 -17 -15 21 22 -11 24 25 29 28 -26 -27 -1
right_child=1 2 3 -5 5 6 7 -9 -10 20 -12 -13 13 19 -16 16 -18 -19 -20 -21 -22 -23 -24 -25 27 26 -28 -29 -30 -31
leaf_value=-0.0017593865214187978 -0.0026865299731861103 0.027882493184417319 -0.061135950226922933 -0.011894427345318185 0.0091778171551048192 0.0038928109020760085 -0.056920828767737443 -0.079346035864806472 0.0079501037894746506 -0.018193504626549294 0.041427357013727656 -0.015798510838009573 -0.00072905049638054764 -0.00070592247368800602 -0.0065547065204689201 -0.071905898886277339 -0.17931288106739521 -0.048388449556102602 -0.2152233720546769 -0.037555736879793196 0.025324557570736241 -0.02730160986424154 0.030961194994561084 -0.00028366159221652093 0.018551008929823986 0.034832863798375642 0.00099182440814790294 0.0026888633594350838 -0.049740792261957198 -0.023308273872828928
leaf_weight=3424 13111 131 394 233 7360 15288 799 167 1580 627 680 657 701 9256 1845 182 50 376 62 392 429 877 480 443381 5331 2433 14400 55098 161 6412
leaf_count=3424 13111 131 394 233 7360 15288 799 167 1580 627 680 657 701 9256 1845 182 50 376 62 392 429 877 480 443381 5331 2433 14400 55098 161 6412
internal_value=1.0908e-12 -0.00421295 -0.0306152 -0.0428373 0.000102069 0.00307692 -0.000318644 -0.0117832 -0.0097125 -0.0169255 0.0119054 -0.0383649 -5.63546e-05 -0.0067981 -0.020583 -0.0394613 -0.0799857 -0.0719755 -0.108323 -0.00220314 -0.00398891 -0.0103274 0.00312019 0.000107082 0.00209253 -0.00240233 0.00535615 0.00408821 0.0295837 -0.0158069
internal_weight=586317 13869 758 627 572448 28944 20904 5616 5449 3869 8040 1456 543504 12864 3216 1371 670 620 244 9648 2413 1984 1107 530640 87259 26830 16994 60429 2594 9836
internal_count=586317 13869 758 627 572448 28944 20904 5616 5449 3869 8040 1456 543504 12864 3216 1371 670 620 244 9648 2413 1984 1107 530640 87259 26830 16994 60429 2594 9836
is_linear=0
shrinkage=0.05


Tree=145
num_leaves=31
num_cat=0
split_feature=10 7 10 11 1 7 12 11 1 9 9 12 11 7 10 1 6 3 9 1 10 3 7 6 12 10 1 13 3 7
split_gain=99.6854 147.214 121.926 719.36 560.458 403.697 266.126 257.653 872.049 781.093 687.472 358.354 363.337 277.857 251.729 575.776 379.944 225.667 207.776 217.505 190.147 234.312 178.214 292.386 221.44 174.114 171.108 169.948 166.938 163.887
threshold=-0.9976210594177245 32.892864227294929 -0.96683886647224415 -0.20930689573287961 31.271186828613285 27.168518066406254 13.750000000000002 -0.15855351090431211 31.300760269165043 28.239863395690922 31.840371131896976 18.750000000000004 -0.12447465583682059 29.582084655761722 -0.99052327871322621 31.144719123840336 0.87824982404708873 28.245443344116214 32.356893539428718 29.153871536254886 -0.96230018138885487 30.056553840637211 33.012615203857429 1.0000000180025095e-35 14.750000000000002 -0.98211652040481556 34.807247161865241 80.250000000000014 32.923368453979499 29.619219779968265
decision_type=2 2 2 2 2 2 2 2 2 2 2 2 2 2 2 2 2 2 2 2 2 2 2 2 2 2 2 2 2 2
left_child=1 -1 3 4 5 -2 -6 8 9 17 -10 12 14 -13 15 16 -9 -5 19 -11 21 -4 23 -14 28 -26 -15 -12 -24 -25
right_child=2 -3 20 7 6 -7 -8 11 10 18 27 13 22 26 -16 -17 -18 -19 -20 -21 -22 -23 24 29 25 -27 -28 -29 -30 -31
leaf_value=0.0015296809000934792 -0.074171534583270957 0.014486558062718089 0.033711353337891332 0.020606090147204759 0.0036535794953868558 0.0037135435500286642 -0.043124439567749973 -0.046891594488261037 -0.042289790232232491 0.060546499393502498 0.026294038568474398 0.043233665966659812 -0.015144550463055446 0.002939034027397357 -0.0076978340276440162 -0.0096912974723669457 -0.13586069658849739 -0.062134457321719398 0.067725636320409038 0.021523383953235973 1.6408946784715992e-05 0.0037391059155765273 0.022869484567294499 0.012920068068765504 0.023459341822899712 -0.0039991802273948501 0.040394810531172332 -0.021122021156723701 -0.02021755591108873 -0.0040254662022449449
leaf_weight=10061 181 2803 909 119 352 2059 2232 320 1052 488 794 508 5124 6083 1176 664 192 268 524 1331 534861 2307 289 1930 1782 854 321 248 1012 5473
leaf_count=10061 181 2803 909 119 352 2059 2232 320 1052 488 794 508 5124 6083 1176 664 192 268 524 1331 534861 2307 289 1930 1782 854 321 248 1012 5473
internal_value=3.04205e-12 0.00435292 -9.7647e-05 -0.00294104 -0.0208844 -0.00257985 -0.0367522 -0.00010787 0.0104961 0.0291145 -0.0137773 -0.00209611 -0.00567263 0.00763999 -0.0240554 -0.0404129 -0.080255 -0.0366923 0.039984 0.0319925 8.92925e-05 0.0122107 -0.00304652 -0.00596283 0.00623276 0.0145634 0.0048165 0.0150088 -0.0106463 0.000392321
internal_weight=586317 12864 573453 35376 4824 2240 2584 30552 4824 2730 2094 25728 18816 6912 2352 1176 512 387 2343 1819 538077 3216 16464 12527 3937 2636 6404 1042 1301 7403
internal_count=586317 12864 573453 35376 4824 2240 2584 30552 4824 2730 2094 25728 18816 6912 2352 1176 512 387 2343 1819 538077 3216 16464 12527 3937 2636 6404 1042 1301 7403
is_linear=0
shrinkage=0.05


Tree=146
num_leaves=31
num_cat=0
split_feature=1 10 10 13 10 10 7 10 11 7 3 7 11 1 5 10 3 9 9 10 1 9 11 0 11 1 9 1 3 3
split_gain=98.4678 128.221 235.024 133.001 107.654 231.935 100.999 99.3593 309.836 329.192 301.129 320.805 288.636 190.788 285.532 175.102 329.94 550.434 414.346 299.864 338.393 857.571 280.19 277.774 261.595 255.898 234.183 435.091 315.766 222.378
threshold=43.429134368896491 0.51973900198936474 0.56314551830291759 77.250000000000014 0.7440970540046693 0.89391031861305248 42.841241836547859 0.97109106183052074 -0.12447465583682059 41.799314498901374 38.948221206665046 39.715728759765632 0.030119189061224464 35.675741195678718 37.437913894653327 0.94417876005172741 38.948221206665046 40.596107482910163 38.587604522705085 0.91927745938301098 38.367088317871101 38.940244674682624 0.33345642685890203 0.17278058081865313 0.23448270559310916 38.153575897216804 35.140014648437507 36.735380172729499 35.231376647949226 34.943683624267585
decision_type=2 2 2 2 2 2 2 2 2 2 2 2 2 2 2 2 2 2 2 2 2 2 2 2 2 2 2 2 2 2
left_child=7 6 3 -3 -4 -6 -2 15 9 10 11 -9 13 14 -10 19 18 25 23 -1 21 29 -22 26 -20 -18 28 -28 -17 -21
right_child=1 2 4 -5 5 -7 -8 8 12 -11 -12 -13 -14 -15 -16 16 17 -19 24 20 22 -23 -24 -25 -26 -27 27 -29 -30 -31
leaf_value=-0.00025321677311107365 -0.0060734179287325017 0.029215050558968073 0.023744620821781536 -0.057509901932662894 -0.031231664229061602 0.023689516247336576 0.077458271321629288 0.0058581010131877288 0.0022386482797670539 -0.064165154869357741 0.022646706476315052 -0.10018539082828082 0.0038272459587050931 -0.0081150835518647955 0.066041191540364377 -0.006559402735206098 0.055027475292306574 0.0094409748336881788 0.014071545107166667 -0.0017384716855834233 0.025068989902085139 -0.048263911419018778 -0.038625788343103373 0.016141175343346758 0.071878115012927832 -0.033658105098239674 0.012755018181772888 -0.013274309398971899 -0.034646943286897568 0.014282335612331751
leaf_weight=508727 52 57 1048 197 347 431 119 7555 2275 150 3457 72 19296 12007 190 3290 84 1246 733 3896 3055 758 183 1518 267 2568 3167 3256 1438 4878
leaf_count=508727 52 57 1048 197 347 431 119 7555 2275 150 3457 72 19296 12007 190 3290 84 1246 733 3896 3055 758 183 1518 267 2568 3167 3256 1438 4878
internal_value=-8.83245e-13 0.0104374 0.00701585 -0.038048 0.0132843 -0.000806177 0.0520568 -4.02261e-05 0.00221686 0.00940978 0.0104055 0.00485703 -0.000176099 -0.00551389 0.00715649 -0.000228651 -0.00513854 -0.0179703 -0.0014793 -6.3258e-05 0.00750426 0.0027604 0.0214692 -0.00392505 0.0295059 -0.0308491 -0.00665669 -0.000439983 -0.0151021 0.00716847
internal_weight=586317 2251 2080 254 1826 778 171 584066 45002 11234 11084 7627 33768 14472 2465 539064 17567 3898 13669 521497 12770 9532 3238 12669 1000 2652 11151 6423 4728 8774
internal_count=586317 2251 2080 254 1826 778 171 584066 45002 11234 11084 7627 33768 14472 2465 539064 17567 3898 13669 521497 12770 9532 3238 12669 1000 2652 11151 6423 4728 8774
is_linear=0
shrinkage=0.05


Tree=147
num_leaves=31
num_cat=0
split_feature=11 1 5 11 11 1 12 12 5 9 10 3 1 7 10 2 9 5 4 12 9 5 10 5 11 4 7 12 1 13
split_gain=97.2522 469.874 775.238 244.995 455.968 327.869 302.379 294.737 811.417 400.384 307.64 884.674 510.67 380.646 287.981 279.826 303.557 275.545 215.471 212.938 213.197 212.888 206.379 278.516 202.971 200.044 196.625 423.988 227.659 185.441
threshold=-0.99981480836868275 32.590316772460945 33.934963226318366 -0.99626126885414112 -0.98798605799674977 26.678178787231449 15.250000000000002 16.250000000000004 34.806369781494148 36.544006347656257 0.081675637513399138 32.550685882568366 31.830096244812015 34.867086410522468 0.098819226026535048 3.0176318883895878 33.135114669799812 32.886943817138679 0.12899281084537509 17.750000000000004 36.138706207275398 32.249189376831062 -0.11593352630734442 29.449831962585453 -0.9946339726448058 18.188873291015629 29.960451126098636 15.250000000000002 32.92625808715821 79.750000000000014
decision_type=2 2 2 2 2 2 2 2 2 2 2 2 2 2 2 2 2 2 2 2 2 2 2 2 2 2 2 2 2 2
left_child=1 2 -1 26 5 6 -5 9 10 25 12 21 15 -14 17 22 -17 -13 -3 20 -10 -12 23 -9 -21 -7 27 -2 -29 -26
right_child=3 18 -4 4 -6 7 -8 8 19 -11 11 14 13 -15 -16 16 -18 -19 -20 24 -22 -23 -24 -25 29 -27 -28 28 -30 -31
leaf_value=0.000248106877647076 0.0011443999553587922 -0.0088315616309993378 0.1234721877367784 -0.021288921985856808 0.00010868364930834197 -0.0011272710522721491 -0.10940926205243495 -0.075674590618453108 -0.044784883044627126 0.041907480325864228 0.064875018389593059 0.081362728127543402 0.010074213553238702 -0.071489706625983973 -0.028635604343679361 -0.068501771795350053 -0.0074455227636094599 -0.004992863076660253 -0.044143956394644107 -0.12067543942117154 0.026319656794391622 0.019466974370223059 -0.03968738587559828 0.033167509023769526 -0.035940416580500172 -0.055288139439784417 0.0042775217425563934 0.033257965326246218 0.093373494930741915 -0.089144986071528834
leaf_weight=1347 1094 868 141 274 557373 4040 151 72 339 551 528 123 1609 157 1240 753 279 371 860 133 153 505 349 320 494 178 10938 621 211 245
leaf_count=1347 1094 868 141 274 557373 4040 151 72 339 551 528 123 1609 157 1240 753 279 371 860 133 153 505 349 320 494 178 10938 621 211 245
internal_value=-1.07369e-12 -0.00867096 0.0119246 4.78233e-05 -0.000106111 -0.00941278 -0.0525976 -0.0079373 -0.0140062 0.00182335 -0.00644268 0.00604696 -0.0162078 0.00282306 -0.0157744 -0.0351636 -0.0519953 0.0165086 -0.026406 -0.0489737 -0.0226731 0.0426765 -0.0117218 0.0131761 -0.063813 -0.00341286 0.00687146 0.0216028 0.0485036 -0.0535793
internal_weight=586317 3216 1488 583101 570237 12864 425 12439 7670 4769 6306 2767 3539 1766 1734 1773 1032 494 1728 1364 492 1033 741 392 872 4218 12864 1926 832 739
internal_count=586317 3216 1488 583101 570237 12864 425 12439 7670 4769 6306 2767 3539 1766 1734 1773 1032 494 1728 1364 492 1033 741 392 872 4218 12864 1926 832 739
is_linear=0
shrinkage=0.05


Tree=148
num_leaves=31
num_cat=0
split_feature=12 13 11 1 1 3 12 13 13 12 10 11 9 7 3 11 5 1 10 7 10 3 9 10 10 5 10 10 10 10
split_gain=96.4565 338.025 272.44 204.837 190.183 177.248 165.042 261.631 160.466 189.275 185.585 167.387 608.041 465.59 301.936 246.155 324.978 267.51 357.428 279.195 260.06 630.427 491.331 477.423 444.616 365.536 346.373 600.063 536.816 436.77
threshold=13.750000000000002 79.250000000000014 -0.15855351090431211 38.826128005981452 29.882283210754398 38.367488861083991 12.250000000000002 77.750000000000014 80.250000000000014 17.250000000000004 0.78829774260520946 -0.97502842545509327 40.432950973510749 29.814617156982425 30.360366821289066 -0.51235243678092945 27.944066047668461 31.735107421875004 0.36571913957595831 33.137817382812507 0.30081701278686529 34.498191833496101 35.004232406616218 0.21772121638059619 -0.39753912389278406 38.593587875366218 -0.48250326514244074 -0.54883790016174305 -0.65189296007156361 -0.70252096652984608
decision_type=2 2 2 2 2 2 2 2 2 2 2 2 2 2 2 2 2 2 2 2 2 2 2 2 2 2 2 2 2 2
left_child=1 5 3 -3 -4 6 7 -1 -2 10 -10 12 13 14 -11 16 -13 18 19 -18 22 -22 23 24 26 -24 27 28 29 -19
right_child=8 2 4 -5 -6 -7 -8 -9 9 11 -12 15 -14 -15 -16 -17 17 20 -20 -21 21 -23 25 -25 -26 -27 -28 -29 -30 -31
leaf_value=-0.0034409806070265152 0.0008826037590177146 0.014802531024071183 0.01297728439622766 -0.0097683881647308082 -0.0043508506766520598 -0.023173313123785108 -0.0038117389557497557 0.0081051235180067509 0.007223044333031798 -0.00079653643461393212 -0.0065959305177059465 -0.019085427319906687 -0.12778717130422593 -0.011339214338968706 0.047473237616267039 -0.0025972200486590099 0.012671047194707442 0.0039968665078665396 0.11883766826634344 -0.018811756711813395 0.041958994680655698 0.0018222751868806871 -0.059461154565302092 0.043824098533123877 -0.031789509515319579 0.00023661361863318224 0.030846191821642471 -0.039405653505903367 0.036910300738494266 -0.045160139973449989
leaf_weight=11667 341289 6905 1998 967 7632 1051 60491 8467 11505 723 3080 1670 105 7945 587 88065 8129 2097 76 771 1053 13799 696 535 1278 406 824 965 965 576
leaf_count=11667 341289 6905 1998 967 7632 1051 60491 8467 11505 723 3080 1670 105 7945 587 88065 8129 2097 76 771 1053 13799 696 535 1278 406 824 965 965 576
internal_value=-3.69578e-12 -0.00142131 0.00488449 0.0117842 -0.000755668 -0.00277255 -0.00250661 0.00141453 0.000289368 -0.0010988 0.00430481 -0.0016992 -0.00814282 -0.00678543 0.0208327 -0.00120446 0.00242006 0.00353645 0.0108657 0.00994372 0.000700045 0.00466795 -0.00636437 -0.0016302 -0.00525706 -0.0374672 0.000991051 -0.00435343 0.00494437 -0.00659589
internal_weight=586317 99178 17502 7872 9630 81676 80625 20134 487139 145850 14585 131265 9360 9255 1310 121905 33840 32170 8976 8900 23194 14852 8342 7240 6705 1102 5427 4603 3638 2673
internal_count=586317 99178 17502 7872 9630 81676 80625 20134 487139 145850 14585 131265 9360 9255 1310 121905 33840 32170 8976 8900 23194 14852 8342 7240 6705 1102 5427 4603 3638 2673
is_linear=0
shrinkage=0.05


Tree=149
num_leaves=31
num_cat=0
split_feature=1 10 10 9 11 3 10 11 11 12 1 10 11 11 11 5 13 9 3 12 12 1 1 1 1 7 10 10 9 3
split_gain=93.8149 200.408 176.769 212.781 141.867 140.774 349.677 206.068 536.504 370.619 345.947 200.846 182.279 649.156 554.846 342.467 338.968 310.356 409.622 340.868 286.404 327.271 327.242 275.795 329.516 285.739 269.783 478.009 325.21 336.238
threshold=25.505497932434086 -0.16705007851123807 0.44437406957149511 28.004171371459964 -0.98208922147750843 29.048268318176273 0.23448921740055087 0.86527520418167125 0.78827583789825451 16.250000000000004 28.015341758728031 0.56314551830291759 0.69635042548179638 0.64532420039176952 0.57727023959159862 28.025094032287601 76.250000000000014 32.457199096679695 32.807590484619148 18.250000000000004 18.750000000000004 28.172412872314457 32.419404983520515 31.396285057067875 36.070932388305671 29.374021530151371 0.42888796329498297 0.50495636463165294 31.254272460937504 33.589775085449226
decision_type=2 2 2 2 2 2 2 2 2 2 2 2 2 2 2 2 2 2 2 2 2 2 2 2 2 2 2 2 2 2
left_child=1 4 3 -3 -1 6 -2 8 -8 -10 -11 -12 13 14 16 -16 -7 18 -15 -20 22 -22 -14 -17 25 -25 -24 28 -28 -30
right_child=5 2 -4 -5 -6 12 7 -9 9 10 11 -13 20 17 15 23 -18 -19 19 -21 21 -23 26 24 -26 -27 27 -29 29 -31
leaf_value=0.066437583512220635 0.00083947833452575687 -0.016200535250654447 0.0084435163942607108 -0.062567861727378077 -0.0018222379080303189 -0.0051135072841500739 0.014783055893085071 0.017286738133857567 0.023721031672510374 -0.11372306955008638 -0.0094325768228358444 -0.075164199108396487 0.00060466355784495965 0.010593248687989731 0.067797477061952091 -0.021364110890341161 0.00070442437728582318 0.024113958122974274 -0.044728080120353404 0.017938298873030223 -0.044667340798550607 -0.0058191468762862769 -0.020641501223168154 0.051638039965498254 -0.028253151211880635 -0.0040771248869121415 0.071446658332896179 -0.0080100267298038926 -0.019108759824856193 0.067519966734251299
leaf_weight=78 65394 699 346 383 3156 26991 2198 5564 237 158 377 168 71492 7165 142 4050 345606 3580 653 325 554 25308 3304 236 1454 9243 322 6609 363 162
leaf_count=78 65394 699 346 383 3156 26991 2198 5564 237 158 377 168 71492 7165 142 4050 345606 3580 653 325 554 25308 3304 236 1454 9243 322 6609 363 162
internal_value=-5.3379e-12 -0.00706458 -0.0226654 -0.0326134 -0.000175897 5.6623e-05 0.00209247 0.0115085 0.00126295 -0.0303511 -0.0485802 -0.0296948 -0.00024058 0.000252375 -9.81145e-05 -0.009486 0.000282972 0.0118443 0.0064501 -0.0239034 -0.00206188 -0.00665133 -0.000618849 -0.0102184 -0.00608967 -0.00268998 -0.00874816 -0.00347783 0.0318862 0.00762239
internal_weight=586317 4662 1428 1082 3234 581655 74096 8702 3138 940 703 545 507559 399445 387722 15125 372597 11723 8143 978 108114 25862 82252 14983 10933 9479 10760 7456 847 525
internal_count=586317 4662 1428 1082 3234 581655 74096 8702 3138 940 703 545 507559 399445 387722 15125 372597 11723 8143 978 108114 25862 82252 14983 10933 9479 10760 7456 847 525
is_linear=0
shrinkage=0.05


Tree=150
num_leaves=31
num_cat=0
split_feature=10 11 5 9 1 10 12 7 5 9 1 9 5 10 11 11 7 5 12 3 12 13 3 10 12 10 1 9 3 9
split_gain=91.5416 171.449 190.215 340.071 186.639 184.196 161.014 146.626 143.839 120.423 110.641 109.412 101.983 93.9464 280.693 335.25 197.954 306.052 197.882 214.886 258.299 229.047 163 150.974 300.14 289.159 338.606 767.531 244.406 446.302
threshold=-0.99939814209938038 1.0000000180025095e-35 30.738202095031742 30.692554473876957 32.024335861206062 -0.99984258413314808 13.750000000000002 33.012615203857429 29.188932418823246 27.53487586975098 29.54171180725098 30.035624504089359 29.875873565673832 0.97109106183052074 -0.10737737268209456 -0.038720846176147454 41.538871765136726 39.463287353515632 19.250000000000004 39.589756011962898 14.750000000000002 79.750000000000014 38.703609466552741 0.94417876005172741 16.750000000000004 0.91236633062362682 38.259286880493171 38.940244674682624 38.825445175170906 40.75471496582032
decision_type=2 2 2 2 2 2 2 2 2 2 2 2 2 2 2 2 2 2 2 2 2 2 2 2 2 2 2 2 2 2
left_child=1 8 3 -3 6 -5 -4 11 -1 -10 -8 -6 -7 23 16 -16 17 -15 19 21 -21 -17 -19 25 -25 -2 27 -27 -26 -30
right_child=13 2 4 5 7 12 10 -9 9 -11 -12 -13 -14 14 15 18 -18 22 -20 20 -22 -23 -24 24 28 26 -28 -29 29 -31
leaf_value=0.036975882010774667 -0.00030688037216497596 -0.0017268759144221494 -0.044965872926286982 -0.028197510019634608 0.018700011212689181 -0.1658523418780031 -0.011190355858857873 0.013899512586322311 -0.064004551058804454 0.010760218737046244 0.03256263548643968 -0.028179909856652759 -0.073248512241378669 0.005273645202583028 -0.010579163939508191 0.0055493060750071189 -0.029331183008668299 -0.055259009621046962 0.011415258788012386 -0.097445031727423498 -0.010671925589919473 -0.0066112939760288834 0.026114453768706747 0.0025136813010583612 -0.0054265941567678408 0.0053204872808578392 0.018241721494381431 -0.047944625481916664 -0.036336390927512709 0.0047247137544570196
leaf_weight=566 501093 502 89 108 150 58 174 491 55 2595 852 731 61 9805 6432 13038 339 63 4736 89 2357 5508 2657 7832 6885 10913 4446 721 1976 995
leaf_count=566 501093 502 89 108 150 58 174 491 55 2595 852 731 61 9805 6432 13038 339 63 4736 89 2357 5508 2657 7832 6885 10913 4446 721 1976 995
internal_value=-1.47495e-12 0.00593213 -0.00223115 -0.0246911 0.0043524 -0.0754754 0.0195464 -0.00799552 0.0140954 0.0092085 0.0251425 -0.0201981 -0.118383 -6.57984e-05 0.0021277 -0.000369154 0.00836984 0.00939025 0.00218335 0.000100539 -0.0138292 0.00193771 0.0242297 -0.000250445 -0.00479277 -9.5091e-05 0.00650479 0.00201946 -0.0105988 -0.0225849
internal_weight=586317 6432 3216 729 2487 227 1115 1372 3216 2650 1026 881 119 579885 45024 32160 12864 12525 25728 20992 2446 18546 2720 534861 17688 517173 16080 11634 9856 2971
internal_count=586317 6432 3216 729 2487 227 1115 1372 3216 2650 1026 881 119 579885 45024 32160 12864 12525 25728 20992 2446 18546 2720 534861 17688 517173 16080 11634 9856 2971
is_linear=0
shrinkage=0.05


Tree=151
num_leaves=31
num_cat=0
split_feature=12 13 11 1 1 3 12 13 13 12 10 11 9 7 3 1 10 7 9 10 5 10 7 10 11 5 10 11 10 5
split_gain=92.5055 306.378 244.594 199.636 171.159 160.399 148.833 237.109 146.103 170.082 165.917 152.341 548.738 419.888 272.977 238.69 354.551 327.181 304.048 305.673 335.026 294.503 270.899 296.086 218.788 294.896 261.594 235.191 257.724 500.396
threshold=13.750000000000002 79.250000000000014 -0.15855351090431211 34.376260757446296 29.882283210754398 38.367488861083991 12.250000000000002 77.750000000000014 80.250000000000014 17.250000000000004 0.78829774260520946 -0.97502842545509327 40.432950973510749 29.814617156982425 30.425042152404789 33.586393356323249 -0.1330134719610214 31.619047164916996 36.63084793090821 0.18399664759635928 34.37634468078614 0.16705007851123813 34.809295654296882 0.047320950776338584 -0.51235243678092945 27.547017097473148 -0.81403854489326466 -0.45205545425415034 -0.8779519498348235 31.637938499450687
decision_type=2 2 2 2 2 2 2 2 2 2 2 2 2 2 2 2 2 2 2 2 2 2 2 2 2 2 2 2 2 2
left_child=1 5 3 -3 -4 6 7 -1 -2 10 -10 12 13 14 -11 18 -17 -18 -15 20 -20 22 -19 -24 25 -13 -27 28 29 -26
right_child=8 2 4 -5 -6 -7 -8 -9 9 11 -12 24 -14 15 -16 16 17 21 19 -21 -22 -23 23 -25 27 26 -28 -29 -30 -31
leaf_value=-0.0033240980823664454 0.00084944392442949505 0.025295121911905166 0.012295329527927317 0.00666722035392916 -0.004143304024464345 -0.022085265926974091 -0.003664725443016513 0.0076675917553246991 0.0068403931757410972 -0.00033440510039615284 -0.0062258281904501861 -0.022202050426478437 -0.12141769062905086 -0.0086934538112653122 0.045685120326873094 0.066681562723460222 0.013092828452281949 -0.039139123250124183 0.073940766310441663 0.12947580495925801 -0.030995733544165106 -0.0064503345802507332 -0.023214423292995789 -0.12966702161839933 -0.092876001973620503 0.021974960956030659 0.0021036712762667969 -0.0019763202141320313 -0.0078686994221088425 -0.0079814750287751455
leaf_weight=11667 341289 1894 1998 5978 7632 1051 60491 8467 11505 738 3080 1187 105 5537 572 99 354 817 137 73 171 460 97 200 292 1750 30903 85185 2160 428
leaf_count=11667 341289 1894 1998 5978 7632 1051 60491 8467 11505 738 3080 1187 105 5537 572 99 354 817 137 73 171 460 97 200 292 1750 30903 85185 2160 428
internal_value=2.27415e-12 -0.00139189 0.00461147 0.0111491 -0.000732672 -0.00267833 -0.00242535 0.00129826 0.00028338 -0.00104121 0.00408112 -0.00161036 -0.00775756 -0.00646806 0.0197596 -0.0107926 -0.0256007 -0.0303393 -0.00572057 0.0374839 0.0156806 -0.0401074 -0.0540053 -0.0948997 -0.00113837 0.00227873 0.00316865 -0.00245143 -0.0165043 -0.0424109
internal_weight=586317 99178 17502 7872 9630 81676 80625 20134 487139 145850 14585 131265 9360 9255 1310 7945 2027 1928 5918 381 308 1574 1114 297 121905 33840 32653 88065 2880 720
internal_count=586317 99178 17502 7872 9630 81676 80625 20134 487139 145850 14585 131265 9360 9255 1310 7945 2027 1928 5918 381 308 1574 1114 297 121905 33840 32653 88065 2880 720
is_linear=0
shrinkage=0.05


Tree=152
num_leaves=31
num_cat=0
split_feature=3 9 11 10 10 11 11 10 12 10 10 1 12 3 0 9 9 10 10 12 1 10 9 0 3 7 12 10 11 11
split_gain=96.2747 286.261 349.83 272.28 516.037 477.432 1208.88 1289.16 857.516 721.237 645.08 539.262 461.623 401.727 370.186 302.686 304.759 278.757 830.809 634.89 641.991 432.108 351.442 303.237 266.503 248.925 239.944 388.877 665.904 668.44
threshold=29.801715850830082 25.9338493347168 0.99962961673736583 -0.04732095077633857 -0.15005400776863095 -0.90146830677986134 -0.73829901218414296 -0.62540480494499195 15.250000000000002 -0.3657191395759582 -0.54883790016174305 31.023309707641605 15.750000000000002 27.166994094848636 8.5597853660583514 28.447427749633793 32.814941406250007 -0.30901412665843958 -0.22611359506845471 17.250000000000004 28.750182151794437 -0.27609442174434656 29.294579505920414 0.09513250365853311 27.166994094848636 29.73897743225098 15.250000000000002 -0.70252096652984608 -0.69014781713485707 -0.51235243678092945
decision_type=2 2 2 2 2 2 2 2 2 2 2 2 2 2 2 2 2 2 2 2 2 2 2 2 2 2 2 2 2 2
left_child=1 2 -1 4 5 9 7 8 -7 -3 11 -9 -6 -12 -11 -10 -17 26 19 23 21 22 -21 -19 -14 -13 -8 28 -28 -30
right_child=-2 3 -4 -5 12 6 17 10 15 14 13 25 24 -15 -16 16 -18 18 -20 20 -22 -23 -24 -25 -26 -27 27 -29 29 -31
leaf_value=-0.0075569461702264459 -0.00032527682883058012 0.039210494527962492 -0.088388417744975079 0.0056805307657319358 0.0026268003863305668 -0.010881917242669917 0.00016240835790604907 0.019200755599793232 -0.027433265186846259 -0.0047143496311390408 -0.056551946579087853 0.009860615391517058 -0.063646815283768296 -0.013468421203616854 0.01862750470045961 -0.11276508538896082 -0.010389587279685119 -0.011013228492410985 0.0078044178323008464 -0.072546196305023389 -0.0063640555036609918 -0.042793260589253701 -0.17382500601046147 0.03484549870199731 -0.019350159346002396 -0.11206839477276807 -0.042259233663714167 0.014708017206212327 0.024066191101809801 -0.0012456049735489268
leaf_weight=5832 466166 1951 137 32624 2915 546 22617 2076 163 4147 700 64 373 2383 2877 709 81 1812 5593 277 923 1043 124 450 3786 121 799 10367 3394 11267
leaf_count=5832 466166 1951 137 32624 2915 546 22617 2076 163 4147 700 64 373 2383 2877 709 81 1812 5593 277 923 1043 124 450 3786 121 799 10367 3394 11267
internal_value=1.18383e-12 0.00126202 -0.00941218 0.00182003 0.000275788 0.00150147 1.97672e-05 -0.0198678 -0.060844 0.0123165 -0.00837388 0.0119114 -0.0126297 -0.0232506 0.00484637 -0.0894687 -0.102268 0.00233952 -0.00516361 -0.0208323 -0.0389341 -0.0597527 -0.103864 -0.00189014 -0.0233229 -0.0698875 0.00392273 0.00721568 0.00219155 0.00461404
internal_weight=586317 120151 5969 114182 81558 74484 65509 6843 1499 8975 5344 2261 7074 3083 7024 953 790 58666 10222 4629 2367 1444 401 2262 4159 185 48444 25827 15460 14661
internal_count=586317 120151 5969 114182 81558 74484 65509 6843 1499 8975 5344 2261 7074 3083 7024 953 790 58666 10222 4629 2367 1444 401 2262 4159 185 48444 25827 15460 14661
is_linear=0
shrinkage=0.05


Tree=153
num_leaves=31
num_cat=0
split_feature=9 10 10 13 1 12 3 10 3 1 9 10 9 10 10 9 8 3 3 10 9 4 11 10 12 11 3 7 3 10
split_gain=89.06 142.455 362.184 346.489 292.98 192.48 208.954 273.424 100.093 107.65 402.556 296.119 460.419 454.76 600.37 1311.31 511.402 381.129 353.636 343.793 325.999 332.558 325.874 752.176 439.081 417.956 654.665 416.433 346.488 320.962
threshold=43.448387145996101 0.50495636463165294 0.5772862732410432 77.750000000000014 43.429134368896491 18.750000000000004 43.408536911010749 0.49002411961555487 43.408536911010749 34.49452209472657 38.263473510742195 0.21772121638059619 40.126045227050788 0.36571913957595831 0.39753912389278417 36.381807327270515 0.16537740081548694 35.987430572509773 39.192068099975593 0.30081701278686529 36.059276580810554 1.4670475721359255 -0.07309242337942122 -0.7721494436264037 17.250000000000004 -0.98518359661102284 33.782379150390632 32.666206359863288 33.446430206298835 -0.30081701278686518
decision_type=2 2 2 2 2 2 2 2 2 2 2 2 2 2 2 2 2 2 2 2 2 2 2 2 2 2 2 2 2 2
left_child=8 5 3 4 -3 -2 7 -7 9 10 -1 12 22 16 15 -15 18 -17 -13 20 -18 -22 23 -11 28 26 -26 -28 -25 -27
right_child=1 2 -4 -5 -6 6 -8 -9 -10 11 -12 13 -14 14 -16 17 19 -19 -20 -21 21 -23 -24 24 25 29 27 -29 -30 -31
leaf_value=0.00025738675157719129 0.11394914327495134 -0.15941001201969879 0.018231297764613508 -0.0061672780420869017 -0.014014664328036209 0.025480005751076385 0.091951425644902551 -0.10025202020726823 0.01328207156416138 -0.030072144502214116 0.023058009471795999 -0.0073495927988231312 -0.057331468694834908 -0.089990752195813914 -0.00063139059835968549 -0.053237467398055766 0.032791149216085558 0.011314025127908424 0.021396066820562019 0.045286559883919497 0.0068422588241933771 -0.069065529383055824 0.010232896000224614 -0.030499709783654884 0.028319380000945839 -0.058299367295815807 -0.001280987074463395 -0.057653924403149398 0.00479434254233084 0.010833399420004705
leaf_weight=411633 67 82 1267 372 60 217 81 54 1407 3209 1945 3526 441 601 138710 287 869 1125 1536 1419 590 191 2769 751 374 192 429 1386 9390 1337
leaf_count=411633 67 82 1267 372 60 217 81 54 1407 3209 1945 3526 441 601 138710 287 869 1125 1536 1419 590 191 2769 751 374 192 429 1386 9390 1337
internal_value=-4.49073e-12 0.0100412 0.00386992 -0.0315306 -0.0979754 0.0362726 0.0214876 0.000426392 -3.78187e-05 -6.99806e-05 0.000364615 -0.0011327 -0.00680106 -0.000360509 -0.00102482 -0.0281348 0.0111367 -0.00180657 0.00137291 0.027241 0.0117218 -0.0117216 -0.00567771 -0.00825894 -0.00320817 -0.0179063 -0.0319171 -0.0443294 0.00218061 0.00215224
internal_weight=586317 2200 1781 514 142 419 352 271 584117 582710 413578 169132 20278 148854 140723 2013 8131 1412 5062 3069 1650 781 19837 17068 13859 3718 2189 1815 10141 1529
internal_count=586317 2200 1781 514 142 419 352 271 584117 582710 413578 169132 20278 148854 140723 2013 8131 1412 5062 3069 1650 781 19837 17068 13859 3718 2189 1815 10141 1529
is_linear=0
shrinkage=0.05


Tree=154
num_leaves=31
num_cat=0
split_feature=11 11 9 4 5 12 9 10 1 5 3 12 10 5 7 3 9 3 1 7 5 12 10 1 9 1 1 1 2 1
split_gain=91.6083 385.3 306.41 274.425 270.375 955.331 417.302 256.612 407.416 1600.5 591.438 356.955 340.364 483.33 312.254 390.267 282.044 261.999 253.46 248.445 244.204 263.28 388.536 435.087 269.578 423.755 238.836 255.842 216.924 199.477
threshold=-0.99626126885414112 -0.98798605799674977 40.274217605590827 13.667765140533449 34.675971984863288 17.250000000000004 36.223758697509773 0.012910176534205677 33.129404067993171 33.638193130493171 31.669790267944339 16.750000000000004 -0.04732095077633857 35.079074859619148 32.193466186523445 33.308790206909187 34.804851531982429 35.449363708496101 33.260351181030281 34.745615005493171 32.926755905151374 16.750000000000004 0.047320950776338584 30.129017829895023 34.556671142578132 35.373973846435554 26.488616943359379 34.743453979492195 0.58390963077545177 27.748803138732914
decision_type=2 2 2 2 2 2 2 2 2 2 2 2 2 2 2 2 2 2 2 2 2 2 2 2 2 2 2 2 2 2
left_child=7 2 3 4 26 6 -6 8 9 14 19 28 -11 -14 15 -1 -13 -18 -7 -10 -9 -22 -23 -24 25 -25 -2 -28 -12 -5
right_child=1 -3 -4 29 5 18 -8 20 10 12 11 16 13 -15 -16 -17 17 -19 -20 -21 21 22 23 24 -26 -27 27 -29 -30 -31
leaf_value=-0.0006461736406472232 -0.04636016581723125 9.2498963530501812e-05 0.10600367316911961 -0.076292189045254491 -0.015628895231096517 -0.031892275383769354 0.037308111291188641 0.020481496255552855 0.032167467550523042 0.089516237692655015 0.0084608430531807246 -0.026628005003386253 0.012101004257892374 0.13974119596643728 -0.023309216021089641 0.076569958794539039 -0.12538844854198397 -0.015096768359875397 -0.082729780019660082 0.17689528098473184 0.017202550775070224 0.018590839973516474 0.082286394375388497 -0.0056468840353990175 -0.081453043088207361 -0.11824067231230062 0.0030473267389388142 -0.025528322828639913 -0.027126113564149602 -0.021396575575041196
leaf_weight=3024 289 557373 58 183 1030 460 583 3462 69 546 1290 1446 445 89 1639 173 150 84 525 52 1354 615 77 536 289 99 7127 880 641 1729
leaf_count=3024 289 557373 58 183 1030 460 583 3462 69 546 1290 1446 445 89 1639 173 150 84 525 52 1354 615 77 536 289 99 7127 880 641 1729
internal_value=2.77115e-12 -0.000104951 -0.00866009 -0.00917941 -0.00611304 -0.0201889 0.00350457 0.00372182 -0.00143545 0.00672524 -0.0143718 -0.0180155 0.0617572 0.0333744 -0.00556477 0.00353224 -0.0348693 -0.0857966 -0.0589884 0.0943645 0.0114577 0.00093912 -0.0126875 -0.0319045 -0.0414204 -0.0232009 -0.001705 -9.32467e-05 -0.00335233 -0.0266507
internal_weight=586317 570237 12864 12806 10894 2598 1613 16080 9648 5916 3732 3611 1080 534 4836 3197 1680 234 985 121 6432 2970 1616 1001 924 635 8296 8007 1931 1912
internal_count=586317 570237 12864 12806 10894 2598 1613 16080 9648 5916 3732 3611 1080 534 4836 3197 1680 234 985 121 6432 2970 1616 1001 924 635 8296 8007 1931 1912
is_linear=0
shrinkage=0.05


Tree=155
num_leaves=31
num_cat=0
split_feature=3 9 11 10 11 12 1 3 10 12 6 9 10 12 12 7 4 11 11 11 5 13 11 10 1 10 11 10 9 11
split_gain=87.2032 296.656 309.635 242.31 195.998 329.496 300.261 260.872 356.558 258.629 254.077 284.92 354.634 251.331 245.678 236.045 230.67 308.713 219.865 293.747 212.853 209.592 230.751 208.123 207.975 483.405 642.852 867.224 399.881 680.442
threshold=29.363496780395511 25.9338493347168 0.99962961673736583 0.047320950776338584 0.75546532869339 18.250000000000004 28.242001533508304 31.669790267944339 0.41327477991580969 14.750000000000002 1.0000000180025095e-35 31.621855735778812 -0.54883790016174305 19.250000000000004 16.250000000000004 31.216208457946781 1.0000000180025095e-35 0.89771011471748363 0.99962961673736583 0.96457844972610485 28.903657913208011 76.250000000000014 -0.09024826809763907 -0.59817537665367115 34.49452209472657 -0.7721494436264037 -0.46734189987182612 -0.86095303297042836 31.529391288757328 -0.24284072965383527
decision_type=2 2 2 2 2 2 2 2 2 2 2 2 2 2 2 2 2 2 2 2 2 2 2 2 2 2 2 2 2 2
left_child=1 2 -1 -3 13 7 20 9 -9 -6 11 12 15 21 -11 -8 -14 -18 19 -13 -7 22 -2 -17 28 26 27 -26 29 -23
right_child=4 3 -4 -5 5 6 10 8 -10 14 -12 18 16 -15 -16 23 17 -19 -20 -21 -22 24 -24 -25 25 -27 -28 -29 -30 -31
leaf_value=-0.0078869769699489722 -0.0091167822029817689 0.00069148924074178425 -0.083986492280584482 0.0069472869646590206 -0.0037918713137154239 -0.13881729621854094 0.024140153398405282 -0.014451179039373485 0.0013810196577183043 0.010486797618395171 -0.038066697641265995 -0.0191057101435014 -0.0045625019942811982 0.0027629022037241081 0.00090626464839435985 -0.048110007195872405 -0.16264289051846223 -0.011104162199046003 -0.080230588535778233 0.0117834164208853 -0.033895293298407729 0.0034417280524939257 0.00049244962777709219 0.025633348986521018 -0.11126927769571265 -0.00095664363150088725 -0.0056800488087801193 -0.021820398047195738 0.0029258864090631032 -0.0068153784767087562
leaf_weight=5495 13873 68999 137 19956 15181 54 1775 6874 7368 10263 616 4608 17252 76937 19229 238 54 89 128 924 461 30328 11366 160 371 125002 3550 1005 109391 34633
leaf_count=5495 13873 68999 137 19956 15181 54 1775 6874 7368 10263 616 4608 17252 76937 19229 238 54 89 128 924 461 30328 11366 160 371 125002 3550 1005 109391 34633
internal_value=1.93162e-12 0.00139033 -0.00973812 0.0020949 -0.000267437 -0.00244681 -0.0070934 -0.000367884 -0.0062605 0.00151071 -0.00634009 -0.00556541 -0.00270765 0.000189791 0.00424022 0.0163368 -0.00508671 -0.0683286 -0.0154454 -0.0139464 -0.0448968 -0.000410985 -0.00478941 -0.0184644 -4.78098e-05 -0.00156207 -0.0169254 -0.0459378 0.00108063 -0.0020267
internal_weight=586317 94587 5632 88955 491730 85274 26359 58915 14242 44673 25844 25228 19568 406456 29492 2173 17395 143 5660 5532 515 329519 25239 398 304280 129928 4926 1376 174352 64961
internal_count=586317 94587 5632 88955 491730 85274 26359 58915 14242 44673 25844 25228 19568 406456 29492 2173 17395 143 5660 5532 515 329519 25239 398 304280 129928 4926 1376 174352 64961
is_linear=0
shrinkage=0.05


Tree=156
num_leaves=31
num_cat=0
split_feature=10 11 7 5 11 1 5 7 3 10 0 12 10 1 9 11 3 1 9 10 11 11 3 10 12 0 13 10 10 7
split_gain=85.9351 255.641 256.372 251.979 240.143 175.246 252.18 158.598 148.905 136.907 296.478 268.655 259.779 305.075 696.662 226.968 225.953 245.66 225.053 219.261 218.642 216.008 401.152 306.979 384.846 489.568 522.849 209.092 203.402 201.7
threshold=0.97109106183052074 -0.12447465583682059 41.799314498901374 39.463287353515632 0.030119189061224464 35.675741195678718 37.437913894653327 39.855316162109382 38.703609466552741 0.94417876005172741 0.12855588644742968 17.250000000000004 0.91236633062362682 38.259286880493171 39.57866287231446 0.33345642685890203 34.377716064453132 30.774036407470707 35.366125106811531 0.87379899621009838 0.3657089769840241 -0.42108526825904841 36.473411560058601 0.88606244325637828 14.750000000000002 0.71892046928405773 80.750000000000014 0.90149331092834484 0.89391031861305248 37.928411483764656
decision_type=2 2 2 2 2 2 2 2 2 2 2 2 2 2 2 2 2 2 2 2 2 2 2 2 2 2 2 2 2 2
left_child=9 2 3 7 5 6 -3 -2 -5 12 11 18 19 14 20 -15 -13 -18 -11 -1 -14 22 23 -21 -25 27 -27 -26 -24 -16
right_child=1 4 -4 8 -6 -7 -8 -9 -10 10 -12 16 13 15 29 -17 17 -19 -20 21 -22 -23 28 24 25 26 -28 -29 -30 -31
leaf_value=-3.8678462642926666e-05 0.0060355516434703466 0.0025764915101885145 -0.05231176820857561 -0.052508750044932918 0.0035752375653206425 -0.0074381475512471321 0.062537184723309783 -0.074225253754881246 0.025333906075427799 -0.011903718491920283 0.013700802686073455 0.0056623781780059121 -0.0015285747331855077 0.019865498409500144 -0.14295141108590981 -0.033753669740978612 0.0879172484441237 -0.018209490983555728 0.0057224709863930127 0.0019471620864977566 0.012620614629356314 -0.0012403218072872891 -0.016393698037302184 -0.019238233472815273 -0.085264931746919431 -0.099900622633488284 0.049293712979803485 -0.16728390024704787 0.0038896781641004408 -0.043908125522290981
leaf_weight=491445 8488 2275 170 63 19296 12007 190 62 2473 2771 1986 1286 6313 4239 58 207 55 6363 5227 395 4811 9648 2464 536 191 115 120 131 2480 452
leaf_count=491445 8488 2275 170 63 19296 12007 190 62 2473 2771 1986 1286 6313 4239 58 207 55 6363 5227 395 4811 9648 2464 536 191 115 120 131 2480 452
internal_value=-1.21247e-12 0.00209886 0.00862451 0.00955895 -7.63584e-05 -0.00494515 0.00719821 0.00545354 0.0234001 -0.00017458 -0.00450101 -0.00680318 -2.84284e-05 0.00622842 0.00197097 0.0173691 -0.013467 -0.0173 -0.000384327 -0.000226665 0.00459078 -0.00597201 -0.0130696 -0.0358304 -0.0494829 -0.0785873 -0.0237163 -0.118633 -0.00621919 -0.0551719
internal_weight=586317 45024 11256 11086 33768 14472 2465 8550 2536 541293 17688 15702 523605 16080 11634 4446 7704 6418 7998 507525 11124 16080 6432 1488 1093 557 235 322 4944 510
internal_count=586317 45024 11256 11086 33768 14472 2465 8550 2536 541293 17688 15702 523605 16080 11634 4446 7704 6418 7998 507525 11124 16080 6432 1488 1093 557 235 322 4944 510
is_linear=0
shrinkage=0.05


Tree=157
num_leaves=31
num_cat=0
split_feature=10 9 11 12 11 6 1 10 5 9 13 13 7 5 10 11 1 7 12 11 1 9 9 12 11 7 5 1 10 4
split_gain=85.3026 126.756 139.663 125.484 129.672 118.363 108.952 230.144 212.528 156.989 111.7 107.131 267.848 130.775 105.229 648.481 507.546 353.607 265.495 233.113 794.925 704.505 652.355 317.696 325.308 252.911 234.816 274.031 329.163 280.516
threshold=-0.9976210594177245 32.891977310180671 0.01290981797501445 14.750000000000002 0.01290981797501445 0.1457263380289078 31.490153312683109 -0.99939814209938038 30.76978969573975 31.560298919677738 81.750000000000014 80.750000000000014 30.815472602844242 32.523389816284187 -0.96683886647224415 -0.20930689573287961 31.427606582641605 26.476396560668949 14.250000000000002 -0.15855351090431211 31.084787368774418 28.570462226867679 31.840371131896976 18.750000000000004 -0.12447465583682059 29.582084655761722 29.610651016235355 30.649191856384281 -0.99052327871322621 1.1035324335098269
decision_type=2 2 2 2 2 2 2 2 2 2 2 2 2 2 2 2 2 2 2 2 2 2 2 2 2 2 2 2 2 2
left_child=1 2 11 4 5 -3 -4 8 -8 -9 -11 -1 -13 -14 15 16 17 -2 -18 20 21 -17 -22 24 26 -25 -21 28 29 -28
right_child=14 3 6 -5 -6 -7 7 9 -10 10 -12 12 13 -15 -16 19 18 -19 -20 23 22 -23 -24 25 -26 -27 27 -29 -30 -31
leaf_value=0.009414797988514462 -0.09366111796385107 -0.039571422875102964 0.0039441479968778609 0.020213275514089475 0.027593094065836439 0.010424675548442279 -0.10672175953319918 -0.022224137748280293 -0.026254549579575362 0.0048995837250865584 0.067355328693818786 0.021789504155843124 -0.039750829859762978 0.00040459001427394577 8.3340388727515548e-05 -0.026324225268819709 1.6185956021972916e-05 0.00059844589707540113 -0.043545510881333648 0.0029789359775296525 -0.037731925849623538 0.041848351407506632 0.015620129185968119 0.041192364968005643 -0.0028157321058203712 0.0045403215202578819 -0.0424727576910644 -0.017599763252529321 -0.027680953115230222 -0.14793031744544127
leaf_weight=4999 104 284 1589 1966 219 203 96 626 565 871 78 522 509 337 538077 464 424 2298 1998 646 1156 2068 1136 508 16464 6404 111 1103 346 146
leaf_count=4999 104 284 1589 1966 219 203 96 626 565 871 78 522 509 337 538077 464 424 2298 1998 646 1156 2068 1136 508 16464 6404 111 1103 346 146
internal_value=-3.9068e-12 0.00402667 0.00148538 0.0137201 -0.00436146 -0.0187312 -0.00606612 -0.0131799 -0.0379412 -0.00278797 0.0100329 0.00602197 -0.00637625 -0.0237551 -9.03284e-05 -0.00273187 -0.0197684 -0.00348273 -0.0359195 -4.18965e-05 0.0100444 0.0293554 -0.0112887 -0.00193308 -0.00530061 0.00723408 -0.0226948 -0.0324164 -0.0595189 -0.102382
internal_weight=586317 12864 10192 2672 706 487 3825 2236 661 1575 949 6367 1368 846 573453 35376 4824 2402 2422 30552 4824 2532 2292 25728 18816 6912 2352 1706 603 257
internal_count=586317 12864 10192 2672 706 487 3825 2236 661 1575 949 6367 1368 846 573453 35376 4824 2402 2422 30552 4824 2532 2292 25728 18816 6912 2352 1706 603 257
is_linear=0
shrinkage=0.05


Tree=158
num_leaves=31
num_cat=0
split_feature=12 13 11 3 1 3 13 12 10 9 11 10 10 3 11 9 1 10 7 5 9 10 11 3 5 9 10 9 2 1
split_gain=84.2267 284.853 223.088 185.166 151.06 144.71 139.005 155.134 149.362 140.73 312.144 305.849 253.498 249.776 243.042 436.158 240.991 346.87 293.279 274.966 236.359 199.351 194.07 275.944 527.842 385.064 418 275.775 267.27 264.097
threshold=13.750000000000002 79.250000000000014 -0.15855351090431211 38.825445175170906 29.916902542114261 38.367488861083991 80.250000000000014 17.250000000000004 0.78829774260520946 29.627904891967777 0.84750953316688549 -0.99052327871322621 -0.97109106183052052 32.770467758178718 -0.97106409072875965 39.845390319824226 33.305685043334968 -0.1330134719610214 31.619047164916996 37.255231857299812 36.63084793090821 0.20088869333267215 -0.87792757153511036 38.948221206665046 35.831071853637702 33.354404449462898 0.41327477991580969 31.286525726318363 0.68011805415153515 33.68474197387696
decision_type=2 2 2 2 2 2 2 2 2 2 2 2 2 2 2 2 2 2 2 2 2 2 2 2 2 2 2 2 2 2
left_child=1 5 3 -3 -4 -1 -2 8 -8 11 14 -9 -13 -14 15 16 20 -18 -19 -20 -11 -21 23 24 27 -26 28 29 -27 -16
right_child=6 2 4 -5 -6 -7 7 9 -10 10 -12 12 13 -15 22 -17 17 18 19 21 -22 -23 -24 -25 25 26 -28 -29 -30 -31
leaf_value=-0.0023282800916167674 0.0008225430154333406 0.013577185731672462 0.011420861303500569 -0.0097634363828670977 -0.003893942927589242 -0.021001966981884966 0.0064884380197297422 0.03438998255174467 -0.0059087714622079483 -0.0049850552013904655 -0.012874591582831014 -0.040171093430270803 0.00059018488322281715 0.034444679072266608 -0.0024648070354271936 -0.082936674347994011 0.043006276178556652 0.010203559476257904 -0.042780580435898684 0.04979471125152727 0.036496316174121753 -0.030926162283266747 -0.0017070411315905296 0.027897435023429493 0.1028494210622739 -0.019245999852896118 0.010257155030768616 0.01753521728892737 -0.062676879468160016 -0.099178027686335754
leaf_weight=80625 341289 6903 2044 969 7586 1051 11505 691 3080 5804 6689 374 27109 556 1531 198 197 452 1617 151 365 155 77736 1242 64 882 699 4087 592 74
leaf_count=80625 341289 6903 2044 969 7586 1051 11505 691 3080 5804 6689 374 27109 556 1531 198 197 452 1617 151 365 155 77736 1242 64 882 699 4087 592 74
internal_value=-6.94441e-13 -0.00132815 0.00446048 0.0107041 -0.000643324 -0.00256857 0.000270402 -0.00102161 0.00387045 -0.00156517 -0.00243178 0.00152767 0.000717806 0.00127058 -0.00170298 -0.00955365 -0.00789139 -0.020749 -0.0260374 -0.0345558 -0.00253074 0.00890669 -0.000895484 0.0059835 0.0025509 -0.0180275 -0.0215876 0.0106384 -0.0366891 -0.00692386
internal_weight=586317 99178 17502 7872 9630 81676 487139 145850 14585 131265 102535 28730 28039 27665 95846 8939 8741 2572 2375 1923 6169 306 86907 9171 7929 2237 2173 5692 1474 1605
internal_count=586317 99178 17502 7872 9630 81676 487139 145850 14585 131265 102535 28730 28039 27665 95846 8939 8741 2572 2375 1923 6169 306 86907 9171 7929 2237 2173 5692 1474 1605
is_linear=0
shrinkage=0.05


Tree=159
num_leaves=31
num_cat=0
split_feature=11 9 10 1 10 6 10 11 11 0 12 9 7 1 11 11 10 7 3 1 5 1 10 9 11 7 12 1 4 9
split_gain=82.587 193.433 191.321 134.086 93.9501 422.935 318.532 330.558 588.108 687.722 571.87 549.38 368.035 291.075 277.294 413.684 263.598 379.138 727.57 521.487 809.777 489.671 493.473 476.239 287.141 281.647 275.431 389.764 406.102 351.625
threshold=0.9969642460346223 32.258962631225593 1.0000000180025095e-35 31.961493492126468 1.0000000180025095e-35 0.60022336244583141 -0.11593352630734442 0.97308227419853222 0.93834263086318981 0.09513250365853311 18.250000000000004 28.447427749633793 30.815472602844242 29.153871536254886 0.96457844972610485 0.88999459147453319 -0.08167563751339911 35.217550277709968 34.151998519897468 33.636152267456062 33.733791351318366 31.705049514770511 -0.04732095077633857 34.49261665344239 -0.9946339726448058 32.064420700073249 16.250000000000004 30.427058219909672 2.0535271167755131 30.243875503540043
decision_type=2 2 2 2 2 2 2 2 2 2 2 2 2 2 2 2 2 2 2 2 2 2 2 2 2 2 2 2 2 2
left_child=4 -2 -3 -4 6 -6 7 8 -1 13 -11 -12 -9 -10 15 -7 24 19 -19 20 25 -22 -23 -21 -8 -18 -26 28 -28 -29
right_child=1 2 3 -5 5 14 16 12 9 10 11 -13 -14 -15 -16 -17 17 18 -20 23 21 22 -24 -25 26 -27 27 29 -30 -31
leaf_value=-2.0879896901329923e-05 -0.0023926482870977039 0.026585384862469016 -0.064539673574941878 -0.01819615372989716 -3.9440331970051446e-05 0.0054807480089651452 -0.033618720819089759 0.0053733682768884296 -0.026267373629805191 0.038995891614679666 0.020483733213160993 -0.15775095028802755 0.03688225734276053 -0.0089452518370355897 -0.026848605740471161 0.052137715615847159 0.0025066432025359908 0.088138821039921975 0.00015215506276224504 -0.014337149759306278 0.10073614382754753 0.072507395759833698 -0.018957764690158474 -0.075697972845624795 0.0056257164391657483 -0.023432479046566965 -0.024714684941276474 -0.037031761919644447 -0.094638277305936325 0.01865229448297177
leaf_weight=249240 13111 131 293 334 246430 38662 1608 10237 4064 1003 97 78 1019 6014 651 481 2730 325 848 1124 273 257 346 440 1896 1697 1362 412 245 909
leaf_count=249240 13111 131 293 334 246430 38662 1608 10237 4064 1003 97 78 1019 6014 651 481 2730 325 848 1124 273 257 346 440 1896 1697 1362 412 245 909
internal_value=1.33128e-13 -0.00381246 -0.0283707 -0.0398527 9.23664e-05 0.000732913 -0.00054818 -0.000163259 -0.000525752 -0.0117051 0.0244442 -0.058958 0.00822585 -0.0159305 0.00551582 0.00605408 -0.00777613 -0.00174051 0.0245304 -0.00622803 0.0012548 0.0451781 0.0200249 -0.0315998 -0.0153207 -0.00743659 -0.0092213 -0.0188354 -0.0353751 0.00128528
internal_weight=586317 13869 758 627 572448 286224 286224 271752 260496 11256 1178 175 11256 10078 39794 39143 14472 8040 1173 6867 5303 876 603 1564 6432 4427 4824 2928 1607 1321
internal_count=586317 13869 758 627 572448 286224 286224 271752 260496 11256 1178 175 11256 10078 39794 39143 14472 8040 1173 6867 5303 876 603 1564 6432 4427 4824 2928 1607 1321
is_linear=0
shrinkage=0.05


Tree=160
num_leaves=31
num_cat=0
split_feature=3 10 10 12 5 10 9 11 11 10 1 9 11 11 10 10 12 9 10 3 7 11 10 9 11 4 13 1 13 9
split_gain=86.14 259.562 605.349 360.062 333.939 412.178 265.712 321.513 263.772 252.541 240.803 274.516 217.845 1163.87 1206.05 846.131 768.621 542.385 488.785 372.546 286.173 260.465 332.063 304.343 271.297 250.739 248.521 259.087 237.096 232.411
threshold=29.801715850830082 0.63209757208824169 0.56314551830291759 16.750000000000004 28.903657913208011 0.59125596284866344 26.480161666870121 0.99962961673736583 -0.73829901218414296 0.26781183481216436 27.748803138732914 29.202995300292972 -0.90146830677986134 -0.73829901218414296 -0.62540480494499195 -0.3657191395759582 14.750000000000002 32.594768524169929 -0.54883790016174305 27.166994094848636 30.306732177734379 -0.14153505116701123 -0.97873103618621815 29.202995300292972 -0.10737737268209456 10.163281917572023 78.750000000000014 31.023309707641605 76.250000000000014 28.512351989746097
decision_type=2 2 2 2 2 2 2 2 2 2 2 2 2 2 2 2 2 2 2 2 2 2 2 2 2 2 2 2 2 2
left_child=1 2 6 -4 5 -5 7 -1 -3 12 11 -11 15 14 16 -8 -14 18 26 -20 -19 22 23 -15 -23 -24 27 -16 -26 -18
right_child=-2 8 3 4 -6 -7 9 -9 -10 10 -12 -13 13 21 17 -17 29 20 19 -21 -22 24 25 -25 28 -27 -28 -29 -30 -31
leaf_value=-0.005463735673762099 -0.00030768024611307475 0.082930769945712801 0.0040271899732333876 -0.18720370012711973 -0.029365042038261891 -0.057651028351721458 0.038558018235352626 -0.068316926728360927 0.012738414418266258 0.013732308285150969 0.013034433817893111 -0.025657441872699433 -0.006697163130115669 -0.0015673989558774772 0.008533470516349553 0.0020235724584013706 -0.033775525463110238 -0.14432429482297202 -0.05233266483454433 -0.0073408939208925196 -0.041745748186610337 -0.03027074706166101 0.0095328334504269363 0.045357616770909069 0.010358240728361509 -0.0047808217218810595 0.042046290747861481 -0.093053649681987191 -0.00029177904933675683 -0.096751333050928368
leaf_weight=9326 466166 141 327 94 366 177 1834 208 2636 830 8240 947 454 521 1280 11663 179 82 593 2053 398 714 10064 1026 5782 4396 609 66 54338 807
leaf_count=9326 466166 141 327 94 366 177 1834 208 2636 830 8240 947 454 521 1280 11663 179 82 593 2053 398 714 10064 1026 5782 4396 609 66 54338 807
internal_value=-3.63415e-12 0.00119375 0.000836287 -0.0386225 -0.0605165 -0.102588 0.00116305 -0.00683498 0.0163024 0.00187652 0.00943436 -0.0072593 0.0010949 0.00014077 -0.0201397 0.00698795 -0.060531 -0.00869239 -0.00341592 -0.0174241 -0.0592696 0.00186184 0.00753684 0.0295542 0.000368599 0.00518132 0.0155435 0.00355223 0.000732479 -0.0853186
internal_weight=586317 120151 117374 964 637 271 116410 9534 2777 106876 10017 1777 96859 83362 6521 13497 1440 5081 4601 2646 480 76841 16007 1547 60834 14460 1955 1346 60120 986
internal_count=586317 120151 117374 964 637 271 116410 9534 2777 106876 10017 1777 96859 83362 6521 13497 1440 5081 4601 2646 480 76841 16007 1547 60834 14460 1955 1346 60120 986
is_linear=0
shrinkage=0.05


Tree=161
num_leaves=31
num_cat=0
split_feature=12 13 11 1 3 1 12 13 1 1 10 1 13 13 11 12 12 10 10 9 13 11 12 3 9 1 11 10 7 11
split_gain=81.2414 261.057 201.854 171.057 143.247 136.388 135.613 195.013 130.213 125.283 124.663 287.054 124.621 144.881 327.513 227.26 140.356 294.197 176.14 426.154 266.79 311.894 273.059 246.862 243.504 224.881 222.905 247.206 278.027 153.243
threshold=13.750000000000002 79.250000000000014 -0.15855351090431211 38.826128005981452 38.476703643798835 30.805282592773441 12.250000000000002 77.750000000000014 29.153871536254886 29.882283210754398 0.85206964612007152 33.129404067993171 80.250000000000014 76.250000000000014 -0.09024826809763907 17.250000000000004 17.750000000000004 0.78829774260520946 0.23448921740055087 39.57866287231446 83.250000000000014 0.30080866813659674 18.750000000000004 33.005100250244148 29.589060783386234 31.896770477294925 -0.45205545425415034 0.15005400776863101 35.822868347167976 -0.25950218737125391
decision_type=2 2 2 2 2 2 2 2 2 2 2 2 2 2 2 2 2 2 2 2 2 2 2 2 2 2 2 2 2 2
left_child=1 6 3 5 9 -3 7 8 -1 -4 11 -8 13 14 15 -2 17 -14 19 20 22 24 -18 -24 -22 -26 27 28 -25 -27
right_child=12 2 4 -5 -6 -7 10 -9 -10 -11 -12 -13 16 -15 -16 -17 18 -19 -20 -21 21 -23 23 26 25 29 -28 -29 -30 -31
leaf_value=0.0024881395253296338 -0.012260529166451987 0.067414192619642863 0.010974056630401356 -0.0095192447497406858 -0.08259158147815264 0.012028037597500802 -0.0030904673113713787 0.0066792470607983769 -0.0081041517377665514 -0.0031002646028181467 0.001220421607977972 -0.01348849080162471 0.0047424536422058577 0.0011525876607840384 0.0022654493723382901 -0.00095556021828860881 -0.00048414578874956046 -0.0075604701740855026 0.00052589897267728346 -0.072564145295905907 0.031157138046851912 -0.0058257152132421518 -0.0065344819019302744 -0.037903134441755429 0.014133389782948556 0.0040309422016351513 -0.0043340509781957552 0.00091765434453219103 -0.14089888323476349 -0.015307398033444908
leaf_weight=5408 9632 113 1998 967 53 6792 42644 8751 6260 7579 10752 7861 23010 303368 20033 8256 20077 6160 49600 222 1020 6930 27151 1300 3981 3318 1114 416 69 1482
leaf_count=5408 9632 113 1998 967 53 6792 42644 8751 6260 7579 10752 7861 23010 303368 20033 8256 20077 6160 49600 222 1020 6930 27151 1300 3981 3318 1114 416 69 1482
internal_value=2.52987e-12 -0.0013044 0.00423717 0.0101762 -0.000617663 0.0129344 -0.00249188 0.00103697 -0.00319473 -0.000164012 -0.00366817 -0.0047089 0.000265567 0.000788362 -0.00212544 -0.00704285 -0.000957775 0.00214437 -0.00173331 -0.00340381 -0.00317416 0.00229288 -0.00499891 -0.00801531 0.0080333 0.00534724 -0.0218843 -0.0328372 -0.0430943 -0.00193977
internal_weight=586317 99178 17502 7872 9630 6905 81676 20419 11668 9577 61257 50505 487139 341289 37921 17888 145850 29170 116680 67080 66858 16731 50127 30050 9801 8781 2899 1785 1369 4800
internal_count=586317 99178 17502 7872 9630 6905 81676 20419 11668 9577 61257 50505 487139 341289 37921 17888 145850 29170 116680 67080 66858 16731 50127 30050 9801 8781 2899 1785 1369 4800
is_linear=0
shrinkage=0.05


Tree=162
num_leaves=31
num_cat=0
split_feature=3 9 11 10 11 11 10 10 10 12 1 1 12 9 0 0 10 10 11 11 10 0 10 4 12 10 10 9 7 2
split_gain=85.3358 242.158 255.392 203.815 184.333 1025.23 863.341 728.183 619.022 603.083 362.515 284.308 241.47 276.013 236.747 200.158 627.445 412.221 569.391 469.099 308.234 256.046 206.092 197.64 194.409 184.742 308.637 242.546 347.533 206.962
threshold=29.277883529663089 25.9338493347168 0.99962961673736583 0.23448921740055087 -0.90146830677986134 -0.73829901218414296 -0.62540480494499195 -0.3657191395759582 -0.54883790016174305 15.750000000000002 30.805282592773441 27.163667678833011 15.250000000000002 27.917654037475589 3.8948996067047124 1.0000000180025095e-35 0.16705007851123813 -0.70252096652984608 -0.69014781713485707 -0.51235243678092945 -0.95747631788253773 14.657021522521974 -0.58429276943206776 0.25746367871761328 16.750000000000004 -0.15005400776863095 -0.09881922602653502 27.834531784057621 26.476396560668949 3.9841341972351079
decision_type=2 2 2 2 2 2 2 2 2 2 2 2 2 2 2 2 2 2 2 2 2 2 2 2 2 2 2 2 2 2
left_child=1 2 -1 4 7 6 9 -3 10 -6 12 24 -8 -14 -9 -7 17 18 21 -20 -21 -17 -19 -11 -10 27 29 -16 -29 -27
right_child=-2 3 -4 -5 5 15 8 14 11 23 -12 -13 13 -15 25 16 -18 22 19 20 -22 -23 -24 -25 -26 26 -28 28 -30 -31
leaf_value=-0.0069942269352618386 -0.00025688555313336782 0.038566291089107169 -0.07612018786968977 0.0086628090367611189 -0.014718343462654724 -0.00020967551912433603 -0.0038788601551345125 -0.0061602099159150893 -0.028610232007228814 -0.143667818599094 -0.06855966311147195 -0.017141786004553003 0.090878194572670129 0.021625070668421963 -0.0090912190604880132 -0.015859332885435794 -0.076836319881520093 0.031466855878101434 0.021344683512240923 0.0086695514000268824 -0.0078241568817469936 -0.073069017025700303 0.011614122862012364 -0.075347961205621497 -0.08621391611122188 0.013617576177738892 0.012617777916434345 -0.082954939732932165 0.027033683654142257 -0.054216014288533003
leaf_weight=5413 496307 1579 137 10325 468 35821 739 4640 297 130 131 1884 175 809 722 503 227 1876 3265 5295 6091 320 4312 570 289 158 933 74 2437 390
leaf_count=5413 496307 1579 137 10325 468 35821 739 4640 297 130 131 1884 175 809 722 503 227 1876 3265 5295 6091 320 4312 570 289 158 933 74 2437 390
internal_value=2.12641e-12 0.00141644 -0.00870058 0.00208125 0.00116462 0.00012765 -0.0205155 0.00715916 -0.0102122 -0.0586587 0.0116238 -0.0266025 0.0177202 0.0339414 0.00185748 0.00209216 0.00585908 0.00672566 0.00236393 0.00463714 -0.000153844 -0.0381037 0.0176328 -0.0880359 -0.0570189 0.00974932 -0.00487527 0.0164487 0.0237923 -0.0346582
internal_weight=586317 90010 5550 84460 74135 63202 5492 10933 4324 1168 1854 2470 1723 984 9354 57710 21889 21662 15474 14651 11386 823 6188 700 586 4714 1481 3233 2511 548
internal_count=586317 90010 5550 84460 74135 63202 5492 10933 4324 1168 1854 2470 1723 984 9354 57710 21889 21662 15474 14651 11386 823 6188 700 586 4714 1481 3233 2511 548
is_linear=0
shrinkage=0.05


Tree=163
num_leaves=31
num_cat=0
split_feature=11 11 9 4 5 12 9 7 10 1 5 3 12 5 10 7 3 9 3 9 1 13 1 7 1 1 11 12 2 12
split_gain=82.9927 321.343 276.985 237.59 252.876 848.198 300.705 229.971 225.666 340.419 1325.92 514.68 305.326 292.617 374.266 261.183 349.824 239.631 227.753 223.501 377.69 222.977 212.917 212.096 205.985 235.366 195.585 202.977 194.264 191.508
threshold=-0.99626126885414112 -0.98798605799674977 40.274217605590827 13.667765140533449 34.806369781494148 16.750000000000004 36.223758697509773 34.43523025512696 0.012910176534205677 33.129404067993171 33.638193130493171 31.669790267944339 16.750000000000004 35.005475997924812 -0.04732095077633857 32.193466186523445 33.308790206909187 34.804851531982429 35.016193389892585 29.92817306518555 32.771314620971687 80.250000000000014 33.305685043334968 34.745615005493171 26.678178787231449 34.743453979492195 -0.99271196126937855 19.250000000000004 0.58390963077545177 15.250000000000002
decision_type=2 2 2 2 2 2 2 2 2 2 2 2 2 2 2 2 2 2 2 2 2 2 2 2 2 2 2 2 2 2
left_child=8 2 3 4 24 6 -6 -7 9 10 15 23 28 14 -12 16 -1 -14 -19 20 -10 -21 -9 -11 29 -26 27 -24 -13 -2
right_child=1 -3 -4 -5 5 7 -8 22 19 11 13 12 17 -15 -16 -17 -18 18 -20 21 -22 -23 26 -25 25 -27 -28 -29 -30 -31
leaf_value=-0.00065657559414388042 -0.016670217931380057 8.0425133447358242e-05 0.10110641913167362 -0.02466304933810709 -0.011850939252729321 -0.010321535454298633 0.037031922146262594 -0.038852666044840591 0.022698320408608877 0.030849176418522129 0.07836300118765871 0.0082226880078110128 -0.024508787951217054 0.10003612999183437 0.0095826905457315759 -0.021249064711944494 0.072449304541906706 -0.11910883004955473 -0.018309158391960127 0.013068277920281103 0.12778992991210247 -0.0098912204560542769 -0.1764957010896519 0.16457111984491349 0.0031877233499118733 -0.023491381748521611 -0.058773404682676 -0.074988629202576998 -0.025454318664433428 -0.10066722240499271
leaf_weight=3024 251 557373 58 1912 811 251 514 408 670 69 362 1290 1446 282 436 1639 173 141 93 4257 98 1407 99 52 7195 934 240 98 641 93
leaf_count=3024 251 557373 58 1912 811 251 514 408 670 69 362 1290 1446 282 436 1639 173 141 93 4257 98 1407 99 52 7195 934 240 98 641 93
internal_value=1.37037e-12 -9.98939e-05 -0.00791278 -0.00840654 -0.00555337 -0.0198046 0.00711192 -0.052345 0.00354249 -0.00129382 0.00616577 -0.0131188 -0.0165178 0.0562552 0.0407838 -0.00502047 0.00329942 -0.0321052 -0.0790474 0.010797 0.0361084 0.00736489 -0.0648278 0.0883165 -0.00148136 0.000122367 -0.0890791 -0.126 -0.00295647 -0.0393787
internal_weight=586317 570237 12864 12806 10894 2421 1325 1096 16080 9648 5916 3732 3611 1080 798 4836 3197 1680 234 6432 768 5664 845 121 8473 8129 437 197 1931 344
internal_count=586317 570237 12864 12806 10894 2421 1325 1096 16080 9648 5916 3732 3611 1080 798 4836 3197 1680 234 6432 768 5664 845 121 8473 8129 437 197 1931 344
is_linear=0
shrinkage=0.05


Tree=164
num_leaves=31
num_cat=0
split_feature=10 10 11 5 4 10 10 1 9 11 7 10 5 10 3 5 9 1 9 1 1 5 10 9 5 9 5 5 11 11
split_gain=79.4531 196.73 234.007 308.893 204.343 195.112 242.524 252.507 657.243 231.393 215.536 327.374 478.15 210.389 280.205 349.625 205.504 414.273 314.512 337.342 295.108 281.65 695.91 264.539 233.564 206.849 206.483 247.358 189.765 187.88
threshold=0.96460527181625377 0.9946616291999818 0.064506059512496008 36.303995132446296 1.0000000180025095e-35 0.94417876005172741 0.91927745938301098 38.367088317871101 39.44108963012696 0.33345642685890203 37.928411483764656 0.93535929918289196 38.14697456359864 0.93228057026863109 34.557439804077156 35.525520324707038 41.532588958740241 39.068861007690437 35.073209762573249 36.314168930053718 35.073339462280281 34.551334381103523 0.94697898626327526 38.587604522705085 36.901132583618171 33.354404449462898 35.224754333496101 36.142290115356452 0.28434865176677709 0.13300977647304538
decision_type=2 2 2 2 2 2 2 2 2 2 2 2 2 2 2 2 2 2 2 2 2 2 2 2 2 2 2 2 2 2
left_child=5 4 -3 -4 29 6 -1 8 13 -9 -10 12 -12 -8 15 -15 17 18 20 24 26 22 -22 -21 -20 -23 -7 28 -28 -2
right_child=1 2 3 -5 -6 16 7 9 10 -11 11 -13 -14 14 -16 -17 -18 -19 19 23 21 25 -24 -25 -26 -27 27 -29 -30 -31
leaf_value=-0.00019874137099737028 0.0063958534540788916 -0.0045054504963402894 -0.0091009590100307788 0.02266567614332482 0.014942588394229581 0.002449375270256795 0.013510349945874007 0.021777205824398457 -0.13373234260882905 -0.036057120505236906 -0.048549979228688325 -0.073631718235326479 0.10508695067837835 -0.015690443582083942 0.0064756792108334547 -0.14671419745065131 0.021358117127965672 -0.025657508970146327 0.013686362573493163 -0.010286144347219991 -0.16279585979763389 0.077907000460168907 -0.0095465951376887664 0.022015234760635494 0.059576581387223382 -0.02515185033920736 -0.014390352037826591 0.058354311292631592 -0.091361890236536666 -0.0021263913261634843
leaf_weight=510741 15408 16080 1255 1961 3999 2144 4522 3149 67 183 138 284 80 1294 3094 53 640 2545 1465 3127 129 51 174 795 342 1074 153 57 168 11145
leaf_count=510741 15408 16080 1255 1961 3999 2144 4522 3149 67 183 138 284 80 1294 3094 53 640 2545 1465 3127 129 51 174 795 342 1074 153 57 168 11145
internal_value=3.63807e-12 0.00190945 -0.00204301 0.0102692 0.00440574 -0.000177423 -2.7963e-05 0.00675247 0.00261077 0.0186008 -0.0494981 -0.0382557 0.00783055 0.00591881 -0.0018112 -0.0208458 -0.00626093 -0.00770695 -0.00298703 0.00449695 -0.0138416 -0.0320039 -0.0747913 -0.00373857 0.0223717 -0.0204798 -0.00355784 -0.0376305 -0.0546745 0.00281884
internal_weight=586317 49848 19296 3216 30552 536469 523605 12864 9532 3332 569 502 218 8963 4441 1347 12864 12224 9679 5729 3950 1428 303 3922 1807 1125 2522 378 321 26553
internal_count=586317 49848 19296 3216 30552 536469 523605 12864 9532 3332 569 502 218 8963 4441 1347 12864 12224 9679 5729 3950 1428 303 3922 1807 1125 2522 378 321 26553
is_linear=0
shrinkage=0.05


Tree=165
num_leaves=31
num_cat=0
split_feature=3 10 10 9 10 11 7 10 11 11 10 10 10 12 1 1 0 11 10 9 7 2 12 9 10 12 0 10 10 11
split_gain=79.0532 240.867 365.951 232.664 232.748 227.262 214.128 352.979 166.458 936.653 713.332 623.596 581.377 428.967 244.016 214.751 212.249 220.519 231.91 222.599 319.536 216.415 212.056 237.622 207.658 192.745 180.385 559.052 361.735 515.109
threshold=29.048268318176273 0.63209757208824169 0.56314551830291759 25.9338493347168 0.23448921740055087 0.99962961673736583 28.686491012573246 0.59125596284866344 -0.90146830677986134 -0.73829901218414296 -0.62540480494499195 -0.3657191395759582 -0.54883790016174305 15.750000000000002 30.932386398315433 27.163667678833011 3.5638910531997685 -0.98798605799674977 -0.11593352630734442 27.834531784057621 26.476396560668949 3.9841341972351079 15.750000000000002 27.739242553710941 -0.18399664759635923 16.750000000000004 1.0000000180025095e-35 0.16705007851123813 -0.70252096652984608 -0.69014781713485707
decision_type=2 2 2 2 2 2 2 2 2 2 2 2 2 2 2 2 2 2 2 2 2 2 2 2 2 2 2 2 2 2
left_child=1 2 3 5 8 -1 7 -4 11 10 13 -5 14 -10 22 25 -13 18 21 24 -21 -18 -12 -24 -19 -14 -11 28 29 -28
right_child=-2 -3 6 4 -6 -7 -8 -9 9 26 12 16 15 -15 -16 -17 17 19 -20 20 -22 -23 23 -25 -26 -27 27 -29 -30 -31
leaf_value=-0.0070601663299654643 -0.00022841220505520141 0.021651301838004754 -0.16115274640288568 0.03757630551447895 0.010981543534316967 -0.072308262871292814 -0.011633574831568206 -0.02963016491331574 -0.017887038253413232 -0.00023462391313687158 -0.0040922609839338878 -0.0064211236504614373 -0.025725499416866016 -0.083882477557310625 -0.072879605517699952 -0.018628208326897346 0.020453971073407087 -0.019882240743868278 0.0075917912186656417 -0.078859017819982696 0.027391990278914126 -0.058390188289168123 0.096760409113352874 0.021695927717284583 0.048731715332854676 -0.084143919023073249 -0.036811994037357354 -0.073332449528653254 0.017330077508486006 0.0047919298168014159
leaf_weight=5156 507731 1452 82 1441 6707 137 253 135 408 30408 739 3967 288 621 82 1642 119 602 830 73 2307 324 123 738 135 277 790 220 5754 12776
leaf_count=5156 507731 1452 82 1441 6707 137 253 135 408 30408 739 3967 288 621 82 1642 119 602 830 73 2307 324 123 738 135 277 790 220 5754 12776
internal_value=-1.94563e-12 0.00147573 0.00109594 0.0013656 0.00211571 -0.008749 -0.0428891 -0.0793299 0.00119614 0.000124111 -0.0206955 0.00719922 -0.0109004 -0.0577152 0.0112442 -0.0277772 0.00196129 0.00953601 -0.00799938 0.0166976 0.024133 -0.0372108 0.0155556 0.0324194 -0.00731388 -0.054366 0.00217406 0.00592243 0.00682492 0.00236917
internal_weight=586317 78586 77134 76664 71371 5293 470 217 64664 54866 4918 9798 3889 1029 1682 2207 8357 4390 1273 3117 2380 443 1600 861 737 565 49948 19540 19320 13566
internal_count=586317 78586 77134 76664 71371 5293 470 217 64664 54866 4918 9798 3889 1029 1682 2207 8357 4390 1273 3117 2380 443 1600 861 737 565 49948 19540 19320 13566
is_linear=0
shrinkage=0.05


Tree=166
num_leaves=31
num_cat=0
split_feature=12 13 11 3 3 12 13 10 1 0 13 11 10 0 11 13 1 7 11 1 9 10 10 7 3 12 10 10 10 9
split_gain=78.0671 236.42 188.355 186.899 130.641 120.812 202.195 133.74 215.999 143.663 118.905 208.874 250.651 201.273 171.454 145.199 133.068 118.145 117.425 131.81 112.235 166.107 112.069 132.588 106.701 339.862 436.346 317.253 233.51 282.006
threshold=13.750000000000002 79.250000000000014 -0.82389250397682179 38.825445175170906 38.367488861083991 12.250000000000002 77.750000000000014 0.85206964612007152 33.085266113281257 0.69578814506530773 76.250000000000014 -0.15855351090431211 0.44437406957149511 16.431917190551761 -0.43663504719734186 78.250000000000014 30.026032447814945 29.658649444580082 0.11593030393123628 30.267227172851566 29.891755104064945 -0.83354803919792164 -0.99984258413314808 29.851087570190433 29.801715850830082 19.250000000000004 -0.94697898626327504 -0.92913278937339772 0.064507851377129569 32.594768524169929
decision_type=2 2 2 2 2 2 2 2 2 2 2 2 2 2 2 2 2 2 2 2 2 2 2 2 2 2 2 2 2 2
left_child=1 4 -3 18 5 6 17 8 10 -10 14 13 20 15 -7 16 -12 -1 -4 -20 21 -13 23 -2 25 28 -27 -28 29 -24
right_child=22 2 3 -5 -6 7 -8 -9 9 -11 11 12 -14 -15 -16 -17 -18 -19 19 -21 -22 -23 24 -25 -26 26 27 -29 -30 -31
leaf_value=0.001498885263696045 0.032102065748269008 0.014636385921363682 0.0084040464630663215 -0.025087241623013637 -0.019923172046115392 -0.006664193995642869 0.0070561540721651708 0.0018860736416282905 -0.0081264517539951561 -0.023910789971652583 0.0049780556279496102 0.0040386576644520084 0.0040741685404107018 -0.019250071329313639 0.0093890855748398686 0.014153211113991572 -0.0065496245784189113 -0.0086059803103835913 0.0081461226864082224 -0.0055101955023642716 -0.015886632653931955 -0.010086920675547152 0.0031100894707758908 0.0047368643334679793 -0.00014010269373096947 0.026871822044063787 -0.067679709163494403 -0.0044140595029051001 0.009810268922264366 -0.012894085126454558
leaf_weight=6364 560 3360 5422 633 1051 2759 8467 10322 5749 1924 5868 2624 4050 1154 4188 2225 4366 5303 2608 5479 5201 10061 47459 2112 398721 1130 200 21509 12526 2922
leaf_count=6364 560 3360 5422 633 1051 2759 8467 10322 5749 1924 5868 2624 4050 1154 4188 2225 4366 5303 2608 5479 5201 10061 47459 2112 398721 1130 200 21509 12526 2922
internal_value=-1.88999e-12 -0.00127866 0.00399494 0.00146664 -0.00240872 -0.00218041 0.00117442 -0.00329704 -0.00436344 -0.0120844 -0.00296937 -0.00413855 -0.00715778 0.00072665 0.00301353 0.00257697 6.01495e-05 -0.00309408 0.00271089 -0.00110613 -0.00970108 -0.00716492 0.000260327 0.0104721 0.000204006 0.00180412 -0.00342015 -0.00499691 0.00370084 0.00218188
internal_weight=586317 99178 17502 14142 81676 80625 20134 60491 50169 7673 42496 35549 21936 13613 6947 12459 10234 11667 13509 8087 17886 12685 487139 2672 484467 85746 22839 21709 62907 50381
internal_count=586317 99178 17502 14142 81676 80625 20134 60491 50169 7673 42496 35549 21936 13613 6947 12459 10234 11667 13509 8087 17886 12685 487139 2672 484467 85746 22839 21709 62907 50381
is_linear=0
shrinkage=0.05


Tree=167
num_leaves=31
num_cat=0
split_feature=9 10 10 13 1 12 3 10 1 10 3 1 9 12 10 11 10 10 9 12 3 11 9 13 10 3 9 5 10 12
split_gain=77.0786 128.647 325.077 312.604 264.11 174.574 188.576 246.316 98.8568 94.6055 87.5283 87.6116 359.167 274.064 394.622 613.346 777.441 290.453 267.228 276.76 262.906 242.418 237.898 234.057 232.777 232.065 219.274 207.872 205.447 198.487
threshold=43.448387145996101 0.50495636463165294 0.5772862732410432 77.750000000000014 43.429134368896491 18.750000000000004 43.408536911010749 0.49002411961555487 43.429134368896491 0.93535929918289196 43.408536911010749 34.49452209472657 38.263473510742195 19.250000000000004 -0.7721494436264037 -0.46734189987182612 -0.86095303297042836 -0.71466678380966175 32.741127014160163 15.250000000000002 36.647703170776374 -0.99981480836868275 34.318099975585945 81.750000000000014 0.95992380380630504 35.375600814819343 40.126045227050788 36.901132583618171 0.45972847938537603 18.250000000000004
decision_type=2 2 2 2 2 2 2 2 2 2 2 2 2 2 2 2 2 2 2 2 2 2 2 2 2 2 2 2 2 2
left_child=10 5 3 4 -3 -2 7 8 -7 -4 11 12 24 14 15 16 18 -16 -13 -20 26 -19 -18 -23 29 27 -14 -26 -22 -1
right_child=1 2 9 -5 -6 6 -8 -9 -10 -11 -12 13 20 -15 17 -17 22 21 19 -21 28 23 -24 -25 25 -27 -28 -29 -30 -31
leaf_value=0.00088461765159740253 0.10824439604558163 -0.15150269295959223 0.021440592190215324 -0.0059700748941082489 -0.013456655866466464 0.0050146805850619621 0.087128233665853372 -0.095376679080503957 0.084075165492518311 -0.02575208734935866 0.012420670096043467 -0.03379360148587178 0.025666882030051182 0.0032559634909748144 0.037051423434521162 -0.0049744114853077521 -0.050421607668565516 -0.033330042633348114 -0.081086683269380275 -0.18051662915858671 -0.036918910252066645 -0.00084569256134026148 -0.0009224060864066471 -0.008764564032918724 0.0063880241049064455 0.0490210800368229 0.085750699477442516 0.091291663377252349 0.025557199111898188 -0.0014396325638638442
leaf_weight=264757 67 82 1150 372 60 165 81 54 52 117 1407 97 1242 30630 488 3650 410 599 142 138 287 122281 595 10102 5792 356 173 73 243 140655
leaf_count=264757 67 82 1150 372 60 165 81 54 52 117 1407 97 1242 30630 488 3650 410 599 142 138 287 122281 595 10102 5792 356 173 73 243 140655
internal_value=-4.11855e-13 0.00934134 0.00347681 -0.0300613 -0.0931734 0.0342691 0.0201886 0.000180776 0.0239601 0.0170826 -3.51829e-05 -6.52586e-05 0.000326807 -0.00102398 -0.00197049 -0.0157158 -0.0440849 -0.00145228 -0.105315 -0.130091 0.0217624 -0.00159357 -0.0211161 -0.00144997 0.000225522 0.00982402 0.0330128 0.0074448 -0.0082742 7.82345e-05
internal_weight=586317 2200 1781 514 142 419 352 271 217 1267 584117 582710 413578 169132 138502 5032 1382 133470 377 280 1945 132982 1005 132383 411633 6221 1415 5865 530 405412
internal_count=586317 2200 1781 514 142 419 352 271 217 1267 584117 582710 413578 169132 138502 5032 1382 133470 377 280 1945 132982 1005 132383 411633 6221 1415 5865 530 405412
is_linear=0
shrinkage=0.05


Tree=168
num_leaves=31
num_cat=0
split_feature=11 11 9 2 4 10 10 1 5 3 12 5 10 7 3 3 7 9 10 12 13 5 12 10 1 9 1 3 9 10
split_gain=78.8954 285.146 237.047 214.649 229.947 254.676 200.285 301.305 1022.87 542.247 316.716 299.368 447.888 312.683 268.718 239.129 301.527 435.857 417.737 224.843 259.185 211.157 220.345 349.53 389.923 244.396 379.14 190.11 189.33 189.306
threshold=-0.99626126885414112 -0.98798605799674977 40.274217605590827 16.518680572509769 16.492280006408695 0.13301347196102145 0.012910176534205677 33.636152267456062 34.742454528808601 31.669790267944339 16.750000000000004 33.491357803344734 -0.04732095077633857 32.193466186523445 32.516479492187507 31.858166694641117 33.358106613159187 34.318099975585945 -0.030120026320219036 16.750000000000004 81.250000000000014 32.926755905151374 16.750000000000004 0.047320950776338584 30.129017829895023 34.556671142578132 35.448331832885749 32.58448791503907 34.804851531982429 0.047320950776338584
decision_type=2 2 2 2 2 2 2 2 2 2 2 2 2 2 2 2 2 2 2 2 2 2 2 2 2 2 2 2 2 2
left_child=6 2 3 4 5 -2 7 8 11 -9 -11 13 -13 14 -1 16 18 -18 19 -15 -21 29 -23 -24 -25 26 -26 -7 -12 -8
right_child=1 -3 -4 -5 -6 27 21 9 -10 10 28 12 -14 15 -16 -17 17 -19 -20 20 -22 22 23 24 25 -27 -28 -29 -30 -31
leaf_value=-0.0023941984716713445 -5.6367355990674402e-05 7.2463074475847649e-05 0.093396635970164996 -0.025441940652969487 -0.026507167410487205 0.0046585170737472341 0.0087182812891901818 0.12752004500591393 0.077459865703816175 -0.0028134795924415813 -0.027081977492664014 0.062210697048259059 -0.002131040039117149 -0.0029576951741344401 0.038865400933823624 -0.039998456871896952 0.07719730867693822 -0.043226803612346071 0.028350620845537536 -0.14248641420248129 -0.018697368210324875 0.015385604524186469 0.017707936151664917 0.077916061260144831 -0.0059435954714291703 -0.077311303866157075 -0.11570828284906305 -0.036798719732176501 -0.077427371706508638 0.032403043046290873
leaf_weight=2852 8811 557373 58 1537 1170 402 2006 66 452 1645 1075 440 702 90 458 938 210 117 191 121 65 1354 615 77 543 289 92 886 226 1456
leaf_count=2852 8811 557373 58 1537 1170 402 2006 66 452 1645 1075 440 702 90 458 938 210 117 191 121 65 1354 615 77 543 289 92 886 226 1456
internal_value=8.74809e-13 -9.73968e-05 -0.00745711 -0.00791389 -0.0055232 -0.00309215 0.00345394 -0.0011023 0.0048506 -0.0142177 -0.017393 -0.000456541 0.0226591 -0.00569218 0.00331483 -0.0229053 -0.00271223 0.0341098 -0.0284955 -0.0678347 -0.0992268 0.0102883 0.000507247 -0.0119589 -0.0301858 -0.0391943 -0.0218465 -0.0238594 -0.0358276 0.0186793
internal_weight=586317 570237 12864 12806 11269 10099 16080 9648 6636 3012 2946 6184 1142 5042 3310 1732 794 327 467 276 186 6432 2970 1616 1001 924 635 1288 1301 3462
internal_count=586317 570237 12864 12806 11269 10099 16080 9648 6636 3012 2946 6184 1142 5042 3310 1732 794 327 467 276 186 6432 2970 1616 1001 924 635 1288 1301 3462
is_linear=0
shrinkage=0.05


Tree=169
num_leaves=31
num_cat=0
split_feature=11 11 11 12 9 3 1 3 8 5 11 4 10 13 11 10 3 12 0 12 10 10 10 10 10 9 9 10 10 12
split_gain=75.6099 522.636 539.106 438.869 435.623 387.994 449.053 366.873 302.616 297.592 296.373 289.911 284.596 277.369 284.876 351.827 291.517 285.422 268.368 295.521 274.315 265.862 252.443 378.698 233.719 233.736 232.688 231.207 564.164 288.082
threshold=0.54882264137268078 0.63207998871803295 0.69635042548179638 19.750000000000004 33.263797760009773 36.311624526977546 30.062276840209964 30.091538429260257 0.11438101902604104 29.727758407592777 0.49001051485538488 1.0000000180025095e-35 0.77758994698524486 76.250000000000014 0.41326330602169042 -0.88606244325637806 30.32827186584473 16.750000000000004 3.3230007886886601 13.750000000000002 -0.27609442174434656 0.11593352630734445 0.50495636463165294 0.44437406957149511 0.83827194571495067 33.731683731079109 30.629525184631351 -0.3415676057338714 -0.22611359506845471 15.250000000000002
decision_type=2 2 2 2 2 2 2 2 2 2 2 2 2 2 2 2 2 2 2 2 2 2 2 2 2 2 2 2 2 2
left_child=10 5 4 7 11 6 8 18 -2 12 13 -3 -8 -1 -15 17 26 -16 19 20 -4 -20 23 27 25 -12 -17 29 -29 -21
right_child=1 2 3 -5 -6 -7 9 -9 -10 -11 24 -13 -14 14 15 16 -18 -19 21 22 -22 -23 -24 -25 -26 -27 -28 28 -30 -31
leaf_value=-0.0042540659111704997 -0.013101414721330418 0.0071636873318907893 -0.013339431918099135 -0.0092673101772890645 0.027325574272804048 -0.03376148871841237 -0.0057093697942588277 -0.0024657832342790606 -0.052189251008065075 -0.0051026599987221396 0.012780327623580227 -0.021268752092230676 0.063977773955325418 0.00083694298382856649 -0.032729754831235226 -0.0039864181578683584 0.00088826636542146682 -0.0070489167955994914 0.020472817583983074 -0.0050462058986833177 0.00062194594575587742 -0.014338836040885117 -0.011461052927777198 0.029594906008046665 0.0011118202526520791 0.064768705893324549 -0.066157874747179449 -0.014310739532047506 0.0047537775360579565 0.014810484699430103
leaf_weight=32912 1257 12471 5200 14079 2643 1422 277 70937 817 15212 6208 966 311 341504 1896 302 9702 2520 3511 2351 10879 650 2479 1504 6432 224 300 4609 24553 8189
leaf_count=32912 1257 12471 5200 14079 2643 1422 277 70937 817 15212 6208 966 311 341504 1896 302 9702 2520 3511 2351 10879 650 2479 1504 6432 224 300 4609 24553 8189
internal_value=2.97588e-13 -0.000838539 7.18996e-05 -0.000867117 0.00876954 -0.00862469 -0.00662488 9.82617e-06 -0.0284991 -0.00375355 0.00038447 0.00511965 0.031149 0.000137632 0.000543386 -0.00626713 -0.00120665 -0.0180749 0.00275699 0.00190216 -0.00389321 0.0150348 0.00403524 0.00496752 0.00785134 0.0145909 -0.0349689 0.00403458 0.00174067 0.0103814
internal_weight=586317 184317 165021 148941 16080 19296 17874 134862 2074 15800 402000 13437 588 389136 356224 14720 10304 4416 63925 59764 16079 4161 43685 41206 12864 6432 602 39702 29162 10540
internal_count=586317 184317 165021 148941 16080 19296 17874 134862 2074 15800 402000 13437 588 389136 356224 14720 10304 4416 63925 59764 16079 4161 43685 41206 12864 6432 602 39702 29162 10540
is_linear=0
shrinkage=0.05


Tree=170
num_leaves=31
num_cat=0
split_feature=1 10 10 9 10 11 5 7 11 11 3 10 11 10 10 7 10 10 9 10 11 11 4 10 9 9 3 11 12 4
split_gain=75.0523 144.483 130.803 188.49 138.955 122.632 108.859 106.482 111.424 230.837 105.635 211.23 167.289 334.55 308.547 255.306 192.229 195.304 213.823 177.751 164.838 165.774 180.282 161.708 300.132 238.02 154.712 150.656 297.96 261.821
threshold=25.505497932434086 -0.16705007851123807 0.44437406957149511 28.004171371459964 0.45972847938537603 -0.98208922147750843 24.818144798278812 25.926727294921879 -0.88603779673576344 -0.67758968472480763 29.048268318176273 0.23448921740055087 0.87377473711967479 0.6186656951904298 0.56314551830291759 28.686491012573246 0.44437406957149511 0.31718835234642034 26.231262207031254 0.59125596284866344 -0.73829901218414296 0.57727023959159862 0.18223535269498828 0.39753912389278417 27.53487586975098 27.16437911987305 25.515925407409672 0.75546532869339 18.750000000000004 1.0000000180025095e-35
decision_type=2 2 2 2 2 2 2 2 2 2 2 2 2 2 2 2 2 2 2 2 2 2 2 2 2 2 2 2 2 2
left_child=1 5 3 6 -4 -1 -3 -7 -9 -10 11 -2 13 14 -13 19 17 -14 -19 -16 -15 -22 -23 25 -25 -20 -18 -12 -29 -30
right_child=10 2 4 -5 -6 7 -8 8 9 -11 27 12 16 20 15 -17 26 18 23 -21 21 22 -24 24 -26 -27 -28 28 29 -31
leaf_value=0.061463392931872453 0.00084034241226116173 -0.044061933504300009 0.061039438129015522 -0.056315425549835631 -0.011451437497141878 -0.019476328113017763 -0.00027046091538554653 0.030208240094199642 -0.038568818405198324 0.0059122407418178537 0.00020264387359730188 -0.0036597636868670614 0.0216024127869993 0.077696019597351562 -0.1527013964826105 -0.014384291639564457 -0.016633915644887042 -0.057593039795135463 -0.049135698864291255 -0.048907492343470998 -0.019183385620069087 0.013665119820945953 0.067376253373896411 0.059824925985768301 -0.030872585010120884 0.020428402218496754 0.042540517140054676 -0.00045711873927598517 -0.0063796817065079935 -0.047561110115050799
leaf_weight=78 65394 198 89 383 257 683 501 323 348 1802 414022 1683 1989 110 82 180 127 150 136 83 294 879 190 109 559 1283 848 71600 21544 393
leaf_count=78 65394 198 89 383 257 683 501 323 348 1802 414022 1683 1989 110 82 180 127 150 136 83 294 879 190 109 559 1283 848 71600 21544 393
internal_value=1.59024e-13 -0.00631877 -0.0195652 -0.0281225 0.00719506 -0.000469702 -0.0126749 -0.00200037 0.00282619 -0.00128748 5.06453e-05 0.00181419 0.00913248 0.000682772 -0.0124898 -0.0555652 0.0148203 0.0102032 6.76669e-05 -0.10049 0.0188186 0.0140669 0.0232115 0.00421194 -0.0160731 0.0137612 0.0348327 -0.000206806 -0.00201915 -0.00711744
internal_weight=586317 4662 1428 1082 346 3234 699 3156 2473 2150 581655 74096 8702 3501 2028 345 5201 4226 2237 165 1473 1363 1069 2087 668 1419 975 507559 93537 21937
internal_count=586317 4662 1428 1082 346 3234 699 3156 2473 2150 581655 74096 8702 3501 2028 345 5201 4226 2237 165 1473 1363 1069 2087 668 1419 975 507559 93537 21937
is_linear=0
shrinkage=0.05


Tree=171
num_leaves=31
num_cat=0
split_feature=12 13 11 3 3 12 13 10 1 0 13 11 10 0 11 13 1 2 13 12 9 11 10 10 3 11 9 1 10 9
split_gain=72.2999 214.202 169.722 168.799 117.849 109.287 183.945 118.435 195.843 125.311 112.374 176.671 221.722 179.794 152.789 125.99 123.54 108.41 108.283 127.446 131.23 299.608 266.383 245.426 233.83 199.382 368.3 230.558 236.499 224.222
threshold=13.750000000000002 79.250000000000014 -0.82389250397682179 38.825445175170906 38.367488861083991 12.250000000000002 78.250000000000014 0.85206964612007152 33.129404067993171 0.69578814506530773 76.250000000000014 -0.15855351090431211 0.42888796329498297 16.431917190551761 -0.43663504719734186 78.250000000000014 30.026032447814945 1.0000000180025095e-35 80.250000000000014 17.250000000000004 29.705581665039066 0.84750953316688549 -0.99052327871322621 -0.97109106183052052 32.770467758178718 -0.97106409072875965 40.432950973510749 33.536117553710945 -0.1330134719610214 37.933809280395515
decision_type=2 2 2 2 2 2 2 2 2 2 2 2 2 2 2 2 2 2 2 2 2 2 2 2 2 2 2 2 2 2
left_child=1 4 -3 -4 5 6 -1 8 10 -10 14 13 -13 15 -7 16 -12 -18 -2 -20 22 25 -21 -24 -25 26 27 29 -29 -22
right_child=18 2 3 -5 -6 7 -8 -9 9 -11 11 12 -14 -15 -16 -17 17 -19 19 20 21 -23 23 24 -26 -27 -28 28 -30 -31
leaf_value=-0.0018522361811491542 0.00073784738476991994 0.01389055636224969 0.0025716501600032606 -0.023846197359048357 -0.018941059824689379 -0.0061584827356887407 0.0088341678821177178 0.0017261707988765577 -0.007869385795604077 -0.022776167565357011 0.0046140330676104355 -0.0092022042529311208 0.0035478705058596539 -0.018345716623399882 0.0089848815535132614 0.012870006021220735 0.00039788900567769243 -0.015430060839850374 0.0035442479133121064 0.03117157201139642 -0.0041496304338317627 -0.012909265305420126 -0.037401835756125323 0.00067525573946750214 0.032559250194207363 -0.00081527298872472462 -0.094607990219189642 0.039147116288122744 -0.025162347717462397 0.053235854385154595
leaf_weight=14569 341289 3360 13509 633 1051 2763 5565 10322 5646 1879 5868 17759 4220 1161 4194 2274 2495 1910 14585 739 6234 6181 415 28215 587 86264 123 153 2179 175
leaf_count=14569 341289 3360 13509 633 1051 2763 5565 10322 5646 1879 5868 17759 4220 1161 4194 2274 2495 1910 14585 739 6234 6181 415 28215 587 86264 123 153 2179 175
internal_value=3.45726e-13 -0.00123053 0.00378917 0.00138918 -0.00230618 -0.00208933 0.00110147 -0.00315136 -0.00415489 -0.0115916 -0.0028426 -0.00397586 -0.00675417 0.000478807 0.00297063 0.00222068 -0.000136624 -0.00646508 0.000250527 -0.000889804 -0.00138248 -0.00224214 0.00152486 0.000774989 0.00132507 -0.00154904 -0.00869004 -0.00748104 -0.0209431 -0.0025827
internal_weight=586317 99178 17502 14142 81676 80625 20134 60491 50169 7525 42644 35687 21979 13708 6957 12547 10273 4405 487139 145850 131265 101309 29956 29217 28802 95128 8864 8741 2332 6409
internal_count=586317 99178 17502 14142 81676 80625 20134 60491 50169 7525 42644 35687 21979 13708 6957 12547 10273 4405 487139 145850 131265 101309 29956 29217 28802 95128 8864 8741 2332 6409
is_linear=0
shrinkage=0.05


Tree=172
num_leaves=31
num_cat=0
split_feature=11 11 9 7 12 1 9 1 12 9 7 10 12 3 7 10 10 5 10 13 12 1 5 12 1 10 5 12 3 0
split_gain=71.6608 256.368 214.043 205.451 803.108 451.965 402.725 252.952 235.766 208.697 185.397 260.443 349.165 220.77 489.25 409.648 415.627 503.522 347.468 308.96 270.831 359.998 542.257 260.144 325.737 394.209 445.86 225.51 195.504 194.841
threshold=-0.99626126885414112 -0.98798605799674977 40.274217605590827 34.809295654296882 17.750000000000004 33.441390991210945 36.059276580810554 26.860832214355472 14.750000000000002 33.135114669799812 32.126644134521491 0.064507851377129569 16.750000000000004 32.965085983276374 34.867086410522468 -0.030120026320219036 -0.064507851377129541 32.086416244506843 1.0000000180025095e-35 80.750000000000014 15.750000000000002 31.084787368774418 33.003767013549812 16.750000000000004 33.636152267456062 -0.030120026320219036 33.171957015991218 18.750000000000004 31.988174438476566 7.8494913578033456
decision_type=2 2 2 2 2 2 2 2 2 2 2 2 2 2 2 2 2 2 2 2 2 2 2 2 2 2 2 2 2 2
left_child=10 2 3 7 6 -6 9 8 -2 -5 11 28 -13 14 15 16 17 29 -16 -17 -18 22 -22 -15 25 26 -25 -23 -1 -12
right_child=1 -3 -4 4 5 -7 -8 -9 -10 -11 13 12 -14 23 18 19 20 -19 -20 -21 21 27 -24 24 -26 -27 -28 -29 -30 -31
leaf_value=0.00072129230610494218 -0.011827982833762123 6.8236549671154339e-05 0.088764066377590448 -0.11623050040668913 -0.024007464056538586 -0.087478285487051541 0.025712000496295174 -0.0021584156977799171 -0.083808840961074049 -0.015163338688531225 -0.0016100412309169769 0.0044840793446039758 0.088533113598862678 0.0031652469952258341 0.10416293903585012 0.023827490487464829 0.0069971881654673539 0.052134559541451235 0.017112602983878285 -0.020054760305755114 -0.087563381857565944 -0.14715705770312956 0.08511771564553311 -0.047522208497330951 -0.032509008373819669 -0.017878385316667689 0.068146190623903355 -0.054587199555003442 0.020696019654783751 -0.13525283495585125
leaf_weight=3853 298 557373 58 54 634 503 884 9305 184 944 50 257 238 3229 211 1732 153 274 251 522 111 152 77 111 1618 935 334 116 1796 60
leaf_count=3853 298 557373 58 54 634 503 884 9305 184 944 50 257 238 3229 211 1732 153 274 251 522 111 152 77 111 1618 935 334 116 1796 60
internal_value=2.65072e-12 -9.28239e-05 -0.00707127 -0.00750532 -0.0189081 -0.0520865 0.00113643 -0.0039879 -0.0393062 -0.0206319 0.00329177 0.0101192 0.0448955 -0.000930036 0.00872704 0.0018771 -0.0248799 0.0158573 0.0568694 0.0136649 -0.0505663 -0.0698804 -0.0168376 -0.0066821 -0.0172882 0.000557661 0.0392941 -0.10709 0.0070719 -0.0745061
internal_weight=586317 570237 12864 12806 3019 1137 1882 9787 482 998 16080 6144 495 9936 3709 3247 993 384 462 2254 609 456 188 6227 2998 1380 445 268 5649 110
internal_count=586317 570237 12864 12806 3019 1137 1882 9787 482 998 16080 6144 495 9936 3709 3247 993 384 462 2254 609 456 188 6227 2998 1380 445 268 5649 110
is_linear=0
shrinkage=0.05


Tree=173
num_leaves=31
num_cat=0
split_feature=9 10 10 13 12 3 10 1 10 13 3 1 9 12 10 11 10 9 12 10 9 4 13 3 10 3 5 11 5 10
split_gain=68.2189 116.128 293.348 282.25 157.532 170.18 222.285 89.218 86.8236 88.9085 77.8975 81.5926 331.609 259.128 342.27 597.881 719.008 270.831 260.218 258.94 243.613 255.765 217.357 215.415 197.957 216.128 200.694 192.267 190.653 183.1
threshold=43.448387145996101 0.50495636463165294 0.5772862732410432 77.250000000000014 18.750000000000004 43.408536911010749 0.49002411961555487 43.429134368896491 0.86095303297042858 79.750000000000014 43.408536911010749 34.43524360656739 38.263473510742195 19.250000000000004 -0.7721494436264037 -0.46734189987182612 -0.86095303297042836 32.630741119384773 15.250000000000002 -0.71466678380966175 33.177276611328132 1.0000000180025095e-35 82.250000000000014 36.647703170776374 0.95992380380630504 35.375600814819343 36.901132583618171 -0.99981480836868275 38.14697456359864 -0.94697898626327504
decision_type=2 2 2 2 2 2 2 2 2 2 2 2 2 2 2 2 2 2 2 2 2 2 2 2 2 2 2 2 2 2
left_child=10 4 3 -3 -2 6 7 -6 9 -4 11 12 24 14 15 16 17 -13 -19 -16 -18 -22 27 -14 -1 26 -26 -21 -25 -15
right_child=1 2 8 -5 5 -7 -8 -9 -10 -11 -12 13 23 29 19 -17 20 18 -20 22 21 -23 -24 28 25 -27 -28 -29 -30 -31
leaf_value=9.0215956425059461e-05 0.10274386788482098 -0.11247319301279884 0.031379487193283317 -0.012266999213043587 0.0046809305510286132 0.082687260507732452 -0.090687133328713199 0.079788278021778056 -0.0025461238312978317 -0.017765387342799279 0.011717528190898002 -0.021910801457918502 0.031472321140189295 0.027788009731670189 0.034164265224444178 -0.0041835503378394468 -0.068754063118339162 -0.073694194892478013 -0.16581932022119139 -0.029119713600984573 -0.026856929350399478 0.032356553896298788 -0.010290020727090211 -0.052418231782147509 0.0059055069831214875 0.048775561605647798 0.090501839929903072 -0.00093547404006795768 0.013896710380379644 0.0025638578797572229
leaf_weight=403430 67 84 745 430 165 81 54 52 417 105 1407 88 1380 737 510 3972 207 148 159 608 580 266 6728 157 5584 327 71 127211 350 30197
leaf_count=403430 67 84 745 430 165 81 54 52 417 105 1407 88 1380 737 510 3972 207 148 159 608 580 266 6728 157 5584 327 71 127211 350 30197
internal_value=2.38229e-12 0.00878809 0.0032162 -0.0286431 0.0324719 0.0190963 8.94421e-05 0.022679 0.016141 0.0253086 -3.30992e-05 -6.1472e-05 0.000320481 -0.000977964 -0.00189023 -0.0142102 -0.0417144 -0.0992409 -0.121407 -0.00139582 -0.0201351 -0.00823898 -0.00153061 0.0212326 0.000224096 0.00925302 0.00696764 -0.00106954 -0.00663869 0.00316482
internal_weight=586317 2200 1781 514 419 352 271 217 1267 850 584117 582710 411299 171411 140477 5420 1448 395 307 135057 1053 846 134547 1887 409412 5982 5655 127819 507 30934
internal_count=586317 2200 1781 514 419 352 271 217 1267 850 584117 582710 411299 171411 140477 5420 1448 395 307 135057 1053 846 134547 1887 409412 5982 5655 127819 507 30934
is_linear=0
shrinkage=0.05


Tree=174
num_leaves=31
num_cat=0
split_feature=11 9 10 7 11 10 12 9 13 1 11 10 3 12 2 1 10 5 10 1 13 12 11 10 7 3 10 11 11 9
split_gain=67.8803 174.762 171.738 123.918 89.3773 269.098 291.52 236.715 386.889 228.793 185.085 241.836 289.52 682.579 188.77 183.79 183.593 174.062 170.145 194.35 140.602 265.743 259.812 183.429 224.413 161.828 254.074 730.651 407.092 382.124
threshold=0.9969642460346223 32.258962631225593 1.0000000180025095e-35 32.77949523925782 0.97308227419853222 -0.14153897762298581 18.750000000000004 29.50916957855225 80.250000000000014 30.7116813659668 0.9549313783645631 -0.25950939953327173 29.185934066772464 16.750000000000004 0.44604834914207464 29.291071891784672 0.13301347196102145 32.183784484863288 0.15005400776863101 27.01949501037598 76.750000000000014 16.750000000000004 -0.5702211558818816 0.69636976718902599 30.815472602844242 29.185934066772464 -0.42888796329498285 -0.69014781713485707 -0.51235243678092945 25.9338493347168
decision_type=2 2 2 2 2 2 2 2 2 2 2 2 2 2 2 2 2 2 2 2 2 2 2 2 2 2 2 2 2 2
left_child=4 -2 -3 -4 10 9 -7 8 16 -6 20 12 13 -12 -15 -10 -8 -13 -9 -20 21 22 23 -1 -25 26 27 -22 -29 -30
right_child=1 2 3 -5 5 6 7 18 15 -11 11 17 -14 14 -16 -17 -18 -19 19 -21 25 -23 -24 24 -26 -27 -28 28 29 -31
leaf_value=-0.0072206121183276397 -0.0021068298722474546 0.025268273061774107 -0.058765284437968426 -0.014247257268279304 0.0080010719024976827 0.0033798490039418996 -0.05260353645837057 0.020591338675449374 -0.0104961348389158 0.038313870310872411 -0.00077290085153308794 -0.00064635100463452039 -0.0049284985997722942 -0.063492906534468471 -0.16098894515005802 0.025466743435565223 -0.017763949472581784 -0.034662548208485092 -0.098311617970466614 -0.0041676695708104767 -0.017227179896221221 0.0015311410578113666 -0.0014827570403924382 -0.095101579697359176 -0.019721444227656749 0.00014336091403733224 0.0080795872251486975 0.022223067500971333 -0.043125364479864647 0.0028132128262475468
leaf_weight=16160 13111 131 330 297 7360 15288 809 906 2067 680 701 9256 1845 616 54 429 710 392 60 635 4847 36960 34880 105 1655 399791 17168 2773 466 15835
leaf_count=16160 13111 131 330 297 7360 15288 809 906 2067 680 701 9256 1845 616 54 429 710 392 60 635 4847 36960 34880 105 1655 399791 17168 2773 466 15835
internal_value=-3.13351e-13 -0.00345638 -0.0267993 -0.0376778 8.37395e-05 0.00279105 -0.000198872 -0.00994095 -0.0164231 0.0105648 -6.04367e-05 -0.00598649 -0.0178607 -0.0352639 -0.0713508 -0.00431502 -0.0363191 -0.00202844 0.00631517 -0.0122952 8.32253e-05 -0.00172056 -0.00399675 -0.00889005 -0.0242186 0.000450463 0.00343853 0.000107656 0.00451271 0.00149996
internal_weight=586317 13869 758 627 572448 28944 20904 5616 4015 8040 543504 12864 3216 1371 670 2496 1519 9648 1601 695 530640 89760 52800 17920 1760 440880 41089 23921 19074 16301
internal_count=586317 13869 758 627 572448 28944 20904 5616 4015 8040 543504 12864 3216 1371 670 2496 1519 9648 1601 695 530640 89760 52800 17920 1760 440880 41089 23921 19074 16301
is_linear=0
shrinkage=0.05


Tree=175
num_leaves=31
num_cat=0
split_feature=10 11 5 9 1 10 5 12 7 5 9 13 9 9 1 1 4 10 10 8 12 9 1 11 7 7 11 4 1 11
split_gain=67.3271 143.399 167.589 300.589 177.288 165.385 144.993 132.846 131.081 128.314 113.451 108.275 161.996 100.487 98.4199 97.9062 84.0255 76.3562 768.013 360.346 349.353 576.756 743.307 997.722 547.828 446.853 324.1 336.731 290.526 1007.77
threshold=-0.99939814209938038 -1.0000000180025095e-35 30.554695129394535 29.964596748352054 32.057044982910163 -0.99984258413314808 29.840383529663089 14.250000000000002 33.012615203857429 29.188932418823246 28.004171371459964 80.750000000000014 30.8515739440918 30.035624504089359 29.54171180725098 31.363744735717777 2.009072065353394 -0.23448921740055081 -0.30901412665843958 0.55960154533386242 16.250000000000004 31.407091140747074 32.151718139648445 -0.95744973421096791 31.80521392822266 34.809295654296882 -0.83352491259574879 0.12160332128405572 28.860654830932621 0.94968265295028698
decision_type=2 2 2 2 2 2 2 2 2 2 2 2 2 2 2 2 2 2 2 2 2 2 2 2 2 2 2 2 2 2
left_child=1 9 3 -3 7 -5 -7 -4 13 -1 15 -12 -13 -6 -9 -11 -10 18 -2 26 25 22 24 -24 28 -20 -19 -28 29 -22
right_child=17 2 4 5 8 6 -8 14 16 10 11 12 -14 -15 -16 -17 -18 19 20 -21 21 -23 23 -25 -26 -27 27 -29 -30 -31
leaf_value=0.034163580625567382 -2.4495148133453195e-05 0.0037740471029826558 -0.028168809834316796 -0.023017898009566124 0.016064405237706619 -0.15123893101699651 -0.050483045034469924 -0.010955758419752654 -6.1537879493856883e-05 0.011566352825611831 0.015869870723859033 0.031506770302991524 -0.025409657020936723 -0.028113628953862803 0.030065824908165225 -0.081813343870453539 0.047968558181165757 -0.0041600776925718895 0.0014535952569696543 0.0042252089432592748 0.028207403408171013 0.0047828852262464076 -0.1223929865864407 0.017854996853629533 -0.10605347200814222 -0.055302422436241644 -8.3556931279592597e-05 0.0069402266938522975 -0.0086837527535522062 -0.049771205620264769
leaf_weight=566 228336 366 142 120 156 74 69 175 368 50 1938 178 420 736 889 64 121 45131 5317 52768 542 2089 408 184 180 371 220684 18494 3622 1759
leaf_count=566 228336 366 142 120 156 74 69 175 368 50 1938 178 420 736 889 64 121 45131 5317 52768 542 2089 408 184 180 371 220684 18494 3622 1759
internal_value=-5.96717e-12 0.00508741 -0.0023783 -0.025526 0.00324981 -0.066301 -0.102622 0.0172565 -0.00898192 0.0125531 0.00793744 0.0101309 -0.00846798 -0.0203874 0.0233189 -0.0408573 0.0118232 -5.64288e-05 -0.000732441 0.000430525 -0.0119022 -0.0181536 -0.0253103 -0.0788024 -0.0201215 -0.00224832 -0.000273771 0.000459544 -0.01751 -0.0314034
internal_weight=586317 6432 3216 629 2587 263 143 1206 1381 3216 2650 2536 598 892 1064 114 489 579885 242808 337077 14472 8784 6695 592 6103 5688 284309 239178 5923 2301
internal_count=586317 6432 3216 629 2587 263 143 1206 1381 3216 2650 2536 598 892 1064 114 489 579885 242808 337077 14472 8784 6695 592 6103 5688 284309 239178 5923 2301
is_linear=0
shrinkage=0.05


Tree=176
num_leaves=31
num_cat=0
split_feature=11 11 2 9 10 0 7 13 0 9 10 1 5 3 5 10 9 7 3 2 9 1 13 3 12 7 7 12 10 5
split_gain=67.0562 233.746 203.606 215.342 208.468 228.405 272.739 221.533 216.903 204.108 172.09 258.199 1049.41 400.792 232.811 277.033 230.949 201.561 293.921 198.238 191.959 336.431 180.158 169.119 168.513 167.067 166.043 165.372 291.458 340.157
threshold=-0.99626126885414112 -0.98798605799674977 16.518680572509769 40.274217605590827 0.11593352630734445 5.5766096115112314 34.43523025512696 77.750000000000014 0.10630507022142412 36.544006347656257 0.012910176534205677 33.085266113281257 33.638193130493171 31.669790267944339 35.005475997924812 -0.04732095077633857 37.530128479003913 32.126644134521491 33.261857986450202 0.27685493230819708 29.92817306518555 32.887042999267585 80.250000000000014 29.491782188415531 16.750000000000004 34.745615005493171 31.004045486450199 15.250000000000002 -0.04732095077633857 31.144608497619632
decision_type=2 2 2 2 2 2 2 2 2 2 2 2 2 2 2 2 2 2 2 2 2 2 2 2 2 2 2 2 2 2
left_child=10 2 3 4 5 -2 7 -7 -6 -8 11 12 17 25 15 -14 19 18 27 24 21 -12 -22 -19 -15 -13 -21 -1 29 -29
right_child=1 -3 -4 -5 8 6 9 -9 -10 -11 20 13 14 16 -16 -17 -18 23 -20 26 22 -23 -24 -25 -26 -27 -28 28 -30 -31
leaf_value=-0.014221141225508214 0.0037850082820266983 6.3998327061488955e-05 -0.0237982144832657 0.096117054403952837 -0.032965123807180384 -0.032485801858906586 -0.066172265313278009 0.007113708508741593 -0.0049253346866847143 0.011978660834332307 0.020543385031605403 0.027902005659416321 0.069344642635736489 0.0062980667007523283 0.09002749333690141 0.0090750330913159337 0.052904011573522328 0.046801471523940569 0.066303204520252249 0.039045992122250212 0.011465238288677133 0.12105794443895944 -0.009172387516451868 -0.022233177838801008 -0.022325476366658627 0.14551571584664857 -0.034594987066357767 -0.05572114059297989 0.025899761711507843 0.017325408484458047
leaf_weight=1267 6328 557373 1542 53 1184 518 369 1110 1652 108 673 72 352 1144 279 416 124 94 174 81 4257 95 1407 1578 934 52 1392 300 1049 340
leaf_count=1267 6328 557373 1542 53 1184 518 369 1110 1652 108 673 72 352 1144 279 416 124 94 174 81 4257 95 1407 1578 934 52 1392 300 1049 340
internal_value=-5.24844e-13 -8.97922e-05 -0.00675325 -0.00443181 -0.00490471 -0.000960959 -0.0152282 -0.00548614 -0.0166317 -0.0484777 0.00318426 -0.00103911 0.00555297 -0.0111884 0.0509095 0.0366986 -0.0141715 -0.0043363 0.00315071 -0.0165138 0.00951931 0.0329768 0.00633862 -0.018352 -0.00656738 0.0772239 -0.0305455 -0.000566657 0.00967623 -0.0169152
internal_weight=586317 570237 12864 11322 11269 8433 2105 1628 2836 477 16080 9648 5849 3799 1047 768 3675 4802 3130 3551 6432 768 5664 1672 2078 124 1473 2956 1689 640
internal_count=586317 570237 12864 11322 11269 8433 2105 1628 2836 477 16080 9648 5849 3799 1047 768 3675 4802 3130 3551 6432 768 5664 1672 2078 124 1473 2956 1689 640
is_linear=0
shrinkage=0.05


Tree=177
num_leaves=31
num_cat=0
split_feature=12 13 11 1 9 10 12 13 10 10 3 9 11 1 1 10 11 1 10 1 1 11 10 13 13 7 1 1 12 13
split_gain=65.7751 248.452 218.204 227.68 183.601 216.138 198.762 287.132 190.295 301.437 171.313 164.088 162.678 234.235 143.709 186.249 187.657 143.496 159.568 142.118 134.909 132.433 287.932 222.959 193.798 153.229 128.89 127.561 126.057 616
threshold=14.250000000000002 79.250000000000014 -0.15855351090431211 33.837114334106452 29.891755104064945 0.85206964612007152 12.750000000000002 77.250000000000014 -0.81403854489326466 -0.78297284245491017 38.948221206665046 33.731683731079109 -0.15855351090431211 34.43524360656739 33.938793182373054 0.53436762094497692 -0.72658059000968922 30.026032447814945 0.44437406957149511 29.916902542114261 26.488616943359379 0.77756834030151378 -0.49750867486000055 76.250000000000014 76.750000000000014 24.816866874694828 24.853873252868656 39.321441650390632 16.250000000000004 77.250000000000014
decision_type=2 2 2 2 2 2 2 2 2 2 2 2 2 2 2 2 2 2 2 2 2 2 2 2 2 2 2 2 2 2
left_child=1 4 3 11 8 6 7 -6 -1 20 19 -3 13 -9 15 -8 -17 18 21 -4 -10 24 -23 -24 26 -26 -11 -7 29 -2
right_child=28 2 10 -5 5 27 14 12 9 17 -12 -13 -14 -15 -16 16 -18 -19 -20 -21 -22 22 23 -25 25 -27 -28 -29 -30 -31
leaf_value=0.006815389372636739 -0.0036171976780614264 0.043553945313251463 0.0098552021293299725 0.0055761018883496846 -0.015816024369952102 0.0014121043456103279 -0.0089682833270063704 0.012533581125022109 -0.088822284089617953 -0.025798213000384304 -0.08799345794998642 0.013033482841482119 -0.0048433695075706185 -0.0047849477778615385 -0.015309129613879272 0.027555195616162254 -0.0016313108357133782 -0.0088203898781624799 0.017646110906554959 -0.0030731192815735466 -0.023145094611446735 -0.02244177306776074 0.016383985353743472 -0.0031859566878405807 -0.057639280086383228 0.014526945912561415 0.0010114062537203965 -0.031686526062155794 -0.00017291304917028624 0.0045063785926034257
leaf_weight=9335 35004 720 2693 8642 2885 17571 16481 5173 86 486 56 1134 5931 3136 5775 632 4283 4369 1361 10091 861 1696 1693 10371 75 3818 5781 296 355874 70008
leaf_count=9335 35004 720 2693 8642 2885 17571 16481 5173 86 486 56 1134 5931 3136 5775 632 4283 4369 1361 10091 861 1696 1693 10371 75 3818 5781 296 355874 70008
internal_value=-6.89123e-13 -0.00101515 0.0036394 0.00898699 -0.00207904 -0.00377846 -0.00565092 -0.0014321 0.000566471 -0.00134004 -0.000731964 0.0248861 0.00148206 0.00599719 -0.00830991 -0.00642075 0.00212166 -0.00045311 0.000992903 -0.000349717 -0.0291094 4.53689e-05 -0.00315151 -0.000439611 0.00437499 0.0131366 -0.00106765 0.000863764 0.000276274 0.00179852
internal_weight=586317 125431 23336 10496 102095 62163 44296 17125 39932 30597 12840 1854 14240 8309 27171 21396 4915 29650 25281 12784 947 23920 13760 12064 10160 3893 6267 17867 460886 105012
internal_count=586317 125431 23336 10496 102095 62163 44296 17125 39932 30597 12840 1854 14240 8309 27171 21396 4915 29650 25281 12784 947 23920 13760 12064 10160 3893 6267 17867 460886 105012
is_linear=0
shrinkage=0.05


Tree=178
num_leaves=31
num_cat=0
split_feature=3 10 10 9 11 9 10 10 11 11 10 10 10 10 7 2 12 12 5 12 5 10 7 11 10 1 1 10 10 10
split_gain=65.6048 190.535 302.963 185.294 204.216 184.914 259.585 259.043 222.838 782.194 1060.42 643.8 310.566 379.353 290.437 270.446 241.261 195.858 192.905 178.789 215.703 353.189 175.156 166.56 164.434 168.206 160.577 186.796 268.086 158.186
threshold=29.048268318176273 0.63209757208824169 0.56314551830291759 25.9338493347168 0.99962961673736583 29.817021369934086 0.51973900198936474 0.44437406957149511 -0.90146830677986134 -0.74979865550994862 -0.63874351978301991 -0.3334656953811645 -0.28435654938220972 -0.15005400776863095 28.686491012573246 2.2002706527709965 17.250000000000004 19.250000000000004 29.003168106079105 17.250000000000004 29.003168106079105 0.59125596284866344 33.789379119873054 -0.99626126885414112 -0.90149331092834462 28.860654830932621 28.860654830932621 -0.99052327871322621 -0.97873103618621815 0.16705007851123813
decision_type=2 2 2 2 2 2 2 2 2 2 2 2 2 2 2 2 2 2 2 2 2 2 2 2 2 2 2 2 2 2
left_child=1 2 3 4 -1 7 8 24 11 10 -10 22 18 15 -12 -14 -16 -17 -13 -4 21 -21 -7 -15 25 -5 -11 -28 -29 -30
right_child=-2 -3 19 5 -6 6 -8 -9 9 26 14 12 13 23 16 17 -18 -19 -20 20 -22 -23 -24 -25 -26 -27 27 28 29 -31
leaf_value=-0.0061735782181448588 -0.00020807853068273679 0.01928859300683607 0.006925161105137293 0.017887805155744813 -0.068024905280883077 0.049553346932124015 -0.081555600340167678 0.025284939865085405 -0.14742211478558137 -0.0050672519562510324 -0.071762738022301348 -0.07333822506884842 -0.020120894845424748 0.012434520103955127 -0.041624329937201172 0.058093217073198415 0.0013102892432137309 0.0006134319899654191 -0.0054516771911949039 -0.18660787359783146 -0.0082405608020722863 -0.045125436097124411 -0.028442247763562661 -0.023257649544096898 0.00198409937673105 -0.0011385654899293877 -0.016313478867465561 0.048523847308269773 0.0028146275109007558 0.030091250473345817
leaf_weight=5156 507731 1452 146 3413 137 933 102 1338 187 8241 250 230 223 481 498 549 954 203 192 66 125 133 78 1020 43572 1761 886 387 5282 591
leaf_count=5156 507731 1452 146 3413 137 933 102 1338 187 8241 250 230 223 481 498 549 954 203 192 66 125 133 78 1020 43572 1761 886 387 5282 591
internal_value=9.13248e-13 0.00134436 0.00100657 0.00125193 -0.00777449 0.00192134 -0.00198245 0.00358055 -0.00159933 -0.00403861 -0.0344031 0.00918117 -0.00280385 0.00395353 -0.0219857 0.0282367 -0.0134152 0.0425767 -0.0424515 -0.0390145 -0.0597157 -0.0920493 0.0435359 -0.01182 0.0029848 0.0114121 -0.000310876 0.00517433 0.00821558 0.00555947
internal_weight=586317 78586 77134 76664 5293 71371 21287 50084 21185 17276 1889 3909 2898 2476 1702 975 1452 752 422 470 324 199 1011 1501 48746 5174 15387 7146 6260 5873
internal_count=586317 78586 77134 76664 5293 71371 21287 50084 21185 17276 1889 3909 2898 2476 1702 975 1452 752 422 470 324 199 1011 1501 48746 5174 15387 7146 6260 5873
is_linear=0
shrinkage=0.05


Tree=179
num_leaves=31
num_cat=0
split_feature=12 13 11 1 3 1 10 1 10 12 7 11 13 10 11 2 10 1 10 9 10 10 2 8 7 10 10 8 5 13
split_gain=63.8807 186.763 185.692 222.866 185.702 134.365 142.442 122.58 113.492 109.758 105.548 153.671 285.026 181.003 151.31 130.75 192.134 120.804 119.37 150.002 104.904 104.744 160.37 126.465 124.13 104.273 235.032 133.44 129.341 96.2822
threshold=13.750000000000002 78.750000000000014 -0.15855351090431211 32.84704780578614 38.588819503784187 28.242001533508304 -0.7721494436264037 38.826128005981452 -0.49750867486000055 13.250000000000002 29.658649444580082 0.59123954176902782 76.250000000000014 -0.25950939953327173 -0.99937036633491505 0.090418130159378066 0.86095303297042858 24.853873252868656 -0.78297284245491017 28.799597740173343 0.51973900198936474 -0.62540480494499195 1.0000000180025095e-35 19.034853935241703 24.816866874694828 -0.92263099551200856 -0.86958134174346913 6.1067888736724862 32.663663864135749 80.250000000000014
decision_type=2 2 2 2 2 2 2 2 2 2 2 2 2 2 2 2 2 2 2 2 2 2 2 2 2 2 2 2 2 2
left_child=1 10 3 -3 5 6 -4 9 25 -5 11 14 -13 18 -1 -12 -17 -16 19 -14 -15 24 -23 -24 -20 27 -27 28 -7 -2
right_child=29 2 4 7 -6 8 -8 -9 -10 -11 15 12 13 20 17 16 -18 -19 21 -21 -22 22 23 -25 -26 26 -28 -29 -30 -31
leaf_value=-0.028338197369104617 0.00069501294864146666 0.024467111046245531 -0.025661824790877294 0.0092378930269379229 -0.078363567043859994 0.010728139706844846 0.026128099669287436 -0.010477696421672251 0.00097945840327643796 -0.0022724138954054256 -0.0024430813749141025 0.011859813144095174 -0.078860672194269954 -0.0040610589795624643 -0.01927281321575134 -0.011626175267604837 0.0060258075672347498 0.00485995636622839 -0.06266169373471385 0.015516553393375696 0.016429399064296461 -0.025282399705586003 0.0024964637070574417 -0.076081867809234954 0.0022716270605440277 -0.044642858028418803 -0.0075844659598517557 0.020232578940198843 -0.016335679203387923 -0.0008397984899475103
leaf_weight=371 341289 1543 160 7447 78 669 780 1261 9847 2869 29377 2345 147 6092 538 9504 1840 14358 78 59 696 2255 989 54 1305 537 2105 576 1298 145850
leaf_count=371 341289 1543 160 7447 78 669 780 1261 9847 2869 29377 2345 147 6092 538 9504 1840 14358 78 59 696 2255 989 54 1305 537 2105 576 1298 145850
internal_value=-2.02102e-12 -0.00115666 0.00220469 0.00661703 -0.00140216 -0.00102632 0.0173128 0.00423794 -0.00217312 0.00603674 -0.00255723 -0.000267977 -0.00404745 -0.00724253 0.00320279 -0.00420368 -0.00876302 0.00398835 -0.0145798 -0.0518303 -0.00196009 -0.0129405 -0.0177839 -0.00157183 -0.00139056 -0.0081603 -0.0151168 -0.000933001 -0.00713095 0.000235489
internal_weight=586317 99178 29170 13120 16050 15972 940 11577 15032 10316 70008 29287 14020 11675 15267 40721 11344 14896 4887 206 6788 4681 3298 1043 1383 5185 2642 2543 1967 487139
internal_count=586317 99178 29170 13120 16050 15972 940 11577 15032 10316 70008 29287 14020 11675 15267 40721 11344 14896 4887 206 6788 4681 3298 1043 1383 5185 2642 2543 1967 487139
is_linear=0
shrinkage=0.05


Tree=180
num_leaves=31
num_cat=0
split_feature=10 7 10 11 1 7 7 2 9 5 12 12 3 4 3 13 10 11 10 5 0 11 9 1 5 12 3 10 10 1
split_gain=62.1451 122.198 109.779 586.327 448.415 349.142 245.314 221.113 228.583 223.131 223.611 197.502 242.055 191.018 228.157 172.258 169.725 968.252 647.642 548.853 359.1 321.246 471.595 448.79 704.776 445.621 425.593 458.484 317.418 868.687
threshold=-0.9976210594177245 32.493694305419929 -0.96683886647224415 -0.20930689573287961 31.176130294799808 27.168518066406254 29.778153419494632 0.37010806798934942 32.891977310180671 33.394929885864265 14.750000000000002 15.750000000000002 33.782379150390632 1.0000000180025095e-35 30.458866119384769 83.250000000000014 -0.90149331092834462 -0.40541070699691767 -0.8779519498348235 31.512630462646488 5.8738958835601816 -0.32533003389835352 29.467936515808109 32.553670883178718 31.115818023681644 15.750000000000002 31.891805648803714 -0.92263099551200856 -0.81403854489326466 34.258369445800788
decision_type=2 2 2 2 2 2 2 2 2 2 2 2 2 2 2 2 2 2 2 2 2 2 2 2 2 2 2 2 2 2
left_child=1 -1 3 4 5 -2 -6 9 -9 13 -11 -8 -13 14 -5 -12 17 20 19 -18 -4 22 -19 24 -24 -26 27 -27 29 -20
right_child=2 -3 16 7 6 -7 11 8 -10 10 15 12 -14 -15 -16 -17 18 21 28 -21 -22 -23 23 -25 25 26 -28 -29 -30 -31
leaf_value=0.00026093280874874963 -0.068275347146210752 0.010914322842996826 0.041009313210402687 0.0038526671531616541 -0.069714283554674503 0.0043180283365802444 -0.0052413600841043993 0.0013834312262643541 0.017996500307052882 -0.015563086902044871 0.014168353577810697 -0.02930451951501406 -0.090210321411817673 -0.00054145365431790846 -0.018650530210664661 -0.028902395317272751 -0.027486421930260008 0.013656668793234751 0.0080078372195551573 -0.0031711713219771051 0.0051260307675488857 0.0037171171624452316 -0.006245176267729715 0.00094958595699209166 -0.012003846673798732 -0.062380207394430932 -0.10497539675330846 0.05125789307399628 -0.00016172872168918905 -0.040196829111113462
leaf_weight=9029 181 3835 2194 1449 381 1951 746 12171 2495 1015 3250 1380 185 4863 5059 250 3886 1939 21535 5762 1022 24120 1926 2626 488 478 474 109 470541 977
leaf_count=9029 181 3835 2194 1449 381 1951 746 12171 2495 1015 3250 1380 185 4863 5059 250 3886 1939 21535 5762 1022 24120 1926 2626 488 478 474 109 470541 977
internal_value=-2.1339e-12 0.00343691 -7.70985e-05 -0.00277514 -0.0189746 -0.00184492 -0.032541 -0.000217321 0.00420967 -0.00430433 0.00509967 -0.0264125 -0.0365042 -0.00803831 -0.0136402 0.0110919 0.000100285 0.00344779 -0.000135285 -0.0129648 0.0296061 0.000831956 -0.00782353 -0.0146503 -0.0264389 -0.0515473 -0.0697351 -0.0412788 0.000115761 0.0059158
internal_weight=586317 12864 573453 35376 4824 2132 2692 30552 14666 15886 4515 2311 1565 11371 6508 3500 538077 35376 502701 9648 3216 32160 8040 6101 3475 1549 1061 587 493053 22512
internal_count=586317 12864 573453 35376 4824 2132 2692 30552 14666 15886 4515 2311 1565 11371 6508 3500 538077 35376 502701 9648 3216 32160 8040 6101 3475 1549 1061 587 493053 22512
is_linear=0
shrinkage=0.05


Tree=181
num_leaves=31
num_cat=0
split_feature=10 11 7 3 9 11 12 13 3 5 13 0 9 9 10 0 12 10 1 9 11 3 9 3 5 10 1 11 9 3
split_gain=62.0363 208.015 233.029 230.885 281.161 203.14 165.89 212.235 274.263 165.535 159.359 157.561 133.406 122.579 122.525 252.97 243.389 213.787 229.328 599.846 209.348 199.207 195.393 286.235 256.906 380.472 403.773 257.241 194.617 186.953
threshold=0.97109106183052074 -0.12447465583682059 41.799314498901374 38.825445175170906 39.313549041748054 -0.021515300963073965 18.750000000000004 79.250000000000014 38.703609466552741 39.598205566406257 82.250000000000014 0.1638973727822304 37.438150405883796 41.532588958740241 0.94417876005172741 0.12855588644742968 17.250000000000004 0.91927745938301098 38.367088317871101 38.940244674682624 0.33345642685890203 35.231376647949226 40.75471496582032 39.589756011962898 35.90802192687989 0.94697898626327526 35.913198471069343 0.28434865176677709 35.366125106811531 34.943683624267585
decision_type=2 2 2 2 2 2 2 2 2 2 2 2 2 2 2 2 2 2 2 2 2 2 2 2 2 2 2 2 2 2
left_child=14 2 3 4 11 -3 7 9 -9 -7 -8 -2 -10 -4 17 16 28 -1 19 29 -20 -18 23 24 25 -23 27 -27 -16 -19
right_child=1 5 13 -5 -6 6 10 8 12 -11 -12 -13 -14 -15 15 -17 21 18 20 -21 -22 22 -24 -25 -26 26 -28 -29 -30 -31
leaf_value=-0.00017041025337396142 0.0018630328080925255 -0.0063106336835284495 0.0070615224167704582 0.018849347663327101 -0.053531196715221524 0.0057945305742235203 0.013978150206927612 -0.0048943404830491671 -0.085444451726556236 -0.012684328747087135 -0.0035278644319979425 0.021710877537911497 -0.026914480504824125 -0.081783141249960126 -0.010970394488291874 0.012572097379334055 0.00063322153306557335 -0.002071118213784225 0.020668723255233976 -0.04026491153863318 -0.03434166482930763 -0.11530886841041071 0.0039922778354616459 -0.043829491696995432 -0.0071930932924730382 0.001195688044999213 0.0064812436214456946 -0.095606013583263399 0.0054206684313082643 0.012618304993992514
leaf_weight=510741 6022 9648 60 3655 210 10388 4680 5432 143 1372 1800 1199 305 110 2771 1986 2052 3896 3149 758 183 135 887 1108 2747 98 448 229 5227 4878
leaf_count=510741 6022 9648 60 3655 210 10388 4680 5432 143 1372 1800 1199 305 110 2771 1986 2052 3896 3149 758 183 135 887 1108 2747 98 448 229 5227 4878
internal_value=5.17221e-13 0.00178329 0.00766977 0.00856065 0.00350006 -0.000178875 0.00227383 -0.00023939 -0.0079955 0.00363866 0.00911537 0.00515864 -0.045597 -0.0504262 -0.000148331 -0.00424122 -0.00636778 -1.00687e-05 0.00635599 0.00240896 0.0176474 -0.0127105 -0.017555 -0.021566 -0.0148207 -0.0378458 -0.0243523 -0.0665951 -0.000258206 0.00609563
internal_weight=586317 45024 11256 11086 7431 33768 24120 17640 5880 11760 6480 7221 448 170 541293 17688 15702 523605 12864 9532 3332 7704 5652 4765 3657 910 775 327 7998 8774
internal_count=586317 45024 11256 11086 7431 33768 24120 17640 5880 11760 6480 7221 448 170 541293 17688 15702 523605 12864 9532 3332 7704 5652 4765 3657 910 775 327 7998 8774
is_linear=0
shrinkage=0.05


Tree=182
num_leaves=31
num_cat=0
split_feature=9 10 10 13 1 3 1 1 10 10 3 1 9 12 10 11 10 10 12 9 3 9 10 13 11 9 10 3 10 11
split_gain=61.5639 106.386 261.987 262.31 236.272 144.074 246.702 227.879 186.424 83.4022 69.4589 79.0275 287.799 230.661 321.728 469.973 620.59 233.692 222.52 305.369 209.976 203.951 242.196 189.864 197.84 185.497 180.523 188.552 179.587 177.9
threshold=43.448387145996101 0.50495636463165294 0.5772862732410432 77.750000000000014 43.429134368896491 42.090364456176765 42.44023513793946 39.321441650390632 0.49002411961555487 0.93535929918289196 43.408536911010749 34.49452209472657 38.263473510742195 19.250000000000004 -0.7721494436264037 -0.46734189987182612 -0.86095303297042836 -0.71466678380966175 15.750000000000002 33.589101791381843 36.647703170776374 34.556671142578132 -0.81403854489326466 81.750000000000014 0.57727023959159862 39.718400955200202 0.95992380380630504 35.375600814819343 0.45972847938537603 0.61864846944808971
decision_type=2 2 2 2 2 2 2 2 2 2 2 2 2 2 2 2 2 2 2 2 2 2 2 2 2 2 2 2 2 2
left_child=10 5 3 4 -3 6 7 -2 -7 -4 11 12 26 14 15 16 18 -16 19 -13 25 -18 -23 29 -25 -14 -1 -28 -22 -19
right_child=1 2 9 -5 -6 8 -8 -9 -10 -11 -12 13 20 -15 17 -17 21 23 -20 -21 28 22 -24 24 -26 -27 27 -29 -30 -31
leaf_value=9.3755894424731083e-05 0.028525411787753304 -0.14007516930379518 0.019321564714950713 -0.005024500983186974 -0.0095069812082995975 0.027322261518282001 0.084566784009118295 -0.089768622252099875 0.13200870968974554 -0.024988776318824443 0.011064472433446186 0.020453437226273023 0.020166176749955064 0.0029576652335844282 0.033167972754912269 -0.0048456387866825856 -0.042116193599601198 -0.0012527534520363225 -0.13709487369710424 -0.10484632977422466 -0.034122385414972749 0.044902448667226758 -0.024531546688553427 -0.0074390027171157974 -0.084951811997466778 0.064457509653138317 0.0065316431148629067 0.044007978234224261 0.024289488888474053 0.01113706203868187
leaf_weight=405412 84 82 1150 372 60 123 68 79 65 117 1407 76 1115 30630 488 3650 480 119879 166 135 287 208 317 10051 83 300 5865 356 243 2969
leaf_count=405412 84 82 1150 372 60 123 68 79 65 117 1407 76 1115 30630 488 3650 480 119879 166 135 287 208 317 10051 83 300 5865 356 243 2969
internal_value=-2.39701e-12 0.00834844 0.00301539 -0.0270928 -0.0849055 0.0310171 0.0045669 -0.0288073 0.063517 0.0152298 -3.14433e-05 -5.82353e-05 0.000314128 -0.000968774 -0.00183711 -0.0142481 -0.0390811 -0.0013692 -0.0937866 -0.0597147 0.0195022 -0.0185598 0.00297754 -0.00149594 -0.00807385 0.0295566 0.000223463 0.00867625 -0.00734109 -0.000953315
internal_weight=586317 2200 1781 514 142 419 231 163 188 1267 584117 582710 413578 169132 138502 5032 1382 133470 377 211 1945 1005 525 132982 10134 1415 411633 6221 530 122848
internal_count=586317 2200 1781 514 142 419 231 163 188 1267 584117 582710 413578 169132 138502 5032 1382 133470 377 211 1945 1005 525 132982 10134 1415 411633 6221 530 122848
is_linear=0
shrinkage=0.05


Tree=183
num_leaves=31
num_cat=0
split_feature=13 12 11 13 11 3 10 1 11 12 1 9 10 10 10 10 9 11 10 10 2 10 9 11 3 5 10 10 1 8
split_gain=61.3242 277.919 253.212 202.881 197.278 447.331 421.969 395.592 363.681 275.693 246.084 425.213 407.378 768.185 673.459 1386.71 805.062 384.283 356.545 408.942 324.924 330.974 275.164 270.744 244.653 243.477 231.539 560.371 527.962 514.621
threshold=76.750000000000014 12.750000000000002 -0.09024826809763907 76.250000000000014 0.54882264137268078 35.676717758178718 -0.76109719276428212 30.234247207641605 0.69635042548179638 19.750000000000004 29.733201026916507 29.817021369934086 -0.39753912389278406 -0.3657191395759582 -0.67760851979255665 -0.62540480494499195 32.931301116943366 -0.14153505116701123 -0.95747631788253773 -0.8520696461200713 26.504524230957035 -0.73831951618194569 31.163386344909672 0.49001051485538488 30.391736030578617 31.328165054321293 -0.40542197227478022 -0.54883790016174305 31.023309707641605 3.1383514404296879
decision_type=2 2 2 2 2 2 2 2 2 2 2 2 2 2 2 2 2 2 2 2 2 2 2 2 2 2 2 2 2 2
left_child=1 3 -3 -1 10 6 7 -6 -8 24 11 20 14 -14 17 -16 -17 18 -13 22 -2 -22 -20 -12 -10 -15 27 29 -29 -26
right_child=4 2 -4 -5 5 -7 8 -9 9 -11 23 12 13 25 15 16 -18 -19 19 -21 21 -23 -24 -25 26 -27 -28 28 -30 -31
leaf_value=-0.0017887021617989558 0.015687212653940436 -0.003013070997329744 0.0023746957523370204 -0.014974986326433251 -0.030920243497997608 -0.024118105732483824 0.0063649674546656966 -0.0058538873828581205 0.0016861612007869906 -0.0082363745752526262 0.00019623917730923952 0.029546369047811556 0.091860233919793061 -0.00028418689457610668 -0.087020738171383269 0.0087827976385722577 -0.06182102524917002 -0.01018293980766705 0.013346671954297057 0.016934218432284109 0.025607554496803183 -0.021756365036123385 -0.021394287479687201 0.0086871900798885827 0.0010810303704536222 0.021890612474845288 -0.00103263679788947 -0.007915804490862155 -0.04635069240459469 -0.044189195867949289
leaf_weight=5834 10550 41280 46230 5834 2003 2110 18088 7349 61221 12595 292147 1616 285 3468 692 1856 516 4204 817 2583 527 1229 1885 9700 8474 1925 37023 1946 1652 678
leaf_count=5834 10550 41280 46230 5834 2003 2110 18088 7349 61221 12595 292147 1616 285 3468 692 1856 516 4204 817 2583 527 1229 1885 9700 8474 1925 37023 1946 1652 678
internal_value=-1.58411e-12 -0.00113328 -0.000166808 -0.00838184 0.000230728 -0.00125525 -0.00093584 -0.0112226 -0.000256821 -0.00122596 0.000912051 0.0050704 0.000542744 0.0118588 -0.00399197 -0.0247445 -0.00657621 0.0017339 0.00899348 0.002709 0.0123726 -0.00754179 -0.0108897 0.0004691 -0.000430455 0.00763098 -0.0030339 -0.00884511 -0.025563 -0.00227269
internal_weight=586317 99178 87510 11668 487139 153139 151029 9352 141677 123589 334000 32153 19847 5678 14169 3064 2372 11105 6901 5285 12306 1756 2702 301847 110994 5393 49773 12750 3598 9152
internal_count=586317 99178 87510 11668 487139 153139 151029 9352 141677 123589 334000 32153 19847 5678 14169 3064 2372 11105 6901 5285 12306 1756 2702 301847 110994 5393 49773 12750 3598 9152
is_linear=0
shrinkage=0.05


Tree=184
num_leaves=31
num_cat=0
split_feature=11 9 10 10 1 11 10 12 9 13 1 10 1 9 10 1 10 1 11 9 11 3 3 11 12 10 2 12 10 10
split_gain=61.0411 158.115 154.513 120.654 120.914 77.2997 240.494 257.027 296.223 394.338 206.99 199.585 211.848 287.222 179.617 178.663 168.942 203.82 151.662 690.688 448.036 467.677 451.171 355.896 311.591 264.743 236.922 420.339 246.158 553.032
threshold=0.9969642460346223 32.258962631225593 1.0000000180025095e-35 0.064507851377129569 32.120763778686531 0.97308227419853222 -0.14153897762298581 17.750000000000004 29.467936515808109 80.250000000000014 30.458729743957523 0.13301347196102145 29.373962402343754 28.447427749633793 0.081675637513399138 29.291071891784672 0.15005400776863101 27.01949501037598 0.90515965223312389 31.34796237945557 0.91925191879272472 31.483697891235355 29.048268318176273 0.88201534748077404 14.750000000000002 0.31718835234642034 0.12833144515752795 18.250000000000004 -0.3415676057338714 -0.24284747242927548
decision_type=2 2 2 2 2 2 2 2 2 2 2 2 2 2 2 2 2 2 2 2 2 2 2 2 2 2 2 2 2 2
left_child=5 -2 -3 4 -4 18 10 -8 9 11 -7 12 13 -9 -15 -11 -10 -18 23 26 21 22 -21 -1 -24 -22 28 -28 -20 -30
right_child=1 2 3 -5 -6 6 7 8 16 15 -12 -13 -14 14 -16 -17 17 -19 19 20 25 -23 24 -25 -26 -27 27 -29 29 -31
leaf_value=-9.0381443963458906e-06 -0.0019939683514413162 0.023906434444667959 -0.068576473454081951 0.014254453154004152 -0.02060316552359457 0.0068880994678245759 0.0045165915119094614 -0.063360268326084088 0.016253788476292649 -0.0081707668054093307 0.030992937408862456 -0.013555337211524547 -0.062087800794647319 -0.018529495416950544 0.058424030521418903 0.020624998328311259 -0.094131232568850892 -0.0031656281431265269 0.0069652670518271804 -0.0027145699970375263 -0.020202009179213207 -0.016182693215128021 -0.023666994329797079 0.0096871777106378194 -0.13987192496145145 0.0088055327386427958 0.023384285100307722 -0.025894208158800943 -0.015501309880981815 0.00096616032390332829
leaf_weight=495264 13111 131 272 101 254 7020 12064 228 1731 2930 1020 1059 671 206 120 660 65 1170 6476 119 3228 472 73 9648 275 1040 2195 539 7307 16868
leaf_count=495264 13111 131 272 101 254 7020 12064 228 1731 2930 1020 1059 671 206 120 660 65 1170 6476 119 3228 472 73 9648 275 1040 2195 539 7307 16868
internal_value=4.58935e-12 -0.00327763 -0.025481 -0.0357995 -0.0454107 7.94089e-05 0.00259716 -0.000229384 -0.00670624 -0.0132101 0.00994618 -0.029452 -0.0431945 -0.0203111 0.00979696 -0.00287684 0.00617431 -0.00795329 -5.46725e-05 -0.00307578 -0.0200131 -0.0512819 -0.086757 0.00017624 -0.115496 -0.0131336 -0.000434096 0.0136692 -0.00169208 -0.0040112
internal_weight=586317 13869 758 627 526 572448 28944 20904 8840 5874 8040 2284 1225 554 326 3590 2966 1235 543504 38592 5207 939 467 504912 348 4268 33385 2734 30651 24175
internal_count=586317 13869 758 627 526 572448 28944 20904 8840 5874 8040 2284 1225 554 326 3590 2966 1235 543504 38592 5207 939 467 504912 348 4268 33385 2734 30651 24175
is_linear=0
shrinkage=0.05


Tree=185
num_leaves=31
num_cat=0
split_feature=2 11 10 10 10 10 9 5 12 10 3 10 10 5 12 9 3 10 10 5 13 1 7 10 13 3 3 11 10 10
split_gain=60.595 360.913 811.475 223.305 245.452 251.108 259.223 199.591 186.978 247.872 317.488 182.557 240.428 226.039 180.668 190.27 250.208 365.493 245.017 235.156 160.543 156.345 247.737 158.273 149.416 204.592 314.106 145.907 485.144 561.72
threshold=12.996385574340822 -0.67758968472480763 -0.444374069571495 -0.48250326514244074 -0.62540480494499195 -0.56314551830291737 29.50916957855225 32.314928054809577 15.750000000000002 -0.67760851979255665 30.899665832519535 0.63209757208824169 0.68391311168670665 34.611244201660163 14.750000000000002 27.018005371093754 27.308145523071293 -0.15005400776863095 -0.3334656953811645 28.315699577331547 78.750000000000014 31.644694328308109 30.372696876525882 -0.70252096652984608 78.250000000000014 26.684843063354496 31.762982368469242 -0.61186373233795155 -0.71466678380966175 -0.61188074946403492
decision_type=2 2 2 2 2 2 2 2 2 2 2 2 2 2 2 2 2 2 2 2 2 2 2 2 2 2 2 2 2 2
left_child=27 2 3 4 8 6 -6 -5 -2 21 -11 14 13 20 -4 18 17 -17 19 -16 -13 22 -10 -23 -7 -26 -27 28 -1 -30
right_child=1 -3 11 7 5 24 -8 -9 9 10 -12 12 -14 -15 15 16 -18 -19 -20 -21 -22 23 -24 -25 25 26 -28 -29 29 -31
leaf_value=0.012520587542691071 -0.00018135343426513639 0.0026472520024045155 -0.015880393138016372 -0.073712091258921697 0.050924536397128753 -0.044729679301622728 -0.0067815267803265026 0.027874580459371957 -0.039602196973703749 -0.091641570418546203 -0.010663165404552843 0.048633058791239865 -0.020749583624404832 -0.0014769064809350186 -0.116327191854934 0.035141849172924886 -0.00085706614050472219 -0.056834286368513093 0.00018331239851870277 -0.0013610362261533737 0.13201679143963793 -0.013385252553371736 0.01253111608930817 -0.10399437382711614 -0.08662002191499428 0.026395903498772091 -0.037226949362032816 -0.00036306277174944439 -0.010073888440891614 0.001663728227723205
leaf_weight=9314 344 21220 2031 354 270 530 697 56 567 403 173 195 195 159 122 942 10434 122 258 70 82 81 381 119 81 418 362 396344 11068 128925
leaf_count=9314 344 21220 2031 354 270 530 697 56 567 403 173 195 195 159 122 942 10434 122 258 70 82 81 381 119 81 418 362 396344 11068 128925
internal_value=2.08711e-12 -0.00186193 -0.00678248 -0.0245356 -0.0212655 -0.0102386 0.00933082 -0.0598368 -0.0338386 -0.0405545 -0.0673199 -0.000906087 0.0254007 0.0460413 -0.00209355 0.000250026 0.00149828 0.0245957 -0.0316442 -0.0744124 0.0733171 -0.0271251 -0.0186499 -0.0672977 -0.023843 -0.0109859 -0.00313163 0.000138765 0.0014709 0.000735739
internal_weight=586317 40666 19446 4836 4426 2358 967 410 2068 1724 576 14610 631 436 13979 11948 11498 1064 450 192 277 1148 948 200 1391 861 780 545651 149307 139993
internal_count=586317 40666 19446 4836 4426 2358 967 410 2068 1724 576 14610 631 436 13979 11948 11498 1064 450 192 277 1148 948 200 1391 861 780 545651 149307 139993
is_linear=0
shrinkage=0.05


Tree=186
num_leaves=31
num_cat=0
split_feature=11 11 3 7 2 5 9 11 3 7 11 5 3 9 10 9 1 1 5 9 5 9 12 10 3 10 11 10 1 13
split_gain=60.7188 347.698 475.753 511.702 315.879 271.567 423.47 327.816 744.912 265.888 246.922 354.8 437.773 422.895 317.936 296.626 353.698 305.945 273.249 442.185 244.42 243.611 308.869 288.027 276.106 579.031 509.51 380.622 282.082 361.977
threshold=-0.95234230160713185 -0.96227341890335072 34.813419342041023 35.979618072509773 0.11267887800931932 29.911494255065922 29.780797958374027 -0.95744973421096791 31.387905120849613 31.681015968322757 -0.9412824511528014 32.735582351684577 32.020891189575202 29.780797958374027 -0.31718835234642023 35.440727233886726 35.528953552246101 38.476392745971687 28.632008552551273 29.964596748352054 35.831071853637702 33.935148239135749 17.750000000000004 1.0000000180025095e-35 32.658649444580085 -0.1330134719610214 -0.98518359661102284 0.047320950776338584 37.174047470092781 79.750000000000014
decision_type=2 2 2 2 2 2 2 2 2 2 2 2 2 2 2 2 2 2 2 2 2 2 2 2 2 2 2 2 2 2
left_child=1 21 3 5 -4 9 7 8 -7 -3 11 12 18 14 -14 16 -13 -17 19 -2 -6 23 -23 -1 25 -24 27 -26 29 -29
right_child=10 2 4 -5 20 6 -8 -9 -10 -11 -12 15 13 -15 -16 17 -18 -19 -20 -21 -22 22 24 -25 26 -27 -28 28 -30 -31
leaf_value=-0.0012949082481121337 0.0058303081471335573 0.0025655486289075436 0.020353120987430168 -0.11258301072816056 0.023134778752542228 -0.038207030752948512 -0.019489162947477594 -0.016716725003207103 -0.20656449878189781 -0.10315086547766002 4.8433052307493781e-05 0.024246177609814491 -0.0073345954907352053 -0.012952577813889633 -0.14476627702362665 -0.0045179944430626083 0.081760974800184821 0.04013593073748753 0.020009503891169435 -0.078290710688701692 -0.043432111751896402 0.00052344467261783119 -0.07841100564133377 0.008341062662568911 -0.0098996798252705877 0.010934004442540739 -0.0036574713411343172 -0.026556178676232663 -0.16066398527811876 -0.076009348712074237
leaf_weight=19996 610 1462 1427 150 203 161 2266 160 111 62 521997 1142 62 479 131 1375 349 532 1542 210 430 11288 200 12668 980 1944 2758 968 55 599
leaf_count=19996 610 1462 1427 150 203 161 2266 160 111 62 521997 1142 62 479 131 1375 349 532 1542 210 430 11288 200 12668 980 1944 2758 968 55 599
internal_value=1.30884e-12 -0.00153732 -0.0124976 -0.0218319 0.00731284 -0.0186077 -0.0281383 -0.0735062 -0.106912 -0.00173525 0.000168409 0.00990523 -0.00252252 -0.0381301 -0.100617 0.0210017 0.0377087 0.00793921 0.007608 -0.0157129 -0.0220844 -0.000167284 -0.00470303 0.00244219 -0.012565 0.00259958 -0.0186309 -0.034502 -0.0493665 -0.0454601
internal_weight=586317 57888 6432 4372 2060 4222 2698 432 272 1524 528429 6432 3034 672 193 3398 1491 1907 2362 820 633 51456 18792 32664 7504 2144 5360 2602 1622 1567
internal_count=586317 57888 6432 4372 2060 4222 2698 432 272 1524 528429 6432 3034 672 193 3398 1491 1907 2362 820 633 51456 18792 32664 7504 2144 5360 2602 1622 1567
is_linear=0
shrinkage=0.05


Tree=187
num_leaves=31
num_cat=0
split_feature=12 13 11 9 1 9 10 12 13 1 11 13 10 13 12 1 10 11 1 3 0 11 1 1 11 10 0 11 10 1
split_gain=61.9205 220.939 185.546 210.657 169.032 149.685 176.7 180.927 261.403 155.25 162.069 254.385 229.75 225.577 228.513 143.536 180.804 141.17 221.282 134.207 126.856 122.344 120.832 118.78 114.281 257.508 136.354 120.55 292.349 112.798
threshold=14.250000000000002 79.250000000000014 -0.14153505116701123 34.37572097778321 31.144719123840336 29.627904891967777 0.85206964612007152 12.750000000000002 77.250000000000014 29.733201026916507 0.53435277938842785 76.250000000000014 -0.15855792164802548 76.750000000000014 12.750000000000002 33.260351181030281 0.44437406957149511 -0.15855351090431211 34.201402664184577 38.948221206665046 0.23258588463068011 0.20088311284780505 29.916902542114261 38.826128005981452 0.8189845383167268 -0.49750867486000055 16.431917190551761 0.90515965223312389 -0.35769492387771601 28.376592636108402
decision_type=2 2 2 2 2 2 2 2 2 2 2 2 2 2 2 2 2 2 2 2 2 2 2 2 2 2 2 2 2 2
left_child=1 5 3 4 -3 9 7 8 -7 10 13 -12 -13 14 -1 16 24 18 -10 22 -17 -8 -4 -5 26 -26 29 -27 -29 -9
right_child=-2 2 19 23 -6 6 21 15 17 -11 11 12 -14 -15 -16 20 -18 -19 -20 -21 -22 -23 -24 -25 25 27 -28 28 -30 -31
leaf_value=-0.0064035556062346597 0.00026805678192163841 0.077437069778522813 0.009067210999956693 0.0071032654205100687 0.018001025835963257 -0.01360295365511067 -0.0019560981423421423 -0.020457778435154915 0.012617012133788717 -0.0062498960528105437 0.013995288974968219 -0.0099040272286703753 0.0033176638929569625 0.015529662446023869 0.0089807753936686895 -0.0094398645996449301 0.0026781198602156141 -0.0037849997196464503 -0.0039128675855439549 -0.077904795961720619 -0.023916431089025421 0.0069722413829611174 -0.0028698067206995364 -0.0090507198365868818 -0.065706698658688389 0.020632780657377933 -0.022680772139133415 -0.13022460451180284 -0.01325736369580374 -0.0032967858143749841
leaf_weight=4523 460886 126 2693 6767 2363 3407 12312 1043 5067 6766 2299 7379 5923 4332 5176 5788 5319 6516 3372 56 2049 5574 9963 1368 253 245 1150 55 1861 11686
leaf_count=4523 460886 126 2693 6767 2363 3407 12312 1043 5067 6766 2299 7379 5923 4332 5176 5788 5319 6516 3372 56 2049 5574 9963 1368 253 245 1150 55 1861 11686
internal_value=-3.55773e-12 -0.000984953 0.00340433 0.00828124 0.0210098 -0.00198822 -0.00341324 -0.00499926 -0.00110403 0.0005839 0.00214429 -0.00136248 -0.00401679 0.00604345 0.0018065 -0.00742801 -0.00532596 0.00174344 0.00601211 -0.000671535 -0.0132248 0.000826333 -0.000329795 0.00438677 -0.00793897 -0.0179797 -0.00619256 -0.0123921 -0.016615 -0.00470294
internal_weight=586317 125431 23336 10624 2489 102095 65697 47811 18362 36398 29632 15601 13302 14031 9699 29449 21612 14955 8439 12712 7837 17886 12656 8135 16293 2414 13879 2161 1916 12729
internal_count=586317 125431 23336 10624 2489 102095 65697 47811 18362 36398 29632 15601 13302 14031 9699 29449 21612 14955 8439 12712 7837 17886 12656 8135 16293 2414 13879 2161 1916 12729
is_linear=0
shrinkage=0.05


Tree=188
num_leaves=31
num_cat=0
split_feature=3 10 10 12 5 10 9 11 9 10 10 11 10 11 10 10 10 2 9 7 12 10 13 7 5 11 1 3 7 1
split_gain=59.3215 169.259 272.135 160.875 195.01 318.812 154.751 184.555 159.242 233.734 231.684 194.699 700.626 573.109 950.459 264.795 347.561 245.825 204.802 226.809 178.507 166.95 194.107 184.95 163.117 155.343 149.566 149.315 145.025 144.055
threshold=29.048268318176273 0.63209757208824169 0.56314551830291759 16.750000000000004 29.003168106079105 0.59125596284866344 25.9338493347168 0.99962961673736583 29.817021369934086 0.51973900198936474 0.44437406957149511 -0.90878397226333607 -0.3334656953811645 -0.74979865550994862 -0.63874351978301991 -0.28435654938220972 -0.15005400776863095 3.9841341972351079 32.594768524169929 30.306732177734379 19.250000000000004 -0.62540480494499195 78.250000000000014 29.697713851928714 29.003168106079105 -0.99626126885414112 30.199495315551761 27.436041831970218 28.167576789855961 28.860654830932621
decision_type=2 2 2 2 2 2 2 2 2 2 2 2 2 2 2 2 2 2 2 2 2 2 2 2 2 2 2 2 2 2
left_child=1 2 6 -4 5 -5 7 -1 10 11 -8 12 -10 14 26 24 17 -17 21 -20 -19 23 -23 -16 -14 -18 -13 -22 -24 -15
right_child=-2 -3 3 4 -6 -7 8 -9 9 -11 -12 13 15 29 18 16 25 20 19 -21 27 22 28 -25 -26 -27 -28 -29 -30 -31
leaf_value=-0.0055345535415860792 -0.00019786338349864191 0.018191055026026016 0.0072651922280274964 -0.17712119226202822 -0.0081704590600566018 -0.042700424813140271 0.0027806079489456157 -0.064333166925739635 0.04914104177206377 -0.077325513261352105 0.023870285120084451 -0.10846300442045664 -0.067771876511042536 -0.0048435720079032648 -0.10241179972566583 -0.011518321136253423 0.011624444609705414 0.059170528465551708 -0.12502212739443477 -0.030787010545151552 0.069969042878303883 -0.022445175552222595 -0.063582002561328552 0.012603441541536345 -0.0053465373831083221 -0.022938477241775744 -0.20886741184547325 -0.026646945329987681 0.0226398133908653 0.0048568190961108815
leaf_weight=5156 507731 1452 143 66 128 133 48746 137 839 102 1338 136 230 8241 93 294 481 490 79 333 57 666 53 56 192 1003 51 134 611 7146
leaf_count=5156 507731 1452 143 66 128 133 48746 137 839 102 1338 136 230 8241 93 294 481 490 79 333 57 666 53 56 192 1003 51 134 611 7146
internal_value=6.14583e-13 0.00127836 0.000959991 -0.0369703 -0.0563149 -0.0872822 0.00119253 -0.00705645 0.00180429 -0.00181839 0.00334402 -0.00145485 0.0089312 -0.00366705 -0.0283137 -0.00277865 0.00350093 0.026692 -0.0176799 -0.0488564 0.0431881 -0.00899521 -0.00337249 -0.0591846 -0.0393698 -0.0117358 -0.135846 0.0021861 0.0157577 -0.000338536
internal_weight=586317 78586 77134 470 327 199 76664 5293 71371 21287 50084 21185 3720 17465 2078 2881 2459 975 1891 412 681 1479 1330 149 422 1484 187 191 664 15387
internal_count=586317 78586 77134 470 327 199 76664 5293 71371 21287 50084 21185 3720 17465 2078 2881 2459 975 1891 412 681 1479 1330 149 422 1484 187 191 664 15387
is_linear=0
shrinkage=0.05


Tree=189
num_leaves=31
num_cat=0
split_feature=12 13 12 11 1 7 11 13 10 11 11 1 2 1 1 1 0 13 11 11 5 5 9 11 9 10 1 10 10 5
split_gain=59.2251 173.205 172.19 198.595 166.556 126.56 121.959 227.034 163.548 133.15 111.577 103.709 99.973 97.7769 95.096 90.2148 88.5057 87.7692 120.333 434.981 492.354 239.485 237.085 210.936 340.947 774.542 316.565 365.914 325.666 312.457
threshold=13.750000000000002 78.250000000000014 12.750000000000002 -0.82389250397682179 37.832117080688484 29.619219779968265 0.76663044095039379 76.250000000000014 -0.27609442174434656 -0.99937036633491505 -0.15855351090431211 25.505497932434086 15.601145744323732 28.575431823730472 31.863302230834964 29.619779586791996 1.0000000180025095e-35 80.250000000000014 -0.48248986899852747 -0.45205545425415034 31.637938499450687 33.833974838256843 31.939566612243656 -0.9469526708126067 35.004232406616218 0.23448921740055087 33.17035102844239 0.26781183481216436 0.16705007851123813 28.315699577331547
decision_type=2 2 2 2 2 2 2 2 2 2 2 2 2 2 2 2 2 2 2 2 2 2 2 2 2 2 2 2 2 2
left_child=1 5 3 -3 10 6 9 -8 16 -1 14 -11 -7 -12 -5 -13 -9 -2 23 20 22 -22 -20 24 25 -19 27 28 -26 -25
right_child=17 2 -4 4 -6 12 7 8 -10 11 13 15 -14 -15 -16 -17 -18 18 19 -21 21 -23 -24 29 26 -27 -28 -29 -30 -31
leaf_value=-0.027691620991189672 0.00066548442005251592 0.016059556893843321 -0.0014280067502319307 0.038007364193145245 -0.016564906391166999 -0.0043621077676036573 0.010909658573548191 -0.024073830255171944 -0.0033321713395351813 -0.011034587014948007 0.018341225634920497 0.0059624654414267382 -0.017190903321275527 -0.00026792929414317832 0.0090785701913619603 -0.0039649449422443535 -0.0042030218376556717 -0.0031735344950615113 -0.12170467685676566 -0.00139386186478134 0.019430461604451683 -0.027866578601148103 -0.035793587471903733 -0.016285506213630587 0.00038354528878050244 0.047096953972005813 -0.027947024998662057 -0.076055171217583123 0.072432496348557501 0.0045235620966819282
leaf_weight=362 341289 3360 23336 311 1056 29860 1911 1922 5621 1223 768 12235 1600 8725 3282 2815 791 10929 177 94650 382 894 147 1910 785 824 2341 125 196 32490
leaf_count=362 341289 3360 23336 311 1056 29860 1911 1922 5621 1223 768 12235 1600 8725 3282 2815 791 10929 177 94650 382 894 147 1910 785 824 2341 125 196 32490
internal_value=-5.16715e-13 -0.00111372 0.00138371 0.00513268 0.00253656 -0.00286192 -0.000342503 -0.00463409 -0.0081983 0.00230056 0.00407799 0.00296775 -0.00501456 0.00123758 0.0115826 0.00410561 -0.0182803 0.000226745 -0.000799905 -0.00183089 -0.0276835 -0.0137071 -0.0827265 0.00120074 -0.00370452 0.000350917 -0.0175321 0.00451262 0.0147786 0.00336817
internal_weight=586317 99178 40838 17502 14142 58340 26880 10245 8334 16635 13086 16273 31460 9493 3593 15050 2713 487139 145850 96250 1600 1276 324 49600 15200 11753 3447 1106 981 34400
internal_count=586317 99178 40838 17502 14142 58340 26880 10245 8334 16635 13086 16273 31460 9493 3593 15050 2713 487139 145850 96250 1600 1276 324 49600 15200 11753 3447 1106 981 34400
is_linear=0
shrinkage=0.05


Tree=190
num_leaves=31
num_cat=0
split_feature=10 11 11 5 5 10 3 12 2 3 13 12 10 1 5 11 12 5 1 9 5 1 9 13 10 2 12 10 1 9
split_gain=59.291 192.372 251.461 161.355 195.902 159.201 148.182 217.001 123.309 119.261 116.595 156.84 195.23 207.071 312.194 141.969 134.44 114.45 194.939 169.266 165.102 142.863 117.418 111.882 110.76 239.072 246.716 196.382 207.996 564.081
threshold=0.97109106183052074 -0.10737737268209456 -0.038720846176147454 42.096481323242195 39.463287353515632 0.97505551576614391 39.589756011962898 14.750000000000002 1.0000000180025095e-35 38.703609466552741 79.750000000000014 17.750000000000004 0.9769294559955598 36.231637954711921 34.938047409057624 -0.021515300963073965 18.750000000000004 37.170219421386726 38.043006896972663 38.476831436157234 39.856796264648445 36.816589355468757 37.162004470825202 82.250000000000014 0.94417876005172741 0.12086454406380655 16.250000000000004 0.91927745938301098 38.259286880493171 38.698839187622077
decision_type=2 2 2 2 2 2 2 2 2 2 2 2 2 2 2 2 2 2 2 2 2 2 2 2 2 2 2 2 2 2
left_child=24 3 17 4 8 -5 10 -8 -2 -6 11 -4 13 14 -13 -14 -12 18 22 21 -21 -19 -3 -18 27 26 -26 -1 29 -29
right_child=1 2 6 5 9 -7 7 -9 -10 -11 16 12 15 -15 -16 -17 23 19 -20 20 -22 -23 -24 -25 25 -27 -28 28 -30 -31
leaf_value=-0.00016723159608119926 0.0017444939664355624 -0.009655189503953868 0.0032525932832459868 0.0045134026060660122 -0.048955371307711756 -0.088136576674878606 -0.084800005815086066 -0.005702873612245917 0.016887329488986212 0.020606028791816042 -0.0073157172438975239 -0.00038594238013805202 -0.032243562883897021 0.0090895016560023842 -0.16955398683249953 0.022006086674444186 0.015107551881147097 0.043493914695656194 -0.089124944208415005 -0.02313430539678784 0.0027603638250809984 0.0025490048836272596 -0.038006954613161691 -0.0025440117704586861 0.0017117113988997274 0.013106658193017913 -0.01104426333155656 0.0059699603929924839 0.016550864969675703 -0.037851254816212293
leaf_weight=510741 8200 2079 11026 98 63 88 89 3373 1608 2807 4397 60 126 188 50 2813 1686 266 91 1355 1128 1070 443 1920 6264 1824 9600 8592 3469 803
leaf_count=510741 8200 2079 11026 98 63 88 89 3373 1608 2807 4397 60 126 188 50 2813 1686 266 91 1355 1128 1070 443 1920 6264 1824 9600 8592 3469 803
internal_value=6.93029e-13 0.00174338 -0.000323661 0.00691098 0.00758926 -0.039321 0.00188698 -0.00773628 0.00422713 0.0190791 0.00338324 0.00609349 0.0157703 -0.022792 -0.0772805 0.0196803 -0.001447 -0.00916621 -0.0172295 -0.00364925 -0.0113706 0.0107012 -0.0146353 0.00570905 -0.000145012 -0.00403642 -0.00600749 -1.35555e-05 0.00608786 0.00222452
internal_weight=586317 45024 32160 12864 12678 186 25728 3462 9808 2870 22266 14263 3237 298 110 2939 8003 6432 2613 3819 2483 1336 2522 3606 541293 17688 15864 523605 12864 9395
internal_count=586317 45024 32160 12864 12678 186 25728 3462 9808 2870 22266 14263 3237 298 110 2939 8003 6432 2613 3819 2483 1336 2522 3606 541293 17688 15864 523605 12864 9395
is_linear=0
shrinkage=0.05


Tree=191
num_leaves=31
num_cat=0
split_feature=13 12 11 12 12 13 11 3 10 1 11 12 5 1 9 10 10 10 10 9 11 10 10 2 10 11 9 0 10 10
split_gain=59.1885 242.994 234.868 183.72 183.982 173.809 166.019 405.498 380.397 358.768 328.905 243.345 221.859 220.556 354.671 356.668 670.88 552.539 1152.69 697.868 338.068 316.823 363.757 274.762 290.511 247.916 243.315 227.667 251.469 278.716
threshold=76.750000000000014 12.750000000000002 -0.09024826809763907 17.250000000000004 14.250000000000002 76.250000000000014 0.54882264137268078 35.676717758178718 -0.76109719276428212 30.458729743957523 0.69635042548179638 19.750000000000004 28.247999191284183 29.733201026916507 29.854121208190922 -0.39753912389278406 -0.3657191395759582 -0.67760851979255665 -0.62540480494499195 32.931301116943366 -0.14153505116701123 -0.95747631788253773 -0.8520696461200713 26.504524230957035 -0.73831951618194569 0.49001051485538488 31.163386344909672 8.1237616539001483 -0.1330134719610214 -0.09881922602653502
decision_type=2 2 2 2 2 2 2 2 2 2 2 2 2 2 2 2 2 2 2 2 2 2 2 2 2 2 2 2 2 2
left_child=1 5 3 4 -3 -1 13 8 9 -8 -10 12 -12 14 23 17 -17 20 -19 -20 21 -16 26 -2 -25 -15 -23 -18 -29 -30
right_child=6 2 -4 -5 -6 -7 7 -9 10 -11 11 -13 -14 25 15 16 27 18 19 -21 -22 22 -24 24 -26 -27 -28 28 29 -31
leaf_value=-0.0017887127374761201 0.014405927308971472 0.00041991699580998731 0.0022380535938346254 0.0011344033762695118 -0.0087215934536516489 -0.013993701025382322 -0.02732315417707595 -0.02290410469486974 0.0061095466704435362 -0.0048645512904981923 0.0050950878852304374 -0.0076956369702059881 -0.001277665217573202 0.00017124226970224507 0.027850032064914727 0.08611627549562656 -0.003461892841278172 -0.079677363032860951 0.0084954063098501998 -0.057314015623034731 -0.0097042221406003978 0.012763102683948894 0.015934940989288961 0.023753555378596719 -0.020024904278192972 0.0082963481039827567 -0.020219313281780327 0.030693492721155752 -0.040198519465232653 0.014286257097892966
leaf_weight=5834 10708 8256 46230 16512 16512 5834 2388 2110 18088 6964 15949 12595 95045 292147 1601 284 2572 684 1837 516 4151 795 2554 544 1249 9700 1885 1537 315 921
leaf_count=5834 10708 8256 46230 16512 16512 5834 2388 2110 18088 6964 15949 12595 95045 292147 1601 284 2572 684 1837 516 4151 795 2554 544 1249 9700 1885 1537 315 921
internal_value=-2.57937e-12 -0.00111337 -0.000209663 -0.00295089 -0.00567442 -0.00789121 0.000226675 -0.00113651 -0.000832394 -0.0105993 -0.000187689 -0.00110933 -0.000361949 0.000851693 0.00478845 0.000600119 0.0112318 -0.00366758 -0.0225444 -0.00593624 0.00155077 0.0083861 0.00243238 0.0113727 -0.00674243 0.000432346 -0.0104354 0.00725295 0.0171911 0.000400574
internal_weight=586317 99178 87510 41280 24768 11668 487139 153139 151029 9352 141677 123589 110994 334000 32153 19652 5629 14023 3037 2353 10986 6835 5234 12501 1793 301847 2680 5345 2773 1236
internal_count=586317 99178 87510 41280 24768 11668 487139 153139 151029 9352 141677 123589 110994 334000 32153 19652 5629 14023 3037 2353 10986 6835 5234 12501 1793 301847 2680 5345 2773 1236
is_linear=0
shrinkage=0.05


Tree=192
num_leaves=31
num_cat=0
split_feature=11 1 5 10 0 3 1 12 7 11 11 1 12 7 12 1 9 10 3 9 9 3 10 10 7 12 1 7 5 9
split_gain=56.7361 302.754 518.566 200.4 187.061 166.041 431.07 161.083 229.287 144.258 201.081 172.378 180.009 177.197 657.769 470.588 327.641 298.071 280.814 277.047 174.429 154.836 184.529 259.513 143.292 312.022 187.742 153.094 141.832 139.907
threshold=-0.99981480836868275 32.284915924072273 33.883625030517585 1.0000000180025095e-35 0.043786441907286651 34.689256668090827 34.616605758666999 15.250000000000002 33.40168762207032 -0.99626126885414112 -0.98798605799674977 26.678178787231449 15.250000000000002 34.202560424804695 16.750000000000004 33.441390991210945 32.891977310180671 -0.11593352630734442 35.231376647949226 38.041267395019538 39.313549041748054 36.647703170776374 0.081675637513399138 0.11593352630734445 30.102701187133793 15.750000000000002 32.92625808715821 37.246870040893562 31.762591361999515 38.263473510742195
decision_type=2 2 2 2 2 2 2 2 2 2 2 2 2 2 2 2 2 2 2 2 2 2 2 2 2 2 2 2 2 2
left_child=1 2 7 4 -3 -5 -7 -1 -9 24 11 12 -11 -13 16 17 -15 -16 28 21 -17 22 -18 -24 25 -2 -27 -26 -19 -30
right_child=9 3 -4 5 -6 6 -8 8 -10 10 -12 13 -14 14 15 20 19 18 -20 -21 -22 -23 23 -25 27 26 -28 -29 29 -31
leaf_value=-0.023327536088285653 0.00025664869350250206 -0.011043285449080151 0.10706164638977499 -0.021194468948004294 -0.057005375820635064 0.078338409815758847 -0.027036673743892816 0.027710101863770955 -0.039647413184919607 -0.013418111248947954 6.1046278098154068e-05 -0.0010774556356428217 -0.081408549676840469 -0.11905060449242594 -0.075849347163003483 -0.066253532446126515 -0.02354406234522622 0.061488114330464999 -0.0739884409836183 0.06241907817512235 0.016407922374597494 0.041346763454184213 0.041391599778692931 -0.015386675109522921 0.0020775360279494462 0.026577186061897212 0.079954294119596758 0.042965881481496063 -0.0097228607444547442 0.045596904923181261
leaf_weight=431 1166 396 128 564 502 179 212 647 157 274 557373 8431 151 50 159 850 607 107 120 227 69 232 402 403 10563 684 217 234 643 139
leaf_count=431 1166 396 128 564 502 179 212 647 157 274 557373 8431 151 50 159 850 607 107 120 227 69 232 402 403 10563 684 217 234 643 139
internal_value=-9.96485e-13 -0.00662289 0.0112645 -0.0197802 -0.036737 -0.00383548 0.0212041 0.00133573 0.014557 3.65275e-05 -8.15941e-05 -0.00626193 -0.0375747 -0.00519208 -0.0138474 -0.0332806 0.00726517 -0.0122203 -0.00219347 0.0106408 -0.0600472 0.00349136 -0.00272851 0.0129672 0.00527263 0.0173334 0.0394327 0.0029637 0.00749764 0.000110192
internal_weight=586317 3216 1363 1853 898 955 391 1235 804 583101 570237 12864 425 12439 4008 2087 1921 1168 1009 1871 919 1644 1412 805 12864 2067 901 10797 889 782
internal_count=586317 3216 1363 1853 898 955 391 1235 804 583101 570237 12864 425 12439 4008 2087 1921 1168 1009 1871 919 1644 1412 805 12864 2067 901 10797 889 782
is_linear=0
shrinkage=0.05


Tree=193
num_leaves=31
num_cat=0
split_feature=1 9 12 10 11 12 10 13 10 3 10 11 10 12 7 10 8 10 12 13 11 9 12 10 3 9 1 10 12 1
split_gain=56.4779 274.719 260.405 285.998 472.095 225.22 198.026 183.138 178.058 177.632 167.947 348.217 266.842 322.959 262.817 192.393 170.847 169.68 165.683 294.267 470.901 639.927 379.772 252.169 205.965 218.858 258.435 204.603 213.47 238.521
threshold=34.43524360656739 38.263473510742195 19.250000000000004 -0.7721494436264037 0.01290981797501445 13.250000000000002 -0.71466678380966175 82.250000000000014 -0.98521098494529713 33.308790206909187 0.44437406957149511 -0.97106409072875965 0.16705007851123813 18.750000000000004 36.719482421875007 0.68391311168670665 0.26920935511589056 0.42888796329498297 17.750000000000004 78.750000000000014 -0.25950218737125391 33.836826324462898 15.750000000000002 0.97505551576614391 28.245443344116214 33.092733383178718 32.024335861206062 -0.20931270718574521 14.250000000000002 31.458621978759769
decision_type=2 2 2 2 2 2 2 2 2 2 2 2 2 2 2 2 2 2 2 2 2 2 2 2 2 2 2 2 2 2
left_child=1 18 3 4 5 -2 9 -8 -6 -5 11 12 13 -3 -13 -12 -15 -16 19 27 21 22 -21 -20 -22 26 -26 -1 -29 -30
right_child=2 10 -4 6 8 -7 7 -9 -10 -11 15 14 -14 16 17 -17 -18 -19 23 20 24 -23 -24 -25 25 -27 -28 28 29 -31
leaf_value=-0.0017322814916015967 -0.0029631693977309032 0.048382465541362767 0.003224130237540672 -0.055891220037032056 0.025830367665590409 -0.03173695385809884 -0.00093718895092823333 -0.0093988284268237549 -0.0052108221255101157 0.040012808560328399 0.062564365335371505 0.04043370353091242 0.078831976927270037 -0.071032468531484483 -0.024252247507559093 0.007301497742394596 0.032413036157858781 -0.1066735935608546 -0.0010959906052691864 0.029435047671420817 0.01392680708183347 -0.0016781895685424328 0.011078039640004603 0.023263887546058543 0.0013572673965172642 0.0071593796080783659 -0.007188257394442359 -0.00074467062091007011 0.0092795868131393816 0.00067924680990814445
leaf_weight=89338 929 248 33331 54 750 2538 129025 6728 1203 456 384 140 218 128 373 267 58 75 171645 3967 3030 7623 9723 1069 32441 10156 12165 35981 15674 16600
leaf_count=89338 929 248 33331 54 750 2538 129025 6728 1203 456 384 140 218 128 373 267 58 75 171645 3967 3030 7623 9723 1069 32441 10156 12165 35981 15674 16600
internal_value=3.05176e-12 0.000320109 -0.000752294 -0.00168775 -0.0129515 -0.0240269 -0.00123972 -0.00135655 0.00670976 0.0298583 0.0193339 0.0085372 0.0336994 0.0110292 -0.0193638 0.0398989 -0.0387753 -0.0380505 0.000232288 0.00109149 0.00357983 0.00993233 0.0163974 -0.000945217 0.00123711 0.000534981 -0.000973278 -0.00015755 0.00190359 0.00485604
internal_weight=586317 411303 175014 141683 5420 3467 136263 135753 1953 510 1891 1240 652 434 588 651 186 448 409412 236698 79105 21313 13690 172714 57792 54762 44606 157593 68255 32274
internal_count=586317 411303 175014 141683 5420 3467 136263 135753 1953 510 1891 1240 652 434 588 651 186 448 409412 236698 79105 21313 13690 172714 57792 54762 44606 157593 68255 32274
is_linear=0
shrinkage=0.05


Tree=194
num_leaves=31
num_cat=0
split_feature=11 11 3 7 2 5 9 3 11 5 3 9 10 9 1 1 5 9 12 5 9 10 12 3 10 11 10 13 1 13
split_gain=58.4652 314.981 437.031 453.728 284.828 255.867 309.14 319.961 223.99 318.958 399.344 380.482 286.439 259.331 341.999 290.565 238.221 382.104 220.737 218.436 209.865 262.083 258.443 236.087 516.799 428.91 352.558 261.684 340.324 242.374
threshold=-0.95234230160713185 -0.96227341890335072 34.813419342041023 35.979618072509773 0.11267887800931932 28.632008552551273 29.705581665039066 32.020891189575202 -0.9412824511528014 32.735582351684577 32.020891189575202 29.780797958374027 -0.31718835234642023 35.669494628906257 35.528953552246101 38.476392745971687 28.632008552551273 29.964596748352054 18.250000000000004 36.815366744995124 33.935148239135749 1.0000000180025095e-35 17.750000000000004 32.550685882568366 -0.1330134719610214 -0.98518359661102284 0.047320950776338584 79.750000000000014 37.174047470092781 79.750000000000014
decision_type=2 2 2 2 2 2 2 2 2 2 2 2 2 2 2 2 2 2 2 2 2 2 2 2 2 2 2 2 2 2
left_child=1 20 3 5 -4 -3 7 -7 9 10 16 12 -12 14 -11 -15 17 -2 -9 -6 21 -1 -22 24 -24 26 -25 28 -28 -27
right_child=8 2 4 -5 19 6 -8 18 -10 13 11 -13 -14 15 -16 -17 -18 -19 -20 -21 22 -23 23 25 -26 29 27 -29 -30 -31
leaf_value=-0.0013473504716556136 0.0055826343971701322 0.0074313343194850395 0.019429493109341882 -0.10634247043604653 0.006746333472186789 -0.03774484882549714 -0.016420117517086007 -0.065638504186919064 5.0985018278127967e-05 0.022009935435186846 -0.0070824277696139625 -0.012471571399851913 -0.13752926251467121 -0.005951473808098658 0.077086703607156026 0.038068373340994069 0.018910650678069817 -0.072614916386526257 -0.19904320752411558 -0.052109017859993861 0.00036641265527040498 0.007844401007197346 -0.075337569618717098 -0.0078617875062015393 0.011069483278540689 0.010849800314063433 -0.023527435713612418 -0.070882422573938966 -0.15237409229631779 -0.018728188506330564
leaf_weight=19996 610 809 1427 150 336 543 2745 68 521997 1226 62 479 131 1275 366 531 1542 210 57 297 11288 12668 191 1010 1841 1456 1006 625 54 1321
leaf_count=19996 610 809 1427 150 336 543 2745 68 521997 1226 62 479 131 1275 366 531 1542 210 57 297 11288 12668 191 1010 1841 1456 1006 625 54 1321
internal_value=6.81449e-13 -0.00150852 -0.0119404 -0.0208868 0.00704674 -0.0178507 -0.0238434 -0.0543478 0.000165255 0.00943894 -0.00234437 -0.0363532 -0.0956241 0.01996 0.0346721 0.00699124 0.00733129 -0.0144436 -0.126471 -0.0208683 -0.000204536 0.00221746 -0.00441442 -0.0116061 0.00294756 -0.0170105 -0.0312203 -0.0452216 -0.0300913 -0.00322025
internal_weight=586317 57888 6432 4372 2060 4222 3413 668 528429 6432 3034 672 193 3398 1592 1806 2362 820 125 633 51456 32664 18792 7504 2032 5472 2695 1685 1060 2777
internal_count=586317 57888 6432 4372 2060 4222 3413 668 528429 6432 3034 672 193 3398 1592 1806 2362 820 125 633 51456 32664 18792 7504 2032 5472 2695 1685 1060 2777
is_linear=0
shrinkage=0.05


Tree=195
num_leaves=31
num_cat=0
split_feature=10 9 11 6 10 11 0 12 11 9 1 9 11 10 3 5 1 10 4 3 12 6 3 7 4 5 12 5 7 7
split_gain=57.844 140.516 207.344 159.365 124.152 581.474 366.168 247.23 325.343 486.783 545.397 424.252 249.598 235.372 215.997 206.757 257.123 273.557 254.822 246.163 209.173 201.624 200.638 180.756 247.858 178.361 175.123 257.71 178.333 174.548
threshold=-0.99628895521163929 32.891977310180671 0.01290981797501445 1.1299906969070437 -0.97109106183052052 -0.20930689573287961 0.38485352694988256 18.750000000000004 -0.15855351090431211 31.407091140747074 31.300760269165043 28.239863395690922 -0.12447465583682059 -0.98521098494529713 32.282590866088874 29.610651016235355 30.649191856384281 -0.99052327871322621 1.1035324335098269 29.648946762084964 15.250000000000002 5.7180902957916269 28.101640701293949 33.358106613159187 1.0000000180025095e-35 29.840383529663089 16.250000000000004 33.68573188781739 27.168518066406254 32.126644134521491
decision_type=2 2 2 2 2 2 2 2 2 2 2 2 2 2 2 2 2 2 2 2 2 2 2 2 2 2 2 2 2 2
left_child=1 2 -1 -4 5 6 26 8 9 10 11 22 15 23 -11 20 17 18 -17 -18 -10 -21 -7 24 -14 -9 28 -28 -2 -13
right_child=4 -3 3 -5 -6 7 -8 25 12 14 -12 29 13 -15 -16 16 19 -19 -20 21 -22 -23 -24 -25 -26 -27 27 -29 -30 -31
leaf_value=0.0056700589560009359 -0.10863072623809178 0.012162567740683168 0.0012721927368342231 -0.016627785910891077 8.7204699709255774e-05 0.02237555248995185 -0.008458219701012834 0.032038948119778511 -0.026065251019084829 0.046107069286211111 -0.048851605309985037 0.022477704058747102 -0.012625495361170367 -0.013095268446627385 0.0095902398193787597 -0.039231365834790713 0.055415872679414037 -0.02823124846835174 -0.13974308890022644 -0.0085927770388413184 0.030839005726929231 -0.056423802068421625 -0.057012695263139901 0.017427408993616347 0.0064449522389537694 0.0047089385061701711 -0.048825367976924043 -0.14794559459615914 -0.013364195997950018 0.10993257723137982
leaf_weight=7805 54 3296 2570 2409 541293 112 1811 660 325 911 558 882 3178 4704 729 111 107 346 146 667 321 329 275 1381 3673 6252 735 72 544 61
leaf_count=7805 54 3296 2570 2409 541293 112 1811 660 325 911 558 882 3178 4704 729 111 107 346 146 667 321 329 275 1381 3673 6252 735 72 544 61
internal_value=1.1227e-12 0.00295745 0.000584168 -0.00738839 -8.33966e-05 -0.00327388 -0.0233186 -0.000768283 -0.00373897 0.0099474 -0.0073625 0.0100442 -0.00689736 -0.00417319 0.0298749 -0.0218803 -0.0310026 -0.0572557 -0.0963314 -0.0166503 0.0022107 -0.0243924 -0.0340373 0.000925138 -0.00240133 0.00731857 -0.0424732 -0.0576688 -0.0219669 0.0281349
internal_weight=586317 16080 12784 4979 570237 28944 3216 25728 18816 3528 1888 1330 15288 12936 1640 2352 1706 603 257 1103 646 996 387 8232 6851 6912 1405 807 598 943
internal_count=586317 16080 12784 4979 570237 28944 3216 25728 18816 3528 1888 1330 15288 12936 1640 2352 1706 603 257 1103 646 996 387 8232 6851 6912 1405 807 598 943
is_linear=0
shrinkage=0.05


Tree=196
num_leaves=31
num_cat=0
split_feature=11 9 10 9 10 10 9 9 10 12 1 3 9 10 5 5 9 11 0 10 10 12 12 5 9 11 6 3 9 9
split_gain=57.8864 126.636 308.001 173.659 126.871 117.518 134.889 167.331 414.741 217.928 166.762 158.242 155.836 149.686 122.328 119.331 114.05 112.764 227.413 278.833 165.73 207.898 181.434 137.234 268.955 197.182 149.05 136.258 125.525 185.196
threshold=0.9937097728252412 27.16437911987305 0.012910176534205677 26.231262207031254 0.098819226026535048 0.081675637513399138 32.258962631225593 30.309617042541507 1.0000000180025095e-35 17.250000000000004 29.916902542114261 31.891805648803714 29.549729347229007 1.0000000180025095e-35 28.381810188293461 31.115818023681644 31.286525726318363 0.97690230607986461 0.14512829482555392 0.16705007851123813 -0.15855792164802548 15.250000000000002 16.750000000000004 28.176776885986332 29.627904891967777 0.98927757143974315 0.12858808040618899 30.992472648620609 29.249510765075687 30.8515739440918
decision_type=2 2 2 2 2 2 2 2 2 2 2 2 2 2 2 2 2 2 2 2 2 2 2 2 2 2 2 2 2 2
left_child=17 2 3 -2 -4 6 7 10 11 -10 -3 14 -12 -8 -9 -16 -11 -1 20 -20 21 -19 -22 26 -25 -26 -24 28 -23 -30
right_child=1 5 4 -5 -6 -7 13 8 9 16 12 -13 -14 -15 15 -17 -18 18 19 -21 22 27 23 24 25 -27 -28 -29 29 -31
leaf_value=-3.8496086278419385e-05 -0.095782254498339922 -0.0014817542696894256 0.0053926962960958516 -0.030460611210359523 -0.047108531528367449 0.0077092115407603277 0.023323281815111396 0.084025700497884492 0.0030226577751627129 -0.01818222809290956 -0.026077632146580283 -0.009595192534298469 -0.003453773831902044 -0.034026822800226737 0.01418137110418303 0.04044147357482536 -0.058779927265635738 -0.0030665142366878605 -0.0028151418571849846 -0.081670010294324372 0.0084166312296480982 0.02735557624123134 0.011068666779894636 -0.016417276366015175 -0.0065745492097347832 0.022255876449163207 -0.04541675271053288 0.064666634890745631 -0.0041917599500736332 0.03241310469097599
leaf_weight=546720 133 7588 1002 433 130 2958 139 84 997 488 1601 395 1451 627 1376 631 268 1444 333 169 6165 1581 2008 3284 1415 1021 124 160 1085 507
leaf_count=546720 133 7588 1002 433 130 2958 139 84 997 488 1601 395 1451 627 1376 631 268 1444 333 169 6165 1581 2008 3284 1415 1021 124 160 1085 507
internal_value=-6.82942e-13 -0.0026233 -0.0156944 -0.04581 -0.000636597 -0.00143022 -0.00315822 -0.00210481 0.00629579 -0.0123288 -0.00545162 0.0194289 -0.0153217 -0.02362 0.0249117 0.0224375 -0.032574 9.40885e-05 0.00385065 -0.0293619 0.00473778 0.0127807 0.00199677 -0.00304379 -0.00707938 0.00550914 0.0077834 0.0196463 0.0173762 0.00746569
internal_weight=586317 20301 1698 566 1132 18603 15645 14879 4239 1753 10640 2486 3052 766 2091 2007 756 566016 19296 502 18794 4777 14017 7852 5720 2436 2132 3333 3173 1592
internal_count=586317 20301 1698 566 1132 18603 15645 14879 4239 1753 10640 2486 3052 766 2091 2007 756 566016 19296 502 18794 4777 14017 7852 5720 2436 2132 3333 3173 1592
is_linear=0
shrinkage=0.05


Tree=197
num_leaves=31
num_cat=0
split_feature=13 11 1 11 13 12 11 9 10 2 11 10 11 10 3 12 5 9 3 11 11 10 10 10 9 5 10 12 13 5
split_gain=55.7929 180.76 215.233 151.43 148.026 101.256 149.283 148.846 104.986 97.5112 306.179 677.799 198.269 226.185 214.937 234.488 197.224 178.171 308.702 195.72 184.698 174.542 160.316 266.152 167.278 141.47 135.062 144.946 143.785 128.122
threshold=83.750000000000014 -0.79354220628738392 35.989843368530281 -0.09024826809763907 82.250000000000014 19.750000000000004 0.53435277938842785 29.381423950195316 -0.98801350593566883 16.518680572509769 -0.67758968472480763 -0.444374069571495 -0.98518359661102284 -0.030120026320219036 32.314867019653327 17.250000000000004 33.128011703491218 27.018005371093754 27.308145523071293 -0.98208922147750843 -0.9412824511528014 -0.48250326514244074 -0.62540480494499195 -0.54883790016174305 30.788461685180668 27.547017097473148 0.63209757208824169 14.250000000000002 79.250000000000014 29.803519248962406
decision_type=2 2 2 2 2 2 2 2 2 2 2 2 2 2 2 2 2 2 2 2 2 2 2 2 2 2 2 2 2 2
left_child=4 -2 3 -3 9 7 -7 8 -6 -1 11 21 13 14 29 -16 -15 -14 19 -19 -21 22 -11 24 25 -24 27 -20 -28 -13
right_child=1 2 -4 -5 5 6 -8 -9 -10 10 -12 12 17 16 15 -17 -18 18 26 20 -22 -23 23 -25 -26 -27 28 -29 -30 -31
leaf_value=0.00030749565256433945 0.012682900638698988 0.013307593766675219 -0.013157011781855705 -0.00017116934949459102 0.040157026580398845 0.0064092213384314067 -0.0075921556700702143 -0.0057682906526575709 0.0012861262255507294 -0.036870353240339798 0.0023439070909374062 -0.015068898395092584 -0.026041087780582381 0.016494162484852744 -0.029373844684392372 0.052201591158906629 -0.017485248014694664 0.11426214266036239 -0.020553264652449228 -0.00017506819999064594 0.050304003894633909 -0.064453648879619629 -0.0080742312514905257 -0.03351100458902672 -0.015648485592684384 0.055086532438379104 0.013853011771429991 0.0025873103513997194 0.088182381904192794 -0.04848610577313979
leaf_weight=497554 3648 2748 2485 8621 178 5952 2799 27619 7207 1373 14232 466 487 916 189 165 800 70 804 340 388 300 142 802 379 236 315 4274 82 746
leaf_count=497554 3648 2748 2485 8621 178 5952 2799 27619 7207 1373 14232 466 487 916 189 165 800 70 804 340 388 300 142 802 379 236 315 4274 82 746
internal_value=-2.3436e-12 0.00278058 0.000173123 0.00308678 -8.55562e-05 -0.00287967 0.00193089 -0.00408232 0.00222303 0.000147287 -0.00275072 -0.00821303 -0.00180322 -0.0118863 -0.0256265 0.0086486 0.000652945 0.00309212 0.00535386 0.034407 0.0267286 -0.0281287 -0.0244119 -0.0134398 0.00782444 0.0313595 0.00111927 -0.00107654 0.0292057 -0.0356376
internal_weight=586317 17502 13854 11369 568815 43755 8751 35004 7385 525060 27506 13274 10042 3282 1566 354 1716 6760 6273 798 728 3232 2932 1559 757 378 5475 5078 397 1212
internal_count=586317 17502 13854 11369 568815 43755 8751 35004 7385 525060 27506 13274 10042 3282 1566 354 1716 6760 6273 798 728 3232 2932 1559 757 378 5475 5078 397 1212
is_linear=0
shrinkage=0.05


Tree=198
num_leaves=31
num_cat=0
split_feature=3 9 11 12 10 10 10 5 10 1 10 10 8 10 1 8 10 10 8 9 1 12 10 9 10 1 10 9 10 1
split_gain=56.7565 176.858 174.904 207.057 195.863 214.176 339.577 297.3 475.596 368.104 671.759 1403.25 360.642 320.187 381.667 311.324 301.019 392.023 421.205 550.325 531.169 280.983 278.865 373.956 388.831 339.671 296.791 270.978 268.304 321.209
threshold=29.801715850830082 25.493625640869144 0.75546532869339 19.750000000000004 0.64534214138984691 -0.27609442174434656 -0.10738035291433333 30.991767883300785 -0.54883790016174305 30.491027832031254 -0.57023701071739186 -0.61188074946403492 2.3829653263092045 -0.48250326514244074 30.458729743957523 3.1383514404296879 -0.54883790016174305 -0.59817537665367115 0.095130976289510741 32.291826248168952 31.054188728332523 16.750000000000004 -0.40542197227478022 31.286525726318363 -0.49750867486000055 31.928989410400394 -0.46735489368438715 31.652330398559574 -0.35769492387771601 29.108410835266117
decision_type=2 2 2 2 2 2 2 2 2 2 2 2 2 2 2 2 2 2 2 2 2 2 2 2 2 2 2 2 2 2
left_child=-1 -2 3 -3 5 7 -7 8 12 10 11 -9 -4 14 -10 16 17 -11 19 -19 -21 -8 23 24 -18 -25 -26 -24 -15 -30
right_child=1 2 4 -5 -6 6 21 9 13 15 -12 -13 -14 28 -16 -17 22 18 -20 20 -22 -23 27 25 26 -27 -28 -29 29 -31
leaf_value=0.0009689879177936161 0.026078111869524259 -0.00024794841390963151 0.018322760164236642 0.0036151823677764237 -0.021748786943405263 0.011960365980230354 0.0023485916506836377 0.00759887406857283 -0.0028265207761943682 -0.0098095069119842927 -0.011936163022363798 -0.13885778249820291 -0.031049396334126927 0.0056240940388341083 -0.048419806160493933 -0.054072431389403278 -0.016299671116535304 0.051829995749654571 -0.044165439764924708 -0.10933319534267393 0.016413828953763174 -0.0056191543038808496 0.011753906325034608 0.0081404155244036956 -0.15134884504645707 -0.048503397433812635 -0.060551291941055324 -0.034688723688804685 -0.086553851690596761 -0.011185516166079787
leaf_weight=120151 637 354811 3542 38444 1304 5013 21409 297 889 2233 1406 364 413 3749 949 347 357 1025 210 111 345 22901 1180 790 126 398 315 428 152 2021
leaf_count=120151 637 354811 3542 38444 1304 5013 21409 297 889 2233 1406 364 413 3749 949 347 357 1025 210 111 345 22901 1180 790 126 398 315 428 152 2021
internal_value=5.61199e-12 -0.00024975 -0.000285775 0.000129705 -0.00254647 -0.00219365 -0.000373983 -0.00633979 -0.000944494 -0.0127037 -0.0314802 -0.073052 0.0131671 -0.00813667 -0.0263673 -0.007769 -0.00563182 0.00394321 0.022104 0.0315007 -0.0141956 -0.00176943 -0.016086 -0.0286183 -0.055091 -0.0108362 -0.0864934 -0.000607689 -0.00247845 -0.0164575
internal_weight=586317 466166 465529 393255 72274 70970 49323 21647 11715 9932 2067 661 3955 7760 1838 7865 7518 3924 1691 1481 456 44310 3594 1986 798 1188 441 1608 5922 2173
internal_count=586317 466166 465529 393255 72274 70970 49323 21647 11715 9932 2067 661 3955 7760 1838 7865 7518 3924 1691 1481 456 44310 3594 1986 798 1188 441 1608 5922 2173
is_linear=0
shrinkage=0.05


Tree=199
num_leaves=31
num_cat=0
split_feature=12 13 11 9 1 3 1 9 10 12 13 10 10 11 1 0 1 3 11 10 1 10 1 11 10 13 13 9 11 12
split_gain=55.9905 188.375 162.276 180.376 147.779 141.839 114.759 113.243 200.195 155.699 211.959 144.243 246.291 125.782 184.184 118.997 117.3 116.339 122.875 143.383 115.621 121.867 114.062 111.971 253.343 146.598 132.887 153.044 229.212 106.337
threshold=14.250000000000002 79.250000000000014 -0.14153505116701123 34.37572097778321 31.144719123840336 39.068428039550788 30.267227172851566 29.891755104064945 0.85206964612007152 12.750000000000002 77.250000000000014 -0.81403854489326466 -0.78297284245491017 -0.15855351090431211 34.43524360656739 0.37111581861972814 32.809226989746101 28.381040573120121 0.90515965223312389 -0.30901412665843958 29.733201026916507 0.44437406957149511 26.488616943359379 0.78827583789825451 -0.49750867486000055 76.250000000000014 76.750000000000014 26.480161666870121 0.6838940978050233 12.750000000000002
decision_type=2 2 2 2 2 2 2 2 2 2 2 2 2 2 2 2 2 2 2 2 2 2 2 2 2 2 2 2 2 2
left_child=1 5 3 4 -3 7 -4 11 9 10 -9 -1 22 14 -12 17 -17 -11 -19 -20 21 23 -13 26 -25 -26 29 28 -28 -14
right_child=-2 2 6 -5 -6 -7 -8 8 -10 15 13 12 20 -15 -16 16 -18 18 19 -21 -22 -23 -24 24 25 -27 27 -29 -30 -31
leaf_value=0.0058043894893658916 0.00025489802881423955 0.07221623937828496 0.0070730796824967279 0.0040734809842452053 0.01664215240959481 -0.024455794571878631 -0.0036006058781741894 -0.013463820317469122 0.0014694333475200527 -0.031306615401878207 0.011153842268080345 -0.081302917305228498 -0.0074663599449233398 -0.00414191607130343 -0.0043519453807343176 -0.0084724806684955047 -0.02190834197287304 -0.0034433819837344998 -0.076052131119649868 -0.014642829188960605 -0.0067706793454364008 0.017061607555179246 -0.020912878033682747 -0.022289366149165542 0.013750604696733382 -0.0025834872794897944 0.01129215580090432 0.015766806422581579 -0.061836484481697679 0.0057349784705035319
leaf_weight=9335 460886 126 3460 8135 2363 690 9252 2885 17487 414 5173 86 2770 5931 3041 5554 2296 17483 104 1105 5882 1133 861 1478 1599 9747 299 3180 167 3395
leaf_count=9335 460886 126 3460 8135 2363 690 9252 2885 17487 414 5173 86 2770 5931 3041 5554 2296 17483 104 1105 5882 1133 861 1478 1599 9747 299 3180 167 3395
internal_value=3.58374e-12 -0.000936602 0.00311632 0.00767719 0.0194555 -0.00186298 -0.000695402 -0.00170925 -0.00305593 -0.00485503 -0.00111241 0.000363879 -0.00129599 0.00140678 0.00541327 -0.00721951 -0.0124023 -0.00509009 -0.00450944 -0.0199253 -0.000494284 0.00105897 -0.0263971 0.000257956 -0.00281798 -0.000281512 0.00427852 0.0118453 -0.0149149 -0.000196523
internal_weight=586317 125431 23336 10624 2489 102095 12712 101405 61473 43986 17030 39932 30597 14145 8214 26956 7850 19106 18692 1209 29650 23768 947 22635 12824 11346 9811 3646 466 6165
internal_count=586317 125431 23336 10624 2489 102095 12712 101405 61473 43986 17030 39932 30597 14145 8214 26956 7850 19106 18692 1209 29650 23768 947 22635 12824 11346 9811 3646 466 6165
is_linear=0
shrinkage=0.05


end of trees

feature_importances:
Column_10=1551
Column_11=1002
Column_1=689
Column_12=626
Column_9=583
Column_13=467
Column_3=291
Column_5=282
Column_7=266
Column_0=74
Column_4=53
Column_8=48
Column_2=47
Column_6=21

parameters:
[boosting: gbdt]
[objective: regression]
[metric: l2]
[tree_learner: serial]
[device_type: cpu]
[data_sample_strategy: bagging]
[data: ]
[valid: ]
[num_iterations: 200]
[learning_rate: 0.05]
[num_leaves: 31]
[num_threads: 0]
[seed: 0]
[deterministic: 0]
[force_col_wise: 0]
[force_row_wise: 0]
[histogram_pool_size: -1]
[max_depth: -1]
[min_data_in_leaf: 50]
[min_sum_hessian_in_leaf: 0.001]
[bagging_fraction: 1]
[pos_bagging_fraction: 1]
[neg_bagging_fraction: 1]
[bagging_freq: 0]
[bagging_seed: 3]
[bagging_by_query: 0]
[feature_fraction: 1]
[feature_fraction_bynode: 1]
[feature_fraction_seed: 2]
[extra_trees: 0]
[extra_seed: 6]
[early_stopping_round: 0]
[early_stopping_min_delta: 0]
[first_metric_only: 0]
[max_delta_step: 0]
[lambda_l1: 0]
[lambda_l2: 0]
[linear_lambda: 0]
[min_gain_to_split: 0]
[drop_rate: 0.1]
[max_drop: 50]
[skip_drop: 0.5]
[xgboost_dart_mode: 0]
[uniform_drop: 0]
[drop_seed: 4]
[top_rate: 0.2]
[other_rate: 0.1]
[min_data_per_group: 100]
[max_cat_threshold: 32]
[cat_l2: 10]
[cat_smooth: 10]
[max_cat_to_onehot: 4]
[top_k: 20]
[monotone_constraints: ]
[monotone_constraints_method: basic]
[monotone_penalty: 0]
[feature_contri: ]
[forcedsplits_filename: ]
[refit_decay_rate: 0.9]
[cegb_tradeoff: 1]
[cegb_penalty_split: 0]
[cegb_penalty_feature_lazy: ]
[cegb_penalty_feature_coupled: ]
[path_smooth: 0]
[interaction_constraints: ]
[verbosity: -1]
[saved_feature_importance_type: 0]
[use_quantized_grad: 0]
[num_grad_quant_bins: 4]
[quant_train_renew_leaf: 0]
[stochastic_rounding: 1]
[linear_tree: 0]
[max_bin: 255]
[max_bin_by_feature: ]
[min_data_in_bin: 3]
[bin_construct_sample_cnt: 200000]
[data_random_seed: 1]
[is_enable_sparse: 1]
[enable_bundle: 1]
[use_missing: 1]
[zero_as_missing: 0]
[feature_pre_filter: 1]
[pre_partition: 0]
[two_round: 0]
[header: 0]
[label_column: ]
[weight_column: ]
[group_column: ]
[ignore_column: ]
[categorical_feature: ]
[forcedbins_filename: ]
[precise_float_parser: 0]
[parser_config_file: ]
[objective_seed: 5]
[num_class: 1]
[is_unbalance: 0]
[scale_pos_weight: 1]
[sigmoid: 1]
[boost_from_average: 1]
[reg_sqrt: 0]
[alpha: 0.9]
[fair_c: 1]
[poisson_max_delta_step: 0.7]
[tweedie_variance_power: 1.5]
[lambdarank_truncation_level: 30]
[lambdarank_norm: 1]
[label_gain: ]
[lambdarank_position_bias_regularization: 0]
[eval_at: ]
[multi_error_top_k: 1]
[auc_mu_weights: ]
[num_machines: 1]
[local_listen_port: 12400]
[time_out: 120]
[machine_list_filename: ]
[machines: ]
[gpu_platform_id: -1]
[gpu_device_id: -1]
[gpu_device_id_list: ]
[gpu_use_dp: 0]
[num_gpu: 1]

end of parameters

pandas_categorical:null
